tick,event,species,entity_id,x,y,detail
0,hunt_start,Sectid,4,96,6,35,8,target:Deer:39
0,hunt_start,Sectid,16,227,9,98,6,target:Monkey:325
0,hunt_start,Sectid,18,222,8,104,3,target:Lizard:248
0,hunt_start,Sectid,19,226,7,103,8,target:Lizard:247
0,hunt_start,Sectid,34,196,1,27,4,target:Arctic Fox:482
0,hunt_start,Wolf,430,283,5,59,6,target:Shroomer:381
0,hunt_start,Wolf,433,283,7,59,0,target:Shroomer:381
0,hunt_start,Wolf,434,107,7,261,4,target:Tapir:356
0,hunt_start,Wolf,436,31,5,24,5,target:Rabbit:111
0,hunt_start,Wolf,439,45,5,117,5,target:Lizard:231
0,hunt_start,Boar,455,253,5,21,5,target:Elk:225
0,hunt_start,Bear,463,42,5,16,5,target:Rabbit:113
0,hunt_start,Hawk,464,143,5,277,5,target:Frog:165
0,hunt_start,Hawk,465,184,5,188,5,target:Lizard:238
0,hunt_start,Scorpion,470,269,5,187,5,target:Lizard:234
0,hunt_start,Snake,473,157,5,271,5,target:Frog:164
0,hunt_start,Polar Bear,477,34,5,28,5,target:Rabbit:111
0,hunt_start,Polar Bear,478,98,5,179,5,target:Musk Ox:293
0,hunt_start,Arctic Fox,479,185,5,140,5,target:Rabbit:116
0,hunt_start,Jaguar,485,282,5,263,5,target:Monkey:322
0,hunt_start,Jaguar,486,59,5,130,5,target:Camel:266
0,reproduce,Deer,51,101,7,172,0,offspring:1
0,reproduce,Deer,52,100,8,174,5,offspring:1
0,reproduce,Deer,56,101,4,172,6,offspring:1
0,reproduce,Deer,65,16,5,93,5,offspring:1
0,reproduce,Rabbit,119,243,5,156,5,offspring:2
0,reproduce,Fish,132,145,6,151,2,offspring:2
0,reproduce,Fish,137,145,6,151,5,offspring:2
0,reproduce,Fish,140,99,9,128,0,offspring:2
0,reproduce,Fish,141,98,9,127,9,offspring:2
0,reproduce,Fish,143,103,0,127,8,offspring:2
0,reproduce,Fish,146,257,6,32,3,offspring:2
0,reproduce,Fish,148,258,2,34,0,offspring:2
0,reproduce,Fish,154,214,5,244,0,offspring:2
0,reproduce,Frog,157,204,0,126,2,offspring:2
0,reproduce,Turtle,178,198,5,67,5,offspring:1
0,reproduce,Turtle,181,36,5,3,5,offspring:1
0,reproduce,Elk,193,124,5,72,0,offspring:1
0,reproduce,Elk,203,197,7,215,3,offspring:1
0,reproduce,Elk,220,41,6,219,6,offspring:1
0,reproduce,Elk,221,39,5,219,9,offspring:1
0,reproduce,Elk,224,249,9,19,5,offspring:1
0,reproduce,Elk,227,252,2,23,7,offspring:1
0,reproduce,Lizard,240,211,0,96,1,offspring:2
0,reproduce,Lizard,241,175,5,230,5,offspring:2
0,reproduce,Lizard,244,10,1,275,0,offspring:2
0,reproduce,Lizard,247,229,5,102,5,offspring:2
0,reproduce,Lizard,248,229,6,104,8,offspring:2
0,reproduce,Camel,262,117,8,221,4,offspring:1
0,reproduce,Penguin,267,20,3,32,4,offspring:1
0,reproduce,Penguin,276,71,5,64,6,offspring:1
0,reproduce,Penguin,281,73,5,64,9,offspring:1
0,reproduce,Musk Ox,292,97,7,174,6,offspring:1
0,reproduce,Musk Ox,306,269,1,20,8,offspring:1
0,reproduce,Monkey,325,223,1,91,1,offspring:1
0,reproduce,Monkey,326,221,4,91,3,offspring:1
0,reproduce,Monkey,329,222,6,89,2,offspring:1
0,reproduce,Parrot,342,237,5,276,5,offspring:1
0,reproduce,Parrot,351,23,4,189,1,offspring:1
0,reproduce,Tapir,358,112,1,146,4,offspring:1
0,reproduce,Tapir,363,146,4,102,9,offspring:1
0,reproduce,Wolf,430,283,5,59,6,offspring:1
0,reproduce,Wolf,433,283,7,59,0,offspring:1
0,reproduce,Wolf,434,107,7,261,4,offspring:1
0,reproduce,Wolf,437,282,5,101,5,offspring:1
0,reproduce,Wolf,438,284,8,100,0,offspring:1
0,reproduce,Fox,445,274,5,226,5,offspring:1
0,reproduce,Boar,460,10,3,227,5,offspring:2
0,reproduce,Hawk,464,143,5,277,5,offspring:1
0,reproduce,Hawk,467,279,5,277,5,offspring:1
0,reproduce,Hawk,468,140,5,42,5,offspring:1
0,reproduce,Scorpion,469,282,5,109,5,offspring:1
0,reproduce,Snake,473,157,5,271,5,offspring:1
0,reproduce,Snake,475,286,5,105,5,offspring:1
1,hunt_start,Sectid,3,96,9,34,8,target:Deer:39
1,hunt_start,Sectid,9,174,9,193,1,target:Hawk:465
1,hunt_start,Sectid,27,42,7,183,7,target:Shroomer:416
1,hunt_start,Hawk,467,279,5,277,5,target:Monkey:323
1,hunt_start,Wolf,544,283,0,61,8,target:Shroomer:381
1,hunt_start,Wolf,545,285,2,61,0,target:Shroomer:381
1,hunt_start,Hawk,552,145,8,275,4,target:Frog:165
1,hunt_start,Hawk,553,280,0,278,1,target:Monkey:323
1,hunt_start,Snake,556,158,2,270,5,target:Frog:164
1,spore_created,Shroomer,-1,205,6,78,1,
1,spore_created,Shroomer,-1,212,4,77,3,
3,reproduce,Musk Ox,308,189,9,7,8,offspring:1
4,reproduce,Tapir,355,112,0,266,4,offspring:1
5,reproduce,Monkey,316,87,6,229,3,offspring:1
7,reproduce,Elk,201,200,7,214,2,offspring:1
13,reproduce,Rabbit,95,283,1,202,7,offspring:2
15,reproduce,Monkey,331,114,5,231,5,offspring:1
20,hunt_fail,Jaguar,486,59,3,129,3,discomfort
22,reproduce,Penguin,272,20,6,31,6,offspring:1
26,reproduce,Deer,67,16,6,92,8,offspring:1
29,hunt_fail,Sectid,6,97,3,43,2,discomfort
33,hunt_fail,Wolf,436,32,9,23,5,discomfort
34,hunt_fail,Bear,463,41,7,17,1,discomfort
34,hunt_start,Hawk,466,69,5,114,4,target:Lizard:230
36,hunt_start,Arctic Fox,482,207,3,22,0,target:Sectid:34
36,reproduce,Elk,204,200,6,216,0,offspring:1
39,reproduce,Turtle,182,168,6,149,3,offspring:1
41,hunt_fail,Boar,455,253,5,20,8,discomfort
44,reproduce,Deer,72,282,4,196,2,offspring:1
44,reproduce,Elk,199,126,6,73,5,offspring:1
46,hunt_fail,Sectid,31,48,1,188,5,discomfort
46,reproduce,Musk Ox,290,98,7,174,3,offspring:1
47,reproduce,Elk,208,99,4,282,8,offspring:1
47,reproduce,Parrot,346,236,6,276,5,offspring:1
48,reproduce,Rabbit,108,67,3,153,2,offspring:2
48,reproduce,Elk,210,98,7,282,9,offspring:1
50,hunt_fail,Sectid,28,48,6,188,9,discomfort
51,reproduce,Musk Ox,291,96,9,175,1,offspring:1
52,reproduce,Camel,260,113,7,220,4,offspring:1
53,hunt_fail,Sectid,27,48,3,188,6,discomfort
54,hunt_fail,Boar,457,252,5,21,7,discomfort
59,hunt_fail,Snake,473,153,6,271,1,discomfort
63,hunt_fail,Snake,556,153,4,270,4,target_died
63,hunt_start,Snake,556,153,4,270,4,target:Frog:165
67,reproduce,Tapir,369,48,9,98,3,offspring:1
68,hunt_start,Fox,444,108,4,51,3,target:Sectid:5
74,hunt_start,Sectid,36,200,0,22,2,target:Arctic Fox:482
77,hunt_fail,Sectid,29,49,0,188,8,discomfort
86,kill,Frog,165,153,6,270,1,killed_by:Snake:556
87,hunt_fail,Hawk,464,153,7,270,4,target_died
87,hunt_fail,Hawk,552,153,2,270,4,target_died
88,kill,Shroomer,381,287,1,54,7,killed_by:Wolf:433
89,hunt_fail,Wolf,430,286,5,54,5,target_died
89,hunt_start,Wolf,430,286,5,54,5,target:Shroomer:382
89,hunt_fail,Wolf,544,286,6,55,8,target_died
89,hunt_start,Wolf,544,286,6,55,8,target:Shroomer:379
89,hunt_fail,Wolf,545,287,3,55,3,target_died
89,hunt_start,Wolf,545,287,3,55,3,target:Shroomer:379
91,hunt_fail,Sectid,30,48,3,187,5,discomfort
92,reproduce,Parrot,341,118,1,101,4,offspring:1
95,reproduce,Rabbit,94,281,7,205,7,offspring:2
95,reproduce,Elk,212,98,0,283,4,offspring:1
96,reproduce,Deer,68,17,7,92,2,offspring:1
98,spore_created,Shroomer,-1,278,0,186,6,
98,spore_created,Shroomer,-1,273,0,185,1,
99,hunt_fail,Wolf,433,286,4,55,0,discomfort
101,hunt_fail,Sectid,16,221,4,87,8,discomfort
107,hunt_fail,Polar Bear,478,98,7,175,0,discomfort
110,environment_death,Fish,137,136,3,152,5,suffocation
112,hunt_fail,Sectid,18,220,6,90,0,discomfort
112,hunt_fail,Wolf,430,286,9,53,7,discomfort
113,hunt_start,Sectid,34,203,0,27,0,target:Arctic Fox:482
114,environment_death,Fish,146,259,7,32,0,suffocation
114,hunt_start,Sectid,37,201,0,25,3,target:Arctic Fox:482
115,reproduce,Rabbit,117,185,9,146,3,offspring:2
117,environment_death,Lizard,235,261,5,191,4,drowning
119,kill,Rabbit,116,184,1,143,3,killed_by:Arctic Fox:479
120,environment_death,Fish,134,147,5,152,2,suffocation
120,hunt_start,Sectid,4,104,3,46,0,target:Fox:444
120,reproduce,Penguin,285,70,1,64,3,offspring:1
121,hunt_start,Sectid,3,105,5,45,7,target:Fox:444
121,spore_matured,Shroomer,-1,205,2,78,1,
121,reproduce,Shroomer,-1,205,2,78,1,offspring:1
121,spore_matured,Shroomer,-1,212,4,77,3,
121,reproduce,Shroomer,-1,212,4,77,3,offspring:1
122,environment_death,Fish,132,138,8,153,1,suffocation
122,hunt_start,Sectid,4,104,7,46,3,target:Fox:444
125,reproduce,Frog,162,119,4,247,4,offspring:2
126,environment_death,Lizard,234,258,9,191,1,drowning
126,hunt_fail,Scorpion,470,266,2,190,3,target_died
129,hunt_fail,Sectid,6,97,2,49,2,discomfort
129,kill,Sectid,34,203,5,26,9,killed_by:Arctic Fox:482
130,environment_death,Fish,149,260,8,32,5,suffocation
130,hunt_fail,Sectid,15,221,7,89,6,discomfort
130,hunt_fail,Wolf,439,53,9,122,2,discomfort
130,hunt_start,Arctic Fox,482,203,1,27,1,target:Sectid:37
132,hunt_fail,Sectid,19,220,7,88,1,discomfort
133,environment_death,Fish,148,261,2,33,4,suffocation
133,reproduce,Boar,456,256,8,22,3,offspring:2
136,reproduce,Musk Ox,301,125,0,11,2,offspring:1
141,environment_death,Fish,145,260,1,32,0,suffocation
141,reproduce,Deer,69,281,5,193,4,offspring:1
145,reproduce,Elk,205,201,2,213,4,offspring:1
149,kill,Tapir,356,121,8,266,7,killed_by:Wolf:434
149,reproduce,Wolf,435,121,7,267,4,offspring:1
150,hunt_start,Wolf,434,121,2,266,9,target:Tapir:561
150,hunt_fail,Wolf,435,121,8,267,2,target_died
154,environment_death,Fish,150,259,7,32,0,suffocation
154,reproduce,Deer,70,283,9,195,1,offspring:1
155,kill,Sectid,5,106,2,45,4,killed_by:Fox:444
156,hunt_start,Fox,444,106,1,45,1,target:Sectid:3
157,reproduce,Parrot,340,117,9,100,5,offspring:1
160,environment_death,Fish,135,149,1,150,0,suffocation
162,environment_death,Fish,151,260,8,33,0,suffocation
166,reproduce,Musk Ox,300,123,4,12,5,offspring:1
166,reproduce,Monkey,337,61,2,227,9,offspring:1
167,reproduce,Rabbit,93,80,1,252,0,offspring:2
168,environment_death,Lizard,231,55,6,128,2,drowning
170,kill,Monkey,323,288,0,263,4,killed_by:Hawk:553
171,hunt_fail,Hawk,467,287,3,263,6,target_died
171,hunt_start,Hawk,467,287,3,263,6,target:Monkey:319
171,kill,Sectid,37,202,2,25,3,killed_by:Arctic Fox:482
171,hunt_start,Hawk,553,287,6,263,3,target:Monkey:319
172,environment_death,Lizard,230,55,8,126,1,drowning
172,hunt_fail,Hawk,466,59,3,126,0,target_died
172,hunt_start,Arctic Fox,482,201,9,25,3,target:Sectid:35
180,environment_death,Fish,147,259,6,31,9,suffocation
184,reproduce,Parrot,349,26,6,192,4,offspring:1
189,kill,Shroomer,379,287,9,54,9,killed_by:Wolf:545
190,hunt_fail,Wolf,544,286,6,55,1,target_died
190,hunt_start,Wolf,544,286,6,55,1,target:Shroomer:380
190,hunt_start,Wolf,545,287,3,54,8,target:Shroomer:380
194,reproduce,Frog,168,41,7,0,4,offspring:2
195,reproduce,Frog,174,111,8,62,0,offspring:2
196,reproduce,Monkey,322,266,3,276,3,offspring:1
199,reproduce,Camel,251,103,4,285,3,offspring:1
203,hunt_start,Wolf,430,286,5,52,5,target:Shroomer:382
207,reproduce,Boar,461,27,6,114,9,offspring:2
214,reproduce,Penguin,282,76,8,67,0,offspring:1
215,kill,Sectid,3,105,1,46,6,killed_by:Fox:444
216,hunt_start,Fox,444,105,2,46,8,target:Sectid:4
220,environment_death,Shark,453,219,6,278,5,suffocation
220,hunt_start,Sectid,28,49,9,188,7,target:Shroomer:416
228,hunt_start,Sectid,22,35,0,61,2,target:Rabbit:89
235,kill,Sectid,35,200,4,20,3,killed_by:Arctic Fox:482
235,reproduce,Musk Ox,289,96,5,171,1,offspring:1
236,hunt_start,Arctic Fox,482,200,4,20,6,target:Sectid:36
240,hunt_start,Arctic Fox,479,184,8,143,2,target:Rabbit:115
242,hunt_start,Sectid,4,106,6,46,1,target:Fox:444
244,reproduce,Deer,50,104,1,170,4,offspring:1
249,hunt_start,Fox,549,274,7,221,5,target:Rabbit:95
254,kill,Shroomer,416,46,2,189,7,killed_by:Sectid:31
255,hunt_fail,Sectid,27,46,8,189,8,target_died
255,hunt_fail,Sectid,28,46,7,189,4,target_died
255,hunt_fail,Sectid,30,47,1,189,6,target_died
255,hunt_start,Sectid,30,47,1,189,6,target:Shroomer:414
256,hunt_start,Sectid,12,202,5,178,4,target:Lizard:236
256,reproduce,Rabbit,92,82,4,257,6,offspring:2
258,hunt_start,Sectid,9,203,5,178,2,target:Lizard:236
258,reproduce,Rabbit,114,39,4,19,3,offspring:2
266,hunt_fail,Sectid,30,46,8,188,6,discomfort
274,kill,Shroomer,382,287,6,52,7,killed_by:Wolf:430
275,hunt_start,Wolf,430,287,0,52,4,target:Shroomer:380
275,kill,Sectid,4,105,7,45,6,killed_by:Fox:444
275,reproduce,Elk,209,100,8,280,2,offspring:1
276,hunt_start,Fox,444,105,7,45,3,target:Sectid:7
280,hunt_fail,Sectid,6,97,5,49,9,discomfort
284,hunt_fail,Sectid,31,45,8,187,1,discomfort
284,reproduce,Elk,197,128,3,77,2,offspring:1
285,hunt_fail,Sectid,27,46,1,187,1,discomfort
287,hunt_fail,Sectid,28,45,9,186,5,discomfort
291,environment_death,Fish,154,222,1,249,9,suffocation
303,reproduce,Penguin,273,25,1,31,0,offspring:1
304,kill,Tapir,561,107,8,277,4,killed_by:Wolf:435
304,reproduce,Frog,160,33,8,210,0,offspring:2
305,hunt_fail,Wolf,434,108,8,277,0,prey_escaped
305,hunt_start,Wolf,434,108,8,277,0,target:Tapir:353
305,reproduce,Elk,198,129,1,74,2,offspring:1
312,reproduce,Frog,175,112,2,65,3,offspring:2
315,kill,Rabbit,115,183,8,141,8,killed_by:Arctic Fox:479
319,hunt_start,Wolf,546,109,0,259,7,target:Frog:162
320,reproduce,Parrot,343,231,4,264,4,offspring:1
321,kill,Rabbit,111,40,1,21,8,killed_by:Polar Bear:477
322,hunt_start,Hawk,468,131,9,33,1,target:Sectid:7
322,hunt_start,Polar Bear,477,39,5,22,0,target:Rabbit:114
323,hunt_fail,Arctic Fox,482,195,7,13,4,discomfort
329,reproduce,Monkey,318,288,0,230,2,offspring:1
330,reproduce,Arctic Fox,480,236,0,50,0,offspring:1
340,reproduce,Camel,249,105,7,275,9,offspring:1
341,kill,Shroomer,380,288,0,53,9,killed_by:Wolf:544
341,reproduce,Deer,71,276,4,197,1,offspring:1
341,reproduce,Penguin,286,81,1,63,4,offspring:1
342,hunt_fail,Wolf,430,286,5,54,5,prey_escaped
342,hunt_fail,Wolf,545,287,0,53,2,prey_escaped
344,kill,Rabbit,89,48,6,69,9,killed_by:Sectid:25
345,hunt_fail,Sectid,21,48,0,69,7,target_died
345,hunt_start,Sectid,21,48,0,69,7,target:Rabbit:84
345,hunt_fail,Sectid,22,48,0,69,4,target_died
345,hunt_fail,Sectid,23,48,0,70,1,target_died
345,hunt_fail,Sectid,24,47,7,69,9,target_died
346,reproduce,Monkey,335,113,6,234,6,offspring:1
353,hunt_start,Fox,447,72,4,104,3,target:Frog:172
356,reproduce,Monkey,328,226,2,80,0,offspring:1
368,reproduce,Musk Ox,312,102,0,44,5,offspring:1
380,environment_death,Camel,266,55,8,129,8,drowning
382,environment_death,Lizard,232,178,7,175,8,drowning
385,environment_death,Lizard,233,182,0,177,6,drowning
390,spore_created,Shroomer,-1,225,7,123,9,
390,spore_created,Shroomer,-1,226,2,122,1,
391,kill,Rabbit,114,40,8,20,2,killed_by:Polar Bear:477
392,hunt_start,Polar Bear,477,40,2,20,6,target:Rabbit:112
393,hunt_start,Hawk,552,164,3,256,6,target:Lizard:523
396,reproduce,Camel,252,101,5,286,4,offspring:1
399,reproduce,Monkey,324,219,0,81,7,offspring:1
401,reproduce,Parrot,339,109,1,112,3,offspring:1
403,hunt_start,Sectid,7,111,7,32,3,target:Fox:444
404,hunt_start,Sectid,36,193,2,9,7,target:Arctic Fox:482
407,hunt_start,Arctic Fox,482,199,9,13,3,target:Sectid:36
411,environment_death,Lizard,237,201,1,164,8,drowning
414,hunt_fail,Jaguar,485,262,0,280,0,discomfort
415,environment_death,Lizard,236,201,4,164,3,drowning
415,hunt_fail,Sectid,9,201,9,170,3,target_died
415,hunt_fail,Sectid,10,202,1,169,6,target_died
415,hunt_fail,Sectid,12,202,0,170,1,target_died
415,hunt_fail,Sectid,13,202,0,169,8,target_died
417,hunt_fail,Fox,447,77,2,105,2,discomfort
417,reproduce,Frog,167,176,9,96,0,offspring:2
427,hunt_start,Sectid,31,47,0,185,2,target:Shroomer:414
431,kill,Rabbit,95,274,0,211,3,killed_by:Fox:549
432,hunt_start,Fox,549,274,1,211,0,target:Rabbit:98
437,kill,Sectid,7,113,0,33,3,killed_by:Fox:444
438,hunt_fail,Hawk,468,113,2,33,2,target_died
442,hunt_fail,Sectid,30,48,8,188,4,discomfort
448,hunt_fail,Arctic Fox,482,196,1,11,3,discomfort
449,reproduce,Penguin,270,27,4,32,3,offspring:1
453,hunt_start,Wolf,149,115,2,263,9,target:Frog:162
454,reproduce,Parrot,342,236,9,272,4,offspring:1
458,kill,Tapir,353,103,7,288,0,killed_by:Wolf:435
459,hunt_fail,Wolf,434,104,0,287,1,target_died
467,reproduce,Parrot,351,23,4,198,0,offspring:1
471,kill,Sectid,17,224,6,106,5,killed_by:Shroomer:584
485,kill,Sectid,18,225,1,91,1,killed_by:Shroomer:401
487,reproduce,Rabbit,113,50,6,18,0,offspring:2
494,kill,Frog,162,120,3,251,2,killed_by:Wolf:546
495,hunt_fail,Wolf,149,116,7,259,2,target_died
495,hunt_start,Wolf,149,116,7,259,2,target:Frog:134
495,hunt_start,Wolf,546,120,1,250,9,target:Frog:116
496,hunt_start,Scorpion,472,216,4,127,8,target:Frog:512
497,hunt_fail,Sectid,31,53,5,190,6,discomfort
499,reproduce,Faeling,0,1,5,194,5,offspring:1
499,reproduce,Faeling,1,60,5,59,5,offspring:1
501,hunt_fail,Sectid,27,53,6,190,6,discomfort
503,reproduce,Parrot,348,235,3,263,4,offspring:1
507,kill,Lizard,238,229,3,144,2,killed_by:Hawk:465
508,hunt_start,Hawk,465,229,2,144,3,target:Rabbit:493
511,kill,Shroomer,414,54,6,190,9,killed_by:Sectid:29
512,hunt_fail,Sectid,28,53,9,191,1,target_died
512,hunt_start,Sectid,28,53,9,191,1,target:Shroomer:418
513,reproduce,Deer,56,109,1,171,0,offspring:1
518,reproduce,Penguin,281,81,1,65,4,offspring:1
519,hunt_fail,Sectid,28,53,5,190,6,discomfort
521,hunt_start,Wolf,429,97,5,237,7,target:Monkey:562
524,hunt_start,Sectid,36,190,5,9,2,target:Arctic Fox:482
529,reproduce,Parrot,338,116,2,100,3,offspring:1
529,reproduce,Tapir,372,26,4,191,9,offspring:1
531,hunt_start,Fox,446,256,0,99,1,target:Lizard:247
531,reproduce,Turtle,180,42,5,4,0,offspring:1
536,spore_created,Shroomer,-1,210,3,84,7,
536,spore_created,Shroomer,-1,205,9,75,3,
538,reproduce,Frog,170,122,3,198,1,offspring:2
541,kill,Rabbit,112,45,6,19,1,killed_by:Polar Bear:477
541,reproduce,Lizard,228,69,0,214,4,offspring:2
541,reproduce,Polar Bear,477,45,0,19,3,offspring:1
542,hunt_start,Polar Bear,477,45,0,19,3,target:Rabbit:17
542,hunt_start,Polar Bear,611,47,5,18,0,target:Rabbit:113
542,kill,Sectid,22,56,4,68,2,killed_by:Faeling:601
543,reproduce,Deer,51,106,8,166,0,offspring:1
547,hunt_start,Arctic Fox,479,187,1,139,0,target:Rabbit:118
550,environment_death,Fish,153,223,9,245,8,suffocation
556,hunt_fail,Sectid,29,51,4,188,3,discomfort
560,spore_created,Shroomer,-1,197,0,81,4,
560,spore_created,Shroomer,-1,200,5,70,2,
562,spore_matured,Shroomer,-1,226,3,121,7,
562,reproduce,Shroomer,-1,226,3,121,7,offspring:1
562,spore_matured,Shroomer,-1,225,5,124,4,
562,reproduce,Shroomer,-1,225,5,124,4,offspring:1
563,reproduce,Rabbit,125,146,7,225,0,offspring:2
565,reproduce,Parrot,345,231,0,272,1,offspring:1
575,hunt_start,Jaguar,485,261,9,284,7,target:Monkey:322
580,reproduce,Parrot,340,112,1,104,1,offspring:1
581,reproduce,Deer,67,21,7,93,0,offspring:1
583,reproduce,Penguin,276,78,8,70,3,offspring:1
584,kill,Sectid,21,63,2,69,0,killed_by:Faeling:601
588,reproduce,Turtle,186,70,1,175,6,offspring:1
589,kill,Rabbit,113,49,6,17,4,killed_by:Polar Bear:611
590,hunt_start,Polar Bear,611,48,8,17,9,target:Rabbit:17
594,reproduce,Elk,191,126,3,79,6,offspring:1
597,hunt_start,Fox,443,177,9,105,9,target:Frog:236
600,reproduce,Turtle,176,273,7,188,7,offspring:1
600,reproduce,Fish,506,257,4,35,6,offspring:2
600,reproduce,Fish,509,214,5,244,0,offspring:2
600,reproduce,Fish,510,215,5,243,8,offspring:2
602,reproduce,Lizard,245,241,1,160,0,offspring:2
605,hunt_fail,Jaguar,485,264,3,287,1,discomfort
606,environment_death,Fish,131,155,4,151,0,suffocation
612,kill,Rabbit,84,64,9,68,2,killed_by:Sectid:23
613,hunt_start,Sectid,23,64,5,68,3,target:Faeling:601
613,hunt_fail,Sectid,24,64,8,67,9,target_died
613,hunt_fail,Sectid,25,64,4,67,9,target_died
615,hunt_start,Polar Bear,478,106,4,173,9,target:Musk Ox:535
618,hunt_start,Sectid,15,223,4,92,1,target:Lizard:239
619,reproduce,Monkey,337,62,6,228,1,offspring:1
620,reproduce,Deer,65,17,1,91,4,offspring:1
620,reproduce,Elk,194,128,9,80,6,offspring:1
622,reproduce,Monkey,329,225,4,78,9,offspring:1
623,kill,Lizard,523,182,8,228,7,killed_by:Hawk:552
624,hunt_start,Hawk,552,182,8,228,8,target:Lizard:241
634,kill,Rabbit,118,186,9,138,7,killed_by:Arctic Fox:479
634,reproduce,Arctic Fox,479,186,6,138,8,offspring:1
635,hunt_start,Arctic Fox,479,186,7,138,8,target:Rabbit:117
635,hunt_start,Arctic Fox,523,188,2,141,9,target:Rabbit:117
641,reproduce,Elk,203,212,3,214,1,offspring:1
644,hunt_start,Sectid,36,190,1,9,3,target:Arctic Fox:482
645,reproduce,Musk Ox,302,265,3,25,3,offspring:1
647,kill,Sectid,23,61,4,67,9,killed_by:Faeling:601
648,hunt_fail,Sectid,15,221,6,96,0,discomfort
649,reproduce,Parrot,341,110,6,101,2,offspring:1
652,reproduce,Frog,173,81,5,107,1,offspring:2
656,spore_matured,Shroomer,-1,210,3,84,7,
656,reproduce,Shroomer,-1,210,3,84,7,offspring:1
656,spore_matured,Shroomer,-1,206,0,75,3,
656,reproduce,Shroomer,-1,206,0,75,3,offspring:1
659,hunt_start,Fox,441,130,1,128,9,target:Fish:497
664,hunt_start,Crocodile,449,140,6,20,8,target:Deer:57
664,reproduce,Deer,68,18,4,95,4,offspring:1
667,hunt_start,Arctic Fox,482,201,6,7,4,target:Sectid:36
673,kill,Sectid,24,58,5,67,2,killed_by:Shroomer:397
674,kill,Rabbit,493,251,0,158,4,killed_by:Hawk:465
674,reproduce,Parrot,349,31,1,206,0,offspring:1
675,hunt_start,Hawk,465,250,8,158,2,target:Rabbit:121
676,hunt_start,Wolf,434,101,0,283,8,target:Tapir:355
680,environment_death,Fish,136,155,6,151,0,suffocation
680,spore_matured,Shroomer,-1,197,0,81,4,
680,reproduce,Shroomer,-1,197,0,81,4,offspring:1
680,spore_matured,Shroomer,-1,200,5,70,2,
680,reproduce,Shroomer,-1,200,5,70,2,offspring:1
681,reproduce,Elk,202,210,2,211,3,offspring:1
684,reproduce,Rabbit,110,66,4,153,6,offspring:2
686,reproduce,Penguin,283,83,3,65,0,offspring:1
689,hunt_start,Arctic Fox,483,52,5,37,3,target:Rabbit:17
693,reproduce,Elk,199,127,6,83,6,offspring:1
694,kill,Rabbit,117,185,2,138,4,killed_by:Arctic Fox:479
695,hunt_fail,Arctic Fox,523,185,3,138,7,target_died
699,reproduce,Elk,193,131,4,76,4,offspring:1
703,hunt_start,Jaguar,485,261,9,286,1,target:Monkey:147
711,reproduce,Elk,204,207,3,214,4,offspring:1
717,reproduce,Boar,458,18,5,229,0,offspring:2
718,kill,Deer,57,139,7,23,7,killed_by:Crocodile:449
718,reproduce,Deer,39,111,0,51,9,offspring:1
718,reproduce,Deer,40,114,9,44,3,offspring:1
718,reproduce,Deer,41,106,7,55,2,offspring:1
718,reproduce,Deer,58,133,7,32,9,offspring:1
718,reproduce,Deer,59,118,9,19,4,offspring:1
718,reproduce,Deer,62,122,6,23,1,offspring:1
718,reproduce,Deer,63,120,2,25,7,offspring:1
728,hunt_start,Bear,462,125,3,170,1,target:Deer:56
732,kill,Sectid,25,51,7,66,4,killed_by:Shroomer:422
739,hunt_start,Hawk,466,66,9,117,8,target:Frog:172
740,hunt_fail,Polar Bear,478,104,7,180,0,discomfort
744,reproduce,Tapir,369,36,6,97,8,offspring:1
747,reproduce,Monkey,336,61,5,226,7,offspring:1
755,reproduce,Penguin,271,31,8,37,9,offspring:1
763,hunt_start,Fox,448,91,1,201,5,target:Monkey:562
769,reproduce,Frog,158,44,1,210,4,offspring:2
774,reproduce,Boar,460,16,9,228,4,offspring:2
778,environment_death,Fish,133,155,6,151,5,suffocation
779,kill,Sectid,36,190,0,7,3,killed_by:Arctic Fox:482
782,hunt_fail,Fox,443,178,9,91,9,discomfort
782,hunt_fail,Fox,446,227,7,98,5,discomfort
785,reproduce,Sectid,-1,45,4,181,7,offspring:1
785,spore_created,Shroomer,-1,39,6,220,2,
785,spore_created,Shroomer,-1,36,3,216,7,
786,environment_death,Lizard,239,212,5,110,9,drowning
786,hunt_fail,Sectid,19,216,7,107,2,target_died
786,hunt_start,Sectid,19,216,7,107,2,target:Lizard:247
786,hunt_start,Sectid,133,45,4,181,7,target:Shroomer:418
786,kill,Rabbit,121,252,0,150,5,killed_by:Hawk:465
786,reproduce,Rabbit,119,228,6,156,9,offspring:2
786,reproduce,Rabbit,120,237,5,159,9,offspring:2
787,hunt_start,Hawk,465,252,3,150,5,target:Rabbit:122
790,hunt_fail,Fox,441,134,2,131,3,discomfort
793,reproduce,Turtle,184,149,9,55,2,offspring:1
800,reproduce,Lizard,524,173,1,242,3,offspring:2
800,reproduce,Lizard,525,0,5,259,4,offspring:2
800,reproduce,Lizard,526,2,5,258,8,offspring:2
802,reproduce,Camel,255,107,2,34,0,offspring:1
807,reproduce,Monkey,318,288,0,150,3,offspring:1
815,reproduce,Tapir,355,114,4,272,6,offspring:1
822,hunt_start,Arctic Fox,482,192,1,7,5,target:Sectid:33
822,reproduce,Frog,168,51,0,0,0,offspring:2
836,spore_created,Shroomer,-1,69,8,99,6,
836,spore_created,Shroomer,-1,60,2,93,6,
839,hunt_start,Sectid,28,47,8,186,4,target:Shroomer:418
843,environment_death,Fish,130,156,1,151,5,suffocation
849,hunt_fail,Arctic Fox,482,193,6,9,8,discomfort
852,reproduce,Elk,208,90,4,281,8,offspring:1
854,reproduce,Elk,201,214,7,211,3,offspring:1
856,environment_death,Fish,152,223,3,247,0,suffocation
863,spore_created,Shroomer,-1,69,6,86,7,
863,spore_created,Shroomer,-1,68,3,92,7,
866,kill,Rabbit,122,252,1,148,5,killed_by:Hawk:465
866,reproduce,Hawk,465,252,0,148,9,offspring:1
867,hunt_start,Hawk,122,249,5,147,7,target:Rabbit:123
867,hunt_start,Hawk,465,252,1,148,8,target:Rabbit:123
875,reproduce,Musk Ox,290,104,4,172,7,offspring:1
875,reproduce,Musk Ox,292,103,4,173,1,offspring:1
883,hunt_fail,Jaguar,485,250,4,281,0,discomfort
893,kill,Shroomer,418,52,0,191,6,killed_by:Sectid:28
894,hunt_fail,Sectid,27,50,9,189,6,target_died
894,hunt_start,Sectid,27,50,9,189,6,target:Shroomer:417
894,hunt_fail,Sectid,29,51,3,189,7,target_died
894,hunt_fail,Sectid,30,47,2,185,2,target_died
894,hunt_fail,Sectid,133,52,1,191,1,target_died
898,kill,Frog,172,79,7,108,2,killed_by:Hawk:466
899,hunt_start,Hawk,466,79,5,108,1,target:Frog:173
902,hunt_start,Arctic Fox,479,190,5,134,1,target:Frog:156
904,reproduce,Wolf,434,120,4,268,4,offspring:1
905,hunt_start,Wolf,437,269,8,118,0,target:Deer:45
905,spore_matured,Shroomer,-1,39,8,220,2,
905,reproduce,Shroomer,-1,39,8,220,2,offspring:1
905,spore_matured,Shroomer,-1,36,3,216,7,
905,reproduce,Shroomer,-1,36,3,216,7,offspring:1
906,hunt_fail,Sectid,27,50,2,188,7,discomfort
908,reproduce,Tapir,371,53,9,97,3,offspring:1
909,spore_created,Shroomer,-1,38,1,231,4,
909,spore_created,Shroomer,-1,29,6,223,5,
913,hunt_start,Arctic Fox,523,189,1,135,2,target:Frog:156
914,kill,Rabbit,123,254,3,147,1,killed_by:Hawk:465
914,hunt_start,Boar,638,21,1,227,2,target:Frog:161
915,hunt_fail,Hawk,122,254,1,146,9,target_died
915,hunt_start,Hawk,122,254,1,146,9,target:Lizard:245
915,hunt_start,Hawk,465,254,5,146,7,target:Lizard:245
920,hunt_fail,Sectid,133,50,6,189,1,discomfort
921,hunt_start,Fox,441,129,0,130,3,target:Fish:497
922,hunt_fail,Sectid,28,50,2,188,9,discomfort
923,hunt_fail,Sectid,29,49,5,187,5,discomfort
926,environment_death,Shark,454,107,4,121,9,suffocation
927,hunt_start,Fox,443,179,6,96,6,target:Frog:167
931,reproduce,Rabbit,93,79,4,259,6,offspring:2
934,reproduce,Parrot,351,24,4,205,3,offspring:1
937,environment_death,Fish,143,110,5,126,4,suffocation
937,hunt_start,Boar,639,20,9,228,7,target:Frog:161
937,reproduce,Fish,139,97,6,127,6,offspring:2
937,reproduce,Fish,140,98,4,125,4,offspring:2
937,reproduce,Fish,141,104,8,123,9,offspring:2
937,reproduce,Fish,142,111,4,128,0,offspring:2
937,reproduce,Fish,144,107,9,129,1,offspring:2
937,reproduce,Fish,499,101,6,132,0,offspring:2
937,reproduce,Fish,500,102,3,131,3,offspring:2
937,reproduce,Fish,501,97,7,130,6,offspring:2
937,reproduce,Fish,502,98,6,130,5,offspring:2
937,reproduce,Fish,503,109,0,129,4,offspring:2
937,reproduce,Fish,504,107,4,130,2,offspring:2
942,reproduce,Musk Ox,306,268,3,26,1,offspring:1
943,hunt_fail,Sectid,30,47,6,190,3,discomfort
950,reproduce,Elk,205,211,6,211,8,offspring:1
958,reproduce,Boar,456,270,7,24,3,offspring:2
960,hunt_start,Wolf,547,262,1,97,8,target:Lizard:247
961,environment_death,Lizard,241,135,4,234,8,drowning
961,hunt_fail,Hawk,552,141,2,230,3,target_died
961,hunt_start,Hawk,552,141,2,230,3,target:Rabbit:126
962,kill,Sectid,19,244,3,105,8,killed_by:Shroomer:383
966,reproduce,Turtle,187,74,1,179,0,offspring:1
974,reproduce,Parrot,338,109,1,95,2,offspring:1
976,hunt_start,Hawk,468,133,4,48,8,target:Frog:37
978,environment_death,Fox,446,227,1,100,1,drowning
985,environment_death,Fish,142,112,1,127,9,suffocation
987,hunt_fail,Sectid,30,47,4,191,0,discomfort
988,kill,Frog,173,81,5,113,2,killed_by:Hawk:466
989,hunt_start,Hawk,466,81,5,113,1,target:Frog:632
990,environment_death,Sectid,33,194,3,15,2,drowning
992,hunt_start,Wolf,418,119,8,265,1,target:Frog:134
993,kill,Rabbit,17,34,5,36,3,killed_by:Arctic Fox:483
994,hunt_fail,Polar Bear,477,39,6,33,5,target_died
994,hunt_start,Polar Bear,477,39,6,33,5,target:Penguin:273
994,hunt_start,Arctic Fox,483,34,8,36,1,target:Rabbit:18
994,hunt_fail,Polar Bear,611,42,0,30,5,target_died
994,hunt_start,Polar Bear,611,42,0,30,5,target:Penguin:273
994,reproduce,Frog,231,39,8,1,6,offspring:2
994,reproduce,Frog,323,41,0,2,3,offspring:2
995,reproduce,Frog,37,114,7,61,1,offspring:2
998,kill,Frog,167,181,0,96,5,killed_by:Fox:443
999,hunt_fail,Sectid,27,47,2,189,9,discomfort
999,hunt_start,Fox,443,180,9,96,2,target:Frog:166
1000,reproduce,Parrot,541,18,6,178,3,offspring:1
1003,reproduce,Parrot,340,107,5,96,9,offspring:1
1004,kill,Sectid,15,222,0,97,4,killed_by:Shroomer:374
1006,reproduce,Lizard,246,271,5,160,0,offspring:2
1008,spore_matured,Shroomer,-1,68,7,99,0,
1008,reproduce,Shroomer,-1,68,7,99,0,offspring:1
1008,spore_matured,Shroomer,-1,60,2,93,6,
1008,reproduce,Shroomer,-1,60,2,93,6,offspring:1
1009,kill,Frog,156,195,4,128,0,killed_by:Arctic Fox:479
1009,reproduce,Frog,155,201,5,128,6,offspring:2
1009,reproduce,Frog,157,201,4,129,9,offspring:2
1009,reproduce,Frog,512,220,6,139,6,offspring:2
1010,hunt_start,Arctic Fox,479,195,7,127,8,target:Frog:156
1011,hunt_fail,Fox,448,71,1,208,1,discomfort
1017,hunt_fail,Sectid,29,47,0,191,4,discomfort
1017,kill,Frog,134,111,3,254,1,killed_by:Wolf:149
1017,reproduce,Frog,116,106,4,246,2,offspring:2
1017,reproduce,Frog,163,121,0,247,2,offspring:2
1017,reproduce,Frog,171,124,5,205,7,offspring:2
1017,reproduce,Musk Ox,301,119,0,21,3,offspring:1
1018,hunt_start,Wolf,149,111,6,254,0,target:Frog:134
1027,hunt_fail,Sectid,28,46,9,191,8,discomfort
1029,hunt_fail,Sectid,133,47,1,191,7,discomfort
1029,hunt_start,Jaguar,485,252,5,284,4,target:Parrot:7
1029,spore_matured,Shroomer,-1,38,1,231,4,
1029,reproduce,Shroomer,-1,38,1,231,4,offspring:1
1029,spore_matured,Shroomer,-1,29,6,223,5,
1029,reproduce,Shroomer,-1,29,6,223,5,offspring:1
1034,spore_matured,Shroomer,-1,68,3,93,5,
1034,reproduce,Shroomer,-1,68,3,93,5,offspring:1
1035,spore_matured,Shroomer,-1,69,6,86,7,
1035,reproduce,Shroomer,-1,69,6,86,7,offspring:1
1036,hunt_fail,Fox,441,138,0,129,0,discomfort
1037,kill,Tapir,355,138,7,260,7,killed_by:Wolf:434
1049,reproduce,Parrot,339,109,1,94,3,offspring:1
1053,reproduce,Turtle,185,144,4,59,3,offspring:1
1055,reproduce,Musk Ox,300,117,5,20,9,offspring:1
1057,kill,Rabbit,126,143,0,230,5,killed_by:Hawk:552
1057,reproduce,Rabbit,127,140,9,226,1,offspring:2
1058,hunt_start,Hawk,552,143,0,230,8,target:Rabbit:127
1061,reproduce,Musk Ox,308,184,2,6,7,offspring:1
1063,kill,Rabbit,18,35,5,40,3,killed_by:Arctic Fox:483
1064,hunt_start,Arctic Fox,483,35,5,40,0,target:Penguin:273
1064,reproduce,Penguin,275,28,6,37,5,offspring:1
1072,reproduce,Monkey,337,61,4,230,8,offspring:1
1081,kill,Frog,161,27,4,223,9,killed_by:Boar:638
1082,hunt_start,Boar,638,27,3,223,6,target:Shroomer:674
1082,hunt_fail,Boar,639,26,4,224,0,target_died
1082,hunt_start,Boar,639,26,4,224,0,target:Shroomer:674
1085,reproduce,Rabbit,98,272,1,142,9,offspring:2
1085,reproduce,Rabbit,494,264,7,145,5,offspring:2
1087,hunt_start,Arctic Fox,595,227,5,66,0,target:Monkey:598
1101,reproduce,Sectid,-1,45,1,179,8,offspring:1
1102,hunt_start,Sectid,723,45,1,179,8,target:Shroomer:419
1106,kill,Rabbit,98,272,8,142,0,killed_by:Fox:549
1107,hunt_start,Fox,549,272,9,142,3,target:Rabbit:161
1108,hunt_fail,Wolf,429,70,5,205,6,discomfort
1115,reproduce,Rabbit,137,190,8,149,3,offspring:2
1115,reproduce,Rabbit,146,160,8,160,7,offspring:2
1118,environment_death,Shark,452,108,7,122,1,suffocation
1118,reproduce,Monkey,322,272,5,287,9,offspring:1
1120,kill,Frog,166,175,5,96,1,killed_by:Fox:443
1121,hunt_start,Fox,443,175,5,95,8,target:Frog:237
1121,reproduce,Wolf,435,140,7,263,5,offspring:1
1132,hunt_fail,Sectid,27,50,6,190,8,discomfort
1136,reproduce,Deer,67,29,6,91,6,offspring:1
1147,reproduce,Lizard,228,80,9,215,9,offspring:2
1153,reproduce,Boar,461,44,3,119,9,offspring:2
1157,kill,Frog,37,112,9,67,6,killed_by:Hawk:468
1158,hunt_start,Hawk,468,112,9,67,5,target:Frog:175
1162,hunt_fail,Arctic Fox,479,203,0,128,5,discomfort
1163,reproduce,Elk,209,93,0,285,1,offspring:1
1163,reproduce,Elk,210,95,5,283,1,offspring:1
1163,reproduce,Elk,212,93,5,281,3,offspring:1
1164,environment_death,Rabbit,127,139,0,224,4,drowning
1164,hunt_fail,Hawk,552,140,7,223,9,target_died
1164,hunt_start,Hawk,552,140,7,223,9,target:Rabbit:614
1164,reproduce,Parrot,349,26,5,189,8,offspring:1
1164,spore_created,Shroomer,-1,52,1,84,5,
1164,spore_created,Shroomer,-1,48,1,82,8,
1166,hunt_fail,Wolf,437,277,3,145,5,discomfort
1167,environment_death,Fish,138,108,2,121,9,suffocation
1173,environment_death,Fish,141,107,9,122,3,suffocation
1178,kill,Penguin,273,39,7,48,8,killed_by:Arctic Fox:483
1178,reproduce,Penguin,276,85,4,74,0,offspring:1
1178,reproduce,Penguin,280,68,0,63,2,offspring:1
1178,reproduce,Penguin,281,89,1,64,3,offspring:1
1178,reproduce,Penguin,282,89,7,66,3,offspring:1
1178,reproduce,Penguin,286,88,2,67,6,offspring:1
1178,reproduce,Arctic Fox,483,39,5,48,5,offspring:1
1179,hunt_fail,Polar Bear,477,38,1,40,4,prey_escaped
1179,hunt_start,Polar Bear,477,38,1,40,4,target:Penguin:268
1179,hunt_start,Arctic Fox,483,39,6,48,6,target:Penguin:271
1179,hunt_fail,Polar Bear,611,39,7,36,9,prey_escaped
1179,hunt_start,Polar Bear,611,39,7,36,9,target:Penguin:268
1179,hunt_start,Arctic Fox,738,38,1,47,3,target:Penguin:271
1184,reproduce,Parrot,151,31,7,197,1,offspring:1
1189,hunt_fail,Wolf,438,277,3,144,7,discomfort
1195,environment_death,Shroomer,673,39,4,231,4,drowning
1199,kill,Frog,134,102,3,240,9,killed_by:Wolf:149
1199,hunt_fail,Arctic Fox,483,37,7,47,8,discomfort
1199,kill,Shroomer,674,31,4,224,9,killed_by:Boar:638
1199,reproduce,Penguin,269,29,7,39,7,offspring:1
1200,hunt_start,Wolf,149,102,6,240,9,target:Frog:709
1200,hunt_fail,Wolf,418,108,2,246,8,target_died
1200,hunt_start,Wolf,418,108,2,246,8,target:Frog:709
1200,hunt_start,Boar,638,31,5,224,3,target:Shroomer:388
1200,hunt_fail,Boar,639,30,9,224,7,target_died
1200,hunt_start,Boar,639,30,9,224,7,target:Shroomer:388
1200,reproduce,Fish,622,216,2,245,7,offspring:2
1200,reproduce,Fish,623,216,6,244,8,offspring:2
1200,reproduce,Fish,624,214,7,244,7,offspring:2
1200,reproduce,Fish,625,215,3,245,4,offspring:2
1217,hunt_fail,Sectid,723,51,8,192,0,discomfort
1218,hunt_start,Sectid,10,193,0,173,4,target:Hawk:122
1219,hunt_start,Polar Bear,478,111,1,180,0,target:Musk Ox:290
1219,hunt_start,Wolf,548,259,8,109,3,target:Lizard:527
1220,spore_created,Shroomer,-1,213,6,83,9,
1220,spore_created,Shroomer,-1,206,5,88,0,
1228,hunt_start,Snake,557,253,9,114,5,target:Lizard:527
1228,reproduce,Elk,219,46,3,208,2,offspring:1
1231,hunt_start,Sectid,6,100,8,61,6,target:Frog:174
1232,reproduce,Deer,68,31,4,92,6,offspring:1
1233,environment_death,Monkey,319,288,0,108,4,drowning
1233,hunt_fail,Hawk,467,286,6,108,6,target_died
1233,hunt_fail,Hawk,553,286,3,109,1,target_died
1240,reproduce,Deer,65,28,5,95,9,offspring:1
1241,kill,Frog,175,112,3,68,1,killed_by:Hawk:468
1241,reproduce,Frog,174,113,0,61,0,offspring:2
1241,reproduce,Frog,230,114,1,60,9,offspring:2
1241,reproduce,Frog,593,115,8,61,7,offspring:2
1242,hunt_start,Hawk,468,112,3,67,8,target:Frog:594
1243,reproduce,Monkey,336,61,4,229,6,offspring:1
1258,reproduce,Rabbit,589,27,8,14,6,offspring:2
1263,reproduce,Rabbit,590,39,9,8,0,offspring:2
1269,environment_death,Lizard,245,212,9,181,5,drowning
1269,hunt_fail,Hawk,122,211,0,174,4,target_died
1269,hunt_start,Hawk,122,211,0,174,4,target:Rabbit:119
1269,hunt_fail,Hawk,465,210,1,174,2,target_died
1269,hunt_start,Hawk,465,210,1,174,2,target:Rabbit:119
1271,reproduce,Camel,260,113,0,218,0,offspring:1
1275,hunt_start,Hawk,553,285,8,114,1,target:Monkey:318
1279,reproduce,Tapir,372,36,8,192,4,offspring:1
1281,hunt_fail,Fox,443,164,9,99,6,discomfort
1282,reproduce,Elk,203,216,1,208,4,offspring:1
1284,hunt_start,Hawk,467,286,2,114,6,target:Monkey:663
1298,hunt_fail,Sectid,6,107,6,64,2,discomfort
1299,starvation,Fish,495,145,8,120,8,
1299,starvation,Fish,496,128,4,147,3,
1299,kill,Frog,156,212,6,131,3,killed_by:Arctic Fox:523
1300,hunt_start,Arctic Fox,523,212,4,131,2,target:Frog:705
1301,reproduce,Fish,506,257,4,35,6,offspring:2
1301,reproduce,Fish,509,214,3,243,7,offspring:2
1301,reproduce,Fish,510,215,5,243,7,offspring:2
1309,reproduce,Deer,54,128,0,163,0,offspring:1
1309,reproduce,Deer,56,82,8,159,8,offspring:1
1323,hunt_start,Arctic Fox,479,202,2,133,6,target:Frog:706
1332,reproduce,Fish,505,265,4,42,4,offspring:2
1333,kill,Frog,594,126,0,65,1,killed_by:Hawk:468
1334,hunt_start,Wolf,429,81,5,206,0,target:Lizard:729
1334,hunt_start,Hawk,468,125,8,65,2,target:Frog:593
1336,spore_matured,Shroomer,-1,51,8,84,6,
1336,reproduce,Shroomer,-1,51,8,84,6,offspring:1
1336,spore_matured,Shroomer,-1,48,1,82,8,
1336,reproduce,Shroomer,-1,48,1,82,8,offspring:1
1337,kill,Rabbit,614,165,8,209,5,killed_by:Hawk:552
1338,hunt_start,Hawk,552,165,6,209,6,target:Rabbit:124
1340,spore_matured,Shroomer,-1,213,7,83,9,
1340,reproduce,Shroomer,-1,213,7,83,9,offspring:1
1340,spore_matured,Shroomer,-1,206,5,88,0,
1340,reproduce,Shroomer,-1,206,5,88,0,offspring:1
1341,reproduce,Lizard,112,68,3,211,4,offspring:2
1341,reproduce,Lizard,610,74,1,221,8,offspring:2
1346,kill,Rabbit,161,247,9,149,2,killed_by:Fox:549
1347,hunt_start,Fox,549,248,2,149,1,target:Rabbit:720
1348,reproduce,Deer,77,12,8,263,7,offspring:1
1350,hunt_start,Wolf,437,283,0,146,9,target:Deer:45
1351,reproduce,Rabbit,94,281,6,201,3,offspring:2
1351,reproduce,Rabbit,97,274,1,199,6,offspring:2
1351,reproduce,Rabbit,564,269,9,206,5,offspring:2
1352,environment_death,Deer,76,13,3,281,0,drowning
1352,reproduce,Fish,620,263,1,39,2,offspring:2
1362,reproduce,Lizard,521,212,1,93,0,offspring:2
1362,reproduce,Lizard,522,210,9,93,2,offspring:2
1362,reproduce,Lizard,530,244,1,93,7,offspring:2
1381,hunt_start,Jaguar,487,260,5,256,7,target:Monkey:320
1393,kill,Rabbit,119,216,9,161,5,killed_by:Hawk:465
1394,hunt_fail,Hawk,122,217,3,161,5,target_died
1394,hunt_start,Hawk,122,217,3,161,5,target:Lizard:626
1394,hunt_start,Hawk,465,217,0,161,1,target:Rabbit:239
1394,kill,Shroomer,388,35,5,227,2,killed_by:Boar:638
1395,hunt_fail,Boar,639,35,0,226,8,target_died
1395,hunt_start,Boar,639,35,0,226,8,target:Shroomer:390
1396,reproduce,Monkey,147,233,4,276,4,offspring:1
1399,hunt_start,Snake,556,170,8,252,6,target:Lizard:656
1401,reproduce,Parrot,351,23,3,214,8,offspring:1
1416,reproduce,Camel,256,111,5,31,9,offspring:1
1421,reproduce,Lizard,242,194,3,220,3,offspring:2
1423,hunt_start,Fox,443,169,3,99,6,target:Frog:237
1424,hunt_fail,Polar Bear,477,26,5,34,1,discomfort
1426,kill,Sectid,16,223,0,89,0,killed_by:Shroomer:406
1427,kill,Musk Ox,290,114,5,167,1,killed_by:Polar Bear:478
1427,reproduce,Musk Ox,289,95,8,166,5,offspring:1
1427,reproduce,Musk Ox,291,93,7,166,9,offspring:1
1427,reproduce,Musk Ox,293,110,3,174,4,offspring:1
1427,reproduce,Polar Bear,478,114,2,168,1,offspring:1
1428,hunt_start,Polar Bear,478,114,2,168,0,target:Musk Ox:787
1428,hunt_start,Polar Bear,788,113,2,170,7,target:Musk Ox:787
1429,hunt_fail,Snake,557,249,3,118,7,prey_escaped
1430,hunt_start,Wolf,545,272,9,52,9,target:Fish:505
1432,hunt_start,Wolf,544,271,1,52,1,target:Fish:505
1434,hunt_start,Fox,448,73,5,208,4,target:Lizard:746
1443,hunt_start,Wolf,430,285,0,70,5,target:Monkey:318
1448,kill,Frog,709,116,9,233,6,killed_by:Wolf:418
1449,hunt_fail,Wolf,149,109,4,241,9,target_died
1449,hunt_start,Wolf,149,109,4,241,9,target:Monkey:333
1449,hunt_start,Wolf,418,116,7,233,9,target:Monkey:333
1452,kill,Frog,593,108,0,61,0,killed_by:Hawk:468
1453,hunt_start,Hawk,468,108,6,61,1,target:Frog:751
1457,hunt_start,Jaguar,486,63,5,122,6,target:Camel:265
1459,hunt_fail,Arctic Fox,479,208,3,133,7,discomfort
1462,environment_death,Elk,214,33,8,232,9,drowning
1480,starvation,Fish,507,260,4,34,4,
1483,kill,Frog,116,94,3,249,0,killed_by:Wolf:546
1484,hunt_start,Wolf,546,94,5,248,8,target:Rabbit:91
1485,environment_death,Elk,218,39,9,230,0,drowning
1486,reproduce,Lizard,247,211,4,141,0,offspring:2
1490,reproduce,Frog,237,160,0,98,2,offspring:2
1492,kill,Rabbit,124,150,0,214,9,killed_by:Hawk:552
1493,hunt_start,Hawk,552,150,3,215,0,target:Rabbit:125
1493,reproduce,Parrot,145,142,1,95,6,offspring:1
1493,reproduce,Parrot,165,131,3,106,4,offspring:1
1493,reproduce,Parrot,600,130,5,97,5,offspring:1
1500,hunt_start,Arctic Fox,484,160,7,154,4,target:Rabbit:726
1500,reproduce,Penguin,532,20,1,32,3,offspring:1
1511,kill,Musk Ox,787,109,1,174,3,killed_by:Polar Bear:788
1512,hunt_fail,Polar Bear,478,111,5,171,8,target_died
1512,hunt_start,Polar Bear,478,111,5,171,8,target:Musk Ox:292
1515,spore_created,Shroomer,-1,56,7,70,8,
1515,spore_created,Shroomer,-1,61,4,84,2,
1517,hunt_fail,Fox,448,73,0,209,7,discomfort
1519,reproduce,Monkey,324,191,0,100,1,offspring:1
1521,reproduce,Musk Ox,302,264,7,29,4,offspring:1
1522,reproduce,Rabbit,125,151,6,226,5,offspring:2
1522,reproduce,Penguin,567,22,3,30,7,offspring:1
1528,hunt_start,Sectid,723,47,3,190,0,target:Shroomer:415
1529,kill,Monkey,318,288,0,80,5,killed_by:Hawk:553
1529,reproduce,Monkey,111,277,5,209,8,offspring:1
1529,reproduce,Monkey,329,230,5,79,0,offspring:1
1530,hunt_fail,Wolf,430,287,3,77,8,prey_escaped
1530,hunt_fail,Wolf,432,287,8,76,9,prey_escaped
1530,hunt_fail,Wolf,433,287,4,79,2,prey_escaped
1536,kill,Frog,751,107,8,49,3,killed_by:Hawk:468
1537,hunt_start,Hawk,468,107,8,49,5,target:Frog:17
1541,environment_death,Elk,217,43,3,226,2,drowning
1543,kill,Deer,45,288,0,135,6,killed_by:Wolf:438
1544,hunt_fail,Wolf,437,287,0,135,6,target_died
1550,kill,Sectid,133,51,5,192,2,killed_by:Shroomer:390
1551,reproduce,Lizard,524,168,7,235,4,offspring:2
1553,hunt_start,Sectid,6,108,9,76,1,target:Parrot:23
1559,hunt_fail,Sectid,31,46,6,188,3,discomfort
1560,starvation,Fish,497,138,7,132,0,
1562,hunt_start,Wolf,434,144,4,262,8,target:Frog:163
1563,reproduce,Rabbit,613,145,6,231,9,offspring:2
1563,spore_created,Shroomer,-1,55,0,200,3,
1563,spore_created,Shroomer,-1,50,3,193,3,
1564,reproduce,Musk Ox,307,184,5,13,0,offspring:1
1568,reproduce,Turtle,177,271,7,195,3,offspring:1
1569,kill,Rabbit,239,235,1,141,3,killed_by:Hawk:465
1570,starvation,Fish,498,123,6,135,5,
1570,hunt_start,Hawk,465,235,0,141,5,target:Frog:512
1572,kill,Sectid,27,49,5,192,2,killed_by:Shroomer:415
1576,environment_death,Elk,215,45,4,222,1,drowning
1576,hunt_start,Arctic Fox,479,208,8,137,0,target:Lizard:247
1577,environment_death,Fish,144,113,0,127,5,suffocation
1578,environment_death,Camel,258,121,0,230,5,drowning
1582,kill,Rabbit,720,262,8,128,2,killed_by:Fox:549
1583,reproduce,Turtle,190,220,1,10,5,offspring:1
1589,hunt_fail,Sectid,723,49,2,194,8,discomfort
1602,hunt_fail,Sectid,6,114,0,80,6,discomfort
1603,hunt_start,Boar,638,34,6,222,6,target:Shroomer:389
1604,kill,Monkey,598,191,4,105,6,killed_by:Arctic Fox:595
1605,hunt_start,Arctic Fox,595,191,6,105,5,target:Monkey:791
1605,kill,Sectid,723,49,1,195,2,killed_by:Shroomer:172
1606,kill,Rabbit,125,150,8,224,5,killed_by:Hawk:552
1607,hunt_start,Hawk,552,150,6,224,7,target:Rabbit:129
1610,kill,Shroomer,390,38,8,224,7,killed_by:Boar:639
1611,hunt_start,Boar,639,38,3,224,5,target:Shroomer:391
1612,spore_created,Shroomer,-1,39,9,217,7,
1612,spore_created,Shroomer,-1,35,7,220,1,
1613,environment_death,Monkey,332,121,8,238,2,drowning
1613,reproduce,Monkey,89,97,8,234,4,offspring:1
1613,reproduce,Monkey,334,110,4,221,6,offspring:1
1613,reproduce,Monkey,566,107,9,221,4,offspring:1
1615,reproduce,Tapir,364,17,0,209,7,offspring:1
1619,reproduce,Elk,221,47,9,203,9,offspring:1
1621,environment_death,Monkey,331,123,3,234,9,drowning
1621,kill,Frog,237,152,5,97,0,killed_by:Fox:443
1622,hunt_start,Fox,443,152,7,97,0,target:Frog:214
1628,spore_created,Shroomer,-1,205,8,72,3,
1628,spore_created,Shroomer,-1,202,1,63,0,
1632,kill,Sectid,31,47,1,188,7,killed_by:Shroomer:415
1632,kill,Sectid,30,47,5,190,0,killed_by:Shroomer:415
1632,kill,Sectid,29,49,5,192,2,killed_by:Shroomer:415
1633,reproduce,Boar,558,264,4,28,2,offspring:2
1633,reproduce,Boar,559,270,6,32,9,offspring:2
1635,spore_matured,Shroomer,-1,61,4,84,2,
1635,reproduce,Shroomer,-1,61,4,84,2,offspring:1
1637,hunt_fail,Arctic Fox,484,178,0,161,1,discomfort
1637,reproduce,Penguin,274,23,1,37,8,offspring:1
1639,kill,Frog,17,122,5,55,2,killed_by:Hawk:468
1640,hunt_start,Hawk,468,122,3,55,2,target:Frog:701
1640,kill,Musk Ox,292,104,7,168,6,killed_by:Polar Bear:478
1645,kill,Sectid,28,50,1,192,3,killed_by:Shroomer:389
1647,hunt_start,Fox,445,280,2,222,4,target:Rabbit:381
1651,hunt_start,Hawk,553,273,3,84,3,target:Lizard:782
1654,hunt_start,Fox,448,75,5,210,8,target:Lizard:770
1657,reproduce,Elk,208,92,9,278,3,offspring:1
1659,kill,Sectid,13,196,6,174,9,killed_by:Shroomer:377
1666,reproduce,Deer,71,284,9,204,1,offspring:1
1671,hunt_start,Wolf,437,285,2,140,5,target:Lizard:703
1675,kill,Monkey,663,256,7,149,3,killed_by:Hawk:467
1676,hunt_start,Hawk,467,256,9,149,2,target:Rabbit:494
1679,kill,Frog,163,134,4,261,6,killed_by:Wolf:434
1680,hunt_fail,Wolf,435,134,1,261,8,target_died
1680,kill,Frog,512,234,6,127,2,killed_by:Hawk:465
1681,hunt_start,Hawk,465,234,6,127,4,target:Lizard:248
1681,hunt_fail,Scorpion,472,233,5,133,2,target_died
1681,hunt_start,Scorpion,472,233,5,133,2,target:Lizard:248
1683,spore_matured,Shroomer,-1,55,0,200,3,
1683,reproduce,Shroomer,-1,55,0,200,3,offspring:1
1687,spore_matured,Shroomer,-1,56,7,70,8,
1687,reproduce,Shroomer,-1,56,7,70,8,offspring:1
1695,reproduce,Camel,259,113,8,215,3,offspring:1
1697,environment_death,Rabbit,107,60,9,155,1,drowning
1697,reproduce,Rabbit,634,64,4,159,9,offspring:2
1698,hunt_fail,Jaguar,486,67,1,118,6,discomfort
1706,kill,Rabbit,129,151,0,226,3,killed_by:Hawk:552
1707,hunt_start,Hawk,552,150,8,226,4,target:Rabbit:128
1707,reproduce,Boar,586,37,5,108,2,offspring:2
1707,reproduce,Boar,587,37,9,117,4,offspring:2
1708,kill,Rabbit,91,81,4,236,1,killed_by:Wolf:546
1708,hunt_start,Boar,586,37,4,108,2,target:Shroomer:428
1709,hunt_start,Wolf,546,81,9,236,0,target:Rabbit:135
1727,kill,Frog,701,121,2,42,4,killed_by:Hawk:468
1728,hunt_start,Hawk,468,121,2,42,6,target:Frog:753
1732,spore_matured,Shroomer,-1,35,5,220,0,
1732,reproduce,Shroomer,-1,35,5,220,0,offspring:1
1732,spore_matured,Shroomer,-1,39,9,217,8,
1732,reproduce,Shroomer,-1,39,9,217,8,offspring:1
1738,reproduce,Tapir,365,17,1,206,6,offspring:1
1745,hunt_fail,Fox,443,157,4,90,0,discomfort
1747,kill,Shroomer,389,33,7,218,3,killed_by:Boar:638
1747,spore_created,Shroomer,-1,50,1,184,6,
1747,spore_created,Shroomer,-1,52,0,188,9,
1748,spore_matured,Shroomer,-1,205,6,72,5,
1748,reproduce,Shroomer,-1,205,6,72,5,offspring:1
1752,hunt_start,Snake,557,246,9,100,4,target:Lizard:530
1767,reproduce,Lizard,656,160,0,215,9,offspring:2
1770,hunt_fail,Scorpion,472,235,7,134,0,prey_escaped
1781,reproduce,Turtle,178,207,5,70,0,offspring:1
1782,kill,Rabbit,494,242,7,159,6,killed_by:Hawk:467
1783,hunt_start,Hawk,467,242,9,159,5,target:Rabbit:653
1785,starvation,Hawk,464,138,3,287,4,
1787,kill,Shroomer,391,38,2,218,7,killed_by:Boar:639
1790,hunt_start,Jaguar,486,65,1,119,3,target:Camel:265
1795,hunt_fail,Wolf,429,118,9,222,8,discomfort
1798,hunt_fail,Bear,462,61,4,149,0,discomfort
1800,spore_matured,Shroomer,-1,202,1,63,0,
1800,reproduce,Shroomer,-1,202,1,63,0,offspring:1
1802,hunt_start,Snake,473,168,0,241,6,target:Lizard:657
1816,hunt_start,Arctic Fox,484,171,8,159,0,target:Rabbit:725
1816,reproduce,Camel,255,111,4,47,8,offspring:1
1822,reproduce,Deer,54,142,6,167,7,offspring:1
1839,reproduce,Deer,77,13,9,250,3,offspring:1
1844,hunt_start,Arctic Fox,480,232,5,71,9,target:Monkey:329
1849,kill,Rabbit,128,150,5,237,6,killed_by:Hawk:552
1849,reproduce,Lizard,703,267,8,160,1,offspring:2
1850,hunt_start,Hawk,552,150,1,237,3,target:Rabbit:794
1850,reproduce,Tapir,367,65,6,91,5,offspring:1
1852,environment_death,Monkey,324,184,2,92,3,drowning
1852,reproduce,Monkey,114,205,8,55,3,offspring:1
1852,reproduce,Monkey,327,199,7,97,1,offspring:1
1856,hunt_start,Fox,443,158,5,93,3,target:Frog:507
1861,environment_death,Deer,56,56,4,148,9,drowning
1865,kill,Frog,753,109,4,61,4,killed_by:Hawk:468
1865,hunt_fail,Arctic Fox,479,221,0,165,8,discomfort
1866,hunt_start,Hawk,468,109,5,61,2,target:Frog:752
1870,kill,Lizard,782,235,1,92,5,killed_by:Hawk:553
1871,hunt_start,Hawk,553,235,3,92,5,target:Lizard:530
1882,reproduce,Parrot,349,15,3,200,3,offspring:1
1884,reproduce,Musk Ox,306,270,4,28,2,offspring:1
1901,reproduce,Fish,495,251,9,34,7,offspring:2
1901,reproduce,Fish,496,251,6,33,8,offspring:2
1911,hunt_fail,Arctic Fox,480,229,5,79,5,discomfort
1911,reproduce,Deer,41,119,2,64,0,offspring:1
1915,reproduce,Monkey,538,222,4,97,1,offspring:1
1916,reproduce,Rabbit,137,191,1,152,6,offspring:2
1919,spore_matured,Shroomer,-1,52,0,188,9,
1919,reproduce,Shroomer,-1,52,0,188,9,offspring:1
1927,hunt_fail,Wolf,438,266,1,166,7,discomfort
1929,kill,Rabbit,653,227,0,141,5,killed_by:Hawk:467
1930,hunt_start,Hawk,467,227,2,141,6,target:Frog:707
1932,hunt_fail,Fox,443,164,2,91,0,discomfort
1932,hunt_start,Boar,512,32,4,115,6,target:Shroomer:425
1932,reproduce,Fish,767,259,9,41,9,offspring:2
1932,reproduce,Fish,768,257,9,41,6,offspring:2
1935,hunt_start,Sectid,10,202,6,173,4,target:Arctic Fox:479
1940,starvation,Fish,508,280,3,37,0,
1944,kill,Camel,265,70,7,115,2,killed_by:Jaguar:486
1944,reproduce,Jaguar,486,70,0,115,6,offspring:1
1945,hunt_start,Sectid,10,203,3,174,7,target:Wolf:547
1945,hunt_start,Jaguar,486,70,1,115,6,target:Shroomer:667
1945,hunt_start,Jaguar,508,68,7,114,4,target:Shroomer:667
1949,reproduce,Penguin,95,16,0,23,3,offspring:1
1950,spore_created,Shroomer,-1,218,6,84,8,
1950,spore_created,Shroomer,-1,215,0,88,9,
1955,environment_death,Frog,157,205,1,130,3,drowning
1955,hunt_fail,Wolf,437,266,1,167,7,discomfort
1955,kill,Frog,752,122,2,64,4,killed_by:Hawk:468
1956,hunt_start,Hawk,468,122,1,64,3,target:Frog:174
1956,hunt_start,Boar,638,32,0,217,5,target:Frog:160
1956,spore_created,Shroomer,-1,228,4,122,9,
1956,spore_created,Shroomer,-1,228,0,112,5,
1971,reproduce,Musk Ox,305,272,0,23,5,offspring:1
1974,kill,Rabbit,381,285,3,185,4,killed_by:Fox:445
1974,reproduce,Parrot,19,95,7,83,3,offspring:1
1975,hunt_start,Fox,445,285,3,185,7,target:Rabbit:565
1976,hunt_fail,Fox,448,65,1,244,6,discomfort
1994,reproduce,Camel,254,103,2,48,4,offspring:1
1996,hunt_start,Boar,639,36,6,214,2,target:Frog:159
1997,reproduce,Monkey,147,230,6,275,7,offspring:1
2014,kill,Frog,707,219,9,132,6,killed_by:Hawk:467
2014,reproduce,Frog,704,194,5,131,1,offspring:2
2014,reproduce,Frog,706,217,5,137,4,offspring:2
2014,reproduce,Frog,708,220,9,142,0,offspring:2
2015,hunt_start,Wolf,438,269,8,166,8,target:Deer:82
2015,hunt_start,Hawk,467,220,0,132,8,target:Frog:706
2019,starvation,Hawk,554,149,4,55,2,
2020,starvation,Sectid,12,202,8,174,1,
2029,reproduce,Tapir,372,38,3,206,2,offspring:1
2031,hunt_fail,Snake,557,241,8,102,4,prey_escaped
2031,hunt_start,Snake,557,241,8,102,4,target:Lizard:783
2038,kill,Lizard,530,241,6,121,6,killed_by:Hawk:553
2039,hunt_start,Hawk,553,241,5,121,4,target:Rabbit:721
2040,hunt_start,Arctic Fox,483,52,6,57,0,target:Rabbit:87
2041,kill,Rabbit,725,159,9,187,3,killed_by:Arctic Fox:484
2045,reproduce,Elk,210,98,9,276,8,offspring:1
2048,kill,Frog,174,116,0,63,6,killed_by:Hawk:468
2049,hunt_start,Hawk,468,116,4,63,6,target:Frog:750
2054,hunt_start,Polar Bear,788,110,5,173,1,target:Musk Ox:671
2057,kill,Rabbit,794,154,4,267,8,killed_by:Hawk:552
2057,reproduce,Hawk,552,154,3,267,4,offspring:1
2059,reproduce,Deer,489,96,0,164,2,offspring:1
2059,reproduce,Rabbit,589,19,9,14,7,offspring:2
2068,reproduce,Elk,219,54,6,190,1,offspring:1
2070,hunt_start,Fox,448,64,6,248,0,target:Rabbit:35
2070,reproduce,Tapir,357,106,1,154,5,offspring:1
2070,reproduce,Tapir,359,118,3,156,2,offspring:1
2070,reproduce,Tapir,360,108,3,148,5,offspring:1
2070,reproduce,Tapir,361,103,1,152,5,offspring:1
2070,reproduce,Tapir,542,103,4,147,5,offspring:1
2070,spore_matured,Shroomer,-1,218,6,84,8,
2070,reproduce,Shroomer,-1,218,6,84,8,offspring:1
2070,spore_matured,Shroomer,-1,215,0,88,9,
2070,reproduce,Shroomer,-1,215,0,88,9,offspring:1
2076,spore_matured,Shroomer,-1,228,4,122,9,
2076,reproduce,Shroomer,-1,228,4,122,9,offspring:1
2078,kill,Shroomer,667,68,8,105,2,killed_by:Jaguar:508
2079,hunt_fail,Jaguar,486,69,8,112,4,target_died
2079,hunt_start,Jaguar,486,69,8,112,4,target:Tapir:369
2079,hunt_start,Jaguar,508,68,8,105,9,target:Shroomer:400
2082,kill,Rabbit,135,51,6,261,6,killed_by:Wolf:546
2082,reproduce,Rabbit,90,76,8,261,2,offspring:2
2082,reproduce,Rabbit,93,70,3,261,3,offspring:2
2082,reproduce,Rabbit,123,84,8,258,2,offspring:2
2083,hunt_start,Wolf,546,51,5,260,8,target:Lizard:770
2083,spore_created,Shroomer,-1,25,4,99,2,
2083,spore_created,Shroomer,-1,23,0,91,5,
2085,reproduce,Rabbit,721,247,9,108,1,offspring:2
2085,reproduce,Rabbit,722,258,5,150,6,offspring:2
2101,reproduce,Penguin,532,18,8,30,3,offspring:1
2106,kill,Frog,706,213,6,142,8,killed_by:Hawk:467
2107,hunt_start,Hawk,467,213,8,142,6,target:Frog:818
2115,reproduce,Rabbit,724,188,3,149,7,offspring:2
2117,hunt_start,Arctic Fox,479,227,1,164,4,target:Lizard:593
2119,kill,Frog,159,37,8,215,9,killed_by:Boar:639
2119,reproduce,Frog,158,38,7,206,9,offspring:2
2119,reproduce,Frog,160,23,9,209,8,offspring:2
2119,reproduce,Frog,561,31,7,205,8,offspring:2
2119,reproduce,Frog,591,36,2,210,4,offspring:2
2119,reproduce,Frog,648,44,4,212,7,offspring:2
2119,reproduce,Frog,649,40,6,202,8,offspring:2
2120,hunt_start,Boar,639,38,2,216,0,target:Frog:842
2120,reproduce,Elk,220,53,5,190,2,offspring:1
2126,hunt_start,Snake,475,243,5,100,1,target:Rabbit:833
2127,reproduce,Penguin,567,16,2,27,7,offspring:1
2130,kill,Shroomer,425,22,9,112,4,killed_by:Boar:512
2130,reproduce,Monkey,111,279,5,201,6,offspring:1
2130,spore_created,Shroomer,-1,56,8,102,3,
2130,spore_created,Shroomer,-1,47,9,94,4,
2144,hunt_fail,Jaguar,487,227,3,266,2,discomfort
2146,kill,Frog,750,115,5,49,2,killed_by:Hawk:468
2146,reproduce,Frog,175,110,4,58,4,offspring:2
2146,reproduce,Frog,754,119,6,55,0,offspring:2
2147,hunt_start,Hawk,468,115,5,49,4,target:Frog:853
2150,reproduce,Parrot,351,76,5,216,4,offspring:1
2153,reproduce,Turtle,182,177,5,156,3,offspring:1
2160,reproduce,Deer,148,280,5,197,7,offspring:1
2160,reproduce,Deer,571,279,0,195,7,offspring:1
2163,environment_death,Sectid,11,206,2,172,3,drowning
2163,hunt_start,Scorpion,472,224,1,132,4,target:Frog:820
2163,kill,Rabbit,87,61,7,59,1,killed_by:Arctic Fox:483
2164,hunt_start,Arctic Fox,483,61,8,58,8,target:Rabbit:104
2177,starvation,Frog,631,81,3,104,0,
2177,starvation,Frog,632,90,9,103,7,
2177,hunt_fail,Hawk,466,86,2,105,5,target_died
2181,reproduce,Rabbit,101,72,8,71,7,offspring:2
2181,reproduce,Rabbit,102,93,8,81,6,offspring:2
2184,hunt_start,Polar Bear,478,105,3,158,5,target:Musk Ox:671
2196,kill,Shroomer,400,68,3,99,3,killed_by:Jaguar:508
2196,reproduce,Lizard,248,288,0,192,2,offspring:2
2200,kill,Rabbit,721,257,5,101,2,killed_by:Hawk:553
2201,hunt_start,Hawk,553,257,2,101,2,target:Rabbit:834
2209,reproduce,Turtle,181,52,1,6,5,offspring:1
2214,reproduce,Monkey,566,105,1,225,8,offspring:1
2227,kill,Rabbit,565,288,0,216,4,killed_by:Fox:445
2228,hunt_start,Fox,445,288,0,216,2,target:Rabbit:771
2235,hunt_start,Arctic Fox,480,223,3,80,2,target:Monkey:330
2240,kill,Frog,853,121,5,61,3,killed_by:Hawk:468
2241,hunt_start,Hawk,468,121,5,61,1,target:Frog:754
2249,hunt_fail,Arctic Fox,480,222,3,80,3,discomfort
2256,reproduce,Lizard,527,159,9,110,7,offspring:2
2258,kill,Rabbit,104,66,4,52,9,killed_by:Arctic Fox:483
2258,reproduce,Rabbit,756,27,6,14,1,offspring:2
2258,reproduce,Rabbit,757,29,8,10,5,offspring:2
2259,hunt_start,Arctic Fox,483,66,1,52,8,target:Penguin:287
2261,kill,Musk Ox,671,103,4,162,3,killed_by:Polar Bear:478
2262,hunt_start,Hawk,466,76,5,105,6,target:Shroomer:850
2262,hunt_fail,Polar Bear,788,103,9,163,0,target_died
2262,hunt_start,Polar Bear,788,103,9,163,0,target:Musk Ox:294
2272,reproduce,Musk Ox,293,111,9,188,9,offspring:1
2277,reproduce,Tapir,363,142,4,96,0,offspring:1
2284,hunt_fail,Fox,448,75,8,266,3,discomfort
2286,reproduce,Parrot,338,96,0,87,4,offspring:1
2291,reproduce,Turtle,186,82,2,163,2,offspring:1
2297,reproduce,Camel,256,114,7,40,8,offspring:1
2301,kill,Tapir,369,59,6,108,6,killed_by:Jaguar:486
2301,reproduce,Tapir,164,26,3,135,9,offspring:1
2302,spore_matured,Shroomer,-1,57,0,102,4,
2302,reproduce,Shroomer,-1,57,0,102,4,offspring:1
2302,spore_matured,Shroomer,-1,47,9,94,4,
2302,reproduce,Shroomer,-1,47,9,94,4,offspring:1
2303,reproduce,Musk Ox,303,268,1,26,7,offspring:1
2315,environment_death,Fish,140,108,6,123,5,suffocation
2318,reproduce,Monkey,452,281,2,271,3,offspring:1
2320,reproduce,Parrot,7,258,9,259,3,offspring:1
2320,reproduce,Parrot,602,224,0,259,3,offspring:1
2323,hunt_start,Jaguar,487,233,4,266,9,target:Monkey:815
2330,environment_death,Fish,139,111,6,126,0,suffocation
2334,kill,Monkey,815,236,9,267,8,killed_by:Jaguar:487
2335,hunt_start,Jaguar,487,236,2,267,6,target:Monkey:147
2335,reproduce,Deer,54,143,8,152,0,offspring:1
2337,spore_created,Shroomer,-1,214,0,82,5,
2337,spore_created,Shroomer,-1,225,8,90,7,
2339,kill,Frog,754,123,8,46,9,killed_by:Hawk:468
2340,hunt_start,Hawk,468,123,7,47,1,target:Frog:854
2357,kill,Deer,82,288,0,154,3,killed_by:Wolf:438
2358,hunt_fail,Wolf,437,287,1,154,9,target_died
2358,hunt_start,Wolf,437,287,1,154,9,target:Deer:78
2364,reproduce,Rabbit,613,146,9,239,4,offspring:2
2366,reproduce,Turtle,180,58,4,2,9,offspring:1
2381,reproduce,Tapir,368,48,5,96,0,offspring:1
2382,kill,Musk Ox,294,99,2,158,0,killed_by:Polar Bear:788
2382,reproduce,Musk Ox,288,86,3,166,0,offspring:1
2382,reproduce,Musk Ox,289,86,5,165,3,offspring:1
2393,hunt_start,Fox,448,81,1,265,1,target:Rabbit:135
2397,reproduce,Musk Ox,302,257,7,27,5,offspring:1
2403,kill,Frog,818,214,8,133,9,killed_by:Hawk:467
2404,hunt_start,Hawk,467,215,0,133,9,target:Frog:817
2406,reproduce,Monkey,325,211,9,44,5,offspring:1
2406,reproduce,Monkey,537,220,1,59,5,offspring:1
2409,kill,Rabbit,834,227,4,119,7,killed_by:Hawk:553
2410,hunt_start,Hawk,553,227,6,119,6,target:Lizard:593
2411,hunt_fail,Arctic Fox,483,78,1,55,8,discomfort
2418,reproduce,Frog,609,116,8,192,0,offspring:2
2421,hunt_fail,Arctic Fox,479,219,9,128,1,discomfort
2424,reproduce,Deer,41,128,8,67,3,offspring:1
2441,hunt_fail,Fox,445,287,1,224,3,discomfort
2441,kill,Penguin,268,-0,0,-0,1,killed_by:Polar Bear:611
2443,kill,Shroomer,850,47,8,100,8,killed_by:Hawk:466
2444,hunt_start,Hawk,466,48,1,100,9,target:Rabbit:100
2446,hunt_fail,Scorpion,472,216,9,132,0,target_died
2446,hunt_start,Scorpion,472,216,9,132,0,target:Frog:155
2446,reproduce,Parrot,24,27,2,192,6,offspring:1
2446,reproduce,Parrot,127,30,7,182,3,offspring:1
2446,reproduce,Parrot,151,27,3,192,1,offspring:1
2446,reproduce,Parrot,167,9,7,186,7,offspring:1
2446,reproduce,Parrot,349,13,4,196,5,offspring:1
2446,reproduce,Parrot,353,27,4,192,4,offspring:1
2446,reproduce,Parrot,675,16,5,181,8,offspring:1
2446,reproduce,Parrot,739,19,0,176,4,offspring:1
2457,starvation,Frog,236,147,1,79,9,
2457,spore_matured,Shroomer,-1,213,9,82,3,
2457,reproduce,Shroomer,-1,213,9,82,3,offspring:1
2460,kill,Frog,854,110,4,59,6,killed_by:Hawk:468
2460,hunt_start,Scorpion,555,241,4,108,4,target:Lizard:528
2460,reproduce,Frog,230,110,9,61,9,offspring:2
2460,spore_created,Shroomer,-1,42,2,200,8,
2460,spore_created,Shroomer,-1,42,6,195,8,
2461,hunt_start,Hawk,468,110,6,59,5,target:Frog:230
2478,kill,Frog,817,222,9,140,0,killed_by:Hawk:467
2479,hunt_start,Hawk,467,222,7,139,8,target:Frog:708
2484,hunt_start,Bear,462,69,5,149,9,target:Rabbit:110
2489,kill,Sectid,10,208,9,169,9,killed_by:Shroomer:392
2492,environment_death,Deer,54,145,3,150,8,drowning
2494,starvation,Frog,142,37,1,0,0,
2506,starvation,Rabbit,126,123,0,209,0,
2506,starvation,Rabbit,717,124,5,208,9,
2511,hunt_fail,Snake,557,228,4,105,6,target_died
2511,hunt_start,Snake,557,228,4,105,6,target:Monkey:330
2517,kill,Lizard,248,288,0,214,5,killed_by:Hawk:465
2518,hunt_start,Hawk,465,287,3,214,5,target:Lizard:400
2518,reproduce,Lizard,656,133,6,132,1,offspring:2
2525,reproduce,Parrot,19,89,4,82,1,offspring:1
2532,kill,Frog,155,219,9,130,2,killed_by:Scorpion:472
2535,hunt_start,Scorpion,472,219,6,130,2,target:Lizard:593
2542,hunt_fail,Jaguar,487,228,3,284,7,discomfort
2544,kill,Frog,230,110,0,69,7,killed_by:Hawk:468
2545,hunt_start,Hawk,468,110,1,69,6,target:Penguin:737
2546,kill,Rabbit,110,72,4,147,4,killed_by:Bear:462
2554,hunt_start,Fox,445,286,6,226,2,target:Rabbit:771
2559,kill,Rabbit,100,46,3,94,9,killed_by:Hawk:466
2561,kill,Sectid,9,209,1,171,0,killed_by:Shroomer:408
2562,starvation,Fish,682,140,6,124,5,
2563,kill,Deer,78,260,5,148,8,killed_by:Wolf:438
2563,reproduce,Rabbit,133,160,4,231,0,offspring:2
2564,hunt_fail,Wolf,437,261,8,149,1,target_died
2564,hunt_start,Wolf,437,261,8,149,1,target:Deer:234
2565,kill,Frog,708,218,8,150,8,killed_by:Hawk:467
2566,hunt_start,Hawk,467,218,8,150,6,target:Rabbit:120
2566,reproduce,Boar,460,14,0,225,8,offspring:2
2566,reproduce,Boar,639,30,2,192,0,offspring:2
2566,reproduce,Boar,650,11,9,224,4,offspring:2
2566,reproduce,Boar,651,20,7,224,1,offspring:2
2567,hunt_start,Boar,155,30,0,192,7,target:Frog:842
2567,hunt_start,Boar,248,30,1,192,3,target:Frog:842
2568,hunt_start,Jaguar,508,58,7,100,0,target:Shroomer:395
2570,reproduce,Deer,50,128,0,170,7,offspring:1
2584,hunt_start,Sectid,6,150,2,86,4,target:Frog:214
2596,reproduce,Monkey,119,242,3,277,7,offspring:1
2597,kill,Lizard,527,127,7,99,8,killed_by:Wolf:548
2598,kill,Shroomer,395,56,1,97,9,killed_by:Jaguar:508
2598,hunt_start,Wolf,548,128,0,99,9,target:Parrot:165
2598,reproduce,Monkey,147,225,3,287,9,offspring:1
2599,reproduce,Turtle,176,284,0,178,9,offspring:1
2617,reproduce,Parrot,351,74,6,213,5,offspring:1
2632,spore_matured,Shroomer,-1,42,1,200,9,
2632,reproduce,Shroomer,-1,42,1,200,9,offspring:1
2632,spore_matured,Shroomer,-1,42,6,195,6,
2632,reproduce,Shroomer,-1,42,6,195,6,offspring:1
2633,kill,Rabbit,135,105,6,249,9,killed_by:Fox:448
2634,hunt_start,Fox,448,105,4,250,1,target:Rabbit:830
2636,hunt_start,Jaguar,486,49,0,111,0,target:Boar:663
2642,kill,Penguin,737,101,1,79,9,killed_by:Hawk:468
2643,hunt_start,Hawk,468,101,2,79,8,target:Rabbit:631
2644,hunt_start,Arctic Fox,479,220,0,133,4,target:Frog:819
2646,reproduce,Frog,214,154,9,96,0,offspring:2
2648,hunt_fail,Snake,473,178,5,231,1,discomfort
2653,kill,Lizard,400,278,9,193,1,killed_by:Hawk:465
2654,hunt_start,Hawk,465,279,0,193,3,target:Rabbit:94
2671,kill,Frog,214,156,2,98,6,killed_by:Sectid:6
2673,hunt_fail,Fox,445,287,0,224,7,discomfort
2674,reproduce,Musk Ox,535,84,4,192,0,offspring:1
2675,environment_death,Elk,197,147,1,76,6,drowning
2675,reproduce,Elk,191,141,5,89,4,offspring:1
2675,reproduce,Elk,192,144,8,94,7,offspring:1
2675,reproduce,Elk,193,132,9,68,6,offspring:1
2675,reproduce,Elk,194,151,0,86,0,offspring:1
2675,reproduce,Elk,195,155,2,87,8,offspring:1
2675,reproduce,Elk,196,132,3,70,5,offspring:1
2675,reproduce,Elk,198,142,9,91,5,offspring:1
2675,reproduce,Elk,199,144,8,75,6,offspring:1
2675,reproduce,Elk,515,127,0,74,0,offspring:1
2675,reproduce,Elk,572,109,5,96,0,offspring:1
2680,kill,Rabbit,120,228,6,145,7,killed_by:Hawk:467
2681,hunt_start,Hawk,467,228,3,145,7,target:Lizard:529
2694,hunt_start,Wolf,434,125,4,275,4,target:Tapir:664
2699,kill,Frog,842,23,9,183,9,killed_by:Boar:639
2700,hunt_fail,Boar,155,25,9,186,7,target_died
2700,hunt_start,Boar,155,25,9,186,7,target:Frog:843
2700,hunt_fail,Boar,248,24,9,185,2,target_died
2700,hunt_start,Boar,248,24,9,185,2,target:Frog:843
2700,hunt_start,Boar,639,24,1,184,2,target:Frog:843
2702,spore_created,Shroomer,-1,238,6,126,1,
2702,spore_created,Shroomer,-1,236,8,127,7,
2705,hunt_start,Jaguar,487,233,3,284,8,target:Parrot:615
2718,reproduce,Deer,642,129,8,66,6,offspring:1
2729,reproduce,Monkey,318,267,9,207,8,offspring:1
2729,reproduce,Parrot,388,90,6,210,3,offspring:1
2730,kill,Deer,234,272,2,134,4,killed_by:Wolf:438
2730,reproduce,Wolf,437,271,4,135,2,offspring:1
2730,reproduce,Wolf,438,271,8,134,7,offspring:1
2731,hunt_start,Wolf,234,272,0,133,3,target:Deer:47
2731,hunt_start,Wolf,895,274,2,135,6,target:Deer:47
2731,reproduce,Monkey,111,270,7,201,5,offspring:1
2750,hunt_start,Fox,441,186,5,129,5,target:Frog:707
2752,reproduce,Camel,259,114,3,217,5,offspring:1
2754,kill,Rabbit,94,285,9,189,2,killed_by:Hawk:465
2755,hunt_start,Hawk,465,285,9,188,9,target:Rabbit:99
2763,hunt_start,Arctic Fox,480,223,9,77,3,target:Monkey:796
2765,reproduce,Penguin,18,19,4,23,9,offspring:1
2765,reproduce,Penguin,95,18,8,18,1,offspring:1
2765,reproduce,Penguin,154,24,5,30,6,offspring:1
2765,reproduce,Penguin,532,20,7,26,9,offspring:1
2765,reproduce,Penguin,567,16,7,30,0,offspring:1
2774,hunt_start,Fox,445,287,0,222,5,target:Rabbit:771
2775,reproduce,Deer,490,131,5,161,0,offspring:1
2776,reproduce,Lizard,785,200,8,225,9,offspring:2
2777,kill,Frog,819,232,8,141,3,killed_by:Arctic Fox:479
2777,reproduce,Frog,511,197,4,125,8,offspring:2
2782,environment_death,Monkey,330,207,5,107,0,drowning
2782,hunt_fail,Snake,557,209,8,101,0,target_died
2782,hunt_start,Snake,557,209,8,101,0,target:Lizard:778
2784,reproduce,Elk,4,125,9,30,6,offspring:1
2791,hunt_start,Arctic Fox,479,232,2,141,2,target:Rabbit:121
2796,kill,Wolf,234,275,9,140,6,killed_by:Wolf:438
2797,hunt_fail,Wolf,437,275,4,139,4,target_died
2797,hunt_start,Wolf,437,275,4,139,4,target:Deer:47
2805,hunt_start,Polar Bear,478,105,0,157,0,target:Musk Ox:573
2809,reproduce,Turtle,187,83,3,187,9,offspring:1
2814,environment_death,Lizard,247,243,9,212,9,drowning
2814,hunt_fail,Wolf,547,237,3,212,5,target_died
2815,reproduce,Tapir,664,111,8,263,9,offspring:1
2825,spore_created,Shroomer,-1,281,1,201,9,
2825,spore_created,Shroomer,-1,278,9,194,5,
2830,reproduce,Camel,255,119,5,58,4,offspring:1
2834,kill,Rabbit,99,285,8,187,1,killed_by:Hawk:465
2834,hunt_fail,Jaguar,487,225,2,282,1,discomfort
2835,hunt_start,Hawk,465,286,1,187,4,target:Rabbit:581
2836,kill,Tapir,664,109,7,263,4,killed_by:Wolf:435
2837,hunt_fail,Wolf,434,110,5,263,7,target_died
2837,hunt_start,Wolf,434,110,5,263,7,target:Tapir:247
2840,hunt_start,Fox,443,178,1,97,6,target:Sectid:6
2840,reproduce,Lizard,524,148,7,256,0,offspring:2
2846,reproduce,Rabbit,45,160,0,236,9,offspring:2
2847,hunt_start,Wolf,166,120,3,276,0,target:Rabbit:830
2848,spore_created,Shroomer,-1,233,8,131,6,
2848,spore_created,Shroomer,-1,224,1,119,3,
2867,hunt_fail,Wolf,438,277,2,145,8,discomfort
2871,reproduce,Parrot,7,267,2,209,6,offspring:1
2872,kill,Frog,707,200,5,132,5,killed_by:Fox:441
2873,hunt_start,Fox,441,200,3,132,4,target:Frog:819
2874,spore_matured,Shroomer,-1,236,7,127,7,
2874,reproduce,Shroomer,-1,236,7,127,7,offspring:1
2885,starvation,Hawk,122,238,4,164,9,
2890,hunt_fail,Wolf,437,277,2,145,8,discomfort
2892,starvation,Parrot,218,143,9,120,3,
2896,kill,Sectid,6,175,3,99,4,killed_by:Fox:443
2906,reproduce,Camel,254,113,5,46,5,offspring:1
2908,reproduce,Elk,219,54,6,191,1,offspring:1
2910,reproduce,Frog,710,122,6,256,0,offspring:2
2913,kill,Frog,843,40,4,183,1,killed_by:Boar:248
2914,hunt_fail,Boar,155,38,9,182,4,target_died
2914,hunt_fail,Boar,639,37,2,182,2,target_died
2915,hunt_start,Arctic Fox,483,89,8,58,4,target:Penguin:287
2917,kill,Rabbit,830,104,3,283,4,killed_by:Fox:448
2918,hunt_fail,Wolf,166,111,1,278,8,target_died
2919,reproduce,Monkey,452,272,9,274,7,offspring:1
2925,hunt_start,Polar Bear,788,97,6,163,0,target:Musk Ox:579
2937,reproduce,Deer,41,133,2,74,2,offspring:1
2941,starvation,Deer,75,17,5,279,5,
2948,hunt_start,Wolf,429,117,1,240,7,target:Monkey:144
2949,kill,Tapir,247,112,5,274,5,killed_by:Wolf:435
2949,reproduce,Wolf,434,112,1,273,2,offspring:1
2949,reproduce,Wolf,435,112,3,273,9,offspring:1
2970,hunt_start,Jaguar,508,53,8,99,5,target:Boar:587
2974,kill,Rabbit,771,288,0,208,1,killed_by:Fox:445
2975,hunt_start,Fox,445,287,4,208,0,target:Rabbit:774
2976,reproduce,Deer,22,77,0,164,0,offspring:1
2976,reproduce,Deer,55,93,8,168,7,offspring:1
2976,reproduce,Deer,491,84,7,166,1,offspring:1
2981,hunt_start,Scorpion,470,264,9,193,6,target:Parrot:7
2981,kill,Boar,587,53,7,102,9,killed_by:Jaguar:508
2981,reproduce,Boar,586,48,0,117,1,offspring:2
2981,reproduce,Boar,730,24,4,121,7,offspring:2
2981,reproduce,Boar,731,55,4,107,9,offspring:2
2982,hunt_start,Boar,731,55,4,107,9,target:Shroomer:399
2984,starvation,Fish,621,249,8,25,3,
2991,kill,Wolf,247,109,1,270,3,killed_by:Wolf:434
2992,hunt_fail,Wolf,435,109,5,270,7,target_died
2996,hunt_fail,Arctic Fox,479,226,5,166,9,discomfort
2996,reproduce,Lizard,859,271,5,202,0,offspring:2
2997,kill,Lizard,529,205,7,155,5,killed_by:Hawk:467
2997,spore_matured,Shroomer,-1,281,2,202,6,
2997,reproduce,Shroomer,-1,281,2,202,6,offspring:1
2998,hunt_start,Hawk,467,205,7,155,2,target:Rabbit:807
3002,kill,Monkey,796,220,6,44,2,killed_by:Arctic Fox:480
3002,reproduce,Tapir,164,24,9,130,3,offspring:1
3003,hunt_start,Arctic Fox,480,220,6,44,4,target:Monkey:818
3004,reproduce,Parrot,341,95,9,58,1,offspring:1
3010,kill,Rabbit,581,285,9,160,4,killed_by:Hawk:465
3010,hunt_start,Jaguar,487,228,9,282,6,target:Monkey:78
3011,hunt_start,Hawk,465,285,9,160,6,target:Lizard:703
3011,hunt_start,Boar,730,24,7,121,0,target:Shroomer:428
3014,kill,Frog,819,194,2,117,7,killed_by:Fox:441
3014,reproduce,Lizard,217,171,6,261,5,offspring:2
3014,reproduce,Frog,816,192,8,124,5,offspring:2
3015,hunt_start,Fox,441,194,3,117,9,target:Frog:905
3019,hunt_start,Hawk,466,47,4,84,6,target:Rabbit:86
3020,spore_matured,Shroomer,-1,224,1,119,3,
3020,reproduce,Shroomer,-1,224,1,119,3,offspring:1
3028,hunt_start,Wolf,438,284,6,146,1,target:Deer:47
3042,reproduce,Rabbit,97,273,6,198,6,offspring:2
3042,reproduce,Rabbit,772,270,5,195,1,offspring:2
3042,reproduce,Rabbit,773,268,3,195,1,offspring:2
3042,reproduce,Rabbit,774,280,7,195,3,offspring:2
3042,reproduce,Rabbit,776,274,9,212,9,offspring:2
3048,hunt_fail,Arctic Fox,480,216,2,48,6,discomfort
3051,hunt_start,Fox,443,165,6,103,1,target:Parrot:145
3056,reproduce,Parrot,124,135,4,81,2,offspring:1
3056,reproduce,Parrot,145,154,7,103,5,offspring:1
3056,reproduce,Parrot,339,135,6,97,9,offspring:1
3056,reproduce,Parrot,340,129,4,86,7,offspring:1
3056,reproduce,Parrot,600,128,1,85,9,offspring:1
3057,kill,Musk Ox,573,109,7,143,5,killed_by:Polar Bear:478
3057,reproduce,Tapir,367,64,0,70,3,offspring:1
3058,reproduce,Monkey,801,198,4,96,0,offspring:1
3067,starvation,Fish,681,133,3,130,9,
3070,reproduce,Deer,71,276,9,202,8,offspring:1
3070,reproduce,Deer,72,276,1,192,1,offspring:1
3070,reproduce,Deer,148,277,0,205,0,offspring:1
3070,reproduce,Deer,571,277,9,200,9,offspring:1
3071,kill,Musk Ox,579,97,3,171,9,killed_by:Polar Bear:788
3071,reproduce,Musk Ox,3,99,5,154,0,offspring:1
3079,hunt_start,Fox,448,94,3,284,2,target:Rabbit:667
3079,kill,Penguin,287,105,6,73,4,killed_by:Arctic Fox:483
3080,hunt_start,Arctic Fox,483,105,4,73,3,target:Penguin:282
3084,reproduce,Parrot,351,71,4,212,9,offspring:1
3117,hunt_fail,Fox,443,160,2,104,0,discomfort
3117,hunt_start,Fox,549,266,7,139,3,target:Lizard:15
3119,hunt_fail,Snake,475,237,7,88,8,discomfort
3120,starvation,Monkey,322,275,5,285,5,
3139,starvation,Deer,74,15,0,278,0,
3140,kill,Rabbit,807,185,4,156,9,killed_by:Hawk:467
3141,hunt_start,Hawk,467,185,7,156,9,target:Rabbit:726
3141,kill,Deer,47,288,0,155,9,killed_by:Wolf:895
3141,reproduce,Elk,118,210,7,189,5,offspring:1
3142,hunt_fail,Wolf,437,287,0,156,7,target_died
3142,hunt_start,Wolf,437,287,0,156,7,target:Deer:81
3142,hunt_fail,Wolf,438,287,3,155,8,target_died
3150,reproduce,Parrot,855,92,7,244,3,offspring:1
3158,kill,Frog,905,192,0,134,1,killed_by:Fox:441
3159,hunt_start,Fox,441,192,1,133,8,target:Frog:816
3181,reproduce,Rabbit,632,100,3,88,4,offspring:2
3183,hunt_fail,Arctic Fox,483,109,7,65,9,discomfort
3188,hunt_start,Arctic Fox,480,217,2,52,5,target:Monkey:537
3188,reproduce,Lizard,565,156,2,98,5,offspring:2
3188,reproduce,Lizard,853,150,4,99,0,offspring:2
3189,kill,Rabbit,86,50,2,68,2,killed_by:Hawk:466
3190,hunt_start,Hawk,466,50,3,67,9,target:Rabbit:105
3197,reproduce,Monkey,119,239,5,265,9,offspring:1
3205,starvation,Wolf,436,81,5,26,1,
3208,spore_created,Shroomer,-1,220,2,85,7,
3208,spore_created,Shroomer,-1,214,1,91,9,
3209,kill,Shroomer,399,65,1,107,8,killed_by:Boar:731
3231,hunt_fail,Jaguar,485,269,3,187,0,discomfort
3232,environment_death,Tapir,373,41,3,170,1,drowning
3232,reproduce,Tapir,364,3,5,205,0,offspring:1
3232,reproduce,Tapir,365,21,9,195,4,offspring:1
3232,reproduce,Tapir,604,44,1,204,5,offspring:1
3238,spore_created,Shroomer,-1,34,0,188,2,
3238,spore_created,Shroomer,-1,37,0,194,6,
3249,starvation,Wolf,547,232,7,208,2,
3254,hunt_start,Wolf,895,285,7,155,7,target:Deer:49
3256,hunt_start,Fox,443,160,7,106,2,target:Parrot:932
3257,hunt_fail,Wolf,429,106,3,211,3,discomfort
3259,kill,Rabbit,726,171,1,166,0,killed_by:Hawk:467
3259,reproduce,Rabbit,98,187,3,152,5,offspring:2
3259,reproduce,Rabbit,146,167,9,172,1,offspring:2
3259,reproduce,Rabbit,832,191,1,153,6,offspring:2
3260,hunt_start,Hawk,467,171,3,165,9,target:Rabbit:146
3269,starvation,Frog,705,199,8,113,9,
3269,hunt_start,Arctic Fox,479,232,3,161,3,target:Lizard:709
3269,hunt_fail,Arctic Fox,523,198,3,118,7,target_died
3269,hunt_start,Arctic Fox,523,198,3,118,7,target:Frog:511
3280,reproduce,Parrot,388,100,1,203,2,offspring:1
3288,kill,Rabbit,774,278,9,174,5,killed_by:Fox:445
3290,hunt_start,Boar,100,21,4,227,9,target:Shroomer:36
3297,hunt_fail,Fox,443,158,8,105,1,discomfort
3301,kill,Frog,816,189,8,117,8,killed_by:Fox:441
3302,hunt_start,Fox,441,189,8,118,1,target:Lizard:627
3309,hunt_start,Fox,445,278,0,175,2,target:Lizard:246
3319,reproduce,Monkey,147,229,6,283,2,offspring:1
3321,hunt_start,Jaguar,485,272,6,187,7,target:Deer:937
3327,kill,Rabbit,105,55,3,56,5,killed_by:Hawk:466
3328,hunt_start,Hawk,466,55,6,56,4,target:Penguin:141
3328,spore_matured,Shroomer,-1,220,6,86,9,
3328,reproduce,Shroomer,-1,220,6,86,9,offspring:1
3329,kill,Deer,937,275,2,188,9,killed_by:Jaguar:485
3330,hunt_start,Jaguar,485,274,5,188,6,target:Deer:72
3330,reproduce,Monkey,318,267,4,202,4,offspring:1
3330,reproduce,Monkey,425,282,0,183,3,offspring:1
3332,reproduce,Monkey,111,261,3,187,3,offspring:1
3346,kill,Rabbit,667,79,1,256,1,killed_by:Fox:448
3346,reproduce,Deer,43,257,9,144,2,offspring:1
3346,reproduce,Deer,49,272,8,153,9,offspring:1
3346,reproduce,Deer,79,270,8,158,6,offspring:1
3346,reproduce,Deer,80,270,9,156,9,offspring:1
3347,hunt_start,Fox,448,79,2,256,3,target:Rabbit:829
3348,starvation,Wolf,439,53,5,122,9,
3348,hunt_fail,Arctic Fox,480,202,9,66,6,discomfort
3348,reproduce,Deer,161,0,5,264,3,offspring:1
3352,reproduce,Turtle,185,140,5,52,0,offspring:1
3353,hunt_start,Jaguar,508,56,4,113,0,target:Boar:663
3354,reproduce,Elk,669,200,0,229,8,offspring:1
3356,hunt_fail,Wolf,438,263,1,170,0,discomfort
3356,reproduce,Polar Bear,478,108,8,150,0,offspring:1
3357,hunt_start,Polar Bear,478,108,7,150,0,target:Musk Ox:3
3357,hunt_start,Polar Bear,956,107,5,151,0,target:Musk Ox:3
3369,hunt_start,Wolf,429,112,3,212,8,target:Lizard:228
3373,reproduce,Frog,711,120,3,256,0,offspring:2
3375,reproduce,Parrot,381,64,0,89,8,offspring:1
3376,reproduce,Monkey,335,103,5,192,0,offspring:1
3379,hunt_fail,Scorpion,470,265,9,189,0,discomfort
3380,spore_matured,Shroomer,-1,215,0,91,8,
3380,reproduce,Shroomer,-1,215,0,91,8,offspring:1
3384,hunt_fail,Wolf,437,264,2,168,8,discomfort
3389,reproduce,Musk Ox,672,81,6,153,1,offspring:1
3395,kill,Frog,511,199,6,134,8,killed_by:Arctic Fox:523
3395,reproduce,Parrot,23,129,6,64,0,offspring:1
3395,reproduce,Frog,704,183,2,123,2,offspring:2
3408,kill,Deer,72,275,0,195,6,killed_by:Jaguar:485
3408,reproduce,Jaguar,485,275,0,195,0,offspring:1
3409,hunt_start,Jaguar,72,274,0,195,9,target:Deer:939
3409,hunt_start,Jaguar,485,275,0,195,1,target:Deer:70
3410,reproduce,Lizard,128,257,7,143,8,offspring:2
3410,spore_matured,Shroomer,-1,34,0,188,2,
3410,reproduce,Shroomer,-1,34,0,188,2,offspring:1
3410,spore_matured,Shroomer,-1,36,8,194,5,
3410,reproduce,Shroomer,-1,36,8,194,5,offspring:1
3414,kill,Rabbit,146,160,6,185,7,killed_by:Hawk:467
3420,hunt_start,Polar Bear,611,6,5,4,1,target:Penguin:789
3422,reproduce,Parrot,7,257,9,179,1,offspring:1
3449,starvation,Wolf,548,91,7,89,7,
3453,hunt_start,Arctic Fox,523,197,2,130,8,target:Frog:919
3456,hunt_start,Arctic Fox,483,117,9,62,2,target:Penguin:282
3465,kill,Penguin,141,66,1,71,8,killed_by:Hawk:466
3466,hunt_start,Hawk,466,66,0,71,6,target:Penguin:533
3471,environment_death,Deer,81,259,8,166,6,drowning
3474,hunt_fail,Fox,445,261,7,174,9,discomfort
3475,reproduce,Camel,531,107,8,224,0,offspring:1
3476,hunt_start,Wolf,432,287,0,65,9,target:Boar:456
3479,reproduce,Rabbit,101,63,9,79,3,offspring:2
3490,hunt_start,Wolf,434,108,5,268,4,target:Frog:218
3493,environment_death,Lizard,246,255,3,178,1,drowning
3497,kill,Boar,663,55,7,102,5,killed_by:Jaguar:508
3498,hunt_fail,Jaguar,486,51,6,107,3,target_died
3498,hunt_start,Jaguar,486,51,6,107,3,target:Boar:587
3511,kill,Musk Ox,3,97,8,148,0,killed_by:Polar Bear:956
3512,hunt_fail,Polar Bear,478,100,9,149,1,target_died
3512,hunt_start,Polar Bear,478,100,9,149,1,target:Musk Ox:579
3513,hunt_start,Wolf,438,269,7,171,1,target:Rabbit:96
3516,hunt_start,Fox,443,160,3,106,6,target:Lizard:942
3518,reproduce,Monkey,140,273,8,262,0,offspring:1
3520,reproduce,Monkey,452,272,0,270,1,offspring:1
3522,kill,Shroomer,36,22,9,218,5,killed_by:Boar:100
3530,kill,Boar,587,47,7,109,8,killed_by:Jaguar:486
3530,reproduce,Jaguar,486,48,3,109,4,offspring:1
3531,hunt_start,Jaguar,3,49,9,107,9,target:Deer:68
3531,hunt_start,Jaguar,486,48,2,109,5,target:Boar:586
3535,starvation,Arctic Fox,523,183,7,127,7,
3541,environment_death,Musk Ox,307,188,5,14,3,drowning
3551,reproduce,Parrot,351,85,9,222,8,offspring:1
3552,hunt_fail,Fox,443,158,2,107,1,discomfort
3557,kill,Rabbit,96,270,6,171,2,killed_by:Wolf:438
3558,hunt_fail,Wolf,437,270,5,170,2,target_died
3561,reproduce,Parrot,341,86,1,53,7,offspring:1
3566,hunt_fail,Wolf,430,286,9,57,0,discomfort
3567,kill,Deer,939,263,6,201,6,killed_by:Jaguar:72
3567,hunt_fail,Arctic Fox,483,107,8,58,1,discomfort
3568,hunt_start,Jaguar,72,264,1,201,5,target:Turtle:619
3570,kill,Penguin,533,72,3,82,9,killed_by:Hawk:466
3570,reproduce,Penguin,276,99,8,91,5,offspring:1
3570,reproduce,Penguin,277,105,3,64,2,offspring:1
3570,reproduce,Penguin,281,122,2,68,8,offspring:1
3570,reproduce,Penguin,282,107,1,59,5,offspring:1
3570,reproduce,Penguin,283,100,3,64,6,offspring:1
3570,reproduce,Penguin,286,101,9,63,4,offspring:1
3570,reproduce,Hawk,466,72,1,82,5,offspring:1
3570,reproduce,Penguin,736,99,1,61,3,offspring:1
3571,hunt_start,Hawk,466,72,2,82,6,target:Rabbit:85
3571,hunt_start,Hawk,967,71,9,82,9,target:Rabbit:85
3575,reproduce,Musk Ox,535,84,1,197,4,offspring:1
3578,hunt_start,Hawk,467,160,7,185,5,target:Rabbit:948
3579,starvation,Arctic Fox,595,153,0,86,4,
3579,hunt_start,Wolf,437,271,2,170,8,target:Deer:380
3592,reproduce,Tapir,363,131,5,96,0,offspring:1
3594,hunt_start,Bear,462,84,9,150,9,target:Turtle:866
3609,reproduce,Deer,71,284,4,202,7,offspring:1
3611,environment_death,Deer,69,259,0,179,3,drowning
3614,hunt_start,Polar Bear,788,99,0,168,8,target:Musk Ox:290
3617,reproduce,Parrot,395,96,2,222,1,offspring:1
3619,hunt_fail,Wolf,432,287,0,59,8,discomfort
3621,kill,Rabbit,829,63,4,229,4,killed_by:Fox:448
3622,hunt_start,Fox,448,63,5,229,7,target:Lizard:728
3624,kill,Boar,586,45,4,116,4,killed_by:Jaguar:486
3629,kill,Deer,70,288,0,193,7,killed_by:Jaguar:485
3634,kill,Rabbit,85,75,4,86,2,killed_by:Hawk:466
3635,hunt_fail,Wolf,433,287,7,58,5,discomfort
3635,hunt_start,Hawk,466,75,8,85,8,target:Rabbit:101
3635,hunt_fail,Hawk,967,75,5,86,1,target_died
3635,hunt_start,Hawk,967,75,5,86,1,target:Rabbit:101
3649,hunt_start,Scorpion,470,274,9,190,6,target:Lizard:247
3652,kill,Frog,218,125,3,261,3,killed_by:Wolf:435
3653,hunt_fail,Wolf,434,124,8,260,9,target_died
3653,hunt_start,Wolf,434,124,8,260,9,target:Frog:710
3666,starvation,Arctic Fox,484,115,8,163,7,
3666,reproduce,Deer,29,262,7,221,7,offspring:1
3667,reproduce,Turtle,184,146,0,61,2,offspring:1
3671,reproduce,Deer,148,277,3,220,1,offspring:1
3671,reproduce,Deer,571,285,4,198,7,offspring:1
3675,reproduce,Turtle,190,224,5,13,9,offspring:1
3677,reproduce,Lizard,656,95,9,74,8,offspring:2
3685,hunt_fail,Wolf,429,114,1,245,2,discomfort
3688,kill,Turtle,619,270,8,201,6,killed_by:Jaguar:72
3688,reproduce,Turtle,177,267,3,214,9,offspring:1
3697,kill,Turtle,866,87,2,155,3,killed_by:Bear:462
3698,starvation,Wolf,149,0,5,131,7,
3698,hunt_start,Bear,462,86,9,154,8,target:Musk Ox:16
3701,reproduce,Parrot,855,107,7,249,7,offspring:1
3703,reproduce,Tapir,164,23,6,146,6,offspring:1
3705,hunt_fail,Fox,441,198,7,71,4,discomfort
3708,kill,Musk Ox,579,107,5,158,2,killed_by:Polar Bear:478
3711,hunt_fail,Scorpion,470,274,7,192,2,discomfort
3716,kill,Rabbit,101,69,9,81,4,killed_by:Hawk:466
3717,hunt_fail,Hawk,967,70,1,81,4,target_died
3717,hunt_start,Hawk,967,70,1,81,4,target:Rabbit:103
3719,starvation,Elk,519,242,0,19,5,
3719,starvation,Elk,520,246,9,23,2,
3723,kill,Lizard,709,191,9,142,2,killed_by:Arctic Fox:479
3723,hunt_start,Arctic Fox,483,114,4,56,2,target:Penguin:939
3724,hunt_start,Arctic Fox,479,192,1,142,3,target:Rabbit:726
3728,hunt_fail,Wolf,431,287,0,59,2,discomfort
3728,reproduce,Elk,748,34,9,205,5,offspring:1
3729,reproduce,Parrot,894,98,2,183,5,offspring:1
3731,hunt_start,Boar,100,22,3,213,7,target:Frog:591
3735,kill,Musk Ox,290,92,2,165,2,killed_by:Polar Bear:788
3747,reproduce,Lizard,859,267,2,215,6,offspring:2
3762,kill,Frog,710,118,2,247,4,killed_by:Wolf:435
3763,hunt_fail,Wolf,434,118,5,248,3,target_died
3763,hunt_start,Wolf,434,118,5,248,3,target:Frog:6
3777,kill,Deer,68,29,7,97,5,killed_by:Jaguar:3
3777,reproduce,Deer,65,40,6,89,4,offspring:1
3777,reproduce,Deer,66,23,0,95,9,offspring:1
3777,reproduce,Deer,67,42,9,111,5,offspring:1
3777,reproduce,Deer,84,23,3,92,5,offspring:1
3777,reproduce,Deer,319,39,4,93,7,offspring:1
3777,reproduce,Deer,492,37,9,88,1,offspring:1
3777,reproduce,Deer,568,19,7,105,3,offspring:1
3777,reproduce,Deer,583,21,0,94,8,offspring:1
3777,reproduce,Deer,617,46,4,92,4,offspring:1
3777,reproduce,Deer,633,16,1,88,0,offspring:1
3777,reproduce,Deer,727,40,6,91,2,offspring:1
3777,reproduce,Deer,749,58,5,86,9,offspring:1
3778,hunt_start,Jaguar,3,30,2,97,8,target:Deer:68
3786,reproduce,Lizard,389,149,7,216,1,offspring:2
3786,reproduce,Lizard,498,152,0,206,9,offspring:2
3786,reproduce,Lizard,751,147,1,210,1,offspring:2
3788,kill,Musk Ox,16,90,9,156,8,killed_by:Bear:462
3788,reproduce,Musk Ox,288,80,0,169,6,offspring:1
3788,reproduce,Musk Ox,289,79,9,168,9,offspring:1
3788,reproduce,Musk Ox,291,81,9,169,0,offspring:1
3788,reproduce,Musk Ox,293,116,4,172,6,offspring:1
3788,reproduce,Bear,462,90,2,156,5,offspring:1
3789,hunt_start,Bear,462,90,2,156,5,target:Deer:912
3789,hunt_start,Bear,989,93,1,153,6,target:Turtle:186
3794,kill,Rabbit,948,151,1,155,2,killed_by:Hawk:467
3794,kill,Penguin,939,120,8,52,2,killed_by:Arctic Fox:483
3795,hunt_start,Arctic Fox,483,120,6,52,4,target:Frog:815
3798,reproduce,Monkey,119,236,9,262,4,offspring:1
3802,reproduce,Camel,662,116,0,30,4,offspring:1
3807,hunt_start,Fox,445,275,7,174,4,target:Monkey:425
3827,starvation,Arctic Fox,738,30,7,54,2,
3833,kill,Deer,380,288,0,167,4,killed_by:Wolf:438
3833,reproduce,Wolf,438,287,4,167,3,offspring:1
3834,hunt_fail,Wolf,437,286,9,167,1,target_died
3834,hunt_start,Wolf,437,286,9,167,1,target:Monkey:436
3834,hunt_start,Wolf,738,285,5,168,0,target:Monkey:436
3839,kill,Rabbit,103,63,5,76,1,killed_by:Hawk:967
3839,reproduce,Deer,391,6,7,255,8,offspring:1
3840,hunt_start,Hawk,967,63,3,76,2,target:Rabbit:141
3842,reproduce,Parrot,19,79,0,61,0,offspring:1
3861,kill,Turtle,186,95,4,155,8,killed_by:Bear:989
3862,hunt_start,Bear,989,94,9,155,3,target:Deer:489
3869,hunt_start,Jaguar,508,51,1,104,8,target:Tapir:800
3871,hunt_fail,Arctic Fox,479,189,2,156,6,discomfort
3877,hunt_fail,Wolf,435,118,9,244,5,discomfort
3880,kill,Tapir,800,53,0,102,1,killed_by:Jaguar:508
3880,reproduce,Camel,259,113,2,218,5,offspring:1
3882,hunt_start,Hawk,466,70,1,90,6,target:Lizard:656
3882,reproduce,Boar,731,70,1,114,7,offspring:2
3884,spore_created,Shroomer,-1,220,7,88,3,
3884,spore_created,Shroomer,-1,227,4,93,9,
3885,starvation,Frog,507,190,1,67,4,
3885,hunt_start,Snake,475,231,3,97,6,target:Shroomer:992
3885,reproduce,Deer,80,267,5,158,8,offspring:1
3885,reproduce,Frog,854,129,1,48,8,offspring:2
3889,reproduce,Musk Ox,310,192,0,-0,0,offspring:1
3897,reproduce,Elk,517,38,7,206,0,offspring:1
3905,hunt_fail,Snake,475,231,1,97,3,target_died
3906,hunt_start,Wolf,433,286,5,67,9,target:Boar:456
3908,kill,Frog,815,127,8,41,9,killed_by:Arctic Fox:483
3909,hunt_start,Arctic Fox,483,127,7,42,0,target:Frog:854
3914,spore_created,Shroomer,-1,206,2,72,6,
3914,spore_created,Shroomer,-1,206,6,85,4,
3920,kill,Penguin,789,19,7,29,0,killed_by:Polar Bear:611
3921,hunt_start,Polar Bear,611,19,4,28,5,target:Penguin:94
3922,reproduce,Musk Ox,311,192,0,-0,0,offspring:1
3926,reproduce,Parrot,381,53,7,76,8,offspring:1
3928,reproduce,Wolf,437,287,5,178,5,offspring:1
3929,reproduce,Monkey,120,267,9,195,2,offspring:1
3931,reproduce,Monkey,318,266,3,214,8,offspring:1
3931,reproduce,Monkey,425,288,0,184,8,offspring:1
3931,reproduce,Monkey,896,277,1,188,8,offspring:1
3937,starvation,Lizard,112,67,0,207,1,
3937,spore_created,Shroomer,-1,37,2,198,4,
3937,spore_created,Shroomer,-1,31,1,193,9,
3943,hunt_start,Boar,800,73,1,113,7,target:Shroomer:396
3944,starvation,Deer,73,17,5,279,5,
3944,reproduce,Jaguar,508,52,5,100,8,offspring:1
3945,hunt_start,Jaguar,73,54,2,98,2,target:Tapir:872
3945,hunt_start,Jaguar,508,52,5,100,7,target:Deer:617
3945,reproduce,Rabbit,654,242,7,128,0,offspring:2
3946,hunt_fail,Wolf,434,120,0,242,9,discomfort
3946,hunt_fail,Wolf,435,119,8,243,6,discomfort
3949,reproduce,Deer,161,14,8,263,5,offspring:1
3959,hunt_start,Jaguar,486,43,1,112,7,target:Deer:67
3959,hunt_start,Wolf,998,288,0,176,5,target:Monkey:1001
3963,kill,Deer,67,42,1,111,0,killed_by:Jaguar:486
3964,hunt_start,Fox,443,160,1,107,3,target:Lizard:942
3964,hunt_start,Jaguar,485,283,7,190,3,target:Monkey:425
3965,kill,Deer,68,20,6,86,6,killed_by:Jaguar:3
3972,starvation,Arctic Fox,480,203,0,66,5,
3974,hunt_start,Hawk,467,150,1,158,4,target:Rabbit:947
3980,starvation,Wolf,432,285,6,59,8,
3988,spore_created,Shroomer,-1,74,5,105,8,
3988,spore_created,Shroomer,-1,66,3,104,9,
3990,hunt_start,Boar,990,72,5,114,7,target:Shroomer:396
3993,hunt_start,Boar,731,69,4,114,2,target:Shroomer:396
3994,reproduce,Parrot,388,92,2,219,6,offspring:1
4001,hunt_start,Scorpion,470,278,5,190,0,target:Lizard:621
4004,spore_matured,Shroomer,-1,220,2,88,6,
4004,reproduce,Shroomer,-1,220,2,88,6,offspring:1
4008,reproduce,Rabbit,632,100,0,89,6,offspring:2
4013,reproduce,Elk,195,161,3,96,0,offspring:1
4016,kill,Rabbit,141,59,6,99,1,killed_by:Hawk:967
4017,hunt_start,Hawk,967,59,4,98,9,target:Shroomer:68
4019,reproduce,Monkey,147,235,0,271,3,offspring:1
4020,kill,Penguin,94,21,5,35,5,killed_by:Polar Bear:611
4021,hunt_start,Polar Bear,611,21,3,34,9,target:Penguin:837
4034,hunt_fail,Fox,443,160,9,108,7,discomfort
4034,spore_matured,Shroomer,-1,206,6,85,4,
4034,reproduce,Shroomer,-1,206,6,85,4,offspring:1
4034,spore_matured,Shroomer,-1,206,2,72,5,
4034,reproduce,Shroomer,-1,206,2,72,5,offspring:1
4035,hunt_start,Wolf,435,119,5,245,9,target:Frog:6
4035,spore_created,Shroomer,-1,227,4,79,6,
4035,spore_created,Shroomer,-1,219,5,75,7,
4050,kill,Frog,854,130,6,58,0,killed_by:Arctic Fox:483
4051,hunt_start,Arctic Fox,483,130,5,57,8,target:Frog:993
4054,hunt_start,Polar Bear,956,98,3,149,0,target:Tapir:826
4056,reproduce,Parrot,23,135,8,43,5,offspring:1
4060,hunt_start,Jaguar,72,268,6,202,2,target:Rabbit:776
4061,reproduce,Deer,49,206,9,129,1,offspring:1
4066,starvation,Arctic Fox,481,249,9,2,0,
4067,hunt_start,Arctic Fox,479,192,9,155,3,target:Rabbit:950
4068,starvation,Fish,620,249,0,25,4,
4068,reproduce,Fish,495,252,2,34,6,offspring:2
4068,reproduce,Fish,496,251,5,33,8,offspring:2
4068,reproduce,Fish,506,252,5,36,0,offspring:2
4068,reproduce,Fish,653,260,5,45,3,offspring:2
4068,reproduce,Fish,767,260,4,41,2,offspring:2
4068,reproduce,Fish,768,258,1,41,9,offspring:2
4068,reproduce,Fish,777,251,5,30,9,offspring:2
4068,reproduce,Fish,782,251,3,35,2,offspring:2
4068,reproduce,Fish,802,250,4,34,5,offspring:2
4068,reproduce,Fish,804,249,0,34,8,offspring:2
4068,reproduce,Fish,809,261,1,41,6,offspring:2
4068,reproduce,Fish,810,257,8,44,5,offspring:2
4068,reproduce,Fish,811,256,8,44,2,offspring:2
4069,hunt_fail,Scorpion,470,279,9,191,1,discomfort
4073,kill,Lizard,656,52,8,71,0,killed_by:Hawk:466
4074,hunt_fail,Snake,556,55,4,72,7,target_died
4074,reproduce,Elk,4,137,8,32,0,offspring:1
4076,starvation,Hawk,530,177,8,287,6,
4080,hunt_start,Hawk,466,53,2,71,3,target:Rabbit:81
4086,kill,Monkey,436,288,0,195,0,killed_by:Wolf:738
4086,reproduce,Deer,43,262,6,149,9,offspring:1
4086,reproduce,Deer,79,265,6,158,1,offspring:1
4087,hunt_fail,Wolf,437,287,6,195,1,prey_escaped
4087,hunt_start,Wolf,437,287,6,195,1,target:Deer:681
4087,hunt_fail,Wolf,438,287,1,195,5,prey_escaped
4087,hunt_start,Wolf,738,287,3,194,6,target:Deer:681
4088,reproduce,Penguin,281,129,3,68,7,offspring:1
4092,kill,Tapir,872,51,0,88,0,killed_by:Jaguar:73
4092,kill,Shroomer,68,67,3,105,9,killed_by:Hawk:967
4092,reproduce,Tapir,25,45,7,89,0,offspring:1
4092,reproduce,Tapir,367,49,3,77,6,offspring:1
4092,reproduce,Tapir,368,32,7,66,6,offspring:1
4093,hunt_start,Hawk,967,67,2,105,7,target:Parrot:959
4096,starvation,Fox,440,15,5,232,9,
4099,starvation,Hawk,553,219,2,113,8,
4099,reproduce,Elk,194,160,2,96,0,offspring:1
4103,reproduce,Monkey,150,59,0,222,4,offspring:1
4103,reproduce,Monkey,562,58,4,222,6,offspring:1
4103,reproduce,Monkey,719,62,4,250,1,offspring:1
4109,spore_matured,Shroomer,-1,37,2,198,4,
4109,reproduce,Shroomer,-1,37,2,198,4,offspring:1
4109,spore_matured,Shroomer,-1,30,7,194,3,
4109,reproduce,Shroomer,-1,30,7,194,3,offspring:1
4113,reproduce,Parrot,287,72,3,214,9,offspring:1
4113,reproduce,Parrot,351,89,6,220,0,offspring:1
4114,reproduce,Turtle,183,176,0,156,9,offspring:1
4117,kill,Boar,456,283,4,49,6,killed_by:Wolf:433
4118,hunt_fail,Wolf,430,283,6,50,0,target_died
4118,hunt_start,Wolf,430,283,6,50,0,target:Boar:455
4118,hunt_fail,Wolf,431,284,3,50,1,target_died
4119,reproduce,Elk,797,56,4,187,3,offspring:1
4124,reproduce,Frog,711,119,8,257,8,offspring:2
4126,hunt_fail,Wolf,430,283,4,50,0,discomfort
4130,spore_created,Shroomer,-1,42,3,88,0,
4130,spore_created,Shroomer,-1,47,4,76,6,
4132,hunt_fail,Wolf,433,285,6,49,2,discomfort
4132,reproduce,Elk,761,208,6,227,4,offspring:1
4140,hunt_start,Wolf,429,122,4,255,1,target:Frog:1041
4150,reproduce,Parrot,74,100,1,257,2,offspring:1
4155,spore_matured,Shroomer,-1,219,5,75,7,
4155,reproduce,Shroomer,-1,219,5,75,7,offspring:1
4158,kill,Deer,617,42,0,89,5,killed_by:Jaguar:508
4159,hunt_start,Scorpion,470,277,9,192,6,target:Lizard:621
4162,spore_created,Shroomer,-1,182,3,122,4,
4162,spore_created,Shroomer,-1,191,5,128,3,
4165,hunt_fail,Wolf,431,285,1,50,3,discomfort
4166,kill,Shroomer,396,69,2,106,4,killed_by:Boar:990
4167,hunt_fail,Boar,800,69,4,105,9,target_died
4167,hunt_start,Boar,800,69,4,105,9,target:Shroomer:670
4173,kill,Deer,912,71,5,172,3,killed_by:Bear:462
4173,kill,Rabbit,947,178,1,161,0,killed_by:Hawk:467
4173,reproduce,Frog,957,115,8,260,1,offspring:2
4174,hunt_start,Bear,462,72,3,171,9,target:Deer:771
4178,kill,Frog,993,137,1,45,0,killed_by:Arctic Fox:483
4178,reproduce,Frog,175,113,0,50,4,offspring:2
4178,reproduce,Frog,750,108,5,43,6,offspring:2
4178,reproduce,Frog,852,104,1,46,8,offspring:2
4179,starvation,Hawk,552,180,8,287,4,
4179,hunt_start,Arctic Fox,483,137,0,45,2,target:Frog:994
4184,reproduce,Lizard,627,203,6,64,0,offspring:2
4193,hunt_start,Fox,444,127,8,30,0,target:Parrot:854
4198,kill,Penguin,837,33,0,36,6,killed_by:Polar Bear:611
4199,hunt_start,Polar Bear,611,32,2,36,5,target:Penguin:673
4201,reproduce,Turtle,180,66,6,5,8,offspring:1
4202,hunt_start,Jaguar,73,51,4,89,4,target:Deer:979
4204,kill,Monkey,425,288,0,198,2,killed_by:Fox:445
4205,hunt_start,Fox,445,287,4,198,2,target:Monkey:78
4205,hunt_fail,Jaguar,485,286,6,193,8,target_died
4205,hunt_start,Jaguar,485,286,6,193,8,target:Deer:85
4207,spore_matured,Shroomer,-1,227,4,79,6,
4207,reproduce,Shroomer,-1,227,4,79,6,offspring:1
4208,hunt_start,Fox,441,207,3,70,5,target:Lizard:1047
4211,hunt_fail,Fox,448,104,9,188,9,discomfort
4213,environment_death,Tapir,370,25,1,80,6,drowning
4223,reproduce,Lizard,941,136,9,64,0,offspring:2
4228,hunt_fail,Wolf,434,120,1,242,1,discomfort
4229,reproduce,Deer,22,64,0,173,3,offspring:1
4236,kill,Deer,681,269,7,200,5,killed_by:Wolf:438
4237,hunt_fail,Wolf,437,270,5,200,2,target_died
4237,hunt_start,Wolf,437,270,5,200,2,target:Rabbit:564
4237,hunt_fail,Wolf,738,274,0,199,1,target_died
4237,hunt_start,Wolf,738,274,0,199,1,target:Deer:938
4239,kill,Frog,1041,122,5,267,3,killed_by:Wolf:429
4240,hunt_start,Wolf,429,122,5,267,0,target:Frog:1042
4252,hunt_start,Polar Bear,478,112,5,155,7,target:Deer:765
4255,kill,Rabbit,81,49,4,94,5,killed_by:Hawk:466
4258,reproduce,Monkey,936,190,9,102,8,offspring:1
4267,reproduce,Turtle,182,164,1,161,1,offspring:1
4274,reproduce,Deer,148,267,4,225,4,offspring:1
4278,hunt_start,Polar Bear,788,98,2,158,0,target:Deer:55
4280,reproduce,Parrot,894,93,9,183,7,offspring:1
4284,kill,Rabbit,950,222,0,153,0,killed_by:Arctic Fox:479
4284,hunt_start,Snake,556,63,9,66,8,target:Parrot:19
4290,kill,Monkey,78,288,0,203,3,killed_by:Fox:445
4291,hunt_fail,Jaguar,487,288,0,205,9,target_died
4291,hunt_start,Jaguar,487,288,0,205,9,target:Deer:71
4295,kill,Tapir,826,109,4,141,2,killed_by:Polar Bear:956
4297,reproduce,Deer,29,266,8,217,4,offspring:1
4297,reproduce,Deer,71,282,4,204,6,offspring:1
4297,reproduce,Deer,857,268,9,212,9,offspring:1
4297,reproduce,Deer,858,267,2,193,2,offspring:1
4298,hunt_start,Jaguar,486,51,7,109,4,target:Deer:710
4299,hunt_start,Fox,442,114,2,33,9,target:Frog:1048
4301,reproduce,Tapir,369,25,7,136,3,offspring:1
4302,spore_matured,Shroomer,-1,42,4,88,0,
4302,reproduce,Shroomer,-1,42,4,88,0,offspring:1
4302,spore_matured,Shroomer,-1,47,4,76,6,
4302,reproduce,Shroomer,-1,47,4,76,6,offspring:1
4303,starvation,Wolf,418,0,1,130,6,
4309,reproduce,Tapir,363,141,2,92,3,offspring:1
4317,kill,Frog,994,139,7,61,0,killed_by:Arctic Fox:483
4318,hunt_start,Arctic Fox,483,139,7,60,8,target:Lizard:370
4326,kill,Shroomer,670,66,9,109,9,killed_by:Boar:800
4329,hunt_start,Fox,448,110,7,186,3,target:Lizard:728
4329,reproduce,Parrot,855,104,7,256,0,offspring:1
4331,kill,Deer,979,53,9,82,0,killed_by:Jaguar:73
4334,spore_matured,Shroomer,-1,182,3,122,4,
4334,reproduce,Shroomer,-1,182,3,122,4,offspring:1
4337,hunt_start,Jaguar,3,27,4,92,3,target:Deer:583
4346,kill,Deer,583,27,4,95,4,killed_by:Jaguar:3
4348,hunt_start,Wolf,75,88,3,286,3,target:Rabbit:35
4348,kill,Penguin,673,38,5,37,3,killed_by:Polar Bear:611
4349,hunt_start,Polar Bear,611,37,5,37,4,target:Penguin:275
4353,hunt_start,Hawk,467,173,9,153,0,target:Rabbit:724
4359,kill,Parrot,959,75,1,66,4,killed_by:Hawk:967
4360,hunt_start,Hawk,967,75,1,66,7,target:Rabbit:11
4363,kill,Frog,1042,120,1,251,3,killed_by:Wolf:429
4363,hunt_start,Snake,473,176,6,243,2,target:Lizard:581
4364,hunt_start,Wolf,429,120,2,251,7,target:Frog:958
4365,environment_death,Elk,219,58,8,190,1,drowning
4370,starvation,Wolf,166,111,2,286,1,
4373,hunt_fail,Fox,441,198,8,53,0,discomfort
4376,hunt_start,Fox,443,165,0,103,2,target:Parrot:933
4379,kill,Deer,489,112,6,182,8,killed_by:Bear:989
4387,hunt_fail,Wolf,438,262,9,200,3,discomfort
4411,kill,Deer,938,269,9,184,5,killed_by:Wolf:738
4415,starvation,Parrot,165,86,6,103,9,
4418,reproduce,Turtle,181,64,7,6,4,offspring:1
4426,hunt_fail,Wolf,437,262,9,200,3,discomfort
4433,environment_death,Camel,264,122,3,237,0,drowning
4440,reproduce,Deer,391,6,3,267,3,offspring:1
4444,hunt_fail,Polar Bear,478,114,1,144,4,discomfort
4447,hunt_fail,Wolf,438,263,2,201,7,discomfort
4449,kill,Frog,1048,105,3,50,2,killed_by:Fox:442
4450,hunt_start,Fox,442,105,4,50,0,target:Frog:852
4455,hunt_fail,Fox,443,161,9,110,7,discomfort
4456,kill,Frog,6,113,0,226,9,killed_by:Wolf:435
4456,kill,Deer,710,60,9,99,8,killed_by:Jaguar:486
4457,hunt_fail,Wolf,434,113,4,227,7,target_died
4457,hunt_start,Wolf,434,113,4,227,7,target:Monkey:89
4459,kill,Frog,958,110,9,247,2,killed_by:Wolf:429
4460,hunt_start,Wolf,429,111,2,247,4,target:Parrot:855
4461,starvation,Rabbit,831,208,4,161,5,
4474,reproduce,Lizard,128,256,0,121,8,offspring:2
4477,reproduce,Parrot,381,37,4,78,2,offspring:1
4477,reproduce,Lizard,484,85,7,83,4,offspring:2
4477,reproduce,Lizard,971,81,3,85,0,offspring:2
4491,environment_death,Tapir,361,103,4,135,3,drowning
4494,hunt_start,Arctic Fox,479,218,8,161,0,target:Rabbit:137
4498,starvation,Fox,441,202,7,53,0,
4498,reproduce,Lizard,859,262,7,225,6,offspring:2
4509,hunt_fail,Bear,462,60,4,166,7,discomfort
4512,reproduce,Hawk,466,52,5,89,0,offspring:1
4513,reproduce,Parrot,19,64,0,60,9,offspring:1
4518,hunt_start,Wolf,437,267,3,201,0,target:Deer:1054
4519,starvation,Wolf,545,263,6,55,2,
4520,reproduce,Tapir,864,125,1,96,0,offspring:1
4529,reproduce,Elk,748,35,6,209,4,offspring:1
4530,hunt_start,Jaguar,508,34,7,92,4,target:Deer:65
4534,starvation,Wolf,544,263,5,55,4,
4537,reproduce,Penguin,597,63,9,64,0,offspring:1
4547,reproduce,Lizard,519,269,4,225,4,offspring:2
4549,starvation,Wolf,546,119,4,220,6,
4550,reproduce,Deer,161,13,7,266,5,offspring:1
4555,kill,Rabbit,11,102,2,77,3,killed_by:Hawk:967
4555,reproduce,Rabbit,102,97,4,85,6,offspring:2
4555,reproduce,Rabbit,807,101,9,90,7,offspring:2
4556,hunt_start,Hawk,967,102,0,77,2,target:Rabbit:102
4566,starvation,Arctic Fox,482,185,9,0,5,
4568,hunt_fail,Fox,442,101,2,55,1,discomfort
4568,reproduce,Elk,821,19,9,184,0,offspring:1
4578,reproduce,Elk,34,212,9,224,0,offspring:1
4578,reproduce,Elk,118,207,8,191,6,offspring:1
4578,reproduce,Elk,200,215,1,189,8,offspring:1
4578,reproduce,Elk,201,214,0,188,1,offspring:1
4578,reproduce,Elk,202,216,5,187,2,offspring:1
4578,reproduce,Elk,203,213,0,187,2,offspring:1
4578,reproduce,Elk,204,215,9,187,9,offspring:1
4578,reproduce,Elk,205,215,7,189,3,offspring:1
4578,reproduce,Elk,206,214,8,186,3,offspring:1
4578,reproduce,Elk,698,213,2,191,0,offspring:1
4584,reproduce,Camel,784,107,7,28,3,offspring:1
4587,hunt_start,Hawk,466,50,2,85,7,target:Parrot:381
4592,spore_created,Shroomer,-1,62,8,83,7,
4592,spore_created,Shroomer,-1,55,6,88,4,
4593,hunt_start,Hawk,264,53,5,90,6,target:Shroomer:1068
4595,reproduce,Monkey,105,266,5,214,3,offspring:1
4595,reproduce,Monkey,318,273,6,217,2,offspring:1
4595,reproduce,Monkey,896,258,7,207,1,offspring:1
4596,hunt_start,Wolf,738,272,1,182,3,target:Rabbit:97
4598,reproduce,Turtle,176,272,0,183,7,offspring:1
4602,hunt_fail,Snake,473,168,9,228,5,target_died
4602,hunt_start,Snake,473,168,9,228,5,target:Rabbit:909
4602,reproduce,Rabbit,5,62,4,256,1,offspring:2
4603,reproduce,Monkey,114,195,0,59,8,offspring:1
4603,reproduce,Monkey,324,198,1,60,2,offspring:1
4603,reproduce,Monkey,537,208,0,50,9,offspring:1
4604,starvation,Shroomer,790,53,9,200,7,
4605,spore_created,Shroomer,-1,16,8,207,2,
4605,spore_created,Shroomer,-1,13,8,203,0,
4606,reproduce,Penguin,281,137,1,70,5,offspring:1
4607,kill,Rabbit,724,196,8,143,4,killed_by:Hawk:467
4610,spore_created,Shroomer,-1,194,8,81,8,
4610,spore_created,Shroomer,-1,200,7,88,0,
4611,kill,Deer,55,105,0,180,0,killed_by:Polar Bear:788
4611,reproduce,Deer,464,158,8,145,0,offspring:1
4611,reproduce,Deer,682,147,6,167,4,offspring:1
4627,kill,Shroomer,1068,56,8,87,5,killed_by:Hawk:264
4628,hunt_start,Hawk,264,56,6,87,6,target:Shroomer:1067
4631,reproduce,Parrot,23,137,5,56,6,offspring:1
4638,hunt_start,Bear,462,62,3,166,5,target:Deer:913
4639,reproduce,Turtle,189,271,4,224,6,offspring:1
4644,reproduce,Musk Ox,308,192,0,8,1,offspring:1
4645,reproduce,Rabbit,576,67,8,159,4,offspring:2
4649,kill,Rabbit,35,53,3,281,1,killed_by:Wolf:75
4650,spore_created,Shroomer,-1,205,9,69,4,
4650,spore_created,Shroomer,-1,204,0,66,5,
4652,reproduce,Turtle,187,92,1,194,3,offspring:1
4662,hunt_fail,Fox,444,149,2,84,4,discomfort
4662,spore_created,Shroomer,-1,201,6,84,6,
4662,spore_created,Shroomer,-1,201,2,85,5,
4687,kill,Shroomer,1067,64,0,83,1,killed_by:Hawk:264
4688,hunt_start,Hawk,264,63,9,83,2,target:Lizard:489
4689,reproduce,Jaguar,486,54,9,102,0,offspring:1
4690,hunt_start,Jaguar,486,54,9,102,0,target:Deer:972
4690,hunt_start,Jaguar,1067,56,9,100,1,target:Deer:972
4690,reproduce,Lizard,610,88,2,227,2,offspring:2
4690,reproduce,Lizard,747,81,5,200,5,offspring:2
4690,reproduce,Lizard,769,70,8,246,9,offspring:2
4692,reproduce,Parrot,54,92,6,54,5,offspring:1
4692,reproduce,Parrot,341,87,4,53,5,offspring:1
4692,reproduce,Parrot,587,95,9,49,6,offspring:1
4692,reproduce,Parrot,796,95,2,48,8,offspring:1
4693,kill,Rabbit,97,269,2,186,7,killed_by:Wolf:738
4694,hunt_start,Wolf,75,53,8,280,1,target:Rabbit:828
4698,reproduce,Elk,517,30,7,201,1,offspring:1
4698,reproduce,Elk,628,96,0,93,9,offspring:1
4700,reproduce,Parrot,933,164,6,117,3,offspring:1
4701,reproduce,Parrot,74,106,8,279,6,offspring:1
4701,reproduce,Parrot,866,95,5,272,9,offspring:1
4702,reproduce,Musk Ox,535,88,3,202,4,offspring:1
4703,hunt_start,Jaguar,73,53,0,80,1,target:Tapir:68
4706,kill,Deer,1054,275,9,188,7,killed_by:Wolf:437
4707,hunt_start,Wolf,437,275,5,188,2,target:Deer:571
4707,hunt_fail,Wolf,438,276,1,188,3,target_died
4711,kill,Rabbit,137,200,5,147,5,killed_by:Arctic Fox:479
4712,hunt_start,Arctic Fox,479,200,7,147,7,target:Rabbit:832
4712,kill,Rabbit,102,100,7,87,6,killed_by:Hawk:967
4713,starvation,Rabbit,926,259,6,187,3,
4713,hunt_start,Hawk,967,100,6,87,9,target:Penguin:414
4717,starvation,Lizard,817,126,0,122,5,
4718,hunt_start,Jaguar,3,36,8,89,5,target:Deer:976
4730,spore_matured,Shroomer,-1,200,7,88,2,
4730,reproduce,Shroomer,-1,200,7,88,2,offspring:1
4738,spore_created,Shroomer,-1,29,6,211,1,
4738,spore_created,Shroomer,-1,24,6,208,4,
4741,reproduce,Parrot,702,96,0,98,1,offspring:1
4742,hunt_fail,Fox,448,149,1,152,7,discomfort
4742,reproduce,Penguin,276,101,7,97,6,offspring:1
4750,starvation,Rabbit,924,260,3,187,9,
4752,starvation,Penguin,271,0,0,48,5,
4754,starvation,Rabbit,923,257,6,184,8,
4759,spore_created,Shroomer,-1,212,3,86,9,
4759,spore_created,Shroomer,-1,219,9,93,7,
4763,reproduce,Lizard,785,203,6,222,4,offspring:2
4763,reproduce,Lizard,904,215,6,215,9,offspring:2
4768,reproduce,Musk Ox,310,194,4,5,9,offspring:1
4776,reproduce,Deer,49,206,0,135,9,offspring:1
4777,spore_matured,Shroomer,-1,17,5,206,9,
4777,reproduce,Shroomer,-1,17,5,206,9,offspring:1
4777,spore_matured,Shroomer,-1,13,8,203,0,
4777,reproduce,Shroomer,-1,13,8,203,0,offspring:1
4782,spore_matured,Shroomer,-1,194,8,81,1,
4782,reproduce,Shroomer,-1,194,8,81,1,offspring:1
4782,spore_matured,Shroomer,-1,202,5,83,1,
4782,reproduce,Shroomer,-1,202,5,83,1,offspring:1
4782,spore_matured,Shroomer,-1,201,1,85,5,
4782,reproduce,Shroomer,-1,201,1,85,5,offspring:1
4783,reproduce,Boar,731,67,6,107,2,offspring:2
4786,kill,Tapir,68,51,2,75,6,killed_by:Jaguar:73
4787,hunt_start,Hawk,467,195,9,133,7,target:Rabbit:98
4789,kill,Deer,71,279,9,204,7,killed_by:Jaguar:487
4790,hunt_start,Jaguar,487,280,4,204,9,target:Deer:970
4795,hunt_fail,Arctic Fox,483,99,7,100,4,discomfort
4802,reproduce,Musk Ox,311,195,3,7,5,offspring:1
4817,hunt_start,Bear,989,112,1,181,6,target:Deer:52
4821,starvation,Parrot,146,261,5,174,0,
4822,spore_matured,Shroomer,-1,205,5,69,1,
4822,reproduce,Shroomer,-1,205,5,69,1,offspring:1
4822,spore_matured,Shroomer,-1,204,0,66,5,
4822,reproduce,Shroomer,-1,204,0,66,5,offspring:1
4826,hunt_fail,Snake,473,143,5,242,0,target_died
4833,hunt_fail,Arctic Fox,479,200,6,159,7,discomfort
4834,kill,Penguin,414,106,6,73,9,killed_by:Hawk:967
4834,reproduce,Parrot,894,93,5,187,2,offspring:1
4834,reproduce,Hawk,967,106,4,74,2,offspring:1
4835,hunt_start,Hawk,967,106,5,74,1,target:Penguin:283
4835,hunt_start,Hawk,1085,106,9,75,8,target:Penguin:283
4838,hunt_start,Polar Bear,956,108,0,150,4,target:Deer:238
4849,kill,Deer,571,278,7,198,9,killed_by:Wolf:437
4849,reproduce,Wolf,438,279,2,198,9,offspring:1
4850,hunt_fail,Wolf,438,279,1,199,0,target_died
4850,hunt_start,Wolf,438,279,1,199,0,target:Deer:85
4850,hunt_start,Wolf,909,281,3,196,3,target:Deer:85
4858,spore_matured,Shroomer,-1,29,7,211,0,
4858,reproduce,Shroomer,-1,29,7,211,0,offspring:1
4867,hunt_start,Snake,473,144,3,239,8,target:Rabbit:907
4872,kill,Deer,970,274,3,207,5,killed_by:Jaguar:487
4873,hunt_start,Jaguar,487,274,8,207,3,target:Deer:78
4874,kill,Monkey,89,72,6,200,2,killed_by:Wolf:435
4875,hunt_fail,Wolf,434,74,1,201,2,target_died
4875,hunt_start,Wolf,434,74,1,201,2,target:Lizard:1091
4875,reproduce,Elk,4,133,9,19,6,offspring:1
4875,reproduce,Frog,711,114,5,260,4,offspring:2
4879,spore_matured,Shroomer,-1,219,9,93,6,
4879,reproduce,Shroomer,-1,219,9,93,6,offspring:1
4879,spore_matured,Shroomer,-1,211,3,86,5,
4879,reproduce,Shroomer,-1,211,3,86,5,offspring:1
4880,reproduce,Parrot,855,68,7,286,5,offspring:1
4899,starvation,Scorpion,555,266,2,134,6,
4904,spore_created,Shroomer,-1,213,2,82,4,
4904,spore_created,Shroomer,-1,208,5,85,7,
4907,kill,Lizard,489,99,7,85,2,killed_by:Hawk:264
4908,hunt_start,Hawk,264,99,5,85,2,target:Penguin:523
4909,starvation,Parrot,7,260,4,172,6,
4909,hunt_start,Fox,443,175,9,109,5,target:Lizard:779
4909,kill,Deer,972,42,7,93,9,killed_by:Jaguar:1067
4910,hunt_fail,Jaguar,486,51,5,98,7,target_died
4910,hunt_start,Jaguar,486,51,5,98,7,target:Deer:976
4910,hunt_start,Jaguar,1067,43,3,93,8,target:Tapir:25
4910,spore_matured,Shroomer,-1,24,6,208,4,
4910,reproduce,Shroomer,-1,24,6,208,4,offspring:1
4911,hunt_fail,Wolf,435,77,5,200,0,discomfort
4912,reproduce,Deer,29,264,4,214,3,offspring:1
4912,reproduce,Deer,148,273,1,216,8,offspring:1
4912,reproduce,Deer,858,271,6,195,4,offspring:1
4924,reproduce,Frog,957,124,3,258,9,offspring:2
4926,reproduce,Parrot,997,22,3,76,3,offspring:1
4927,reproduce,Polar Bear,788,110,0,178,3,offspring:1
4928,hunt_start,Polar Bear,788,110,0,178,3,target:Musk Ox:293
4928,hunt_start,Polar Bear,1114,111,6,176,1,target:Musk Ox:293
4929,environment_death,Elk,224,273,7,15,8,drowning
4933,hunt_fail,Wolf,434,77,4,201,1,discomfort
4934,starvation,Rabbit,922,260,4,187,8,
4938,kill,Deer,976,45,5,103,7,killed_by:Jaguar:3
4939,hunt_fail,Jaguar,486,50,9,98,9,target_died
4939,hunt_start,Jaguar,486,50,9,98,9,target:Boar:800
4940,starvation,Rabbit,773,260,2,187,5,
4940,reproduce,Rabbit,722,261,8,154,4,offspring:2
4952,hunt_fail,Bear,462,67,9,181,7,discomfort
4956,hunt_start,Wolf,738,277,7,180,1,target:Shroomer:412
4960,starvation,Musk Ox,536,272,5,17,5,
4960,reproduce,Musk Ox,302,275,9,31,0,offspring:1
4960,reproduce,Musk Ox,630,267,8,37,4,offspring:1
4960,reproduce,Musk Ox,697,260,9,29,2,offspring:1
4960,reproduce,Musk Ox,753,269,6,35,4,offspring:1
4960,reproduce,Musk Ox,814,278,0,29,3,offspring:1
4960,reproduce,Musk Ox,868,265,4,29,0,offspring:1
4967,starvation,Elk,227,243,5,21,5,
4968,hunt_start,Fox,442,113,5,55,4,target:Frog:175
4970,reproduce,Elk,761,195,1,240,7,offspring:1
4986,kill,Lizard,15,163,6,201,0,killed_by:Fox:549
4990,kill,Deer,85,270,2,202,2,killed_by:Wolf:909
4991,hunt_fail,Wolf,438,276,8,200,0,target_died
4991,hunt_start,Wolf,438,276,8,200,0,target:Turtle:799
4991,hunt_fail,Jaguar,485,281,3,196,3,target_died
4991,hunt_start,Jaguar,485,281,3,196,3,target:Shroomer:529
4992,hunt_start,Fox,549,163,3,200,9,target:Lizard:751
4996,environment_death,Monkey,326,197,0,105,3,drowning
5004,starvation,Elk,216,55,6,194,5,
5004,reproduce,Elk,518,11,8,208,2,offspring:1
5006,reproduce,Parrot,353,3,8,159,5,offspring:1
5007,reproduce,Turtle,514,32,0,8,4,offspring:1
5011,kill,Penguin,523,95,2,95,1,killed_by:Hawk:264
5012,hunt_start,Hawk,264,95,5,94,5,target:Penguin:276
5012,hunt_start,Wolf,909,270,6,202,0,target:Deer:826
5018,kill,Musk Ox,293,113,1,170,6,killed_by:Polar Bear:1114
5019,hunt_fail,Polar Bear,788,111,8,173,9,target_died
5019,hunt_start,Polar Bear,788,111,8,173,9,target:Musk Ox:988
5022,kill,Rabbit,98,220,5,149,5,killed_by:Hawk:467
5023,hunt_start,Wolf,435,82,4,201,1,target:Lizard:1091
5024,spore_matured,Shroomer,-1,213,2,82,4,
5024,reproduce,Shroomer,-1,213,2,82,4,offspring:1
5024,spore_matured,Shroomer,-1,208,3,85,5,
5024,reproduce,Shroomer,-1,208,3,85,5,offspring:1
5026,reproduce,Tapir,363,149,5,94,7,offspring:1
5028,reproduce,Parrot,381,19,2,64,3,offspring:1
5032,kill,Boar,800,56,4,100,7,killed_by:Jaguar:486
5034,reproduce,Tapir,823,135,5,192,0,offspring:1
5036,kill,Rabbit,828,84,1,261,3,killed_by:Wolf:75
5037,hunt_start,Wolf,75,83,9,261,6,target:Parrot:1046
5039,reproduce,Turtle,570,162,2,160,2,offspring:1
5040,reproduce,Rabbit,92,101,5,259,4,offspring:2
5041,reproduce,Deer,391,8,8,262,0,offspring:1
5047,starvation,Rabbit,631,85,6,95,9,
5047,hunt_fail,Hawk,468,86,5,87,9,target_died
5047,hunt_start,Hawk,468,86,5,87,9,target:Lizard:1042
5062,spore_created,Shroomer,-1,214,1,83,5,
5062,spore_created,Shroomer,-1,214,5,95,0,
5074,kill,Deer,78,286,7,217,1,killed_by:Jaguar:487
5074,reproduce,Jaguar,487,286,2,216,7,offspring:1
5075,hunt_start,Jaguar,78,288,9,217,6,target:Turtle:188
5075,hunt_start,Jaguar,487,286,2,216,7,target:Rabbit:927
5078,kill,Shroomer,412,284,9,183,0,killed_by:Wolf:738
5080,starvation,Monkey,328,211,7,84,1,
5083,kill,Frog,175,126,1,49,5,killed_by:Fox:442
5084,hunt_start,Fox,442,125,8,49,6,target:Penguin:96
5085,starvation,Lizard,626,259,6,180,9,
5087,starvation,Rabbit,726,172,6,180,7,
5094,hunt_fail,Fox,443,194,7,108,6,discomfort
5096,reproduce,Lizard,627,200,5,60,9,offspring:2
5096,reproduce,Deer,771,62,4,175,0,offspring:1
5104,starvation,Hawk,465,264,8,181,4,
5106,kill,Deer,238,123,5,161,3,killed_by:Polar Bear:956
5106,kill,Tapir,25,41,0,80,2,killed_by:Jaguar:1067
5116,starvation,Rabbit,772,257,7,184,7,
5118,starvation,Fox,443,194,7,109,5,
5124,reproduce,Penguin,281,136,5,70,5,offspring:1
5126,reproduce,Wolf,437,271,0,204,5,offspring:1
5127,hunt_start,Wolf,726,268,6,207,7,target:Deer:826
5130,kill,Turtle,799,270,3,204,2,killed_by:Wolf:438
5131,hunt_fail,Wolf,437,270,6,204,5,target_died
5131,hunt_start,Wolf,438,270,6,203,9,target:Deer:102
5135,starvation,Hawk,468,68,7,88,6,
5138,reproduce,Penguin,597,61,1,69,0,offspring:1
5141,hunt_fail,Wolf,429,41,7,288,0,discomfort
5143,reproduce,Camel,752,127,5,64,2,offspring:1
5150,reproduce,Parrot,1046,102,7,267,8,offspring:1
5151,starvation,Scorpion,469,234,4,91,2,
5151,starvation,Parrot,910,261,4,173,2,
5151,reproduce,Deer,161,12,7,260,4,offspring:1
5153,reproduce,Parrot,575,224,0,275,9,offspring:1
5156,kill,Penguin,276,114,7,94,3,killed_by:Hawk:264
5156,kill,Deer,826,271,7,213,6,killed_by:Wolf:909
5156,reproduce,Deer,857,262,4,221,9,offspring:1
5157,hunt_start,Hawk,264,114,5,94,3,target:Lizard:484
5157,hunt_fail,Wolf,726,270,0,210,0,target_died
5157,hunt_start,Wolf,726,270,0,210,0,target:Deer:29
5158,hunt_start,Jaguar,73,56,9,64,1,target:Shroomer:422
5166,reproduce,Lizard,992,128,2,64,0,offspring:2
5171,kill,Musk Ox,988,112,5,165,1,killed_by:Polar Bear:788
5171,reproduce,Musk Ox,672,82,3,158,0,offspring:1
5181,hunt_fail,Scorpion,472,213,0,123,9,discomfort
5181,spore_created,Shroomer,-1,215,6,87,9,
5181,spore_created,Shroomer,-1,209,5,96,8,
5182,spore_matured,Shroomer,-1,214,3,83,5,
5182,reproduce,Shroomer,-1,214,3,83,5,offspring:1
5183,spore_created,Shroomer,-1,225,3,91,2,
5183,spore_created,Shroomer,-1,222,4,99,0,
5202,hunt_start,Hawk,467,230,9,145,6,target:Lizard:964
5212,reproduce,Penguin,95,15,7,15,8,offspring:1
5212,reproduce,Penguin,154,16,2,16,9,offspring:1
5212,reproduce,Penguin,265,18,4,19,3,offspring:1
5212,reproduce,Penguin,267,30,0,22,1,offspring:1
5212,reproduce,Penguin,275,64,0,8,3,offspring:1
5212,reproduce,Penguin,647,28,7,7,9,offspring:1
5212,reproduce,Penguin,795,20,5,28,1,offspring:1
5212,reproduce,Penguin,898,12,9,18,5,offspring:1
5212,reproduce,Penguin,899,22,7,31,0,offspring:1
5212,reproduce,Penguin,900,16,8,22,2,offspring:1
5213,hunt_start,Fox,444,147,1,91,2,target:Lizard:853
5214,kill,Penguin,96,122,5,65,1,killed_by:Fox:442
5215,hunt_start,Fox,442,122,5,64,8,target:Penguin:1034
5228,starvation,Snake,475,223,9,125,0,
5229,kill,Lizard,1091,110,5,196,5,killed_by:Wolf:434
5230,hunt_start,Wolf,434,110,4,197,0,target:Rabbit:109
5230,hunt_fail,Wolf,435,109,8,197,0,target_died
5242,reproduce,Monkey,131,85,8,191,6,offspring:1
5251,reproduce,Parrot,933,179,2,119,5,offspring:1
5252,reproduce,Parrot,74,123,2,276,2,offspring:1
5252,reproduce,Parrot,866,90,0,265,0,offspring:1
5254,reproduce,Deer,682,160,0,180,5,offspring:1
5258,hunt_start,Wolf,429,35,1,287,2,target:Parrot:1079
5260,kill,Shroomer,422,57,8,58,1,killed_by:Jaguar:73
5263,starvation,Snake,473,148,5,229,8,
5263,starvation,Lizard,729,141,4,230,6,
5269,reproduce,Lizard,128,268,3,107,2,offspring:2
5275,starvation,Rabbit,925,262,1,209,6,
5275,reproduce,Rabbit,775,266,2,226,9,offspring:2
5275,reproduce,Rabbit,928,276,4,219,6,offspring:2
5275,reproduce,Rabbit,929,267,7,226,4,offspring:2
5285,reproduce,Polar Bear,478,111,8,151,7,offspring:1
5286,hunt_start,Polar Bear,1134,111,0,149,4,target:Tapir:357
5289,reproduce,Tapir,573,64,3,64,0,offspring:1
5294,reproduce,Monkey,539,217,4,101,9,offspring:1
5294,reproduce,Monkey,936,188,9,100,6,offspring:1
5301,spore_matured,Shroomer,-1,215,1,86,2,
5301,reproduce,Shroomer,-1,215,1,86,2,offspring:1
5312,kill,Penguin,283,119,3,74,2,killed_by:Hawk:967
5313,hunt_start,Hawk,967,118,9,74,2,target:Penguin:1034
5313,hunt_fail,Hawk,1085,113,5,77,9,target_died
5313,hunt_start,Hawk,1085,113,5,77,9,target:Parrot:116
5327,kill,Deer,29,262,2,222,8,killed_by:Wolf:726
5328,hunt_start,Wolf,726,262,4,222,4,target:Deer:443
5333,starvation,Fox,448,151,1,169,1,
5333,reproduce,Wolf,738,285,1,173,9,offspring:1
5334,hunt_start,Wolf,283,283,9,175,5,target:Deer:507
5334,hunt_start,Wolf,738,285,2,174,0,target:Deer:507
5335,kill,Penguin,1034,126,3,76,6,killed_by:Fox:442
5336,hunt_start,Fox,442,126,2,76,3,target:Parrot:511
5336,hunt_fail,Hawk,967,118,9,74,9,target_died
5336,hunt_start,Hawk,967,118,9,74,9,target:Penguin:284
5346,kill,Deer,102,268,5,188,1,killed_by:Wolf:437
5347,hunt_fail,Wolf,438,268,9,188,0,target_died
5347,hunt_start,Wolf,438,268,9,188,0,target:Shroomer:411
5348,reproduce,Deer,439,1,0,255,6,offspring:1
5349,hunt_start,Jaguar,3,59,0,100,4,target:Boar:1108
5366,hunt_fail,Wolf,429,26,6,287,2,discomfort
5367,hunt_start,Jaguar,486,49,8,104,6,target:Deer:319
5371,spore_created,Shroomer,-1,216,0,95,4,
5371,spore_created,Shroomer,-1,206,2,94,9,
5372,kill,Lizard,484,83,9,86,5,killed_by:Hawk:264
5373,hunt_start,Hawk,264,84,1,86,6,target:Lizard:971
5379,starvation,Snake,557,231,2,120,6,
5382,reproduce,Boar,990,67,2,114,6,offspring:2
5384,reproduce,Deer,902,160,0,172,6,offspring:1
5387,starvation,Wolf,429,27,5,287,2,
5388,kill,Turtle,188,278,8,222,5,killed_by:Jaguar:78
5391,reproduce,Parrot,36,76,3,262,6,offspring:1
5391,reproduce,Parrot,994,91,8,275,0,offspring:1
5394,kill,Rabbit,109,96,4,188,8,killed_by:Wolf:434
5395,hunt_start,Wolf,434,96,6,189,1,target:Turtle:187
5395,hunt_fail,Wolf,435,96,0,188,8,target_died
5396,hunt_fail,Wolf,438,268,9,188,3,discomfort
5397,reproduce,Monkey,1037,61,2,256,0,offspring:1
5409,hunt_start,Polar Bear,478,111,0,151,8,target:Deer:50
5419,hunt_start,Wolf,909,265,8,212,9,target:Shroomer:410
5426,reproduce,Elk,890,154,9,128,0,offspring:1
5431,hunt_fail,Fox,444,131,4,112,4,discomfort
5434,starvation,Fox,447,80,5,108,9,
5453,hunt_start,Arctic Fox,483,112,8,100,6,target:Penguin:817
5457,hunt_start,Wolf,438,271,8,189,2,target:Shroomer:411
5462,kill,Deer,443,268,1,231,5,killed_by:Wolf:726
5462,spore_created,Shroomer,-1,51,7,182,1,
5462,spore_created,Shroomer,-1,53,6,181,9,
5463,kill,Penguin,284,109,8,61,0,killed_by:Hawk:967
5464,hunt_start,Hawk,967,110,0,61,2,target:Frog:750
5478,environment_death,Deer,52,118,4,143,0,drowning
5478,hunt_fail,Bear,989,120,4,147,9,target_died
5478,hunt_start,Bear,989,120,4,147,9,target:Deer:490
5478,hunt_start,Jaguar,1067,42,3,81,0,target:Deer:709
5481,kill,Penguin,275,74,9,0,0,killed_by:Polar Bear:611
5482,hunt_start,Polar Bear,611,73,7,0,1,target:Turtle:180
5484,kill,Deer,709,44,0,79,7,killed_by:Jaguar:1067
5485,reproduce,Rabbit,793,150,3,258,4,offspring:2
5487,starvation,Monkey,333,0,5,126,5,
5496,starvation,Rabbit,949,191,1,160,1,
5501,reproduce,Parrot,705,124,9,192,0,offspring:1
5506,starvation,Wolf,430,286,1,52,1,
5513,reproduce,Deer,148,275,9,221,2,offspring:1
5516,kill,Turtle,187,96,1,195,3,killed_by:Wolf:434
5517,hunt_start,Wolf,434,96,1,194,9,target:Monkey:960
5517,hunt_fail,Wolf,435,95,6,195,3,target_died
5522,kill,Deer,49,190,6,157,5,killed_by:Wolf:895
5523,reproduce,Musk Ox,308,204,0,1,1,offspring:1
5528,hunt_start,Wolf,433,286,2,52,4,target:Boar:457
5529,reproduce,Elk,892,96,0,86,5,offspring:1
5530,reproduce,Jaguar,3,57,9,104,1,offspring:1
5531,hunt_start,Jaguar,709,58,0,101,8,target:Boar:1108
5531,kill,Deer,507,278,3,154,6,killed_by:Wolf:738
5532,hunt_fail,Wolf,283,278,9,156,2,target_died
5532,hunt_start,Wolf,283,278,9,156,2,target:Deer:951
5536,kill,Parrot,116,137,7,106,1,killed_by:Hawk:1085
5537,hunt_start,Hawk,1085,137,5,106,0,target:Frog:135
5543,spore_matured,Shroomer,-1,206,2,94,9,
5543,reproduce,Shroomer,-1,206,2,94,9,offspring:1
5547,hunt_fail,Wolf,433,286,0,52,4,discomfort
5551,hunt_fail,Fox,442,147,3,83,1,discomfort
5556,kill,Penguin,817,121,9,106,6,killed_by:Arctic Fox:483
5556,kill,Shroomer,410,273,2,215,1,killed_by:Wolf:909
5557,hunt_start,Arctic Fox,483,121,7,106,4,target:Lizard:940
5561,hunt_start,Polar Bear,1114,113,8,173,2,target:Deer:50
5563,reproduce,Parrot,101,116,2,192,0,offspring:1
5575,reproduce,Rabbit,835,239,7,122,0,offspring:2
5588,reproduce,Turtle,21,65,8,163,1,offspring:1
5591,kill,Frog,750,105,8,45,5,killed_by:Hawk:967
5591,reproduce,Frog,852,87,3,68,2,offspring:2
5592,hunt_start,Hawk,967,105,8,45,7,target:Frog:1051
5600,starvation,Deer,77,14,3,250,6,
5605,reproduce,Deer,464,160,0,144,2,offspring:1
5612,hunt_fail,Arctic Fox,483,127,4,107,0,discomfort
5618,starvation,Monkey,937,259,7,162,7,
5619,starvation,Snake,556,52,0,70,3,
5629,reproduce,Turtle,184,145,0,72,8,offspring:1
5632,hunt_start,Jaguar,73,60,5,51,7,target:Tapir:1135
5641,hunt_start,Boar,717,22,4,215,5,target:Shroomer:489
5642,reproduce,Penguin,281,144,3,68,8,offspring:1
5642,reproduce,Deer,391,9,7,250,6,offspring:1
5649,hunt_start,Polar Bear,956,122,2,168,3,target:Deer:139
5654,kill,Frog,135,144,9,118,4,killed_by:Hawk:1085
5654,reproduce,Frog,704,188,0,112,2,offspring:2
5654,reproduce,Frog,919,172,5,123,2,offspring:2
5654,reproduce,Frog,962,173,1,122,3,offspring:2
5654,reproduce,Frog,963,186,7,115,9,offspring:2
5655,hunt_start,Hawk,1085,144,8,118,2,target:Lizard:942
5661,starvation,Elk,223,250,0,25,3,
5666,reproduce,Deer,829,272,9,237,7,offspring:1
5671,kill,Turtle,180,76,5,8,5,killed_by:Polar Bear:611
5671,reproduce,Deer,70,275,3,225,1,offspring:1
5671,reproduce,Polar Bear,611,76,1,7,9,offspring:1
5672,hunt_start,Polar Bear,611,76,2,7,9,target:Frog:168
5672,hunt_start,Polar Bear,1142,74,6,5,1,target:Turtle:837
5676,reproduce,Elk,4,136,2,25,0,offspring:1
5680,hunt_start,Fox,445,287,3,205,4,target:Lizard:621
5682,kill,Deer,951,268,1,166,6,killed_by:Wolf:283
5682,reproduce,Deer,43,269,7,132,9,offspring:1
5682,reproduce,Deer,48,274,9,132,2,offspring:1
5682,reproduce,Deer,79,271,2,155,0,offspring:1
5682,reproduce,Deer,667,265,9,160,0,offspring:1
5683,hunt_start,Wolf,283,268,5,166,3,target:Deer:1146
5685,hunt_start,Fox,442,148,1,89,6,target:Parrot:145
5695,kill,Shroomer,411,267,5,194,2,killed_by:Wolf:438
5696,hunt_fail,Wolf,437,268,9,193,5,target_died
5699,starvation,Fox,549,140,5,223,4,
5701,reproduce,Parrot,1046,158,8,286,5,offspring:1
5701,reproduce,Parrot,1102,91,3,274,4,offspring:1
5702,reproduce,Parrot,1100,165,9,134,5,offspring:1
5703,kill,Frog,1051,112,0,33,4,killed_by:Hawk:967
5704,hunt_start,Hawk,967,111,9,33,6,target:Frog:993
5704,spore_created,Shroomer,-1,43,1,188,7,
5704,spore_created,Shroomer,-1,42,7,185,8,
5708,kill,Boar,1108,48,9,113,1,killed_by:Jaguar:709
5709,hunt_fail,Jaguar,3,55,1,107,9,target_died
5709,hunt_start,Jaguar,3,55,1,107,9,target:Boar:915
5709,hunt_start,Jaguar,709,49,2,112,6,target:Boar:512
5713,starvation,Lizard,243,9,6,283,4,
5724,reproduce,Parrot,1048,52,7,62,9,offspring:1
5725,hunt_start,Wolf,726,267,9,231,1,target:Deer:857
5735,reproduce,Tapir,823,145,1,183,5,offspring:1
5739,reproduce,Penguin,597,57,7,69,5,offspring:1
5741,kill,Frog,168,76,5,7,8,killed_by:Polar Bear:611
5742,hunt_start,Polar Bear,611,77,0,7,5,target:Frog:169
5743,reproduce,Tapir,363,158,6,94,0,offspring:1
5751,starvation,Rabbit,921,253,8,183,0,
5752,kill,Deer,319,50,9,91,6,killed_by:Jaguar:486
5752,reproduce,Deer,66,17,7,93,5,offspring:1
5752,reproduce,Deer,84,18,2,92,2,offspring:1
5752,reproduce,Deer,568,15,4,113,6,offspring:1
5752,reproduce,Deer,633,27,0,83,5,offspring:1
5753,hunt_start,Bear,462,77,7,180,7,target:Deer:175
5753,reproduce,Deer,161,12,2,260,9,offspring:1
5754,starvation,Fox,444,141,3,112,4,
5756,hunt_start,Boar,717,21,7,210,7,target:Shroomer:489
5756,hunt_start,Polar Bear,788,115,4,171,9,target:Parrot:101
5759,reproduce,Boar,731,72,5,113,4,offspring:2
5760,hunt_start,Jaguar,78,283,3,233,3,target:Rabbit:1132
5763,reproduce,Wolf,438,270,6,195,2,offspring:1
5764,hunt_start,Wolf,438,270,6,195,3,target:Deer:858
5764,hunt_start,Wolf,1154,270,5,192,4,target:Deer:858
5769,reproduce,Turtle,177,270,0,229,5,offspring:1
5794,hunt_start,Wolf,738,281,2,156,4,target:Deer:79
5798,reproduce,Deer,857,265,9,222,2,offspring:1
5803,hunt_start,Scorpion,472,212,8,125,0,target:Lizard:593
5804,reproduce,Parrot,74,160,3,287,2,offspring:1
5808,kill,Lizard,971,105,9,31,5,killed_by:Hawk:264
5809,starvation,Scorpion,470,283,2,195,7,
5809,hunt_start,Hawk,264,105,9,31,7,target:Frog:1049
5811,kill,Frog,169,79,3,7,7,killed_by:Polar Bear:611
5812,hunt_start,Polar Bear,611,78,7,7,9,target:Turtle:837
5818,kill,Frog,993,123,4,41,9,killed_by:Hawk:967
5819,hunt_start,Wolf,909,280,0,225,7,target:Deer:148
5819,hunt_start,Hawk,967,123,2,41,8,target:Frog:1049
5821,kill,Turtle,837,75,4,11,6,killed_by:Polar Bear:1142
5822,hunt_fail,Polar Bear,611,78,4,8,3,target_died
5822,hunt_start,Polar Bear,611,78,4,8,3,target:Turtle:181
5822,hunt_start,Polar Bear,1142,75,1,10,9,target:Turtle:181
5822,reproduce,Rabbit,82,157,6,208,0,offspring:2
5822,reproduce,Rabbit,142,150,1,212,1,offspring:2
5824,reproduce,Elk,628,96,0,86,6,offspring:1
5825,kill,Monkey,960,98,3,235,5,killed_by:Wolf:435
5825,hunt_fail,Polar Bear,478,98,0,179,8,discomfort
5826,kill,Boar,915,52,6,102,5,killed_by:Jaguar:3
5826,hunt_fail,Wolf,434,98,2,233,7,target_died
5826,hunt_start,Wolf,434,98,2,233,7,target:Rabbit:123
5826,reproduce,Boar,163,26,8,91,1,offspring:2
5827,kill,Boar,512,54,6,119,6,killed_by:Jaguar:709
5827,reproduce,Boar,916,31,0,133,3,offspring:2
5829,kill,Lizard,942,174,2,118,1,killed_by:Hawk:1085
5830,hunt_start,Hawk,1085,174,0,118,1,target:Frog:1139
5832,kill,Deer,1146,261,2,156,1,killed_by:Wolf:283
5835,reproduce,Hawk,967,120,9,42,5,offspring:1
5836,hunt_start,Hawk,942,122,7,45,0,target:Frog:1049
5836,reproduce,Lizard,941,126,2,61,1,offspring:2
5836,reproduce,Lizard,1042,64,0,70,5,offspring:2
5840,reproduce,Deer,380,11,7,267,4,offspring:1
5849,reproduce,Jaguar,486,52,6,89,9,offspring:1
5850,hunt_start,Jaguar,486,52,7,89,8,target:Deer:727
5850,hunt_start,Jaguar,1163,50,2,87,9,target:Deer:727
5854,starvation,Lizard,657,180,5,179,5,
5855,reproduce,Deer,682,163,5,187,7,offspring:1
5856,hunt_start,Jaguar,1067,39,4,75,5,target:Shroomer:424
5866,reproduce,Rabbit,45,152,7,257,6,offspring:2
5866,reproduce,Elk,761,196,0,256,0,offspring:1
5867,reproduce,Tapir,368,47,5,69,0,offspring:1
5868,reproduce,Musk Ox,873,83,0,160,0,offspring:1
5873,starvation,Monkey,111,266,1,181,4,
5876,spore_matured,Shroomer,-1,43,1,188,7,
5876,reproduce,Shroomer,-1,43,1,188,7,offspring:1
5876,spore_matured,Shroomer,-1,42,7,185,8,
5876,reproduce,Shroomer,-1,42,7,185,8,offspring:1
5877,kill,Shroomer,529,287,9,205,5,killed_by:Jaguar:485
5877,reproduce,Jaguar,485,287,3,205,8,offspring:1
5878,hunt_start,Jaguar,485,287,2,205,9,target:Lizard:520
5881,hunt_start,Jaguar,3,54,8,103,7,target:Shroomer:851
5885,starvation,Wolf,431,286,5,52,5,
5895,starvation,Bear,463,80,5,15,0,
5895,kill,Deer,857,264,5,217,4,killed_by:Wolf:726
5897,kill,Tapir,1135,63,6,60,8,killed_by:Jaguar:73
5897,reproduce,Tapir,367,48,9,68,1,offspring:1
5904,hunt_start,Jaguar,1148,288,0,205,4,target:Lizard:520
5906,spore_created,Shroomer,-1,57,8,93,6,
5906,spore_created,Shroomer,-1,63,5,83,4,
5910,kill,Shroomer,424,39,1,71,5,killed_by:Jaguar:1067
5910,spore_created,Shroomer,-1,207,6,73,4,
5910,spore_created,Shroomer,-1,210,1,82,6,
5911,kill,Deer,727,56,6,93,1,killed_by:Jaguar:486
5912,hunt_fail,Jaguar,1163,52,1,89,5,target_died
5912,hunt_start,Jaguar,1163,52,1,89,5,target:Shroomer:423
5916,kill,Frog,1049,110,5,47,6,killed_by:Hawk:967
5916,reproduce,Frog,947,114,3,50,7,offspring:2
5916,reproduce,Frog,1050,117,3,52,6,offspring:2
5917,hunt_start,Hawk,967,110,5,47,5,target:Frog:424
5919,spore_created,Shroomer,-1,226,5,90,7,
5919,spore_created,Shroomer,-1,217,7,91,3,
5920,starvation,Elk,220,55,5,182,5,
5920,reproduce,Elk,517,41,1,201,3,offspring:1
5920,reproduce,Elk,748,33,6,208,0,offspring:1
5920,reproduce,Elk,821,16,5,189,0,offspring:1
5924,reproduce,Lizard,242,197,9,256,0,offspring:2
5939,hunt_fail,Fox,442,141,2,113,7,discomfort
5942,starvation,Wolf,433,286,5,52,5,
5942,kill,Deer,139,117,0,148,6,killed_by:Polar Bear:956
5942,kill,Frog,1139,177,2,133,8,killed_by:Hawk:1085
5942,reproduce,Deer,725,79,9,168,3,offspring:1
5943,hunt_start,Hawk,1085,177,2,133,6,target:Frog:1138
5945,reproduce,Jaguar,73,63,8,62,0,offspring:1
5946,hunt_start,Jaguar,73,63,8,62,0,target:Tapir:573
5946,hunt_start,Jaguar,433,62,8,64,9,target:Tapir:573
5950,starvation,Monkey,325,215,7,75,5,
5954,kill,Deer,858,279,4,177,9,killed_by:Wolf:1154
5955,hunt_fail,Wolf,438,275,8,183,1,target_died
5955,hunt_start,Wolf,438,275,8,183,1,target:Turtle:176
5955,hunt_start,Wolf,1154,279,4,178,4,target:Lizard:621
5956,spore_created,Shroomer,-1,222,3,91,4,
5956,spore_created,Shroomer,-1,212,7,84,6,
5966,reproduce,Turtle,241,64,7,171,7,offspring:1
5973,reproduce,Lizard,965,224,0,148,2,offspring:2
5974,kill,Turtle,181,72,3,5,2,killed_by:Polar Bear:611
5974,reproduce,Turtle,605,42,0,2,8,offspring:1
5976,reproduce,Lizard,1094,78,0,256,0,offspring:2
5980,starvation,Lizard,593,207,8,123,5,
5980,hunt_fail,Scorpion,472,209,7,123,8,target_died
5982,spore_created,Shroomer,-1,75,7,222,4,
5982,spore_created,Shroomer,-1,68,6,224,9,
5987,reproduce,Deer,50,92,2,192,0,offspring:1
5998,reproduce,Monkey,1037,58,0,260,0,offspring:1
6015,kill,Deer,79,261,8,150,1,killed_by:Wolf:738
6016,kill,Tapir,573,67,7,64,4,killed_by:Jaguar:433
6016,kill,Frog,424,104,3,53,8,killed_by:Hawk:967
6017,hunt_fail,Jaguar,73,65,4,63,5,target_died
6017,hunt_start,Jaguar,73,65,4,63,5,target:Deer:749
6017,hunt_start,Hawk,967,104,5,53,7,target:Frog:727
6021,reproduce,Lizard,128,263,1,96,0,offspring:2
6024,kill,Frog,1049,120,7,59,8,killed_by:Hawk:264
6025,hunt_start,Hawk,264,120,4,59,3,target:Frog:1169
6025,hunt_fail,Hawk,942,120,6,59,6,target_died
6025,hunt_start,Hawk,942,120,6,59,6,target:Frog:1169
6030,spore_matured,Shroomer,-1,207,6,73,4,
6030,reproduce,Shroomer,-1,207,6,73,4,offspring:1
6030,spore_matured,Shroomer,-1,210,1,82,5,
6030,reproduce,Shroomer,-1,210,1,82,5,offspring:1
6031,reproduce,Tapir,357,78,3,192,0,offspring:1
6031,reproduce,Deer,491,85,4,153,8,offspring:1
6032,kill,Rabbit,123,72,3,230,8,killed_by:Wolf:435
6032,reproduce,Deer,65,77,1,31,7,offspring:1
6033,hunt_fail,Wolf,434,73,8,231,0,prey_escaped
6033,hunt_start,Wolf,434,73,8,231,0,target:Rabbit:90
6039,spore_matured,Shroomer,-1,217,8,91,6,
6039,reproduce,Shroomer,-1,217,8,91,6,offspring:1
6042,kill,Lizard,621,288,0,178,2,killed_by:Fox:445
6043,hunt_fail,Wolf,1154,286,7,179,1,target_died
6052,kill,Shroomer,851,47,6,95,9,killed_by:Jaguar:3
6052,reproduce,Parrot,705,127,1,184,7,offspring:1
6071,kill,Deer,148,288,0,217,8,killed_by:Wolf:909
6073,spore_created,Shroomer,-1,25,4,208,9,
6073,spore_created,Shroomer,-1,22,4,219,5,
6076,spore_matured,Shroomer,-1,222,2,91,5,
6076,reproduce,Shroomer,-1,222,2,91,5,offspring:1
6076,spore_matured,Shroomer,-1,213,0,84,3,
6076,reproduce,Shroomer,-1,213,0,84,3,offspring:1
6078,spore_matured,Shroomer,-1,57,8,93,6,
6078,reproduce,Shroomer,-1,57,8,93,6,offspring:1
6078,spore_matured,Shroomer,-1,63,5,83,4,
6078,reproduce,Shroomer,-1,63,5,83,4,offspring:1
6081,kill,Frog,1138,170,3,114,3,killed_by:Hawk:1085
6082,hunt_start,Hawk,1085,170,4,114,4,target:Frog:919
6090,kill,Faeling,162,0,6,131,5,killed_by:Shroomer:417
6092,reproduce,Tapir,1035,37,8,57,5,offspring:1
6094,starvation,Rabbit,545,81,0,91,6,
6095,hunt_start,Wolf,283,261,0,154,1,target:Shroomer:383
6098,kill,Frog,1169,111,4,53,6,killed_by:Hawk:264
6099,hunt_start,Hawk,264,111,5,53,5,target:Frog:1050
6099,kill,Rabbit,90,73,7,231,2,killed_by:Wolf:434
6099,hunt_fail,Hawk,942,111,9,53,7,target_died
6099,hunt_start,Hawk,942,111,9,53,7,target:Frog:1050
6100,hunt_start,Wolf,434,73,7,230,8,target:Lizard:769
6100,hunt_fail,Wolf,435,73,3,231,5,target_died
6105,kill,Deer,490,148,5,171,8,killed_by:Bear:989
6106,reproduce,Penguin,1078,138,5,52,3,offspring:1
6113,kill,Turtle,176,279,9,189,2,killed_by:Wolf:438
6114,hunt_fail,Wolf,437,279,9,188,8,target_died
6114,hunt_start,Wolf,438,279,4,189,1,target:Turtle:527
6134,reproduce,Monkey,801,191,5,97,0,offspring:1
6134,reproduce,Monkey,936,181,4,103,4,offspring:1
6136,hunt_fail,Bear,462,60,7,173,7,discomfort
6139,reproduce,Parrot,101,128,1,202,8,offspring:1
6144,spore_created,Shroomer,-1,247,1,136,3,
6144,spore_created,Shroomer,-1,244,4,139,7,
6154,spore_matured,Shroomer,-1,75,7,222,5,
6154,reproduce,Shroomer,-1,75,7,222,5,offspring:1
6154,spore_matured,Shroomer,-1,68,6,224,9,
6154,reproduce,Shroomer,-1,68,6,224,9,offspring:1
6155,starvation,Parrot,926,98,3,96,9,
6158,hunt_start,Wolf,726,266,2,218,9,target:Deer:972
6161,reproduce,Penguin,281,142,3,59,0,offspring:1
6175,kill,Frog,727,122,1,40,8,killed_by:Hawk:967
6176,hunt_start,Hawk,967,121,9,40,9,target:Frog:947
6177,starvation,Rabbit,11,82,0,90,4,
6192,kill,Frog,1050,125,2,49,0,killed_by:Hawk:264
6193,hunt_start,Hawk,264,124,7,49,2,target:Lizard:799
6193,hunt_fail,Hawk,942,125,1,49,0,target_died
6193,hunt_start,Hawk,942,125,1,49,0,target:Lizard:799
6193,spore_matured,Shroomer,-1,22,4,219,5,
6193,reproduce,Shroomer,-1,22,4,219,5,offspring:1
6194,hunt_fail,Jaguar,1148,287,1,207,2,prey_escaped
6194,hunt_start,Jaguar,1148,287,1,207,2,target:Lizard:938
6203,hunt_start,Jaguar,433,68,7,63,9,target:Penguin:958
6209,kill,Shroomer,383,267,3,151,9,killed_by:Wolf:283
6214,kill,Frog,919,162,9,132,3,killed_by:Hawk:1085
6215,hunt_start,Hawk,1085,163,0,132,2,target:Frog:962
6222,reproduce,Elk,37,79,8,282,4,offspring:1
6222,reproduce,Elk,208,75,8,280,1,offspring:1
6222,reproduce,Elk,209,84,3,285,2,offspring:1
6222,reproduce,Elk,210,87,8,286,5,offspring:1
6222,reproduce,Elk,212,83,3,286,4,offspring:1
6222,reproduce,Elk,213,85,3,286,6,offspring:1
6222,reproduce,Elk,574,128,0,271,5,offspring:1
6229,reproduce,Deer,1052,63,9,167,2,offspring:1
6231,reproduce,Camel,842,124,3,32,0,offspring:1
6233,hunt_start,Wolf,1154,281,1,177,2,target:Shroomer:409
6235,reproduce,Elk,890,166,4,141,8,offspring:1
6241,starvation,Rabbit,544,79,9,92,9,
6242,reproduce,Rabbit,47,107,3,107,2,offspring:2
6242,spore_created,Shroomer,-1,221,8,93,4,
6242,spore_created,Shroomer,-1,222,0,93,1,
6243,reproduce,Penguin,272,64,0,31,2,offspring:1
6245,spore_matured,Shroomer,-1,25,4,208,8,
6245,reproduce,Shroomer,-1,25,4,208,8,offspring:1
6246,hunt_start,Jaguar,486,56,7,82,9,target:Shroomer:423
6252,reproduce,Parrot,1091,143,9,266,3,offspring:1
6253,reproduce,Parrot,1100,167,2,141,4,offspring:1
6256,starvation,Rabbit,546,83,5,88,8,
6257,kill,Shroomer,423,56,1,84,4,killed_by:Jaguar:1163
6258,hunt_fail,Jaguar,486,56,5,83,4,target_died
6258,hunt_start,Jaguar,486,56,5,83,4,target:Shroomer:152
6258,hunt_start,Jaguar,1163,55,6,85,0,target:Shroomer:152
6262,reproduce,Parrot,1068,132,5,64,0,offspring:1
6267,reproduce,Deer,829,271,3,250,3,offspring:1
6272,reproduce,Deer,70,284,3,229,2,offspring:1
6278,hunt_start,Wolf,738,258,2,155,0,target:Deer:667
6282,hunt_start,Jaguar,1067,40,5,67,2,target:Tapir:529
6287,reproduce,Musk Ox,535,78,7,214,5,offspring:1
6287,reproduce,Musk Ox,671,121,7,201,7,offspring:1
6290,hunt_start,Scorpion,472,198,5,119,5,target:Frog:1141
6303,kill,Tapir,357,70,6,205,2,killed_by:Polar Bear:1134
6304,hunt_start,Polar Bear,1134,71,3,204,1,target:Rabbit:108
6309,kill,Penguin,958,63,6,63,1,killed_by:Jaguar:433
6309,kill,Frog,947,111,9,55,4,killed_by:Hawk:967
6310,hunt_start,Hawk,967,112,0,55,3,target:Lizard:1146
6316,kill,Shroomer,152,59,0,85,3,killed_by:Jaguar:1163
6317,hunt_fail,Jaguar,486,58,6,85,0,target_died
6317,hunt_start,Jaguar,486,58,6,85,0,target:Shroomer:463
6323,hunt_start,Boar,459,14,9,219,1,target:Elk:222
6324,starvation,Scorpion,472,197,9,119,3,
6329,spore_created,Shroomer,-1,222,1,96,7,
6329,spore_created,Shroomer,-1,216,9,98,6,
6332,starvation,Lizard,770,128,3,212,5,
6334,hunt_start,Wolf,909,282,2,218,4,target:Rabbit:729
6334,spore_created,Shroomer,-1,215,1,91,1,
6334,spore_created,Shroomer,-1,230,0,84,7,
6336,reproduce,Wolf,738,259,4,149,7,offspring:1
6337,hunt_start,Wolf,472,257,8,149,0,target:Deer:667
6337,kill,Frog,962,179,3,124,9,killed_by:Hawk:1085
6338,hunt_start,Hawk,1085,179,2,124,9,target:Frog:920
6340,kill,Tapir,529,44,0,67,3,killed_by:Jaguar:1067
6340,reproduce,Penguin,597,55,0,74,6,offspring:1
6340,reproduce,Tapir,872,31,0,68,1,offspring:1
6343,reproduce,Wolf,437,283,8,192,0,offspring:1
6343,reproduce,Frog,852,87,1,74,1,offspring:2
6344,hunt_start,Wolf,529,285,2,194,7,target:Lizard:938
6344,reproduce,Camel,596,88,5,256,6,offspring:1
6345,kill,Deer,972,277,2,208,4,killed_by:Wolf:726
6345,reproduce,Musk Ox,16,90,0,154,4,offspring:1
6345,reproduce,Deer,81,270,9,221,9,offspring:1
6345,reproduce,Musk Ox,294,66,6,158,8,offspring:1
6345,reproduce,Deer,950,265,4,210,6,offspring:1
6348,starvation,Monkey,860,120,0,208,5,
6351,kill,Turtle,527,286,0,192,9,killed_by:Wolf:438
6352,hunt_fail,Wolf,437,284,8,192,5,target_died
6359,reproduce,Musk Ox,356,125,8,28,6,offspring:1
6359,reproduce,Musk Ox,599,128,6,64,0,offspring:1
6362,spore_matured,Shroomer,-1,221,8,93,6,
6362,reproduce,Shroomer,-1,221,8,93,6,offspring:1
6362,spore_matured,Shroomer,-1,222,1,93,1,
6362,reproduce,Shroomer,-1,222,1,93,1,offspring:1
6364,hunt_start,Bear,462,63,8,174,0,target:Turtle:325
6380,reproduce,Parrot,475,185,2,120,6,offspring:1
6380,reproduce,Parrot,933,182,1,108,5,offspring:1
6387,hunt_start,Polar Bear,478,99,3,185,7,target:Musk Ox:400
6389,starvation,Tapir,543,144,3,119,7,
6389,reproduce,Tapir,418,117,8,95,0,offspring:1
6389,reproduce,Tapir,864,105,6,82,5,offspring:1
6391,reproduce,Frog,116,87,9,72,5,offspring:2
6395,reproduce,Wolf,909,283,1,224,0,offspring:1
6396,hunt_start,Wolf,1202,281,8,222,4,target:Deer:1191
6402,starvation,Elk,225,241,5,17,5,
6424,hunt_start,Jaguar,3,55,8,90,1,target:Shroomer:431
6427,starvation,Parrot,98,0,0,41,1,
6430,reproduce,Monkey,629,224,0,96,9,offspring:1
6432,kill,Shroomer,463,65,1,82,9,killed_by:Jaguar:486
6440,reproduce,Tapir,822,84,0,192,0,offspring:1
6449,starvation,Parrot,702,85,4,104,6,
6449,kill,Lizard,769,114,1,248,1,killed_by:Wolf:435
6450,hunt_fail,Wolf,434,112,5,247,5,target_died
6450,hunt_start,Wolf,434,112,5,247,5,target:Monkey:314
6452,environment_death,Deer,65,95,5,22,3,drowning
6452,hunt_fail,Jaguar,508,93,2,24,8,target_died
6454,starvation,Monkey,329,214,3,76,0,
6454,spore_matured,Shroomer,-1,215,1,90,7,
6454,reproduce,Shroomer,-1,215,1,90,7,offspring:1
6455,kill,Shroomer,409,264,6,177,6,killed_by:Wolf:1154
6457,kill,Frog,920,169,8,110,6,killed_by:Hawk:1085
6458,hunt_start,Hawk,1085,169,9,110,8,target:Frog:556
6458,kill,Rabbit,108,76,9,207,2,killed_by:Polar Bear:1134
6459,hunt_start,Polar Bear,1134,77,3,206,7,target:Musk Ox:535
6472,hunt_start,Wolf,283,264,3,155,9,target:Deer:1145
6477,reproduce,Elk,4,145,5,21,0,offspring:1
6480,kill,Deer,667,265,9,137,1,killed_by:Wolf:472
6481,hunt_fail,Wolf,738,264,7,137,7,target_died
6481,hunt_start,Wolf,738,264,7,137,7,target:Deer:436
6481,reproduce,Lizard,520,267,8,256,0,offspring:2
6485,hunt_start,Polar Bear,956,122,0,156,5,target:Parrot:705
6486,kill,Turtle,325,63,3,168,7,killed_by:Bear:462
6487,starvation,Elk,221,54,5,199,0,
6487,reproduce,Bear,462,63,5,169,3,offspring:1
6488,hunt_start,Bear,329,62,0,169,1,target:Turtle:241
6488,hunt_start,Bear,462,63,5,169,3,target:Turtle:241
6490,reproduce,Turtle,189,276,3,222,5,offspring:1
6491,starvation,Parrot,381,0,3,40,8,
6491,hunt_fail,Hawk,466,30,8,53,8,target_died
6491,hunt_start,Hawk,466,30,8,53,8,target:Parrot:587
6495,starvation,Monkey,1071,255,5,162,5,
6499,hunt_start,Wolf,472,266,1,136,7,target:Deer:436
6501,reproduce,Parrot,52,140,9,189,3,offspring:1
6507,starvation,Rabbit,991,80,9,91,0,
6514,starvation,Rabbit,776,235,0,216,0,
6514,hunt_fail,Jaguar,72,242,4,221,4,target_died
6515,starvation,Parrot,1079,9,3,283,5,
6530,hunt_start,Wolf,895,201,8,132,4,target:Parrot:1147
6537,hunt_fail,Boar,458,20,1,216,8,discomfort
6538,reproduce,Monkey,646,58,2,222,6,offspring:1
6539,kill,Lizard,1146,98,4,81,6,killed_by:Hawk:967
6540,hunt_start,Hawk,967,98,6,81,4,target:Lizard:799
6543,hunt_start,Bear,989,146,4,163,8,target:Deer:902
6549,starvation,Scorpion,471,208,6,12,6,
6553,spore_created,Shroomer,-1,60,2,67,2,
6553,spore_created,Shroomer,-1,65,5,79,5,
6558,kill,Lizard,799,101,3,87,4,killed_by:Hawk:942
6559,hunt_fail,Hawk,264,103,4,85,4,target_died
6559,hunt_start,Hawk,264,103,4,85,4,target:Lizard:219
6559,hunt_start,Hawk,942,101,4,87,3,target:Lizard:370
6559,hunt_fail,Hawk,967,100,3,84,0,target_died
6559,hunt_start,Hawk,967,100,3,84,0,target:Lizard:219
6562,reproduce,Deer,50,69,9,219,1,offspring:1
6572,kill,Rabbit,1132,286,9,286,2,killed_by:Jaguar:78
6573,hunt_start,Jaguar,78,287,2,286,7,target:Monkey:843
6574,reproduce,Elk,656,139,3,17,7,offspring:1
6576,kill,Turtle,241,64,4,166,5,killed_by:Bear:462
6576,reproduce,Elk,888,132,6,32,0,offspring:1
6577,hunt_fail,Bear,329,64,0,167,1,target_died
6577,hunt_start,Bear,329,64,0,167,1,target:Turtle:49
6580,kill,Turtle,181,37,1,9,4,killed_by:Polar Bear:1142
6584,reproduce,Turtle,239,220,2,13,2,offspring:1
6585,kill,Musk Ox,400,95,4,199,3,killed_by:Polar Bear:478
6586,reproduce,Monkey,1136,224,1,116,8,offspring:1
6589,reproduce,Faeling,0,1,0,195,1,offspring:1
6597,starvation,Rabbit,564,262,0,208,1,
6598,reproduce,Tapir,358,160,0,161,8,offspring:1
6599,starvation,Rabbit,807,83,0,89,4,
6599,reproduce,Monkey,1037,61,3,258,6,offspring:1
6600,reproduce,Rabbit,1084,84,2,160,6,offspring:2
6601,kill,Frog,556,170,6,132,3,killed_by:Hawk:1085
6602,hunt_start,Hawk,1085,170,6,132,1,target:Frog:135
6607,kill,Deer,436,275,1,130,0,killed_by:Wolf:472
6607,reproduce,Deer,43,265,9,128,3,offspring:1
6607,reproduce,Deer,952,270,2,141,5,offspring:1
6608,hunt_start,Wolf,726,282,7,211,0,target:Deer:81
6608,hunt_fail,Wolf,738,273,8,131,0,target_died
6608,hunt_start,Wolf,738,273,8,131,0,target:Deer:1144
6609,hunt_start,Polar Bear,611,77,3,5,8,target:Turtle:979
6616,hunt_start,Fox,445,274,2,201,8,target:Monkey:1069
6624,reproduce,Penguin,626,143,3,60,7,offspring:1
6625,reproduce,Parrot,705,123,4,174,0,offspring:1
6625,reproduce,Parrot,949,126,2,183,9,offspring:1
6626,reproduce,Elk,628,92,2,83,0,offspring:1
6636,reproduce,Lizard,1160,66,1,60,7,offspring:2
6637,reproduce,Lizard,1161,51,7,78,7,offspring:2
6639,hunt_start,Wolf,438,280,3,187,3,target:Turtle:1072
6647,kill,Musk Ox,535,78,3,216,9,killed_by:Polar Bear:1134
6647,reproduce,Musk Ox,969,94,0,203,2,offspring:1
6669,starvation,Arctic Fox,479,212,6,161,0,
6670,kill,Deer,1191,288,0,230,6,killed_by:Wolf:1202
6671,kill,Shroomer,431,62,7,94,7,killed_by:Jaguar:3
6671,hunt_start,Wolf,1202,287,2,230,7,target:Deer:70
6671,reproduce,Monkey,1069,263,5,209,2,offspring:1
6673,reproduce,Tapir,360,160,1,161,3,offspring:1
6674,starvation,Monkey,896,254,7,162,5,
6679,reproduce,Penguin,281,144,8,49,6,offspring:1
6681,hunt_start,Jaguar,433,60,1,56,8,target:Lizard:556
6682,kill,Parrot,587,64,7,69,9,killed_by:Hawk:466
6683,hunt_start,Hawk,466,64,5,69,8,target:Penguin:1119
6684,kill,Deer,1145,276,0,143,6,killed_by:Wolf:283
6688,hunt_start,Jaguar,1163,55,1,83,5,target:Tapir:367
6700,kill,Turtle,49,69,2,170,5,killed_by:Bear:329
6701,hunt_start,Bear,329,68,6,170,3,target:Musk Ox:986
6702,hunt_fail,Jaguar,485,263,9,262,0,discomfort
6703,reproduce,Deer,902,160,0,162,3,offspring:1
6705,hunt_fail,Jaguar,1148,284,2,207,4,prey_escaped
6707,reproduce,Penguin,1078,145,6,49,6,offspring:1
6712,starvation,Monkey,791,174,6,91,5,
6712,hunt_start,Jaguar,1067,47,9,70,3,target:Shroomer:17
6717,reproduce,Camel,254,131,2,30,2,offspring:1
6718,hunt_start,Wolf,1154,265,6,176,7,target:Shroomer:413
6725,spore_matured,Shroomer,-1,65,5,79,5,
6725,reproduce,Shroomer,-1,65,5,79,5,offspring:1
6729,kill,Frog,135,183,0,118,1,killed_by:Hawk:1085
6730,hunt_start,Hawk,1085,182,9,118,3,target:Frog:77
6735,reproduce,Monkey,936,187,3,105,5,offspring:1
6748,kill,Lizard,370,122,6,111,5,killed_by:Hawk:942
6749,hunt_start,Hawk,942,122,4,111,3,target:Rabbit:1185
6752,reproduce,Deer,953,248,6,160,1,offspring:1
6756,starvation,Parrot,1113,16,8,80,0,
6757,kill,Deer,1144,265,9,117,8,killed_by:Wolf:738
6757,reproduce,Rabbit,87,82,2,54,8,offspring:2
6762,starvation,Parrot,854,187,1,48,8,
6762,reproduce,Parrot,1101,128,0,275,5,offspring:1
6766,hunt_start,Jaguar,709,46,8,110,9,target:Boar:915
6767,hunt_start,Jaguar,486,70,7,77,6,target:Shroomer:420
6772,kill,Penguin,1119,52,7,71,6,killed_by:Hawk:466
6773,hunt_start,Hawk,466,52,9,71,6,target:Penguin:770
6777,starvation,Monkey,120,241,9,196,4,
6778,hunt_start,Wolf,738,267,2,117,6,target:Deer:951
6780,reproduce,Frog,737,129,1,90,8,offspring:2
6780,reproduce,Frog,1141,192,0,115,3,offspring:2
6781,hunt_fail,Fox,445,261,9,210,3,discomfort
6789,reproduce,Bear,989,161,2,162,0,offspring:1
6790,hunt_start,Bear,1204,159,8,162,8,target:Deer:902
6793,kill,Lizard,219,104,6,47,5,killed_by:Hawk:967
6793,reproduce,Lizard,468,136,7,57,3,offspring:2
6793,reproduce,Lizard,941,134,3,55,1,offspring:2
6793,reproduce,Lizard,992,144,2,59,3,offspring:2
6793,reproduce,Tapir,1035,40,5,54,6,offspring:1
6794,hunt_start,Hawk,967,104,5,47,7,target:Penguin:282
6798,kill,Turtle,1072,279,0,175,6,killed_by:Wolf:437
6803,reproduce,Parrot,1091,152,3,260,6,offspring:1
6804,reproduce,Parrot,1100,171,7,161,6,offspring:1
6805,kill,Musk Ox,986,73,2,172,8,killed_by:Bear:329
6805,reproduce,Parrot,1157,170,4,279,2,offspring:1
6806,reproduce,Parrot,1108,63,9,73,9,offspring:1
6807,kill,Deer,81,270,2,219,8,killed_by:Wolf:726
6809,kill,Tapir,367,51,2,77,0,killed_by:Jaguar:1163
6814,reproduce,Parrot,1147,192,0,104,6,offspring:1
6815,kill,Shroomer,17,43,3,65,7,killed_by:Jaguar:1067
6822,reproduce,Elk,636,121,0,32,0,offspring:1
6827,kill,Shroomer,420,68,2,81,3,killed_by:Jaguar:486
6829,starvation,Monkey,999,241,9,193,4,
6830,hunt_start,Jaguar,485,267,2,260,7,target:Lizard:65
6832,reproduce,Lizard,79,264,2,94,8,offspring:2
6832,reproduce,Lizard,583,278,3,95,3,offspring:2
6833,hunt_start,Jaguar,508,90,2,31,3,target:Parrot:1096
6835,reproduce,Wolf,283,275,3,141,7,offspring:1
6836,hunt_start,Wolf,283,275,3,141,7,target:Rabbit:922
6836,hunt_start,Wolf,1214,274,9,139,7,target:Rabbit:922
6840,kill,Lizard,65,265,8,258,0,killed_by:Jaguar:485
6841,hunt_start,Jaguar,485,266,1,258,7,target:Rabbit:925
6842,kill,Frog,77,184,0,102,4,killed_by:Hawk:1085
6843,hunt_start,Hawk,1085,184,0,102,6,target:Frog:963
6851,reproduce,Monkey,1137,192,0,96,2,offspring:1
6853,reproduce,Turtle,179,209,9,68,9,offspring:1
6856,starvation,Parrot,855,17,5,279,5,
6858,reproduce,Polar Bear,956,125,4,181,6,offspring:1
6859,hunt_start,Polar Bear,855,127,0,183,0,target:Frog:834
6861,starvation,Fish,505,264,4,54,7,
6862,kill,Penguin,770,55,3,59,5,killed_by:Hawk:466
6863,hunt_start,Hawk,466,55,2,59,7,target:Penguin:1149
6865,kill,Shroomer,413,272,7,182,3,killed_by:Wolf:1154
6867,kill,Deer,70,271,3,233,7,killed_by:Wolf:1202
6868,reproduce,Deer,829,277,9,251,4,offspring:1
6870,hunt_start,Wolf,472,274,9,130,2,target:Deer:951
6878,kill,Turtle,979,64,8,10,5,killed_by:Polar Bear:611
6881,reproduce,Elk,198,160,1,102,0,offspring:1
6887,hunt_start,Fox,445,262,9,213,3,target:Monkey:1002
6888,kill,Deer,902,169,3,160,6,killed_by:Bear:989
6889,hunt_start,Bear,989,168,5,160,7,target:Deer:484
6889,hunt_fail,Bear,1204,164,8,161,6,target_died
6889,hunt_start,Bear,1204,164,8,161,6,target:Shroomer:394
6893,reproduce,Penguin,272,69,3,31,0,offspring:1
6894,reproduce,Wolf,726,269,3,224,0,offspring:1
6895,hunt_start,Wolf,70,267,9,222,6,target:Deer:1156
6895,hunt_start,Wolf,726,269,3,224,1,target:Deer:275
6898,kill,Boar,915,43,6,105,2,killed_by:Jaguar:709
6917,hunt_start,Jaguar,1148,283,1,203,6,target:Deer:7
6921,reproduce,Wolf,438,275,4,170,6,offspring:1
6922,hunt_start,Wolf,438,275,3,170,5,target:Lizard:528
6922,hunt_start,Wolf,979,277,8,172,2,target:Lizard:528
6924,hunt_fail,Fox,445,262,8,209,7,discomfort
6929,kill,Frog,834,130,4,188,5,killed_by:Polar Bear:855
6930,hunt_start,Polar Bear,855,130,0,187,7,target:Frog:170
6931,reproduce,Parrot,475,199,3,94,6,offspring:1
6932,reproduce,Parrot,933,199,1,94,3,offspring:1
6935,kill,Penguin,282,112,3,66,5,killed_by:Hawk:967
6936,hunt_start,Hawk,967,112,2,66,3,target:Penguin:278
6945,reproduce,Lizard,565,161,8,135,7,offspring:2
6952,reproduce,Deer,1107,183,8,128,0,offspring:1
6954,kill,Frog,963,194,9,97,6,killed_by:Hawk:1085
6954,reproduce,Frog,704,184,7,114,7,offspring:2
6954,reproduce,Frog,937,189,7,98,4,offspring:2
6955,hunt_start,Hawk,1085,194,9,97,8,target:Frog:937
6959,starvation,Rabbit,1007,80,2,91,9,
6962,starvation,Snake,476,235,5,51,0,
6965,starvation,Lizard,1047,194,4,45,5,
6967,reproduce,Deer,530,251,2,128,0,offspring:1
6973,kill,Rabbit,729,288,0,278,2,killed_by:Wolf:909
6973,reproduce,Parrot,1096,81,7,32,0,offspring:1
6974,hunt_start,Wolf,909,288,0,277,9,target:Monkey:1000
6978,kill,Penguin,1149,68,4,68,8,killed_by:Hawk:466
6979,hunt_start,Hawk,466,68,2,68,6,target:Lizard:1160
6985,reproduce,Deer,877,160,9,101,7,offspring:1
6990,starvation,Lizard,552,191,2,47,0,
6991,reproduce,Parrot,600,128,0,61,5,offspring:1
6995,reproduce,Monkey,141,224,0,253,1,offspring:1
6996,hunt_start,Arctic Fox,483,157,6,104,0,target:Penguin:410
6996,reproduce,Penguin,597,58,8,72,9,offspring:1
6998,hunt_start,Bear,462,64,0,167,8,target:Turtle:234
6999,kill,Frog,170,131,8,188,5,killed_by:Polar Bear:855
6999,reproduce,Frog,609,132,2,183,6,offspring:2
6999,reproduce,Frog,876,137,4,187,2,offspring:2
7000,hunt_start,Polar Bear,855,131,3,188,8,target:Frog:609
7010,reproduce,Turtle,514,37,3,9,0,offspring:1
7014,kill,Shroomer,394,164,7,167,4,killed_by:Bear:1204
7015,hunt_start,Bear,1204,164,7,166,6,target:Shroomer:393
7027,hunt_fail,Wolf,435,44,5,288,0,discomfort
7027,reproduce,Deer,7,273,9,200,5,offspring:1
7027,reproduce,Deer,950,263,6,217,6,offspring:1
7032,reproduce,Deer,749,86,9,82,2,offspring:1
7034,reproduce,Tapir,555,148,8,198,6,offspring:1
7037,starvation,Monkey,1001,256,4,195,5,
7037,hunt_fail,Wolf,998,263,3,196,8,target_died
7037,hunt_start,Wolf,998,263,3,196,8,target:Deer:7
7042,starvation,Rabbit,632,81,9,90,4,
7042,hunt_fail,Wolf,434,45,1,287,8,discomfort
7043,hunt_start,Jaguar,3,67,5,84,1,target:Shroomer:49
7047,kill,Frog,937,181,7,99,6,killed_by:Hawk:1085
7048,hunt_start,Hawk,1085,181,9,99,5,target:Frog:1218
7049,starvation,Elk,226,272,5,17,5,
7049,reproduce,Parrot,1048,33,5,73,9,offspring:1
7051,kill,Deer,1156,257,2,231,2,killed_by:Wolf:70
7056,kill,Deer,275,261,6,234,9,killed_by:Wolf:726
7057,hunt_start,Wolf,70,257,5,230,9,target:Deer:223
7057,reproduce,Rabbit,47,112,1,98,8,offspring:2
7062,spore_created,Shroomer,-1,43,5,210,8,
7062,spore_created,Shroomer,-1,40,2,210,8,
7067,starvation,Parrot,959,13,8,74,9,
7075,spore_created,Shroomer,-1,48,5,74,6,
7075,spore_created,Shroomer,-1,44,4,70,7,
7082,environment_death,Deer,50,53,9,241,7,drowning
7082,hunt_start,Fox,445,269,4,204,2,target:Monkey:1002
7082,hunt_fail,Polar Bear,1114,56,7,237,9,target_died
7082,hunt_start,Polar Bear,1114,56,7,237,9,target:Monkey:150
7107,starvation,Rabbit,808,185,4,175,9,
7108,starvation,Rabbit,832,202,6,160,9,
7120,starvation,Rabbit,547,181,5,172,3,
7123,hunt_start,Polar Bear,1142,40,7,7,7,target:Turtle:1222
7124,kill,Turtle,234,67,1,163,0,killed_by:Bear:462
7128,hunt_start,Wolf,1154,276,7,185,4,target:Lizard:247
7129,hunt_start,Polar Bear,478,101,0,202,1,target:Musk Ox:1103
7130,hunt_start,Wolf,1202,261,2,239,3,target:Deer:223
7140,kill,Shroomer,49,64,6,80,1,killed_by:Jaguar:3
7142,reproduce,Tapir,822,89,7,205,0,offspring:1
7151,spore_created,Shroomer,-1,216,0,72,9,
7151,spore_created,Shroomer,-1,219,9,70,5,
7152,kill,Deer,7,276,2,199,5,killed_by:Jaguar:1148
7153,hunt_fail,Wolf,998,275,8,199,7,target_died
7153,hunt_start,Wolf,998,275,8,199,7,target:Deer:394
7153,hunt_start,Jaguar,1148,276,2,200,4,target:Deer:394
7154,kill,Shroomer,393,171,0,165,7,killed_by:Bear:1204
7156,kill,Penguin,410,149,1,85,8,killed_by:Arctic Fox:483
7157,hunt_start,Arctic Fox,483,149,2,86,1,target:Parrot:124
7159,kill,Deer,223,256,9,237,3,killed_by:Wolf:70
7160,hunt_fail,Wolf,1202,259,2,238,0,target_died
7160,hunt_start,Wolf,1202,259,2,238,0,target:Deer:180
7162,hunt_start,Jaguar,486,74,9,72,9,target:Penguin:534
7164,kill,Lizard,1160,68,1,42,2,killed_by:Hawk:466
7165,hunt_start,Hawk,466,68,1,42,4,target:Penguin:269
7170,reproduce,Rabbit,121,219,7,188,4,offspring:2
7172,kill,Frog,1218,197,7,103,7,killed_by:Hawk:1085
7173,hunt_start,Hawk,1085,197,0,103,4,target:Lizard:779
7177,starvation,Wolf,998,275,0,202,5,
7181,hunt_start,Jaguar,1163,58,7,69,6,target:Penguin:597
7187,hunt_start,Jaguar,1067,48,6,63,4,target:Lizard:1203
7189,hunt_fail,Fox,445,262,7,200,9,discomfort
7189,kill,Penguin,597,61,6,70,2,killed_by:Jaguar:1163
7190,hunt_start,Polar Bear,1134,78,1,209,3,target:Musk Ox:1192
7190,reproduce,Deer,682,160,0,185,0,offspring:1
7192,kill,Penguin,534,77,6,75,7,killed_by:Jaguar:486
7192,reproduce,Parrot,621,123,8,164,3,offspring:1
7195,spore_matured,Shroomer,-1,48,8,74,8,
7195,reproduce,Shroomer,-1,48,8,74,8,offspring:1
7197,reproduce,Penguin,281,143,0,46,5,offspring:1
7198,starvation,Wolf,75,213,0,286,6,
7199,reproduce,Penguin,286,128,0,63,0,offspring:1
7199,reproduce,Penguin,588,82,9,64,6,offspring:1
7199,reproduce,Penguin,618,75,5,81,5,offspring:1
7199,reproduce,Penguin,968,82,5,83,2,offspring:1
7209,reproduce,Turtle,721,47,0,4,6,offspring:1
7214,reproduce,Polar Bear,478,97,1,198,5,offspring:1
7215,hunt_start,Polar Bear,597,99,7,200,7,target:Musk Ox:1103
7226,starvation,Crocodile,450,68,3,263,3,
7226,reproduce,Penguin,626,135,2,62,1,offspring:1
7227,kill,Rabbit,925,288,0,247,1,killed_by:Jaguar:485
7227,reproduce,Rabbit,927,247,9,242,2,offspring:2
7227,reproduce,Rabbit,930,282,0,239,7,offspring:2
7227,reproduce,Rabbit,1130,248,0,244,1,offspring:2
7227,reproduce,Rabbit,1131,279,2,242,4,offspring:2
7227,reproduce,Rabbit,1133,285,2,238,0,offspring:2
7227,kill,Faeling,776,54,5,192,6,killed_by:Shroomer:790
7228,hunt_start,Jaguar,485,287,9,246,4,target:Deer:829
7230,reproduce,Elk,208,64,0,271,4,offspring:1
7234,spore_matured,Shroomer,-1,43,5,210,8,
7234,reproduce,Shroomer,-1,43,5,210,8,offspring:1
7234,spore_matured,Shroomer,-1,40,6,211,2,
7234,reproduce,Shroomer,-1,40,6,211,2,offspring:1
7243,hunt_start,Bear,329,72,6,172,7,target:Turtle:21
7247,starvation,Parrot,997,15,9,79,2,
7261,reproduce,Musk Ox,599,127,2,71,4,offspring:1
7261,reproduce,Jaguar,1067,48,8,63,8,offspring:1
7262,kill,Turtle,1222,34,9,4,6,killed_by:Polar Bear:1142
7262,hunt_start,Jaguar,1232,51,6,66,7,target:Lizard:1203
7270,hunt_start,Jaguar,709,35,1,97,4,target:Boar:960
7271,spore_matured,Shroomer,-1,219,9,70,5,
7271,reproduce,Shroomer,-1,219,9,70,5,offspring:1
7271,spore_matured,Shroomer,-1,216,3,73,1,
7271,reproduce,Shroomer,-1,216,3,73,1,offspring:1
7279,reproduce,Elk,4,148,6,26,7,offspring:1
7282,kill,Penguin,269,57,6,31,9,killed_by:Hawk:466
7282,kill,Frog,609,134,4,167,7,killed_by:Polar Bear:855
7282,reproduce,Hawk,466,58,0,32,0,offspring:1
7283,hunt_start,Hawk,269,59,9,30,5,target:Penguin:272
7283,hunt_start,Hawk,466,57,9,32,0,target:Penguin:272
7283,hunt_start,Polar Bear,855,134,2,168,6,target:Deer:51
7296,kill,Musk Ox,1103,93,7,195,2,killed_by:Polar Bear:478
7296,reproduce,Musk Ox,671,123,1,200,9,offspring:1
7297,hunt_fail,Polar Bear,597,96,1,197,5,target_died
7297,hunt_start,Polar Bear,597,96,1,197,5,target:Musk Ox:535
7297,spore_created,Shroomer,-1,35,8,200,5,
7297,spore_created,Shroomer,-1,34,1,200,7,
7299,starvation,Lizard,10,145,3,123,4,
7316,reproduce,Monkey,188,59,2,258,6,offspring:1
7316,reproduce,Monkey,314,38,2,287,0,offspring:1
7316,reproduce,Monkey,1037,62,9,258,0,offspring:1
7317,reproduce,Rabbit,836,232,8,160,0,offspring:2
7319,hunt_start,Wolf,726,266,3,247,1,target:Deer:423
7320,kill,Rabbit,922,228,6,115,7,killed_by:Wolf:1214
7321,hunt_fail,Wolf,283,231,5,117,2,target_died
7321,hunt_start,Wolf,283,231,5,117,2,target:Shroomer:374
7321,hunt_start,Wolf,1214,228,9,115,9,target:Rabbit:835
7323,hunt_start,Fox,445,267,7,204,6,target:Monkey:1002
7324,kill,Lizard,779,172,3,109,8,killed_by:Hawk:1085
7325,kill,Turtle,21,70,7,169,1,killed_by:Bear:329
7325,hunt_start,Hawk,1085,172,5,109,7,target:Frog:963
7328,kill,Penguin,278,92,3,68,2,killed_by:Hawk:967
7329,hunt_start,Hawk,967,92,5,68,1,target:Frog:1201
7345,reproduce,Penguin,1078,143,2,53,2,offspring:1
7346,reproduce,Rabbit,754,152,2,192,0,offspring:2
7347,kill,Musk Ox,1192,78,4,217,7,killed_by:Polar Bear:1134
7349,kill,Deer,951,288,0,121,2,killed_by:Wolf:738
7350,hunt_fail,Wolf,472,286,9,121,0,target_died
7350,hunt_start,Wolf,472,286,9,121,0,target:Lizard:528
7355,reproduce,Parrot,1100,170,2,155,5,offspring:1
7358,kill,Deer,394,270,6,213,3,killed_by:Jaguar:1148
7359,reproduce,Deer,43,259,1,128,0,offspring:1
7366,reproduce,Turtle,871,59,8,12,0,offspring:1
7371,reproduce,Lizard,1092,82,5,191,9,offspring:2
7373,kill,Deer,829,284,8,258,3,killed_by:Jaguar:485
7374,hunt_start,Jaguar,485,284,9,257,8,target:Monkey:140
7374,kill,Deer,180,249,4,252,7,killed_by:Wolf:1202
7387,kill,Boar,960,26,9,102,6,killed_by:Jaguar:709
7389,reproduce,Lizard,1161,47,0,81,8,offspring:2
7391,reproduce,Camel,262,160,1,262,8,offspring:1
7402,starvation,Parrot,932,112,1,126,8,
7407,kill,Lizard,528,288,0,121,1,killed_by:Wolf:437
7408,hunt_fail,Wolf,438,287,2,121,6,target_died
7408,hunt_fail,Wolf,472,286,7,121,9,target_died
7408,hunt_fail,Wolf,979,287,8,123,4,target_died
7408,hunt_start,Wolf,979,287,8,123,4,target:Deer:48
7408,spore_created,Shroomer,-1,196,8,85,5,
7408,spore_created,Shroomer,-1,191,9,94,6,
7410,kill,Penguin,272,60,7,10,8,killed_by:Hawk:466
7411,hunt_fail,Hawk,269,60,7,11,1,target_died
7411,hunt_start,Hawk,269,60,7,11,1,target:Penguin:1122
7411,hunt_start,Hawk,466,60,7,11,5,target:Penguin:1122
7414,reproduce,Deer,464,165,2,160,0,offspring:1
7421,starvation,Snake,474,35,5,10,2,
7421,hunt_start,Polar Bear,611,67,5,6,8,target:Penguin:1122
7422,hunt_start,Wolf,70,251,5,239,3,target:Rabbit:927
7428,hunt_fail,Fox,445,262,6,202,1,discomfort
7430,hunt_start,Wolf,472,286,1,122,1,target:Deer:48
7432,kill,Musk Ox,535,91,8,204,4,killed_by:Polar Bear:597
7437,kill,Frog,1201,79,6,72,7,killed_by:Hawk:967
7438,hunt_start,Hawk,967,79,7,72,6,target:Penguin:533
7438,reproduce,Monkey,1169,172,3,100,7,offspring:1
7438,spore_created,Shroomer,-1,212,1,86,6,
7438,spore_created,Shroomer,-1,217,9,81,8,
7445,kill,Frog,963,185,6,120,9,killed_by:Hawk:1085
7446,hunt_start,Hawk,1085,185,4,120,8,target:Frog:1119
7458,starvation,Shroomer,266,207,3,161,1,
7459,starvation,Crocodile,451,239,0,187,4,
7464,kill,Penguin,1122,54,0,12,5,killed_by:Hawk:466
7465,hunt_fail,Hawk,269,54,1,12,3,target_died
7465,hunt_start,Hawk,269,54,1,12,3,target:Frog:173
7465,hunt_fail,Polar Bear,611,65,3,7,6,target_died
7465,hunt_start,Polar Bear,611,65,3,7,6,target:Turtle:871
7469,spore_matured,Shroomer,-1,36,4,200,5,
7469,reproduce,Shroomer,-1,36,4,200,5,offspring:1
7469,spore_matured,Shroomer,-1,33,5,200,7,
7469,reproduce,Shroomer,-1,33,5,200,7,offspring:1
7472,reproduce,Polar Bear,611,65,0,7,8,offspring:1
7473,hunt_start,Polar Bear,963,65,3,5,6,target:Turtle:871
7475,hunt_fail,Arctic Fox,483,149,3,126,4,discomfort
7479,reproduce,Parrot,1108,58,3,78,2,offspring:1
7483,reproduce,Parrot,1147,214,7,60,3,offspring:1
7489,kill,Shroomer,374,243,8,115,8,killed_by:Wolf:283
7490,hunt_start,Wolf,283,243,1,115,9,target:Deer:1007
7499,kill,Deer,423,257,4,258,8,killed_by:Wolf:726
7512,hunt_start,Jaguar,3,66,9,79,3,target:Shroomer:594
7526,reproduce,Parrot,1096,45,9,18,9,offspring:1
7527,hunt_start,Jaguar,486,75,0,77,0,target:Deer:1224
7530,reproduce,Jaguar,709,31,8,104,9,offspring:1
7531,hunt_start,Jaguar,709,31,8,104,9,target:Shroomer:427
7531,hunt_start,Jaguar,1103,29,6,105,0,target:Shroomer:427
7536,reproduce,Rabbit,45,157,7,270,2,offspring:2
7536,reproduce,Rabbit,1165,165,2,257,8,offspring:2
7538,kill,Penguin,533,81,3,60,8,killed_by:Hawk:967
7538,reproduce,Hawk,967,81,2,61,2,offspring:1
7539,hunt_start,Hawk,533,82,5,62,7,target:Frog:852
7539,hunt_start,Hawk,967,81,2,61,0,target:Frog:852
7546,hunt_start,Bear,462,68,0,158,8,target:Musk Ox:1198
7546,reproduce,Monkey,316,128,0,263,3,offspring:1
7548,reproduce,Musk Ox,969,96,1,217,0,offspring:1
7548,reproduce,Parrot,1039,91,9,185,4,offspring:1
7551,reproduce,Elk,1099,96,0,55,2,offspring:1
7553,reproduce,Deer,1107,177,2,120,2,offspring:1
7558,spore_matured,Shroomer,-1,211,9,86,7,
7558,reproduce,Shroomer,-1,211,9,86,7,offspring:1
7558,spore_matured,Shroomer,-1,217,9,81,8,
7558,reproduce,Shroomer,-1,217,9,81,8,offspring:1
7561,hunt_start,Jaguar,1163,49,5,71,4,target:Shroomer:7
7565,kill,Frog,173,45,3,2,7,killed_by:Hawk:269
7565,reproduce,Frog,323,31,7,3,3,offspring:2
7565,reproduce,Frog,666,28,3,11,5,offspring:2
7566,hunt_start,Hawk,269,45,4,2,9,target:Frog:446
7569,hunt_fail,Jaguar,1067,48,7,65,9,prey_escaped
7569,hunt_start,Jaguar,1067,48,7,65,9,target:Tapir:1167
7577,kill,Shroomer,594,62,1,78,0,killed_by:Jaguar:3
7586,reproduce,Rabbit,835,253,6,95,9,offspring:2
7588,reproduce,Rabbit,87,90,2,46,4,offspring:2
7591,reproduce,Turtle,184,145,0,81,8,offspring:1
7592,hunt_start,Bear,1204,167,3,167,7,target:Deer:464
7592,reproduce,Deer,1080,140,2,192,0,offspring:1
7595,reproduce,Turtle,598,218,6,64,0,offspring:1
7601,reproduce,Tapir,6,150,8,94,5,offspring:1
7606,reproduce,Penguin,162,138,1,47,8,offspring:1
7607,kill,Frog,852,90,0,67,3,killed_by:Hawk:533
7607,reproduce,Frog,1194,86,3,74,6,offspring:2
7607,reproduce,Frog,1200,92,4,79,6,offspring:2
7608,hunt_start,Hawk,533,89,8,67,2,target:Lizard:166
7617,hunt_start,Fox,445,265,0,212,0,target:Monkey:1002
7618,reproduce,Parrot,1190,183,0,128,1,offspring:1
7628,reproduce,Deer,950,272,9,219,5,offspring:1
7637,hunt_start,Wolf,1202,253,2,240,6,target:Parrot:344
7639,kill,Shroomer,7,48,1,76,2,killed_by:Jaguar:1163
7643,hunt_start,Hawk,466,47,9,9,8,target:Rabbit:862
7648,kill,Musk Ox,1198,67,0,153,2,killed_by:Bear:462
7648,reproduce,Musk Ox,16,98,1,155,5,offspring:1
7648,reproduce,Musk Ox,961,80,3,159,7,offspring:1
7648,reproduce,Musk Ox,987,69,1,151,6,offspring:1
7649,kill,Turtle,871,57,7,14,5,killed_by:Polar Bear:611
7650,hunt_fail,Jaguar,487,255,8,237,5,prey_escaped
7650,hunt_start,Jaguar,487,255,8,237,5,target:Turtle:1155
7650,hunt_fail,Polar Bear,963,59,8,13,1,target_died
7650,hunt_start,Polar Bear,963,59,8,13,1,target:Turtle:951
7650,reproduce,Parrot,101,160,0,277,7,offspring:1
7652,reproduce,Boar,390,261,5,22,3,offspring:2
7652,reproduce,Boar,699,278,5,29,9,offspring:2
7655,reproduce,Boar,331,275,6,64,1,offspring:2
7657,spore_created,Shroomer,-1,226,3,88,5,
7657,spore_created,Shroomer,-1,226,4,92,1,
7663,starvation,Elk,222,43,2,223,8,
7668,kill,Frog,446,57,5,0,0,killed_by:Hawk:269
7669,reproduce,Lizard,436,32,0,73,7,offspring:2
7673,kill,Deer,1007,245,8,133,0,killed_by:Wolf:283
7674,reproduce,Deer,530,258,2,119,1,offspring:1
7676,kill,Shroomer,427,33,4,96,9,killed_by:Jaguar:1103
7677,hunt_fail,Jaguar,709,32,3,101,6,target_died
7677,hunt_start,Jaguar,709,32,3,101,6,target:Boar:461
7677,hunt_start,Jaguar,1103,33,1,97,6,target:Boar:461
7691,starvation,Lizard,940,132,4,132,4,
7697,hunt_fail,Jaguar,486,83,7,85,5,discomfort
7698,starvation,Parrot,511,187,0,48,8,
7726,reproduce,Lizard,565,163,8,156,2,offspring:2
7726,reproduce,Faeling,0,1,0,195,1,offspring:1
7730,hunt_start,Jaguar,1148,270,8,211,0,target:Deer:1223
7731,reproduce,Parrot,181,96,0,176,7,offspring:1
7731,reproduce,Parrot,1048,32,9,71,0,offspring:1
7735,reproduce,Tapir,555,151,9,204,0,offspring:1
7743,reproduce,Penguin,1188,70,7,31,0,offspring:1
7744,hunt_start,Boar,230,21,2,218,9,target:Shroomer:176
7744,hunt_start,Hawk,269,57,3,0,0,target:Rabbit:759
7748,kill,Frog,852,81,3,83,4,killed_by:Hawk:967
7749,hunt_start,Hawk,967,81,5,83,3,target:Lizard:1042
7759,hunt_fail,Fox,445,262,5,201,3,discomfort
7762,hunt_start,Wolf,726,262,1,265,4,target:Lizard:520
7763,hunt_start,Bear,329,72,7,161,1,target:Deer:1170
7765,reproduce,Parrot,409,160,0,199,4,offspring:1
7767,kill,Rabbit,862,36,7,20,2,killed_by:Hawk:466
7768,hunt_start,Wolf,738,285,9,134,3,target:Deer:48
7772,kill,Turtle,951,55,2,13,8,killed_by:Polar Bear:963
7773,hunt_start,Polar Bear,963,55,5,13,2,target:Penguin:413
7777,spore_matured,Shroomer,-1,226,4,88,3,
7777,reproduce,Shroomer,-1,226,4,88,3,offspring:1
7792,reproduce,Deer,22,81,3,209,1,offspring:1
7799,starvation,Lizard,703,251,6,229,4,
7800,reproduce,Penguin,618,72,9,87,0,offspring:1
7800,reproduce,Penguin,968,90,0,81,1,offspring:1
7801,hunt_start,Boar,651,20,5,223,0,target:Shroomer:176
7805,hunt_start,Polar Bear,1142,33,2,9,9,target:Penguin:647
7805,reproduce,Parrot,986,173,9,278,2,offspring:1
7807,kill,Lizard,166,120,5,61,4,killed_by:Hawk:533
7808,hunt_start,Hawk,533,120,3,61,5,target:Lizard:1207
7816,reproduce,Parrot,621,109,2,156,8,offspring:1
7824,spore_created,Shroomer,-1,224,9,95,0,
7824,spore_created,Shroomer,-1,219,3,101,5,
7830,hunt_start,Wolf,437,286,5,142,9,target:Deer:48
7836,reproduce,Parrot,90,138,0,195,9,offspring:1
7836,reproduce,Parrot,949,140,4,195,0,offspring:1
7840,hunt_start,Polar Bear,478,97,8,193,3,target:Turtle:1086
7840,kill,Deer,484,190,3,145,0,killed_by:Bear:989
7852,reproduce,Turtle,177,279,4,233,2,offspring:1
7855,reproduce,Deer,657,161,4,193,5,offspring:1
7857,starvation,Lizard,247,253,3,169,3,
7857,hunt_fail,Wolf,1154,260,8,172,2,target_died
7859,reproduce,Penguin,281,140,0,39,9,offspring:1
7861,kill,Rabbit,835,273,0,80,2,killed_by:Wolf:1214
7862,hunt_start,Wolf,1214,272,7,80,4,target:Lizard:583
7869,reproduce,Parrot,1211,169,5,154,2,offspring:1
7874,hunt_start,Jaguar,486,87,4,83,9,target:Shroomer:237
7875,kill,Shroomer,176,17,3,220,1,killed_by:Boar:230
7876,hunt_fail,Boar,651,18,2,220,4,target_died
7878,reproduce,Jaguar,1148,269,9,216,4,offspring:1
7879,hunt_start,Jaguar,176,268,7,216,0,target:Deer:1223
7890,hunt_start,Polar Bear,1134,85,5,214,3,target:Deer:22
7892,starvation,Monkey,539,219,4,79,5,
7895,reproduce,Monkey,991,224,7,118,1,offspring:1
7915,reproduce,Elk,887,169,7,102,7,offspring:1
7917,reproduce,Monkey,646,60,5,220,1,offspring:1
7920,reproduce,Monkey,188,60,6,259,8,offspring:1
7920,reproduce,Monkey,314,34,5,287,1,offspring:1
7920,reproduce,Monkey,920,61,9,217,9,offspring:1
7927,kill,Deer,1223,267,9,219,6,killed_by:Jaguar:1148
7928,hunt_fail,Jaguar,176,268,7,216,5,target_died
7928,hunt_start,Jaguar,176,268,7,216,5,target:Turtle:619
7930,starvation,Rabbit,833,216,1,79,1,
7930,kill,Shroomer,237,82,6,83,8,killed_by:Jaguar:486
7931,hunt_start,Boar,1266,272,6,72,5,target:Lizard:79
7932,reproduce,Parrot,915,228,9,134,0,offspring:1
7934,kill,Lizard,1042,54,7,90,4,killed_by:Hawk:967
7935,hunt_start,Hawk,967,54,9,90,5,target:Lizard:829
7936,hunt_start,Wolf,283,244,9,120,1,target:Rabbit:430
7939,reproduce,Monkey,150,80,3,192,0,offspring:1
7944,spore_matured,Shroomer,-1,224,7,94,7,
7944,reproduce,Shroomer,-1,224,7,94,7,offspring:1
7946,kill,Rabbit,759,27,9,0,0,killed_by:Hawk:269
7946,hunt_start,Hawk,466,38,8,14,9,target:Frog:33
7947,hunt_start,Hawk,269,28,6,0,2,target:Frog:323
7947,kill,Lizard,1207,121,4,74,2,killed_by:Hawk:533
7948,hunt_start,Hawk,533,121,4,73,9,target:Penguin:626
7949,hunt_start,Jaguar,3,54,5,80,5,target:Tapir:368
7951,spore_created,Shroomer,-1,218,9,85,7,
7951,spore_created,Shroomer,-1,226,9,84,4,
7975,hunt_start,Polar Bear,597,93,3,208,5,target:Musk Ox:1241
7975,reproduce,Turtle,605,42,9,4,2,offspring:1
7981,reproduce,Lizard,519,284,9,263,6,offspring:2
7984,reproduce,Elk,448,142,6,128,0,offspring:1
7985,spore_created,Shroomer,-1,13,5,190,9,
7985,spore_created,Shroomer,-1,17,6,191,9,
7986,kill,Turtle,1086,91,0,196,0,killed_by:Polar Bear:478
7995,kill,Turtle,619,273,5,217,2,killed_by:Jaguar:176
7995,spore_created,Shroomer,-1,201,7,106,0,
7995,spore_created,Shroomer,-1,197,0,101,2,
8000,hunt_start,Wolf,434,78,2,286,0,target:Parrot:1102
8001,hunt_start,Fox,445,264,3,212,6,target:Monkey:1002
8003,reproduce,Lizard,831,268,1,223,2,offspring:2
8003,spore_created,Shroomer,-1,18,4,184,4,
8003,spore_created,Shroomer,-1,16,7,185,6,
8006,reproduce,Bear,462,65,9,155,1,offspring:1
8007,hunt_start,Bear,462,66,0,155,1,target:Deer:725
8007,hunt_start,Bear,1284,66,1,153,7,target:Deer:1182
8008,reproduce,Monkey,801,191,2,98,6,offspring:1
8008,reproduce,Monkey,936,190,1,100,6,offspring:1
8008,reproduce,Monkey,1137,186,2,104,0,offspring:1
8011,hunt_start,Jaguar,1163,54,8,79,2,target:Tapir:368
8016,hunt_start,Jaguar,1148,265,8,218,1,target:Deer:1197
8022,reproduce,Parrot,1072,134,7,284,3,offspring:1
8022,reproduce,Parrot,1091,153,0,257,4,offspring:1
8022,reproduce,Parrot,1101,154,4,263,1,offspring:1
8026,spore_created,Shroomer,-1,191,3,127,8,
8026,spore_created,Shroomer,-1,195,7,129,9,
8027,kill,Deer,1197,262,9,216,8,killed_by:Jaguar:1148
8030,hunt_start,Wolf,1154,265,7,173,4,target:Lizard:964
8032,reproduce,Deer,123,72,6,26,2,offspring:1
8034,reproduce,Parrot,1147,216,5,7,3,offspring:1
8035,reproduce,Elk,208,62,8,277,4,offspring:1
8048,kill,Frog,33,50,0,17,6,killed_by:Hawk:466
8054,spore_created,Shroomer,-1,35,2,204,8,
8054,spore_created,Shroomer,-1,44,4,204,2,
8057,reproduce,Boar,914,21,1,90,8,offspring:2
8063,kill,Frog,323,30,2,15,3,killed_by:Hawk:269
8064,hunt_start,Hawk,269,30,1,15,1,target:Frog:1247
8068,hunt_fail,Wolf,438,282,0,136,1,discomfort
8071,hunt_start,Polar Bear,611,58,5,8,2,target:Turtle:998
8071,reproduce,Parrot,1001,32,0,87,0,offspring:1
8071,spore_matured,Shroomer,-1,218,9,85,7,
8071,reproduce,Shroomer,-1,218,9,85,7,offspring:1
8073,reproduce,Monkey,1136,225,4,116,2,offspring:1
8074,hunt_fail,Wolf,438,282,0,136,4,discomfort
8076,kill,Penguin,626,127,2,57,9,killed_by:Hawk:533
8077,hunt_start,Hawk,533,127,1,58,1,target:Penguin:393
8077,reproduce,Parrot,1096,30,5,37,8,offspring:1
8083,starvation,Fox,442,157,5,111,4,
8085,reproduce,Parrot,705,160,2,219,4,offspring:1
8086,starvation,Rabbit,93,58,5,265,7,
8095,hunt_start,Hawk,466,51,7,15,8,target:Penguin:270
8095,reproduce,Deer,973,71,4,78,0,offspring:1
8100,kill,Penguin,413,72,6,25,9,killed_by:Polar Bear:963
8101,hunt_start,Polar Bear,963,72,0,25,5,target:Penguin:1188
8104,starvation,Monkey,1002,259,2,201,8,
8104,hunt_fail,Fox,445,262,9,201,7,target_died
8104,kill,Penguin,647,14,3,12,1,killed_by:Polar Bear:1142
8109,starvation,Parrot,931,119,1,132,0,
8115,spore_matured,Shroomer,-1,201,7,106,0,
8115,reproduce,Shroomer,-1,201,7,106,0,offspring:1
8119,starvation,Shroomer,392,165,2,202,3,
8122,spore_created,Shroomer,-1,52,4,89,2,
8122,spore_created,Shroomer,-1,66,8,91,7,
8132,kill,Lizard,829,28,8,75,4,killed_by:Hawk:967
8133,hunt_start,Hawk,967,29,0,75,2,target:Lizard:436
8140,reproduce,Lizard,1161,30,8,111,4,offspring:2
8143,reproduce,Deer,51,64,0,171,4,offspring:1
8157,spore_matured,Shroomer,-1,17,6,191,9,
8157,reproduce,Shroomer,-1,17,6,191,9,offspring:1
8162,reproduce,Musk Ox,599,116,9,74,3,offspring:1
8165,kill,Deer,22,71,9,204,9,killed_by:Polar Bear:1134
8167,spore_matured,Shroomer,-1,196,9,101,2,
8167,reproduce,Shroomer,-1,196,9,101,2,offspring:1
8168,reproduce,Lizard,853,109,2,110,1,offspring:2
8171,reproduce,Parrot,1190,196,9,128,0,offspring:1
8174,starvation,Hawk,942,99,4,110,8,
8179,spore_created,Shroomer,-1,212,6,90,1,
8179,spore_created,Shroomer,-1,200,6,95,0,
8181,kill,Frog,1247,15,1,17,8,killed_by:Hawk:269
8182,hunt_start,Hawk,269,15,3,17,6,target:Penguin:901
8191,hunt_fail,Bear,462,75,1,152,1,discomfort
8193,reproduce,Deer,1080,140,9,195,9,offspring:1
8197,kill,Parrot,1102,115,4,278,3,killed_by:Wolf:435
8198,hunt_fail,Wolf,434,114,0,278,6,target_died
8198,hunt_start,Wolf,434,114,0,278,6,target:Rabbit:828
8198,reproduce,Musk Ox,671,124,4,201,6,offspring:1
8203,kill,Penguin,393,127,8,42,4,killed_by:Hawk:533
8203,reproduce,Penguin,241,142,6,47,6,offspring:1
8204,hunt_start,Hawk,533,127,8,42,7,target:Lizard:1206
8208,kill,Deer,1182,69,4,142,7,killed_by:Bear:1284
8209,hunt_start,Bear,1284,69,6,144,1,target:Musk Ox:1261
8210,starvation,Deer,1009,198,4,119,5,
8210,reproduce,Deer,1107,169,1,111,0,offspring:1
8213,reproduce,Monkey,875,207,7,32,0,offspring:1
8217,kill,Musk Ox,1241,100,6,219,9,killed_by:Polar Bear:597
8219,hunt_fail,Jaguar,709,45,0,98,0,prey_escaped
8219,hunt_start,Jaguar,709,45,0,98,0,target:Boar:497
8221,kill,Boar,497,45,6,96,8,killed_by:Jaguar:709
8224,reproduce,Hawk,466,56,8,31,4,offspring:1
8225,hunt_start,Hawk,1241,57,4,32,7,target:Penguin:270
8226,kill,Penguin,270,56,9,31,9,killed_by:Hawk:1241
8226,spore_matured,Shroomer,-1,35,2,204,8,
8226,reproduce,Shroomer,-1,35,2,204,8,offspring:1
8226,spore_matured,Shroomer,-1,44,2,203,8,
8226,reproduce,Shroomer,-1,44,2,203,8,offspring:1
8227,hunt_fail,Hawk,466,56,9,31,7,prey_escaped
8227,hunt_start,Hawk,466,56,9,31,7,target:Penguin:1272
8227,hunt_start,Hawk,1241,57,2,32,5,target:Penguin:1272
8229,kill,Deer,1170,102,4,166,3,killed_by:Bear:329
8232,reproduce,Deer,950,268,5,233,1,offspring:1
8238,spore_created,Shroomer,-1,34,6,206,0,
8238,spore_created,Shroomer,-1,29,8,205,8,
8242,hunt_fail,Wolf,437,281,4,133,1,discomfort
8242,spore_matured,Shroomer,-1,66,8,91,7,
8242,reproduce,Shroomer,-1,66,8,91,7,offspring:1
8249,reproduce,Rabbit,224,257,3,145,1,offspring:2
8254,starvation,Monkey,327,225,5,81,5,
8265,hunt_start,Jaguar,486,89,0,73,2,target:Tapir:864
8265,reproduce,Rabbit,5,52,9,256,0,offspring:2
8268,reproduce,Monkey,629,240,1,101,9,offspring:1
8279,hunt_start,Fox,445,263,5,211,1,target:Lizard:1287
8281,environment_death,Shroomer,413,201,1,105,8,drowning
8281,kill,Penguin,901,13,4,29,2,killed_by:Hawk:269
8282,hunt_start,Hawk,269,13,5,28,9,target:Penguin:532
8282,reproduce,Parrot,1048,25,2,59,1,offspring:1
8290,reproduce,Bear,989,191,0,142,0,offspring:1
8291,hunt_start,Bear,901,188,9,139,3,target:Lizard:834
8294,spore_matured,Shroomer,-1,52,4,89,2,
8294,reproduce,Shroomer,-1,52,4,89,2,offspring:1
8299,spore_matured,Shroomer,-1,212,6,90,1,
8299,reproduce,Shroomer,-1,212,6,90,1,offspring:1
8299,spore_matured,Shroomer,-1,200,6,95,0,
8299,reproduce,Shroomer,-1,200,6,95,0,offspring:1
8302,kill,Tapir,368,36,0,65,2,killed_by:Jaguar:3
8303,hunt_fail,Jaguar,1163,48,9,77,0,target_died
8303,hunt_start,Jaguar,1163,48,9,77,0,target:Parrot:341
8304,reproduce,Penguin,162,140,0,60,8,offspring:1
8304,reproduce,Penguin,1078,141,4,70,5,offspring:1
8313,hunt_fail,Jaguar,485,245,5,278,7,discomfort
8327,kill,Penguin,1188,64,6,34,7,killed_by:Polar Bear:963
8328,kill,Penguin,1272,69,0,24,6,killed_by:Hawk:466
8329,hunt_start,Hawk,466,68,9,24,3,target:Penguin:280
8329,hunt_fail,Hawk,1241,68,8,24,7,target_died
8329,hunt_start,Hawk,1241,68,8,24,7,target:Penguin:280
8330,starvation,Parrot,902,221,4,81,7,
8330,hunt_start,Jaguar,709,48,2,97,1,target:Shroomer:1002
8340,reproduce,Turtle,189,269,8,223,5,offspring:1
8345,hunt_start,Bear,989,191,1,141,1,target:Parrot:1190
8351,kill,Turtle,998,45,3,-0,0,killed_by:Polar Bear:611
8352,reproduce,Turtle,954,136,6,18,5,offspring:1
8353,reproduce,Elk,1099,89,2,53,2,offspring:1
8355,kill,Rabbit,828,95,1,265,8,killed_by:Wolf:435
8356,hunt_fail,Wolf,434,95,9,266,3,target_died
8356,hunt_start,Wolf,434,95,9,266,3,target:Parrot:1128
8357,kill,Deer,749,115,4,83,7,killed_by:Jaguar:73
8358,hunt_start,Jaguar,73,114,9,83,9,target:Deer:62
8364,environment_death,Deer,51,54,9,170,9,drowning
8364,hunt_fail,Polar Bear,855,58,1,171,1,target_died
8364,hunt_start,Polar Bear,855,58,1,171,1,target:Deer:175
8365,kill,Musk Ox,1261,72,9,150,1,killed_by:Bear:1284
8365,reproduce,Frog,1245,29,5,5,2,offspring:2
8367,hunt_start,Jaguar,176,273,0,217,1,target:Turtle:1081
8368,reproduce,Musk Ox,294,64,0,160,0,offspring:1
8368,reproduce,Parrot,1039,94,5,184,3,offspring:1
8379,reproduce,Rabbit,13,64,0,165,1,offspring:2
8381,kill,Penguin,532,24,1,30,3,killed_by:Hawk:269
8382,hunt_start,Hawk,269,23,8,30,3,target:Penguin:899
8382,reproduce,Elk,574,128,0,266,7,offspring:1
8399,hunt_start,Jaguar,1148,265,6,228,1,target:Deer:950
8410,spore_matured,Shroomer,-1,29,7,205,8,
8410,reproduce,Shroomer,-1,29,7,205,8,offspring:1
8410,spore_matured,Shroomer,-1,34,7,206,6,
8410,reproduce,Shroomer,-1,34,7,206,6,offspring:1
8412,hunt_fail,Wolf,438,281,7,133,1,discomfort
8412,spore_created,Shroomer,-1,13,0,179,2,
8412,spore_created,Shroomer,-1,15,0,183,3,
8416,reproduce,Parrot,600,140,7,57,7,offspring:1
8416,reproduce,Parrot,729,139,7,62,1,offspring:1
8417,starvation,Fox,445,277,0,223,7,
8417,starvation,Tapir,825,104,0,141,3,
8424,kill,Turtle,1081,273,6,220,7,killed_by:Jaguar:176
8434,reproduce,Rabbit,87,87,6,41,0,offspring:2
8441,reproduce,Tapir,98,85,7,159,2,offspring:1
8443,reproduce,Camel,262,172,8,277,9,offspring:1
8445,hunt_fail,Wolf,437,281,7,134,2,discomfort
8449,reproduce,Musk Ox,969,104,4,223,9,offspring:1
8454,kill,Penguin,280,71,5,42,2,killed_by:Hawk:466
8455,hunt_fail,Hawk,1241,71,3,42,2,target_died
8455,hunt_start,Hawk,1241,71,3,42,2,target:Penguin:274
8460,reproduce,Parrot,35,60,5,256,5,offspring:1
8469,reproduce,Lizard,446,34,2,62,2,offspring:2
8476,kill,Shroomer,1002,53,1,87,8,killed_by:Jaguar:709
8481,kill,Penguin,899,33,7,31,6,killed_by:Hawk:269
8481,reproduce,Penguin,18,24,5,27,3,offspring:1
8481,reproduce,Penguin,31,13,9,17,6,offspring:1
8481,reproduce,Penguin,95,17,1,23,1,offspring:1
8481,reproduce,Penguin,154,19,6,25,0,offspring:1
8481,reproduce,Penguin,567,23,6,21,4,offspring:1
8481,reproduce,Penguin,795,17,9,22,5,offspring:1
8481,reproduce,Penguin,849,18,8,22,7,offspring:1
8481,reproduce,Penguin,900,15,7,26,9,offspring:1
8481,reproduce,Penguin,1121,22,9,21,9,offspring:1
8481,reproduce,Penguin,1124,20,5,23,8,offspring:1
8481,reproduce,Penguin,1126,20,7,31,3,offspring:1
8482,starvation,Arctic Fox,483,171,6,126,0,
8483,reproduce,Hawk,269,33,4,31,5,offspring:1
8483,reproduce,Parrot,451,221,1,56,8,offspring:1
8484,hunt_start,Hawk,269,33,4,31,5,target:Rabbit:758
8484,hunt_start,Hawk,483,35,1,30,4,target:Rabbit:758
8484,reproduce,Parrot,915,215,2,129,2,offspring:1
8500,reproduce,Lizard,1203,60,9,129,0,offspring:2
8506,spore_created,Shroomer,-1,40,2,198,5,
8506,spore_created,Shroomer,-1,31,2,192,7,
8523,starvation,Elk,122,56,5,185,5,
8523,reproduce,Elk,456,24,0,207,4,offspring:1
8523,reproduce,Elk,482,21,9,170,2,offspring:1
8523,reproduce,Elk,710,25,1,206,8,offspring:1
8523,reproduce,Elk,797,35,0,179,7,offspring:1
8523,reproduce,Elk,821,32,3,179,2,offspring:1
8523,reproduce,Elk,848,43,4,180,5,offspring:1
8526,reproduce,Parrot,1122,32,0,20,9,offspring:1
8530,hunt_start,Polar Bear,478,101,3,192,3,target:Parrot:351
8541,reproduce,Monkey,150,92,9,158,9,offspring:1
8541,reproduce,Elk,628,96,0,81,8,offspring:1
8562,reproduce,Deer,325,70,8,229,1,offspring:1
8575,spore_created,Shroomer,-1,223,6,102,8,
8575,spore_created,Shroomer,-1,226,3,100,3,
8582,hunt_fail,Wolf,438,281,6,137,3,discomfort
8585,reproduce,Turtle,239,219,3,13,2,offspring:1
8587,reproduce,Rabbit,594,260,1,76,3,offspring:2
8587,reproduce,Rabbit,1248,260,7,90,2,offspring:2
8589,kill,Rabbit,758,43,8,18,8,killed_by:Hawk:483
8590,hunt_fail,Hawk,269,43,4,19,3,target_died
8590,hunt_start,Hawk,269,43,4,19,3,target:Frog:231
8590,hunt_start,Hawk,483,43,7,18,9,target:Frog:231
8597,starvation,Monkey,479,240,9,200,7,
8598,environment_death,Boar,461,90,1,92,6,drowning
8598,hunt_fail,Jaguar,1103,88,4,90,1,target_died
8598,hunt_start,Jaguar,1103,88,4,90,1,target:Parrot:1098
8618,kill,Deer,950,272,2,242,1,killed_by:Jaguar:1148
8627,hunt_fail,Wolf,438,281,8,135,5,discomfort
8633,reproduce,Deer,123,83,2,32,6,offspring:1
8634,starvation,Deer,771,63,0,179,9,
8634,reproduce,Deer,1180,73,4,162,6,offspring:1
8638,hunt_fail,Wolf,438,281,9,135,8,discomfort
8642,hunt_start,Hawk,466,70,8,38,0,target:Rabbit:87
8645,hunt_fail,Wolf,435,63,9,243,6,discomfort
8647,hunt_start,Polar Bear,1142,22,0,18,9,target:Penguin:1124
8651,spore_matured,Shroomer,-1,30,8,192,8,
8651,reproduce,Shroomer,-1,30,8,192,8,offspring:1
8652,kill,Deer,175,49,6,177,4,killed_by:Polar Bear:855
8652,reproduce,Deer,1052,85,3,163,3,offspring:1
8653,hunt_start,Polar Bear,855,50,7,176,6,target:Boar:155
8661,hunt_fail,Wolf,438,281,9,134,9,discomfort
8663,environment_death,Tapir,371,82,0,95,4,drowning
8665,starvation,Polar Bear,477,36,9,43,2,
8665,hunt_fail,Wolf,434,64,2,242,5,discomfort
8667,hunt_start,Bear,329,107,1,160,2,target:Deer:1135
8672,kill,Frog,231,33,0,23,7,killed_by:Hawk:269
8672,hunt_fail,Wolf,438,282,0,135,3,discomfort
8673,hunt_start,Hawk,269,33,1,23,8,target:Penguin:267
8673,hunt_fail,Hawk,483,33,5,23,7,target_died
8673,hunt_start,Hawk,483,33,5,23,7,target:Penguin:267
8676,reproduce,Turtle,218,218,4,13,3,offspring:1
8676,kill,Faeling,940,0,5,131,8,killed_by:Shroomer:1051
8678,spore_matured,Shroomer,-1,40,2,198,5,
8678,reproduce,Shroomer,-1,40,2,198,5,offspring:1
8684,hunt_fail,Wolf,438,281,9,135,8,discomfort
8697,hunt_start,Jaguar,3,44,3,70,3,target:Parrot:266
8702,starvation,Hawk,467,253,4,163,3,
8706,hunt_fail,Wolf,438,281,8,134,9,discomfort
8706,kill,Penguin,274,82,7,42,8,killed_by:Hawk:1241
8706,reproduce,Penguin,285,93,4,68,6,offspring:1
8706,reproduce,Penguin,307,92,3,79,1,offspring:1
8706,reproduce,Penguin,552,73,5,75,5,offspring:1
8706,reproduce,Penguin,618,80,3,79,8,offspring:1
8706,reproduce,Penguin,1160,71,3,86,4,offspring:1
8707,hunt_start,Hawk,1241,82,6,43,1,target:Rabbit:445
8708,hunt_start,Polar Bear,1134,77,1,199,2,target:Parrot:287
8731,starvation,Hawk,264,146,8,67,1,
8731,starvation,Deer,1150,0,0,114,7,
8731,kill,Penguin,267,34,6,31,0,killed_by:Hawk:483
8732,hunt_fail,Hawk,269,34,8,30,5,target_died
8732,hunt_start,Hawk,269,34,8,30,5,target:Parrot:1335
8732,hunt_start,Hawk,483,34,9,31,0,target:Parrot:1335
8747,reproduce,Monkey,1240,128,0,273,1,offspring:1
8757,starvation,Parrot,865,142,6,118,0,
8758,starvation,Lizard,751,121,5,227,6,
8758,spore_created,Shroomer,-1,233,2,66,7,
8758,spore_created,Shroomer,-1,235,2,62,2,
8760,hunt_start,Polar Bear,597,106,7,224,5,target:Musk Ox:969
8764,reproduce,Deer,568,18,3,128,0,offspring:1
8785,reproduce,Polar Bear,1134,75,2,195,8,offspring:1
8786,hunt_start,Polar Bear,274,73,7,197,0,target:Parrot:287
8786,reproduce,Elk,448,150,3,141,8,offspring:1
8790,hunt_start,Wolf,435,69,0,242,2,target:Deer:325
8796,hunt_start,Jaguar,176,263,6,218,9,target:Turtle:1155
8798,spore_created,Shroomer,-1,53,8,88,6,
8798,spore_created,Shroomer,-1,64,9,97,9,
8805,age_death,Lizard,228,165,5,259,0,
8805,reproduce,Lizard,664,158,7,274,6,offspring:2
8808,reproduce,Parrot,705,192,0,185,5,offspring:1
8809,reproduce,Lizard,1206,143,8,8,2,offspring:2
8811,reproduce,Deer,1107,167,4,99,6,offspring:1
8814,spore_created,Shroomer,-1,208,7,86,4,
8814,spore_created,Shroomer,-1,214,0,83,2,
8815,reproduce,Monkey,875,203,7,22,9,offspring:1
8821,spore_created,Shroomer,-1,225,2,75,4,
8821,spore_created,Shroomer,-1,214,0,81,0,
8836,kill,Musk Ox,969,103,4,226,1,killed_by:Polar Bear:597
8840,reproduce,Boar,230,13,2,224,0,offspring:2
8847,spore_created,Shroomer,-1,193,6,100,3,
8847,spore_created,Shroomer,-1,188,3,100,2,
8848,hunt_start,Jaguar,709,57,2,94,0,target:Shroomer:1043
8852,kill,Rabbit,445,100,0,33,8,killed_by:Hawk:1241
8853,hunt_start,Hawk,1241,99,8,33,9,target:Rabbit:87
8855,kill,Turtle,1155,263,2,223,7,killed_by:Jaguar:176
8856,hunt_fail,Jaguar,487,258,9,231,4,target_died
8856,hunt_start,Jaguar,487,258,9,231,4,target:Turtle:947
8867,spore_created,Shroomer,-1,94,5,227,4,
8867,spore_created,Shroomer,-1,101,4,222,3,
8870,reproduce,Deer,505,280,6,254,3,offspring:1
8878,spore_matured,Shroomer,-1,235,2,62,2,
8878,reproduce,Shroomer,-1,235,2,62,2,offspring:1
8883,kill,Rabbit,87,89,6,22,8,killed_by:Hawk:466
8884,hunt_fail,Hawk,1241,96,3,30,6,target_died
8886,reproduce,Tapir,168,132,6,64,0,offspring:1
8891,hunt_start,Jaguar,485,240,0,281,6,target:Parrot:343
8893,starvation,Hawk,1085,194,7,112,8,
8894,hunt_start,Polar Bear,611,51,0,8,1,target:Turtle:759
8899,hunt_fail,Wolf,437,281,8,133,5,discomfort
8899,kill,Shroomer,1043,60,8,94,7,killed_by:Jaguar:709
8902,starvation,Lizard,964,258,4,166,2,
8902,kill,Penguin,1124,13,3,31,4,killed_by:Polar Bear:1142
8902,hunt_fail,Wolf,1154,264,0,168,3,target_died
8906,reproduce,Deer,667,253,1,160,0,offspring:1
8914,spore_created,Shroomer,-1,220,1,82,3,
8914,spore_created,Shroomer,-1,230,4,90,1,
8916,reproduce,Tapir,359,117,4,196,9,offspring:1
8918,spore_matured,Shroomer,-1,53,8,88,6,
8918,reproduce,Shroomer,-1,53,8,88,6,offspring:1
8930,spore_matured,Shroomer,-1,232,5,66,8,
8930,reproduce,Shroomer,-1,232,5,66,8,offspring:1
8932,hunt_start,Hawk,1241,96,2,30,5,target:Parrot:476
8933,reproduce,Parrot,1223,242,2,123,0,offspring:1
8934,spore_matured,Shroomer,-1,208,7,86,4,
8934,reproduce,Shroomer,-1,208,7,86,4,offspring:1
8934,spore_matured,Shroomer,-1,213,9,83,4,
8934,reproduce,Shroomer,-1,213,9,83,4,offspring:1
8938,kill,Deer,325,69,3,230,5,killed_by:Wolf:435
8938,hunt_start,Wolf,1154,265,4,168,4,target:Shroomer:157
8939,hunt_fail,Wolf,434,69,3,230,9,target_died
8939,hunt_start,Wolf,434,69,3,230,9,target:Monkey:719
8941,spore_matured,Shroomer,-1,213,9,80,7,
8941,reproduce,Shroomer,-1,213,9,80,7,offspring:1
8943,reproduce,Deer,682,161,6,189,2,offspring:1
8953,environment_death,Deer,62,101,3,121,8,drowning
8953,hunt_fail,Jaguar,73,103,1,119,1,target_died
8953,hunt_start,Jaguar,73,103,1,119,1,target:Rabbit:544
8967,spore_matured,Shroomer,-1,193,3,100,2,
8967,reproduce,Shroomer,-1,193,3,100,2,offspring:1
8970,spore_matured,Shroomer,-1,64,9,97,9,
8970,reproduce,Shroomer,-1,64,9,97,9,offspring:1
8983,hunt_fail,Wolf,438,281,7,135,1,discomfort
8986,reproduce,Rabbit,1250,92,3,57,9,offspring:2
8990,hunt_start,Jaguar,1148,270,8,253,1,target:Rabbit:1228
8993,spore_matured,Shroomer,-1,225,6,76,0,
8993,reproduce,Shroomer,-1,225,6,76,0,offspring:1
8996,hunt_fail,Jaguar,485,230,4,286,3,discomfort
8998,reproduce,Jaguar,709,60,6,96,0,offspring:1
8999,hunt_start,Jaguar,709,60,6,96,0,target:Shroomer:1044
8999,hunt_start,Jaguar,1360,60,6,97,9,target:Boar:444
9010,kill,Turtle,947,264,8,230,9,killed_by:Jaguar:487
9011,hunt_start,Jaguar,487,264,2,230,9,target:Lizard:1286
9012,reproduce,Turtle,514,33,0,8,2,offspring:1
9016,reproduce,Deer,84,6,6,74,7,offspring:1
9016,reproduce,Deer,921,10,7,71,5,offspring:1
9016,reproduce,Deer,977,7,2,82,4,offspring:1
9019,spore_matured,Shroomer,-1,188,3,99,8,
9019,reproduce,Shroomer,-1,188,3,99,8,offspring:1
9034,reproduce,Parrot,451,214,6,62,6,offspring:1
9034,spore_matured,Shroomer,-1,230,4,90,1,
9034,reproduce,Shroomer,-1,230,4,90,1,offspring:1
9034,spore_matured,Shroomer,-1,219,9,82,2,
9034,reproduce,Shroomer,-1,219,9,82,2,offspring:1
9038,kill,Deer,464,133,6,183,4,killed_by:Bear:1204
9039,spore_matured,Shroomer,-1,94,5,227,4,
9039,reproduce,Shroomer,-1,94,5,227,4,offspring:1
9039,spore_matured,Shroomer,-1,101,4,222,3,
9039,reproduce,Shroomer,-1,101,4,222,3,offspring:1
9044,environment_death,Shroomer,1328,236,6,61,5,drowning
9045,kill,Boar,155,35,0,192,4,killed_by:Polar Bear:855
9046,hunt_start,Polar Bear,855,35,5,192,0,target:Shroomer:111
9050,reproduce,Parrot,621,114,5,149,3,offspring:1
9056,kill,Shroomer,1044,61,6,92,3,killed_by:Jaguar:709
9058,reproduce,Parrot,1068,144,4,64,0,offspring:1
9064,reproduce,Musk Ox,599,116,5,74,9,offspring:1
9075,starvation,Rabbit,1185,78,9,115,5,
9077,reproduce,Parrot,1122,30,5,10,5,offspring:1
9081,reproduce,Jaguar,1148,278,1,257,3,offspring:1
9082,hunt_start,Jaguar,1185,277,1,257,5,target:Rabbit:1228
9090,kill,Turtle,759,52,6,-0,0,killed_by:Polar Bear:611
9099,reproduce,Musk Ox,671,128,0,199,9,offspring:1
9107,hunt_fail,Wolf,437,281,6,133,1,discomfort
9116,kill,Deer,1135,132,3,150,4,killed_by:Bear:329
9116,reproduce,Deer,55,167,0,163,8,offspring:1
9118,hunt_fail,Wolf,438,281,9,135,1,discomfort
9118,hunt_start,Bear,462,85,1,152,1,target:Musk Ox:1168
9128,hunt_fail,Wolf,435,75,0,211,2,discomfort
9128,reproduce,Elk,564,89,7,83,2,offspring:1
9138,hunt_start,Jaguar,485,235,3,286,0,target:Monkey:318
9138,kill,Boar,444,69,3,102,0,killed_by:Jaguar:1360
9139,hunt_fail,Wolf,434,74,9,211,7,discomfort
9139,hunt_start,Jaguar,1360,68,7,101,8,target:Shroomer:398
9142,reproduce,Monkey,150,116,7,137,9,offspring:1
9143,reproduce,Polar Bear,478,79,5,222,5,offspring:1
9144,starvation,Monkey,1069,240,2,202,0,
9144,hunt_start,Polar Bear,1366,78,0,220,0,target:Tapir:822
9144,age_death,Lizard,240,217,5,63,4,
9150,kill,Shroomer,111,31,1,192,5,killed_by:Polar Bear:855
9154,reproduce,Elk,1099,89,6,55,8,offspring:1
9155,reproduce,Parrot,933,215,8,54,2,offspring:1
9167,reproduce,Hawk,466,74,0,22,1,offspring:1
9174,reproduce,Polar Bear,1142,18,1,29,3,offspring:1
9175,hunt_start,Polar Bear,1142,18,1,29,3,target:Penguin:265
9175,hunt_start,Polar Bear,1367,19,0,31,5,target:Penguin:1002
9175,reproduce,Faeling,0,1,0,195,0,offspring:1
9179,starvation,Turtle,513,209,5,80,5,
9180,spore_created,Shroomer,-1,216,5,91,0,
9180,spore_created,Shroomer,-1,220,0,95,3,
9182,hunt_start,Wolf,437,283,8,135,5,target:Deer:48
9186,kill,Shroomer,157,260,9,151,8,killed_by:Wolf:1154
9187,hunt_start,Wolf,1154,261,2,152,5,target:Deer:44
9201,reproduce,Turtle,182,145,7,192,0,offspring:1
9201,reproduce,Turtle,183,165,2,152,6,offspring:1
9201,reproduce,Turtle,856,164,0,150,5,offspring:1
9212,reproduce,Turtle,721,49,2,5,3,offspring:1
9215,spore_created,Shroomer,-1,217,4,57,9,
9215,spore_created,Shroomer,-1,216,0,58,5,
9219,reproduce,Elk,382,128,0,279,0,offspring:1
9226,spore_created,Shroomer,-1,70,1,231,4,
9226,spore_created,Shroomer,-1,77,3,232,9,
9227,hunt_start,Jaguar,176,266,8,233,1,target:Turtle:484
9238,hunt_start,Wolf,435,80,1,211,0,target:Tapir:50
9243,hunt_start,Jaguar,709,58,0,93,4,target:Deer:973
9257,kill,Musk Ox,1168,80,5,158,7,killed_by:Bear:462
9261,starvation,Monkey,791,182,6,94,6,
9277,reproduce,Polar Bear,611,53,7,2,8,offspring:1
9278,hunt_start,Polar Bear,611,53,7,2,8,target:Turtle:1372
9278,hunt_start,Polar Bear,1168,53,0,3,6,target:Turtle:1372
9280,kill,Shroomer,398,62,3,101,2,killed_by:Jaguar:1360
9284,kill,Tapir,822,84,5,213,8,killed_by:Polar Bear:1366
9285,hunt_start,Polar Bear,1366,83,8,214,0,target:Tapir:50
9288,kill,Parrot,476,73,8,80,9,killed_by:Hawk:1241
9289,hunt_start,Hawk,1241,73,9,80,7,target:Penguin:477
9292,reproduce,Penguin,223,63,9,64,0,offspring:1
9296,starvation,Monkey,681,194,9,69,8,
9300,spore_matured,Shroomer,-1,216,4,91,3,
9300,reproduce,Shroomer,-1,216,4,91,3,offspring:1
9301,spore_matured,Shroomer,-1,222,4,95,2,
9301,reproduce,Shroomer,-1,222,4,95,2,offspring:1
9303,reproduce,Elk,383,63,6,284,5,offspring:1
9310,kill,Penguin,1002,28,6,31,7,killed_by:Polar Bear:1367
9311,hunt_start,Polar Bear,1367,28,0,31,7,target:Penguin:18
9316,reproduce,Deer,234,146,4,192,1,offspring:1
9325,kill,Turtle,484,263,3,238,2,killed_by:Jaguar:176
9326,hunt_fail,Wolf,438,281,6,135,5,discomfort
9343,reproduce,Monkey,833,64,9,160,0,offspring:1
9348,reproduce,Monkey,1240,140,4,269,1,offspring:1
9352,reproduce,Lizard,583,288,0,63,9,offspring:2
9356,starvation,Rabbit,993,191,6,199,6,
9368,reproduce,Deer,568,14,2,147,9,offspring:1
9369,reproduce,Tapir,872,33,1,61,6,offspring:1
9369,reproduce,Tapir,1035,35,6,59,4,offspring:1
9369,reproduce,Tapir,1138,46,7,63,0,offspring:1
9369,reproduce,Tapir,1210,36,1,58,5,offspring:1
9379,kill,Tapir,50,89,2,204,2,killed_by:Wolf:434
9379,hunt_start,Polar Bear,597,113,2,227,5,target:Musk Ox:1310
9380,hunt_start,Wolf,434,88,8,204,0,target:Monkey:755
9380,hunt_fail,Wolf,435,88,4,204,5,target_died
9380,hunt_fail,Polar Bear,1366,85,3,209,0,target_died
9380,hunt_start,Polar Bear,1366,85,3,209,0,target:Camel:548
9380,kill,Penguin,18,29,2,28,8,killed_by:Polar Bear:1367
9381,hunt_start,Polar Bear,1367,28,9,29,9,target:Penguin:265
9381,reproduce,Elk,770,198,9,98,9,offspring:1
9387,spore_matured,Shroomer,-1,217,9,57,6,
9387,reproduce,Shroomer,-1,217,9,57,6,offspring:1
9387,spore_matured,Shroomer,-1,215,6,59,1,
9387,reproduce,Shroomer,-1,215,6,59,1,offspring:1
9393,reproduce,Elk,890,160,0,152,3,offspring:1
9397,spore_created,Shroomer,-1,235,2,67,2,
9397,spore_created,Shroomer,-1,231,0,66,6,
9398,kill,Penguin,477,83,7,89,1,killed_by:Hawk:1241
9398,spore_matured,Shroomer,-1,70,1,231,4,
9398,reproduce,Shroomer,-1,70,1,231,4,offspring:1
9398,spore_matured,Shroomer,-1,77,3,232,8,
9398,reproduce,Shroomer,-1,77,3,232,8,offspring:1
9404,reproduce,Musk Ox,294,64,0,158,2,offspring:1
9408,kill,Turtle,1372,52,7,9,7,killed_by:Polar Bear:1168
9409,hunt_fail,Polar Bear,611,52,3,8,0,target_died
9409,hunt_start,Polar Bear,611,52,3,8,0,target:Turtle:721
9409,hunt_start,Polar Bear,1168,52,1,10,0,target:Turtle:721
9413,reproduce,Monkey,1009,209,0,29,0,offspring:1
9416,reproduce,Monkey,875,209,9,27,0,offspring:1
9420,kill,Tapir,864,85,6,66,3,killed_by:Jaguar:486
9424,reproduce,Hawk,1241,83,2,88,3,offspring:1
9425,starvation,Parrot,353,0,5,131,5,
9425,hunt_start,Hawk,1241,83,1,88,3,target:Frog:1256
9425,hunt_start,Hawk,1382,85,4,89,3,target:Lizard:807
9433,starvation,Parrot,1296,207,4,3,5,
9434,reproduce,Deer,1052,95,1,160,0,offspring:1
9435,spore_created,Shroomer,-1,109,9,76,7,
9435,spore_created,Shroomer,-1,111,7,84,1,
9440,hunt_start,Bear,1284,75,0,145,3,target:Parrot:287
9443,kill,Penguin,265,30,4,26,8,killed_by:Polar Bear:1142
9444,hunt_start,Polar Bear,1142,29,2,26,8,target:Penguin:1317
9444,hunt_fail,Polar Bear,1367,29,8,28,6,target_died
9444,hunt_start,Polar Bear,1367,29,8,28,6,target:Penguin:1317
9450,hunt_fail,Wolf,438,281,9,133,5,discomfort
9460,reproduce,Parrot,280,58,5,257,5,offspring:1
9471,reproduce,Deer,505,277,3,254,9,offspring:1
9476,hunt_start,Bear,1204,137,5,186,2,target:Deer:681
9483,reproduce,Parrot,1324,205,3,57,7,offspring:1
9484,reproduce,Parrot,705,229,6,180,4,offspring:1
9484,reproduce,Parrot,1223,234,6,127,3,offspring:1
9487,reproduce,Bear,329,134,3,155,1,offspring:1
9488,hunt_start,Bear,329,134,3,155,1,target:Tapir:824
9488,hunt_start,Bear,1389,134,4,157,6,target:Parrot:166
9489,kill,Deer,44,238,8,133,0,killed_by:Wolf:1154
9489,reproduce,Tapir,555,164,7,201,7,offspring:1
9495,reproduce,Camel,262,164,2,276,1,offspring:1
9499,reproduce,Elk,4,139,1,24,4,offspring:1
9499,reproduce,Elk,888,136,4,21,8,offspring:1
9499,reproduce,Elk,1143,130,4,27,6,offspring:1
9500,hunt_start,Hawk,111,73,1,30,7,target:Parrot:19
9505,kill,Turtle,721,48,6,6,4,killed_by:Polar Bear:611
9506,hunt_fail,Polar Bear,1168,49,4,7,1,target_died
9506,hunt_start,Polar Bear,1168,49,4,7,1,target:Turtle:605
9509,hunt_fail,Wolf,437,281,5,137,4,discomfort
9512,spore_created,Shroomer,-1,42,2,207,1,
9512,spore_created,Shroomer,-1,38,7,208,1,
9513,kill,Penguin,1317,26,8,23,8,killed_by:Polar Bear:1142
9514,hunt_start,Polar Bear,1142,27,3,24,3,target:Penguin:1121
9514,hunt_fail,Polar Bear,1367,28,9,27,2,target_died
9514,hunt_start,Polar Bear,1367,28,9,27,2,target:Penguin:1318
9519,hunt_fail,Polar Bear,478,57,3,232,9,discomfort
9525,reproduce,Bear,462,84,9,158,1,offspring:1
9526,hunt_start,Bear,462,84,9,158,1,target:Deer:392
9526,hunt_start,Bear,1317,82,7,155,6,target:Deer:392
9536,kill,Musk Ox,1310,109,8,219,8,killed_by:Polar Bear:597
9536,reproduce,Tapir,359,124,7,193,9,offspring:1
9549,kill,Frog,1256,67,7,89,4,killed_by:Hawk:1241
9550,hunt_start,Hawk,1241,67,9,89,4,target:Penguin:1268
9554,kill,Deer,973,66,2,90,8,killed_by:Jaguar:709
9555,reproduce,Deer,123,88,9,35,6,offspring:1
9557,reproduce,Boar,1298,11,4,79,2,offspring:2
9559,reproduce,Monkey,96,90,3,186,5,offspring:1
9559,reproduce,Monkey,755,77,9,182,1,offspring:1
9560,hunt_start,Boar,551,25,2,194,7,target:Frog:158
9568,kill,Faeling,1368,38,5,193,5,killed_by:Shroomer:419
9569,spore_matured,Shroomer,-1,230,4,68,3,
9569,reproduce,Shroomer,-1,230,4,68,3,offspring:1
9580,starvation,Parrot,442,164,9,225,4,
9580,reproduce,Parrot,345,191,3,277,9,offspring:1
9580,reproduce,Parrot,986,166,7,268,1,offspring:1
9587,reproduce,Tapir,168,133,9,52,5,offspring:1
9587,reproduce,Elk,448,159,6,139,9,offspring:1
9587,spore_created,Shroomer,-1,184,4,82,6,
9587,spore_created,Shroomer,-1,184,7,91,6,
9588,reproduce,Rabbit,1342,270,7,63,7,offspring:2
9589,reproduce,Lizard,394,86,9,184,8,offspring:2
9589,reproduce,Lizard,1092,94,4,189,1,offspring:2
9592,starvation,Wolf,529,268,7,186,9,
9592,starvation,Deer,913,66,1,186,7,
9594,kill,Monkey,755,76,2,178,3,killed_by:Wolf:435
9595,hunt_fail,Wolf,434,76,9,180,0,target_died
9595,hunt_start,Wolf,434,76,9,180,0,target:Deer:1180
9595,spore_created,Shroomer,-1,234,3,66,4,
9595,spore_created,Shroomer,-1,228,2,76,8,
9598,kill,Rabbit,1228,288,1,288,1,killed_by:Jaguar:1148
9599,hunt_start,Jaguar,1148,287,9,287,9,target:Monkey:452
9599,hunt_fail,Jaguar,1185,279,2,259,8,target_died
9599,hunt_start,Jaguar,1185,279,2,259,8,target:Deer:1385
9601,reproduce,Lizard,1286,285,7,191,8,offspring:2
9602,hunt_fail,Wolf,438,281,8,133,1,discomfort
9607,spore_matured,Shroomer,-1,109,9,76,7,
9607,reproduce,Shroomer,-1,109,9,76,7,offspring:1
9607,spore_matured,Shroomer,-1,111,8,84,1,
9607,reproduce,Shroomer,-1,111,8,84,1,offspring:1
9608,kill,Deer,1385,279,8,257,0,killed_by:Jaguar:1185
9609,hunt_start,Jaguar,1185,279,6,257,8,target:Deer:505
9609,kill,Camel,548,79,0,196,8,killed_by:Polar Bear:1366
9609,reproduce,Camel,245,111,6,215,9,offspring:1
9609,reproduce,Camel,897,113,5,216,6,offspring:1
9621,kill,Lizard,807,96,4,61,6,killed_by:Hawk:1382
9622,hunt_start,Hawk,1382,96,3,61,7,target:Rabbit:1250
9630,reproduce,Parrot,1122,34,8,6,7,offspring:1
9630,reproduce,Deer,1260,274,5,206,4,offspring:1
9633,reproduce,Parrot,1259,224,0,141,9,offspring:1
9636,hunt_fail,Wolf,437,281,8,135,6,discomfort
9639,spore_matured,Shroomer,-1,38,4,209,2,
9639,reproduce,Shroomer,-1,38,4,209,2,offspring:1
9641,spore_created,Shroomer,-1,223,9,78,5,
9641,spore_created,Shroomer,-1,227,4,64,9,
9647,reproduce,Parrot,85,6,9,127,9,offspring:1
9650,kill,Frog,158,25,2,194,2,killed_by:Boar:551
9652,hunt_start,Jaguar,1360,55,9,102,9,target:Lizard:1086
9660,spore_matured,Shroomer,-1,40,5,207,9,
9660,reproduce,Shroomer,-1,40,5,207,9,offspring:1
9661,kill,Penguin,1268,62,7,77,3,killed_by:Hawk:1241
9662,hunt_start,Hawk,1241,62,8,77,5,target:Rabbit:88
9663,kill,Lizard,1086,53,8,105,6,killed_by:Jaguar:1360
9672,reproduce,Camel,494,135,3,67,7,offspring:1
9672,reproduce,Monkey,629,241,1,106,1,offspring:1
9672,reproduce,Monkey,1136,225,9,122,2,offspring:1
9672,reproduce,Monkey,1299,234,2,120,2,offspring:1
9678,spore_created,Shroomer,-1,18,8,211,2,
9678,spore_created,Shroomer,-1,21,8,214,1,
9681,starvation,Parrot,413,0,2,40,8,
9693,hunt_start,Polar Bear,855,32,7,190,9,target:Shroomer:1340
9694,reproduce,Tapir,98,91,5,159,9,offspring:1
9694,spore_created,Shroomer,-1,187,9,95,5,
9694,spore_created,Shroomer,-1,199,0,92,5,
9696,reproduce,Rabbit,775,288,0,188,2,offspring:2
9697,hunt_start,Jaguar,176,264,9,230,2,target:Deer:1288
9700,kill,Turtle,605,48,1,-0,0,killed_by:Polar Bear:1168
9702,starvation,Parrot,626,0,0,39,5,
9703,reproduce,Elk,955,198,9,256,0,offspring:1
9704,starvation,Lizard,229,67,4,206,5,
9705,spore_created,Shroomer,-1,234,1,70,7,
9705,spore_created,Shroomer,-1,232,6,65,2,
9706,hunt_fail,Wolf,1202,219,3,286,2,prey_escaped
9706,hunt_start,Wolf,1202,219,3,286,2,target:Monkey:948
9707,reproduce,Parrot,933,209,9,59,8,offspring:1
9707,spore_created,Shroomer,-1,226,7,84,8,
9707,spore_created,Shroomer,-1,229,9,86,3,
9707,spore_matured,Shroomer,-1,184,4,82,6,
9707,reproduce,Shroomer,-1,184,4,82,6,offspring:1
9707,spore_matured,Shroomer,-1,184,7,91,6,
9707,reproduce,Shroomer,-1,184,7,91,6,offspring:1
9716,hunt_fail,Wolf,435,73,1,191,0,discomfort
9716,reproduce,Parrot,81,207,3,55,5,offspring:1
9721,reproduce,Deer,682,163,3,198,7,offspring:1
9730,kill,Deer,1180,72,6,192,1,killed_by:Wolf:434
9741,reproduce,Monkey,1336,102,3,157,6,offspring:1
9745,reproduce,Monkey,150,139,2,141,8,offspring:1
9747,hunt_fail,Jaguar,485,246,9,237,4,discomfort
9752,hunt_start,Wolf,1154,240,9,132,4,target:Rabbit:722
9755,hunt_start,Jaguar,486,90,0,76,8,target:Tapir:543
9761,spore_matured,Shroomer,-1,223,9,78,5,
9761,reproduce,Shroomer,-1,223,9,78,5,offspring:1
9766,reproduce,Lizard,446,53,5,58,2,offspring:2
9767,spore_matured,Shroomer,-1,228,3,76,4,
9767,reproduce,Shroomer,-1,228,3,76,4,offspring:1
9770,starvation,Rabbit,576,62,8,131,1,
9772,reproduce,Parrot,451,209,3,64,0,offspring:1
9773,environment_death,Deer,53,66,0,142,4,drowning
9774,kill,Deer,392,75,0,173,0,killed_by:Bear:462
9774,reproduce,Deer,725,71,1,175,3,offspring:1
9775,hunt_fail,Wolf,438,281,5,134,9,discomfort
9775,hunt_start,Bear,462,75,6,172,6,target:Deer:576
9775,hunt_fail,Bear,1317,77,7,169,5,target_died
9775,hunt_start,Bear,1317,77,7,169,5,target:Deer:576
9777,kill,Rabbit,1250,106,9,45,5,killed_by:Hawk:1382
9777,reproduce,Rabbit,825,94,2,39,8,offspring:2
9778,hunt_start,Hawk,1382,106,8,45,7,target:Parrot:19
9781,spore_created,Shroomer,-1,208,6,91,9,
9781,spore_created,Shroomer,-1,207,2,89,9,
9782,kill,Tapir,824,152,1,160,0,killed_by:Bear:329
9787,kill,Tapir,543,92,1,80,7,killed_by:Jaguar:486
9789,reproduce,Bear,1204,155,6,192,1,offspring:1
9790,hunt_start,Bear,824,155,5,193,3,target:Deer:681
9792,reproduce,Deer,951,70,0,212,0,offspring:1
9794,kill,Shroomer,1340,29,4,194,0,killed_by:Polar Bear:855
9798,spore_matured,Shroomer,-1,21,7,214,4,
9798,reproduce,Shroomer,-1,21,7,214,4,offspring:1
9802,kill,Rabbit,88,69,6,68,8,killed_by:Hawk:1241
9803,hunt_start,Hawk,1241,69,5,68,5,target:Penguin:223
9804,hunt_start,Bear,329,151,5,160,3,target:Elk:1374
9812,hunt_start,Jaguar,485,249,2,238,0,target:Monkey:246
9814,spore_matured,Shroomer,-1,187,9,95,5,
9814,reproduce,Shroomer,-1,187,9,95,5,offspring:1
9814,spore_matured,Shroomer,-1,198,8,92,4,
9814,reproduce,Shroomer,-1,198,8,92,4,offspring:1
9816,kill,Penguin,1121,16,6,12,9,killed_by:Polar Bear:1142
9817,hunt_start,Polar Bear,1142,17,1,13,4,target:Penguin:1321
9818,reproduce,Parrot,339,109,9,109,3,offspring:1
9819,reproduce,Deer,43,277,9,111,9,offspring:1
9819,reproduce,Deer,1132,241,9,116,3,offspring:1
9819,reproduce,Deer,1192,272,1,123,3,offspring:1
9820,starvation,Monkey,1281,33,5,284,4,
9824,kill,Deer,505,264,4,251,6,killed_by:Jaguar:1185
9837,spore_created,Shroomer,-1,22,8,221,9,
9837,spore_created,Shroomer,-1,32,1,224,0,
9838,hunt_start,Boar,969,17,4,224,5,target:Shroomer:1281
9839,hunt_fail,Wolf,437,281,8,135,4,discomfort
9843,starvation,Shroomer,407,222,5,189,1,
9849,starvation,Boar,458,38,2,221,0,
9850,spore_matured,Shroomer,-1,18,8,211,2,
9850,reproduce,Shroomer,-1,18,8,211,2,offspring:1
9852,starvation,Tapir,149,25,1,146,7,
9858,hunt_start,Polar Bear,478,61,8,232,9,target:Lizard:747
9860,starvation,Parrot,1048,8,1,71,9,
9860,kill,Penguin,1318,23,8,43,3,killed_by:Polar Bear:1367
9861,hunt_start,Polar Bear,1367,24,0,42,5,target:Parrot:1335
9864,reproduce,Rabbit,1230,288,0,171,7,offspring:2
9872,age_death,Frog,160,25,7,201,2,
9873,environment_death,Shroomer,1420,186,7,81,1,drowning
9873,environment_death,Shroomer,1421,185,9,91,6,drowning
9877,reproduce,Tapir,1055,15,4,123,2,offspring:1
9878,reproduce,Jaguar,176,265,5,229,4,offspring:1
9879,hunt_start,Jaguar,1048,266,8,228,7,target:Rabbit:1231
9880,hunt_start,Jaguar,1360,45,9,103,7,target:Tapir:366
9881,spore_created,Shroomer,-1,41,3,213,7,
9881,spore_created,Shroomer,-1,38,5,200,8,
9887,reproduce,Parrot,103,100,3,26,3,offspring:1
9888,reproduce,Monkey,843,191,8,287,9,offspring:1
9899,starvation,Lizard,219,154,3,87,4,
9899,kill,Penguin,1321,11,6,13,0,killed_by:Polar Bear:1142
9901,spore_matured,Shroomer,-1,208,7,92,0,
9901,reproduce,Shroomer,-1,208,7,92,0,offspring:1
9901,spore_matured,Shroomer,-1,207,1,89,8,
9901,reproduce,Shroomer,-1,207,1,89,8,offspring:1
9905,starvation,Frog,1119,212,5,89,2,
9910,starvation,Rabbit,634,76,9,140,4,
9918,reproduce,Parrot,35,54,0,257,2,offspring:1
9921,reproduce,Musk Ox,997,131,5,64,0,offspring:1
9926,hunt_start,Jaguar,709,70,4,90,8,target:Shroomer:647
9934,kill,Penguin,223,62,8,53,6,killed_by:Hawk:1241
9934,reproduce,Turtle,177,274,8,221,5,offspring:1
9934,reproduce,Parrot,1358,271,4,119,1,offspring:1
9946,hunt_start,Hawk,466,70,2,9,2,target:Frog:173
9948,reproduce,Monkey,231,128,4,284,3,offspring:1
9951,kill,Shroomer,647,71,2,92,0,killed_by:Jaguar:709
9952,reproduce,Monkey,1240,146,2,266,4,offspring:1
9953,hunt_start,Wolf,435,82,7,191,6,target:Lizard:1407
9954,starvation,Crocodile,449,152,5,20,9,
9954,spore_created,Shroomer,-1,221,0,92,8,
9954,spore_created,Shroomer,-1,215,0,87,1,
9955,starvation,Rabbit,75,217,6,260,4,
9957,spore_matured,Shroomer,-1,32,1,224,0,
9957,reproduce,Shroomer,-1,32,1,224,0,offspring:1
9957,spore_matured,Shroomer,-1,22,8,221,9,
9957,reproduce,Shroomer,-1,22,8,221,9,offspring:1
9961,hunt_fail,Wolf,438,281,5,137,2,discomfort
9965,spore_created,Shroomer,-1,193,2,96,1,
9965,spore_created,Shroomer,-1,193,5,94,8,
9971,reproduce,Deer,568,12,5,135,2,offspring:1
9977,starvation,Monkey,65,192,1,88,5,
9980,starvation,Wolf,895,213,8,68,9,
9983,reproduce,Tapir,1187,111,2,101,7,offspring:1
9984,kill,Elk,1374,159,1,152,2,killed_by:Bear:329
9996,reproduce,Rabbit,1261,63,6,155,0,offspring:2
10000,kill,Deer,576,61,1,174,0,killed_by:Bear:462
10000,age_death,Fish,499,101,2,132,3,
10000,age_death,Fish,500,104,7,129,2,
10000,age_death,Fish,501,97,3,130,8,
10000,age_death,Fish,502,99,0,130,7,
10000,age_death,Fish,503,109,1,129,8,
10000,age_death,Fish,504,107,7,129,4,
10000,age_death,Fish,506,252,4,36,0,
10000,age_death,Fish,509,214,2,242,2,
10000,age_death,Fish,510,216,9,243,3,
10000,reproduce,Fish,134,218,4,245,4,offspring:2
10000,reproduce,Fish,156,216,9,237,4,offspring:2
10000,reproduce,Fish,622,217,5,244,9,offspring:2
10000,reproduce,Fish,623,217,1,244,1,offspring:2
10000,reproduce,Fish,624,215,2,242,3,offspring:2
10000,reproduce,Fish,625,216,2,244,6,offspring:2
10000,reproduce,Musk Ox,671,115,2,194,6,offspring:1
10000,reproduce,Fish,674,219,2,244,9,offspring:2
10000,reproduce,Fish,742,218,1,246,4,offspring:2
10000,reproduce,Fish,743,217,3,245,9,offspring:2
10000,reproduce,Fish,745,215,2,243,3,offspring:2
10000,reproduce,Fish,763,217,9,243,3,offspring:2
10001,hunt_fail,Bear,1317,65,4,173,2,prey_escaped
10001,hunt_start,Bear,1317,65,4,173,2,target:Deer:1339
10002,reproduce,Parrot,323,41,3,107,3,offspring:1
10004,reproduce,Parrot,546,119,1,96,0,offspring:1
10007,reproduce,Turtle,326,21,3,13,6,offspring:1
10015,reproduce,Monkey,1009,203,2,26,2,offspring:1
10016,spore_matured,Shroomer,-1,41,3,214,4,
10016,reproduce,Shroomer,-1,41,3,214,4,offspring:1
10017,hunt_start,Polar Bear,1142,14,0,12,8,target:Penguin:567
10017,reproduce,Monkey,875,201,1,25,3,offspring:1
10017,reproduce,Monkey,1351,202,4,24,9,offspring:1
10022,reproduce,Deer,1199,263,5,178,1,offspring:1
10024,reproduce,Elk,382,133,7,272,9,offspring:1
10025,kill,Deer,681,169,9,193,9,killed_by:Bear:824
10026,hunt_start,Bear,824,169,3,194,7,target:Deer:682
10026,hunt_fail,Bear,1204,168,5,193,2,target_died
10026,hunt_start,Bear,1204,168,5,193,2,target:Deer:682
10031,starvation,Rabbit,794,16,0,1,6,
10033,reproduce,Elk,1099,96,0,51,0,offspring:1
10036,reproduce,Parrot,1324,200,2,59,4,offspring:1
10040,reproduce,Deer,1052,94,6,164,8,offspring:1
10042,starvation,Rabbit,927,227,1,237,8,
10042,hunt_fail,Wolf,70,211,6,232,3,target_died
10042,hunt_start,Wolf,70,211,6,232,3,target:Lizard:1104
10043,hunt_fail,Wolf,437,281,6,134,9,discomfort
10044,kill,Lizard,436,17,6,69,0,killed_by:Hawk:967
10044,reproduce,Lizard,931,28,2,101,1,offspring:2
10048,hunt_start,Polar Bear,611,56,5,9,3,target:Frog:173
10052,reproduce,Parrot,228,211,7,192,0,offspring:1
10053,spore_matured,Shroomer,-1,38,5,200,8,
10053,reproduce,Shroomer,-1,38,5,200,8,offspring:1
10054,reproduce,Rabbit,779,160,1,144,7,offspring:2
10060,kill,Monkey,1000,201,9,288,0,killed_by:Wolf:909
10061,hunt_start,Wolf,909,202,0,287,2,target:Parrot:345
10067,reproduce,Faeling,0,1,0,195,0,offspring:1
10074,spore_matured,Shroomer,-1,221,0,92,6,
10074,reproduce,Shroomer,-1,221,0,92,6,offspring:1
10074,spore_matured,Shroomer,-1,215,0,87,2,
10074,reproduce,Shroomer,-1,215,0,87,2,offspring:1
10077,kill,Tapir,366,32,4,96,4,killed_by:Jaguar:1360
10077,reproduce,Parrot,1044,42,6,9,4,offspring:1
10079,starvation,Rabbit,1226,219,8,261,5,
10079,hunt_start,Polar Bear,597,105,1,223,5,target:Shroomer:445
10084,hunt_start,Hawk,967,21,0,71,6,target:Lizard:1313
10085,spore_matured,Shroomer,-1,193,2,96,5,
10085,reproduce,Shroomer,-1,193,2,96,5,offspring:1
10085,spore_matured,Shroomer,-1,193,5,94,6,
10085,reproduce,Shroomer,-1,193,5,94,6,offspring:1
10088,reproduce,Rabbit,756,30,8,8,2,offspring:2
10089,spore_created,Shroomer,-1,42,4,197,0,
10089,spore_created,Shroomer,-1,49,1,201,9,
10094,hunt_start,Hawk,1241,59,4,58,6,target:Lizard:529
10100,starvation,Rabbit,757,10,8,0,9,
10119,kill,Frog,173,46,1,19,3,killed_by:Hawk:466
10119,reproduce,Frog,998,25,5,13,7,offspring:2
10119,reproduce,Frog,1216,192,0,104,3,offspring:2
10119,reproduce,Frog,1246,22,4,13,5,offspring:2
10120,hunt_start,Hawk,466,46,3,19,3,target:Rabbit:863
10120,hunt_fail,Polar Bear,611,53,7,12,6,prey_escaped
10122,hunt_start,Jaguar,486,89,8,81,1,target:Parrot:616
10130,reproduce,Elk,383,63,6,280,9,offspring:1
10140,hunt_fail,Wolf,438,281,7,137,0,discomfort
10147,spore_created,Shroomer,-1,236,2,74,5,
10147,spore_created,Shroomer,-1,220,0,76,2,
10152,hunt_start,Polar Bear,1366,72,2,198,6,target:Monkey:719
10163,reproduce,Parrot,74,275,5,223,9,offspring:1
10170,starvation,Wolf,979,282,1,136,8,
10171,kill,Shroomer,445,108,2,220,6,killed_by:Polar Bear:597
10183,reproduce,Parrot,1122,34,7,2,1,offspring:1
10191,reproduce,Rabbit,1308,63,9,151,2,offspring:2
10192,reproduce,Turtle,189,271,9,223,3,offspring:1
10193,kill,Rabbit,544,134,4,103,7,killed_by:Jaguar:73
10194,hunt_start,Jaguar,73,133,6,104,0,target:Elk:197
10196,kill,Tapir,1167,65,6,61,2,killed_by:Jaguar:1067
10196,hunt_start,Jaguar,1185,268,0,256,8,target:Parrot:1157
10197,hunt_start,Jaguar,1067,64,9,60,8,target:Penguin:791
10206,starvation,Lizard,938,265,5,181,5,
10206,reproduce,Lizard,831,268,3,219,9,offspring:2
10214,starvation,Rabbit,589,11,6,0,5,
10214,spore_created,Shroomer,-1,192,6,122,9,
10214,spore_created,Shroomer,-1,188,5,110,6,
10218,starvation,Monkey,314,45,8,285,3,
10220,spore_created,Shroomer,-1,18,4,210,2,
10220,spore_created,Shroomer,-1,21,5,213,1,
10222,reproduce,Monkey,96,98,7,182,5,offspring:1
10225,hunt_start,Polar Bear,611,54,5,14,4,target:Deer:1197
10227,reproduce,Deer,234,163,1,192,0,offspring:1
10232,reproduce,Deer,1260,267,7,200,0,offspring:1
10234,reproduce,Deer,1288,263,2,223,7,offspring:1
10236,spore_created,Shroomer,-1,224,6,98,9,
10236,spore_created,Shroomer,-1,225,6,88,7,
10243,hunt_start,Polar Bear,1168,50,2,2,7,target:Parrot:1044
10253,starvation,Parrot,1096,0,0,49,5,
10253,hunt_fail,Jaguar,508,0,0,43,3,target_died
10256,kill,Rabbit,1231,288,0,236,7,killed_by:Jaguar:1048
10257,hunt_start,Jaguar,1048,287,9,237,5,target:Lizard:519
10259,reproduce,Rabbit,925,258,9,256,4,offspring:2
10261,spore_matured,Shroomer,-1,42,3,197,3,
10261,reproduce,Shroomer,-1,42,3,197,3,offspring:1
10267,spore_matured,Shroomer,-1,220,0,76,2,
10267,reproduce,Shroomer,-1,220,0,76,2,offspring:1
10271,reproduce,Elk,890,168,0,141,3,offspring:1
10273,reproduce,Monkey,1136,236,1,132,7,offspring:1
10284,kill,Lizard,1313,43,7,83,6,killed_by:Hawk:967
10285,kill,Lizard,1407,101,4,225,0,killed_by:Wolf:434
10285,hunt_start,Hawk,967,43,8,83,7,target:Lizard:222
10286,hunt_start,Wolf,434,101,5,224,8,target:Shroomer:172
10286,hunt_fail,Wolf,435,101,9,223,4,target_died
10290,hunt_fail,Wolf,438,281,7,136,0,discomfort
10293,kill,Penguin,791,65,6,68,7,killed_by:Jaguar:1067
10294,hunt_start,Jaguar,1067,65,6,68,2,target:Shroomer:668
10297,kill,Rabbit,863,33,0,-0,1,killed_by:Hawk:466
10298,hunt_start,Hawk,466,32,9,0,2,target:Frog:665
10299,reproduce,Tapir,168,144,4,63,9,offspring:1
10304,hunt_fail,Jaguar,487,278,0,145,3,discomfort
10304,reproduce,Musk Ox,599,127,5,68,2,offspring:1
10304,reproduce,Monkey,774,257,7,281,1,offspring:1
10306,kill,Deer,682,165,9,214,2,killed_by:Bear:824
10307,hunt_fail,Bear,1204,166,8,209,4,target_died
10307,hunt_start,Bear,1204,166,8,209,4,target:Deer:1353
10313,kill,Lizard,529,60,4,83,2,killed_by:Hawk:1241
10314,hunt_start,Hawk,1241,60,2,83,1,target:Penguin:1160
10316,reproduce,Monkey,246,288,0,224,0,offspring:1
10316,reproduce,Monkey,452,268,9,271,3,offspring:1
10316,reproduce,Monkey,663,268,9,268,8,offspring:1
10316,reproduce,Monkey,948,268,1,275,2,offspring:1
10323,hunt_start,Jaguar,709,71,7,84,2,target:Rabbit:135
10334,hunt_start,Jaguar,72,238,7,198,0,target:Elk:206
10337,hunt_start,Polar Bear,855,31,4,198,8,target:Shroomer:1289
10337,kill,Deer,1339,79,5,186,5,killed_by:Bear:1317
10338,kill,Elk,197,134,1,93,4,killed_by:Jaguar:73
10338,hunt_start,Bear,1317,78,8,185,8,target:Lizard:1404
10339,reproduce,Jaguar,73,134,1,94,0,offspring:1
10340,hunt_start,Jaguar,73,134,1,94,1,target:Deer:830
10340,hunt_start,Jaguar,1339,134,6,96,2,target:Deer:830
10340,spore_matured,Shroomer,-1,21,5,213,4,
10340,reproduce,Shroomer,-1,21,5,213,4,offspring:1
10347,starvation,Rabbit,1227,222,4,250,3,
10354,reproduce,Turtle,954,126,7,15,2,offspring:1
10356,spore_created,Shroomer,-1,202,1,91,8,
10356,spore_created,Shroomer,-1,196,5,95,8,
10356,spore_matured,Shroomer,-1,225,6,88,9,
10356,reproduce,Shroomer,-1,225,6,88,9,offspring:1
10358,reproduce,Polar Bear,855,32,1,198,6,offspring:1
10359,hunt_start,Polar Bear,1474,32,3,196,3,target:Shroomer:1289
10359,spore_created,Shroomer,-1,188,2,88,3,
10359,spore_created,Shroomer,-1,203,5,85,8,
10361,reproduce,Monkey,150,180,3,146,6,offspring:1
10364,age_death,Lizard,244,4,5,285,0,
10364,reproduce,Lizard,525,2,5,262,0,offspring:2
10364,reproduce,Lizard,660,14,8,262,8,offspring:2
10364,reproduce,Lizard,661,1,7,250,4,offspring:2
10377,kill,Shroomer,1289,33,2,198,2,killed_by:Polar Bear:1474
10378,hunt_fail,Polar Bear,855,32,6,198,8,target_died
10378,hunt_start,Polar Bear,855,32,6,198,8,target:Boar:551
10378,hunt_start,Polar Bear,1474,32,7,196,9,target:Shroomer:1201
10383,reproduce,Monkey,1336,100,0,160,0,offspring:1
10384,kill,Faeling,1000,25,8,194,5,killed_by:Shroomer:226
10386,spore_matured,Shroomer,-1,188,5,110,6,
10386,reproduce,Shroomer,-1,188,5,110,6,offspring:1
10386,spore_matured,Shroomer,-1,192,6,122,9,
10386,reproduce,Shroomer,-1,192,6,122,9,offspring:1
10389,kill,Penguin,567,21,0,1,3,killed_by:Polar Bear:1142
10392,spore_created,Shroomer,-1,94,9,209,0,
10392,spore_created,Shroomer,-1,97,3,209,8,
10392,spore_matured,Shroomer,-1,18,3,209,6,
10392,reproduce,Shroomer,-1,18,3,209,6,offspring:1
10400,reproduce,Elk,448,175,4,137,6,offspring:1
10403,reproduce,Deer,975,21,2,128,1,offspring:1
10413,kill,Frog,665,23,7,13,2,killed_by:Hawk:466
10414,hunt_start,Hawk,466,23,8,13,0,target:Frog:757
10416,reproduce,Deer,1197,71,0,16,2,offspring:1
10420,reproduce,Tapir,1210,37,5,55,2,offspring:1
10422,hunt_start,Bear,329,158,6,152,8,target:Turtle:570
10422,hunt_start,Bear,462,66,5,172,1,target:Musk Ox:672
10426,reproduce,Hawk,1241,70,6,91,5,offspring:1
10427,hunt_start,Hawk,1486,69,5,93,4,target:Penguin:1160
10427,spore_created,Shroomer,-1,230,9,89,6,
10427,spore_created,Shroomer,-1,217,9,86,3,
10430,reproduce,Lizard,755,277,9,190,2,offspring:2
10435,starvation,Rabbit,861,9,8,1,9,
10435,kill,Lizard,222,41,7,55,0,killed_by:Hawk:967
10435,spore_created,Shroomer,-1,183,3,124,6,
10435,spore_created,Shroomer,-1,175,3,123,6,
10436,hunt_start,Hawk,967,41,7,55,2,target:Lizard:1180
10437,kill,Rabbit,430,288,0,78,7,killed_by:Wolf:283
10438,hunt_start,Wolf,283,288,0,79,1,target:Shroomer:707
10440,kill,Penguin,1160,72,1,92,4,killed_by:Hawk:1486
10441,hunt_fail,Hawk,1241,71,9,92,3,target_died
10441,hunt_start,Hawk,1241,71,9,92,3,target:Rabbit:135
10441,hunt_start,Hawk,1486,71,5,92,4,target:Rabbit:135
10442,kill,Shroomer,668,59,6,73,1,killed_by:Jaguar:1067
10449,hunt_fail,Bear,989,220,3,122,1,prey_escaped
10449,hunt_start,Bear,989,220,3,122,1,target:Monkey:539
10449,hunt_start,Jaguar,1360,26,5,93,1,target:Deer:66
10457,kill,Deer,66,25,0,90,6,killed_by:Jaguar:1360
10467,kill,Shroomer,172,112,2,236,0,killed_by:Wolf:435
10467,reproduce,Lizard,1161,26,7,98,6,offspring:2
10468,hunt_fail,Wolf,434,111,5,235,8,target_died
10468,hunt_start,Wolf,434,111,5,235,8,target:Monkey:334
10472,environment_death,Tapir,364,48,4,176,5,drowning
10476,spore_matured,Shroomer,-1,202,2,92,0,
10476,reproduce,Shroomer,-1,202,2,92,0,offspring:1
10476,spore_matured,Shroomer,-1,196,6,95,7,
10476,reproduce,Shroomer,-1,196,6,95,7,offspring:1
10479,spore_matured,Shroomer,-1,188,2,88,3,
10479,reproduce,Shroomer,-1,188,2,88,3,offspring:1
10479,spore_matured,Shroomer,-1,203,5,85,8,
10479,reproduce,Shroomer,-1,203,5,85,8,offspring:1
10482,kill,Shroomer,1201,35,6,193,0,killed_by:Polar Bear:1474
10483,hunt_start,Polar Bear,1474,35,1,193,6,target:Elk:579
10487,reproduce,Parrot,1358,272,4,130,0,offspring:1
10490,reproduce,Monkey,843,175,1,285,4,offspring:1
10494,hunt_start,Jaguar,487,283,2,145,9,target:Lizard:1286
10498,spore_created,Shroomer,-1,46,2,199,1,
10498,spore_created,Shroomer,-1,51,8,197,6,
10510,kill,Boar,551,35,3,207,1,killed_by:Polar Bear:855
10511,hunt_start,Polar Bear,855,35,0,206,4,target:Shroomer:950
10513,hunt_fail,Wolf,437,281,8,136,1,discomfort
10520,reproduce,Lizard,446,55,3,52,4,offspring:2
10523,kill,Musk Ox,672,66,5,167,2,killed_by:Bear:462
10527,kill,Turtle,570,162,4,156,7,killed_by:Bear:329
10527,hunt_fail,Wolf,437,281,9,136,5,discomfort
10540,kill,Deer,830,133,3,79,5,killed_by:Jaguar:73
10541,hunt_fail,Jaguar,1339,134,3,91,5,target_died
10541,hunt_start,Jaguar,1339,134,3,91,5,target:Parrot:23
10543,reproduce,Rabbit,722,191,8,140,4,offspring:2
10547,spore_matured,Shroomer,-1,231,1,89,6,
10547,reproduce,Shroomer,-1,231,1,89,6,offspring:1
10547,spore_matured,Shroomer,-1,217,8,86,3,
10547,reproduce,Shroomer,-1,217,8,86,3,offspring:1
10548,reproduce,Camel,262,166,9,271,9,offspring:1
10555,spore_matured,Shroomer,-1,183,3,124,6,
10555,reproduce,Shroomer,-1,183,3,124,6,offspring:1
10558,reproduce,Deer,1107,181,8,101,6,offspring:1
10560,hunt_fail,Wolf,437,281,8,134,8,discomfort
10562,reproduce,Deer,1338,67,2,236,6,offspring:1
10564,kill,Rabbit,135,83,6,76,9,killed_by:Hawk:1241
10564,spore_matured,Shroomer,-1,97,5,209,8,
10564,reproduce,Shroomer,-1,97,5,209,8,offspring:1
10564,spore_matured,Shroomer,-1,94,7,208,9,
10564,reproduce,Shroomer,-1,94,7,208,9,offspring:1
10565,hunt_fail,Jaguar,709,75,6,84,2,prey_escaped
10565,hunt_start,Jaguar,709,75,6,84,2,target:Penguin:371
10565,hunt_start,Hawk,1241,83,4,77,0,target:Frog:1194
10565,hunt_fail,Hawk,1486,83,2,77,4,prey_escaped
10565,hunt_start,Hawk,1486,83,2,77,4,target:Frog:1194
10565,reproduce,Penguin,552,90,1,73,9,offspring:1
10565,reproduce,Penguin,968,88,7,76,9,offspring:1
10565,reproduce,Penguin,1218,92,0,68,3,offspring:1
10573,reproduce,Deer,568,2,5,137,9,offspring:1
10573,reproduce,Parrot,616,125,4,107,1,offspring:1
10580,reproduce,Tapir,1055,21,1,128,0,offspring:1
10580,reproduce,Parrot,1273,160,5,271,3,offspring:1
10581,reproduce,Elk,1283,142,4,132,6,offspring:1
10583,hunt_fail,Polar Bear,478,106,6,216,4,discomfort
10584,kill,Lizard,1180,69,8,62,7,killed_by:Hawk:967
10585,hunt_start,Hawk,967,69,7,62,7,target:Penguin:618
10593,hunt_fail,Wolf,437,281,8,133,1,discomfort
10593,reproduce,Deer,1132,250,0,96,0,offspring:1
10594,reproduce,Parrot,339,122,3,109,1,offspring:1
10597,hunt_fail,Wolf,434,114,2,245,1,discomfort
10600,age_death,Fish,622,217,4,245,0,
10600,age_death,Fish,623,217,1,244,1,
10600,age_death,Fish,624,214,8,242,3,
10600,age_death,Fish,625,216,2,244,8,
10605,kill,Deer,1353,184,0,213,9,killed_by:Bear:1204
10606,hunt_start,Bear,1204,183,0,213,7,target:Elk:1061
10607,spore_matured,Shroomer,-1,175,3,123,6,
10607,reproduce,Shroomer,-1,175,3,123,6,offspring:1
10610,hunt_fail,Wolf,435,115,0,245,7,discomfort
10613,hunt_fail,Wolf,437,281,6,133,3,discomfort
10615,kill,Shroomer,950,38,9,204,6,killed_by:Polar Bear:855
10616,reproduce,Monkey,1009,203,4,20,9,offspring:1
10619,reproduce,Parrot,1242,87,9,166,3,offspring:1
10628,reproduce,Parrot,1044,24,2,0,0,offspring:1
10630,starvation,Rabbit,590,0,0,32,8,
10630,reproduce,Parrot,807,27,5,9,5,offspring:1
10634,starvation,Rabbit,174,0,4,32,8,
10635,reproduce,Parrot,1098,73,6,96,2,offspring:1
10637,kill,Penguin,371,71,9,79,8,killed_by:Jaguar:709
10639,spore_created,Shroomer,-1,23,7,198,9,
10639,spore_created,Shroomer,-1,25,3,195,5,
10642,reproduce,Deer,1052,83,0,162,8,offspring:1
10645,environment_death,Shroomer,172,190,0,86,7,drowning
10648,reproduce,Parrot,341,128,2,11,1,offspring:1
10654,starvation,Musk Ox,304,271,5,16,5,
10662,kill,Deer,1197,82,6,18,0,killed_by:Polar Bear:611
10665,kill,Frog,1194,94,0,67,1,killed_by:Hawk:1241
10666,hunt_start,Hawk,1241,93,9,67,2,target:Frog:1200
10666,hunt_fail,Hawk,1486,93,6,67,5,target_died
10666,hunt_start,Hawk,1486,93,6,67,5,target:Frog:1200
10670,spore_matured,Shroomer,-1,45,3,199,1,
10670,reproduce,Shroomer,-1,45,3,199,1,offspring:1
10673,hunt_fail,Wolf,437,281,8,131,8,discomfort
10680,hunt_fail,Wolf,437,282,0,132,0,discomfort
10687,spore_created,Shroomer,-1,193,3,118,7,
10687,spore_created,Shroomer,-1,183,2,111,5,
10698,hunt_fail,Wolf,438,281,6,131,9,discomfort
10705,kill,Elk,579,46,2,188,9,killed_by:Polar Bear:1474
10706,kill,Shroomer,707,282,9,98,8,killed_by:Wolf:283
10707,hunt_start,Wolf,283,283,1,98,1,target:Lizard:573
10707,spore_created,Shroomer,-1,32,8,219,5,
10707,spore_created,Shroomer,-1,37,9,213,1,
10710,kill,Penguin,618,87,8,73,1,killed_by:Hawk:967
10711,hunt_start,Hawk,967,87,6,73,0,target:Rabbit:1249
10714,hunt_fail,Jaguar,486,126,4,107,9,discomfort
10714,hunt_start,Polar Bear,597,107,9,225,5,target:Camel:897
10714,reproduce,Polar Bear,597,107,9,225,5,offspring:1
10715,hunt_fail,Wolf,438,282,0,132,2,discomfort
10715,hunt_start,Polar Bear,579,109,6,226,2,target:Camel:897
10715,reproduce,Parrot,74,281,0,208,3,offspring:1
10721,hunt_fail,Wolf,438,281,9,132,5,discomfort
10722,reproduce,Musk Ox,1102,124,8,201,7,offspring:1
10727,hunt_start,Bear,824,166,1,213,2,target:Deer:1252
10729,kill,Frog,1200,102,5,69,7,killed_by:Hawk:1241
10730,hunt_start,Hawk,1241,102,3,69,6,target:Frog:1195
10730,hunt_fail,Hawk,1486,101,9,69,5,target_died
10730,hunt_start,Hawk,1486,101,9,69,5,target:Frog:1195
10731,spore_created,Shroomer,-1,225,5,89,0,
10731,spore_created,Shroomer,-1,222,4,92,9,
10738,hunt_fail,Wolf,438,281,9,131,7,discomfort
10742,reproduce,Parrot,621,80,8,166,1,offspring:1
10744,hunt_fail,Wolf,438,282,0,131,6,discomfort
10744,reproduce,Parrot,166,194,5,214,4,offspring:1
10750,hunt_fail,Wolf,438,281,9,131,3,discomfort
10759,hunt_fail,Wolf,437,281,7,131,5,discomfort
10759,spore_matured,Shroomer,-1,25,3,195,5,
10759,reproduce,Shroomer,-1,25,3,195,5,offspring:1
10761,hunt_fail,Wolf,438,281,9,130,8,discomfort
10763,reproduce,Deer,725,75,8,177,7,offspring:1
10764,reproduce,Tapir,98,92,7,160,0,offspring:1
10764,spore_created,Shroomer,-1,216,9,89,3,
10764,spore_created,Shroomer,-1,219,8,93,8,
10770,hunt_fail,Bear,1284,59,9,103,8,prey_escaped
10770,hunt_start,Bear,1284,59,9,103,8,target:Boar:102
10772,reproduce,Jaguar,709,68,0,79,7,offspring:1
10811,spore_matured,Shroomer,-1,23,6,198,9,
10811,reproduce,Shroomer,-1,23,6,198,9,offspring:1
10814,hunt_start,Jaguar,1067,55,3,71,7,target:Tapir:1138
10814,kill,Frog,1195,93,3,77,8,killed_by:Hawk:1486
10814,reproduce,Frog,737,126,4,99,6,offspring:2
10815,hunt_start,Hawk,1486,93,4,77,8,target:Lizard:834
10819,starvation,Monkey,119,219,4,261,5,
10819,kill,Tapir,1138,53,4,71,4,killed_by:Jaguar:1067
10825,reproduce,Elk,382,148,3,272,4,offspring:1
10827,spore_matured,Shroomer,-1,32,8,219,5,
10827,reproduce,Shroomer,-1,32,8,219,5,offspring:1
10827,spore_matured,Shroomer,-1,37,9,213,1,
10827,reproduce,Shroomer,-1,37,9,213,1,offspring:1
10829,hunt_start,Wolf,437,282,0,132,6,target:Deer:48
10829,hunt_start,Jaguar,1360,24,2,92,8,target:Boar:1395
10829,reproduce,Deer,234,160,3,199,1,offspring:1
10830,hunt_fail,Wolf,438,281,9,131,1,discomfort
10831,environment_death,Shroomer,216,225,4,83,7,drowning
10831,spore_created,Shroomer,-1,227,3,68,7,
10831,spore_created,Shroomer,-1,227,9,74,3,
10833,reproduce,Deer,1260,280,7,205,9,offspring:1
10834,kill,Camel,897,110,8,219,4,killed_by:Polar Bear:579
10835,hunt_fail,Polar Bear,597,110,3,220,0,target_died
10835,hunt_start,Polar Bear,597,110,3,220,0,target:Camel:259
10837,kill,Elk,1061,188,7,223,5,killed_by:Bear:1204
10838,hunt_fail,Wolf,438,282,0,130,7,discomfort
10841,spore_created,Shroomer,-1,97,8,244,5,
10841,spore_created,Shroomer,-1,89,5,245,5,
10850,hunt_start,Jaguar,709,65,7,79,4,target:Lizard:1326
10851,spore_matured,Shroomer,-1,225,5,88,9,
10851,reproduce,Shroomer,-1,225,5,88,9,offspring:1
10851,spore_matured,Shroomer,-1,222,5,92,9,
10851,reproduce,Shroomer,-1,222,5,92,9,offspring:1
10852,spore_created,Shroomer,-1,13,4,196,9,
10852,spore_created,Shroomer,-1,0,7,196,1,
10859,hunt_fail,Wolf,438,282,0,130,5,discomfort
10859,spore_matured,Shroomer,-1,193,3,118,7,
10859,reproduce,Shroomer,-1,193,3,118,7,offspring:1
10859,spore_matured,Shroomer,-1,183,2,111,5,
10859,reproduce,Shroomer,-1,183,2,111,5,offspring:1
10869,starvation,Wolf,438,282,1,130,6,
10870,reproduce,Deer,1357,280,5,225,9,offspring:1
10873,reproduce,Monkey,1268,264,2,110,5,offspring:1
10874,hunt_start,Polar Bear,1142,20,2,2,5,target:Penguin:1123
10874,reproduce,Parrot,1122,34,0,3,6,offspring:1
10877,kill,Deer,1288,261,3,220,0,killed_by:Jaguar:176
10878,hunt_start,Jaguar,176,261,4,220,5,target:Deer:1468
10878,hunt_start,Jaguar,1507,69,9,77,3,target:Lizard:834
10882,reproduce,Elk,532,147,0,266,8,offspring:1
10883,starvation,Parrot,1128,57,5,247,0,
10883,reproduce,Faeling,0,1,0,194,9,offspring:1
10884,spore_matured,Shroomer,-1,217,5,88,0,
10884,reproduce,Shroomer,-1,217,5,88,0,offspring:1
10884,spore_matured,Shroomer,-1,219,8,93,7,
10884,reproduce,Shroomer,-1,219,8,93,7,offspring:1
10904,starvation,Penguin,926,155,5,88,5,
10910,spore_created,Shroomer,-1,20,2,196,4,
10910,spore_created,Shroomer,-1,29,1,197,5,
10912,hunt_start,Jaguar,73,132,9,86,5,target:Deer:642
10912,reproduce,Parrot,1270,26,5,31,9,offspring:1
10917,kill,Deer,642,130,9,86,3,killed_by:Jaguar:73
10917,reproduce,Parrot,1001,32,0,67,5,offspring:1
10919,reproduce,Monkey,246,280,0,161,7,offspring:1
10928,hunt_start,Wolf,435,118,7,250,9,target:Frog:957
10928,spore_created,Shroomer,-1,206,2,93,2,
10928,spore_created,Shroomer,-1,204,5,93,9,
10934,reproduce,Parrot,634,264,0,119,7,offspring:1
10936,kill,Boar,1395,16,1,94,5,killed_by:Jaguar:1360
10937,starvation,Boar,455,286,5,78,0,
10937,age_death,Fish,143,99,3,127,2,
10937,age_death,Fish,676,102,6,126,5,
10937,age_death,Fish,677,96,0,121,7,
10937,age_death,Fish,678,96,7,122,3,
10937,age_death,Fish,679,101,1,121,2,
10937,age_death,Fish,680,100,2,120,7,
10937,age_death,Fish,683,106,9,130,1,
10937,age_death,Fish,684,106,1,129,3,
10937,age_death,Fish,685,103,0,127,4,
10937,age_death,Fish,686,100,0,129,4,
10937,age_death,Fish,687,102,3,132,5,
10937,age_death,Fish,688,101,9,131,4,
10937,age_death,Fish,689,98,1,130,1,
10937,age_death,Fish,690,99,0,129,3,
10937,age_death,Fish,691,98,6,131,6,
10937,age_death,Fish,692,96,8,135,3,
10937,age_death,Fish,693,109,6,131,5,
10937,age_death,Fish,694,110,2,130,7,
10937,age_death,Fish,695,107,8,130,5,
10937,age_death,Fish,696,108,8,130,8,
10938,starvation,Boar,459,39,5,222,0,
10938,reproduce,Parrot,850,27,4,228,2,offspring:1
10940,reproduce,Rabbit,756,32,9,19,0,offspring:2
10945,hunt_start,Bear,462,71,0,161,2,target:Musk Ox:987
10945,reproduce,Monkey,1400,147,9,161,9,offspring:1
10948,spore_created,Shroomer,-1,206,1,88,6,
10948,spore_created,Shroomer,-1,212,2,101,0,
10950,spore_created,Shroomer,-1,50,7,197,5,
10950,spore_created,Shroomer,-1,51,2,196,6,
10951,spore_matured,Shroomer,-1,227,8,74,5,
10951,reproduce,Shroomer,-1,227,8,74,5,offspring:1
10962,reproduce,Monkey,150,218,3,164,3,offspring:1
10965,hunt_start,Bear,329,159,0,154,2,target:Deer:272
10967,hunt_fail,Wolf,437,279,9,125,5,discomfort
10972,spore_created,Shroomer,-1,227,0,76,0,
10972,spore_created,Shroomer,-1,221,2,73,2,
10974,starvation,Parrot,540,191,7,244,9,
10976,reproduce,Polar Bear,1142,23,0,2,8,offspring:1
10977,starvation,Frog,840,41,3,214,3,
10977,hunt_start,Polar Bear,687,23,7,4,5,target:Penguin:1123
10984,reproduce,Monkey,1336,101,3,156,9,offspring:1
10984,reproduce,Deer,1348,163,3,109,3,offspring:1
10989,reproduce,Bear,329,160,4,154,2,offspring:1
10990,hunt_start,Bear,690,160,8,155,2,target:Deer:272
10999,reproduce,Jaguar,1360,16,8,94,2,offspring:1
11000,hunt_start,Jaguar,691,15,6,95,8,target:Lizard:931
11000,hunt_start,Jaguar,1360,16,8,94,2,target:Lizard:931
11001,kill,Camel,259,119,2,215,9,killed_by:Polar Bear:597
11001,reproduce,Camel,531,79,6,205,5,offspring:1
11003,spore_matured,Shroomer,-1,227,3,68,7,
11003,reproduce,Shroomer,-1,227,3,68,7,offspring:1
11004,reproduce,Deer,975,22,0,131,4,offspring:1
11008,starvation,Lizard,1346,121,8,0,4,
11008,starvation,Lizard,1347,122,1,0,3,
11010,kill,Deer,48,252,0,130,2,killed_by:Wolf:738
11011,hunt_fail,Wolf,472,271,8,125,5,target_died
11011,hunt_start,Wolf,472,271,8,125,5,target:Deer:1007
11011,hunt_start,Wolf,738,252,5,130,3,target:Rabbit:187
11013,hunt_fail,Jaguar,487,280,5,144,4,discomfort
11013,spore_matured,Shroomer,-1,97,8,244,5,
11013,reproduce,Shroomer,-1,97,8,244,5,offspring:1
11013,spore_matured,Shroomer,-1,89,4,245,5,
11013,reproduce,Shroomer,-1,89,4,245,5,offspring:1
11014,kill,Lizard,834,65,2,84,7,killed_by:Hawk:1486
11014,reproduce,Turtle,514,26,8,10,4,offspring:1
11015,hunt_fail,Bear,901,79,6,81,3,target_died
11015,hunt_start,Bear,901,79,6,81,3,target:Penguin:1492
11015,hunt_start,Hawk,1486,65,4,84,5,target:Lizard:1326
11015,hunt_fail,Jaguar,1507,70,2,77,8,target_died
11017,starvation,Lizard,1206,122,2,0,2,
11017,hunt_fail,Hawk,533,124,6,5,8,target_died
11017,hunt_start,Hawk,533,124,6,5,8,target:Lizard:1208
11017,reproduce,Lizard,1208,140,3,20,6,offspring:2
11021,starvation,Wolf,909,81,0,260,4,
11024,spore_matured,Shroomer,-1,13,4,197,0,
11024,reproduce,Shroomer,-1,13,4,197,0,offspring:1
11030,spore_matured,Shroomer,-1,20,2,196,4,
11030,reproduce,Shroomer,-1,20,2,196,4,offspring:1
11035,hunt_start,Boar,731,81,5,108,7,target:Lizard:1327
11037,kill,Boar,102,70,4,114,2,killed_by:Bear:1284
11037,reproduce,Bear,1284,69,8,113,6,offspring:1
11038,hunt_start,Bear,540,70,8,114,9,target:Boar:988
11038,hunt_start,Bear,1284,69,8,113,6,target:Boar:988
11038,reproduce,Parrot,1358,258,6,134,6,offspring:1
11046,starvation,Parrot,1412,0,5,126,4,
11046,reproduce,Bear,462,68,5,155,9,offspring:1
11047,hunt_start,Bear,259,67,1,158,8,target:Musk Ox:987
11048,spore_matured,Shroomer,-1,206,3,93,0,
11048,reproduce,Shroomer,-1,206,3,93,0,offspring:1
11048,spore_matured,Shroomer,-1,204,2,93,8,
11048,reproduce,Shroomer,-1,204,2,93,8,offspring:1
11051,reproduce,Elk,1060,220,9,160,0,offspring:1
11059,starvation,Parrot,1335,0,4,71,1,
11059,hunt_fail,Hawk,269,15,8,34,2,target_died
11059,hunt_start,Hawk,269,15,8,34,2,target:Penguin:900
11059,hunt_fail,Hawk,483,16,9,35,2,target_died
11059,hunt_start,Hawk,483,16,9,35,2,target:Penguin:900
11059,hunt_fail,Polar Bear,1367,9,1,59,3,target_died
11060,reproduce,Rabbit,779,165,3,128,0,offspring:2
11060,reproduce,Parrot,1441,31,5,103,6,offspring:1
11068,spore_matured,Shroomer,-1,206,1,88,5,
11068,reproduce,Shroomer,-1,206,1,88,5,offspring:1
11071,environment_death,Shroomer,1043,224,7,82,3,drowning
11073,spore_created,Shroomer,-1,32,6,216,1,
11073,spore_created,Shroomer,-1,38,7,215,4,
11073,spore_created,Shroomer,-1,228,6,68,5,
11073,spore_created,Shroomer,-1,228,1,76,4,
11076,reproduce,Frog,507,90,0,40,4,offspring:2
11077,reproduce,Parrot,366,5,3,3,8,offspring:1
11078,kill,Musk Ox,987,67,4,153,9,killed_by:Bear:462
11079,hunt_fail,Bear,259,67,3,157,2,target_died
11079,hunt_start,Bear,259,67,3,157,2,target:Musk Ox:1377
11082,kill,Faeling,601,159,4,114,5,killed_by:Shroomer:1088
11082,spore_matured,Shroomer,-1,29,1,197,5,
11082,reproduce,Shroomer,-1,29,1,197,5,offspring:1
11083,reproduce,Polar Bear,611,82,5,19,3,offspring:1
11083,reproduce,Tapir,1035,33,8,59,9,offspring:1
11084,starvation,Wolf,1214,286,7,55,3,
11093,reproduce,Monkey,1421,188,0,277,7,offspring:1
11097,hunt_start,Jaguar,487,283,1,144,4,target:Rabbit:458
11100,starvation,Hawk,269,16,1,25,8,
11102,hunt_start,Polar Bear,963,64,3,37,2,target:Parrot:103
11103,reproduce,Deer,1215,181,6,96,1,offspring:1
11110,kill,Faeling,1128,26,1,192,0,killed_by:Shroomer:946
11116,hunt_start,Boar,100,45,3,197,6,target:Shroomer:172
11116,reproduce,Rabbit,1453,24,0,17,2,offspring:2
11116,spore_matured,Shroomer,-1,226,8,76,4,
11116,reproduce,Shroomer,-1,226,8,76,4,offspring:1
11119,reproduce,Monkey,452,271,1,224,0,offspring:1
11121,kill,Deer,1007,265,2,114,0,killed_by:Wolf:472
11122,hunt_start,Wolf,472,265,4,114,3,target:Deer:1416
11135,spore_created,Shroomer,-1,234,0,71,9,
11135,spore_created,Shroomer,-1,228,8,75,8,
11137,hunt_start,Wolf,437,281,1,127,3,target:Lizard:1286
11140,kill,Deer,1468,254,5,238,6,killed_by:Jaguar:176
11140,spore_created,Shroomer,-1,225,3,85,4,
11140,spore_created,Shroomer,-1,226,2,88,8,
11141,reproduce,Jaguar,176,254,7,238,0,offspring:1
11142,hunt_start,Jaguar,176,254,7,238,1,target:Monkey:1070
11142,hunt_start,Jaguar,1520,255,1,235,5,target:Monkey:1070
11144,spore_matured,Shroomer,-1,221,2,73,0,
11144,reproduce,Shroomer,-1,221,2,73,0,offspring:1
11155,kill,Penguin,1492,81,7,89,9,killed_by:Bear:901
11155,reproduce,Penguin,175,95,3,68,8,offspring:1
11156,hunt_start,Bear,901,81,8,89,3,target:Penguin:968
11157,hunt_fail,Jaguar,487,280,2,142,8,discomfort
11158,hunt_start,Polar Bear,855,40,2,209,3,target:Shroomer:787
11160,kill,Frog,1195,130,1,111,8,killed_by:Hawk:1241
11160,spore_created,Shroomer,-1,29,5,173,9,
11160,spore_created,Shroomer,-1,25,0,179,5,
11160,spore_created,Shroomer,-1,93,0,241,0,
11160,spore_created,Shroomer,-1,84,1,249,6,
11161,kill,Penguin,900,15,9,17,8,killed_by:Hawk:483
11161,hunt_start,Hawk,1241,130,0,111,6,target:Rabbit:632
11161,reproduce,Penguin,95,23,5,29,2,offspring:1
11161,reproduce,Penguin,631,19,9,15,4,offspring:1
11161,reproduce,Penguin,795,19,8,13,0,offspring:1
11161,reproduce,Penguin,1125,1,7,18,8,offspring:1
11161,reproduce,Penguin,1126,14,1,17,6,offspring:1
11162,hunt_start,Hawk,483,15,9,18,1,target:Penguin:1526
11164,reproduce,Deer,1338,73,4,238,8,offspring:1
11178,kill,Lizard,1326,56,3,107,0,killed_by:Hawk:1486
11179,starvation,Parrot,1383,185,7,256,4,
11179,kill,Penguin,1123,36,6,-0,0,killed_by:Polar Bear:687
11179,hunt_fail,Jaguar,709,63,7,85,6,target_died
11179,hunt_start,Hawk,1486,56,4,106,8,target:Parrot:323
11180,hunt_start,Polar Bear,687,36,0,0,0,target:Penguin:276
11180,hunt_fail,Polar Bear,1142,31,0,0,8,target_died
11180,hunt_start,Polar Bear,1142,31,0,0,8,target:Penguin:1127
11181,kill,Musk Ox,1377,62,3,154,8,killed_by:Bear:259
11186,starvation,Hawk,111,106,9,25,8,
11191,hunt_start,Jaguar,1067,48,6,72,3,target:Shroomer:397
11193,spore_matured,Shroomer,-1,38,7,215,4,
11193,reproduce,Shroomer,-1,38,7,215,4,offspring:1
11193,spore_matured,Shroomer,-1,32,6,216,1,
11193,reproduce,Shroomer,-1,32,6,216,1,offspring:1
11194,hunt_start,Polar Bear,478,113,4,215,6,target:Camel:245
11194,kill,Deer,272,175,5,152,4,killed_by:Bear:690
11194,reproduce,Deer,1132,253,1,85,0,offspring:1
11194,reproduce,Deer,1244,172,7,125,3,offspring:1
11195,hunt_fail,Bear,329,171,6,152,8,target_died
11195,hunt_start,Bear,329,171,6,152,8,target:Turtle:1370
11195,hunt_start,Bear,690,174,8,152,7,target:Turtle:1370
11197,starvation,Hawk,533,151,1,32,7,
11197,hunt_start,Boar,230,12,7,227,3,target:Shroomer:505
11199,hunt_fail,Wolf,437,279,4,126,1,discomfort
11200,age_death,Fish,134,218,4,245,6,
11200,age_death,Fish,674,219,6,245,3,
11200,age_death,Fish,740,216,3,244,2,
11200,age_death,Fish,741,216,0,243,4,
11200,age_death,Fish,742,218,1,246,5,
11200,age_death,Fish,743,217,2,246,0,
11200,age_death,Fish,744,214,1,241,3,
11200,age_death,Fish,745,215,0,243,4,
11207,hunt_start,Boar,230,13,1,227,2,target:Shroomer:505
11225,kill,Penguin,968,77,6,90,9,killed_by:Bear:901
11226,hunt_start,Bear,901,78,1,90,6,target:Parrot:222
11227,reproduce,Penguin,635,95,6,69,7,offspring:1
11228,spore_matured,Shroomer,-1,228,4,77,2,
11228,reproduce,Shroomer,-1,228,4,77,2,offspring:1
11238,reproduce,Parrot,1462,286,5,216,8,offspring:1
11242,reproduce,Parrot,228,223,8,192,4,offspring:1
11245,spore_matured,Shroomer,-1,228,8,68,3,
11245,reproduce,Shroomer,-1,228,8,68,3,offspring:1
11248,hunt_start,Polar Bear,1474,44,4,185,4,target:Boar:717
11249,reproduce,Monkey,948,288,0,223,9,offspring:1
11250,hunt_start,Polar Bear,1367,9,1,59,4,target:Parrot:287
11252,reproduce,Penguin,393,129,0,32,0,offspring:1
11255,starvation,Jaguar,72,219,6,199,1,
11255,hunt_start,Jaguar,709,61,6,85,3,target:Shroomer:1150
11255,spore_matured,Shroomer,-1,229,1,75,5,
11255,reproduce,Shroomer,-1,229,1,75,5,offspring:1
11258,kill,Turtle,1370,173,6,150,2,killed_by:Bear:329
11259,kill,Boar,988,60,8,120,2,killed_by:Bear:540
11259,hunt_fail,Bear,690,174,1,150,9,target_died
11259,hunt_start,Bear,690,174,1,150,9,target:Turtle:1040
11260,hunt_start,Bear,540,61,8,120,4,target:Lizard:1327
11260,hunt_fail,Bear,1284,61,8,117,7,target_died
11260,hunt_start,Bear,1284,61,8,117,7,target:Lizard:1327
11260,spore_matured,Shroomer,-1,226,0,88,8,
11260,reproduce,Shroomer,-1,226,0,88,8,offspring:1
11261,kill,Penguin,1526,13,6,30,6,killed_by:Hawk:483
11262,hunt_start,Hawk,483,14,0,30,6,target:Penguin:1315
11269,reproduce,Monkey,131,128,2,202,7,offspring:1
11270,kill,Shroomer,397,52,8,71,4,killed_by:Jaguar:1067
11275,hunt_start,Bear,1204,189,3,224,2,target:Elk:322
11276,hunt_start,Boar,100,43,1,197,0,target:Shroomer:172
11277,reproduce,Penguin,431,130,3,32,0,offspring:1
11284,kill,Deer,1416,279,9,104,7,killed_by:Wolf:472
11285,hunt_start,Wolf,472,279,5,105,0,target:Lizard:17
11286,starvation,Parrot,1420,100,1,21,2,
11289,hunt_start,Jaguar,73,131,5,77,1,target:Tapir:87
11290,reproduce,Bear,1204,189,8,224,4,offspring:1
11291,hunt_start,Bear,743,188,2,222,7,target:Elk:322
11294,kill,Camel,245,113,5,208,6,killed_by:Polar Bear:478
11294,reproduce,Polar Bear,478,113,4,209,5,offspring:1
11295,hunt_start,Polar Bear,478,113,4,209,5,target:Camel:548
11295,hunt_start,Polar Bear,744,114,7,209,8,target:Camel:548
11300,reproduce,Deer,1052,82,9,155,5,offspring:1
11301,age_death,Fish,156,217,1,237,3,
11301,age_death,Fish,495,252,5,34,5,
11301,age_death,Fish,496,251,8,33,7,
11301,age_death,Fish,762,215,2,240,8,
11301,age_death,Fish,763,217,9,243,0,
11301,age_death,Fish,764,218,0,243,9,
11301,spore_created,Shroomer,-1,195,0,95,9,
11301,spore_created,Shroomer,-1,200,0,91,5,
11302,kill,Rabbit,632,147,2,118,4,killed_by:Hawk:1241
11303,hunt_start,Hawk,1241,147,0,118,5,target:Parrot:934
11308,starvation,Monkey,1149,222,3,248,8,
11310,environment_death,Tapir,358,180,5,163,9,drowning
11312,spore_matured,Shroomer,-1,225,1,85,1,
11312,reproduce,Shroomer,-1,225,1,85,1,offspring:1
11315,reproduce,Turtle,182,138,3,198,1,offspring:1
11323,environment_death,Shroomer,398,222,6,80,5,drowning
11327,kill,Shroomer,787,41,8,215,8,killed_by:Polar Bear:855
11331,starvation,Parrot,85,9,6,123,4,
11332,age_death,Fish,767,260,0,40,7,
11332,age_death,Fish,768,259,4,40,0,
11332,reproduce,Parrot,338,17,3,72,8,offspring:1
11332,spore_created,Shroomer,-1,208,9,93,5,
11332,spore_created,Shroomer,-1,195,9,98,7,
11332,spore_matured,Shroomer,-1,25,0,179,5,
11332,reproduce,Shroomer,-1,25,0,179,5,offspring:1
11332,spore_matured,Shroomer,-1,93,1,240,8,
11332,reproduce,Shroomer,-1,93,1,240,8,offspring:1
11332,spore_matured,Shroomer,-1,84,1,249,6,
11332,reproduce,Shroomer,-1,84,1,249,6,offspring:1
11336,reproduce,Parrot,323,31,7,97,9,offspring:1
11342,spore_created,Shroomer,-1,222,1,94,8,
11342,spore_created,Shroomer,-1,225,3,93,3,
11347,kill,Turtle,1040,173,6,147,9,killed_by:Bear:690
11352,age_death,Fish,76,251,4,29,8,
11352,age_death,Fish,777,251,2,30,8,
11366,hunt_fail,Polar Bear,478,108,5,208,9,discomfort
11368,starvation,Boar,460,39,5,219,0,
11370,kill,Penguin,1315,28,4,28,7,killed_by:Hawk:483
11370,reproduce,Deer,993,23,1,146,3,offspring:1
11371,hunt_start,Hawk,483,28,2,28,7,target:Frog:1458
11377,hunt_start,Polar Bear,579,111,7,220,7,target:Shroomer:1179
11383,kill,Penguin,1127,36,7,13,0,killed_by:Polar Bear:1142
11384,hunt_start,Polar Bear,1142,36,3,12,1,target:Penguin:1322
11384,kill,Boar,717,52,5,189,4,killed_by:Polar Bear:1474
11386,starvation,Shroomer,958,216,5,105,5,
11399,reproduce,Parrot,1044,-0,0,14,6,offspring:1
11401,hunt_start,Polar Bear,1335,83,5,21,2,target:Parrot:103
11405,hunt_fail,Jaguar,691,24,3,92,8,prey_escaped
11405,hunt_start,Jaguar,691,24,3,92,8,target:Parrot:323
11407,hunt_start,Boar,230,19,0,225,3,target:Shroomer:505
11407,kill,Shroomer,505,18,5,224,9,killed_by:Boar:230
11415,kill,Parrot,323,23,0,95,9,killed_by:Jaguar:691
11416,hunt_start,Jaguar,691,23,3,95,3,target:Lizard:430
11416,hunt_fail,Hawk,1486,23,1,95,8,target_died
11416,hunt_start,Hawk,1486,23,1,95,8,target:Lizard:430
11421,spore_matured,Shroomer,-1,200,0,91,5,
11421,reproduce,Shroomer,-1,200,0,91,5,offspring:1
11433,starvation,Parrot,351,55,9,248,9,
11434,reproduce,Deer,1260,286,3,204,4,offspring:1
11437,starvation,Deer,765,115,0,146,1,
11442,reproduce,Lizard,522,186,4,105,1,offspring:2
11442,reproduce,Deer,864,83,6,150,4,offspring:1
11443,reproduce,Camel,1309,170,7,260,7,offspring:1
11445,reproduce,Elk,955,197,3,256,0,offspring:1
11446,kill,Camel,548,105,9,209,3,killed_by:Polar Bear:744
11452,spore_matured,Shroomer,-1,208,9,93,4,
11452,reproduce,Shroomer,-1,208,9,93,4,offspring:1
11456,reproduce,Boar,9,16,7,228,1,offspring:2
11456,reproduce,Boar,651,9,1,225,9,offspring:2
11456,reproduce,Boar,969,24,5,228,1,offspring:2
11457,hunt_start,Boar,768,25,4,228,0,target:Shroomer:1138
11457,hunt_start,Boar,969,24,5,228,1,target:Shroomer:1138
11457,hunt_start,Boar,1195,25,4,228,0,target:Shroomer:1138
11458,spore_created,Shroomer,-1,234,4,78,5,
11458,spore_created,Shroomer,-1,238,0,80,5,
11462,spore_matured,Shroomer,-1,222,3,94,9,
11462,reproduce,Shroomer,-1,222,3,94,9,offspring:1
11465,reproduce,Tapir,98,88,4,154,0,offspring:1
11465,reproduce,Elk,1283,146,2,129,8,offspring:1
11471,reproduce,Deer,1357,282,9,228,5,offspring:1
11473,spore_matured,Shroomer,-1,194,8,95,8,
11473,reproduce,Shroomer,-1,194,8,95,8,offspring:1
11483,kill,Frog,1458,38,1,19,1,killed_by:Hawk:483
11484,hunt_start,Hawk,483,38,0,19,2,target:Rabbit:143
11484,reproduce,Deer,1080,160,0,200,9,offspring:1
11484,spore_matured,Shroomer,-1,224,8,93,5,
11484,reproduce,Shroomer,-1,224,8,93,5,offspring:1
11486,reproduce,Parrot,634,258,8,110,9,offspring:1
11487,kill,Tapir,87,118,1,84,3,killed_by:Jaguar:73
11493,environment_death,Shroomer,449,222,5,80,8,drowning
11500,hunt_start,Bear,462,68,0,153,1,target:Deer:1503
11502,kill,Monkey,948,288,0,208,3,killed_by:Wolf:1202
11503,hunt_start,Wolf,1202,287,2,208,3,target:Deer:762
11504,spore_matured,Shroomer,-1,195,9,98,5,
11504,reproduce,Shroomer,-1,195,9,98,5,offspring:1
11505,hunt_start,Jaguar,1507,70,2,77,8,target:Lizard:931
11508,reproduce,Elk,264,141,9,138,6,offspring:1
11514,reproduce,Tapir,168,120,4,63,3,offspring:1
11515,spore_created,Shroomer,-1,191,2,103,2,
11515,spore_created,Shroomer,-1,193,2,100,4,
11526,kill,Shroomer,1179,105,5,218,5,killed_by:Polar Bear:579
11532,kill,Elk,322,204,2,230,6,killed_by:Bear:1204
11533,hunt_fail,Bear,743,199,6,228,4,target_died
11533,hunt_start,Bear,743,199,6,228,4,target:Elk:1045
11537,reproduce,Deer,951,62,2,223,9,offspring:1
11544,hunt_start,Polar Bear,597,114,4,217,8,target:Camel:186
11545,kill,Penguin,276,51,3,13,4,killed_by:Polar Bear:687
11545,reproduce,Penguin,31,15,3,19,5,offspring:1
11545,reproduce,Penguin,1322,28,1,18,9,offspring:1
11546,hunt_start,Polar Bear,687,50,8,12,9,target:Rabbit:756
11553,kill,Frog,957,111,3,264,2,killed_by:Wolf:435
11554,hunt_fail,Wolf,434,111,6,264,1,target_died
11554,hunt_start,Wolf,434,111,6,264,1,target:Rabbit:92
11575,reproduce,Elk,569,160,0,208,5,offspring:1
11578,spore_matured,Shroomer,-1,238,0,80,5,
11578,reproduce,Shroomer,-1,238,0,80,5,offspring:1
11581,reproduce,Faeling,1,60,6,59,3,offspring:1
11583,kill,Rabbit,143,48,8,23,8,killed_by:Hawk:483
11584,hunt_start,Hawk,483,48,6,23,7,target:Rabbit:756
11585,reproduce,Rabbit,267,97,8,63,7,offspring:2
11585,reproduce,Monkey,1336,93,6,158,2,offspring:1
11587,reproduce,Tapir,1398,131,0,25,8,offspring:1
11589,starvation,Hawk,967,81,1,92,4,
11591,reproduce,Monkey,1384,168,4,20,6,offspring:1
11599,kill,Shroomer,1150,51,4,84,3,killed_by:Jaguar:709
11600,hunt_start,Jaguar,508,0,4,40,2,target:Parrot:1044
11600,hunt_start,Jaguar,709,52,1,84,4,target:Deer:974
11600,reproduce,Camel,262,173,1,267,4,offspring:1
11603,kill,Shroomer,1138,32,1,225,3,killed_by:Boar:768
11604,hunt_fail,Boar,969,30,6,225,6,target_died
11604,hunt_fail,Boar,1195,31,7,225,0,target_died
11607,spore_created,Shroomer,-1,189,0,102,4,
11607,spore_created,Shroomer,-1,182,4,105,4,
11609,reproduce,Faeling,0,1,0,194,9,offspring:1
11611,reproduce,Parrot,1441,29,8,104,3,offspring:1
11613,kill,Rabbit,722,143,4,211,4,killed_by:Wolf:1154
11614,hunt_start,Wolf,1154,143,2,211,1,target:Rabbit:133
11619,hunt_start,Bear,259,70,7,158,6,target:Deer:1503
11621,reproduce,Monkey,863,284,4,185,6,offspring:1
11621,spore_created,Shroomer,-1,34,1,183,0,
11621,spore_created,Shroomer,-1,37,8,181,2,
11624,reproduce,Musk Ox,1102,125,6,199,1,offspring:1
11626,kill,Deer,762,287,3,194,2,killed_by:Wolf:1202
11627,hunt_start,Boar,1195,31,8,224,9,target:Frog:845
11627,hunt_start,Wolf,1202,287,3,194,7,target:Deer:1408
11627,reproduce,Elk,382,140,3,271,6,offspring:1
11629,reproduce,Elk,198,192,0,99,6,offspring:1
11631,reproduce,Deer,1408,281,2,195,0,offspring:1
11635,spore_matured,Shroomer,-1,193,2,100,3,
11635,reproduce,Shroomer,-1,193,2,100,3,offspring:1
11636,reproduce,Parrot,74,288,0,255,1,offspring:1
11640,hunt_start,Boar,768,31,6,225,7,target:Frog:845
11642,hunt_start,Jaguar,1067,52,3,69,7,target:Parrot:1108
11642,kill,Parrot,934,195,0,135,2,killed_by:Hawk:1241
11643,hunt_start,Hawk,1241,194,9,135,0,target:Parrot:915
11645,starvation,Rabbit,654,218,6,79,1,
11650,starvation,Fish,1439,261,1,219,7,
11683,reproduce,Elk,532,146,0,269,5,offspring:1
11687,spore_matured,Shroomer,-1,191,4,103,3,
11687,reproduce,Shroomer,-1,191,4,103,3,offspring:1
11689,reproduce,Jaguar,73,119,6,81,5,offspring:1
11690,hunt_start,Jaguar,73,119,6,81,5,target:Elk:67
11690,hunt_start,Jaguar,934,116,6,80,2,target:Elk:67
11690,reproduce,Monkey,1470,174,9,277,3,offspring:1
11696,hunt_start,Bear,329,178,0,150,1,target:Turtle:1371
11699,kill,Elk,1045,198,3,240,9,killed_by:Bear:743
11701,reproduce,Tapir,1310,125,6,192,6,offspring:1
11716,reproduce,Parrot,707,272,9,201,4,offspring:1
11721,kill,Rabbit,92,98,0,264,2,killed_by:Wolf:434
11721,reproduce,Deer,1423,154,4,224,5,offspring:1
11722,hunt_start,Wolf,434,97,7,264,1,target:Rabbit:284
11722,hunt_fail,Wolf,435,97,3,263,7,target_died
11725,starvation,Jaguar,508,0,6,38,0,
11728,hunt_start,Bear,743,198,4,240,2,target:Elk:34
11729,starvation,Boar,457,286,5,52,5,
11729,kill,Rabbit,756,34,3,11,4,killed_by:Hawk:483
11730,hunt_start,Hawk,483,34,5,11,5,target:Frog:998
11730,hunt_fail,Polar Bear,687,44,3,14,2,target_died
11730,hunt_start,Polar Bear,687,44,3,14,2,target:Frog:1245
11733,reproduce,Rabbit,1426,50,2,5,2,offspring:2
11738,reproduce,Musk Ox,599,143,1,68,3,offspring:1
11741,hunt_start,Polar Bear,611,74,3,12,0,target:Parrot:1513
11744,environment_death,Shroomer,1521,236,1,82,4,drowning
11744,reproduce,Parrot,371,143,4,28,6,offspring:1
11746,hunt_start,Boar,969,31,7,223,7,target:Shroomer:75
11759,hunt_start,Polar Bear,478,113,1,208,5,target:Camel:1385
11766,reproduce,Deer,725,76,9,192,0,offspring:1
11768,kill,Turtle,1371,177,5,148,1,killed_by:Bear:329
11768,hunt_fail,Jaguar,485,237,1,92,3,discomfort
11768,reproduce,Turtle,856,173,5,150,8,offspring:1
11768,reproduce,Deer,1338,80,9,242,3,offspring:1
11769,starvation,Frog,757,16,1,2,0,
11769,hunt_fail,Hawk,466,21,7,4,9,target_died
11769,hunt_start,Hawk,466,21,7,4,9,target:Frog:1246
11774,kill,Deer,1408,273,8,195,9,killed_by:Wolf:1202
11774,reproduce,Wolf,1202,274,4,195,9,offspring:1
11775,hunt_start,Wolf,757,274,6,196,7,target:Deer:1528
11775,hunt_start,Wolf,1202,274,3,195,9,target:Deer:1528
11778,spore_matured,Shroomer,-1,188,9,102,7,
11778,reproduce,Shroomer,-1,188,9,102,7,offspring:1
11779,spore_matured,Shroomer,-1,182,4,105,4,
11779,reproduce,Shroomer,-1,182,4,105,4,offspring:1
11785,hunt_start,Bear,690,176,7,148,4,target:Turtle:1371
11793,reproduce,Deer,543,77,3,224,3,offspring:1
11793,spore_created,Shroomer,-1,219,1,82,3,
11793,spore_created,Shroomer,-1,216,3,84,9,
11799,reproduce,Deer,1132,268,2,84,5,offspring:1
11813,spore_created,Shroomer,-1,241,8,92,3,
11813,spore_created,Shroomer,-1,248,5,106,5,
11820,starvation,Penguin,1323,0,0,34,8,
11825,kill,Deer,974,44,9,99,0,killed_by:Jaguar:709
11829,kill,Elk,67,121,2,89,1,killed_by:Jaguar:934
11830,hunt_fail,Jaguar,73,120,1,84,3,target_died
11830,hunt_start,Jaguar,73,120,1,84,3,target:Turtle:817
11830,hunt_start,Jaguar,487,286,0,149,9,target:Deer:1447
11834,kill,Camel,186,112,7,234,7,killed_by:Polar Bear:597
11838,spore_created,Shroomer,-1,221,2,68,5,
11838,spore_created,Shroomer,-1,227,7,66,1,
11841,spore_created,Shroomer,-1,87,7,236,1,
11841,spore_created,Shroomer,-1,93,5,230,2,
11850,kill,Deer,1447,284,7,153,3,killed_by:Jaguar:487
11851,hunt_start,Jaguar,487,284,9,152,7,target:Monkey:1516
11853,kill,Elk,34,204,2,245,2,killed_by:Bear:743
11854,reproduce,Penguin,393,120,4,24,2,offspring:1
11857,starvation,Jaguar,1232,93,3,120,8,
11857,reproduce,Elk,1060,220,0,156,1,offspring:1
11857,reproduce,Jaguar,1067,36,3,65,8,offspring:1
11858,hunt_start,Jaguar,1447,33,8,64,3,target:Tapir:677
11861,kill,Faeling,957,1,0,169,1,killed_by:Shroomer:950
11864,kill,Frog,998,24,0,2,5,killed_by:Hawk:483
11864,reproduce,Frog,828,29,5,15,6,offspring:2
11864,reproduce,Frog,1455,18,9,15,7,offspring:2
11865,hunt_start,Hawk,483,24,6,3,0,target:Frog:1455
11868,kill,Frog,1246,27,9,18,7,killed_by:Hawk:466
11869,hunt_start,Hawk,466,27,9,18,6,target:Frog:828
11870,hunt_start,Polar Bear,855,43,8,213,8,target:Shroomer:946
11871,kill,Turtle,1371,177,0,151,5,killed_by:Bear:690
11871,reproduce,Turtle,183,174,4,159,9,offspring:1
11874,reproduce,Monkey,131,131,0,200,4,offspring:1
11876,reproduce,Boar,1266,280,1,96,0,offspring:2
11881,reproduce,Elk,50,196,9,96,1,offspring:1
11895,spore_created,Shroomer,-1,236,2,76,8,
11895,spore_created,Shroomer,-1,237,0,83,8,
11897,spore_created,Shroomer,-1,46,8,209,6,
11897,spore_created,Shroomer,-1,41,8,197,8,
11901,age_death,Fish,782,251,8,35,3,
11901,age_death,Fish,802,250,7,35,5,
11901,age_death,Fish,803,247,9,33,9,
11901,age_death,Fish,804,248,2,35,0,
11904,reproduce,Parrot,280,54,6,256,5,offspring:1
11913,spore_matured,Shroomer,-1,219,1,82,3,
11913,reproduce,Shroomer,-1,219,1,82,3,offspring:1
11913,spore_matured,Shroomer,-1,216,4,84,9,
11913,reproduce,Shroomer,-1,216,4,84,9,offspring:1
11921,reproduce,Parrot,35,48,7,257,4,offspring:1
11927,hunt_start,Polar Bear,1474,47,9,191,6,target:Shroomer:535
11929,kill,Deer,1528,276,6,181,5,killed_by:Wolf:1202
11930,hunt_fail,Wolf,757,276,4,183,1,target_died
11930,hunt_start,Wolf,757,276,4,183,1,target:Rabbit:775
11932,age_death,Fish,653,260,7,45,3,
11932,age_death,Fish,809,261,3,41,6,
11932,age_death,Fish,810,257,7,44,3,
11932,age_death,Fish,811,256,7,44,1,
11933,kill,Rabbit,284,85,8,239,1,killed_by:Wolf:435
11933,reproduce,Deer,953,269,8,165,2,offspring:1
11934,starvation,Parrot,675,37,9,174,5,
11934,hunt_fail,Wolf,434,86,3,240,2,target_died
11934,hunt_start,Wolf,434,86,3,240,2,target:Shroomer:695
11940,kill,Frog,828,33,1,9,2,killed_by:Hawk:466
11941,hunt_start,Hawk,466,33,0,9,3,target:Frog:34
11955,starvation,Shroomer,964,228,8,89,2,
11955,kill,Deer,1503,65,4,179,1,killed_by:Bear:259
11956,hunt_fail,Bear,462,66,2,175,0,target_died
11956,hunt_start,Bear,462,66,2,175,0,target:Musk Ox:749
11957,spore_created,Shroomer,-1,192,5,96,9,
11957,spore_created,Shroomer,-1,193,3,100,1,
11959,reproduce,Deer,1052,82,1,158,0,offspring:1
11963,kill,Penguin,1322,18,4,26,8,killed_by:Polar Bear:1142
11963,reproduce,Penguin,95,19,2,32,0,offspring:1
11963,reproduce,Penguin,899,26,0,33,3,offspring:1
11964,hunt_start,Polar Bear,1142,19,0,26,3,target:Penguin:849
11968,spore_created,Shroomer,-1,217,6,95,7,
11968,spore_created,Shroomer,-1,201,1,89,5,
11969,kill,Tapir,677,34,6,55,6,killed_by:Jaguar:1447
11969,reproduce,Tapir,872,29,2,59,4,offspring:1
11969,reproduce,Tapir,1378,50,2,46,3,offspring:1
11969,reproduce,Tapir,1379,37,1,36,7,offspring:1
11970,hunt_start,Bear,1204,207,8,222,2,target:Elk:1058
11973,reproduce,Jaguar,709,40,2,97,8,offspring:1
11974,hunt_start,Jaguar,709,40,2,97,8,target:Deer:978
11974,hunt_start,Jaguar,964,38,4,98,4,target:Deer:978
11978,kill,Camel,1385,106,6,193,5,killed_by:Polar Bear:478
11980,reproduce,Tapir,906,25,4,120,8,offspring:1
11993,starvation,Parrot,1499,159,5,110,5,
11995,starvation,Deer,1363,2,9,71,5,
11995,kill,Shroomer,75,38,9,224,8,killed_by:Boar:969
12000,age_death,Lizard,521,228,6,92,6,
12000,age_death,Lizard,522,179,9,99,2,
12000,age_death,Lizard,524,167,1,265,5,
12000,age_death,Lizard,525,7,9,256,2,
12000,age_death,Lizard,526,4,3,270,0,
12003,starvation,Hawk,1382,107,8,25,8,
12003,kill,Frog,1245,42,4,-0,0,killed_by:Polar Bear:687
12003,reproduce,Camel,531,94,4,189,5,offspring:1
12004,hunt_start,Polar Bear,687,43,0,0,1,target:Turtle:947
12006,starvation,Parrot,411,231,4,212,1,
12010,reproduce,Turtle,326,16,7,28,2,offspring:1
12010,spore_matured,Shroomer,-1,227,7,66,1,
12010,reproduce,Shroomer,-1,227,7,66,1,offspring:1
12010,spore_matured,Shroomer,-1,221,2,68,5,
12010,reproduce,Shroomer,-1,221,2,68,5,offspring:1
12012,kill,Turtle,817,112,8,87,4,killed_by:Jaguar:73
12013,spore_matured,Shroomer,-1,87,7,236,1,
12013,reproduce,Shroomer,-1,87,7,236,1,offspring:1
12013,spore_matured,Shroomer,-1,93,5,230,2,
12013,reproduce,Shroomer,-1,93,5,230,2,offspring:1
12015,hunt_start,Jaguar,485,243,9,93,2,target:Deer:1180
12015,reproduce,Turtle,177,269,0,228,3,offspring:1
12015,spore_matured,Shroomer,-1,237,0,83,8,
12015,reproduce,Shroomer,-1,237,0,83,8,offspring:1
12018,kill,Shroomer,695,83,3,233,9,killed_by:Wolf:435
12019,hunt_fail,Wolf,434,83,7,234,8,target_died
12019,hunt_start,Wolf,434,83,7,234,8,target:Shroomer:593
12019,kill,Shroomer,946,44,2,219,7,killed_by:Polar Bear:855
12020,kill,Deer,1180,246,1,93,1,killed_by:Jaguar:485
12021,hunt_start,Jaguar,485,245,4,93,2,target:Monkey:1299
12033,hunt_start,Boar,787,11,7,217,5,target:Shroomer:1170
12033,kill,Shroomer,535,45,2,195,4,killed_by:Polar Bear:1474
12035,reproduce,Deer,1260,280,1,195,2,offspring:1
12037,spore_created,Shroomer,-1,41,1,217,3,
12037,spore_created,Shroomer,-1,35,8,210,9,
12040,kill,Frog,1455,17,2,25,1,killed_by:Hawk:483
12041,hunt_start,Hawk,483,17,3,24,9,target:Penguin:631
12044,reproduce,Turtle,189,265,3,223,1,offspring:1
12048,reproduce,Parrot,103,123,9,32,0,offspring:1
12048,reproduce,Parrot,796,123,8,31,6,offspring:1
12054,kill,Frog,34,30,9,26,0,killed_by:Hawk:466
12055,hunt_start,Hawk,466,31,0,25,9,target:Frog:1232
12064,spore_created,Shroomer,-1,212,1,84,2,
12064,spore_created,Shroomer,-1,214,1,80,6,
12069,hunt_start,Polar Bear,579,111,8,223,0,target:Monkey:144
12069,spore_matured,Shroomer,-1,46,7,209,3,
12069,reproduce,Shroomer,-1,46,7,209,3,offspring:1
12069,spore_matured,Shroomer,-1,41,8,197,8,
12069,reproduce,Shroomer,-1,41,8,197,8,offspring:1
12072,reproduce,Deer,1357,270,2,229,3,offspring:1
12080,starvation,Tapir,857,58,4,207,9,
12080,reproduce,Tapir,720,33,6,205,4,offspring:1
12080,reproduce,Tapir,760,8,0,204,8,offspring:1
12080,reproduce,Tapir,944,17,7,208,8,offspring:1
12081,reproduce,Monkey,150,270,7,170,6,offspring:1
12088,spore_matured,Shroomer,-1,201,3,89,3,
12088,reproduce,Shroomer,-1,201,3,89,3,offspring:1
12094,reproduce,Rabbit,779,171,8,124,8,offspring:2
12094,spore_created,Shroomer,-1,212,0,87,8,
12094,spore_created,Shroomer,-1,213,5,98,3,
12095,hunt_fail,Jaguar,1360,59,2,69,0,prey_escaped
12095,hunt_start,Jaguar,1360,59,2,69,0,target:Lizard:1327
12104,starvation,Rabbit,799,66,0,190,0,
12104,kill,Deer,978,39,3,88,3,killed_by:Jaguar:964
12104,spore_created,Shroomer,-1,215,8,82,6,
12104,spore_created,Shroomer,-1,213,8,80,9,
12105,starvation,Rabbit,142,190,4,189,1,
12105,hunt_fail,Jaguar,709,39,9,95,2,target_died
12105,hunt_start,Jaguar,709,39,9,95,2,target:Lizard:927
12105,hunt_start,Jaguar,964,39,2,88,9,target:Lizard:1161
12110,reproduce,Parrot,1462,281,6,223,9,offspring:1
12112,reproduce,Deer,921,12,2,76,4,offspring:1
12115,hunt_start,Jaguar,1447,34,8,56,4,target:Tapir:1485
12117,spore_matured,Shroomer,-1,193,2,99,8,
12117,reproduce,Shroomer,-1,193,2,99,8,offspring:1
12118,starvation,Parrot,19,112,6,21,5,
12118,starvation,Musk Ox,298,153,1,37,5,
12129,spore_matured,Shroomer,-1,192,9,96,4,
12129,reproduce,Shroomer,-1,192,9,96,4,offspring:1
12130,hunt_fail,Bear,462,70,8,181,1,discomfort
12133,reproduce,Parrot,228,215,9,198,8,offspring:1
12135,hunt_start,Boar,85,14,3,218,2,target:Shroomer:1340
12141,kill,Shroomer,593,92,8,233,4,killed_by:Wolf:435
12142,hunt_fail,Wolf,434,92,3,233,7,target_died
12142,hunt_start,Wolf,434,92,3,233,7,target:Shroomer:1363
12144,reproduce,Elk,770,194,8,96,0,offspring:1
12145,kill,Penguin,849,15,0,36,4,killed_by:Polar Bear:1142
12146,hunt_start,Polar Bear,1142,15,4,35,6,target:Penguin:653
12147,reproduce,Monkey,676,154,3,161,3,offspring:1
12157,kill,Elk,1058,215,6,212,2,killed_by:Bear:1204
12157,spore_matured,Shroomer,-1,41,2,217,0,
12157,reproduce,Shroomer,-1,41,2,217,0,offspring:1
12159,kill,Penguin,631,9,3,13,6,killed_by:Hawk:483
12159,reproduce,Hawk,483,9,6,13,7,offspring:1
12160,hunt_start,Hawk,483,9,5,13,7,target:Rabbit:1514
12160,hunt_start,Hawk,1532,9,9,13,2,target:Frog:998
12161,reproduce,Polar Bear,855,44,0,218,0,offspring:1
12162,hunt_start,Polar Bear,593,42,6,219,3,target:Shroomer:415
12162,hunt_start,Polar Bear,855,44,0,218,0,target:Shroomer:298
12163,kill,Frog,1232,30,0,9,2,killed_by:Hawk:466
12163,reproduce,Penguin,1120,16,6,14,4,offspring:1
12164,hunt_start,Hawk,466,30,0,9,4,target:Frog:957
12164,spore_created,Shroomer,-1,100,8,96,4,
12164,spore_created,Shroomer,-1,105,1,88,8,
12164,spore_matured,Shroomer,-1,36,2,211,3,
12164,reproduce,Shroomer,-1,36,2,211,3,offspring:1
12172,reproduce,Monkey,719,32,0,286,5,offspring:1
12174,spore_created,Shroomer,-1,238,8,80,8,
12174,spore_created,Shroomer,-1,232,0,71,9,
12177,hunt_fail,Jaguar,485,230,7,98,2,discomfort
12181,environment_death,Shroomer,521,237,5,80,9,drowning
12181,kill,Turtle,947,51,3,4,1,killed_by:Polar Bear:687
12183,starvation,Frog,845,51,7,221,3,
12183,hunt_fail,Boar,768,41,8,221,6,target_died
12183,hunt_start,Boar,768,41,8,221,6,target:Shroomer:298
12183,hunt_fail,Boar,1195,42,6,220,4,target_died
12183,hunt_start,Boar,1195,42,6,220,4,target:Shroomer:298
12183,reproduce,Monkey,1268,268,1,95,9,offspring:1
12184,reproduce,Deer,951,67,5,217,7,offspring:1
12184,spore_matured,Shroomer,-1,212,3,84,1,
12184,reproduce,Shroomer,-1,212,3,84,1,offspring:1
12184,spore_matured,Shroomer,-1,214,7,80,6,
12184,reproduce,Shroomer,-1,214,7,80,6,offspring:1
12187,kill,Parrot,915,258,2,123,7,killed_by:Hawk:1241
12187,reproduce,Parrot,74,288,1,288,0,offspring:1
12188,hunt_start,Hawk,1241,258,0,123,8,target:Rabbit:1004
12192,hunt_start,Wolf,1202,270,6,175,7,target:Deer:83
12201,hunt_start,Jaguar,934,125,9,78,9,target:Tapir:6
12205,hunt_start,Polar Bear,478,106,7,198,6,target:Lizard:1238
12206,hunt_start,Bear,329,179,2,151,6,target:Deer:1135
12210,reproduce,Monkey,1477,176,8,160,2,offspring:1
12213,reproduce,Parrot,634,263,9,106,6,offspring:1
12214,kill,Parrot,705,287,9,288,0,killed_by:Polar Bear:956
12214,spore_matured,Shroomer,-1,212,0,87,9,
12214,reproduce,Shroomer,-1,212,0,87,9,offspring:1
12215,hunt_start,Polar Bear,956,287,3,288,0,target:Monkey:1070
12216,reproduce,Tapir,168,124,1,58,8,offspring:1
12217,hunt_fail,Jaguar,487,257,5,162,3,discomfort
12218,kill,Rabbit,775,288,0,171,4,killed_by:Wolf:757
12219,hunt_start,Wolf,757,287,2,171,3,target:Rabbit:1417
12224,spore_matured,Shroomer,-1,213,7,81,2,
12224,reproduce,Shroomer,-1,213,7,81,2,offspring:1
12224,spore_matured,Shroomer,-1,215,9,82,8,
12224,reproduce,Shroomer,-1,215,9,82,8,offspring:1
12232,starvation,Parrot,1495,99,4,106,6,
12233,reproduce,Deer,1467,266,5,197,5,offspring:1
12239,reproduce,Parrot,909,286,4,214,4,offspring:1
12242,starvation,Elk,1330,11,0,153,6,
12243,age_death,Parrot,340,122,3,68,3,
12244,kill,Shroomer,298,40,6,217,1,killed_by:Boar:1195
12245,hunt_fail,Boar,768,41,2,218,9,target_died
12245,hunt_fail,Polar Bear,855,41,3,216,8,target_died
12245,hunt_start,Polar Bear,855,41,3,216,8,target:Boar:1195
12249,kill,Monkey,1070,283,6,288,0,killed_by:Polar Bear:956
12249,reproduce,Monkey,141,242,1,259,6,offspring:1
12249,reproduce,Monkey,147,248,8,285,2,offspring:1
12249,reproduce,Wolf,435,93,0,230,6,offspring:1
12249,reproduce,Monkey,529,268,1,273,5,offspring:1
12249,reproduce,Monkey,663,275,1,271,9,offspring:1
12249,reproduce,Monkey,774,256,3,281,3,offspring:1
12249,reproduce,Monkey,1472,275,2,278,2,offspring:1
12250,hunt_start,Wolf,298,90,7,228,9,target:Shroomer:1363
12250,hunt_start,Polar Bear,956,284,4,288,0,target:Parrot:74
12254,kill,Tapir,6,125,8,82,3,killed_by:Jaguar:934
12267,reproduce,Parrot,707,265,1,208,0,offspring:1
12272,kill,Shroomer,1363,93,0,228,2,killed_by:Wolf:298
12273,hunt_start,Wolf,298,92,4,228,7,target:Lizard:610
12273,hunt_fail,Wolf,434,93,5,228,4,target_died
12273,hunt_start,Wolf,434,93,5,228,4,target:Parrot:395
12273,hunt_fail,Wolf,435,93,0,228,8,target_died
12283,kill,Frog,998,25,8,14,5,killed_by:Hawk:1532
12283,reproduce,Frog,1457,45,0,25,0,offspring:2
12284,kill,Rabbit,1514,-0,1,19,7,killed_by:Hawk:483
12284,hunt_start,Hawk,1532,25,6,14,6,target:Penguin:1319
12284,spore_matured,Shroomer,-1,100,8,96,6,
12284,reproduce,Shroomer,-1,100,8,96,6,offspring:1
12285,hunt_start,Hawk,483,0,2,19,5,target:Rabbit:104
12290,reproduce,Tapir,1398,119,5,21,4,offspring:1
12291,hunt_start,Bear,743,203,2,244,2,target:Elk:605
12294,starvation,Tapir,164,40,5,148,3,
12294,reproduce,Monkey,1043,181,9,273,4,offspring:1
12294,reproduce,Monkey,1470,175,7,272,3,offspring:1
12294,spore_matured,Shroomer,-1,238,9,80,8,
12294,reproduce,Shroomer,-1,238,9,80,8,offspring:1
12297,reproduce,Lizard,931,43,2,31,9,offspring:2
12299,kill,Frog,957,14,5,24,8,killed_by:Hawk:466
12300,hunt_start,Hawk,466,14,6,24,7,target:Penguin:1523
12302,kill,Boar,1195,40,7,219,2,killed_by:Polar Bear:855
12303,kill,Lizard,520,187,1,246,7,killed_by:Wolf:726
12303,hunt_start,Polar Bear,855,41,0,218,6,target:Shroomer:415
12304,hunt_start,Wolf,726,187,4,246,5,target:Rabbit:1165
12304,age_death,Frog,561,33,8,203,8,
12304,age_death,Frog,591,34,1,210,1,
12305,spore_matured,Shroomer,-1,232,0,71,4,
12305,reproduce,Shroomer,-1,232,0,71,4,offspring:1
12308,starvation,Shroomer,18,224,9,50,7,
12309,hunt_start,Bear,690,177,6,153,0,target:Turtle:856
12309,hunt_start,Polar Bear,744,110,8,212,9,target:Parrot:395
12312,kill,Shroomer,415,38,1,217,4,killed_by:Polar Bear:593
12312,kill,Shroomer,1170,19,4,208,8,killed_by:Boar:787
12313,hunt_start,Polar Bear,593,38,0,218,4,target:Boar:969
12313,hunt_fail,Polar Bear,855,40,7,218,4,target_died
12313,hunt_start,Polar Bear,855,40,7,218,4,target:Boar:969
12316,kill,Penguin,653,19,2,40,2,killed_by:Polar Bear:1142
12316,reproduce,Penguin,154,16,9,11,5,offspring:1
12317,hunt_start,Polar Bear,1142,18,3,39,5,target:Penguin:809
12319,kill,Parrot,74,288,1,288,0,killed_by:Polar Bear:956
12320,hunt_start,Polar Bear,956,287,5,288,0,target:Parrot:974
12322,reproduce,Deer,1423,151,2,224,3,offspring:1
12333,hunt_start,Jaguar,487,259,3,160,9,target:Monkey:1471
12336,spore_matured,Shroomer,-1,105,1,88,8,
12336,reproduce,Shroomer,-1,105,1,88,8,offspring:1
12338,kill,Rabbit,133,166,4,146,8,killed_by:Wolf:1154
12339,hunt_start,Wolf,1154,166,6,147,1,target:Rabbit:1451
12344,age_death,Frog,171,142,0,204,9,
12353,spore_created,Shroomer,-1,209,8,87,1,
12353,spore_created,Shroomer,-1,198,3,80,1,
12360,reproduce,Faeling,0,1,0,194,9,offspring:1
12366,kill,Rabbit,187,170,0,167,6,killed_by:Wolf:738
12367,hunt_start,Wolf,738,170,2,167,3,target:Deer:1135
12368,reproduce,Lizard,436,29,2,115,5,offspring:2
12369,reproduce,Deer,1338,75,4,236,7,offspring:1
12372,kill,Rabbit,1004,270,8,97,7,killed_by:Hawk:1241
12373,hunt_start,Hawk,1241,270,7,97,9,target:Lizard:128
12377,hunt_start,Polar Bear,597,109,4,235,8,target:Camel:292
12380,kill,Shroomer,1340,21,8,212,8,killed_by:Boar:85
12381,hunt_start,Boar,85,21,4,213,2,target:Shroomer:407
12381,hunt_start,Jaguar,485,237,0,98,3,target:Shroomer:740
12384,hunt_start,Jaguar,73,112,2,87,4,target:Rabbit:937
12393,hunt_start,Bear,259,70,9,181,5,target:Deer:1521
12395,reproduce,Deer,543,72,2,224,2,offspring:1
12396,kill,Tapir,1485,42,5,52,1,killed_by:Jaguar:1447
12397,environment_death,Elk,201,224,6,213,2,drowning
12397,spore_created,Shroomer,-1,19,3,193,0,
12397,spore_created,Shroomer,-1,26,8,199,3,
12403,reproduce,Deer,1107,178,0,108,3,offspring:1
12403,reproduce,Deer,1244,179,8,110,1,offspring:1
12404,reproduce,Deer,1132,268,8,84,6,offspring:1
12407,reproduce,Parrot,1061,30,9,111,7,offspring:1
12407,reproduce,Parrot,1441,30,0,98,8,offspring:1
12410,reproduce,Monkey,444,142,7,128,0,offspring:1
12412,kill,Shroomer,740,233,8,100,8,killed_by:Jaguar:485
12413,hunt_start,Jaguar,485,234,2,100,4,target:Shroomer:735
12417,reproduce,Deer,665,55,7,1,2,offspring:1
12419,reproduce,Monkey,684,226,2,162,4,offspring:1
12421,starvation,Elk,669,180,2,171,9,
12421,starvation,Deer,977,11,9,73,2,
12421,reproduce,Musk Ox,1250,132,7,70,1,offspring:1
12422,reproduce,Deer,492,31,0,68,2,offspring:1
12425,kill,Turtle,856,172,5,156,5,killed_by:Bear:690
12428,reproduce,Elk,382,146,8,282,8,offspring:1
12444,reproduce,Camel,1309,162,1,276,3,offspring:1
12458,reproduce,Parrot,280,56,5,258,7,offspring:1
12459,reproduce,Parrot,1227,256,0,144,5,offspring:1
12459,spore_created,Shroomer,-1,43,8,193,1,
12459,spore_created,Shroomer,-1,49,2,192,7,
12460,environment_death,Shroomer,525,239,4,81,6,drowning
12460,starvation,Monkey,833,54,9,159,1,
12465,reproduce,Rabbit,455,64,1,5,4,offspring:2
12469,hunt_start,Jaguar,486,153,9,105,8,target:Tapir:363
12469,reproduce,Monkey,863,276,2,192,6,offspring:1
12472,reproduce,Monkey,843,32,0,284,4,offspring:1
12473,spore_matured,Shroomer,-1,207,8,87,8,
12473,reproduce,Shroomer,-1,207,8,87,8,offspring:1
12473,spore_matured,Shroomer,-1,198,3,80,1,
12473,reproduce,Shroomer,-1,198,3,80,1,offspring:1
12476,reproduce,Parrot,35,49,4,258,4,offspring:1
12480,spore_created,Shroomer,-1,236,2,81,2,
12480,spore_created,Shroomer,-1,221,5,69,5,
12488,reproduce,Elk,532,139,6,271,0,offspring:1
12490,reproduce,Bear,329,167,3,158,9,offspring:1
12491,hunt_start,Polar Bear,687,54,2,7,7,target:Deer:665
12491,hunt_start,Bear,1563,165,2,157,0,target:Deer:1135
12498,reproduce,Elk,605,197,0,256,0,offspring:1
12499,reproduce,Camel,1390,173,4,279,2,offspring:1
12506,kill,Deer,1135,161,8,156,4,killed_by:Wolf:738
12506,reproduce,Musk Ox,1430,125,8,192,8,offspring:1
12507,hunt_fail,Bear,329,166,4,158,7,prey_escaped
12507,hunt_start,Bear,329,166,4,158,7,target:Turtle:183
12507,hunt_start,Wolf,738,162,2,156,7,target:Deer:1034
12507,hunt_fail,Bear,1563,164,4,156,8,prey_escaped
12507,hunt_start,Bear,1563,164,4,156,8,target:Deer:1034
12509,starvation,Wolf,70,196,5,116,9,
12516,reproduce,Polar Bear,597,115,1,231,9,offspring:1
12517,hunt_start,Polar Bear,70,117,5,232,2,target:Camel:292
12517,reproduce,Parrot,546,161,6,97,2,offspring:1
12517,spore_matured,Shroomer,-1,27,1,199,3,
12517,reproduce,Shroomer,-1,27,1,199,3,offspring:1
12525,kill,Camel,292,116,0,231,3,killed_by:Polar Bear:70
12525,kill,Boar,969,38,0,228,6,killed_by:Polar Bear:593
12526,hunt_fail,Polar Bear,597,115,3,231,7,target_died
12526,hunt_start,Polar Bear,597,115,3,231,7,target:Monkey:258
12526,hunt_fail,Polar Bear,855,38,8,226,1,target_died
12526,hunt_start,Polar Bear,855,38,8,226,1,target:Boar:768
12538,age_death,Frog,608,135,8,185,8,
12539,reproduce,Frog,1221,166,6,199,9,offspring:2
12540,reproduce,Frog,713,125,2,203,2,offspring:2
12541,age_death,Lizard,610,62,6,226,3,
12542,hunt_fail,Wolf,298,68,4,227,3,target_died
12542,hunt_start,Wolf,298,68,4,227,3,target:Deer:74
12543,reproduce,Parrot,339,106,5,113,6,offspring:1
12543,reproduce,Parrot,1442,114,0,105,1,offspring:1
12545,kill,Faeling,18,0,8,173,3,killed_by:Shroomer:851
12552,hunt_start,Bear,462,77,2,180,5,target:Deer:1521
12553,spore_created,Shroomer,-1,216,6,91,7,
12553,spore_created,Shroomer,-1,223,9,106,3,
12556,kill,Elk,605,196,4,258,1,killed_by:Bear:743
12561,reproduce,Musk Ox,1102,125,1,193,7,offspring:1
12562,reproduce,Deer,1491,74,3,234,9,offspring:1
12564,starvation,Frog,1508,139,5,115,3,
12565,reproduce,Penguin,899,20,7,30,3,offspring:1
12568,kill,Shroomer,735,235,1,109,7,killed_by:Jaguar:485
12568,reproduce,Bear,462,77,6,181,1,offspring:1
12568,reproduce,Jaguar,485,235,0,108,8,offspring:1
12569,hunt_start,Jaguar,485,235,0,108,9,target:Monkey:1086
12569,hunt_start,Bear,735,80,6,181,0,target:Lizard:747
12569,hunt_start,Jaguar,1571,234,3,110,5,target:Monkey:1086
12569,spore_matured,Shroomer,-1,19,5,192,8,
12569,reproduce,Shroomer,-1,19,5,192,8,offspring:1
12574,reproduce,Turtle,1110,128,0,162,6,offspring:1
12576,hunt_start,Polar Bear,1474,40,6,189,0,target:Shroomer:1051
12579,spore_matured,Shroomer,-1,49,2,192,7,
12579,reproduce,Shroomer,-1,49,2,192,7,offspring:1
12580,environment_death,Elk,206,223,3,209,4,drowning
12581,spore_created,Shroomer,-1,45,0,195,4,
12581,spore_created,Shroomer,-1,42,5,201,9,
12583,reproduce,Elk,919,99,3,223,9,offspring:1
12589,reproduce,Deer,864,73,7,159,3,offspring:1
12590,starvation,Frog,839,2,2,137,7,
12595,hunt_start,Bear,1204,219,4,204,9,target:Elk:1064
12599,kill,Rabbit,1417,277,5,139,3,killed_by:Wolf:757
12600,hunt_start,Wolf,757,277,3,139,5,target:Rabbit:1303
12600,reproduce,Turtle,1251,127,7,100,0,offspring:1
12600,spore_matured,Shroomer,-1,236,2,81,2,
12600,reproduce,Shroomer,-1,236,2,81,2,offspring:1
12602,age_death,Lizard,627,207,2,52,7,
12604,age_death,Parrot,352,6,0,194,2,
12607,starvation,Shroomer,432,240,6,89,6,
12607,hunt_start,Boar,768,41,9,218,5,target:Shroomer:1318
12607,spore_created,Shroomer,-1,228,5,98,2,
12607,spore_created,Shroomer,-1,228,1,82,7,
12608,kill,Turtle,183,171,5,157,8,killed_by:Bear:329
12623,spore_matured,Shroomer,-1,43,9,192,4,
12623,reproduce,Shroomer,-1,43,9,192,4,offspring:1
12626,hunt_start,Jaguar,934,136,7,81,9,target:Deer:1047
12628,kill,Shroomer,407,14,6,206,6,killed_by:Boar:85
12631,environment_death,Elk,204,225,9,207,9,drowning
12634,kill,Rabbit,1165,151,9,258,0,killed_by:Wolf:726
12635,hunt_start,Wolf,726,152,2,257,9,target:Rabbit:1239
12641,kill,Deer,665,58,4,-0,0,killed_by:Polar Bear:687
12652,spore_matured,Shroomer,-1,221,7,70,2,
12652,reproduce,Shroomer,-1,221,7,70,2,offspring:1
12659,reproduce,Elk,1060,222,8,156,9,offspring:1
12664,reproduce,Deer,1260,275,0,192,2,offspring:1
12667,kill,Deer,1034,152,0,167,9,killed_by:Wolf:738
12668,hunt_fail,Bear,1563,156,5,163,5,target_died
12668,hunt_start,Bear,1563,156,5,163,5,target:Deer:657
12669,reproduce,Wolf,738,152,3,167,6,offspring:1
12670,hunt_start,Wolf,627,152,4,166,7,target:Deer:1247
12670,hunt_start,Wolf,738,152,3,167,7,target:Deer:1247
12672,reproduce,Rabbit,1413,267,4,179,1,offspring:2
12673,reproduce,Deer,1357,262,9,238,1,offspring:1
12673,spore_matured,Shroomer,-1,218,2,91,1,
12673,reproduce,Shroomer,-1,218,2,91,1,offspring:1
12681,kill,Shroomer,1051,36,9,190,5,killed_by:Polar Bear:1474
12683,kill,Deer,74,71,7,216,1,killed_by:Wolf:298
12687,reproduce,Parrot,1460,27,2,23,8,offspring:1
12687,reproduce,Parrot,1515,21,5,21,8,offspring:1
12690,hunt_fail,Wolf,435,99,5,173,0,discomfort
12691,spore_created,Shroomer,-1,233,3,72,6,
12691,spore_created,Shroomer,-1,230,7,81,0,
12692,reproduce,Rabbit,1452,161,8,127,9,offspring:2
12694,reproduce,Monkey,533,274,6,222,9,offspring:1
12699,kill,Penguin,809,32,2,30,2,killed_by:Polar Bear:1142
12699,reproduce,Penguin,900,20,7,28,3,offspring:1
12700,hunt_start,Polar Bear,1142,31,2,30,8,target:Penguin:95
12700,reproduce,Camel,721,137,0,66,5,offspring:1
12706,spore_created,Shroomer,-1,12,1,204,5,
12706,spore_created,Shroomer,-1,23,4,206,3,
12707,hunt_fail,Wolf,434,99,4,172,7,discomfort
12709,reproduce,Lizard,1327,85,1,44,0,offspring:2
12729,hunt_fail,Polar Bear,744,103,3,203,6,prey_escaped
12729,hunt_start,Polar Bear,744,103,3,203,6,target:Parrot:480
12729,reproduce,Parrot,228,202,1,200,7,offspring:1
12737,reproduce,Frog,737,113,5,96,0,offspring:2
12745,kill,Parrot,395,96,7,166,1,killed_by:Wolf:435
12746,hunt_fail,Wolf,434,100,0,171,9,target_died
12746,hunt_start,Wolf,435,96,9,166,4,target:Deer:174
12748,spore_matured,Shroomer,-1,45,0,195,4,
12748,reproduce,Shroomer,-1,45,0,195,4,offspring:1
12753,spore_matured,Shroomer,-1,42,2,202,1,
12753,reproduce,Shroomer,-1,42,2,202,1,offspring:1
12758,age_death,Parrot,342,275,4,246,6,
12761,reproduce,Parrot,103,170,8,13,9,offspring:1
12765,starvation,Monkey,318,237,0,211,1,
12766,environment_death,Shroomer,1417,236,4,83,3,drowning
12769,age_death,Frog,648,34,5,181,6,
12769,age_death,Frog,649,47,8,202,1,
12771,reproduce,Parrot,634,261,4,77,2,offspring:1
12771,spore_created,Shroomer,-1,17,8,221,4,
12771,spore_created,Shroomer,-1,12,4,219,5,
12777,hunt_start,Jaguar,1447,45,0,53,7,target:Tapir:1035
12777,reproduce,Boar,1266,282,0,106,6,offspring:2
12783,kill,Rabbit,104,27,6,28,1,killed_by:Hawk:483
12784,hunt_start,Hawk,483,27,4,28,1,target:Rabbit:601
12785,reproduce,Penguin,393,131,6,31,9,offspring:1
12792,spore_created,Shroomer,-1,35,5,182,7,
12792,spore_created,Shroomer,-1,45,0,189,4,
12794,reproduce,Bear,1204,226,1,194,6,offspring:1
12795,hunt_start,Bear,1585,223,4,195,3,target:Elk:1064
12800,age_death,Lizard,658,0,2,277,7,
12800,age_death,Lizard,659,2,5,264,5,
12800,age_death,Lizard,660,1,2,264,1,
12800,age_death,Lizard,661,14,3,255,8,
12804,starvation,Lizard,1203,85,6,114,5,
12804,reproduce,Musk Ox,1407,131,0,70,3,offspring:1
12807,reproduce,Monkey,1396,90,3,159,9,offspring:1
12811,starvation,Frog,666,15,9,3,4,
12811,hunt_fail,Polar Bear,478,94,5,177,3,discomfort
12811,reproduce,Monkey,1477,168,6,168,7,offspring:1
12811,spore_matured,Shroomer,-1,230,9,81,2,
12811,reproduce,Shroomer,-1,230,9,81,2,offspring:1
12812,kill,Deer,1247,145,1,179,8,killed_by:Wolf:738
12812,reproduce,Monkey,513,89,9,159,8,offspring:1
12812,reproduce,Monkey,1336,89,6,159,8,offspring:1
12813,starvation,Lizard,853,129,3,131,5,
12813,hunt_fail,Wolf,627,145,7,178,3,target_died
12813,hunt_start,Wolf,627,145,7,178,3,target:Frog:876
12817,environment_death,Shroomer,1008,230,1,80,2,drowning
12824,reproduce,Camel,262,169,6,264,0,offspring:1
12824,reproduce,Camel,960,166,1,233,3,offspring:1
12830,kill,Elk,1064,227,7,191,9,killed_by:Bear:1204
12831,hunt_fail,Bear,1585,224,9,194,2,target_died
12831,hunt_start,Bear,1585,224,9,194,2,target:Elk:1062
12835,hunt_fail,Jaguar,1520,264,8,284,1,prey_escaped
12835,hunt_start,Jaguar,1520,264,8,284,1,target:Monkey:340
12846,kill,Boar,768,46,5,210,9,killed_by:Polar Bear:855
12850,kill,Deer,1521,88,5,197,4,killed_by:Bear:259
12851,hunt_fail,Bear,462,85,5,193,8,target_died
12851,hunt_start,Bear,462,85,5,193,8,target:Deer:725
12861,kill,Deer,1047,147,9,95,1,killed_by:Jaguar:934
12862,starvation,Monkey,105,265,5,181,5,
12862,spore_matured,Shroomer,-1,11,9,205,0,
12862,reproduce,Shroomer,-1,11,9,205,0,offspring:1
12863,hunt_start,Bear,690,170,6,162,8,target:Turtle:1246
12864,environment_death,Camel,261,119,4,242,4,drowning
12864,starvation,Parrot,341,164,9,0,3,
12864,hunt_fail,Jaguar,1163,159,4,0,9,target_died
12864,reproduce,Camel,580,93,7,268,9,offspring:1
12869,kill,Rabbit,1239,170,0,283,1,killed_by:Wolf:726
12869,reproduce,Rabbit,613,161,3,262,3,offspring:2
12870,hunt_start,Wolf,726,169,7,282,8,target:Lizard:751
12870,reproduce,Deer,438,278,3,232,1,offspring:1
12875,starvation,Deer,1362,13,5,72,7,
12877,starvation,Parrot,101,179,4,217,5,
12877,hunt_fail,Polar Bear,788,183,2,188,3,target_died
12877,hunt_start,Polar Bear,788,183,2,188,3,target:Lizard:1175
12878,spore_matured,Shroomer,-1,23,4,206,3,
12878,reproduce,Shroomer,-1,23,4,206,3,offspring:1
12884,environment_death,Elk,202,226,1,205,2,drowning
12886,kill,Faeling,1458,57,7,117,6,killed_by:Shroomer:734
12889,kill,Deer,174,90,1,156,6,killed_by:Wolf:435
12890,hunt_fail,Wolf,434,89,8,156,8,target_died
12890,hunt_start,Wolf,434,89,8,156,8,target:Deer:1528
12890,reproduce,Monkey,654,172,8,276,2,offspring:1
12899,hunt_fail,Jaguar,1360,73,0,57,8,prey_escaped
12899,hunt_start,Jaguar,1360,73,0,57,8,target:Tapir:1380
12899,reproduce,Monkey,143,282,2,188,1,offspring:1
12900,reproduce,Parrot,1513,25,3,0,6,offspring:1
12901,kill,Rabbit,601,12,8,24,6,killed_by:Hawk:483
12902,hunt_start,Hawk,483,13,0,24,8,target:Penguin:1126
12921,reproduce,Monkey,1043,189,1,279,4,offspring:1
12924,reproduce,Deer,1423,164,9,232,5,offspring:1
12925,kill,Frog,876,135,7,181,5,killed_by:Wolf:627
12926,hunt_start,Wolf,627,136,0,181,5,target:Deer:491
12931,hunt_fail,Jaguar,486,151,7,104,7,discomfort
12943,spore_matured,Shroomer,-1,17,8,221,4,
12943,reproduce,Shroomer,-1,17,8,221,4,offspring:1
12943,spore_matured,Shroomer,-1,11,9,219,5,
12943,reproduce,Shroomer,-1,11,9,219,5,offspring:1
12946,hunt_start,Wolf,298,69,1,210,4,target:Deer:947
12948,hunt_fail,Jaguar,485,236,9,118,1,prey_escaped
12948,hunt_start,Jaguar,485,236,9,118,1,target:Shroomer:375
12956,hunt_start,Bear,329,167,7,156,6,target:Turtle:1246
12958,kill,Deer,657,157,2,183,5,killed_by:Bear:1563
12959,hunt_start,Bear,1563,157,2,182,6,target:Deer:55
12963,starvation,Penguin,898,0,6,70,5,
12964,spore_matured,Shroomer,-1,35,5,182,7,
12964,reproduce,Shroomer,-1,35,5,182,7,offspring:1
12964,spore_matured,Shroomer,-1,45,2,189,0,
12964,reproduce,Shroomer,-1,45,2,189,0,offspring:1
12966,kill,Rabbit,1451,106,7,173,8,killed_by:Wolf:1154
12967,hunt_start,Wolf,1154,107,0,173,5,target:Deer:745
12969,reproduce,Parrot,804,46,5,256,7,offspring:1
12970,reproduce,Deer,1338,76,1,239,5,offspring:1
12971,kill,Turtle,1246,171,0,157,5,killed_by:Bear:690
12972,hunt_fail,Bear,329,168,5,156,8,target_died
12972,hunt_start,Bear,329,168,5,156,8,target:Lizard:1269
12974,reproduce,Turtle,1041,150,8,171,2,offspring:1
12980,spore_created,Shroomer,-1,20,9,207,8,
12980,spore_created,Shroomer,-1,14,4,203,8,
12982,spore_created,Shroomer,-1,26,9,211,3,
12982,spore_created,Shroomer,-1,15,2,207,2,
12994,hunt_start,Bear,743,200,3,251,2,target:Elk:955
12995,kill,Tapir,1035,31,2,56,5,killed_by:Jaguar:1447
13005,reproduce,Deer,1132,269,5,87,5,offspring:1
13006,hunt_start,Jaguar,486,153,8,105,0,target:Parrot:603
13007,reproduce,Camel,531,91,1,192,2,offspring:1
13009,starvation,Rabbit,979,59,9,158,3,
13009,age_death,Frog,704,174,2,102,4,
13012,kill,Penguin,1126,18,1,12,6,killed_by:Hawk:483
13012,reproduce,Penguin,795,24,6,12,6,offspring:1
13013,hunt_start,Hawk,483,17,9,12,8,target:Penguin:1195
13016,kill,Rabbit,1303,264,7,97,3,killed_by:Wolf:757
13017,hunt_start,Wolf,757,264,8,97,7,target:Rabbit:1402
13017,age_death,Frog,711,101,5,268,2,
13017,age_death,Frog,712,141,9,191,3,
13017,age_death,Frog,713,127,6,196,6,
13017,reproduce,Frog,396,117,6,277,6,offspring:2
13017,reproduce,Turtle,514,34,7,11,0,offspring:1
13017,reproduce,Frog,912,120,9,262,3,offspring:2
13017,reproduce,Frog,1111,104,5,270,9,offspring:2
13017,reproduce,Frog,1112,120,8,285,3,offspring:2
13020,reproduce,Tapir,359,128,0,195,4,offspring:1
13022,reproduce,Monkey,1470,174,6,272,2,offspring:1
13025,kill,Shroomer,375,237,1,123,5,killed_by:Jaguar:485
13026,starvation,Shroomer,614,219,9,114,3,
13027,spore_created,Shroomer,-1,201,9,119,6,
13027,spore_created,Shroomer,-1,207,1,123,5,
13034,kill,Deer,1528,81,0,151,0,killed_by:Wolf:435
13034,reproduce,Wolf,434,82,3,151,5,offspring:1
13034,spore_created,Shroomer,-1,194,3,104,1,
13034,spore_created,Shroomer,-1,192,9,98,8,
13035,hunt_start,Wolf,1528,84,1,149,1,target:Deer:632
13035,reproduce,Monkey,335,150,1,215,3,offspring:1
13035,reproduce,Deer,1129,121,4,155,9,offspring:1
13035,reproduce,Frog,1457,40,5,13,8,offspring:2
13039,reproduce,Monkey,684,224,0,161,4,offspring:1
13044,reproduce,Faeling,0,1,0,194,9,offspring:1
13052,reproduce,Lizard,931,22,0,0,0,offspring:2
13057,kill,Elk,1062,228,8,179,2,killed_by:Bear:1585
13066,kill,Deer,491,127,1,191,5,killed_by:Wolf:627
13067,hunt_start,Wolf,627,127,5,191,3,target:Rabbit:470
13068,hunt_start,Polar Bear,70,114,6,231,9,target:Lizard:1092
13068,hunt_start,Polar Bear,593,37,3,224,6,target:Boar:398
13070,reproduce,Monkey,863,274,1,188,0,offspring:1
13073,starvation,Rabbit,895,70,4,144,3,
13075,hunt_start,Wolf,738,135,3,191,2,target:Frog:170
13082,reproduce,Turtle,77,221,2,64,0,offspring:1
13085,kill,Wolf,1528,80,1,150,3,killed_by:Wolf:435
13086,hunt_fail,Wolf,434,81,0,149,6,target_died
13086,hunt_start,Wolf,434,81,0,149,6,target:Deer:632
13097,reproduce,Lizard,1550,28,9,11,2,offspring:2
13100,spore_matured,Shroomer,-1,14,6,203,7,
13100,reproduce,Shroomer,-1,14,6,203,7,offspring:1
13102,spore_matured,Shroomer,-1,15,1,207,3,
13102,reproduce,Shroomer,-1,15,1,207,3,offspring:1
13102,spore_matured,Shroomer,-1,27,0,211,3,
13102,reproduce,Shroomer,-1,27,0,211,3,offspring:1
13112,kill,Penguin,1195,27,9,17,6,killed_by:Hawk:483
13112,reproduce,Penguin,31,20,3,24,3,offspring:1
13112,reproduce,Penguin,1420,24,3,32,2,offspring:1
13119,hunt_fail,Bear,462,73,9,203,9,discomfort
13126,reproduce,Boar,1153,65,1,107,8,offspring:2
13128,kill,Penguin,95,37,7,48,5,killed_by:Polar Bear:1142
13128,reproduce,Monkey,1371,145,5,200,7,offspring:1
13129,reproduce,Parrot,1409,256,0,146,3,offspring:1
13129,spore_created,Shroomer,-1,193,5,123,1,
13129,spore_created,Shroomer,-1,200,0,125,8,
13131,hunt_fail,Jaguar,486,153,5,115,8,discomfort
13140,starvation,Rabbit,1249,76,8,95,8,
13142,starvation,Frog,159,53,5,213,5,
13142,reproduce,Frog,846,36,9,177,1,offspring:2
13147,age_death,Lizard,728,168,3,115,1,
13147,spore_matured,Shroomer,-1,201,9,119,6,
13147,reproduce,Shroomer,-1,201,9,119,6,offspring:1
13152,spore_matured,Shroomer,-1,20,6,207,8,
13152,reproduce,Shroomer,-1,20,6,207,8,offspring:1
13159,hunt_start,Polar Bear,1142,37,1,47,9,target:Tapir:828
13162,reproduce,Hawk,483,26,7,16,5,offspring:1
13163,hunt_start,Hawk,483,26,7,16,5,target:Penguin:1120
13163,kill,Deer,745,113,3,154,7,killed_by:Wolf:1154
13163,hunt_start,Hawk,1600,27,6,15,6,target:Lizard:1549
13163,reproduce,Deer,766,99,3,159,5,offspring:1
13166,reproduce,Wolf,1154,113,0,155,2,offspring:1
13167,hunt_start,Wolf,745,111,3,158,2,target:Deer:1449
13167,hunt_start,Wolf,1154,113,0,155,2,target:Deer:1449
13168,hunt_start,Boar,1266,278,9,104,1,target:Lizard:1213
13178,reproduce,Parrot,958,256,1,92,0,offspring:1
13181,kill,Elk,955,188,7,248,9,killed_by:Bear:743
13184,hunt_start,Polar Bear,687,62,6,6,8,target:Rabbit:525
13186,reproduce,Monkey,131,138,8,197,5,offspring:1
13195,reproduce,Deer,1123,267,9,87,2,offspring:1
13195,spore_created,Shroomer,-1,59,3,222,0,
13195,spore_created,Shroomer,-1,68,2,225,9,
13198,kill,Frog,170,126,7,199,0,killed_by:Wolf:738
13206,spore_matured,Shroomer,-1,192,9,98,8,
13206,reproduce,Shroomer,-1,192,9,98,8,offspring:1
13209,kill,Faeling,1594,18,5,196,0,killed_by:Shroomer:1003
13213,kill,Deer,83,288,0,129,0,killed_by:Wolf:1202
13213,reproduce,Wolf,1202,287,2,128,9,offspring:1
13214,hunt_start,Wolf,1202,287,2,129,0,target:Rabbit:1005
13214,hunt_start,Wolf,1588,287,5,127,0,target:Rabbit:1005
13216,hunt_start,Jaguar,486,156,1,116,8,target:Rabbit:779
13221,reproduce,Wolf,435,83,1,149,9,offspring:1
13222,hunt_start,Wolf,1594,84,4,150,8,target:Monkey:666
13223,reproduce,Polar Bear,478,99,9,178,4,offspring:1
13224,hunt_start,Polar Bear,83,99,2,180,6,target:Musk Ox:1198
13224,hunt_start,Polar Bear,1474,38,7,180,2,target:Shroomer:1578
13225,hunt_start,Wolf,738,126,0,200,0,target:Frog:608
13232,hunt_start,Boar,398,32,6,215,6,target:Shroomer:1194
13232,hunt_start,Bear,1585,228,6,179,9,target:Lizard:903
13233,starvation,Parrot,852,141,2,223,0,
13233,hunt_start,Jaguar,934,159,2,99,4,target:Deer:987
13235,hunt_start,Boar,649,284,6,114,1,target:Rabbit:1005
13237,hunt_fail,Jaguar,1067,14,5,61,2,prey_escaped
13238,spore_created,Shroomer,-1,225,5,94,8,
13238,spore_created,Shroomer,-1,231,6,93,7,
13249,spore_matured,Shroomer,-1,193,5,123,1,
13249,reproduce,Shroomer,-1,193,5,123,1,offspring:1
13254,reproduce,Monkey,144,103,5,288,0,offspring:1
13256,reproduce,Elk,264,128,0,138,8,offspring:1
13259,starvation,Parrot,495,3,7,81,8,
13268,hunt_start,Bear,1204,229,6,184,6,target:Lizard:903
13271,kill,Penguin,1120,19,1,8,1,killed_by:Hawk:483
13271,reproduce,Penguin,154,17,4,20,4,offspring:1
13272,hunt_start,Hawk,483,19,3,8,3,target:Penguin:849
13274,reproduce,Deer,1357,268,5,236,6,offspring:1
13276,reproduce,Frog,1219,128,0,163,5,offspring:2
13280,starvation,Fish,1440,229,5,236,5,
13284,kill,Deer,55,136,6,187,5,killed_by:Bear:1563
13287,hunt_fail,Wolf,434,76,2,154,4,discomfort
13288,hunt_start,Bear,259,87,8,197,7,target:Shroomer:567
13291,hunt_start,Jaguar,1163,162,3,4,5,target:Musk Ox:560
13293,reproduce,Frog,1221,162,2,197,6,offspring:2
13294,hunt_fail,Wolf,435,76,9,154,0,discomfort
13295,starvation,Hawk,466,13,5,30,8,
13300,reproduce,Monkey,988,172,5,19,2,offspring:1
13307,age_death,Parrot,345,88,4,248,9,
13307,reproduce,Monkey,719,19,9,266,3,offspring:1
13310,kill,Deer,1449,119,1,170,8,killed_by:Wolf:745
13311,hunt_fail,Wolf,1154,118,2,168,9,target_died
13311,hunt_start,Wolf,1154,118,2,168,9,target:Frog:1120
13315,reproduce,Parrot,103,206,6,0,6,offspring:1
13317,spore_created,Shroomer,-1,231,8,101,5,
13317,spore_created,Shroomer,-1,225,8,88,8,
13319,reproduce,Deer,1052,67,6,175,0,offspring:1
13320,reproduce,Monkey,629,260,1,94,1,offspring:1
13320,reproduce,Monkey,1512,275,1,95,4,offspring:1
13322,reproduce,Parrot,634,259,3,72,2,offspring:1
13323,starvation,Parrot,1395,55,6,194,4,
13326,reproduce,Parrot,878,28,1,207,1,offspring:1
13326,reproduce,Parrot,881,0,4,196,6,offspring:1
13327,spore_created,Shroomer,-1,239,0,72,0,
13327,spore_created,Shroomer,-1,227,6,84,5,
13328,kill,Lizard,1549,35,2,0,0,killed_by:Hawk:1600
13329,hunt_start,Wolf,745,119,6,169,9,target:Frog:1120
13329,hunt_start,Hawk,1600,35,3,0,6,target:Lizard:895
13330,reproduce,Rabbit,82,158,4,216,2,offspring:2
13330,reproduce,Rabbit,793,146,3,218,1,offspring:2
13335,kill,Shroomer,1578,34,0,183,8,killed_by:Polar Bear:1474
13338,hunt_start,Boar,1597,71,4,105,6,target:Shroomer:1355
13339,reproduce,Frog,969,166,9,193,5,offspring:2
13340,reproduce,Frog,1567,124,1,202,9,offspring:2
13341,age_death,Lizard,746,122,9,234,9,
13341,age_death,Lizard,747,106,0,140,6,
13342,hunt_fail,Bear,735,105,9,146,5,target_died
13342,hunt_start,Bear,735,105,9,146,5,target:Musk Ox:288
13342,reproduce,Lizard,328,212,9,50,8,offspring:2
13343,hunt_fail,Jaguar,487,238,9,89,3,discomfort
13348,starvation,Parrot,166,223,2,243,3,
13348,hunt_fail,Bear,1389,217,3,259,1,target_died
13348,hunt_start,Bear,1389,217,3,259,1,target:Rabbit:1229
13348,spore_created,Shroomer,-1,233,8,85,2,
13348,spore_created,Shroomer,-1,229,7,91,2,
13351,starvation,Parrot,685,18,1,85,1,
13352,starvation,Rabbit,13,85,5,144,6,
13360,hunt_start,Jaguar,485,244,8,124,1,target:Monkey:1411
13361,reproduce,Tapir,554,64,1,218,3,offspring:1
13362,age_death,Lizard,778,194,2,77,1,
13362,age_death,Lizard,780,228,6,109,0,
13362,age_death,Lizard,781,228,2,88,4,
13365,hunt_start,Wolf,434,75,7,157,6,target:Deer:632
13367,hunt_start,Jaguar,1447,34,9,61,3,target:Tapir:872
13367,spore_matured,Shroomer,-1,59,3,222,0,
13367,reproduce,Shroomer,-1,59,3,222,0,offspring:1
13367,spore_matured,Shroomer,-1,68,2,225,9,
13367,reproduce,Shroomer,-1,68,2,225,9,offspring:1
13375,kill,Tapir,872,33,6,63,8,killed_by:Jaguar:1447
13375,reproduce,Tapir,1378,60,2,37,4,offspring:1
13375,reproduce,Tapir,1379,40,0,32,9,offspring:1
13375,reproduce,Tapir,1380,56,1,56,8,offspring:1
13378,reproduce,Boar,1537,264,6,124,6,offspring:2
13380,reproduce,Lizard,99,93,2,268,3,offspring:2
13385,reproduce,Faeling,1,61,1,59,1,offspring:1
13389,hunt_start,Polar Bear,855,44,9,206,9,target:Shroomer:270
13391,kill,Frog,608,113,1,190,6,killed_by:Wolf:738
13392,hunt_start,Wolf,738,113,4,190,8,target:Lizard:983
13394,reproduce,Deer,864,64,3,165,2,offspring:1
13399,kill,Shroomer,567,92,0,195,2,killed_by:Bear:259
13412,kill,Rabbit,779,173,1,116,7,killed_by:Jaguar:486
13413,hunt_start,Jaguar,486,172,2,116,8,target:Deer:1107
13421,age_death,Lizard,785,184,5,175,3,
13421,age_death,Lizard,786,214,8,209,0,
13425,hunt_start,Boar,100,46,4,196,5,target:Shroomer:497
13425,kill,Boar,398,36,6,209,2,killed_by:Polar Bear:593
13428,hunt_start,Bear,1563,137,7,187,2,target:Turtle:182
13430,reproduce,Parrot,1519,256,1,133,5,offspring:1
13433,age_death,Lizard,242,242,4,190,0,
13437,spore_matured,Shroomer,-1,225,8,88,7,
13437,reproduce,Shroomer,-1,225,8,88,7,offspring:1
13439,reproduce,Monkey,223,119,4,288,0,offspring:1
13442,reproduce,Deer,632,67,0,155,7,offspring:1
13447,spore_matured,Shroomer,-1,239,0,72,0,
13447,reproduce,Shroomer,-1,239,0,72,0,offspring:1
13455,reproduce,Parrot,1513,1,7,3,7,offspring:1
13462,kill,Musk Ox,288,113,1,147,1,killed_by:Bear:735
13463,reproduce,Parrot,1554,258,9,134,4,offspring:1
13464,reproduce,Monkey,449,64,0,173,0,offspring:1
13465,kill,Musk Ox,1198,112,9,177,5,killed_by:Polar Bear:83
13465,reproduce,Musk Ox,294,91,5,159,3,offspring:1
13465,reproduce,Musk Ox,469,78,6,156,5,offspring:1
13467,hunt_start,Bear,690,170,1,159,7,target:Monkey:915
13468,starvation,Shroomer,570,229,6,87,4,
13468,spore_matured,Shroomer,-1,233,8,85,2,
13468,reproduce,Shroomer,-1,233,8,85,2,offspring:1
13471,reproduce,Deer,438,285,7,234,2,offspring:1
13478,age_death,Parrot,339,101,8,86,3,
13479,spore_created,Shroomer,-1,162,2,111,3,
13479,spore_created,Shroomer,-1,175,8,114,7,
13480,kill,Frog,1120,133,6,160,4,killed_by:Wolf:1154
13480,reproduce,Monkey,19,161,4,182,4,offspring:1
13481,hunt_start,Wolf,1154,133,3,160,6,target:Frog:1219
13483,kill,Deer,632,63,2,155,9,killed_by:Wolf:435
13484,hunt_fail,Wolf,434,64,6,155,9,target_died
13484,hunt_start,Wolf,434,64,6,155,9,target:Deer:786
13485,starvation,Hawk,1486,15,7,100,2,
13488,spore_created,Shroomer,-1,188,6,118,5,
13488,spore_created,Shroomer,-1,195,7,113,3,
13489,reproduce,Penguin,286,157,8,96,6,offspring:1
13492,hunt_start,Jaguar,487,242,7,90,7,target:Deer:1533
13503,reproduce,Polar Bear,1142,44,3,37,0,offspring:1
13503,reproduce,Lizard,1406,82,7,208,7,offspring:2
13504,starvation,Monkey,1421,186,1,256,4,
13504,hunt_start,Polar Bear,339,42,1,35,7,target:Tapir:828
13509,spore_created,Shroomer,-1,11,3,185,2,
13509,spore_created,Shroomer,-1,2,7,192,7,
13517,kill,Shroomer,270,48,9,204,2,killed_by:Polar Bear:855
13517,kill,Lizard,895,19,8,24,6,killed_by:Hawk:1600
13518,hunt_start,Hawk,1600,19,8,24,5,target:Penguin:899
13520,kill,Tapir,828,45,2,35,7,killed_by:Polar Bear:1142
13521,hunt_fail,Polar Bear,339,42,5,35,6,target_died
13521,hunt_start,Polar Bear,339,42,5,35,6,target:Tapir:781
13521,hunt_start,Polar Bear,1142,44,8,36,5,target:Tapir:675
13526,reproduce,Deer,1423,155,6,239,4,offspring:1
13527,starvation,Jaguar,78,23,7,283,8,
13530,reproduce,Rabbit,470,96,0,201,6,offspring:2
13537,reproduce,Penguin,393,128,1,30,7,offspring:1
13540,kill,Turtle,182,132,2,187,9,killed_by:Bear:1563
13543,reproduce,Elk,770,197,2,99,0,offspring:1
13548,kill,Deer,1533,247,1,89,3,killed_by:Jaguar:487
13549,hunt_start,Jaguar,487,246,5,89,5,target:Lizard:723
13551,age_death,Lizard,217,177,0,279,3,
13588,reproduce,Tapir,948,127,3,27,6,offspring:1
13591,hunt_start,Boar,1596,66,7,108,2,target:Lizard:927
13592,kill,Deer,1107,178,9,105,2,killed_by:Jaguar:486
13593,hunt_start,Jaguar,486,178,6,105,6,target:Shroomer:1088
13594,kill,Frog,1219,128,2,151,9,killed_by:Wolf:1154
13595,hunt_start,Wolf,1154,128,4,152,2,target:Deer:1590
13597,kill,Shroomer,1355,74,7,96,3,killed_by:Boar:1597
13606,reproduce,Deer,1132,268,8,85,9,offspring:1
13616,hunt_fail,Wolf,435,76,8,153,0,discomfort
13617,kill,Penguin,899,19,7,35,7,killed_by:Hawk:1600
13617,reproduce,Penguin,795,28,6,6,9,offspring:1
13618,hunt_start,Hawk,1600,19,4,35,2,target:Penguin:900
13619,hunt_start,Bear,743,197,5,248,4,target:Parrot:1034
13625,hunt_start,Boar,100,45,3,197,4,target:Shroomer:817
13634,environment_death,Shroomer,570,235,7,85,8,drowning
13635,hunt_fail,Wolf,434,77,3,152,9,discomfort
13637,reproduce,Deer,1129,124,6,155,7,offspring:1
13640,reproduce,Monkey,521,263,8,90,1,offspring:1
13651,age_death,Monkey,321,251,5,121,6,
13651,spore_matured,Shroomer,-1,175,8,114,7,
13651,reproduce,Shroomer,-1,175,8,114,7,offspring:1
13660,spore_matured,Shroomer,-1,188,6,118,5,
13660,reproduce,Shroomer,-1,188,6,118,5,offspring:1
13663,reproduce,Parrot,1415,119,8,101,5,offspring:1
13663,spore_created,Shroomer,-1,41,0,185,8,
13663,spore_created,Shroomer,-1,35,9,198,1,
13666,kill,Parrot,1513,0,0,5,0,killed_by:Polar Bear:611
13667,starvation,Shroomer,463,222,5,82,4,
13667,hunt_start,Polar Bear,611,0,1,3,7,target:Lizard:614
13668,spore_created,Shroomer,-1,42,3,203,4,
13668,spore_created,Shroomer,-1,34,6,213,4,
13669,hunt_start,Bear,462,81,6,204,6,target:Monkey:1036
13670,starvation,Monkey,1240,123,9,247,3,
13676,kill,Musk Ox,560,172,0,12,1,killed_by:Jaguar:1163
13677,reproduce,Jaguar,1163,171,6,11,5,offspring:1
13678,hunt_start,Jaguar,463,170,2,14,3,target:Monkey:1384
13678,hunt_start,Jaguar,1163,171,6,11,5,target:Monkey:466
13681,spore_matured,Shroomer,-1,11,2,185,2,
13681,reproduce,Shroomer,-1,11,2,185,2,offspring:1
13688,reproduce,Parrot,665,29,5,18,1,offspring:1
13688,reproduce,Parrot,1561,0,6,10,9,offspring:1
13689,reproduce,Jaguar,934,165,9,99,7,offspring:1
13690,hunt_start,Jaguar,321,168,8,102,6,target:Monkey:801
13690,kill,Tapir,781,35,9,32,6,killed_by:Polar Bear:339
13690,kill,Deer,1590,130,7,145,7,killed_by:Wolf:1154
13691,hunt_start,Polar Bear,339,36,6,32,9,target:Penguin:1195
13703,reproduce,Elk,569,160,0,203,9,offspring:1
13706,spore_created,Shroomer,-1,22,5,183,1,
13706,spore_created,Shroomer,-1,30,0,185,8,
13708,reproduce,Faeling,0,1,0,194,9,offspring:1
13719,reproduce,Penguin,134,143,8,23,0,offspring:1
13720,reproduce,Monkey,1268,256,7,85,4,offspring:1
13722,kill,Shroomer,1088,175,7,101,1,killed_by:Jaguar:486
13722,reproduce,Jaguar,486,176,1,101,9,offspring:1
13723,hunt_start,Jaguar,486,176,1,101,8,target:Shroomer:1150
13723,hunt_start,Jaguar,1088,172,9,102,3,target:Shroomer:1150
13724,kill,Penguin,900,25,2,24,6,killed_by:Hawk:1600
13724,reproduce,Penguin,31,16,6,18,9,offspring:1
13724,reproduce,Penguin,1420,23,6,35,3,offspring:1
13725,hunt_start,Hawk,1600,25,1,24,9,target:Penguin:1525
13730,reproduce,Turtle,954,139,8,28,1,offspring:1
13732,reproduce,Deer,460,267,4,224,0,offspring:1
13732,reproduce,Deer,1127,160,0,175,6,offspring:1
13736,kill,Lizard,614,-0,0,-0,1,killed_by:Polar Bear:611
13737,hunt_start,Polar Bear,611,0,0,0,5,target:Parrot:1561
13745,reproduce,Parrot,610,110,1,105,4,offspring:1
13747,hunt_start,Jaguar,1447,31,0,70,8,target:Parrot:1212
13753,reproduce,Penguin,1078,133,3,96,0,offspring:1
13755,reproduce,Rabbit,508,102,0,-0,0,offspring:2
13767,age_death,Lizard,389,175,9,209,9,
13767,age_death,Lizard,498,145,3,139,1,
13773,kill,Shroomer,1150,174,3,102,6,killed_by:Jaguar:1088
13774,hunt_fail,Jaguar,486,175,2,102,3,target_died
13774,hunt_start,Jaguar,486,175,2,102,3,target:Deer:187
13774,hunt_start,Jaguar,1088,173,4,102,7,target:Deer:187
13776,reproduce,Parrot,342,257,7,81,2,offspring:1
13788,spore_matured,Shroomer,-1,34,6,213,4,
13788,reproduce,Shroomer,-1,34,6,213,4,offspring:1
13789,hunt_start,Wolf,435,83,9,153,0,target:Deer:1574
13789,spore_matured,Shroomer,-1,35,7,199,4,
13789,reproduce,Shroomer,-1,35,7,199,4,offspring:1
13791,starvation,Wolf,437,282,6,127,0,
13796,reproduce,Deer,1123,266,7,89,9,offspring:1
13814,starvation,Shroomer,405,230,4,93,4,
13822,starvation,Parrot,1517,9,9,72,3,
13830,reproduce,Parrot,1485,19,1,94,0,offspring:1
13834,reproduce,Parrot,1227,259,3,141,2,offspring:1
13837,starvation,Parrot,882,10,4,153,6,
13837,hunt_start,Bear,259,87,3,191,9,target:Deer:951
13840,spore_matured,Shroomer,-1,42,5,203,6,
13840,reproduce,Shroomer,-1,42,5,203,6,offspring:1
13845,starvation,Parrot,366,7,9,71,1,
13845,hunt_start,Boar,100,43,2,198,3,target:Shroomer:817
13849,kill,Tapir,675,55,2,43,4,killed_by:Polar Bear:1142
13849,age_death,Lizard,128,239,7,83,6,
13849,age_death,Lizard,723,271,4,106,0,
13849,reproduce,Tapir,1210,55,8,53,1,offspring:1
13850,hunt_fail,Jaguar,487,266,6,102,6,target_died
13850,hunt_start,Jaguar,487,266,6,102,6,target:Monkey:1612
13850,hunt_fail,Hawk,1241,246,4,84,0,target_died
13850,hunt_start,Hawk,1241,246,4,84,0,target:Rabbit:1403
13851,reproduce,Lizard,583,285,1,53,9,offspring:2
13856,reproduce,Deer,1045,153,7,224,0,offspring:1
13856,reproduce,Deer,1275,160,5,185,9,offspring:1
13857,kill,Penguin,1525,9,2,27,7,killed_by:Hawk:1600
13858,starvation,Fish,576,224,2,202,4,
13858,reproduce,Polar Bear,1474,38,2,183,3,offspring:1
13859,hunt_start,Polar Bear,128,41,1,185,4,target:Shroomer:352
13859,hunt_start,Polar Bear,1474,38,2,183,3,target:Shroomer:352
13870,spore_created,Shroomer,-1,229,8,81,0,
13870,spore_created,Shroomer,-1,226,2,89,0,
13876,starvation,Jaguar,433,115,6,101,9,
13877,reproduce,Parrot,103,200,7,16,0,offspring:1
13878,reproduce,Deer,1357,254,7,235,0,offspring:1
13892,kill,Faeling,1629,16,5,193,3,killed_by:Shroomer:314
13899,reproduce,Lizard,491,30,0,8,6,offspring:2
13900,hunt_start,Bear,735,112,5,147,2,target:Rabbit:106
13901,reproduce,Parrot,621,96,1,160,2,offspring:1
13903,spore_created,Shroomer,-1,45,1,194,4,
13903,spore_created,Shroomer,-1,45,4,195,0,
13906,kill,Shroomer,352,40,5,183,0,killed_by:Polar Bear:128
13907,hunt_start,Polar Bear,128,40,9,183,7,target:Shroomer:945
13907,hunt_fail,Polar Bear,1474,39,8,182,9,target_died
13907,hunt_start,Polar Bear,1474,39,8,182,9,target:Shroomer:945
13915,reproduce,Monkey,719,24,7,249,2,offspring:1
13922,reproduce,Monkey,629,263,9,90,0,offspring:1
13927,reproduce,Monkey,1512,278,5,82,5,offspring:1
13939,reproduce,Elk,1060,233,1,159,9,offspring:1
13945,kill,Deer,1574,86,8,170,7,killed_by:Wolf:434
13945,reproduce,Elk,358,184,6,262,1,offspring:1
13945,reproduce,Wolf,434,86,5,170,2,offspring:1
13946,hunt_start,Wolf,434,86,6,170,4,target:Rabbit:445
13946,hunt_fail,Wolf,435,86,2,169,6,prey_escaped
13946,hunt_start,Wolf,1644,88,1,172,0,target:Rabbit:445
13953,hunt_start,Wolf,1154,129,0,151,9,target:Deer:1107
13954,reproduce,Parrot,634,264,3,77,5,offspring:1
13959,starvation,Monkey,269,261,1,218,8,
13962,reproduce,Polar Bear,855,47,5,202,3,offspring:1
13963,hunt_start,Polar Bear,269,49,1,203,2,target:Shroomer:1156
13963,hunt_start,Polar Bear,855,47,5,202,3,target:Boar:100
13964,kill,Deer,987,170,4,91,3,killed_by:Jaguar:934
13964,spore_created,Shroomer,-1,232,6,63,1,
13964,spore_created,Shroomer,-1,237,2,60,4,
13965,hunt_start,Jaguar,934,170,2,91,8,target:Deer:861
13968,hunt_start,Polar Bear,593,32,7,214,9,target:Shroomer:498
13971,spore_created,Shroomer,-1,5,7,194,7,
13971,spore_created,Shroomer,-1,6,2,200,6,
13976,kill,Deer,187,178,6,108,7,killed_by:Jaguar:486
13976,reproduce,Deer,1215,183,7,119,8,offspring:1
13976,reproduce,Deer,1348,179,7,101,7,offspring:1
13978,hunt_start,Bear,1563,126,1,185,7,target:Lizard:282
13978,reproduce,Boar,390,265,4,27,9,offspring:2
13978,reproduce,Boar,1264,265,5,29,9,offspring:2
13981,spore_created,Shroomer,-1,203,8,96,7,
13981,spore_created,Shroomer,-1,202,9,89,6,
13984,kill,Rabbit,1403,269,1,81,3,killed_by:Hawk:1241
13984,spore_created,Shroomer,-1,215,2,82,8,
13984,spore_created,Shroomer,-1,210,5,86,4,
13985,kill,Rabbit,470,69,8,188,5,killed_by:Wolf:627
13985,hunt_start,Hawk,1241,268,9,81,3,target:Lizard:484
13986,hunt_start,Wolf,627,69,8,188,9,target:Rabbit:828
13990,spore_matured,Shroomer,-1,226,0,89,0,
13990,reproduce,Shroomer,-1,226,0,89,0,offspring:1
13992,reproduce,Bear,690,176,3,173,5,offspring:1
13992,spore_matured,Shroomer,-1,229,9,81,3,
13992,reproduce,Shroomer,-1,229,9,81,3,offspring:1
13993,hunt_start,Bear,1525,175,6,173,2,target:Tapir:1079
13998,kill,Boar,100,47,4,201,1,killed_by:Polar Bear:855
13999,hunt_start,Polar Bear,855,46,7,201,5,target:Shroomer:817
13999,reproduce,Parrot,1409,256,0,144,5,offspring:1
14001,kill,Rabbit,106,107,8,150,5,killed_by:Bear:735
14001,reproduce,Camel,692,75,1,207,8,offspring:1
14003,reproduce,Elk,50,194,4,102,9,offspring:1
14006,hunt_start,Boar,787,11,7,210,3,target:Shroomer:318
14008,hunt_start,Polar Bear,83,119,6,175,6,target:Musk Ox:1138
14011,reproduce,Camel,531,89,2,192,4,offspring:1
14012,reproduce,Turtle,326,16,0,30,4,offspring:1
14017,hunt_start,Hawk,1600,16,0,23,8,target:Penguin:1605
14021,reproduce,Monkey,143,272,3,175,4,offspring:1
14033,kill,Shroomer,817,48,0,201,8,killed_by:Polar Bear:855
14035,reproduce,Parrot,1460,22,8,28,4,offspring:1
14046,kill,Shroomer,945,40,1,188,9,killed_by:Polar Bear:128
14047,hunt_fail,Polar Bear,1474,40,3,187,9,target_died
14047,hunt_start,Polar Bear,1474,40,3,187,9,target:Shroomer:701
14048,reproduce,Bear,259,77,1,194,8,offspring:1
14049,starvation,Wolf,726,213,0,286,7,
14049,hunt_start,Bear,945,76,7,196,8,target:Deer:951
14049,spore_matured,Shroomer,-1,45,1,193,8,
14049,reproduce,Shroomer,-1,45,1,193,8,offspring:1
14052,spore_created,Shroomer,-1,17,7,195,4,
14052,spore_created,Shroomer,-1,19,8,206,5,
14053,starvation,Parrot,338,27,3,42,6,
14054,reproduce,Parrot,261,31,7,23,2,offspring:1
14058,kill,Shroomer,498,35,8,212,5,killed_by:Polar Bear:593
14060,reproduce,Elk,264,123,3,136,2,offspring:1
14061,kill,Penguin,1195,19,1,36,5,killed_by:Polar Bear:339
14061,reproduce,Penguin,1524,17,5,15,3,offspring:1
14062,hunt_start,Polar Bear,339,20,1,36,3,target:Penguin:1420
14063,reproduce,Tapir,554,72,1,213,0,offspring:1
14066,starvation,Parrot,1108,0,5,33,4,
14066,reproduce,Parrot,1212,57,9,86,4,offspring:1
14067,reproduce,Monkey,863,280,7,181,2,offspring:1
14068,age_death,Fish,481,249,0,34,3,
14068,age_death,Fish,620,249,2,35,4,
14068,age_death,Fish,1010,250,1,34,6,
14068,age_death,Fish,1011,251,1,34,2,
14068,age_death,Fish,1012,254,1,34,5,
14068,age_death,Fish,1013,254,4,35,6,
14068,age_death,Fish,1014,258,5,45,9,
14068,age_death,Fish,1015,257,7,45,3,
14068,age_death,Fish,1016,258,5,38,7,
14068,age_death,Fish,1017,260,5,41,1,
14068,age_death,Fish,1018,256,1,42,0,
14068,age_death,Fish,1019,255,8,43,1,
14068,age_death,Fish,1020,251,9,31,6,
14068,age_death,Fish,1021,252,4,32,5,
14068,age_death,Fish,1022,249,7,37,7,
14068,age_death,Fish,1023,250,4,36,7,
14068,age_death,Fish,1024,248,7,33,4,
14068,age_death,Fish,1025,249,6,32,6,
14068,age_death,Fish,1026,249,9,33,6,
14068,age_death,Fish,1027,250,8,32,9,
14068,age_death,Fish,1028,261,8,41,9,
14068,age_death,Fish,1029,262,6,42,5,
14068,age_death,Fish,1030,257,4,46,6,
14068,age_death,Fish,1031,256,4,46,9,
14068,age_death,Fish,1032,258,7,44,7,
14068,age_death,Fish,1033,259,5,45,3,
14072,reproduce,Deer,67,269,1,231,5,offspring:1
14072,reproduce,Deer,438,275,4,241,7,offspring:1
14075,reproduce,Elk,968,156,5,193,8,offspring:1
14075,spore_matured,Shroomer,-1,45,4,195,4,
14075,reproduce,Shroomer,-1,45,4,195,4,offspring:1
14078,reproduce,Tapir,1379,38,4,24,9,offspring:1
14080,kill,Shroomer,1156,47,5,200,8,killed_by:Polar Bear:269
14081,hunt_start,Polar Bear,269,48,4,200,7,target:Shroomer:497
14084,spore_matured,Shroomer,-1,237,2,60,4,
14084,reproduce,Shroomer,-1,237,2,60,4,offspring:1
14086,environment_death,Shroomer,668,202,5,99,3,drowning
14091,spore_matured,Shroomer,-1,6,2,200,6,
14091,reproduce,Shroomer,-1,6,2,200,6,offspring:1
14095,reproduce,Lizard,328,218,5,58,5,offspring:2
14096,hunt_start,Polar Bear,478,99,2,187,8,target:Camel:1583
14101,starvation,Parrot,1270,0,4,33,3,
14101,spore_matured,Shroomer,-1,202,9,89,6,
14101,reproduce,Shroomer,-1,202,9,89,6,offspring:1
14104,spore_matured,Shroomer,-1,210,5,86,4,
14104,reproduce,Shroomer,-1,210,5,86,4,offspring:1
14104,spore_matured,Shroomer,-1,215,5,82,9,
14104,reproduce,Shroomer,-1,215,5,82,9,offspring:1
14105,reproduce,Monkey,1577,274,5,190,1,offspring:1
14116,hunt_fail,Jaguar,487,273,9,83,3,discomfort
14117,kill,Lizard,484,288,0,87,5,killed_by:Hawk:1241
14118,hunt_start,Hawk,1241,287,3,87,5,target:Lizard:1213
14119,age_death,Frog,706,35,6,205,0,
14119,age_death,Frog,838,26,7,177,7,
14119,age_death,Frog,841,12,1,200,6,
14119,age_death,Frog,844,29,7,212,6,
14119,age_death,Frog,846,36,2,181,4,
14119,age_death,Frog,847,23,8,184,6,
14121,reproduce,Frog,159,36,5,175,9,offspring:2
14123,starvation,Parrot,1039,55,5,216,5,
14123,reproduce,Jaguar,1447,54,1,84,7,offspring:1
14124,hunt_start,Jaguar,1023,52,9,86,6,target:Tapir:1381
14125,spore_created,Shroomer,-1,221,7,63,6,
14125,spore_created,Shroomer,-1,221,6,65,1,
14127,reproduce,Deer,1423,157,6,252,5,offspring:1
14136,kill,Musk Ox,1138,121,8,168,0,killed_by:Polar Bear:83
14139,environment_death,Monkey,335,171,5,221,9,drowning
14143,kill,Rabbit,445,107,9,153,8,killed_by:Wolf:435
14143,spore_matured,Shroomer,-1,6,4,194,5,
14143,reproduce,Shroomer,-1,6,4,194,5,offspring:1
14144,hunt_fail,Wolf,434,106,3,154,6,target_died
14144,hunt_start,Wolf,434,106,3,154,6,target:Rabbit:471
14144,kill,Penguin,1605,22,8,9,9,killed_by:Hawk:1600
14144,hunt_fail,Wolf,1644,103,4,157,0,target_died
14144,hunt_start,Wolf,1644,103,4,157,0,target:Deer:876
14145,reproduce,Penguin,1508,21,3,27,9,offspring:1
14148,kill,Deer,1107,114,7,162,0,killed_by:Wolf:1154
14148,reproduce,Deer,1052,72,6,159,5,offspring:1
14157,reproduce,Rabbit,92,63,9,6,3,offspring:2
14158,environment_death,Shroomer,723,229,4,81,0,drowning
14167,reproduce,Deer,290,16,0,86,0,offspring:1
14167,reproduce,Deer,1256,63,8,87,2,offspring:1
14170,reproduce,Wolf,1154,116,3,162,2,offspring:1
14171,hunt_start,Wolf,1154,116,3,162,2,target:Deer:1129
14171,hunt_start,Wolf,1640,114,0,161,5,target:Deer:766
14171,spore_created,Shroomer,-1,75,9,261,3,
14171,spore_created,Shroomer,-1,72,5,259,7,
14172,spore_matured,Shroomer,-1,17,7,195,4,
14172,reproduce,Shroomer,-1,17,7,195,4,offspring:1
14172,spore_matured,Shroomer,-1,19,9,206,3,
14172,reproduce,Shroomer,-1,19,9,206,3,offspring:1
14178,hunt_fail,Jaguar,485,222,4,166,6,discomfort
14188,starvation,Monkey,539,249,1,64,9,
14188,hunt_fail,Bear,989,255,9,65,6,target_died
14188,hunt_start,Bear,989,255,9,65,6,target:Boar:1267
14189,reproduce,Deer,921,19,0,90,4,offspring:1
14190,reproduce,Penguin,286,148,5,100,9,offspring:1
14191,starvation,Rabbit,1261,62,9,179,0,
14192,kill,Shroomer,701,38,8,191,8,killed_by:Polar Bear:1474
14193,hunt_start,Polar Bear,1474,38,3,191,0,target:Shroomer:160
14193,reproduce,Monkey,1411,218,5,173,1,offspring:1
14196,age_death,Lizard,859,278,9,240,3,
14201,reproduce,Turtle,157,145,3,177,2,offspring:1
14218,kill,Deer,951,67,4,194,4,killed_by:Bear:945
14219,hunt_fail,Bear,259,70,6,194,4,target_died
14220,kill,Shroomer,497,45,1,196,8,killed_by:Polar Bear:269
14235,spore_created,Shroomer,-1,225,5,92,0,
14235,spore_created,Shroomer,-1,217,2,77,9,
14244,reproduce,Monkey,521,263,6,87,4,offspring:1
14247,spore_created,Shroomer,-1,45,3,130,4,
14247,spore_created,Shroomer,-1,45,9,123,7,
14250,environment_death,Shroomer,1013,239,1,58,2,drowning
14254,reproduce,Parrot,958,259,1,78,7,offspring:1
14254,spore_created,Shroomer,-1,206,4,117,6,
14254,spore_created,Shroomer,-1,194,5,120,3,
14256,kill,Camel,1583,88,7,192,7,killed_by:Polar Bear:478
14256,age_death,Lizard,565,153,8,188,9,
14257,hunt_start,Polar Bear,478,89,4,192,3,target:Camel:1656
14258,environment_death,Shroomer,1401,231,3,80,2,drowning
14259,kill,Faeling,1623,61,9,143,3,killed_by:Shroomer:112
14272,reproduce,Parrot,1501,68,4,165,7,offspring:1
14277,hunt_start,Polar Bear,128,41,0,189,4,target:Shroomer:112
14279,hunt_start,Boar,651,23,4,216,7,target:Shroomer:657
14283,reproduce,Lizard,819,140,1,281,0,offspring:2
14283,reproduce,Lizard,865,147,7,283,5,offspring:2
14287,reproduce,Parrot,1601,266,0,76,5,offspring:1
14289,reproduce,Tapir,948,125,4,25,9,offspring:1
14292,reproduce,Bear,743,200,8,206,4,offspring:1
14293,hunt_start,Bear,1639,201,2,207,2,target:Elk:153
14293,reproduce,Boar,1537,256,6,143,7,offspring:2
14294,hunt_start,Boar,539,259,5,141,0,target:Parrot:1227
14294,hunt_start,Boar,1659,259,5,141,0,target:Parrot:1227
14296,starvation,Monkey,915,194,6,190,1,
14296,hunt_fail,Bear,690,184,2,185,4,target_died
14296,hunt_start,Bear,690,184,2,185,4,target:Tapir:555
14296,reproduce,Tapir,1058,120,5,30,7,offspring:1
14297,kill,Shroomer,160,38,1,195,8,killed_by:Polar Bear:1474
14297,spore_matured,Shroomer,-1,221,8,63,7,
14297,reproduce,Shroomer,-1,221,8,63,7,offspring:1
14297,spore_matured,Shroomer,-1,221,4,65,5,
14297,reproduce,Shroomer,-1,221,4,65,5,offspring:1
14298,starvation,Hawk,1532,12,6,11,0,
14298,kill,Tapir,1079,157,5,167,6,killed_by:Bear:1525
14299,hunt_start,Bear,1525,158,2,167,8,target:Deer:1127
14304,hunt_start,Hawk,1600,31,8,7,5,target:Frog:1457
14307,kill,Deer,876,89,6,152,0,killed_by:Wolf:1644
14308,hunt_start,Wolf,1644,90,1,152,2,target:Rabbit:612
14310,starvation,Monkey,201,122,6,120,1,
14310,reproduce,Monkey,513,70,2,150,7,offspring:1
14310,reproduce,Monkey,659,66,4,157,4,offspring:1
14310,reproduce,Deer,864,72,1,174,1,offspring:1
14311,hunt_start,Jaguar,486,181,4,108,1,target:Deer:1649
14311,reproduce,Wolf,435,126,0,153,7,offspring:1
14312,hunt_start,Wolf,1583,125,3,155,1,target:Rabbit:471
14313,environment_death,Shroomer,1410,230,3,80,4,drowning
14313,reproduce,Penguin,393,132,5,26,7,offspring:1
14315,kill,Deer,766,102,0,170,0,killed_by:Wolf:1640
14324,spore_created,Shroomer,-1,233,4,60,7,
14324,spore_created,Shroomer,-1,230,3,72,3,
14326,kill,Boar,1267,267,8,68,9,killed_by:Bear:989
14327,hunt_start,Bear,989,267,1,68,7,target:Boar:1262
14328,kill,Penguin,1420,11,8,22,5,killed_by:Polar Bear:339
14328,reproduce,Penguin,809,14,2,17,3,offspring:1
14329,hunt_start,Polar Bear,339,12,3,23,2,target:Penguin:1417
14331,kill,Tapir,555,185,5,183,6,killed_by:Bear:690
14331,kill,Deer,1129,131,2,161,7,killed_by:Wolf:1154
14332,hunt_start,Bear,690,185,1,184,3,target:Tapir:360
14333,hunt_start,Wolf,1640,102,0,169,6,target:Rabbit:828
14334,kill,Tapir,1381,54,7,72,0,killed_by:Jaguar:1023
14342,hunt_start,Jaguar,485,226,9,164,7,target:Monkey:1411
14342,hunt_start,Jaguar,487,275,9,86,0,target:Deer:898
14343,spore_matured,Shroomer,-1,75,9,261,3,
14343,reproduce,Shroomer,-1,75,9,261,3,offspring:1
14343,spore_matured,Shroomer,-1,72,5,259,7,
14343,reproduce,Shroomer,-1,72,5,259,7,offspring:1
14344,spore_created,Shroomer,-1,231,1,71,7,
14344,spore_created,Shroomer,-1,223,4,70,8,
14345,hunt_start,Boar,230,28,2,216,9,target:Shroomer:657
14350,reproduce,Parrot,1462,274,2,204,7,offspring:1
14357,reproduce,Elk,186,224,1,154,0,offspring:1
14358,kill,Deer,1649,177,5,107,2,killed_by:Jaguar:486
14360,reproduce,Musk Ox,759,160,0,162,1,offspring:1
14361,spore_matured,Shroomer,-1,225,4,91,8,
14361,reproduce,Shroomer,-1,225,4,91,8,offspring:1
14362,reproduce,Hawk,1600,39,4,3,6,offspring:1
14362,spore_matured,Shroomer,-1,217,1,77,9,
14362,reproduce,Shroomer,-1,217,1,77,9,offspring:1
14363,hunt_start,Hawk,201,37,5,3,1,target:Frog:1457
14363,reproduce,Rabbit,1453,33,0,28,3,offspring:2
14365,reproduce,Rabbit,416,63,7,260,6,offspring:2
14372,starvation,Monkey,1558,16,8,279,8,
14374,spore_matured,Shroomer,-1,206,4,117,6,
14374,reproduce,Shroomer,-1,206,4,117,6,offspring:1
14376,reproduce,Tapir,1271,154,0,224,0,offspring:1
14378,kill,Rabbit,471,134,3,152,4,killed_by:Wolf:435
14379,hunt_fail,Wolf,434,132,8,152,7,target_died
14379,hunt_start,Wolf,434,132,8,152,7,target:Monkey:688
14379,hunt_fail,Wolf,1583,130,7,153,4,target_died
14379,hunt_start,Wolf,1583,130,7,153,4,target:Monkey:688
14380,starvation,Monkey,188,33,5,264,5,
14380,reproduce,Tapir,1398,110,7,32,0,offspring:1
14381,reproduce,Parrot,1485,21,3,92,7,offspring:1
14391,kill,Shroomer,112,45,3,188,3,killed_by:Polar Bear:128
14391,reproduce,Faeling,0,1,0,194,9,offspring:1
14392,hunt_start,Polar Bear,1142,50,8,47,0,target:Tapir:1603
14398,starvation,Monkey,1232,25,6,268,9,
14400,hunt_start,Bear,735,104,4,149,7,target:Lizard:1238
14401,spore_created,Shroomer,-1,199,4,80,5,
14401,spore_created,Shroomer,-1,206,7,78,7,
14407,kill,Frog,1457,44,6,1,9,killed_by:Hawk:201
14407,reproduce,Frog,1363,56,6,15,4,offspring:2
14407,reproduce,Frog,1591,34,5,21,4,offspring:2
14407,reproduce,Frog,1592,39,2,21,2,offspring:2
14408,hunt_start,Hawk,201,44,0,2,1,target:Lizard:1629
14408,hunt_fail,Hawk,1600,44,4,2,0,target_died
14408,hunt_start,Hawk,1600,44,4,2,0,target:Lizard:1629
14416,spore_created,Shroomer,-1,215,1,93,7,
14416,spore_created,Shroomer,-1,207,9,99,6,
14418,reproduce,Deer,740,62,0,14,1,offspring:1
14420,spore_created,Shroomer,-1,91,3,70,6,
14420,spore_created,Shroomer,-1,95,4,76,9,
14426,spore_matured,Shroomer,-1,194,5,120,3,
14426,reproduce,Shroomer,-1,194,5,120,3,offspring:1
14427,environment_death,Shroomer,470,226,0,84,0,drowning
14429,kill,Camel,1656,86,4,182,7,killed_by:Polar Bear:478
14430,kill,Elk,153,210,9,205,8,killed_by:Bear:1639
14432,starvation,Jaguar,1103,140,9,3,5,
14438,hunt_start,Bear,259,73,9,194,2,target:Camel:1322
14443,reproduce,Rabbit,407,283,0,180,7,offspring:2
14444,spore_matured,Shroomer,-1,233,4,60,7,
14444,reproduce,Shroomer,-1,233,4,60,7,offspring:1
14444,spore_matured,Shroomer,-1,229,3,73,7,
14444,reproduce,Shroomer,-1,229,3,73,7,offspring:1
14455,reproduce,Lizard,1089,86,1,197,0,offspring:2
14459,reproduce,Lizard,282,144,9,163,5,offspring:2
14464,spore_matured,Shroomer,-1,231,8,71,4,
14464,reproduce,Shroomer,-1,231,8,71,4,offspring:1
14470,starvation,Monkey,538,191,5,92,2,
14472,kill,Boar,1262,276,0,63,5,killed_by:Bear:989
14473,hunt_start,Bear,989,275,4,63,8,target:Shroomer:384
14474,spore_created,Shroomer,-1,212,7,89,1,
14474,spore_created,Shroomer,-1,204,3,83,9,
14479,reproduce,Deer,1127,160,1,181,6,offspring:1
14484,starvation,Parrot,756,189,3,33,4,
14484,reproduce,Deer,1527,83,8,256,1,offspring:1
14487,starvation,Parrot,1353,0,0,52,3,
14487,hunt_start,Polar Bear,269,45,8,197,2,target:Shroomer:1011
14491,reproduce,Parrot,351,275,3,221,0,offspring:1
14499,spore_created,Shroomer,-1,227,5,62,9,
14499,spore_created,Shroomer,-1,225,6,74,5,
14502,kill,Shroomer,657,26,8,209,4,killed_by:Boar:651
14502,hunt_start,Boar,1354,12,1,217,5,target:Shroomer:101
14503,hunt_fail,Boar,230,26,8,209,9,target_died
14503,hunt_start,Boar,230,26,8,209,9,target:Shroomer:375
14504,reproduce,Elk,569,149,2,203,8,offspring:1
14508,reproduce,Monkey,345,5,6,255,0,offspring:1
14513,spore_created,Shroomer,-1,213,6,95,5,
14513,spore_created,Shroomer,-1,223,6,99,9,
14514,starvation,Monkey,843,22,2,288,0,
14514,kill,Lizard,1629,47,0,18,3,killed_by:Hawk:201
14515,hunt_start,Hawk,201,47,0,18,2,target:Frog:998
14515,hunt_fail,Hawk,1600,46,9,17,8,target_died
14515,hunt_start,Hawk,1600,46,9,17,8,target:Frog:998
14516,spore_matured,Shroomer,-1,222,9,69,7,
14516,reproduce,Shroomer,-1,222,9,69,7,offspring:1
14520,spore_created,Shroomer,-1,206,0,104,4,
14520,spore_created,Shroomer,-1,200,7,97,2,
14521,spore_matured,Shroomer,-1,199,3,80,6,
14521,reproduce,Shroomer,-1,199,3,80,6,offspring:1
14521,spore_matured,Shroomer,-1,206,1,78,4,
14521,reproduce,Shroomer,-1,206,1,78,4,offspring:1
14528,environment_death,Shroomer,1410,216,7,77,9,drowning
14529,starvation,Lizard,1404,88,7,138,7,
14529,hunt_fail,Bear,1317,98,0,141,8,target_died
14530,reproduce,Lizard,394,94,0,162,0,offspring:2
14536,spore_matured,Shroomer,-1,215,0,93,5,
14536,reproduce,Shroomer,-1,215,0,93,5,offspring:1
14536,spore_matured,Shroomer,-1,207,8,99,8,
14536,reproduce,Shroomer,-1,207,8,99,8,offspring:1
14540,environment_death,Shroomer,1129,208,5,118,1,drowning
14547,spore_created,Shroomer,-1,11,3,200,4,
14547,spore_created,Shroomer,-1,17,6,208,5,
14549,hunt_start,Bear,1317,98,2,141,9,target:Tapir:98
14554,environment_death,Shroomer,496,204,5,98,1,drowning
14563,kill,Shroomer,1011,45,0,194,5,killed_by:Polar Bear:269
14565,kill,Frog,998,45,2,19,8,killed_by:Hawk:1600
14566,hunt_fail,Hawk,201,45,0,19,6,target_died
14566,hunt_start,Hawk,201,45,0,19,6,target:Frog:112
14566,hunt_start,Hawk,1600,45,1,20,0,target:Frog:112
14576,hunt_start,Polar Bear,855,49,8,197,1,target:Shroomer:226
14576,spore_created,Shroomer,-1,25,8,184,4,
14576,spore_created,Shroomer,-1,25,7,197,4,
14577,hunt_fail,Jaguar,485,226,2,166,0,discomfort
14588,reproduce,Parrot,1460,28,2,10,1,offspring:1
14593,starvation,Deer,467,3,8,135,6,
14594,hunt_start,Wolf,1154,134,8,170,4,target:Deer:479
14594,spore_matured,Shroomer,-1,212,7,89,1,
14594,reproduce,Shroomer,-1,212,7,89,1,offspring:1
14594,spore_matured,Shroomer,-1,206,3,83,6,
14594,reproduce,Shroomer,-1,206,3,83,6,offspring:1
14601,hunt_start,Polar Bear,593,34,8,213,9,target:Shroomer:631
14605,reproduce,Parrot,261,25,6,24,9,offspring:1
14609,kill,Faeling,1649,25,0,193,8,killed_by:Shroomer:524
14621,hunt_fail,Polar Bear,963,182,5,23,9,prey_escaped
14621,hunt_start,Polar Bear,963,182,5,23,9,target:Musk Ox:296
14622,kill,Penguin,1417,18,5,7,2,killed_by:Polar Bear:339
14622,kill,Lizard,1213,288,0,88,2,killed_by:Hawk:1241
14622,reproduce,Penguin,31,23,3,12,4,offspring:1
14623,hunt_start,Hawk,1241,287,5,88,3,target:Monkey:1613
14626,reproduce,Lizard,583,276,7,57,9,offspring:2
14633,spore_matured,Shroomer,-1,223,7,100,0,
14633,reproduce,Shroomer,-1,223,7,100,0,offspring:1
14634,kill,Frog,112,38,2,24,4,killed_by:Hawk:1600
14634,age_death,Monkey,313,84,4,267,2,
14635,hunt_fail,Hawk,201,38,5,24,4,target_died
14635,hunt_start,Hawk,201,38,5,24,4,target:Frog:1232
14635,hunt_start,Hawk,1600,38,3,24,7,target:Frog:1232
14637,kill,Deer,898,273,6,95,8,killed_by:Jaguar:487
14637,reproduce,Jaguar,487,273,3,95,0,offspring:1
14638,hunt_start,Jaguar,487,273,4,95,2,target:Boar:648
14638,hunt_start,Jaguar,1213,275,0,94,6,target:Boar:1536
14638,reproduce,Deer,952,251,4,89,7,offspring:1
14638,reproduce,Deer,1004,254,4,82,4,offspring:1
14638,reproduce,Deer,1132,258,2,86,8,offspring:1
14640,spore_matured,Shroomer,-1,200,4,97,1,
14640,reproduce,Shroomer,-1,200,4,97,1,offspring:1
14640,spore_matured,Shroomer,-1,206,0,104,4,
14640,reproduce,Shroomer,-1,206,0,104,4,offspring:1
14646,age_death,Frog,737,124,0,102,8,
14647,kill,Shroomer,384,271,7,69,8,killed_by:Bear:989
14648,hunt_start,Bear,989,272,2,68,9,target:Boar:331
14648,reproduce,Parrot,1441,18,6,100,2,offspring:1
14655,kill,Deer,1127,162,8,190,1,killed_by:Bear:1525
14655,reproduce,Deer,453,164,0,132,1,offspring:1
14663,kill,Monkey,688,166,2,177,5,killed_by:Wolf:435
14664,hunt_fail,Wolf,434,164,7,176,4,target_died
14664,hunt_start,Wolf,434,164,7,176,4,target:Deer:1666
14664,hunt_fail,Wolf,1583,155,7,170,0,target_died
14664,hunt_start,Wolf,1583,155,7,170,0,target:Frog:1608
14667,reproduce,Lizard,180,24,9,96,4,offspring:2
14667,spore_matured,Shroomer,-1,11,3,200,4,
14667,reproduce,Shroomer,-1,11,3,200,4,offspring:1
14671,spore_matured,Shroomer,-1,225,9,74,8,
14671,reproduce,Shroomer,-1,225,9,74,8,offspring:1
14675,environment_death,Shroomer,364,214,5,78,2,drowning
14676,reproduce,Parrot,1097,24,2,111,0,offspring:1
14678,reproduce,Penguin,104,123,4,25,2,offspring:1
14679,hunt_start,Polar Bear,83,119,6,163,5,target:Musk Ox:961
14680,spore_created,Shroomer,-1,233,9,87,1,
14680,spore_created,Shroomer,-1,223,2,84,0,
14681,kill,Shroomer,226,47,3,195,3,killed_by:Polar Bear:855
14682,kill,Frog,1232,41,5,18,8,killed_by:Hawk:201
14683,hunt_start,Hawk,201,41,4,18,9,target:Frog:1592
14683,hunt_fail,Hawk,1600,41,2,19,3,target_died
14683,hunt_start,Hawk,1600,41,2,19,3,target:Frog:1592
14693,hunt_start,Jaguar,486,182,8,107,2,target:Monkey:1291
14695,hunt_fail,Bear,462,77,9,270,2,discomfort
14696,spore_matured,Shroomer,-1,25,3,197,4,
14696,reproduce,Shroomer,-1,25,3,197,4,offspring:1
14699,spore_created,Shroomer,-1,215,5,64,0,
14699,spore_created,Shroomer,-1,222,2,61,4,
14699,spore_created,Shroomer,-1,93,2,238,2,
14699,spore_created,Shroomer,-1,91,3,238,9,
14715,kill,Shroomer,375,19,8,205,9,killed_by:Boar:230
14716,reproduce,Penguin,286,150,2,101,5,offspring:1
14719,spore_matured,Shroomer,-1,17,5,208,4,
14719,reproduce,Shroomer,-1,17,5,208,4,offspring:1
14722,starvation,Parrot,739,49,1,178,6,
14724,reproduce,Musk Ox,1430,131,8,194,5,offspring:1
14730,hunt_start,Bear,1639,206,2,208,9,target:Elk:637
14732,reproduce,Monkey,1137,180,0,100,2,offspring:1
14732,reproduce,Monkey,1290,185,6,120,4,offspring:1
14734,kill,Shroomer,631,35,3,208,0,killed_by:Polar Bear:593
14736,reproduce,Lizard,491,19,7,21,8,offspring:2
14745,hunt_start,Jaguar,485,232,2,165,7,target:Rabbit:1236
14748,reproduce,Elk,358,185,0,262,6,offspring:1
14748,reproduce,Elk,1060,229,2,156,8,offspring:1
14753,environment_death,Tapir,372,18,3,167,5,drowning
14753,kill,Monkey,1613,272,2,69,9,killed_by:Hawk:1241
14754,hunt_start,Hawk,1241,272,3,70,1,target:Lizard:1649
14755,starvation,Parrot,409,183,0,167,4,
14755,kill,Boar,1536,279,4,86,6,killed_by:Jaguar:1213
14755,kill,Frog,1592,35,5,16,5,killed_by:Hawk:1600
14755,spore_created,Shroomer,-1,222,3,82,9,
14755,spore_created,Shroomer,-1,224,7,86,3,
14756,hunt_fail,Hawk,201,35,3,16,7,target_died
14756,hunt_start,Hawk,201,35,3,16,7,target:Frog:188
14756,hunt_start,Jaguar,1023,62,0,74,2,target:Frog:116
14756,hunt_start,Jaguar,1213,279,1,87,1,target:Lizard:422
14756,hunt_start,Hawk,1600,35,3,16,3,target:Frog:188
14757,starvation,Jaguar,1148,227,8,210,4,
14758,reproduce,Faeling,1,61,1,59,1,offspring:1
14762,kill,Deer,479,119,8,175,2,killed_by:Wolf:1154
14765,reproduce,Tapir,554,71,0,214,1,offspring:1
14766,reproduce,Penguin,134,146,4,19,9,offspring:1
14769,kill,Deer,1666,157,9,185,7,killed_by:Wolf:435
14769,hunt_fail,Polar Bear,1367,13,0,162,1,prey_escaped
14769,hunt_start,Polar Bear,1367,13,0,162,1,target:Deer:568
14770,hunt_fail,Wolf,434,158,8,184,7,target_died
14770,hunt_start,Wolf,434,158,8,184,7,target:Frog:852
14772,kill,Boar,648,267,3,104,4,killed_by:Jaguar:487
14776,age_death,Lizard,903,247,1,188,2,
14776,age_death,Lizard,904,215,1,186,8,
14777,hunt_fail,Bear,1204,242,1,194,5,target_died
14777,hunt_fail,Bear,1585,241,5,190,8,target_died
14777,hunt_start,Bear,1585,241,5,190,8,target:Parrot:1387
14780,hunt_start,Bear,1204,242,1,194,5,target:Rabbit:836
14780,reproduce,Elk,1347,229,9,159,9,offspring:1
14780,reproduce,Tapir,1379,36,3,24,4,offspring:1
14789,reproduce,Rabbit,1374,71,6,164,4,offspring:2
14790,kill,Frog,1608,154,6,180,9,killed_by:Wolf:1583
14791,hunt_start,Wolf,1583,154,4,180,7,target:Rabbit:1476
14794,reproduce,Tapir,284,49,7,32,0,offspring:1
14795,reproduce,Deer,921,23,5,95,2,offspring:1
14795,reproduce,Turtle,1272,132,1,32,0,offspring:1
14796,kill,Camel,1322,87,3,208,3,killed_by:Bear:259
14800,spore_matured,Shroomer,-1,233,9,87,1,
14800,reproduce,Shroomer,-1,233,9,87,1,offspring:1
14800,spore_matured,Shroomer,-1,221,9,85,7,
14800,reproduce,Shroomer,-1,221,9,85,7,offspring:1
14801,kill,Tapir,1603,42,6,66,4,killed_by:Polar Bear:1142
14803,reproduce,Tapir,1380,52,8,64,8,offspring:1
14806,environment_death,Shroomer,1024,206,0,105,5,drowning
14808,kill,Boar,331,261,9,69,0,killed_by:Bear:989
14808,reproduce,Bear,989,262,8,68,9,offspring:1
14809,hunt_start,Bear,989,262,8,68,9,target:Boar:700
14809,hunt_start,Bear,1603,264,5,71,3,target:Boar:700
14816,kill,Tapir,98,88,9,154,8,killed_by:Bear:1317
14817,starvation,Rabbit,1342,255,6,58,9,
14817,hunt_start,Bear,1317,89,3,154,2,target:Musk Ox:1198
14825,kill,Frog,188,33,6,26,4,killed_by:Hawk:201
14826,hunt_start,Hawk,201,33,6,26,3,target:Frog:471
14826,hunt_fail,Hawk,1600,33,7,25,9,target_died
14826,hunt_start,Hawk,1600,33,7,25,9,target:Frog:471
14830,reproduce,Parrot,1624,29,3,89,6,offspring:1
14833,reproduce,Musk Ox,294,89,8,159,5,offspring:1
14834,starvation,Shroomer,802,221,2,81,9,
14838,hunt_fail,Polar Bear,1335,160,0,27,1,prey_escaped
14838,hunt_start,Polar Bear,1335,160,0,27,1,target:Musk Ox:297
14840,hunt_start,Polar Bear,1474,40,2,186,8,target:Shroomer:202
14840,age_death,Lizard,99,79,7,279,5,
14840,age_death,Lizard,664,160,3,231,2,
14840,reproduce,Lizard,763,179,5,99,8,offspring:2
14850,reproduce,Wolf,434,152,4,189,2,offspring:1
14851,hunt_start,Wolf,188,149,8,189,5,target:Frog:852
14855,starvation,Shroomer,686,217,9,75,9,
14861,kill,Musk Ox,961,123,1,152,6,killed_by:Polar Bear:83
14866,reproduce,Elk,264,125,8,138,1,offspring:1
14867,reproduce,Lizard,632,287,8,63,7,offspring:2
14867,spore_matured,Shroomer,-1,90,9,239,0,
14867,reproduce,Shroomer,-1,90,9,239,0,offspring:1
14871,kill,Frog,852,151,1,192,8,killed_by:Wolf:435
14871,reproduce,Boar,1266,272,6,99,9,offspring:2
14871,spore_matured,Shroomer,-1,222,1,61,1,
14871,reproduce,Shroomer,-1,222,1,61,1,offspring:1
14871,spore_matured,Shroomer,-1,215,5,63,8,
14871,reproduce,Shroomer,-1,215,5,63,8,offspring:1
14871,spore_matured,Shroomer,-1,93,6,238,0,
14871,reproduce,Shroomer,-1,93,6,238,0,offspring:1
14872,hunt_fail,Wolf,188,150,7,191,2,prey_escaped
14872,hunt_start,Wolf,188,150,7,191,2,target:Rabbit:1476
14872,hunt_fail,Wolf,434,151,3,192,0,prey_escaped
14872,hunt_start,Wolf,434,151,3,192,0,target:Tapir:44
14872,hunt_start,Boar,961,271,5,101,5,target:Lizard:422
14872,hunt_start,Boar,1266,272,6,99,8,target:Lizard:422
14872,hunt_start,Boar,1675,271,5,101,5,target:Lizard:422
14873,kill,Frog,471,30,8,25,1,killed_by:Hawk:1600
14874,hunt_fail,Hawk,201,30,9,24,8,target_died
14874,hunt_start,Hawk,201,30,9,24,8,target:Frog:1591
14874,hunt_start,Hawk,1600,30,5,25,0,target:Frog:1591
14875,spore_matured,Shroomer,-1,222,2,82,9,
14875,reproduce,Shroomer,-1,222,2,82,9,offspring:1
14875,spore_matured,Shroomer,-1,224,7,86,3,
14875,reproduce,Shroomer,-1,224,7,86,3,offspring:1
14878,reproduce,Elk,968,151,9,211,8,offspring:1
14880,reproduce,Parrot,576,213,6,20,1,offspring:1
14882,kill,Musk Ox,296,170,7,20,9,killed_by:Polar Bear:963
14883,hunt_start,Polar Bear,963,171,5,21,1,target:Musk Ox:299
14886,reproduce,Polar Bear,963,171,5,21,2,offspring:1
14887,hunt_start,Polar Bear,296,171,9,20,3,target:Musk Ox:299
14894,reproduce,Parrot,49,139,6,192,0,offspring:1
14894,reproduce,Parrot,835,144,1,162,2,offspring:1
14894,reproduce,Parrot,1100,136,0,191,8,offspring:1
14907,hunt_start,Jaguar,1067,22,7,71,5,target:Deer:492
14911,environment_death,Elk,205,224,9,219,6,drowning
14913,kill,Deer,568,7,5,159,1,killed_by:Polar Bear:1367
14914,hunt_start,Polar Bear,1367,8,6,159,6,target:Tapir:369
14919,reproduce,Deer,1244,169,4,135,7,offspring:1
14921,kill,Musk Ox,1198,85,0,158,0,killed_by:Bear:1317
14921,reproduce,Bear,1317,85,6,157,4,offspring:1
14922,hunt_start,Bear,568,83,1,156,5,target:Parrot:1138
14922,hunt_start,Bear,1317,85,6,157,4,target:Musk Ox:331
14926,reproduce,Musk Ox,469,86,7,164,7,offspring:1
14934,hunt_start,Polar Bear,128,50,0,189,6,target:Shroomer:1556
14935,starvation,Jaguar,1339,92,2,20,4,
14937,starvation,Bear,1389,288,0,233,1,
14941,reproduce,Parrot,1409,267,9,165,1,offspring:1
14943,kill,Frog,1591,24,9,19,0,killed_by:Hawk:201
14944,hunt_start,Hawk,201,25,1,18,8,target:Penguin:1524
14944,kill,Shroomer,202,45,1,187,3,killed_by:Polar Bear:1474
14944,hunt_fail,Hawk,1600,24,9,19,2,target_died
14944,hunt_start,Hawk,1600,24,9,19,2,target:Penguin:1524
14951,kill,Elk,637,207,2,223,9,killed_by:Bear:1639
14953,starvation,Lizard,985,211,0,163,2,
14956,kill,Tapir,44,148,4,200,3,killed_by:Wolf:435
14957,hunt_fail,Wolf,434,148,4,199,2,target_died
14957,hunt_start,Wolf,434,148,4,199,2,target:Deer:1275
14957,hunt_fail,Jaguar,486,199,1,100,0,discomfort
14962,starvation,Rabbit,937,85,6,104,6,
14962,hunt_fail,Jaguar,73,90,5,104,7,target_died
14962,kill,Lizard,1649,288,0,54,8,killed_by:Hawk:1241
14963,hunt_start,Hawk,1241,287,3,54,9,target:Lizard:1129
14966,environment_death,Shroomer,1322,232,1,85,0,drowning
14969,reproduce,Frog,1621,122,5,202,6,offspring:2
14973,hunt_start,Polar Bear,478,80,5,183,1,target:Musk Ox:749
14976,reproduce,Parrot,480,31,9,275,7,offspring:1
14980,hunt_start,Boar,651,28,1,210,4,target:Shroomer:1047
14986,kill,Musk Ox,297,167,8,22,0,killed_by:Polar Bear:1335
14986,reproduce,Musk Ox,1082,201,1,4,4,offspring:1
14987,hunt_start,Polar Bear,1335,167,2,22,6,target:Monkey:988
14987,reproduce,Parrot,560,32,0,2,7,offspring:1
14990,kill,Lizard,519,283,1,285,3,killed_by:Jaguar:1048
14990,reproduce,Parrot,127,-0,0,183,2,offspring:1
14991,hunt_start,Jaguar,1048,283,6,285,6,target:Monkey:1547
14998,reproduce,Elk,1065,228,1,192,2,offspring:1
14999,kill,Musk Ox,299,166,8,27,2,killed_by:Polar Bear:963
14999,reproduce,Musk Ox,68,198,4,20,3,offspring:1
15000,hunt_fail,Polar Bear,296,168,8,24,6,target_died
15000,hunt_start,Polar Bear,296,168,8,24,6,target:Monkey:988
15002,reproduce,Camel,692,84,4,208,1,offspring:1
15014,age_death,Lizard,819,122,0,282,8,
15015,reproduce,Camel,531,94,1,193,7,offspring:1
15016,age_death,Parrot,346,275,7,274,7,
15018,kill,Penguin,1524,16,5,14,2,killed_by:Hawk:1600
15019,hunt_fail,Hawk,201,16,8,14,1,target_died
15019,hunt_start,Hawk,201,16,8,14,1,target:Penguin:1195
15019,hunt_start,Hawk,1600,16,5,14,5,target:Penguin:1195
15019,reproduce,Penguin,1125,23,7,33,3,offspring:1
15020,reproduce,Deer,740,54,8,7,5,offspring:1
15024,reproduce,Monkey,19,167,9,195,7,offspring:1
15025,hunt_start,Wolf,1154,111,8,186,9,target:Deer:896
15028,starvation,Penguin,1523,0,0,38,2,
15028,reproduce,Penguin,154,19,0,22,4,offspring:1
15028,reproduce,Penguin,795,31,0,9,8,offspring:1
15034,reproduce,Parrot,879,-0,0,187,0,offspring:1
15035,reproduce,Parrot,817,18,3,26,4,offspring:1
15036,starvation,Monkey,246,212,5,78,6,
15036,starvation,Lizard,1160,9,4,123,5,
15045,hunt_start,Boar,651,27,3,210,6,target:Shroomer:1047
15045,reproduce,Frog,1609,126,9,197,1,offspring:2
15047,hunt_start,Boar,230,18,0,208,3,target:Shroomer:1662
15047,kill,Musk Ox,331,90,5,161,8,killed_by:Bear:1317
15048,age_death,Rabbit,577,91,8,252,0,
15048,reproduce,Musk Ox,749,81,0,175,5,offspring:1
15051,starvation,Monkey,452,225,0,213,1,
15059,kill,Shroomer,1556,50,3,193,0,killed_by:Polar Bear:128
15062,reproduce,Musk Ox,618,160,0,176,3,offspring:1
15067,reproduce,Camel,494,120,6,82,0,offspring:1
15075,environment_death,Shroomer,584,230,4,85,8,drowning
15078,kill,Penguin,1195,11,9,10,9,killed_by:Hawk:201
15078,kill,Penguin,1195,11,9,10,9,killed_by:Hawk:1600
15079,hunt_start,Hawk,201,12,5,11,3,target:Penguin:809
15083,reproduce,Elk,1573,112,8,216,0,offspring:1
15086,reproduce,Deer,1527,93,4,257,8,offspring:1
15093,hunt_start,Bear,1525,163,6,185,9,target:Elk:781
15093,spore_created,Shroomer,-1,217,3,79,7,
15093,spore_created,Shroomer,-1,223,0,75,7,
15094,spore_created,Shroomer,-1,224,7,82,9,
15094,spore_created,Shroomer,-1,231,2,75,1,
15095,reproduce,Musk Ox,312,142,3,65,1,offspring:1
15095,reproduce,Musk Ox,599,126,0,66,0,offspring:1
15098,reproduce,Monkey,131,160,3,207,7,offspring:1
15098,reproduce,Monkey,955,164,7,219,8,offspring:1
15102,hunt_start,Boar,230,16,8,209,1,target:Shroomer:1662
15106,hunt_start,Polar Bear,269,43,7,190,1,target:Shroomer:726
15107,hunt_start,Boar,230,16,9,209,2,target:Shroomer:1662
15108,reproduce,Faeling,0,1,0,194,9,offspring:1
15117,reproduce,Monkey,345,4,6,263,4,offspring:1
15121,reproduce,Parrot,1211,144,0,138,6,offspring:1
15123,reproduce,Parrot,278,157,0,146,8,offspring:1
15123,reproduce,Monkey,1641,268,8,62,8,offspring:1
15130,spore_created,Shroomer,-1,270,7,86,1,
15130,spore_created,Shroomer,-1,266,7,84,8,
15131,reproduce,Monkey,1642,281,9,46,5,offspring:1
15132,hunt_start,Polar Bear,339,21,5,12,8,target:Penguin:1370
15139,starvation,Elk,15,57,6,196,3,
15150,reproduce,Lizard,1405,64,0,173,2,offspring:2
15156,kill,Shroomer,1662,15,5,210,2,killed_by:Boar:230
15156,reproduce,Parrot,1460,31,6,1,9,offspring:1
15157,reproduce,Parrot,261,20,6,30,5,offspring:1
15158,reproduce,Frog,1363,52,2,4,4,offspring:2
15159,reproduce,Penguin,1078,128,0,99,2,offspring:1
15159,spore_created,Shroomer,-1,49,9,195,2,
15159,spore_created,Shroomer,-1,45,1,207,7,
15161,reproduce,Rabbit,1343,256,1,78,8,offspring:2
15164,reproduce,Parrot,1485,31,4,94,2,offspring:1
15165,reproduce,Elk,183,234,2,150,7,offspring:1
15167,kill,Musk Ox,749,81,2,172,2,killed_by:Polar Bear:478
15167,age_death,Rabbit,5,97,6,255,5,
15168,hunt_fail,Jaguar,485,223,1,131,4,discomfort
15168,reproduce,Deer,896,126,4,188,0,offspring:1
15176,reproduce,Elk,762,195,2,95,6,offspring:1
15181,spore_created,Shroomer,-1,46,5,199,6,
15181,spore_created,Shroomer,-1,38,3,197,5,
15183,reproduce,Musk Ox,303,287,4,77,6,offspring:1
15184,hunt_start,Hawk,1600,17,0,14,7,target:Penguin:1370
15188,age_death,Lizard,905,111,9,96,4,
15188,age_death,Lizard,941,119,0,66,7,
15194,reproduce,Boar,1537,264,5,151,7,offspring:2
15195,hunt_start,Boar,1537,264,5,151,7,target:Lizard:999
15199,reproduce,Parrot,1441,22,2,95,5,offspring:1
15202,reproduce,Rabbit,1453,30,6,35,8,offspring:2
15209,kill,Rabbit,1476,114,8,204,8,killed_by:Wolf:1583
15210,hunt_fail,Wolf,188,117,0,203,8,target_died
15210,hunt_start,Wolf,188,117,0,203,8,target:Frog:1591
15210,hunt_start,Wolf,1583,115,2,204,6,target:Frog:1591
15211,kill,Shroomer,726,46,1,193,6,killed_by:Polar Bear:269
15212,starvation,Jaguar,1048,276,5,261,0,
15212,reproduce,Rabbit,1560,278,7,160,0,offspring:2
15213,kill,Deer,896,129,3,188,2,killed_by:Wolf:1154
15213,spore_matured,Shroomer,-1,217,3,79,9,
15213,reproduce,Shroomer,-1,217,3,79,9,offspring:1
15213,spore_matured,Shroomer,-1,223,3,75,6,
15213,reproduce,Shroomer,-1,223,3,75,6,offspring:1
15218,spore_matured,Shroomer,-1,230,7,75,3,
15218,reproduce,Shroomer,-1,230,7,75,3,offspring:1
15220,kill,Penguin,1370,16,8,9,7,killed_by:Polar Bear:339
15220,reproduce,Penguin,1584,28,7,5,2,offspring:1
15221,hunt_fail,Hawk,1600,17,0,10,0,target_died
15221,hunt_start,Hawk,1600,17,0,10,0,target:Lizard:1678
15221,spore_matured,Shroomer,-1,224,8,82,9,
15221,reproduce,Shroomer,-1,224,8,82,9,offspring:1
15224,hunt_start,Polar Bear,855,48,0,189,4,target:Shroomer:1703
15228,reproduce,Penguin,286,148,6,98,1,offspring:1
15234,hunt_start,Bear,259,91,3,211,6,target:Monkey:562
15240,starvation,Bear,901,40,9,156,9,
15240,hunt_start,Jaguar,487,251,3,104,2,target:Deer:1602
15243,reproduce,Monkey,474,156,6,131,9,offspring:1
15245,kill,Deer,1602,250,9,102,2,killed_by:Jaguar:487
15245,hunt_start,Boar,651,23,1,208,1,target:Shroomer:1648
15255,reproduce,Musk Ox,302,287,5,64,0,offspring:1
15255,reproduce,Penguin,1630,148,7,22,8,offspring:1
15256,age_death,Rabbit,416,56,1,256,8,
15266,reproduce,Musk Ox,759,177,8,157,1,offspring:1
15267,starvation,Lizard,1104,197,4,118,4,
15269,reproduce,Deer,1239,148,6,256,1,offspring:1
15275,reproduce,Deer,1052,70,8,174,9,offspring:1
15277,hunt_start,Polar Bear,593,28,4,208,7,target:Shroomer:1518
15279,spore_matured,Shroomer,-1,45,1,207,5,
15279,reproduce,Shroomer,-1,45,1,207,5,offspring:1
15280,starvation,Shroomer,803,218,7,79,4,
15281,kill,Elk,781,163,5,197,6,killed_by:Bear:1525
15282,starvation,Penguin,1319,5,1,7,0,
15283,reproduce,Penguin,31,22,3,19,7,offspring:1
15284,starvation,Polar Bear,956,231,7,141,6,
15285,spore_matured,Shroomer,-1,49,7,195,0,
15285,reproduce,Shroomer,-1,49,7,195,0,offspring:1
15286,hunt_fail,Polar Bear,855,49,0,192,7,target_died
15286,hunt_start,Polar Bear,855,49,0,192,7,target:Shroomer:781
15300,hunt_start,Bear,945,73,6,189,4,target:Rabbit:1308
15301,kill,Faeling,1692,21,2,193,2,killed_by:Shroomer:1240
15301,spore_matured,Shroomer,-1,46,4,199,7,
15301,reproduce,Shroomer,-1,46,4,199,7,offspring:1
15302,starvation,Shroomer,1425,225,6,98,6,
15306,reproduce,Elk,569,156,9,199,7,offspring:1
15306,reproduce,Polar Bear,1142,46,8,63,5,offspring:1
15307,hunt_start,Polar Bear,1142,46,8,63,4,target:Lizard:551
15307,hunt_start,Polar Bear,1703,45,3,63,8,target:Lizard:551
15314,spore_created,Shroomer,-1,191,4,106,6,
15314,spore_created,Shroomer,-1,183,8,109,9,
15321,reproduce,Wolf,1154,127,4,191,9,offspring:1
15321,reproduce,Deer,1611,72,5,157,3,offspring:1
15322,hunt_start,Wolf,1154,127,4,191,9,target:Deer:749
15322,hunt_start,Wolf,1425,128,0,193,7,target:Frog:246
15325,reproduce,Monkey,660,161,4,171,2,offspring:1
15338,kill,Frog,116,76,9,69,1,killed_by:Jaguar:1023
15339,hunt_start,Jaguar,1023,76,6,69,7,target:Shroomer:421
15341,kill,Deer,1275,150,9,220,5,killed_by:Wolf:435
15342,hunt_fail,Wolf,434,150,5,220,4,target_died
15342,hunt_start,Wolf,434,150,5,220,4,target:Deer:1045
15348,spore_matured,Shroomer,-1,36,4,196,4,
15348,reproduce,Shroomer,-1,36,4,196,4,offspring:1
15351,reproduce,Penguin,104,128,1,22,2,offspring:1
15353,starvation,Monkey,1396,85,4,144,7,
15354,spore_created,Shroomer,-1,215,1,92,3,
15354,spore_created,Shroomer,-1,215,0,90,1,
15355,kill,Frog,1591,116,7,188,8,killed_by:Wolf:188
15356,hunt_start,Wolf,188,116,7,189,1,target:Frog:1609
15356,hunt_fail,Wolf,1583,116,4,190,5,target_died
15356,hunt_start,Wolf,1583,116,4,190,5,target:Frog:1609
15357,hunt_start,Boar,941,266,4,148,3,target:Lizard:673
15359,kill,Tapir,369,21,1,151,2,killed_by:Polar Bear:1367
15359,reproduce,Turtle,1464,139,1,23,8,offspring:1
15360,hunt_start,Polar Bear,1367,20,4,151,7,target:Parrot:820
15366,reproduce,Hawk,1600,21,8,31,5,offspring:1
15367,hunt_start,Hawk,369,24,3,29,3,target:Penguin:1125
15368,starvation,Jaguar,1507,0,1,46,3,
15375,kill,Shroomer,781,50,3,196,1,killed_by:Polar Bear:855
15379,starvation,Shroomer,94,219,6,113,4,
15380,kill,Deer,492,34,0,71,5,killed_by:Jaguar:1067
15381,hunt_start,Jaguar,1067,33,2,71,5,target:Deer:977
15381,reproduce,Frog,1022,42,8,184,8,offspring:2
15381,reproduce,Deer,1224,119,1,97,0,offspring:1
15383,reproduce,Tapir,1271,148,5,224,0,offspring:1
15389,hunt_start,Bear,1639,205,4,225,6,target:Elk:1056
15390,starvation,Parrot,222,42,8,176,4,
15393,starvation,Parrot,167,41,5,145,1,
15395,hunt_fail,Jaguar,3,180,9,82,2,prey_escaped
15396,reproduce,Deer,921,30,7,87,9,offspring:1
15401,kill,Shroomer,1518,34,0,208,6,killed_by:Polar Bear:593
15404,hunt_start,Polar Bear,83,128,2,159,6,target:Musk Ox:671
15410,age_death,Lizard,965,243,8,112,3,
15415,kill,Monkey,466,169,9,0,0,killed_by:Jaguar:1163
15416,hunt_start,Jaguar,1163,170,3,-0,0,target:Monkey:988
15418,kill,Shroomer,1648,17,9,208,6,killed_by:Boar:651
15427,kill,Monkey,988,169,7,0,0,killed_by:Polar Bear:296
15428,hunt_start,Polar Bear,296,169,4,1,4,target:Rabbit:508
15428,hunt_fail,Jaguar,1163,170,2,0,0,target_died
15428,hunt_start,Jaguar,1163,170,2,0,0,target:Rabbit:508
15428,hunt_fail,Polar Bear,1335,168,9,0,0,target_died
15428,hunt_start,Polar Bear,1335,168,9,0,0,target:Rabbit:508
15432,starvation,Monkey,1336,61,6,141,4,
15438,spore_created,Shroomer,-1,192,2,121,9,
15438,spore_created,Shroomer,-1,177,8,119,9,
15440,kill,Rabbit,508,169,8,0,0,killed_by:Jaguar:1163
15441,hunt_fail,Polar Bear,296,169,5,1,0,target_died
15441,hunt_start,Polar Bear,296,169,5,1,0,target:Rabbit:525
15441,hunt_start,Jaguar,1163,170,3,0,0,target:Rabbit:525
15441,hunt_fail,Polar Bear,1335,169,1,0,0,target_died
15441,hunt_start,Polar Bear,1335,169,1,0,0,target:Rabbit:525
15446,kill,Frog,1609,122,6,182,4,killed_by:Wolf:188
15446,spore_created,Shroomer,-1,203,7,82,0,
15446,spore_created,Shroomer,-1,205,8,76,3,
15447,hunt_start,Wolf,188,122,5,182,7,target:Frog:1160
15447,hunt_fail,Wolf,1583,122,0,183,4,target_died
15447,hunt_start,Wolf,1583,122,0,183,4,target:Frog:1160
15459,kill,Penguin,1125,32,5,35,9,killed_by:Hawk:369
15460,hunt_start,Hawk,369,32,3,35,7,target:Lizard:631
15463,reproduce,Penguin,1508,27,2,38,7,offspring:1
15467,kill,Frog,246,125,6,208,2,killed_by:Wolf:1425
15468,hunt_start,Wolf,1425,125,7,207,8,target:Frog:1621
15472,starvation,Deer,1494,9,5,123,6,
15472,hunt_start,Bear,462,86,4,269,1,target:Shroomer:915
15474,spore_matured,Shroomer,-1,215,0,89,9,
15474,reproduce,Shroomer,-1,215,0,89,9,offspring:1
15474,spore_matured,Shroomer,-1,215,1,92,6,
15474,reproduce,Shroomer,-1,215,1,92,6,offspring:1
15479,reproduce,Boar,650,16,4,224,0,offspring:2
15480,hunt_start,Boar,508,15,6,224,7,target:Shroomer:1362
15480,hunt_start,Boar,650,16,4,224,0,target:Shroomer:1362
15480,hunt_start,Boar,1609,15,6,224,7,target:Shroomer:1362
15484,hunt_start,Jaguar,485,230,8,134,3,target:Monkey:684
15485,hunt_start,Bear,1317,90,5,157,2,target:Deer:1029
15486,spore_matured,Shroomer,-1,191,8,106,0,
15486,reproduce,Shroomer,-1,191,8,106,0,offspring:1
15486,spore_matured,Shroomer,-1,183,8,109,9,
15486,reproduce,Shroomer,-1,183,8,109,9,offspring:1
15487,hunt_start,Polar Bear,1474,48,8,187,8,target:Frog:1021
15493,spore_created,Shroomer,-1,220,3,62,7,
15493,spore_created,Shroomer,-1,214,6,68,9,
15498,starvation,Polar Bear,274,69,1,219,6,
15503,spore_created,Shroomer,-1,26,5,203,0,
15503,spore_created,Shroomer,-1,15,6,210,0,
15508,reproduce,Tapir,1380,59,0,64,9,offspring:1
15509,kill,Deer,749,131,9,174,7,killed_by:Wolf:1154
15510,starvation,Rabbit,1005,288,0,106,0,
15510,hunt_fail,Boar,649,286,5,105,4,target_died
15510,hunt_start,Boar,649,286,5,105,4,target:Lizard:473
15510,hunt_fail,Wolf,1202,286,8,106,1,target_died
15510,hunt_start,Wolf,1202,286,8,106,1,target:Lizard:473
15510,hunt_fail,Wolf,1588,287,1,105,5,target_died
15510,hunt_start,Wolf,1588,287,1,105,5,target:Lizard:473
15517,reproduce,Tapir,360,194,2,147,9,offspring:1
15520,reproduce,Monkey,951,63,9,159,7,offspring:1
15523,kill,Musk Ox,671,134,1,163,5,killed_by:Polar Bear:83
15540,kill,Faeling,409,61,4,136,8,killed_by:Shroomer:417
15541,reproduce,Parrot,127,-0,1,223,6,offspring:1
15542,hunt_start,Polar Bear,963,161,7,21,3,target:Musk Ox:295
15544,kill,Deer,977,45,8,78,7,killed_by:Jaguar:1067
15545,hunt_start,Jaguar,1067,45,6,78,2,target:Shroomer:734
15547,kill,Tapir,1380,59,0,64,4,killed_by:Jaguar:1360
15548,hunt_start,Jaguar,1360,59,1,63,6,target:Tapir:1709
15549,reproduce,Bear,259,104,9,205,9,offspring:1
15550,hunt_start,Bear,671,107,9,203,8,target:Lizard:1238
15550,reproduce,Elk,358,179,8,260,6,offspring:1
15556,starvation,Wolf,283,286,6,112,8,
15558,starvation,Rabbit,612,40,3,143,3,
15558,kill,Shroomer,915,86,1,264,2,killed_by:Bear:462
15558,hunt_fail,Wolf,1644,47,6,146,8,target_died
15558,spore_created,Shroomer,-1,21,7,200,8,
15558,spore_created,Shroomer,-1,21,5,199,3,
15558,spore_matured,Shroomer,-1,177,8,119,9,
15558,reproduce,Shroomer,-1,177,8,119,9,offspring:1
15559,hunt_start,Bear,462,86,2,264,9,target:Elk:210
15563,age_death,Rabbit,613,155,9,257,3,
15566,spore_matured,Shroomer,-1,205,8,76,3,
15566,reproduce,Shroomer,-1,205,8,76,3,offspring:1
15566,spore_matured,Shroomer,-1,203,6,81,9,
15566,reproduce,Shroomer,-1,203,6,81,9,offspring:1
15576,kill,Shroomer,1362,13,1,220,7,killed_by:Boar:1609
15577,hunt_fail,Boar,508,13,6,221,8,target_died
15577,hunt_start,Boar,508,13,6,221,8,target:Shroomer:101
15577,hunt_fail,Boar,650,13,7,221,0,target_died
15577,hunt_start,Boar,650,13,7,221,0,target:Shroomer:101
15577,hunt_start,Boar,1609,13,2,221,3,target:Shroomer:101
15577,reproduce,Deer,608,105,0,173,2,offspring:1
15583,kill,Frog,1160,107,1,181,5,killed_by:Wolf:1583
15584,hunt_fail,Wolf,188,108,6,181,7,target_died
15584,hunt_start,Wolf,188,108,6,181,7,target:Deer:1518
15584,hunt_start,Wolf,1583,107,4,181,1,target:Deer:1518
15592,reproduce,Parrot,1206,224,0,193,1,offspring:1
15595,starvation,Rabbit,547,263,2,199,0,
15598,reproduce,Deer,1521,270,3,256,0,offspring:1
15602,hunt_start,Polar Bear,128,52,3,193,1,target:Shroomer:107
15608,reproduce,Deer,1533,269,4,61,7,offspring:1
15610,spore_matured,Shroomer,-1,192,2,121,9,
15610,reproduce,Shroomer,-1,192,2,121,9,offspring:1
15612,starvation,Rabbit,1402,258,8,50,3,
15612,hunt_fail,Wolf,757,266,6,52,0,target_died
15612,hunt_start,Wolf,757,266,6,52,0,target:Deer:1533
15613,reproduce,Rabbit,1345,256,6,81,4,offspring:2
15613,spore_matured,Shroomer,-1,214,6,68,9,
15613,reproduce,Shroomer,-1,214,6,68,9,offspring:1
15622,reproduce,Deer,740,56,7,8,0,offspring:1
15623,spore_matured,Shroomer,-1,26,7,202,8,
15623,reproduce,Shroomer,-1,26,7,202,8,offspring:1
15625,starvation,Monkey,1203,82,4,142,5,
15631,kill,Elk,1056,196,1,239,0,killed_by:Bear:1639
15643,reproduce,Elk,186,224,0,154,0,offspring:1
15650,kill,Tapir,1709,58,6,72,6,killed_by:Jaguar:1360
15651,hunt_start,Jaguar,1360,58,8,72,1,target:Tapir:1673
15659,reproduce,Turtle,1251,110,9,101,8,offspring:1
15665,spore_matured,Shroomer,-1,220,2,62,6,
15665,reproduce,Shroomer,-1,220,2,62,6,offspring:1
15668,reproduce,Elk,264,125,7,138,3,offspring:1
15668,reproduce,Parrot,817,21,5,28,3,offspring:1
15668,spore_matured,Shroomer,-1,15,9,210,3,
15668,reproduce,Shroomer,-1,15,9,210,3,offspring:1
15676,kill,Shroomer,101,9,5,217,9,killed_by:Boar:650
15677,hunt_fail,Boar,508,10,4,218,4,target_died
15677,hunt_fail,Boar,1609,9,8,218,4,target_died
15678,reproduce,Camel,1196,85,2,279,4,offspring:1
15678,spore_matured,Shroomer,-1,21,8,200,9,
15678,reproduce,Shroomer,-1,21,8,200,9,offspring:1
15682,reproduce,Elk,968,146,4,210,6,offspring:1
15694,reproduce,Lizard,980,166,0,191,9,offspring:2
15707,spore_matured,Shroomer,-1,21,3,198,9,
15707,reproduce,Shroomer,-1,21,3,198,9,offspring:1
15710,reproduce,Monkey,1669,7,0,254,8,offspring:1
15711,hunt_start,Polar Bear,478,71,2,170,3,target:Musk Ox:1198
15712,hunt_fail,Wolf,434,141,7,214,1,discomfort
15712,reproduce,Monkey,513,63,8,155,2,offspring:1
15713,hunt_start,Jaguar,487,254,1,105,6,target:Deer:1671
15718,reproduce,Monkey,345,3,2,260,5,offspring:1
15719,hunt_fail,Wolf,435,142,3,214,5,discomfort
15719,hunt_start,Bear,1525,156,4,192,7,target:Deer:234
15728,kill,Deer,1518,107,4,165,0,killed_by:Wolf:1583
15729,hunt_fail,Wolf,188,107,3,166,8,target_died
15729,hunt_start,Wolf,188,107,3,166,8,target:Deer:608
15729,hunt_start,Wolf,1583,107,4,165,5,target:Lizard:282
15732,starvation,Shroomer,661,232,3,78,9,
15737,starvation,Jaguar,1520,196,0,282,3,
15737,reproduce,Musk Ox,294,93,8,158,4,offspring:1
15738,reproduce,Penguin,286,148,5,98,2,offspring:1
15740,spore_created,Shroomer,-1,198,2,97,3,
15740,spore_created,Shroomer,-1,205,2,93,5,
15741,reproduce,Monkey,1642,285,5,51,9,offspring:1
15742,kill,Shroomer,734,36,9,84,1,killed_by:Jaguar:1067
15743,reproduce,Jaguar,1067,37,7,83,6,offspring:1
15744,hunt_start,Jaguar,734,39,5,81,8,target:Deer:1361
15744,hunt_start,Jaguar,1067,37,7,83,5,target:Deer:222
15749,kill,Frog,1021,56,2,176,8,killed_by:Polar Bear:1474
15750,hunt_start,Polar Bear,1474,55,4,177,9,target:Elk:97
15752,reproduce,Lizard,1269,219,4,29,6,offspring:2
15753,spore_created,Shroomer,-1,202,6,74,7,
15753,spore_created,Shroomer,-1,210,9,80,5,
15754,hunt_start,Polar Bear,269,43,9,187,6,target:Frog:1507
15757,starvation,Tapir,1254,112,3,113,3,
15757,reproduce,Elk,1607,126,8,135,8,offspring:1
15758,starvation,Rabbit,1083,110,9,145,1,
15758,hunt_fail,Jaguar,485,211,4,135,0,discomfort
15763,hunt_start,Polar Bear,339,17,3,19,1,target:Penguin:154
15763,kill,Elk,210,99,3,269,2,killed_by:Bear:462
15763,hunt_start,Wolf,1644,50,3,148,3,target:Parrot:1242
15764,hunt_start,Bear,462,98,6,269,1,target:Elk:212
15767,reproduce,Penguin,1078,129,9,97,4,offspring:1
15770,hunt_start,Boar,651,17,6,208,8,target:Shroomer:1692
15771,kill,Musk Ox,295,150,3,21,2,killed_by:Polar Bear:963
15772,hunt_start,Wolf,1154,137,7,178,8,target:Lizard:1401
15773,spore_created,Shroomer,-1,110,0,262,5,
15773,spore_created,Shroomer,-1,112,9,259,8,
15780,hunt_start,Boar,651,17,4,209,1,target:Shroomer:1692
15780,spore_created,Shroomer,-1,199,2,91,4,
15780,spore_created,Shroomer,-1,202,0,100,9,
15782,kill,Deer,1533,270,0,69,9,killed_by:Wolf:757
15783,hunt_start,Wolf,757,269,9,69,4,target:Deer:965
15786,age_death,Rabbit,121,229,3,189,9,
15786,age_death,Lizard,980,163,8,190,3,
15786,age_death,Lizard,981,148,2,266,4,
15786,age_death,Lizard,982,147,4,228,0,
15786,age_death,Lizard,983,222,6,222,8,
15786,age_death,Lizard,984,181,4,191,4,
15786,reproduce,Monkey,497,64,0,158,7,offspring:1
15787,hunt_fail,Wolf,738,215,6,224,1,target_died
15795,hunt_start,Boar,651,16,9,209,6,target:Shroomer:1692
15799,starvation,Deer,1199,263,5,179,4,
15800,reproduce,Faeling,0,1,0,194,9,offspring:1
15801,reproduce,Tapir,1398,128,1,27,6,offspring:1
15805,starvation,Parrot,1190,215,8,79,3,
15808,kill,Shroomer,107,49,4,194,8,killed_by:Polar Bear:128
15814,starvation,Rabbit,836,228,7,236,3,
15814,hunt_fail,Bear,1204,230,9,224,2,target_died
15814,hunt_fail,Jaguar,1447,94,9,99,5,prey_escaped
15815,starvation,Monkey,352,35,6,253,5,
15816,reproduce,Boar,166,276,6,128,1,offspring:2
15823,hunt_start,Wolf,435,146,9,214,0,target:Deer:520
15824,starvation,Jaguar,691,9,0,95,9,
15828,kill,Tapir,1673,47,9,63,9,killed_by:Jaguar:1360
15828,reproduce,Jaguar,1360,48,4,64,3,offspring:1
15829,hunt_start,Jaguar,983,49,7,66,6,target:Tapir:1517
15829,hunt_start,Jaguar,1360,48,4,64,3,target:Tapir:1210
15831,reproduce,Deer,1633,169,5,167,7,offspring:1
15833,starvation,Hawk,1241,265,8,52,3,
15835,reproduce,Rabbit,971,124,6,171,9,offspring:2
15839,spore_created,Shroomer,-1,240,6,142,4,
15839,spore_created,Shroomer,-1,238,7,144,6,
15841,reproduce,Deer,84,1,4,94,1,offspring:1
15842,kill,Deer,1671,245,5,98,5,killed_by:Jaguar:487
15858,reproduce,Rabbit,1308,63,5,152,8,offspring:2
15860,spore_matured,Shroomer,-1,198,2,97,0,
15860,reproduce,Shroomer,-1,198,2,97,0,offspring:1
15860,spore_matured,Shroomer,-1,205,3,93,6,
15860,reproduce,Shroomer,-1,205,3,93,6,offspring:1
15869,starvation,Jaguar,3,184,3,85,2,
15873,reproduce,Deer,1239,158,6,267,5,offspring:1
15873,spore_matured,Shroomer,-1,202,6,74,7,
15873,reproduce,Shroomer,-1,202,6,74,7,offspring:1
15873,spore_matured,Shroomer,-1,211,0,80,8,
15873,reproduce,Shroomer,-1,211,0,80,8,offspring:1
15874,spore_created,Shroomer,-1,227,2,75,8,
15874,spore_created,Shroomer,-1,242,2,72,3,
15875,hunt_start,Boar,651,16,7,211,0,target:Shroomer:1692
15875,spore_created,Shroomer,-1,228,8,85,2,
15875,spore_created,Shroomer,-1,228,2,77,5,
15877,environment_death,Shroomer,66,207,9,99,2,drowning
15878,kill,Deer,608,95,3,176,6,killed_by:Wolf:188
15879,starvation,Rabbit,1248,219,6,91,0,
15879,hunt_start,Wolf,188,95,6,176,3,target:Lizard:1664
15879,reproduce,Deer,864,66,1,171,5,offspring:1
15883,spore_created,Shroomer,-1,55,0,191,2,
15883,spore_created,Shroomer,-1,50,4,195,0,
15888,hunt_start,Wolf,738,213,5,217,9,target:Rabbit:907
15889,kill,Musk Ox,1198,81,6,172,7,killed_by:Polar Bear:478
15889,age_death,Penguin,286,151,4,97,1,
15891,reproduce,Elk,1573,110,4,218,8,offspring:1
15892,hunt_start,Jaguar,485,216,3,134,4,target:Parrot:974
15892,reproduce,Musk Ox,469,89,2,160,9,offspring:1
15893,hunt_start,Boar,981,274,1,128,0,target:Lizard:673
15893,hunt_start,Boar,982,274,1,128,0,target:Lizard:673
15900,kill,Deer,1029,68,6,157,7,killed_by:Bear:1317
15900,spore_matured,Shroomer,-1,199,0,91,1,
15900,reproduce,Shroomer,-1,199,0,91,1,offspring:1
15900,spore_matured,Shroomer,-1,203,6,100,8,
15900,reproduce,Shroomer,-1,203,6,100,8,offspring:1
15904,spore_created,Shroomer,-1,-0,1,213,5,
15904,spore_created,Shroomer,-1,-6,6,217,8,
15906,spore_created,Shroomer,-1,227,7,76,8,
15906,spore_created,Shroomer,-1,216,8,81,5,
15913,starvation,Lizard,430,6,5,93,8,
15918,hunt_start,Polar Bear,855,50,8,194,8,target:Shroomer:414
15925,kill,Lizard,473,254,4,76,1,killed_by:Wolf:1202
15926,hunt_fail,Boar,649,256,4,90,3,target_died
15926,hunt_start,Wolf,1202,254,3,76,4,target:Deer:112
15926,hunt_fail,Wolf,1588,254,0,78,3,target_died
15926,hunt_start,Wolf,1588,254,0,78,3,target:Deer:112
15931,age_death,Rabbit,454,109,5,276,9,
15931,reproduce,Rabbit,1305,87,9,274,7,offspring:2
15934,reproduce,Tapir,1503,26,5,127,9,offspring:1
15936,kill,Deer,965,256,3,71,4,killed_by:Wolf:757
15937,hunt_start,Wolf,757,256,7,71,1,target:Deer:112
15937,reproduce,Wolf,435,145,2,225,0,offspring:1
15937,reproduce,Jaguar,487,245,1,101,1,offspring:1
15938,hunt_start,Jaguar,487,245,2,101,2,target:Boar:961
15938,hunt_start,Wolf,965,148,0,223,4,target:Deer:366
15938,hunt_start,Jaguar,1732,246,5,101,2,target:Shroomer:1200
15938,reproduce,Deer,1004,262,9,90,2,offspring:1
15940,starvation,Deer,1252,127,1,241,3,
15940,hunt_start,Boar,651,16,2,211,4,target:Shroomer:1692
15940,hunt_fail,Bear,824,121,6,243,8,target_died
15940,hunt_start,Bear,824,121,6,243,8,target:Elk:574
15942,reproduce,Musk Ox,16,95,7,159,1,offspring:1
15944,hunt_start,Polar Bear,593,37,4,203,7,target:Shroomer:172
15945,spore_matured,Shroomer,-1,110,0,263,5,
15945,reproduce,Shroomer,-1,110,0,263,5,offspring:1
15945,spore_matured,Shroomer,-1,112,9,259,8,
15945,reproduce,Shroomer,-1,112,9,259,8,offspring:1
15946,starvation,Rabbit,1230,199,2,98,0,
15947,spore_created,Shroomer,-1,211,4,61,6,
15947,spore_created,Shroomer,-1,208,9,61,1,
15950,kill,Deer,1361,29,5,93,1,killed_by:Jaguar:734
15951,starvation,Lizard,1595,9,8,2,1,
15951,hunt_start,Jaguar,734,30,1,93,2,target:Deer:921
15951,reproduce,Lizard,491,22,1,30,8,offspring:2
15953,kill,Elk,97,61,4,180,0,killed_by:Polar Bear:1474
15956,kill,Elk,212,100,9,280,0,killed_by:Bear:462
15956,reproduce,Bear,462,100,8,279,2,offspring:1
15957,starvation,Wolf,472,141,9,236,5,
15957,hunt_start,Bear,97,98,7,278,3,target:Camel:1008
15957,hunt_start,Bear,462,100,8,279,3,target:Camel:580
15959,spore_matured,Shroomer,-1,238,7,144,6,
15959,reproduce,Shroomer,-1,238,7,144,6,offspring:1
15960,hunt_start,Boar,651,15,7,211,6,target:Shroomer:1692
15961,starvation,Deer,799,25,7,41,6,
15961,hunt_start,Boar,649,256,7,90,7,target:Monkey:521
15968,starvation,Parrot,1301,145,4,82,6,
15973,kill,Deer,520,144,4,230,4,killed_by:Wolf:434
15973,reproduce,Deer,1080,168,2,203,9,offspring:1
15973,reproduce,Deer,1475,170,8,208,9,offspring:1
15974,hunt_start,Wolf,434,144,6,230,0,target:Deer:366
15974,hunt_fail,Wolf,435,144,7,229,3,target_died
15975,reproduce,Elk,183,234,0,155,3,offspring:1
15977,reproduce,Wolf,434,144,7,230,1,offspring:1
15977,kill,Faeling,121,16,4,208,0,killed_by:Shroomer:790
15978,starvation,Rabbit,28,113,1,146,1,
15978,hunt_start,Wolf,1301,146,5,227,3,target:Deer:366
15983,hunt_fail,Jaguar,1163,182,8,5,5,prey_escaped
15983,hunt_start,Jaguar,1163,182,8,5,5,target:Musk Ox:309
15988,kill,Deer,112,260,9,72,9,killed_by:Wolf:757
15988,spore_created,Shroomer,-1,215,8,65,3,
15988,spore_created,Shroomer,-1,214,4,68,5,
15989,hunt_fail,Wolf,1202,260,8,73,3,target_died
15989,hunt_start,Wolf,1202,260,8,73,3,target:Shroomer:674
15989,hunt_fail,Wolf,1588,260,0,73,5,target_died
15989,hunt_start,Wolf,1588,260,0,73,5,target:Shroomer:674
15991,reproduce,Wolf,757,260,4,72,8,offspring:1
15992,hunt_start,Wolf,28,260,1,71,6,target:Shroomer:674
15992,hunt_start,Wolf,757,260,4,72,8,target:Shroomer:674
15994,spore_matured,Shroomer,-1,227,0,75,4,
15994,reproduce,Shroomer,-1,227,0,75,4,offspring:1
15994,spore_matured,Shroomer,-1,242,2,72,3,
15994,reproduce,Shroomer,-1,242,2,72,3,offspring:1
15995,spore_matured,Shroomer,-1,228,3,77,7,
15995,reproduce,Shroomer,-1,228,3,77,7,offspring:1
16000,reproduce,Deer,921,31,4,85,7,offspring:1
16003,reproduce,Deer,1123,282,3,91,2,offspring:1
16005,reproduce,Camel,692,86,3,219,8,offspring:1
16010,hunt_start,Boar,651,15,2,211,7,target:Shroomer:1692
16013,reproduce,Rabbit,1636,129,8,15,7,offspring:2
16018,kill,Frog,1507,55,1,177,5,killed_by:Polar Bear:269
16019,hunt_start,Polar Bear,269,54,2,178,4,target:Elk:797
16020,kill,Boar,961,248,7,98,1,killed_by:Jaguar:487
16020,reproduce,Camel,531,81,5,179,5,offspring:1
16023,kill,Tapir,1210,49,9,50,2,killed_by:Jaguar:1360
16023,reproduce,Tapir,284,59,6,32,4,offspring:1
16023,reproduce,Tapir,1378,62,8,19,9,offspring:1
16023,reproduce,Tapir,1379,52,2,23,1,offspring:1
16024,spore_matured,Shroomer,-1,-0,1,213,5,
16024,reproduce,Shroomer,-1,-0,1,213,5,offspring:1
16024,spore_matured,Shroomer,-1,-6,6,217,8,
16024,reproduce,Shroomer,-1,-6,6,217,8,offspring:1
16026,spore_matured,Shroomer,-1,216,8,81,7,
16026,reproduce,Shroomer,-1,216,8,81,7,offspring:1
16030,spore_created,Shroomer,-1,41,1,205,6,
16030,spore_created,Shroomer,-1,48,5,211,4,
16032,spore_created,Shroomer,-1,38,4,208,4,
16032,spore_created,Shroomer,-1,35,0,196,9,
16037,kill,Tapir,1517,60,0,52,2,killed_by:Jaguar:983
16039,reproduce,Faeling,1,61,0,59,3,offspring:1
16041,kill,Deer,366,153,8,230,3,killed_by:Wolf:965
16042,hunt_fail,Wolf,434,150,3,229,8,target_died
16042,hunt_start,Wolf,434,150,3,229,8,target:Deer:1026
16042,hunt_fail,Wolf,435,151,8,229,9,target_died
16042,hunt_fail,Wolf,1301,152,6,229,6,target_died
16042,hunt_start,Wolf,1301,152,6,229,6,target:Deer:1026
16047,kill,Shroomer,674,263,2,78,6,killed_by:Wolf:1202
16048,hunt_fail,Wolf,28,262,1,76,6,target_died
16048,hunt_start,Wolf,28,262,1,76,6,target:Rabbit:1343
16048,hunt_fail,Wolf,757,262,5,77,5,target_died
16048,hunt_start,Wolf,757,262,5,77,5,target:Rabbit:1345
16048,hunt_start,Wolf,1202,263,1,78,0,target:Rabbit:1345
16048,hunt_fail,Wolf,1588,262,7,78,4,target_died
16048,hunt_start,Wolf,1588,262,7,78,4,target:Rabbit:1345
16049,kill,Shroomer,172,40,6,205,1,killed_by:Polar Bear:593
16054,kill,Camel,1008,93,1,280,3,killed_by:Bear:97
16054,hunt_start,Jaguar,1447,97,0,99,4,target:Turtle:1251
16056,reproduce,Camel,233,93,8,263,6,offspring:1
16057,kill,Shroomer,1200,254,6,102,9,killed_by:Jaguar:1732
16058,hunt_start,Jaguar,1732,254,0,102,8,target:Shroomer:1171
16063,kill,Penguin,154,15,5,36,2,killed_by:Polar Bear:339
16064,reproduce,Penguin,1584,31,5,9,4,offspring:1
16066,environment_death,Shroomer,1029,204,0,100,8,drowning
16066,hunt_start,Polar Bear,83,142,3,160,2,target:Monkey:626
16068,starvation,Shroomer,728,206,0,123,1,
16069,hunt_start,Bear,1639,195,5,229,3,target:Lizard:923
16072,age_death,Parrot,349,47,7,171,1,
16074,starvation,Polar Bear,1114,73,3,279,4,
16077,kill,Shroomer,1692,15,1,209,1,killed_by:Boar:651
16078,spore_matured,Shroomer,-1,227,1,76,5,
16078,reproduce,Shroomer,-1,227,1,76,5,offspring:1
16081,kill,Camel,580,105,3,286,2,killed_by:Bear:462
16082,reproduce,Parrot,624,72,3,145,5,offspring:1
16088,reproduce,Tapir,1271,155,9,226,8,offspring:1
16093,kill,Deer,921,29,6,81,8,killed_by:Jaguar:734
16100,hunt_start,Wolf,965,153,6,230,0,target:Deer:1026
16105,spore_created,Shroomer,-1,218,6,76,4,
16105,spore_created,Shroomer,-1,231,1,70,4,
16108,spore_matured,Shroomer,-1,214,7,69,0,
16108,reproduce,Shroomer,-1,214,7,69,0,offspring:1
16109,kill,Musk Ox,309,190,0,5,3,killed_by:Jaguar:1163
16109,reproduce,Jaguar,1163,189,2,5,3,offspring:1
16110,hunt_start,Jaguar,728,188,9,5,6,target:Musk Ox:109
16110,hunt_start,Jaguar,1163,189,4,5,2,target:Monkey:1372
16114,reproduce,Elk,569,157,8,213,1,offspring:1
16114,reproduce,Lizard,1274,278,4,256,9,offspring:2
16119,spore_created,Shroomer,-1,184,7,104,6,
16119,spore_created,Shroomer,-1,196,5,107,7,
16119,spore_matured,Shroomer,-1,211,6,61,4,
16119,reproduce,Shroomer,-1,211,6,61,4,offspring:1
16119,spore_matured,Shroomer,-1,208,7,61,0,
16119,reproduce,Shroomer,-1,208,7,61,0,offspring:1
16122,kill,Shroomer,414,44,8,196,4,killed_by:Polar Bear:855
16123,spore_created,Shroomer,-1,223,6,83,5,
16123,spore_created,Shroomer,-1,223,3,82,5,
16132,kill,Elk,574,119,1,257,9,killed_by:Bear:824
16133,hunt_start,Jaguar,73,83,5,106,0,target:Lizard:1170
16133,hunt_start,Bear,824,119,2,257,2,target:Elk:1562
16150,spore_matured,Shroomer,-1,41,2,205,8,
16150,reproduce,Shroomer,-1,41,2,205,8,offspring:1
16152,spore_matured,Shroomer,-1,38,4,208,4,
16152,reproduce,Shroomer,-1,38,4,208,4,offspring:1
16153,spore_matured,Shroomer,-1,215,4,65,0,
16153,reproduce,Shroomer,-1,215,4,65,0,offspring:1
16156,starvation,Penguin,849,16,0,2,4,
16156,hunt_fail,Hawk,483,21,8,4,8,target_died
16156,hunt_start,Hawk,483,21,8,4,8,target:Lizard:1637
16156,reproduce,Penguin,809,3,2,5,5,offspring:1
16156,reproduce,Penguin,841,27,6,35,1,offspring:1
16157,spore_created,Shroomer,-1,210,5,102,8,
16157,spore_created,Shroomer,-1,200,3,95,7,
16162,kill,Deer,1026,151,5,244,5,killed_by:Wolf:435
16163,hunt_fail,Wolf,434,151,6,243,6,target_died
16163,hunt_start,Wolf,434,151,6,243,6,target:Rabbit:1619
16163,hunt_fail,Wolf,965,152,7,235,8,target_died
16163,hunt_start,Wolf,965,152,7,235,8,target:Rabbit:423
16163,hunt_fail,Wolf,1301,151,9,241,7,target_died
16163,hunt_start,Wolf,1301,151,9,241,7,target:Rabbit:423
16163,reproduce,Lizard,271,207,0,223,0,offspring:2
16166,reproduce,Tapir,360,173,7,127,3,offspring:1
16166,reproduce,Parrot,881,4,0,172,6,offspring:1
16167,reproduce,Deer,1032,29,0,87,8,offspring:1
16169,reproduce,Musk Ox,759,174,8,153,3,offspring:1
16169,reproduce,Deer,1466,167,2,205,1,offspring:1
16173,starvation,Deer,725,43,7,207,5,
16173,age_death,Frog,396,111,0,260,3,
16173,age_death,Frog,912,107,6,269,2,
16182,reproduce,Rabbit,1343,273,2,63,6,offspring:2
16183,starvation,Parrot,266,144,5,80,5,
16190,kill,Shroomer,1171,248,7,107,9,killed_by:Jaguar:1732
16197,spore_created,Shroomer,-1,226,9,71,8,
16197,spore_created,Shroomer,-1,224,2,74,8,
16204,spore_matured,Shroomer,-1,34,6,194,8,
16204,reproduce,Shroomer,-1,34,6,194,8,offspring:1
16210,kill,Deer,861,178,6,93,9,killed_by:Jaguar:934
16211,starvation,Hawk,483,23,6,16,9,
16211,hunt_start,Jaguar,934,178,3,94,4,target:Deer:1128
16211,reproduce,Penguin,1655,140,3,96,1,offspring:1
16223,age_death,Lizard,992,128,2,45,4,
16225,spore_matured,Shroomer,-1,231,3,70,2,
16225,reproduce,Shroomer,-1,231,3,70,2,offspring:1
16225,spore_matured,Shroomer,-1,218,5,76,4,
16225,reproduce,Shroomer,-1,218,5,76,4,offspring:1
16227,starvation,Polar Bear,788,72,1,0,2,
16227,reproduce,Deer,740,57,1,18,1,offspring:1
16229,spore_created,Shroomer,-1,203,4,98,5,
16229,spore_created,Shroomer,-1,206,8,89,3,
16235,kill,Rabbit,1345,255,0,102,6,killed_by:Wolf:1588
16236,hunt_fail,Wolf,757,257,7,94,3,target_died
16236,hunt_start,Wolf,757,257,7,94,3,target:Deer:1132
16236,hunt_fail,Wolf,1202,257,2,97,0,target_died
16236,hunt_start,Wolf,1202,257,2,97,0,target:Deer:1733
16236,hunt_start,Wolf,1588,255,2,102,3,target:Lizard:673
16237,kill,Musk Ox,109,182,0,-0,0,killed_by:Jaguar:728
16237,reproduce,Musk Ox,68,196,2,6,8,offspring:1
16237,reproduce,Turtle,77,206,6,64,0,offspring:1
16237,reproduce,Musk Ox,311,222,6,37,2,offspring:1
16239,reproduce,Jaguar,934,179,2,96,1,offspring:1
16239,spore_matured,Shroomer,-1,196,5,107,7,
16239,reproduce,Shroomer,-1,196,5,107,7,offspring:1
16240,hunt_start,Jaguar,1750,181,8,97,8,target:Deer:1128
16243,spore_matured,Shroomer,-1,224,5,83,8,
16243,reproduce,Shroomer,-1,224,5,83,8,offspring:1
16243,spore_matured,Shroomer,-1,223,2,82,2,
16243,reproduce,Shroomer,-1,223,2,82,2,offspring:1
16249,reproduce,Elk,122,29,1,188,8,offspring:1
16251,spore_created,Shroomer,-1,187,2,103,4,
16251,spore_created,Shroomer,-1,181,1,106,8,
16255,kill,Deer,222,26,7,77,7,killed_by:Jaguar:1067
16255,kill,Deer,234,148,7,224,8,killed_by:Bear:1525
16255,spore_created,Shroomer,-1,209,3,100,2,
16255,spore_created,Shroomer,-1,207,1,88,1,
16259,spore_created,Shroomer,-1,216,6,79,2,
16259,spore_created,Shroomer,-1,218,0,76,2,
16275,hunt_fail,Jaguar,485,237,6,163,6,discomfort
16275,reproduce,Deer,975,8,2,149,0,offspring:1
16275,reproduce,Deer,1484,20,5,136,5,offspring:1
16277,spore_matured,Shroomer,-1,210,3,103,0,
16277,reproduce,Shroomer,-1,210,3,103,0,offspring:1
16277,spore_matured,Shroomer,-1,200,2,95,7,
16277,reproduce,Shroomer,-1,200,2,95,7,offspring:1
16282,hunt_fail,Jaguar,1571,241,2,231,5,prey_escaped
16291,spore_matured,Shroomer,-1,184,6,104,6,
16291,reproduce,Shroomer,-1,184,6,104,6,offspring:1
16298,starvation,Parrot,23,82,3,9,6,
16300,age_death,Monkey,334,172,1,237,4,
16303,reproduce,Deer,543,102,4,256,0,offspring:1
16308,reproduce,Musk Ox,1430,137,9,195,1,offspring:1
16312,reproduce,Monkey,1669,0,4,252,7,offspring:1
16314,hunt_start,Polar Bear,963,152,0,22,9,target:Turtle:1464
16314,spore_created,Shroomer,-1,19,2,205,0,
16314,spore_created,Shroomer,-1,15,0,208,1,
16317,reproduce,Monkey,1693,0,9,260,7,offspring:1
16317,spore_matured,Shroomer,-1,224,2,75,1,
16317,reproduce,Shroomer,-1,224,2,75,1,offspring:1
16317,spore_matured,Shroomer,-1,227,0,72,0,
16317,reproduce,Shroomer,-1,227,0,72,0,offspring:1
16319,spore_created,Shroomer,-1,176,8,118,5,
16319,spore_created,Shroomer,-1,167,6,115,4,
16322,reproduce,Monkey,345,3,4,254,6,offspring:1
16327,reproduce,Boar,1537,239,8,160,0,offspring:2
16338,hunt_start,Bear,1317,67,0,150,6,target:Deer:786
16338,spore_created,Shroomer,-1,192,1,128,9,
16338,spore_created,Shroomer,-1,198,1,121,5,
16339,spore_created,Shroomer,-1,266,6,141,2,
16339,spore_created,Shroomer,-1,262,5,134,0,
16347,spore_created,Shroomer,-1,208,9,100,3,
16347,spore_created,Shroomer,-1,198,8,91,5,
16349,starvation,Parrot,56,29,6,142,4,
16349,spore_matured,Shroomer,-1,206,6,89,3,
16349,reproduce,Shroomer,-1,206,6,89,3,offspring:1
16351,hunt_start,Polar Bear,128,43,9,193,7,target:Shroomer:395
16353,starvation,Parrot,616,144,4,119,6,
16359,hunt_start,Boar,1609,9,4,221,6,target:Shroomer:1730
16364,starvation,Polar Bear,1134,103,4,257,5,
16368,starvation,Shroomer,398,240,0,74,4,
16375,spore_matured,Shroomer,-1,207,3,87,6,
16375,reproduce,Shroomer,-1,207,3,87,6,offspring:1
16377,starvation,Rabbit,1237,191,3,156,7,
16379,spore_matured,Shroomer,-1,216,9,79,1,
16379,reproduce,Shroomer,-1,216,9,79,1,offspring:1
16379,spore_matured,Shroomer,-1,217,5,76,0,
16379,reproduce,Shroomer,-1,217,5,76,0,offspring:1
16392,kill,Elk,1562,105,8,265,0,killed_by:Bear:824
16393,kill,Rabbit,1619,140,8,271,3,killed_by:Wolf:435
16394,hunt_fail,Wolf,434,141,6,269,7,target_died
16394,hunt_start,Wolf,434,141,6,269,7,target:Deer:1104
16396,reproduce,Parrot,1001,31,6,86,4,offspring:1
16397,reproduce,Deer,1611,73,2,151,2,offspring:1
16398,kill,Deer,1128,183,7,109,4,killed_by:Jaguar:1750
16399,hunt_fail,Jaguar,934,182,9,106,3,target_died
16399,hunt_start,Jaguar,934,182,9,106,3,target:Shroomer:1752
16399,hunt_start,Jaguar,1750,183,6,108,8,target:Shroomer:1408
16399,reproduce,Deer,171,178,9,112,3,offspring:1
16400,environment_death,Shroomer,1087,191,9,88,2,drowning
16400,hunt_start,Jaguar,1067,29,3,80,1,target:Deer:1731
16400,reproduce,Elk,1060,230,7,159,9,offspring:1
16406,kill,Deer,1132,251,9,79,4,killed_by:Wolf:757
16411,spore_created,Shroomer,-1,188,4,97,6,
16411,spore_created,Shroomer,-1,189,3,96,0,
16412,kill,Shroomer,1752,181,1,106,4,killed_by:Jaguar:934
16413,hunt_start,Jaguar,934,182,0,106,4,target:Shroomer:849
16415,hunt_start,Boar,550,9,1,222,4,target:Shroomer:1730
16415,kill,Deer,1733,275,2,94,0,killed_by:Wolf:1202
16416,hunt_start,Wolf,1202,274,8,93,8,target:Deer:1123
16419,reproduce,Deer,1663,53,8,15,0,offspring:1
16422,reproduce,Bear,1317,62,7,150,3,offspring:1
16422,reproduce,Parrot,1395,6,4,195,9,offspring:1
16423,hunt_start,Bear,1753,63,8,149,6,target:Deer:1715
16423,spore_matured,Shroomer,-1,187,3,103,3,
16423,reproduce,Shroomer,-1,187,3,103,3,offspring:1
16428,hunt_start,Jaguar,485,232,9,164,3,target:Elk:183
16432,kill,Elk,183,232,7,162,4,killed_by:Jaguar:485
16432,reproduce,Deer,1633,163,3,169,6,offspring:1
16433,hunt_start,Polar Bear,478,79,2,166,8,target:Musk Ox:288
16433,reproduce,Parrot,242,3,9,96,0,offspring:1
16433,reproduce,Jaguar,485,232,8,163,1,offspring:1
16434,hunt_start,Jaguar,485,232,7,163,1,target:Parrot:1223
16434,hunt_start,Jaguar,1087,232,1,164,2,target:Parrot:1223
16434,spore_matured,Shroomer,-1,19,2,206,2,
16434,reproduce,Shroomer,-1,19,2,206,2,offspring:1
16434,spore_matured,Shroomer,-1,16,5,207,1,
16434,reproduce,Shroomer,-1,16,5,207,1,offspring:1
16435,spore_created,Shroomer,-1,233,5,93,0,
16435,spore_created,Shroomer,-1,234,0,88,7,
16437,spore_created,Shroomer,-1,193,0,113,2,
16437,spore_created,Shroomer,-1,189,2,108,7,
16443,environment_death,Shroomer,222,210,1,103,0,drowning
16443,reproduce,Boar,914,96,4,78,0,offspring:2
16444,hunt_start,Boar,183,97,1,79,0,target:Frog:1258
16444,hunt_start,Boar,914,96,4,78,0,target:Frog:1258
16444,hunt_start,Boar,1757,97,1,79,0,target:Frog:1258
16444,reproduce,Deer,84,0,8,91,6,offspring:1
16446,kill,Turtle,1464,145,6,22,9,killed_by:Polar Bear:963
16447,reproduce,Monkey,1686,158,8,120,2,offspring:1
16449,reproduce,Elk,1643,238,9,150,9,offspring:1
16455,reproduce,Monkey,1642,288,0,53,5,offspring:1
16455,reproduce,Monkey,1699,288,0,53,9,offspring:1
16459,reproduce,Polar Bear,478,80,0,165,3,offspring:1
16459,reproduce,Polar Bear,1474,67,0,178,1,offspring:1
16460,starvation,Shroomer,377,246,5,161,3,
16460,hunt_start,Polar Bear,1474,67,0,178,1,target:Deer:864
16460,hunt_start,Polar Bear,1733,80,7,165,0,target:Musk Ox:288
16460,hunt_start,Polar Bear,1773,68,0,175,9,target:Deer:864
16462,reproduce,Frog,1389,114,1,213,3,offspring:2
16463,age_death,Parrot,344,138,9,283,5,
16465,hunt_start,Jaguar,734,33,4,87,1,target:Deer:1731
16465,reproduce,Frog,1249,36,0,184,7,offspring:2
16467,spore_matured,Shroomer,-1,198,6,91,2,
16467,reproduce,Shroomer,-1,198,6,91,2,offspring:1
16470,starvation,Wolf,1594,240,9,182,6,
16470,kill,Deer,1731,31,4,86,8,killed_by:Jaguar:734
16471,hunt_fail,Jaguar,1067,31,6,85,9,target_died
16471,hunt_start,Jaguar,1067,31,6,85,9,target:Deer:904
16471,reproduce,Elk,264,127,3,140,6,offspring:1
16474,age_death,Lizard,583,265,5,45,0,
16474,age_death,Lizard,673,237,3,132,9,
16475,hunt_fail,Wolf,1588,238,1,131,5,target_died
16475,hunt_start,Wolf,1588,238,1,131,5,target:Deer:1085
16476,kill,Shroomer,395,39,1,195,0,killed_by:Polar Bear:128
16476,hunt_start,Boar,550,9,0,222,4,target:Shroomer:1730
16476,reproduce,Faeling,0,1,0,194,8,offspring:1
16482,reproduce,Deer,1239,160,7,268,6,offspring:1
16484,reproduce,Deer,756,64,4,270,0,offspring:1
16488,hunt_start,Jaguar,487,241,8,98,9,target:Shroomer:826
16491,spore_matured,Shroomer,-1,176,9,118,5,
16491,reproduce,Shroomer,-1,176,9,118,5,offspring:1
16491,spore_matured,Shroomer,-1,167,3,115,3,
16491,reproduce,Shroomer,-1,167,3,115,3,offspring:1
16492,hunt_start,Bear,97,91,9,284,5,target:Elk:776
16495,kill,Shroomer,849,186,0,103,6,killed_by:Jaguar:934
16496,hunt_start,Jaguar,934,185,5,103,9,target:Shroomer:1562
16498,age_death,Lizard,165,283,8,269,5,
16499,reproduce,Frog,781,47,1,187,9,offspring:2
16503,hunt_start,Bear,462,105,2,286,2,target:Elk:30
16504,reproduce,Rabbit,535,168,4,127,8,offspring:2
16510,spore_matured,Shroomer,-1,198,3,121,8,
16510,reproduce,Shroomer,-1,198,3,121,8,offspring:1
16515,kill,Shroomer,1408,189,0,109,4,killed_by:Jaguar:1750
16517,hunt_fail,Bear,1563,146,5,140,4,prey_escaped
16517,hunt_start,Bear,1563,146,5,140,4,target:Elk:448
16522,age_death,Rabbit,793,167,0,204,2,
16526,kill,Elk,797,36,4,173,6,killed_by:Polar Bear:269
16526,reproduce,Musk Ox,1135,138,0,195,2,offspring:1
16530,spore_created,Shroomer,-1,89,4,247,2,
16530,spore_created,Shroomer,-1,80,1,253,4,
16531,spore_created,Shroomer,-1,216,1,77,7,
16531,spore_created,Shroomer,-1,217,6,76,7,
16535,kill,Rabbit,423,185,9,243,1,killed_by:Wolf:1301
16536,hunt_fail,Wolf,965,183,5,242,8,target_died
16536,hunt_start,Wolf,965,183,5,242,8,target:Rabbit:1549
16536,hunt_start,Wolf,1301,185,5,243,1,target:Rabbit:1549
16537,hunt_start,Jaguar,983,62,3,54,8,target:Lizard:1314
16537,reproduce,Rabbit,443,161,4,261,9,offspring:2
16539,kill,Deer,1104,140,5,260,5,killed_by:Wolf:434
16540,hunt_start,Wolf,434,140,2,260,9,target:Frog:970
16547,age_death,Lizard,361,241,2,250,9,
16547,age_death,Lizard,831,283,3,147,5,
16547,spore_created,Shroomer,-1,115,7,103,1,
16547,spore_created,Shroomer,-1,120,2,103,5,
16549,reproduce,Lizard,858,266,4,102,0,offspring:2
16555,spore_matured,Shroomer,-1,234,0,88,7,
16555,reproduce,Shroomer,-1,234,0,88,7,offspring:1
16560,reproduce,Elk,1607,124,5,138,2,offspring:1
16562,hunt_start,Jaguar,1732,256,1,106,3,target:Shroomer:911
16563,age_death,Rabbit,45,172,2,254,8,
16570,kill,Shroomer,1562,189,1,102,6,killed_by:Jaguar:934
16570,reproduce,Monkey,521,288,0,125,7,offspring:1
16575,reproduce,Deer,1513,256,2,73,7,offspring:1
16578,kill,Musk Ox,288,80,5,157,2,killed_by:Polar Bear:1733
16579,hunt_fail,Polar Bear,478,80,7,159,2,target_died
16579,hunt_start,Polar Bear,478,80,7,159,2,target:Musk Ox:294
16587,kill,Shroomer,1730,0,9,219,0,killed_by:Boar:1609
16590,reproduce,Elk,761,205,7,228,8,offspring:1
16592,hunt_start,Polar Bear,593,33,9,204,4,target:Shroomer:680
16593,kill,Deer,1085,236,9,117,2,killed_by:Wolf:1588
16593,kill,Deer,864,76,6,170,0,killed_by:Polar Bear:1773
16594,kill,Deer,904,38,3,91,4,killed_by:Jaguar:1067
16594,hunt_fail,Polar Bear,1474,72,4,173,4,target_died
16594,hunt_start,Polar Bear,1474,72,4,173,4,target:Monkey:1397
16594,hunt_start,Wolf,1588,236,9,117,7,target:Shroomer:1349
16594,hunt_start,Polar Bear,1773,76,0,170,4,target:Lizard:1700
16595,kill,Shroomer,826,243,2,104,8,killed_by:Jaguar:487
16604,reproduce,Elk,1334,32,0,171,6,offspring:1
16606,hunt_start,Polar Bear,339,16,5,31,0,target:Penguin:1742
16608,spore_matured,Shroomer,-1,189,6,108,0,
16608,reproduce,Shroomer,-1,189,6,108,0,offspring:1
16609,hunt_start,Jaguar,728,180,8,11,5,target:Musk Ox:798
16609,spore_matured,Shroomer,-1,193,0,113,2,
16609,reproduce,Shroomer,-1,193,0,113,2,offspring:1
16618,spore_created,Shroomer,-1,217,4,66,9,
16618,spore_created,Shroomer,-1,207,8,67,9,
16623,starvation,Parrot,1276,227,5,235,1,
16626,reproduce,Polar Bear,593,32,0,204,8,offspring:1
16627,hunt_start,Polar Bear,398,30,7,204,1,target:Shroomer:680
16630,kill,Deer,1123,288,0,88,4,killed_by:Wolf:1202
16630,hunt_start,Jaguar,1360,53,2,69,4,target:Lizard:446
16631,reproduce,Deer,530,241,5,94,8,offspring:1
16635,reproduce,Wolf,1202,287,0,88,3,offspring:1
16636,hunt_start,Wolf,1202,287,0,88,3,target:Deer:1735
16639,reproduce,Rabbit,1420,63,2,258,2,offspring:2
16640,reproduce,Parrot,1382,138,4,22,5,offspring:1
16642,reproduce,Lizard,1719,149,7,199,3,offspring:2
16645,reproduce,Parrot,949,139,3,196,6,offspring:1
16651,spore_matured,Shroomer,-1,217,5,76,6,
16651,reproduce,Shroomer,-1,217,5,76,6,offspring:1
16658,spore_matured,Shroomer,-1,216,1,77,6,
16658,reproduce,Shroomer,-1,216,1,77,6,offspring:1
16661,spore_created,Shroomer,-1,226,7,70,7,
16661,spore_created,Shroomer,-1,228,4,69,7,
16662,spore_created,Shroomer,-1,223,6,70,7,
16662,spore_created,Shroomer,-1,222,7,72,4,
16665,hunt_start,Polar Bear,855,43,3,197,3,target:Shroomer:1150
16666,kill,Faeling,1731,14,7,206,3,killed_by:Shroomer:1318
16667,spore_matured,Shroomer,-1,120,3,103,7,
16667,reproduce,Shroomer,-1,120,3,103,7,offspring:1
16669,hunt_start,Wolf,757,254,1,82,4,target:Deer:313
16671,reproduce,Penguin,375,147,9,99,8,offspring:1
16672,starvation,Monkey,1471,218,9,80,1,
16676,reproduce,Elk,919,80,7,216,2,offspring:1
16679,reproduce,Camel,1196,84,5,286,2,offspring:1
16681,starvation,Parrot,807,177,0,21,6,
16683,reproduce,Parrot,480,23,1,266,6,offspring:1
16683,reproduce,Tapir,962,64,1,117,2,offspring:1
16684,kill,Elk,448,157,0,141,9,killed_by:Bear:1563
16684,reproduce,Bear,1563,156,1,141,8,offspring:1
16685,hunt_start,Bear,448,157,6,140,1,target:Elk:777
16685,hunt_start,Bear,1563,156,2,141,8,target:Monkey:444
16688,reproduce,Polar Bear,963,148,3,27,0,offspring:1
16689,hunt_start,Polar Bear,963,148,3,27,0,target:Penguin:1630
16689,hunt_start,Polar Bear,1793,149,6,26,2,target:Musk Ox:718
16689,reproduce,Deer,1224,111,3,96,1,offspring:1
16689,reproduce,Penguin,1702,136,8,96,1,offspring:1
16690,kill,Shroomer,680,30,4,206,3,killed_by:Polar Bear:593
16690,hunt_start,Wolf,1276,289,6,87,6,target:Monkey:1512
16690,age_death,Lizard,1089,86,2,200,2,
16690,age_death,Lizard,1090,75,7,258,2,
16690,age_death,Lizard,1092,4,6,285,4,
16690,age_death,Lizard,1093,115,9,279,6,
16690,age_death,Lizard,1094,94,3,269,1,
16691,hunt_fail,Polar Bear,70,10,4,287,3,target_died
16691,hunt_start,Polar Bear,70,10,4,287,3,target:Deer:25
16691,hunt_fail,Polar Bear,398,29,6,205,9,target_died
16691,hunt_start,Polar Bear,398,29,6,205,9,target:Shroomer:1396
16691,hunt_start,Polar Bear,593,31,0,205,6,target:Shroomer:1396
16692,starvation,Shroomer,808,235,0,78,2,
16693,hunt_start,Bear,1525,145,6,227,7,target:Elk:1718
16693,kill,Shroomer,911,263,8,108,8,killed_by:Jaguar:1732
16693,reproduce,Elk,1573,110,9,210,4,offspring:1
16695,kill,Frog,1258,102,0,96,5,killed_by:Boar:1757
16696,hunt_fail,Boar,183,101,5,94,9,target_died
16696,hunt_start,Boar,183,101,5,94,9,target:Penguin:175
16696,hunt_fail,Boar,914,101,0,93,1,target_died
16696,hunt_start,Boar,914,101,0,93,1,target:Penguin:175
16696,reproduce,Elk,358,172,3,256,0,offspring:1
16696,reproduce,Frog,1582,112,1,100,3,offspring:2
16699,reproduce,Parrot,52,152,9,195,2,offspring:1
16699,spore_created,Shroomer,-1,213,4,74,2,
16699,spore_created,Shroomer,-1,213,4,72,0,
16702,spore_matured,Shroomer,-1,89,4,247,2,
16702,reproduce,Shroomer,-1,89,4,247,2,offspring:1
16702,spore_matured,Shroomer,-1,80,1,253,4,
16702,reproduce,Shroomer,-1,80,1,253,4,offspring:1
16703,reproduce,Elk,383,43,0,282,0,offspring:1
16707,starvation,Parrot,1698,0,0,32,9,
16708,starvation,Jaguar,176,50,4,226,5,
16708,kill,Elk,776,89,6,271,8,killed_by:Bear:97
16709,spore_created,Shroomer,-1,76,8,248,8,
16709,spore_created,Shroomer,-1,72,3,245,9,
16709,spore_created,Shroomer,-1,24,3,192,1,
16709,spore_created,Shroomer,-1,24,0,192,1,
16711,reproduce,Parrot,985,25,3,9,6,offspring:1
16711,reproduce,Parrot,1011,20,0,16,1,offspring:1
16711,reproduce,Parrot,1494,18,7,23,9,offspring:1
16714,reproduce,Tapir,685,64,4,220,0,offspring:1
16719,reproduce,Parrot,820,4,6,89,1,offspring:1
16719,spore_matured,Shroomer,-1,115,7,103,1,
16719,reproduce,Shroomer,-1,115,7,103,1,offspring:1
16720,environment_death,Shroomer,309,225,5,83,5,drowning
16720,age_death,Monkey,315,147,9,275,7,
16721,environment_death,Shroomer,154,234,4,89,3,drowning
16724,reproduce,Deer,1151,1,1,95,7,offspring:1
16727,reproduce,Polar Bear,83,167,4,136,5,offspring:1
16728,hunt_start,Polar Bear,315,167,9,135,4,target:Elk:1184
16728,reproduce,Tapir,1191,193,2,175,9,offspring:1
16732,reproduce,Rabbit,1374,82,8,185,9,offspring:2
16733,kill,Musk Ox,294,88,7,157,1,killed_by:Polar Bear:478
16747,kill,Shroomer,1349,233,9,107,1,killed_by:Wolf:1588
16748,hunt_start,Wolf,1588,234,1,107,8,target:Deer:952
16752,reproduce,Fish,500,219,7,235,8,offspring:2
16752,reproduce,Fish,501,218,0,236,1,offspring:2
16757,reproduce,Parrot,1155,82,6,148,0,offspring:1
16759,kill,Shroomer,1396,32,2,207,1,killed_by:Polar Bear:398
16760,hunt_start,Polar Bear,398,31,4,207,1,target:Shroomer:1394
16760,hunt_fail,Polar Bear,593,32,6,206,5,target_died
16760,hunt_start,Polar Bear,593,32,6,206,5,target:Shroomer:1394
16760,reproduce,Parrot,145,76,1,71,8,offspring:1
16763,age_death,Lizard,271,205,0,210,1,
16763,age_death,Lizard,923,171,9,229,4,
16763,age_death,Lizard,1105,195,3,237,7,
16763,reproduce,Lizard,1174,193,8,253,2,offspring:2
16764,hunt_fail,Bear,1639,179,5,221,6,prey_escaped
16764,hunt_start,Bear,1639,179,5,221,6,target:Elk:1059
16769,reproduce,Elk,498,128,0,135,5,offspring:1
16770,reproduce,Parrot,1502,160,5,270,2,offspring:1
16772,kill,Elk,30,107,7,271,4,killed_by:Bear:462
16776,reproduce,Penguin,175,93,8,96,0,offspring:1
16777,reproduce,Bear,824,106,6,264,7,offspring:1
16778,hunt_start,Bear,824,106,5,264,7,target:Elk:490
16778,hunt_start,Bear,1807,107,3,264,3,target:Elk:490
16781,spore_matured,Shroomer,-1,228,8,69,5,
16781,reproduce,Shroomer,-1,228,8,69,5,offspring:1
16782,spore_matured,Shroomer,-1,223,6,70,7,
16782,reproduce,Shroomer,-1,223,6,70,7,offspring:1
16782,spore_matured,Shroomer,-1,222,9,72,3,
16782,reproduce,Shroomer,-1,222,9,72,3,offspring:1
16788,starvation,Frog,55,190,2,214,6,
16788,spore_created,Shroomer,-1,139,9,87,3,
16788,spore_created,Shroomer,-1,140,2,78,4,
16789,reproduce,Tapir,1271,157,2,228,6,offspring:1
16790,spore_matured,Shroomer,-1,207,7,67,8,
16790,reproduce,Shroomer,-1,207,7,67,8,offspring:1
16790,spore_matured,Shroomer,-1,217,0,66,8,
16790,reproduce,Shroomer,-1,217,0,66,8,offspring:1
16794,starvation,Monkey,801,148,9,46,0,
16794,hunt_fail,Jaguar,321,167,6,62,9,target_died
16802,kill,Deer,1735,283,9,102,7,killed_by:Wolf:1202
16805,kill,Musk Ox,798,172,5,15,3,killed_by:Jaguar:728
16806,kill,Deer,1715,80,4,169,5,killed_by:Bear:1753
16806,spore_matured,Shroomer,-1,226,6,71,1,
16806,reproduce,Shroomer,-1,226,6,71,1,offspring:1
16807,hunt_start,Bear,1753,80,0,168,8,target:Musk Ox:331
16807,reproduce,Deer,1013,84,6,176,3,offspring:1
16807,reproduce,Deer,1052,72,2,161,1,offspring:1
16807,reproduce,Deer,1475,168,1,211,1,offspring:1
16811,kill,Shroomer,1150,41,1,203,5,killed_by:Polar Bear:855
16812,reproduce,Musk Ox,995,207,9,16,1,offspring:1
16814,reproduce,Monkey,444,154,4,128,0,offspring:1
16815,hunt_start,Jaguar,934,188,4,105,9,target:Shroomer:1125
16818,starvation,Monkey,1169,145,6,82,6,
16819,starvation,Parrot,228,227,8,235,1,
16819,spore_matured,Shroomer,-1,213,4,71,6,
16819,reproduce,Shroomer,-1,213,4,71,6,offspring:1
16819,spore_matured,Shroomer,-1,213,2,74,0,
16819,reproduce,Shroomer,-1,213,2,74,0,offspring:1
16822,kill,Musk Ox,718,153,3,17,7,killed_by:Polar Bear:1793
16824,environment_death,Shroomer,1777,215,4,77,2,drowning
16824,starvation,Shroomer,91,235,0,55,9,
16829,spore_matured,Shroomer,-1,25,8,192,3,
16829,reproduce,Shroomer,-1,25,8,192,3,offspring:1
16829,spore_matured,Shroomer,-1,22,8,192,0,
16829,reproduce,Shroomer,-1,22,8,192,0,offspring:1
16830,starvation,Parrot,1684,9,5,27,9,
16832,reproduce,Deer,740,54,3,12,8,offspring:1
16838,kill,Deer,313,253,2,98,3,killed_by:Wolf:757
16839,kill,Penguin,1742,29,9,30,4,killed_by:Polar Bear:339
16839,reproduce,Rabbit,1476,275,8,151,2,offspring:2
16841,kill,Shroomer,1125,185,7,105,5,killed_by:Jaguar:934
16842,hunt_start,Jaguar,734,31,6,85,5,target:Parrot:1707
16843,reproduce,Musk Ox,16,86,1,153,6,offspring:1
16855,reproduce,Lizard,1176,218,3,160,1,offspring:2
16857,reproduce,Tapir,554,87,2,200,2,offspring:1
16860,starvation,Rabbit,21,177,0,178,9,
16861,hunt_start,Boar,1763,236,3,152,7,target:Lizard:420
16871,spore_created,Shroomer,-1,53,2,204,0,
16871,spore_created,Shroomer,-1,48,3,201,6,
16872,spore_created,Shroomer,-1,23,8,214,1,
16872,spore_created,Shroomer,-1,18,8,212,2,
16873,hunt_start,Boar,508,14,9,218,3,target:Shroomer:21
16874,reproduce,Rabbit,374,175,6,282,7,offspring:2
16875,age_death,Frog,137,116,3,251,4,
16875,age_death,Frog,970,121,6,269,3,
16876,hunt_fail,Wolf,434,121,8,269,4,target_died
16876,hunt_start,Wolf,434,121,8,269,4,target:Frog:979
16876,hunt_fail,Wolf,435,122,4,269,1,target_died
16881,spore_matured,Shroomer,-1,76,8,248,8,
16881,reproduce,Shroomer,-1,76,8,248,8,offspring:1
16881,spore_matured,Shroomer,-1,72,3,245,9,
16881,reproduce,Shroomer,-1,72,3,245,9,offspring:1
16883,reproduce,Wolf,434,121,5,269,5,offspring:1
16884,hunt_start,Wolf,797,124,2,270,1,target:Frog:979
16884,reproduce,Penguin,78,131,7,30,3,offspring:1
16884,reproduce,Penguin,364,138,4,30,9,offspring:1
16884,reproduce,Penguin,1592,138,8,18,5,offspring:1
16887,hunt_fail,Jaguar,485,216,5,126,6,discomfort
16887,hunt_start,Jaguar,1750,189,2,110,5,target:Shroomer:580
16890,kill,Shroomer,1394,29,2,202,3,killed_by:Polar Bear:398
16891,hunt_start,Polar Bear,398,28,5,202,9,target:Shroomer:226
16891,hunt_fail,Polar Bear,593,30,0,202,8,target_died
16891,hunt_start,Polar Bear,593,30,0,202,8,target:Shroomer:226
16896,kill,Elk,1184,169,1,124,2,killed_by:Polar Bear:315
16901,kill,Elk,777,161,9,127,1,killed_by:Bear:448
16907,hunt_start,Jaguar,1571,241,2,237,1,target:Rabbit:1231
16910,reproduce,Monkey,1721,5,7,257,6,offspring:1
16912,kill,Deer,952,238,0,93,7,killed_by:Wolf:1588
16912,reproduce,Tapir,1012,31,7,22,3,offspring:1
16913,kill,Shroomer,580,188,0,108,2,killed_by:Jaguar:1750
16913,reproduce,Wolf,435,124,0,273,9,offspring:1
16914,hunt_start,Wolf,1184,127,2,276,8,target:Frog:979
16914,reproduce,Lizard,882,282,3,50,3,offspring:2
16914,reproduce,Wolf,1588,237,7,94,1,offspring:1
16915,hunt_start,Wolf,580,237,5,92,4,target:Shroomer:717
16915,hunt_start,Wolf,1588,237,7,94,1,target:Deer:234
16916,reproduce,Deer,543,100,2,266,1,offspring:1
16920,reproduce,Monkey,1693,14,4,275,9,offspring:1
16922,kill,Elk,490,101,5,257,5,killed_by:Bear:824
16922,reproduce,Elk,848,27,2,189,2,offspring:1
16922,reproduce,Parrot,1061,95,3,74,8,offspring:1
16923,hunt_fail,Bear,1807,103,3,259,4,prey_escaped
16923,hunt_start,Bear,1807,103,3,259,4,target:Deer:543
16924,age_death,Frog,1111,86,8,269,7,
16924,age_death,Frog,1112,131,4,286,5,
16927,hunt_start,Polar Bear,315,169,0,125,0,target:Deer:1244
16927,kill,Musk Ox,331,86,1,165,6,killed_by:Bear:1753
16931,kill,Penguin,1630,143,3,12,3,killed_by:Polar Bear:963
16932,hunt_start,Polar Bear,963,143,5,12,9,target:Penguin:1592
16936,kill,Shroomer,226,30,3,200,8,killed_by:Polar Bear:593
16937,hunt_fail,Polar Bear,398,29,2,201,8,target_died
16937,hunt_start,Polar Bear,398,29,2,201,8,target:Shroomer:679
16940,starvation,Turtle,178,219,0,79,9,
16944,reproduce,Jaguar,1067,38,3,90,4,offspring:1
16945,hunt_start,Jaguar,1067,38,3,90,3,target:Boar:33
16945,hunt_start,Jaguar,1111,38,9,88,4,target:Boar:33
16947,kill,Frog,979,125,5,277,6,killed_by:Wolf:435
16948,hunt_fail,Wolf,434,124,8,276,4,target_died
16948,hunt_start,Wolf,434,124,8,276,4,target:Monkey:231
16948,hunt_fail,Wolf,797,125,0,276,9,target_died
16948,hunt_start,Wolf,797,125,0,276,9,target:Monkey:231
16948,hunt_fail,Wolf,1184,125,6,277,3,target_died
16948,hunt_start,Wolf,1184,125,6,277,3,target:Monkey:231
16952,starvation,Monkey,1546,275,2,285,6,
16952,kill,Shroomer,1104,116,4,103,2,killed_by:Faeling:1517
16954,reproduce,Frog,1126,89,1,281,8,offspring:2
16955,reproduce,Frog,1451,133,8,272,5,offspring:2
16958,kill,Elk,1718,154,8,214,3,killed_by:Bear:1525
16960,spore_matured,Shroomer,-1,140,1,87,4,
16960,reproduce,Shroomer,-1,140,1,87,4,offspring:1
16961,hunt_start,Boar,550,3,5,217,8,target:Shroomer:1729
16968,reproduce,Frog,292,167,0,206,6,offspring:2
16970,reproduce,Frog,1567,128,0,191,8,offspring:2
16981,spore_created,Shroomer,-1,220,2,81,6,
16981,spore_created,Shroomer,-1,214,9,86,4,
16991,spore_matured,Shroomer,-1,48,3,201,6,
16991,reproduce,Shroomer,-1,48,3,201,6,offspring:1
16992,spore_matured,Shroomer,-1,23,8,214,1,
16992,reproduce,Shroomer,-1,23,8,214,1,offspring:1
16993,reproduce,Bear,1525,155,0,215,3,offspring:1
16994,hunt_start,Bear,1525,155,0,215,3,target:Elk:657
16994,hunt_start,Bear,1818,152,0,215,2,target:Elk:569
16998,reproduce,Wolf,757,261,2,102,8,offspring:1
16999,hunt_start,Wolf,757,261,3,103,0,target:Deer:1121
16999,hunt_start,Wolf,1819,260,9,102,5,target:Deer:1121
17002,reproduce,Camel,106,77,0,195,9,offspring:1
17004,reproduce,Polar Bear,339,28,7,28,8,offspring:1
17005,hunt_start,Polar Bear,339,28,7,28,8,target:Penguin:1648
17005,hunt_start,Polar Bear,1821,27,4,30,1,target:Penguin:1648
17010,kill,Shroomer,717,236,7,89,8,killed_by:Wolf:580
17011,hunt_start,Wolf,580,237,1,90,4,target:Deer:234
17016,kill,Shroomer,21,19,3,211,3,killed_by:Boar:508
17017,hunt_start,Boar,508,19,2,211,6,target:Shroomer:1125
17019,hunt_start,Polar Bear,128,40,8,192,2,target:Frog:1249
17020,reproduce,Deer,1663,63,7,18,5,offspring:1
17021,starvation,Rabbit,1453,0,4,41,5,
17024,spore_created,Shroomer,-1,213,7,74,1,
17024,spore_created,Shroomer,-1,214,3,73,4,
17032,reproduce,Camel,692,86,5,223,8,offspring:1
17034,reproduce,Camel,531,83,0,182,2,offspring:1
17036,kill,Deer,25,1,7,271,2,killed_by:Polar Bear:70
17037,hunt_start,Polar Bear,70,1,5,271,9,target:Deer:391
17041,starvation,Rabbit,1714,0,0,44,7,
17046,reproduce,Deer,84,1,6,84,6,offspring:1
17054,reproduce,Lizard,1665,86,5,192,2,offspring:2
17061,reproduce,Deer,391,-0,0,271,2,offspring:1
17063,hunt_start,Jaguar,487,234,9,97,8,target:Lizard:573
17064,kill,Boar,33,45,4,94,7,killed_by:Jaguar:1111
17065,hunt_fail,Jaguar,1067,38,8,90,7,target_died
17065,hunt_start,Jaguar,1067,38,8,90,7,target:Deer:319
17065,hunt_start,Jaguar,1111,45,0,94,3,target:Deer:319
17065,hunt_start,Wolf,1202,277,6,93,2,target:Rabbit:1706
17065,hunt_start,Jaguar,1732,273,1,119,3,target:Boar:982
17066,spore_created,Shroomer,-1,90,7,81,9,
17066,spore_created,Shroomer,-1,98,0,87,6,
17068,kill,Deer,234,251,8,93,0,killed_by:Wolf:1588
17069,hunt_start,Polar Bear,269,34,7,175,8,target:Frog:159
17069,hunt_fail,Wolf,580,241,7,91,4,target_died
17069,hunt_start,Wolf,580,241,7,91,4,target:Deer:530
17072,spore_created,Shroomer,-1,208,6,84,1,
17072,spore_created,Shroomer,-1,200,8,93,5,
17076,kill,Deer,187,185,7,120,1,killed_by:Jaguar:1088
17077,hunt_start,Jaguar,1088,185,1,120,0,target:Deer:171
17079,kill,Shroomer,679,29,9,196,8,killed_by:Polar Bear:398
17082,age_death,Rabbit,827,82,6,285,3,
17086,reproduce,Deer,1239,163,1,265,9,offspring:1
17090,spore_created,Shroomer,-1,224,8,88,0,
17090,spore_created,Shroomer,-1,231,9,88,6,
17096,age_death,Lizard,328,214,4,51,8,
17096,age_death,Lizard,412,208,6,51,5,
17101,spore_matured,Shroomer,-1,220,1,81,8,
17101,reproduce,Shroomer,-1,220,1,81,8,offspring:1
17101,spore_matured,Shroomer,-1,214,9,86,4,
17101,reproduce,Shroomer,-1,214,9,86,4,offspring:1
17102,hunt_start,Jaguar,485,219,3,131,5,target:Rabbit:1455
17106,kill,Deer,391,-0,0,269,5,killed_by:Polar Bear:70
17106,spore_created,Shroomer,-1,8,6,198,2,
17106,spore_created,Shroomer,-1,6,3,210,0,
17107,reproduce,Parrot,1682,158,1,209,3,offspring:1
17108,kill,Turtle,1251,121,8,97,1,killed_by:Jaguar:1447
17108,reproduce,Polar Bear,70,0,1,270,2,offspring:1
17109,hunt_start,Polar Bear,70,0,1,270,2,target:Deer:1825
17109,hunt_start,Jaguar,1447,121,3,97,2,target:Tapir:595
17109,hunt_start,Polar Bear,1817,2,3,272,2,target:Deer:1825
17118,spore_created,Shroomer,-1,233,0,82,5,
17118,spore_created,Shroomer,-1,229,7,84,2,
17121,hunt_start,Polar Bear,1733,87,6,153,6,target:Musk Ox:16
17144,spore_matured,Shroomer,-1,213,7,74,0,
17144,reproduce,Shroomer,-1,213,7,74,0,offspring:1
17144,spore_matured,Shroomer,-1,214,5,73,2,
17144,reproduce,Shroomer,-1,214,5,73,2,offspring:1
17146,hunt_start,Bear,97,90,0,279,3,target:Elk:1448
17146,kill,Elk,569,142,0,216,1,killed_by:Bear:1818
17147,reproduce,Deer,299,63,9,26,8,offspring:1
17159,starvation,Lizard,931,0,8,71,3,
17164,starvation,Jaguar,1571,241,5,237,7,
17165,reproduce,Faeling,0,1,4,194,3,offspring:1
17166,age_death,Lizard,468,141,5,74,4,
17171,starvation,Shroomer,932,223,5,83,7,
17171,hunt_start,Boar,700,253,2,60,9,target:Monkey:1512
17174,kill,Penguin,1648,29,8,40,7,killed_by:Polar Bear:1821
17174,reproduce,Penguin,809,4,7,0,6,offspring:1
17175,hunt_fail,Polar Bear,339,28,9,35,0,target_died
17175,hunt_start,Polar Bear,339,28,9,35,0,target:Penguin:1632
17175,kill,Deer,171,185,2,114,1,killed_by:Jaguar:1088
17175,hunt_start,Polar Bear,1821,29,4,40,0,target:Penguin:1632
17177,hunt_start,Jaguar,728,168,8,7,5,target:Musk Ox:1106
17179,reproduce,Parrot,1294,180,5,261,3,offspring:1
17180,hunt_start,Bear,448,160,9,129,6,target:Parrot:1694
17182,reproduce,Deer,1513,255,5,74,3,offspring:1
17188,kill,Deer,1825,-0,0,277,7,killed_by:Polar Bear:1817
17188,age_death,Monkey,317,65,0,232,4,
17189,hunt_fail,Polar Bear,70,0,0,273,4,target_died
17189,hunt_start,Polar Bear,70,0,0,273,4,target:Lizard:1479
17189,hunt_start,Polar Bear,1817,0,1,277,0,target:Deer:617
17192,spore_matured,Shroomer,-1,208,4,83,9,
17192,reproduce,Shroomer,-1,208,4,83,9,offspring:1
17192,spore_matured,Shroomer,-1,201,2,92,5,
17192,reproduce,Shroomer,-1,201,2,92,5,offspring:1
17194,hunt_start,Bear,462,108,8,266,2,target:Elk:733
17194,kill,Deer,1121,279,3,113,5,killed_by:Wolf:757
17195,hunt_fail,Wolf,1819,278,0,112,7,target_died
17195,hunt_start,Wolf,1819,278,0,112,7,target:Deer:1004
17196,reproduce,Elk,220,64,0,217,9,offspring:1
17198,reproduce,Tapir,1660,64,0,227,5,offspring:1
17199,reproduce,Parrot,1572,171,5,18,4,offspring:1
17201,kill,Shroomer,1729,7,8,210,3,killed_by:Boar:550
17202,kill,Monkey,231,160,1,260,5,killed_by:Wolf:435
17203,environment_death,Tapir,360,187,5,89,2,drowning
17203,hunt_fail,Wolf,434,158,6,261,3,target_died
17203,hunt_start,Wolf,434,158,6,261,3,target:Rabbit:1779
17203,hunt_fail,Bear,690,190,1,95,0,target_died
17203,hunt_start,Bear,690,190,1,95,0,target:Elk:762
17203,hunt_fail,Wolf,797,150,1,265,6,target_died
17203,hunt_start,Wolf,797,150,1,265,6,target:Rabbit:126
17203,hunt_fail,Wolf,1184,152,3,264,5,target_died
17203,hunt_start,Wolf,1184,152,3,264,5,target:Rabbit:126
17206,starvation,Parrot,880,33,6,144,4,
17206,kill,Elk,657,163,9,223,8,killed_by:Bear:1525
17206,reproduce,Elk,968,146,7,223,6,offspring:1
17209,reproduce,Rabbit,1304,223,7,175,9,offspring:2
17210,spore_matured,Shroomer,-1,224,8,88,0,
17210,reproduce,Shroomer,-1,224,8,88,0,offspring:1
17210,spore_matured,Shroomer,-1,232,0,88,6,
17210,reproduce,Shroomer,-1,232,0,88,6,offspring:1
17213,hunt_start,Jaguar,934,179,1,99,0,target:Lizard:98
17214,starvation,Rabbit,832,221,9,207,2,
17214,kill,Shroomer,1125,24,7,217,1,killed_by:Boar:508
17217,reproduce,Boar,649,281,4,160,4,offspring:2
17218,hunt_start,Boar,657,279,9,159,7,target:Monkey:45
17218,hunt_start,Boar,880,279,9,159,7,target:Monkey:45
17224,kill,Penguin,1592,130,1,27,2,killed_by:Polar Bear:963
17225,starvation,Parrot,538,0,9,32,0,
17225,hunt_start,Polar Bear,963,130,6,26,6,target:Elk:888
17226,spore_matured,Shroomer,-1,6,0,209,5,
17226,reproduce,Shroomer,-1,6,0,209,5,offspring:1
17228,kill,Deer,1244,160,2,112,4,killed_by:Polar Bear:315
17229,starvation,Penguin,285,111,9,73,9,
17229,starvation,Parrot,541,32,4,144,6,
17229,reproduce,Deer,1215,181,5,131,1,offspring:1
17229,reproduce,Deer,1633,166,5,151,8,offspring:1
17233,hunt_start,Boar,508,24,5,216,2,target:Shroomer:1047
17233,reproduce,Jaguar,487,231,4,95,9,offspring:1
17234,hunt_start,Jaguar,1125,233,5,96,7,target:Shroomer:822
17235,starvation,Fish,1431,232,9,238,5,
17238,spore_matured,Shroomer,-1,233,0,82,5,
17238,reproduce,Shroomer,-1,233,0,82,5,offspring:1
17238,spore_matured,Shroomer,-1,229,9,84,2,
17238,reproduce,Shroomer,-1,229,9,84,2,offspring:1
17240,kill,Musk Ox,16,92,7,149,8,killed_by:Polar Bear:1733
17249,starvation,Parrot,817,0,4,73,0,
17252,reproduce,Parrot,1712,6,8,76,0,offspring:1
17264,starvation,Parrot,878,53,6,203,1,
17264,reproduce,Elk,1679,168,2,256,0,offspring:1
17267,kill,Deer,543,94,9,279,4,killed_by:Bear:1807
17267,reproduce,Deer,584,75,2,256,8,offspring:1
17268,hunt_start,Bear,1807,95,4,278,4,target:Elk:213
17269,age_death,Lizard,422,195,1,132,0,
17269,reproduce,Elk,1331,96,1,210,2,offspring:1
17270,hunt_fail,Jaguar,1213,194,3,126,0,target_died
17270,hunt_start,Jaguar,1213,194,3,126,0,target:Shroomer:622
17277,hunt_start,Polar Bear,478,97,0,160,7,target:Musk Ox:286
17278,reproduce,Monkey,513,66,0,117,4,offspring:1
17278,spore_matured,Shroomer,-1,8,6,198,2,
17278,reproduce,Shroomer,-1,8,6,198,2,offspring:1
17279,kill,Tapir,595,126,5,107,5,killed_by:Jaguar:1447
17279,reproduce,Jaguar,1447,126,2,106,9,offspring:1
17280,hunt_start,Jaguar,1251,125,8,108,0,target:Penguin:1078
17280,hunt_start,Jaguar,1447,126,2,106,9,target:Shroomer:1514
17282,starvation,Parrot,796,82,6,9,1,
17285,starvation,Frog,1141,207,9,84,7,
17285,hunt_start,Jaguar,1750,183,3,114,9,target:Deer:1134
17285,reproduce,Frog,1456,187,5,128,0,offspring:2
17285,spore_created,Shroomer,-1,220,4,102,2,
17285,spore_created,Shroomer,-1,222,3,98,3,
17285,spore_created,Shroomer,-1,8,1,187,0,
17285,spore_created,Shroomer,-1,12,1,192,2,
17288,kill,Deer,530,261,1,83,1,killed_by:Wolf:580
17292,reproduce,Deer,1617,282,5,256,2,offspring:1
17293,kill,Deer,319,30,0,102,4,killed_by:Jaguar:1111
17294,hunt_fail,Jaguar,1067,38,4,91,9,target_died
17294,hunt_start,Jaguar,1067,38,4,91,9,target:Boar:1298
17294,kill,Deer,1134,181,5,112,9,killed_by:Jaguar:1750
17296,starvation,Lizard,1327,90,4,3,6,
17296,hunt_fail,Bear,540,111,5,11,4,target_died
17296,hunt_start,Bear,540,111,5,11,4,target:Camel:1145
17296,hunt_fail,Bear,1284,111,4,10,2,target_died
17296,hunt_start,Bear,1284,111,4,10,2,target:Camel:1145
17297,kill,Penguin,1632,36,7,40,9,killed_by:Polar Bear:1821
17297,reproduce,Penguin,31,22,6,18,0,offspring:1
17298,hunt_fail,Polar Bear,339,33,6,39,1,target_died
17298,hunt_start,Polar Bear,339,33,6,39,1,target:Penguin:841
17298,hunt_start,Polar Bear,1821,36,1,41,0,target:Penguin:841
17299,spore_created,Shroomer,-1,11,9,226,5,
17299,spore_created,Shroomer,-1,11,9,221,0,
17301,reproduce,Musk Ox,759,160,6,160,0,offspring:1
17312,hunt_start,Boar,1354,13,0,222,0,target:Shroomer:530
17314,starvation,Bear,1284,112,5,10,2,
17315,reproduce,Deer,689,201,4,124,1,offspring:1
17316,reproduce,Deer,43,256,1,114,0,offspring:1
17316,reproduce,Lizard,751,224,0,275,4,offspring:2
17320,reproduce,Deer,1004,270,8,98,6,offspring:1
17325,kill,Rabbit,907,149,2,177,8,killed_by:Wolf:738
17325,reproduce,Deer,270,176,5,256,1,offspring:1
17326,hunt_start,Wolf,738,149,5,177,8,target:Deer:984
17327,kill,Elk,1448,94,3,288,0,killed_by:Bear:97
17328,starvation,Rabbit,1549,192,3,184,5,
17328,kill,Frog,1249,39,4,173,1,killed_by:Polar Bear:128
17328,hunt_fail,Wolf,965,191,4,192,2,target_died
17328,hunt_fail,Wolf,1301,192,2,184,9,target_died
17328,reproduce,Deer,1151,0,9,95,5,offspring:1
17329,hunt_start,Polar Bear,128,39,3,173,8,target:Elk:1332
17329,kill,Elk,888,123,9,25,5,killed_by:Polar Bear:963
17331,hunt_start,Wolf,1588,254,8,90,3,target:Parrot:1227
17340,starvation,Monkey,1384,148,6,51,0,
17340,hunt_fail,Jaguar,463,160,5,51,5,target_died
17340,kill,Faeling,931,14,9,206,9,killed_by:Shroomer:197
17341,reproduce,Deer,1423,146,5,256,1,offspring:1
17347,starvation,Fish,1435,222,4,249,7,
17347,starvation,Fish,1436,223,7,257,0,
17348,starvation,Fish,1428,226,9,236,5,
17348,starvation,Fish,1429,238,0,241,4,
17348,starvation,Fish,1432,248,9,241,2,
17348,kill,Rabbit,1779,175,2,274,0,killed_by:Wolf:435
17349,starvation,Fish,509,229,5,236,6,
17349,hunt_fail,Wolf,434,174,0,273,0,target_died
17349,hunt_start,Wolf,434,174,0,273,0,target:Rabbit:1810
17352,starvation,Fish,499,223,4,257,4,
17352,reproduce,Rabbit,74,140,7,147,5,offspring:2
17352,reproduce,Elk,967,160,4,257,1,offspring:1
17353,reproduce,Fish,1804,218,2,235,0,offspring:2
17354,starvation,Fish,1438,228,7,235,7,
17354,hunt_start,Polar Bear,855,45,6,198,6,target:Shroomer:1742
17356,reproduce,Fish,294,220,3,232,6,offspring:2
17357,starvation,Fish,1437,236,9,241,5,
17358,starvation,Fish,503,227,4,235,3,
17359,reproduce,Fish,1349,219,7,233,4,offspring:2
17360,hunt_start,Bear,824,107,8,257,0,target:Elk:1050
17360,hunt_start,Jaguar,1088,185,6,115,1,target:Shroomer:1039
17361,reproduce,Fish,1803,218,7,233,9,offspring:2
17362,starvation,Fish,1434,223,6,256,5,
17364,age_death,Rabbit,82,162,6,249,1,
17364,age_death,Rabbit,754,208,6,155,1,
17365,starvation,Shroomer,153,231,3,62,3,
17365,hunt_start,Bear,1753,88,6,168,8,target:Musk Ox:1518
17365,hunt_start,Polar Bear,1793,150,8,22,9,target:Penguin:1602
17366,reproduce,Deer,1224,111,4,96,1,offspring:1
17369,starvation,Fish,1433,259,8,272,5,
17371,kill,Elk,1059,182,3,236,5,killed_by:Bear:1639
17372,reproduce,Bear,1639,182,1,235,4,offspring:1
17373,hunt_start,Bear,499,183,1,235,5,target:Camel:252
17373,hunt_start,Bear,1639,182,1,235,4,target:Camel:252
17378,kill,Shroomer,822,228,5,93,1,killed_by:Jaguar:1125
17379,hunt_start,Jaguar,1125,229,3,92,8,target:Shroomer:775
17380,kill,Deer,1004,268,9,94,8,killed_by:Wolf:1819
17381,hunt_start,Wolf,1819,269,1,95,2,target:Deer:878
17391,starvation,Jaguar,1185,213,6,287,4,
17393,starvation,Fish,506,277,0,211,9,
17393,starvation,Jaguar,709,217,0,118,6,
17394,kill,Elk,733,118,7,260,2,killed_by:Bear:462
17396,hunt_fail,Jaguar,485,205,9,126,5,discomfort
17400,spore_created,Shroomer,-1,15,9,212,6,
17400,spore_created,Shroomer,-1,14,5,207,8,
17402,kill,Shroomer,622,196,1,120,2,killed_by:Jaguar:1213
17403,hunt_start,Jaguar,1213,196,0,120,9,target:Deer:1134
17404,environment_death,Shroomer,1592,232,4,85,0,drowning
17405,hunt_fail,Jaguar,487,227,4,94,7,discomfort
17405,spore_matured,Shroomer,-1,12,1,192,2,
17405,reproduce,Shroomer,-1,12,1,192,2,offspring:1
17405,spore_matured,Shroomer,-1,222,2,98,7,
17405,reproduce,Shroomer,-1,222,2,98,7,offspring:1
17408,kill,Elk,762,200,3,93,3,killed_by:Bear:690
17409,hunt_start,Bear,690,199,5,93,4,target:Shroomer:1770
17410,hunt_start,Boar,550,9,9,211,6,target:Shroomer:679
17411,reproduce,Monkey,1616,83,6,152,3,offspring:1
17412,kill,Musk Ox,286,101,0,155,4,killed_by:Polar Bear:478
17412,reproduce,Bear,690,199,5,93,3,offspring:1
17413,hunt_start,Bear,754,197,5,95,6,target:Shroomer:1017
17413,spore_created,Shroomer,-1,11,8,209,2,
17413,spore_created,Shroomer,-1,20,7,210,9,
17417,reproduce,Monkey,444,150,8,97,2,offspring:1
17429,kill,Penguin,841,38,7,36,3,killed_by:Polar Bear:1821
17429,reproduce,Penguin,217,29,5,3,3,offspring:1
17429,reproduce,Penguin,1584,27,6,12,8,offspring:1
17430,hunt_fail,Polar Bear,339,36,8,37,1,target_died
17430,hunt_start,Polar Bear,339,36,8,37,1,target:Penguin:519
17430,hunt_start,Polar Bear,1821,38,7,37,4,target:Rabbit:1713
17431,hunt_start,Boar,651,21,1,208,3,target:Shroomer:1132
17431,hunt_start,Bear,1818,142,8,215,8,target:Elk:1827
17431,reproduce,Rabbit,1618,152,4,196,3,offspring:2
17432,reproduce,Rabbit,169,221,7,195,2,offspring:2
17435,starvation,Rabbit,1673,68,8,118,8,
17435,kill,Shroomer,1039,189,0,113,2,killed_by:Jaguar:1088
17435,kill,Shroomer,1514,124,8,98,5,killed_by:Jaguar:1447
17435,kill,Deer,617,11,9,284,8,killed_by:Polar Bear:1817
17435,reproduce,Deer,750,16,5,261,6,offspring:1
17437,reproduce,Deer,740,54,8,1,0,offspring:1
17438,starvation,Parrot,261,0,5,40,0,
17438,spore_created,Shroomer,-1,180,7,99,1,
17438,spore_created,Shroomer,-1,175,5,101,5,
17440,reproduce,Parrot,1767,18,9,95,0,offspring:1
17446,reproduce,Lizard,15,64,0,167,6,offspring:2
17448,kill,Camel,1145,121,0,12,7,killed_by:Bear:540
17449,hunt_start,Bear,540,120,2,12,7,target:Deer:61
17450,reproduce,Lizard,1208,137,7,31,9,offspring:2
17451,kill,Penguin,1078,115,9,114,3,killed_by:Jaguar:1251
17452,hunt_start,Jaguar,1251,116,3,114,0,target:Deer:1794
17453,kill,Deer,984,140,7,166,5,killed_by:Wolf:738
17453,reproduce,Deer,1475,158,3,207,3,offspring:1
17454,hunt_start,Wolf,738,141,0,166,8,target:Parrot:835
17454,reproduce,Fish,500,219,6,235,8,offspring:2
17456,reproduce,Lizard,1780,286,2,98,7,offspring:2
17457,starvation,Shroomer,1670,209,4,99,0,
17457,hunt_start,Wolf,757,271,0,124,1,target:Parrot:567
17457,reproduce,Parrot,1101,172,3,288,0,offspring:1
17458,reproduce,Parrot,1522,78,6,89,5,offspring:1
17461,starvation,Parrot,103,103,4,30,5,
17465,starvation,Parrot,1212,133,9,131,1,
17471,spore_matured,Shroomer,-1,11,5,220,7,
17471,reproduce,Shroomer,-1,11,5,220,7,offspring:1
17471,spore_matured,Shroomer,-1,11,9,226,5,
17471,reproduce,Shroomer,-1,11,9,226,5,offspring:1
17472,spore_created,Shroomer,-1,221,9,79,0,
17472,spore_created,Shroomer,-1,220,7,88,1,
17476,reproduce,Bear,462,119,4,260,7,offspring:1
17477,hunt_start,Bear,462,119,5,260,7,target:Shroomer:295
17477,hunt_start,Bear,1828,118,8,261,9,target:Shroomer:295
17479,hunt_start,Polar Bear,593,28,4,200,7,target:Shroomer:790
17481,starvation,Parrot,1741,87,1,148,0,
17481,kill,Musk Ox,1518,86,5,162,8,killed_by:Bear:1753
17481,reproduce,Lizard,1744,198,5,220,6,offspring:2
17484,spore_created,Shroomer,-1,19,4,184,4,
17484,spore_created,Shroomer,-1,28,7,184,6,
17486,age_death,Parrot,348,233,9,243,1,
17487,hunt_start,Jaguar,487,228,5,96,5,target:Shroomer:1230
17487,kill,Shroomer,775,227,3,89,2,killed_by:Jaguar:1125
17490,reproduce,Tapir,1271,148,9,235,3,offspring:1
17491,reproduce,Penguin,393,128,0,31,5,offspring:1
17493,kill,Shroomer,1047,28,9,206,6,killed_by:Boar:508
17494,starvation,Parrot,1138,29,5,142,3,
17494,hunt_fail,Bear,568,39,9,153,8,target_died
17494,hunt_start,Bear,568,39,9,153,8,target:Tapir:652
17495,starvation,Parrot,400,180,4,179,5,
17500,kill,Frog,159,23,4,197,4,killed_by:Polar Bear:269
17500,reproduce,Frog,344,41,5,184,9,offspring:2
17501,hunt_start,Polar Bear,269,23,9,197,0,target:Shroomer:668
17502,kill,Shroomer,1017,193,6,96,0,killed_by:Bear:754
17503,hunt_start,Bear,754,194,4,95,9,target:Elk:1539
17507,kill,Elk,213,109,0,286,8,killed_by:Bear:1807
17512,kill,Shroomer,295,117,2,261,3,killed_by:Bear:1828
17513,starvation,Parrot,879,11,0,248,2,
17513,hunt_fail,Bear,462,118,3,260,8,target_died
17513,hunt_start,Bear,462,118,3,260,8,target:Shroomer:210
17513,kill,Shroomer,1770,199,1,90,5,killed_by:Bear:690
17513,hunt_start,Bear,1828,117,1,262,0,target:Shroomer:210
17514,hunt_start,Bear,690,199,2,91,2,target:Shroomer:171
17514,reproduce,Parrot,1416,3,4,258,5,offspring:1
17518,reproduce,Tapir,274,204,9,120,0,offspring:1
17520,spore_matured,Shroomer,-1,14,3,207,8,
17520,reproduce,Shroomer,-1,14,3,207,8,offspring:1
17521,hunt_start,Boar,651,21,7,208,2,target:Shroomer:1132
17523,starvation,Hawk,1600,14,6,32,7,
17533,spore_matured,Shroomer,-1,10,2,208,3,
17533,reproduce,Shroomer,-1,10,2,208,3,offspring:1
17537,spore_matured,Shroomer,-1,20,6,211,0,
17537,reproduce,Shroomer,-1,20,6,211,0,offspring:1
17540,reproduce,Deer,29,17,9,265,7,offspring:1
17543,kill,Deer,878,280,4,104,6,killed_by:Wolf:1819
17545,reproduce,Deer,1424,243,1,115,2,offspring:1
17549,reproduce,Rabbit,1737,128,0,23,5,offspring:2
17551,hunt_start,Wolf,580,258,7,85,3,target:Deer:1513
17554,reproduce,Parrot,1638,80,2,165,8,offspring:1
17558,reproduce,Rabbit,1374,86,3,193,8,offspring:2
17560,kill,Shroomer,1742,39,6,204,6,killed_by:Polar Bear:855
17561,reproduce,Jaguar,1088,189,5,110,7,offspring:1
17562,hunt_start,Jaguar,1088,189,5,110,7,target:Shroomer:899
17562,hunt_start,Jaguar,1433,191,4,109,8,target:Frog:1216
17563,age_death,Rabbit,126,156,5,288,0,
17563,reproduce,Lizard,271,197,6,256,3,offspring:2
17564,environment_death,Shroomer,1778,218,2,77,1,drowning
17564,hunt_fail,Wolf,797,155,8,287,3,target_died
17564,hunt_start,Wolf,797,155,8,287,3,target:Rabbit:1810
17564,hunt_fail,Wolf,1184,153,2,270,5,target_died
17564,hunt_start,Wolf,1184,153,2,270,5,target:Deer:187
17565,kill,Rabbit,1810,162,8,288,0,killed_by:Wolf:434
17566,hunt_start,Wolf,434,163,0,287,5,target:Rabbit:443
17566,hunt_fail,Wolf,435,162,7,287,0,target_died
17566,hunt_fail,Wolf,797,156,0,287,3,target_died
17566,hunt_start,Wolf,797,156,0,287,3,target:Rabbit:443
17570,spore_created,Shroomer,-1,195,8,108,0,
17570,spore_created,Shroomer,-1,192,7,110,4,
17570,spore_matured,Shroomer,-1,17,0,213,1,
17570,reproduce,Shroomer,-1,17,0,213,1,offspring:1
17571,starvation,Fish,510,223,5,243,7,
17571,kill,Deer,1134,205,0,120,0,killed_by:Jaguar:1213
17574,reproduce,Fish,501,218,1,236,1,offspring:2
17577,hunt_fail,Wolf,627,179,6,228,6,prey_escaped
17581,spore_created,Shroomer,-1,212,1,87,8,
17581,spore_created,Shroomer,-1,206,3,96,4,
17582,kill,Shroomer,210,120,0,263,8,killed_by:Bear:1828
17583,hunt_fail,Bear,462,120,0,263,1,target_died
17583,hunt_start,Bear,462,120,0,263,1,target:Frog:1630
17583,hunt_start,Bear,1828,119,5,264,4,target:Frog:1630
17584,spore_created,Shroomer,-1,44,1,214,8,
17584,spore_created,Shroomer,-1,40,2,212,6,
17587,kill,Shroomer,1230,226,1,92,1,killed_by:Jaguar:487
17588,hunt_start,Jaguar,487,226,4,92,7,target:Shroomer:1165
17591,hunt_start,Wolf,627,179,5,228,8,target:Lizard:923
17591,age_death,Frog,507,90,2,35,5,
17591,reproduce,Frog,847,61,1,12,1,offspring:2
17592,spore_matured,Shroomer,-1,220,5,88,4,
17592,reproduce,Shroomer,-1,220,5,88,4,offspring:1
17594,spore_matured,Shroomer,-1,222,1,78,8,
17594,reproduce,Shroomer,-1,222,1,78,8,offspring:1
17598,kill,Rabbit,828,143,8,241,1,killed_by:Wolf:1640
17598,reproduce,Rabbit,895,164,2,194,0,offspring:2
17599,hunt_start,Wolf,1640,144,1,240,9,target:Monkey:1589
17599,reproduce,Parrot,1681,95,9,185,4,offspring:1
17600,kill,Shroomer,679,3,6,208,3,killed_by:Boar:550
17601,hunt_start,Boar,1609,5,0,216,8,target:Shroomer:318
17601,reproduce,Turtle,839,111,0,104,2,offspring:1
17603,reproduce,Rabbit,443,165,3,276,0,offspring:2
17605,kill,Shroomer,668,20,7,197,2,killed_by:Polar Bear:269
17605,hunt_fail,Jaguar,487,226,1,93,4,discomfort
17606,hunt_start,Boar,651,21,5,207,1,target:Shroomer:133
17610,spore_matured,Shroomer,-1,180,7,99,1,
17610,reproduce,Shroomer,-1,180,7,99,1,offspring:1
17610,spore_matured,Shroomer,-1,175,5,101,5,
17610,reproduce,Shroomer,-1,175,5,101,5,offspring:1
17613,kill,Elk,1050,121,6,251,4,killed_by:Bear:824
17614,reproduce,Parrot,835,130,1,145,3,offspring:1
17614,reproduce,Parrot,1211,153,1,133,0,offspring:1
17615,reproduce,Rabbit,396,278,3,63,1,offspring:2
17617,kill,Shroomer,899,185,5,109,0,killed_by:Jaguar:1088
17619,kill,Shroomer,171,202,4,93,2,killed_by:Bear:690
17620,hunt_start,Bear,690,201,7,92,8,target:Shroomer:898
17621,starvation,Hawk,201,13,6,9,9,
17622,hunt_start,Polar Bear,398,33,5,199,7,target:Shroomer:116
17622,reproduce,Deer,1402,49,6,1,1,offspring:1
17625,starvation,Rabbit,1308,85,9,113,9,
17625,hunt_fail,Bear,945,78,2,139,9,target_died
17625,hunt_start,Bear,945,78,2,139,9,target:Deer:1768
17636,hunt_start,Wolf,965,197,7,204,4,target:Lizard:1744
17636,reproduce,Rabbit,1738,138,1,15,8,offspring:2
17642,reproduce,Deer,1663,63,9,22,2,offspring:1
17643,starvation,Parrot,1683,140,8,232,0,
17644,starvation,Monkey,1120,216,2,242,2,
17644,hunt_fail,Wolf,745,209,1,243,0,target_died
17644,hunt_start,Wolf,745,209,1,243,0,target:Parrot:1497
17644,hunt_start,Bear,1525,160,4,228,6,target:Deer:675
17648,reproduce,Monkey,222,146,5,84,0,offspring:1
17649,spore_created,Shroomer,-1,257,8,91,4,
17649,spore_created,Shroomer,-1,250,0,85,7,
17651,kill,Penguin,1602,134,4,33,5,killed_by:Polar Bear:1793
17652,starvation,Elk,1538,201,5,48,4,
17654,age_death,Frog,1140,183,9,127,3,
17656,reproduce,Deer,156,18,3,131,1,offspring:1
17656,reproduce,Deer,694,21,2,131,6,offspring:1
17657,starvation,Rabbit,1267,8,1,71,1,
17663,reproduce,Elk,1556,111,4,220,1,offspring:1
17665,hunt_start,Jaguar,1111,27,6,112,8,target:Boar:973
17666,hunt_start,Jaguar,1750,183,2,122,7,target:Deer:827
17668,hunt_start,Jaguar,1447,123,1,96,1,target:Parrot:1415
17668,spore_created,Shroomer,-1,208,0,69,7,
17668,spore_created,Shroomer,-1,210,8,65,0,
17669,reproduce,Elk,1539,195,1,106,8,offspring:1
17673,reproduce,Deer,1013,70,0,159,8,offspring:1
17683,kill,Boar,973,27,2,116,4,killed_by:Jaguar:1111
17686,kill,Deer,1794,107,0,100,6,killed_by:Jaguar:1251
17688,hunt_start,Jaguar,1088,183,9,109,0,target:Frog:1216
17690,spore_matured,Shroomer,-1,195,8,108,0,
17690,reproduce,Shroomer,-1,195,8,108,0,offspring:1
17691,spore_created,Shroomer,-1,256,5,119,1,
17691,spore_created,Shroomer,-1,266,2,122,8,
17693,reproduce,Deer,1239,177,3,260,3,offspring:1
17697,starvation,Fish,504,267,4,265,7,
17698,starvation,Rabbit,1084,88,9,146,3,
17701,kill,Shroomer,790,20,6,202,7,killed_by:Polar Bear:593
17701,spore_matured,Shroomer,-1,212,3,87,7,
17701,reproduce,Shroomer,-1,212,3,87,7,offspring:1
17701,spore_matured,Shroomer,-1,206,5,96,5,
17701,reproduce,Shroomer,-1,206,5,96,5,offspring:1
17704,starvation,Parrot,624,87,6,147,3,
17704,spore_matured,Shroomer,-1,40,2,212,6,
17704,reproduce,Shroomer,-1,40,2,212,6,offspring:1
17705,kill,Deer,187,161,4,258,8,killed_by:Wolf:1184
17706,hunt_start,Wolf,1184,161,2,259,2,target:Deer:583
17709,reproduce,Tapir,1503,22,0,127,9,offspring:1
17711,kill,Frog,1216,184,4,103,8,killed_by:Jaguar:1433
17711,reproduce,Frog,1217,179,8,108,8,offspring:2
17712,hunt_fail,Jaguar,1088,183,9,108,9,target_died
17712,hunt_start,Jaguar,1088,183,9,108,9,target:Frog:1217
17712,hunt_start,Jaguar,1433,184,6,104,1,target:Shroomer:1355
17714,spore_created,Shroomer,-1,221,9,71,1,
17714,spore_created,Shroomer,-1,215,6,64,9,
17720,kill,Elk,1332,36,8,164,9,killed_by:Polar Bear:128
17722,spore_matured,Shroomer,-1,43,0,213,5,
17722,reproduce,Shroomer,-1,43,0,213,5,offspring:1
17730,starvation,Parrot,202,11,7,249,3,
17733,kill,Elk,1827,148,6,232,0,killed_by:Bear:1818
17735,kill,Tapir,652,53,8,154,1,killed_by:Bear:568
17735,reproduce,Elk,1573,113,6,210,4,offspring:1
17736,hunt_start,Bear,568,52,9,154,6,target:Monkey:659
17737,reproduce,Elk,358,173,9,257,6,offspring:1
17739,reproduce,Parrot,1561,8,6,197,1,offspring:1
17751,kill,Penguin,519,21,6,41,6,killed_by:Polar Bear:339
17752,hunt_start,Polar Bear,339,22,7,41,3,target:Penguin:1028
17753,spore_created,Shroomer,-1,219,4,65,7,
17753,spore_created,Shroomer,-1,221,7,60,3,
17756,kill,Deer,1513,259,4,66,1,killed_by:Wolf:580
17758,kill,Rabbit,443,170,8,261,7,killed_by:Wolf:435
17758,kill,Shroomer,898,199,7,96,9,killed_by:Bear:690
17759,hunt_fail,Wolf,434,169,9,262,7,target_died
17759,hunt_start,Wolf,434,169,9,262,7,target:Deer:270
17759,hunt_fail,Wolf,797,167,0,268,3,target_died
17759,hunt_start,Wolf,797,167,0,268,3,target:Deer:583
17765,hunt_start,Bear,97,89,6,280,7,target:Elk:37
17765,kill,Shroomer,116,39,1,201,6,killed_by:Polar Bear:398
17770,reproduce,Musk Ox,416,168,2,152,3,offspring:1
17770,reproduce,Camel,1066,143,6,96,0,offspring:1
17771,hunt_start,Polar Bear,315,155,1,115,1,target:Rabbit:165
17775,starvation,Rabbit,1620,119,6,236,5,
17777,reproduce,Parrot,1615,7,5,256,6,offspring:1
17780,spore_created,Shroomer,-1,1,3,197,3,
17780,spore_created,Shroomer,-1,9,7,192,3,
17783,hunt_start,Polar Bear,1733,93,0,151,9,target:Musk Ox:91
17791,reproduce,Monkey,1444,191,9,3,9,offspring:1
17792,spore_created,Shroomer,-1,203,9,71,6,
17792,spore_created,Shroomer,-1,214,8,74,4,
17795,kill,Deer,583,164,3,265,8,killed_by:Wolf:1184
17796,hunt_fail,Wolf,797,164,8,265,9,target_died
17796,hunt_start,Wolf,797,164,8,265,9,target:Rabbit:1834
17798,reproduce,Lizard,1127,17,6,95,5,offspring:2
17803,hunt_start,Jaguar,487,230,1,93,1,target:Parrot:1223
17806,starvation,Frog,1621,142,6,214,5,
17806,hunt_fail,Wolf,1425,121,8,227,0,target_died
17806,hunt_start,Wolf,1425,121,8,227,0,target:Lizard:17
17806,hunt_start,Wolf,1819,273,6,103,7,target:Lizard:858
17809,starvation,Shroomer,816,229,6,87,6,
17809,hunt_start,Boar,550,5,7,213,5,target:Shroomer:318
17811,kill,Shroomer,1355,180,0,102,6,killed_by:Jaguar:1433
17812,hunt_start,Jaguar,1433,180,6,102,8,target:Deer:1348
17814,reproduce,Deer,84,2,0,91,1,offspring:1
17814,reproduce,Deer,1270,20,5,93,7,offspring:1
17818,starvation,Fish,502,270,6,247,2,
17820,spore_created,Shroomer,-1,230,5,82,3,
17820,spore_created,Shroomer,-1,218,6,87,9,
17822,hunt_start,Jaguar,1251,105,4,101,5,target:Tapir:418
17825,spore_created,Shroomer,-1,204,0,98,6,
17825,spore_created,Shroomer,-1,215,2,105,2,
17826,spore_created,Shroomer,-1,10,8,223,4,
17826,spore_created,Shroomer,-1,18,2,224,6,
17826,spore_created,Shroomer,-1,-3,0,200,7,
17826,spore_created,Shroomer,-1,3,2,206,2,
17833,reproduce,Boar,1763,209,1,154,0,offspring:2
17834,kill,Camel,252,164,2,245,0,killed_by:Bear:499
17834,hunt_start,Boar,1763,209,1,154,0,target:Lizard:776
17834,spore_matured,Shroomer,-1,215,5,64,7,
17834,reproduce,Shroomer,-1,215,5,64,7,offspring:1
17834,spore_matured,Shroomer,-1,221,8,70,9,
17834,reproduce,Shroomer,-1,221,8,70,9,offspring:1
17835,hunt_fail,Bear,1639,180,0,231,0,prey_escaped
17835,hunt_start,Bear,1639,180,0,231,0,target:Lizard:1744
17836,age_death,Lizard,1159,104,6,46,7,
17836,age_death,Lizard,1161,19,4,0,0,
17836,spore_matured,Shroomer,-1,207,8,69,7,
17836,reproduce,Shroomer,-1,207,8,69,7,offspring:1
17837,hunt_fail,Jaguar,964,22,6,0,1,target_died
17839,reproduce,Faeling,0,1,4,194,3,offspring:1
17840,spore_matured,Shroomer,-1,210,8,65,0,
17840,reproduce,Shroomer,-1,210,8,65,0,offspring:1
17848,kill,Deer,270,180,5,258,7,killed_by:Wolf:435
17848,kill,Shroomer,318,11,2,211,3,killed_by:Boar:1609
17848,reproduce,Parrot,665,77,5,6,4,offspring:1
17849,starvation,Rabbit,766,0,0,46,2,
17849,hunt_fail,Wolf,434,179,4,259,1,target_died
17849,hunt_start,Wolf,434,179,4,259,1,target:Deer:126
17849,hunt_fail,Boar,550,7,6,212,9,target_died
17849,hunt_start,Boar,550,7,6,212,9,target:Shroomer:1829
17856,environment_death,Shroomer,1838,195,4,108,4,drowning
17859,hunt_start,Jaguar,1125,226,5,91,8,target:Shroomer:1048
17864,kill,Boar,982,267,7,103,1,killed_by:Jaguar:1732
17872,starvation,Shroomer,471,218,6,79,4,
17872,hunt_start,Polar Bear,963,121,4,24,6,target:Musk Ox:357
17873,reproduce,Elk,5,208,1,55,5,offspring:1
17873,spore_matured,Shroomer,-1,219,6,65,7,
17873,reproduce,Shroomer,-1,219,6,65,7,offspring:1
17878,reproduce,Deer,43,257,3,113,0,offspring:1
17880,hunt_start,Polar Bear,1817,11,2,284,3,target:Deer:1152
17883,reproduce,Deer,107,175,5,283,2,offspring:1
17884,reproduce,Monkey,513,67,9,110,7,offspring:1
17886,starvation,Tapir,354,181,4,192,6,
17892,reproduce,Elk,1708,241,4,128,0,offspring:1
17894,reproduce,Deer,1617,285,8,256,1,offspring:1
17895,kill,Shroomer,1048,229,1,93,6,killed_by:Jaguar:1125
17897,hunt_start,Wolf,1301,193,4,201,2,target:Lizard:1741
17899,reproduce,Tapir,1660,68,5,227,5,offspring:1
17907,starvation,Parrot,1629,0,3,122,0,
17912,spore_matured,Shroomer,-1,203,9,71,6,
17912,reproduce,Shroomer,-1,203,9,71,6,offspring:1
17912,spore_matured,Shroomer,-1,215,0,74,3,
17912,reproduce,Shroomer,-1,215,0,74,3,offspring:1
17914,reproduce,Elk,122,24,2,187,3,offspring:1
17915,hunt_fail,Polar Bear,687,243,7,82,7,prey_escaped
17915,hunt_start,Polar Bear,687,243,7,82,7,target:Shroomer:1373
17919,hunt_start,Bear,1753,85,8,167,6,target:Musk Ox:1252
17922,environment_death,Deer,61,144,3,7,6,drowning
17922,hunt_fail,Bear,540,144,0,14,0,target_died
17922,hunt_start,Bear,540,144,0,14,0,target:Elk:1391
17923,reproduce,Penguin,1377,63,8,70,3,offspring:1
17924,age_death,Lizard,1174,195,9,247,7,
17924,age_death,Lizard,1175,62,7,12,0,
17925,spore_matured,Shroomer,-1,221,0,60,8,
17925,reproduce,Shroomer,-1,221,0,60,8,offspring:1
17928,kill,Deer,827,187,8,141,2,killed_by:Jaguar:1750
17929,spore_created,Shroomer,-1,30,7,191,3,
17929,spore_created,Shroomer,-1,28,6,185,2,
17931,kill,Deer,126,186,0,254,7,killed_by:Wolf:435
17932,hunt_fail,Wolf,434,184,9,255,8,target_died
17932,hunt_start,Wolf,434,184,9,255,8,target:Deer:1284
17934,reproduce,Monkey,96,130,9,127,7,offspring:1
17937,kill,Frog,1630,138,9,277,8,killed_by:Bear:462
17938,hunt_start,Bear,462,138,5,276,9,target:Elk:856
17938,hunt_fail,Bear,1828,136,3,273,8,target_died
17938,hunt_start,Bear,1828,136,3,273,8,target:Elk:856
17938,reproduce,Jaguar,1732,270,4,105,5,offspring:1
17939,hunt_start,Jaguar,1174,270,1,104,3,target:Boar:1604
17939,hunt_start,Jaguar,1732,270,5,105,5,target:Boar:1604
17940,spore_matured,Shroomer,-1,218,7,88,0,
17940,reproduce,Shroomer,-1,218,7,88,0,offspring:1
17940,spore_matured,Shroomer,-1,230,6,82,3,
17940,reproduce,Shroomer,-1,230,6,82,3,offspring:1
17941,kill,Tapir,418,103,5,95,0,killed_by:Jaguar:1251
17943,hunt_start,Jaguar,1213,202,1,124,4,target:Shroomer:1766
17945,hunt_start,Bear,1807,102,2,285,3,target:Elk:207
17945,spore_matured,Shroomer,-1,204,1,98,8,
17945,reproduce,Shroomer,-1,204,1,98,8,offspring:1
17946,spore_matured,Shroomer,-1,-3,0,200,7,
17946,reproduce,Shroomer,-1,-3,0,200,7,offspring:1
17946,spore_matured,Shroomer,-1,3,2,206,2,
17946,reproduce,Shroomer,-1,3,2,206,2,offspring:1
17947,reproduce,Rabbit,1713,60,9,22,1,offspring:2
17952,spore_matured,Shroomer,-1,1,3,197,3,
17952,reproduce,Shroomer,-1,1,3,197,3,offspring:1
17952,spore_matured,Shroomer,-1,9,4,192,1,
17952,reproduce,Shroomer,-1,9,4,192,1,offspring:1
17956,hunt_start,Polar Bear,478,94,1,155,9,target:Musk Ox:1252
17960,reproduce,Parrot,642,71,5,0,1,offspring:1
17960,reproduce,Deer,1118,9,0,265,8,offspring:1
17960,reproduce,Deer,1162,0,5,275,9,offspring:1
17961,kill,Frog,1217,177,4,105,6,killed_by:Jaguar:1088
17962,hunt_start,Jaguar,1088,177,8,105,8,target:Shroomer:246
17964,kill,Musk Ox,91,85,2,157,9,killed_by:Polar Bear:1733
17967,hunt_fail,Wolf,434,185,0,255,2,discomfort
17970,starvation,Tapir,1496,2,7,108,9,
17972,starvation,Rabbit,1452,219,1,79,7,
17973,age_death,Lizard,858,265,4,82,8,
17973,age_death,Lizard,1176,214,4,170,5,
17974,hunt_fail,Wolf,1819,267,5,88,2,target_died
17974,hunt_start,Wolf,1819,267,5,88,2,target:Monkey:838
17974,reproduce,Tapir,454,27,9,127,9,offspring:1
17975,kill,Deer,1768,94,7,150,3,killed_by:Bear:945
17976,hunt_start,Bear,945,93,9,149,9,target:Monkey:749
17976,age_death,Lizard,1177,73,7,261,7,
17976,age_death,Lizard,1178,53,8,273,8,
17977,hunt_start,Boar,508,32,9,205,3,target:Shroomer:1319
17977,reproduce,Penguin,104,132,0,22,0,offspring:1
17978,age_death,Monkey,336,96,0,216,8,
17981,age_death,Monkey,320,286,2,286,0,
17981,reproduce,Monkey,1771,279,5,31,8,offspring:1
17984,kill,Boar,1298,32,1,88,9,killed_by:Jaguar:1067
17985,starvation,Hawk,369,14,3,32,1,
17985,hunt_start,Jaguar,1067,32,7,89,0,target:Parrot:762
17986,kill,Musk Ox,357,127,2,21,7,killed_by:Polar Bear:963
17988,reproduce,Deer,1224,113,9,98,4,offspring:1
17988,reproduce,Deer,1423,160,8,257,0,offspring:1
17991,reproduce,Deer,756,74,3,273,1,offspring:1
17996,hunt_start,Boar,651,26,1,205,7,target:Shroomer:133
17998,spore_matured,Shroomer,-1,10,8,223,6,
17998,reproduce,Shroomer,-1,10,8,223,6,offspring:1
17998,spore_matured,Shroomer,-1,18,2,224,6,
17998,reproduce,Shroomer,-1,18,2,224,6,offspring:1
18000,reproduce,Deer,737,164,6,155,5,offspring:1
18001,kill,Elk,37,76,4,288,0,killed_by:Bear:97
18011,hunt_start,Jaguar,964,21,8,1,4,target:Penguin:674
18011,kill,Elk,207,100,7,288,0,killed_by:Bear:1807
18012,reproduce,Turtle,1110,119,4,188,9,offspring:1
18013,reproduce,Turtle,157,160,1,180,1,offspring:1
18013,kill,Faeling,1159,14,8,206,1,killed_by:Shroomer:1829
18014,reproduce,Elk,1243,63,8,76,8,offspring:1
18018,reproduce,Monkey,1808,138,7,72,6,offspring:1
18019,hunt_start,Wolf,580,263,1,68,0,target:Lizard:632
18020,reproduce,Monkey,444,121,9,84,9,offspring:1
18021,kill,Deer,675,155,0,251,1,killed_by:Bear:1525
18021,age_death,Lizard,79,270,3,171,6,
18021,age_death,Lizard,573,213,5,91,2,
18024,kill,Shroomer,1766,198,3,121,9,killed_by:Jaguar:1213
18027,kill,Shroomer,1829,11,5,206,5,killed_by:Boar:550
18033,starvation,Wolf,298,65,7,189,5,
18034,kill,Deer,1348,167,5,94,9,killed_by:Jaguar:1433
18037,reproduce,Camel,531,81,9,180,8,offspring:1
18038,starvation,Monkey,1722,82,6,134,5,
18042,age_death,Rabbit,928,269,9,270,0,
18042,age_death,Rabbit,929,271,4,265,1,
18042,age_death,Rabbit,930,256,8,240,5,
18046,reproduce,Deer,205,173,1,115,7,offspring:1
18047,age_death,Parrot,575,247,5,261,9,
18048,reproduce,Rabbit,1811,186,4,277,4,offspring:2
18048,spore_created,Shroomer,-1,77,5,262,6,
18048,spore_created,Shroomer,-1,77,9,250,1,
18048,spore_created,Shroomer,-1,100,8,257,6,
18048,spore_created,Shroomer,-1,92,1,259,6,
18051,hunt_start,Bear,824,119,2,250,3,target:Elk:722
18055,hunt_start,Jaguar,1111,23,7,124,5,target:Tapir:1134
18058,hunt_start,Wolf,1184,169,8,268,3,target:Monkey:340
18060,kill,Musk Ox,1252,89,5,160,1,killed_by:Bear:1753
18061,hunt_fail,Polar Bear,478,90,3,159,7,target_died
18061,hunt_start,Polar Bear,478,90,3,159,7,target:Lizard:1405
18061,kill,Boar,1604,281,0,103,3,killed_by:Jaguar:1732
18062,kill,Elk,856,138,7,285,4,killed_by:Bear:462
18062,hunt_fail,Jaguar,1174,273,4,104,0,target_died
18062,hunt_start,Jaguar,1174,273,4,104,0,target:Parrot:100
18062,reproduce,Elk,409,189,5,281,8,offspring:1
18063,starvation,Shroomer,998,217,3,79,4,
18063,hunt_fail,Bear,1828,138,1,281,3,target_died
18063,hunt_start,Bear,1828,138,1,281,3,target:Monkey:785
18066,reproduce,Elk,1679,174,0,264,4,offspring:1
18067,kill,Shroomer,246,177,3,110,9,killed_by:Jaguar:1088
18071,reproduce,Elk,383,54,3,282,2,offspring:1
18085,reproduce,Turtle,1062,224,9,70,4,offspring:1
18088,reproduce,Tapir,1008,151,7,236,5,offspring:1
18095,spore_created,Shroomer,-1,164,7,115,2,
18095,spore_created,Shroomer,-1,159,1,110,2,
18100,starvation,Elk,1459,62,6,245,5,
18101,spore_matured,Shroomer,-1,30,8,191,2,
18101,reproduce,Shroomer,-1,30,8,191,2,offspring:1
18103,hunt_start,Polar Bear,855,44,1,200,7,target:Shroomer:405
18106,environment_death,Shroomer,1827,231,9,82,3,drowning
18112,starvation,Monkey,1533,71,6,142,5,
18113,reproduce,Parrot,1638,80,3,160,0,offspring:1
18119,reproduce,Boar,649,278,5,195,5,offspring:2
18120,hunt_start,Boar,575,281,2,197,8,target:Rabbit:470
18120,hunt_start,Boar,649,278,5,195,5,target:Lizard:544
18120,hunt_start,Boar,930,281,2,197,8,target:Rabbit:470
18123,reproduce,Elk,578,58,5,256,0,offspring:1
18143,starvation,Shroomer,89,219,7,112,6,
18145,kill,Elk,1391,133,8,11,3,killed_by:Bear:540
18146,hunt_start,Bear,540,133,9,12,5,target:Deer:60
18146,reproduce,Deer,1466,175,6,204,0,offspring:1
18148,hunt_start,Polar Bear,269,17,9,194,1,target:Boar:787
18148,reproduce,Bear,540,133,9,12,6,offspring:1
18153,spore_created,Shroomer,-1,229,0,68,2,
18153,spore_created,Shroomer,-1,230,8,80,4,
18156,reproduce,Lizard,1342,176,9,128,3,offspring:2
18157,age_death,Parrot,145,100,2,77,9,
18161,reproduce,Deer,438,252,2,256,1,offspring:1
18166,spore_created,Shroomer,-1,203,1,70,5,
18166,spore_created,Shroomer,-1,208,8,63,3,
18167,reproduce,Tapir,1536,73,4,224,0,offspring:1
18168,reproduce,Camel,452,147,6,96,5,offspring:1
18171,hunt_start,Bear,1818,144,2,230,9,target:Tapir:1008
18172,reproduce,Musk Ox,618,160,0,158,0,offspring:1
18173,environment_death,Shroomer,71,206,5,98,0,drowning
18173,spore_created,Shroomer,-1,101,1,255,5,
18173,spore_created,Shroomer,-1,104,1,257,0,
18177,spore_created,Shroomer,-1,215,1,70,5,
18177,spore_created,Shroomer,-1,221,8,71,6,
18181,age_death,Rabbit,47,111,8,61,6,
18184,age_death,Parrot,151,17,9,213,1,
18185,kill,Tapir,1134,25,2,135,2,killed_by:Jaguar:1111
18186,starvation,Shroomer,197,17,9,175,3,
18189,reproduce,Parrot,1746,2,8,161,3,offspring:1
18194,hunt_start,Polar Bear,1793,127,9,30,5,target:Musk Ox:300
18196,hunt_start,Bear,690,204,9,96,1,target:Shroomer:216
18199,hunt_start,Boar,767,24,8,220,7,target:Shroomer:1752
18207,reproduce,Camel,297,92,8,192,0,offspring:1
18214,kill,Shroomer,405,43,7,205,1,killed_by:Polar Bear:855
18215,spore_matured,Shroomer,-1,159,1,110,2,
18215,reproduce,Shroomer,-1,159,1,110,2,offspring:1
18216,spore_created,Shroomer,-1,94,8,256,8,
18216,spore_created,Shroomer,-1,97,0,266,0,
18220,environment_death,Shroomer,827,203,6,99,0,drowning
18220,spore_matured,Shroomer,-1,77,5,262,6,
18220,reproduce,Shroomer,-1,77,5,262,6,offspring:1
18220,spore_matured,Shroomer,-1,77,8,250,2,
18220,reproduce,Shroomer,-1,77,8,250,2,offspring:1
18220,spore_matured,Shroomer,-1,91,7,259,7,
18220,reproduce,Shroomer,-1,91,7,259,7,offspring:1
18220,spore_matured,Shroomer,-1,100,8,257,8,
18220,reproduce,Shroomer,-1,100,8,257,8,offspring:1
18222,spore_created,Shroomer,-1,25,0,202,4,
18222,spore_created,Shroomer,-1,19,3,212,0,
18223,starvation,Monkey,659,58,3,166,4,
18223,hunt_fail,Bear,568,54,7,160,3,target_died
18223,hunt_start,Bear,568,54,7,160,3,target:Deer:798
18223,reproduce,Camel,494,108,9,96,0,offspring:1
18224,reproduce,Monkey,1616,75,2,151,9,offspring:1
18228,kill,Shroomer,1319,41,6,202,8,killed_by:Boar:508
18228,kill,Shroomer,1373,236,6,74,4,killed_by:Polar Bear:687
18229,hunt_start,Polar Bear,687,237,2,75,0,target:Shroomer:1195
18230,reproduce,Tapir,1745,174,6,115,2,offspring:1
18244,hunt_start,Polar Bear,593,23,7,206,6,target:Shroomer:1132
18248,environment_death,Shroomer,421,34,4,147,2,drowning
18248,hunt_fail,Jaguar,1023,34,2,146,2,target_died
18248,kill,Deer,1152,0,2,268,2,killed_by:Polar Bear:1817
18249,reproduce,Jaguar,1750,190,2,134,7,offspring:1
18250,hunt_start,Jaguar,1373,192,1,132,7,target:Monkey:1677
18250,hunt_start,Jaguar,1750,190,2,134,7,target:Monkey:1677
18251,reproduce,Boar,1757,86,5,63,9,offspring:2
18252,hunt_start,Boar,421,86,0,63,3,target:Penguin:588
18252,hunt_start,Boar,1152,86,0,63,3,target:Penguin:588
18252,hunt_start,Boar,1757,86,5,63,9,target:Penguin:588
18252,reproduce,Monkey,222,138,2,67,7,offspring:1
18260,starvation,Rabbit,1666,99,5,141,4,
18263,hunt_start,Polar Bear,128,37,0,165,7,target:Elk:1334
18267,hunt_start,Jaguar,1125,227,3,86,6,target:Monkey:806
18267,spore_matured,Shroomer,-1,164,7,115,2,
18267,reproduce,Shroomer,-1,164,7,115,2,offspring:1
18268,spore_created,Shroomer,-1,11,3,209,2,
18268,spore_created,Shroomer,-1,8,5,205,9,
18269,hunt_start,Boar,1609,7,9,212,2,target:Shroomer:1348
18272,hunt_start,Bear,499,158,9,243,6,target:Elk:1244
18273,starvation,Jaguar,463,156,8,47,5,
18273,spore_matured,Shroomer,-1,230,9,80,6,
18273,reproduce,Shroomer,-1,230,9,80,6,offspring:1
18273,spore_matured,Shroomer,-1,229,2,68,3,
18273,reproduce,Shroomer,-1,229,2,68,3,offspring:1
18275,kill,Elk,722,120,6,264,7,killed_by:Bear:824
18281,reproduce,Elk,996,5,8,175,2,offspring:1
18282,reproduce,Parrot,1805,137,8,146,8,offspring:1
18285,starvation,Jaguar,321,167,6,62,9,
18286,spore_matured,Shroomer,-1,202,9,70,5,
18286,reproduce,Shroomer,-1,202,9,70,5,offspring:1
18289,starvation,Shroomer,1704,49,5,212,4,
18289,reproduce,Deer,1215,176,4,127,8,offspring:1
18293,reproduce,Monkey,143,262,7,159,7,offspring:1
18295,spore_created,Shroomer,-1,234,0,71,8,
18295,spore_created,Shroomer,-1,223,7,64,3,
18296,hunt_start,Boar,651,26,9,205,1,target:Shroomer:675
18297,reproduce,Deer,1239,184,9,262,8,offspring:1
18297,spore_matured,Shroomer,-1,215,2,70,5,
18297,reproduce,Shroomer,-1,215,2,70,5,offspring:1
18297,spore_matured,Shroomer,-1,221,6,71,4,
18297,reproduce,Shroomer,-1,221,6,71,4,offspring:1
18300,reproduce,Turtle,954,136,7,19,4,offspring:1
18300,reproduce,Monkey,1037,62,0,213,0,offspring:1
18307,reproduce,Elk,50,192,6,82,7,offspring:1
18308,hunt_start,Polar Bear,398,41,1,196,2,target:Boar:639
18313,kill,Boar,787,18,5,183,7,killed_by:Polar Bear:269
18313,hunt_start,Jaguar,1251,100,7,94,0,target:Tapir:363
18320,age_death,Parrot,115,242,3,244,2,
18327,reproduce,Parrot,1046,256,8,283,1,offspring:1
18329,kill,Musk Ox,300,134,4,26,0,killed_by:Polar Bear:1793
18331,starvation,Rabbit,648,98,3,142,3,
18333,kill,Shroomer,1195,235,0,71,1,killed_by:Polar Bear:687
18334,hunt_start,Polar Bear,687,235,4,71,8,target:Shroomer:1350
18335,hunt_start,Bear,1204,235,4,208,0,target:Rabbit:709
18337,reproduce,Rabbit,1305,63,9,276,6,offspring:2
18338,spore_matured,Shroomer,-1,208,7,63,3,
18338,reproduce,Shroomer,-1,208,7,63,3,offspring:1
18342,spore_matured,Shroomer,-1,25,0,202,4,
18342,reproduce,Shroomer,-1,25,0,202,4,offspring:1
18342,spore_matured,Shroomer,-1,19,2,211,6,
18342,reproduce,Shroomer,-1,19,2,211,6,offspring:1
18345,spore_matured,Shroomer,-1,101,2,255,2,
18345,reproduce,Shroomer,-1,101,2,255,2,offspring:1
18345,spore_matured,Shroomer,-1,104,1,257,0,
18345,reproduce,Shroomer,-1,104,1,257,0,offspring:1
18355,kill,Parrot,1497,135,5,258,5,killed_by:Wolf:745
18356,hunt_start,Wolf,745,135,8,258,5,target:Deer:1448
18356,hunt_start,Jaguar,1023,35,3,145,7,target:Deer:993
18358,kill,Shroomer,1132,18,9,206,1,killed_by:Polar Bear:593
18371,hunt_fail,Jaguar,487,278,6,110,6,discomfort
18373,spore_created,Shroomer,-1,238,3,117,4,
18373,spore_created,Shroomer,-1,232,4,129,8,
18374,starvation,Shroomer,924,226,2,102,2,
18375,kill,Shroomer,216,200,8,99,7,killed_by:Bear:690
18380,kill,Shroomer,1348,11,9,208,7,killed_by:Boar:1609
18381,hunt_start,Boar,1609,11,6,208,9,target:Shroomer:1857
18388,spore_matured,Shroomer,-1,94,9,256,1,
18388,reproduce,Shroomer,-1,94,9,256,1,offspring:1
18388,spore_matured,Shroomer,-1,97,0,266,0,
18388,reproduce,Shroomer,-1,97,0,266,0,offspring:1
18388,spore_matured,Shroomer,-1,8,5,205,9,
18388,reproduce,Shroomer,-1,8,5,205,9,offspring:1
18389,hunt_fail,Boar,1609,11,3,208,7,target_died
18389,hunt_start,Boar,1609,11,3,208,7,target:Shroomer:1132
18392,reproduce,Polar Bear,478,106,7,175,5,offspring:1
18392,reproduce,Monkey,1444,183,2,9,2,offspring:1
18393,hunt_start,Polar Bear,924,107,4,175,4,target:Musk Ox:469
18396,hunt_start,Jaguar,1213,202,9,125,5,target:Shroomer:493
18396,reproduce,Tapir,1271,147,1,240,9,offspring:1
18400,reproduce,Elk,1198,98,8,221,5,offspring:1
18401,hunt_start,Boar,1597,66,0,95,8,target:Lizard:1201
18401,age_death,Parrot,600,123,8,48,1,
18406,hunt_start,Jaguar,1433,172,0,103,0,target:Monkey:1676
18410,reproduce,Parrot,881,9,9,145,9,offspring:1
18412,reproduce,Parrot,1668,12,9,143,6,offspring:1
18414,starvation,Rabbit,1343,255,8,52,1,
18414,hunt_fail,Wolf,28,263,0,55,8,target_died
18414,hunt_start,Wolf,28,263,0,55,8,target:Parrot:342
18422,kill,Shroomer,1752,17,2,216,9,killed_by:Boar:767
18423,spore_created,Shroomer,-1,222,5,64,2,
18423,spore_created,Shroomer,-1,225,3,78,6,
18426,reproduce,Deer,1237,29,2,7,1,offspring:1
18433,hunt_start,Jaguar,1732,279,3,101,2,target:Parrot:1598
18437,reproduce,Deer,43,257,5,111,3,offspring:1
18438,starvation,Parrot,935,187,4,48,4,
18439,hunt_start,Bear,97,75,9,278,1,target:Elk:732
18439,hunt_start,Jaguar,1088,177,5,115,1,target:Tapir:1745
18443,starvation,Parrot,974,260,6,172,5,
18443,reproduce,Wolf,435,198,1,256,1,offspring:1
18444,hunt_start,Wolf,935,200,0,255,3,target:Lizard:878
18449,hunt_start,Bear,1807,99,8,281,8,target:Elk:532
18452,kill,Deer,1448,146,1,251,4,killed_by:Wolf:745
18453,hunt_start,Wolf,745,145,7,251,6,target:Frog:1451
18458,kill,Tapir,1008,159,1,240,2,killed_by:Bear:1818
18459,hunt_start,Bear,1525,147,9,248,0,target:Frog:1451
18459,reproduce,Parrot,338,75,0,19,1,offspring:1
18461,starvation,Deer,786,40,6,147,8,
18461,hunt_fail,Bear,1317,47,4,147,0,target_died
18464,hunt_start,Wolf,435,197,6,255,9,target:Lizard:878
18464,reproduce,Tapir,492,146,6,225,6,offspring:1
18467,spore_matured,Shroomer,-1,223,4,64,3,
18467,reproduce,Shroomer,-1,223,4,64,3,offspring:1
18468,hunt_start,Boar,230,21,8,222,5,target:Shroomer:1176
18470,hunt_start,Boar,1597,63,6,95,7,target:Lizard:1201
18473,kill,Shroomer,1350,236,2,66,3,killed_by:Polar Bear:687
18473,reproduce,Parrot,1024,14,1,141,5,offspring:1
18481,age_death,Lizard,769,270,3,257,9,
18483,reproduce,Monkey,1431,71,2,105,0,offspring:1
18484,hunt_start,Bear,462,140,8,277,5,target:Elk:1288
18484,reproduce,Parrot,1409,282,6,170,4,offspring:1
18485,reproduce,Deer,107,159,8,278,9,offspring:1
18491,reproduce,Polar Bear,963,127,9,16,3,offspring:1
18492,starvation,Monkey,497,68,7,141,2,
18492,hunt_start,Polar Bear,963,127,9,16,4,target:Musk Ox:356
18492,hunt_start,Polar Bear,1864,128,5,18,0,target:Musk Ox:356
18492,reproduce,Polar Bear,687,235,7,67,3,offspring:1
18493,hunt_start,Polar Bear,497,235,4,69,6,target:Shroomer:160
18493,hunt_start,Polar Bear,687,235,7,67,3,target:Shroomer:160
18493,spore_matured,Shroomer,-1,232,4,129,8,
18493,reproduce,Shroomer,-1,232,4,129,8,offspring:1
18495,kill,Boar,639,37,7,185,1,killed_by:Polar Bear:398
18498,hunt_start,Bear,1753,85,8,169,2,target:Deer:1120
18503,age_death,Parrot,602,243,3,272,7,
18505,kill,Elk,1244,171,2,253,0,killed_by:Bear:499
18507,hunt_start,Polar Bear,1733,87,0,150,5,target:Parrot:1501
18509,starvation,Monkey,666,265,8,163,0,
18510,starvation,Deer,633,49,0,126,9,
18512,reproduce,Faeling,0,1,3,194,4,offspring:1
18517,spore_created,Shroomer,-1,222,9,109,4,
18517,spore_created,Shroomer,-1,229,5,101,5,
18520,reproduce,Parrot,1501,87,7,159,2,offspring:1
18523,spore_created,Shroomer,-1,87,7,230,7,
18523,spore_created,Shroomer,-1,90,1,228,6,
18526,reproduce,Monkey,1642,288,1,40,4,offspring:1
18528,kill,Shroomer,160,234,4,68,6,killed_by:Polar Bear:497
18529,hunt_start,Polar Bear,497,234,7,69,4,target:Shroomer:1788
18529,hunt_fail,Polar Bear,687,234,8,67,9,target_died
18529,hunt_start,Polar Bear,687,234,8,67,9,target:Shroomer:1788
18529,age_death,Parrot,603,142,6,99,1,
18532,spore_created,Shroomer,-1,217,9,77,8,
18532,spore_created,Shroomer,-1,223,3,63,6,
18533,kill,Elk,732,75,4,271,8,killed_by:Bear:97
18533,kill,Tapir,363,109,6,99,0,killed_by:Jaguar:1251
18535,spore_created,Shroomer,-1,213,7,121,0,
18535,spore_created,Shroomer,-1,212,3,125,5,
18538,reproduce,Rabbit,396,282,5,62,0,offspring:2
18540,reproduce,Elk,358,160,3,259,8,offspring:1
18543,spore_matured,Shroomer,-1,225,0,78,4,
18543,reproduce,Shroomer,-1,225,0,78,4,offspring:1
18544,hunt_start,Boar,650,10,1,219,4,target:Shroomer:103
18549,reproduce,Deer,836,151,0,206,2,offspring:1
18556,reproduce,Monkey,513,65,4,116,8,offspring:1
18557,hunt_start,Jaguar,1111,16,5,139,5,target:Boar:918
18559,hunt_start,Bear,856,135,0,10,8,target:Elk:330
18559,kill,Shroomer,1132,6,7,204,1,killed_by:Boar:1609
18560,reproduce,Parrot,1437,79,6,151,7,offspring:1
18561,hunt_fail,Bear,1639,200,1,226,7,prey_escaped
18561,hunt_start,Bear,1639,200,1,226,7,target:Elk:698
18562,reproduce,Parrot,343,280,1,260,6,offspring:1
18563,kill,Frog,1451,156,8,258,1,killed_by:Wolf:745
18564,hunt_start,Wolf,745,156,5,257,9,target:Deer:1496
18564,hunt_fail,Bear,1525,151,6,253,5,target_died
18564,hunt_start,Bear,1525,151,6,253,5,target:Elk:1867
18564,spore_created,Shroomer,-1,28,5,187,1,
18564,spore_created,Shroomer,-1,10,1,185,7,
18565,age_death,Parrot,615,267,5,230,0,
18567,hunt_fail,Wolf,434,204,0,266,2,discomfort
18568,reproduce,Tapir,685,83,4,224,1,offspring:1
18569,starvation,Wolf,627,209,7,243,4,
18570,reproduce,Parrot,1529,270,3,277,5,offspring:1
18575,starvation,Lizard,1129,239,8,46,7,
18577,spore_matured,Shroomer,-1,222,3,63,9,
18577,reproduce,Shroomer,-1,222,3,63,9,offspring:1
18580,kill,Musk Ox,469,105,9,161,9,killed_by:Polar Bear:924
18581,hunt_fail,Wolf,435,203,4,266,1,discomfort
18583,reproduce,Deer,1562,246,0,66,3,offspring:1
18591,reproduce,Parrot,665,85,6,0,5,offspring:1
18591,reproduce,Deer,1224,121,6,101,2,offspring:1
18592,kill,Musk Ox,356,125,7,24,5,killed_by:Polar Bear:1864
18593,hunt_fail,Polar Bear,963,126,9,21,4,target_died
18593,hunt_start,Polar Bear,963,126,9,21,4,target:Penguin:1535
18594,hunt_start,Boar,650,10,5,220,1,target:Shroomer:103
18597,reproduce,Rabbit,1801,71,8,167,9,offspring:2
18598,kill,Penguin,1028,3,4,40,4,killed_by:Polar Bear:339
18598,kill,Shroomer,1788,232,6,69,6,killed_by:Polar Bear:497
18598,reproduce,Frog,226,129,7,278,7,offspring:2
18598,reproduce,Penguin,346,28,3,6,4,offspring:1
18598,reproduce,Penguin,803,22,4,15,1,offspring:1
18599,hunt_start,Polar Bear,339,4,5,40,5,target:Penguin:900
18599,hunt_start,Polar Bear,497,232,8,70,4,target:Shroomer:1214
18599,hunt_start,Boar,650,10,6,220,2,target:Shroomer:103
18599,hunt_fail,Polar Bear,687,233,5,68,8,prey_escaped
18599,hunt_start,Polar Bear,687,233,5,68,8,target:Shroomer:1385
18604,starvation,Lizard,631,12,2,28,1,
18607,spore_created,Shroomer,-1,233,0,69,2,
18607,spore_created,Shroomer,-1,226,1,68,3,
18609,reproduce,Monkey,1676,159,2,107,1,offspring:1
18626,reproduce,Lizard,98,95,7,30,0,offspring:2
18626,reproduce,Monkey,1808,139,6,66,3,offspring:1
18627,kill,Deer,798,81,0,158,6,killed_by:Bear:568
18627,hunt_start,Bear,1317,47,9,147,1,target:Monkey:749
18628,hunt_start,Bear,568,80,3,158,5,target:Camel:1507
18628,reproduce,Deer,66,72,5,165,8,offspring:1
18630,hunt_start,Boar,508,38,4,200,8,target:Shroomer:1734
18632,spore_created,Shroomer,-1,233,6,117,8,
18632,spore_created,Shroomer,-1,232,3,120,5,
18633,kill,Elk,532,108,7,274,3,killed_by:Bear:1807
18634,hunt_start,Boar,650,10,5,220,5,target:Shroomer:103
18636,age_death,Lizard,556,116,6,103,7,
18639,hunt_start,Boar,650,10,6,220,6,target:Shroomer:103
18641,reproduce,Monkey,444,88,7,95,5,offspring:1
18646,reproduce,Parrot,1050,165,7,117,0,offspring:1
18652,hunt_start,Jaguar,487,276,3,115,9,target:Deer:46
18652,reproduce,Monkey,1219,258,4,74,2,offspring:1
18655,spore_matured,Shroomer,-1,213,7,121,0,
18655,reproduce,Shroomer,-1,213,7,121,0,offspring:1
18659,kill,Deer,1496,160,4,265,9,killed_by:Wolf:745
18659,spore_matured,Shroomer,-1,217,9,77,7,
18659,reproduce,Shroomer,-1,217,9,77,7,offspring:1
18660,hunt_start,Wolf,745,159,9,265,8,target:Rabbit:423
18668,reproduce,Tapir,293,119,0,98,6,offspring:1
18672,reproduce,Musk Ox,416,164,1,154,5,offspring:1
18674,environment_death,Elk,198,195,5,52,2,drowning
18674,age_death,Parrot,24,40,2,210,4,
18678,reproduce,Monkey,1606,124,9,288,0,offspring:1
18679,kill,Shroomer,1731,109,7,110,2,killed_by:Faeling:1517
18684,spore_matured,Shroomer,-1,10,1,185,7,
18684,reproduce,Shroomer,-1,10,1,185,7,offspring:1
18688,reproduce,Monkey,785,126,1,288,0,offspring:1
18688,reproduce,Monkey,1725,288,0,27,1,offspring:1
18690,kill,Faeling,639,18,2,196,2,killed_by:Shroomer:417
18695,spore_matured,Shroomer,-1,87,7,230,7,
18695,reproduce,Shroomer,-1,87,7,230,7,offspring:1
18695,spore_matured,Shroomer,-1,90,1,228,6,
18695,reproduce,Shroomer,-1,90,1,228,6,offspring:1
18696,starvation,Shroomer,1318,48,6,212,6,
18700,spore_created,Shroomer,-1,222,8,77,0,
18700,spore_created,Shroomer,-1,220,9,68,7,
18701,starvation,Rabbit,1160,214,3,75,7,
18704,spore_matured,Shroomer,-1,223,3,63,4,
18704,reproduce,Shroomer,-1,223,3,63,4,offspring:1
18707,reproduce,Bear,824,118,4,272,7,offspring:1
18708,hunt_start,Bear,824,118,4,272,7,target:Camel:250
18708,hunt_start,Bear,1160,119,6,270,8,target:Frog:1303
18720,starvation,Wolf,1425,115,5,287,2,
18721,kill,Elk,330,134,8,19,2,killed_by:Bear:856
18722,hunt_start,Bear,856,134,5,18,5,target:Turtle:1861
18725,reproduce,Bear,1525,161,3,257,4,offspring:1
18726,hunt_start,Bear,603,158,9,254,8,target:Elk:1867
18727,spore_matured,Shroomer,-1,233,0,69,2,
18727,reproduce,Shroomer,-1,233,0,69,2,offspring:1
18727,spore_matured,Shroomer,-1,226,1,68,1,
18727,reproduce,Shroomer,-1,226,1,68,1,offspring:1
18729,hunt_start,Boar,650,9,3,222,0,target:Shroomer:103
18730,kill,Shroomer,1385,228,9,67,6,killed_by:Polar Bear:687
18731,hunt_start,Polar Bear,687,229,8,67,8,target:Shroomer:1789
18732,spore_created,Shroomer,-1,31,6,199,7,
18732,spore_created,Shroomer,-1,20,8,202,0,
18738,kill,Shroomer,1214,233,2,74,9,killed_by:Polar Bear:497
18740,kill,Camel,1507,83,7,153,2,killed_by:Bear:568
18740,reproduce,Bear,568,83,3,153,9,offspring:1
18741,kill,Elk,1288,131,3,265,2,killed_by:Bear:462
18741,hunt_start,Bear,568,83,7,153,9,target:Lizard:15
18741,hunt_start,Bear,1385,82,7,153,8,target:Monkey:951
18745,starvation,Parrot,44,14,2,250,7,
18747,kill,Penguin,588,70,1,48,6,killed_by:Boar:1757
18748,hunt_fail,Boar,421,74,8,49,0,target_died
18748,hunt_fail,Boar,1152,73,2,50,2,target_died
18749,reproduce,Parrot,846,288,0,67,3,offspring:1
18749,reproduce,Parrot,1416,5,2,256,4,offspring:1
18753,kill,Elk,698,210,4,216,7,killed_by:Bear:1639
18757,hunt_start,Polar Bear,855,40,5,202,3,target:Shroomer:1734
18764,reproduce,Tapir,399,-0,0,197,2,offspring:1
18770,kill,Elk,1867,164,8,256,6,killed_by:Bear:1525
18770,reproduce,Deer,438,257,2,265,6,offspring:1
18771,hunt_fail,Bear,603,161,4,255,8,target_died
18771,hunt_start,Bear,603,161,4,255,8,target:Elk:358
18775,kill,Boar,918,20,9,140,7,killed_by:Jaguar:1111
18780,age_death,Frog,120,177,5,128,5,
18780,age_death,Frog,854,106,7,98,2,
18780,age_death,Frog,1144,95,9,80,7,
18780,reproduce,Frog,173,181,0,100,2,offspring:2
18782,reproduce,Frog,1090,110,5,104,9,offspring:2
18783,spore_created,Shroomer,-1,232,2,68,9,
18783,spore_created,Shroomer,-1,222,9,68,3,
18784,reproduce,Parrot,1598,273,9,99,3,offspring:1
18786,spore_created,Shroomer,-1,229,4,130,8,
18786,spore_created,Shroomer,-1,230,5,144,1,
18791,hunt_start,Polar Bear,1817,5,2,263,9,target:Deer:29
18792,kill,Deer,993,42,9,137,5,killed_by:Jaguar:1023
18793,hunt_start,Jaguar,1023,42,4,138,0,target:Deer:1538
18793,age_death,Lizard,1205,130,0,92,6,
18793,age_death,Lizard,1208,145,1,56,5,
18793,age_death,Lizard,1209,117,5,61,7,
18793,reproduce,Deer,1052,65,5,172,3,offspring:1
18800,reproduce,Deer,156,8,9,129,8,offspring:1
18813,hunt_start,Bear,690,199,0,95,0,target:Shroomer:1728
18820,starvation,Monkey,1815,17,6,279,4,
18820,spore_matured,Shroomer,-1,222,8,77,0,
18820,reproduce,Shroomer,-1,222,8,77,0,offspring:1
18821,environment_death,Shroomer,1879,215,5,121,3,drowning
18821,reproduce,Elk,1243,48,9,73,9,offspring:1
18825,environment_death,Shroomer,1880,219,4,77,3,drowning
18826,kill,Turtle,1861,130,6,21,7,killed_by:Bear:856
18831,environment_death,Deer,60,158,2,40,5,drowning
18831,hunt_fail,Bear,540,152,3,38,5,target_died
18831,hunt_start,Bear,540,152,3,38,5,target:Rabbit:1635
18832,age_death,Lizard,17,120,7,284,8,
18832,age_death,Lizard,420,197,4,163,2,
18832,age_death,Lizard,999,241,7,161,0,
18833,reproduce,Lizard,551,25,8,176,6,offspring:2
18835,kill,Shroomer,1789,229,9,63,5,killed_by:Polar Bear:687
18835,reproduce,Lizard,1026,208,5,191,8,offspring:2
18838,spore_created,Shroomer,-1,227,0,91,7,
18838,spore_created,Shroomer,-1,224,9,88,2,
18840,starvation,Parrot,1005,12,3,249,5,
18843,kill,Penguin,1535,110,7,27,5,killed_by:Polar Bear:963
18844,hunt_start,Polar Bear,963,111,3,27,3,target:Penguin:565
18844,reproduce,Penguin,1813,150,0,20,4,offspring:1
18845,starvation,Parrot,451,244,3,18,0,
18845,reproduce,Parrot,1513,16,2,265,4,offspring:1
18846,reproduce,Lizard,1016,209,9,25,3,offspring:2
18851,reproduce,Monkey,1683,136,0,61,9,offspring:1
18852,spore_matured,Shroomer,-1,31,6,199,7,
18852,reproduce,Shroomer,-1,31,6,199,7,offspring:1
18852,spore_matured,Shroomer,-1,21,1,202,0,
18852,reproduce,Shroomer,-1,21,1,202,0,offspring:1
18855,starvation,Jaguar,964,25,1,6,3,
18856,hunt_start,Polar Bear,269,25,1,182,5,target:Shroomer:1240
18857,spore_matured,Shroomer,-1,220,8,69,1,
18857,reproduce,Shroomer,-1,220,8,69,1,offspring:1
18858,reproduce,Monkey,222,125,9,56,1,offspring:1
18863,kill,Camel,250,115,6,283,0,killed_by:Bear:824
18865,reproduce,Elk,409,190,9,273,4,offspring:1
18867,reproduce,Elk,5,209,2,51,1,offspring:1
18872,hunt_start,Polar Bear,1793,140,3,28,5,target:Musk Ox:860
18874,spore_created,Shroomer,-1,229,2,170,4,
18874,spore_created,Shroomer,-1,224,7,177,3,
18880,kill,Shroomer,1734,41,4,208,6,killed_by:Polar Bear:855
18881,hunt_fail,Boar,508,41,2,208,0,target_died
18881,hunt_start,Boar,508,41,2,208,0,target:Shroomer:790
18881,reproduce,Monkey,150,82,5,260,6,offspring:1
18882,reproduce,Bear,1639,209,3,219,8,offspring:1
18882,reproduce,Elk,1679,175,9,265,6,offspring:1
18883,kill,Shroomer,1728,197,0,94,5,killed_by:Bear:690
18883,hunt_start,Bear,1639,209,3,219,9,target:Elk:200
18883,hunt_start,Bear,1884,212,2,221,5,target:Parrot:1273
18886,reproduce,Lizard,244,10,6,270,7,offspring:2
18888,spore_created,Shroomer,-1,87,1,243,2,
18888,spore_created,Shroomer,-1,88,7,240,0,
18892,spore_created,Shroomer,-1,224,9,66,4,
18892,spore_created,Shroomer,-1,219,9,73,4,
18896,hunt_start,Bear,1818,153,7,240,5,target:Elk:968
18896,reproduce,Lizard,831,257,4,97,8,offspring:2
18898,starvation,Shroomer,426,20,5,86,1,
18901,hunt_start,Polar Bear,593,25,1,206,3,target:Shroomer:590
18903,spore_matured,Shroomer,-1,232,1,68,7,
18903,reproduce,Shroomer,-1,232,1,68,7,offspring:1
18903,spore_matured,Shroomer,-1,222,9,68,5,
18903,reproduce,Shroomer,-1,222,9,68,5,offspring:1
18905,hunt_start,Jaguar,1251,115,9,95,7,target:Tapir:732
18912,reproduce,Tapir,313,30,9,12,2,offspring:1
18915,starvation,Shroomer,3,244,7,74,6,
18915,kill,Parrot,820,4,5,0,0,killed_by:Polar Bear:1367
18915,kill,Deer,1120,60,0,166,0,killed_by:Bear:1753
18916,kill,Tapir,732,118,3,97,8,killed_by:Jaguar:1251
18916,hunt_start,Polar Bear,1367,3,4,0,1,target:Penguin:809
18923,starvation,Monkey,225,199,7,120,5,
18924,reproduce,Bear,690,198,1,94,2,offspring:1
18924,reproduce,Deer,1013,66,6,157,4,offspring:1
18924,reproduce,Deer,1735,70,5,164,7,offspring:1
18925,hunt_start,Bear,3,196,2,93,6,target:Shroomer:915
18925,hunt_start,Bear,690,198,1,94,2,target:Shroomer:915
18929,spore_created,Shroomer,-1,229,0,70,0,
18929,spore_created,Shroomer,-1,219,3,64,3,
18933,kill,Deer,1538,41,9,126,7,killed_by:Jaguar:1023
18936,reproduce,Deer,975,6,4,150,6,offspring:1
18938,reproduce,Jaguar,1023,41,7,127,1,offspring:1
18939,hunt_start,Jaguar,1023,41,7,127,1,target:Tapir:454
18939,hunt_start,Jaguar,1892,44,6,128,6,target:Shroomer:428
18943,hunt_start,Bear,499,173,2,249,7,target:Deer:1284
18945,age_death,Lizard,282,175,0,82,9,
18946,hunt_fail,Wolf,1583,177,5,91,9,target_died
18946,hunt_start,Wolf,1583,177,5,91,9,target:Shroomer:328
18946,reproduce,Tapir,1745,181,8,107,7,offspring:1
18948,reproduce,Jaguar,1111,13,6,141,7,offspring:1
18948,reproduce,Monkey,1411,223,9,175,9,offspring:1
18949,hunt_start,Jaguar,1111,13,6,141,7,target:Deer:1602
18949,hunt_start,Jaguar,1893,14,3,141,0,target:Deer:1602
18956,spore_created,Shroomer,-1,205,9,83,9,
18956,spore_created,Shroomer,-1,214,5,89,1,
18958,reproduce,Penguin,966,84,9,31,9,offspring:1
18958,spore_matured,Shroomer,-1,225,1,88,4,
18958,reproduce,Shroomer,-1,225,1,88,4,offspring:1
18958,spore_matured,Shroomer,-1,226,7,91,7,
18958,reproduce,Shroomer,-1,226,7,91,7,offspring:1
18958,spore_matured,Shroomer,-1,229,3,130,4,
18958,reproduce,Shroomer,-1,229,3,130,4,offspring:1
18960,kill,Frog,1303,136,5,275,7,killed_by:Bear:1160
18961,kill,Shroomer,1240,27,6,179,3,killed_by:Polar Bear:269
18961,hunt_start,Bear,1160,135,6,275,0,target:Frog:1028
18961,reproduce,Deer,1239,187,0,256,0,offspring:1
18963,reproduce,Lizard,1479,69,8,273,4,offspring:2
18970,hunt_start,Boar,1609,8,3,207,2,target:Shroomer:126
18971,hunt_start,Bear,97,70,7,279,9,target:Deer:673
18974,reproduce,Monkey,1136,218,0,165,0,offspring:1
18980,reproduce,Monkey,951,63,9,159,7,offspring:1
18980,spore_created,Shroomer,-1,237,8,88,1,
18980,spore_created,Shroomer,-1,228,1,87,2,
18985,kill,Penguin,809,8,6,-0,0,killed_by:Polar Bear:1367
18986,hunt_start,Polar Bear,1367,7,9,0,0,target:Penguin:1740
18989,kill,Musk Ox,860,134,2,31,0,killed_by:Polar Bear:1793
18991,environment_death,Shroomer,1281,198,1,103,6,drowning
18992,kill,Elk,1334,23,9,168,8,killed_by:Polar Bear:128
18994,kill,Elk,358,173,5,261,0,killed_by:Bear:603
18999,age_death,Frog,1220,157,7,179,2,
18999,age_death,Frog,1221,179,7,191,5,
18999,reproduce,Bear,97,70,1,278,4,offspring:1
19000,hunt_start,Bear,809,67,7,276,9,target:Deer:673
19007,reproduce,Camel,1736,78,5,190,8,offspring:1
19007,spore_created,Shroomer,-1,229,3,69,2,
19007,spore_created,Shroomer,-1,225,4,70,6,
19012,spore_matured,Shroomer,-1,224,8,66,4,
19012,reproduce,Shroomer,-1,224,8,66,4,offspring:1
19012,spore_matured,Shroomer,-1,220,0,73,5,
19012,reproduce,Shroomer,-1,220,0,73,5,offspring:1
19015,reproduce,Elk,578,63,3,256,0,offspring:1
19025,kill,Shroomer,590,28,6,204,1,killed_by:Polar Bear:593
19031,hunt_fail,Jaguar,73,107,7,123,7,prey_escaped
19031,hunt_start,Jaguar,73,107,7,123,7,target:Tapir:65
19038,hunt_start,Polar Bear,398,38,7,188,9,target:Shroomer:419
19045,reproduce,Camel,531,76,1,180,4,offspring:1
19046,spore_matured,Shroomer,-1,224,7,177,4,
19046,reproduce,Shroomer,-1,224,7,177,4,offspring:1
19049,age_death,Parrot,355,130,1,36,3,
19049,spore_matured,Shroomer,-1,219,3,64,4,
19049,reproduce,Shroomer,-1,219,3,64,4,offspring:1
19049,spore_matured,Shroomer,-1,228,9,70,0,
19049,reproduce,Shroomer,-1,228,9,70,0,offspring:1
19055,kill,Penguin,1740,12,3,-0,0,killed_by:Polar Bear:1367
19056,hunt_start,Polar Bear,1367,11,7,0,0,target:Penguin:1571
19057,kill,Faeling,1517,105,0,118,9,killed_by:Shroomer:1296
19058,reproduce,Penguin,31,16,3,13,9,offspring:1
19058,reproduce,Penguin,795,28,3,8,8,offspring:1
19058,reproduce,Penguin,1508,21,1,27,3,offspring:1
19060,spore_matured,Shroomer,-1,87,5,243,5,
19060,reproduce,Shroomer,-1,87,5,243,5,offspring:1
19060,spore_matured,Shroomer,-1,88,7,240,0,
19060,reproduce,Shroomer,-1,88,7,240,0,offspring:1
19063,starvation,Parrot,546,190,3,47,8,
19069,reproduce,Parrot,210,20,4,199,1,offspring:1
19071,hunt_start,Bear,1807,111,6,269,9,target:Deer:1814
19071,kill,Deer,29,24,3,265,0,killed_by:Polar Bear:1817
19074,kill,Shroomer,328,180,2,101,6,killed_by:Wolf:1583
19075,hunt_start,Wolf,1583,180,1,101,1,target:Frog:173
19075,reproduce,Elk,122,30,5,189,0,offspring:1
19076,kill,Shroomer,915,200,8,89,4,killed_by:Bear:3
19076,spore_matured,Shroomer,-1,206,1,84,0,
19076,reproduce,Shroomer,-1,206,1,84,0,offspring:1
19076,spore_matured,Shroomer,-1,214,3,89,0,
19076,reproduce,Shroomer,-1,214,3,89,0,offspring:1
19077,hunt_start,Bear,3,199,6,90,4,target:Shroomer:826
19077,hunt_fail,Bear,690,201,5,89,7,target_died
19077,hunt_start,Bear,690,201,5,89,7,target:Shroomer:826
19081,starvation,Elk,837,142,5,122,3,
19085,starvation,Rabbit,1706,238,9,27,9,
19085,hunt_fail,Wolf,1202,242,9,20,9,target_died
19085,hunt_start,Wolf,1202,242,9,20,9,target:Monkey:1372
19088,kill,Elk,200,203,8,206,9,killed_by:Bear:1639
19097,spore_created,Shroomer,-1,20,1,206,0,
19097,spore_created,Shroomer,-1,29,8,215,2,
19100,spore_matured,Shroomer,-1,237,8,88,1,
19100,reproduce,Shroomer,-1,237,8,88,1,offspring:1
19100,spore_matured,Shroomer,-1,228,0,87,4,
19100,reproduce,Shroomer,-1,228,0,87,4,offspring:1
19101,kill,Tapir,454,37,4,114,4,killed_by:Jaguar:1023
19108,spore_created,Shroomer,-1,206,6,73,3,
19108,spore_created,Shroomer,-1,204,9,85,7,
19109,kill,Deer,46,270,9,128,5,killed_by:Jaguar:487
19111,reproduce,Jaguar,487,270,7,127,8,offspring:1
19112,hunt_start,Jaguar,200,272,8,128,0,target:Deer:1327
19112,hunt_start,Jaguar,487,270,7,127,8,target:Deer:1327
19117,kill,Deer,1602,12,8,126,4,killed_by:Jaguar:1893
19117,reproduce,Deer,107,164,0,286,1,offspring:1
19118,hunt_fail,Jaguar,1111,13,2,134,3,target_died
19118,hunt_start,Jaguar,1111,13,2,134,3,target:Deer:1205
19118,hunt_start,Jaguar,1893,13,0,127,0,target:Deer:1205
19119,spore_created,Shroomer,-1,219,0,82,4,
19119,spore_created,Shroomer,-1,216,2,83,2,
19123,hunt_start,Polar Bear,924,113,5,169,3,target:Musk Ox:873
19125,kill,Shroomer,790,43,0,216,4,killed_by:Boar:508
19125,kill,Penguin,1571,14,3,-0,0,killed_by:Polar Bear:1367
19126,hunt_start,Boar,767,22,9,221,5,target:Shroomer:1176
19127,reproduce,Parrot,1559,157,9,288,0,offspring:1
19127,spore_matured,Shroomer,-1,229,3,69,0,
19127,reproduce,Shroomer,-1,229,3,69,0,offspring:1
19127,spore_matured,Shroomer,-1,225,3,70,9,
19127,reproduce,Shroomer,-1,225,3,70,9,offspring:1
19129,starvation,Boar,700,256,4,58,3,
19129,hunt_fail,Bear,989,261,3,58,9,target_died
19129,hunt_start,Bear,989,261,3,58,9,target:Boar:1651
19129,hunt_fail,Bear,1603,262,4,56,8,target_died
19129,hunt_start,Bear,1603,262,4,56,8,target:Boar:1651
19131,kill,Penguin,565,127,5,38,2,killed_by:Polar Bear:963
19132,hunt_start,Polar Bear,963,126,9,37,8,target:Musk Ox:457
19133,spore_created,Shroomer,-1,14,0,195,2,
19133,spore_created,Shroomer,-1,5,0,193,6,
19134,reproduce,Parrot,909,262,2,286,4,offspring:1
19134,reproduce,Parrot,1046,257,4,284,3,offspring:1
19135,hunt_start,Polar Bear,1864,118,6,23,5,target:Deer:42
19135,reproduce,Elk,1708,238,0,123,6,offspring:1
19142,kill,Elk,968,164,5,229,9,killed_by:Bear:1818
19142,reproduce,Elk,50,199,5,56,3,offspring:1
19144,kill,Deer,673,72,8,268,7,killed_by:Bear:809
19145,hunt_fail,Bear,97,72,5,271,3,target_died
19145,hunt_start,Bear,97,72,5,271,3,target:Elk:12
19145,hunt_start,Bear,809,72,3,269,7,target:Elk:12
19147,hunt_start,Wolf,435,200,4,281,8,target:Lizard:751
19158,kill,Shroomer,126,2,0,204,3,killed_by:Boar:1609
19159,hunt_start,Boar,651,31,1,194,4,target:Shroomer:228
19159,reproduce,Parrot,342,288,0,18,2,offspring:1
19163,hunt_start,Bear,462,126,7,271,3,target:Shroomer:1499
19163,hunt_start,Bear,603,172,2,262,2,target:Elk:1332
19164,age_death,Parrot,127,40,7,253,4,
19164,spore_created,Shroomer,-1,213,6,103,6,
19164,spore_created,Shroomer,-1,207,4,103,2,
19168,reproduce,Monkey,566,108,5,259,7,offspring:1
19172,hunt_start,Polar Bear,1367,13,7,0,0,target:Penguin:1004
19177,kill,Frog,173,176,6,109,3,killed_by:Wolf:1583
19178,hunt_start,Wolf,1583,176,8,109,0,target:Deer:205
19189,reproduce,Deer,932,246,2,89,5,offspring:1
19189,reproduce,Faeling,0,1,2,194,4,offspring:1
19195,starvation,Wolf,1644,153,0,13,2,
19196,reproduce,Camel,1196,63,9,285,4,offspring:1
19198,starvation,Shroomer,520,203,7,97,6,
19198,kill,Shroomer,826,202,8,85,0,killed_by:Bear:690
19199,hunt_fail,Bear,3,201,5,87,5,target_died
19199,hunt_start,Bear,3,201,5,87,5,target:Shroomer:88
19199,hunt_start,Bear,690,203,3,85,6,target:Shroomer:88
19203,kill,Frog,1028,125,1,288,0,killed_by:Bear:1160
19204,hunt_start,Bear,1160,125,7,287,1,target:Deer:608
19206,kill,Deer,1284,184,0,262,3,killed_by:Bear:499
19207,reproduce,Elk,793,58,6,284,9,offspring:1
19208,hunt_start,Bear,1525,159,2,263,0,target:Elk:1089
19209,starvation,Rabbit,171,124,7,0,2,
19211,reproduce,Monkey,1431,63,8,100,8,offspring:1
19213,starvation,Rabbit,201,124,7,0,7,
19213,hunt_start,Boar,650,10,5,223,4,target:Shroomer:858
19214,starvation,Monkey,1299,217,4,75,8,
19217,spore_matured,Shroomer,-1,20,0,206,0,
19217,reproduce,Shroomer,-1,20,0,206,0,offspring:1
19217,spore_matured,Shroomer,-1,29,8,215,2,
19217,reproduce,Shroomer,-1,29,8,215,2,offspring:1
19220,reproduce,Deer,1814,99,5,267,4,offspring:1
19228,reproduce,Monkey,1808,143,6,62,7,offspring:1
19228,spore_matured,Shroomer,-1,206,6,73,4,
19228,reproduce,Shroomer,-1,206,6,73,4,offspring:1
19228,spore_matured,Shroomer,-1,205,0,85,8,
19228,reproduce,Shroomer,-1,205,0,85,8,offspring:1
19230,kill,Penguin,900,0,0,13,3,killed_by:Polar Bear:339
19230,reproduce,Boar,1757,67,9,52,8,offspring:2
19232,reproduce,Lizard,1622,24,4,210,5,offspring:2
19236,kill,Musk Ox,873,111,6,162,9,killed_by:Polar Bear:924
19236,kill,Musk Ox,457,132,3,39,6,killed_by:Polar Bear:963
19238,kill,Elk,12,68,3,265,4,killed_by:Bear:809
19239,hunt_fail,Bear,97,70,6,268,8,target_died
19239,hunt_start,Bear,97,70,6,268,8,target:Deer:756
19239,spore_matured,Shroomer,-1,216,1,83,3,
19239,reproduce,Shroomer,-1,216,1,83,3,offspring:1
19239,spore_matured,Shroomer,-1,219,0,82,5,
19239,reproduce,Shroomer,-1,219,0,82,5,offspring:1
19240,starvation,Wolf,28,284,2,25,0,
19242,reproduce,Musk Ox,1135,116,5,198,1,offspring:1
19246,kill,Boar,1651,263,1,68,1,killed_by:Bear:989
19247,hunt_start,Bear,989,262,9,67,5,target:Monkey:1881
19247,hunt_fail,Bear,1603,262,6,63,8,target_died
19247,hunt_start,Bear,1603,262,6,63,8,target:Lizard:1145
19249,kill,Shroomer,419,32,3,182,3,killed_by:Polar Bear:398
19258,spore_created,Shroomer,-1,211,9,97,1,
19258,spore_created,Shroomer,-1,213,2,99,4,
19264,hunt_start,Bear,856,132,2,28,0,target:Musk Ox:301
19264,reproduce,Deer,608,122,2,278,5,offspring:1
19265,reproduce,Frog,979,163,6,203,6,offspring:2
19268,spore_created,Shroomer,-1,199,0,94,1,
19268,spore_created,Shroomer,-1,202,1,95,7,
19280,reproduce,Boar,1763,129,5,160,0,offspring:2
19281,hunt_start,Polar Bear,497,234,4,70,8,target:Shroomer:250
19281,hunt_start,Boar,1905,131,2,161,1,target:Lizard:427
19281,hunt_start,Boar,1906,131,2,161,1,target:Lizard:427
19282,kill,Deer,1327,257,3,136,4,killed_by:Jaguar:487
19283,hunt_fail,Jaguar,200,259,9,134,9,target_died
19283,hunt_start,Jaguar,200,259,9,134,9,target:Boar:539
19284,spore_matured,Shroomer,-1,207,4,103,2,
19284,reproduce,Shroomer,-1,207,4,103,2,offspring:1
19288,hunt_start,Jaguar,1251,126,4,95,8,target:Deer:509
19289,kill,Shroomer,1499,129,1,265,6,killed_by:Bear:462
19290,spore_created,Shroomer,-1,216,4,108,8,
19290,spore_created,Shroomer,-1,209,0,107,1,
19293,starvation,Monkey,1070,43,7,253,4,
19298,reproduce,Jaguar,1251,126,1,95,3,offspring:1
19299,hunt_start,Jaguar,1070,125,2,94,4,target:Deer:509
19299,reproduce,Monkey,1394,5,7,257,5,offspring:1
19300,starvation,Shroomer,616,215,9,79,4,
19301,hunt_start,Bear,824,119,3,285,3,target:Rabbit:1164
19305,spore_matured,Shroomer,-1,14,0,195,2,
19305,reproduce,Shroomer,-1,14,0,195,2,offspring:1
19306,reproduce,Parrot,1615,4,7,266,0,offspring:1
19311,starvation,Penguin,30,98,4,103,7,
19318,starvation,Polar Bear,611,21,0,254,4,
19335,kill,Elk,1332,164,5,269,8,killed_by:Bear:603
19338,kill,Shroomer,88,207,1,83,6,killed_by:Bear:690
19339,hunt_fail,Bear,3,204,2,85,4,target_died
19339,hunt_start,Bear,3,204,2,85,4,target:Shroomer:328
19340,environment_death,Shroomer,1194,45,5,218,1,drowning
19341,kill,Faeling,126,13,3,204,6,killed_by:Shroomer:1014
19345,kill,Deer,205,186,6,119,7,killed_by:Wolf:1583
19346,hunt_start,Wolf,1583,186,3,119,4,target:Frog:1456
19352,spore_created,Shroomer,-1,203,9,77,3,
19352,spore_created,Shroomer,-1,195,4,81,2,
19353,hunt_start,Bear,1753,67,9,163,8,target:Deer:1735
19353,reproduce,Elk,681,86,6,32,0,offspring:1
19356,reproduce,Rabbit,374,170,8,275,0,offspring:2
19358,kill,Shroomer,1176,15,3,226,8,killed_by:Boar:767
19359,kill,Rabbit,1834,181,9,288,0,killed_by:Wolf:797
19360,hunt_start,Wolf,797,181,3,288,0,target:Lizard:865
19360,spore_created,Shroomer,-1,219,9,58,1,
19360,spore_created,Shroomer,-1,226,6,68,9,
19361,reproduce,Penguin,1377,64,0,79,3,offspring:1
19362,starvation,Shroomer,505,198,8,100,6,
19362,spore_created,Shroomer,-1,30,8,192,0,
19362,spore_created,Shroomer,-1,27,7,197,9,
19367,kill,Musk Ox,301,129,2,32,0,killed_by:Bear:856
19371,age_death,Lizard,394,93,4,163,4,
19371,age_death,Lizard,1238,49,2,171,9,
19372,hunt_fail,Bear,671,46,8,177,5,target_died
19372,hunt_start,Bear,671,46,8,177,5,target:Frog:1022
19372,hunt_fail,Bear,735,49,9,178,1,target_died
19372,hunt_start,Bear,735,49,9,178,1,target:Frog:1138
19373,starvation,Monkey,1696,256,4,58,6,
19373,reproduce,Deer,438,255,7,273,1,offspring:1
19378,hunt_start,Polar Bear,687,225,5,62,2,target:Shroomer:1129
19378,spore_matured,Shroomer,-1,211,8,97,1,
19378,reproduce,Shroomer,-1,211,8,97,1,offspring:1
19378,spore_matured,Shroomer,-1,213,2,99,4,
19378,reproduce,Shroomer,-1,213,2,99,4,offspring:1
19388,spore_matured,Shroomer,-1,199,0,94,1,
19388,reproduce,Shroomer,-1,199,0,94,1,offspring:1
19388,spore_matured,Shroomer,-1,202,1,95,5,
19388,reproduce,Shroomer,-1,202,1,95,5,offspring:1
19389,age_death,Lizard,180,39,0,108,1,
19401,age_death,Parrot,388,53,0,279,5,
19402,kill,Boar,539,270,0,136,4,killed_by:Jaguar:200
19402,reproduce,Parrot,400,0,5,270,9,offspring:1
19403,hunt_start,Jaguar,200,269,4,136,3,target:Boar:880
19403,kill,Deer,1205,0,0,131,5,killed_by:Jaguar:1893
19404,hunt_fail,Jaguar,1111,6,5,132,6,target_died
19404,hunt_start,Jaguar,1111,6,5,132,6,target:Deer:1427
19405,reproduce,Parrot,1416,1,2,277,2,offspring:1
19405,reproduce,Frog,1788,135,3,284,9,offspring:2
19409,kill,Shroomer,328,205,9,85,9,killed_by:Bear:3
19410,hunt_start,Bear,3,205,2,86,0,target:Shroomer:1667
19410,spore_matured,Shroomer,-1,209,0,107,1,
19410,reproduce,Shroomer,-1,209,0,107,1,offspring:1
19411,kill,Shroomer,250,230,2,68,2,killed_by:Polar Bear:497
19423,hunt_start,Polar Bear,855,43,4,209,0,target:Shroomer:1326
19426,kill,Elk,1089,146,0,263,4,killed_by:Bear:1525
19428,reproduce,Elk,209,108,6,257,8,offspring:1
19429,starvation,Rabbit,1738,132,1,0,4,
19429,hunt_start,Boar,1152,78,5,52,3,target:Penguin:1492
19433,reproduce,Elk,1166,224,1,194,6,offspring:1
19438,spore_created,Shroomer,-1,29,4,200,0,
19438,spore_created,Shroomer,-1,33,0,187,2,
19440,spore_created,Shroomer,-1,86,9,259,9,
19440,spore_created,Shroomer,-1,80,3,262,6,
19450,environment_death,Shroomer,1327,208,6,103,3,drowning
19452,reproduce,Rabbit,267,121,7,97,2,offspring:2
19455,starvation,Monkey,1446,239,4,5,6,
19455,kill,Shroomer,1129,221,8,62,0,killed_by:Polar Bear:687
19471,spore_created,Shroomer,-1,227,8,77,7,
19471,spore_created,Shroomer,-1,237,3,74,3,
19472,spore_matured,Shroomer,-1,195,8,81,1,
19472,reproduce,Shroomer,-1,195,8,81,1,offspring:1
19472,spore_matured,Shroomer,-1,203,9,77,3,
19472,reproduce,Shroomer,-1,203,9,77,3,offspring:1
19473,hunt_start,Jaguar,1023,43,9,108,1,target:Deer:1032
19473,reproduce,Camel,1309,192,2,272,7,offspring:1
19474,reproduce,Camel,297,93,0,183,4,offspring:1
19480,spore_matured,Shroomer,-1,226,7,68,7,
19480,reproduce,Shroomer,-1,226,7,68,7,offspring:1
19481,reproduce,Elk,208,106,0,257,2,offspring:1
19482,spore_matured,Shroomer,-1,27,7,197,8,
19482,reproduce,Shroomer,-1,27,7,197,8,offspring:1
19486,reproduce,Elk,727,63,9,279,8,offspring:1
19486,reproduce,Deer,1237,24,9,10,5,offspring:1
19493,age_death,Parrot,124,200,6,134,0,
19495,reproduce,Elk,1654,236,7,98,8,offspring:1
19498,kill,Deer,608,117,4,266,5,killed_by:Bear:1160
19499,starvation,Rabbit,48,215,6,125,4,
19499,hunt_start,Bear,1160,117,7,267,2,target:Frog:1246
19499,reproduce,Parrot,1554,256,3,126,7,offspring:1
19500,kill,Deer,509,120,9,79,2,killed_by:Jaguar:1070
19500,reproduce,Lizard,1579,86,7,76,3,offspring:2
19501,hunt_start,Jaguar,1070,121,0,79,7,target:Penguin:1307
19501,hunt_fail,Jaguar,1251,125,7,93,6,target_died
19501,hunt_start,Jaguar,1251,125,7,93,6,target:Elk:199
19504,hunt_start,Polar Bear,269,23,5,180,2,target:Shroomer:950
19510,reproduce,Bear,1753,63,6,155,6,offspring:1
19511,hunt_start,Bear,509,64,3,156,7,target:Deer:1735
19513,hunt_fail,Polar Bear,478,175,3,144,3,discomfort
19514,kill,Shroomer,1667,207,2,88,4,killed_by:Bear:3
19514,kill,Deer,1032,40,9,105,1,killed_by:Jaguar:1023
19520,kill,Frog,1456,174,8,127,6,killed_by:Wolf:1583
19520,reproduce,Frog,624,179,5,113,9,offspring:2
19521,hunt_start,Wolf,1583,175,1,127,4,target:Shroomer:395
19524,spore_created,Shroomer,-1,212,0,78,2,
19524,spore_created,Shroomer,-1,214,5,79,8,
19525,kill,Deer,1427,3,9,139,5,killed_by:Jaguar:1111
19526,kill,Boar,880,275,6,143,6,killed_by:Jaguar:200
19526,hunt_start,Jaguar,1111,4,1,139,0,target:Tapir:1503
19526,hunt_start,Bear,1639,207,1,211,7,target:Elk:118
19528,kill,Shroomer,1326,44,7,211,8,killed_by:Polar Bear:855
19532,hunt_start,Polar Bear,1793,140,0,36,9,target:Musk Ox:1688
19532,reproduce,Monkey,1181,103,3,283,0,offspring:1
19532,spore_matured,Shroomer,-1,219,8,58,0,
19532,reproduce,Shroomer,-1,219,8,58,0,offspring:1
19533,reproduce,Deer,290,18,8,128,5,offspring:1
19534,kill,Lizard,751,191,9,288,0,killed_by:Wolf:435
19534,spore_matured,Shroomer,-1,30,8,192,0,
19534,reproduce,Shroomer,-1,30,8,192,0,offspring:1
19535,hunt_start,Polar Bear,128,24,7,169,5,target:Shroomer:417
19535,hunt_start,Wolf,435,191,6,287,3,target:Rabbit:800
19536,starvation,Rabbit,1051,212,1,118,5,
19536,hunt_start,Jaguar,487,264,1,130,8,target:Parrot:124
19536,reproduce,Deer,1013,67,0,149,9,offspring:1
19546,spore_created,Shroomer,-1,214,2,75,3,
19546,spore_created,Shroomer,-1,213,0,72,1,
19556,reproduce,Faeling,1,61,2,59,3,offspring:1
19564,starvation,Rabbit,547,256,3,40,9,
19564,reproduce,Boar,649,276,8,188,7,offspring:2
19568,hunt_start,Polar Bear,593,29,2,207,6,target:Shroomer:133
19569,kill,Frog,1022,45,2,191,9,killed_by:Bear:671
19570,hunt_start,Bear,671,45,2,191,3,target:Frog:1138
19576,environment_death,Shroomer,180,209,4,107,4,drowning
19579,starvation,Jaguar,73,118,0,121,8,
19580,hunt_start,Bear,1818,162,9,231,3,target:Camel:1179
19591,spore_matured,Shroomer,-1,227,7,77,7,
19591,reproduce,Shroomer,-1,227,7,77,7,offspring:1
19596,spore_created,Shroomer,-1,221,9,52,2,
19596,spore_created,Shroomer,-1,224,0,55,5,
19602,age_death,Rabbit,581,72,8,259,8,
19602,age_death,Rabbit,1073,80,1,255,7,
19603,starvation,Monkey,345,16,1,279,0,
19607,age_death,Frog,1257,98,0,78,1,
19608,reproduce,Rabbit,535,165,5,116,6,offspring:2
19610,reproduce,Monkey,1723,2,1,273,7,offspring:1
19610,spore_matured,Shroomer,-1,29,3,200,1,
19610,reproduce,Shroomer,-1,29,3,200,1,offspring:1
19612,reproduce,Rabbit,1244,271,9,56,1,offspring:2
19612,spore_matured,Shroomer,-1,80,3,262,6,
19612,reproduce,Shroomer,-1,80,3,262,6,offspring:1
19612,spore_matured,Shroomer,-1,86,9,259,9,
19612,reproduce,Shroomer,-1,86,9,259,9,offspring:1
19613,starvation,Boar,183,101,8,112,3,
19613,spore_created,Shroomer,-1,59,2,112,2,
19613,spore_created,Shroomer,-1,65,5,115,4,
19614,hunt_start,Polar Bear,1817,29,5,261,7,target:Monkey:1669
19617,reproduce,Parrot,666,87,1,152,4,offspring:1
19621,kill,Tapir,1503,8,7,143,9,killed_by:Jaguar:1111
19622,kill,Deer,1814,82,3,262,8,killed_by:Bear:1807
19624,reproduce,Elk,1243,34,8,78,1,offspring:1
19626,reproduce,Tapir,906,63,3,123,8,offspring:1
19643,kill,Shroomer,395,176,2,134,2,killed_by:Wolf:1583
19644,hunt_start,Bear,499,186,7,262,0,target:Deer:1239
19644,reproduce,Wolf,1583,176,1,133,6,offspring:1
19644,spore_matured,Shroomer,-1,212,1,78,3,
19644,reproduce,Shroomer,-1,212,1,78,3,offspring:1
19644,spore_matured,Shroomer,-1,214,9,79,8,
19644,reproduce,Shroomer,-1,214,9,79,8,offspring:1
19645,hunt_start,Wolf,1583,176,1,133,6,target:Deer:1182
19645,hunt_start,Wolf,1814,177,8,132,8,target:Shroomer:1599
19653,kill,Musk Ox,1688,136,8,41,5,killed_by:Polar Bear:1793
19654,kill,Musk Ox,1106,186,2,11,7,killed_by:Jaguar:728
19654,reproduce,Musk Ox,1082,205,4,11,0,offspring:1
19655,reproduce,Jaguar,728,185,5,11,7,offspring:1
19656,kill,Penguin,1307,131,4,75,6,killed_by:Jaguar:1070
19656,hunt_start,Jaguar,1688,188,0,9,7,target:Parrot:1613
19660,kill,Shroomer,950,23,9,188,0,killed_by:Polar Bear:269
19666,starvation,Shroomer,940,238,8,74,3,
19666,spore_matured,Shroomer,-1,212,4,73,2,
19666,reproduce,Shroomer,-1,212,4,73,2,offspring:1
19666,spore_matured,Shroomer,-1,214,2,75,4,
19666,reproduce,Shroomer,-1,214,2,75,4,offspring:1
19669,age_death,Lizard,446,2,9,38,5,
19669,reproduce,Lizard,1361,19,4,15,9,offspring:2
19670,hunt_fail,Jaguar,1360,6,5,36,7,target_died
19671,kill,Frog,1138,49,9,196,5,killed_by:Bear:735
19672,hunt_fail,Bear,671,48,6,194,6,target_died
19672,hunt_start,Bear,671,48,6,194,6,target:Elk:456
19672,hunt_start,Bear,735,50,2,196,1,target:Elk:456
19672,reproduce,Rabbit,327,80,6,284,6,offspring:2
19673,reproduce,Frog,849,53,9,192,1,offspring:2
19676,hunt_start,Bear,809,64,7,262,8,target:Elk:211
19679,spore_created,Shroomer,-1,38,1,223,7,
19679,spore_created,Shroomer,-1,32,5,213,1,
19680,starvation,Deer,947,65,5,195,6,
19683,age_death,Monkey,337,79,3,210,0,
19689,reproduce,Deer,584,87,4,256,3,offspring:1
19692,kill,Rabbit,800,190,7,288,0,killed_by:Wolf:435
19693,hunt_start,Wolf,435,190,7,287,1,target:Monkey:1606
19694,kill,Shroomer,133,24,7,207,0,killed_by:Polar Bear:593
19695,hunt_fail,Jaguar,1163,247,2,5,5,prey_escaped
19700,hunt_start,Polar Bear,339,1,3,21,0,target:Parrot:1798
19701,reproduce,Parrot,1388,256,5,112,9,offspring:1
19704,spore_created,Shroomer,-1,230,7,80,9,
19704,spore_created,Shroomer,-1,225,7,68,2,
19708,kill,Penguin,1004,32,2,15,2,killed_by:Polar Bear:1367
19708,reproduce,Musk Ox,789,166,0,19,9,offspring:1
19709,hunt_start,Polar Bear,1367,31,6,14,7,target:Penguin:346
19709,spore_created,Shroomer,-1,212,5,56,6,
19709,spore_created,Shroomer,-1,220,0,51,3,
19711,hunt_start,Bear,462,124,4,265,4,target:Elk:1375
19711,reproduce,Penguin,1316,28,4,5,9,offspring:1
19715,kill,Camel,1179,166,9,237,4,killed_by:Bear:1818
19718,reproduce,Musk Ox,132,139,4,67,2,offspring:1
19724,starvation,Parrot,437,265,6,182,0,
19724,reproduce,Bear,462,124,9,264,8,offspring:1
19724,spore_created,Shroomer,-1,207,4,69,7,
19724,spore_created,Shroomer,-1,196,1,64,8,
19725,hunt_start,Bear,437,122,3,266,4,target:Elk:1375
19726,starvation,Wolf,1301,209,9,236,4,
19726,age_death,Lizard,427,165,2,173,7,
19726,age_death,Lizard,1269,242,1,18,9,
19727,hunt_fail,Bear,329,236,1,19,9,target_died
19727,hunt_fail,Boar,1905,157,4,171,8,target_died
19727,hunt_fail,Boar,1906,159,4,172,1,target_died
19730,hunt_start,Bear,329,236,0,19,9,target:Turtle:1341
19733,starvation,Monkey,749,42,6,176,4,
19733,hunt_fail,Bear,945,40,4,157,0,target_died
19733,hunt_fail,Bear,1317,41,3,156,5,target_died
19733,hunt_start,Bear,1317,41,3,156,5,target:Rabbit:356
19733,reproduce,Deer,107,168,0,278,2,offspring:1
19734,reproduce,Lizard,777,278,4,30,6,offspring:2
19736,reproduce,Musk Ox,716,107,7,31,7,offspring:1
19736,reproduce,Penguin,1702,130,9,100,9,offspring:1
19744,reproduce,Penguin,1813,148,6,22,5,offspring:1
19746,starvation,Parrot,1601,252,2,25,6,
19749,hunt_start,Bear,945,40,5,156,9,target:Rabbit:1871
19750,reproduce,Rabbit,1770,128,1,19,4,offspring:2
19753,starvation,Shroomer,693,231,4,78,5,
19756,hunt_start,Jaguar,728,185,0,8,4,target:Monkey:806
19759,kill,Elk,118,206,9,196,6,killed_by:Bear:1639
19765,reproduce,Lizard,678,114,6,31,6,offspring:2
19773,hunt_start,Bear,603,162,1,277,0,target:Deer:769
19773,reproduce,Penguin,104,142,2,31,8,offspring:1
19774,reproduce,Monkey,1772,274,4,25,1,offspring:1
19775,hunt_start,Jaguar,1893,0,7,131,8,target:Parrot:1754
19776,hunt_start,Bear,690,210,9,81,2,target:Shroomer:29
19778,reproduce,Bear,1807,83,9,261,0,offspring:1
19779,hunt_start,Polar Bear,924,118,0,172,6,target:Musk Ox:1193
19779,hunt_start,Polar Bear,963,137,6,40,1,target:Turtle:1272
19779,hunt_start,Bear,1807,83,9,260,9,target:Shroomer:1499
19779,hunt_start,Bear,1925,82,8,258,2,target:Deer:1491
19785,spore_matured,Shroomer,-1,59,2,112,2,
19785,reproduce,Shroomer,-1,59,2,112,2,offspring:1
19785,spore_matured,Shroomer,-1,65,5,115,4,
19785,reproduce,Shroomer,-1,65,5,115,4,offspring:1
19786,reproduce,Parrot,1214,264,8,58,8,offspring:1
19792,hunt_start,Polar Bear,398,30,7,186,2,target:Boar:651
19799,spore_matured,Shroomer,-1,32,6,213,0,
19799,reproduce,Shroomer,-1,32,6,213,0,offspring:1
19801,kill,Shroomer,1599,187,2,129,4,killed_by:Wolf:1814
19802,hunt_start,Wolf,1814,186,6,129,5,target:Shroomer:1760
19805,hunt_start,Bear,856,132,8,26,1,target:Deer:645
19805,reproduce,Deer,1402,31,5,5,2,offspring:1
19812,kill,Elk,456,46,1,203,1,killed_by:Bear:735
19812,reproduce,Elk,996,5,3,164,4,offspring:1
19813,hunt_fail,Bear,671,47,1,200,7,prey_escaped
19813,hunt_start,Bear,671,47,1,200,7,target:Elk:1751
19813,hunt_start,Bear,735,46,8,203,0,target:Shroomer:1323
19813,kill,Deer,1182,171,2,146,6,killed_by:Wolf:1583
19814,kill,Shroomer,417,28,6,179,8,killed_by:Polar Bear:128
19815,reproduce,Lizard,1898,80,7,265,8,offspring:2
19818,reproduce,Deer,1215,175,1,113,5,offspring:1
19820,starvation,Parrot,621,141,4,211,3,
19823,spore_created,Shroomer,-1,17,9,199,0,
19823,spore_created,Shroomer,-1,13,5,213,3,
19824,spore_matured,Shroomer,-1,230,7,80,9,
19824,reproduce,Shroomer,-1,230,7,80,9,offspring:1
19827,reproduce,Turtle,1608,128,0,16,6,offspring:1
19829,reproduce,Turtle,1463,265,3,217,0,offspring:1
19831,reproduce,Turtle,189,278,6,256,0,offspring:1
19834,starvation,Monkey,61,142,5,117,8,
19840,reproduce,Faeling,0,1,1,193,7,offspring:1
19841,hunt_start,Jaguar,1070,131,6,77,2,target:Monkey:1789
19843,hunt_fail,Jaguar,934,77,8,13,1,prey_escaped
19843,hunt_start,Jaguar,934,77,8,13,1,target:Deer:717
19844,spore_matured,Shroomer,-1,207,7,69,7,
19844,reproduce,Shroomer,-1,207,7,69,7,offspring:1
19844,spore_matured,Shroomer,-1,196,1,64,8,
19844,reproduce,Shroomer,-1,196,1,64,8,offspring:1
19845,starvation,Monkey,1372,285,2,0,0,
19845,hunt_fail,Wolf,1202,278,6,0,0,target_died
19863,hunt_fail,Wolf,435,181,8,283,9,discomfort
19864,hunt_start,Bear,1525,140,0,261,9,target:Camel:263
19866,hunt_fail,Bear,1585,220,0,283,2,prey_escaped
19867,spore_matured,Shroomer,-1,224,9,68,3,
19867,reproduce,Shroomer,-1,224,9,68,3,offspring:1
19870,kill,Shroomer,29,210,5,84,4,killed_by:Bear:690
19874,reproduce,Elk,5,211,8,63,9,offspring:1
19880,reproduce,Boar,1152,96,8,47,7,offspring:2
19881,starvation,Bear,743,164,2,2,8,
19881,hunt_start,Boar,29,95,0,45,5,target:Rabbit:229
19881,hunt_start,Boar,1932,95,0,45,5,target:Rabbit:229
19881,spore_matured,Shroomer,-1,212,5,56,6,
19881,reproduce,Shroomer,-1,212,5,56,6,offspring:1
19882,reproduce,Deer,270,242,4,95,9,offspring:1
19882,reproduce,Deer,1592,31,9,5,6,offspring:1
19884,starvation,Wolf,1276,263,2,36,2,
19885,kill,Shroomer,1499,88,3,259,4,killed_by:Bear:1807
19886,hunt_start,Jaguar,1023,32,6,94,0,target:Boar:1158
19886,hunt_start,Bear,1807,87,6,259,6,target:Deer:584
19889,reproduce,Deer,318,170,7,280,8,offspring:1
19889,reproduce,Monkey,1431,60,2,104,2,offspring:1
19892,kill,Deer,1491,81,3,250,8,killed_by:Bear:1925
19893,hunt_start,Bear,1925,81,5,251,7,target:Elk:476
19894,age_death,Parrot,347,246,0,247,0,
19895,spore_created,Shroomer,-1,26,1,206,6,
19895,spore_created,Shroomer,-1,29,1,204,6,
19898,hunt_start,Jaguar,200,272,2,134,9,target:Boar:1659
19899,starvation,Rabbit,594,259,6,43,2,
19906,kill,Deer,717,73,3,18,0,killed_by:Jaguar:934
19907,hunt_start,Jaguar,934,73,7,17,6,target:Deer:1308
19910,hunt_fail,Wolf,434,180,1,284,2,discomfort
19912,kill,Turtle,1272,133,1,35,3,killed_by:Polar Bear:963
19914,reproduce,Jaguar,934,73,7,17,9,offspring:1
19915,hunt_start,Jaguar,594,76,7,17,7,target:Frog:1778
19920,starvation,Wolf,1640,210,1,246,2,
19921,kill,Elk,1375,134,6,255,0,killed_by:Bear:462
19921,kill,Shroomer,1760,183,5,124,9,killed_by:Wolf:1814
19922,hunt_fail,Bear,437,131,9,257,6,target_died
19922,hunt_start,Bear,437,131,9,257,6,target:Camel:18
19926,reproduce,Frog,1090,108,3,97,4,offspring:2
19929,starvation,Penguin,175,99,5,122,7,
19929,hunt_fail,Boar,914,104,8,119,9,target_died
19929,hunt_start,Boar,914,104,8,119,9,target:Monkey:96
19933,starvation,Parrot,1382,127,4,8,2,
19938,age_death,Parrot,350,5,8,189,9,
19940,age_death,Rabbit,224,250,2,115,9,
19941,reproduce,Turtle,839,114,6,98,7,offspring:1
19942,starvation,Parrot,1242,150,5,3,7,
19942,starvation,Parrot,1783,154,6,1,8,
19942,kill,Boar,1659,268,2,133,7,killed_by:Jaguar:200
19943,spore_matured,Shroomer,-1,17,6,199,2,
19943,reproduce,Shroomer,-1,17,6,199,2,offspring:1
19943,spore_matured,Shroomer,-1,13,4,213,5,
19943,reproduce,Shroomer,-1,13,4,213,5,offspring:1
19944,hunt_start,Boar,550,8,6,201,5,target:Shroomer:391
19949,kill,Musk Ox,1193,110,9,181,1,killed_by:Polar Bear:924
19952,hunt_start,Bear,3,206,7,87,3,target:Shroomer:1543
19954,hunt_start,Boar,85,11,0,223,1,target:Shroomer:103
19954,hunt_start,Polar Bear,497,232,6,64,6,target:Shroomer:810
19969,kill,Boar,651,29,5,196,5,killed_by:Polar Bear:398
19970,hunt_start,Wolf,434,179,5,286,2,target:Rabbit:1332
19971,reproduce,Elk,498,123,6,137,5,offspring:1
19973,kill,Deer,769,161,9,288,0,killed_by:Bear:603
19975,hunt_start,Jaguar,1163,252,8,6,9,target:Musk Ox:536
19981,age_death,Lizard,1207,235,3,247,7,
19981,age_death,Lizard,1274,281,1,271,6,
19982,reproduce,Monkey,1855,72,1,164,3,offspring:1
19985,reproduce,Elk,383,45,3,281,7,offspring:1
19989,reproduce,Tapir,443,28,2,97,7,offspring:1
19989,spore_created,Shroomer,-1,225,0,82,6,
19989,spore_created,Shroomer,-1,232,7,76,4,
19993,kill,Boar,1158,31,3,85,2,killed_by:Jaguar:1023
19993,hunt_start,Jaguar,1111,3,3,139,6,target:Deer:1538
19993,reproduce,Lizard,1692,273,4,265,5,offspring:2
19994,reproduce,Boar,1109,24,9,124,1,offspring:2
19996,starvation,Parrot,1561,35,6,253,6,
19996,kill,Penguin,346,42,9,4,5,killed_by:Polar Bear:1367
19997,hunt_start,Boar,1109,25,0,124,1,target:Lizard:583
19997,hunt_start,Polar Bear,1367,42,2,4,8,target:Penguin:674
19998,hunt_start,Polar Bear,687,218,1,59,7,target:Shroomer:957
19999,kill,Deer,1538,5,2,140,7,killed_by:Jaguar:1111
19999,reproduce,Penguin,803,21,4,24,0,offspring:1
20000,age_death,Fish,500,219,7,236,4,
20000,age_death,Fish,501,218,2,236,2,
20000,age_death,Monkey,537,219,5,51,9,
20000,reproduce,Fish,1435,219,1,233,7,offspring:2
20000,reproduce,Fish,1804,218,6,235,3,offspring:2
20001,reproduce,Deer,1452,91,5,276,8,offspring:1
20002,reproduce,Parrot,1513,18,1,265,0,offspring:1
20003,age_death,Lizard,1286,260,0,172,2,
20003,age_death,Lizard,1287,239,8,259,4,
20004,environment_death,Shroomer,493,191,1,161,3,drowning
20004,hunt_fail,Jaguar,1213,190,0,161,2,target_died
20005,age_death,Monkey,562,32,3,283,1,
20006,hunt_fail,Bear,259,24,6,270,8,target_died
20006,hunt_start,Bear,259,24,6,270,8,target:Parrot:17
20008,kill,Turtle,1341,221,3,12,9,killed_by:Bear:329
20009,hunt_start,Bear,329,221,9,12,9,target:Turtle:239
20010,reproduce,Monkey,513,63,7,121,4,offspring:1
20015,kill,Elk,476,88,4,249,2,killed_by:Bear:1925
20015,age_death,Monkey,566,108,2,270,0,
20015,spore_matured,Shroomer,-1,29,1,204,6,
20015,reproduce,Shroomer,-1,29,1,204,6,offspring:1
20015,spore_matured,Shroomer,-1,26,1,206,6,
20015,reproduce,Shroomer,-1,26,1,206,6,offspring:1
20017,hunt_start,Boar,1849,208,9,152,6,target:Monkey:1551
20017,kill,Faeling,61,14,6,205,6,killed_by:Shroomer:1077
20020,starvation,Monkey,1512,259,3,42,2,
20024,reproduce,Frog,1126,77,6,281,5,offspring:2
20025,starvation,Lizard,415,16,6,121,6,
20026,spore_created,Shroomer,-1,232,6,89,6,
20026,spore_created,Shroomer,-1,227,6,81,2,
20033,starvation,Polar Bear,597,148,6,267,9,
20037,starvation,Parrot,1754,1,0,161,4,
20037,hunt_fail,Jaguar,1893,0,5,153,6,target_died
20037,hunt_start,Jaguar,1893,0,5,153,6,target:Tapir:1055
20039,spore_created,Shroomer,-1,204,3,94,0,
20039,spore_created,Shroomer,-1,205,8,91,8,
20042,kill,Frog,1778,81,9,26,5,killed_by:Jaguar:594
20043,hunt_start,Jaguar,594,81,7,26,2,target:Deer:569
20043,spore_created,Shroomer,-1,17,4,189,2,
20043,spore_created,Shroomer,-1,22,2,200,9,
20050,kill,Deer,1239,204,9,267,4,killed_by:Bear:499
20051,reproduce,Elk,888,158,3,261,7,offspring:1
20052,starvation,Parrot,1707,0,6,41,5,
20052,hunt_fail,Jaguar,734,0,6,53,5,target_died
20056,kill,Elk,1751,42,7,186,2,killed_by:Bear:671
20057,kill,Shroomer,1543,208,4,84,9,killed_by:Bear:3
20057,hunt_start,Bear,671,42,9,187,0,target:Boar:110
20059,kill,Shroomer,810,235,2,66,5,killed_by:Polar Bear:497
20061,reproduce,Elk,490,23,5,191,7,offspring:1
20071,hunt_start,Polar Bear,855,48,2,209,0,target:Shroomer:1323
20076,hunt_start,Wolf,1583,170,2,152,5,target:Rabbit:1776
20077,starvation,Tapir,154,207,5,177,7,
20077,kill,Camel,263,150,1,252,5,killed_by:Bear:1525
20090,kill,Penguin,674,48,4,2,4,killed_by:Polar Bear:1367
20091,hunt_start,Polar Bear,1367,47,6,2,7,target:Penguin:1584
20092,reproduce,Penguin,1508,28,2,35,5,offspring:1
20096,kill,Deer,1308,74,6,31,9,killed_by:Jaguar:934
20097,hunt_start,Jaguar,934,74,6,31,3,target:Tapir:1379
20097,spore_created,Shroomer,-1,217,1,68,7,
20097,spore_created,Shroomer,-1,211,8,76,5,
20101,kill,Tapir,1745,177,1,94,1,killed_by:Jaguar:1088
20103,kill,Shroomer,957,214,2,60,3,killed_by:Polar Bear:687
20109,spore_matured,Shroomer,-1,232,6,76,6,
20109,reproduce,Shroomer,-1,232,6,76,6,offspring:1
20112,kill,Lizard,865,119,2,288,0,killed_by:Wolf:797
20112,kill,Shroomer,1323,47,8,212,2,killed_by:Polar Bear:855
20113,kill,Turtle,239,221,5,8,3,killed_by:Bear:329
20113,hunt_fail,Bear,735,48,6,212,6,target_died
20113,hunt_start,Bear,735,48,6,212,6,target:Shroomer:158
20113,hunt_start,Wolf,797,119,5,288,0,target:Deer:28
20114,hunt_start,Bear,329,221,4,9,0,target:Turtle:1071
20116,reproduce,Deer,832,168,1,127,3,offspring:1
20116,spore_matured,Shroomer,-1,224,9,82,6,
20116,reproduce,Shroomer,-1,224,9,82,6,offspring:1
20117,kill,Camel,18,137,4,269,6,killed_by:Bear:437
20117,reproduce,Camel,262,166,2,257,9,offspring:1
20118,kill,Frog,1246,97,8,237,6,killed_by:Bear:1160
20119,hunt_start,Bear,1160,98,6,238,8,target:Shroomer:1740
20120,age_death,Penguin,235,83,0,63,3,
20135,spore_created,Shroomer,-1,96,2,232,5,
20135,spore_created,Shroomer,-1,90,6,226,7,
20137,environment_death,Shroomer,142,200,9,101,1,drowning
20144,hunt_start,Boar,85,9,6,222,2,target:Shroomer:103
20144,reproduce,Monkey,1789,146,5,97,1,offspring:1
20145,reproduce,Camel,531,63,9,173,8,offspring:1
20146,reproduce,Deer,1270,26,5,96,0,offspring:1
20146,spore_matured,Shroomer,-1,228,1,80,9,
20146,reproduce,Shroomer,-1,228,1,80,9,offspring:1
20146,spore_matured,Shroomer,-1,232,6,89,6,
20146,reproduce,Shroomer,-1,232,6,89,6,offspring:1
20149,hunt_fail,Wolf,435,181,0,264,2,discomfort
20153,hunt_start,Bear,1818,160,6,231,0,target:Elk:1057
20157,hunt_start,Polar Bear,478,179,5,150,8,target:Parrot:278
20159,environment_death,Deer,42,152,5,66,9,drowning
20159,starvation,Rabbit,1549,125,5,131,5,
20159,hunt_start,Boar,85,9,9,221,8,target:Shroomer:103
20159,hunt_fail,Polar Bear,1864,150,1,67,8,target_died
20159,hunt_start,Polar Bear,1864,150,1,67,8,target:Musk Ox:132
20159,spore_matured,Shroomer,-1,204,2,94,0,
20159,reproduce,Shroomer,-1,204,2,94,0,offspring:1
20159,spore_matured,Shroomer,-1,205,8,91,7,
20159,reproduce,Shroomer,-1,205,8,91,7,offspring:1
20160,reproduce,Jaguar,1111,6,4,144,7,offspring:1
20161,hunt_start,Jaguar,1111,6,5,144,7,target:Deer:1755
20161,hunt_start,Jaguar,1745,8,2,144,9,target:Deer:1755
20163,spore_matured,Shroomer,-1,22,5,200,9,
20163,reproduce,Shroomer,-1,22,5,200,9,offspring:1
20165,reproduce,Penguin,1262,21,7,16,8,offspring:1
20166,age_death,Monkey,150,90,6,242,0,
20168,age_death,Lizard,619,103,1,60,5,
20168,age_death,Lizard,1300,136,5,88,8,
20170,reproduce,Jaguar,1023,31,0,85,9,offspring:1
20171,hunt_start,Jaguar,865,28,3,85,2,target:Tapir:443
20171,hunt_start,Jaguar,1023,30,9,85,9,target:Tapir:443
20172,reproduce,Elk,382,113,8,270,7,offspring:1
20172,reproduce,Deer,645,129,9,6,8,offspring:1
20173,kill,Rabbit,1332,181,5,260,6,killed_by:Wolf:435
20173,reproduce,Rabbit,768,169,3,265,6,offspring:2
20174,hunt_fail,Wolf,434,181,2,262,3,target_died
20174,hunt_start,Wolf,434,181,2,262,3,target:Rabbit:374
20174,reproduce,Lizard,746,204,6,67,6,offspring:2
20176,reproduce,Penguin,1524,64,3,13,8,offspring:1
20178,hunt_start,Boar,650,12,2,220,9,target:Shroomer:103
20179,reproduce,Polar Bear,128,24,4,173,7,offspring:1
20180,hunt_start,Polar Bear,128,24,3,173,7,target:Shroomer:1171
20180,hunt_start,Polar Bear,493,24,8,172,4,target:Shroomer:829
20182,kill,Tapir,1055,10,5,153,1,killed_by:Jaguar:1893
20184,hunt_start,Wolf,1814,182,6,133,0,target:Deer:1533
20186,spore_created,Shroomer,-1,235,9,79,9,
20186,spore_created,Shroomer,-1,229,0,80,3,
20192,reproduce,Monkey,320,152,1,96,0,offspring:1
20196,hunt_start,Polar Bear,1793,145,0,43,0,target:Penguin:898
20196,age_death,Monkey,147,260,7,247,2,
20197,hunt_start,Bear,1639,210,4,197,2,target:Elk:227
20198,kill,Deer,569,78,4,36,1,killed_by:Jaguar:594
20198,hunt_start,Boar,650,12,0,220,5,target:Shroomer:103
20198,reproduce,Rabbit,691,74,0,163,7,offspring:2
20199,hunt_start,Jaguar,594,78,3,35,6,target:Boar:1932
20199,reproduce,Boar,1763,131,4,186,8,offspring:2
20200,hunt_start,Boar,150,128,4,187,3,target:Parrot:55
20200,hunt_start,Boar,566,128,4,187,3,target:Parrot:55
20200,hunt_start,Boar,1763,131,4,186,8,target:Frog:1718
20201,starvation,Lizard,747,251,3,25,6,
20203,hunt_start,Polar Bear,269,24,7,183,6,target:Shroomer:1171
20203,hunt_start,Boar,1354,10,7,217,6,target:Shroomer:103
20207,starvation,Parrot,567,268,1,48,1,
20207,kill,Boar,110,32,4,185,2,killed_by:Bear:671
20207,hunt_fail,Wolf,757,267,0,40,3,target_died
20207,hunt_start,Wolf,757,267,0,40,3,target:Monkey:1217
20208,hunt_start,Bear,671,33,1,185,3,target:Lizard:1883
20216,age_death,Penguin,279,68,4,70,8,
20217,reproduce,Polar Bear,1793,145,2,44,3,offspring:1
20217,spore_matured,Shroomer,-1,217,0,68,4,
20217,reproduce,Shroomer,-1,217,0,68,4,offspring:1
20218,kill,Turtle,1071,219,6,13,3,killed_by:Bear:329
20218,hunt_start,Polar Bear,619,143,0,45,7,target:Penguin:393
20220,spore_matured,Shroomer,-1,212,1,76,4,
20220,reproduce,Shroomer,-1,212,1,76,4,offspring:1
20222,hunt_fail,Polar Bear,478,183,3,151,2,discomfort
20222,reproduce,Bear,329,219,8,12,6,offspring:1
20223,hunt_start,Bear,329,219,8,12,5,target:Turtle:461
20223,hunt_start,Bear,1055,219,1,13,1,target:Turtle:461
20223,kill,Shroomer,1740,95,7,241,6,killed_by:Bear:1160
20224,hunt_start,Bear,1160,96,2,241,1,target:Deer:1530
20225,starvation,Parrot,1358,189,0,166,4,
20228,kill,Shroomer,158,47,7,215,0,killed_by:Bear:735
20230,reproduce,Turtle,157,161,3,178,5,offspring:1
20234,kill,Deer,28,113,8,273,7,killed_by:Wolf:797
20235,starvation,Parrot,1132,81,7,142,1,
20235,starvation,Tapir,1381,141,5,221,6,
20235,hunt_start,Wolf,797,113,8,274,2,target:Frog:711
20237,environment_death,Elk,211,48,7,249,5,drowning
20237,hunt_start,Polar Bear,593,20,7,204,3,target:Shroomer:1535
20237,hunt_fail,Bear,809,55,8,248,5,target_died
20237,hunt_start,Bear,809,55,8,248,5,target:Elk:1221
20238,hunt_start,Boar,9,17,9,221,2,target:Shroomer:1810
20246,kill,Tapir,1379,66,7,33,2,killed_by:Jaguar:934
20249,reproduce,Elk,1166,228,1,194,4,offspring:1
20252,kill,Faeling,1912,118,0,114,5,killed_by:Shroomer:428
20253,hunt_fail,Jaguar,1174,191,4,62,2,prey_escaped
20258,starvation,Bear,1603,265,7,117,9,
20262,kill,Shroomer,1171,23,1,180,6,killed_by:Polar Bear:128
20263,hunt_start,Polar Bear,128,23,5,179,2,target:Shroomer:1003
20263,hunt_fail,Polar Bear,269,23,3,181,4,target_died
20263,hunt_start,Polar Bear,269,23,3,181,4,target:Shroomer:1003
20263,hunt_start,Boar,1354,10,1,217,5,target:Shroomer:103
20264,starvation,Parrot,69,38,5,284,3,
20266,reproduce,Parrot,1645,266,1,108,1,offspring:1
20267,hunt_start,Bear,1585,221,6,281,2,target:Monkey:708
20271,kill,Deer,1755,14,7,151,3,killed_by:Jaguar:1745
20272,hunt_fail,Jaguar,1111,9,2,148,1,target_died
20272,hunt_start,Jaguar,1111,9,2,148,1,target:Tapir:129
20272,hunt_start,Jaguar,1745,14,3,150,9,target:Tapir:129
20274,kill,Turtle,461,218,1,10,9,killed_by:Bear:1055
20274,spore_created,Shroomer,-1,27,2,207,3,
20274,spore_created,Shroomer,-1,22,7,201,6,
20275,hunt_fail,Bear,329,218,8,10,8,target_died
20275,hunt_start,Bear,329,218,8,10,8,target:Turtle:218
20275,hunt_start,Bear,1055,217,7,11,5,target:Turtle:218
20275,age_death,Rabbit,1130,249,7,266,0,
20275,age_death,Rabbit,1131,255,8,269,0,
20275,age_death,Rabbit,1133,246,1,248,5,
20277,reproduce,Rabbit,1413,288,0,282,9,offspring:2
20278,hunt_start,Boar,767,18,4,219,0,target:Shroomer:1810
20278,hunt_start,Boar,1354,10,1,218,1,target:Shroomer:103
20296,reproduce,Polar Bear,687,215,4,59,7,offspring:1
20297,hunt_start,Polar Bear,687,215,4,59,7,target:Shroomer:880
20297,hunt_start,Polar Bear,1512,212,8,57,5,target:Shroomer:1844
20303,kill,Penguin,1584,51,8,15,9,killed_by:Polar Bear:1367
20303,kill,Deer,584,104,7,243,4,killed_by:Bear:1807
20304,hunt_start,Polar Bear,1367,51,5,15,1,target:Penguin:1685
20306,kill,Shroomer,103,8,8,219,8,killed_by:Boar:650
20306,spore_matured,Shroomer,-1,229,4,80,3,
20306,reproduce,Shroomer,-1,229,4,80,3,offspring:1
20307,kill,Shroomer,1535,23,3,203,8,killed_by:Polar Bear:593
20307,spore_matured,Shroomer,-1,96,8,232,4,
20307,reproduce,Shroomer,-1,96,8,232,4,offspring:1
20307,spore_matured,Shroomer,-1,90,6,226,7,
20307,reproduce,Shroomer,-1,90,6,226,7,offspring:1
20308,hunt_start,Boar,9,16,3,221,3,target:Shroomer:1017
20308,hunt_start,Bear,690,212,0,81,7,target:Shroomer:1505
20308,hunt_start,Boar,1354,10,4,218,9,target:Shroomer:1017
20312,environment_death,Shroomer,263,231,6,89,2,drowning
20314,hunt_start,Jaguar,200,267,9,131,3,target:Rabbit:718
20316,kill,Rabbit,374,161,3,261,9,killed_by:Wolf:435
20317,hunt_fail,Wolf,434,162,8,262,1,target_died
20317,hunt_start,Wolf,434,162,8,262,1,target:Rabbit:18
20320,kill,Boar,1932,73,0,38,3,killed_by:Jaguar:594
20320,age_death,Parrot,869,235,0,253,2,
20320,age_death,Parrot,870,268,0,218,2,
20321,hunt_start,Jaguar,1174,192,0,62,2,target:Monkey:1076
20322,hunt_fail,Bear,1204,207,6,188,4,prey_escaped
20322,hunt_start,Bear,1204,207,6,188,4,target:Elk:539
20323,starvation,Elk,1730,29,5,142,5,
20328,starvation,Monkey,1137,213,8,92,0,
20328,reproduce,Monkey,1616,82,1,163,2,offspring:1
20330,kill,Penguin,393,135,1,49,6,killed_by:Polar Bear:619
20331,hunt_start,Polar Bear,619,135,7,49,3,target:Penguin:364
20333,hunt_start,Boar,1354,11,4,218,7,target:Shroomer:1017
20333,reproduce,Elk,848,23,8,189,0,offspring:1
20334,kill,Penguin,898,150,4,48,7,killed_by:Polar Bear:1793
20335,hunt_start,Polar Bear,1793,149,7,48,5,target:Penguin:775
20338,spore_created,Shroomer,-1,220,3,66,5,
20338,spore_created,Shroomer,-1,213,9,75,3,
20342,reproduce,Deer,107,171,6,257,5,offspring:1
20343,hunt_start,Bear,462,140,5,257,5,target:Parrot:557
20344,age_death,Parrot,343,284,8,271,8,
20347,starvation,Parrot,1128,0,3,71,1,
20347,kill,Deer,1533,196,3,135,7,killed_by:Wolf:1814
20347,reproduce,Boar,1757,58,1,60,6,offspring:2
20347,spore_created,Shroomer,-1,223,0,88,7,
20347,spore_created,Shroomer,-1,222,2,88,8,
20348,spore_created,Shroomer,-1,80,5,242,2,
20348,spore_created,Shroomer,-1,79,1,244,6,
20352,kill,Tapir,443,30,2,100,4,killed_by:Jaguar:865
20352,reproduce,Tapir,1792,61,8,126,5,offspring:1
20353,hunt_fail,Jaguar,1023,30,5,90,7,target_died
20353,hunt_start,Jaguar,1023,30,5,90,7,target:Deer:352
20353,reproduce,Monkey,719,49,2,35,6,offspring:1
20354,hunt_start,Boar,85,10,7,220,9,target:Shroomer:1212
20355,reproduce,Parrot,1214,269,1,61,6,offspring:1
20356,hunt_start,Bear,735,44,6,214,1,target:Boar:508
20364,starvation,Monkey,1641,238,3,51,3,
20367,kill,Shroomer,880,217,8,61,6,killed_by:Polar Bear:687
20368,hunt_start,Polar Bear,687,217,2,61,1,target:Shroomer:300
20368,kill,Frog,711,103,7,283,4,killed_by:Wolf:797
20369,hunt_start,Wolf,797,103,9,283,1,target:Deer:1452
20372,kill,Turtle,218,222,0,13,7,killed_by:Bear:1055
20372,reproduce,Turtle,190,224,9,27,3,offspring:1
20373,hunt_fail,Bear,329,222,6,13,3,target_died
20374,reproduce,Boar,1764,220,3,134,8,offspring:2
20377,spore_created,Shroomer,-1,225,9,77,3,
20377,spore_created,Shroomer,-1,221,5,83,7,
20378,reproduce,Bear,499,201,8,264,3,offspring:1
20379,hunt_start,Bear,42,203,1,263,2,target:Elk:1874
20379,hunt_start,Boar,85,11,2,221,5,target:Shroomer:1212
20379,hunt_start,Bear,499,201,8,264,3,target:Elk:1874
20379,reproduce,Elk,1839,209,4,54,1,offspring:1
20382,reproduce,Monkey,1772,274,1,26,4,offspring:1
20383,environment_death,Shroomer,428,79,6,102,9,drowning
20383,hunt_fail,Jaguar,1892,79,0,103,6,target_died
20384,reproduce,Monkey,1771,273,4,26,0,offspring:1
20389,reproduce,Bear,1639,199,4,199,2,offspring:1
20390,hunt_start,Bear,263,201,3,197,8,target:Elk:227
20390,spore_created,Shroomer,-1,95,0,239,7,
20390,spore_created,Shroomer,-1,103,2,243,7,
20394,kill,Shroomer,1003,18,2,181,3,killed_by:Polar Bear:269
20394,spore_matured,Shroomer,-1,22,9,202,1,
20394,reproduce,Shroomer,-1,22,9,202,1,offspring:1
20394,spore_matured,Shroomer,-1,27,6,208,1,
20394,reproduce,Shroomer,-1,27,6,208,1,offspring:1
20395,hunt_fail,Polar Bear,128,19,3,181,0,target_died
20395,hunt_start,Polar Bear,128,19,3,181,0,target:Shroomer:1528
20396,spore_created,Shroomer,-1,80,6,245,4,
20396,spore_created,Shroomer,-1,88,1,253,6,
20398,starvation,Parrot,1541,227,2,235,7,
20398,reproduce,Frog,419,136,8,285,3,offspring:2
20399,kill,Shroomer,1844,217,5,55,6,killed_by:Polar Bear:1512
20399,age_death,Monkey,114,223,5,52,6,
20400,starvation,Wolf,188,44,7,273,3,
20400,hunt_start,Polar Bear,1512,216,8,55,9,target:Shroomer:1352
20404,kill,Penguin,775,152,2,49,1,killed_by:Polar Bear:1793
20405,hunt_start,Polar Bear,1793,151,6,49,0,target:Camel:908
20411,hunt_start,Bear,603,162,3,285,8,target:Deer:1901
20411,kill,Elk,1057,145,2,227,2,killed_by:Bear:1818
20416,reproduce,Parrot,786,24,2,138,6,offspring:1
20416,reproduce,Parrot,1437,67,3,153,2,offspring:1
20419,reproduce,Parrot,1712,18,5,90,5,offspring:1
20420,reproduce,Deer,1402,31,1,12,6,offspring:1
20422,starvation,Lizard,763,155,4,88,6,
20424,kill,Shroomer,829,37,7,177,3,killed_by:Polar Bear:493
20424,reproduce,Rabbit,396,284,3,58,2,offspring:2
20425,hunt_start,Polar Bear,493,36,7,176,9,target:Elk:1333
20426,kill,Shroomer,1505,213,5,79,5,killed_by:Bear:690
20428,hunt_start,Jaguar,865,29,6,100,9,target:Tapir:224
20428,reproduce,Deer,1215,172,8,107,8,offspring:1
20430,reproduce,Deer,1343,27,5,8,7,offspring:1
20431,kill,Elk,227,196,0,199,7,killed_by:Bear:1639
20432,hunt_fail,Bear,263,199,5,198,5,target_died
20432,hunt_start,Bear,263,199,5,198,5,target:Elk:203
20432,reproduce,Elk,203,198,0,207,9,offspring:1
20433,kill,Rabbit,18,149,8,253,3,killed_by:Wolf:435
20433,reproduce,Elk,1243,44,2,76,2,offspring:1
20434,hunt_fail,Wolf,434,149,9,254,6,target_died
20434,hunt_start,Wolf,434,149,9,254,6,target:Rabbit:1064
20434,reproduce,Bear,690,213,9,80,4,offspring:1
20435,hunt_start,Bear,567,211,4,80,9,target:Shroomer:27
20435,hunt_start,Bear,690,213,9,80,4,target:Shroomer:395
20437,kill,Penguin,364,129,2,53,9,killed_by:Polar Bear:619
20438,hunt_start,Polar Bear,619,129,8,53,5,target:Camel:784
20438,reproduce,Deer,156,10,3,133,9,offspring:1
20442,reproduce,Monkey,1683,156,6,96,1,offspring:1
20445,kill,Tapir,129,16,9,137,9,killed_by:Jaguar:1745
20446,hunt_fail,Jaguar,1111,10,0,147,3,target_died
20446,hunt_start,Jaguar,1111,10,0,147,3,target:Deer:975
20446,age_death,Parrot,268,2,4,204,4,
20446,age_death,Parrot,850,70,8,275,7,
20446,age_death,Parrot,881,2,3,167,0,
20453,hunt_start,Bear,1925,84,2,252,9,target:Shroomer:464
20454,kill,Shroomer,1810,18,6,214,1,killed_by:Boar:767
20455,hunt_start,Polar Bear,963,133,2,38,4,target:Musk Ox:1285
20455,reproduce,Tapir,962,63,1,124,2,offspring:1
20456,kill,Musk Ox,132,140,3,77,0,killed_by:Polar Bear:1864
20458,hunt_fail,Jaguar,487,213,8,166,7,discomfort
20458,spore_matured,Shroomer,-1,220,2,66,5,
20458,reproduce,Shroomer,-1,220,2,66,5,offspring:1
20458,spore_matured,Shroomer,-1,214,5,73,6,
20458,reproduce,Shroomer,-1,214,5,73,6,offspring:1
20459,reproduce,Penguin,1897,66,2,27,2,offspring:1
20461,reproduce,Penguin,1698,143,8,27,5,offspring:1
20466,reproduce,Rabbit,1064,145,4,262,0,offspring:2
20467,spore_matured,Shroomer,-1,222,1,88,6,
20467,reproduce,Shroomer,-1,222,1,88,6,offspring:1
20467,spore_matured,Shroomer,-1,223,5,88,6,
20467,reproduce,Shroomer,-1,223,5,88,6,offspring:1
20468,hunt_start,Boar,9,16,8,223,4,target:Shroomer:1212
20469,age_death,Lizard,1314,133,9,85,4,
20470,hunt_fail,Jaguar,983,133,8,76,7,target_died
20470,hunt_start,Jaguar,983,133,8,76,7,target:Elk:440
20472,kill,Shroomer,300,220,9,60,2,killed_by:Polar Bear:687
20473,hunt_start,Jaguar,1088,179,4,100,8,target:Frog:1667
20483,reproduce,Camel,1309,192,4,284,7,offspring:1
20487,kill,Elk,539,219,5,196,0,killed_by:Bear:1204
20487,reproduce,Elk,761,195,0,210,7,offspring:1
20488,hunt_start,Bear,1204,218,8,195,6,target:Elk:1065
20488,hunt_start,Jaguar,1892,79,0,105,1,target:Boar:1153
20489,starvation,Lizard,1664,35,8,262,6,
20490,spore_matured,Shroomer,-1,78,9,244,4,
20490,reproduce,Shroomer,-1,78,9,244,4,offspring:1
20492,hunt_start,Polar Bear,924,114,6,177,3,target:Musk Ox:1102
20494,reproduce,Tapir,1391,60,6,228,0,offspring:1
20495,hunt_start,Bear,3,212,1,86,7,target:Shroomer:411
20497,spore_matured,Shroomer,-1,221,3,83,9,
20497,reproduce,Shroomer,-1,221,3,83,9,offspring:1
20497,spore_matured,Shroomer,-1,225,8,77,2,
20497,reproduce,Shroomer,-1,225,8,77,2,offspring:1
20498,reproduce,Deer,318,182,3,275,1,offspring:1
20499,spore_created,Shroomer,-1,81,8,221,0,
20499,spore_created,Shroomer,-1,75,9,227,6,
20501,kill,Elk,440,135,1,72,5,killed_by:Jaguar:983
20501,spore_created,Shroomer,-1,209,2,57,0,
20501,spore_created,Shroomer,-1,222,1,58,4,
20502,kill,Elk,1221,68,1,256,6,killed_by:Bear:809
20502,hunt_start,Jaguar,983,135,1,73,1,target:Elk:194
20502,reproduce,Jaguar,983,135,1,73,1,offspring:1
20503,hunt_start,Boar,1354,11,8,218,3,target:Shroomer:1017
20503,hunt_start,Jaguar,1912,132,4,71,3,target:Elk:195
20503,reproduce,Deer,1592,29,6,13,6,offspring:1
20509,reproduce,Elk,208,109,1,257,0,offspring:1
20510,starvation,Monkey,955,191,3,188,8,
20511,kill,Deer,1452,92,1,288,0,killed_by:Wolf:797
20512,starvation,Deer,1045,121,6,227,0,
20512,hunt_start,Polar Bear,398,32,8,192,8,target:Shroomer:1194
20512,hunt_start,Wolf,797,92,3,287,2,target:Rabbit:327
20513,starvation,Shroomer,507,218,0,79,5,
20515,hunt_start,Bear,1525,147,2,255,2,target:Camel:253
20516,reproduce,Faeling,0,1,1,193,8,offspring:1
20520,spore_matured,Shroomer,-1,80,2,242,1,
20520,reproduce,Shroomer,-1,80,2,242,1,offspring:1
20525,age_death,Parrot,54,114,2,40,8,
20527,spore_created,Shroomer,-1,221,1,68,4,
20527,spore_created,Shroomer,-1,214,2,68,8,
20535,starvation,Shroomer,1511,222,5,82,5,
20537,hunt_start,Boar,1609,12,1,204,1,target:Shroomer:1375
20541,kill,Shroomer,1528,12,6,177,4,killed_by:Polar Bear:128
20542,kill,Camel,784,127,1,47,4,killed_by:Polar Bear:619
20546,kill,Rabbit,1064,137,8,260,1,killed_by:Wolf:435
20547,hunt_fail,Wolf,434,139,1,260,8,target_died
20547,hunt_start,Wolf,434,139,1,260,8,target:Rabbit:829
20547,spore_matured,Shroomer,-1,81,1,245,6,
20547,reproduce,Shroomer,-1,81,1,245,6,offspring:1
20548,hunt_start,Boar,1354,12,4,217,4,target:Shroomer:1017
20548,reproduce,Parrot,1638,64,7,159,3,offspring:1
20554,kill,Deer,352,22,2,90,2,killed_by:Jaguar:1023
20554,hunt_start,Jaguar,1893,4,1,152,1,target:Deer:975
20555,hunt_start,Bear,437,133,0,264,8,target:Lizard:1406
20558,starvation,Parrot,673,286,4,0,0,
20562,spore_matured,Shroomer,-1,95,0,239,7,
20562,reproduce,Shroomer,-1,95,0,239,7,offspring:1
20562,spore_matured,Shroomer,-1,103,2,243,7,
20562,reproduce,Shroomer,-1,103,2,243,7,offspring:1
20566,reproduce,Turtle,601,149,5,224,6,offspring:1
20568,spore_matured,Shroomer,-1,87,8,253,4,
20568,reproduce,Shroomer,-1,87,8,253,4,offspring:1
20572,reproduce,Elk,1766,62,2,259,8,offspring:1
20574,kill,Shroomer,1352,220,0,59,9,killed_by:Polar Bear:1512
20576,kill,Musk Ox,536,263,9,16,8,killed_by:Jaguar:1163
20577,hunt_start,Jaguar,1163,263,2,16,8,target:Musk Ox:1117
20578,reproduce,Monkey,1723,11,4,266,6,offspring:1
20578,reproduce,Monkey,1759,8,8,265,0,offspring:1
20578,reproduce,Monkey,1762,9,4,269,8,offspring:1
20580,reproduce,Parrot,543,153,2,136,9,offspring:1
20582,kill,Boar,508,34,0,211,5,killed_by:Bear:735
20582,reproduce,Boar,230,13,3,228,2,offspring:2
20583,hunt_start,Boar,230,13,3,228,2,target:Shroomer:1212
20583,hunt_start,Boar,784,11,2,230,0,target:Shroomer:858
20583,hunt_start,Boar,1064,11,2,230,0,target:Shroomer:858
20584,hunt_start,Jaguar,487,217,7,167,0,target:Monkey:987
20584,kill,Musk Ox,1102,118,1,173,5,killed_by:Polar Bear:924
20585,kill,Elk,195,134,3,64,5,killed_by:Jaguar:1912
20585,reproduce,Elk,573,168,3,283,2,offspring:1
20586,kill,Elk,194,141,0,69,3,killed_by:Jaguar:983
20586,reproduce,Penguin,1083,130,5,96,7,offspring:1
20587,reproduce,Jaguar,1163,263,3,17,4,offspring:1
20588,starvation,Monkey,1731,288,0,0,0,
20588,hunt_start,Jaguar,673,262,1,14,8,target:Musk Ox:1117
20590,spore_created,Shroomer,-1,221,2,72,1,
20590,spore_created,Shroomer,-1,223,9,68,1,
20593,kill,Shroomer,1194,29,6,192,3,killed_by:Polar Bear:398
20594,starvation,Rabbit,356,56,0,185,0,
20594,hunt_fail,Bear,1317,63,0,181,0,target_died
20594,hunt_start,Bear,1317,63,0,181,0,target:Deer:993
20594,reproduce,Penguin,1370,153,5,101,2,offspring:1
20595,reproduce,Camel,494,123,5,96,4,offspring:1
20598,kill,Musk Ox,1285,128,1,45,5,killed_by:Polar Bear:963
20599,reproduce,Rabbit,1455,194,6,126,6,offspring:2
20600,kill,Elk,1333,39,4,170,1,killed_by:Polar Bear:493
20601,reproduce,Elk,122,19,1,190,9,offspring:1
20602,hunt_start,Polar Bear,497,235,6,67,6,target:Shroomer:112
20604,reproduce,Parrot,1833,94,2,157,3,offspring:1
20607,kill,Shroomer,464,84,5,246,5,killed_by:Bear:1925
20609,starvation,Monkey,1516,242,1,212,1,
20610,hunt_start,Wolf,1814,195,0,134,1,target:Shroomer:1362
20616,kill,Elk,1874,192,6,275,3,killed_by:Bear:499
20617,hunt_fail,Bear,42,195,7,271,8,target_died
20617,hunt_start,Bear,42,195,7,271,8,target:Elk:79
20618,kill,Shroomer,395,213,9,78,1,killed_by:Bear:690
20618,hunt_start,Jaguar,934,64,5,31,6,target:Tapir:780
20619,hunt_start,Bear,690,213,5,78,8,target:Shroomer:27
20619,age_death,Monkey,131,154,5,166,9,
20619,reproduce,Elk,1679,174,8,256,1,offspring:1
20619,spore_created,Shroomer,-1,65,1,213,4,
20619,spore_created,Shroomer,-1,64,8,210,3,
20622,starvation,Shroomer,504,220,0,80,8,
20622,age_death,Monkey,629,225,2,129,0,
20623,kill,Tapir,224,25,9,102,6,killed_by:Jaguar:865
20626,kill,Elk,1065,220,1,185,4,killed_by:Bear:1204
20627,kill,Shroomer,411,209,7,83,7,killed_by:Bear:3
20627,hunt_start,Bear,1204,220,0,186,2,target:Elk:937
20628,reproduce,Elk,1252,47,6,257,7,offspring:1
20636,kill,Shroomer,27,211,5,76,5,killed_by:Bear:567
20637,hunt_start,Bear,567,210,8,77,4,target:Shroomer:1765
20637,hunt_fail,Bear,690,213,2,78,5,target_died
20637,hunt_start,Bear,690,213,2,78,5,target:Shroomer:1150
20641,reproduce,Bear,1204,220,7,186,6,offspring:1
20642,hunt_start,Bear,1285,218,2,188,4,target:Lizard:1879
20642,reproduce,Polar Bear,963,127,9,44,3,offspring:1
20643,hunt_start,Polar Bear,963,127,9,44,3,target:Musk Ox:599
20643,hunt_start,Polar Bear,1333,125,2,44,3,target:Musk Ox:599
20647,spore_matured,Shroomer,-1,221,1,68,5,
20647,reproduce,Shroomer,-1,221,1,68,5,offspring:1
20647,spore_matured,Shroomer,-1,214,1,69,0,
20647,reproduce,Shroomer,-1,214,1,69,0,offspring:1
20649,reproduce,Rabbit,1635,63,3,73,9,offspring:2
20651,hunt_start,Jaguar,1023,22,6,93,5,target:Deer:476
20651,hunt_start,Jaguar,1360,14,5,35,8,target:Turtle:1657
20655,hunt_start,Polar Bear,855,47,6,209,4,target:Shroomer:1216
20656,age_death,Penguin,277,153,7,90,6,
20665,starvation,Polar Bear,1366,58,4,36,0,
20665,spore_created,Shroomer,-1,217,2,82,6,
20665,spore_created,Shroomer,-1,234,8,82,9,
20670,reproduce,Monkey,1217,287,7,19,2,offspring:1
20671,spore_matured,Shroomer,-1,75,9,227,6,
20671,reproduce,Shroomer,-1,75,9,227,6,offspring:1
20671,spore_matured,Shroomer,-1,81,8,221,0,
20671,reproduce,Shroomer,-1,81,8,221,0,offspring:1
20673,spore_matured,Shroomer,-1,209,6,56,9,
20673,reproduce,Shroomer,-1,209,6,56,9,offspring:1
20673,spore_matured,Shroomer,-1,222,1,58,4,
20673,reproduce,Shroomer,-1,222,1,58,4,offspring:1
20674,kill,Camel,908,137,9,44,3,killed_by:Polar Bear:1793
20676,kill,Musk Ox,1117,265,5,22,5,killed_by:Jaguar:1163
20677,starvation,Parrot,807,0,0,239,9,
20677,hunt_fail,Jaguar,673,263,5,18,6,target_died
20677,hunt_start,Jaguar,673,263,5,18,6,target:Boar:1264
20683,reproduce,Deer,290,17,2,143,0,offspring:1
20686,kill,Tapir,780,65,1,35,8,killed_by:Jaguar:934
20686,age_death,Penguin,635,83,7,64,9,
20686,reproduce,Elk,5,212,0,62,6,offspring:1
20686,reproduce,Monkey,1899,222,4,160,0,offspring:1
20690,kill,Boar,1153,64,1,99,4,killed_by:Jaguar:1892
20690,reproduce,Tapir,906,61,0,126,4,offspring:1
20691,kill,Deer,1530,73,5,229,2,killed_by:Bear:1160
20691,hunt_start,Jaguar,1892,64,6,99,7,target:Monkey:766
20692,hunt_start,Jaguar,594,72,6,36,6,target:Elk:681
20696,starvation,Monkey,1631,203,4,78,5,
20702,kill,Faeling,539,19,5,190,1,killed_by:Shroomer:414
20703,starvation,Rabbit,1871,80,3,192,1,
20703,hunt_fail,Bear,945,75,3,185,8,target_died
20703,hunt_start,Bear,945,75,3,185,8,target:Deer:993
20710,spore_matured,Shroomer,-1,221,2,72,0,
20710,reproduce,Shroomer,-1,221,2,72,0,offspring:1
20710,spore_matured,Shroomer,-1,224,0,68,2,
20710,reproduce,Shroomer,-1,224,0,68,2,offspring:1
20712,reproduce,Frog,1581,129,8,63,1,offspring:2
20713,kill,Musk Ox,599,123,3,47,5,killed_by:Polar Bear:1333
20714,hunt_fail,Polar Bear,963,124,5,45,9,target_died
20714,hunt_start,Polar Bear,963,124,5,45,9,target:Musk Ox:1250
20715,reproduce,Musk Ox,658,113,2,63,0,offspring:1
20715,spore_created,Shroomer,-1,177,8,97,8,
20715,spore_created,Shroomer,-1,179,0,102,5,
20716,reproduce,Camel,1823,91,9,159,8,offspring:1
20717,kill,Frog,1667,166,6,91,2,killed_by:Jaguar:1088
20718,hunt_start,Jaguar,1088,167,0,91,5,target:Monkey:1549
20718,reproduce,Penguin,104,143,5,28,8,offspring:1
20719,hunt_start,Boar,1133,225,4,136,3,target:Shroomer:1882
20727,kill,Shroomer,112,235,9,72,6,killed_by:Polar Bear:497
20728,spore_created,Shroomer,-1,229,8,76,3,
20728,spore_created,Shroomer,-1,230,0,64,4,
20729,age_death,Parrot,894,77,7,243,1,
20730,starvation,Rabbit,1305,66,8,280,9,
20730,kill,Camel,253,155,2,264,6,killed_by:Bear:1525
20732,reproduce,Musk Ox,609,119,7,156,6,offspring:1
20739,starvation,Monkey,1866,285,3,0,0,
20739,spore_matured,Shroomer,-1,64,8,210,3,
20739,reproduce,Shroomer,-1,64,8,210,3,offspring:1
20741,kill,Shroomer,1765,210,2,74,7,killed_by:Bear:567
20741,hunt_start,Bear,1807,98,1,246,7,target:Deer:947
20744,reproduce,Frog,1363,31,4,10,1,offspring:2
20747,age_death,Monkey,646,90,5,229,7,
20748,environment_death,Shroomer,266,226,1,61,9,drowning
20749,starvation,Monkey,363,66,5,122,1,
20751,reproduce,Faeling,1,61,2,59,3,offspring:1
20752,kill,Rabbit,829,164,3,275,4,killed_by:Wolf:435
20753,hunt_fail,Wolf,434,162,8,274,6,target_died
20753,hunt_start,Wolf,434,162,8,274,6,target:Rabbit:1242
20756,starvation,Polar Bear,1168,5,5,226,5,
20758,starvation,Boar,1849,186,3,158,4,
20761,kill,Shroomer,1362,186,2,133,9,killed_by:Wolf:1814
20761,reproduce,Rabbit,1233,136,7,286,2,offspring:2
20763,starvation,Parrot,342,277,5,0,6,
20775,hunt_fail,Jaguar,487,213,4,175,0,discomfort
20775,kill,Deer,993,69,8,190,2,killed_by:Bear:1317
20776,hunt_fail,Bear,945,71,9,187,9,target_died
20776,hunt_start,Bear,945,71,9,187,9,target:Rabbit:1341
20778,spore_created,Shroomer,-1,38,8,210,7,
20778,spore_created,Shroomer,-1,24,6,210,3,
20781,spore_created,Shroomer,-1,15,6,195,6,
20781,spore_created,Shroomer,-1,26,9,204,7,
20782,reproduce,Boar,1905,154,5,193,4,offspring:2
20783,hunt_start,Boar,1194,154,8,194,0,target:Frog:1651
20783,hunt_start,Boar,1866,154,6,193,7,target:Frog:1651
20783,hunt_start,Boar,1905,154,3,193,2,target:Frog:1651
20784,hunt_start,Boar,85,11,1,219,3,target:Shroomer:1212
20784,spore_created,Shroomer,-1,204,7,58,7,
20784,spore_created,Shroomer,-1,196,9,64,6,
20785,spore_matured,Shroomer,-1,217,0,82,9,
20785,reproduce,Shroomer,-1,217,0,82,9,offspring:1
20785,spore_matured,Shroomer,-1,234,8,82,9,
20785,reproduce,Shroomer,-1,234,8,82,9,offspring:1
20787,kill,Shroomer,1150,212,4,75,4,killed_by:Bear:690
20789,hunt_start,Boar,85,11,2,219,4,target:Shroomer:1212
20789,spore_created,Shroomer,-1,223,5,76,6,
20789,spore_created,Shroomer,-1,225,6,75,7,
20791,starvation,Frog,1582,140,0,117,2,
20791,spore_matured,Shroomer,-1,65,1,213,4,
20791,reproduce,Shroomer,-1,65,1,213,4,offspring:1
20794,reproduce,Parrot,429,10,7,194,1,offspring:1
20795,reproduce,Frog,918,108,9,98,4,offspring:2
20795,reproduce,Boar,1906,165,1,173,5,offspring:2
20796,kill,Shroomer,858,7,4,220,8,killed_by:Boar:1064
20797,kill,Shroomer,1212,11,6,220,7,killed_by:Boar:230
20797,kill,Boar,1264,261,4,21,9,killed_by:Jaguar:673
20797,hunt_fail,Boar,784,8,0,221,3,target_died
20797,hunt_start,Boar,784,8,0,221,3,target:Shroomer:1212
20797,hunt_start,Boar,1064,8,1,220,6,target:Shroomer:1212
20798,hunt_fail,Boar,85,11,3,219,8,target_died
20798,hunt_start,Boar,85,11,3,219,8,target:Shroomer:1017
20798,hunt_start,Jaguar,673,261,7,21,4,target:Boar:125
20798,hunt_fail,Boar,784,8,0,221,3,target_died
20798,hunt_fail,Boar,1064,8,1,220,6,target_died
20801,kill,Shroomer,1216,44,7,215,9,killed_by:Polar Bear:855
20802,kill,Deer,476,34,4,94,9,killed_by:Jaguar:1023
20802,reproduce,Deer,1151,10,7,82,9,offspring:1
20803,reproduce,Lizard,1459,162,6,153,6,offspring:2
20806,spore_created,Shroomer,-1,200,9,83,7,
20806,spore_created,Shroomer,-1,201,3,84,3,
20807,reproduce,Parrot,1293,134,9,288,0,offspring:1
20808,spore_created,Shroomer,-1,220,3,65,7,
20808,spore_created,Shroomer,-1,233,0,66,4,
20810,hunt_start,Bear,1055,218,0,13,3,target:Monkey:875
20812,starvation,Parrot,1624,12,0,73,1,
20816,starvation,Parrot,1485,18,2,34,5,
20816,kill,Elk,203,197,3,224,0,killed_by:Bear:263
20817,hunt_start,Jaguar,1745,14,2,129,7,target:Deer:1287
20817,reproduce,Monkey,1431,52,5,108,6,offspring:1
20818,kill,Elk,79,183,9,267,4,killed_by:Bear:42
20819,hunt_start,Bear,42,184,6,267,7,target:Elk:1679
20822,age_death,Rabbit,169,231,6,149,5,
20822,age_death,Rabbit,971,168,7,165,8,
20824,kill,Deer,1287,11,6,130,3,killed_by:Jaguar:1745
20825,starvation,Lizard,1876,107,5,27,0,
20825,starvation,Lizard,1877,107,5,25,5,
20827,hunt_start,Bear,263,197,4,223,2,target:Lizard:1518
20829,reproduce,Penguin,1316,22,7,12,3,offspring:1
20830,kill,Deer,975,0,6,143,3,killed_by:Jaguar:1893
20831,hunt_fail,Jaguar,1111,7,7,146,6,target_died
20831,hunt_start,Jaguar,1111,7,7,146,6,target:Parrot:47
20835,spore_matured,Shroomer,-1,179,0,102,5,
20835,reproduce,Shroomer,-1,179,0,102,5,offspring:1
20838,kill,Elk,937,232,4,192,4,killed_by:Bear:1204
20839,kill,Penguin,1685,29,7,7,4,killed_by:Polar Bear:1367
20839,reproduce,Penguin,1873,30,9,23,4,offspring:1
20840,hunt_start,Polar Bear,1367,30,4,7,6,target:Penguin:1872
20844,starvation,Parrot,1507,0,0,240,0,
20848,spore_matured,Shroomer,-1,230,1,76,2,
20848,reproduce,Shroomer,-1,230,1,76,2,offspring:1
20848,spore_matured,Shroomer,-1,230,2,64,5,
20848,reproduce,Shroomer,-1,230,2,64,5,offspring:1
20849,hunt_start,Bear,1818,147,1,226,6,target:Turtle:1452
20850,hunt_start,Polar Bear,593,19,8,199,7,target:Shroomer:1380
20855,reproduce,Polar Bear,1367,30,1,6,8,offspring:1
20856,hunt_start,Polar Bear,1287,28,2,7,0,target:Penguin:1918
20859,starvation,Wolf,1154,8,8,123,9,
20861,reproduce,Jaguar,1088,159,3,94,7,offspring:1
20862,hunt_start,Jaguar,1876,160,0,94,7,target:Monkey:320
20866,age_death,Rabbit,1164,195,5,278,4,
20867,starvation,Tapir,159,219,5,113,7,
20867,hunt_fail,Bear,824,182,4,286,1,target_died
20867,hunt_start,Bear,824,182,4,286,1,target:Deer:1810
20869,hunt_start,Bear,1639,196,0,207,7,target:Elk:428
20869,spore_created,Shroomer,-1,-4,0,192,8,
20869,spore_created,Shroomer,-1,1,6,202,6,
20869,spore_created,Shroomer,-1,201,1,71,2,
20869,spore_created,Shroomer,-1,210,5,78,5,
20871,kill,Elk,681,64,9,39,3,killed_by:Jaguar:594
20871,kill,Musk Ox,1250,121,3,54,6,killed_by:Polar Bear:963
20872,reproduce,Boar,649,283,5,192,1,offspring:2
20873,reproduce,Musk Ox,716,107,5,40,1,offspring:1
20874,hunt_start,Boar,767,16,2,217,4,target:Shroomer:1017
20877,reproduce,Polar Bear,398,32,5,191,1,offspring:1
20878,hunt_start,Polar Bear,398,32,5,191,1,target:Shroomer:808
20878,hunt_start,Polar Bear,1530,31,2,191,7,target:Shroomer:808
20881,kill,Rabbit,1242,170,3,288,0,killed_by:Wolf:435
20882,hunt_fail,Wolf,434,170,1,286,9,target_died
20882,hunt_start,Wolf,434,170,1,286,9,target:Deer:1301
20884,starvation,Parrot,1523,0,0,239,7,
20884,reproduce,Parrot,400,1,6,264,7,offspring:1
20884,spore_created,Shroomer,-1,7,5,221,1,
20884,spore_created,Shroomer,-1,1,3,217,3,
20885,starvation,Lizard,764,207,3,80,5,
20885,hunt_start,Boar,784,8,3,221,7,target:Shroomer:1164
20885,hunt_start,Boar,1064,8,5,220,1,target:Shroomer:1164
20887,spore_matured,Shroomer,-1,177,8,97,8,
20887,reproduce,Shroomer,-1,177,8,97,8,offspring:1
20893,kill,Boar,125,257,7,15,7,killed_by:Jaguar:673
20893,spore_created,Shroomer,-1,88,4,272,1,
20893,spore_created,Shroomer,-1,84,9,269,1,
20898,spore_matured,Shroomer,-1,38,8,210,7,
20898,reproduce,Shroomer,-1,38,8,210,7,offspring:1
20898,spore_matured,Shroomer,-1,24,4,210,2,
20898,reproduce,Shroomer,-1,24,4,210,2,offspring:1
20900,kill,Deer,1901,134,8,281,3,killed_by:Bear:603
20904,spore_matured,Shroomer,-1,196,9,64,6,
20904,reproduce,Shroomer,-1,196,9,64,6,offspring:1
20905,starvation,Shroomer,467,206,4,96,5,
20905,hunt_start,Boar,650,10,7,221,6,target:Shroomer:1164
20909,spore_matured,Shroomer,-1,223,5,76,6,
20909,reproduce,Shroomer,-1,223,5,76,6,offspring:1
20909,spore_matured,Shroomer,-1,225,6,75,9,
20909,reproduce,Shroomer,-1,225,6,75,9,offspring:1
20913,reproduce,Tapir,854,21,8,18,0,offspring:1
20918,kill,Shroomer,1164,7,5,221,4,killed_by:Boar:1064
20918,kill,Shroomer,1882,227,0,126,8,killed_by:Boar:1133
20919,hunt_fail,Boar,650,10,1,221,3,target_died
20919,hunt_fail,Boar,784,7,9,221,2,target_died
20920,spore_created,Shroomer,-1,227,8,78,7,
20920,spore_created,Shroomer,-1,235,6,84,6,
20923,starvation,Monkey,444,87,3,93,2,
20923,hunt_fail,Bear,1563,80,4,92,9,target_died
20923,hunt_start,Bear,1563,80,4,92,9,target:Elk:564
20924,kill,Turtle,1452,147,7,230,1,killed_by:Bear:1818
20926,spore_matured,Shroomer,-1,200,3,82,8,
20926,reproduce,Shroomer,-1,200,3,82,8,offspring:1
20926,spore_matured,Shroomer,-1,202,0,85,2,
20926,reproduce,Shroomer,-1,202,0,85,2,offspring:1
20928,spore_matured,Shroomer,-1,232,9,66,5,
20928,reproduce,Shroomer,-1,232,9,66,5,offspring:1
20928,spore_matured,Shroomer,-1,220,4,65,7,
20928,reproduce,Shroomer,-1,220,4,65,7,offspring:1
20931,environment_death,Shroomer,404,209,5,102,2,drowning
20933,spore_created,Shroomer,-1,235,6,82,6,
20933,spore_created,Shroomer,-1,224,1,77,6,
20937,hunt_start,Polar Bear,269,19,8,175,6,target:Elk:158
20940,hunt_start,Bear,809,72,1,256,8,target:Elk:148
20943,hunt_start,Bear,1317,73,1,188,8,target:Parrot:929
20944,spore_created,Shroomer,-1,15,6,209,7,
20944,spore_created,Shroomer,-1,15,5,217,0,
20949,spore_created,Shroomer,-1,182,0,117,7,
20949,spore_created,Shroomer,-1,185,5,120,9,
20951,environment_death,Shroomer,363,236,1,82,9,drowning
20952,reproduce,Deer,107,181,6,256,9,offspring:1
20953,reproduce,Jaguar,1893,3,2,145,9,offspring:1
20953,spore_matured,Shroomer,-1,26,7,204,7,
20953,reproduce,Shroomer,-1,26,7,204,7,offspring:1
20953,spore_matured,Shroomer,-1,16,2,195,8,
20953,reproduce,Shroomer,-1,16,2,195,8,offspring:1
20954,hunt_start,Jaguar,404,1,2,144,5,target:Parrot:47
20954,hunt_start,Jaguar,1893,3,2,146,0,target:Parrot:47
20956,spore_matured,Shroomer,-1,204,8,58,8,
20956,reproduce,Shroomer,-1,204,8,58,8,offspring:1
20957,hunt_start,Boar,650,9,7,220,1,target:Shroomer:1017
20957,hunt_start,Jaguar,1912,131,0,73,7,target:Penguin:361
20958,hunt_start,Jaguar,983,138,1,76,8,target:Elk:572
20962,starvation,Wolf,738,22,7,4,2,
20963,kill,Shroomer,808,27,0,190,4,killed_by:Polar Bear:1530
20964,hunt_fail,Polar Bear,398,29,5,190,8,target_died
20964,hunt_start,Polar Bear,398,29,5,190,8,target:Shroomer:228
20964,hunt_start,Polar Bear,1530,27,3,191,2,target:Shroomer:228
20964,kill,Penguin,361,132,8,75,6,killed_by:Jaguar:1912
20965,kill,Shroomer,1380,21,2,202,9,killed_by:Polar Bear:593
20965,hunt_start,Polar Bear,1512,214,2,58,6,target:Shroomer:411
20966,reproduce,Parrot,557,116,1,288,0,offspring:1
20970,reproduce,Tapir,282,188,4,109,7,offspring:1
20970,reproduce,Parrot,634,261,9,61,2,offspring:1
20970,reproduce,Lizard,746,204,6,66,6,offspring:2
20970,reproduce,Monkey,1444,149,8,23,8,offspring:1
20973,hunt_start,Boar,784,9,2,220,7,target:Shroomer:1017
20978,reproduce,Monkey,719,61,7,41,2,offspring:1
20978,spore_created,Shroomer,-1,82,0,273,4,
20978,spore_created,Shroomer,-1,89,1,266,4,
20979,hunt_start,Boar,85,15,6,217,6,target:Shroomer:1017
20979,kill,Penguin,1872,27,7,0,0,killed_by:Polar Bear:1367
20980,hunt_start,Polar Bear,1367,28,4,0,0,target:Penguin:822
20981,reproduce,Penguin,732,19,5,32,5,offspring:1
20981,reproduce,Penguin,1508,25,0,34,7,offspring:1
20982,kill,Penguin,1918,26,9,-0,0,killed_by:Polar Bear:1287
20983,hunt_start,Polar Bear,1287,26,7,0,6,target:Penguin:822
20985,hunt_start,Boar,650,9,6,219,5,target:Shroomer:1017
20985,hunt_start,Polar Bear,687,219,8,55,8,target:Shroomer:27
20988,hunt_start,Bear,329,221,1,10,5,target:Parrot:1613
20988,hunt_start,Wolf,1202,261,2,11,9,target:Monkey:1771
20988,kill,Elk,428,190,9,212,1,killed_by:Bear:1639
20988,reproduce,Parrot,242,17,7,92,5,offspring:1
20989,spore_matured,Shroomer,-1,201,1,71,3,
20989,reproduce,Shroomer,-1,201,1,71,3,offspring:1
20989,spore_matured,Shroomer,-1,212,1,79,4,
20989,reproduce,Shroomer,-1,212,1,79,4,offspring:1
20989,spore_matured,Shroomer,-1,-4,0,192,8,
20989,reproduce,Shroomer,-1,-4,0,192,8,offspring:1
20991,reproduce,Elk,956,166,2,203,1,offspring:1
20992,reproduce,Elk,409,182,2,275,7,offspring:1
20993,reproduce,Rabbit,1737,138,5,25,2,offspring:2
20995,hunt_start,Jaguar,865,26,2,108,5,target:Boar:1109
20999,hunt_start,Boar,1064,8,8,220,8,target:Shroomer:1017
20999,hunt_start,Polar Bear,1864,139,9,80,3,target:Penguin:1743
21000,reproduce,Monkey,1587,288,0,183,5,offspring:1
21001,reproduce,Turtle,1591,120,4,18,2,offspring:1
21004,spore_matured,Shroomer,-1,1,3,217,3,
21004,reproduce,Shroomer,-1,1,3,217,3,offspring:1
21005,hunt_start,Jaguar,486,198,6,101,2,target:Shroomer:765
21007,kill,Shroomer,1017,13,4,217,3,killed_by:Boar:767
21008,hunt_fail,Boar,85,14,7,217,4,target_died
21008,hunt_start,Boar,85,14,7,217,4,target:Shroomer:1760
21008,hunt_fail,Boar,784,10,5,219,4,target_died
21008,hunt_start,Boar,784,10,5,219,4,target:Shroomer:1760
21008,hunt_fail,Boar,1064,9,2,220,5,target_died
21008,reproduce,Lizard,1509,119,0,31,8,offspring:2
21011,kill,Deer,1301,176,4,274,9,killed_by:Wolf:435
21012,hunt_fail,Wolf,434,176,7,275,8,target_died
21012,hunt_start,Wolf,434,176,7,275,8,target:Deer:1810
21019,hunt_start,Boar,1507,282,6,188,0,target:Monkey:143
21020,hunt_start,Bear,735,36,2,206,7,target:Shroomer:501
21024,starvation,Monkey,1725,276,4,1,6,
21024,hunt_start,Wolf,1814,189,8,126,5,target:Shroomer:283
21029,starvation,Jaguar,1087,258,3,185,7,
21032,starvation,Parrot,234,175,4,24,1,
21032,hunt_fail,Polar Bear,1335,252,0,231,0,prey_escaped
21032,hunt_start,Polar Bear,1335,252,0,231,0,target:Turtle:75
21035,starvation,Rabbit,1374,57,3,208,1,
21035,hunt_start,Boar,650,9,5,219,2,target:Shroomer:1760
21035,kill,Shroomer,411,213,3,61,2,killed_by:Polar Bear:1512
21040,starvation,Fish,617,229,4,236,6,
21040,hunt_start,Boar,650,9,5,219,2,target:Shroomer:1760
21040,spore_matured,Shroomer,-1,235,6,84,8,
21040,reproduce,Shroomer,-1,235,6,84,8,offspring:1
21040,spore_matured,Shroomer,-1,227,8,78,6,
21040,reproduce,Shroomer,-1,227,8,78,6,offspring:1
21041,spore_matured,Shroomer,-1,1,6,202,6,
21041,reproduce,Shroomer,-1,1,6,202,6,offspring:1
21042,reproduce,Monkey,766,33,2,95,9,offspring:1
21045,hunt_start,Bear,1925,82,4,249,4,target:Shroomer:696
21048,hunt_start,Jaguar,1163,267,1,23,1,target:Monkey:1771
21049,starvation,Monkey,1612,250,2,62,6,
21049,hunt_start,Boar,1685,284,6,190,7,target:Monkey:143
21052,kill,Shroomer,228,28,2,194,8,killed_by:Polar Bear:1530
21053,hunt_fail,Polar Bear,398,28,7,194,2,target_died
21053,hunt_start,Polar Bear,398,28,7,194,2,target:Shroomer:1834
21053,hunt_start,Polar Bear,1530,27,3,194,6,target:Shroomer:1014
21053,spore_matured,Shroomer,-1,224,1,77,4,
21053,reproduce,Shroomer,-1,224,1,77,4,offspring:1
21053,spore_matured,Shroomer,-1,235,5,82,3,
21053,reproduce,Shroomer,-1,235,5,82,3,offspring:1
21054,starvation,Rabbit,165,201,2,28,9,
21054,hunt_fail,Polar Bear,315,196,9,35,6,target_died
21054,hunt_start,Bear,499,193,9,267,1,target:Camel:30
21054,reproduce,Deer,156,6,9,136,6,offspring:1
21054,reproduce,Elk,1166,225,7,178,9,offspring:1
21056,kill,Elk,572,136,0,70,8,killed_by:Jaguar:983
21056,age_death,Parrot,933,187,4,110,9,
21058,hunt_start,Jaguar,934,61,2,35,8,target:Monkey:719
21058,reproduce,Deer,1215,167,6,102,0,offspring:1
21059,hunt_start,Boar,1609,12,7,206,8,target:Shroomer:1630
21062,kill,Penguin,822,34,8,0,0,killed_by:Polar Bear:1367
21062,reproduce,Penguin,803,17,3,19,6,offspring:1
21063,hunt_fail,Polar Bear,1287,30,1,0,3,target_died
21063,hunt_start,Polar Bear,1287,30,1,0,3,target:Lizard:98
21063,hunt_start,Polar Bear,1367,34,1,0,0,target:Lizard:98
21064,spore_matured,Shroomer,-1,15,9,217,1,
21064,reproduce,Shroomer,-1,15,9,217,1,offspring:1
21064,spore_matured,Shroomer,-1,15,6,209,7,
21064,reproduce,Shroomer,-1,15,6,209,7,offspring:1
21065,hunt_start,Bear,3,213,6,83,0,target:Shroomer:807
21065,spore_matured,Shroomer,-1,85,0,269,2,
21065,reproduce,Shroomer,-1,85,0,269,2,offspring:1
21065,spore_matured,Shroomer,-1,86,5,271,7,
21065,reproduce,Shroomer,-1,86,5,271,7,offspring:1
21068,reproduce,Lizard,900,18,1,209,0,offspring:2
21069,spore_matured,Shroomer,-1,185,5,120,9,
21069,reproduce,Shroomer,-1,185,5,120,9,offspring:1
21072,hunt_start,Jaguar,487,218,7,174,4,target:Elk:1063
21072,age_death,Monkey,719,63,5,40,0,
21073,hunt_fail,Jaguar,934,61,3,36,0,target_died
21073,hunt_start,Jaguar,934,61,3,36,0,target:Monkey:1935
21080,kill,Elk,1063,218,7,171,5,killed_by:Jaguar:487
21084,hunt_start,Polar Bear,128,17,9,175,9,target:Shroomer:884
21084,age_death,Parrot,287,98,8,272,7,
21085,hunt_start,Polar Bear,619,128,8,41,1,target:Penguin:241
21085,hunt_start,Boar,650,10,3,219,5,target:Shroomer:1760
21088,spore_created,Shroomer,-1,105,0,281,2,
21088,spore_created,Shroomer,-1,98,0,273,8,
21092,kill,Frog,1651,163,9,215,2,killed_by:Boar:1194
21093,hunt_start,Boar,1194,163,7,214,9,target:Frog:292
21093,hunt_fail,Boar,1866,163,1,213,3,target_died
21093,hunt_start,Boar,1866,163,1,213,3,target:Frog:292
21093,hunt_fail,Boar,1905,162,3,211,4,target_died
21093,hunt_start,Boar,1905,162,3,211,4,target:Frog:292
21094,kill,Shroomer,27,223,1,59,4,killed_by:Polar Bear:687
21097,kill,Lizard,98,32,1,-0,0,killed_by:Polar Bear:1367
21097,spore_created,Shroomer,-1,222,6,65,4,
21097,spore_created,Shroomer,-1,220,0,67,6,
21098,hunt_fail,Polar Bear,1287,31,6,0,1,target_died
21098,hunt_start,Polar Bear,1287,31,6,0,1,target:Deer:1599
21098,hunt_start,Polar Bear,1367,32,8,0,0,target:Deer:1599
21098,reproduce,Parrot,1001,0,5,84,9,offspring:1
21100,reproduce,Monkey,1499,60,4,94,6,offspring:1
21102,kill,Boar,1109,35,1,111,2,killed_by:Jaguar:865
21104,kill,Elk,564,70,1,85,9,killed_by:Bear:1563
21105,hunt_start,Bear,1563,70,5,86,5,target:Boar:731
21107,kill,Deer,1810,186,1,272,4,killed_by:Wolf:435
21108,hunt_fail,Wolf,434,184,9,273,0,target_died
21108,hunt_start,Wolf,435,185,7,272,5,target:Deer:1276
21108,hunt_fail,Bear,824,182,3,276,2,target_died
21108,hunt_start,Bear,824,182,3,276,2,target:Elk:409
21114,reproduce,Monkey,1683,154,0,101,8,offspring:1
21118,spore_matured,Shroomer,-1,182,2,117,8,
21118,reproduce,Shroomer,-1,182,2,117,8,offspring:1
21120,reproduce,Jaguar,934,61,7,36,4,offspring:1
21121,hunt_start,Jaguar,287,59,8,36,6,target:Tapir:961
21122,kill,Elk,1679,173,4,254,6,killed_by:Bear:42
21123,hunt_fail,Jaguar,486,193,7,102,7,discomfort
21123,reproduce,Wolf,434,185,2,273,2,offspring:1
21124,hunt_start,Wolf,1651,183,8,275,3,target:Deer:1276
21127,starvation,Lizard,99,236,0,20,1,
21127,kill,Shroomer,1760,12,8,214,2,killed_by:Boar:85
21127,hunt_start,Polar Bear,924,124,4,167,4,target:Musk Ox:7
21128,hunt_fail,Boar,650,11,5,218,0,target_died
21128,hunt_start,Boar,650,11,5,218,0,target:Shroomer:1612
21128,hunt_fail,Boar,784,12,9,214,8,target_died
21128,hunt_start,Boar,784,12,9,214,8,target:Shroomer:1195
21129,hunt_start,Bear,1160,73,7,226,0,target:Shroomer:224
21132,starvation,Rabbit,1705,260,4,172,6,
21132,reproduce,Lizard,1016,204,6,20,6,offspring:2
21136,kill,Shroomer,501,31,7,203,9,killed_by:Bear:735
21138,starvation,Parrot,1273,228,1,232,1,
21138,hunt_fail,Bear,1884,210,9,234,0,target_died
21138,hunt_start,Bear,1884,210,9,234,0,target:Deer:1466
21139,hunt_fail,Bear,462,113,7,287,2,discomfort
21139,reproduce,Boar,1763,145,4,175,4,offspring:2
21140,reproduce,Jaguar,487,220,6,171,8,offspring:1
21141,starvation,Parrot,1450,189,9,231,5,
21141,hunt_start,Jaguar,487,220,6,171,8,target:Monkey:987
21141,hunt_start,Jaguar,1810,220,9,173,5,target:Elk:1166
21143,hunt_start,Polar Bear,493,39,1,170,8,target:Frog:781
21145,hunt_start,Boar,131,162,2,170,7,target:Lizard:1731
21146,starvation,Rabbit,709,181,1,171,0,
21149,reproduce,Deer,653,83,8,233,3,offspring:1
21150,spore_matured,Shroomer,-1,89,1,266,4,
21150,reproduce,Shroomer,-1,89,1,266,4,offspring:1
21154,hunt_start,Boar,1064,10,8,220,4,target:Shroomer:1612
21154,kill,Shroomer,283,182,3,126,5,killed_by:Wolf:1814
21158,reproduce,Monkey,1878,119,8,31,7,offspring:1
21159,hunt_start,Boar,1354,10,5,218,5,target:Shroomer:1612
21159,reproduce,Monkey,223,115,3,274,5,offspring:1
21159,spore_created,Shroomer,-1,245,5,159,6,
21159,spore_created,Shroomer,-1,250,2,148,1,
21161,starvation,Parrot,1847,162,6,8,9,
21162,starvation,Parrot,100,169,0,34,8,
21162,starvation,Parrot,1646,13,2,75,1,
21163,hunt_fail,Wolf,435,183,4,270,5,discomfort
21166,reproduce,Parrot,1572,170,3,14,7,offspring:1
21168,hunt_start,Bear,1525,156,0,265,0,target:Elk:888
21169,hunt_start,Boar,9,25,3,223,2,target:Shroomer:1284
21169,kill,Turtle,75,258,9,234,1,killed_by:Polar Bear:1335
21169,age_death,Musk Ox,312,126,7,68,2,
21169,reproduce,Musk Ox,155,138,3,72,8,offspring:1
21169,reproduce,Musk Ox,669,116,3,52,7,offspring:1
21169,reproduce,Wolf,1814,182,5,125,9,offspring:1
21169,spore_created,Shroomer,-1,7,6,194,7,
21169,spore_created,Shroomer,-1,-1,3,187,6,
21170,hunt_start,Wolf,709,180,6,123,4,target:Frog:16
21170,hunt_start,Polar Bear,1335,258,2,233,9,target:Turtle:1119
21170,hunt_start,Wolf,1814,182,5,125,9,target:Frog:16
21171,starvation,Jaguar,486,193,5,102,9,
21171,reproduce,Monkey,631,135,3,31,7,offspring:1
21172,reproduce,Bear,735,31,9,204,0,offspring:1
21172,reproduce,Parrot,1441,8,6,75,3,offspring:1
21173,hunt_start,Bear,100,30,8,205,8,target:Shroomer:870
21173,hunt_start,Bear,735,31,9,204,0,target:Shroomer:870
21174,kill,Elk,158,28,8,187,2,killed_by:Polar Bear:269
21174,hunt_start,Jaguar,1023,32,0,101,4,target:Deer:84
21175,reproduce,Lizard,335,142,1,285,3,offspring:2
21177,reproduce,Elk,490,30,6,179,6,offspring:1
21178,age_death,Penguin,138,78,2,35,2,
21178,age_death,Penguin,273,107,0,78,7,
21178,age_death,Penguin,736,145,3,37,3,
21179,hunt_start,Bear,567,208,7,71,9,target:Turtle:179
21187,starvation,Wolf,965,246,6,162,7,
21188,kill,Turtle,1657,14,8,21,7,killed_by:Jaguar:1360
21189,hunt_start,Jaguar,1360,15,1,22,1,target:Turtle:677
21191,kill,Shroomer,696,76,7,250,5,killed_by:Bear:1925
21193,hunt_fail,Wolf,434,183,7,270,2,discomfort
21193,reproduce,Monkey,96,143,6,29,6,offspring:1
21196,hunt_start,Jaguar,1745,11,1,137,5,target:Deer:156
21199,reproduce,Turtle,459,16,1,12,6,offspring:1
21201,kill,Shroomer,807,212,4,78,7,killed_by:Bear:3
21201,reproduce,Rabbit,562,71,7,154,6,offspring:2
21201,reproduce,Elk,1839,210,3,51,7,offspring:1
21201,reproduce,Faeling,0,1,2,194,1,offspring:1
21205,starvation,Monkey,1642,277,4,0,6,
21206,environment_death,Shroomer,1301,236,6,84,2,drowning
21208,kill,Shroomer,870,30,6,204,4,killed_by:Bear:100
21208,kill,Shroomer,870,30,6,204,4,killed_by:Bear:735
21209,hunt_start,Bear,100,30,4,205,1,target:Shroomer:500
21209,hunt_start,Bear,735,31,2,203,9,target:Shroomer:648
21209,spore_created,Shroomer,-1,222,5,77,6,
21209,spore_created,Shroomer,-1,225,2,74,1,
21211,kill,Shroomer,1834,34,9,198,7,killed_by:Polar Bear:398
21211,reproduce,Tapir,948,153,3,23,3,offspring:1
21212,starvation,Monkey,216,163,4,31,2,
21212,hunt_start,Polar Bear,398,34,3,198,3,target:Frog:1761
21213,spore_created,Shroomer,-1,31,7,202,7,
21213,spore_created,Shroomer,-1,20,1,197,2,
21216,starvation,Shroomer,683,219,6,75,8,
21217,hunt_start,Polar Bear,1793,146,5,51,1,target:Penguin:410
21217,spore_matured,Shroomer,-1,220,2,67,7,
21217,reproduce,Shroomer,-1,220,2,67,7,offspring:1
21217,spore_matured,Shroomer,-1,222,4,65,3,
21217,reproduce,Shroomer,-1,222,4,65,3,offspring:1
21218,kill,Elk,148,86,4,258,4,killed_by:Bear:809
21219,environment_death,Shroomer,411,234,4,82,0,drowning
21223,starvation,Jaguar,485,207,5,124,9,
21223,kill,Elk,409,189,6,277,2,killed_by:Bear:824
21223,reproduce,Camel,939,134,0,28,9,offspring:1
21224,kill,Shroomer,224,77,0,228,5,killed_by:Bear:1160
21224,kill,Shroomer,1014,20,2,194,5,killed_by:Polar Bear:1530
21225,hunt_start,Bear,690,211,1,73,9,target:Shroomer:202
21226,kill,Penguin,241,135,1,34,4,killed_by:Polar Bear:619
21227,reproduce,Elk,288,192,5,253,0,offspring:1
21230,reproduce,Penguin,1370,146,4,100,6,offspring:1
21233,reproduce,Deer,1592,26,5,10,0,offspring:1
21236,reproduce,Monkey,1351,199,2,19,1,offspring:1
21240,starvation,Parrot,1614,248,1,24,6,
21240,hunt_start,Polar Bear,315,196,4,33,7,target:Lizard:1016
21241,starvation,Parrot,1227,253,7,36,3,
21241,hunt_fail,Wolf,1588,261,7,35,7,target_died
21241,reproduce,Penguin,1812,135,8,31,2,offspring:1
21243,hunt_start,Jaguar,594,61,2,45,0,target:Tapir:961
21248,reproduce,Camel,659,94,8,90,2,offspring:1
21249,reproduce,Lizard,1518,195,2,256,4,offspring:2
21251,kill,Deer,947,96,3,272,2,killed_by:Bear:1807
21251,reproduce,Elk,1243,33,0,67,4,offspring:1
21253,hunt_fail,Jaguar,728,203,9,26,0,prey_escaped
21253,hunt_start,Jaguar,728,203,9,26,0,target:Lizard:1016
21253,reproduce,Deer,548,92,5,230,9,offspring:1
21253,spore_created,Shroomer,-1,68,7,209,3,
21253,spore_created,Shroomer,-1,63,0,210,7,
21255,kill,Penguin,1743,141,2,96,8,killed_by:Polar Bear:1864
21256,starvation,Parrot,1462,260,3,172,6,
21256,hunt_start,Bear,462,115,2,286,5,target:Frog:712
21256,kill,Camel,30,198,8,277,9,killed_by:Bear:499
21256,hunt_start,Polar Bear,1333,128,4,54,3,target:Musk Ox:714
21257,reproduce,Camel,262,166,3,243,1,offspring:1
21260,spore_matured,Shroomer,-1,98,0,273,8,
21260,reproduce,Shroomer,-1,98,0,273,8,offspring:1
21262,reproduce,Rabbit,602,283,3,97,9,offspring:2
21262,spore_created,Shroomer,-1,220,3,79,4,
21262,spore_created,Shroomer,-1,225,2,87,1,
21263,kill,Lizard,1016,207,0,25,3,killed_by:Jaguar:728
21264,hunt_fail,Polar Bear,315,197,2,32,9,target_died
21264,hunt_start,Jaguar,728,206,3,25,4,target:Monkey:1351
21265,hunt_start,Jaguar,673,260,4,16,6,target:Boar:1265
21265,kill,Boar,731,61,5,89,9,killed_by:Bear:1563
21266,hunt_start,Bear,1563,62,2,89,6,target:Boar:512
21268,starvation,Monkey,1691,223,2,244,5,
21270,hunt_start,Polar Bear,497,236,1,74,7,target:Shroomer:845
21270,kill,Deer,84,26,5,100,9,killed_by:Jaguar:1023
21271,hunt_fail,Jaguar,487,210,6,168,7,discomfort
21271,kill,Turtle,179,211,4,70,2,killed_by:Bear:567
21271,kill,Musk Ox,7,126,3,158,8,killed_by:Polar Bear:924
21271,reproduce,Elk,563,198,1,254,1,offspring:1
21272,starvation,Deer,1080,181,9,168,6,
21275,starvation,Monkey,838,247,3,65,1,
21275,hunt_fail,Wolf,1819,253,4,68,5,target_died
21275,hunt_start,Wolf,1819,253,4,68,5,target:Rabbit:1257
21275,reproduce,Penguin,1813,136,4,20,6,offspring:1
21276,starvation,Parrot,958,255,1,35,3,
21276,hunt_start,Bear,1204,236,2,193,8,target:Deer:667
21277,reproduce,Bear,1563,61,6,89,7,offspring:1
21278,hunt_start,Bear,1691,59,5,90,8,target:Boar:512
21278,kill,Elk,1166,228,5,181,9,killed_by:Jaguar:1810
21278,reproduce,Deer,25,3,0,90,8,offspring:1
21278,spore_created,Shroomer,-1,210,3,53,1,
21278,spore_created,Shroomer,-1,205,4,53,8,
21281,spore_created,Shroomer,-1,21,5,205,4,
21281,spore_created,Shroomer,-1,32,1,203,1,
21288,starvation,Monkey,1589,203,8,247,5,
21288,kill,Turtle,677,20,1,23,9,killed_by:Jaguar:1360
21290,reproduce,Turtle,1035,29,0,13,7,offspring:1
21293,reproduce,Deer,816,16,3,84,8,offspring:1
21295,hunt_start,Polar Bear,315,197,1,32,5,target:Monkey:1452
21295,kill,Frog,16,172,0,127,4,killed_by:Wolf:709
21296,hunt_start,Wolf,709,172,3,127,2,target:Deer:1754
21296,hunt_fail,Wolf,1814,174,0,126,5,target_died
21296,hunt_start,Wolf,1814,174,0,126,5,target:Deer:1754
21297,starvation,Rabbit,423,165,9,226,1,
21297,hunt_fail,Wolf,745,179,6,225,8,target_died
21297,hunt_start,Wolf,745,179,6,225,8,target:Parrot:468
21297,spore_matured,Shroomer,-1,0,0,187,8,
21297,reproduce,Shroomer,-1,0,0,187,8,offspring:1
21300,reproduce,Elk,761,197,6,217,3,offspring:1
21302,reproduce,Jaguar,1360,19,9,23,3,offspring:1
21303,hunt_start,Jaguar,16,19,6,22,8,target:Turtle:326
21303,hunt_start,Jaguar,1360,20,1,23,4,target:Turtle:326
21303,spore_created,Shroomer,-1,225,4,62,3,
21303,spore_created,Shroomer,-1,228,1,71,5,
21308,reproduce,Deer,290,18,7,137,1,offspring:1
21309,kill,Turtle,1119,261,1,240,0,killed_by:Polar Bear:1335
21310,hunt_start,Polar Bear,1335,260,8,239,4,target:Deer:1521
21313,kill,Shroomer,500,30,1,209,1,killed_by:Bear:100
21313,kill,Shroomer,1612,17,8,217,3,killed_by:Boar:650
21314,hunt_start,Bear,100,30,2,208,3,target:Shroomer:314
21314,hunt_fail,Boar,1064,17,3,217,4,target_died
21314,hunt_start,Boar,1064,17,3,217,4,target:Shroomer:1195
21314,hunt_fail,Boar,1354,16,2,217,1,target_died
21314,hunt_start,Boar,1354,16,2,217,1,target:Shroomer:1195
21319,kill,Shroomer,648,26,8,202,4,killed_by:Bear:735
21320,kill,Shroomer,1195,18,3,212,2,killed_by:Boar:784
21321,hunt_start,Boar,784,17,7,212,4,target:Lizard:900
21321,hunt_fail,Boar,1064,17,4,217,3,target_died
21321,hunt_fail,Boar,1354,16,3,216,9,target_died
21324,hunt_fail,Bear,462,111,9,286,2,discomfort
21326,spore_created,Shroomer,-1,228,4,68,9,
21326,spore_created,Shroomer,-1,224,7,58,5,
21329,reproduce,Deer,1237,14,5,26,2,offspring:1
21329,spore_matured,Shroomer,-1,222,5,77,3,
21329,reproduce,Shroomer,-1,222,5,77,3,offspring:1
21329,spore_matured,Shroomer,-1,225,0,74,2,
21329,reproduce,Shroomer,-1,225,0,74,2,offspring:1
21330,kill,Shroomer,202,211,4,71,0,killed_by:Bear:690
21333,spore_matured,Shroomer,-1,31,4,202,2,
21333,reproduce,Shroomer,-1,31,4,202,2,offspring:1
21333,spore_matured,Shroomer,-1,19,9,196,9,
21333,reproduce,Shroomer,-1,19,9,196,9,offspring:1
21334,spore_created,Shroomer,-1,198,5,99,2,
21334,spore_created,Shroomer,-1,200,7,96,5,
21335,reproduce,Rabbit,1846,139,5,274,0,offspring:2
21336,hunt_start,Jaguar,1912,137,2,78,1,target:Musk Ox:155
21337,reproduce,Musk Ox,605,127,1,199,6,offspring:1
21338,hunt_start,Bear,603,135,9,281,2,target:Frog:393
21338,kill,Deer,1599,43,2,11,5,killed_by:Polar Bear:1367
21338,spore_created,Shroomer,-1,206,4,85,1,
21338,spore_created,Shroomer,-1,204,3,81,0,
21339,hunt_fail,Polar Bear,1287,40,7,8,8,prey_escaped
21339,hunt_start,Polar Bear,1287,40,7,8,8,target:Deer:1933
21340,environment_death,Monkey,316,205,9,273,9,drowning
21341,kill,Tapir,961,54,2,45,1,killed_by:Jaguar:287
21341,spore_matured,Shroomer,-1,7,6,194,7,
21341,reproduce,Shroomer,-1,7,6,194,7,offspring:1
21342,hunt_fail,Jaguar,594,59,9,44,9,target_died
21342,hunt_start,Jaguar,594,59,9,44,9,target:Boar:29
21343,hunt_fail,Jaguar,1111,6,5,149,7,prey_escaped
21343,hunt_start,Jaguar,1111,6,5,149,7,target:Deer:617
21343,kill,Faeling,1760,13,4,204,7,killed_by:Shroomer:1375
21344,hunt_start,Polar Bear,855,43,7,215,2,target:Shroomer:1523
21345,reproduce,Elk,1209,56,0,77,7,offspring:1
21352,age_death,Lizard,1002,239,9,180,2,
21354,kill,Deer,1276,171,1,258,9,killed_by:Wolf:1651
21354,spore_created,Shroomer,-1,221,2,82,5,
21354,spore_created,Shroomer,-1,233,0,87,1,
21355,hunt_start,Wolf,1651,171,5,259,2,target:Deer:1381
21361,starvation,Lizard,1401,3,0,108,0,
21362,kill,Musk Ox,714,123,4,57,5,killed_by:Polar Bear:1333
21362,hunt_start,Bear,1818,147,1,233,5,target:Turtle:601
21362,reproduce,Deer,318,193,2,281,2,offspring:1
21364,kill,Rabbit,525,263,1,288,0,killed_by:Polar Bear:296
21365,hunt_start,Polar Bear,296,262,1,288,0,target:Rabbit:925
21367,reproduce,Rabbit,110,275,8,278,2,offspring:2
21367,reproduce,Rabbit,1123,64,3,215,8,offspring:2
21369,starvation,Parrot,1223,260,9,172,4,
21369,reproduce,Elk,964,220,0,46,1,offspring:1
21369,reproduce,Deer,1402,23,7,0,0,offspring:1
21372,spore_created,Shroomer,-1,66,8,244,9,
21372,spore_created,Shroomer,-1,71,9,235,7,
21373,spore_matured,Shroomer,-1,63,0,210,7,
21373,reproduce,Shroomer,-1,63,0,210,7,offspring:1
21375,kill,Shroomer,845,235,0,78,3,killed_by:Polar Bear:497
21378,hunt_start,Jaguar,287,54,6,44,6,target:Rabbit:833
21379,reproduce,Lizard,1842,23,1,109,6,offspring:2
21379,spore_created,Shroomer,-1,229,7,70,0,
21379,spore_created,Shroomer,-1,226,6,72,1,
21382,reproduce,Boar,547,283,2,192,1,offspring:2
21382,spore_matured,Shroomer,-1,220,4,79,4,
21382,reproduce,Shroomer,-1,220,4,79,4,offspring:1
21382,spore_matured,Shroomer,-1,225,2,87,3,
21382,reproduce,Shroomer,-1,225,2,87,3,offspring:1
21385,kill,Deer,156,-0,0,143,9,killed_by:Jaguar:1745
21385,reproduce,Jaguar,1023,23,9,99,8,offspring:1
21386,hunt_start,Jaguar,156,25,2,99,8,target:Parrot:1712
21386,hunt_start,Jaguar,1023,23,8,99,8,target:Parrot:1712
21388,spore_created,Shroomer,-1,227,7,83,2,
21388,spore_created,Shroomer,-1,220,4,73,9,
21391,kill,Turtle,326,17,1,18,2,killed_by:Jaguar:16
21392,hunt_fail,Jaguar,1360,20,1,23,1,target_died
21392,hunt_start,Jaguar,1360,20,1,23,1,target:Deer:1612
21392,reproduce,Elk,573,165,1,276,0,offspring:1
21393,kill,Deer,1466,203,3,246,9,killed_by:Bear:1884
21394,kill,Deer,617,4,1,147,0,killed_by:Jaguar:1111
21394,hunt_start,Bear,1884,203,7,246,2,target:Deer:1303
21395,hunt_start,Jaguar,1111,4,5,147,5,target:Parrot:786
21398,hunt_start,Polar Bear,478,189,9,154,5,target:Parrot:278
21399,kill,Shroomer,884,2,5,173,5,killed_by:Polar Bear:128
21401,spore_matured,Shroomer,-1,21,6,205,8,
21401,reproduce,Shroomer,-1,21,6,205,8,offspring:1
21402,reproduce,Parrot,1529,274,4,265,6,offspring:1
21402,reproduce,Parrot,1869,269,2,279,6,offspring:1
21405,reproduce,Tapir,944,-0,0,187,4,offspring:1
21409,reproduce,Turtle,1443,18,8,29,2,offspring:1
21409,spore_created,Shroomer,-1,36,0,178,5,
21409,spore_created,Shroomer,-1,40,6,177,2,
21409,spore_matured,Shroomer,-1,70,4,210,1,
21409,reproduce,Shroomer,-1,70,4,210,1,offspring:1
21413,starvation,Penguin,1655,121,6,117,7,
21414,kill,Shroomer,1284,34,6,221,6,killed_by:Boar:9
21414,hunt_start,Polar Bear,963,119,8,53,7,target:Musk Ox:1450
21415,kill,Deer,1754,163,5,132,6,killed_by:Wolf:709
21415,reproduce,Deer,1860,203,7,223,2,offspring:1
21416,hunt_fail,Wolf,1814,165,5,131,4,target_died
21416,hunt_start,Wolf,1814,165,5,131,4,target:Deer:832
21418,kill,Frog,292,182,6,201,6,killed_by:Boar:1866
21419,hunt_fail,Boar,1194,179,5,203,8,target_died
21419,hunt_start,Boar,1194,179,5,203,8,target:Frog:979
21419,hunt_fail,Boar,1905,180,9,202,7,target_died
21423,reproduce,Frog,1546,164,2,202,9,offspring:2
21423,spore_matured,Shroomer,-1,228,1,71,6,
21423,reproduce,Shroomer,-1,228,1,71,6,offspring:1
21426,hunt_start,Bear,1639,191,6,216,7,target:Elk:677
21427,spore_created,Shroomer,-1,201,9,101,1,
21427,spore_created,Shroomer,-1,195,4,99,9,
21428,hunt_start,Jaguar,983,142,9,78,5,target:Musk Ox:1273
21440,reproduce,Rabbit,1176,91,8,259,3,offspring:2
21441,starvation,Lizard,923,231,0,222,1,
21443,reproduce,Bear,824,192,1,274,9,offspring:1
21444,hunt_start,Bear,824,192,1,274,8,target:Deer:318
21444,hunt_start,Bear,923,189,3,275,0,target:Deer:318
21445,kill,Musk Ox,155,133,7,71,1,killed_by:Jaguar:1912
21446,spore_matured,Shroomer,-1,228,4,68,8,
21446,reproduce,Shroomer,-1,228,4,68,8,offspring:1
21450,spore_matured,Shroomer,-1,206,0,53,3,
21450,reproduce,Shroomer,-1,206,0,53,3,offspring:1
21450,spore_matured,Shroomer,-1,210,3,53,1,
21450,reproduce,Shroomer,-1,210,3,53,1,offspring:1
21453,kill,Shroomer,314,33,1,211,5,killed_by:Bear:100
21453,spore_matured,Shroomer,-1,33,1,204,6,
21453,reproduce,Shroomer,-1,33,1,204,6,offspring:1
21454,spore_matured,Shroomer,-1,200,6,96,1,
21454,reproduce,Shroomer,-1,200,6,96,1,offspring:1
21454,spore_matured,Shroomer,-1,198,4,99,1,
21454,reproduce,Shroomer,-1,198,4,99,1,offspring:1
21458,spore_matured,Shroomer,-1,206,4,85,1,
21458,reproduce,Shroomer,-1,206,4,85,1,offspring:1
21458,spore_matured,Shroomer,-1,204,3,81,0,
21458,reproduce,Shroomer,-1,204,3,81,0,offspring:1
21460,reproduce,Parrot,346,13,3,257,1,offspring:1
21462,reproduce,Musk Ox,1407,123,2,61,8,offspring:1
21466,kill,Shroomer,1523,39,1,216,5,killed_by:Polar Bear:855
21471,reproduce,Deer,171,112,4,251,4,offspring:1
21474,hunt_start,Jaguar,865,40,9,101,5,target:Lizard:583
21474,spore_matured,Shroomer,-1,233,0,87,1,
21474,reproduce,Shroomer,-1,233,0,87,1,offspring:1
21474,spore_matured,Shroomer,-1,220,8,82,9,
21474,reproduce,Shroomer,-1,220,8,82,9,offspring:1
21478,kill,Turtle,601,152,9,233,9,killed_by:Bear:1818
21482,hunt_start,Wolf,709,163,5,132,3,target:Lizard:1405
21483,spore_created,Shroomer,-1,200,4,66,1,
21483,spore_created,Shroomer,-1,202,1,65,5,
21486,kill,Penguin,410,135,0,36,4,killed_by:Polar Bear:1793
21490,spore_created,Shroomer,-1,4,8,190,2,
21490,spore_created,Shroomer,-1,4,2,196,5,
21492,spore_matured,Shroomer,-1,71,9,235,7,
21492,reproduce,Shroomer,-1,71,9,235,7,offspring:1
21494,kill,Boar,512,45,8,92,4,killed_by:Bear:1691
21495,kill,Frog,393,139,1,288,0,killed_by:Bear:603
21495,hunt_fail,Bear,1563,50,5,91,6,target_died
21495,hunt_start,Bear,1563,50,5,91,6,target:Boar:990
21495,hunt_start,Bear,1691,46,5,92,4,target:Boar:990
21496,starvation,Bear,259,2,9,247,6,
21496,hunt_start,Bear,603,138,4,287,1,target:Frog:1904
21496,kill,Boar,1265,263,5,23,8,killed_by:Jaguar:673
21497,kill,Deer,1521,262,6,251,6,killed_by:Polar Bear:1335
21498,reproduce,Boar,699,264,1,28,2,offspring:2
21499,starvation,Lizard,927,221,5,81,4,
21499,reproduce,Polar Bear,1335,262,5,250,8,offspring:1
21499,spore_matured,Shroomer,-1,229,8,69,9,
21499,reproduce,Shroomer,-1,229,8,69,9,offspring:1
21499,spore_matured,Shroomer,-1,226,6,71,8,
21499,reproduce,Shroomer,-1,226,6,71,8,offspring:1
21500,hunt_start,Polar Bear,259,261,2,250,7,target:Deer:595
21500,hunt_start,Polar Bear,1335,262,5,250,8,target:Deer:595
21501,starvation,Monkey,1290,220,5,118,8,
21501,reproduce,Rabbit,1635,25,5,93,2,offspring:2
21503,reproduce,Boar,915,53,1,54,5,offspring:2
21504,kill,Deer,1933,47,0,-0,0,killed_by:Polar Bear:1287
21504,hunt_start,Boar,1290,50,4,53,8,target:Rabbit:229
21504,hunt_start,Boar,1951,50,4,53,8,target:Rabbit:229
21505,hunt_start,Polar Bear,1287,46,3,0,1,target:Penguin:217
21506,kill,Musk Ox,1450,115,3,56,0,killed_by:Polar Bear:963
21508,hunt_start,Polar Bear,593,19,2,202,5,target:Shroomer:1028
21508,spore_matured,Shroomer,-1,228,1,83,1,
21508,reproduce,Shroomer,-1,228,1,83,1,offspring:1
21508,spore_matured,Shroomer,-1,220,4,74,1,
21508,reproduce,Shroomer,-1,220,4,74,1,offspring:1
21510,kill,Musk Ox,1273,143,8,72,4,killed_by:Jaguar:983
21510,kill,Penguin,1492,119,5,37,5,killed_by:Boar:1152
21511,hunt_start,Boar,1152,119,2,37,7,target:Lizard:1673
21514,reproduce,Penguin,742,92,1,76,3,offspring:1
21516,kill,Deer,1381,163,2,271,2,killed_by:Wolf:1651
21517,starvation,Monkey,1677,214,4,125,2,
21517,hunt_fail,Jaguar,1373,208,9,111,7,target_died
21517,hunt_fail,Jaguar,1750,201,9,120,8,target_died
21517,hunt_start,Jaguar,1750,201,9,120,8,target:Shroomer:1488
21522,age_death,Penguin,795,18,6,14,8,
21528,kill,Frog,781,36,3,190,9,killed_by:Polar Bear:493
21528,reproduce,Musk Ox,1689,134,4,69,8,offspring:1
21529,hunt_start,Polar Bear,493,36,0,189,8,target:Shroomer:928
21529,reproduce,Deer,1910,25,8,5,7,offspring:1
21533,reproduce,Penguin,651,24,9,31,8,offspring:1
21534,spore_created,Shroomer,-1,225,2,85,0,
21534,spore_created,Shroomer,-1,232,9,88,6,
21535,kill,Shroomer,1914,65,2,115,2,killed_by:Faeling:1932
21540,kill,Elk,199,112,5,93,0,killed_by:Jaguar:1251
21541,starvation,Lizard,436,1,9,109,0,
21541,hunt_start,Jaguar,1251,113,0,92,6,target:Deer:91
21543,reproduce,Frog,1581,131,1,63,8,offspring:2
21544,reproduce,Parrot,1522,87,9,80,3,offspring:1
21545,hunt_start,Polar Bear,1367,43,0,10,9,target:Penguin:225
21547,spore_matured,Shroomer,-1,202,0,101,1,
21547,reproduce,Shroomer,-1,202,0,101,1,offspring:1
21547,spore_matured,Shroomer,-1,195,4,99,8,
21547,reproduce,Shroomer,-1,195,4,99,8,offspring:1
21548,hunt_start,Boar,1905,178,9,204,8,target:Frog:1578
21551,age_death,Parrot,36,113,8,235,5,
21553,starvation,Parrot,469,181,0,18,4,
21553,spore_created,Shroomer,-1,224,3,53,3,
21553,spore_created,Shroomer,-1,229,5,60,1,
21557,starvation,Deer,689,213,3,125,5,
21560,hunt_start,Bear,42,173,3,254,5,target:Deer:107
21560,reproduce,Frog,817,192,2,140,0,offspring:2
21562,starvation,Deer,1159,249,2,65,0,
21563,reproduce,Monkey,461,60,5,20,1,offspring:1
21572,kill,Rabbit,1257,270,8,101,5,killed_by:Wolf:1819
21573,hunt_start,Wolf,1819,270,7,101,2,target:Deer:1004
21575,kill,Monkey,1771,288,0,38,4,killed_by:Wolf:1202
21576,hunt_fail,Jaguar,1163,274,5,28,9,target_died
21576,hunt_start,Jaguar,1163,274,5,28,9,target:Boar:1263
21576,hunt_start,Wolf,1202,287,2,38,3,target:Monkey:1772
21578,hunt_start,Polar Bear,1512,213,4,60,8,target:Shroomer:1307
21579,reproduce,Monkey,1924,288,0,46,0,offspring:1
21581,reproduce,Deer,107,179,4,257,7,offspring:1
21581,reproduce,Rabbit,1845,210,9,209,7,offspring:2
21583,reproduce,Parrot,1353,276,5,212,5,offspring:1
21584,starvation,Elk,770,196,3,54,9,
21589,kill,Frog,1761,52,1,182,8,killed_by:Polar Bear:398
21589,age_death,Lizard,1405,152,8,122,2,
21589,age_death,Lizard,1406,92,5,253,9,
21589,reproduce,Frog,1047,40,6,183,5,offspring:2
21590,hunt_start,Polar Bear,398,51,3,183,4,target:Lizard:1815
21590,hunt_fail,Bear,437,92,3,260,0,target_died
21590,hunt_start,Bear,437,92,3,260,0,target:Shroomer:250
21590,hunt_fail,Wolf,709,157,1,126,1,target_died
21590,hunt_start,Wolf,709,157,1,126,1,target:Rabbit:1327
21593,starvation,Monkey,951,44,4,135,7,
21593,hunt_fail,Bear,1385,56,5,134,2,target_died
21593,hunt_start,Bear,1385,56,5,134,2,target:Deer:820
21596,kill,Shroomer,1028,22,0,204,3,killed_by:Polar Bear:593
21597,starvation,Parrot,454,0,0,244,7,
21601,starvation,Monkey,1298,85,4,87,8,
21601,age_death,Lizard,755,285,8,185,0,
21601,age_death,Lizard,1228,283,9,231,3,
21603,reproduce,Parrot,400,2,1,274,0,offspring:1
21603,spore_matured,Shroomer,-1,200,3,66,1,
21603,reproduce,Shroomer,-1,200,3,66,1,offspring:1
21603,spore_matured,Shroomer,-1,202,4,65,4,
21603,reproduce,Shroomer,-1,202,4,65,4,offspring:1
21606,reproduce,Turtle,1569,160,0,173,4,offspring:1
21606,reproduce,Monkey,1707,288,0,46,7,offspring:1
21610,spore_matured,Shroomer,-1,4,7,190,0,
21610,reproduce,Shroomer,-1,4,7,190,0,offspring:1
21610,spore_matured,Shroomer,-1,4,0,196,4,
21610,reproduce,Shroomer,-1,4,0,196,4,offspring:1
21611,hunt_start,Wolf,435,196,6,272,1,target:Deer:500
21613,age_death,Monkey,144,235,6,250,1,
21613,age_death,Monkey,215,93,3,217,4,
21613,age_death,Monkey,258,145,1,271,8,
21614,hunt_fail,Polar Bear,579,233,9,243,3,target_died
21614,hunt_start,Polar Bear,579,233,9,243,3,target:Deer:495
21615,starvation,Rabbit,74,134,0,115,1,
21615,reproduce,Monkey,1431,45,1,127,8,offspring:1
21616,kill,Deer,1612,16,0,21,1,killed_by:Jaguar:1360
21616,reproduce,Deer,1326,18,1,137,1,offspring:1
21617,hunt_start,Jaguar,487,218,1,169,7,target:Monkey:277
21617,kill,Deer,595,265,0,259,1,killed_by:Polar Bear:1335
21618,hunt_fail,Polar Bear,259,263,6,255,9,target_died
21618,hunt_start,Polar Bear,259,263,6,255,9,target:Monkey:863
21618,hunt_start,Polar Bear,1335,265,1,258,5,target:Rabbit:1413
21618,reproduce,Deer,481,280,9,257,1,offspring:1
21623,hunt_start,Boar,9,35,5,220,6,target:Shroomer:414
21623,kill,Elk,888,149,4,281,5,killed_by:Bear:1525
21629,hunt_start,Bear,1925,83,4,250,8,target:Shroomer:827
21629,reproduce,Jaguar,1251,109,8,98,6,offspring:1
21630,hunt_start,Jaguar,410,106,8,99,5,target:Deer:91
21633,spore_created,Shroomer,-1,84,8,232,9,
21633,spore_created,Shroomer,-1,84,9,229,0,
21636,reproduce,Deer,309,3,4,90,3,offspring:1
21637,kill,Shroomer,928,40,4,186,8,killed_by:Polar Bear:493
21637,hunt_start,Polar Bear,687,223,0,59,3,target:Shroomer:464
21637,age_death,Penguin,31,27,7,13,5,
21639,hunt_start,Bear,3,209,6,82,6,target:Shroomer:202
21639,kill,Boar,990,46,4,83,9,killed_by:Bear:1563
21640,environment_death,Shroomer,1760,234,3,86,9,drowning
21640,hunt_start,Bear,1563,47,1,84,0,target:Elk:1209
21640,hunt_fail,Bear,1691,46,5,86,3,target_died
21640,hunt_start,Bear,1691,46,5,86,3,target:Deer:1747
21640,reproduce,Musk Ox,609,106,5,153,0,offspring:1
21641,kill,Deer,832,153,6,147,9,killed_by:Wolf:1814
21641,reproduce,Deer,173,249,2,95,8,offspring:1
21644,reproduce,Monkey,766,0,0,71,4,offspring:1
21645,reproduce,Musk Ox,658,115,2,58,5,offspring:1
21648,starvation,Shroomer,1425,235,5,65,4,
21650,hunt_start,Boar,1354,12,1,215,8,target:Shroomer:159
21650,hunt_start,Jaguar,1810,226,8,179,7,target:Parrot:1206
21651,reproduce,Elk,968,203,7,63,8,offspring:1
21654,reproduce,Penguin,1048,72,7,66,6,offspring:1
21654,spore_matured,Shroomer,-1,223,0,85,0,
21654,reproduce,Shroomer,-1,223,0,85,0,offspring:1
21654,spore_matured,Shroomer,-1,232,8,88,8,
21654,reproduce,Shroomer,-1,232,8,88,8,offspring:1
21656,hunt_start,Bear,809,80,6,261,2,target:Shroomer:911
21659,kill,Deer,1303,197,8,261,8,killed_by:Bear:1884
21660,kill,Shroomer,250,93,5,257,7,killed_by:Bear:437
21660,hunt_start,Bear,1884,197,6,260,9,target:Elk:1016
21661,reproduce,Deer,1215,169,3,110,6,offspring:1
21662,hunt_start,Bear,1160,76,8,221,8,target:Shroomer:1065
21663,kill,Shroomer,1307,217,2,61,6,killed_by:Polar Bear:1512
21667,reproduce,Lizard,384,15,2,135,5,offspring:2
21668,hunt_start,Wolf,1588,261,7,30,9,target:Rabbit:1713
21671,kill,Deer,318,193,0,288,0,killed_by:Bear:824
21671,spore_created,Shroomer,-1,231,4,70,9,
21671,spore_created,Shroomer,-1,228,0,81,6,
21672,hunt_start,Bear,824,193,1,287,0,target:Deer:500
21672,hunt_fail,Bear,923,190,8,286,5,target_died
21672,hunt_start,Bear,923,190,8,286,5,target:Camel:1309
21673,spore_matured,Shroomer,-1,229,4,60,0,
21673,reproduce,Shroomer,-1,229,4,60,0,offspring:1
21674,kill,Elk,677,206,5,212,6,killed_by:Bear:1639
21674,reproduce,Monkey,1587,278,2,157,4,offspring:1
21678,kill,Deer,91,108,8,102,0,killed_by:Jaguar:1251
21679,hunt_fail,Jaguar,410,107,8,100,0,target_died
21679,hunt_start,Jaguar,410,107,8,100,0,target:Deer:1224
21679,hunt_start,Jaguar,1251,109,1,101,6,target:Deer:1224
21689,hunt_start,Bear,1807,98,5,278,2,target:Shroomer:1497
21692,starvation,Wolf,935,210,5,283,7,
21694,hunt_start,Bear,499,193,7,272,2,target:Deer:500
21694,spore_created,Shroomer,-1,205,5,127,6,
21694,spore_created,Shroomer,-1,203,0,128,3,
21697,starvation,Monkey,1699,277,5,0,6,
21697,spore_created,Shroomer,-1,176,4,111,7,
21697,spore_created,Shroomer,-1,172,2,93,7,
21700,reproduce,Boar,150,99,5,191,7,offspring:2
21700,reproduce,Boar,566,97,2,212,0,offspring:2
21701,hunt_start,Boar,91,99,9,193,7,target:Lizard:1665
21701,hunt_start,Boar,935,99,9,193,7,target:Lizard:1665
21701,age_death,Parrot,866,74,0,241,0,
21701,reproduce,Tapir,980,128,4,20,8,offspring:1
21701,reproduce,Monkey,1661,279,6,155,3,offspring:1
21705,starvation,Monkey,334,27,5,260,6,
21707,reproduce,Penguin,142,69,1,25,0,offspring:1
21707,reproduce,Monkey,1499,54,0,95,6,offspring:1
21708,hunt_start,Boar,85,12,1,216,5,target:Shroomer:159
21708,kill,Deer,667,230,3,167,6,killed_by:Bear:1204
21709,hunt_start,Bear,567,211,6,64,8,target:Shroomer:496
21713,environment_death,Shroomer,199,201,3,100,8,drowning
21713,hunt_start,Bear,462,116,4,285,5,target:Camel:249
21715,spore_created,Shroomer,-1,204,4,68,2,
21715,spore_created,Shroomer,-1,209,2,67,9,
21717,hunt_start,Polar Bear,269,31,2,181,5,target:Shroomer:1005
21718,kill,Deer,1004,273,3,85,0,killed_by:Wolf:1819
21718,reproduce,Bear,1160,75,9,219,0,offspring:1
21719,hunt_start,Bear,677,77,9,217,2,target:Camel:692
21719,hunt_start,Wolf,1819,273,3,85,4,target:Rabbit:1344
21725,hunt_start,Boar,1866,181,5,202,0,target:Lizard:1731
21727,hunt_fail,Jaguar,487,219,9,167,9,discomfort
21729,kill,Shroomer,464,225,8,61,4,killed_by:Polar Bear:687
21729,reproduce,Lizard,1620,173,2,130,2,offspring:2
21731,spore_created,Shroomer,-1,13,0,195,6,
21731,spore_created,Shroomer,-1,13,5,200,8,
21735,spore_created,Shroomer,-1,79,7,242,7,
21735,spore_created,Shroomer,-1,74,0,233,5,
21736,reproduce,Deer,41,128,6,24,9,offspring:1
21737,kill,Rabbit,1776,142,9,189,2,killed_by:Wolf:1583
21738,hunt_start,Wolf,1583,143,3,189,1,target:Rabbit:1190
21740,reproduce,Elk,516,193,4,246,2,offspring:1
21741,reproduce,Deer,453,165,7,203,7,offspring:1
21743,kill,Deer,495,242,9,250,3,killed_by:Polar Bear:579
21744,starvation,Bear,1585,249,1,232,8,
21744,hunt_start,Polar Bear,579,242,3,249,9,target:Monkey:1472
21744,kill,Shroomer,911,83,7,263,3,killed_by:Bear:809
21747,starvation,Lizard,1741,231,0,222,0,
21748,kill,Shroomer,827,79,1,253,9,killed_by:Bear:1925
21749,spore_created,Shroomer,-1,87,9,257,4,
21749,spore_created,Shroomer,-1,94,6,263,5,
21751,starvation,Tapir,274,221,4,123,6,
21753,reproduce,Turtle,189,285,7,260,5,offspring:1
21757,hunt_start,Bear,735,30,6,197,7,target:Shroomer:345
21757,hunt_start,Jaguar,1745,8,1,148,3,target:Parrot:405
21757,age_death,Rabbit,370,83,2,79,6,
21760,reproduce,Deer,1094,31,9,12,0,offspring:1
21763,hunt_start,Jaguar,16,17,1,18,3,target:Deer:218
21767,hunt_start,Polar Bear,1530,16,0,189,9,target:Shroomer:198
21768,hunt_start,Bear,690,206,8,72,5,target:Shroomer:973
21769,hunt_start,Polar Bear,619,138,6,33,9,target:Penguin:78
21769,reproduce,Lizard,1489,284,9,168,2,offspring:2
21772,environment_death,Shroomer,1506,214,9,105,7,drowning
21772,kill,Penguin,217,62,4,8,3,killed_by:Polar Bear:1287
21773,hunt_start,Boar,230,12,3,217,2,target:Shroomer:159
21773,hunt_start,Boar,566,95,4,210,4,target:Lizard:1665
21773,hunt_start,Polar Bear,1287,61,7,7,9,target:Penguin:1320
21774,starvation,Lizard,1742,222,6,249,1,
21775,kill,Shroomer,1065,75,5,216,9,killed_by:Bear:1160
21776,hunt_start,Bear,1160,75,5,217,7,target:Shroomer:1232
21777,reproduce,Boar,649,282,8,211,8,offspring:2
21778,kill,Deer,218,13,7,17,9,killed_by:Jaguar:16
21778,hunt_start,Boar,370,280,9,212,4,target:Parrot:1961
21778,hunt_start,Boar,1506,280,9,212,4,target:Parrot:1961
21779,hunt_start,Wolf,1651,162,2,279,7,target:Rabbit:768
21782,kill,Shroomer,1497,102,1,275,7,killed_by:Bear:1807
21787,kill,Boar,1263,280,3,35,1,killed_by:Jaguar:1163
21788,reproduce,Penguin,61,26,8,33,2,offspring:1
21790,kill,Deer,1224,106,2,108,8,killed_by:Jaguar:1251
21791,hunt_fail,Jaguar,410,107,7,100,5,target_died
21791,hunt_start,Jaguar,410,107,7,100,5,target:Frog:1272
21791,spore_matured,Shroomer,-1,231,3,70,8,
21791,reproduce,Shroomer,-1,231,3,70,8,offspring:1
21791,spore_matured,Shroomer,-1,227,9,81,5,
21791,reproduce,Shroomer,-1,227,9,81,5,offspring:1
21792,reproduce,Camel,1823,99,2,155,4,offspring:1
21793,hunt_start,Boar,1699,96,0,212,1,target:Lizard:1665
21795,reproduce,Deer,1033,82,7,74,1,offspring:1
21798,hunt_start,Polar Bear,1864,139,7,96,1,target:Penguin:1634
21801,environment_death,Shroomer,360,229,1,82,7,drowning
21805,spore_matured,Shroomer,-1,84,9,229,0,
21805,reproduce,Shroomer,-1,84,9,229,0,offspring:1
21805,spore_matured,Shroomer,-1,84,8,232,9,
21805,reproduce,Shroomer,-1,84,8,232,9,offspring:1
21809,reproduce,Jaguar,1163,279,7,35,3,offspring:1
21810,hunt_start,Jaguar,1163,279,7,35,4,target:Musk Ox:697
21810,hunt_start,Jaguar,1381,278,5,32,4,target:Musk Ox:697
21812,kill,Camel,692,82,8,217,3,killed_by:Bear:677
21813,kill,Elk,1016,205,9,259,8,killed_by:Bear:1884
21814,hunt_start,Polar Bear,924,120,6,160,0,target:Musk Ox:1631
21814,spore_matured,Shroomer,-1,202,8,128,3,
21814,reproduce,Shroomer,-1,202,8,128,3,offspring:1
21814,spore_matured,Shroomer,-1,205,4,127,6,
21814,reproduce,Shroomer,-1,205,4,127,6,offspring:1
21817,hunt_start,Jaguar,1912,128,5,82,3,target:Penguin:1625
21823,kill,Penguin,1625,126,5,83,1,killed_by:Jaguar:1912
21824,reproduce,Parrot,1293,157,4,288,1,offspring:1
21825,reproduce,Rabbit,581,157,3,134,1,offspring:2
21837,kill,Shroomer,345,27,8,199,0,killed_by:Bear:735
21839,kill,Shroomer,496,209,6,68,7,killed_by:Bear:567
21840,kill,Shroomer,202,211,4,89,1,killed_by:Bear:3
21840,spore_created,Shroomer,-1,11,9,202,4,
21840,spore_created,Shroomer,-1,9,5,207,8,
21841,kill,Camel,1309,186,9,275,5,killed_by:Bear:923
21841,reproduce,Turtle,1463,261,7,222,0,offspring:1
21842,reproduce,Faeling,0,1,2,194,1,offspring:1
21850,kill,Shroomer,414,37,6,225,9,killed_by:Boar:9
21851,spore_created,Shroomer,-1,5,4,218,3,
21851,spore_created,Shroomer,-1,12,0,214,7,
21851,spore_matured,Shroomer,-1,13,0,195,6,
21851,reproduce,Shroomer,-1,13,0,195,6,offspring:1
21852,age_death,Monkey,324,180,7,87,5,
21854,reproduce,Camel,1565,174,4,253,8,offspring:1
21855,spore_matured,Shroomer,-1,79,7,242,7,
21855,reproduce,Shroomer,-1,79,7,242,7,offspring:1
21856,hunt_start,Jaguar,487,216,7,169,0,target:Monkey:1899
21856,spore_matured,Shroomer,-1,15,2,202,1,
21856,reproduce,Shroomer,-1,15,2,202,1,offspring:1
21859,spore_created,Shroomer,-1,208,0,62,4,
21859,spore_created,Shroomer,-1,206,2,71,5,
21861,kill,Shroomer,1005,37,6,177,8,killed_by:Polar Bear:269
21861,reproduce,Penguin,1370,150,3,98,6,offspring:1
21864,spore_matured,Shroomer,-1,208,9,67,6,
21864,reproduce,Shroomer,-1,208,9,67,6,offspring:1
21867,kill,Shroomer,198,19,4,192,9,killed_by:Polar Bear:1530
21868,hunt_start,Jaguar,673,262,4,20,2,target:Boar:512
21869,reproduce,Tapir,282,188,1,108,9,offspring:1
21869,spore_matured,Shroomer,-1,87,9,257,4,
21869,reproduce,Shroomer,-1,87,9,257,4,offspring:1
21869,spore_matured,Shroomer,-1,176,4,111,7,
21869,reproduce,Shroomer,-1,176,4,111,7,offspring:1
21876,kill,Deer,500,207,7,284,3,killed_by:Wolf:435
21877,hunt_fail,Wolf,434,207,4,284,0,target_died
21877,hunt_start,Wolf,434,207,4,284,0,target:Monkey:647
21877,hunt_fail,Bear,499,201,2,280,1,target_died
21877,hunt_start,Bear,499,201,2,280,1,target:Camel:18
21877,hunt_fail,Bear,824,203,4,283,2,target_died
21877,hunt_start,Bear,824,203,4,283,2,target:Camel:18
21880,environment_death,Tapir,359,177,4,220,5,drowning
21880,reproduce,Monkey,1235,64,1,275,4,offspring:1
21882,hunt_start,Jaguar,983,131,5,70,8,target:Tapir:926
21882,spore_matured,Shroomer,-1,204,5,68,0,
21882,reproduce,Shroomer,-1,204,5,68,0,offspring:1
21884,reproduce,Boar,9,37,2,225,0,offspring:2
21885,kill,Shroomer,973,203,8,69,3,killed_by:Bear:690
21885,kill,Elk,1209,52,5,70,8,killed_by:Bear:1563
21886,spore_created,Shroomer,-1,36,4,202,5,
21886,spore_created,Shroomer,-1,24,8,209,8,
21887,starvation,Parrot,1157,142,4,218,0,
21890,kill,Tapir,926,133,7,68,9,killed_by:Jaguar:983
21891,hunt_start,Bear,100,32,6,210,7,target:Shroomer:1916
21891,kill,Camel,249,128,1,280,5,killed_by:Bear:462
21891,reproduce,Wolf,435,206,8,285,2,offspring:1
21892,hunt_start,Wolf,1157,204,0,284,7,target:Monkey:647
21892,reproduce,Bear,499,201,2,280,9,offspring:1
21893,hunt_start,Bear,926,198,9,278,7,target:Camel:18
21894,reproduce,Polar Bear,924,126,0,160,2,offspring:1
21895,hunt_start,Polar Bear,249,126,7,163,0,target:Musk Ox:1631
21899,hunt_fail,Jaguar,404,0,0,188,0,prey_escaped
21899,hunt_start,Jaguar,404,0,0,188,0,target:Shroomer:1589
21901,kill,Rabbit,925,288,2,288,0,killed_by:Polar Bear:296
21901,spore_created,Shroomer,-1,236,0,64,3,
21901,spore_created,Shroomer,-1,219,2,70,8,
21902,hunt_start,Polar Bear,296,287,4,288,0,target:Parrot:1869
21904,hunt_start,Wolf,1814,167,0,144,2,target:Deer:1633
21904,spore_created,Shroomer,-1,200,9,106,4,
21904,spore_created,Shroomer,-1,200,7,88,0,
21905,hunt_start,Polar Bear,1333,127,6,63,4,target:Musk Ox:1407
21907,spore_matured,Shroomer,-1,74,0,233,5,
21907,reproduce,Shroomer,-1,74,0,233,5,offspring:1
21909,starvation,Deer,1562,250,5,62,6,
21909,reproduce,Tapir,1319,165,1,126,2,offspring:1
21913,reproduce,Elk,748,88,6,190,3,offspring:1
21915,age_death,Monkey,806,248,8,50,5,
21916,hunt_fail,Jaguar,1125,244,8,49,8,target_died
21916,hunt_start,Bear,1818,156,0,231,7,target:Deer:1423
21918,hunt_start,Polar Bear,497,236,4,74,8,target:Shroomer:463
21918,reproduce,Bear,1639,203,1,210,8,offspring:1
21919,hunt_start,Bear,806,200,9,208,8,target:Rabbit:283
21919,hunt_start,Bear,1639,203,1,210,8,target:Deer:1860
21921,spore_matured,Shroomer,-1,95,4,263,2,
21921,reproduce,Shroomer,-1,95,4,263,2,offspring:1
21924,kill,Shroomer,1232,70,3,221,2,killed_by:Bear:1160
21926,reproduce,Monkey,143,280,2,133,4,offspring:1
21928,hunt_fail,Wolf,434,207,3,283,9,discomfort
21932,environment_death,Shroomer,912,233,3,62,5,drowning
21933,kill,Musk Ox,697,285,6,33,1,killed_by:Jaguar:1381
21934,hunt_fail,Jaguar,1163,280,3,35,0,target_died
21934,hunt_start,Jaguar,1163,280,3,35,0,target:Musk Ox:1115
21935,kill,Rabbit,1713,254,3,8,7,killed_by:Wolf:1588
21936,hunt_fail,Polar Bear,1821,251,4,14,3,target_died
21936,hunt_start,Polar Bear,1821,251,4,14,3,target:Boar:1653
21938,kill,Monkey,1397,288,0,286,9,killed_by:Polar Bear:1474
21939,hunt_start,Polar Bear,1474,288,0,286,3,target:Parrot:1869
21942,hunt_start,Polar Bear,128,8,4,175,7,target:Shroomer:418
21946,kill,Frog,1904,154,1,288,0,killed_by:Bear:603
21946,hunt_start,Jaguar,1360,22,1,15,0,target:Turtle:514
21946,spore_created,Shroomer,-1,228,9,62,5,
21946,spore_created,Shroomer,-1,232,4,63,9,
21947,hunt_start,Bear,603,154,3,286,9,target:Rabbit:599
21947,reproduce,Bear,690,204,2,69,0,offspring:1
21948,starvation,Monkey,1470,170,8,228,6,
21948,kill,Deer,107,193,8,264,3,killed_by:Bear:42
21948,hunt_start,Bear,690,204,2,69,0,target:Shroomer:1920
21948,hunt_start,Bear,697,203,7,67,5,target:Shroomer:1920
21949,kill,Shroomer,1589,3,2,190,2,killed_by:Jaguar:404
21950,hunt_start,Jaguar,404,2,7,189,8,target:Shroomer:1468
21952,spore_created,Shroomer,-1,204,0,65,5,
21952,spore_created,Shroomer,-1,213,7,64,0,
21954,kill,Musk Ox,1631,130,0,160,6,killed_by:Polar Bear:924
21955,hunt_fail,Polar Bear,249,129,4,161,2,target_died
21955,hunt_start,Polar Bear,249,129,4,161,2,target:Tapir:1081
21958,reproduce,Deer,438,229,3,257,3,offspring:1
21960,spore_matured,Shroomer,-1,9,5,207,8,
21960,reproduce,Shroomer,-1,9,5,207,8,offspring:1
21960,spore_matured,Shroomer,-1,11,8,202,4,
21960,reproduce,Shroomer,-1,11,8,202,4,offspring:1
21961,reproduce,Deer,290,8,9,134,3,offspring:1
21963,age_death,Deer,63,140,4,50,9,
21967,reproduce,Deer,1633,163,4,152,7,offspring:1
21971,kill,Parrot,1869,283,0,284,1,killed_by:Polar Bear:296
21971,spore_matured,Shroomer,-1,5,5,218,4,
21971,reproduce,Shroomer,-1,5,5,218,4,offspring:1
21971,spore_matured,Shroomer,-1,12,0,214,7,
21971,reproduce,Shroomer,-1,12,0,214,7,offspring:1
21972,hunt_start,Polar Bear,296,283,8,285,3,target:Parrot:1529
21972,hunt_fail,Polar Bear,1474,286,0,285,3,target_died
21972,hunt_start,Polar Bear,1474,286,0,285,3,target:Parrot:1529
21973,spore_created,Shroomer,-1,213,4,100,2,
21973,spore_created,Shroomer,-1,225,9,99,5,
21975,spore_created,Shroomer,-1,214,4,100,7,
21975,spore_created,Shroomer,-1,211,5,97,3,
21980,spore_created,Shroomer,-1,214,9,61,9,
21980,spore_created,Shroomer,-1,214,8,55,7,
21981,kill,Penguin,1320,61,6,21,9,killed_by:Polar Bear:1287
21982,hunt_start,Polar Bear,1287,61,6,21,1,target:Penguin:775
21984,starvation,Parrot,1024,43,4,155,6,
21984,reproduce,Deer,1237,19,0,23,6,offspring:1
21988,reproduce,Parrot,73,85,5,152,6,offspring:1
21989,age_death,Penguin,281,113,2,60,5,
21992,kill,Shroomer,1916,35,9,211,1,killed_by:Bear:100
21994,age_death,Parrot,480,0,0,221,3,
21995,hunt_fail,Polar Bear,744,2,7,222,9,target_died
21995,hunt_start,Polar Bear,744,2,7,222,9,target:Parrot:1746
21995,spore_created,Shroomer,-1,179,4,122,2,
21995,spore_created,Shroomer,-1,177,2,111,4,
21997,starvation,Rabbit,115,23,5,288,0,
21997,reproduce,Deer,1752,248,4,117,5,offspring:1
22000,age_death,Boar,550,3,6,186,3,
22001,kill,Camel,18,200,7,288,0,killed_by:Bear:499
22001,spore_created,Shroomer,-1,106,6,197,0,
22001,spore_created,Shroomer,-1,103,3,190,8,
22002,hunt_fail,Bear,824,199,3,287,0,target_died
22002,hunt_fail,Bear,926,199,8,284,7,target_died
22004,kill,Shroomer,1920,206,3,67,7,killed_by:Bear:690
22004,reproduce,Penguin,796,19,7,26,9,offspring:1
22004,spore_created,Shroomer,-1,91,9,254,5,
22004,spore_created,Shroomer,-1,87,4,256,3,
22005,hunt_start,Bear,690,206,3,68,5,target:Shroomer:500
22005,hunt_fail,Bear,697,205,2,67,3,prey_escaped
22005,hunt_start,Bear,697,205,2,67,3,target:Shroomer:500
22005,spore_created,Shroomer,-1,227,2,65,6,
22005,spore_created,Shroomer,-1,231,6,73,9,
22006,spore_matured,Shroomer,-1,37,1,202,4,
22006,reproduce,Shroomer,-1,37,1,202,4,offspring:1
22009,hunt_start,Bear,437,89,1,261,6,target:Shroomer:37
22009,kill,Shroomer,463,237,2,79,1,killed_by:Polar Bear:497
22009,hunt_start,Polar Bear,855,34,2,214,3,target:Shroomer:764
22010,reproduce,Camel,1487,166,2,274,6,offspring:1
22012,spore_created,Shroomer,-1,219,0,79,6,
22012,spore_created,Shroomer,-1,220,9,77,9,
22013,hunt_fail,Wolf,435,211,2,286,5,discomfort
22013,hunt_fail,Polar Bear,478,236,7,164,6,discomfort
22018,kill,Musk Ox,1407,121,3,65,3,killed_by:Polar Bear:1333
22018,reproduce,Polar Bear,497,236,9,78,2,offspring:1
22019,starvation,Polar Bear,1703,6,9,272,9,
22019,hunt_start,Polar Bear,497,236,9,78,2,target:Shroomer:1222
22019,hunt_start,Polar Bear,1407,236,5,75,9,target:Shroomer:815
22021,kill,Parrot,1529,288,0,288,1,killed_by:Polar Bear:296
22021,spore_matured,Shroomer,-1,219,1,70,9,
22021,reproduce,Shroomer,-1,219,1,70,9,offspring:1
22022,hunt_start,Polar Bear,296,286,7,287,5,target:Rabbit:1413
22022,hunt_fail,Polar Bear,1474,288,0,287,5,target_died
22022,hunt_start,Polar Bear,1474,288,0,287,5,target:Rabbit:1413
22024,spore_matured,Shroomer,-1,200,9,106,4,
22024,reproduce,Shroomer,-1,200,9,106,4,offspring:1
22024,spore_matured,Shroomer,-1,202,3,87,4,
22024,reproduce,Shroomer,-1,202,3,87,4,offspring:1
22028,reproduce,Elk,1839,212,4,52,2,offspring:1
22029,hunt_start,Polar Bear,1793,135,8,44,5,target:Penguin:134
22030,hunt_fail,Wolf,434,211,2,286,1,discomfort
22031,spore_matured,Shroomer,-1,207,9,62,0,
22031,reproduce,Shroomer,-1,207,9,62,0,offspring:1
22031,spore_matured,Shroomer,-1,206,2,71,5,
22031,reproduce,Shroomer,-1,206,2,71,5,offspring:1
22035,reproduce,Penguin,60,143,9,27,5,offspring:1
22036,kill,Turtle,514,26,3,17,1,killed_by:Jaguar:1360
22038,reproduce,Musk Ox,716,108,9,32,2,offspring:1
22039,kill,Frog,1272,108,6,92,6,killed_by:Jaguar:410
22040,hunt_start,Jaguar,410,108,5,93,0,target:Deer:58
22043,reproduce,Bear,809,83,3,258,1,offspring:1
22044,hunt_start,Bear,809,83,3,258,1,target:Shroomer:1045
22044,kill,Frog,1578,147,8,217,3,killed_by:Boar:1905
22044,hunt_start,Bear,1967,85,9,258,8,target:Shroomer:1976
22045,kill,Shroomer,418,3,4,177,8,killed_by:Polar Bear:128
22045,hunt_start,Boar,1905,148,1,217,2,target:Frog:1281
22046,environment_death,Tapir,365,12,7,160,3,drowning
22047,starvation,Lizard,632,284,7,0,0,
22047,hunt_fail,Wolf,580,278,6,0,0,target_died
22047,hunt_start,Jaguar,1213,189,7,164,0,target:Monkey:1894
22048,kill,Shroomer,1488,199,0,130,9,killed_by:Jaguar:1750
22049,hunt_start,Polar Bear,963,118,2,54,1,target:Musk Ox:595
22049,hunt_start,Jaguar,1750,199,3,130,1,target:Shroomer:1197
22052,reproduce,Penguin,1897,74,1,25,6,offspring:1
22054,starvation,Lizard,878,220,2,274,0,
22054,kill,Boar,512,265,7,33,4,killed_by:Jaguar:673
22054,reproduce,Elk,1243,35,8,68,4,offspring:1
22055,kill,Penguin,78,120,6,41,5,killed_by:Polar Bear:619
22055,reproduce,Penguin,104,150,7,19,8,offspring:1
22055,reproduce,Camel,1889,70,1,157,7,offspring:1
22056,kill,Parrot,1746,0,0,219,9,killed_by:Polar Bear:744
22057,hunt_start,Polar Bear,744,0,0,220,5,target:Tapir:944
22058,reproduce,Deer,1561,88,8,286,3,offspring:1
22058,spore_matured,Shroomer,-1,24,8,209,8,
22058,reproduce,Shroomer,-1,24,8,209,8,offspring:1
22060,kill,Faeling,1625,22,2,194,8,killed_by:Shroomer:489
22061,hunt_start,Bear,1525,148,9,275,0,target:Camel:1390
22063,kill,Shroomer,500,204,4,68,5,killed_by:Bear:697
22064,hunt_fail,Bear,690,205,0,68,9,target_died
22064,hunt_start,Bear,690,205,0,68,9,target:Shroomer:1972
22064,hunt_start,Bear,697,204,2,67,8,target:Shroomer:1713
22064,reproduce,Monkey,1181,81,2,282,1,offspring:1
22067,kill,Deer,1633,160,9,158,2,killed_by:Wolf:1814
22069,kill,Tapir,1081,136,7,167,0,killed_by:Polar Bear:249
22070,starvation,Shroomer,1861,227,7,97,6,
22070,hunt_start,Polar Bear,249,136,0,166,7,target:Musk Ox:1408
22074,kill,Shroomer,1468,0,3,194,1,killed_by:Jaguar:404
22074,spore_matured,Shroomer,-1,213,7,64,1,
22074,reproduce,Shroomer,-1,213,7,64,1,offspring:1
22075,reproduce,Deer,1927,170,3,109,0,offspring:1
22077,kill,Deer,1747,39,7,108,7,killed_by:Bear:1691
22077,reproduce,Deer,171,120,1,257,8,offspring:1
22077,reproduce,Deer,816,12,0,77,0,offspring:1
22078,kill,Shroomer,1976,87,5,256,0,killed_by:Bear:1967
22079,hunt_start,Bear,1967,87,1,257,4,target:Shroomer:198
22079,reproduce,Boar,421,76,5,52,0,offspring:2
22084,starvation,Parrot,1034,172,2,28,5,
22084,reproduce,Elk,563,195,7,252,5,offspring:1
22085,reproduce,Parrot,210,15,5,180,7,offspring:1
22086,reproduce,Elk,1885,151,0,257,4,offspring:1
22087,reproduce,Frog,374,31,8,3,0,offspring:2
22087,reproduce,Polar Bear,1864,124,3,90,0,offspring:1
22088,hunt_start,Polar Bear,1397,126,6,92,8,target:Penguin:1493
22090,starvation,Parrot,1613,235,6,0,2,
22090,hunt_fail,Bear,329,226,0,5,0,target_died
22090,hunt_fail,Jaguar,1688,228,9,0,3,target_died
22090,reproduce,Deer,1256,85,7,69,4,offspring:1
22093,spore_matured,Shroomer,-1,213,1,100,2,
22093,reproduce,Shroomer,-1,213,1,100,2,offspring:1
22093,spore_matured,Shroomer,-1,225,8,99,7,
22093,reproduce,Shroomer,-1,225,8,99,7,offspring:1
22095,kill,Penguin,1634,122,9,90,2,killed_by:Polar Bear:1864
22095,spore_created,Shroomer,-1,225,2,75,2,
22095,spore_created,Shroomer,-1,232,0,70,2,
22095,spore_matured,Shroomer,-1,211,8,97,4,
22095,reproduce,Shroomer,-1,211,8,97,4,offspring:1
22095,spore_matured,Shroomer,-1,214,4,100,8,
22095,reproduce,Shroomer,-1,214,4,100,8,offspring:1
22096,hunt_start,Polar Bear,1864,123,8,90,1,target:Penguin:1083
22098,kill,Shroomer,1713,204,4,65,5,killed_by:Bear:697
22099,hunt_start,Bear,697,204,2,66,2,target:Shroomer:951
22100,spore_matured,Shroomer,-1,214,8,55,7,
22100,reproduce,Shroomer,-1,214,8,55,7,offspring:1
22104,starvation,Shroomer,333,229,1,87,9,
22109,kill,Rabbit,1413,288,0,277,1,killed_by:Polar Bear:296
22110,hunt_start,Polar Bear,296,287,3,278,3,target:Lizard:1659
22110,hunt_fail,Polar Bear,1335,287,7,276,5,target_died
22110,hunt_start,Polar Bear,1335,287,7,276,5,target:Lizard:1659
22110,hunt_fail,Polar Bear,1474,288,0,280,7,target_died
22110,hunt_start,Polar Bear,1474,288,0,280,7,target:Lizard:1659
22113,age_death,Parrot,1038,76,3,208,1,
22114,reproduce,Elk,761,195,1,230,5,offspring:1
22114,reproduce,Penguin,1137,154,9,98,4,offspring:1
22114,spore_matured,Shroomer,-1,214,7,62,1,
22114,reproduce,Shroomer,-1,214,7,62,1,offspring:1
22115,reproduce,Deer,1860,216,7,221,8,offspring:1
22116,reproduce,Polar Bear,687,224,5,60,5,offspring:1
22117,hunt_start,Polar Bear,687,224,5,60,5,target:Shroomer:574
22117,hunt_start,Polar Bear,1413,224,1,61,9,target:Shroomer:574
22118,spore_matured,Shroomer,-1,232,8,63,8,
22118,reproduce,Shroomer,-1,232,8,63,8,offspring:1
22119,kill,Shroomer,37,87,4,266,3,killed_by:Bear:437
22123,reproduce,Deer,57,79,8,84,5,offspring:1
22124,reproduce,Frog,1788,140,8,285,0,offspring:2
22125,spore_matured,Shroomer,-1,227,2,65,8,
22125,reproduce,Shroomer,-1,227,2,65,8,offspring:1
22125,spore_matured,Shroomer,-1,231,6,73,7,
22125,reproduce,Shroomer,-1,231,6,73,7,offspring:1
22126,kill,Tapir,944,-0,0,218,7,killed_by:Polar Bear:744
22127,hunt_start,Polar Bear,744,0,0,219,4,target:Shroomer:883
22128,kill,Parrot,405,-0,0,162,2,killed_by:Jaguar:1745
22129,hunt_start,Jaguar,1745,0,0,161,7,target:Tapir:373
22131,starvation,Rabbit,458,218,5,92,5,
22131,starvation,Rabbit,1836,209,0,99,4,
22132,kill,Boar,1653,264,4,18,2,killed_by:Polar Bear:1821
22132,spore_matured,Shroomer,-1,219,2,79,8,
22132,reproduce,Shroomer,-1,219,2,79,8,offspring:1
22132,spore_matured,Shroomer,-1,220,6,77,9,
22132,reproduce,Shroomer,-1,220,6,77,9,offspring:1
22133,hunt_start,Polar Bear,1821,263,7,18,3,target:Boar:393
22133,age_death,Boar,558,267,2,56,3,
22133,age_death,Boar,559,282,9,51,2,
22135,spore_created,Shroomer,-1,214,0,67,8,
22135,spore_created,Shroomer,-1,215,2,68,2,
22136,reproduce,Elk,180,31,8,80,8,offspring:1
22137,reproduce,Camel,1066,160,1,97,3,offspring:1
22138,spore_created,Shroomer,-1,220,8,128,6,
22138,spore_created,Shroomer,-1,227,1,130,2,
22139,hunt_start,Polar Bear,593,23,1,207,4,target:Shroomer:632
22139,kill,Rabbit,768,169,8,288,0,killed_by:Wolf:1651
22139,reproduce,Deer,1357,262,1,256,0,offspring:1
22141,reproduce,Monkey,1036,72,7,276,8,offspring:1
22143,kill,Shroomer,1045,86,3,255,9,killed_by:Bear:809
22144,kill,Shroomer,159,2,9,217,2,killed_by:Boar:230
22144,hunt_start,Bear,809,85,6,256,0,target:Shroomer:198
22145,starvation,Parrot,17,16,6,255,5,
22145,hunt_fail,Boar,85,4,4,217,2,target_died
22145,hunt_start,Boar,85,4,4,217,2,target:Shroomer:318
22145,hunt_fail,Boar,1354,8,8,218,2,target_died
22145,hunt_start,Boar,1354,8,8,218,2,target:Shroomer:1016
22146,hunt_start,Bear,1204,229,5,160,9,target:Monkey:277
22148,kill,Musk Ox,595,116,3,59,0,killed_by:Polar Bear:963
22150,hunt_start,Jaguar,16,23,0,16,6,target:Deer:1273
22150,age_death,Parrot,1046,249,0,254,8,
22150,reproduce,Parrot,429,31,4,191,4,offspring:1
22151,reproduce,Boar,1652,266,6,36,0,offspring:2
22156,hunt_start,Boar,9,37,4,224,8,target:Lizard:1706
22157,reproduce,Penguin,352,131,1,101,6,offspring:1
22157,spore_matured,Shroomer,-1,178,2,110,0,
22157,reproduce,Shroomer,-1,178,2,110,0,offspring:1
22159,kill,Shroomer,574,222,6,60,3,killed_by:Polar Bear:1413
22160,hunt_fail,Polar Bear,687,223,2,59,7,target_died
22160,hunt_start,Polar Bear,687,223,2,59,7,target:Shroomer:870
22160,hunt_start,Polar Bear,1413,223,1,61,1,target:Shroomer:870
22162,hunt_start,Jaguar,1251,103,8,101,3,target:Rabbit:267
22163,kill,Shroomer,1972,206,8,72,8,killed_by:Bear:690
22163,spore_created,Shroomer,-1,88,3,278,3,
22163,spore_created,Shroomer,-1,84,5,265,8,
22165,starvation,Deer,1604,179,1,204,3,
22167,reproduce,Monkey,461,74,3,29,5,offspring:1
22167,spore_matured,Shroomer,-1,179,4,122,1,
22167,reproduce,Shroomer,-1,179,4,122,1,offspring:1
22174,spore_created,Shroomer,-1,226,8,66,3,
22174,spore_created,Shroomer,-1,222,6,67,9,
22176,spore_created,Shroomer,-1,222,6,66,9,
22176,spore_created,Shroomer,-1,227,9,62,1,
22176,spore_matured,Shroomer,-1,92,0,254,5,
22176,reproduce,Shroomer,-1,92,0,254,5,offspring:1
22177,kill,Shroomer,764,28,5,209,6,killed_by:Polar Bear:855
22180,hunt_start,Polar Bear,493,39,3,184,9,target:Elk:486
22181,reproduce,Musk Ox,669,118,0,45,0,offspring:1
22183,kill,Shroomer,198,91,0,257,1,killed_by:Bear:1967
22184,kill,Shroomer,1222,232,7,76,8,killed_by:Polar Bear:497
22184,hunt_fail,Bear,809,87,3,256,4,target_died
22184,hunt_start,Bear,809,87,3,256,4,target:Elk:388
22184,hunt_start,Bear,1967,90,4,257,4,target:Shroomer:1982
22186,hunt_start,Bear,1925,81,4,256,5,target:Shroomer:675
22189,spore_created,Shroomer,-1,227,2,83,7,
22189,spore_created,Shroomer,-1,232,8,79,4,
22190,environment_death,Shroomer,1529,199,5,104,1,drowning
22195,hunt_start,Jaguar,1912,122,0,80,3,target:Elk:221
22199,starvation,Lizard,664,288,0,2,1,
22199,reproduce,Bear,1818,142,0,223,4,offspring:1
22200,hunt_start,Bear,1529,142,6,224,7,target:Deer:1423
22201,reproduce,Elk,964,225,4,39,2,offspring:1
22202,starvation,Tapir,76,89,5,138,9,
22203,kill,Shroomer,951,201,0,64,3,killed_by:Bear:697
22203,kill,Tapir,373,-0,0,165,7,killed_by:Jaguar:1745
22203,reproduce,Jaguar,1745,0,0,165,0,offspring:1
22204,hunt_start,Jaguar,76,2,3,167,3,target:Boar:248
22204,hunt_start,Bear,697,201,6,64,7,target:Shroomer:1919
22204,kill,Penguin,775,68,5,32,2,killed_by:Polar Bear:1287
22204,hunt_start,Jaguar,1745,0,0,165,1,target:Elk:456
22205,age_death,Musk Ox,308,213,4,27,0,
22206,hunt_start,Polar Bear,1512,211,2,54,8,target:Musk Ox:109
22206,age_death,Lizard,544,268,9,160,9,
22206,age_death,Lizard,1167,268,0,227,5,
22209,kill,Shroomer,815,230,9,77,6,killed_by:Polar Bear:1407
22210,hunt_start,Polar Bear,1407,231,1,76,5,target:Shroomer:830
22211,reproduce,Penguin,1377,63,5,79,7,offspring:1
22212,reproduce,Bear,1204,226,3,159,1,offspring:1
22213,hunt_start,Bear,373,227,4,156,7,target:Monkey:277
22213,kill,Shroomer,1197,205,0,137,5,killed_by:Jaguar:1750
22214,hunt_start,Jaguar,1750,204,5,136,8,target:Shroomer:322
22214,reproduce,Lizard,621,264,9,257,0,offspring:2
22215,reproduce,Parrot,1926,284,5,76,2,offspring:1
22215,spore_matured,Shroomer,-1,232,0,70,1,
22215,reproduce,Shroomer,-1,232,0,70,1,offspring:1
22215,spore_matured,Shroomer,-1,225,1,75,1,
22215,reproduce,Shroomer,-1,225,1,75,1,offspring:1
22220,hunt_start,Bear,1807,103,6,280,2,target:Lizard:1182
22221,reproduce,Jaguar,1750,204,7,137,2,offspring:1
22222,hunt_start,Jaguar,1197,207,3,134,5,target:Boar:1850
22222,spore_created,Shroomer,-1,219,9,137,5,
22222,spore_created,Shroomer,-1,216,9,135,9,
22225,kill,Penguin,1493,125,7,102,1,killed_by:Polar Bear:1397
22226,hunt_start,Polar Bear,1397,125,8,101,3,target:Penguin:1702
22227,age_death,Rabbit,275,267,0,255,6,
22227,age_death,Rabbit,450,244,0,259,7,
22227,age_death,Rabbit,1229,286,3,188,0,
22227,spore_created,Shroomer,-1,67,0,236,1,
22227,spore_created,Shroomer,-1,63,9,228,0,
22229,kill,Shroomer,870,226,0,61,2,killed_by:Polar Bear:1413
22229,reproduce,Polar Bear,1793,140,4,32,2,offspring:1
22230,hunt_start,Polar Bear,450,143,2,32,3,target:Penguin:134
22230,hunt_fail,Polar Bear,687,225,5,60,7,target_died
22230,hunt_start,Polar Bear,687,225,5,60,7,target:Shroomer:921
22230,hunt_start,Polar Bear,1413,225,9,62,0,target:Shroomer:921
22243,reproduce,Jaguar,983,131,4,55,8,offspring:1
22244,hunt_start,Jaguar,983,131,4,55,8,target:Deer:40
22244,hunt_start,Jaguar,1229,132,2,53,9,target:Deer:641
22244,reproduce,Rabbit,110,268,4,276,6,offspring:2
22244,reproduce,Rabbit,229,15,7,20,5,offspring:2
22245,starvation,Parrot,1857,13,6,151,5,
22248,reproduce,Penguin,1698,149,9,20,1,offspring:1
22249,kill,Shroomer,632,25,6,210,9,killed_by:Polar Bear:593
22250,hunt_start,Bear,677,81,4,215,7,target:Shroomer:13
22251,hunt_start,Bear,1884,199,6,259,5,target:Elk:500
22255,kill,Penguin,225,42,5,36,6,killed_by:Polar Bear:1367
22255,spore_matured,Shroomer,-1,214,0,67,8,
22255,reproduce,Shroomer,-1,214,0,67,8,offspring:1
22255,spore_matured,Shroomer,-1,215,7,68,2,
22255,reproduce,Shroomer,-1,215,7,68,2,offspring:1
22258,spore_matured,Shroomer,-1,227,1,130,2,
22258,reproduce,Shroomer,-1,227,1,130,2,offspring:1
22259,reproduce,Rabbit,279,267,4,276,9,offspring:2
22259,reproduce,Penguin,732,20,2,21,6,offspring:1
22259,spore_created,Shroomer,-1,217,0,75,4,
22259,spore_created,Shroomer,-1,224,5,67,5,
22263,kill,Musk Ox,1408,140,1,178,5,killed_by:Polar Bear:249
22275,hunt_start,Bear,735,32,9,198,7,target:Shroomer:423
22277,hunt_start,Bear,567,207,2,62,8,target:Shroomer:1971
22278,hunt_start,Bear,3,210,8,93,1,target:Shroomer:1404
22278,kill,Camel,1390,137,5,268,9,killed_by:Bear:1525
22278,spore_created,Shroomer,-1,220,9,75,3,
22278,spore_created,Shroomer,-1,224,8,63,5,
22279,hunt_start,Bear,923,187,1,276,2,target:Lizard:485
22279,hunt_start,Wolf,1651,170,7,278,8,target:Rabbit:763
22280,kill,Shroomer,318,6,7,218,3,killed_by:Boar:85
22280,age_death,Parrot,1053,98,2,216,2,
22283,spore_matured,Shroomer,-1,84,5,265,8,
22283,reproduce,Shroomer,-1,84,5,265,8,offspring:1
22286,kill,Elk,456,-0,0,170,9,killed_by:Jaguar:1745
22286,kill,Elk,221,117,2,75,4,killed_by:Jaguar:1912
22289,kill,Shroomer,1982,91,6,253,5,killed_by:Bear:1967
22290,kill,Shroomer,675,78,0,254,0,killed_by:Bear:1925
22290,hunt_start,Bear,1967,92,1,254,0,target:Elk:388
22292,kill,Boar,248,6,8,161,8,killed_by:Jaguar:76
22292,reproduce,Elk,848,15,8,174,4,offspring:1
22292,reproduce,Wolf,1814,174,0,154,5,offspring:1
22293,hunt_start,Jaguar,76,6,5,162,3,target:Boar:638
22293,hunt_start,Wolf,1814,174,0,154,5,target:Deer:1631
22293,hunt_start,Wolf,1980,172,9,154,4,target:Deer:1631
22294,spore_created,Shroomer,-1,188,1,74,2,
22294,spore_created,Shroomer,-1,190,2,83,1,
22294,spore_matured,Shroomer,-1,222,5,68,0,
22294,reproduce,Shroomer,-1,222,5,68,0,offspring:1
22294,spore_matured,Shroomer,-1,226,8,66,4,
22294,reproduce,Shroomer,-1,226,8,66,4,offspring:1
22296,spore_matured,Shroomer,-1,228,0,61,8,
22296,reproduce,Shroomer,-1,228,0,61,8,offspring:1
22297,starvation,Lizard,15,82,2,134,9,
22297,hunt_fail,Bear,568,97,8,142,1,target_died
22297,hunt_start,Bear,568,97,8,142,1,target:Musk Ox:609
22297,spore_created,Shroomer,-1,222,8,62,7,
22297,spore_created,Shroomer,-1,223,8,62,8,
22303,starvation,Parrot,1568,145,6,63,4,
22304,kill,Penguin,134,142,0,26,6,killed_by:Polar Bear:1793
22304,spore_created,Shroomer,-1,218,8,104,8,
22304,spore_created,Shroomer,-1,224,1,102,3,
22305,hunt_fail,Polar Bear,450,142,4,29,0,target_died
22305,hunt_start,Polar Bear,450,142,4,29,0,target:Penguin:60
22305,kill,Shroomer,921,224,0,63,3,killed_by:Polar Bear:687
22305,hunt_start,Jaguar,1381,282,2,36,3,target:Lizard:427
22305,hunt_start,Polar Bear,1793,141,5,26,9,target:Penguin:60
22305,kill,Boar,393,260,9,30,1,killed_by:Polar Bear:1821
22306,environment_death,Shroomer,857,214,5,78,7,drowning
22306,hunt_start,Polar Bear,687,224,2,62,4,target:Shroomer:1742
22306,hunt_fail,Polar Bear,1413,224,8,63,7,target_died
22306,hunt_start,Polar Bear,1413,224,8,63,7,target:Shroomer:1742
22306,hunt_start,Polar Bear,1821,261,5,29,6,target:Musk Ox:792
22308,kill,Shroomer,1919,200,7,68,4,killed_by:Bear:697
22309,starvation,Shroomer,1696,203,9,96,5,
22309,kill,Boar,1850,211,2,140,4,killed_by:Jaguar:1197
22309,spore_matured,Shroomer,-1,226,9,83,7,
22309,reproduce,Shroomer,-1,226,9,83,7,offspring:1
22309,spore_matured,Shroomer,-1,232,7,79,8,
22309,reproduce,Shroomer,-1,232,7,79,8,offspring:1
22310,hunt_start,Jaguar,1197,210,8,139,9,target:Tapir:362
22313,hunt_start,Bear,462,131,5,273,3,target:Camel:379
22313,spore_created,Shroomer,-1,111,5,243,9,
22313,spore_created,Shroomer,-1,102,2,248,1,
22315,environment_death,Shroomer,405,220,6,78,0,drowning
22315,kill,Elk,486,45,4,180,1,killed_by:Polar Bear:493
22317,age_death,Rabbit,1236,230,0,152,1,
22318,age_death,Monkey,140,275,4,274,2,
22319,reproduce,Boar,332,278,3,61,9,offspring:2
22320,hunt_start,Boar,857,281,0,63,0,target:Monkey:1707
22320,kill,Shroomer,1016,13,7,213,2,killed_by:Boar:1354
22320,hunt_start,Boar,1919,281,0,63,0,target:Monkey:1707
22320,age_death,Deer,80,263,2,135,9,
22321,hunt_start,Boar,1354,13,4,213,6,target:Frog:446
22322,reproduce,Deer,932,252,9,113,2,offspring:1
22323,hunt_start,Bear,1563,46,7,72,4,target:Boar:915
22326,reproduce,Monkey,234,15,4,82,2,offspring:1
22326,reproduce,Parrot,543,146,6,123,2,offspring:1
22328,reproduce,Penguin,1921,150,5,21,7,offspring:1
22329,age_death,Parrot,994,74,9,233,4,
22331,kill,Penguin,1702,120,6,105,0,killed_by:Polar Bear:1397
22332,hunt_start,Polar Bear,1397,121,0,104,5,target:Penguin:661
22333,reproduce,Deer,1326,31,7,129,2,offspring:1
22335,spore_matured,Shroomer,-1,88,3,278,3,
22335,reproduce,Shroomer,-1,88,3,278,3,offspring:1
22338,kill,Shroomer,322,206,6,143,6,killed_by:Jaguar:1750
22339,hunt_start,Boar,650,22,7,215,6,target:Lizard:900
22340,hunt_start,Bear,824,195,1,284,8,target:Parrot:144
22347,kill,Shroomer,1971,208,9,60,9,killed_by:Bear:567
22347,kill,Penguin,1083,118,3,102,9,killed_by:Polar Bear:1864
22347,reproduce,Elk,490,25,4,176,2,offspring:1
22348,hunt_start,Polar Bear,1864,118,8,102,4,target:Penguin:661
22348,spore_matured,Shroomer,-1,222,3,66,9,
22348,reproduce,Shroomer,-1,222,3,66,9,offspring:1
22350,kill,Musk Ox,109,217,5,50,1,killed_by:Polar Bear:1512
22350,reproduce,Camel,262,160,2,229,0,offspring:1
22351,kill,Shroomer,883,7,0,214,8,killed_by:Polar Bear:744
22352,hunt_start,Polar Bear,744,6,4,215,7,target:Boar:85
22352,reproduce,Musk Ox,1649,209,7,18,0,offspring:1
22357,reproduce,Turtle,1110,121,8,192,0,offspring:1
22362,starvation,Parrot,625,15,9,2,9,
22362,hunt_start,Bear,1160,67,9,220,7,target:Deer:276
22362,kill,Musk Ox,1115,276,1,29,7,killed_by:Jaguar:1163
22364,starvation,Lizard,1595,0,6,32,7,
22364,age_death,Lizard,244,11,6,255,3,
22364,age_death,Lizard,1478,10,9,268,6,
22364,age_death,Lizard,1479,11,0,287,9,
22364,age_death,Lizard,1480,3,1,265,5,
22364,age_death,Lizard,1481,9,8,253,3,
22364,age_death,Lizard,1482,1,5,265,2,
22365,hunt_fail,Polar Bear,70,17,0,287,8,target_died
22365,hunt_start,Polar Bear,70,17,0,287,8,target:Monkey:1427
22367,reproduce,Lizard,1728,18,1,264,4,offspring:2
22368,reproduce,Penguin,1795,137,7,96,5,offspring:1
22368,reproduce,Lizard,1886,4,0,278,7,offspring:2
22369,spore_created,Shroomer,-1,-0,0,194,2,
22369,spore_created,Shroomer,-1,13,8,186,9,
22371,starvation,Parrot,1421,10,5,0,6,
22372,kill,Shroomer,1742,227,3,63,3,killed_by:Polar Bear:1413
22373,hunt_fail,Polar Bear,687,226,3,62,3,target_died
22373,hunt_start,Polar Bear,687,226,3,62,3,target:Shroomer:852
22373,reproduce,Boar,1906,156,0,180,1,offspring:2
22379,spore_matured,Shroomer,-1,217,0,75,4,
22379,reproduce,Shroomer,-1,217,0,75,4,offspring:1
22379,spore_matured,Shroomer,-1,224,4,67,5,
22379,reproduce,Shroomer,-1,224,4,67,5,offspring:1
22381,reproduce,Penguin,1329,95,9,79,5,offspring:1
22382,kill,Deer,1273,37,1,6,5,killed_by:Jaguar:16
22383,kill,Shroomer,423,34,2,203,0,killed_by:Bear:735
22386,hunt_start,Bear,42,187,6,261,8,target:Elk:1939
22386,hunt_start,Wolf,1588,265,4,26,4,target:Parrot:1098
22389,kill,Deer,641,136,9,42,3,killed_by:Jaguar:1229
22390,hunt_start,Jaguar,1229,136,7,42,8,target:Tapir:168
22392,hunt_start,Polar Bear,478,233,9,165,7,target:Elk:1060
22398,reproduce,Monkey,719,150,7,102,4,offspring:1
22398,spore_matured,Shroomer,-1,224,7,63,2,
22398,reproduce,Shroomer,-1,224,7,63,2,offspring:1
22398,spore_matured,Shroomer,-1,220,0,74,7,
22398,reproduce,Shroomer,-1,220,0,74,7,offspring:1
22399,kill,Shroomer,1404,212,2,96,3,killed_by:Bear:3
22399,spore_matured,Shroomer,-1,63,9,228,0,
22399,reproduce,Shroomer,-1,63,9,228,0,offspring:1
22399,spore_matured,Shroomer,-1,66,6,236,2,
22399,reproduce,Shroomer,-1,66,6,236,2,offspring:1
22401,starvation,Shroomer,126,222,5,78,5,
22401,kill,Penguin,661,122,0,108,6,killed_by:Polar Bear:1397
22401,reproduce,Penguin,1048,72,3,71,4,offspring:1
22402,hunt_start,Polar Bear,1367,42,4,35,5,target:Lizard:583
22402,hunt_start,Polar Bear,1397,121,8,108,0,target:Frog:342
22402,hunt_start,Jaguar,1750,208,1,144,5,target:Monkey:277
22402,hunt_fail,Polar Bear,1864,120,1,104,9,target_died
22402,hunt_start,Polar Bear,1864,120,1,104,9,target:Frog:342
22404,hunt_start,Polar Bear,269,39,9,177,3,target:Elk:482
22404,kill,Shroomer,13,82,3,222,0,killed_by:Bear:677
22406,age_death,Monkey,818,221,5,44,4,
22406,age_death,Monkey,875,238,5,32,7,
22407,hunt_fail,Bear,1055,232,8,37,8,target_died
22407,hunt_start,Bear,1055,232,8,37,8,target:Elk:664
22407,reproduce,Monkey,1772,288,0,91,4,offspring:1
22408,hunt_start,Jaguar,1360,15,4,15,7,target:Deer:443
22410,hunt_start,Polar Bear,1530,18,9,188,8,target:Shroomer:965
22412,reproduce,Monkey,1075,221,7,44,4,offspring:1
22414,reproduce,Elk,133,206,6,53,7,offspring:1
22414,reproduce,Monkey,1445,209,4,42,8,offspring:1
22414,spore_matured,Shroomer,-1,188,1,74,2,
22414,reproduce,Shroomer,-1,188,1,74,2,offspring:1
22417,spore_matured,Shroomer,-1,222,7,62,8,
22417,reproduce,Shroomer,-1,222,7,62,8,offspring:1
22417,spore_matured,Shroomer,-1,224,0,62,8,
22417,reproduce,Shroomer,-1,224,0,62,8,offspring:1
22422,kill,Penguin,60,140,1,17,5,killed_by:Polar Bear:1793
22423,hunt_fail,Polar Bear,450,140,9,21,8,target_died
22423,hunt_start,Polar Bear,450,140,9,21,8,target:Penguin:1973
22423,hunt_start,Polar Bear,1793,140,2,18,1,target:Penguin:1813
22423,spore_created,Shroomer,-1,226,7,82,7,
22423,spore_created,Shroomer,-1,224,2,77,0,
22425,hunt_fail,Jaguar,487,216,9,142,8,discomfort
22425,kill,Deer,1631,165,1,143,6,killed_by:Wolf:1980
22426,hunt_start,Jaguar,673,264,2,30,8,target:Boar:17
22426,hunt_fail,Wolf,1814,166,3,145,2,target_died
22426,hunt_start,Wolf,1814,166,3,145,2,target:Rabbit:1960
22427,starvation,Parrot,1694,185,9,43,3,
22427,hunt_fail,Bear,448,179,0,35,5,target_died
22427,hunt_start,Bear,448,179,0,35,5,target:Lizard:420
22430,hunt_start,Bear,100,38,4,208,6,target:Frog:1138
22430,age_death,Lizard,1489,280,9,176,2,
22430,age_death,Lizard,1490,267,9,143,7,
22433,reproduce,Monkey,1074,222,9,35,5,offspring:1
22433,reproduce,Boar,1763,147,2,180,4,offspring:2
22433,spore_matured,Shroomer,-1,111,5,243,9,
22433,reproduce,Shroomer,-1,111,5,243,9,offspring:1
22434,kill,Boar,638,0,0,163,2,killed_by:Jaguar:76
22437,kill,Boar,17,267,5,31,1,killed_by:Jaguar:673
22438,starvation,Monkey,532,74,6,101,3,
22438,reproduce,Parrot,343,24,0,136,3,offspring:1
22438,reproduce,Deer,1215,171,2,106,3,offspring:1
22438,reproduce,Boar,1928,10,2,132,9,offspring:2
22439,starvation,Shroomer,1880,228,5,90,6,
22439,reproduce,Camel,1822,63,7,248,5,offspring:1
22440,kill,Musk Ox,792,262,8,36,7,killed_by:Polar Bear:1821
22444,kill,Camel,379,123,8,275,2,killed_by:Bear:462
22446,hunt_start,Jaguar,404,1,2,194,2,target:Boar:1609
22448,kill,Boar,1609,2,5,194,5,killed_by:Jaguar:404
22448,hunt_start,Jaguar,1125,237,7,46,3,target:Turtle:190
22448,reproduce,Polar Bear,1821,263,2,35,9,offspring:1
22449,hunt_start,Polar Bear,818,262,0,35,7,target:Musk Ox:814
22449,hunt_start,Polar Bear,1821,263,2,35,9,target:Musk Ox:814
22451,spore_created,Shroomer,-1,196,4,95,3,
22451,spore_created,Shroomer,-1,190,6,99,2,
22454,kill,Deer,40,126,2,38,5,killed_by:Jaguar:983
22455,hunt_start,Wolf,1980,165,4,143,6,target:Deer:357
22456,starvation,Parrot,1044,0,0,224,8,
22457,reproduce,Parrot,1061,130,1,13,9,offspring:1
22457,spore_created,Shroomer,-1,94,3,265,0,
22457,spore_created,Shroomer,-1,83,4,267,3,
22462,environment_death,Shroomer,248,227,8,61,9,drowning
22462,hunt_start,Boar,230,0,9,216,4,target:Shroomer:228
22463,starvation,Lizard,1706,26,4,223,7,
22463,hunt_fail,Boar,9,29,4,219,3,target_died
22463,hunt_start,Boar,9,29,4,219,3,target:Lizard:900
22464,reproduce,Boar,699,268,5,28,0,offspring:2
22465,hunt_start,Boar,332,276,9,58,1,target:Lizard:882
22468,kill,Elk,388,98,0,246,2,killed_by:Bear:809
22469,hunt_fail,Bear,1967,97,2,247,9,target_died
22469,hunt_start,Bear,1967,97,2,247,9,target:Elk:582
22470,starvation,Parrot,1312,145,6,63,1,
22472,starvation,Lizard,1170,118,1,130,9,
22472,reproduce,Monkey,1624,52,6,120,1,offspring:1
22473,hunt_start,Bear,329,220,6,8,7,target:Parrot:576
22473,spore_created,Shroomer,-1,207,0,99,1,
22473,spore_created,Shroomer,-1,211,5,103,0,
22475,starvation,Deer,108,264,5,169,6,
22477,kill,Shroomer,830,236,4,79,5,killed_by:Polar Bear:1407
22478,hunt_start,Jaguar,1688,223,2,7,6,target:Parrot:576
22480,kill,Elk,500,198,1,244,2,killed_by:Bear:1884
22481,kill,Frog,342,127,3,108,3,killed_by:Polar Bear:1397
22482,hunt_start,Polar Bear,1397,126,4,108,3,target:Elk:1254
22482,hunt_fail,Polar Bear,1864,123,4,106,7,target_died
22482,hunt_start,Polar Bear,1864,123,4,106,7,target:Frog:717
22482,spore_created,Shroomer,-1,156,7,112,8,
22482,spore_created,Shroomer,-1,162,1,110,9,
22485,spore_matured,Shroomer,-1,102,2,248,1,
22485,reproduce,Shroomer,-1,102,2,248,1,offspring:1
22487,starvation,Parrot,835,9,2,2,1,
22489,spore_matured,Shroomer,-1,13,8,186,9,
22489,reproduce,Shroomer,-1,13,8,186,9,offspring:1
22490,reproduce,Musk Ox,1689,122,6,72,7,offspring:1
22491,reproduce,Parrot,1460,16,8,6,9,offspring:1
22493,spore_created,Shroomer,-1,105,4,255,5,
22493,spore_created,Shroomer,-1,99,4,247,6,
22494,kill,Tapir,168,130,2,38,5,killed_by:Jaguar:1229
22495,hunt_start,Bear,499,197,6,280,6,target:Monkey:24
22495,reproduce,Parrot,501,167,8,15,0,offspring:1
22497,hunt_start,Polar Bear,924,126,5,169,1,target:Boar:1109
22498,environment_death,Shroomer,134,233,1,80,2,drowning
22501,kill,Elk,1939,180,6,263,6,killed_by:Bear:42
22501,spore_created,Shroomer,-1,223,2,104,4,
22501,spore_created,Shroomer,-1,211,9,103,2,
22502,spore_created,Shroomer,-1,233,1,64,0,
22502,spore_created,Shroomer,-1,230,7,66,4,
22504,kill,Boar,915,40,4,63,7,killed_by:Bear:1563
22507,reproduce,Parrot,1615,-0,0,234,5,offspring:1
22512,kill,Boar,85,8,1,224,7,killed_by:Polar Bear:744
22513,hunt_start,Polar Bear,744,8,0,223,9,target:Shroomer:851
22514,kill,Shroomer,852,226,9,65,4,killed_by:Polar Bear:687
22520,age_death,Lizard,551,7,5,233,7,
22520,age_death,Lizard,1201,46,7,80,3,
22521,hunt_fail,Polar Bear,1142,7,1,238,8,target_died
22521,hunt_start,Polar Bear,1142,7,1,238,8,target:Monkey:1073
22523,kill,Shroomer,965,15,7,193,5,killed_by:Polar Bear:1530
22526,reproduce,Turtle,157,164,8,166,7,offspring:1
22531,kill,Parrot,144,185,1,288,0,killed_by:Bear:824
22532,hunt_start,Bear,824,185,6,286,6,target:Parrot:1559
22534,starvation,Jaguar,1174,178,1,71,6,
22534,reproduce,Elk,288,193,9,250,0,offspring:1
22536,age_death,Rabbit,1233,148,2,281,1,
22539,reproduce,Deer,270,250,2,93,5,offspring:1
22543,spore_matured,Shroomer,-1,226,6,82,6,
22543,reproduce,Shroomer,-1,226,6,82,6,offspring:1
22543,spore_matured,Shroomer,-1,224,2,76,8,
22543,reproduce,Shroomer,-1,224,2,76,8,offspring:1
22544,starvation,Wolf,757,277,7,20,7,
22548,hunt_start,Jaguar,983,125,7,35,6,target:Monkey:201
22556,environment_death,Shroomer,1065,229,5,83,8,drowning
22557,hunt_start,Bear,437,83,5,268,8,target:Shroomer:60
22557,kill,Shroomer,60,83,2,267,5,killed_by:Bear:437
22559,reproduce,Faeling,0,0,8,194,7,offspring:1
22561,hunt_start,Polar Bear,1333,129,9,63,5,target:Turtle:1590
22563,hunt_start,Jaguar,487,214,9,143,4,target:Shroomer:304
22570,starvation,Monkey,629,284,7,0,0,
22570,reproduce,Lizard,165,8,0,199,4,offspring:2
22571,spore_created,Shroomer,-1,233,0,61,6,
22571,spore_created,Shroomer,-1,227,5,56,2,
22571,spore_matured,Shroomer,-1,190,6,99,2,
22571,reproduce,Shroomer,-1,190,6,99,2,offspring:1
22571,spore_matured,Shroomer,-1,196,4,95,3,
22571,reproduce,Shroomer,-1,196,4,95,3,offspring:1
22572,reproduce,Rabbit,1950,24,1,93,6,offspring:2
22575,kill,Musk Ox,609,101,4,158,5,killed_by:Bear:568
22576,hunt_start,Bear,568,101,2,157,7,target:Deer:1120
22578,starvation,Rabbit,430,61,8,245,5,
22580,environment_death,Shroomer,1985,189,4,74,2,drowning
22580,reproduce,Rabbit,1845,214,7,209,4,offspring:2
22582,hunt_start,Boar,126,11,9,134,4,target:Lizard:384
22583,starvation,Tapir,542,138,5,126,5,
22586,reproduce,Monkey,116,206,7,22,0,offspring:1
22587,reproduce,Lizard,274,284,0,176,8,offspring:2
22587,reproduce,Lizard,845,25,6,92,0,offspring:2
22587,spore_created,Shroomer,-1,136,3,81,6,
22587,spore_created,Shroomer,-1,141,9,86,7,
22588,hunt_start,Polar Bear,128,3,6,172,8,target:Boar:783
22590,reproduce,Deer,694,30,7,135,5,offspring:1
22591,kill,Elk,1060,229,2,149,8,killed_by:Polar Bear:478
22592,hunt_start,Polar Bear,478,229,4,150,5,target:Lizard:176
22593,spore_created,Shroomer,-1,71,2,248,1,
22593,spore_created,Shroomer,-1,64,1,245,2,
22593,spore_matured,Shroomer,-1,211,2,103,2,
22593,reproduce,Shroomer,-1,211,2,103,2,offspring:1
22593,spore_matured,Shroomer,-1,206,8,99,1,
22593,reproduce,Shroomer,-1,206,8,99,1,offspring:1
22594,reproduce,Deer,1033,85,8,81,6,offspring:1
22598,hunt_start,Polar Bear,619,120,5,35,3,target:Turtle:1942
22598,age_death,Monkey,708,235,8,233,7,
22598,reproduce,Boar,783,2,2,168,7,offspring:2
22601,hunt_start,Bear,690,205,8,67,5,target:Shroomer:7
22602,spore_matured,Shroomer,-1,162,1,110,9,
22602,reproduce,Shroomer,-1,162,1,110,9,offspring:1
22602,spore_matured,Shroomer,-1,156,7,112,8,
22602,reproduce,Shroomer,-1,156,7,112,8,offspring:1
22604,spore_created,Shroomer,-1,17,6,202,2,
22604,spore_created,Shroomer,-1,17,6,207,5,
22607,starvation,Parrot,1797,9,8,1,9,
22607,kill,Monkey,863,215,1,288,0,killed_by:Polar Bear:259
22608,hunt_start,Polar Bear,259,216,0,288,0,target:Monkey:647
22610,kill,Elk,1539,216,0,126,2,killed_by:Bear:754
22610,reproduce,Boar,150,86,1,183,7,offspring:2
22611,hunt_start,Bear,754,215,3,126,3,target:Boar:1764
22613,reproduce,Bear,568,99,3,158,7,offspring:1
22614,hunt_start,Bear,17,99,6,157,3,target:Deer:1120
22615,reproduce,Jaguar,673,265,1,26,4,offspring:1
22616,hunt_start,Jaguar,638,264,0,29,0,target:Boar:1694
22616,hunt_start,Jaguar,673,265,1,26,3,target:Boar:1694
22616,hunt_start,Bear,926,199,3,280,2,target:Parrot:1553
22618,starvation,Monkey,1234,15,6,278,4,
22620,kill,Elk,582,105,4,246,4,killed_by:Bear:1967
22620,reproduce,Parrot,1340,70,1,107,4,offspring:1
22621,reproduce,Parrot,1441,3,8,80,4,offspring:1
22621,spore_matured,Shroomer,-1,212,1,103,3,
22621,reproduce,Shroomer,-1,212,1,103,3,offspring:1
22624,reproduce,Penguin,142,64,6,18,6,offspring:1
22624,reproduce,Parrot,1796,19,7,15,7,offspring:1
22629,spore_matured,Shroomer,-1,94,5,267,0,
22629,reproduce,Shroomer,-1,94,5,267,0,offspring:1
22631,age_death,Parrot,1068,107,7,38,8,
22634,kill,Penguin,1973,155,3,27,6,killed_by:Polar Bear:450
22635,hunt_start,Polar Bear,450,154,7,27,3,target:Penguin:1057
22637,environment_death,Shroomer,304,216,4,140,4,drowning
22637,hunt_fail,Jaguar,487,215,7,141,0,target_died
22637,hunt_start,Jaguar,487,215,7,141,0,target:Shroomer:376
22637,reproduce,Parrot,570,132,2,68,7,offspring:1
22637,spore_matured,Shroomer,-1,233,3,64,1,
22637,reproduce,Shroomer,-1,233,3,64,1,offspring:1
22640,spore_created,Shroomer,-1,226,6,101,0,
22640,spore_created,Shroomer,-1,222,6,101,1,
22644,reproduce,Lizard,1678,21,7,27,0,offspring:2
22645,hunt_start,Bear,1691,40,5,108,2,target:Boar:916
22646,kill,Boar,1109,119,4,177,0,killed_by:Polar Bear:924
22649,reproduce,Parrot,1095,138,2,22,7,offspring:1
22650,environment_death,Shroomer,1933,230,5,86,0,drowning
22651,kill,Elk,482,27,0,185,5,killed_by:Polar Bear:269
22652,reproduce,Parrot,210,17,5,176,4,offspring:1
22653,kill,Elk,1254,123,2,117,1,killed_by:Polar Bear:1397
22657,hunt_start,Bear,437,84,1,267,8,target:Shroomer:318
22658,hunt_start,Jaguar,1745,9,8,173,1,target:Shroomer:1027
22658,hunt_start,Jaguar,1912,117,9,66,1,target:Monkey:1856
22660,kill,Elk,664,219,7,43,1,killed_by:Bear:1055
22660,kill,Monkey,766,0,0,55,3,killed_by:Jaguar:1892
22664,reproduce,Elk,1491,11,6,184,5,offspring:1
22664,spore_created,Shroomer,-1,215,3,102,0,
22664,spore_created,Shroomer,-1,216,3,105,6,
22665,spore_matured,Shroomer,-1,99,4,247,3,
22665,reproduce,Shroomer,-1,99,4,247,3,offspring:1
22665,spore_matured,Shroomer,-1,105,4,255,5,
22665,reproduce,Shroomer,-1,105,4,255,5,offspring:1
22666,kill,Musk Ox,814,276,2,41,9,killed_by:Polar Bear:1821
22667,hunt_fail,Polar Bear,818,272,9,40,1,target_died
22667,hunt_start,Polar Bear,818,272,9,40,1,target:Musk Ox:1116
22667,reproduce,Monkey,1707,288,0,42,1,offspring:1
22670,reproduce,Bear,3,214,2,96,2,offspring:1
22671,hunt_start,Bear,3,214,2,96,2,target:Shroomer:1084
22671,hunt_start,Bear,1706,211,9,98,3,target:Shroomer:1232
22671,hunt_start,Boar,1962,88,0,204,7,target:Lizard:1240
22674,kill,Penguin,1813,122,7,13,8,killed_by:Polar Bear:1793
22674,spore_matured,Shroomer,-1,231,0,66,0,
22674,reproduce,Shroomer,-1,231,0,66,0,offspring:1
22675,hunt_start,Polar Bear,1793,123,4,13,9,target:Penguin:731
22679,kill,Deer,357,147,7,147,1,killed_by:Wolf:1980
22683,kill,Shroomer,228,6,6,209,7,killed_by:Boar:230
22684,reproduce,Deer,1927,164,4,108,4,offspring:1
22686,kill,Turtle,1590,133,6,58,8,killed_by:Polar Bear:1333
22688,hunt_fail,Jaguar,487,215,7,140,0,discomfort
22691,hunt_start,Polar Bear,963,124,6,54,4,target:Turtle:655
22692,age_death,Parrot,1095,139,4,20,7,
22692,age_death,Parrot,1097,19,3,124,2,
22692,age_death,Parrot,1098,234,1,23,7,
22693,hunt_fail,Wolf,1588,240,7,19,1,target_died
22695,reproduce,Penguin,534,128,4,28,8,offspring:1
22695,reproduce,Deer,1561,96,5,275,5,offspring:1
22699,spore_matured,Shroomer,-1,233,2,61,5,
22699,reproduce,Shroomer,-1,233,2,61,5,offspring:1
22700,kill,Shroomer,7,208,6,64,9,killed_by:Bear:690
22700,hunt_start,Wolf,1588,241,0,19,1,target:Parrot:240
22700,age_death,Parrot,1100,126,9,187,7,
22701,age_death,Parrot,1101,170,9,249,6,
22701,reproduce,Boar,564,131,7,152,0,offspring:2
22707,reproduce,Polar Bear,1367,50,9,31,0,offspring:1
22708,hunt_start,Polar Bear,1590,48,7,32,3,target:Lizard:583
22710,reproduce,Parrot,665,198,9,4,1,offspring:1
22713,kill,Deer,820,91,2,165,8,killed_by:Bear:1385
22714,hunt_start,Bear,1385,91,0,165,1,target:Deer:1120
22716,hunt_start,Bear,1525,142,4,266,0,target:Elk:1885
22720,hunt_start,Polar Bear,855,26,7,211,3,target:Shroomer:869
22720,kill,Shroomer,1027,11,3,178,3,killed_by:Jaguar:1745
22720,reproduce,Elk,748,76,5,183,8,offspring:1
22720,reproduce,Camel,860,73,8,156,2,offspring:1
22724,spore_matured,Shroomer,-1,17,6,207,5,
22724,reproduce,Shroomer,-1,17,6,207,5,offspring:1
22724,spore_matured,Shroomer,-1,17,9,202,4,
22724,reproduce,Shroomer,-1,17,9,202,4,offspring:1
22725,kill,Boar,783,0,6,164,0,killed_by:Polar Bear:128
22727,hunt_start,Polar Bear,497,235,9,74,7,target:Shroomer:1208
22728,hunt_start,Bear,1925,80,3,261,1,target:Deer:1338
22729,reproduce,Deer,66,90,6,157,5,offspring:1
22729,reproduce,Boar,1379,65,2,63,0,offspring:2
22730,hunt_fail,Jaguar,594,60,4,49,0,prey_escaped
22734,hunt_start,Jaguar,1163,283,4,34,2,target:Monkey:766
22735,spore_created,Shroomer,-1,209,1,62,9,
22735,spore_created,Shroomer,-1,207,5,51,2,
22738,hunt_start,Jaguar,594,60,3,49,1,target:Parrot:1816
22738,reproduce,Deer,57,73,2,82,6,offspring:1
22741,kill,Shroomer,1084,213,4,98,5,killed_by:Bear:3
22741,kill,Shroomer,318,84,8,264,4,killed_by:Bear:437
22741,kill,Shroomer,1232,210,6,96,4,killed_by:Bear:1706
22742,hunt_start,Bear,3,214,0,97,9,target:Shroomer:1241
22742,hunt_start,Bear,1706,210,7,97,1,target:Shroomer:873
22745,kill,Turtle,1942,118,3,28,3,killed_by:Polar Bear:619
22745,reproduce,Jaguar,1912,122,7,61,2,offspring:1
22746,hunt_start,Bear,697,199,6,69,2,target:Shroomer:1305
22746,hunt_start,Jaguar,1939,122,2,59,3,target:Monkey:1856
22746,reproduce,Elk,516,197,4,228,4,offspring:1
22747,hunt_start,Polar Bear,1287,65,6,26,6,target:Penguin:1524
22747,spore_created,Shroomer,-1,177,3,122,9,
22747,spore_created,Shroomer,-1,176,1,120,5,
22752,starvation,Wolf,1202,287,1,57,7,
22753,spore_created,Shroomer,-1,24,0,196,6,
22753,spore_created,Shroomer,-1,18,3,201,6,
22754,hunt_start,Jaguar,16,39,1,4,5,target:Deer:1314
22756,kill,Deer,1120,94,1,167,3,killed_by:Bear:568
22757,hunt_fail,Bear,17,94,9,163,1,target_died
22757,hunt_start,Bear,17,94,9,163,1,target:Deer:66
22757,hunt_start,Bear,568,94,1,166,4,target:Camel:218
22757,hunt_fail,Bear,1385,92,8,166,6,target_died
22757,hunt_start,Bear,1385,92,8,166,6,target:Deer:1013
22758,environment_death,Shroomer,1165,228,1,99,1,drowning
22759,kill,Boar,1764,222,5,133,6,killed_by:Bear:754
22760,kill,Deer,1314,37,5,6,0,killed_by:Jaguar:16
22760,hunt_start,Bear,754,222,0,133,1,target:Elk:1643
22760,kill,Faeling,835,16,3,182,0,killed_by:Shroomer:489
22761,reproduce,Turtle,1608,134,0,23,6,offspring:1
22762,starvation,Monkey,1217,286,5,0,0,
22763,environment_death,Deer,58,112,2,132,7,drowning
22763,hunt_fail,Jaguar,410,112,5,129,2,target_died
22763,hunt_start,Jaguar,410,112,5,129,2,target:Rabbit:1738
22765,kill,Penguin,731,121,7,9,1,killed_by:Polar Bear:1793
22765,spore_matured,Shroomer,-1,71,2,248,1,
22765,reproduce,Shroomer,-1,71,2,248,1,offspring:1
22766,starvation,Wolf,745,88,6,254,7,
22766,hunt_start,Polar Bear,1793,122,2,10,0,target:Elk:702
22767,hunt_start,Boar,661,15,5,136,1,target:Lizard:1842
22767,spore_created,Shroomer,-1,36,9,203,4,
22767,spore_created,Shroomer,-1,27,7,205,4,
22770,hunt_fail,Jaguar,1023,48,1,155,2,prey_escaped
22770,hunt_start,Jaguar,1023,48,1,155,2,target:Tapir:149
22771,spore_created,Shroomer,-1,230,0,67,3,
22771,spore_created,Shroomer,-1,234,9,75,2,
22774,starvation,Parrot,1887,3,7,245,5,
22774,kill,Shroomer,851,11,9,214,2,killed_by:Polar Bear:744
22774,age_death,Boar,650,26,2,232,8,
22778,spore_created,Shroomer,-1,160,6,109,3,
22778,spore_created,Shroomer,-1,178,5,112,8,
22779,spore_created,Shroomer,-1,235,7,79,3,
22779,spore_created,Shroomer,-1,227,0,90,0,
22780,spore_created,Shroomer,-1,192,2,109,6,
22780,spore_created,Shroomer,-1,190,1,109,1,
22784,spore_matured,Shroomer,-1,216,1,105,9,
22784,reproduce,Shroomer,-1,216,1,105,9,offspring:1
22784,spore_matured,Shroomer,-1,215,1,101,7,
22784,reproduce,Shroomer,-1,215,1,101,7,offspring:1
22785,hunt_start,Bear,567,210,6,55,4,target:Shroomer:187
22788,starvation,Frog,979,173,6,223,8,
22788,hunt_fail,Boar,1194,173,3,228,9,target_died
22792,hunt_start,Polar Bear,593,28,1,210,3,target:Shroomer:957
22793,environment_death,Shroomer,1018,232,4,80,1,drowning
22796,reproduce,Musk Ox,291,160,5,157,7,offspring:1
22796,reproduce,Boar,767,22,8,230,2,offspring:2
22804,reproduce,Musk Ox,972,162,1,203,6,offspring:1
22805,reproduce,Penguin,352,133,1,101,1,offspring:1
22806,starvation,Elk,1486,220,5,115,8,
22806,hunt_start,Polar Bear,249,132,8,181,0,target:Musk Ox:289
22807,kill,Turtle,655,129,8,55,7,killed_by:Polar Bear:963
22807,reproduce,Monkey,1924,276,5,87,2,offspring:1
22809,spore_created,Shroomer,-1,218,2,60,9,
22809,spore_created,Shroomer,-1,210,2,55,8,
22812,starvation,Rabbit,555,29,4,201,6,
22812,kill,Boar,1694,269,6,16,6,killed_by:Jaguar:673
22813,hunt_fail,Jaguar,638,267,6,21,0,target_died
22813,hunt_start,Jaguar,638,267,6,21,0,target:Boar:1631
22814,kill,Shroomer,1208,236,6,70,8,killed_by:Polar Bear:497
22816,kill,Shroomer,1305,199,2,71,5,killed_by:Bear:697
22820,hunt_start,Jaguar,404,2,6,188,2,target:Shroomer:503
22821,hunt_start,Bear,735,36,4,205,2,target:Shroomer:179
22823,reproduce,Bear,735,36,4,205,2,offspring:1
22824,hunt_start,Bear,655,35,7,206,8,target:Shroomer:363
22824,kill,Rabbit,1190,84,9,239,9,killed_by:Wolf:1583
22825,hunt_start,Wolf,1583,85,0,239,5,target:Shroomer:414
22825,reproduce,Bear,1563,45,4,65,6,offspring:1
22826,hunt_start,Bear,555,46,2,65,8,target:Parrot:1800
22830,reproduce,Camel,960,160,0,257,7,offspring:1
22834,age_death,Parrot,35,79,5,227,3,
22835,kill,Shroomer,869,26,2,207,5,killed_by:Polar Bear:855
22836,reproduce,Tapir,854,29,9,11,9,offspring:1
22837,spore_created,Shroomer,-1,225,9,93,5,
22837,spore_created,Shroomer,-1,223,9,86,8,
22841,spore_created,Shroomer,-1,190,7,107,4,
22841,spore_created,Shroomer,-1,191,4,100,8,
22842,hunt_start,Bear,677,85,3,221,6,target:Elk:919
22845,starvation,Jaguar,1373,216,6,116,9,
22846,kill,Shroomer,873,208,7,95,4,killed_by:Bear:1706
22847,hunt_start,Bear,1706,209,3,95,9,target:Shroomer:1007
22848,hunt_start,Boar,1083,141,1,184,6,target:Frog:1104
22855,spore_matured,Shroomer,-1,209,0,62,9,
22855,reproduce,Shroomer,-1,209,0,62,9,offspring:1
22856,kill,Musk Ox,1116,281,7,43,1,killed_by:Polar Bear:818
22857,reproduce,Monkey,689,72,1,7,6,offspring:1
22858,hunt_start,Polar Bear,493,36,4,180,9,target:Monkey:1862
22858,reproduce,Musk Ox,1711,279,4,55,5,offspring:1
22863,environment_death,Shroomer,456,211,2,103,1,drowning
22863,kill,Shroomer,187,213,7,56,4,killed_by:Bear:567
22865,reproduce,Boar,566,115,7,235,0,offspring:2
22866,hunt_start,Boar,456,113,1,232,3,target:Lizard:872
22866,hunt_start,Bear,462,118,5,269,4,target:Elk:300
22866,hunt_start,Boar,1116,113,1,232,3,target:Lizard:872
22866,hunt_start,Jaguar,1229,130,6,39,0,target:Deer:1969
22867,spore_matured,Shroomer,-1,176,1,120,4,
22867,reproduce,Shroomer,-1,176,1,120,4,offspring:1
22867,spore_matured,Shroomer,-1,177,4,123,0,
22867,reproduce,Shroomer,-1,177,4,123,0,offspring:1
22868,reproduce,Monkey,663,277,5,270,7,offspring:1
22869,hunt_start,Jaguar,76,1,0,154,6,target:Deer:290
22870,kill,Shroomer,503,5,7,188,0,killed_by:Jaguar:404
22871,kill,Deer,1969,128,6,38,2,killed_by:Jaguar:1229
22871,kill,Boar,916,46,2,95,6,killed_by:Bear:1691
22871,reproduce,Elk,1839,213,4,49,1,offspring:1
22872,reproduce,Penguin,1377,54,0,86,3,offspring:1
22873,spore_matured,Shroomer,-1,24,0,196,6,
22873,reproduce,Shroomer,-1,24,0,196,6,offspring:1
22873,spore_matured,Shroomer,-1,18,6,201,6,
22873,reproduce,Shroomer,-1,18,6,201,6,offspring:1
22874,kill,Penguin,1057,147,9,13,2,killed_by:Polar Bear:450
22875,hunt_start,Polar Bear,450,147,8,13,9,target:Penguin:1857
22876,kill,Frog,717,116,7,82,8,killed_by:Polar Bear:1864
22876,reproduce,Deer,798,92,9,151,6,offspring:1
22876,reproduce,Turtle,954,136,0,30,4,offspring:1
22877,kill,Boar,1631,271,3,19,0,killed_by:Jaguar:638
22877,hunt_start,Polar Bear,1864,117,0,84,0,target:Elk:113
22877,reproduce,Elk,968,205,7,55,8,offspring:1
22878,hunt_start,Jaguar,487,214,4,142,7,target:Lizard:1731
22878,hunt_start,Jaguar,638,270,7,19,2,target:Boar:699
22881,kill,Shroomer,1241,217,1,100,9,killed_by:Bear:3
22887,spore_matured,Shroomer,-1,36,9,203,8,
22887,reproduce,Shroomer,-1,36,9,203,8,offspring:1
22887,spore_matured,Shroomer,-1,27,6,205,2,
22887,reproduce,Shroomer,-1,27,6,205,2,offspring:1
22892,hunt_start,Boar,230,10,8,211,0,target:Shroomer:1947
22893,kill,Shroomer,957,27,7,207,1,killed_by:Polar Bear:593
22893,hunt_start,Polar Bear,1512,220,1,53,0,target:Shroomer:1516
22894,reproduce,Elk,569,218,6,183,7,offspring:1
22898,spore_matured,Shroomer,-1,178,6,113,0,
22898,reproduce,Shroomer,-1,178,6,113,0,offspring:1
22899,spore_matured,Shroomer,-1,226,6,89,9,
22899,reproduce,Shroomer,-1,226,6,89,9,offspring:1
22900,spore_matured,Shroomer,-1,190,0,109,3,
22900,reproduce,Shroomer,-1,190,0,109,3,offspring:1
22904,kill,Shroomer,363,32,7,208,5,killed_by:Bear:655
22905,hunt_start,Bear,655,33,4,208,3,target:Shroomer:179
22905,spore_matured,Shroomer,-1,160,5,109,1,
22905,reproduce,Shroomer,-1,160,5,109,1,offspring:1
22906,hunt_start,Bear,809,99,5,247,5,target:Shroomer:1254
22907,reproduce,Frog,1867,112,5,108,4,offspring:2
22907,spore_matured,Shroomer,-1,207,5,51,2,
22907,reproduce,Shroomer,-1,207,5,51,2,offspring:1
22908,reproduce,Camel,1823,94,4,156,9,offspring:1
22915,hunt_start,Polar Bear,1413,225,9,63,5,target:Shroomer:1454
22918,starvation,Wolf,1588,259,6,31,9,
22918,hunt_start,Bear,1884,196,1,238,1,target:Elk:1869
22921,reproduce,Deer,276,58,0,202,6,offspring:1
22924,kill,Shroomer,414,80,0,241,7,killed_by:Wolf:1583
22925,hunt_start,Wolf,1583,80,5,241,5,target:Deer:822
22926,kill,Shroomer,179,32,2,204,4,killed_by:Bear:735
22927,hunt_fail,Bear,655,33,2,207,4,target_died
22927,hunt_start,Bear,655,33,2,207,4,target:Shroomer:1830
22927,hunt_start,Bear,735,32,9,204,3,target:Shroomer:1830
22930,kill,Camel,218,105,0,163,5,killed_by:Bear:568
22933,reproduce,Elk,1243,36,4,70,3,offspring:1
22935,kill,Tapir,362,187,6,140,8,killed_by:Jaguar:1197
22939,hunt_start,Bear,42,176,6,260,6,target:Monkey:24
22939,kill,Turtle,190,226,9,38,9,killed_by:Jaguar:1125
22939,spore_created,Shroomer,-1,207,8,60,8,
22939,spore_created,Shroomer,-1,216,9,64,1,
22940,hunt_start,Jaguar,1125,227,4,39,1,target:Monkey:322
22942,hunt_start,Wolf,1980,146,6,140,8,target:Deer:737
22943,spore_matured,Shroomer,-1,230,2,67,8,
22943,reproduce,Shroomer,-1,230,2,67,8,offspring:1
22944,spore_matured,Shroomer,-1,218,0,60,8,
22944,reproduce,Shroomer,-1,218,0,60,8,offspring:1
22945,kill,Deer,1013,77,3,167,1,killed_by:Bear:1385
22945,reproduce,Elk,1003,29,9,70,1,offspring:1
22946,hunt_start,Bear,1385,77,9,167,1,target:Camel:531
22954,reproduce,Musk Ox,716,112,9,31,4,offspring:1
22957,spore_matured,Shroomer,-1,223,8,87,0,
22957,reproduce,Shroomer,-1,223,8,87,0,offspring:1
22958,age_death,Boar,699,273,6,26,2,
22959,hunt_fail,Jaguar,638,271,8,22,1,target_died
22961,spore_matured,Shroomer,-1,190,9,107,1,
22961,reproduce,Shroomer,-1,190,9,107,1,offspring:1
22961,spore_matured,Shroomer,-1,191,3,100,5,
22961,reproduce,Shroomer,-1,191,3,100,5,offspring:1
22964,reproduce,Monkey,234,16,6,84,1,offspring:1
22965,reproduce,Tapir,282,187,0,115,5,offspring:1
22965,spore_created,Shroomer,-1,192,9,101,7,
22965,spore_created,Shroomer,-1,198,2,108,3,
22968,kill,Parrot,1553,185,7,288,0,killed_by:Bear:926
22968,reproduce,Rabbit,1462,272,5,96,1,offspring:2
22968,spore_matured,Shroomer,-1,226,2,93,3,
22968,reproduce,Shroomer,-1,226,2,93,3,offspring:1
22969,hunt_start,Bear,926,185,9,286,5,target:Rabbit:599
22969,kill,Elk,1885,150,6,252,0,killed_by:Bear:1525
22975,reproduce,Deer,171,123,3,257,7,offspring:1
22976,kill,Shroomer,1254,97,0,247,2,killed_by:Bear:809
22976,kill,Shroomer,1516,216,4,52,0,killed_by:Polar Bear:1512
22978,spore_created,Shroomer,-1,227,1,91,0,
22978,spore_created,Shroomer,-1,225,4,90,0,
22981,spore_matured,Shroomer,-1,210,3,55,7,
22981,reproduce,Shroomer,-1,210,3,55,7,offspring:1
22986,kill,Shroomer,1007,207,6,98,4,killed_by:Bear:1706
22991,spore_created,Shroomer,-1,222,9,62,0,
22991,spore_created,Shroomer,-1,221,1,59,2,
22993,kill,Elk,702,133,5,15,1,killed_by:Polar Bear:1793
22995,spore_created,Shroomer,-1,194,4,90,3,
22995,spore_created,Shroomer,-1,201,0,93,3,
22998,kill,Musk Ox,289,123,8,173,5,killed_by:Polar Bear:249
22998,kill,Elk,1643,235,7,133,5,killed_by:Bear:754
23000,starvation,Polar Bear,1142,0,1,230,1,
23000,kill,Shroomer,1830,30,2,205,8,killed_by:Bear:655
23001,hunt_fail,Bear,735,30,7,205,1,target_died
23001,hunt_start,Bear,735,30,7,205,1,target:Shroomer:524
23001,kill,Elk,113,109,9,81,9,killed_by:Polar Bear:1864
23002,starvation,Parrot,1646,16,4,81,5,
23002,hunt_start,Bear,655,30,8,206,4,target:Shroomer:524
23002,reproduce,Elk,565,249,3,120,5,offspring:1
23005,reproduce,Bear,754,234,9,133,4,offspring:1
23006,hunt_start,Bear,754,234,9,133,4,target:Deer:1424
23006,hunt_start,Bear,1643,237,0,135,1,target:Deer:1555
23011,hunt_start,Bear,1563,46,2,66,0,target:Elk:1243
23014,starvation,Monkey,1676,154,3,56,2,
23014,hunt_fail,Jaguar,1433,162,8,67,8,target_died
23017,age_death,Lizard,678,102,2,51,4,
23017,age_death,Lizard,1509,118,0,24,7,
23017,reproduce,Parrot,1416,8,6,266,1,offspring:1
23018,reproduce,Frog,1286,64,0,282,1,offspring:2
23020,hunt_start,Polar Bear,1407,235,1,78,2,target:Shroomer:1019
23021,starvation,Shroomer,942,232,8,78,6,
23022,hunt_start,Boar,1699,109,8,251,1,target:Shroomer:664
23024,starvation,Monkey,1704,250,2,166,7,
23024,reproduce,Parrot,346,15,4,256,7,offspring:1
23026,reproduce,Elk,180,37,8,99,5,offspring:1
23026,reproduce,Jaguar,1163,286,6,30,2,offspring:1
23032,starvation,Parrot,46,185,1,288,0,
23032,spore_created,Shroomer,-1,2,4,198,1,
23032,spore_created,Shroomer,-1,4,1,184,6,
23033,spore_created,Shroomer,-1,142,8,118,6,
23033,spore_created,Shroomer,-1,150,7,116,1,
23034,reproduce,Elk,364,215,8,217,1,offspring:1
23038,kill,Shroomer,1947,14,8,210,5,killed_by:Boar:230
23040,reproduce,Frog,1284,165,1,197,4,offspring:2
23045,kill,Elk,919,86,2,210,4,killed_by:Bear:677
23045,kill,Penguin,1524,52,9,11,9,killed_by:Polar Bear:1287
23049,hunt_fail,Jaguar,1939,125,7,60,5,prey_escaped
23049,hunt_start,Jaguar,1939,125,7,60,5,target:Turtle:715
23051,reproduce,Lizard,1943,148,6,7,1,offspring:2
23056,kill,Camel,531,70,6,167,4,killed_by:Bear:1385
23057,hunt_start,Polar Bear,687,228,5,63,4,target:Shroomer:861
23058,hunt_start,Bear,1967,101,2,248,1,target:Shroomer:532
23058,age_death,Monkey,936,202,0,55,1,
23059,spore_matured,Shroomer,-1,216,8,64,5,
23059,reproduce,Shroomer,-1,216,8,64,5,offspring:1
23061,hunt_start,Boar,430,6,5,169,9,target:Frog:446
23063,starvation,Shroomer,394,229,6,87,6,
23064,hunt_fail,Jaguar,1447,183,7,151,2,prey_escaped
23064,hunt_start,Jaguar,1447,183,7,151,2,target:Monkey:474
23066,hunt_start,Polar Bear,1530,16,9,188,4,target:Shroomer:1880
23070,starvation,Lizard,1744,240,4,183,1,
23072,kill,Shroomer,1454,222,1,65,4,killed_by:Polar Bear:1413
23072,reproduce,Boar,1354,9,7,175,8,offspring:2
23073,hunt_start,Boar,218,10,3,175,3,target:Frog:446
23073,hunt_start,Boar,936,10,0,175,6,target:Frog:446
23076,age_death,Frog,102,93,4,38,8,
23076,age_death,Frog,1412,86,3,44,8,
23082,kill,Deer,66,82,4,146,7,killed_by:Bear:17
23083,hunt_start,Bear,17,83,0,147,5,target:Deer:1100
23085,kill,Rabbit,763,163,6,213,8,killed_by:Wolf:1651
23085,spore_matured,Shroomer,-1,193,2,101,5,
23085,reproduce,Shroomer,-1,193,2,101,5,offspring:1
23085,spore_matured,Shroomer,-1,198,2,108,3,
23085,reproduce,Shroomer,-1,198,2,108,3,offspring:1
23086,hunt_start,Wolf,1651,163,2,213,9,target:Deer:472
23088,reproduce,Monkey,1772,282,1,63,0,offspring:1
23091,kill,Monkey,1472,215,6,288,0,killed_by:Polar Bear:579
23092,hunt_start,Polar Bear,579,216,5,288,0,target:Rabbit:279
23092,hunt_start,Jaguar,1745,8,1,173,7,target:Frog:446
23093,kill,Tapir,149,57,2,160,0,killed_by:Jaguar:1023
23093,kill,Frog,446,9,3,173,7,killed_by:Jaguar:1745
23094,hunt_fail,Boar,218,9,8,174,0,target_died
23094,hunt_fail,Boar,430,7,7,171,7,target_died
23094,hunt_fail,Boar,936,9,4,174,4,target_died
23094,hunt_start,Jaguar,1023,56,6,159,8,target:Monkey:1358
23094,hunt_fail,Boar,1354,9,1,174,9,target_died
23095,reproduce,Jaguar,404,7,5,181,6,offspring:1
23095,reproduce,Camel,1889,90,9,159,1,offspring:1
23096,hunt_start,Jaguar,102,8,7,180,7,target:Elk:1491
23096,hunt_start,Jaguar,404,7,6,181,6,target:Shroomer:391
23098,hunt_start,Bear,1055,224,1,46,9,target:Elk:503
23098,spore_matured,Shroomer,-1,227,1,91,0,
23098,reproduce,Shroomer,-1,227,1,91,0,offspring:1
23099,reproduce,Monkey,1074,216,4,23,8,offspring:1
23101,spore_matured,Shroomer,-1,225,1,89,9,
23101,reproduce,Shroomer,-1,225,1,89,9,offspring:1
23106,starvation,Wolf,580,270,1,13,2,
23107,kill,Turtle,715,122,6,55,9,killed_by:Jaguar:1939
23108,kill,Shroomer,524,27,7,202,4,killed_by:Bear:655
23109,hunt_fail,Bear,735,28,4,201,7,target_died
23109,hunt_start,Bear,735,28,4,201,7,target:Shroomer:1241
23111,spore_matured,Shroomer,-1,208,2,60,0,
23111,reproduce,Shroomer,-1,208,2,60,0,offspring:1
23111,spore_matured,Shroomer,-1,222,8,61,9,
23111,reproduce,Shroomer,-1,222,8,61,9,offspring:1
23114,reproduce,Musk Ox,1135,112,9,184,6,offspring:1
23114,reproduce,Parrot,1633,17,7,170,1,offspring:1
23115,spore_matured,Shroomer,-1,201,1,93,5,
23115,reproduce,Shroomer,-1,201,1,93,5,offspring:1
23117,kill,Deer,822,66,9,235,9,killed_by:Wolf:1583
23118,starvation,Shroomer,1139,229,0,70,9,
23119,reproduce,Elk,956,159,1,202,5,offspring:1
23120,spore_matured,Shroomer,-1,221,6,58,6,
23120,reproduce,Shroomer,-1,221,6,58,6,offspring:1
23125,kill,Shroomer,1019,232,1,80,5,killed_by:Polar Bear:1407
23125,reproduce,Monkey,1146,108,1,260,3,offspring:1
23128,kill,Shroomer,532,103,9,248,3,killed_by:Bear:1967
23131,reproduce,Penguin,104,148,3,24,9,offspring:1
23132,hunt_start,Jaguar,16,38,9,6,2,target:Deer:1343
23134,kill,Deer,290,6,9,134,0,killed_by:Jaguar:76
23136,reproduce,Parrot,560,1,3,16,1,offspring:1
23136,reproduce,Bear,1925,61,6,265,0,offspring:1
23137,hunt_start,Bear,1007,64,3,267,9,target:Deer:1338
23138,starvation,Shroomer,56,216,4,79,4,
23138,hunt_start,Bear,690,205,6,61,0,target:Shroomer:743
23138,reproduce,Penguin,61,22,3,31,4,offspring:1
23139,reproduce,Parrot,1682,167,3,198,1,offspring:1
23141,reproduce,Wolf,1583,67,1,237,2,offspring:1
23142,hunt_start,Wolf,1139,64,9,234,6,target:Deer:1570
23142,hunt_start,Wolf,1583,67,1,237,2,target:Shroomer:1479
23142,kill,Deer,1555,243,8,142,6,killed_by:Bear:1643
23142,reproduce,Deer,270,248,4,85,8,offspring:1
23143,hunt_start,Bear,1643,243,2,141,9,target:Elk:1708
23143,kill,Elk,1869,203,7,224,8,killed_by:Bear:1884
23143,spore_created,Shroomer,-1,236,6,88,2,
23143,spore_created,Shroomer,-1,232,9,76,7,
23145,starvation,Wolf,1184,61,1,176,8,
23148,reproduce,Parrot,501,173,6,11,7,offspring:1
23148,reproduce,Monkey,1009,199,0,58,5,offspring:1
23150,age_death,Parrot,238,102,1,285,5,
23153,age_death,Boar,730,33,8,132,1,
23153,age_death,Parrot,772,253,2,214,7,
23153,spore_matured,Shroomer,-1,150,7,116,1,
23153,reproduce,Shroomer,-1,150,7,116,1,offspring:1
23153,spore_matured,Shroomer,-1,142,8,118,6,
23153,reproduce,Shroomer,-1,142,8,118,6,offspring:1
23160,kill,Shroomer,1880,12,8,190,4,killed_by:Polar Bear:1530
23161,kill,Rabbit,279,213,8,288,0,killed_by:Polar Bear:579
23161,reproduce,Parrot,1767,9,1,127,7,offspring:1
23162,kill,Elk,1491,4,2,178,5,killed_by:Jaguar:102
23162,hunt_start,Polar Bear,579,214,4,288,0,target:Lizard:1659
23162,hunt_start,Jaguar,678,288,0,32,6,target:Lizard:882
23162,reproduce,Camel,810,64,5,152,6,offspring:1
23163,starvation,Shroomer,1300,213,7,75,3,
23163,hunt_start,Jaguar,638,271,8,22,1,target:Boar:1919
23164,kill,Elk,300,101,4,271,5,killed_by:Bear:462
23165,reproduce,Penguin,928,60,1,78,5,offspring:1
23166,reproduce,Elk,1102,2,3,182,7,offspring:1
23166,reproduce,Parrot,1387,168,2,273,0,offspring:1
23167,spore_matured,Shroomer,-1,194,4,90,3,
23167,reproduce,Shroomer,-1,194,4,90,3,offspring:1
23171,kill,Shroomer,391,8,7,186,1,killed_by:Jaguar:404
23179,hunt_start,Bear,437,91,3,264,0,target:Shroomer:1722
23185,hunt_fail,Boar,9,22,6,234,0,prey_escaped
23186,reproduce,Bear,462,101,9,271,2,offspring:1
23186,reproduce,Rabbit,1642,161,3,260,2,offspring:2
23187,hunt_start,Bear,462,101,9,271,2,target:Deer:1561
23187,hunt_start,Bear,1880,100,0,268,7,target:Elk:1323
23187,kill,Deer,737,128,8,138,4,killed_by:Wolf:1980
23187,reproduce,Elk,382,137,8,271,6,offspring:1
23189,hunt_start,Polar Bear,924,117,5,186,0,target:Musk Ox:12
23194,hunt_start,Polar Bear,269,33,2,184,5,target:Parrot:1045
23196,hunt_start,Polar Bear,1397,124,9,115,8,target:Penguin:749
23196,spore_created,Shroomer,-1,195,7,66,4,
23196,spore_created,Shroomer,-1,192,0,69,6,
23197,age_death,Monkey,86,231,7,264,3,
23197,reproduce,Lizard,1785,123,7,140,6,offspring:2
23199,kill,Shroomer,861,232,8,61,1,killed_by:Polar Bear:687
23199,hunt_fail,Boar,784,24,6,233,9,prey_escaped
23203,reproduce,Parrot,1250,1,6,93,8,offspring:1
23204,spore_matured,Shroomer,-1,4,1,184,6,
23204,reproduce,Shroomer,-1,4,1,184,6,offspring:1
23204,spore_matured,Shroomer,-1,1,6,198,3,
23204,reproduce,Shroomer,-1,1,6,198,3,offspring:1
23205,starvation,Monkey,987,205,3,161,8,
23209,hunt_start,Polar Bear,1821,277,6,41,6,target:Musk Ox:868
23212,kill,Shroomer,743,206,2,58,0,killed_by:Bear:690
23212,reproduce,Parrot,1513,11,2,264,5,offspring:1
23216,reproduce,Turtle,459,20,5,21,1,offspring:1
23219,reproduce,Deer,711,171,7,96,4,offspring:1
23220,kill,Rabbit,1738,132,6,125,7,killed_by:Jaguar:410
23221,hunt_start,Jaguar,410,131,8,125,8,target:Monkey:1059
23222,reproduce,Monkey,116,209,4,18,3,offspring:1
23223,reproduce,Tapir,1503,63,8,76,8,offspring:1
23225,kill,Penguin,1857,132,9,28,9,killed_by:Polar Bear:450
23226,hunt_start,Polar Bear,450,133,3,28,3,target:Penguin:814
23226,kill,Shroomer,1479,69,1,240,3,killed_by:Wolf:1583
23227,hunt_start,Wolf,1583,68,8,239,9,target:Shroomer:1968
23227,reproduce,Penguin,1812,118,8,20,6,offspring:1
23229,hunt_start,Polar Bear,1333,134,3,53,4,target:Penguin:368
23231,kill,Lizard,1659,210,5,288,0,killed_by:Polar Bear:579
23232,hunt_fail,Polar Bear,296,215,3,287,9,target_died
23232,hunt_start,Polar Bear,296,215,3,287,9,target:Parrot:627
23232,hunt_start,Polar Bear,579,211,8,288,0,target:Rabbit:599
23232,hunt_fail,Wolf,1157,214,5,288,0,prey_escaped
23232,hunt_start,Wolf,1157,214,5,288,0,target:Parrot:627
23232,hunt_fail,Polar Bear,1335,228,1,287,2,target_died
23232,hunt_start,Polar Bear,1335,228,1,287,2,target:Rabbit:110
23232,hunt_fail,Polar Bear,1474,218,1,287,9,target_died
23232,hunt_start,Polar Bear,1474,218,1,287,9,target:Monkey:1330
23237,kill,Deer,472,171,3,202,6,killed_by:Wolf:1651
23238,reproduce,Monkey,320,30,8,105,0,offspring:1
23239,reproduce,Elk,964,219,2,30,5,offspring:1
23240,kill,Elk,1243,31,8,69,7,killed_by:Bear:1563
23242,kill,Elk,1708,247,9,146,5,killed_by:Bear:1643
23243,hunt_start,Jaguar,1229,124,3,32,9,target:Turtle:1591
23247,hunt_start,Boar,230,11,4,208,3,target:Shroomer:134
23249,kill,Shroomer,1722,93,8,263,0,killed_by:Bear:437
23249,age_death,Rabbit,1304,233,9,166,8,
23249,spore_created,Shroomer,-1,221,4,88,3,
23249,spore_created,Shroomer,-1,217,8,88,9,
23251,environment_death,Shroomer,1744,199,0,109,5,drowning
23251,age_death,Parrot,475,258,6,31,5,
23251,reproduce,Rabbit,927,27,2,88,0,offspring:2
23252,environment_death,Shroomer,154,230,1,84,8,drowning
23252,age_death,Parrot,1091,90,8,253,4,
23254,hunt_start,Bear,697,195,2,72,4,target:Shroomer:136
23255,reproduce,Bear,1055,216,3,44,6,offspring:1
23255,reproduce,Wolf,1651,171,1,202,0,offspring:1
23256,hunt_start,Bear,1304,218,8,43,8,target:Elk:503
23256,hunt_start,Wolf,1651,171,1,202,0,target:Deer:1868
23256,hunt_start,Wolf,1744,171,6,203,6,target:Deer:1868
23258,kill,Rabbit,599,205,9,288,0,killed_by:Bear:926
23259,hunt_fail,Polar Bear,579,210,3,288,0,target_died
23259,hunt_start,Polar Bear,579,210,3,288,0,target:Parrot:627
23259,hunt_fail,Bear,603,182,6,286,3,target_died
23259,hunt_start,Bear,603,182,6,286,3,target:Elk:347
23259,kill,Shroomer,1241,27,7,206,0,killed_by:Bear:735
23259,hunt_start,Bear,926,205,1,288,0,target:Parrot:627
23259,reproduce,Faeling,0,0,5,194,6,offspring:1
23260,hunt_start,Bear,735,27,6,205,3,target:Elk:710
23260,spore_created,Shroomer,-1,164,8,116,4,
23260,spore_created,Shroomer,-1,166,2,115,7,
23263,hunt_start,Jaguar,1745,8,4,175,1,target:Boar:936
23263,spore_matured,Shroomer,-1,232,9,76,8,
23263,reproduce,Shroomer,-1,232,9,76,8,offspring:1
23263,spore_matured,Shroomer,-1,236,6,88,2,
23263,reproduce,Shroomer,-1,236,6,88,2,offspring:1
23265,age_death,Rabbit,327,13,0,282,4,
23266,hunt_fail,Wolf,797,13,6,276,4,target_died
23266,hunt_start,Wolf,797,13,6,276,4,target:Deer:1841
23266,spore_created,Shroomer,-1,217,7,108,3,
23266,spore_created,Shroomer,-1,217,2,112,2,
23268,hunt_start,Polar Bear,128,6,4,160,4,target:Boar:430
23273,spore_created,Shroomer,-1,223,0,73,4,
23273,spore_created,Shroomer,-1,222,1,79,9,
23274,hunt_start,Jaguar,673,271,4,16,1,target:Boar:1919
23282,environment_death,Shroomer,1896,230,3,85,8,drowning
23282,spore_created,Shroomer,-1,212,3,99,6,
23282,spore_created,Shroomer,-1,203,3,102,8,
23288,hunt_start,Polar Bear,619,120,2,32,8,target:Musk Ox:716
23290,kill,Musk Ox,12,122,5,188,5,killed_by:Polar Bear:924
23290,reproduce,Elk,573,159,6,262,2,offspring:1
23290,reproduce,Elk,1730,159,2,270,3,offspring:1
23294,starvation,Parrot,1350,254,3,162,8,
23297,starvation,Shroomer,219,221,5,81,4,
23297,age_death,Musk Ox,302,286,5,78,7,
23301,hunt_start,Bear,567,211,6,49,3,target:Shroomer:1217
23301,kill,Parrot,627,208,9,288,0,killed_by:Polar Bear:579
23302,hunt_fail,Polar Bear,296,213,5,288,0,target_died
23302,hunt_start,Polar Bear,296,213,5,288,0,target:Monkey:1330
23302,hunt_fail,Bear,926,207,0,287,7,target_died
23302,hunt_fail,Wolf,1157,210,5,287,9,target_died
23303,reproduce,Musk Ox,306,286,7,64,0,offspring:1
23305,hunt_start,Boar,1354,11,5,181,2,target:Shroomer:616
23307,kill,Elk,503,213,7,42,5,killed_by:Bear:1055
23307,hunt_start,Jaguar,1197,186,7,130,5,target:Shroomer:1000
23307,spore_created,Shroomer,-1,199,1,90,3,
23307,spore_created,Shroomer,-1,197,2,98,0,
23308,hunt_fail,Bear,1304,216,9,43,4,target_died
23308,hunt_start,Bear,1304,216,9,43,4,target:Elk:1839
23309,hunt_start,Bear,1691,45,4,94,8,target:Boar:1597
23312,kill,Deer,1343,53,3,8,1,killed_by:Jaguar:16
23312,reproduce,Deer,1910,31,7,2,2,offspring:1
23316,spore_matured,Shroomer,-1,192,0,69,6,
23316,reproduce,Shroomer,-1,192,0,69,6,offspring:1
23317,hunt_start,Polar Bear,744,13,9,215,4,target:Shroomer:387
23319,hunt_start,Bear,3,218,9,104,8,target:Shroomer:1634
23319,age_death,Monkey,774,252,2,267,2,
23326,kill,Turtle,1591,121,2,28,2,killed_by:Jaguar:1229
23327,spore_created,Shroomer,-1,217,4,105,1,
23327,spore_created,Shroomer,-1,221,8,91,5,
23328,reproduce,Lizard,1425,18,9,136,9,offspring:2
23331,hunt_start,Boar,667,39,7,220,4,target:Monkey:1862
23339,kill,Shroomer,1968,74,7,239,4,killed_by:Wolf:1583
23339,reproduce,Rabbit,229,2,0,5,1,offspring:2
23342,spore_created,Shroomer,-1,200,9,63,8,
23342,spore_created,Shroomer,-1,204,0,70,7,
23344,hunt_start,Jaguar,404,11,2,186,0,target:Shroomer:616
23344,kill,Boar,936,13,9,180,5,killed_by:Jaguar:1745
23350,hunt_start,Polar Bear,963,137,6,49,0,target:Penguin:587
23357,hunt_start,Polar Bear,497,236,1,76,0,target:Shroomer:33
23363,kill,Deer,1868,177,5,197,6,killed_by:Wolf:1651
23364,hunt_fail,Wolf,1744,176,4,198,0,target_died
23364,hunt_start,Wolf,1744,176,4,198,0,target:Frog:1284
23367,spore_created,Shroomer,-1,89,9,240,4,
23367,spore_created,Shroomer,-1,100,9,253,2,
23368,hunt_start,Bear,568,109,1,163,4,target:Camel:780
23369,spore_matured,Shroomer,-1,221,4,88,3,
23369,reproduce,Shroomer,-1,221,4,88,3,offspring:1
23369,spore_matured,Shroomer,-1,217,8,88,9,
23369,reproduce,Shroomer,-1,217,8,88,9,offspring:1
23378,hunt_start,Polar Bear,855,25,3,206,9,target:Shroomer:7
23384,kill,Penguin,814,124,7,23,5,killed_by:Polar Bear:450
23384,kill,Deer,443,26,9,14,8,killed_by:Jaguar:1360
23385,hunt_start,Polar Bear,450,125,0,24,2,target:Penguin:148
23386,kill,Shroomer,1000,191,8,130,9,killed_by:Jaguar:1197
23386,spore_matured,Shroomer,-1,217,1,112,2,
23386,reproduce,Shroomer,-1,217,1,112,2,offspring:1
23387,reproduce,Monkey,1587,278,2,165,2,offspring:1
23391,kill,Shroomer,1634,216,8,106,2,killed_by:Bear:3
23391,age_death,Parrot,429,43,5,198,6,
23391,age_death,Parrot,557,58,9,286,1,
23391,reproduce,Jaguar,1360,26,2,15,1,offspring:1
23392,hunt_start,Jaguar,443,29,2,15,0,target:Turtle:1035
23392,hunt_start,Jaguar,1360,26,2,15,1,target:Turtle:1035
23393,spore_matured,Shroomer,-1,224,2,72,8,
23393,reproduce,Shroomer,-1,224,2,72,8,offspring:1
23393,spore_matured,Shroomer,-1,222,0,79,9,
23393,reproduce,Shroomer,-1,222,0,79,9,offspring:1
23397,kill,Musk Ox,868,278,9,49,8,killed_by:Polar Bear:1821
23397,kill,Elk,1323,89,2,273,9,killed_by:Bear:1880
23397,reproduce,Monkey,647,259,3,269,8,offspring:1
23399,hunt_start,Polar Bear,818,280,3,47,1,target:Musk Ox:773
23399,reproduce,Musk Ox,753,272,7,42,3,offspring:1
23400,kill,Deer,1424,257,8,139,7,killed_by:Bear:754
23401,kill,Shroomer,616,6,6,187,5,killed_by:Jaguar:404
23401,hunt_start,Polar Bear,579,210,2,287,2,target:Lizard:1518
23401,hunt_start,Bear,754,256,8,139,0,target:Elk:1838
23402,hunt_fail,Boar,1354,8,1,186,2,target_died
23402,hunt_start,Boar,1354,8,1,186,2,target:Shroomer:1843
23402,spore_matured,Shroomer,-1,212,4,99,6,
23402,reproduce,Shroomer,-1,212,4,99,6,offspring:1
23402,spore_matured,Shroomer,-1,203,3,102,8,
23402,reproduce,Shroomer,-1,203,3,102,8,offspring:1
23405,kill,Shroomer,1217,209,0,52,8,killed_by:Bear:567
23407,hunt_start,Bear,1525,157,0,258,7,target:Camel:1694
23412,reproduce,Lizard,1622,5,1,195,5,offspring:2
23414,hunt_start,Bear,809,98,1,248,4,target:Shroomer:686
23414,hunt_start,Boar,1866,191,8,128,1,target:Frog:817
23418,starvation,Shroomer,850,218,6,79,4,
23418,kill,Musk Ox,716,113,0,34,6,killed_by:Polar Bear:619
23424,hunt_start,Bear,1706,207,4,97,4,target:Shroomer:875
23427,spore_matured,Shroomer,-1,198,7,90,1,
23427,reproduce,Shroomer,-1,198,7,90,1,offspring:1
23427,spore_matured,Shroomer,-1,197,1,98,0,
23427,reproduce,Shroomer,-1,197,1,98,0,offspring:1
23430,kill,Deer,1841,4,6,263,6,killed_by:Wolf:797
23430,reproduce,Deer,522,287,8,175,1,offspring:1
23431,hunt_start,Wolf,797,4,8,264,0,target:Deer:1006
23431,hunt_fail,Jaguar,1750,194,7,148,8,prey_escaped
23431,hunt_start,Jaguar,1750,194,7,148,8,target:Monkey:45
23432,spore_matured,Shroomer,-1,164,3,116,7,
23432,reproduce,Shroomer,-1,164,3,116,7,offspring:1
23432,spore_matured,Shroomer,-1,166,8,115,4,
23432,reproduce,Shroomer,-1,166,8,115,4,offspring:1
23433,starvation,Parrot,1147,242,2,7,8,
23434,age_death,Rabbit,825,123,8,13,2,
23434,spore_created,Shroomer,-1,227,4,69,2,
23434,spore_created,Shroomer,-1,236,4,66,5,
23436,hunt_start,Polar Bear,593,29,2,204,4,target:Shroomer:1631
23436,reproduce,Rabbit,733,165,3,276,8,offspring:2
23436,reproduce,Jaguar,1745,13,5,181,1,offspring:1
23436,reproduce,Parrot,1926,283,5,61,8,offspring:1
23437,hunt_start,Jaguar,302,10,7,182,3,target:Boar:218
23437,hunt_start,Jaguar,1745,13,5,181,0,target:Tapir:1288
23437,spore_created,Shroomer,-1,165,3,113,6,
23437,spore_created,Shroomer,-1,156,4,119,2,
23439,reproduce,Parrot,511,125,5,270,2,offspring:1
23443,spore_created,Shroomer,-1,211,0,57,7,
23443,spore_created,Shroomer,-1,212,3,69,6,
23446,kill,Turtle,1035,26,8,13,6,killed_by:Jaguar:1360
23447,hunt_fail,Jaguar,443,27,3,13,5,target_died
23447,hunt_start,Jaguar,443,27,3,13,5,target:Tapir:854
23447,kill,Shroomer,136,191,3,77,3,killed_by:Bear:697
23447,spore_matured,Shroomer,-1,221,9,91,3,
23447,reproduce,Shroomer,-1,221,9,91,3,offspring:1
23450,hunt_start,Wolf,1980,131,5,136,8,target:Lizard:1785
23457,spore_created,Shroomer,-1,239,0,157,1,
23457,spore_created,Shroomer,-1,243,1,162,3,
23462,spore_matured,Shroomer,-1,203,9,70,9,
23462,reproduce,Shroomer,-1,203,9,70,9,offspring:1
23463,environment_death,Camel,260,122,3,241,5,drowning
23464,starvation,Monkey,1543,142,3,109,9,
23474,kill,Shroomer,33,232,4,76,1,killed_by:Polar Bear:497
23479,kill,Penguin,368,150,9,54,5,killed_by:Polar Bear:1333
23479,hunt_start,Jaguar,1939,121,1,47,1,target:Tapir:1058
23480,spore_created,Shroomer,-1,18,9,219,5,
23480,spore_created,Shroomer,-1,26,2,224,0,
23481,hunt_start,Boar,9,27,1,227,5,target:Shroomer:260
23481,hunt_start,Boar,784,24,1,229,9,target:Shroomer:260
23483,hunt_start,Bear,677,82,9,207,8,target:Elk:1331
23484,reproduce,Parrot,544,283,1,62,6,offspring:1
23485,kill,Shroomer,134,18,6,211,2,killed_by:Boar:230
23486,kill,Tapir,1058,122,4,44,8,killed_by:Jaguar:1939
23488,starvation,Rabbit,1341,82,9,134,6,
23488,starvation,Lizard,1380,212,4,78,6,
23488,hunt_fail,Bear,945,82,8,142,6,target_died
23488,hunt_start,Bear,945,82,8,142,6,target:Camel:1823
23488,hunt_start,Wolf,1157,206,9,284,6,target:Monkey:341
23489,reproduce,Parrot,1324,208,4,28,6,offspring:1
23493,hunt_start,Boar,767,22,4,228,7,target:Shroomer:260
23494,hunt_start,Bear,1385,72,0,165,8,target:Deer:751
23494,kill,Shroomer,875,209,0,98,9,killed_by:Bear:1706
23495,reproduce,Boar,1652,265,1,26,9,offspring:2
23498,starvation,Bear,945,83,1,143,1,
23499,starvation,Shroomer,1434,229,5,86,7,
23501,age_death,Parrot,52,156,4,202,0,
23501,kill,Faeling,475,18,4,193,6,killed_by:Shroomer:316
23502,age_death,Wolf,435,208,5,288,0,
23502,reproduce,Elk,1654,258,0,122,2,offspring:1
23502,reproduce,Deer,1663,70,6,12,6,offspring:1
23503,spore_matured,Shroomer,-1,201,2,63,6,
23503,reproduce,Shroomer,-1,201,2,63,6,offspring:1
23505,kill,Penguin,148,121,7,15,9,killed_by:Polar Bear:450
23506,hunt_start,Jaguar,76,17,3,135,2,target:Deer:601
23506,hunt_start,Polar Bear,450,122,0,16,6,target:Tapir:980
23509,reproduce,Parrot,210,22,9,175,3,offspring:1
23509,reproduce,Deer,1592,31,4,5,2,offspring:1
23511,kill,Boar,430,11,4,175,6,killed_by:Polar Bear:128
23511,reproduce,Deer,1715,151,1,163,3,offspring:1
23514,kill,Deer,601,19,0,137,5,killed_by:Jaguar:76
23516,kill,Camel,1694,163,3,258,6,killed_by:Bear:1525
23516,reproduce,Parrot,1765,80,9,287,9,offspring:1
23517,starvation,Rabbit,506,182,2,194,2,
23518,kill,Elk,1838,253,8,146,0,killed_by:Bear:754
23519,kill,Shroomer,686,96,9,252,1,killed_by:Bear:809
23519,hunt_start,Polar Bear,1512,211,2,50,3,target:Shroomer:1164
23519,reproduce,Turtle,1443,22,7,14,5,offspring:1
23519,reproduce,Deer,1523,101,5,256,8,offspring:1
23520,starvation,Tapir,1191,180,4,171,5,
23520,age_death,Monkey,663,275,5,258,7,
23523,reproduce,Elk,748,80,0,181,5,offspring:1
23528,reproduce,Parrot,846,282,0,164,3,offspring:1
23530,kill,Musk Ox,773,284,8,41,4,killed_by:Polar Bear:818
23531,kill,Boar,1597,50,7,106,8,killed_by:Bear:1691
23534,hunt_start,Jaguar,102,9,2,182,1,target:Shroomer:861
23536,hunt_start,Polar Bear,1793,132,5,17,9,target:Penguin:534
23539,reproduce,Boar,91,117,7,270,9,offspring:2
23539,spore_matured,Shroomer,-1,89,9,240,4,
23539,reproduce,Shroomer,-1,89,9,240,4,offspring:1
23539,spore_matured,Shroomer,-1,100,9,253,2,
23539,reproduce,Shroomer,-1,100,9,253,2,offspring:1
23540,kill,Frog,1284,159,4,197,2,killed_by:Wolf:1744
23540,reproduce,Musk Ox,976,258,6,68,7,offspring:1
23541,hunt_start,Polar Bear,249,115,5,167,9,target:Musk Ox:258
23541,hunt_start,Wolf,1744,159,8,197,3,target:Frog:1993
23542,reproduce,Parrot,442,205,5,207,7,offspring:1
23544,starvation,Monkey,1612,0,0,55,6,
23544,hunt_start,Polar Bear,1864,110,9,83,1,target:Penguin:771
23545,reproduce,Monkey,1547,284,1,279,2,offspring:1
23546,hunt_start,Bear,655,33,7,203,0,target:Shroomer:1631
23550,starvation,Monkey,1551,184,1,174,8,
23551,reproduce,Elk,761,209,4,230,4,offspring:1
23552,environment_death,Shroomer,1243,217,7,113,0,drowning
23552,kill,Penguin,749,105,5,115,1,killed_by:Polar Bear:1397
23552,reproduce,Deer,836,162,0,191,2,offspring:1
23554,kill,Monkey,1881,288,0,42,9,killed_by:Bear:989
23554,spore_matured,Shroomer,-1,236,5,66,6,
23554,reproduce,Shroomer,-1,236,5,66,6,offspring:1
23554,spore_matured,Shroomer,-1,227,3,69,3,
23554,reproduce,Shroomer,-1,227,3,69,3,offspring:1
23555,hunt_start,Bear,989,287,4,43,6,target:Rabbit:1205
23555,hunt_fail,Jaguar,1688,227,1,18,3,prey_escaped
23555,hunt_start,Jaguar,1688,227,1,18,3,target:Turtle:1131
23556,kill,Tapir,854,31,5,7,0,killed_by:Jaguar:443
23556,kill,Camel,780,99,8,156,9,killed_by:Bear:568
23557,starvation,Parrot,576,239,0,46,1,
23557,hunt_fail,Bear,329,234,0,39,8,target_died
23557,hunt_start,Bear,329,234,0,39,8,target:Elk:525
23558,reproduce,Elk,646,227,0,174,7,offspring:1
23559,kill,Deer,1006,7,2,253,4,killed_by:Wolf:797
23559,reproduce,Boar,1699,108,8,259,1,offspring:2
23560,hunt_start,Boar,1284,107,6,259,1,target:Frog:704
23560,hunt_start,Boar,1343,107,6,259,1,target:Frog:704
23560,hunt_start,Boar,1699,108,8,259,1,target:Frog:704
23563,kill,Boar,218,15,0,174,5,killed_by:Jaguar:302
23563,age_death,Parrot,949,102,1,191,3,
23563,spore_matured,Shroomer,-1,212,3,69,7,
23563,reproduce,Shroomer,-1,212,3,69,7,offspring:1
23564,hunt_start,Jaguar,302,14,5,174,8,target:Elk:490
23566,hunt_start,Bear,1967,104,3,251,6,target:Shroomer:664
23567,kill,Shroomer,260,26,0,223,2,killed_by:Boar:9
23568,environment_death,Shroomer,327,204,5,102,8,drowning
23568,hunt_fail,Boar,767,24,6,225,3,target_died
23568,hunt_fail,Boar,784,25,9,225,0,target_died
23570,age_death,Penguin,307,97,6,69,8,
23570,age_death,Penguin,966,103,3,72,2,
23574,reproduce,Boar,1928,9,1,132,2,offspring:2
23575,kill,Tapir,980,125,3,12,8,killed_by:Polar Bear:450
23576,reproduce,Deer,1216,165,9,253,9,offspring:1
23579,kill,Elk,1839,204,4,40,6,killed_by:Bear:1304
23581,hunt_start,Bear,1884,210,7,221,3,target:Deer:333
23582,reproduce,Deer,805,149,5,23,5,offspring:1
23583,starvation,Deer,1621,18,5,85,5,
23584,reproduce,Elk,103,200,3,56,7,offspring:1
23584,reproduce,Elk,1464,239,7,124,7,offspring:1
23586,starvation,Shroomer,843,229,6,79,6,
23586,kill,Deer,1100,87,9,175,7,killed_by:Bear:17
23587,hunt_start,Bear,17,87,0,175,1,target:Boar:708
23587,age_death,Rabbit,1344,249,1,61,5,
23587,reproduce,Deer,171,132,5,265,6,offspring:1
23587,reproduce,Tapir,1536,61,9,256,3,offspring:1
23588,hunt_start,Polar Bear,1287,53,5,7,9,target:Penguin:757
23588,hunt_fail,Wolf,1819,255,9,65,8,target_died
23588,hunt_start,Wolf,1819,255,9,65,8,target:Deer:270
23589,starvation,Parrot,871,217,6,259,5,
23590,kill,Shroomer,7,16,7,208,8,killed_by:Polar Bear:855
23590,spore_created,Shroomer,-1,97,2,247,6,
23590,spore_created,Shroomer,-1,105,0,249,0,
23594,kill,Shroomer,1631,35,4,205,3,killed_by:Polar Bear:593
23595,hunt_fail,Bear,655,34,7,204,1,target_died
23595,hunt_start,Bear,655,34,7,204,1,target:Shroomer:973
23599,reproduce,Parrot,468,78,4,258,2,offspring:1
23599,reproduce,Monkey,689,75,8,5,2,offspring:1
23599,reproduce,Penguin,1377,49,7,86,7,offspring:1
23600,reproduce,Monkey,1452,94,9,0,8,offspring:1
23600,reproduce,Monkey,1850,17,1,88,8,offspring:1
23600,spore_matured,Shroomer,-1,18,9,219,4,
23600,reproduce,Shroomer,-1,18,9,219,4,offspring:1
23601,starvation,Rabbit,1811,208,8,253,1,
23602,hunt_start,Wolf,1583,69,3,239,0,target:Shroomer:1664
23603,kill,Shroomer,1843,11,8,192,5,killed_by:Boar:1354
23603,reproduce,Lizard,845,30,8,94,6,offspring:2
23603,reproduce,Monkey,1411,208,0,200,2,offspring:1
23603,spore_created,Shroomer,-1,215,5,60,5,
23603,spore_created,Shroomer,-1,213,3,60,6,
23604,reproduce,Tapir,1271,150,3,245,5,offspring:1
23605,environment_death,Shroomer,1019,222,4,80,5,drowning
23605,kill,Penguin,587,151,9,41,1,killed_by:Polar Bear:963
23608,reproduce,Penguin,1370,153,7,98,1,offspring:1
23609,spore_matured,Shroomer,-1,156,4,119,2,
23609,reproduce,Shroomer,-1,156,4,119,2,offspring:1
23610,kill,Shroomer,387,19,4,224,0,killed_by:Polar Bear:744
23612,hunt_start,Boar,1243,10,3,132,1,target:Lizard:774
23612,reproduce,Elk,288,197,8,257,1,offspring:1
23615,hunt_start,Polar Bear,1413,222,8,68,9,target:Shroomer:1236
23615,spore_matured,Shroomer,-1,210,6,57,3,
23615,reproduce,Shroomer,-1,210,6,57,3,offspring:1
23618,starvation,Parrot,1277,206,4,262,5,
23623,kill,Deer,1561,81,5,288,0,killed_by:Bear:462
23623,reproduce,Wolf,797,7,1,253,9,offspring:1
23624,hunt_start,Bear,462,82,4,287,2,target:Deer:365
23624,hunt_start,Wolf,797,7,1,253,9,target:Deer:213
23624,kill,Rabbit,1205,288,0,42,6,killed_by:Bear:989
23624,hunt_start,Wolf,1631,9,0,254,1,target:Deer:213
23624,hunt_start,Bear,1880,88,4,274,1,target:Deer:1813
23625,hunt_start,Bear,989,287,1,42,4,target:Boar:332
23626,hunt_start,Wolf,1651,171,7,195,7,target:Deer:663
23627,reproduce,Deer,239,128,6,8,7,offspring:1
23633,age_death,Boar,332,285,9,38,6,
23633,age_death,Boar,390,268,6,60,1,
23633,reproduce,Monkey,1669,30,0,174,5,offspring:1
23634,starvation,Parrot,1386,257,1,32,9,
23634,hunt_fail,Bear,989,286,9,41,8,target_died
23634,hunt_start,Bear,989,286,9,41,8,target:Musk Ox:303
23640,starvation,Elk,1564,197,5,169,5,
23643,hunt_start,Boar,148,117,2,269,0,target:Frog:704
23649,environment_death,Deer,64,152,5,48,5,drowning
23649,hunt_start,Jaguar,443,28,8,7,7,target:Deer:1592
23649,reproduce,Deer,69,25,2,130,5,offspring:1
23650,hunt_start,Bear,690,206,6,60,9,target:Shroomer:528
23650,kill,Shroomer,664,107,1,253,7,killed_by:Bear:1967
23650,reproduce,Boar,564,131,8,152,5,offspring:2
23653,kill,Elk,1331,89,0,200,5,killed_by:Bear:677
23656,starvation,Shroomer,1505,229,2,86,1,
23656,kill,Lizard,882,288,0,39,1,killed_by:Jaguar:678
23657,hunt_start,Jaguar,678,287,4,39,0,target:Musk Ox:303
23657,kill,Shroomer,1164,216,1,54,9,killed_by:Polar Bear:1512
23660,kill,Frog,1993,152,8,187,9,killed_by:Wolf:1744
23661,hunt_start,Wolf,1744,153,0,188,2,target:Deer:836
23661,reproduce,Lizard,1637,69,5,6,9,offspring:2
23662,reproduce,Penguin,534,127,4,9,5,offspring:1
23665,starvation,Parrot,265,206,5,262,5,
23665,reproduce,Parrot,51,176,2,257,6,offspring:1
23667,spore_created,Shroomer,-1,227,8,80,7,
23667,spore_created,Shroomer,-1,230,7,85,8,
23668,hunt_start,Polar Bear,1407,235,1,77,8,target:Shroomer:1450
23669,reproduce,Monkey,1862,17,4,219,7,offspring:1
23671,starvation,Parrot,47,0,0,229,4,
23671,hunt_fail,Jaguar,1893,0,0,225,4,target_died
23675,spore_created,Shroomer,-1,212,7,70,1,
23675,spore_created,Shroomer,-1,208,2,74,8,
23676,kill,Elk,710,11,6,199,4,killed_by:Bear:735
23678,hunt_start,Bear,1563,33,8,69,6,target:Boar:211
23680,hunt_start,Bear,1643,250,8,144,3,target:Elk:1148
23684,hunt_start,Jaguar,16,61,5,4,9,target:Tapir:1378
23684,reproduce,Deer,41,141,2,24,0,offspring:1
23684,reproduce,Parrot,388,27,9,183,4,offspring:1
23685,kill,Shroomer,1236,222,8,66,8,killed_by:Polar Bear:1413
23686,reproduce,Monkey,1481,275,4,62,4,offspring:1
23686,reproduce,Boar,1650,285,5,70,5,offspring:2
23687,hunt_start,Bear,437,92,3,256,6,target:Deer:653
23687,hunt_start,Boar,1331,285,2,67,9,target:Parrot:1543
23687,hunt_start,Boar,1505,285,2,67,9,target:Parrot:1543
23688,starvation,Shroomer,1790,233,3,77,7,
23689,reproduce,Elk,848,23,4,179,4,offspring:1
23691,hunt_start,Bear,926,202,1,285,4,target:Lizard:335
23692,kill,Shroomer,183,62,2,111,0,killed_by:Faeling:1932
23693,kill,Elk,490,20,9,182,0,killed_by:Jaguar:302
23693,hunt_start,Bear,1304,205,1,40,7,target:Elk:550
23694,starvation,Lizard,361,216,4,75,5,
23694,spore_created,Shroomer,-1,69,6,228,5,
23694,spore_created,Shroomer,-1,74,3,236,0,
23697,kill,Boar,1919,279,7,22,0,killed_by:Jaguar:673
23697,reproduce,Rabbit,1201,213,2,196,6,offspring:2
23698,hunt_fail,Jaguar,638,273,4,22,3,target_died
23698,hunt_start,Jaguar,638,273,4,22,3,target:Boar:368
23698,hunt_start,Jaguar,1229,121,8,15,5,target:Tapir:866
23700,kill,Musk Ox,258,114,8,157,7,killed_by:Polar Bear:249
23701,age_death,Parrot,549,70,1,273,2,
23702,environment_death,Elk,193,153,5,48,6,drowning
23703,kill,Shroomer,973,38,1,200,4,killed_by:Bear:655
23703,hunt_start,Polar Bear,1530,8,1,187,3,target:Shroomer:861
23706,kill,Musk Ox,303,288,0,40,8,killed_by:Jaguar:678
23707,hunt_fail,Bear,989,287,2,42,0,target_died
23707,hunt_start,Bear,989,287,2,42,0,target:Lizard:1780
23707,age_death,Boar,163,62,1,107,1,
23708,reproduce,Lizard,274,278,3,167,1,offspring:2
23708,reproduce,Elk,821,2,1,191,0,offspring:1
23710,reproduce,Parrot,1416,0,9,275,8,offspring:1
23713,reproduce,Deer,751,77,5,151,4,offspring:1
23714,starvation,Parrot,240,259,4,35,3,
23716,starvation,Rabbit,714,13,5,219,0,
23719,reproduce,Boar,1866,192,6,131,5,offspring:2
23720,hunt_start,Boar,361,192,5,130,4,target:Lizard:1004
23720,hunt_start,Boar,1866,192,7,131,5,target:Lizard:1004
23722,starvation,Polar Bear,83,91,7,192,5,
23723,reproduce,Monkey,1074,210,4,17,2,offspring:1
23723,spore_matured,Shroomer,-1,213,3,60,7,
23723,reproduce,Shroomer,-1,213,3,60,7,offspring:1
23725,reproduce,Elk,656,138,5,24,0,offspring:1
23725,spore_created,Shroomer,-1,105,6,248,3,
23725,spore_created,Shroomer,-1,114,8,243,4,
23730,spore_created,Shroomer,-1,243,2,69,9,
23730,spore_created,Shroomer,-1,229,8,70,2,
23735,reproduce,Monkey,1683,149,0,100,5,offspring:1
23738,kill,Shroomer,1450,234,1,75,6,killed_by:Polar Bear:1407
23740,kill,Penguin,534,125,7,7,5,killed_by:Polar Bear:1793
23741,spore_created,Shroomer,-1,220,6,56,2,
23741,spore_created,Shroomer,-1,228,9,53,0,
23742,hunt_start,Polar Bear,687,231,5,62,0,target:Shroomer:1312
23743,starvation,Frog,1775,32,2,200,3,
23743,hunt_start,Boar,359,38,7,223,0,target:Parrot:1045
23745,hunt_start,Bear,1055,210,4,41,3,target:Lizard:999
23752,starvation,Rabbit,1635,2,3,109,0,
23752,hunt_fail,Bear,540,13,5,97,4,target_died
23752,hunt_start,Bear,540,13,5,97,4,target:Lizard:1233
23754,kill,Shroomer,861,6,7,184,6,killed_by:Jaguar:102
23755,hunt_fail,Polar Bear,1530,7,2,185,3,target_died
23755,hunt_start,Polar Bear,1530,7,2,185,3,target:Boar:1985
23756,reproduce,Lizard,608,83,8,78,7,offspring:2
23758,hunt_start,Jaguar,1197,193,3,127,9,target:Boar:1919
23758,kill,Tapir,866,118,5,18,6,killed_by:Jaguar:1229
23759,reproduce,Lizard,312,145,5,274,9,offspring:2
23759,spore_matured,Shroomer,-1,104,5,249,5,
23759,reproduce,Shroomer,-1,104,5,249,5,offspring:1
23762,spore_matured,Shroomer,-1,99,1,248,2,
23762,reproduce,Shroomer,-1,99,1,248,2,offspring:1
23766,kill,Boar,1919,192,8,130,5,killed_by:Jaguar:1197
23768,spore_created,Shroomer,-1,237,0,60,3,
23768,spore_created,Shroomer,-1,227,8,58,3,
23773,hunt_start,Jaguar,404,5,7,184,6,target:Boar:1985
23773,kill,Shroomer,1664,79,0,237,5,killed_by:Wolf:1583
23775,spore_matured,Shroomer,-1,215,3,60,6,
23775,reproduce,Shroomer,-1,215,3,60,6,offspring:1
23777,hunt_start,Boar,9,30,4,220,5,target:Parrot:1045
23779,environment_death,Elk,196,151,9,48,6,drowning
23787,spore_matured,Shroomer,-1,230,8,85,6,
23787,reproduce,Shroomer,-1,230,8,85,6,offspring:1
23787,spore_matured,Shroomer,-1,227,4,80,6,
23787,reproduce,Shroomer,-1,227,4,80,6,offspring:1
23790,kill,Shroomer,528,210,7,62,7,killed_by:Bear:690
23795,spore_matured,Shroomer,-1,213,0,70,1,
23795,reproduce,Shroomer,-1,213,0,70,1,offspring:1
23795,spore_matured,Shroomer,-1,208,5,74,6,
23795,reproduce,Shroomer,-1,208,5,74,6,offspring:1
23796,reproduce,Tapir,1348,167,9,242,9,offspring:1
23797,kill,Boar,708,90,3,186,9,killed_by:Bear:17
23800,starvation,Parrot,984,223,5,272,1,
23802,kill,Elk,525,223,4,29,4,killed_by:Bear:329
23803,hunt_start,Bear,329,223,7,30,1,target:Musk Ox:1082
23806,spore_created,Shroomer,-1,220,1,101,9,
23806,spore_created,Shroomer,-1,213,8,101,1,
23807,reproduce,Parrot,351,284,9,209,7,offspring:1
23807,reproduce,Penguin,928,59,4,81,9,offspring:1
23811,kill,Deer,836,160,3,185,7,killed_by:Wolf:1744
23812,kill,Shroomer,1312,230,5,63,7,killed_by:Polar Bear:687
23812,hunt_start,Wolf,1744,160,7,185,8,target:Deer:663
23815,spore_matured,Shroomer,-1,74,2,236,0,
23815,reproduce,Shroomer,-1,74,2,236,0,offspring:1
23817,reproduce,Tapir,948,164,2,20,5,offspring:1
23818,hunt_start,Jaguar,1360,24,5,7,7,target:Deer:627
23821,reproduce,Frog,1047,48,3,187,0,offspring:2
23825,kill,Tapir,1288,22,7,190,4,killed_by:Jaguar:1745
23825,spore_created,Shroomer,-1,208,8,100,4,
23825,spore_created,Shroomer,-1,218,3,94,2,
23827,reproduce,Polar Bear,924,117,8,196,2,offspring:1
23828,hunt_start,Polar Bear,924,117,8,196,3,target:Turtle:80
23828,hunt_start,Polar Bear,1288,115,2,199,1,target:Deer:1619
23829,hunt_start,Bear,3,218,5,105,8,target:Shroomer:406
23830,starvation,Shroomer,125,225,5,81,5,
23830,reproduce,Camel,145,144,2,97,2,offspring:1
23834,reproduce,Camel,860,70,8,154,3,offspring:1
23841,kill,Deer,663,164,2,180,4,killed_by:Wolf:1651
23842,hunt_fail,Wolf,1744,162,3,183,5,target_died
23843,hunt_start,Bear,567,205,9,56,5,target:Shroomer:1486
23843,kill,Rabbit,1960,124,0,85,7,killed_by:Wolf:1814
23843,spore_created,Shroomer,-1,214,1,67,8,
23843,spore_created,Shroomer,-1,219,8,62,1,
23844,kill,Rabbit,229,0,3,0,0,killed_by:Boar:1290
23844,hunt_start,Wolf,1814,124,2,86,0,target:Penguin:1218
23845,kill,Tapir,1378,67,7,0,2,killed_by:Jaguar:16
23845,hunt_start,Boar,1290,0,6,0,3,target:Rabbit:1996
23845,hunt_fail,Boar,1951,1,2,3,5,target_died
23845,hunt_start,Boar,1951,1,2,3,5,target:Rabbit:1996
23845,spore_matured,Shroomer,-1,114,8,243,4,
23845,reproduce,Shroomer,-1,114,8,243,4,offspring:1
23848,starvation,Deer,645,123,7,0,1,
23848,hunt_fail,Bear,856,124,1,6,1,target_died
23848,hunt_start,Bear,856,124,1,6,1,target:Boar:914
23850,spore_matured,Shroomer,-1,243,2,69,9,
23850,reproduce,Shroomer,-1,243,2,69,9,offspring:1
23850,spore_matured,Shroomer,-1,229,7,70,4,
23850,reproduce,Shroomer,-1,229,7,70,4,offspring:1
23856,spore_matured,Shroomer,-1,105,8,247,9,
23856,reproduce,Shroomer,-1,105,8,247,9,offspring:1
23858,hunt_start,Jaguar,1939,131,0,35,5,target:Tapir:723
23858,reproduce,Monkey,946,269,5,207,8,offspring:1
23859,kill,Frog,704,109,8,280,1,killed_by:Boar:148
23860,hunt_fail,Boar,1284,110,2,275,2,target_died
23860,hunt_fail,Boar,1343,109,8,276,9,target_died
23860,hunt_fail,Boar,1699,110,2,278,1,target_died
23860,reproduce,Monkey,965,207,5,24,2,offspring:1
23862,spore_matured,Shroomer,-1,69,0,228,4,
23862,reproduce,Shroomer,-1,69,0,228,4,offspring:1
23867,hunt_start,Wolf,1744,162,3,183,5,target:Deer:1970
23875,spore_created,Shroomer,-1,238,8,123,0,
23875,spore_created,Shroomer,-1,245,7,130,2,
23878,starvation,Frog,1138,52,2,160,7,
23878,hunt_fail,Bear,100,51,1,178,7,target_died
23878,hunt_start,Bear,100,51,1,178,7,target:Frog:836
23878,hunt_start,Boar,1928,15,3,132,9,target:Lizard:1591
23883,reproduce,Rabbit,852,29,1,94,0,offspring:2
23885,hunt_start,Bear,697,197,9,76,3,target:Shroomer:503
23886,hunt_start,Jaguar,76,11,7,149,5,target:Lizard:832
23888,hunt_start,Boar,230,19,2,214,5,target:Shroomer:307
23888,spore_matured,Shroomer,-1,227,9,58,4,
23888,reproduce,Shroomer,-1,227,9,58,4,offspring:1
23888,spore_matured,Shroomer,-1,237,0,60,3,
23888,reproduce,Shroomer,-1,237,0,60,3,offspring:1
23889,kill,Elk,1148,250,3,157,1,killed_by:Bear:1643
23890,starvation,Parrot,1122,8,6,0,0,
23890,spore_created,Shroomer,-1,201,8,70,5,
23890,spore_created,Shroomer,-1,196,6,74,0,
23891,hunt_fail,Bear,462,77,7,271,9,discomfort
23897,kill,Boar,1985,2,0,176,2,killed_by:Polar Bear:1530
23898,hunt_fail,Jaguar,404,4,7,182,8,target_died
23898,hunt_start,Jaguar,404,4,7,182,8,target:Elk:772
23898,kill,Penguin,771,98,3,63,8,killed_by:Polar Bear:1864
23901,spore_created,Shroomer,-1,109,0,259,4,
23901,spore_created,Shroomer,-1,103,6,255,8,
23905,starvation,Lizard,1883,48,4,158,5,
23905,hunt_fail,Bear,671,52,0,179,2,target_died
23905,hunt_start,Bear,671,52,0,179,2,target:Frog:836
23907,spore_created,Shroomer,-1,238,1,141,6,
23907,spore_created,Shroomer,-1,232,5,137,4,
23911,kill,Boar,914,127,3,6,6,killed_by:Bear:856
23912,starvation,Elk,50,197,3,53,3,
23912,hunt_start,Bear,856,126,5,6,2,target:Deer:1998
23913,spore_matured,Shroomer,-1,220,5,55,7,
23913,reproduce,Shroomer,-1,220,5,55,7,offspring:1
23916,kill,Musk Ox,1082,218,4,33,2,killed_by:Bear:329
23916,reproduce,Elk,636,145,0,22,7,offspring:1
23919,kill,Deer,751,80,1,144,2,killed_by:Bear:1385
23919,reproduce,Monkey,1020,279,9,208,7,offspring:1
23921,reproduce,Boar,649,284,2,218,8,offspring:2
23922,starvation,Elk,520,24,6,286,2,
23923,kill,Penguin,1218,118,3,89,0,killed_by:Wolf:1814
23924,hunt_start,Wolf,1814,118,7,88,8,target:Penguin:922
23925,starvation,Lizard,952,277,5,0,6,
23925,kill,Shroomer,1486,205,5,59,9,killed_by:Bear:567
23926,spore_matured,Shroomer,-1,213,8,100,8,
23926,reproduce,Shroomer,-1,213,8,100,8,offspring:1
23927,reproduce,Elk,224,34,7,57,5,offspring:1
23932,hunt_start,Bear,1706,209,4,96,1,target:Shroomer:1671
23935,reproduce,Monkey,24,210,0,220,4,offspring:1
23935,spore_created,Shroomer,-1,215,0,54,9,
23935,spore_created,Shroomer,-1,212,6,60,0,
23940,hunt_start,Polar Bear,1821,269,6,53,8,target:Musk Ox:630
23942,kill,Boar,211,47,5,76,4,killed_by:Bear:1563
23944,hunt_start,Boar,1699,112,1,277,2,target:Frog:226
23945,spore_matured,Shroomer,-1,208,4,100,7,
23945,reproduce,Shroomer,-1,208,4,100,7,offspring:1
23945,spore_matured,Shroomer,-1,216,8,94,1,
23945,reproduce,Shroomer,-1,216,8,94,1,offspring:1
23947,reproduce,Deer,798,102,8,149,3,offspring:1
23952,starvation,Parrot,1615,0,0,225,8,
23954,hunt_start,Bear,1525,166,9,264,3,target:Elk:573
23956,hunt_start,Bear,754,254,2,145,3,target:Boar:941
23957,starvation,Fish,1428,236,9,254,7,
23957,hunt_start,Bear,809,101,1,254,5,target:Shroomer:1694
23961,hunt_start,Polar Bear,619,121,1,27,1,target:Musk Ox:745
23963,spore_matured,Shroomer,-1,214,3,68,0,
23963,reproduce,Shroomer,-1,214,3,68,0,offspring:1
23963,spore_matured,Shroomer,-1,220,0,62,0,
23963,reproduce,Shroomer,-1,220,0,62,0,offspring:1
23965,starvation,Shroomer,432,229,2,85,6,
23969,hunt_start,Bear,1691,54,0,100,6,target:Parrot:343
23969,reproduce,Jaguar,673,277,9,21,5,offspring:1
23970,hunt_start,Jaguar,673,277,9,21,5,target:Boar:857
23970,hunt_start,Jaguar,1428,278,0,19,9,target:Boar:857
23972,starvation,Parrot,1460,9,0,0,0,
23974,kill,Rabbit,1996,0,0,0,0,killed_by:Boar:1290
23975,hunt_start,Boar,1290,0,2,0,5,target:Lizard:491
23975,hunt_fail,Boar,1951,0,7,0,4,target_died
23975,hunt_start,Boar,1951,0,7,0,4,target:Lizard:491
23978,hunt_fail,Polar Bear,478,281,7,113,3,discomfort
23978,reproduce,Penguin,142,78,4,11,6,offspring:1
23979,hunt_fail,Jaguar,156,72,7,180,1,prey_escaped
23979,hunt_start,Jaguar,156,72,7,180,1,target:Deer:1052
23983,kill,Deer,276,37,2,187,8,killed_by:Bear:1160
23984,reproduce,Frog,898,135,5,269,7,offspring:2
23986,kill,Penguin,757,77,4,12,7,killed_by:Polar Bear:1287
23986,age_death,Rabbit,267,161,7,52,1,
23986,age_death,Rabbit,1359,89,8,62,0,
23987,starvation,Bear,540,28,5,85,2,
23987,hunt_fail,Jaguar,1251,159,0,53,8,target_died
23987,reproduce,Monkey,234,13,3,78,6,offspring:1
23993,hunt_start,Jaguar,1893,2,2,224,1,target:Tapir:884
23994,hunt_start,Bear,568,103,7,154,5,target:Deer:798
23994,kill,Deer,627,36,4,1,0,killed_by:Jaguar:1360
23998,reproduce,Lizard,1879,170,7,91,7,offspring:2
24000,reproduce,Faeling,0,0,1,193,8,offspring:1
24003,hunt_fail,Boar,857,276,2,19,8,prey_escaped
24003,reproduce,Elk,180,32,7,100,6,offspring:1
24004,kill,Shroomer,406,221,6,110,3,killed_by:Bear:3
24006,spore_created,Shroomer,-1,93,8,266,8,
24006,spore_created,Shroomer,-1,92,4,265,1,
24010,reproduce,Musk Ox,874,284,2,67,6,offspring:1
24010,spore_matured,Shroomer,-1,196,6,74,0,
24010,reproduce,Shroomer,-1,196,6,74,0,offspring:1
24010,spore_matured,Shroomer,-1,201,7,70,5,
24010,reproduce,Shroomer,-1,201,7,70,5,offspring:1
24013,kill,Turtle,80,125,9,188,9,killed_by:Polar Bear:924
24013,kill,Elk,550,197,5,52,7,killed_by:Bear:1304
24016,environment_death,Shroomer,1378,243,5,72,8,drowning
24016,hunt_start,Boar,148,106,0,276,7,target:Shroomer:1212
24016,reproduce,Deer,1514,223,8,205,6,offspring:1
24017,hunt_start,Polar Bear,497,228,0,75,2,target:Shroomer:632
24017,reproduce,Elk,350,51,4,280,0,offspring:1
24017,reproduce,Polar Bear,963,150,2,38,3,offspring:1
24017,reproduce,Deer,1589,12,1,154,1,offspring:1
24018,kill,Elk,772,-0,0,183,8,killed_by:Jaguar:404
24018,hunt_start,Polar Bear,550,150,2,37,6,target:Deer:38
24018,hunt_start,Polar Bear,963,150,3,38,6,target:Deer:38
24019,age_death,Monkey,141,249,6,264,8,
24021,kill,Deer,1619,103,5,197,1,killed_by:Polar Bear:1288
24021,spore_matured,Shroomer,-1,103,6,255,8,
24021,reproduce,Shroomer,-1,103,6,255,8,offspring:1
24022,hunt_start,Polar Bear,1288,104,2,197,2,target:Elk:1471
24022,hunt_start,Polar Bear,1333,146,4,57,8,target:Musk Ox:997
24024,hunt_start,Boar,430,124,9,278,2,target:Frog:226
24024,reproduce,Musk Ox,311,212,4,15,7,offspring:1
24025,reproduce,Elk,1535,198,0,61,3,offspring:1
24027,kill,Shroomer,1694,100,6,251,7,killed_by:Bear:809
24027,reproduce,Polar Bear,1864,97,5,66,3,offspring:1
24028,hunt_start,Polar Bear,1864,97,5,66,3,target:Penguin:1954
24028,hunt_start,Polar Bear,1985,95,8,67,6,target:Frog:993
24031,spore_created,Shroomer,-1,224,2,112,3,
24036,hunt_start,Wolf,1583,76,7,238,5,target:Shroomer:708
24037,starvation,Jaguar,734,0,6,53,4,
24038,hunt_fail,Bear,263,211,6,285,4,prey_escaped
24042,age_death,Camel,251,103,5,288,0,
24043,kill,Boar,857,275,0,20,8,killed_by:Jaguar:673
24044,hunt_fail,Jaguar,1428,275,6,19,5,target_died
24047,spore_matured,Shroomer,-1,238,8,123,0,
24047,reproduce,Shroomer,-1,238,8,123,0,offspring:1
24049,reproduce,Elk,5,214,9,59,1,offspring:1
24050,starvation,Shroomer,1724,227,5,81,3,
24051,reproduce,Deer,1094,21,0,14,0,offspring:1
24053,hunt_start,Polar Bear,1397,112,3,111,9,target:Turtle:1640
24054,environment_death,Shroomer,1006,237,8,59,9,drowning
24054,hunt_start,Polar Bear,128,8,1,175,0,target:Elk:998
24057,reproduce,Monkey,340,28,6,186,1,offspring:1
24060,reproduce,Elk,383,45,1,280,6,offspring:1
24065,hunt_start,Jaguar,302,17,8,183,6,target:Shroomer:853
24067,reproduce,Elk,1003,29,7,69,3,offspring:1
24068,kill,Tapir,723,125,9,52,0,killed_by:Jaguar:1939
24073,kill,Shroomer,503,192,0,74,4,killed_by:Bear:697
24073,hunt_start,Polar Bear,818,285,5,39,8,target:Parrot:1841
24073,spore_matured,Shroomer,-1,109,0,259,4,
24073,reproduce,Shroomer,-1,109,0,259,4,offspring:1
24075,reproduce,Elk,518,1,2,189,2,offspring:1
24079,kill,Shroomer,1671,210,7,100,6,killed_by:Bear:1706
24079,spore_matured,Shroomer,-1,232,5,137,4,
24079,reproduce,Shroomer,-1,232,5,137,4,offspring:1
24085,reproduce,Turtle,72,126,3,174,0,offspring:1
24086,hunt_start,Jaguar,678,279,9,32,0,target:Parrot:1543
24087,kill,Deer,1970,150,2,200,0,killed_by:Wolf:1744
24088,hunt_start,Bear,1967,103,6,258,7,target:Shroomer:947
24091,hunt_start,Bear,677,90,9,199,9,target:Elk:220
24094,reproduce,Parrot,1513,14,9,266,4,offspring:1
24095,kill,Shroomer,632,227,8,77,9,killed_by:Polar Bear:497
24097,reproduce,Parrot,210,23,7,181,0,offspring:1
24099,spore_matured,Shroomer,-1,212,8,59,9,
24099,reproduce,Shroomer,-1,212,8,59,9,offspring:1
24103,age_death,Monkey,553,84,2,203,6,
24103,age_death,Monkey,1036,53,0,271,7,
24103,age_death,Monkey,1037,59,0,260,1,
24107,starvation,Shroomer,386,256,1,162,5,
24107,spore_matured,Shroomer,-1,215,0,54,7,
24107,reproduce,Shroomer,-1,215,0,54,7,offspring:1
24109,reproduce,Monkey,1488,87,9,281,7,offspring:1
24110,kill,Shroomer,307,18,2,221,8,killed_by:Boar:230
24110,reproduce,Camel,1644,78,0,277,6,offspring:1
24114,starvation,Monkey,1894,175,6,215,7,
24114,hunt_start,Bear,735,8,7,202,1,target:Shroomer:107
24114,hunt_fail,Jaguar,1213,176,3,212,6,target_died
24114,hunt_start,Jaguar,1213,176,3,212,6,target:Deer:453
24116,spore_created,Shroomer,-1,196,4,85,6,
24116,spore_created,Shroomer,-1,190,4,86,4,
24118,hunt_start,Polar Bear,450,124,8,13,3,target:Penguin:1857
24123,spore_created,Shroomer,-1,90,8,277,9,
24123,spore_created,Shroomer,-1,86,6,271,5,
24124,starvation,Shroomer,1500,229,5,86,1,
24126,hunt_start,Jaguar,102,8,1,191,9,target:Tapir:1540
24128,kill,Boar,941,264,4,149,2,killed_by:Bear:754
24130,hunt_start,Jaguar,1229,121,9,30,2,target:Monkey:1679
24132,reproduce,Penguin,1897,66,5,23,1,offspring:1
24133,hunt_start,Polar Bear,855,17,5,209,1,target:Shroomer:489
24135,reproduce,Deer,1052,79,5,174,1,offspring:1
24137,hunt_start,Polar Bear,593,37,6,202,3,target:Deer:1588
24138,starvation,Shroomer,1301,233,9,74,4,
24138,hunt_start,Jaguar,1197,186,7,130,9,target:Shroomer:1063
24139,age_death,Parrot,90,124,1,174,2,
24140,kill,Musk Ox,745,110,4,29,1,killed_by:Polar Bear:619
24141,hunt_start,Bear,655,35,6,194,4,target:Elk:996
24141,hunt_fail,Bear,1317,193,6,165,5,prey_escaped
24141,spore_matured,Shroomer,-1,92,2,264,9,
24141,reproduce,Shroomer,-1,92,2,264,9,offspring:1
24143,kill,Elk,1471,99,3,203,6,killed_by:Polar Bear:1288
24145,kill,Shroomer,853,18,6,188,7,killed_by:Jaguar:302
24146,reproduce,Frog,1754,160,6,194,8,offspring:2
24151,kill,Shroomer,708,71,6,234,0,killed_by:Wolf:1583
24153,hunt_start,Polar Bear,744,21,1,227,8,target:Boar:767
24154,kill,Musk Ox,997,138,7,61,4,killed_by:Polar Bear:1333
24160,reproduce,Musk Ox,1135,113,5,170,1,offspring:1
24161,reproduce,Camel,1822,62,4,247,6,offspring:1
24161,reproduce,Musk Ox,1955,144,0,87,1,offspring:1
24162,starvation,Shroomer,378,206,7,177,3,
24163,kill,Musk Ox,630,275,7,64,3,killed_by:Polar Bear:1821
24163,spore_matured,Shroomer,-1,94,3,266,4,
24163,reproduce,Shroomer,-1,94,3,266,4,offspring:1
24167,hunt_fail,Jaguar,865,30,1,9,3,prey_escaped
24167,hunt_start,Jaguar,865,30,1,9,3,target:Deer:1910
24170,spore_created,Shroomer,-1,199,5,95,4,
24170,spore_created,Shroomer,-1,203,5,93,1,
24172,hunt_start,Jaguar,1892,0,0,68,3,target:Deer:816
24172,spore_created,Shroomer,-1,204,4,65,8,
24172,spore_created,Shroomer,-1,208,3,69,0,
24173,reproduce,Monkey,1115,143,8,99,7,offspring:1
24175,kill,Deer,1910,30,3,12,0,killed_by:Jaguar:865
24176,hunt_start,Jaguar,865,30,3,11,3,target:Deer:1094
24179,hunt_start,Boar,1343,107,8,276,3,target:Shroomer:1212
24181,kill,Monkey,341,123,9,255,1,killed_by:Wolf:1157
24182,hunt_start,Wolf,1157,124,3,255,2,target:Rabbit:1667
24184,kill,Shroomer,107,6,7,203,6,killed_by:Bear:735
24184,hunt_start,Wolf,1651,158,8,177,7,target:Lizard:1459
24187,kill,Elk,573,156,0,254,2,killed_by:Bear:1525
24189,kill,Shroomer,947,106,4,261,8,killed_by:Bear:1967
24190,hunt_fail,Jaguar,487,191,5,124,9,discomfort
24194,hunt_start,Jaguar,1428,274,9,19,1,target:Boar:1652
24197,starvation,Parrot,1441,12,1,73,1,
24197,hunt_start,Jaguar,1745,27,0,181,6,target:Elk:122
24199,spore_created,Shroomer,-1,229,2,59,8,
24199,spore_created,Shroomer,-1,228,9,69,8,
24200,kill,Elk,347,196,3,266,3,killed_by:Bear:603
24200,hunt_start,Polar Bear,1512,211,0,51,8,target:Shroomer:112
24205,kill,Deer,653,86,7,230,7,killed_by:Bear:437
24205,reproduce,Elk,964,208,9,21,5,offspring:1
24207,kill,Turtle,1640,108,6,118,1,killed_by:Polar Bear:1397
24209,reproduce,Boar,150,83,1,190,5,offspring:2
24210,hunt_start,Boar,107,81,7,192,8,target:Rabbit:1185
24210,hunt_start,Boar,573,81,7,192,8,target:Rabbit:1185
24211,reproduce,Rabbit,279,167,6,256,1,offspring:2
24212,reproduce,Bear,568,102,7,143,2,offspring:1
24213,hunt_start,Bear,347,105,3,145,2,target:Elk:1010
24216,spore_created,Shroomer,-1,221,0,55,6,
24216,spore_created,Shroomer,-1,228,3,54,3,
24217,starvation,Parrot,808,263,6,44,1,
24217,hunt_start,Jaguar,16,65,9,0,9,target:Monkey:873
24218,kill,Deer,1813,72,8,246,2,killed_by:Bear:1880
24219,starvation,Deer,907,18,5,85,5,
24219,reproduce,Jaguar,16,66,0,0,8,offspring:1
24220,hunt_start,Jaguar,808,66,5,1,2,target:Tapir:1210
24221,reproduce,Deer,1715,154,2,160,0,offspring:1
24225,kill,Elk,122,29,1,184,2,killed_by:Jaguar:1745
24225,reproduce,Musk Ox,901,253,7,72,9,offspring:1
24228,hunt_start,Bear,690,205,7,58,2,target:Turtle:1345
24228,hunt_start,Polar Bear,1413,222,5,72,3,target:Shroomer:859
24231,reproduce,Penguin,1377,56,1,90,8,offspring:1
24235,hunt_start,Bear,17,87,8,181,5,target:Elk:748
24236,spore_matured,Shroomer,-1,190,2,86,3,
24236,reproduce,Shroomer,-1,190,2,86,3,offspring:1
24237,spore_created,Shroomer,-1,68,1,233,5,
24237,spore_created,Shroomer,-1,62,6,247,2,
24238,kill,Frog,993,102,7,82,7,killed_by:Polar Bear:1985
24239,hunt_start,Polar Bear,1985,102,3,81,9,target:Camel:257
24240,starvation,Shroomer,1308,197,5,102,5,
24241,kill,Frog,836,54,9,199,4,killed_by:Bear:100
24242,hunt_start,Bear,100,54,0,198,4,target:Shroomer:206
24242,hunt_fail,Bear,671,53,6,195,4,target_died
24242,hunt_start,Bear,671,53,6,195,4,target:Shroomer:206
24242,reproduce,Musk Ox,972,170,6,200,4,offspring:1
24243,hunt_start,Polar Bear,249,110,8,156,6,target:Elk:349
24246,starvation,Shroomer,876,233,0,79,9,
24250,starvation,Shroomer,648,221,9,77,5,
24250,reproduce,Parrot,1293,169,3,274,9,offspring:1
24251,starvation,Jaguar,1688,224,3,18,5,
24252,starvation,Parrot,1422,224,6,86,0,
24252,age_death,Parrot,1189,88,7,257,5,
24254,reproduce,Boar,1952,272,8,199,6,offspring:2
24256,reproduce,Penguin,951,48,8,88,4,offspring:1
24257,environment_death,Shroomer,771,208,2,101,0,drowning
24257,starvation,Deer,84,6,5,92,5,
24261,kill,Faeling,757,20,5,195,2,killed_by:Shroomer:1469
24262,reproduce,Lizard,1026,213,8,188,0,offspring:2
24263,reproduce,Elk,569,210,4,187,0,offspring:1
24266,kill,Shroomer,1063,191,3,126,6,killed_by:Jaguar:1197
24266,kill,Penguin,1954,103,5,51,7,killed_by:Polar Bear:1864
24267,hunt_start,Polar Bear,1864,103,0,53,0,target:Musk Ox:658
24268,kill,Elk,998,7,1,161,3,killed_by:Polar Bear:128
24270,kill,Deer,453,188,1,205,2,killed_by:Jaguar:1213
24270,reproduce,Monkey,223,137,5,283,7,offspring:1
24271,hunt_start,Jaguar,1213,187,6,205,5,target:Parrot:1838
24272,kill,Boar,767,24,9,234,6,killed_by:Polar Bear:744
24272,reproduce,Frog,849,43,7,189,1,offspring:2
24274,starvation,Parrot,1362,6,6,217,4,
24274,reproduce,Bear,3,221,2,112,5,offspring:1
24275,hunt_start,Bear,3,221,2,112,5,target:Shroomer:851
24275,hunt_start,Bear,1063,220,5,111,5,target:Shroomer:851
24279,starvation,Monkey,1549,86,5,146,2,
24279,hunt_fail,Jaguar,1088,87,3,142,4,target_died
24281,starvation,Shroomer,538,222,4,65,5,
24281,hunt_start,Polar Bear,1407,234,9,76,3,target:Shroomer:1703
24281,reproduce,Deer,548,70,5,226,3,offspring:1
24283,hunt_start,Polar Bear,1793,125,8,9,7,target:Penguin:825
24283,age_death,Frog,1363,21,3,18,1,
24284,kill,Elk,220,99,6,193,1,killed_by:Bear:677
24285,kill,Tapir,1540,-0,0,194,0,killed_by:Jaguar:102
24287,starvation,Rabbit,1641,249,8,39,6,
24288,spore_matured,Shroomer,-1,196,4,85,6,
24288,reproduce,Shroomer,-1,196,4,85,6,offspring:1
24290,spore_matured,Shroomer,-1,203,4,93,1,
24290,reproduce,Shroomer,-1,203,4,93,1,offspring:1
24290,spore_matured,Shroomer,-1,199,5,95,4,
24290,reproduce,Shroomer,-1,199,5,95,4,offspring:1
24291,reproduce,Camel,1823,87,6,159,3,offspring:1
24292,starvation,Lizard,746,144,4,79,5,
24292,reproduce,Elk,563,201,2,239,1,offspring:1
24292,spore_matured,Shroomer,-1,208,2,68,9,
24292,reproduce,Shroomer,-1,208,2,68,9,offspring:1
24293,reproduce,Tapir,1261,128,9,24,4,offspring:1
24294,reproduce,Bear,603,195,0,268,3,offspring:1
24295,hunt_start,Bear,220,197,1,268,3,target:Monkey:160
24295,hunt_start,Bear,603,195,0,268,3,target:Monkey:160
24295,spore_matured,Shroomer,-1,90,8,277,9,
24295,reproduce,Shroomer,-1,90,8,277,9,offspring:1
24295,spore_matured,Shroomer,-1,85,8,271,1,
24295,reproduce,Shroomer,-1,85,8,271,1,offspring:1
24297,age_death,Lizard,1550,65,7,25,0,
24300,reproduce,Parrot,560,-0,0,27,0,offspring:1
24303,hunt_start,Jaguar,1088,87,0,142,5,target:Camel:1889
24304,reproduce,Penguin,1137,147,2,97,9,offspring:1
24306,starvation,Monkey,623,260,5,34,5,
24308,reproduce,Turtle,1062,231,4,64,8,offspring:1
24309,spore_created,Shroomer,-1,199,5,62,9,
24309,spore_created,Shroomer,-1,204,2,65,3,
24311,reproduce,Turtle,185,142,5,94,0,offspring:1
24311,reproduce,Monkey,1084,278,0,272,7,offspring:1
24317,starvation,Shroomer,1372,232,0,78,3,
24317,kill,Turtle,1345,204,8,54,5,killed_by:Bear:690
24319,kill,Parrot,1206,239,7,288,0,killed_by:Jaguar:1810
24319,spore_matured,Shroomer,-1,229,1,59,8,
24319,reproduce,Shroomer,-1,229,1,59,8,offspring:1
24319,spore_matured,Shroomer,-1,228,7,69,8,
24319,reproduce,Shroomer,-1,228,7,69,8,offspring:1
24320,kill,Shroomer,112,216,8,51,9,killed_by:Polar Bear:1512
24320,hunt_start,Jaguar,1810,238,8,287,8,target:Boar:1506
24321,spore_created,Shroomer,-1,238,0,59,4,
24321,spore_created,Shroomer,-1,228,9,72,8,
24325,reproduce,Elk,354,-0,0,200,6,offspring:1
24326,reproduce,Boar,230,20,5,224,3,offspring:2
24327,hunt_start,Bear,1643,246,0,156,8,target:Shroomer:385
24332,kill,Shroomer,851,218,6,111,2,killed_by:Bear:3
24333,hunt_start,Bear,3,219,8,112,0,target:Shroomer:1976
24333,hunt_fail,Bear,1063,218,7,110,4,target_died
24333,hunt_start,Bear,1063,218,7,110,4,target:Shroomer:674
24333,reproduce,Elk,1173,0,6,188,9,offspring:1
24334,kill,Elk,996,26,9,192,2,killed_by:Bear:655
24334,kill,Deer,38,127,7,41,6,killed_by:Polar Bear:963
24335,hunt_fail,Polar Bear,550,132,5,41,7,target_died
24335,hunt_start,Polar Bear,550,132,5,41,7,target:Musk Ox:764
24335,hunt_start,Polar Bear,963,128,7,41,7,target:Musk Ox:764
24338,reproduce,Monkey,1856,179,4,180,1,offspring:1
24338,spore_matured,Shroomer,-1,204,0,65,9,
24338,reproduce,Shroomer,-1,204,0,65,9,offspring:1
24342,reproduce,Tapir,1739,81,1,4,5,offspring:1
24344,kill,Shroomer,206,56,5,194,2,killed_by:Bear:100
24345,hunt_fail,Bear,671,55,4,194,0,target_died
24345,hunt_start,Bear,671,55,4,194,0,target:Monkey:1279
24348,spore_created,Shroomer,-1,214,8,62,0,
24348,spore_created,Shroomer,-1,215,4,66,7,
24350,hunt_start,Wolf,1744,146,2,191,5,target:Lizard:1647
24351,kill,Shroomer,489,16,2,202,4,killed_by:Polar Bear:855
24352,hunt_start,Jaguar,487,192,3,127,6,target:Shroomer:1085
24355,hunt_start,Polar Bear,687,231,4,62,6,target:Shroomer:358
24357,kill,Tapir,1210,76,4,0,1,killed_by:Jaguar:808
24357,hunt_start,Bear,1385,78,7,141,0,target:Rabbit:273
24357,kill,Camel,257,104,9,89,5,killed_by:Polar Bear:1985
24357,reproduce,Deer,1655,200,3,210,4,offspring:1
24361,hunt_start,Bear,1160,40,8,183,0,target:Frog:1761
24362,reproduce,Deer,365,79,8,266,0,offspring:1
24363,hunt_start,Bear,567,204,3,62,1,target:Shroomer:1612
24365,kill,Deer,1094,16,0,15,9,killed_by:Jaguar:865
24366,hunt_start,Jaguar,1360,29,9,5,0,target:Deer:875
24367,starvation,Rabbit,1327,151,4,75,7,
24367,hunt_fail,Wolf,709,145,6,81,1,target_died
24367,hunt_start,Wolf,709,145,6,81,1,target:Penguin:1713
24368,starvation,Shroomer,1725,229,6,79,6,
24368,reproduce,Jaguar,865,16,6,15,6,offspring:1
24369,hunt_start,Jaguar,257,16,5,13,8,target:Turtle:459
24369,hunt_start,Jaguar,865,16,6,15,6,target:Tapir:894
24370,kill,Shroomer,1703,236,9,73,2,killed_by:Polar Bear:1407
24371,kill,Deer,875,28,1,3,9,killed_by:Jaguar:1360
24371,kill,Shroomer,859,226,6,70,2,killed_by:Polar Bear:1413
24380,hunt_start,Bear,1563,44,1,79,8,target:Boar:837
24380,age_death,Parrot,152,167,9,144,8,
24380,age_death,Parrot,1186,182,2,113,0,
24386,reproduce,Monkey,35,15,7,86,3,offspring:1
24386,reproduce,Deer,59,137,7,21,7,offspring:1
24386,reproduce,Polar Bear,1512,215,9,50,8,offspring:1
24387,hunt_start,Polar Bear,1512,215,9,50,8,target:Shroomer:632
24387,hunt_start,Polar Bear,1725,214,6,51,1,target:Shroomer:632
24387,reproduce,Tapir,760,22,3,179,0,offspring:1
24389,reproduce,Elk,1654,258,4,110,8,offspring:1
24390,hunt_start,Jaguar,404,4,0,174,4,target:Elk:518
24392,reproduce,Parrot,909,258,8,272,6,offspring:1
24397,kill,Penguin,1857,120,5,31,3,killed_by:Polar Bear:450
24399,reproduce,Penguin,1812,113,2,24,9,offspring:1
24401,spore_created,Shroomer,-1,108,4,240,9,
24401,spore_created,Shroomer,-1,106,4,250,9,
24405,hunt_start,Polar Bear,924,124,3,197,0,target:Musk Ox:1945
24409,spore_matured,Shroomer,-1,69,1,233,6,
24409,reproduce,Shroomer,-1,69,1,233,6,offspring:1
24409,spore_matured,Shroomer,-1,62,7,247,1,
24409,reproduce,Shroomer,-1,62,7,247,1,offspring:1
24414,hunt_start,Wolf,1583,79,6,226,5,target:Deer:1954
24419,kill,Rabbit,1667,133,6,280,8,killed_by:Wolf:1157
24420,hunt_start,Wolf,1157,133,2,280,7,target:Shroomer:1258
24422,kill,Deer,816,10,0,84,3,killed_by:Jaguar:1892
24423,hunt_start,Bear,1317,192,6,169,6,target:Monkey:851
24423,hunt_start,Jaguar,1892,9,7,83,8,target:Deer:215
24423,reproduce,Parrot,49,163,9,211,1,offspring:1
24424,starvation,Rabbit,1123,29,0,204,8,
24424,kill,Shroomer,1085,197,1,128,6,killed_by:Jaguar:487
24425,hunt_start,Jaguar,487,196,3,128,4,target:Shroomer:1677
24426,kill,Deer,1052,77,5,168,7,killed_by:Jaguar:156
24427,hunt_start,Jaguar,156,77,5,169,4,target:Camel:238
24429,spore_matured,Shroomer,-1,199,2,62,7,
24429,reproduce,Shroomer,-1,199,2,62,7,offspring:1
24431,kill,Musk Ox,658,111,0,46,0,killed_by:Polar Bear:1864
24431,spore_created,Shroomer,-1,213,2,59,2,
24431,spore_created,Shroomer,-1,206,4,63,7,
24432,kill,Shroomer,674,216,5,106,0,killed_by:Bear:1063
24433,kill,Shroomer,1612,205,2,64,7,killed_by:Bear:567
24433,hunt_start,Bear,1063,216,9,106,7,target:Shroomer:472
24437,kill,Shroomer,1976,219,1,113,9,killed_by:Bear:3
24438,reproduce,Monkey,1074,205,6,19,3,offspring:1
24438,reproduce,Bear,1563,46,7,80,7,offspring:1
24439,hunt_start,Bear,746,49,3,77,8,target:Boar:837
24440,hunt_start,Polar Bear,1530,6,8,171,8,target:Monkey:1811
24440,hunt_start,Jaguar,1939,126,6,59,7,target:Tapir:34
24441,spore_matured,Shroomer,-1,228,9,72,8,
24441,reproduce,Shroomer,-1,228,9,72,8,offspring:1
24441,spore_matured,Shroomer,-1,238,0,59,4,
24441,reproduce,Shroomer,-1,238,0,59,4,offspring:1
24442,kill,Musk Ox,764,129,1,48,3,killed_by:Polar Bear:550
24443,hunt_fail,Polar Bear,963,128,3,48,2,target_died
24443,hunt_start,Polar Bear,963,128,3,48,2,target:Penguin:247
24445,starvation,Frog,1032,205,7,94,8,
24445,hunt_start,Polar Bear,1287,69,2,12,3,target:Penguin:142
24447,starvation,Deer,756,49,7,275,2,
24447,hunt_fail,Bear,97,54,3,261,7,target_died
24447,hunt_start,Bear,97,54,3,261,7,target:Elk:1766
24447,kill,Tapir,894,13,9,20,4,killed_by:Jaguar:865
24447,kill,Tapir,34,127,3,62,1,killed_by:Jaguar:1939
24447,reproduce,Parrot,782,65,6,279,7,offspring:1
24448,kill,Turtle,459,12,8,16,1,killed_by:Jaguar:257
24449,reproduce,Musk Ox,908,116,1,40,3,offspring:1
24449,reproduce,Deer,1320,15,3,25,8,offspring:1
24449,reproduce,Bear,1691,47,1,127,5,offspring:1
24450,hunt_start,Bear,1372,45,1,127,2,target:Deer:1944
24451,hunt_start,Bear,1304,198,7,52,8,target:Elk:133
24451,kill,Tapir,884,3,8,212,3,killed_by:Jaguar:1893
24452,kill,Shroomer,632,215,0,54,7,killed_by:Polar Bear:1512
24452,hunt_start,Jaguar,1893,3,6,212,9,target:Monkey:332
24453,hunt_start,Polar Bear,1512,215,6,53,3,target:Shroomer:1986
24453,hunt_fail,Polar Bear,1725,214,2,54,6,target_died
24453,hunt_start,Polar Bear,1725,214,2,54,6,target:Shroomer:1986
24454,reproduce,Musk Ox,1689,126,0,62,9,offspring:1
24454,spore_matured,Shroomer,-1,203,9,65,2,
24454,reproduce,Shroomer,-1,203,9,65,2,offspring:1
24455,reproduce,Monkey,476,72,3,103,1,offspring:1
24456,starvation,Polar Bear,296,284,4,267,4,
24456,reproduce,Deer,171,135,1,272,6,offspring:1
24457,spore_created,Shroomer,-1,218,5,56,0,
24457,spore_created,Shroomer,-1,218,6,62,2,
24458,hunt_start,Jaguar,673,277,0,20,7,target:Boar:1331
24458,reproduce,Jaguar,404,3,8,176,0,offspring:1
24459,starvation,Monkey,1219,215,8,79,5,
24459,hunt_start,Jaguar,884,1,6,174,2,target:Elk:723
24460,kill,Shroomer,358,228,0,61,9,killed_by:Polar Bear:687
24463,reproduce,Deer,1242,10,8,22,2,offspring:1
24465,hunt_start,Bear,809,97,1,246,3,target:Shroomer:866
24465,spore_created,Shroomer,-1,114,2,269,5,
24465,spore_created,Shroomer,-1,101,5,269,5,
24466,starvation,Parrot,1170,14,3,210,1,
24468,spore_matured,Shroomer,-1,214,8,65,7,
24468,reproduce,Shroomer,-1,214,8,65,7,offspring:1
24468,spore_matured,Shroomer,-1,214,7,62,1,
24468,reproduce,Shroomer,-1,214,7,62,1,offspring:1
24472,kill,Elk,748,74,8,182,8,killed_by:Bear:17
24472,reproduce,Tapir,695,30,9,188,7,offspring:1
24476,kill,Elk,349,124,6,164,6,killed_by:Polar Bear:249
24477,hunt_start,Jaguar,808,75,8,0,1,target:Monkey:689
24477,reproduce,Turtle,1403,119,6,185,2,offspring:1
24481,reproduce,Bear,1525,150,6,256,2,offspring:1
24481,reproduce,Deer,1696,275,1,95,6,offspring:1
24482,hunt_start,Bear,997,149,9,256,3,target:Elk:12
24482,hunt_start,Bear,1525,150,8,256,2,target:Elk:12
24485,environment_death,Shroomer,1550,229,6,59,8,drowning
24485,starvation,Shroomer,132,228,9,64,0,
24492,reproduce,Tapir,65,103,6,105,6,offspring:1
24492,spore_created,Shroomer,-1,221,4,71,1,
24492,spore_created,Shroomer,-1,220,2,71,6,
24495,starvation,Shroomer,169,228,6,79,7,
24496,starvation,Monkey,96,122,0,0,4,
24497,reproduce,Parrot,290,180,7,12,6,offspring:1
24500,starvation,Shroomer,591,216,5,79,4,
24501,kill,Penguin,1713,132,1,83,2,killed_by:Wolf:709
24502,kill,Camel,238,70,6,169,9,killed_by:Jaguar:156
24502,hunt_start,Wolf,709,132,5,83,1,target:Penguin:1966
24504,reproduce,Penguin,1795,145,9,99,1,offspring:1
24506,starvation,Lizard,900,35,5,253,5,
24508,reproduce,Monkey,763,219,3,25,8,offspring:1
24511,hunt_start,Bear,697,195,5,73,4,target:Shroomer:406
24512,hunt_start,Polar Bear,478,282,7,115,2,target:Deer:1192
24514,reproduce,Parrot,33,201,9,13,1,offspring:1
24517,hunt_start,Jaguar,302,18,0,182,9,target:Tapir:1703
24517,hunt_start,Bear,1706,209,3,97,7,target:Shroomer:1937
24518,reproduce,Elk,1102,7,5,186,0,offspring:1
24521,spore_matured,Shroomer,-1,108,4,240,9,
24521,reproduce,Shroomer,-1,108,4,240,9,offspring:1
24521,spore_matured,Shroomer,-1,106,5,250,8,
24521,reproduce,Shroomer,-1,106,5,250,8,offspring:1
24522,reproduce,Boar,1933,25,3,226,4,offspring:2
24523,kill,Shroomer,1937,209,9,96,1,killed_by:Bear:1706
24525,hunt_start,Bear,329,225,4,36,6,target:Lizard:1246
24525,spore_created,Shroomer,-1,234,5,103,5,
24525,spore_created,Shroomer,-1,229,7,103,1,
24537,kill,Shroomer,472,217,8,102,3,killed_by:Bear:1063
24538,hunt_start,Bear,1063,217,7,103,0,target:Shroomer:1200
24539,starvation,Monkey,1291,210,6,87,0,
24539,age_death,Frog,969,156,9,205,2,
24540,age_death,Frog,1567,113,9,189,5,
24541,kill,Shroomer,385,238,2,153,0,killed_by:Bear:1643
24543,reproduce,Monkey,1444,144,5,25,6,offspring:1
24543,reproduce,Monkey,1548,196,6,237,6,offspring:1
24549,spore_created,Shroomer,-1,220,0,113,5,
24549,spore_created,Shroomer,-1,210,5,101,7,
24550,kill,Shroomer,1677,202,9,124,1,killed_by:Jaguar:487
24550,reproduce,Boar,1652,265,1,23,4,offspring:2
24551,hunt_start,Jaguar,487,202,3,124,5,target:Elk:1532
24551,spore_matured,Shroomer,-1,206,2,63,6,
24551,reproduce,Shroomer,-1,206,2,63,6,offspring:1
24551,spore_matured,Shroomer,-1,213,0,59,1,
24551,reproduce,Shroomer,-1,213,0,59,1,offspring:1
24553,hunt_fail,Bear,806,240,9,204,1,prey_escaped
24553,hunt_start,Bear,806,240,9,204,1,target:Deer:1860
24555,reproduce,Camel,1889,83,6,154,0,offspring:1
24556,kill,Musk Ox,1945,131,8,203,1,killed_by:Polar Bear:924
24556,kill,Shroomer,1986,215,6,58,5,killed_by:Polar Bear:1725
24557,hunt_fail,Polar Bear,1512,215,2,56,7,target_died
24557,hunt_start,Polar Bear,1512,215,2,56,7,target:Shroomer:1457
24557,hunt_start,Polar Bear,1725,214,8,58,7,target:Shroomer:1457
24560,spore_created,Shroomer,-1,244,7,69,3,
24560,spore_created,Shroomer,-1,243,6,70,7,
24564,kill,Boar,837,53,1,84,2,killed_by:Bear:1563
24565,hunt_fail,Bear,746,51,9,82,3,target_died
24565,hunt_start,Bear,746,51,9,82,3,target:Boar:1379
24565,kill,Shroomer,1258,123,3,274,7,killed_by:Wolf:1157
24565,hunt_start,Bear,1563,52,4,84,4,target:Boar:1379
24566,hunt_start,Bear,754,262,6,150,5,target:Boar:575
24566,hunt_start,Wolf,1157,123,9,275,0,target:Deer:1885
24566,age_death,Boar,9,23,0,173,4,
24566,age_death,Boar,230,18,0,226,2,
24568,kill,Shroomer,866,99,6,250,1,killed_by:Bear:809
24569,kill,Tapir,1703,15,6,179,3,killed_by:Jaguar:302
24571,reproduce,Polar Bear,744,24,2,229,4,offspring:1
24572,hunt_start,Polar Bear,744,24,2,229,4,target:Boar:784
24572,hunt_start,Polar Bear,1986,21,4,229,6,target:Boar:1064
24573,starvation,Monkey,654,217,5,260,5,
24575,starvation,Shroomer,990,233,4,92,2,
24576,hunt_fail,Boar,667,0,0,222,8,prey_escaped
24577,reproduce,Boar,370,254,8,284,0,offspring:2
24577,spore_matured,Shroomer,-1,218,7,61,9,
24577,reproduce,Shroomer,-1,218,7,61,9,offspring:1
24578,reproduce,Monkey,689,80,3,0,7,offspring:1
24584,kill,Elk,1766,56,9,251,5,killed_by:Bear:97
24585,hunt_start,Bear,97,56,7,252,2,target:Shroomer:1120
24585,kill,Elk,133,201,3,59,2,killed_by:Bear:1304
24588,reproduce,Tapir,284,76,6,18,6,offspring:1
24592,kill,Boar,1331,281,5,24,6,killed_by:Jaguar:673
24592,spore_created,Shroomer,-1,192,7,110,9,
24592,spore_created,Shroomer,-1,199,3,98,0,
24594,starvation,Shroomer,1303,232,3,58,0,
24596,kill,Shroomer,406,197,5,75,5,killed_by:Bear:697
24597,hunt_start,Jaguar,1745,27,6,181,3,target:Monkey:340
24597,reproduce,Camel,810,63,7,155,5,offspring:1
24599,reproduce,Monkey,1452,26,2,1,5,offspring:1
24600,starvation,Bear,1317,189,6,181,2,
24601,hunt_start,Boar,587,134,6,158,4,target:Lizard:776
24601,reproduce,Bear,735,6,4,202,7,offspring:1
24602,hunt_start,Bear,459,5,3,201,9,target:Shroomer:1087
24602,hunt_start,Bear,735,6,4,202,8,target:Shroomer:1087
24603,age_death,Monkey,1074,202,9,22,8,
24603,age_death,Monkey,1075,214,8,50,4,
24603,age_death,Monkey,1076,144,5,74,0,
24603,reproduce,Monkey,116,202,2,17,8,offspring:1
24607,environment_death,Shroomer,674,237,6,61,6,drowning
24608,reproduce,Polar Bear,1333,136,4,68,6,offspring:1
24609,hunt_start,Polar Bear,133,135,5,68,6,target:Penguin:375
24609,hunt_start,Polar Bear,1333,136,5,68,6,target:Penguin:1255
24610,reproduce,Boar,1266,271,3,65,8,offspring:2
24611,hunt_start,Boar,1266,271,3,65,8,target:Lizard:777
24611,hunt_start,Boar,1303,269,2,67,1,target:Lizard:777
24611,hunt_start,Boar,1331,269,2,67,1,target:Lizard:777
24612,spore_matured,Shroomer,-1,221,8,71,2,
24612,reproduce,Shroomer,-1,221,8,71,2,offspring:1
24612,spore_matured,Shroomer,-1,219,9,71,8,
24612,reproduce,Shroomer,-1,219,9,71,8,offspring:1
24613,starvation,Parrot,81,228,5,86,1,
24613,reproduce,Elk,646,215,1,170,3,offspring:1
24613,reproduce,Deer,1216,163,4,259,5,offspring:1
24616,kill,Elk,12,141,4,263,1,killed_by:Bear:997
24616,reproduce,Bear,754,265,4,150,1,offspring:1
24616,reproduce,Deer,992,71,6,26,1,offspring:1
24617,hunt_start,Bear,1076,267,0,148,2,target:Boar:575
24617,hunt_fail,Bear,1525,145,1,260,5,target_died
24617,hunt_start,Bear,1525,145,1,260,5,target:Elk:1730
24618,starvation,Lizard,1784,163,8,221,8,
24622,reproduce,Elk,1825,87,1,218,5,offspring:1
24623,starvation,Shroomer,600,222,6,78,4,
24625,age_death,Parrot,181,245,8,90,5,
24625,spore_created,Shroomer,-1,239,9,73,0,
24625,spore_created,Shroomer,-1,233,0,64,4,
24626,kill,Penguin,1966,124,9,91,2,killed_by:Wolf:709
24626,kill,Shroomer,1457,217,2,58,6,killed_by:Polar Bear:1725
24627,hunt_start,Wolf,709,125,2,90,9,target:Rabbit:897
24627,hunt_fail,Polar Bear,1512,217,1,57,6,target_died
24627,hunt_start,Polar Bear,1512,217,1,57,6,target:Shroomer:580
24627,hunt_start,Bear,1967,102,3,264,8,target:Camel:233
24629,reproduce,Boar,131,203,7,138,9,offspring:2
24630,starvation,Deer,1510,257,8,162,9,
24634,kill,Boar,1064,18,9,225,7,killed_by:Polar Bear:1986
24634,reproduce,Monkey,1547,271,2,279,2,offspring:1
24634,spore_created,Shroomer,-1,82,6,250,8,
24634,spore_created,Shroomer,-1,80,4,246,2,
24635,hunt_start,Polar Bear,1986,19,3,226,3,target:Boar:979
24636,reproduce,Monkey,965,207,7,24,8,offspring:1
24637,spore_matured,Shroomer,-1,101,5,269,5,
24637,reproduce,Shroomer,-1,101,5,269,5,offspring:1
24638,hunt_start,Polar Bear,497,225,3,78,6,target:Shroomer:1022
24638,hunt_start,Jaguar,1197,187,6,131,3,target:Monkey:1686
24640,kill,Elk,723,0,0,188,7,killed_by:Jaguar:884
24642,reproduce,Polar Bear,1287,77,8,7,3,offspring:1
24642,spore_created,Shroomer,-1,19,9,196,5,
24642,spore_created,Shroomer,-1,11,9,196,8,
24643,hunt_start,Bear,437,85,2,224,9,target:Shroomer:778
24643,kill,Shroomer,1087,6,9,201,1,killed_by:Bear:459
24643,hunt_fail,Jaguar,487,206,2,125,1,discomfort
24643,hunt_start,Polar Bear,1510,78,0,5,0,target:Penguin:142
24644,hunt_start,Bear,459,6,1,200,8,target:Shroomer:688
24644,hunt_fail,Bear,735,7,0,202,0,target_died
24644,hunt_start,Bear,735,7,0,202,0,target:Shroomer:1630
24644,kill,Deer,1954,63,1,222,2,killed_by:Wolf:1583
24646,kill,Penguin,142,78,5,5,8,killed_by:Polar Bear:1287
24647,hunt_start,Polar Bear,1287,77,9,7,1,target:Deer:1663
24647,hunt_fail,Polar Bear,1510,78,1,5,0,target_died
24647,hunt_start,Polar Bear,1510,78,1,5,0,target:Deer:1663
24650,reproduce,Monkey,1808,141,8,22,3,offspring:1
24650,spore_created,Shroomer,-1,13,8,200,2,
24650,spore_created,Shroomer,-1,15,4,183,7,
24656,hunt_start,Bear,1880,72,7,250,8,target:Elk:1252
24657,hunt_start,Jaguar,102,7,0,195,4,target:Shroomer:688
24659,reproduce,Monkey,873,83,6,0,0,offspring:1
24662,kill,Elk,518,6,4,183,9,killed_by:Jaguar:404
24664,kill,Penguin,825,110,5,21,8,killed_by:Polar Bear:1793
24665,kill,Deer,1588,62,0,210,3,killed_by:Polar Bear:593
24669,reproduce,Elk,382,142,0,270,3,offspring:1
24669,reproduce,Parrot,1599,4,6,257,1,offspring:1
24669,spore_matured,Shroomer,-1,210,8,102,1,
24669,reproduce,Shroomer,-1,210,8,102,1,offspring:1
24677,kill,Shroomer,1200,222,0,104,0,killed_by:Bear:1063
24678,kill,Boar,575,271,6,149,9,killed_by:Bear:1076
24679,hunt_fail,Bear,754,268,3,149,9,target_died
24679,hunt_start,Bear,754,268,3,149,9,target:Deer:953
24679,hunt_start,Bear,1076,271,2,149,4,target:Deer:953
24680,spore_matured,Shroomer,-1,244,9,69,0,
24680,reproduce,Shroomer,-1,244,9,69,0,offspring:1
24680,spore_matured,Shroomer,-1,243,5,70,9,
24680,reproduce,Shroomer,-1,243,5,70,9,offspring:1
24682,kill,Boar,1506,250,0,284,8,killed_by:Jaguar:1810
24683,hunt_start,Polar Bear,619,119,3,31,3,target:Musk Ox:908
24683,hunt_start,Jaguar,1810,249,5,285,1,target:Parrot:6
24685,hunt_start,Boar,667,1,7,220,5,target:Parrot:1571
24686,hunt_start,Polar Bear,1288,99,3,202,4,target:Shroomer:1526
24687,reproduce,Jaguar,1810,249,0,285,7,offspring:1
24688,hunt_start,Jaguar,575,246,2,285,9,target:Parrot:6
24691,spore_created,Shroomer,-1,7,8,196,4,
24691,spore_created,Shroomer,-1,14,3,191,7,
24692,kill,Monkey,1330,288,0,238,3,killed_by:Polar Bear:1474
24693,hunt_start,Polar Bear,1474,288,0,239,7,target:Turtle:177
24695,kill,Boar,784,30,9,225,3,killed_by:Polar Bear:744
24696,hunt_start,Polar Bear,744,30,2,225,7,target:Boar:900
24696,age_death,Rabbit,1418,266,5,207,3,
24697,kill,Penguin,247,111,7,40,8,killed_by:Polar Bear:963
24698,hunt_start,Polar Bear,963,112,3,41,1,target:Musk Ox:669
24702,reproduce,Elk,761,206,8,227,2,offspring:1
24705,reproduce,Deer,173,242,6,93,1,offspring:1
24706,environment_death,Shroomer,172,224,4,82,1,drowning
24706,starvation,Parrot,1902,2,2,248,0,
24706,hunt_start,Polar Bear,1821,277,1,63,0,target:Musk Ox:1711
24707,kill,Deer,1944,38,3,110,8,killed_by:Bear:1372
24707,kill,Shroomer,580,216,2,54,9,killed_by:Polar Bear:1512
24707,kill,Boar,1379,45,9,90,4,killed_by:Bear:1563
24708,hunt_fail,Bear,746,48,3,87,5,target_died
24708,hunt_start,Bear,746,48,3,87,5,target:Penguin:1999
24708,hunt_start,Bear,1372,39,0,111,1,target:Boar:1243
24709,age_death,Lizard,1579,36,1,101,1,
24709,age_death,Lizard,1580,98,8,61,7,
24710,reproduce,Parrot,1513,13,6,267,2,offspring:1
24712,reproduce,Penguin,524,149,9,21,2,offspring:1
24712,reproduce,Parrot,1324,207,0,31,6,offspring:1
24712,spore_matured,Shroomer,-1,199,1,97,7,
24712,reproduce,Shroomer,-1,199,1,97,7,offspring:1
24713,kill,Shroomer,688,5,5,198,3,killed_by:Bear:459
24713,kill,Deer,1663,78,8,0,4,killed_by:Polar Bear:1510
24713,reproduce,Monkey,95,137,8,186,0,offspring:1
24714,hunt_fail,Jaguar,102,6,0,197,6,target_died
24714,hunt_start,Jaguar,102,6,0,197,6,target:Shroomer:1123
24714,hunt_fail,Polar Bear,1287,78,0,4,4,target_died
24714,hunt_start,Polar Bear,1287,78,0,4,4,target:Monkey:230
24714,hunt_start,Polar Bear,1510,78,7,1,1,target:Monkey:230
24716,kill,Deer,1885,138,3,271,6,killed_by:Wolf:1157
24716,reproduce,Boar,1866,179,1,127,0,offspring:2
24717,hunt_start,Boar,580,177,8,126,3,target:Shroomer:318
24717,hunt_start,Boar,1866,179,1,127,0,target:Shroomer:187
24717,hunt_start,Boar,1944,177,8,126,3,target:Shroomer:318
24719,reproduce,Parrot,1294,174,4,260,0,offspring:1
24720,kill,Deer,1192,288,0,129,4,killed_by:Polar Bear:478
24720,spore_created,Shroomer,-1,172,4,115,1,
24720,spore_created,Shroomer,-1,173,7,119,0,
24722,hunt_start,Bear,677,98,2,190,1,target:Boar:1490
24723,reproduce,Penguin,514,74,9,17,3,offspring:1
24724,kill,Shroomer,1120,53,7,259,0,killed_by:Bear:97
24725,hunt_start,Bear,97,54,0,258,4,target:Elk:356
24725,reproduce,Deer,1589,13,6,148,2,offspring:1
24725,reproduce,Monkey,1634,262,4,256,3,offspring:1
24730,starvation,Rabbit,1089,159,5,114,6,
24733,starvation,Jaguar,1067,100,0,118,0,
24733,kill,Penguin,922,99,1,76,7,killed_by:Wolf:1814
24734,hunt_start,Wolf,1814,99,5,76,8,target:Deer:123
24737,age_death,Frog,1581,109,0,46,0,
24740,starvation,Monkey,1445,201,7,67,9,
24743,hunt_start,Jaguar,1360,21,4,15,4,target:Turtle:1443
24745,spore_matured,Shroomer,-1,240,1,72,9,
24745,reproduce,Shroomer,-1,240,1,72,9,offspring:1
24745,spore_matured,Shroomer,-1,233,1,64,5,
24745,reproduce,Shroomer,-1,233,1,64,5,offspring:1
24747,starvation,Lizard,1021,234,8,20,5,
24748,kill,Shroomer,778,88,5,227,0,killed_by:Bear:437
24749,reproduce,Tapir,696,164,0,21,5,offspring:1
24750,hunt_start,Polar Bear,1397,107,4,109,6,target:Shroomer:561
24750,reproduce,Wolf,1583,67,7,219,1,offspring:1
24751,hunt_start,Wolf,1089,66,6,221,8,target:Shroomer:1614
24751,hunt_start,Wolf,1583,67,8,219,1,target:Shroomer:1614
24752,reproduce,Penguin,1698,165,4,22,8,offspring:1
24753,reproduce,Elk,821,5,8,190,6,offspring:1
24754,reproduce,Jaguar,156,79,2,168,5,offspring:1
24754,spore_matured,Shroomer,-1,80,4,246,2,
24754,reproduce,Shroomer,-1,80,4,246,2,offspring:1
24754,spore_matured,Shroomer,-1,82,6,250,8,
24754,reproduce,Shroomer,-1,82,6,250,8,offspring:1
24755,hunt_start,Jaguar,156,79,3,168,5,target:Deer:1894
24755,hunt_start,Bear,690,208,5,54,5,target:Turtle:77
24755,hunt_start,Jaguar,1581,77,5,167,1,target:Deer:1894
24758,kill,Parrot,6,246,2,288,0,killed_by:Jaguar:575
24758,kill,Boar,979,26,6,224,6,killed_by:Polar Bear:1986
24759,hunt_start,Jaguar,575,245,7,287,5,target:Boar:1258
24759,hunt_fail,Jaguar,1810,247,5,287,6,target_died
24759,hunt_start,Jaguar,1810,247,5,287,6,target:Boar:1258
24759,kill,Monkey,332,0,0,193,7,killed_by:Jaguar:1893
24760,hunt_start,Jaguar,1893,-0,0,194,3,target:Tapir:399
24760,reproduce,Faeling,0,0,6,194,2,offspring:1
24761,kill,Shroomer,1123,7,8,196,4,killed_by:Jaguar:102
24762,age_death,Parrot,1113,82,2,260,6,
24762,spore_matured,Shroomer,-1,11,8,196,7,
24762,reproduce,Shroomer,-1,11,8,196,7,offspring:1
24762,spore_matured,Shroomer,-1,19,9,196,5,
24762,reproduce,Shroomer,-1,19,9,196,5,offspring:1
24763,starvation,Rabbit,1244,261,6,53,9,
24763,kill,Camel,233,97,9,259,5,killed_by:Bear:1967
24764,kill,Shroomer,1630,11,5,202,5,killed_by:Bear:735
24765,kill,Shroomer,1022,221,9,80,4,killed_by:Polar Bear:497
24765,hunt_start,Bear,735,10,7,202,5,target:Shroomer:1087
24765,reproduce,Elk,1680,232,8,161,7,offspring:1
24766,starvation,Parrot,1405,29,1,201,6,
24767,reproduce,Monkey,1479,29,4,88,1,offspring:1
24769,reproduce,Deer,1523,94,7,265,0,offspring:1
24770,spore_matured,Shroomer,-1,13,3,200,3,
24770,reproduce,Shroomer,-1,13,3,200,3,offspring:1
24771,hunt_start,Jaguar,102,7,3,196,4,target:Elk:922
24771,hunt_fail,Bear,735,10,8,202,4,target_died
24771,hunt_start,Bear,735,10,8,202,4,target:Shroomer:979
24772,hunt_start,Bear,655,28,9,193,6,target:Shroomer:916
24774,age_death,Wolf,434,208,5,287,9,
24776,reproduce,Penguin,205,81,2,68,5,offspring:1
24776,reproduce,Elk,209,134,5,267,0,offspring:1
24777,age_death,Rabbit,53,110,0,32,7,
24781,reproduce,Elk,1653,31,1,67,4,offspring:1
24782,hunt_start,Bear,100,51,9,194,8,target:Monkey:1427
24782,reproduce,Elk,224,35,4,58,7,offspring:1
24786,reproduce,Elk,1393,119,3,18,7,offspring:1
24790,reproduce,Penguin,730,63,9,74,9,offspring:1
24794,reproduce,Parrot,1598,189,1,209,4,offspring:1
24795,hunt_fail,Boar,126,36,7,144,5,prey_escaped
24795,hunt_start,Boar,126,36,7,144,5,target:Monkey:1228
24795,kill,Penguin,375,130,9,82,4,killed_by:Polar Bear:133
24796,hunt_start,Polar Bear,133,131,1,81,8,target:Penguin:683
24801,starvation,Parrot,634,265,8,53,0,
24801,reproduce,Polar Bear,1821,280,6,61,2,offspring:1
24801,reproduce,Penguin,1923,131,3,30,8,offspring:1
24802,hunt_start,Polar Bear,1630,278,8,62,8,target:Musk Ox:1711
24803,kill,Elk,1730,137,9,251,1,killed_by:Bear:1525
24803,age_death,Parrot,1072,106,6,243,8,
24804,starvation,Frog,1126,44,1,281,9,
24804,age_death,Parrot,1211,109,0,188,0,
24805,age_death,Parrot,986,164,0,230,1,
24806,starvation,Lizard,1726,249,0,24,9,
24809,kill,Musk Ox,669,109,3,46,7,killed_by:Polar Bear:963
24811,hunt_start,Polar Bear,128,2,3,167,2,target:Elk:486
24811,kill,Musk Ox,1711,281,7,60,6,killed_by:Polar Bear:1821
24811,reproduce,Monkey,1839,201,6,187,2,offspring:1
24811,spore_matured,Shroomer,-1,14,3,191,6,
24811,reproduce,Shroomer,-1,14,3,191,6,offspring:1
24812,hunt_fail,Polar Bear,1630,279,1,62,6,target_died
24812,hunt_start,Polar Bear,1630,279,1,62,6,target:Musk Ox:874
24812,reproduce,Elk,848,12,4,182,6,offspring:1
24815,reproduce,Musk Ox,1946,106,9,47,1,offspring:1
24819,hunt_start,Jaguar,865,19,3,15,5,target:Penguin:61
24819,hunt_start,Jaguar,1939,135,8,72,7,target:Elk:367
24820,hunt_start,Jaguar,257,17,2,18,8,target:Turtle:52
24822,kill,Musk Ox,908,119,6,39,4,killed_by:Polar Bear:619
24822,spore_matured,Shroomer,-1,15,4,183,7,
24822,reproduce,Shroomer,-1,15,4,183,7,offspring:1
24825,kill,Penguin,61,18,7,17,6,killed_by:Jaguar:865
24825,hunt_start,Polar Bear,1725,216,1,59,2,target:Shroomer:531
24825,reproduce,Parrot,46,160,1,269,2,offspring:1
24827,reproduce,Polar Bear,497,222,7,79,5,offspring:1
24827,reproduce,Penguin,1897,66,1,26,8,offspring:1
24828,hunt_start,Polar Bear,497,222,8,79,5,target:Shroomer:483
24828,hunt_start,Polar Bear,1730,220,7,80,6,target:Shroomer:1013
24828,reproduce,Deer,1611,91,8,180,6,offspring:1
24830,kill,Deer,215,23,1,77,9,killed_by:Jaguar:1892
24833,kill,Rabbit,897,130,4,107,1,killed_by:Wolf:709
24833,kill,Deer,1894,73,6,161,5,killed_by:Jaguar:1581
24833,kill,Shroomer,318,173,0,124,9,killed_by:Boar:1944
24833,spore_created,Shroomer,-1,228,3,56,2,
24833,spore_created,Shroomer,-1,222,5,59,1,
24834,starvation,Rabbit,283,267,5,188,9,
24834,hunt_fail,Jaguar,156,79,0,168,1,target_died
24834,hunt_start,Jaguar,156,79,0,168,1,target:Monkey:1400
24834,hunt_fail,Boar,580,174,2,125,3,target_died
24834,hunt_start,Boar,580,174,2,125,3,target:Shroomer:1580
24834,hunt_start,Wolf,709,130,4,106,7,target:Penguin:378
24834,hunt_start,Jaguar,1581,73,9,161,9,target:Monkey:1382
24834,kill,Tapir,399,-0,0,191,0,killed_by:Jaguar:1893
24834,reproduce,Musk Ox,305,286,5,52,5,offspring:1
24835,kill,Turtle,77,205,9,56,2,killed_by:Bear:690
24835,reproduce,Penguin,1969,53,8,95,6,offspring:1
24836,reproduce,Deer,1475,157,8,208,2,offspring:1
24838,reproduce,Parrot,1293,167,9,265,8,offspring:1
24839,kill,Shroomer,1614,61,8,220,7,killed_by:Wolf:1583
24840,hunt_fail,Wolf,1089,62,0,221,3,target_died
24840,hunt_start,Wolf,1089,62,0,221,3,target:Rabbit:1420
24840,spore_matured,Shroomer,-1,173,7,119,0,
24840,reproduce,Shroomer,-1,173,7,119,0,offspring:1
24841,hunt_fail,Boar,580,174,2,125,0,target_died
24841,hunt_start,Boar,580,174,2,125,0,target:Shroomer:908
24845,starvation,Deer,1223,9,3,1,9,
24845,kill,Penguin,1255,139,7,85,9,killed_by:Polar Bear:1333
24846,environment_death,Shroomer,1567,247,3,68,7,drowning
24846,hunt_start,Polar Bear,1333,139,6,85,3,target:Penguin:1018
24846,kill,Turtle,1443,28,0,13,1,killed_by:Jaguar:1360
24847,kill,Shroomer,1526,106,0,201,8,killed_by:Polar Bear:1288
24847,reproduce,Musk Ox,324,108,0,40,3,offspring:1
24849,reproduce,Elk,636,149,2,25,9,offspring:1
24850,reproduce,Turtle,1253,209,0,60,5,offspring:1
24852,reproduce,Monkey,24,223,5,174,6,offspring:1
24852,reproduce,Monkey,300,197,6,20,4,offspring:1
24856,kill,Turtle,177,277,8,237,6,killed_by:Polar Bear:1474
24857,hunt_start,Polar Bear,1474,278,5,237,7,target:Deer:559
24858,starvation,Bear,989,238,4,117,0,
24858,kill,Boar,900,25,3,218,2,killed_by:Polar Bear:744
24859,kill,Elk,922,8,5,189,5,killed_by:Jaguar:102
24864,starvation,Jaguar,1447,53,8,155,0,
24866,reproduce,Wolf,1157,130,2,275,9,offspring:1
24867,starvation,Parrot,610,145,6,67,9,
24867,hunt_start,Wolf,318,129,3,276,9,target:Deer:171
24867,hunt_start,Wolf,1157,130,1,275,8,target:Deer:171
24867,reproduce,Parrot,446,9,2,161,1,offspring:1
24868,reproduce,Turtle,1929,121,2,16,6,offspring:1
24871,hunt_start,Bear,567,204,5,57,7,target:Shroomer:1988
24874,spore_created,Shroomer,-1,207,8,109,5,
24874,spore_created,Shroomer,-1,206,0,105,3,
24875,hunt_start,Bear,3,221,0,113,8,target:Shroomer:834
24883,kill,Shroomer,187,184,0,123,4,killed_by:Boar:1866
24884,kill,Shroomer,979,13,9,199,8,killed_by:Bear:735
24884,hunt_start,Boar,751,282,9,218,9,target:Rabbit:110
24884,kill,Boar,1243,45,0,100,7,killed_by:Bear:1372
24885,reproduce,Parrot,556,171,7,115,1,offspring:1
24886,kill,Boar,1490,97,5,179,4,killed_by:Bear:677
24888,reproduce,Camel,1196,70,0,279,6,offspring:1
24889,reproduce,Rabbit,558,250,1,269,2,offspring:2
24890,kill,Shroomer,561,111,4,106,5,killed_by:Polar Bear:1397
24890,kill,Deer,123,94,7,61,7,killed_by:Wolf:1814
24891,hunt_start,Wolf,1814,94,8,62,2,target:Deer:1256
24892,spore_matured,Shroomer,-1,172,5,115,1,
24892,reproduce,Shroomer,-1,172,5,115,1,offspring:1
24893,reproduce,Elk,486,12,9,170,8,offspring:1
24894,starvation,Monkey,1351,128,3,0,0,
24894,hunt_fail,Jaguar,728,133,0,0,0,target_died
24894,hunt_start,Polar Bear,855,15,9,199,0,target:Shroomer:1375
24894,kill,Camel,1889,79,5,153,2,killed_by:Jaguar:1088
24895,kill,Turtle,52,20,9,21,6,killed_by:Jaguar:257
24895,hunt_start,Jaguar,1088,80,1,152,8,target:Camel:1085
24896,reproduce,Deer,740,73,6,31,7,offspring:1
24897,starvation,Rabbit,725,264,0,48,9,
24898,kill,Shroomer,1013,218,8,79,0,killed_by:Polar Bear:1730
24899,hunt_start,Polar Bear,1730,219,1,79,7,target:Shroomer:483
24900,hunt_start,Polar Bear,1985,105,5,94,2,target:Penguin:1329
24902,kill,Boar,1258,257,7,279,7,killed_by:Jaguar:575
24903,hunt_start,Jaguar,575,257,2,280,0,target:Boar:370
24903,hunt_fail,Jaguar,1810,250,7,285,6,target_died
24903,hunt_start,Jaguar,1810,250,7,285,6,target:Boar:370
24904,reproduce,Boar,1209,65,9,57,8,offspring:2
24908,hunt_fail,Jaguar,16,69,4,0,6,prey_escaped
24908,hunt_start,Jaguar,16,69,4,0,6,target:Tapir:903
24908,reproduce,Turtle,1608,147,9,24,5,offspring:1
24910,hunt_start,Bear,17,69,1,182,4,target:Elk:435
24913,hunt_start,Polar Bear,1407,237,2,75,0,target:Shroomer:597
24913,reproduce,Penguin,951,37,7,93,7,offspring:1
24914,hunt_start,Polar Bear,1413,222,6,71,5,target:Shroomer:406
24914,reproduce,Penguin,1370,148,4,98,2,offspring:1
24918,starvation,Shroomer,292,228,3,63,7,
24918,kill,Shroomer,531,213,5,60,5,killed_by:Polar Bear:1725
24918,kill,Elk,1252,76,8,263,9,killed_by:Bear:1880
24918,reproduce,Parrot,1796,1,5,2,5,offspring:1
24919,hunt_start,Bear,997,141,4,264,6,target:Elk:1081
24921,kill,Penguin,683,134,8,88,5,killed_by:Polar Bear:133
24921,reproduce,Wolf,1814,97,2,60,6,offspring:1
24922,hunt_start,Polar Bear,133,134,8,87,8,target:Penguin:1018
24922,hunt_start,Wolf,187,99,6,57,8,target:Deer:1256
24923,reproduce,Rabbit,1051,63,0,270,9,offspring:2
24924,spore_created,Shroomer,-1,79,7,222,9,
24924,spore_created,Shroomer,-1,70,7,221,8,
24926,reproduce,Monkey,258,201,6,25,6,offspring:1
24931,reproduce,Elk,208,130,4,263,9,offspring:1
24933,kill,Musk Ox,874,284,3,61,8,killed_by:Polar Bear:1630
24935,reproduce,Parrot,1494,7,0,3,8,offspring:1
24938,kill,Elk,356,68,2,262,3,killed_by:Bear:97
24939,spore_created,Shroomer,-1,72,6,223,7,
24939,spore_created,Shroomer,-1,67,6,229,1,
24940,hunt_start,Polar Bear,450,118,7,33,1,target:Penguin:1812
24941,hunt_start,Jaguar,302,17,9,179,8,target:Elk:882
24942,kill,Shroomer,483,220,3,77,4,killed_by:Polar Bear:1730
24942,reproduce,Frog,1468,31,8,9,4,offspring:2
24943,hunt_fail,Polar Bear,497,221,2,77,5,target_died
24943,hunt_start,Polar Bear,497,221,2,77,5,target:Shroomer:1273
24945,reproduce,Penguin,1377,52,4,93,1,offspring:1
24949,kill,Shroomer,916,21,8,194,1,killed_by:Bear:655
24950,hunt_fail,Boar,1116,121,1,224,8,prey_escaped
24950,hunt_start,Boar,1116,121,1,224,8,target:Shroomer:1740
24951,hunt_fail,Boar,456,121,5,225,5,prey_escaped
24951,hunt_start,Boar,456,121,5,225,5,target:Shroomer:1740
24953,spore_matured,Shroomer,-1,222,2,59,0,
24953,reproduce,Shroomer,-1,222,2,59,0,offspring:1
24956,reproduce,Parrot,1502,187,5,194,3,offspring:1
24956,spore_created,Shroomer,-1,235,2,68,4,
24956,spore_created,Shroomer,-1,228,9,60,9,
24957,kill,Elk,367,124,5,72,5,killed_by:Jaguar:1939
24960,starvation,Bear,509,47,4,147,9,
24960,kill,Shroomer,1988,207,7,59,5,killed_by:Bear:567
24961,hunt_start,Bear,1706,207,3,93,1,target:Shroomer:1657
24961,reproduce,Deer,1257,198,8,244,1,offspring:1
24965,reproduce,Deer,548,72,2,237,3,offspring:1
24967,reproduce,Elk,383,46,9,280,4,offspring:1
24967,spore_created,Shroomer,-1,95,9,263,5,
24967,spore_created,Shroomer,-1,87,6,261,5,
24970,spore_created,Shroomer,-1,110,7,232,4,
24970,spore_created,Shroomer,-1,117,8,220,1,
24974,starvation,Rabbit,1722,14,7,70,0,
24974,hunt_start,Polar Bear,1864,101,4,47,3,target:Musk Ox:1946
24975,hunt_start,Jaguar,673,276,9,27,5,target:Boar:1857
24978,reproduce,Lizard,27,205,7,15,7,offspring:2
24979,kill,Boar,1652,259,7,29,6,killed_by:Jaguar:1428
24980,hunt_start,Jaguar,1428,260,0,29,2,target:Boar:385
24981,age_death,Boar,917,38,9,138,3,
24984,kill,Shroomer,406,220,7,70,6,killed_by:Polar Bear:1413
24985,hunt_start,Polar Bear,550,130,4,45,9,target:Musk Ox:1917
24991,age_death,Parrot,729,123,0,22,9,
24993,kill,Deer,953,288,0,147,1,killed_by:Bear:1076
24994,hunt_fail,Bear,754,285,8,148,2,target_died
24994,hunt_start,Bear,754,285,8,148,2,target:Rabbit:470
24994,spore_matured,Shroomer,-1,207,8,109,5,
24994,reproduce,Shroomer,-1,207,8,109,5,offspring:1
24994,spore_matured,Shroomer,-1,206,0,105,3,
24994,reproduce,Shroomer,-1,206,0,105,3,offspring:1
24995,reproduce,Parrot,1528,151,0,123,5,offspring:1
24997,starvation,Shroomer,1040,228,6,80,5,
25003,hunt_start,Polar Bear,687,230,3,63,3,target:Shroomer:155
25003,kill,Shroomer,1375,19,7,199,2,killed_by:Polar Bear:855
25004,hunt_start,Wolf,1583,64,9,222,8,target:Rabbit:473
25006,hunt_start,Bear,809,96,4,243,8,target:Elk:1556
25008,starvation,Rabbit,672,200,6,159,8,
25012,hunt_start,Jaguar,884,2,8,188,1,target:Lizard:572
25015,kill,Penguin,1018,140,8,95,0,killed_by:Polar Bear:1333
25015,reproduce,Musk Ox,753,273,0,39,6,offspring:1
25016,hunt_fail,Polar Bear,133,137,9,91,5,target_died
25016,hunt_start,Polar Bear,133,137,9,91,5,target:Elk:889
25016,hunt_start,Polar Bear,1333,140,4,94,4,target:Turtle:185
25017,age_death,Frog,712,94,4,278,2,
25019,hunt_start,Polar Bear,249,133,1,158,8,target:Turtle:1178
25020,kill,Shroomer,1273,222,5,75,3,killed_by:Polar Bear:497
25021,hunt_start,Polar Bear,497,222,2,76,0,target:Shroomer:944
25022,kill,Lizard,572,5,3,186,3,killed_by:Jaguar:884
25023,hunt_start,Bear,1304,204,4,58,9,target:Shroomer:1975
25026,reproduce,Boar,1928,9,7,133,4,offspring:2
25027,reproduce,Jaguar,1197,192,0,120,5,offspring:1
25028,hunt_start,Jaguar,77,194,1,117,9,target:Monkey:1686
25028,reproduce,Monkey,1693,15,0,266,7,offspring:1
25033,reproduce,Parrot,338,18,4,15,3,offspring:1
25034,hunt_start,Jaguar,404,7,8,181,9,target:Lizard:168
25034,hunt_start,Bear,697,195,0,72,3,target:Elk:103
25034,kill,Shroomer,597,233,2,76,9,killed_by:Polar Bear:1407
25036,spore_created,Shroomer,-1,224,7,104,2,
25036,spore_created,Shroomer,-1,213,0,109,2,
25037,spore_created,Shroomer,-1,213,8,60,0,
25037,spore_created,Shroomer,-1,206,8,63,8,
25039,kill,Deer,171,131,7,288,0,killed_by:Wolf:318
25040,hunt_start,Wolf,318,131,5,287,2,target:Deer:854
25040,hunt_fail,Wolf,1157,132,1,287,1,target_died
25040,hunt_start,Wolf,1157,132,1,287,1,target:Deer:854
25042,kill,Lizard,168,7,8,184,7,killed_by:Jaguar:404
25043,reproduce,Penguin,1812,112,4,25,5,offspring:1
25044,spore_matured,Shroomer,-1,79,7,222,9,
25044,reproduce,Shroomer,-1,79,7,222,9,offspring:1
25047,kill,Shroomer,908,173,4,116,1,killed_by:Boar:580
25048,hunt_start,Jaguar,487,202,6,124,6,target:Elk:1710
25048,hunt_start,Boar,580,173,5,116,6,target:Shroomer:1443
25049,kill,Deer,559,270,4,225,4,killed_by:Polar Bear:1474
25049,age_death,Parrot,1001,0,6,106,5,
25050,hunt_start,Polar Bear,1474,270,8,226,0,target:Turtle:1930
25050,reproduce,Turtle,189,284,4,266,4,offspring:1
25051,kill,Boar,370,260,8,288,0,killed_by:Jaguar:575
25052,hunt_fail,Jaguar,1810,254,6,286,1,target_died
25052,hunt_start,Jaguar,1810,254,6,286,1,target:Boar:837
25053,starvation,Shroomer,944,224,9,76,3,
25053,hunt_fail,Polar Bear,497,223,4,76,1,target_died
25053,hunt_start,Polar Bear,497,223,4,76,1,target:Shroomer:1368
25053,reproduce,Jaguar,1939,123,7,75,0,offspring:1
25053,spore_created,Shroomer,-1,252,2,74,0,
25053,spore_created,Shroomer,-1,251,9,75,0,
25054,hunt_start,Jaguar,171,123,4,75,6,target:Frog:1132
25054,kill,Elk,882,25,4,183,6,killed_by:Jaguar:302
25054,hunt_start,Jaguar,1939,123,8,74,9,target:Camel:1576
25054,reproduce,Monkey,1369,166,4,274,7,offspring:1
25055,kill,Elk,1710,200,3,124,2,killed_by:Jaguar:487
25058,hunt_fail,Jaguar,808,78,7,0,2,prey_escaped
25058,hunt_start,Jaguar,808,78,7,0,2,target:Tapir:903
25058,spore_created,Shroomer,-1,96,1,276,6,
25058,spore_created,Shroomer,-1,95,4,277,6,
25059,spore_matured,Shroomer,-1,72,6,223,7,
25059,reproduce,Shroomer,-1,72,6,223,7,offspring:1
25060,reproduce,Jaguar,1360,23,4,14,7,offspring:1
25061,hunt_start,Jaguar,944,23,9,17,5,target:Monkey:990
25061,hunt_start,Jaguar,1360,23,4,14,7,target:Monkey:990
25062,reproduce,Rabbit,562,63,4,157,9,offspring:2
25062,reproduce,Deer,1655,199,3,211,9,offspring:1
25070,kill,Penguin,378,145,6,99,1,killed_by:Wolf:709
25070,kill,Shroomer,1657,204,9,90,2,killed_by:Bear:1706
25071,hunt_start,Wolf,709,145,2,98,9,target:Deer:1451
25071,reproduce,Penguin,994,148,5,93,7,offspring:1
25073,kill,Shroomer,155,231,6,60,8,killed_by:Polar Bear:687
25073,kill,Penguin,1999,24,7,88,5,killed_by:Bear:746
25073,reproduce,Elk,1053,27,3,178,5,offspring:1
25073,reproduce,Elk,1272,33,7,62,2,offspring:1
25074,hunt_start,Bear,746,25,5,88,5,target:Deer:1270
25076,spore_matured,Shroomer,-1,228,9,60,8,
25076,reproduce,Shroomer,-1,228,9,60,8,offspring:1
25076,spore_matured,Shroomer,-1,235,1,68,4,
25076,reproduce,Shroomer,-1,235,1,68,4,offspring:1
25078,kill,Elk,486,15,0,175,7,killed_by:Polar Bear:128
25082,starvation,Penguin,1578,124,4,0,3,
25082,kill,Musk Ox,1946,107,4,49,1,killed_by:Polar Bear:1864
25084,hunt_start,Polar Bear,1512,217,8,49,8,target:Shroomer:167
25087,spore_matured,Shroomer,-1,95,9,263,5,
25087,reproduce,Shroomer,-1,95,9,263,5,offspring:1
25088,age_death,Rabbit,1426,122,4,58,7,
25091,spore_matured,Shroomer,-1,86,9,261,8,
25091,reproduce,Shroomer,-1,86,9,261,8,offspring:1
25095,reproduce,Deer,295,227,6,140,4,offspring:1
25096,hunt_start,Boar,107,74,8,231,9,target:Shroomer:1948
25096,spore_matured,Shroomer,-1,70,5,221,7,
25096,reproduce,Shroomer,-1,70,5,221,7,offspring:1
25097,age_death,Lizard,491,7,1,35,2,
25098,hunt_fail,Boar,1290,0,4,33,8,target_died
25098,hunt_fail,Boar,1951,0,7,32,9,target_died
25099,hunt_start,Polar Bear,924,131,6,200,4,target:Musk Ox:149
25099,hunt_start,Boar,1944,170,1,125,9,target:Frog:1831
25101,reproduce,Penguin,938,135,6,65,3,offspring:1
25102,hunt_start,Polar Bear,1730,219,3,78,9,target:Shroomer:1368
25103,starvation,Shroomer,724,208,5,99,2,
25109,kill,Camel,1085,79,8,161,2,killed_by:Jaguar:1088
25111,spore_matured,Shroomer,-1,67,6,229,1,
25111,reproduce,Shroomer,-1,67,6,229,1,offspring:1
25114,starvation,Monkey,1742,211,0,74,9,
25114,kill,Elk,889,133,9,95,6,killed_by:Polar Bear:133
25115,hunt_start,Bear,1063,221,4,103,4,target:Shroomer:227
25119,reproduce,Parrot,49,166,4,201,5,offspring:1
25122,starvation,Lizard,1342,178,8,192,0,
25122,spore_created,Shroomer,-1,236,6,76,7,
25122,spore_created,Shroomer,-1,231,4,76,2,
25123,kill,Penguin,1329,92,9,95,2,killed_by:Polar Bear:1985
25127,kill,Shroomer,1740,111,8,230,6,killed_by:Boar:1116
25127,reproduce,Polar Bear,593,65,1,208,3,offspring:1
25128,hunt_fail,Boar,456,112,4,230,6,target_died
25128,hunt_start,Boar,456,112,4,230,6,target:Shroomer:367
25128,hunt_start,Polar Bear,491,64,2,205,3,target:Shroomer:1383
25128,hunt_start,Polar Bear,593,65,1,208,3,target:Tapir:1660
25128,hunt_start,Boar,1116,112,1,230,0,target:Shroomer:367
25128,spore_created,Shroomer,-1,109,0,251,5,
25128,spore_created,Shroomer,-1,109,4,253,3,
25129,kill,Camel,1576,121,0,70,0,killed_by:Jaguar:1939
25129,reproduce,Turtle,1930,271,9,220,3,offspring:1
25132,kill,Musk Ox,1917,139,4,45,4,killed_by:Polar Bear:550
25132,kill,Shroomer,1975,206,4,62,9,killed_by:Bear:1304
25132,reproduce,Musk Ox,1153,106,5,52,7,offspring:1
25133,kill,Boar,385,267,5,20,3,killed_by:Jaguar:1428
25134,spore_created,Shroomer,-1,216,2,55,0,
25134,spore_created,Shroomer,-1,205,7,60,1,
25136,starvation,Shroomer,1167,231,1,78,5,
25136,kill,Shroomer,834,220,6,104,5,killed_by:Bear:3
25136,kill,Elk,1556,95,5,236,8,killed_by:Bear:809
25136,reproduce,Monkey,574,87,4,31,8,offspring:1
25140,hunt_start,Polar Bear,1793,117,5,20,4,target:Penguin:152
25141,reproduce,Frog,1090,94,9,86,2,offspring:2
25141,reproduce,Elk,1888,29,1,186,0,offspring:1
25142,reproduce,Elk,326,159,8,278,2,offspring:1
25142,spore_matured,Shroomer,-1,110,7,232,4,
25142,reproduce,Shroomer,-1,110,7,232,4,offspring:1
25143,hunt_fail,Boar,456,111,7,231,6,target_died
25143,hunt_start,Boar,456,111,7,231,6,target:Shroomer:385
25143,hunt_fail,Boar,1116,111,6,230,6,target_died
25143,hunt_start,Boar,1116,111,6,230,6,target:Shroomer:385
25145,starvation,Monkey,1482,214,3,66,9,
25145,hunt_start,Bear,1563,46,3,95,8,target:Boar:1596
25148,reproduce,Deer,620,275,8,258,3,offspring:1
25150,hunt_start,Bear,462,86,4,272,3,target:Shroomer:1641
25150,kill,Elk,1081,130,1,273,3,killed_by:Bear:997
25151,hunt_start,Bear,459,5,8,199,6,target:Shroomer:1470
25153,reproduce,Parrot,1214,268,2,58,3,offspring:1
25155,kill,Turtle,185,143,6,97,6,killed_by:Polar Bear:1333
25155,reproduce,Camel,1066,154,0,99,7,offspring:1
25156,spore_matured,Shroomer,-1,213,0,109,2,
25156,reproduce,Shroomer,-1,213,0,109,2,offspring:1
25157,spore_matured,Shroomer,-1,206,9,64,0,
25157,reproduce,Shroomer,-1,206,9,64,0,offspring:1
25157,spore_matured,Shroomer,-1,213,8,60,1,
25157,reproduce,Shroomer,-1,213,8,60,1,offspring:1
25158,hunt_fail,Boar,359,27,2,172,0,prey_escaped
25158,reproduce,Rabbit,1455,161,9,120,5,offspring:2
25159,kill,Penguin,1812,109,8,22,9,killed_by:Polar Bear:450
25160,environment_death,Shroomer,917,205,0,104,4,drowning
25160,environment_death,Shroomer,1652,208,6,108,8,drowning
25160,reproduce,Turtle,679,127,8,91,6,offspring:1
25162,starvation,Lizard,420,235,3,0,5,
25162,hunt_fail,Bear,448,226,2,3,6,target_died
25162,hunt_start,Bear,448,226,2,3,6,target:Musk Ox:1016
25162,hunt_start,Bear,1643,239,9,151,4,target:Elk:186
25162,spore_created,Shroomer,-1,73,0,232,9,
25162,spore_created,Shroomer,-1,72,4,244,3,
25163,kill,Turtle,1178,127,5,163,7,killed_by:Polar Bear:249
25163,reproduce,Deer,1237,21,6,31,8,offspring:1
25164,spore_created,Shroomer,-1,145,8,92,2,
25164,spore_created,Shroomer,-1,163,2,96,4,
25167,hunt_start,Bear,97,67,1,257,7,target:Camel:13
25175,reproduce,Elk,1909,79,9,281,1,offspring:1
25179,kill,Shroomer,1443,171,0,112,8,killed_by:Boar:580
25185,kill,Shroomer,227,219,8,104,1,killed_by:Bear:1063
25185,spore_created,Shroomer,-1,236,7,101,4,
25185,spore_created,Shroomer,-1,237,3,96,7,
25185,spore_matured,Shroomer,-1,96,6,275,9,
25185,reproduce,Shroomer,-1,96,6,275,9,offspring:1
25186,starvation,Parrot,412,4,5,98,6,
25186,hunt_start,Bear,437,85,8,221,4,target:Elk:34
25187,hunt_start,Boar,359,27,3,173,3,target:Parrot:64
25187,kill,Turtle,1930,271,9,218,3,killed_by:Polar Bear:1474
25188,hunt_start,Polar Bear,1474,272,0,219,0,target:Turtle:52
25189,reproduce,Parrot,722,180,2,109,6,offspring:1
25190,hunt_start,Jaguar,728,130,0,0,1,target:Parrot:1245
25191,kill,Deer,854,143,9,276,3,killed_by:Wolf:1157
25192,starvation,Parrot,1509,35,6,253,5,
25192,hunt_fail,Wolf,318,142,1,277,6,target_died
25192,hunt_start,Wolf,318,142,1,277,6,target:Deer:894
25192,age_death,Parrot,49,166,6,205,4,
25192,reproduce,Tapir,869,187,8,102,2,offspring:1
25193,starvation,Monkey,766,288,0,0,0,
25193,hunt_fail,Jaguar,1163,287,8,4,1,target_died
25197,hunt_start,Jaguar,865,16,4,21,4,target:Turtle:1080
25201,kill,Tapir,903,79,6,6,3,killed_by:Jaguar:808
25201,hunt_start,Bear,1967,98,6,265,3,target:Shroomer:1882
25202,hunt_fail,Jaguar,16,70,8,1,3,target_died
25202,hunt_start,Jaguar,16,70,8,1,3,target:Tapir:313
25202,reproduce,Elk,1574,152,4,259,8,offspring:1
25206,hunt_start,Jaguar,1893,1,3,187,8,target:Elk:1109
25209,environment_death,Shroomer,1056,237,7,68,3,drowning
25210,starvation,Rabbit,718,198,2,111,3,
25210,kill,Elk,435,69,0,166,1,killed_by:Bear:17
25210,hunt_fail,Jaguar,200,195,6,114,2,target_died
25210,hunt_start,Jaguar,200,195,6,114,2,target:Shroomer:699
25210,kill,Shroomer,1641,88,1,270,6,killed_by:Bear:462
25211,hunt_start,Bear,462,87,7,271,1,target:Shroomer:137
25211,reproduce,Elk,180,22,3,93,4,offspring:1
25212,spore_created,Shroomer,-1,240,4,68,8,
25212,spore_created,Shroomer,-1,237,0,67,5,
25213,kill,Deer,1270,17,7,86,7,killed_by:Bear:746
25214,starvation,Shroomer,904,227,4,62,8,
25214,hunt_start,Bear,746,18,8,86,9,target:Elk:1930
25219,kill,Shroomer,1368,218,2,75,7,killed_by:Polar Bear:1730
25220,hunt_fail,Polar Bear,497,219,1,75,0,target_died
25220,hunt_start,Polar Bear,497,219,1,75,0,target:Shroomer:246
25222,starvation,Monkey,1707,286,2,0,0,
25223,kill,Shroomer,385,108,5,231,5,killed_by:Boar:456
25224,hunt_start,Boar,456,108,6,232,1,target:Shroomer:1221
25224,hunt_fail,Boar,1116,109,0,231,6,target_died
25224,hunt_start,Boar,1116,109,0,231,6,target:Shroomer:1221
25225,spore_matured,Shroomer,-1,252,2,73,8,
25225,reproduce,Shroomer,-1,252,2,73,8,offspring:1
25225,spore_matured,Shroomer,-1,251,3,76,7,
25225,reproduce,Shroomer,-1,251,3,76,7,offspring:1
25226,reproduce,Boar,150,86,8,179,3,offspring:2
25227,hunt_start,Boar,420,84,0,178,2,target:Rabbit:691
25227,hunt_start,Boar,903,84,0,178,2,target:Rabbit:691
25230,starvation,Shroomer,1568,227,6,83,0,
25230,reproduce,Jaguar,1088,79,2,165,1,offspring:1
25230,reproduce,Musk Ox,1135,124,1,165,3,offspring:1
25231,hunt_start,Jaguar,102,13,5,186,1,target:Elk:1173
25231,kill,Frog,1132,137,9,78,0,killed_by:Jaguar:171
25231,hunt_start,Jaguar,1056,82,2,168,1,target:Parrot:1437
25231,hunt_start,Jaguar,1088,79,2,165,2,target:Lizard:286
25232,hunt_start,Jaguar,171,137,5,78,0,target:Musk Ox:1955
25234,starvation,Monkey,56,213,4,66,4,
25234,reproduce,Elk,964,207,8,27,9,offspring:1
25234,spore_matured,Shroomer,-1,94,9,278,3,
25234,reproduce,Shroomer,-1,94,9,278,3,offspring:1
25235,kill,Elk,1109,3,3,184,8,killed_by:Jaguar:1893
25235,reproduce,Monkey,1115,161,3,95,8,offspring:1
25236,starvation,Parrot,400,11,9,249,5,
25237,reproduce,Parrot,1997,275,5,163,3,offspring:1
25238,reproduce,Penguin,595,131,7,101,8,offspring:1
25239,reproduce,Musk Ox,972,168,8,205,3,offspring:1
25240,hunt_start,Jaguar,884,9,5,188,9,target:Elk:1173
25241,hunt_start,Bear,1525,138,5,258,5,target:Elk:208
25242,environment_death,Shroomer,155,228,9,60,9,drowning
25242,hunt_fail,Bear,42,217,8,180,4,prey_escaped
25242,hunt_start,Bear,42,217,8,180,4,target:Elk:936
25242,kill,Shroomer,1470,4,1,202,3,killed_by:Bear:459
25242,reproduce,Deer,1216,177,7,262,1,offspring:1
25242,spore_matured,Shroomer,-1,231,2,76,1,
25242,reproduce,Shroomer,-1,231,2,76,1,offspring:1
25243,reproduce,Turtle,147,170,6,162,9,offspring:1
25246,spore_created,Shroomer,-1,-0,4,195,4,
25246,spore_created,Shroomer,-1,5,2,184,5,
25248,spore_matured,Shroomer,-1,109,0,251,3,
25248,reproduce,Shroomer,-1,109,0,251,3,offspring:1
25248,spore_matured,Shroomer,-1,109,5,253,7,
25248,reproduce,Shroomer,-1,109,5,253,7,offspring:1
25250,starvation,Lizard,919,147,3,0,5,
25250,starvation,Lizard,1524,154,7,1,8,
25253,kill,Shroomer,167,220,5,57,0,killed_by:Polar Bear:1512
25255,kill,Elk,1173,11,7,188,8,killed_by:Jaguar:884
25256,hunt_fail,Jaguar,102,12,0,188,2,target_died
25256,hunt_start,Jaguar,102,12,0,188,2,target:Shroomer:1087
25258,reproduce,Jaguar,487,203,3,124,2,offspring:1
25259,hunt_start,Jaguar,487,203,3,124,2,target:Frog:469
25259,hunt_start,Jaguar,1001,202,6,123,6,target:Frog:469
25259,age_death,Rabbit,1096,257,7,272,0,
25259,age_death,Rabbit,1231,269,4,240,0,
25259,reproduce,Elk,1654,256,3,106,2,offspring:1
25261,starvation,Deer,1150,11,9,73,9,
25262,hunt_start,Jaguar,404,4,8,179,1,target:Deer:1378
25264,kill,Shroomer,699,192,2,111,6,killed_by:Jaguar:200
25264,kill,Faeling,1703,32,6,226,2,killed_by:Shroomer:135
25265,hunt_start,Jaguar,200,192,7,112,0,target:Shroomer:864
25267,hunt_start,Jaguar,257,15,7,25,3,target:Deer:632
25267,reproduce,Rabbit,1002,278,9,259,8,offspring:2
25268,reproduce,Musk Ox,792,143,8,92,3,offspring:1
25271,kill,Shroomer,1882,99,5,262,9,killed_by:Bear:1967
25273,hunt_start,Bear,690,201,5,57,3,target:Shroomer:816
25273,kill,Musk Ox,149,120,4,202,0,killed_by:Polar Bear:924
25273,reproduce,Parrot,1308,178,0,274,7,offspring:1
25274,spore_created,Shroomer,-1,143,8,118,0,
25274,spore_created,Shroomer,-1,138,8,117,3,
25275,reproduce,Jaguar,673,274,2,31,8,offspring:1
25276,hunt_start,Jaguar,919,276,6,31,5,target:Boar:1857
25278,kill,Turtle,1080,17,2,24,5,killed_by:Jaguar:865
25280,starvation,Lizard,1518,252,3,205,9,
25280,hunt_fail,Polar Bear,579,245,1,211,9,target_died
25280,hunt_start,Polar Bear,579,245,1,211,9,target:Monkey:1086
25280,reproduce,Musk Ox,577,122,6,188,7,offspring:1
25282,reproduce,Parrot,1277,160,9,269,6,offspring:1
25282,spore_matured,Shroomer,-1,72,4,244,3,
25282,reproduce,Shroomer,-1,72,4,244,3,offspring:1
25285,starvation,Rabbit,1708,31,0,77,9,
25285,kill,Elk,103,194,1,60,4,killed_by:Bear:697
25293,age_death,Frog,1440,145,4,221,5,
25294,kill,Boar,1857,273,6,35,2,killed_by:Jaguar:673
25294,age_death,Monkey,1136,260,6,172,6,
25294,reproduce,Camel,494,124,7,96,6,offspring:1
25295,starvation,Polar Bear,70,52,0,169,4,
25295,hunt_fail,Jaguar,919,275,9,32,4,target_died
25295,hunt_start,Jaguar,919,275,9,32,4,target:Musk Ox:753
25298,kill,Deer,632,16,8,29,1,killed_by:Jaguar:257
25301,hunt_start,Polar Bear,1986,24,8,228,1,target:Boar:1186
25301,reproduce,Boar,1551,15,3,145,6,offspring:2
25302,hunt_start,Boar,1150,14,2,147,8,target:Lizard:1425
25302,hunt_start,Boar,1231,14,2,147,8,target:Lizard:1425
25303,reproduce,Lizard,940,0,0,13,7,offspring:2
25303,reproduce,Parrot,1599,6,3,274,1,offspring:1
25306,spore_matured,Shroomer,-1,205,4,59,5,
25306,reproduce,Shroomer,-1,205,4,59,5,offspring:1
25308,reproduce,Camel,145,160,3,97,7,offspring:1
25311,kill,Tapir,313,68,4,4,1,killed_by:Jaguar:16
25312,hunt_start,Jaguar,16,68,9,3,5,target:Parrot:974
25316,reproduce,Tapir,695,28,6,186,8,offspring:1
25316,reproduce,Turtle,1463,263,2,220,1,offspring:1
25319,starvation,Shroomer,244,232,3,77,4,
25319,starvation,Monkey,1073,12,9,249,9,
25319,starvation,Shroomer,1595,225,4,69,7,
25320,kill,Camel,13,74,2,260,4,killed_by:Bear:97
25320,reproduce,Parrot,1416,1,7,258,0,offspring:1
25322,environment_death,Shroomer,367,213,0,107,3,drowning
25322,hunt_start,Bear,735,16,6,199,7,target:Shroomer:253
25322,hunt_start,Bear,1372,44,6,101,3,target:Deer:1326
25322,reproduce,Polar Bear,128,18,2,176,1,offspring:1
25323,hunt_start,Polar Bear,103,18,6,175,1,target:Boar:1354
25323,hunt_start,Polar Bear,128,18,2,176,1,target:Boar:1354
25324,hunt_start,Bear,677,93,5,184,8,target:Deer:1126
25326,kill,Shroomer,1087,15,1,185,9,killed_by:Jaguar:102
25326,spore_created,Shroomer,-1,228,4,66,8,
25326,spore_created,Shroomer,-1,217,0,66,5,
25327,kill,Turtle,52,277,3,216,0,killed_by:Polar Bear:1474
25329,reproduce,Penguin,514,83,4,19,7,offspring:1
25329,spore_created,Shroomer,-1,218,6,86,3,
25329,spore_created,Shroomer,-1,206,8,83,0,
25330,starvation,Lizard,1943,125,2,0,0,
25330,kill,Shroomer,137,91,8,269,3,killed_by:Bear:462
25331,starvation,Shroomer,246,217,1,76,9,
25331,kill,Musk Ox,1955,141,2,72,2,killed_by:Jaguar:171
25331,hunt_fail,Polar Bear,497,216,9,76,0,target_died
25331,hunt_start,Polar Bear,497,216,9,76,0,target:Shroomer:1299
25332,spore_matured,Shroomer,-1,240,4,68,8,
25332,reproduce,Shroomer,-1,240,4,68,8,offspring:1
25333,reproduce,Deer,1749,159,4,223,9,offspring:1
25334,spore_matured,Shroomer,-1,73,0,232,9,
25334,reproduce,Shroomer,-1,73,0,232,9,offspring:1
25335,starvation,Lizard,235,225,4,81,1,
25335,starvation,Rabbit,1737,125,6,0,0,
25336,spore_matured,Shroomer,-1,163,2,96,4,
25336,reproduce,Shroomer,-1,163,2,96,4,offspring:1
25336,spore_matured,Shroomer,-1,145,9,92,1,
25336,reproduce,Shroomer,-1,145,9,92,1,offspring:1
25337,reproduce,Deer,1589,0,9,142,2,offspring:1
25337,spore_matured,Shroomer,-1,237,0,96,2,
25337,reproduce,Shroomer,-1,237,0,96,2,offspring:1
25338,reproduce,Elk,1102,8,7,183,5,offspring:1
25339,hunt_start,Boar,1951,0,5,27,8,target:Lizard:1973
25347,reproduce,Polar Bear,1474,276,5,216,6,offspring:1
25348,hunt_start,Polar Bear,52,276,4,217,4,target:Boar:1082
25348,hunt_start,Polar Bear,1474,276,5,216,4,target:Boar:1082
25349,starvation,Parrot,304,147,7,0,4,
25351,reproduce,Parrot,1339,276,6,186,6,offspring:1
25352,hunt_start,Polar Bear,963,109,5,41,3,target:Musk Ox:324
25352,reproduce,Tapir,479,62,0,18,5,offspring:1
25353,spore_created,Shroomer,-1,234,6,65,5,
25353,spore_created,Shroomer,-1,228,9,67,8,
25354,hunt_start,Polar Bear,1821,283,3,59,5,target:Musk Ox:305
25355,age_death,Parrot,278,217,6,164,6,
25356,hunt_start,Bear,1880,77,8,255,9,target:Shroomer:970
25359,reproduce,Lizard,1236,265,9,160,9,offspring:2
25360,reproduce,Monkey,1548,203,6,232,5,offspring:1
25364,reproduce,Boar,166,264,3,124,0,offspring:2
25365,starvation,Shroomer,815,225,1,85,5,
25365,hunt_start,Polar Bear,619,129,2,37,1,target:Musk Ox:1179
25365,hunt_start,Boar,917,264,3,126,1,target:Lizard:1145
25365,hunt_start,Boar,1737,264,3,126,1,target:Lizard:1145
25366,reproduce,Deer,1320,23,5,31,9,offspring:1
25366,spore_matured,Shroomer,-1,5,2,184,5,
25366,reproduce,Shroomer,-1,5,2,184,5,offspring:1
25369,spore_created,Shroomer,-1,203,9,61,0,
25369,spore_created,Shroomer,-1,202,0,72,3,
25370,kill,Deer,894,134,3,263,4,killed_by:Wolf:318
25373,spore_created,Shroomer,-1,15,8,204,1,
25373,spore_created,Shroomer,-1,6,7,192,9,
25374,kill,Elk,34,87,3,211,5,killed_by:Bear:437
25375,starvation,Parrot,665,214,6,0,0,
25375,kill,Shroomer,816,197,7,59,7,killed_by:Bear:690
25380,age_death,Lizard,872,141,4,219,6,
25380,age_death,Lizard,1622,4,0,176,4,
25383,kill,Boar,1596,51,8,108,9,killed_by:Bear:1563
25387,hunt_start,Bear,655,25,3,195,8,target:Boar:667
25388,kill,Rabbit,1420,33,4,187,3,killed_by:Wolf:1089
25388,reproduce,Frog,795,145,3,56,9,offspring:2
25389,hunt_start,Wolf,1089,33,6,187,6,target:Parrot:1395
25390,hunt_start,Polar Bear,1288,99,8,202,0,target:Camel:1736
25391,spore_created,Shroomer,-1,206,4,80,9,
25391,spore_created,Shroomer,-1,205,7,72,5,
25392,kill,Shroomer,253,15,0,201,7,killed_by:Bear:735
25392,spore_created,Shroomer,-1,81,2,226,8,
25392,spore_created,Shroomer,-1,90,3,234,3,
25393,starvation,Wolf,1819,237,8,77,5,
25394,spore_matured,Shroomer,-1,143,7,118,1,
25394,reproduce,Shroomer,-1,143,7,118,1,offspring:1
25394,spore_matured,Shroomer,-1,138,8,117,3,
25394,reproduce,Shroomer,-1,138,8,117,3,offspring:1
25395,kill,Musk Ox,1016,216,3,15,6,killed_by:Bear:448
25396,kill,Monkey,1452,0,0,15,9,killed_by:Polar Bear:315
25396,hunt_start,Bear,448,216,7,15,0,target:Musk Ox:1649
25397,hunt_start,Polar Bear,315,0,0,14,8,target:Lizard:940
25398,hunt_start,Bear,567,203,6,59,3,target:Shroomer:149
25400,kill,Shroomer,1221,116,0,235,3,killed_by:Boar:456
25401,hunt_start,Boar,456,115,4,235,0,target:Shroomer:229
25401,hunt_start,Polar Bear,744,30,6,216,2,target:Boar:1359
25401,hunt_fail,Boar,1116,116,0,234,6,target_died
25401,hunt_start,Boar,1116,116,0,234,6,target:Shroomer:229
25401,kill,Deer,1256,106,6,39,4,killed_by:Wolf:1814
25401,reproduce,Musk Ox,1915,171,6,1,9,offspring:1
25402,hunt_fail,Wolf,187,105,8,41,8,target_died
25402,hunt_start,Wolf,187,105,8,41,8,target:Rabbit:1770
25402,hunt_start,Wolf,1814,106,6,39,8,target:Rabbit:1770
25405,kill,Elk,1930,28,9,89,2,killed_by:Bear:746
25406,reproduce,Penguin,352,128,4,100,2,offspring:1
25410,starvation,Shroomer,1049,229,7,65,4,
25415,hunt_start,Boar,166,263,7,125,7,target:Monkey:45
25416,kill,Shroomer,864,187,6,116,8,killed_by:Jaguar:200
25417,hunt_start,Jaguar,200,188,2,116,3,target:Shroomer:1995
25418,spore_matured,Shroomer,-1,-0,4,195,4,
25418,reproduce,Shroomer,-1,-0,4,195,4,offspring:1
25421,starvation,Deer,1484,41,6,142,0,
25423,hunt_start,Jaguar,575,262,0,283,9,target:Monkey:1784
25423,spore_created,Shroomer,-1,89,3,226,5,
25423,spore_created,Shroomer,-1,84,4,227,4,
25424,hunt_start,Boar,1290,0,5,32,5,target:Parrot:338
25424,kill,Penguin,152,123,1,38,0,killed_by:Polar Bear:1793
25425,kill,Boar,1186,18,4,232,9,killed_by:Polar Bear:1986
25426,hunt_start,Jaguar,302,14,9,179,4,target:Shroomer:375
25426,kill,Elk,186,244,8,137,4,killed_by:Bear:1643
25427,reproduce,Parrot,33,197,5,18,0,offspring:1
25428,starvation,Shroomer,1687,227,5,81,3,
25429,kill,Musk Ox,753,278,1,40,6,killed_by:Jaguar:919
25429,kill,Monkey,230,120,8,0,6,killed_by:Polar Bear:1510
25429,reproduce,Musk Ox,306,286,5,78,0,offspring:1
25430,hunt_fail,Polar Bear,1287,116,3,0,0,target_died
25430,hunt_start,Polar Bear,1287,116,3,0,0,target:Penguin:635
25430,hunt_start,Polar Bear,1510,119,9,0,1,target:Lizard:1673
25431,hunt_start,Bear,1076,282,8,148,0,target:Lizard:144
25431,reproduce,Deer,1942,94,1,159,1,offspring:1
25433,hunt_start,Polar Bear,1397,111,1,108,1,target:Frog:1887
25433,reproduce,Penguin,1698,174,5,15,1,offspring:1
25438,kill,Musk Ox,324,110,2,36,8,killed_by:Polar Bear:963
25439,reproduce,Turtle,1131,207,8,20,9,offspring:1
25440,kill,Frog,469,190,2,124,5,killed_by:Jaguar:487
25440,kill,Shroomer,1383,78,1,201,7,killed_by:Polar Bear:491
25440,hunt_fail,Jaguar,1197,191,1,118,2,prey_escaped
25440,hunt_start,Jaguar,1197,191,1,118,2,target:Shroomer:1995
25441,hunt_start,Jaguar,487,190,7,124,7,target:Shroomer:22
25441,hunt_start,Polar Bear,491,77,1,202,0,target:Camel:369
25441,hunt_fail,Jaguar,1001,194,6,124,1,target_died
25441,hunt_start,Jaguar,1001,194,6,124,1,target:Boar:81
25444,reproduce,Rabbit,852,30,1,106,4,offspring:2
25445,reproduce,Deer,1523,96,2,256,4,offspring:1
25446,spore_matured,Shroomer,-1,228,4,66,6,
25446,reproduce,Shroomer,-1,228,4,66,6,offspring:1
25446,spore_matured,Shroomer,-1,216,9,66,4,
25446,reproduce,Shroomer,-1,216,9,66,4,offspring:1
25449,spore_matured,Shroomer,-1,218,5,86,3,
25449,reproduce,Shroomer,-1,218,5,86,3,offspring:1
25449,spore_matured,Shroomer,-1,206,8,83,1,
25449,reproduce,Shroomer,-1,206,8,83,1,offspring:1
25450,starvation,Jaguar,728,122,6,0,2,
25450,kill,Tapir,1660,62,9,226,3,killed_by:Polar Bear:593
25450,kill,Shroomer,1995,188,8,117,7,killed_by:Jaguar:1197
25450,reproduce,Rabbit,245,119,2,66,6,offspring:2
25450,reproduce,Penguin,1897,67,9,20,2,offspring:1
25451,kill,Boar,1082,284,2,218,6,killed_by:Polar Bear:52
25451,hunt_fail,Jaguar,200,188,5,117,1,target_died
25451,hunt_start,Jaguar,200,188,5,117,1,target:Shroomer:1972
25451,kill,Shroomer,1299,213,6,74,9,killed_by:Polar Bear:497
25451,hunt_start,Polar Bear,593,62,7,225,6,target:Tapir:1391
25451,hunt_start,Jaguar,1197,189,6,117,8,target:Shroomer:1972
25452,hunt_start,Polar Bear,52,283,6,219,0,target:Monkey:83
25452,hunt_fail,Polar Bear,1474,280,9,217,7,target_died
25452,hunt_start,Polar Bear,1474,280,9,217,7,target:Monkey:83
25454,kill,Deer,1378,14,1,169,5,killed_by:Jaguar:404
25454,hunt_start,Wolf,1157,143,0,276,5,target:Frog:419
25456,hunt_start,Bear,263,198,2,278,8,target:Rabbit:733
25457,starvation,Jaguar,1876,5,6,120,8,
25457,starvation,Shroomer,1982,229,2,79,0,
25458,starvation,Polar Bear,1773,264,1,118,4,
25459,hunt_fail,Jaguar,487,190,1,124,2,discomfort
25459,reproduce,Elk,1097,92,0,208,4,offspring:1
25461,hunt_start,Polar Bear,1725,212,4,56,6,target:Shroomer:590
25462,starvation,Parrot,1668,52,5,154,6,
25462,reproduce,Tapir,696,170,5,21,3,offspring:1
25462,reproduce,Musk Ox,1689,128,3,66,8,offspring:1
25464,starvation,Shroomer,342,218,6,73,0,
25464,starvation,Shroomer,393,222,0,69,6,
25465,starvation,Shroomer,1265,230,0,64,2,
25465,kill,Boar,1354,8,9,182,7,killed_by:Polar Bear:128
25466,hunt_fail,Polar Bear,103,11,9,179,6,target_died
25466,hunt_start,Polar Bear,103,11,9,179,6,target:Elk:591
25466,hunt_start,Polar Bear,128,9,5,182,3,target:Elk:848
25467,reproduce,Elk,1825,92,5,213,9,offspring:1
25467,spore_created,Shroomer,-1,237,9,70,1,
25467,spore_created,Shroomer,-1,231,1,65,6,
25473,spore_matured,Shroomer,-1,234,4,65,4,
25473,reproduce,Shroomer,-1,234,4,65,4,offspring:1
25473,spore_matured,Shroomer,-1,229,2,68,1,
25473,reproduce,Shroomer,-1,229,2,68,1,offspring:1
25476,hunt_start,Polar Bear,1630,277,2,64,3,target:Musk Ox:1350
25478,environment_death,Shroomer,451,237,2,68,7,drowning
25479,kill,Shroomer,149,205,8,60,0,killed_by:Bear:567
25479,kill,Musk Ox,1179,126,2,31,4,killed_by:Polar Bear:619
25485,kill,Shroomer,229,117,7,237,4,killed_by:Boar:1116
25486,hunt_fail,Boar,456,117,3,237,0,target_died
25487,reproduce,Parrot,822,162,6,209,7,offspring:1
25489,spore_matured,Shroomer,-1,201,8,72,2,
25489,reproduce,Shroomer,-1,201,8,72,2,offspring:1
25490,starvation,Deer,1735,41,5,144,6,
25490,hunt_fail,Bear,1753,47,8,146,6,target_died
25490,hunt_start,Bear,1753,47,8,146,6,target:Monkey:474
25491,starvation,Penguin,635,122,9,2,2,
25491,hunt_fail,Polar Bear,1287,118,4,0,8,target_died
25491,hunt_start,Polar Bear,1287,118,4,0,8,target:Lizard:1673
25492,kill,Camel,1736,94,6,203,3,killed_by:Polar Bear:1288
25493,spore_matured,Shroomer,-1,16,1,204,5,
25493,reproduce,Shroomer,-1,16,1,204,5,offspring:1
25494,reproduce,Deer,805,142,7,25,6,offspring:1
25498,environment_death,Shroomer,1342,239,9,71,3,drowning
25498,kill,Shroomer,970,72,9,256,8,killed_by:Bear:1880
25499,reproduce,Polar Bear,855,17,3,198,6,offspring:1
25500,hunt_start,Polar Bear,855,17,3,198,6,target:Shroomer:1965
25500,hunt_start,Polar Bear,1876,16,3,199,0,target:Shroomer:1965
25500,reproduce,Polar Bear,249,134,5,161,3,offspring:1
25501,hunt_start,Polar Bear,249,134,5,161,3,target:Musk Ox:1851
25501,hunt_start,Jaguar,1939,131,7,66,1,target:Deer:644
25501,hunt_start,Polar Bear,1982,132,7,162,2,target:Musk Ox:1851
25503,age_death,Lizard,1626,81,6,281,7,
25503,age_death,Lizard,1627,100,8,223,2,
25504,reproduce,Penguin,663,79,1,15,4,offspring:1
25505,hunt_start,Jaguar,1428,256,9,24,1,target:Boar:702
25507,kill,Deer,644,130,2,64,4,killed_by:Jaguar:1939
25507,reproduce,Elk,289,276,6,131,4,offspring:1
25508,hunt_start,Bear,1706,207,9,88,0,target:Shroomer:467
25509,environment_death,Shroomer,1826,236,1,70,9,drowning
25510,spore_created,Shroomer,-1,192,5,110,5,
25510,spore_created,Shroomer,-1,181,1,97,8,
25511,spore_matured,Shroomer,-1,206,3,80,7,
25511,reproduce,Shroomer,-1,206,3,80,7,offspring:1
25511,spore_matured,Shroomer,-1,205,8,72,5,
25511,reproduce,Shroomer,-1,205,8,72,5,offspring:1
25514,spore_created,Shroomer,-1,229,4,83,1,
25514,spore_created,Shroomer,-1,230,8,79,2,
25515,reproduce,Lizard,1269,278,9,59,1,offspring:2
25516,reproduce,Frog,1301,160,2,199,8,offspring:2
25521,starvation,Parrot,863,31,5,80,5,
25522,spore_created,Shroomer,-1,195,1,90,6,
25522,spore_created,Shroomer,-1,196,7,101,1,
25527,hunt_start,Polar Bear,1413,218,5,66,7,target:Shroomer:1832
25528,spore_created,Shroomer,-1,11,3,209,1,
25528,spore_created,Shroomer,-1,13,0,205,7,
25530,starvation,Shroomer,1978,235,1,72,8,
25530,kill,Musk Ox,305,288,0,52,7,killed_by:Polar Bear:1821
25531,starvation,Rabbit,1968,2,1,29,3,
25533,hunt_start,Polar Bear,478,286,0,141,0,target:Monkey:1661
25534,starvation,Lizard,1673,126,1,2,2,
25534,hunt_fail,Boar,1152,125,5,6,2,target_died
25534,hunt_start,Boar,1152,125,5,6,2,target:Monkey:158
25534,hunt_fail,Polar Bear,1287,120,2,1,2,target_died
25534,hunt_start,Polar Bear,1287,120,2,1,2,target:Penguin:1921
25534,hunt_fail,Polar Bear,1510,123,1,2,4,target_died
25534,hunt_start,Polar Bear,1510,123,1,2,4,target:Penguin:1921
25534,spore_created,Shroomer,-1,220,7,58,3,
25534,spore_created,Shroomer,-1,209,7,58,0,
25535,hunt_start,Jaguar,673,267,5,36,9,target:Musk Ox:509
25541,spore_matured,Shroomer,-1,203,7,60,6,
25541,reproduce,Shroomer,-1,203,7,60,6,offspring:1
25543,kill,Shroomer,1972,187,3,113,2,killed_by:Jaguar:200
25544,hunt_fail,Jaguar,1197,189,1,117,0,target_died
25544,hunt_start,Jaguar,1197,189,1,117,0,target:Boar:1866
25545,spore_matured,Shroomer,-1,6,7,192,9,
25545,reproduce,Shroomer,-1,6,7,192,9,offspring:1
25547,spore_created,Shroomer,-1,166,2,104,8,
25547,spore_created,Shroomer,-1,170,9,99,6,
25550,reproduce,Elk,209,130,0,266,4,offspring:1
25552,environment_death,Shroomer,1008,236,8,71,7,drowning
25558,spore_matured,Shroomer,-1,84,3,227,2,
25558,reproduce,Shroomer,-1,84,3,227,2,offspring:1
25564,spore_matured,Shroomer,-1,81,5,227,7,
25564,reproduce,Shroomer,-1,81,5,227,7,offspring:1
25564,spore_matured,Shroomer,-1,90,3,234,3,
25564,reproduce,Shroomer,-1,90,3,234,3,offspring:1
25567,kill,Shroomer,590,213,4,52,5,killed_by:Polar Bear:1725
25570,hunt_start,Bear,1304,204,0,61,3,target:Shroomer:1937
25572,kill,Musk Ox,1851,135,5,165,7,killed_by:Polar Bear:1982
25573,hunt_fail,Polar Bear,249,135,6,164,8,target_died
25573,hunt_start,Polar Bear,249,135,6,164,8,target:Boar:1019
25573,hunt_start,Jaguar,808,80,7,4,0,target:Lizard:1091
25574,hunt_start,Bear,3,218,3,107,6,target:Shroomer:1175
25574,hunt_start,Bear,809,93,6,233,2,target:Shroomer:863
25574,reproduce,Musk Ox,901,254,0,79,6,offspring:1
25574,spore_created,Shroomer,-1,68,0,249,4,
25574,spore_created,Shroomer,-1,69,1,253,5,
25577,kill,Musk Ox,1649,218,7,24,7,killed_by:Bear:448
25577,hunt_start,Polar Bear,1407,231,1,76,4,target:Shroomer:168
25578,hunt_start,Jaguar,487,191,5,126,8,target:Shroomer:1054
25578,kill,Shroomer,467,210,1,87,8,killed_by:Bear:1706
25582,spore_created,Shroomer,-1,218,0,106,8,
25582,spore_created,Shroomer,-1,216,2,95,5,
25584,starvation,Parrot,570,148,5,47,0,
25584,kill,Shroomer,1965,12,3,198,3,killed_by:Polar Bear:1876
25585,hunt_fail,Polar Bear,855,14,4,197,9,target_died
25585,hunt_start,Polar Bear,855,14,4,197,9,target:Shroomer:202
25585,hunt_start,Polar Bear,1876,13,1,198,3,target:Shroomer:1021
25587,spore_matured,Shroomer,-1,238,0,70,0,
25587,reproduce,Shroomer,-1,238,0,70,0,offspring:1
25587,spore_matured,Shroomer,-1,231,1,65,9,
25587,reproduce,Shroomer,-1,231,1,65,9,offspring:1
25588,hunt_start,Bear,997,136,3,278,2,target:Boar:430
25588,reproduce,Parrot,804,105,7,182,2,offspring:1
25590,spore_created,Shroomer,-1,206,4,60,6,
25590,spore_created,Shroomer,-1,209,5,56,0,
25593,kill,Elk,848,2,0,184,0,killed_by:Polar Bear:128
25594,kill,Shroomer,375,16,1,184,6,killed_by:Jaguar:302
25594,reproduce,Tapir,284,78,4,24,2,offspring:1
25595,spore_matured,Shroomer,-1,89,3,226,5,
25595,reproduce,Shroomer,-1,89,3,226,5,offspring:1
25598,reproduce,Turtle,1931,273,2,260,1,offspring:1
25599,starvation,Parrot,371,149,5,43,3,
25599,reproduce,Bear,448,218,7,24,2,offspring:1
25600,hunt_start,Bear,448,218,7,24,3,target:Elk:964
25600,hunt_start,Bear,1851,221,1,25,9,target:Musk Ox:310
25600,hunt_start,Boar,1910,20,4,211,5,target:Shroomer:1299
25601,starvation,Jaguar,1433,155,2,54,6,
25601,kill,Boar,81,200,0,127,8,killed_by:Jaguar:1001
25602,hunt_start,Jaguar,1001,199,5,127,5,target:Shroomer:1356
25604,spore_created,Shroomer,-1,232,9,68,4,
25604,spore_created,Shroomer,-1,232,2,75,1,
25605,kill,Musk Ox,1350,281,4,69,7,killed_by:Polar Bear:1630
25607,hunt_start,Jaguar,1893,4,0,177,5,target:Elk:1790
25608,kill,Tapir,1391,65,1,234,2,killed_by:Polar Bear:593
25612,reproduce,Deer,1611,95,1,162,9,offspring:1
25615,starvation,Bear,1753,52,4,152,9,
25615,reproduce,Tapir,1799,63,7,237,9,offspring:1
25616,hunt_start,Polar Bear,687,231,8,61,2,target:Shroomer:1629
25617,hunt_fail,Polar Bear,478,280,7,140,4,discomfort
25618,age_death,Parrot,1259,271,3,149,9,
25619,kill,Frog,419,150,4,267,7,killed_by:Wolf:1157
25619,reproduce,Musk Ox,995,204,4,19,5,offspring:1
25620,hunt_start,Wolf,1157,150,0,267,7,target:Frog:912
25623,hunt_start,Bear,1063,220,9,102,2,target:Shroomer:1180
25623,reproduce,Parrot,1667,167,6,210,8,offspring:1
25624,kill,Camel,369,87,7,201,7,killed_by:Polar Bear:491
25625,kill,Boar,837,251,1,269,5,killed_by:Jaguar:1810
25625,hunt_start,Polar Bear,1864,107,8,53,6,target:Musk Ox:1742
25626,hunt_start,Jaguar,1810,250,9,270,1,target:Deer:44
25627,hunt_start,Jaguar,884,6,4,185,3,target:Elk:1102
25628,starvation,Jaguar,1732,173,1,143,0,
25631,kill,Elk,591,3,1,171,7,killed_by:Polar Bear:103
25632,hunt_start,Polar Bear,103,3,7,172,2,target:Elk:434
25632,kill,Shroomer,1832,221,0,65,4,killed_by:Polar Bear:1413
25632,spore_matured,Shroomer,-1,181,0,97,0,
25632,reproduce,Shroomer,-1,181,0,97,0,offspring:1
25633,hunt_start,Wolf,318,137,2,270,3,target:Lizard:1815
25634,spore_matured,Shroomer,-1,229,7,83,0,
25634,reproduce,Shroomer,-1,229,7,83,0,offspring:1
25634,spore_matured,Shroomer,-1,230,7,79,2,
25634,reproduce,Shroomer,-1,230,7,79,2,offspring:1
25637,reproduce,Penguin,307,66,9,19,7,offspring:1
25637,reproduce,Lizard,387,64,1,11,4,offspring:2
25639,reproduce,Boar,1866,186,0,118,9,offspring:2
25640,kill,Shroomer,1937,206,6,62,4,killed_by:Bear:1304
25641,reproduce,Penguin,1100,155,7,99,6,offspring:1
25642,spore_matured,Shroomer,-1,196,4,101,0,
25642,reproduce,Shroomer,-1,196,4,101,0,offspring:1
25645,kill,Boar,1359,18,8,212,4,killed_by:Polar Bear:744
25646,reproduce,Lizard,1605,75,5,278,6,offspring:2
25647,kill,Shroomer,168,230,1,74,6,killed_by:Polar Bear:1407
25648,hunt_start,Bear,17,65,4,159,7,target:Monkey:82
25648,reproduce,Lizard,98,193,0,7,9,offspring:2
25648,spore_matured,Shroomer,-1,11,3,209,1,
25648,reproduce,Shroomer,-1,11,3,209,1,offspring:1
25650,hunt_start,Jaguar,865,18,0,23,9,target:Turtle:987
25652,reproduce,Rabbit,47,223,1,173,2,offspring:2
25657,hunt_start,Polar Bear,133,138,2,98,6,target:Turtle:386
25658,spore_created,Shroomer,-1,172,5,93,5,
25658,spore_created,Shroomer,-1,174,5,104,8,
25662,kill,Musk Ox,509,273,4,41,7,killed_by:Jaguar:673
25666,hunt_start,Polar Bear,1985,96,5,90,5,target:Frog:1576
25667,kill,Elk,1790,9,0,179,5,killed_by:Jaguar:1893
25670,hunt_start,Jaguar,257,27,7,34,6,target:Deer:1237
25675,hunt_start,Polar Bear,550,130,3,46,8,target:Musk Ox:764
25679,kill,Shroomer,1175,216,5,108,1,killed_by:Bear:3
25679,kill,Boar,1019,141,9,159,1,killed_by:Polar Bear:249
25680,hunt_start,Polar Bear,249,141,4,159,5,target:Musk Ox:23
25680,hunt_start,Bear,459,6,7,201,5,target:Shroomer:755
25682,spore_matured,Shroomer,-1,171,0,99,9,
25682,reproduce,Shroomer,-1,171,0,99,9,offspring:1
25684,kill,Shroomer,863,88,9,234,8,killed_by:Bear:809
25685,kill,Boar,1866,184,8,119,7,killed_by:Jaguar:1197
25685,spore_matured,Shroomer,-1,194,5,90,8,
25685,reproduce,Shroomer,-1,194,5,90,8,offspring:1
25686,reproduce,Rabbit,502,39,4,1,6,offspring:2
25691,reproduce,Musk Ox,1604,281,4,50,1,offspring:1
25691,spore_matured,Shroomer,-1,220,7,59,8,
25691,reproduce,Shroomer,-1,220,7,59,8,offspring:1
25698,hunt_start,Jaguar,102,13,2,175,5,target:Elk:434
25698,hunt_start,Polar Bear,1333,135,4,101,7,target:Penguin:1368
25698,kill,Musk Ox,310,226,1,26,2,killed_by:Bear:1851
25700,spore_matured,Shroomer,-1,13,0,205,7,
25700,reproduce,Shroomer,-1,13,0,205,7,offspring:1
25702,hunt_start,Polar Bear,450,114,8,25,7,target:Musk Ox:1976
25702,kill,Deer,1326,22,8,111,8,killed_by:Bear:1372
25702,spore_matured,Shroomer,-1,215,9,95,3,
25702,reproduce,Shroomer,-1,215,9,95,3,offspring:1
25703,hunt_start,Jaguar,171,140,5,72,0,target:Monkey:1059
25706,spore_matured,Shroomer,-1,209,7,58,3,
25706,reproduce,Shroomer,-1,209,7,58,3,offspring:1
25709,hunt_start,Bear,1967,104,0,268,5,target:Shroomer:1212
25710,spore_matured,Shroomer,-1,206,2,60,4,
25710,reproduce,Shroomer,-1,206,2,60,4,offspring:1
25711,environment_death,Shroomer,1629,234,3,62,7,drowning
25711,hunt_fail,Polar Bear,687,233,5,62,3,target_died
25711,hunt_start,Polar Bear,687,233,5,62,3,target:Shroomer:114
25711,reproduce,Penguin,951,31,9,97,3,offspring:1
25712,kill,Shroomer,202,18,0,193,7,killed_by:Polar Bear:855
25713,hunt_start,Polar Bear,855,17,4,194,2,target:Shroomer:316
25714,spore_created,Shroomer,-1,239,1,72,3,
25714,spore_created,Shroomer,-1,237,9,68,5,
25717,reproduce,Musk Ox,68,201,5,13,3,offspring:1
25719,spore_matured,Shroomer,-1,166,1,104,9,
25719,reproduce,Shroomer,-1,166,1,104,9,offspring:1
25720,reproduce,Lizard,1240,97,9,207,7,offspring:2
25723,hunt_start,Bear,697,198,6,59,9,target:Elk:1863
25724,spore_matured,Shroomer,-1,232,0,75,1,
25724,reproduce,Shroomer,-1,232,0,75,1,offspring:1
25724,spore_matured,Shroomer,-1,232,8,68,3,
25724,reproduce,Shroomer,-1,232,8,68,3,offspring:1
25725,kill,Parrot,1841,288,0,0,0,killed_by:Polar Bear:818
25725,kill,Turtle,987,14,5,20,8,killed_by:Jaguar:865
25725,kill,Elk,1102,6,6,190,7,killed_by:Jaguar:884
25726,hunt_start,Polar Bear,818,287,3,0,0,target:Lizard:427
25727,reproduce,Polar Bear,924,118,6,200,1,offspring:1
25728,hunt_start,Polar Bear,924,118,6,200,1,target:Deer:1716
25728,hunt_start,Polar Bear,1326,116,3,202,1,target:Frog:1389
25728,kill,Shroomer,1021,9,7,192,9,killed_by:Polar Bear:1876
25729,hunt_start,Polar Bear,1876,10,0,193,5,target:Shroomer:1178
25729,reproduce,Musk Ox,976,265,8,57,0,offspring:1
25731,age_death,Parrot,511,138,9,256,7,
25732,spore_created,Shroomer,-1,161,7,109,7,
25732,spore_created,Shroomer,-1,157,4,111,1,
25734,hunt_fail,Boar,667,29,9,172,4,prey_escaped
25734,reproduce,Deer,500,264,1,63,9,offspring:1
25739,starvation,Parrot,1036,12,2,74,0,
25740,spore_created,Shroomer,-1,17,7,203,8,
25740,spore_created,Shroomer,-1,18,3,201,1,
25743,kill,Musk Ox,1742,101,6,50,3,killed_by:Polar Bear:1864
25744,starvation,Parrot,1245,137,4,0,0,
25745,reproduce,Parrot,132,174,8,14,3,offspring:1
25746,starvation,Bear,1828,76,1,286,4,
25746,spore_matured,Shroomer,-1,69,1,253,5,
25746,reproduce,Shroomer,-1,69,1,253,5,offspring:1
25748,environment_death,Shroomer,1977,236,4,71,7,drowning
25750,reproduce,Elk,1464,256,2,121,5,offspring:1
25751,spore_created,Shroomer,-1,242,9,75,4,
25751,spore_created,Shroomer,-1,243,3,75,1,
25752,hunt_start,Bear,462,94,4,273,7,target:Shroomer:444
25753,environment_death,Shroomer,304,237,8,69,8,drowning
25755,reproduce,Penguin,1969,52,6,96,3,offspring:1
25758,hunt_start,Bear,97,67,9,255,6,target:Shroomer:1649
25761,starvation,Frog,525,68,9,199,3,
25761,starvation,Monkey,1009,200,1,68,1,
25761,reproduce,Elk,1659,206,6,46,5,offspring:1
25762,hunt_start,Polar Bear,1730,218,8,77,4,target:Shroomer:881
25762,spore_matured,Shroomer,-1,209,2,55,5,
25762,reproduce,Shroomer,-1,209,2,55,5,offspring:1
25763,reproduce,Faeling,0,0,6,194,2,offspring:1
25766,kill,Deer,1126,97,3,157,8,killed_by:Bear:677
25778,spore_matured,Shroomer,-1,174,5,104,8,
25778,reproduce,Shroomer,-1,174,5,104,8,offspring:1
25782,kill,Shroomer,1180,224,7,99,9,killed_by:Bear:1063
25784,kill,Musk Ox,23,145,8,155,8,killed_by:Polar Bear:249
25785,kill,Elk,434,10,4,165,5,killed_by:Polar Bear:103
25785,reproduce,Parrot,544,273,2,62,7,offspring:1
25786,hunt_fail,Jaguar,102,11,9,175,3,target_died
25786,kill,Boar,430,129,4,288,0,killed_by:Bear:997
25787,kill,Shroomer,1212,103,3,265,3,killed_by:Bear:1967
25790,reproduce,Penguin,1386,61,2,96,2,offspring:1
25792,reproduce,Deer,78,120,3,259,8,offspring:1
25795,kill,Lizard,427,288,0,-0,0,killed_by:Polar Bear:818
25796,hunt_start,Polar Bear,818,287,4,0,0,target:Parrot:1543
25796,hunt_fail,Jaguar,1381,282,3,9,7,target_died
25796,hunt_start,Polar Bear,1512,218,8,47,2,target:Shroomer:330
25801,hunt_start,Jaguar,919,277,9,39,9,target:Parrot:834
25802,kill,Frog,912,134,1,262,8,killed_by:Wolf:1157
25803,hunt_start,Wolf,1157,134,4,262,9,target:Lizard:445
25807,kill,Turtle,386,143,3,93,3,killed_by:Polar Bear:133
25807,reproduce,Boar,702,266,8,23,3,offspring:2
25807,reproduce,Parrot,1050,169,5,163,6,offspring:1
25809,reproduce,Boar,1193,25,5,95,8,offspring:2
25810,hunt_start,Boar,1016,26,4,98,6,target:Penguin:951
25810,hunt_start,Boar,1126,26,4,98,6,target:Penguin:951
25812,hunt_start,Bear,437,82,2,214,1,target:Shroomer:135
25812,kill,Shroomer,444,93,1,271,6,killed_by:Bear:462
25813,hunt_start,Bear,690,202,9,57,7,target:Shroomer:970
25814,reproduce,Deer,1475,152,6,204,7,offspring:1
25819,kill,Shroomer,316,12,9,194,6,killed_by:Polar Bear:855
25820,starvation,Shroomer,957,229,7,87,7,
25821,kill,Elk,936,230,4,169,6,killed_by:Bear:42
25821,hunt_start,Bear,1563,56,8,112,5,target:Monkey:1964
25823,reproduce,Bear,677,96,3,158,4,offspring:1
25824,hunt_start,Bear,677,96,2,158,4,target:Deer:1611
25824,hunt_start,Bear,1180,99,1,159,5,target:Deer:490
25824,reproduce,Musk Ox,319,161,2,156,3,offspring:1
25824,spore_created,Shroomer,-1,171,6,113,0,
25824,spore_created,Shroomer,-1,171,4,107,8,
25825,kill,Deer,44,250,4,254,4,killed_by:Jaguar:1810
25830,hunt_start,Bear,735,18,1,197,5,target:Shroomer:1627
25831,kill,Elk,964,205,4,22,1,killed_by:Bear:448
25833,kill,Shroomer,1178,7,6,191,0,killed_by:Polar Bear:1876
25834,spore_matured,Shroomer,-1,238,0,68,6,
25834,reproduce,Shroomer,-1,238,0,68,6,offspring:1
25834,spore_matured,Shroomer,-1,239,2,72,1,
25834,reproduce,Shroomer,-1,239,2,72,1,offspring:1
25838,kill,Shroomer,755,0,4,201,1,killed_by:Bear:459
25838,kill,Shroomer,114,231,4,65,3,killed_by:Polar Bear:687
25838,reproduce,Tapir,1205,156,5,270,2,offspring:1
25840,reproduce,Bear,3,217,7,107,5,offspring:1
25841,hunt_start,Bear,3,217,7,107,5,target:Shroomer:557
25841,hunt_start,Bear,386,220,4,109,3,target:Shroomer:606
25842,hunt_start,Jaguar,102,10,9,173,5,target:Boar:1150
25843,hunt_start,Bear,746,25,4,87,9,target:Elk:180
25847,kill,Shroomer,1649,69,8,252,3,killed_by:Bear:97
25847,kill,Shroomer,1299,14,4,203,2,killed_by:Boar:1910
25848,hunt_start,Boar,1910,14,9,203,4,target:Shroomer:635
25849,reproduce,Penguin,524,142,5,17,2,offspring:1
25850,hunt_fail,Jaguar,487,188,3,136,8,discomfort
25852,spore_matured,Shroomer,-1,157,4,111,1,
25852,reproduce,Shroomer,-1,157,4,111,1,offspring:1
25852,spore_matured,Shroomer,-1,161,1,109,7,
25852,reproduce,Shroomer,-1,161,1,109,7,offspring:1
25857,starvation,Shroomer,436,197,3,101,6,
25860,spore_matured,Shroomer,-1,17,8,203,9,
25860,reproduce,Shroomer,-1,17,8,203,9,offspring:1
25860,spore_matured,Shroomer,-1,18,3,201,0,
25860,reproduce,Shroomer,-1,18,3,201,0,offspring:1
25861,hunt_fail,Bear,735,18,2,198,8,target_died
25861,hunt_start,Bear,735,18,2,198,8,target:Shroomer:44
25862,starvation,Tapir,492,121,5,227,1,
25864,hunt_start,Bear,1643,247,1,138,1,target:Boar:1507
25865,spore_created,Shroomer,-1,90,7,244,0,
25865,spore_created,Shroomer,-1,95,8,234,2,
25868,reproduce,Penguin,595,120,9,101,8,offspring:1
25870,kill,Shroomer,881,214,4,76,1,killed_by:Polar Bear:1730
25871,spore_matured,Shroomer,-1,242,7,75,7,
25871,reproduce,Shroomer,-1,242,7,75,7,offspring:1
25872,starvation,Parrot,1154,35,5,253,6,
25873,kill,Penguin,1921,136,2,0,0,killed_by:Polar Bear:1510
25874,hunt_fail,Polar Bear,1287,131,8,0,0,target_died
25874,hunt_start,Polar Bear,1287,131,8,0,0,target:Rabbit:1030
25874,hunt_start,Polar Bear,1510,135,3,0,2,target:Rabbit:1030
25876,reproduce,Parrot,1379,172,2,263,6,offspring:1
25879,hunt_start,Jaguar,1939,126,3,60,3,target:Camel:519
25879,reproduce,Parrot,1142,15,3,263,5,offspring:1
25880,starvation,Rabbit,736,61,2,195,4,
25880,kill,Musk Ox,764,123,7,57,7,killed_by:Polar Bear:550
25882,starvation,Rabbit,273,62,9,132,5,
25882,hunt_fail,Bear,1385,74,8,140,6,target_died
25882,hunt_start,Bear,1385,74,8,140,6,target:Monkey:82
25885,reproduce,Deer,490,96,6,150,9,offspring:1
25885,reproduce,Elk,1053,34,8,182,6,offspring:1
25886,starvation,Monkey,1934,155,9,0,9,
25888,spore_created,Shroomer,-1,63,3,243,8,
25888,spore_created,Shroomer,-1,64,8,257,8,
25893,starvation,Monkey,201,147,4,0,5,
25893,hunt_fail,Jaguar,983,147,8,6,9,target_died
25898,reproduce,Camel,1196,80,2,281,6,offspring:1
25899,age_death,Lizard,1637,58,4,7,0,
25901,starvation,Parrot,1364,191,4,47,4,
25901,kill,Boar,667,33,9,176,4,killed_by:Bear:655
25906,kill,Musk Ox,1976,120,2,37,3,killed_by:Polar Bear:450
25906,reproduce,Jaguar,1810,252,2,252,9,offspring:1
25907,hunt_start,Jaguar,436,250,7,255,4,target:Deer:433
25907,hunt_start,Jaguar,1810,252,2,252,8,target:Deer:433
25907,kill,Camel,519,123,9,58,7,killed_by:Jaguar:1939
25908,kill,Rabbit,1030,133,6,0,0,killed_by:Polar Bear:1510
25909,hunt_fail,Polar Bear,1287,132,6,0,0,target_died
25909,hunt_start,Polar Bear,1287,132,6,0,0,target:Monkey:689
25909,hunt_start,Polar Bear,1510,134,6,0,1,target:Monkey:689
25909,spore_created,Shroomer,-1,230,1,54,1,
25909,spore_created,Shroomer,-1,224,9,51,0,
25910,reproduce,Camel,659,94,4,70,6,offspring:1
25912,kill,Boar,702,266,4,25,6,killed_by:Jaguar:1428
25915,hunt_start,Jaguar,200,179,2,111,2,target:Monkey:684
25916,hunt_start,Jaguar,404,16,9,177,1,target:Elk:1087
25916,kill,Shroomer,970,203,8,61,6,killed_by:Bear:690
25917,hunt_start,Bear,567,199,8,61,5,target:Shroomer:1029
25917,reproduce,Tapir,1536,61,7,256,8,offspring:1
25922,reproduce,Deer,1216,174,6,268,9,offspring:1
25927,kill,Frog,1887,124,4,81,0,killed_by:Polar Bear:1397
25928,hunt_start,Polar Bear,1397,123,9,82,1,target:Penguin:742
25930,starvation,Parrot,913,211,3,67,8,
25936,hunt_start,Bear,1880,73,6,253,4,target:Shroomer:1517
25940,age_death,Rabbit,455,70,2,33,7,
25944,kill,Shroomer,557,221,1,104,4,killed_by:Bear:3
25944,reproduce,Elk,1003,32,0,71,5,offspring:1
25944,spore_matured,Shroomer,-1,171,4,112,7,
25944,reproduce,Shroomer,-1,171,4,112,7,offspring:1
25945,hunt_start,Bear,3,220,4,104,1,target:Shroomer:606
25946,kill,Shroomer,44,18,4,201,9,killed_by:Bear:735
25950,reproduce,Frog,1090,86,6,83,4,offspring:2
25952,kill,Shroomer,135,77,8,213,3,killed_by:Bear:437
25953,reproduce,Deer,1014,92,5,214,3,offspring:1
25955,kill,Deer,1716,106,9,195,0,killed_by:Polar Bear:924
25956,hunt_start,Polar Bear,924,108,4,194,8,target:Boar:1083
25963,starvation,Deer,1402,6,1,6,5,
25967,hunt_start,Polar Bear,1793,123,6,30,7,target:Elk:1393
25968,hunt_start,Polar Bear,1986,25,2,228,0,target:Boar:1933
25972,starvation,Parrot,1883,32,8,141,5,
25978,spore_created,Shroomer,-1,161,1,94,0,
25978,spore_created,Shroomer,-1,154,1,99,7,
25981,hunt_start,Polar Bear,963,113,8,44,7,target:Musk Ox:1954
25984,starvation,Deer,1756,43,6,136,0,
25985,spore_matured,Shroomer,-1,95,8,234,2,
25985,reproduce,Shroomer,-1,95,8,234,2,offspring:1
25986,kill,Deer,1237,37,3,23,9,killed_by:Jaguar:257
25990,kill,Frog,1389,104,8,212,9,killed_by:Polar Bear:1326
25990,kill,Shroomer,330,218,4,56,7,killed_by:Polar Bear:1512
25991,hunt_start,Polar Bear,1326,105,4,212,2,target:Frog:1774
25991,reproduce,Parrot,64,61,4,222,1,offspring:1
25992,starvation,Tapir,604,35,7,168,8,
25994,hunt_start,Polar Bear,497,218,5,73,0,target:Shroomer:9
25996,reproduce,Elk,1888,33,8,187,4,offspring:1
25996,spore_matured,Shroomer,-1,171,4,107,8,
25996,reproduce,Shroomer,-1,171,4,107,8,offspring:1
25998,age_death,Monkey,1181,73,3,244,0,
26000,kill,Shroomer,635,11,5,207,5,killed_by:Boar:1910
26001,hunt_start,Boar,1910,11,8,207,1,target:Shroomer:837
26004,reproduce,Elk,134,265,6,121,5,offspring:1
26009,hunt_start,Boar,1193,25,5,98,3,target:Lizard:845
26009,reproduce,Deer,1312,104,2,147,6,offspring:1
26014,kill,Shroomer,606,218,9,105,6,killed_by:Bear:3
26015,hunt_fail,Bear,386,219,8,106,6,target_died
26015,hunt_start,Bear,386,219,8,106,6,target:Shroomer:988
26016,hunt_start,Bear,1706,212,8,87,5,target:Shroomer:196
26022,hunt_start,Polar Bear,619,132,4,34,9,target:Penguin:1022
26022,kill,Penguin,1368,116,8,103,0,killed_by:Polar Bear:1333
26022,age_death,Parrot,1293,163,3,248,8,
26022,age_death,Parrot,1294,178,6,259,1,
26022,age_death,Parrot,1295,125,5,288,0,
26023,reproduce,Parrot,634,167,2,265,9,offspring:1
26023,spore_matured,Shroomer,-1,90,6,244,1,
26023,reproduce,Shroomer,-1,90,6,244,1,offspring:1
26024,kill,Parrot,1543,279,8,0,0,killed_by:Polar Bear:818
26024,reproduce,Elk,180,14,1,91,4,offspring:1
26025,hunt_fail,Jaguar,678,281,4,12,3,target_died
26025,hunt_start,Polar Bear,818,280,9,0,0,target:Boar:1505
26025,hunt_fail,Boar,1505,278,8,0,0,target_died
26026,reproduce,Frog,37,142,6,286,4,offspring:2
26033,reproduce,Penguin,352,126,9,96,8,offspring:1
26034,hunt_start,Jaguar,673,273,4,44,9,target:Musk Ox:429
26035,hunt_start,Polar Bear,1288,92,6,208,6,target:Camel:297
26035,reproduce,Tapir,695,30,8,185,5,offspring:1
26040,reproduce,Deer,1242,16,2,17,2,offspring:1
26041,kill,Shroomer,1029,201,9,65,4,killed_by:Bear:567
26054,starvation,Deer,1860,226,7,212,4,
26054,hunt_fail,Bear,806,231,8,209,5,target_died
26054,hunt_start,Bear,806,231,8,209,5,target:Deer:1514
26054,hunt_fail,Bear,1639,222,7,207,9,target_died
26054,hunt_start,Bear,1639,222,7,207,9,target:Lizard:1026
26055,reproduce,Deer,1542,266,8,182,9,offspring:1
26057,hunt_start,Jaguar,302,18,3,177,2,target:Elk:1917
26057,hunt_start,Polar Bear,478,285,8,142,4,target:Rabbit:1276
26057,hunt_start,Jaguar,1197,181,8,118,1,target:Boar:81
26061,reproduce,Penguin,1137,160,2,94,2,offspring:1
26062,kill,Boar,81,180,1,118,8,killed_by:Jaguar:1197
26065,reproduce,Tapir,479,63,5,12,3,offspring:1
26067,kill,Rabbit,110,288,0,140,1,killed_by:Polar Bear:1335
26068,hunt_start,Polar Bear,1335,288,0,140,8,target:Rabbit:1276
26070,reproduce,Penguin,1795,148,6,97,2,offspring:1
26072,hunt_fail,Jaguar,1213,238,0,213,2,prey_escaped
26072,hunt_start,Jaguar,1213,238,0,213,2,target:Deer:1514
26072,spore_created,Shroomer,-1,217,1,63,1,
26072,spore_created,Shroomer,-1,207,2,75,6,
26073,hunt_start,Polar Bear,1821,279,4,51,8,target:Musk Ox:1604
26075,kill,Boar,1507,255,7,127,6,killed_by:Bear:1643
26078,hunt_start,Bear,1304,205,9,61,1,target:Shroomer:549
26083,kill,Shroomer,1517,76,0,248,4,killed_by:Bear:1880
26086,kill,Elk,180,12,6,91,9,killed_by:Bear:746
26086,kill,Shroomer,196,211,3,89,0,killed_by:Bear:1706
26086,reproduce,Musk Ox,1153,99,5,62,0,offspring:1
26086,reproduce,Penguin,1698,179,2,12,6,offspring:1
26091,starvation,Bear,1285,145,7,73,5,
26095,age_death,Lizard,1015,211,9,67,8,
26096,kill,Elk,1863,192,3,74,5,killed_by:Bear:697
26097,hunt_start,Jaguar,865,14,8,20,6,target:Deer:1242
26097,hunt_start,Jaguar,884,7,7,188,4,target:Elk:1087
26098,kill,Penguin,951,45,2,105,3,killed_by:Boar:1126
26099,hunt_fail,Boar,1016,44,2,103,7,target_died
26099,hunt_start,Boar,1016,44,2,103,7,target:Lizard:1842
26100,reproduce,Boar,649,274,0,213,4,offspring:2
26101,kill,Frog,1576,92,4,61,1,killed_by:Polar Bear:1985
26102,hunt_start,Polar Bear,1985,92,5,62,2,target:Penguin:703
26106,age_death,Penguin,162,148,9,79,1,
26110,hunt_start,Polar Bear,1725,206,5,53,6,target:Shroomer:1036
26115,hunt_start,Polar Bear,1982,130,4,164,2,target:Musk Ox:718
26116,kill,Musk Ox,1954,117,5,37,0,killed_by:Polar Bear:963
26117,reproduce,Elk,1676,30,8,88,9,offspring:1
26120,kill,Deer,433,261,9,244,6,killed_by:Jaguar:436
26121,hunt_start,Jaguar,436,261,7,245,1,target:Turtle:526
26121,hunt_fail,Jaguar,1810,256,3,249,3,target_died
26121,hunt_start,Jaguar,1810,256,3,249,3,target:Monkey:1575
26122,hunt_start,Bear,809,89,0,234,6,target:Elk:1198
26123,reproduce,Deer,620,278,3,258,5,offspring:1
26124,kill,Deer,1242,14,1,17,2,killed_by:Jaguar:865
26125,reproduce,Bear,735,19,0,200,5,offspring:1
26126,hunt_start,Bear,330,19,8,201,1,target:Shroomer:936
26126,hunt_start,Bear,735,19,0,200,5,target:Shroomer:936
26131,kill,Musk Ox,429,271,1,50,5,killed_by:Jaguar:673
26132,kill,Shroomer,837,10,8,211,0,killed_by:Boar:1910
26134,environment_death,Shroomer,773,237,9,64,9,drowning
26134,starvation,Parrot,1816,16,6,34,7,
26134,hunt_fail,Jaguar,594,16,2,54,7,target_died
26134,age_death,Monkey,545,247,9,111,6,
26135,reproduce,Penguin,1923,143,0,31,8,offspring:1
26136,hunt_start,Polar Bear,128,4,8,186,8,target:Shroomer:942
26136,hunt_start,Bear,1851,222,3,28,3,target:Elk:341
26137,kill,Rabbit,1276,288,0,136,5,killed_by:Polar Bear:1335
26138,kill,Shroomer,988,223,6,104,7,killed_by:Bear:386
26138,hunt_fail,Polar Bear,478,287,3,139,4,target_died
26138,hunt_start,Polar Bear,478,287,3,139,4,target:Boar:1737
26138,hunt_start,Polar Bear,1335,288,0,137,1,target:Boar:1737
26139,hunt_start,Bear,386,224,0,105,6,target:Shroomer:1987
26140,hunt_start,Bear,1372,23,8,111,0,target:Elk:267
26142,kill,Elk,1087,11,2,191,3,killed_by:Jaguar:404
26142,kill,Shroomer,9,217,4,68,0,killed_by:Polar Bear:497
26143,hunt_fail,Jaguar,884,8,6,188,9,target_died
26143,hunt_start,Jaguar,884,8,6,188,9,target:Shroomer:1626
26144,reproduce,Musk Ox,506,261,8,65,2,offspring:1
26146,kill,Penguin,742,130,5,91,4,killed_by:Polar Bear:1397
26147,starvation,Parrot,1107,249,4,65,5,
26148,kill,Shroomer,549,208,4,61,2,killed_by:Bear:1304
26148,hunt_start,Polar Bear,1630,275,2,67,4,target:Musk Ox:976
26148,reproduce,Bear,1563,52,1,94,9,offspring:1
26149,hunt_start,Bear,1181,54,7,97,0,target:Tapir:1503
26150,spore_matured,Shroomer,-1,154,1,99,7,
26150,reproduce,Shroomer,-1,154,1,99,7,offspring:1
26151,hunt_start,Polar Bear,593,62,7,233,4,target:Shroomer:1173
26154,reproduce,Deer,749,166,5,256,3,offspring:1
26154,reproduce,Elk,1574,149,4,264,9,offspring:1
26158,reproduce,Boar,1910,10,4,210,8,offspring:2
26160,reproduce,Parrot,834,272,8,33,3,offspring:1
26161,hunt_start,Boar,304,268,4,26,4,target:Parrot:1294
26161,kill,Camel,297,96,9,213,6,killed_by:Polar Bear:1288
26162,kill,Deer,1611,77,8,153,7,killed_by:Bear:677
26163,hunt_start,Bear,677,78,7,154,1,target:Camel:810
26167,hunt_start,Polar Bear,491,84,7,195,6,target:Shroomer:1849
26167,kill,Elk,1393,118,4,19,7,killed_by:Polar Bear:1793
26173,starvation,Shroomer,542,163,3,109,7,
26174,reproduce,Deer,1843,37,1,131,2,offspring:1
26175,hunt_start,Polar Bear,1413,217,6,66,1,target:Shroomer:1186
26176,kill,Boar,1083,118,5,186,5,killed_by:Polar Bear:924
26177,reproduce,Rabbit,1835,148,1,223,4,offspring:2
26178,starvation,Boar,126,38,8,150,0,
26181,reproduce,Boar,150,76,3,173,9,offspring:2
26187,reproduce,Deer,857,20,4,27,5,offspring:1
26188,hunt_start,Polar Bear,744,14,1,213,4,target:Boar:1910
26189,reproduce,Parrot,1638,119,8,162,6,offspring:1
26190,hunt_start,Polar Bear,1407,225,0,75,7,target:Shroomer:1615
26192,kill,Musk Ox,1604,283,1,46,9,killed_by:Polar Bear:1821
26192,spore_matured,Shroomer,-1,217,2,63,0,
26192,reproduce,Shroomer,-1,217,2,63,0,offspring:1
26192,spore_matured,Shroomer,-1,207,0,76,2,
26192,reproduce,Shroomer,-1,207,0,76,2,offspring:1
26193,reproduce,Boar,1928,23,3,138,7,offspring:2
26195,kill,Penguin,703,87,3,58,4,killed_by:Polar Bear:1985
26195,reproduce,Camel,1098,63,8,165,5,offspring:1
26196,reproduce,Rabbit,1560,288,0,183,8,offspring:2
26196,spore_created,Shroomer,-1,191,7,95,0,
26196,spore_created,Shroomer,-1,198,0,111,0,
26198,reproduce,Deer,1749,147,1,213,5,offspring:1
26200,reproduce,Turtle,138,18,9,14,3,offspring:1
26204,reproduce,Monkey,1369,162,1,274,3,offspring:1
26205,kill,Shroomer,778,32,1,188,1,killed_by:Faeling:1742
26207,kill,Boar,1737,287,0,133,0,killed_by:Polar Bear:1335
26208,starvation,Shroomer,612,227,8,82,3,
26208,hunt_fail,Polar Bear,478,286,8,136,3,target_died
26208,hunt_start,Polar Bear,478,286,8,136,3,target:Boar:917
26208,hunt_start,Polar Bear,1335,287,0,133,7,target:Boar:917
26210,reproduce,Penguin,104,141,8,26,3,offspring:1
26213,kill,Shroomer,1036,210,5,56,3,killed_by:Polar Bear:1725
26214,kill,Boar,1505,272,6,2,8,killed_by:Polar Bear:818
26215,kill,Tapir,1503,54,2,93,2,killed_by:Bear:1181
26216,kill,Shroomer,936,17,4,203,9,killed_by:Bear:735
26216,hunt_start,Bear,1181,54,1,93,9,target:Deer:221
26216,reproduce,Musk Ox,792,151,3,93,8,offspring:1
26217,hunt_fail,Bear,330,18,0,204,3,target_died
26217,hunt_start,Bear,330,18,0,204,3,target:Shroomer:1077
26217,hunt_start,Bear,735,17,6,202,4,target:Shroomer:1077
26220,kill,Turtle,526,266,4,244,5,killed_by:Jaguar:436
26220,hunt_start,Bear,1063,222,2,101,8,target:Shroomer:1302
26223,hunt_start,Boar,1029,72,2,173,7,target:Lizard:706
26224,hunt_start,Bear,997,133,2,286,1,target:Camel:101
26225,hunt_start,Bear,1967,100,1,264,1,target:Shroomer:1500
26225,spore_created,Shroomer,-1,228,1,62,1,
26225,spore_created,Shroomer,-1,230,0,54,9,
26226,reproduce,Tapir,1366,64,0,109,7,offspring:1
26228,starvation,Shroomer,232,259,0,162,5,
26234,hunt_start,Bear,462,99,1,271,3,target:Boar:148
26236,kill,Monkey,1086,288,0,181,0,killed_by:Polar Bear:579
26236,spore_created,Shroomer,-1,208,5,63,8,
26236,spore_created,Shroomer,-1,212,9,58,1,
26237,hunt_start,Polar Bear,579,288,0,181,9,target:Rabbit:1015
26238,reproduce,Elk,382,139,7,257,2,offspring:1
26241,hunt_start,Boar,1368,10,3,208,5,target:Lizard:1971
26242,reproduce,Polar Bear,818,273,3,2,5,offspring:1
26243,kill,Shroomer,1987,227,4,103,1,killed_by:Bear:386
26243,kill,Musk Ox,718,125,6,157,6,killed_by:Polar Bear:1982
26245,kill,Shroomer,1186,216,0,67,0,killed_by:Polar Bear:1413
26248,reproduce,Rabbit,852,30,9,122,3,offspring:2
26252,reproduce,Monkey,684,195,2,101,5,offspring:1
26254,starvation,Jaguar,934,171,3,56,4,
26255,spore_created,Shroomer,-1,185,4,98,3,
26255,spore_created,Shroomer,-1,185,4,104,1,
26258,reproduce,Parrot,786,189,0,89,3,offspring:1
26259,hunt_start,Bear,42,229,1,171,1,target:Elk:1074
26260,kill,Shroomer,1615,225,3,73,6,killed_by:Polar Bear:1407
26261,kill,Shroomer,942,1,0,190,9,killed_by:Polar Bear:128
26261,spore_created,Shroomer,-1,198,4,88,0,
26261,spore_created,Shroomer,-1,198,1,78,3,
26263,spore_created,Shroomer,-1,196,8,91,1,
26263,spore_created,Shroomer,-1,206,6,91,2,
26269,hunt_start,Bear,448,205,9,28,8,target:Elk:435
26272,hunt_start,Boar,148,101,6,267,1,target:Shroomer:1471
26274,kill,Penguin,1022,147,8,31,6,killed_by:Polar Bear:619
26276,hunt_start,Bear,459,6,5,198,0,target:Boar:1150
26277,kill,Shroomer,1173,66,5,238,1,killed_by:Polar Bear:593
26279,hunt_start,Boar,1933,41,9,221,1,target:Frog:344
26279,hunt_start,Jaguar,1939,129,7,66,3,target:Musk Ox:1440
26283,age_death,Lizard,335,170,5,224,0,
26283,age_death,Lizard,445,134,1,236,9,
26283,age_death,Lizard,1605,77,1,280,1,
26283,age_death,Lizard,1647,130,7,214,8,
26284,hunt_fail,Bear,926,174,0,228,9,target_died
26284,hunt_start,Bear,926,174,0,228,9,target:Elk:1300
26284,hunt_fail,Wolf,1157,133,5,243,3,target_died
26284,hunt_fail,Wolf,1744,127,3,209,0,target_died
26285,hunt_start,Bear,97,70,0,260,1,target:Elk:578
26286,hunt_start,Polar Bear,1864,106,7,51,8,target:Elk:592
26290,starvation,Rabbit,1355,103,0,9,9,
26290,starvation,Shroomer,1868,229,7,87,1,
26292,starvation,Parrot,560,3,9,56,8,
26293,starvation,Parrot,762,67,4,120,0,
26294,reproduce,Camel,1066,161,8,98,2,offspring:1
26295,kill,Shroomer,1500,100,3,261,4,killed_by:Bear:1967
26295,reproduce,Deer,57,103,0,66,2,offspring:1
26295,reproduce,Deer,758,122,7,93,9,offspring:1
26296,hunt_start,Boar,1910,6,9,211,2,target:Lizard:1425
26298,starvation,Shroomer,1648,228,6,92,4,
26301,reproduce,Boar,580,153,6,118,3,offspring:2
26302,hunt_start,Boar,580,153,5,118,3,target:Frog:1831
26302,hunt_start,Boar,703,153,1,117,5,target:Shroomer:1344
26302,hunt_start,Boar,1716,153,1,117,5,target:Shroomer:1344
26302,reproduce,Elk,563,198,3,256,3,offspring:1
26302,spore_created,Shroomer,-1,224,3,98,2,
26302,spore_created,Shroomer,-1,236,8,94,6,
26306,kill,Rabbit,1015,288,0,174,9,killed_by:Polar Bear:579
26307,hunt_start,Polar Bear,579,288,0,175,5,target:Rabbit:1863
26308,reproduce,Deer,1655,202,9,209,7,offspring:1
26314,kill,Frog,1774,121,7,222,0,killed_by:Polar Bear:1326
26314,reproduce,Penguin,1067,169,2,19,2,offspring:1
26315,kill,Rabbit,833,84,5,40,2,killed_by:Jaguar:287
26315,hunt_start,Polar Bear,1326,121,1,221,6,target:Frog:377
26316,hunt_start,Jaguar,287,84,8,39,9,target:Elk:1099
26316,kill,Shroomer,1626,6,2,194,0,killed_by:Jaguar:884
26316,reproduce,Lizard,980,41,9,128,1,offspring:2
26316,spore_matured,Shroomer,-1,198,0,111,0,
26316,reproduce,Shroomer,-1,198,0,111,0,offspring:1
26317,kill,Faeling,1742,51,8,188,7,killed_by:Shroomer:1077
26320,kill,Camel,810,71,0,156,7,killed_by:Bear:677
26321,starvation,Deer,1990,248,2,81,0,
26322,kill,Boar,148,100,8,266,5,killed_by:Bear:462
26322,hunt_start,Boar,1293,12,8,208,6,target:Frog:1047
26322,reproduce,Elk,1172,29,9,186,8,offspring:1
26327,hunt_start,Polar Bear,249,152,9,160,1,target:Musk Ox:319
26328,hunt_start,Polar Bear,103,4,0,166,1,target:Parrot:446
26332,reproduce,Elk,636,161,0,20,0,offspring:1
26337,kill,Musk Ox,976,270,3,58,4,killed_by:Polar Bear:1630
26338,reproduce,Monkey,574,82,6,47,6,offspring:1
26338,spore_created,Shroomer,-1,139,3,95,4,
26338,spore_created,Shroomer,-1,136,7,91,5,
26339,hunt_start,Jaguar,487,190,5,133,1,target:Elk:887
26339,hunt_start,Bear,655,35,4,181,4,target:Elk:526
26341,reproduce,Parrot,544,280,6,61,4,offspring:1
26342,reproduce,Frog,795,146,0,55,5,offspring:2
26347,starvation,Lizard,1996,145,6,69,5,
26349,spore_created,Shroomer,-1,70,2,202,5,
26349,spore_created,Shroomer,-1,79,0,196,2,
26350,hunt_start,Polar Bear,133,141,4,101,1,target:Musk Ox:1470
26353,reproduce,Elk,289,267,5,130,5,offspring:1
26354,hunt_start,Bear,690,206,6,54,6,target:Elk:1659
26354,kill,Elk,1198,78,4,231,5,killed_by:Bear:809
26355,starvation,Monkey,521,238,3,162,8,
26356,spore_matured,Shroomer,-1,208,8,64,1,
26356,reproduce,Shroomer,-1,208,8,64,1,offspring:1
26356,spore_matured,Shroomer,-1,213,0,57,9,
26356,reproduce,Shroomer,-1,213,0,57,9,offspring:1
26358,hunt_start,Jaguar,257,38,7,29,6,target:Rabbit:1983
26358,reproduce,Penguin,708,155,6,96,4,offspring:1
26361,spore_created,Shroomer,-1,220,4,60,5,
26361,spore_created,Shroomer,-1,211,8,65,6,
26362,hunt_start,Polar Bear,855,14,0,193,8,target:Shroomer:1077
26362,spore_matured,Shroomer,-1,228,3,61,8,
26362,reproduce,Shroomer,-1,228,3,61,8,offspring:1
26365,reproduce,Polar Bear,1397,134,6,89,9,offspring:1
26366,hunt_start,Polar Bear,1355,134,9,88,6,target:Shroomer:718
26366,hunt_start,Polar Bear,1397,134,6,89,9,target:Shroomer:718
26367,kill,Elk,1917,26,3,184,7,killed_by:Jaguar:302
26368,age_death,Parrot,51,207,3,219,0,
26373,kill,Musk Ox,1440,131,5,73,0,killed_by:Jaguar:1939
26374,spore_created,Shroomer,-1,237,8,75,9,
26374,spore_created,Shroomer,-1,233,0,74,8,
26375,kill,Elk,267,27,3,125,2,killed_by:Bear:1372
26375,spore_matured,Shroomer,-1,185,4,104,1,
26375,reproduce,Shroomer,-1,185,4,104,1,offspring:1
26376,kill,Rabbit,1863,288,0,168,2,killed_by:Polar Bear:579
26376,hunt_start,Polar Bear,1876,6,7,196,2,target:Shroomer:1298
26377,hunt_start,Polar Bear,579,288,0,168,9,target:Rabbit:1560
26380,kill,Shroomer,1077,12,8,202,6,killed_by:Bear:330
26380,reproduce,Elk,414,31,1,70,6,offspring:1
26381,hunt_start,Polar Bear,687,231,4,62,6,target:Shroomer:914
26381,hunt_fail,Bear,735,13,2,201,4,target_died
26381,hunt_start,Bear,735,13,2,201,4,target:Boar:1293
26381,hunt_fail,Polar Bear,855,13,9,194,5,target_died
26381,hunt_start,Polar Bear,855,13,9,194,5,target:Monkey:1358
26381,spore_matured,Shroomer,-1,198,1,78,3,
26381,reproduce,Shroomer,-1,198,1,78,3,offspring:1
26381,spore_matured,Shroomer,-1,198,7,88,2,
26381,reproduce,Shroomer,-1,198,7,88,2,offspring:1
26382,kill,Shroomer,718,136,7,91,5,killed_by:Polar Bear:1397
26383,hunt_fail,Polar Bear,1355,135,4,88,9,target_died
26383,hunt_start,Polar Bear,1355,135,4,88,9,target:Penguin:1889
26383,hunt_start,Polar Bear,1397,135,4,90,9,target:Penguin:1889
26383,spore_matured,Shroomer,-1,196,5,90,8,
26383,reproduce,Shroomer,-1,196,5,90,8,offspring:1
26383,spore_matured,Shroomer,-1,207,0,91,6,
26383,reproduce,Shroomer,-1,207,0,91,6,offspring:1
26386,starvation,Shroomer,1323,192,5,90,5,
26388,starvation,Lizard,1039,156,2,5,1,
26389,reproduce,Lizard,1665,136,9,275,4,offspring:2
26390,starvation,Wolf,1139,57,8,233,7,
26390,hunt_start,Bear,437,76,0,212,8,target:Deer:1014
26391,starvation,Shroomer,599,232,7,64,1,
26391,kill,Shroomer,1302,216,8,102,7,killed_by:Bear:1063
26393,starvation,Rabbit,1613,18,3,0,0,
26395,kill,Elk,887,186,3,132,9,killed_by:Jaguar:487
26395,kill,Elk,341,222,7,43,4,killed_by:Bear:1851
26396,reproduce,Turtle,958,17,8,22,6,offspring:1
26399,reproduce,Boar,1551,16,3,145,4,offspring:2
26400,kill,Boar,917,285,6,119,1,killed_by:Polar Bear:1335
26401,hunt_fail,Polar Bear,478,286,7,124,0,target_died
26401,hunt_start,Polar Bear,478,286,7,124,0,target:Shroomer:71
26403,spore_created,Shroomer,-1,202,8,66,9,
26403,spore_created,Shroomer,-1,206,7,61,0,
26404,starvation,Lizard,276,145,6,66,5,
26405,reproduce,Rabbit,1874,31,2,28,0,offspring:2
26407,starvation,Rabbit,1600,107,2,136,3,
26407,age_death,Frog,847,78,7,17,5,
26407,age_death,Frog,1558,69,2,24,0,
26408,kill,Elk,1099,90,1,45,4,killed_by:Jaguar:287
26409,hunt_start,Jaguar,287,89,7,44,9,target:Penguin:1048
26409,reproduce,Polar Bear,1335,285,9,120,4,offspring:1
26409,spore_created,Shroomer,-1,74,2,204,8,
26409,spore_created,Shroomer,-1,83,7,199,4,
26410,hunt_start,Polar Bear,521,288,0,118,3,target:Shroomer:71
26410,hunt_start,Polar Bear,1335,285,9,120,4,target:Shroomer:71
26413,hunt_start,Polar Bear,1730,212,9,71,9,target:Shroomer:883
26413,kill,Shroomer,883,212,0,71,9,killed_by:Polar Bear:1730
26416,age_death,Parrot,1311,157,3,77,8,
26422,spore_matured,Shroomer,-1,224,3,98,2,
26422,reproduce,Shroomer,-1,224,3,98,2,offspring:1
26423,hunt_start,Polar Bear,550,129,6,58,8,target:Musk Ox:1689
26426,reproduce,Elk,1217,256,3,114,7,offspring:1
26430,reproduce,Polar Bear,1333,111,8,105,8,offspring:1
26431,hunt_start,Polar Bear,51,112,2,104,2,target:Penguin:595
26431,hunt_start,Polar Bear,1333,111,8,105,8,target:Camel:1096
26431,reproduce,Boar,905,218,1,160,0,offspring:2
26434,hunt_start,Jaguar,1197,178,2,118,9,target:Shroomer:22
26435,starvation,Parrot,531,187,8,166,6,
26438,starvation,Monkey,851,192,7,189,7,
26442,kill,Camel,101,144,9,278,8,killed_by:Bear:997
26443,reproduce,Penguin,669,58,9,99,8,offspring:1
26444,kill,Musk Ox,319,159,6,158,2,killed_by:Polar Bear:249
26444,reproduce,Penguin,1386,54,3,100,5,offspring:1
26446,kill,Rabbit,1560,288,0,161,3,killed_by:Polar Bear:579
26446,kill,Elk,526,30,2,185,8,killed_by:Bear:655
26446,reproduce,Musk Ox,652,161,9,156,2,offspring:1
26447,hunt_start,Polar Bear,579,288,0,162,4,target:Lizard:1174
26447,reproduce,Bear,437,78,8,213,2,offspring:1
26448,kill,Shroomer,1849,95,1,205,2,killed_by:Polar Bear:491
26448,hunt_start,Bear,1393,79,7,212,5,target:Deer:1014
26448,kill,Elk,592,117,5,52,7,killed_by:Polar Bear:1864
26448,reproduce,Elk,959,123,3,12,8,offspring:1
26449,hunt_start,Polar Bear,450,117,8,26,4,target:Deer:1327
26450,reproduce,Deer,1475,155,6,215,5,offspring:1
26451,hunt_start,Boar,525,263,3,26,8,target:Lizard:999
26451,reproduce,Lizard,118,141,9,48,9,offspring:2
26452,hunt_start,Bear,3,223,6,102,8,target:Shroomer:862
26454,hunt_start,Wolf,1744,131,0,202,9,target:Monkey:1903
26455,age_death,Lizard,1665,137,8,276,7,
26459,age_death,Lizard,1623,101,1,146,8,
26459,reproduce,Penguin,524,137,3,16,1,offspring:1
26460,age_death,Parrot,280,103,5,248,9,
26460,reproduce,Musk Ox,1689,128,3,62,1,offspring:1
26466,reproduce,Musk Ox,306,286,5,78,0,offspring:1
26467,starvation,Monkey,826,9,5,123,6,
26469,spore_matured,Shroomer,-1,79,0,196,2,
26469,reproduce,Shroomer,-1,79,0,196,2,offspring:1
26469,spore_matured,Shroomer,-1,70,2,202,5,
26469,reproduce,Shroomer,-1,70,2,202,5,offspring:1
26470,kill,Musk Ox,1470,145,5,96,4,killed_by:Polar Bear:133
26473,reproduce,Boar,1584,279,5,102,8,offspring:2
26474,hunt_start,Bear,330,14,4,203,9,target:Boar:1293
26474,hunt_start,Boar,1584,279,5,102,8,target:Monkey:731
26474,hunt_start,Jaguar,1893,2,7,169,8,target:Monkey:1358
26474,spore_matured,Shroomer,-1,236,8,94,6,
26474,reproduce,Shroomer,-1,236,8,94,6,offspring:1
26475,kill,Shroomer,1344,153,5,124,6,killed_by:Boar:1716
26476,hunt_fail,Boar,703,153,5,124,0,target_died
26476,hunt_start,Boar,703,153,5,124,0,target:Shroomer:1555
26476,hunt_start,Boar,1716,154,0,124,4,target:Shroomer:1555
26479,hunt_start,Bear,567,202,1,67,6,target:Shroomer:148
26479,kill,Shroomer,148,202,7,67,0,killed_by:Bear:567
26480,kill,Shroomer,914,232,4,58,0,killed_by:Polar Bear:687
26481,spore_matured,Shroomer,-1,211,6,65,6,
26481,reproduce,Shroomer,-1,211,6,65,6,offspring:1
26482,environment_death,Shroomer,951,198,9,111,9,drowning
26483,age_death,Parrot,1324,209,3,20,3,
26484,age_death,Parrot,1325,163,3,105,3,
26485,spore_created,Shroomer,-1,230,5,94,2,
26485,spore_created,Shroomer,-1,230,2,94,9,
26486,starvation,Lizard,1879,145,5,72,6,
26488,reproduce,Parrot,1050,178,1,150,3,offspring:1
26489,spore_created,Shroomer,-1,199,8,83,4,
26489,spore_created,Shroomer,-1,205,8,87,8,
26491,kill,Elk,1074,224,7,184,8,killed_by:Bear:42
26491,reproduce,Deer,489,204,7,211,4,offspring:1
26494,spore_matured,Shroomer,-1,233,0,74,8,
26494,reproduce,Shroomer,-1,233,0,74,8,offspring:1
26495,hunt_fail,Polar Bear,478,280,8,124,0,discomfort
26495,kill,Elk,1300,176,9,243,5,killed_by:Bear:926
26496,hunt_start,Jaguar,865,18,5,30,2,target:Deer:1812
26496,hunt_start,Bear,926,176,8,242,7,target:Monkey:1606
26496,hunt_start,Boar,1016,45,0,84,3,target:Penguin:1175
26501,starvation,Shroomer,188,210,5,76,5,
26503,hunt_start,Jaguar,673,281,8,46,8,target:Musk Ox:1726
26503,reproduce,Lizard,1731,193,3,107,1,offspring:2
26504,reproduce,Polar Bear,744,1,4,213,6,offspring:1
26505,hunt_start,Polar Bear,531,0,1,216,4,target:Boar:1910
26510,spore_matured,Shroomer,-1,139,2,95,5,
26510,reproduce,Shroomer,-1,139,2,95,5,offspring:1
26513,hunt_start,Bear,1643,252,0,131,9,target:Boar:657
26514,starvation,Parrot,179,0,0,47,1,
26514,hunt_start,Jaguar,404,8,9,190,4,target:Shroomer:1298
26516,kill,Elk,435,214,5,38,6,killed_by:Bear:448
26516,reproduce,Elk,209,137,2,257,0,offspring:1
26516,reproduce,Parrot,1334,274,7,267,2,offspring:1
26516,spore_matured,Shroomer,-1,220,5,61,1,
26516,reproduce,Shroomer,-1,220,5,61,1,offspring:1
26520,kill,Elk,578,56,0,255,2,killed_by:Bear:97
26521,hunt_start,Bear,1880,74,2,253,9,target:Boar:573
26523,spore_matured,Shroomer,-1,206,7,60,9,
26523,reproduce,Shroomer,-1,206,7,60,9,offspring:1
26524,hunt_start,Bear,746,16,5,93,4,target:Boar:1193
26524,hunt_start,Bear,1706,212,7,86,6,target:Shroomer:1687
26524,reproduce,Parrot,1806,223,3,192,5,offspring:1
26524,spore_created,Shroomer,-1,106,8,253,1,
26524,spore_created,Shroomer,-1,119,7,253,1,
26525,starvation,Monkey,1862,47,8,252,6,
26525,hunt_fail,Polar Bear,493,41,0,252,6,target_died
26525,hunt_start,Polar Bear,493,41,0,252,6,target:Monkey:1907
26526,starvation,Boar,1152,187,3,37,7,
26526,kill,Musk Ox,1689,127,5,64,2,killed_by:Polar Bear:550
26526,reproduce,Monkey,1394,6,3,259,2,offspring:1
26529,spore_matured,Shroomer,-1,74,2,204,8,
26529,reproduce,Shroomer,-1,74,2,204,8,offspring:1
26530,age_death,Lizard,706,55,9,179,5,
26530,age_death,Lizard,1410,108,3,160,8,
26531,hunt_fail,Boar,1029,60,5,175,2,target_died
26531,reproduce,Elk,80,44,3,280,1,offspring:1
26533,hunt_start,Polar Bear,1512,219,4,48,3,target:Shroomer:7
26533,reproduce,Penguin,1370,151,2,96,2,offspring:1
26534,hunt_start,Bear,697,192,3,76,7,target:Shroomer:30
26537,reproduce,Musk Ox,901,259,7,77,5,offspring:1
26538,kill,Shroomer,1298,1,8,192,5,killed_by:Polar Bear:1876
26538,age_death,Monkey,920,40,1,200,7,
26539,hunt_fail,Jaguar,404,8,6,190,6,target_died
26539,hunt_start,Jaguar,404,8,6,190,6,target:Shroomer:937
26540,hunt_fail,Jaguar,410,130,9,95,3,prey_escaped
26540,hunt_start,Jaguar,410,130,9,95,3,target:Elk:214
26540,kill,Boar,1910,1,1,217,4,killed_by:Polar Bear:531
26541,hunt_start,Polar Bear,531,0,6,217,0,target:Boar:1368
26541,hunt_fail,Polar Bear,744,1,2,215,0,target_died
26541,hunt_start,Polar Bear,744,1,2,215,0,target:Boar:1368
26547,reproduce,Deer,500,270,6,63,4,offspring:1
26552,reproduce,Penguin,1447,151,8,103,6,offspring:1
26553,kill,Shroomer,71,279,6,124,0,killed_by:Polar Bear:1335
26554,hunt_fail,Polar Bear,521,281,5,122,5,target_died
26554,hunt_start,Polar Bear,521,281,5,122,5,target:Lizard:1145
26554,hunt_start,Polar Bear,1335,279,7,123,1,target:Lizard:1145
26557,reproduce,Deer,1148,206,6,198,0,offspring:1
26558,kill,Musk Ox,1726,277,7,44,6,killed_by:Jaguar:673
26559,reproduce,Parrot,556,167,6,131,2,offspring:1
26559,reproduce,Parrot,974,1,6,6,0,offspring:1
26562,reproduce,Musk Ox,618,124,6,201,3,offspring:1
26562,reproduce,Deer,1216,161,5,279,0,offspring:1
26563,starvation,Parrot,747,260,4,172,6,
26563,hunt_start,Boar,1613,277,2,108,8,target:Rabbit:396
26563,age_death,Deer,39,117,0,41,2,
26566,kill,Penguin,1048,98,4,46,1,killed_by:Jaguar:287
26568,spore_created,Shroomer,-1,254,8,65,2,
26568,spore_created,Shroomer,-1,261,3,76,2,
26570,reproduce,Camel,145,160,1,98,5,offspring:1
26571,hunt_start,Boar,1016,44,9,83,9,target:Penguin:1175
26571,kill,Monkey,1358,0,0,174,1,killed_by:Jaguar:1893
26572,hunt_fail,Polar Bear,855,10,1,186,7,target_died
26572,hunt_start,Polar Bear,855,10,1,186,7,target:Elk:112
26572,hunt_fail,Jaguar,1023,3,5,177,8,target_died
26572,hunt_start,Jaguar,1023,3,5,177,8,target:Elk:112
26572,reproduce,Jaguar,487,184,4,128,6,offspring:1
26572,spore_created,Shroomer,-1,203,0,56,3,
26572,spore_created,Shroomer,-1,198,9,66,4,
26573,kill,Elk,214,133,9,98,7,killed_by:Jaguar:410
26573,hunt_start,Jaguar,487,184,4,128,6,target:Boar:1968
26573,hunt_start,Jaguar,1074,185,8,131,2,target:Boar:1968
26574,environment_death,Shroomer,582,237,6,64,6,drowning
26574,hunt_start,Jaguar,410,133,4,98,2,target:Turtle:586
26575,kill,Boar,1368,0,1,216,6,killed_by:Polar Bear:531
26576,hunt_fail,Polar Bear,744,0,6,215,8,target_died
26576,hunt_start,Polar Bear,744,0,6,215,8,target:Lizard:1994
26576,reproduce,Camel,1309,187,2,261,4,offspring:1
26577,reproduce,Monkey,1587,273,5,180,3,offspring:1
26578,reproduce,Monkey,704,39,0,186,7,offspring:1
26579,hunt_start,Bear,567,202,1,68,6,target:Elk:1705
26581,spore_matured,Shroomer,-1,83,7,199,4,
26581,reproduce,Shroomer,-1,83,7,199,4,offspring:1
26585,age_death,Rabbit,87,106,4,75,2,
26585,age_death,Rabbit,245,116,2,68,3,
26585,reproduce,Musk Ox,627,280,6,74,5,offspring:1
26586,hunt_start,Bear,1304,207,4,58,5,target:Shroomer:1790
26586,age_death,Monkey,991,251,0,119,1,
26588,kill,Deer,1014,88,4,211,0,killed_by:Bear:1393
26589,hunt_fail,Bear,437,84,7,213,2,target_died
26589,hunt_start,Bear,437,84,7,213,2,target:Deer:273
26589,hunt_start,Bear,1393,87,9,211,7,target:Elk:1825
26589,reproduce,Rabbit,1249,108,7,75,7,offspring:2
26592,hunt_start,Jaguar,436,276,3,249,2,target:Monkey:1634
26594,kill,Shroomer,1687,211,3,84,9,killed_by:Bear:1706
26596,reproduce,Monkey,647,221,7,151,9,offspring:1
26598,reproduce,Jaguar,287,97,9,46,5,offspring:1
26599,hunt_start,Jaguar,287,97,9,46,5,target:Tapir:1187
26599,hunt_start,Jaguar,1152,99,9,48,7,target:Tapir:1187
26599,age_death,Monkey,1146,97,7,236,6,
26601,environment_death,Shroomer,1727,236,1,79,4,drowning
26602,kill,Camel,1096,113,6,115,9,killed_by:Polar Bear:1333
26602,reproduce,Parrot,1095,174,3,14,1,offspring:1
26604,kill,Shroomer,30,192,2,73,8,killed_by:Bear:697
26607,kill,Elk,1659,208,0,42,4,killed_by:Bear:690
26609,reproduce,Rabbit,1656,275,4,144,9,offspring:2
26609,spore_matured,Shroomer,-1,199,7,83,6,
26609,reproduce,Shroomer,-1,199,7,83,6,offspring:1
26609,spore_matured,Shroomer,-1,205,9,87,4,
26609,reproduce,Shroomer,-1,205,9,87,4,offspring:1
26611,kill,Lizard,1994,0,0,217,7,killed_by:Polar Bear:744
26612,hunt_start,Polar Bear,744,0,4,216,4,target:Boar:1231
26615,reproduce,Musk Ox,482,172,0,155,6,offspring:1
26616,starvation,Monkey,1847,162,4,8,5,
26619,reproduce,Tapir,1205,163,7,271,2,offspring:1
26621,reproduce,Boar,1284,128,5,270,1,offspring:2
26622,hunt_start,Boar,71,128,7,270,9,target:Frog:1960
26622,hunt_start,Boar,1284,128,5,270,1,target:Frog:1960
26622,hunt_start,Boar,1665,128,7,270,9,target:Frog:1960
26623,reproduce,Deer,1075,159,6,273,5,offspring:1
26623,reproduce,Deer,1942,82,2,168,3,offspring:1
26624,reproduce,Deer,616,278,5,187,9,offspring:1
26628,kill,Shroomer,1555,159,0,119,4,killed_by:Boar:703
26629,hunt_fail,Boar,1716,158,7,119,9,target_died
26629,hunt_start,Boar,1716,158,7,119,9,target:Shroomer:1896
26632,kill,Shroomer,7,217,6,52,9,killed_by:Polar Bear:1512
26632,reproduce,Parrot,1426,164,2,193,4,offspring:1
26638,reproduce,Bear,42,228,2,183,6,offspring:1
26638,reproduce,Elk,193,127,9,22,2,offspring:1
26639,hunt_start,Bear,42,228,2,183,5,target:Rabbit:1845
26639,hunt_start,Bear,1358,229,9,184,9,target:Rabbit:1729
26641,reproduce,Monkey,1850,49,8,62,0,offspring:1
26641,spore_created,Shroomer,-1,89,5,253,3,
26641,spore_created,Shroomer,-1,87,2,254,8,
26641,spore_matured,Shroomer,-1,230,0,95,2,
26641,reproduce,Shroomer,-1,230,0,95,2,offspring:1
26642,spore_created,Shroomer,-1,175,7,106,4,
26642,spore_created,Shroomer,-1,172,5,109,4,
26642,spore_matured,Shroomer,-1,231,3,92,7,
26642,reproduce,Shroomer,-1,231,3,92,7,offspring:1
26644,spore_matured,Shroomer,-1,105,4,253,4,
26644,reproduce,Shroomer,-1,105,4,253,4,offspring:1
26652,kill,Frog,344,52,5,200,6,killed_by:Boar:1933
26658,hunt_start,Bear,386,226,8,104,1,target:Shroomer:862
26659,hunt_start,Polar Bear,963,123,9,43,3,target:Penguin:552
26662,hunt_start,Jaguar,983,142,7,12,0,target:Deer:1881
26665,starvation,Lizard,391,144,5,119,5,
26667,kill,Shroomer,1790,210,5,58,6,killed_by:Bear:1304
26667,age_death,Lizard,384,54,5,133,3,
26667,age_death,Lizard,1127,39,2,104,0,
26668,kill,Shroomer,862,228,8,104,4,killed_by:Bear:3
26669,hunt_fail,Bear,386,227,1,104,2,target_died
26669,hunt_start,Bear,386,227,1,104,2,target:Shroomer:266
26677,reproduce,Polar Bear,1821,282,4,44,6,offspring:1
26678,hunt_start,Polar Bear,1687,284,9,43,7,target:Musk Ox:1359
26678,hunt_start,Polar Bear,1821,282,4,44,6,target:Musk Ox:1359
26679,age_death,Penguin,431,133,0,59,1,
26680,reproduce,Parrot,1926,288,0,83,3,offspring:1
26682,spore_created,Shroomer,-1,90,6,266,9,
26682,spore_created,Shroomer,-1,91,6,275,3,
26683,reproduce,Elk,1694,29,2,73,3,offspring:1
26685,hunt_start,Polar Bear,497,213,7,68,5,target:Shroomer:1220
26686,reproduce,Bear,1643,258,7,124,1,offspring:1
26687,hunt_start,Bear,1659,261,4,124,6,target:Boar:657
26688,spore_matured,Shroomer,-1,254,8,65,2,
26688,reproduce,Shroomer,-1,254,8,65,2,offspring:1
26689,kill,Turtle,586,132,2,104,7,killed_by:Jaguar:410
26690,reproduce,Camel,262,157,1,221,5,offspring:1
26692,kill,Boar,1968,180,5,121,6,killed_by:Jaguar:487
26692,spore_matured,Shroomer,-1,198,9,66,4,
26692,reproduce,Shroomer,-1,198,9,66,4,offspring:1
26693,hunt_fail,Jaguar,1074,182,1,124,6,target_died
26693,hunt_start,Jaguar,1074,182,1,124,6,target:Shroomer:589
26694,kill,Elk,1825,86,0,206,1,killed_by:Bear:1393
26695,kill,Elk,112,-0,0,187,6,killed_by:Jaguar:1023
26695,hunt_start,Polar Bear,1985,91,8,63,5,target:Penguin:625
26696,hunt_fail,Polar Bear,855,3,0,185,8,target_died
26696,hunt_start,Polar Bear,855,3,0,185,8,target:Shroomer:937
26696,hunt_start,Jaguar,1023,0,0,186,9,target:Shroomer:937
26696,reproduce,Musk Ox,540,144,0,97,4,offspring:1
26697,kill,Deer,1812,29,7,26,8,killed_by:Jaguar:865
26697,kill,Penguin,1889,153,3,94,2,killed_by:Polar Bear:1355
26698,hunt_start,Polar Bear,1355,153,3,93,6,target:Musk Ox:792
26698,hunt_fail,Polar Bear,1397,150,9,93,3,target_died
26698,hunt_start,Polar Bear,1397,150,9,93,3,target:Musk Ox:792
26698,reproduce,Frog,770,38,0,182,9,offspring:2
26700,kill,Deer,1327,129,0,39,2,killed_by:Polar Bear:450
26701,reproduce,Frog,1104,110,5,186,1,offspring:2
26702,starvation,Monkey,1935,160,5,63,7,
26703,kill,Boar,1231,0,8,221,5,killed_by:Polar Bear:744
26704,hunt_start,Polar Bear,744,0,0,220,3,target:Boar:1150
26704,hunt_start,Polar Bear,1288,90,1,215,3,target:Deer:273
26708,starvation,Shroomer,1664,229,5,86,3,
26709,starvation,Rabbit,1031,122,7,1,0,
26710,hunt_start,Polar Bear,1793,123,5,16,5,target:Turtle:954
26712,reproduce,Boar,131,211,0,140,8,offspring:2
26714,reproduce,Elk,1165,225,5,195,1,offspring:1
26714,reproduce,Deer,1564,136,2,25,5,offspring:1
26718,starvation,Parrot,1800,113,8,20,4,
26718,hunt_fail,Bear,555,94,0,3,0,target_died
26718,reproduce,Lizard,1240,102,8,212,1,offspring:2
26719,hunt_start,Polar Bear,924,113,4,192,6,target:Musk Ox:577
26721,reproduce,Deer,1345,23,3,23,8,offspring:1
26724,hunt_start,Boar,344,211,5,143,4,target:Monkey:647
26724,hunt_start,Bear,555,93,9,3,0,target:Parrot:1515
26724,hunt_start,Boar,592,211,6,142,9,target:Monkey:647
26725,kill,Boar,657,260,2,121,3,killed_by:Bear:1643
26726,kill,Penguin,595,112,0,85,0,killed_by:Polar Bear:51
26726,hunt_start,Bear,1643,259,5,121,8,target:Elk:1464
26726,hunt_fail,Bear,1659,261,0,122,9,target_died
26726,hunt_start,Bear,1659,261,0,122,9,target:Boar:166
26727,hunt_start,Polar Bear,51,112,0,85,7,target:Tapir:65
26731,starvation,Monkey,1907,56,0,249,4,
26731,hunt_fail,Polar Bear,493,48,5,252,4,target_died
26731,hunt_start,Polar Bear,493,48,5,252,4,target:Camel:745
26733,hunt_start,Bear,1967,102,6,263,3,target:Deer:475
26733,age_death,Rabbit,92,160,1,11,1,
26736,age_death,Lizard,1678,16,2,3,4,
26738,hunt_fail,Jaguar,102,3,2,191,5,prey_escaped
26738,hunt_start,Jaguar,102,3,2,191,5,target:Shroomer:937
26744,hunt_start,Bear,462,101,5,265,1,target:Shroomer:1471
26744,reproduce,Musk Ox,90,122,6,156,4,offspring:1
26744,spore_matured,Shroomer,-1,203,0,56,2,
26744,reproduce,Shroomer,-1,203,0,56,2,offspring:1
26745,hunt_start,Jaguar,1939,138,7,84,1,target:Shroomer:1595
26746,kill,Musk Ox,792,150,7,95,7,killed_by:Polar Bear:1355
26746,hunt_start,Boar,1933,51,7,198,3,target:Frog:757
26747,hunt_fail,Polar Bear,1397,150,1,95,1,target_died
26747,hunt_start,Polar Bear,1397,150,1,95,1,target:Musk Ox:1847
26750,kill,Musk Ox,1359,283,9,49,2,killed_by:Polar Bear:1821
26750,reproduce,Deer,1881,140,4,23,5,offspring:1
26751,hunt_fail,Polar Bear,1687,284,2,48,0,target_died
26751,hunt_start,Polar Bear,1687,284,2,48,0,target:Parrot:1186
26751,spore_created,Shroomer,-1,239,0,74,5,
26751,spore_created,Shroomer,-1,230,5,73,0,
26752,age_death,Fish,294,217,6,231,3,
26752,age_death,Fish,1349,210,8,226,4,
26752,age_death,Fish,1803,214,5,233,5,
26752,age_death,Fish,1804,213,9,236,0,
26753,reproduce,Lizard,966,27,9,128,5,offspring:2
26754,starvation,Elk,802,99,2,102,1,
26756,hunt_start,Polar Bear,1725,208,7,52,3,target:Shroomer:1677
26756,reproduce,Monkey,142,129,3,16,2,offspring:1
26756,reproduce,Elk,1053,35,6,191,7,offspring:1
26758,hunt_start,Bear,677,68,8,153,9,target:Deer:570
26762,reproduce,Parrot,834,283,0,16,9,offspring:1
26762,spore_matured,Shroomer,-1,172,8,109,2,
26762,reproduce,Shroomer,-1,172,8,109,2,offspring:1
26766,kill,Tapir,1187,86,9,56,4,killed_by:Jaguar:287
26767,hunt_fail,Jaguar,1152,98,1,50,0,target_died
26767,hunt_start,Jaguar,1152,98,1,50,0,target:Monkey:1329
26767,reproduce,Deer,59,138,9,26,2,offspring:1
26767,spore_created,Shroomer,-1,226,3,57,1,
26767,spore_created,Shroomer,-1,220,6,63,4,
26771,reproduce,Fish,510,216,6,236,8,offspring:2
26772,spore_created,Shroomer,-1,211,9,57,6,
26772,spore_created,Shroomer,-1,209,4,63,5,
26773,kill,Boar,1150,0,9,222,3,killed_by:Polar Bear:744
26773,reproduce,Musk Ox,907,257,5,71,9,offspring:1
26774,kill,Shroomer,266,225,7,99,7,killed_by:Bear:386
26774,hunt_fail,Bear,459,0,3,217,6,target_died
26777,starvation,Parrot,1380,33,1,141,5,
26784,kill,Boar,573,76,7,240,4,killed_by:Bear:1880
26786,hunt_start,Polar Bear,1982,121,2,153,2,target:Musk Ox:90
26787,reproduce,Fish,1207,214,5,234,5,offspring:2
26788,hunt_start,Polar Bear,1413,217,1,62,8,target:Shroomer:1507
26789,kill,Deer,221,66,1,68,2,killed_by:Bear:1181
26792,hunt_start,Bear,809,83,4,229,4,target:Shroomer:816
26793,kill,Deer,273,87,2,224,1,killed_by:Bear:437
26794,hunt_start,Bear,437,87,2,223,3,target:Shroomer:1622
26794,kill,Boar,1193,31,9,98,6,killed_by:Bear:746
26794,hunt_fail,Polar Bear,1288,88,4,219,9,target_died
26794,hunt_start,Polar Bear,1288,88,4,219,9,target:Shroomer:665
26795,hunt_start,Polar Bear,478,282,4,121,5,target:Monkey:83
26796,kill,Tapir,65,110,1,81,4,killed_by:Polar Bear:51
26797,hunt_start,Polar Bear,51,110,4,82,1,target:Penguin:1819
26800,reproduce,Elk,251,225,2,56,8,offspring:1
26801,reproduce,Tapir,284,71,5,16,1,offspring:1
26803,hunt_start,Polar Bear,1407,226,3,73,2,target:Shroomer:310
26803,hunt_start,Jaguar,1893,8,6,172,8,target:Elk:1526
26803,reproduce,Deer,1749,147,8,218,1,offspring:1
26803,reproduce,Elk,1888,38,7,184,2,offspring:1
26804,hunt_start,Polar Bear,128,0,4,190,9,target:Shroomer:937
26804,kill,Shroomer,1220,211,0,66,0,killed_by:Polar Bear:497
26805,spore_created,Shroomer,-1,206,2,68,8,
26805,spore_created,Shroomer,-1,210,1,57,6,
26809,starvation,Shroomer,136,237,4,46,2,
26810,reproduce,Deer,43,276,8,129,7,offspring:1
26812,starvation,Elk,1446,192,5,88,3,
26813,hunt_start,Bear,1372,22,9,119,2,target:Deer:1065
26813,reproduce,Deer,749,174,7,271,5,offspring:1
26813,spore_matured,Shroomer,-1,87,0,254,9,
26813,reproduce,Shroomer,-1,87,0,254,9,offspring:1
26813,spore_matured,Shroomer,-1,89,4,253,6,
26813,reproduce,Shroomer,-1,89,4,253,6,offspring:1
26814,spore_matured,Shroomer,-1,175,9,106,5,
26814,reproduce,Shroomer,-1,175,9,106,5,offspring:1
26815,kill,Turtle,954,119,5,15,2,killed_by:Polar Bear:1793
26816,hunt_start,Jaguar,302,18,3,182,2,target:Tapir:1627
26816,reproduce,Faeling,0,1,0,194,9,offspring:1
26817,kill,Elk,1705,208,8,62,9,killed_by:Bear:567
26817,hunt_start,Polar Bear,619,150,6,31,6,target:Penguin:1418
26817,kill,Frog,377,108,3,214,8,killed_by:Polar Bear:1326
26818,starvation,Parrot,1838,267,1,190,4,
26818,hunt_start,Polar Bear,1326,108,8,214,3,target:Shroomer:415
26818,reproduce,Boar,1194,160,6,238,6,offspring:2
26819,reproduce,Monkey,1115,159,0,95,9,offspring:1
26820,hunt_start,Polar Bear,593,64,0,232,5,target:Shroomer:916
26822,hunt_start,Boar,1868,276,4,108,3,target:Shroomer:1241
26828,environment_death,Shroomer,1168,237,8,64,7,drowning
26828,spore_created,Shroomer,-1,194,2,70,3,
26828,spore_created,Shroomer,-1,201,5,62,4,
26829,hunt_start,Bear,1063,223,4,103,2,target:Shroomer:1034
26831,spore_created,Shroomer,-1,204,8,58,2,
26831,spore_created,Shroomer,-1,214,0,64,7,
26832,spore_created,Shroomer,-1,255,6,123,9,
26832,spore_created,Shroomer,-1,245,0,120,4,
26833,starvation,Frog,1761,42,4,170,2,
26833,hunt_fail,Bear,1160,41,5,175,2,target_died
26833,hunt_start,Bear,1160,41,5,175,2,target:Elk:1888
26833,hunt_start,Bear,1851,219,8,44,0,target:Shroomer:576
26834,spore_created,Shroomer,-1,241,0,75,3,
26834,spore_created,Shroomer,-1,233,5,76,0,
26842,kill,Shroomer,1471,99,0,269,1,killed_by:Bear:462
26842,reproduce,Parrot,787,273,5,270,7,offspring:1
26846,reproduce,Lizard,1722,204,3,21,1,offspring:2
26846,reproduce,Lizard,1988,205,1,6,5,offspring:2
26846,spore_created,Shroomer,-1,177,4,95,9,
26846,spore_created,Shroomer,-1,181,7,107,7,
26854,environment_death,Shroomer,847,254,9,65,3,drowning
26854,spore_matured,Shroomer,-1,91,6,275,3,
26854,reproduce,Shroomer,-1,91,6,275,3,offspring:1
26854,spore_matured,Shroomer,-1,90,6,266,9,
26854,reproduce,Shroomer,-1,90,6,266,9,offspring:1
26858,kill,Shroomer,1507,219,2,63,1,killed_by:Polar Bear:1413
26858,kill,Shroomer,1595,142,8,79,6,killed_by:Jaguar:1939
26868,spore_created,Shroomer,-1,81,6,236,5,
26868,spore_created,Shroomer,-1,77,6,237,1,
26871,kill,Penguin,552,130,2,55,8,killed_by:Polar Bear:963
26871,spore_matured,Shroomer,-1,230,6,72,9,
26871,reproduce,Shroomer,-1,230,6,72,9,offspring:1
26872,starvation,Wolf,1631,17,5,257,1,
26873,starvation,Monkey,1839,181,4,169,0,
26873,kill,Shroomer,310,228,6,73,9,killed_by:Polar Bear:1407
26874,starvation,Monkey,1789,200,7,121,5,
26874,kill,Shroomer,816,82,1,226,4,killed_by:Bear:809
26874,hunt_fail,Jaguar,1070,203,5,114,5,target_died
26875,reproduce,Elk,821,2,9,201,1,offspring:1
26875,spore_created,Shroomer,-1,223,3,107,5,
26875,spore_created,Shroomer,-1,218,9,113,5,
26877,reproduce,Parrot,233,220,1,205,2,offspring:1
26877,spore_created,Shroomer,-1,203,7,63,7,
26877,spore_created,Shroomer,-1,210,4,64,7,
26879,starvation,Lizard,1182,17,5,279,5,
26879,hunt_fail,Bear,1807,23,5,270,4,target_died
26879,hunt_start,Bear,1807,23,5,270,4,target:Parrot:346
26880,hunt_start,Bear,997,141,8,276,3,target:Boar:1284
26880,hunt_start,Polar Bear,1630,269,6,60,3,target:Musk Ox:1673
26882,kill,Musk Ox,1847,142,3,96,2,killed_by:Polar Bear:1397
26884,hunt_start,Bear,655,30,3,186,9,target:Elk:667
26884,reproduce,Parrot,1519,208,8,194,1,offspring:1
26886,starvation,Rabbit,882,48,2,158,8,
26887,spore_matured,Shroomer,-1,220,7,63,9,
26887,reproduce,Shroomer,-1,220,7,63,9,offspring:1
26890,environment_death,Shroomer,701,226,1,61,1,drowning
26892,reproduce,Rabbit,536,162,1,139,4,offspring:2
26892,spore_matured,Shroomer,-1,209,5,63,5,
26892,reproduce,Shroomer,-1,209,5,63,5,offspring:1
26898,spore_created,Shroomer,-1,199,7,66,1,
26898,spore_created,Shroomer,-1,194,2,76,0,
26899,starvation,Bear,671,121,5,147,4,
26899,kill,Elk,1464,252,5,113,3,killed_by:Bear:1643
26901,kill,Musk Ox,90,123,3,159,3,killed_by:Polar Bear:1982
26902,hunt_fail,Polar Bear,478,286,9,115,3,discomfort
26903,kill,Shroomer,937,-0,1,195,9,killed_by:Jaguar:102
26904,hunt_fail,Polar Bear,128,-0,0,194,9,target_died
26904,hunt_start,Polar Bear,128,-0,0,194,9,target:Shroomer:724
26904,hunt_fail,Jaguar,404,4,0,194,4,target_died
26904,hunt_start,Jaguar,404,4,0,194,4,target:Shroomer:724
26904,hunt_fail,Polar Bear,855,1,5,194,3,target_died
26904,hunt_start,Polar Bear,855,1,5,194,3,target:Shroomer:724
26904,hunt_fail,Jaguar,1023,0,2,189,6,target_died
26904,hunt_start,Jaguar,1023,0,2,189,6,target:Shroomer:724
26907,kill,Frog,1960,150,2,267,1,killed_by:Boar:1665
26908,hunt_fail,Boar,71,148,6,267,4,target_died
26908,hunt_start,Boar,71,148,6,267,4,target:Lizard:1576
26908,hunt_fail,Boar,1284,146,7,267,6,target_died
26908,hunt_start,Boar,1665,149,9,267,2,target:Lizard:1720
26910,kill,Shroomer,576,223,2,44,2,killed_by:Bear:1851
26911,kill,Shroomer,1622,83,3,225,5,killed_by:Bear:437
26913,reproduce,Deer,1747,98,5,93,3,offspring:1
26914,hunt_fail,Boar,592,215,6,142,2,prey_escaped
26917,reproduce,Elk,288,197,8,256,2,offspring:1
26919,kill,Shroomer,665,82,9,217,2,killed_by:Polar Bear:1288
26920,starvation,Parrot,784,0,9,247,4,
26921,reproduce,Penguin,1222,131,4,20,5,offspring:1
26922,spore_matured,Shroomer,-1,212,0,57,4,
26922,reproduce,Shroomer,-1,212,0,57,4,offspring:1
26923,kill,Musk Ox,577,126,7,194,3,killed_by:Polar Bear:924
26923,kill,Boar,166,261,2,136,9,killed_by:Bear:1659
26924,hunt_start,Bear,1659,261,2,136,2,target:Boar:1537
26925,starvation,Parrot,388,47,3,157,7,
26925,spore_matured,Shroomer,-1,206,5,69,0,
26925,reproduce,Shroomer,-1,206,5,69,0,offspring:1
26926,reproduce,Penguin,1067,169,4,14,6,offspring:1
26930,hunt_start,Jaguar,673,284,4,46,5,target:Parrot:1828
26934,reproduce,Turtle,1929,122,7,25,1,offspring:1
26934,reproduce,Boar,1951,80,1,13,1,offspring:2
26935,hunt_start,Jaguar,1251,151,1,46,6,target:Camel:1183
26935,hunt_start,Boar,1951,80,1,13,1,target:Frog:1230
26938,kill,Frog,1047,41,0,214,4,killed_by:Boar:1293
26940,kill,Camel,745,50,9,262,9,killed_by:Polar Bear:493
26940,reproduce,Parrot,544,287,7,30,5,offspring:1
26946,kill,Shroomer,916,68,5,228,5,killed_by:Polar Bear:593
26946,spore_created,Shroomer,-1,194,4,72,8,
26946,spore_created,Shroomer,-1,195,0,81,9,
26948,environment_death,Shroomer,1356,202,6,166,0,drowning
26948,hunt_fail,Jaguar,1001,202,1,165,1,target_died
26948,kill,Shroomer,1677,209,6,58,0,killed_by:Polar Bear:1725
26948,spore_matured,Shroomer,-1,201,5,62,2,
26948,reproduce,Shroomer,-1,201,5,62,2,offspring:1
26951,spore_matured,Shroomer,-1,214,3,64,8,
26951,reproduce,Shroomer,-1,214,3,64,8,offspring:1
26952,hunt_fail,Boar,344,216,7,139,5,prey_escaped
26953,reproduce,Monkey,574,83,7,43,9,offspring:1
26953,reproduce,Camel,1196,79,4,278,1,offspring:1
26954,hunt_start,Bear,448,208,7,38,2,target:Elk:511
26954,spore_matured,Shroomer,-1,233,4,76,1,
26954,reproduce,Shroomer,-1,233,4,76,1,offspring:1
26956,hunt_start,Polar Bear,1730,213,4,73,9,target:Shroomer:1374
26956,reproduce,Monkey,1270,159,1,96,0,offspring:1
26957,kill,Shroomer,415,116,0,215,6,killed_by:Polar Bear:1326
26957,reproduce,Jaguar,1939,143,2,81,0,offspring:1
26958,hunt_start,Bear,97,58,2,256,4,target:Shroomer:1640
26958,hunt_start,Jaguar,577,144,8,81,7,target:Elk:191
26958,hunt_start,Polar Bear,1326,115,1,215,5,target:Boar:566
26958,hunt_start,Jaguar,1939,143,2,81,0,target:Elk:191
26960,spore_created,Shroomer,-1,185,0,99,2,
26960,spore_created,Shroomer,-1,192,9,97,4,
26964,kill,Shroomer,724,3,7,198,9,killed_by:Jaguar:404
26965,hunt_fail,Polar Bear,128,1,6,196,5,target_died
26965,hunt_start,Polar Bear,128,1,6,196,5,target:Elk:354
26965,hunt_fail,Polar Bear,855,2,9,196,1,target_died
26965,hunt_start,Polar Bear,855,2,9,196,1,target:Elk:354
26965,hunt_fail,Jaguar,1023,0,3,189,9,target_died
26968,kill,Shroomer,1034,217,4,104,1,killed_by:Bear:1063
26973,reproduce,Polar Bear,493,50,8,261,8,offspring:1
26974,hunt_start,Polar Bear,493,50,8,261,8,target:Shroomer:1640
26974,hunt_start,Polar Bear,1803,48,3,264,6,target:Monkey:1721
26975,spore_created,Shroomer,-1,199,9,99,1,
26975,spore_created,Shroomer,-1,197,5,97,2,
26977,spore_matured,Shroomer,-1,209,3,57,1,
26977,reproduce,Shroomer,-1,209,3,57,1,offspring:1
26987,hunt_start,Polar Bear,249,161,9,153,1,target:Musk Ox:23
26988,spore_matured,Shroomer,-1,81,6,236,5,
26988,reproduce,Shroomer,-1,81,6,236,5,offspring:1
26989,reproduce,Frog,84,51,1,184,5,offspring:2
26991,hunt_start,Polar Bear,491,87,1,199,3,target:Rabbit:530
26991,hunt_start,Polar Bear,1864,126,0,56,7,target:Musk Ox:1039
26992,reproduce,Musk Ox,1153,98,4,65,7,offspring:1
26997,spore_matured,Shroomer,-1,203,7,63,6,
26997,reproduce,Shroomer,-1,203,7,63,6,offspring:1
26997,spore_matured,Shroomer,-1,210,5,64,7,
26997,reproduce,Shroomer,-1,210,5,64,7,offspring:1
26999,kill,Elk,1526,2,1,158,6,killed_by:Jaguar:1893
27003,spore_matured,Shroomer,-1,205,2,57,8,
27003,reproduce,Shroomer,-1,205,2,57,8,offspring:1
27004,kill,Penguin,625,102,5,46,5,killed_by:Polar Bear:1985
27011,starvation,Lizard,868,0,0,229,2,
27013,hunt_start,Polar Bear,133,150,7,103,3,target:Penguin:1370
27017,reproduce,Frog,432,160,7,261,8,offspring:2
27018,spore_matured,Shroomer,-1,194,2,76,0,
27018,reproduce,Shroomer,-1,194,2,76,0,offspring:1
27018,spore_matured,Shroomer,-1,181,8,107,8,
27018,reproduce,Shroomer,-1,181,8,107,8,offspring:1
27018,spore_matured,Shroomer,-1,199,6,65,9,
27018,reproduce,Shroomer,-1,199,6,65,9,offspring:1
27018,spore_matured,Shroomer,-1,177,4,95,9,
27018,reproduce,Shroomer,-1,177,4,95,9,offspring:1
27023,hunt_start,Polar Bear,687,231,6,56,6,target:Elk:792
27028,kill,Shroomer,1640,59,2,259,2,killed_by:Bear:97
27029,hunt_fail,Polar Bear,493,53,2,260,8,target_died
27029,hunt_start,Polar Bear,493,53,2,260,8,target:Tapir:1536
27030,reproduce,Elk,1709,127,5,141,8,offspring:1
27032,hunt_start,Bear,1706,211,6,88,6,target:Shroomer:1588
27035,hunt_start,Bear,459,2,5,215,9,target:Elk:847
27037,starvation,Jaguar,1070,202,2,114,8,
27038,starvation,Lizard,1971,0,0,229,5,
27039,spore_matured,Shroomer,-1,78,0,237,1,
27039,reproduce,Shroomer,-1,78,0,237,1,offspring:1
27041,hunt_start,Boar,1284,150,1,264,9,target:Lizard:1720
27042,hunt_start,Bear,697,192,2,79,4,target:Shroomer:1129
27043,age_death,Musk Ox,291,147,4,176,8,
27045,hunt_start,Bear,690,211,0,42,4,target:Monkey:1766
27048,kill,Shroomer,1241,268,1,100,5,killed_by:Boar:1868
27050,age_death,Parrot,1155,68,5,101,6,
27050,reproduce,Penguin,969,72,1,26,2,offspring:1
27051,kill,Musk Ox,1673,274,8,52,5,killed_by:Polar Bear:1630
27053,reproduce,Tapir,1755,61,5,102,1,offspring:1
27054,spore_created,Shroomer,-1,174,5,116,9,
27054,spore_created,Shroomer,-1,162,5,122,0,
27056,spore_created,Shroomer,-1,138,3,107,1,
27056,spore_created,Shroomer,-1,147,8,102,5,
27058,kill,Elk,667,32,6,195,8,killed_by:Bear:655
27058,age_death,Parrot,1328,100,6,21,3,
27059,environment_death,Shroomer,146,199,1,102,1,drowning
27060,reproduce,Jaguar,404,6,4,197,7,offspring:1
27060,reproduce,Penguin,994,158,7,96,6,offspring:1
27061,hunt_start,Jaguar,404,6,5,197,7,target:Elk:821
27061,hunt_start,Jaguar,410,135,4,101,2,target:Shroomer:851
27061,hunt_start,Jaguar,1640,5,3,200,5,target:Elk:821
27061,kill,Shroomer,1374,214,6,71,2,killed_by:Polar Bear:1730
27063,kill,Elk,1888,36,8,188,5,killed_by:Bear:1160
27066,kill,Tapir,1627,23,8,190,1,killed_by:Jaguar:302
27066,spore_matured,Shroomer,-1,194,5,73,1,
27066,reproduce,Shroomer,-1,194,5,73,1,offspring:1
27066,spore_matured,Shroomer,-1,195,0,81,9,
27066,reproduce,Shroomer,-1,195,0,81,9,offspring:1
27068,reproduce,Penguin,1386,54,3,108,6,offspring:1
27069,hunt_start,Polar Bear,550,129,7,60,5,target:Musk Ox:1039
27069,hunt_start,Jaguar,865,29,7,28,7,target:Rabbit:1996
27069,reproduce,Elk,565,256,5,104,4,offspring:1
27069,reproduce,Deer,1475,145,9,221,7,offspring:1
27071,reproduce,Penguin,514,81,0,24,7,offspring:1
27076,environment_death,Deer,43,280,6,133,8,drowning
27077,reproduce,Musk Ox,506,263,3,64,7,offspring:1
27080,environment_death,Shroomer,675,236,1,70,9,drowning
27080,spore_matured,Shroomer,-1,193,0,97,5,
27080,reproduce,Shroomer,-1,193,0,97,5,offspring:1
27081,kill,Elk,191,149,2,88,9,killed_by:Jaguar:577
27082,hunt_fail,Jaguar,1939,143,5,81,5,target_died
27082,hunt_start,Jaguar,1939,143,5,81,5,target:Turtle:184
27087,kill,Shroomer,851,133,4,99,3,killed_by:Jaguar:410
27088,environment_death,Shroomer,971,237,2,64,9,drowning
27089,starvation,Rabbit,1710,54,6,163,1,
27089,kill,Musk Ox,1039,126,7,62,0,killed_by:Polar Bear:1864
27090,hunt_fail,Polar Bear,550,128,8,60,9,target_died
27090,hunt_start,Polar Bear,550,128,8,60,9,target:Penguin:938
27093,reproduce,Elk,902,112,6,30,8,offspring:1
27094,age_death,Rabbit,535,168,9,110,5,
27094,age_death,Rabbit,1455,136,8,110,4,
27095,reproduce,Rabbit,1642,161,3,282,8,offspring:2
27095,spore_matured,Shroomer,-1,197,5,97,2,
27095,reproduce,Shroomer,-1,197,5,97,2,offspring:1
27095,spore_matured,Shroomer,-1,200,1,98,9,
27095,reproduce,Shroomer,-1,200,1,98,9,offspring:1
27096,starvation,Parrot,501,189,1,11,2,
27100,kill,Musk Ox,23,165,4,158,7,killed_by:Polar Bear:249
27102,kill,Boar,566,111,5,224,6,killed_by:Polar Bear:1326
27102,hunt_start,Boar,1380,154,9,229,9,target:Frog:1947
27102,kill,Shroomer,1588,211,9,90,5,killed_by:Bear:1706
27104,reproduce,Monkey,814,269,1,161,9,offspring:1
27105,hunt_start,Bear,1304,208,2,55,1,target:Shroomer:916
27106,hunt_start,Bear,3,233,0,103,0,target:Shroomer:1071
27108,kill,Monkey,990,0,0,35,5,killed_by:Jaguar:1360
27108,reproduce,Parrot,33,206,4,30,8,offspring:1
27109,starvation,Parrot,1571,28,6,142,6,
27109,hunt_fail,Jaguar,944,2,3,32,2,target_died
27109,hunt_start,Jaguar,1360,0,3,34,6,target:Monkey:1669
27110,kill,Frog,757,41,9,176,7,killed_by:Boar:1933
27111,hunt_start,Boar,1933,42,1,177,0,target:Frog:1555
27111,reproduce,Parrot,96,204,4,13,8,offspring:1
27113,hunt_start,Boar,1446,78,9,10,8,target:Frog:1701
27113,reproduce,Penguin,524,132,3,14,5,offspring:1
27117,starvation,Shroomer,484,234,6,70,1,
27118,hunt_start,Polar Bear,531,3,9,220,6,target:Lizard:1425
27118,reproduce,Penguin,1923,133,4,20,5,offspring:1
27121,hunt_start,Jaguar,944,2,2,32,1,target:Monkey:1669
27122,reproduce,Boar,150,64,1,172,5,offspring:2
27127,reproduce,Lizard,1269,288,0,31,9,offspring:2
27128,starvation,Lizard,693,116,5,9,5,
27128,spore_created,Shroomer,-1,239,2,152,1,
27128,spore_created,Shroomer,-1,243,9,156,2,
27132,hunt_start,Bear,1393,87,0,204,9,target:Shroomer:435
27135,reproduce,Camel,553,63,7,280,6,offspring:1
27138,hunt_start,Jaguar,287,87,4,56,0,target:Monkey:1622
27138,spore_created,Shroomer,-1,237,0,64,1,
27138,spore_created,Shroomer,-1,234,6,72,3,
27140,reproduce,Boar,361,143,6,126,1,offspring:2
27141,kill,Penguin,1418,154,2,13,0,killed_by:Polar Bear:619
27141,reproduce,Elk,563,201,4,261,0,offspring:1
27143,kill,Penguin,1819,130,0,90,3,killed_by:Polar Bear:51
27143,hunt_start,Jaguar,884,12,3,181,7,target:Tapir:1518
27144,hunt_start,Polar Bear,818,274,7,2,2,target:Parrot:1327
27145,hunt_start,Polar Bear,1333,110,5,112,0,target:Rabbit:1081
27147,kill,Shroomer,1129,190,5,78,6,killed_by:Bear:697
27150,kill,Boar,1537,273,7,127,5,killed_by:Bear:1659
27150,age_death,Lizard,1700,223,2,95,9,
27150,reproduce,Penguin,352,130,8,83,6,offspring:1
27158,age_death,Frog,1662,47,5,1,5,
27158,age_death,Frog,1701,73,8,16,2,
27158,reproduce,Penguin,1447,154,4,106,8,offspring:1
27159,hunt_fail,Boar,1446,77,1,12,8,target_died
27159,hunt_start,Boar,1446,77,1,12,8,target:Penguin:1773
27160,hunt_start,Jaguar,487,184,3,118,4,target:Deer:1493
27166,kill,Elk,354,0,0,207,3,killed_by:Polar Bear:128
27167,hunt_fail,Polar Bear,855,0,6,204,0,target_died
27167,hunt_start,Polar Bear,855,0,6,204,0,target:Elk:847
27171,spore_created,Shroomer,-1,179,4,112,0,
27171,spore_created,Shroomer,-1,179,6,101,2,
27174,spore_matured,Shroomer,-1,174,5,116,9,
27174,reproduce,Shroomer,-1,174,5,116,9,offspring:1
27175,hunt_start,Polar Bear,1512,224,1,50,5,target:Shroomer:1672
27175,reproduce,Frog,1230,88,1,26,5,offspring:2
27176,spore_matured,Shroomer,-1,138,3,107,1,
27176,reproduce,Shroomer,-1,138,3,107,1,offspring:1
27178,spore_created,Shroomer,-1,169,1,124,5,
27178,spore_created,Shroomer,-1,164,2,129,1,
27181,hunt_start,Polar Bear,1087,270,5,3,0,target:Parrot:1327
27181,reproduce,Elk,1347,256,9,132,6,offspring:1
27181,spore_created,Shroomer,-1,221,6,64,6,
27181,spore_created,Shroomer,-1,222,6,69,7,
27187,spore_created,Shroomer,-1,108,5,248,3,
27187,spore_created,Shroomer,-1,111,5,245,4,
27188,kill,Elk,821,6,6,208,1,killed_by:Jaguar:1640
27189,kill,Parrot,974,-0,0,-0,0,killed_by:Jaguar:16
27189,hunt_fail,Jaguar,404,6,1,200,3,target_died
27190,hunt_start,Jaguar,16,0,3,0,3,target:Parrot:914
27190,kill,Elk,847,0,1,208,9,killed_by:Bear:459
27191,hunt_fail,Polar Bear,855,0,7,204,8,target_died
27194,reproduce,Frog,725,24,5,15,5,offspring:2
27195,spore_created,Shroomer,-1,209,4,98,1,
27195,spore_created,Shroomer,-1,215,4,107,0,
27200,hunt_start,Boar,267,210,8,170,0,target:Lizard:1422
27200,kill,Shroomer,916,209,3,57,1,killed_by:Bear:1304
27201,hunt_start,Polar Bear,1326,111,8,223,9,target:Shroomer:1870
27202,hunt_start,Polar Bear,51,129,2,90,0,target:Penguin:990
27205,starvation,Tapir,1208,18,0,4,2,
27210,reproduce,Polar Bear,593,64,7,228,2,offspring:1
27211,hunt_start,Polar Bear,593,64,6,228,2,target:Boar:107
27211,hunt_start,Polar Bear,916,63,0,226,6,target:Boar:107
27212,hunt_start,Bear,386,221,4,102,3,target:Shroomer:1674
27215,reproduce,Lizard,1973,85,7,5,7,offspring:2
27218,starvation,Monkey,1411,191,1,165,5,
27221,kill,Deer,475,79,5,255,0,killed_by:Bear:1967
27222,environment_death,Elk,208,58,3,238,3,drowning
27222,hunt_fail,Bear,1525,61,5,245,1,target_died
27222,hunt_start,Bear,1525,61,5,245,1,target:Elk:197
27222,hunt_start,Bear,1880,79,2,243,3,target:Shroomer:1356
27226,spore_matured,Shroomer,-1,162,5,122,0,
27226,reproduce,Shroomer,-1,162,5,122,0,offspring:1
27227,hunt_start,Bear,1181,64,8,72,9,target:Boar:989
27228,spore_matured,Shroomer,-1,147,8,102,5,
27228,reproduce,Shroomer,-1,147,8,102,5,offspring:1
27231,spore_created,Shroomer,-1,92,2,238,4,
27231,spore_created,Shroomer,-1,96,3,246,7,
27232,hunt_start,Bear,746,39,1,101,4,target:Elk:1676
27233,hunt_start,Boar,1716,152,6,115,4,target:Shroomer:1934
27236,kill,Shroomer,1071,233,7,97,9,killed_by:Bear:3
27240,kill,Boar,1284,156,9,260,5,killed_by:Bear:997
27243,hunt_start,Polar Bear,450,126,0,30,3,target:Penguin:1222
27246,reproduce,Elk,5,217,5,53,6,offspring:1
27248,kill,Deer,570,85,8,179,1,killed_by:Bear:677
27248,reproduce,Deer,385,163,1,261,0,offspring:1
27252,kill,Shroomer,1232,25,5,201,5,killed_by:Faeling:266
27255,hunt_start,Bear,567,209,4,64,5,target:Shroomer:1122
27258,spore_matured,Shroomer,-1,234,8,72,2,
27258,reproduce,Shroomer,-1,234,8,72,2,offspring:1
27258,spore_matured,Shroomer,-1,237,1,63,9,
27258,reproduce,Shroomer,-1,237,1,63,9,offspring:1
27263,starvation,Parrot,929,183,6,96,2,
27264,hunt_start,Bear,462,100,4,262,0,target:Deer:1523
27268,kill,Boar,1293,46,8,215,5,killed_by:Bear:330
27269,hunt_fail,Bear,735,41,7,213,9,target_died
27269,hunt_start,Bear,735,41,7,213,9,target:Shroomer:1469
27276,starvation,Parrot,1214,267,7,47,5,
27277,reproduce,Lizard,1083,142,4,36,2,offspring:2
27277,reproduce,Camel,1834,139,5,23,3,offspring:1
27278,kill,Deer,1065,23,1,90,2,killed_by:Bear:1372
27279,reproduce,Rabbit,1922,168,5,22,0,offspring:2
27280,hunt_start,Boar,344,216,7,139,4,target:Lizard:1174
27281,reproduce,Tapir,479,53,7,13,9,offspring:1
27289,hunt_start,Polar Bear,1355,150,5,91,4,target:Musk Ox:429
27291,spore_matured,Shroomer,-1,179,9,112,4,
27291,reproduce,Shroomer,-1,179,9,112,4,offspring:1
27293,hunt_start,Polar Bear,1821,278,7,43,6,target:Boar:1650
27295,kill,Boar,107,66,7,221,7,killed_by:Polar Bear:916
27296,hunt_fail,Polar Bear,593,65,7,224,6,target_died
27296,hunt_start,Polar Bear,593,65,7,224,6,target:Tapir:685
27296,hunt_start,Polar Bear,916,66,0,221,9,target:Tapir:685
27297,kill,Shroomer,435,80,2,206,8,killed_by:Bear:1393
27298,reproduce,Penguin,1698,190,0,8,8,offspring:1
27299,kill,Penguin,1370,166,2,97,1,killed_by:Polar Bear:133
27300,spore_matured,Shroomer,-1,239,2,152,1,
27300,reproduce,Shroomer,-1,239,2,152,1,offspring:1
27301,starvation,Parrot,1833,51,7,160,5,
27301,spore_matured,Shroomer,-1,221,6,64,6,
27301,reproduce,Shroomer,-1,221,6,64,6,offspring:1
27301,spore_matured,Shroomer,-1,224,5,68,7,
27301,reproduce,Shroomer,-1,224,5,68,7,offspring:1
27304,hunt_fail,Wolf,1089,31,7,173,0,prey_escaped
27304,hunt_start,Wolf,1089,31,7,173,0,target:Frog:770
27304,reproduce,Monkey,897,188,1,153,2,offspring:1
27304,reproduce,Rabbit,1874,46,6,23,3,offspring:2
27307,spore_matured,Shroomer,-1,108,5,248,3,
27307,reproduce,Shroomer,-1,108,5,248,3,offspring:1
27307,spore_matured,Shroomer,-1,111,5,245,4,
27307,reproduce,Shroomer,-1,111,5,245,4,offspring:1
27312,hunt_start,Bear,809,80,8,228,2,target:Shroomer:370
27315,kill,Shroomer,1672,219,0,49,4,killed_by:Polar Bear:1512
27315,spore_matured,Shroomer,-1,215,4,107,0,
27315,reproduce,Shroomer,-1,215,4,107,0,offspring:1
27316,kill,Elk,792,220,6,58,6,killed_by:Polar Bear:687
27316,age_death,Monkey,10,49,5,232,3,
27316,age_death,Monkey,1235,75,5,278,0,
27318,reproduce,Monkey,1723,4,8,276,1,offspring:1
27330,kill,Shroomer,1870,107,1,226,7,killed_by:Polar Bear:1326
27333,kill,Shroomer,1122,208,0,66,9,killed_by:Bear:567
27333,reproduce,Monkey,472,137,9,24,6,offspring:1
27333,reproduce,Elk,959,124,3,8,4,offspring:1
27337,hunt_start,Bear,1643,257,0,121,0,target:Boar:1133
27341,reproduce,Elk,1206,40,2,194,4,offspring:1
27343,spore_matured,Shroomer,-1,179,9,101,3,
27343,reproduce,Shroomer,-1,179,9,101,3,offspring:1
27347,hunt_start,Polar Bear,497,213,5,65,8,target:Shroomer:576
27348,hunt_start,Bear,1851,229,3,40,3,target:Turtle:598
27349,hunt_start,Bear,437,86,7,224,9,target:Elk:1140
27350,reproduce,Monkey,704,36,0,196,9,offspring:1
27350,spore_matured,Shroomer,-1,169,2,124,5,
27350,reproduce,Shroomer,-1,169,2,124,5,offspring:1
27350,spore_matured,Shroomer,-1,164,2,129,1,
27350,reproduce,Shroomer,-1,164,2,129,1,offspring:1
27351,spore_matured,Shroomer,-1,96,3,246,5,
27351,reproduce,Shroomer,-1,96,3,246,5,offspring:1
27352,kill,Deer,1493,183,1,110,8,killed_by:Jaguar:487
27352,hunt_start,Boar,1029,67,3,183,5,target:Rabbit:530
27353,age_death,Fish,931,210,5,222,8,
27353,age_death,Fish,1384,226,1,238,9,
27356,age_death,Fish,1435,218,0,233,3,
27356,age_death,Fish,1436,202,5,233,2,
27356,reproduce,Deer,1216,162,8,284,5,offspring:1
27357,reproduce,Deer,1942,74,1,178,6,offspring:1
27358,hunt_start,Polar Bear,1793,121,8,18,2,target:Penguin:882
27359,age_death,Fish,1429,227,6,232,6,
27361,age_death,Fish,1432,217,9,232,3,
27361,age_death,Fish,1779,218,9,232,2,
27363,starvation,Shroomer,527,209,5,100,5,
27364,reproduce,Tapir,1348,172,1,258,4,offspring:1
27365,kill,Elk,197,56,6,250,9,killed_by:Bear:1525
27366,kill,Shroomer,1356,84,7,239,6,killed_by:Bear:1880
27368,starvation,Bear,806,240,8,186,3,
27369,starvation,Boar,1290,10,4,1,9,
27369,spore_matured,Shroomer,-1,92,0,237,9,
27369,reproduce,Shroomer,-1,92,0,237,9,offspring:1
27371,hunt_start,Jaguar,1893,5,3,153,1,target:Boar:1990
27371,reproduce,Musk Ox,652,161,2,151,1,offspring:1
27371,reproduce,Tapir,1205,162,7,280,0,offspring:1
27372,hunt_fail,Jaguar,1213,239,7,210,7,prey_escaped
27374,kill,Penguin,938,146,0,50,9,killed_by:Polar Bear:550
27376,kill,Boar,1990,4,3,154,9,killed_by:Jaguar:1893
27376,reproduce,Deer,1075,165,5,263,1,offspring:1
27379,kill,Tapir,1518,21,0,182,4,killed_by:Jaguar:884
27379,age_death,Deer,41,160,1,20,7,
27379,reproduce,Monkey,142,129,5,15,5,offspring:1
27380,reproduce,Parrot,1144,260,5,86,9,offspring:1
27380,reproduce,Polar Bear,1288,78,5,217,4,offspring:1
27381,hunt_start,Polar Bear,1288,78,5,217,5,target:Camel:1322
27381,hunt_start,Polar Bear,1432,76,8,216,7,target:Camel:1322
27387,kill,Frog,1555,28,8,190,7,killed_by:Boar:1933
27387,reproduce,Musk Ox,1430,161,2,156,8,offspring:1
27387,reproduce,Parrot,1501,81,3,0,0,offspring:1
27388,hunt_start,Boar,1933,29,1,190,4,target:Monkey:179
27388,reproduce,Elk,636,170,1,14,3,offspring:1
27388,reproduce,Turtle,679,117,4,83,8,offspring:1
27389,kill,Shroomer,370,79,3,225,4,killed_by:Bear:809
27389,reproduce,Lizard,1720,171,8,270,2,offspring:2
27400,reproduce,Parrot,124,262,5,157,5,offspring:1
27401,hunt_start,Polar Bear,1413,214,6,60,1,target:Shroomer:111
27401,reproduce,Elk,383,47,6,282,5,offspring:1
27406,hunt_start,Bear,1063,222,0,106,4,target:Shroomer:650
27408,kill,Musk Ox,429,155,9,94,6,killed_by:Polar Bear:1355
27408,hunt_start,Jaguar,1381,271,7,16,6,target:Parrot:1294
27409,starvation,Wolf,797,16,9,255,6,
27409,hunt_start,Boar,851,67,5,172,6,target:Monkey:1477
27414,hunt_start,Polar Bear,963,122,3,47,9,target:Elk:571
27415,kill,Frog,1230,93,0,35,6,killed_by:Boar:1951
27416,hunt_start,Polar Bear,1407,228,7,74,9,target:Shroomer:1317
27417,kill,Shroomer,576,215,0,64,0,killed_by:Polar Bear:497
27418,kill,Turtle,598,228,0,38,0,killed_by:Bear:1851
27420,starvation,Shroomer,1317,229,4,74,3,
27420,hunt_fail,Polar Bear,1407,228,7,74,8,target_died
27420,hunt_start,Polar Bear,1407,228,7,74,8,target:Shroomer:305
27422,reproduce,Rabbit,753,129,5,71,7,offspring:2
27424,environment_death,Shroomer,570,237,1,64,8,drowning
27424,starvation,Shroomer,779,215,4,87,4,
27425,starvation,Rabbit,562,52,7,160,7,
27425,hunt_start,Polar Bear,1397,152,0,96,6,target:Camel:1066
27426,kill,Elk,511,199,8,58,0,killed_by:Bear:448
27427,hunt_start,Boar,23,140,8,129,2,target:Shroomer:1596
27431,kill,Shroomer,1674,213,8,99,5,killed_by:Bear:386
27431,reproduce,Fish,1800,219,1,234,6,offspring:2
27434,hunt_start,Jaguar,1213,238,9,209,9,target:Rabbit:1121
27435,kill,Shroomer,1934,156,1,109,4,killed_by:Boar:1716
27436,kill,Boar,1650,270,3,48,1,killed_by:Polar Bear:1821
27437,starvation,Deer,239,162,4,7,4,
27437,reproduce,Monkey,1460,14,4,81,4,offspring:1
27438,hunt_start,Jaguar,302,32,6,183,9,target:Frog:770
27438,age_death,Monkey,474,50,1,158,7,
27439,reproduce,Penguin,1275,117,9,68,5,offspring:1
27439,reproduce,Fish,1438,216,8,238,0,offspring:2
27441,reproduce,Fish,1678,206,9,231,4,offspring:2
27442,kill,Faeling,266,52,7,197,2,killed_by:Shroomer:1948
27444,hunt_start,Polar Bear,1982,119,4,156,1,target:Musk Ox:431
27444,reproduce,Parrot,233,219,4,193,9,offspring:1
27448,kill,Frog,770,26,2,186,4,killed_by:Wolf:1089
27449,hunt_fail,Jaguar,302,32,6,183,9,target_died
27449,hunt_start,Jaguar,302,32,6,183,9,target:Boar:1933
27449,hunt_start,Wolf,1089,26,6,186,3,target:Monkey:179
27452,starvation,Monkey,234,24,6,70,5,
27452,kill,Camel,1322,74,9,219,6,killed_by:Polar Bear:1288
27453,hunt_start,Jaguar,577,151,9,88,3,target:Turtle:184
27453,hunt_fail,Polar Bear,1432,74,4,219,0,target_died
27453,hunt_start,Polar Bear,1432,74,4,219,0,target:Shroomer:572
27454,age_death,Fish,261,214,7,235,5,
27456,reproduce,Bear,1372,26,3,90,3,offspring:1
27456,reproduce,Monkey,1964,70,9,28,5,offspring:1
27457,hunt_start,Bear,570,24,9,89,6,target:Deer:496
27457,hunt_start,Bear,1372,26,3,90,3,target:Deer:496
27457,reproduce,Deer,1256,90,0,170,6,offspring:1
27459,hunt_start,Jaguar,410,143,1,96,0,target:Shroomer:178
27462,reproduce,Turtle,1131,209,6,15,4,offspring:1
27465,kill,Elk,1676,42,4,89,1,killed_by:Bear:746
27466,hunt_start,Bear,97,59,1,257,2,target:Deer:548
27466,hunt_start,Polar Bear,924,134,0,187,4,target:Musk Ox:739
27470,hunt_start,Jaguar,1163,271,1,14,6,target:Parrot:1294
27472,reproduce,Elk,181,215,0,160,9,offspring:1
27475,reproduce,Tapir,720,45,7,184,5,offspring:1
27477,reproduce,Deer,857,28,7,13,2,offspring:1
27483,reproduce,Deer,1151,14,0,79,5,offspring:1
27484,age_death,Parrot,1387,89,9,276,1,
27484,age_death,Parrot,1388,221,7,140,8,
27485,reproduce,Deer,59,145,3,25,0,offspring:1
27491,hunt_start,Polar Bear,1725,211,9,56,0,target:Shroomer:1031
27496,hunt_start,Bear,655,29,8,191,2,target:Boar:1933
27497,reproduce,Polar Bear,249,172,0,154,4,offspring:1
27498,hunt_start,Polar Bear,249,172,0,154,4,target:Musk Ox:482
27498,hunt_start,Polar Bear,266,171,9,152,0,target:Musk Ox:482
27498,kill,Shroomer,1469,47,1,215,4,killed_by:Bear:735
27498,reproduce,Fish,657,218,2,234,3,offspring:2
27499,hunt_start,Polar Bear,1876,3,0,189,1,target:Monkey:179
27501,hunt_start,Bear,1160,40,4,186,5,target:Elk:1299
27502,starvation,Lizard,1703,0,0,40,9,
27505,hunt_start,Jaguar,404,8,9,198,3,target:Monkey:179
27508,kill,Boar,1133,253,3,131,3,killed_by:Bear:1643
27511,starvation,Shroomer,1919,213,9,89,8,
27511,kill,Tapir,1536,62,0,277,6,killed_by:Polar Bear:493
27512,hunt_start,Polar Bear,493,61,7,277,0,target:Elk:1297
27512,kill,Tapir,685,53,4,217,6,killed_by:Polar Bear:916
27513,starvation,Parrot,610,18,4,0,0,
27513,starvation,Monkey,1427,54,1,160,8,
27513,hunt_fail,Bear,100,50,4,178,7,target_died
27513,hunt_start,Bear,100,50,4,178,7,target:Frog:273
27513,hunt_fail,Polar Bear,593,56,3,219,2,target_died
27513,hunt_start,Polar Bear,593,56,3,219,2,target:Rabbit:1401
27513,kill,Boar,989,66,6,55,3,killed_by:Bear:1181
27513,reproduce,Monkey,1548,204,3,215,1,offspring:1
27518,spore_created,Shroomer,-1,122,4,116,7,
27518,spore_created,Shroomer,-1,129,4,106,5,
27519,reproduce,Penguin,669,52,0,103,7,offspring:1
27519,reproduce,Parrot,1061,142,4,25,5,offspring:1
27519,reproduce,Parrot,1294,266,2,25,6,offspring:1
27520,kill,Penguin,1773,58,2,23,7,killed_by:Boar:1446
27520,kill,Parrot,1501,76,0,0,0,killed_by:Polar Bear:1733
27521,kill,Shroomer,305,226,5,77,4,killed_by:Polar Bear:1407
27521,hunt_start,Boar,1446,58,6,23,5,target:Lizard:583
27521,hunt_start,Polar Bear,1733,76,8,0,0,target:Parrot:527
27526,kill,Musk Ox,431,115,4,158,1,killed_by:Polar Bear:1982
27530,reproduce,Penguin,1480,96,1,74,8,offspring:1
27530,reproduce,Parrot,1572,69,2,24,3,offspring:1
27530,spore_created,Shroomer,-1,242,3,115,3,
27530,spore_created,Shroomer,-1,237,7,115,7,
27531,kill,Shroomer,650,217,7,109,4,killed_by:Bear:1063
27534,reproduce,Elk,372,138,4,199,9,offspring:1
27538,kill,Camel,1066,155,3,101,4,killed_by:Polar Bear:1397
27539,kill,Parrot,1327,288,0,-0,0,killed_by:Polar Bear:818
27540,kill,Shroomer,178,140,7,100,6,killed_by:Jaguar:410
27540,hunt_start,Polar Bear,818,287,4,0,2,target:Parrot:834
27540,hunt_fail,Polar Bear,1087,284,0,0,7,target_died
27540,hunt_start,Polar Bear,1087,284,0,0,7,target:Parrot:1186
27540,hunt_start,Bear,1706,212,5,92,0,target:Shroomer:186
27541,spore_created,Shroomer,-1,263,8,106,0,
27541,spore_created,Shroomer,-1,255,2,116,0,
27542,starvation,Penguin,1273,95,8,28,0,
27543,kill,Penguin,990,141,6,71,3,killed_by:Polar Bear:51
27543,kill,Penguin,1222,136,4,13,4,killed_by:Polar Bear:450
27543,reproduce,Elk,956,137,0,196,9,offspring:1
27545,hunt_fail,Jaguar,944,2,4,30,9,prey_escaped
27545,kill,Penguin,882,130,5,10,9,killed_by:Polar Bear:1793
27546,kill,Shroomer,572,77,3,220,3,killed_by:Polar Bear:1432
27546,reproduce,Monkey,1094,17,2,85,4,offspring:1
27547,hunt_start,Polar Bear,1432,76,6,220,7,target:Shroomer:973
27547,hunt_start,Polar Bear,1985,105,3,46,9,target:Penguin:332
27549,reproduce,Penguin,334,70,4,6,1,offspring:1
27554,reproduce,Bear,746,42,9,90,5,offspring:1
27555,hunt_start,Bear,305,42,0,89,6,target:Elk:1113
27555,hunt_start,Bear,746,42,9,90,5,target:Deer:69
27561,kill,Shroomer,1031,211,7,58,7,killed_by:Polar Bear:1725
27563,reproduce,Parrot,1519,223,8,192,2,offspring:1
27564,kill,Frog,1947,139,4,206,6,killed_by:Boar:1380
27567,reproduce,Elk,1003,31,2,68,6,offspring:1
27570,reproduce,Deer,1589,5,4,161,2,offspring:1
27571,starvation,Monkey,1489,41,9,145,7,
27572,starvation,Rabbit,864,10,3,105,5,
27574,age_death,Fish,510,216,4,236,6,
27574,age_death,Fish,1438,216,7,237,9,
27576,kill,Shroomer,111,216,2,56,0,killed_by:Polar Bear:1413
27579,reproduce,Camel,1820,90,4,197,4,offspring:1
27580,age_death,Parrot,442,248,4,181,5,
27582,starvation,Deer,270,245,9,83,3,
27582,kill,Musk Ox,739,135,8,181,7,killed_by:Polar Bear:924
27582,reproduce,Fish,560,213,2,236,0,offspring:2
27585,hunt_start,Bear,697,192,6,78,0,target:Shroomer:166
27585,reproduce,Deer,500,269,3,71,1,offspring:1
27585,reproduce,Deer,643,131,6,22,5,offspring:1
27588,hunt_start,Bear,1659,273,2,127,9,target:Deer:802
27588,spore_created,Shroomer,-1,196,9,93,5,
27588,spore_created,Shroomer,-1,206,0,97,5,
27590,reproduce,Camel,411,95,2,86,3,offspring:1
27592,starvation,Parrot,1419,218,8,75,8,
27594,hunt_start,Polar Bear,1630,277,1,60,0,target:Musk Ox:627
27594,reproduce,Parrot,1670,97,7,78,4,offspring:1
27597,spore_created,Shroomer,-1,115,1,249,8,
27597,spore_created,Shroomer,-1,117,0,257,9,
27598,age_death,Camel,256,141,9,67,4,
27601,starvation,Shroomer,1200,246,6,73,4,
27604,starvation,Monkey,1306,220,4,114,4,
27604,hunt_start,Polar Bear,1730,210,7,74,3,target:Shroomer:701
27606,reproduce,Polar Bear,924,135,3,181,7,offspring:1
27607,hunt_start,Polar Bear,924,135,4,181,7,target:Musk Ox:1496
27607,hunt_start,Polar Bear,1947,136,5,184,6,target:Musk Ox:1496
27607,reproduce,Monkey,686,264,6,274,9,offspring:1
27609,starvation,Polar Bear,339,198,0,77,3,
27610,kill,Shroomer,186,210,8,93,2,killed_by:Bear:1706
27611,reproduce,Parrot,1108,133,3,30,3,offspring:1
27611,reproduce,Monkey,1669,0,1,0,0,offspring:1
27612,reproduce,Musk Ox,540,147,4,99,4,offspring:1
27617,kill,Rabbit,473,96,2,157,6,killed_by:Wolf:1583
27617,reproduce,Parrot,1234,128,5,70,3,offspring:1
27618,hunt_start,Wolf,1583,96,5,157,7,target:Deer:747
27622,kill,Musk Ox,482,175,2,162,6,killed_by:Polar Bear:249
27623,hunt_fail,Polar Bear,266,173,9,159,2,target_died
27623,hunt_start,Polar Bear,266,173,9,159,2,target:Turtle:1569
27624,kill,Deer,1523,92,8,279,2,killed_by:Bear:462
27625,starvation,Shroomer,812,228,5,89,0,
27628,spore_created,Shroomer,-1,214,8,60,8,
27628,spore_created,Shroomer,-1,215,8,57,9,
27632,hunt_start,Polar Bear,1864,130,8,62,8,target:Elk:1143
27633,age_death,Parrot,1409,278,3,32,1,
27633,reproduce,Parrot,440,74,7,202,4,offspring:1
27633,reproduce,Monkey,1020,277,7,222,1,offspring:1
27635,hunt_start,Boar,566,148,7,139,4,target:Frog:1831
27636,reproduce,Monkey,731,280,7,31,1,offspring:1
27637,reproduce,Monkey,952,207,2,221,9,offspring:1
27638,starvation,Parrot,1437,76,4,116,4,
27638,hunt_fail,Jaguar,1056,77,7,121,1,target_died
27638,hunt_start,Bear,1304,208,9,53,3,target:Elk:5
27638,spore_matured,Shroomer,-1,122,4,116,7,
27638,reproduce,Shroomer,-1,122,4,116,7,offspring:1
27638,spore_matured,Shroomer,-1,129,4,106,5,
27638,reproduce,Shroomer,-1,129,4,106,5,offspring:1
27641,hunt_start,Boar,1951,91,3,34,6,target:Frog:1819
27641,reproduce,Elk,1191,200,3,256,1,offspring:1
27643,kill,Elk,1297,61,8,284,9,killed_by:Polar Bear:493
27644,kill,Elk,1140,92,8,238,3,killed_by:Bear:437
27644,hunt_start,Polar Bear,478,286,3,116,5,target:Boar:1675
27648,reproduce,Bear,997,153,1,257,7,offspring:1
27649,starvation,Bear,1529,141,3,225,0,
27649,hunt_start,Bear,473,155,3,259,0,target:Elk:412
27649,hunt_start,Bear,997,153,1,257,7,target:Deer:635
27649,kill,Monkey,1669,0,0,0,0,killed_by:Jaguar:1360
27650,hunt_start,Jaguar,1360,0,6,0,3,target:Monkey:510
27650,hunt_fail,Polar Bear,1817,0,4,4,4,target_died
27650,hunt_start,Polar Bear,1817,0,4,4,4,target:Monkey:510
27651,kill,Elk,571,130,6,34,8,killed_by:Polar Bear:963
27652,starvation,Lizard,999,265,1,49,2,
27652,hunt_fail,Boar,525,267,6,43,8,target_died
27652,hunt_fail,Bear,1055,238,6,51,5,target_died
27652,hunt_start,Bear,1055,238,6,51,5,target:Monkey:45
27657,starvation,Parrot,297,182,0,94,9,
27657,spore_created,Shroomer,-1,207,7,67,5,
27657,spore_created,Shroomer,-1,209,4,51,1,
27659,hunt_start,Bear,1967,78,7,260,6,target:Shroomer:1445
27662,starvation,Bear,373,29,3,142,3,
27663,kill,Turtle,184,143,6,89,0,killed_by:Jaguar:577
27664,hunt_fail,Jaguar,1939,144,4,85,2,target_died
27664,hunt_start,Jaguar,1939,144,4,85,2,target:Monkey:1686
27667,reproduce,Penguin,202,126,8,97,7,offspring:1
27668,hunt_fail,Polar Bear,478,285,3,115,4,discomfort
27669,starvation,Turtle,1829,218,6,80,5,
27670,starvation,Parrot,1494,16,6,34,6,
27671,kill,Shroomer,166,194,0,75,2,killed_by:Bear:697
27671,reproduce,Musk Ox,53,143,4,37,2,offspring:1
27671,spore_created,Shroomer,-1,212,8,102,5,
27671,spore_created,Shroomer,-1,206,6,103,1,
27672,age_death,Rabbit,407,274,0,71,7,
27672,spore_created,Shroomer,-1,108,8,252,1,
27672,spore_created,Shroomer,-1,106,0,242,1,
27673,starvation,Rabbit,1401,45,3,227,9,
27673,hunt_fail,Polar Bear,593,51,8,223,1,target_died
27673,hunt_start,Polar Bear,593,51,8,223,1,target:Tapir:317
27674,hunt_start,Bear,3,234,6,98,3,target:Shroomer:367
27674,hunt_start,Polar Bear,619,158,4,19,2,target:Monkey:723
27674,kill,Shroomer,701,212,1,76,0,killed_by:Polar Bear:1730
27674,reproduce,Parrot,1184,20,8,92,6,offspring:1
27680,kill,Monkey,179,15,7,199,2,killed_by:Wolf:1089
27680,reproduce,Polar Bear,1793,129,4,13,7,offspring:1
27681,hunt_fail,Jaguar,404,13,0,195,9,target_died
27681,hunt_start,Jaguar,404,13,0,195,9,target:Boar:1933
27681,hunt_start,Wolf,1089,15,4,198,5,target:Frog:849
27681,hunt_start,Polar Bear,1140,129,0,12,8,target:Penguin:524
27681,hunt_start,Polar Bear,1793,129,4,13,7,target:Penguin:524
27681,hunt_fail,Polar Bear,1876,10,9,193,5,target_died
27681,hunt_start,Polar Bear,1876,10,9,193,5,target:Boar:1933
27681,hunt_fail,Boar,1933,15,9,194,2,target_died
27681,spore_created,Shroomer,-1,199,6,117,9,
27681,spore_created,Shroomer,-1,197,9,131,0,
27685,reproduce,Lizard,176,277,5,32,0,offspring:2
27686,hunt_start,Bear,677,87,4,177,5,target:Camel:151
27687,reproduce,Monkey,1329,80,1,27,7,offspring:1
27694,age_death,Lizard,1719,181,0,205,5,
27694,age_death,Lizard,1720,191,1,275,4,
27695,hunt_fail,Boar,1665,185,4,273,7,target_died
27695,hunt_start,Boar,1665,185,4,273,7,target:Lizard:1290
27695,reproduce,Lizard,1688,211,5,203,1,offspring:2
27699,reproduce,Parrot,1554,267,1,88,0,offspring:1
27701,kill,Shroomer,1596,134,4,124,0,killed_by:Boar:23
27704,hunt_start,Boar,1716,155,8,111,4,target:Shroomer:316
27705,starvation,Boar,1331,255,1,66,6,
27706,hunt_start,Bear,330,45,4,217,4,target:Lizard:165
27707,kill,Elk,1113,40,5,80,6,killed_by:Bear:305
27707,reproduce,Boar,368,276,5,51,1,offspring:2
27708,spore_matured,Shroomer,-1,206,2,97,6,
27708,reproduce,Shroomer,-1,206,2,97,6,offspring:1
27708,spore_matured,Shroomer,-1,196,7,93,7,
27708,reproduce,Shroomer,-1,196,7,93,7,offspring:1
27709,reproduce,Boar,1675,276,9,107,2,offspring:2
27710,hunt_start,Boar,179,278,1,104,7,target:Monkey:1924
27710,hunt_start,Boar,701,278,1,104,7,target:Monkey:1924
27712,reproduce,Parrot,1426,160,5,194,3,offspring:1
27713,spore_matured,Shroomer,-1,255,1,116,0,
27713,reproduce,Shroomer,-1,255,1,116,0,offspring:1
27715,spore_created,Shroomer,-1,206,0,56,6,
27715,spore_created,Shroomer,-1,213,0,59,4,
27719,reproduce,Penguin,1067,172,3,16,2,offspring:1
27721,environment_death,Shroomer,1298,202,1,99,1,drowning
27721,reproduce,Rabbit,1476,275,1,95,2,offspring:2
27733,kill,Boar,1933,17,0,195,1,killed_by:Jaguar:404
27734,hunt_fail,Jaguar,302,30,9,184,8,target_died
27734,hunt_start,Jaguar,302,30,9,184,8,target:Monkey:704
27734,hunt_fail,Bear,655,20,0,192,4,target_died
27734,hunt_start,Bear,655,20,0,192,4,target:Elk:1172
27734,hunt_fail,Polar Bear,1876,13,3,194,0,target_died
27734,hunt_start,Polar Bear,1876,13,3,194,0,target:Tapir:695
27734,hunt_fail,Polar Bear,1986,16,7,193,9,target_died
27734,hunt_start,Polar Bear,1986,16,7,193,9,target:Tapir:695
27734,reproduce,Elk,414,32,0,69,2,offspring:1
27735,hunt_start,Bear,1393,80,9,204,9,target:Shroomer:280
27739,hunt_start,Wolf,1157,133,5,243,2,target:Monkey:819
27740,starvation,Boar,1303,255,1,66,6,
27740,kill,Shroomer,973,74,4,229,8,killed_by:Polar Bear:1432
27740,reproduce,Monkey,1772,274,4,29,9,offspring:1
27741,hunt_start,Polar Bear,1432,74,6,228,9,target:Shroomer:1376
27744,kill,Shroomer,367,236,4,96,4,killed_by:Bear:3
27744,reproduce,Monkey,1878,140,4,65,0,offspring:1
27748,hunt_start,Jaguar,1893,4,7,151,6,target:Deer:688
27748,reproduce,Tapir,199,164,1,104,7,offspring:1
27748,spore_matured,Shroomer,-1,215,9,57,8,
27748,reproduce,Shroomer,-1,215,9,57,8,offspring:1
27748,spore_matured,Shroomer,-1,214,6,60,7,
27748,reproduce,Shroomer,-1,214,6,60,7,offspring:1
27755,reproduce,Polar Bear,450,136,0,17,8,offspring:1
27756,hunt_start,Polar Bear,367,134,9,18,3,target:Turtle:900
27756,hunt_start,Polar Bear,450,136,0,17,8,target:Turtle:900
27757,kill,Deer,747,84,2,164,3,killed_by:Wolf:1583
27758,starvation,Parrot,338,19,0,0,0,
27758,hunt_start,Wolf,1583,84,6,164,1,target:Parrot:1695
27760,kill,Turtle,1569,165,8,159,8,killed_by:Polar Bear:266
27761,hunt_start,Polar Bear,266,166,5,159,7,target:Musk Ox:1430
27761,kill,Musk Ox,1496,144,5,178,4,killed_by:Polar Bear:1947
27762,starvation,Rabbit,1081,149,1,109,0,
27762,hunt_fail,Polar Bear,924,143,6,178,4,target_died
27762,hunt_start,Polar Bear,924,143,6,178,4,target:Boar:228
27762,hunt_fail,Polar Bear,1333,141,4,107,8,target_died
27762,hunt_start,Polar Bear,1333,141,4,107,8,target:Camel:1979
27766,kill,Elk,1299,48,2,196,5,killed_by:Bear:1160
27768,reproduce,Elk,288,198,0,257,0,offspring:1
27769,spore_matured,Shroomer,-1,115,0,249,7,
27769,reproduce,Shroomer,-1,115,0,249,7,offspring:1
27770,kill,Elk,412,163,2,262,3,killed_by:Bear:473
27771,starvation,Shroomer,453,203,6,96,9,
27771,hunt_start,Bear,567,208,7,70,3,target:Shroomer:1354
27777,spore_matured,Shroomer,-1,207,9,67,7,
27777,reproduce,Shroomer,-1,207,9,67,7,offspring:1
27778,reproduce,Tapir,869,195,5,95,9,offspring:1
27779,kill,Shroomer,1445,78,5,265,8,killed_by:Bear:1967
27780,kill,Parrot,1186,288,0,6,5,killed_by:Polar Bear:1087
27781,hunt_start,Polar Bear,1087,287,2,6,3,target:Parrot:544
27781,hunt_fail,Polar Bear,1687,287,8,10,4,target_died
27781,hunt_start,Polar Bear,1687,287,8,10,4,target:Parrot:544
27781,reproduce,Rabbit,508,168,6,151,4,offspring:2
27786,reproduce,Frog,84,48,9,187,9,offspring:2
27786,spore_created,Shroomer,-1,223,8,61,8,
27786,spore_created,Shroomer,-1,224,1,57,1,
27788,hunt_start,Jaguar,944,0,5,27,2,target:Parrot:1515
27791,reproduce,Parrot,904,269,1,143,7,offspring:1
27791,spore_matured,Shroomer,-1,206,6,103,1,
27791,reproduce,Shroomer,-1,206,6,103,1,offspring:1
27801,spore_matured,Shroomer,-1,199,6,117,9,
27801,reproduce,Shroomer,-1,199,6,117,9,offspring:1
27801,spore_matured,Shroomer,-1,197,9,131,0,
27801,reproduce,Shroomer,-1,197,9,131,0,offspring:1
27803,hunt_start,Bear,1525,61,8,248,8,target:Shroomer:129
27803,kill,Musk Ox,627,285,7,67,1,killed_by:Polar Bear:1630
27804,hunt_start,Bear,1880,88,0,243,1,target:Shroomer:601
27806,spore_created,Shroomer,-1,255,6,124,3,
27806,spore_created,Shroomer,-1,262,5,111,7,
27808,environment_death,Shroomer,121,236,4,70,9,drowning
27808,kill,Parrot,834,288,0,5,5,killed_by:Polar Bear:818
27808,reproduce,Camel,262,147,6,212,1,offspring:1
27809,hunt_start,Polar Bear,818,288,0,4,8,target:Parrot:544
27809,hunt_fail,Jaguar,919,287,8,7,6,target_died
27809,hunt_start,Jaguar,919,287,8,7,6,target:Parrot:544
27809,kill,Parrot,544,288,0,7,1,killed_by:Jaguar:919
27810,hunt_fail,Polar Bear,818,288,0,4,8,target_died
27810,hunt_start,Polar Bear,818,288,0,4,8,target:Lizard:1039
27810,hunt_fail,Polar Bear,1087,287,5,6,6,target_died
27810,hunt_start,Polar Bear,1087,287,5,6,6,target:Lizard:1039
27810,hunt_fail,Polar Bear,1687,287,9,9,7,target_died
27810,hunt_start,Polar Bear,1687,287,9,9,7,target:Lizard:1039
27810,spore_created,Shroomer,-1,115,5,245,2,
27810,spore_created,Shroomer,-1,104,9,243,7,
27814,starvation,Deer,1514,258,0,173,7,
27815,starvation,Parrot,1351,20,3,0,0,
27817,reproduce,Parrot,1415,117,7,91,1,offspring:1
27818,kill,Deer,1338,57,7,281,4,killed_by:Bear:1925
27818,age_death,Parrot,1415,117,7,91,1,
27818,reproduce,Deer,1484,93,6,247,4,offspring:1
27818,spore_created,Shroomer,-1,75,0,209,6,
27818,spore_created,Shroomer,-1,74,6,197,8,
27819,hunt_fail,Bear,1007,57,1,264,8,target_died
27819,hunt_start,Bear,1007,57,1,264,8,target:Elk:1909
27819,hunt_start,Bear,1925,57,7,280,7,target:Elk:1724
27821,kill,Elk,1143,136,5,74,1,killed_by:Polar Bear:1864
27825,kill,Deer,548,79,3,255,8,killed_by:Bear:97
27826,spore_created,Shroomer,-1,96,1,284,7,
27826,spore_created,Shroomer,-1,93,6,289,7,
27827,hunt_start,Bear,809,82,4,228,8,target:Shroomer:244
27827,kill,Shroomer,280,77,9,207,5,killed_by:Bear:1393
27829,spore_matured,Shroomer,-1,209,6,51,2,
27829,reproduce,Shroomer,-1,209,6,51,2,offspring:1
27830,reproduce,Parrot,787,267,5,256,8,offspring:1
27832,reproduce,Parrot,210,38,5,148,3,offspring:1
27835,spore_matured,Shroomer,-1,212,8,59,4,
27835,reproduce,Shroomer,-1,212,8,59,4,offspring:1
27837,reproduce,Deer,1210,71,9,260,5,offspring:1
27839,hunt_start,Boar,1716,157,7,109,9,target:Shroomer:316
27841,kill,Shroomer,1354,206,9,71,4,killed_by:Bear:567
27842,starvation,Elk,888,205,6,96,5,
27842,hunt_start,Polar Bear,133,159,4,96,5,target:Shroomer:1073
27842,reproduce,Rabbit,219,196,2,280,1,offspring:2
27844,spore_matured,Shroomer,-1,108,1,252,5,
27844,reproduce,Shroomer,-1,108,1,252,5,offspring:1
27844,spore_matured,Shroomer,-1,106,7,241,7,
27844,reproduce,Shroomer,-1,106,7,241,7,offspring:1
27846,kill,Deer,1592,52,9,1,6,killed_by:Jaguar:443
27847,hunt_start,Jaguar,443,52,2,2,0,target:Deer:1058
27852,starvation,Jaguar,1111,205,1,105,4,
27854,starvation,Jaguar,1912,274,4,255,6,
27856,hunt_start,Bear,1851,221,2,36,6,target:Musk Ox:311
27856,spore_created,Shroomer,-1,182,0,103,2,
27856,spore_created,Shroomer,-1,191,5,108,1,
27857,starvation,Monkey,1405,184,8,184,0,
27858,hunt_start,Polar Bear,1512,220,5,40,9,target:Musk Ox:70
27858,kill,Parrot,527,51,9,0,0,killed_by:Polar Bear:1733
27859,hunt_start,Polar Bear,687,223,6,57,0,target:Shroomer:1106
27859,hunt_start,Polar Bear,1733,52,8,0,0,target:Lizard:1973
27859,reproduce,Parrot,1515,4,9,20,7,offspring:1
27862,starvation,Parrot,247,197,1,43,6,
27862,reproduce,Musk Ox,972,164,8,207,9,offspring:1
27864,hunt_start,Bear,448,197,8,58,5,target:Shroomer:1621
27866,reproduce,Musk Ox,618,126,2,198,2,offspring:1
27869,hunt_start,Bear,386,216,6,100,7,target:Shroomer:211
27869,kill,Rabbit,1996,51,6,0,0,killed_by:Jaguar:865
27869,kill,Deer,1881,132,2,40,4,killed_by:Jaguar:983
27870,hunt_start,Jaguar,865,51,1,0,1,target:Parrot:1267
27870,hunt_start,Jaguar,983,132,6,39,9,target:Elk:656
27870,kill,Camel,1979,145,4,112,0,killed_by:Polar Bear:1333
27871,kill,Turtle,900,142,4,16,9,killed_by:Polar Bear:450
27872,hunt_fail,Polar Bear,367,140,0,16,9,target_died
27872,hunt_start,Polar Bear,367,140,0,16,9,target:Penguin:1323
27873,hunt_start,Polar Bear,1326,109,0,222,6,target:Boar:456
27875,reproduce,Parrot,1308,198,2,282,9,offspring:1
27876,kill,Musk Ox,1430,159,6,159,3,killed_by:Polar Bear:266
27876,hunt_fail,Boar,344,212,7,123,9,prey_escaped
27877,starvation,Jaguar,1213,237,5,201,9,
27879,hunt_start,Jaguar,1056,78,0,118,8,target:Tapir:906
27882,reproduce,Boar,1178,277,7,209,9,offspring:2
27882,spore_created,Shroomer,-1,218,2,103,3,
27882,spore_created,Shroomer,-1,215,6,100,5,
27882,spore_created,Shroomer,-1,181,6,114,6,
27882,spore_created,Shroomer,-1,182,7,110,0,
27887,spore_matured,Shroomer,-1,205,9,56,5,
27887,reproduce,Shroomer,-1,205,9,56,5,offspring:1
27892,hunt_start,Boar,361,148,0,127,2,target:Lizard:1620
27893,spore_created,Shroomer,-1,252,9,74,5,
27893,spore_created,Shroomer,-1,258,4,73,9,
27894,kill,Camel,151,77,8,182,7,killed_by:Bear:677
27894,kill,Parrot,1267,52,5,-0,0,killed_by:Jaguar:865
27895,hunt_start,Jaguar,865,52,2,-0,0,target:Lizard:1973
27902,reproduce,Parrot,1434,64,8,275,6,offspring:1
27904,kill,Monkey,510,16,7,0,0,killed_by:Polar Bear:1817
27905,hunt_fail,Jaguar,1360,6,5,0,2,target_died
27905,hunt_start,Polar Bear,1817,15,5,0,0,target:Lizard:950
27906,reproduce,Tapir,713,120,0,161,4,offspring:1
27906,spore_created,Shroomer,-1,249,2,77,3,
27906,spore_created,Shroomer,-1,257,1,78,7,
27906,spore_matured,Shroomer,-1,224,3,56,7,
27906,reproduce,Shroomer,-1,224,3,56,7,offspring:1
27906,spore_matured,Shroomer,-1,223,7,62,0,
27906,reproduce,Shroomer,-1,223,7,62,0,offspring:1
27912,hunt_start,Jaguar,410,136,0,96,5,target:Turtle:185
27913,kill,Boar,228,153,4,181,0,killed_by:Polar Bear:924
27914,hunt_start,Polar Bear,924,152,8,180,7,target:Musk Ox:1748
27916,kill,Shroomer,601,90,4,247,6,killed_by:Bear:1880
27917,hunt_start,Polar Bear,550,139,7,60,5,target:Frog:773
27917,age_death,Monkey,1279,126,2,147,1,
27918,age_death,Parrot,392,105,2,242,9,
27920,age_death,Monkey,1280,67,2,275,4,
27920,age_death,Monkey,1282,13,1,250,1,
27920,reproduce,Deer,380,2,5,253,2,offspring:1
27921,kill,Deer,1058,57,1,4,5,killed_by:Jaguar:443
27923,kill,Shroomer,1073,157,8,93,1,killed_by:Polar Bear:133
27926,kill,Deer,688,5,1,137,4,killed_by:Jaguar:1893
27928,kill,Elk,5,223,8,47,6,killed_by:Bear:1304
27929,reproduce,Musk Ox,901,259,8,72,1,offspring:1
27930,starvation,Jaguar,1163,269,9,16,2,
27930,spore_matured,Shroomer,-1,104,6,244,3,
27930,reproduce,Shroomer,-1,104,6,244,3,offspring:1
27930,spore_matured,Shroomer,-1,115,5,245,2,
27930,reproduce,Shroomer,-1,115,5,245,2,offspring:1
27931,kill,Shroomer,129,66,5,246,9,killed_by:Bear:1525
27933,reproduce,Tapir,243,166,9,170,4,offspring:1
27938,spore_matured,Shroomer,-1,74,6,197,8,
27938,reproduce,Shroomer,-1,74,6,197,8,offspring:1
27938,spore_matured,Shroomer,-1,75,0,209,6,
27938,reproduce,Shroomer,-1,75,0,209,6,offspring:1
27939,kill,Shroomer,211,215,7,98,5,killed_by:Bear:386
27940,starvation,Parrot,1997,260,6,172,6,
27940,reproduce,Parrot,1396,103,9,76,4,offspring:1
27941,hunt_fail,Boar,1029,61,1,177,2,prey_escaped
27941,reproduce,Faeling,0,0,8,194,9,offspring:1
27944,kill,Camel,1183,125,1,44,6,killed_by:Jaguar:1251
27944,reproduce,Parrot,614,108,2,75,0,offspring:1
27945,kill,Elk,656,138,4,39,4,killed_by:Jaguar:983
27945,hunt_start,Jaguar,1251,125,8,44,6,target:Deer:640
27946,starvation,Deer,1423,121,3,227,0,
27946,hunt_start,Bear,1643,259,3,124,9,target:Boar:1613
27946,hunt_fail,Bear,1818,134,7,208,7,target_died
27946,hunt_start,Bear,1818,134,7,208,7,target:Boar:1380
27946,kill,Musk Ox,311,219,0,38,8,killed_by:Bear:1851
27946,reproduce,Musk Ox,1787,205,7,21,8,offspring:1
27946,spore_matured,Shroomer,-1,93,6,289,7,
27946,reproduce,Shroomer,-1,93,6,289,7,offspring:1
27947,reproduce,Parrot,96,201,8,7,2,offspring:1
27947,reproduce,Penguin,1175,49,4,97,4,offspring:1
27948,reproduce,Deer,365,90,0,253,1,offspring:1
27948,reproduce,Parrot,1395,21,8,142,3,offspring:1
27949,kill,Penguin,332,89,1,64,1,killed_by:Polar Bear:1985
27950,kill,Shroomer,1621,200,7,60,7,killed_by:Bear:448
27950,reproduce,Elk,1909,62,5,274,3,offspring:1
27951,kill,Frog,849,36,7,205,0,killed_by:Wolf:1089
27951,hunt_start,Bear,1181,58,1,56,4,target:Boar:1101
27951,hunt_start,Polar Bear,1355,150,4,95,7,target:Musk Ox:540
27951,kill,Deer,496,36,0,65,2,killed_by:Bear:1372
27951,kill,Elk,1724,49,6,284,9,killed_by:Bear:1925
27951,age_death,Lizard,1361,73,0,23,8,
27952,hunt_fail,Bear,570,30,8,77,5,target_died
27952,hunt_start,Bear,570,30,8,77,5,target:Elk:882
27952,hunt_start,Wolf,1089,36,3,204,9,target:Monkey:1235
27952,hunt_start,Bear,1372,35,9,66,0,target:Elk:30
27952,hunt_start,Bear,1925,50,3,284,5,target:Elk:938
27954,spore_created,Shroomer,-1,236,7,80,1,
27954,spore_created,Shroomer,-1,232,5,71,6,
27955,hunt_start,Jaguar,1360,5,1,1,7,target:Parrot:1338
27957,environment_death,Shroomer,610,207,8,103,1,drowning
27958,reproduce,Elk,1781,126,8,136,6,offspring:1
27958,reproduce,Polar Bear,1985,89,4,63,3,offspring:1
27959,hunt_start,Polar Bear,1985,89,4,63,3,target:Deer:1497
27959,hunt_start,Polar Bear,1997,87,3,60,5,target:Boar:1757
27960,hunt_start,Polar Bear,497,212,4,62,7,target:Shroomer:878
27960,hunt_start,Boar,525,275,2,45,0,target:Parrot:1464
27960,reproduce,Penguin,514,77,2,14,4,offspring:1
27960,reproduce,Penguin,1072,65,1,8,3,offspring:1
27964,kill,Shroomer,1106,226,0,53,8,killed_by:Polar Bear:687
27965,reproduce,Monkey,704,40,1,195,3,offspring:1
27967,environment_death,Shroomer,1445,199,6,118,8,drowning
27968,kill,Turtle,185,134,5,100,6,killed_by:Jaguar:410
27969,hunt_start,Bear,1063,218,4,108,6,target:Shroomer:354
27972,reproduce,Parrot,1040,18,3,26,6,offspring:1
27976,hunt_start,Boar,23,128,2,122,0,target:Shroomer:1306
27976,spore_matured,Shroomer,-1,191,4,108,2,
27976,reproduce,Shroomer,-1,191,4,108,2,offspring:1
27977,starvation,Parrot,1918,18,1,34,5,
27977,spore_matured,Shroomer,-1,182,3,103,2,
27977,reproduce,Shroomer,-1,182,3,103,2,offspring:1
27978,starvation,Rabbit,1770,98,1,1,4,
27978,hunt_fail,Wolf,187,111,1,10,8,target_died
27978,hunt_start,Wolf,187,111,1,10,8,target:Monkey:260
27978,hunt_fail,Wolf,1814,111,7,10,7,target_died
27978,hunt_start,Wolf,1814,111,7,10,7,target:Monkey:260
27978,reproduce,Parrot,446,3,5,81,6,offspring:1
27979,starvation,Parrot,227,218,9,79,1,
27979,hunt_start,Polar Bear,1821,273,4,52,5,target:Boar:166
27980,kill,Monkey,1903,74,7,288,0,killed_by:Wolf:1744
27981,hunt_start,Wolf,1744,74,6,287,2,target:Rabbit:979
27982,reproduce,Penguin,1698,191,8,5,5,offspring:1
27983,kill,Deer,635,129,8,257,4,killed_by:Bear:997
27984,hunt_start,Bear,997,130,5,257,5,target:Shroomer:925
27987,reproduce,Turtle,1057,134,4,24,1,offspring:1
27989,kill,Shroomer,1376,74,0,238,4,killed_by:Polar Bear:1432
27989,reproduce,Turtle,839,128,3,93,8,offspring:1
27990,kill,Tapir,695,22,6,204,9,killed_by:Polar Bear:1986
27991,hunt_fail,Polar Bear,1876,20,1,201,7,target_died
27991,hunt_start,Polar Bear,1876,20,1,201,7,target:Shroomer:977
27991,reproduce,Rabbit,852,30,0,122,6,offspring:2
27992,hunt_start,Bear,305,40,9,81,3,target:Boar:1625
27992,reproduce,Frog,917,109,0,182,2,offspring:2
27995,hunt_start,Polar Bear,1288,75,7,213,4,target:Shroomer:1578
27996,reproduce,Rabbit,1462,259,4,82,8,offspring:2
27998,kill,Elk,1172,31,3,196,8,killed_by:Bear:655
28001,kill,Shroomer,244,80,8,236,4,killed_by:Bear:809
28002,spore_matured,Shroomer,-1,182,8,110,1,
28002,reproduce,Shroomer,-1,182,8,110,1,offspring:1
28002,spore_matured,Shroomer,-1,181,6,114,7,
28002,reproduce,Shroomer,-1,181,6,114,7,offspring:1
28004,kill,Deer,69,50,3,116,5,killed_by:Bear:746
28004,age_death,Parrot,1442,86,2,87,8,
28005,hunt_start,Bear,746,50,1,115,4,target:Deer:694
28007,reproduce,Penguin,922,48,8,97,8,offspring:1
28008,age_death,Monkey,1292,251,6,87,3,
28010,starvation,Monkey,1382,48,1,158,4,
28010,hunt_fail,Jaguar,1581,50,3,161,5,target_died
28010,reproduce,Elk,902,118,0,23,3,offspring:1
28012,reproduce,Deer,1758,14,6,84,2,offspring:1
28012,spore_created,Shroomer,-1,206,0,56,5,
28012,spore_created,Shroomer,-1,216,4,64,1,
28017,reproduce,Camel,106,91,9,223,1,offspring:1
28017,reproduce,Musk Ox,1153,100,6,65,1,offspring:1
28018,kill,Musk Ox,1748,157,0,184,5,killed_by:Polar Bear:924
28021,reproduce,Deer,1345,18,2,14,1,offspring:1
28023,hunt_start,Jaguar,1892,19,8,81,5,target:Deer:227
28024,kill,Elk,1909,64,8,277,4,killed_by:Bear:1007
28025,hunt_start,Bear,1007,64,4,276,8,target:Elk:129
28026,kill,Shroomer,316,157,2,116,4,killed_by:Boar:1716
28027,reproduce,Deer,1942,70,1,179,1,offspring:1
28035,hunt_start,Jaguar,577,141,6,96,5,target:Elk:892
28036,age_death,Parrot,794,223,8,11,9,
28039,reproduce,Camel,939,125,7,17,4,offspring:1
28040,starvation,Rabbit,551,11,9,74,1,
28041,reproduce,Musk Ox,1135,118,8,183,9,offspring:1
28046,hunt_start,Bear,462,97,5,280,0,target:Boar:91
28048,hunt_start,Bear,1706,209,7,89,3,target:Shroomer:115
28053,starvation,Elk,1421,216,3,91,6,
28054,spore_matured,Shroomer,-1,218,3,103,3,
28054,reproduce,Shroomer,-1,218,3,103,3,offspring:1
28055,hunt_start,Polar Bear,916,56,3,216,9,target:Parrot:666
28055,kill,Shroomer,354,216,7,105,0,killed_by:Bear:1063
28056,kill,Boar,456,116,4,214,8,killed_by:Polar Bear:1326
28059,hunt_start,Polar Bear,51,144,8,71,8,target:Frog:795
28062,kill,Boar,1380,133,8,198,8,killed_by:Bear:1818
28063,hunt_start,Bear,1818,133,9,199,5,target:Turtle:1403
28064,hunt_start,Polar Bear,1407,230,5,75,1,target:Turtle:1062
28064,reproduce,Parrot,1610,259,9,93,2,offspring:1
28065,kill,Shroomer,878,215,0,62,9,killed_by:Polar Bear:497
28065,spore_matured,Shroomer,-1,252,9,74,5,
28065,reproduce,Shroomer,-1,252,9,74,5,offspring:1
28067,kill,Musk Ox,540,146,1,99,8,killed_by:Polar Bear:1355
28069,kill,Elk,892,138,9,99,3,killed_by:Jaguar:577
28069,hunt_start,Polar Bear,1982,111,7,148,5,target:Boar:1408
28071,reproduce,Parrot,1566,118,6,26,4,offspring:1
28073,spore_created,Shroomer,-1,138,1,110,3,
28073,spore_created,Shroomer,-1,141,4,117,6,
28074,spore_matured,Shroomer,-1,236,8,80,3,
28074,reproduce,Shroomer,-1,236,8,80,3,offspring:1
28074,spore_matured,Shroomer,-1,232,2,71,6,
28074,reproduce,Shroomer,-1,232,2,71,6,offspring:1
28077,reproduce,Deer,25,1,7,92,3,offspring:1
28079,kill,Musk Ox,70,217,8,30,7,killed_by:Polar Bear:1512
28080,reproduce,Elk,563,200,4,260,6,offspring:1
28081,hunt_start,Polar Bear,1397,147,0,102,6,target:Musk Ox:1438
28082,starvation,Parrot,86,12,4,28,4,
28082,hunt_start,Bear,437,95,1,235,6,target:Shroomer:1493
28083,kill,Elk,30,37,1,59,6,killed_by:Bear:1372
28086,hunt_start,Bear,473,162,5,262,0,target:Deer:951
28087,kill,Penguin,1323,137,5,32,8,killed_by:Polar Bear:367
28088,hunt_start,Polar Bear,367,137,6,32,2,target:Penguin:104
28088,reproduce,Parrot,110,89,3,158,3,offspring:1
28090,starvation,Lizard,950,27,3,0,4,
28090,hunt_fail,Polar Bear,1817,20,4,0,0,target_died
28090,hunt_start,Polar Bear,1817,20,4,0,0,target:Penguin:18
28091,reproduce,Musk Ox,68,203,6,4,8,offspring:1
28093,reproduce,Deer,6,95,2,257,8,offspring:1
28093,reproduce,Monkey,1812,150,6,18,8,offspring:1
28099,reproduce,Lizard,974,128,3,42,9,offspring:2
28100,hunt_start,Jaguar,594,22,6,68,3,target:Elk:1657
28100,kill,Boar,1757,79,1,54,9,killed_by:Polar Bear:1997
28101,kill,Elk,882,31,9,67,3,killed_by:Bear:570
28101,hunt_start,Polar Bear,1997,79,7,55,3,target:Penguin:205
28101,reproduce,Elk,1109,255,0,94,5,offspring:1
28102,hunt_start,Bear,570,31,6,68,0,target:Elk:650
28102,spore_created,Shroomer,-1,90,3,276,8,
28102,spore_created,Shroomer,-1,88,1,273,7,
28103,reproduce,Monkey,1606,94,3,196,2,offspring:1
28104,hunt_start,Polar Bear,1725,209,9,51,8,target:Shroomer:1143
28104,kill,Elk,938,43,8,277,5,killed_by:Bear:1925
28106,kill,Tapir,317,65,4,237,5,killed_by:Polar Bear:593
28107,hunt_start,Polar Bear,593,64,8,237,0,target:Shroomer:1037
28109,hunt_start,Bear,697,192,6,77,8,target:Shroomer:1406
28109,kill,Deer,640,131,4,32,4,killed_by:Jaguar:1251
28110,spore_created,Shroomer,-1,235,5,85,6,
28110,spore_created,Shroomer,-1,243,1,75,5,
28111,kill,Shroomer,925,128,9,263,7,killed_by:Bear:997
28114,age_death,Lizard,1114,238,0,263,7,
28114,age_death,Lizard,1692,282,4,265,4,
28115,kill,Boar,166,282,1,51,7,killed_by:Polar Bear:1821
28117,kill,Shroomer,1578,70,2,211,8,killed_by:Polar Bear:1288
28118,kill,Shroomer,115,210,0,91,6,killed_by:Bear:1706
28119,hunt_start,Polar Bear,1413,218,1,60,3,target:Shroomer:225
28120,reproduce,Parrot,1294,256,4,30,8,offspring:1
28129,reproduce,Parrot,1146,272,4,27,0,offspring:1
28132,spore_created,Shroomer,-1,170,5,120,3,
28132,spore_created,Shroomer,-1,173,8,112,9,
28132,spore_matured,Shroomer,-1,216,8,64,0,
28132,reproduce,Shroomer,-1,216,8,64,0,offspring:1
28137,reproduce,Lizard,308,263,9,256,0,offspring:2
28138,reproduce,Jaguar,1251,130,7,32,0,offspring:1
28138,reproduce,Elk,1272,24,8,70,0,offspring:1
28139,hunt_start,Jaguar,640,130,7,31,2,target:Turtle:1202
28139,hunt_start,Jaguar,1251,130,7,32,0,target:Turtle:1202
28139,kill,Boar,1613,260,3,137,4,killed_by:Bear:1643
28141,reproduce,Elk,296,31,1,55,8,offspring:1
28142,kill,Parrot,1338,0,0,-0,1,killed_by:Jaguar:1360
28143,hunt_start,Jaguar,1360,0,5,0,4,target:Parrot:1515
28145,kill,Boar,1101,47,8,51,4,killed_by:Bear:1181
28146,reproduce,Penguin,1386,44,5,118,6,offspring:1
28148,kill,Elk,129,56,5,272,5,killed_by:Bear:1007
28149,hunt_start,Bear,1007,57,1,272,9,target:Elk:826
28151,kill,Musk Ox,1438,148,0,99,7,killed_by:Polar Bear:1397
28152,hunt_start,Polar Bear,478,286,1,116,8,target:Elk:565
28153,starvation,Lizard,485,208,2,179,6,
28153,hunt_start,Jaguar,678,276,2,16,9,target:Monkey:1772
28153,hunt_start,Jaguar,884,18,3,184,4,target:Lizard:1785
28153,hunt_fail,Bear,923,214,8,181,6,target_died
28153,hunt_start,Bear,923,214,8,181,6,target:Elk:646
28154,reproduce,Parrot,1598,167,6,115,1,offspring:1
28163,age_death,Lizard,1026,122,6,214,5,
28164,hunt_fail,Bear,1639,117,1,217,1,target_died
28164,hunt_start,Bear,1639,117,1,217,1,target:Boar:1962
28165,hunt_start,Polar Bear,249,171,4,152,8,target:Musk Ox:1077
28167,reproduce,Boar,547,278,5,150,6,offspring:2
28168,hunt_start,Boar,115,275,6,147,9,target:Monkey:814
28168,hunt_start,Boar,1578,275,6,147,9,target:Monkey:814
28168,kill,Turtle,1403,135,4,192,8,killed_by:Bear:1818
28168,reproduce,Jaguar,983,138,5,43,3,offspring:1
28169,hunt_start,Jaguar,635,138,0,45,7,target:Tapir:1313
28169,hunt_start,Jaguar,983,138,5,43,3,target:Deer:1378
28169,hunt_start,Bear,1818,135,3,193,4,target:Musk Ox:1524
28170,starvation,Wolf,187,116,6,33,1,
28170,starvation,Monkey,277,16,4,158,6,
28170,hunt_fail,Bear,1204,11,5,153,5,target_died
28170,hunt_start,Bear,1204,11,5,153,5,target:Boar:953
28170,reproduce,Elk,1652,79,4,285,2,offspring:1
28170,spore_created,Shroomer,-1,203,8,56,2,
28170,spore_created,Shroomer,-1,206,7,59,0,
28172,kill,Deer,802,288,0,152,0,killed_by:Bear:1659
28174,kill,Deer,1378,137,1,41,7,killed_by:Jaguar:983
28174,kill,Shroomer,1143,210,2,49,2,killed_by:Polar Bear:1725
28175,starvation,Monkey,1679,78,7,133,4,
28175,hunt_fail,Jaguar,1229,81,2,136,2,target_died
28175,hunt_start,Jaguar,1229,81,2,136,2,target:Deer:798
28175,reproduce,Parrot,1464,273,2,27,1,offspring:1
28176,reproduce,Frog,817,201,8,125,9,offspring:2
28178,kill,Elk,650,29,3,63,8,killed_by:Bear:570
28178,reproduce,Deer,455,282,5,189,8,offspring:1
28178,reproduce,Boar,1665,190,0,286,2,offspring:2
28179,kill,Shroomer,1306,121,3,117,3,killed_by:Boar:23
28179,hunt_start,Boar,187,189,9,284,0,target:Lizard:806
28179,hunt_start,Boar,1403,189,9,284,0,target:Lizard:806
28182,hunt_start,Bear,3,237,6,97,6,target:Shroomer:1248
28183,hunt_start,Boar,23,121,7,117,6,target:Lizard:1815
28183,spore_created,Shroomer,-1,113,2,245,5,
28183,spore_created,Shroomer,-1,113,6,255,1,
28184,kill,Parrot,1515,0,0,0,0,killed_by:Jaguar:944
28184,spore_matured,Shroomer,-1,206,0,56,5,
28184,reproduce,Shroomer,-1,206,0,56,5,offspring:1
28185,hunt_fail,Bear,555,0,8,4,8,target_died
28185,hunt_fail,Jaguar,1360,0,5,0,1,target_died
28186,hunt_start,Polar Bear,493,63,3,286,1,target:Camel:665
28190,starvation,Deer,1570,55,9,248,6,
28190,kill,Turtle,1202,134,4,32,8,killed_by:Jaguar:640
28190,kill,Turtle,1062,228,9,71,9,killed_by:Polar Bear:1407
28190,kill,Boar,1408,105,6,154,3,killed_by:Polar Bear:1982
28190,reproduce,Tapir,720,44,1,191,3,offspring:1
28191,hunt_fail,Jaguar,1251,133,9,33,0,target_died
28191,hunt_start,Jaguar,1251,133,9,33,0,target:Deer:1564
28192,starvation,Monkey,1107,220,5,114,1,
28193,kill,Penguin,524,143,1,3,7,killed_by:Polar Bear:1140
28193,spore_matured,Shroomer,-1,138,1,110,2,
28193,reproduce,Shroomer,-1,138,1,110,2,offspring:1
28193,spore_matured,Shroomer,-1,141,4,117,6,
28193,reproduce,Shroomer,-1,141,4,117,6,offspring:1
28194,kill,Frog,795,145,1,80,6,killed_by:Polar Bear:51
28194,hunt_start,Polar Bear,963,122,3,31,1,target:Turtle:1929
28194,hunt_start,Polar Bear,1140,141,8,3,7,target:Penguin:1923
28194,hunt_fail,Polar Bear,1793,142,5,5,1,target_died
28194,hunt_start,Polar Bear,1793,142,5,5,1,target:Penguin:1923
28195,reproduce,Boar,703,157,4,117,6,offspring:2
28196,kill,Boar,1625,41,7,92,7,killed_by:Bear:305
28196,hunt_start,Boar,703,157,4,117,6,target:Shroomer:1411
28196,hunt_start,Boar,1306,154,6,114,8,target:Shroomer:1411
28196,hunt_start,Boar,1515,154,6,114,8,target:Shroomer:1411
28200,reproduce,Deer,439,10,2,254,2,offspring:1
28201,reproduce,Boar,180,9,3,132,0,offspring:2
28202,reproduce,Parrot,1364,70,9,281,5,offspring:1
28204,hunt_start,Bear,1160,50,4,197,7,target:Frog:1677
28205,kill,Shroomer,1493,91,0,239,0,killed_by:Bear:437
28207,kill,Parrot,346,-0,0,246,4,killed_by:Bear:1807
28207,reproduce,Elk,636,170,0,19,4,offspring:1
28208,hunt_start,Bear,1807,0,5,247,6,target:Monkey:1511
28209,reproduce,Elk,518,144,9,264,4,offspring:1
28209,reproduce,Lizard,1290,176,0,284,6,offspring:2
28212,reproduce,Parrot,1671,3,8,269,8,offspring:1
28217,hunt_start,Polar Bear,1730,209,5,73,4,target:Shroomer:1704
28217,hunt_start,Bear,1967,78,2,263,1,target:Deer:482
28220,hunt_start,Jaguar,443,56,3,7,4,target:Deer:1741
28222,kill,Shroomer,1406,190,1,81,0,killed_by:Bear:697
28222,spore_matured,Shroomer,-1,90,3,276,4,
28222,reproduce,Shroomer,-1,90,3,276,4,offspring:1
28224,kill,Shroomer,225,216,1,62,2,killed_by:Polar Bear:1413
28224,hunt_start,Jaguar,1581,53,3,161,0,target:Monkey:1616
28225,kill,Deer,1741,56,4,9,5,killed_by:Jaguar:443
28226,kill,Lizard,1425,0,2,246,2,killed_by:Polar Bear:531
28227,hunt_start,Polar Bear,531,0,2,245,0,target:Parrot:183
28228,kill,Penguin,104,131,4,40,3,killed_by:Polar Bear:367
28229,hunt_start,Polar Bear,367,131,9,40,0,target:Musk Ox:53
28230,hunt_start,Polar Bear,51,144,0,79,9,target:Monkey:1875
28230,spore_matured,Shroomer,-1,235,5,85,6,
28230,reproduce,Shroomer,-1,235,5,85,6,offspring:1
28230,spore_matured,Shroomer,-1,242,9,75,7,
28230,reproduce,Shroomer,-1,242,9,75,7,offspring:1
28231,hunt_fail,Polar Bear,478,280,3,114,7,discomfort
28233,kill,Shroomer,1037,70,5,238,3,killed_by:Polar Bear:593
28233,reproduce,Musk Ox,993,160,3,211,5,offspring:1
28236,starvation,Fish,1158,191,5,244,9,
28240,environment_death,Shroomer,316,237,0,79,7,drowning
28243,reproduce,Deer,674,70,0,8,3,offspring:1
28243,reproduce,Deer,1589,6,9,161,1,offspring:1
28244,kill,Deer,227,6,1,90,2,killed_by:Jaguar:1892
28244,reproduce,Rabbit,530,28,0,182,0,offspring:2
28245,hunt_start,Jaguar,1892,6,5,89,8,target:Deer:551
28252,reproduce,Parrot,218,86,7,278,9,offspring:1
28252,reproduce,Parrot,1093,66,3,257,1,offspring:1
28252,spore_matured,Shroomer,-1,170,7,120,6,
28252,reproduce,Shroomer,-1,170,7,120,6,offspring:1
28252,spore_matured,Shroomer,-1,173,3,113,5,
28252,reproduce,Shroomer,-1,173,3,113,5,offspring:1
28253,starvation,Monkey,158,195,2,45,0,
28253,starvation,Lizard,777,249,1,65,0,
28253,kill,Frog,773,130,3,82,2,killed_by:Polar Bear:550
28253,hunt_fail,Boar,1266,255,2,66,5,target_died
28253,hunt_start,Boar,1266,255,2,66,5,target:Monkey:1159
28254,hunt_start,Polar Bear,550,130,9,81,3,target:Penguin:352
28254,kill,Tapir,1313,144,6,44,9,killed_by:Jaguar:635
28255,kill,Deer,1497,109,5,69,0,killed_by:Polar Bear:1985
28255,reproduce,Fish,1800,218,3,236,1,offspring:2
28256,hunt_start,Polar Bear,1985,108,8,68,8,target:Musk Ox:695
28257,reproduce,Monkey,1479,17,2,95,9,offspring:1
28258,reproduce,Turtle,1608,134,8,25,0,offspring:1
28263,hunt_start,Bear,97,76,6,258,1,target:Deer:482
28263,reproduce,Parrot,1712,92,3,223,1,offspring:1
28264,spore_created,Shroomer,-1,251,2,125,5,
28264,spore_created,Shroomer,-1,253,4,135,4,
28265,hunt_start,Bear,1393,79,4,211,9,target:Shroomer:1302
28272,reproduce,Parrot,1061,150,5,27,9,offspring:1
28273,kill,Musk Ox,1524,141,5,191,7,killed_by:Bear:1818
28274,spore_matured,Shroomer,-1,88,1,273,6,
28274,reproduce,Shroomer,-1,88,1,273,6,offspring:1
28275,starvation,Bear,555,1,5,6,2,
28276,reproduce,Deer,309,25,3,91,7,offspring:1
28277,kill,Monkey,1511,-0,0,247,4,killed_by:Bear:1807
28278,hunt_start,Bear,1807,0,4,247,9,target:Parrot:1708
28279,hunt_start,Bear,567,210,2,68,4,target:Shroomer:1005
28281,kill,Boar,91,94,2,288,0,killed_by:Bear:462
28287,kill,Tapir,906,76,1,108,3,killed_by:Jaguar:1056
28287,reproduce,Elk,1206,35,7,193,3,offspring:1
28288,hunt_start,Jaguar,1056,76,1,109,0,target:Tapir:1366
28288,kill,Boar,953,14,1,144,1,killed_by:Bear:1204
28288,spore_created,Shroomer,-1,242,9,76,8,
28288,spore_created,Shroomer,-1,239,4,73,5,
28289,hunt_start,Bear,1204,13,9,144,7,target:Boar:196
28290,hunt_start,Jaguar,404,16,4,189,5,target:Rabbit:530
28290,spore_matured,Shroomer,-1,206,7,58,9,
28290,reproduce,Shroomer,-1,206,7,58,9,offspring:1
28296,kill,Parrot,183,0,0,247,0,killed_by:Polar Bear:531
28297,hunt_start,Polar Bear,531,0,0,246,2,target:Deer:228
28298,hunt_start,Jaguar,1893,7,8,136,1,target:Deer:13
28299,kill,Shroomer,1248,239,1,93,5,killed_by:Bear:3
28299,kill,Turtle,1929,122,5,26,8,killed_by:Polar Bear:963
28299,hunt_start,Jaguar,1023,6,9,190,0,target:Parrot:283
28299,reproduce,Bear,1643,262,5,134,3,offspring:1
28300,hunt_start,Bear,1511,262,1,133,5,target:Shroomer:231
28300,hunt_start,Bear,1643,262,5,134,4,target:Elk:1668
28302,reproduce,Deer,81,16,5,19,9,offspring:1
28302,reproduce,Tapir,1799,73,8,247,0,offspring:1
28303,spore_matured,Shroomer,-1,113,0,245,6,
28303,reproduce,Shroomer,-1,113,0,245,6,offspring:1
28303,spore_matured,Shroomer,-1,113,6,255,2,
28303,reproduce,Shroomer,-1,113,6,255,2,offspring:1
28304,hunt_start,Polar Bear,1947,139,0,179,9,target:Musk Ox:1605
28306,kill,Musk Ox,1077,165,0,158,5,killed_by:Polar Bear:249
28309,reproduce,Lizard,1078,267,6,82,2,offspring:2
28311,reproduce,Monkey,731,273,4,29,9,offspring:1
28319,starvation,Lizard,1459,85,9,145,0,
28319,hunt_fail,Wolf,1651,106,1,121,6,target_died
28319,hunt_start,Wolf,1651,106,1,121,6,target:Monkey:719
28322,kill,Shroomer,1411,161,4,117,1,killed_by:Boar:703
28323,hunt_start,Boar,703,161,0,117,4,target:Shroomer:1896
28323,hunt_fail,Boar,1306,159,8,117,1,target_died
28323,hunt_start,Boar,1306,159,8,117,1,target:Shroomer:1896
28323,hunt_fail,Boar,1515,159,8,117,1,target_died
28323,hunt_start,Boar,1515,159,8,117,1,target:Shroomer:1896
28324,spore_created,Shroomer,-1,196,5,83,5,
28324,spore_created,Shroomer,-1,200,1,84,8,
28326,reproduce,Deer,749,196,5,283,0,offspring:1
28330,kill,Shroomer,1704,207,5,76,1,killed_by:Polar Bear:1730
28330,age_death,Rabbit,1618,124,2,184,0,
28331,starvation,Shroomer,360,207,3,123,3,
28331,starvation,Lizard,1824,13,2,249,9,
28332,hunt_start,Bear,677,83,4,185,0,target:Deer:1537
28337,reproduce,Penguin,217,26,2,11,7,offspring:1
28340,hunt_start,Jaguar,410,143,2,106,5,target:Penguin:1447
28340,spore_created,Shroomer,-1,96,8,248,6,
28340,spore_created,Shroomer,-1,103,8,251,5,
28341,starvation,Parrot,1250,13,1,74,6,
28342,spore_matured,Shroomer,-1,204,1,55,9,
28342,reproduce,Shroomer,-1,204,1,55,9,offspring:1
28346,hunt_start,Polar Bear,1630,280,2,65,5,target:Musk Ox:445
28347,kill,Parrot,1708,-0,0,247,8,killed_by:Bear:1807
28348,starvation,Monkey,1686,152,5,78,3,
28348,hunt_fail,Jaguar,77,157,6,79,5,target_died
28348,kill,Penguin,1447,143,2,108,7,killed_by:Jaguar:410
28348,hunt_start,Bear,1807,0,4,248,2,target:Parrot:1599
28348,hunt_fail,Jaguar,1939,149,3,78,4,target_died
28354,hunt_start,Bear,1880,85,9,245,5,target:Deer:365
28354,reproduce,Lizard,1973,27,8,23,0,offspring:2
28355,reproduce,Penguin,1485,23,8,14,7,offspring:1
28357,reproduce,Deer,643,139,0,22,7,offspring:1
28358,hunt_start,Jaguar,102,0,8,197,6,target:Parrot:283
28359,kill,Boar,196,19,5,144,2,killed_by:Bear:1204
28360,kill,Camel,665,73,9,285,2,killed_by:Polar Bear:493
28360,hunt_start,Bear,1204,18,8,144,2,target:Boar:810
28364,hunt_start,Polar Bear,1864,142,9,80,2,target:Elk:885
28364,reproduce,Boar,810,23,5,137,5,offspring:2
28365,kill,Musk Ox,53,140,3,40,0,killed_by:Polar Bear:367
28365,hunt_start,Boar,1250,24,8,134,6,target:Rabbit:852
28365,hunt_start,Boar,1338,24,8,134,6,target:Rabbit:852
28366,hunt_start,Polar Bear,855,2,6,200,6,target:Parrot:283
28366,hunt_start,Bear,1304,228,9,43,1,target:Monkey:763
28367,starvation,Penguin,644,138,6,114,3,
28369,hunt_start,Bear,1525,63,7,248,3,target:Deer:1210
28370,kill,Penguin,205,96,3,49,6,killed_by:Polar Bear:1997
28371,hunt_start,Polar Bear,1997,95,5,49,3,target:Musk Ox:1402
28371,spore_created,Shroomer,-1,236,3,68,6,
28371,spore_created,Shroomer,-1,239,8,72,8,
28374,starvation,Bear,1639,108,7,229,6,
28375,reproduce,Parrot,55,77,3,200,2,offspring:1
28376,reproduce,Elk,1657,32,0,73,3,offspring:1
28377,hunt_start,Bear,386,215,7,101,4,target:Shroomer:1346
28378,reproduce,Camel,418,63,2,154,1,offspring:1
28380,reproduce,Lizard,806,174,9,272,6,offspring:2
28384,kill,Shroomer,1005,211,2,66,1,killed_by:Bear:567
28384,hunt_start,Bear,1851,225,2,36,2,target:Elk:1838
28386,kill,Shroomer,1302,83,6,208,3,killed_by:Bear:1393
28388,hunt_start,Bear,448,199,5,56,4,target:Shroomer:424
28389,starvation,Shroomer,520,221,5,107,0,
28390,reproduce,Monkey,1772,269,8,28,1,offspring:1
28394,starvation,Shroomer,728,232,9,57,2,
28396,environment_death,Shroomer,1625,234,0,84,3,drowning
28406,kill,Deer,551,-0,0,97,4,killed_by:Jaguar:1892
28408,spore_matured,Shroomer,-1,242,9,76,9,
28408,reproduce,Shroomer,-1,242,9,76,9,offspring:1
28409,kill,Shroomer,977,29,8,213,7,killed_by:Polar Bear:1876
28411,hunt_start,Bear,735,46,3,214,3,target:Frog:1677
28412,kill,Deer,1564,149,2,40,8,killed_by:Jaguar:1251
28413,hunt_start,Polar Bear,1333,144,4,112,7,target:Shroomer:1420
28414,hunt_start,Polar Bear,450,145,1,25,1,target:Penguin:444
28414,reproduce,Deer,1746,2,0,84,6,offspring:1
28414,reproduce,Jaguar,1892,0,2,96,9,offspring:1
28415,hunt_start,Jaguar,1892,0,2,97,0,target:Deer:25
28416,hunt_start,Jaguar,1302,-0,2,96,8,target:Deer:25
28418,kill,Musk Ox,695,101,6,62,2,killed_by:Polar Bear:1985
28419,hunt_start,Polar Bear,266,161,2,159,6,target:Musk Ox:1779
28421,starvation,Shroomer,139,228,0,84,6,
28426,hunt_start,Jaguar,635,144,2,42,9,target:Musk Ox:812
28428,reproduce,Elk,959,125,8,17,8,offspring:1
28429,hunt_fail,Boar,903,123,9,248,3,prey_escaped
28429,hunt_start,Boar,903,123,9,248,3,target:Shroomer:442
28436,hunt_start,Bear,655,26,9,193,7,target:Elk:1206
28436,age_death,Deer,59,124,0,48,6,
28436,spore_matured,Shroomer,-1,253,4,135,4,
28436,reproduce,Shroomer,-1,253,4,135,4,offspring:1
28438,starvation,Jaguar,594,27,2,70,8,
28438,reproduce,Boar,1446,59,6,16,1,offspring:2
28439,hunt_start,Boar,551,57,6,18,8,target:Rabbit:1874
28439,hunt_start,Bear,809,83,2,230,1,target:Parrot:666
28439,hunt_start,Boar,1446,59,6,16,1,target:Lizard:1208
28439,hunt_start,Boar,1625,57,6,18,8,target:Rabbit:1874
28439,spore_created,Shroomer,-1,221,2,92,8,
28439,spore_created,Shroomer,-1,231,1,89,8,
28441,hunt_start,Jaguar,577,144,5,92,6,target:Camel:1080
28442,spore_created,Shroomer,-1,92,0,268,5,
28442,spore_created,Shroomer,-1,85,0,263,0,
28444,hunt_fail,Boar,420,120,9,240,9,prey_escaped
28444,hunt_start,Boar,420,120,9,240,9,target:Shroomer:1279
28444,spore_matured,Shroomer,-1,199,7,86,1,
28444,reproduce,Shroomer,-1,199,7,86,1,offspring:1
28444,spore_matured,Shroomer,-1,196,4,83,3,
28444,reproduce,Shroomer,-1,196,4,83,3,offspring:1
28446,starvation,Parrot,198,106,6,134,2,
28448,kill,Tapir,1366,65,8,110,2,killed_by:Jaguar:1056
28448,kill,Shroomer,231,254,2,133,1,killed_by:Bear:1511
28449,hunt_start,Jaguar,1056,66,5,110,2,target:Monkey:476
28449,hunt_start,Bear,1511,255,1,133,1,target:Shroomer:236
28449,reproduce,Lizard,841,93,2,163,9,offspring:2
28449,reproduce,Turtle,958,21,2,28,9,offspring:1
28450,kill,Shroomer,1896,161,2,113,1,killed_by:Boar:1515
28451,hunt_fail,Boar,1306,160,9,113,7,target_died
28451,hunt_start,Boar,1515,160,6,113,1,target:Penguin:44
28456,spore_created,Shroomer,-1,234,8,66,0,
28456,spore_created,Shroomer,-1,234,7,68,1,
28460,spore_matured,Shroomer,-1,96,8,248,7,
28460,reproduce,Shroomer,-1,96,8,248,7,offspring:1
28463,hunt_start,Boar,1306,160,9,113,7,target:Frog:588
28466,hunt_start,Polar Bear,133,152,7,96,5,target:Penguin:708
28472,starvation,Elk,517,14,1,250,8,
28474,kill,Rabbit,979,54,7,254,3,killed_by:Wolf:1744
28475,hunt_start,Wolf,1744,55,3,254,0,target:Rabbit:807
28478,kill,Musk Ox,812,148,1,41,8,killed_by:Jaguar:635
28478,reproduce,Penguin,1505,167,8,20,4,offspring:1
28479,starvation,Rabbit,1051,39,6,286,6,
28481,age_death,Penguin,1316,16,5,30,6,
28486,reproduce,Camel,553,63,6,277,4,offspring:1
28491,spore_matured,Shroomer,-1,239,8,72,5,
28491,reproduce,Shroomer,-1,239,8,72,5,offspring:1
28491,spore_matured,Shroomer,-1,236,4,68,7,
28491,reproduce,Shroomer,-1,236,4,68,7,offspring:1
28492,reproduce,Penguin,1907,165,2,19,9,offspring:1
28493,hunt_start,Bear,1063,219,6,105,6,target:Shroomer:69
28493,reproduce,Deer,74,280,4,91,7,offspring:1
28494,kill,Musk Ox,1605,127,1,180,1,killed_by:Polar Bear:1947
28499,spore_created,Shroomer,-1,76,8,259,9,
28499,spore_created,Shroomer,-1,84,7,263,1,
28501,kill,Musk Ox,445,283,2,74,7,killed_by:Polar Bear:1630
28501,spore_created,Shroomer,-1,201,8,76,2,
28501,spore_created,Shroomer,-1,203,4,78,6,
28502,reproduce,Parrot,406,166,4,119,5,offspring:1
28504,reproduce,Deer,992,69,9,15,6,offspring:1
28506,kill,Elk,826,46,5,273,0,killed_by:Bear:1007
28507,kill,Camel,1080,145,6,97,4,killed_by:Jaguar:577
28507,hunt_start,Polar Bear,687,221,9,52,1,target:Shroomer:412
28512,spore_matured,Shroomer,-1,103,8,251,5,
28512,reproduce,Shroomer,-1,103,8,251,5,offspring:1
28515,kill,Penguin,18,13,7,22,1,killed_by:Polar Bear:1817
28516,hunt_start,Polar Bear,1817,13,8,21,5,target:Turtle:1742
28516,reproduce,Deer,893,130,0,25,8,offspring:1
28517,kill,Shroomer,1346,214,1,104,2,killed_by:Bear:386
28519,reproduce,Tapir,1755,63,9,99,2,offspring:1
28521,hunt_start,Bear,1372,34,4,61,2,target:Elk:296
28524,reproduce,Musk Ox,506,262,3,64,3,offspring:1
28525,starvation,Parrot,1961,255,7,226,1,
28525,kill,Shroomer,1420,142,7,108,6,killed_by:Polar Bear:1333
28525,reproduce,Penguin,1480,106,7,89,4,offspring:1
28526,starvation,Monkey,631,98,6,1,6,
28530,age_death,Rabbit,895,130,3,173,0,
28532,hunt_start,Polar Bear,1432,71,4,237,1,target:Shroomer:1193
28533,hunt_start,Polar Bear,1986,27,8,201,7,target:Elk:1889
28535,hunt_start,Polar Bear,128,4,5,202,6,target:Lizard:940
28537,starvation,Wolf,1980,40,7,156,1,
28537,reproduce,Lizard,373,221,3,204,8,offspring:2
28539,kill,Musk Ox,1779,164,0,153,7,killed_by:Polar Bear:266
28542,hunt_start,Bear,1925,49,5,281,3,target:Elk:80
28545,kill,Boar,810,24,5,131,7,killed_by:Bear:1204
28546,hunt_start,Jaguar,983,127,2,50,9,target:Tapir:182
28546,hunt_start,Bear,1204,24,3,132,3,target:Boar:1928
28549,hunt_start,Bear,997,124,8,266,3,target:Shroomer:1404
28549,age_death,Lizard,831,285,6,123,3,
28549,age_death,Lizard,1780,246,8,111,1,
28549,reproduce,Elk,11,78,7,277,7,offspring:1
28552,spore_created,Shroomer,-1,76,9,197,2,
28552,spore_created,Shroomer,-1,79,9,202,5,
28554,kill,Elk,1668,268,6,119,3,killed_by:Bear:1643
28555,spore_created,Shroomer,-1,220,8,53,7,
28555,spore_created,Shroomer,-1,221,7,56,8,
28556,hunt_start,Bear,1706,212,4,91,0,target:Shroomer:407
28559,spore_matured,Shroomer,-1,231,2,89,7,
28559,reproduce,Shroomer,-1,231,2,89,7,offspring:1
28559,spore_matured,Shroomer,-1,221,2,92,8,
28559,reproduce,Shroomer,-1,221,2,92,8,offspring:1
28561,hunt_start,Polar Bear,924,151,8,181,8,target:Elk:989
28562,hunt_start,Jaguar,640,133,2,34,0,target:Camel:662
28562,reproduce,Boar,671,77,5,2,6,offspring:2
28574,environment_death,Shroomer,1639,244,0,76,9,drowning
28574,kill,Shroomer,424,205,1,54,8,killed_by:Bear:448
28576,spore_matured,Shroomer,-1,234,4,68,1,
28576,reproduce,Shroomer,-1,234,4,68,1,offspring:1
28576,spore_matured,Shroomer,-1,234,7,65,8,
28576,reproduce,Shroomer,-1,234,7,65,8,offspring:1
28577,kill,Shroomer,412,223,6,54,5,killed_by:Polar Bear:687
28577,reproduce,Parrot,1040,5,2,29,3,offspring:1
28579,kill,Penguin,352,121,6,62,0,killed_by:Polar Bear:550
28583,hunt_start,Bear,1181,44,7,55,9,target:Elk:1218
28583,reproduce,Deer,913,20,1,30,5,offspring:1
28586,starvation,Elk,968,191,0,47,3,
28586,kill,Deer,25,1,6,111,0,killed_by:Jaguar:1892
28587,kill,Shroomer,69,217,4,102,2,killed_by:Bear:1063
28587,hunt_fail,Jaguar,1302,0,1,98,3,target_died
28587,hunt_start,Jaguar,1302,0,1,98,3,target:Deer:1746
28589,reproduce,Parrot,1469,263,6,24,2,offspring:1
28589,spore_matured,Shroomer,-1,86,3,262,7,
28589,reproduce,Shroomer,-1,86,3,262,7,offspring:1
28590,kill,Boar,368,282,1,42,5,killed_by:Jaguar:638
28591,hunt_start,Jaguar,638,281,4,42,5,target:Monkey:1427
28593,kill,Deer,951,160,5,288,0,killed_by:Bear:473
28594,kill,Musk Ox,1402,101,5,62,5,killed_by:Polar Bear:1997
28597,hunt_start,Jaguar,443,54,0,10,4,target:Deer:899
28599,kill,Camel,662,132,8,38,9,killed_by:Jaguar:640
28599,hunt_start,Polar Bear,1326,112,3,214,0,target:Elk:541
28599,kill,Deer,13,0,0,137,5,killed_by:Jaguar:1893
28603,kill,Elk,1838,216,4,45,1,killed_by:Bear:1851
28606,hunt_start,Polar Bear,478,282,1,115,1,target:Shroomer:457
28606,reproduce,Parrot,1184,26,3,85,7,offspring:1
28608,hunt_start,Polar Bear,497,215,5,61,6,target:Shroomer:1332
28608,reproduce,Rabbit,964,152,7,199,1,offspring:2
28610,hunt_start,Polar Bear,1355,144,7,99,1,target:Shroomer:475
28610,hunt_start,Bear,1659,286,4,153,9,target:Boar:930
28610,reproduce,Turtle,1253,203,3,58,3,offspring:1
28611,kill,Elk,885,132,5,91,0,killed_by:Polar Bear:1864
28611,reproduce,Bear,1818,143,9,186,5,offspring:1
28612,hunt_start,Bear,69,142,4,188,3,target:Elk:989
28612,hunt_start,Bear,1818,143,9,186,5,target:Deer:945
28612,reproduce,Elk,134,258,7,100,9,offspring:1
28614,spore_matured,Shroomer,-1,92,4,268,7,
28614,reproduce,Shroomer,-1,92,4,268,7,offspring:1
28615,hunt_start,Boar,671,77,1,3,9,target:Penguin:334
28616,hunt_start,Bear,570,29,8,64,5,target:Elk:1272
28616,kill,Shroomer,442,121,3,254,9,killed_by:Boar:903
28617,hunt_start,Boar,903,121,6,254,4,target:Shroomer:1509
28619,kill,Shroomer,1404,123,3,269,0,killed_by:Bear:997
28621,spore_matured,Shroomer,-1,201,8,76,1,
28621,reproduce,Shroomer,-1,201,8,76,1,offspring:1
28621,spore_matured,Shroomer,-1,203,4,78,6,
28621,reproduce,Shroomer,-1,203,4,78,6,offspring:1
28622,hunt_start,Polar Bear,1512,222,6,32,6,target:Lizard:27
28623,starvation,Shroomer,509,223,0,83,7,
28624,reproduce,Deer,1758,13,0,82,3,offspring:1
28625,reproduce,Parrot,283,0,0,172,5,offspring:1
28629,kill,Deer,482,58,1,251,6,killed_by:Bear:1967
28629,reproduce,Camel,411,87,6,80,0,offspring:1
28630,starvation,Deer,798,87,4,136,9,
28630,hunt_fail,Bear,97,61,1,252,6,target_died
28630,hunt_start,Bear,97,61,1,252,6,target:Lizard:1753
28630,hunt_fail,Bear,568,97,9,142,1,target_died
28630,hunt_start,Bear,568,97,9,142,1,target:Deer:1649
28630,hunt_fail,Jaguar,1229,82,7,136,3,target_died
28630,hunt_start,Jaguar,1229,82,7,136,3,target:Deer:490
28631,kill,Deer,1537,71,5,186,4,killed_by:Bear:677
28633,starvation,Shroomer,426,214,4,64,9,
28634,starvation,Penguin,604,176,5,32,5,
28634,hunt_start,Bear,305,43,2,94,5,target:Boar:29
28635,kill,Penguin,1923,154,3,14,9,killed_by:Polar Bear:1793
28636,hunt_fail,Polar Bear,1140,148,8,13,4,target_died
28636,hunt_start,Polar Bear,1140,148,8,13,4,target:Penguin:444
28636,hunt_start,Polar Bear,1793,153,6,15,4,target:Penguin:1505
28639,kill,Deer,365,92,5,258,1,killed_by:Bear:1880
28639,reproduce,Deer,1210,80,1,254,8,offspring:1
28642,age_death,Lizard,1785,27,7,166,8,
28643,starvation,Monkey,1855,38,4,149,2,
28643,starvation,Shroomer,1993,209,0,69,3,
28643,hunt_start,Bear,437,86,3,242,7,target:Elk:1908
28643,hunt_fail,Jaguar,884,30,2,168,7,target_died
28646,hunt_fail,Polar Bear,478,279,2,115,6,discomfort
28653,hunt_start,Boar,703,158,3,115,3,target:Lizard:1620
28655,kill,Turtle,1742,15,9,28,1,killed_by:Polar Bear:1817
28656,hunt_start,Polar Bear,1817,15,9,27,4,target:Turtle:138
28657,environment_death,Shroomer,1351,240,0,72,9,drowning
28658,hunt_start,Polar Bear,1821,279,1,49,3,target:Lizard:176
28658,reproduce,Turtle,138,17,3,24,7,offspring:1
28659,kill,Shroomer,1279,114,2,243,9,killed_by:Boar:420
28660,hunt_start,Bear,697,191,3,83,7,target:Shroomer:998
28660,hunt_start,Polar Bear,1288,70,9,217,0,target:Rabbit:153
28660,reproduce,Deer,740,76,3,25,6,offspring:1
28661,kill,Shroomer,1193,77,0,237,0,killed_by:Polar Bear:1432
28663,reproduce,Deer,1942,71,1,181,4,offspring:1
28665,spore_matured,Shroomer,-1,83,3,263,5,
28665,reproduce,Shroomer,-1,83,3,263,5,offspring:1
28668,reproduce,Penguin,1698,192,6,3,2,offspring:1
28669,reproduce,Penguin,191,131,8,27,7,offspring:1
28671,spore_matured,Shroomer,-1,76,5,259,8,
28671,reproduce,Shroomer,-1,76,5,259,8,offspring:1
28672,reproduce,Elk,1053,38,6,200,6,offspring:1
28672,spore_matured,Shroomer,-1,79,6,197,0,
28672,reproduce,Shroomer,-1,79,6,197,0,offspring:1
28672,spore_matured,Shroomer,-1,79,9,202,5,
28672,reproduce,Shroomer,-1,79,9,202,5,offspring:1
28675,spore_matured,Shroomer,-1,221,6,56,8,
28675,reproduce,Shroomer,-1,221,6,56,8,offspring:1
28677,hunt_start,Boar,420,114,1,243,4,target:Shroomer:261
28679,reproduce,Boar,1906,165,7,192,3,offspring:2
28680,hunt_start,Boar,365,162,9,192,2,target:Frog:1546
28680,hunt_start,Boar,1906,165,7,192,3,target:Frog:229
28680,hunt_start,Boar,1923,162,9,192,2,target:Frog:1546
28682,starvation,Fish,1678,147,0,211,7,
28684,hunt_start,Jaguar,944,0,6,7,6,target:Lizard:1618
28684,reproduce,Jaguar,410,150,6,113,4,offspring:1
28685,hunt_start,Jaguar,410,150,6,113,4,target:Rabbit:1802
28685,hunt_start,Jaguar,1785,149,0,112,2,target:Deer:1768
28688,kill,Penguin,444,160,0,17,9,killed_by:Polar Bear:450
28689,hunt_fail,Polar Bear,1140,151,4,14,5,target_died
28689,hunt_start,Polar Bear,1140,151,4,14,5,target:Monkey:472
28693,kill,Penguin,708,163,2,88,8,killed_by:Polar Bear:133
28693,kill,Shroomer,236,246,7,129,0,killed_by:Bear:1511
28694,kill,Deer,228,7,4,267,8,killed_by:Polar Bear:531
28694,hunt_start,Polar Bear,1397,151,1,99,4,target:Penguin:1070
28695,reproduce,Deer,1162,12,8,268,0,offspring:1
28696,age_death,Frog,1090,102,7,92,1,
28696,age_death,Frog,1092,126,7,96,3,
28696,reproduce,Penguin,1067,168,8,17,3,offspring:1
28697,starvation,Parrot,1765,17,7,280,0,
28700,hunt_start,Jaguar,1360,0,4,9,3,target:Lizard:1618
28701,reproduce,Penguin,975,20,0,10,8,offspring:1
28702,kill,Elk,989,148,2,190,0,killed_by:Bear:69
28703,hunt_start,Bear,462,91,4,281,7,target:Elk:793
28703,hunt_fail,Polar Bear,924,148,8,189,5,target_died
28703,hunt_start,Polar Bear,924,148,8,189,5,target:Boar:1905
28704,hunt_start,Boar,1668,80,5,2,8,target:Monkey:779
28704,kill,Elk,80,39,9,282,9,killed_by:Bear:1925
28705,reproduce,Tapir,1205,166,3,285,0,offspring:1
28706,reproduce,Deer,356,75,2,247,1,offspring:1
28706,reproduce,Parrot,1146,265,9,20,8,offspring:1
28708,hunt_fail,Jaguar,1750,223,3,70,8,prey_escaped
28708,hunt_start,Jaguar,1750,223,3,70,8,target:Shroomer:1647
28711,kill,Elk,1206,40,8,196,3,killed_by:Bear:655
28713,kill,Shroomer,1332,217,4,60,0,killed_by:Polar Bear:497
28715,age_death,Parrot,707,282,9,228,6,
28717,hunt_start,Polar Bear,1725,213,3,52,3,target:Shroomer:1173
28723,starvation,Shroomer,152,213,2,68,6,
28726,kill,Tapir,182,132,0,65,3,killed_by:Jaguar:983
28730,starvation,Shroomer,1042,231,0,70,6,
28730,kill,Shroomer,998,192,6,86,1,killed_by:Bear:697
28730,reproduce,Deer,862,13,7,20,3,offspring:1
28730,spore_created,Shroomer,-1,226,8,76,5,
28730,spore_created,Shroomer,-1,233,2,75,0,
28732,reproduce,Deer,1148,220,1,202,7,offspring:1
28733,hunt_start,Polar Bear,1407,226,2,74,7,target:Shroomer:1647
28733,hunt_start,Polar Bear,1982,107,1,154,0,target:Turtle:1164
28734,hunt_start,Boar,977,76,2,2,0,target:Penguin:1501
28736,spore_created,Shroomer,-1,111,3,283,2,
28736,spore_created,Shroomer,-1,95,8,273,4,
28737,hunt_start,Bear,3,241,6,94,5,target:Shroomer:503
28738,starvation,Turtle,1203,133,5,108,9,
28740,starvation,Fish,576,203,8,264,6,
28740,starvation,Fish,598,195,2,166,5,
28740,reproduce,Fish,657,216,7,235,6,offspring:2
28742,kill,Elk,1218,36,7,51,6,killed_by:Bear:1181
28743,kill,Shroomer,475,148,7,104,5,killed_by:Polar Bear:1355
28744,age_death,Parrot,1502,198,6,250,1,
28745,spore_created,Shroomer,-1,163,2,115,9,
28745,spore_created,Shroomer,-1,173,6,108,1,
28746,reproduce,Parrot,1464,267,0,24,1,offspring:1
28747,hunt_start,Jaguar,1001,203,7,164,0,target:Monkey:897
28747,kill,Shroomer,407,206,6,88,5,killed_by:Bear:1706
28755,age_death,Rabbit,1636,151,3,3,6,
28757,reproduce,Bear,1304,229,1,31,0,offspring:1
28758,starvation,Shroomer,375,228,9,88,2,
28761,reproduce,Lizard,165,23,9,170,2,offspring:2
28762,hunt_start,Polar Bear,478,276,9,116,6,target:Shroomer:457
28763,age_death,Lizard,271,195,4,253,0,
28766,kill,Turtle,138,18,7,21,6,killed_by:Polar Bear:1817
28766,reproduce,Parrot,1379,183,6,260,5,offspring:1
28767,hunt_start,Jaguar,1251,138,7,38,2,target:Deer:1231
28767,hunt_start,Polar Bear,1413,214,4,57,4,target:Shroomer:1341
28767,hunt_start,Polar Bear,1817,18,4,22,2,target:Turtle:1564
28769,kill,Boar,1928,37,6,126,3,killed_by:Bear:1204
28772,kill,Deer,1231,139,6,36,2,killed_by:Jaguar:1251
28775,kill,Shroomer,1647,224,6,74,1,killed_by:Jaguar:1750
28776,hunt_start,Polar Bear,593,69,8,234,2,target:Shroomer:1478
28776,hunt_fail,Polar Bear,1407,225,3,74,5,target_died
28776,hunt_start,Polar Bear,1407,225,3,74,5,target:Shroomer:1051
28776,hunt_start,Jaguar,1750,224,3,73,3,target:Shroomer:1051
28781,hunt_fail,Jaguar,102,0,0,189,3,prey_escaped
28782,kill,Deer,899,67,1,17,9,killed_by:Jaguar:443
28782,spore_created,Shroomer,-1,233,9,73,4,
28782,spore_created,Shroomer,-1,242,4,79,7,
28784,kill,Deer,945,147,2,175,3,killed_by:Bear:1818
28785,hunt_start,Bear,1818,147,3,176,3,target:Boar:357
28786,reproduce,Elk,727,80,6,285,4,offspring:1
28787,kill,Shroomer,1173,212,1,54,8,killed_by:Polar Bear:1725
28787,reproduce,Polar Bear,493,74,3,277,0,offspring:1
28788,hunt_start,Polar Bear,152,76,0,278,5,target:Camel:745
28788,hunt_start,Polar Bear,493,74,3,277,0,target:Camel:745
28790,reproduce,Polar Bear,1817,18,1,23,5,offspring:1
28791,hunt_start,Polar Bear,182,17,0,26,1,target:Turtle:1564
28791,kill,Rabbit,807,77,7,246,9,killed_by:Wolf:1744
28792,starvation,Shroomer,1019,246,5,73,6,
28792,hunt_start,Wolf,1744,77,5,246,6,target:Deer:356
28793,hunt_fail,Boar,23,144,5,120,9,prey_escaped
28793,hunt_start,Boar,23,144,5,120,9,target:Shroomer:650
28794,kill,Elk,1889,38,4,202,6,killed_by:Polar Bear:1986
28796,reproduce,Deer,1696,275,4,63,5,offspring:1
28800,spore_created,Shroomer,-1,211,1,66,8,
28800,spore_created,Shroomer,-1,197,7,67,4,
28801,starvation,Monkey,1228,7,5,155,8,
28803,kill,Shroomer,1051,226,8,76,5,killed_by:Polar Bear:1407
28804,hunt_fail,Jaguar,1750,224,6,73,7,target_died
28804,hunt_start,Jaguar,1750,224,6,73,7,target:Turtle:853
28806,starvation,Fish,1274,212,4,213,7,
28807,reproduce,Penguin,1065,193,8,3,9,offspring:1
28808,reproduce,Jaguar,443,66,2,18,5,offspring:1
28809,hunt_start,Jaguar,443,66,2,18,5,target:Deer:674
28809,hunt_start,Jaguar,598,63,9,18,7,target:Deer:674
28809,kill,Shroomer,1509,121,8,261,2,killed_by:Boar:903
28809,reproduce,Rabbit,1198,49,1,10,2,offspring:2
28810,reproduce,Frog,537,61,6,273,4,offspring:2
28812,kill,Boar,930,280,3,143,0,killed_by:Bear:1659
28813,reproduce,Bear,1204,36,4,126,0,offspring:1
28814,kill,Boar,1905,155,9,194,3,killed_by:Polar Bear:924
28814,hunt_start,Bear,1204,36,4,125,9,target:Deer:1843
28814,hunt_start,Bear,1636,39,2,128,3,target:Deer:1843
28815,reproduce,Musk Ox,835,160,2,195,4,offspring:1
28821,hunt_start,Jaguar,102,0,8,188,3,target:Rabbit:1741
28822,kill,Boar,29,51,4,101,5,killed_by:Bear:305
28822,hunt_start,Bear,567,214,3,66,3,target:Shroomer:435
28824,hunt_start,Bear,1393,87,4,211,8,target:Elk:469
28835,kill,Monkey,1784,158,3,288,0,killed_by:Jaguar:575
28836,hunt_start,Jaguar,575,159,2,288,0,target:Parrot:561
28837,kill,Turtle,1564,18,5,25,5,killed_by:Polar Bear:1817
28838,hunt_fail,Polar Bear,182,18,0,26,0,target_died
28838,hunt_start,Polar Bear,182,18,0,26,0,target:Penguin:1872
28838,kill,Elk,1908,86,5,252,6,killed_by:Bear:437
28838,hunt_start,Polar Bear,1817,18,4,24,8,target:Penguin:1492
28841,kill,Elk,541,113,3,199,3,killed_by:Polar Bear:1326
28842,hunt_start,Polar Bear,963,123,4,23,1,target:Penguin:191
28844,reproduce,Elk,130,95,5,275,9,offspring:1
28848,hunt_start,Polar Bear,1407,226,4,76,3,target:Turtle:853
28849,starvation,Shroomer,170,194,0,107,0,
28849,hunt_start,Polar Bear,249,158,3,156,4,target:Turtle:1028
28850,hunt_start,Jaguar,635,145,0,50,8,target:Elk:381
28850,spore_matured,Shroomer,-1,233,3,75,3,
28850,reproduce,Shroomer,-1,233,3,75,3,offspring:1
28853,reproduce,Boar,1343,94,0,258,4,offspring:2
28854,hunt_start,Boar,138,93,0,259,4,target:Shroomer:1968
28854,hunt_start,Boar,1343,94,0,258,4,target:Shroomer:1968
28854,hunt_start,Boar,1928,92,9,259,8,target:Shroomer:1968
28854,reproduce,Elk,702,10,9,75,5,offspring:1
28855,age_death,Lizard,176,288,0,60,6,
28855,age_death,Lizard,776,114,1,135,1,
28856,hunt_fail,Boar,587,113,2,128,1,target_died
28856,hunt_fail,Polar Bear,1821,286,0,54,5,target_died
28856,hunt_start,Polar Bear,1821,286,0,54,5,target:Lizard:1039
28856,spore_matured,Shroomer,-1,95,8,273,6,
28856,reproduce,Shroomer,-1,95,8,273,6,offspring:1
28857,kill,Camel,745,78,0,274,5,killed_by:Polar Bear:152
28858,hunt_fail,Polar Bear,493,77,3,274,8,target_died
28858,hunt_start,Polar Bear,493,77,3,274,8,target:Monkey:819
28858,kill,Deer,1210,86,4,258,2,killed_by:Bear:1525
28862,reproduce,Elk,680,93,2,206,1,offspring:1
28865,spore_matured,Shroomer,-1,173,6,108,1,
28865,reproduce,Shroomer,-1,173,6,108,1,offspring:1
28866,reproduce,Monkey,660,118,6,151,0,offspring:1
28872,starvation,Parrot,351,260,4,188,0,
28873,hunt_start,Polar Bear,1730,205,2,78,6,target:Shroomer:1648
28875,reproduce,Elk,232,173,4,17,8,offspring:1
28875,spore_created,Shroomer,-1,61,2,239,6,
28875,spore_created,Shroomer,-1,66,8,229,3,
28879,hunt_start,Jaguar,577,152,9,93,8,target:Monkey:630
28880,hunt_start,Boar,1029,71,2,175,1,target:Monkey:1514
28883,kill,Elk,381,140,6,50,4,killed_by:Jaguar:635
28887,starvation,Parrot,1796,26,5,41,9,
28889,kill,Shroomer,503,242,3,102,1,killed_by:Bear:3
28889,kill,Deer,1768,157,6,106,6,killed_by:Jaguar:1785
28889,reproduce,Monkey,297,69,4,24,3,offspring:1
28890,hunt_start,Jaguar,1785,157,1,107,1,target:Tapir:1319
28890,spore_created,Shroomer,-1,158,7,102,6,
28890,spore_created,Shroomer,-1,159,6,102,7,
28891,starvation,Jaguar,1125,222,5,1,2,
28891,kill,Shroomer,1341,211,9,55,0,killed_by:Polar Bear:1413
28892,kill,Shroomer,435,216,0,64,9,killed_by:Bear:567
28895,hunt_fail,Jaguar,673,285,5,35,2,prey_escaped
28895,hunt_start,Jaguar,673,285,5,35,2,target:Boar:981
28896,reproduce,Monkey,256,267,0,27,2,offspring:1
28897,starvation,Monkey,164,141,3,224,9,
28898,starvation,Polar Bear,259,195,8,100,2,
28898,reproduce,Frog,7,23,6,184,8,offspring:2
28900,kill,Boar,981,285,7,37,2,killed_by:Jaguar:673
28900,kill,Turtle,1164,115,1,155,8,killed_by:Polar Bear:1982
28901,reproduce,Boar,304,273,7,34,4,offspring:2
28901,spore_created,Shroomer,-1,211,0,59,1,
28901,spore_created,Shroomer,-1,202,2,64,4,
28902,spore_matured,Shroomer,-1,233,8,73,5,
28902,reproduce,Shroomer,-1,233,8,73,5,offspring:1
28902,spore_matured,Shroomer,-1,242,4,79,7,
28902,reproduce,Shroomer,-1,242,4,79,7,offspring:1
28903,kill,Shroomer,1478,64,7,236,0,killed_by:Polar Bear:593
28904,reproduce,Deer,674,73,0,15,0,offspring:1
28907,spore_created,Shroomer,-1,170,1,114,5,
28907,spore_created,Shroomer,-1,174,8,110,8,
28908,hunt_start,Polar Bear,367,136,1,42,3,target:Camel:465
28909,reproduce,Deer,1589,0,0,147,7,offspring:1
28910,starvation,Monkey,1987,253,6,165,7,
28910,kill,Shroomer,457,271,2,115,7,killed_by:Polar Bear:478
28911,hunt_start,Polar Bear,478,272,2,115,7,target:Elk:565
28912,reproduce,Fish,797,217,2,239,0,offspring:2
28916,starvation,Parrot,786,207,2,95,3,
28917,age_death,Parrot,642,61,1,39,2,
28917,spore_matured,Shroomer,-1,163,2,115,9,
28917,reproduce,Shroomer,-1,163,2,115,9,offspring:1
28919,reproduce,Monkey,1370,188,1,153,2,offspring:1
28920,spore_matured,Shroomer,-1,211,0,66,7,
28920,reproduce,Shroomer,-1,211,0,66,7,offspring:1
28920,spore_matured,Shroomer,-1,197,5,67,4,
28920,reproduce,Shroomer,-1,197,5,67,4,offspring:1
28922,reproduce,Monkey,1043,163,1,273,5,offspring:1
28924,kill,Deer,356,75,5,256,2,killed_by:Wolf:1744
28925,hunt_start,Wolf,1744,75,3,255,8,target:Deer:1279
28928,kill,Shroomer,650,142,4,117,5,killed_by:Boar:23
28930,reproduce,Monkey,1850,25,5,40,4,offspring:1
28934,age_death,Parrot,1519,223,7,190,6,
28942,kill,Deer,1649,96,3,164,8,killed_by:Bear:568
28943,hunt_start,Bear,568,96,4,164,2,target:Deer:1256
28944,hunt_start,Bear,1007,46,9,277,9,target:Monkey:1958
28944,kill,Shroomer,1968,90,6,263,0,killed_by:Boar:1928
28944,hunt_start,Jaguar,1939,146,4,75,5,target:Elk:117
28944,reproduce,Rabbit,241,84,9,267,9,offspring:2
28945,hunt_fail,Boar,138,90,8,262,4,target_died
28945,hunt_start,Boar,138,90,8,262,4,target:Shroomer:1252
28945,hunt_fail,Boar,1343,91,6,261,9,target_died
28945,hunt_start,Boar,1343,91,6,261,9,target:Shroomer:1252
28945,hunt_start,Boar,1928,91,1,262,9,target:Shroomer:1252
28946,starvation,Lizard,1311,188,1,102,7,
28946,hunt_start,Polar Bear,550,118,4,65,4,target:Penguin:1275
28946,kill,Deer,1843,48,6,124,3,killed_by:Bear:1636
28947,hunt_fail,Bear,1204,43,9,125,2,target_died
28947,hunt_start,Bear,1204,43,9,125,2,target:Lizard:966
28947,hunt_start,Bear,1636,47,7,124,6,target:Lizard:966
28947,kill,Faeling,1073,55,5,194,5,killed_by:Shroomer:584
28948,reproduce,Parrot,552,214,2,222,4,offspring:1
28948,reproduce,Musk Ox,972,171,2,209,6,offspring:1
28948,reproduce,Parrot,1727,210,8,209,7,offspring:1
28951,kill,Shroomer,1648,206,0,76,0,killed_by:Polar Bear:1730
28952,hunt_start,Polar Bear,1876,27,6,212,2,target:Lizard:940
28953,reproduce,Elk,1237,32,6,97,2,offspring:1
28954,kill,Turtle,1028,155,4,153,0,killed_by:Polar Bear:249
28954,age_death,Frog,331,68,0,280,9,
28954,age_death,Frog,1112,122,3,276,6,
28955,hunt_start,Bear,386,216,5,102,3,target:Shroomer:1254
28955,age_death,Frog,226,117,5,285,8,
28955,reproduce,Deer,57,89,8,78,2,offspring:1
28955,reproduce,Deer,1182,118,2,104,0,offspring:1
28956,starvation,Rabbit,1777,250,3,165,3,
28957,reproduce,Turtle,157,163,9,188,5,offspring:1
28957,reproduce,Parrot,390,284,7,191,8,offspring:1
28958,reproduce,Musk Ox,759,161,7,159,9,offspring:1
28961,hunt_start,Polar Bear,1985,101,1,68,4,target:Musk Ox:1153
28962,spore_created,Shroomer,-1,211,2,55,4,
28962,spore_created,Shroomer,-1,218,3,55,4,
28968,age_death,Frog,1546,163,9,213,8,
28969,starvation,Polar Bear,315,27,4,205,1,
28969,hunt_fail,Boar,365,163,8,211,5,target_died
28969,hunt_start,Boar,365,163,8,211,5,target:Frog:1179
28969,hunt_fail,Boar,1923,163,9,213,2,target_died
28969,hunt_start,Boar,1923,163,9,213,2,target:Frog:1179
28970,age_death,Frog,1104,105,4,174,8,
28970,age_death,Frog,1718,143,9,167,1,
28970,reproduce,Musk Ox,1153,97,5,71,7,offspring:1
28971,hunt_start,Jaguar,640,126,8,50,8,target:Rabbit:1990
28971,hunt_start,Jaguar,1893,3,2,139,8,target:Deer:1589
28971,reproduce,Turtle,1110,122,9,181,7,offspring:1
28973,kill,Deer,674,76,0,14,8,killed_by:Jaguar:598
28974,hunt_fail,Jaguar,443,70,6,17,4,target_died
28974,hunt_start,Jaguar,443,70,6,17,4,target:Deer:992
28974,hunt_start,Jaguar,598,75,5,14,9,target:Deer:445
28976,starvation,Rabbit,1729,261,0,172,1,
28976,hunt_fail,Bear,1358,239,9,180,1,target_died
28976,hunt_start,Bear,1358,239,9,180,1,target:Deer:1344
28976,reproduce,Bear,1372,33,7,48,9,offspring:1
28977,hunt_start,Bear,998,31,2,46,9,target:Elk:224
28979,kill,Elk,793,106,3,282,5,killed_by:Bear:462
28981,starvation,Polar Bear,579,190,4,64,9,
28986,reproduce,Parrot,1405,195,2,276,3,offspring:1
28987,spore_created,Shroomer,-1,163,0,109,5,
28987,spore_created,Shroomer,-1,168,9,110,3,
28988,reproduce,Elk,469,87,5,223,3,offspring:1
28990,spore_created,Shroomer,-1,232,0,66,7,
28990,spore_created,Shroomer,-1,236,8,60,9,
28992,hunt_start,Bear,1643,271,2,115,6,target:Elk:519
28995,hunt_start,Boar,1403,154,5,260,4,target:Frog:1788
28995,spore_matured,Shroomer,-1,61,2,239,6,
28995,reproduce,Shroomer,-1,61,2,239,6,offspring:1
28995,spore_matured,Shroomer,-1,66,8,229,3,
28995,reproduce,Shroomer,-1,66,8,229,3,offspring:1
28997,kill,Boar,357,158,3,184,0,killed_by:Bear:1818
29000,reproduce,Frog,610,109,7,163,5,offspring:2
29000,reproduce,Frog,1106,104,7,176,3,offspring:2
29010,spore_matured,Shroomer,-1,160,2,102,8,
29010,reproduce,Shroomer,-1,160,2,102,8,offspring:1
29012,hunt_start,Bear,448,203,8,55,2,target:Shroomer:1411
29015,kill,Penguin,1872,24,5,37,7,killed_by:Polar Bear:182
29016,hunt_start,Polar Bear,182,24,1,37,1,target:Penguin:1492
29016,kill,Tapir,1319,152,5,114,7,killed_by:Jaguar:1785
29020,kill,Penguin,334,56,2,13,3,killed_by:Boar:671
29020,reproduce,Polar Bear,1876,29,3,210,0,offspring:1
29021,hunt_start,Polar Bear,226,32,2,210,8,target:Elk:798
29021,spore_matured,Shroomer,-1,210,9,58,9,
29021,reproduce,Shroomer,-1,210,9,58,9,offspring:1
29021,spore_matured,Shroomer,-1,202,0,64,6,
29021,reproduce,Shroomer,-1,202,0,64,6,offspring:1
29025,hunt_start,Bear,1063,221,0,108,2,target:Shroomer:705
29027,reproduce,Boar,1860,74,7,173,7,offspring:2
29027,spore_matured,Shroomer,-1,174,8,110,6,
29027,reproduce,Shroomer,-1,174,8,110,6,offspring:1
29028,reproduce,Boar,1551,19,2,135,6,offspring:2
29029,hunt_start,Boar,23,141,5,117,9,target:Penguin:612
29029,kill,Turtle,853,221,2,79,8,killed_by:Polar Bear:1407
29030,hunt_fail,Jaguar,1750,224,3,74,4,target_died
29030,hunt_start,Jaguar,1750,224,3,74,4,target:Monkey:83
29031,hunt_start,Bear,473,159,1,286,5,target:Deer:1726
29032,starvation,Parrot,739,70,6,205,4,
29035,hunt_fail,Boar,851,61,3,177,3,prey_escaped
29036,kill,Camel,465,135,4,49,8,killed_by:Polar Bear:367
29037,hunt_start,Polar Bear,1947,119,8,186,0,target:Musk Ox:1912
29038,age_death,Parrot,840,233,0,117,6,
29039,spore_matured,Shroomer,-1,158,2,103,2,
29039,reproduce,Shroomer,-1,158,2,103,2,offspring:1
29041,hunt_start,Bear,1851,220,7,41,5,target:Monkey:723
29044,hunt_start,Polar Bear,1630,272,9,73,2,target:Shroomer:49
29046,starvation,Shroomer,1853,219,4,60,2,
29046,spore_created,Shroomer,-1,85,6,251,3,
29046,spore_created,Shroomer,-1,92,4,255,2,
29047,reproduce,Deer,749,195,3,274,4,offspring:1
29049,hunt_start,Bear,69,149,3,192,4,target:Elk:372
29049,reproduce,Camel,1834,150,2,26,7,offspring:1
29050,kill,Deer,1589,-0,0,141,3,killed_by:Jaguar:1893
29051,hunt_start,Jaguar,1428,256,8,5,1,target:Monkey:205
29051,reproduce,Polar Bear,1982,116,5,157,8,offspring:1
29052,hunt_start,Polar Bear,1274,114,1,157,1,target:Parrot:1638
29052,hunt_start,Polar Bear,1982,116,5,157,9,target:Turtle:1177
29054,age_death,Lizard,1714,107,5,254,0,
29055,kill,Shroomer,1254,219,0,98,6,killed_by:Bear:386
29057,hunt_start,Bear,997,117,3,272,2,target:Boar:1699
29058,kill,Deer,1279,85,1,253,1,killed_by:Wolf:1744
29058,reproduce,Deer,1470,273,0,63,8,offspring:1
29060,age_death,Parrot,1061,164,0,31,6,
29063,starvation,Rabbit,1845,264,5,169,5,
29063,hunt_fail,Bear,42,241,2,182,2,target_died
29063,hunt_start,Bear,42,241,2,182,2,target:Deer:1344
29067,kill,Elk,469,87,6,225,1,killed_by:Bear:1393
29067,hunt_start,Bear,1967,62,6,252,9,target:Elk:507
29068,environment_death,Shroomer,170,244,6,78,0,drowning
29068,hunt_start,Polar Bear,1333,141,9,104,2,target:Shroomer:1679
29069,hunt_start,Bear,677,69,5,185,3,target:Deer:1942
29072,kill,Shroomer,1252,91,3,268,8,killed_by:Boar:138
29073,hunt_start,Boar,138,91,1,268,2,target:Frog:1286
29073,hunt_start,Boar,703,150,2,116,8,target:Penguin:612
29073,hunt_fail,Boar,1343,91,5,267,3,target_died
29073,hunt_start,Boar,1343,91,5,267,3,target:Frog:1286
29073,hunt_fail,Boar,1928,91,6,268,3,target_died
29073,hunt_start,Boar,1928,91,6,268,3,target:Frog:1286
29075,kill,Deer,1256,107,2,163,2,killed_by:Bear:568
29076,starvation,Rabbit,1176,23,6,252,3,
29076,hunt_start,Bear,568,106,5,163,2,target:Frog:610
29077,hunt_start,Bear,1880,89,6,257,4,target:Shroomer:1019
29079,spore_matured,Shroomer,-1,170,1,114,5,
29079,reproduce,Shroomer,-1,170,1,114,5,offspring:1
29082,hunt_start,Polar Bear,266,173,9,156,6,target:Musk Ox:920
29082,spore_created,Shroomer,-1,226,5,80,1,
29082,spore_created,Shroomer,-1,236,0,85,2,
29086,reproduce,Elk,1217,260,0,129,1,offspring:1
29086,reproduce,Wolf,1744,85,3,253,6,offspring:1
29087,hunt_start,Wolf,776,83,1,254,4,target:Shroomer:1187
29087,hunt_start,Wolf,1744,85,2,253,6,target:Shroomer:1187
29089,spore_created,Shroomer,-1,142,9,111,5,
29089,spore_created,Shroomer,-1,147,1,117,3,
29090,reproduce,Elk,1781,127,4,140,1,offspring:1
29094,starvation,Lizard,1949,17,1,34,5,
29094,kill,Shroomer,1411,206,9,56,4,killed_by:Bear:448
29095,reproduce,Parrot,1382,121,8,19,9,offspring:1
29096,kill,Musk Ox,1153,95,8,74,9,killed_by:Polar Bear:1985
29098,hunt_start,Jaguar,983,121,5,67,2,target:Monkey:1878
29101,hunt_start,Jaguar,884,30,0,170,2,target:Monkey:704
29104,starvation,Frog,273,55,7,193,9,
29104,hunt_fail,Bear,100,64,9,196,5,target_died
29106,reproduce,Deer,1746,3,6,87,7,offspring:1
29107,reproduce,Tapir,1534,31,7,182,4,offspring:1
29108,kill,Penguin,1070,161,9,113,5,killed_by:Polar Bear:1397
29110,spore_created,Shroomer,-1,257,6,80,3,
29110,spore_created,Shroomer,-1,255,3,70,9,
29110,spore_matured,Shroomer,-1,232,0,66,7,
29110,reproduce,Shroomer,-1,232,0,66,7,offspring:1
29110,spore_matured,Shroomer,-1,236,8,60,9,
29110,reproduce,Shroomer,-1,236,8,60,9,offspring:1
29111,starvation,Shroomer,62,202,9,97,7,
29112,kill,Deer,445,79,0,6,1,killed_by:Jaguar:598
29113,starvation,Shroomer,1517,219,8,69,7,
29114,kill,Shroomer,49,276,0,71,9,killed_by:Polar Bear:1630
29117,kill,Penguin,191,138,8,33,1,killed_by:Polar Bear:963
29117,kill,Penguin,1501,54,3,-0,0,killed_by:Boar:977
29118,kill,Shroomer,1019,92,4,255,2,killed_by:Bear:1880
29120,hunt_start,Polar Bear,687,220,9,55,6,target:Shroomer:786
29122,hunt_start,Boar,304,267,6,33,5,target:Parrot:1294
29122,hunt_start,Boar,977,54,7,0,1,target:Penguin:1183
29122,reproduce,Deer,992,74,9,22,7,offspring:1
29124,spore_matured,Shroomer,-1,162,9,110,0,
29124,reproduce,Shroomer,-1,162,9,110,0,offspring:1
29126,kill,Penguin,1492,31,2,35,3,killed_by:Polar Bear:182
29126,reproduce,Deer,309,12,5,92,2,offspring:1
29127,hunt_start,Polar Bear,182,30,8,35,8,target:Penguin:651
29127,hunt_fail,Polar Bear,1817,28,3,34,9,target_died
29127,hunt_start,Polar Bear,1817,28,3,34,9,target:Turtle:958
29131,hunt_start,Bear,1511,245,9,130,2,target:Shroomer:301
29133,kill,Lizard,1973,-0,0,-0,1,killed_by:Polar Bear:1733
29133,reproduce,Tapir,1504,87,9,168,2,offspring:1
29134,hunt_fail,Jaguar,865,4,2,10,2,target_died
29134,spore_matured,Shroomer,-1,211,7,55,1,
29134,reproduce,Shroomer,-1,211,7,55,1,offspring:1
29134,spore_matured,Shroomer,-1,218,4,56,1,
29134,reproduce,Shroomer,-1,218,4,56,1,offspring:1
29135,hunt_fail,Polar Bear,687,220,2,55,7,target_died
29135,hunt_start,Polar Bear,687,220,2,55,7,target:Shroomer:1256
29137,hunt_start,Polar Bear,1997,94,8,57,3,target:Musk Ox:65
29141,environment_death,Shroomer,1141,238,7,78,2,drowning
29141,kill,Shroomer,1187,83,9,250,7,killed_by:Wolf:1744
29141,reproduce,Elk,289,278,1,130,6,offspring:1
29142,hunt_fail,Wolf,776,83,8,251,2,target_died
29142,hunt_start,Wolf,776,83,8,251,2,target:Shroomer:579
29142,hunt_start,Bear,1925,45,6,281,9,target:Parrot:1364
29143,starvation,Parrot,1339,254,3,167,4,
29144,hunt_start,Jaguar,1251,132,8,38,0,target:Deer:893
29149,hunt_start,Bear,655,40,1,191,5,target:Elk:1349
29150,kill,Elk,565,256,3,109,4,killed_by:Polar Bear:478
29151,hunt_start,Polar Bear,478,257,1,109,6,target:Monkey:1751
29153,spore_matured,Shroomer,-1,169,7,111,8,
29153,reproduce,Shroomer,-1,169,7,111,8,offspring:1
29154,hunt_start,Polar Bear,1864,138,5,95,3,target:Shroomer:1129
29155,hunt_start,Jaguar,865,3,9,10,1,target:Frog:821
29156,reproduce,Bear,1181,43,0,52,0,offspring:1
29157,starvation,Lizard,832,0,2,71,0,
29157,hunt_fail,Jaguar,76,5,4,66,2,target_died
29157,hunt_start,Bear,1181,43,0,52,0,target:Elk:224
29157,hunt_start,Bear,1949,41,4,54,5,target:Boar:820
29157,reproduce,Elk,1917,262,9,94,9,offspring:1
29158,reproduce,Musk Ox,920,176,7,150,3,offspring:1
29159,kill,Deer,1344,231,8,191,6,killed_by:Bear:1358
29159,kill,Penguin,1505,175,2,28,8,killed_by:Polar Bear:1793
29160,hunt_fail,Bear,42,236,6,186,5,target_died
29160,hunt_start,Bear,42,236,6,186,5,target:Parrot:431
29160,hunt_start,Bear,1358,232,2,190,9,target:Deer:1980
29160,hunt_start,Polar Bear,1793,174,5,28,2,target:Penguin:231
29161,environment_death,Shroomer,1311,61,8,239,6,drowning
29161,kill,Musk Ox,1912,113,8,189,4,killed_by:Polar Bear:1947
29164,reproduce,Lizard,1704,30,1,17,8,offspring:2
29168,hunt_start,Bear,697,191,5,82,0,target:Shroomer:136
29168,kill,Elk,646,207,0,169,3,killed_by:Bear:923
29171,reproduce,Penguin,1523,131,5,98,4,offspring:1
29172,hunt_start,Boar,1665,182,0,274,3,target:Lizard:1748
29175,kill,Penguin,44,144,0,91,9,killed_by:Boar:1515
29177,hunt_start,Bear,1880,92,2,256,3,target:Deer:544
29177,reproduce,Frog,1081,36,5,186,5,offspring:2
29181,kill,Penguin,1275,104,4,60,8,killed_by:Polar Bear:550
29183,reproduce,Parrot,1882,-0,0,286,3,offspring:1
29183,spore_matured,Shroomer,-1,86,7,251,1,
29183,reproduce,Shroomer,-1,86,7,251,1,offspring:1
29184,hunt_fail,Wolf,776,86,4,251,0,target_died
29184,hunt_start,Wolf,776,86,4,251,0,target:Shroomer:1517
29185,hunt_start,Bear,1706,206,8,86,5,target:Shroomer:1955
29190,starvation,Parrot,1943,266,2,194,1,
29190,reproduce,Monkey,704,20,7,181,8,offspring:1
29191,starvation,Wolf,1651,80,5,91,4,
29191,kill,Boar,1699,109,0,275,4,killed_by:Bear:997
29196,reproduce,Deer,643,138,4,27,0,offspring:1
29200,kill,Shroomer,1679,138,5,109,0,killed_by:Polar Bear:1333
29200,kill,Turtle,1177,124,4,159,4,killed_by:Polar Bear:1982
29202,reproduce,Tapir,1120,172,1,6,7,offspring:1
29202,spore_matured,Shroomer,-1,227,0,79,7,
29202,reproduce,Shroomer,-1,227,0,79,7,offspring:1
29202,spore_matured,Shroomer,-1,236,0,85,2,
29202,reproduce,Shroomer,-1,236,0,85,2,offspring:1
29204,hunt_start,Polar Bear,1432,77,4,243,1,target:Shroomer:1957
29206,kill,Monkey,819,57,0,288,0,killed_by:Polar Bear:493
29206,reproduce,Jaguar,673,277,5,36,2,offspring:1
29207,hunt_start,Polar Bear,493,58,3,287,4,target:Frog:1502
29207,hunt_start,Jaguar,673,277,5,36,2,target:Boar:1784
29207,hunt_fail,Wolf,1157,56,4,287,3,target_died
29207,hunt_start,Wolf,1157,56,4,287,3,target:Frog:1502
29207,hunt_start,Jaguar,1492,276,5,36,9,target:Boar:1784
29208,reproduce,Tapir,1261,126,8,23,8,offspring:1
29209,spore_matured,Shroomer,-1,147,1,117,3,
29209,reproduce,Shroomer,-1,147,1,117,3,offspring:1
29209,spore_matured,Shroomer,-1,142,9,111,5,
29209,reproduce,Shroomer,-1,142,9,111,5,offspring:1
29211,hunt_start,Polar Bear,1733,1,2,2,5,target:Frog:821
29212,kill,Penguin,651,34,6,34,2,killed_by:Polar Bear:182
29212,kill,Shroomer,1256,217,2,56,7,killed_by:Polar Bear:687
29213,hunt_start,Polar Bear,182,33,6,34,7,target:Penguin:796
29217,starvation,Fish,178,179,4,178,4,
29217,reproduce,Parrot,1009,181,5,158,9,offspring:1
29218,reproduce,Penguin,1946,130,9,58,3,offspring:1
29219,reproduce,Deer,1527,106,1,223,5,offspring:1
29224,kill,Elk,798,42,0,208,7,killed_by:Polar Bear:226
29224,reproduce,Penguin,355,27,9,26,6,offspring:1
29224,spore_created,Shroomer,-1,210,2,87,5,
29224,spore_created,Shroomer,-1,197,8,81,4,
29225,hunt_start,Polar Bear,226,41,2,208,9,target:Elk:1053
29229,starvation,Monkey,1587,257,5,164,6,
29229,hunt_start,Jaguar,77,149,7,82,1,target:Elk:1840
29229,kill,Shroomer,261,107,1,247,9,killed_by:Boar:420
29230,hunt_start,Boar,420,107,5,247,5,target:Shroomer:906
29231,hunt_start,Polar Bear,450,164,9,21,1,target:Musk Ox:1915
29232,kill,Turtle,958,25,6,31,4,killed_by:Polar Bear:1817
29234,kill,Deer,1726,172,3,285,9,killed_by:Bear:473
29236,hunt_start,Polar Bear,133,158,8,92,4,target:Penguin:557
29236,reproduce,Monkey,1371,129,6,176,3,offspring:1
29237,kill,Musk Ox,920,177,8,147,6,killed_by:Polar Bear:266
29237,hunt_start,Polar Bear,531,6,3,274,8,target:Deer:750
29238,kill,Shroomer,136,193,3,80,0,killed_by:Bear:697
29238,age_death,Parrot,909,234,1,261,7,
29238,reproduce,Penguin,1331,178,2,13,0,offspring:1
29244,reproduce,Boar,1665,181,4,278,9,offspring:2
29245,reproduce,Rabbit,1741,12,1,180,1,offspring:2
29249,reproduce,Musk Ox,416,126,6,202,0,offspring:1
29250,hunt_start,Bear,1659,284,9,146,0,target:Monkey:814
29251,kill,Elk,224,42,9,43,9,killed_by:Bear:998
29252,hunt_start,Bear,100,67,7,195,9,target:Parrot:343
29252,hunt_fail,Bear,1181,42,6,47,7,target_died
29252,hunt_start,Bear,1181,42,6,47,7,target:Boar:551
29254,reproduce,Parrot,822,153,7,205,5,offspring:1
29255,hunt_start,Jaguar,635,135,7,48,9,target:Deer:586
29256,hunt_start,Polar Bear,497,215,5,58,0,target:Shroomer:345
29259,reproduce,Deer,932,268,7,134,3,offspring:1
29260,hunt_start,Bear,305,56,4,105,6,target:Penguin:201
29261,starvation,Tapir,559,198,9,80,7,
29261,kill,Shroomer,301,250,3,132,7,killed_by:Bear:1511
29261,reproduce,Boar,525,268,9,31,4,offspring:2
29262,kill,Shroomer,705,213,8,103,4,killed_by:Bear:1063
29263,kill,Shroomer,1129,136,4,100,2,killed_by:Polar Bear:1864
29264,kill,Shroomer,1517,90,0,252,5,killed_by:Wolf:776
29264,reproduce,Deer,174,113,7,215,4,offspring:1
29265,kill,Elk,1272,39,1,71,4,killed_by:Bear:570
29265,hunt_start,Wolf,776,89,6,252,2,target:Shroomer:683
29269,reproduce,Parrot,1442,267,9,84,2,offspring:1
29274,reproduce,Boar,180,13,3,138,1,offspring:2
29276,environment_death,Shroomer,1279,238,1,60,9,drowning
29276,starvation,Parrot,1529,40,9,146,0,
29276,hunt_start,Bear,437,82,8,255,2,target:Shroomer:1550
29276,reproduce,Parrot,319,272,6,265,8,offspring:1
29279,starvation,Parrot,210,38,6,149,4,
29279,age_death,Tapir,760,16,4,149,5,
29281,reproduce,Parrot,1566,114,7,30,6,offspring:1
29284,reproduce,Monkey,528,76,6,282,2,offspring:1
29285,starvation,Monkey,1436,147,6,0,5,
29285,kill,Deer,586,134,6,45,1,killed_by:Jaguar:635
29285,age_death,Frog,817,199,4,125,4,
29285,reproduce,Boar,1868,266,2,93,4,offspring:2
29286,starvation,Parrot,1828,276,3,1,4,
29286,hunt_start,Polar Bear,1355,149,7,105,2,target:Penguin:612
29286,kill,Elk,519,253,8,120,2,killed_by:Bear:1643
29286,hunt_start,Boar,1868,266,2,93,4,target:Lizard:1078
29286,reproduce,Parrot,1146,271,4,23,1,offspring:1
29287,kill,Elk,372,143,8,206,3,killed_by:Bear:69
29289,kill,Boar,1784,270,2,34,3,killed_by:Jaguar:673
29290,hunt_fail,Jaguar,1492,275,0,36,3,target_died
29290,hunt_start,Jaguar,1492,275,0,36,3,target:Boar:1584
29295,reproduce,Boar,1584,275,7,31,3,offspring:2
29296,hunt_start,Bear,1525,84,3,263,2,target:Shroomer:1929
29301,kill,Musk Ox,65,98,3,66,8,killed_by:Polar Bear:1997
29304,hunt_start,Wolf,1744,78,6,254,8,target:Shroomer:1550
29307,starvation,Fish,1273,217,4,216,9,
29307,reproduce,Parrot,811,270,7,222,4,offspring:1
29310,starvation,Elk,1535,196,1,104,3,
29310,reproduce,Monkey,54,-0,0,262,8,offspring:1
29311,spore_created,Shroomer,-1,155,6,98,7,
29311,spore_created,Shroomer,-1,158,2,103,6,
29315,kill,Deer,893,120,4,30,0,killed_by:Jaguar:1251
29316,age_death,Lizard,422,228,0,261,1,
29316,age_death,Lizard,1632,235,1,272,2,
29317,reproduce,Parrot,208,284,2,160,2,offspring:1
29318,kill,Deer,992,76,7,26,4,killed_by:Jaguar:443
29319,starvation,Wolf,709,146,5,63,7,
29320,kill,Elk,1349,45,3,183,8,killed_by:Bear:655
29323,hunt_start,Boar,739,268,6,93,2,target:Lizard:1039
29323,hunt_start,Boar,853,268,6,93,2,target:Lizard:1039
29325,kill,Lizard,1618,0,0,34,3,killed_by:Jaguar:1360
29325,reproduce,Deer,93,85,4,31,5,offspring:1
29326,starvation,Lizard,1710,280,7,1,9,
29326,hunt_fail,Jaguar,944,1,4,18,3,target_died
29326,hunt_start,Jaguar,944,1,4,18,3,target:Frog:821
29326,hunt_start,Jaguar,1360,0,0,33,3,target:Parrot:1040
29327,hunt_start,Bear,3,241,7,103,1,target:Shroomer:1305
29328,reproduce,Frog,1438,196,0,122,8,offspring:2
29330,hunt_start,Bear,567,215,3,67,0,target:Shroomer:747
29330,hunt_start,Polar Bear,1725,214,1,52,0,target:Shroomer:358
29331,kill,Elk,507,71,3,242,3,killed_by:Bear:1967
29332,starvation,Deer,1467,261,5,173,8,
29332,kill,Frog,1179,185,9,204,4,killed_by:Boar:365
29332,reproduce,Elk,350,95,9,283,0,offspring:1
29332,reproduce,Lizard,938,256,7,276,2,offspring:2
29333,kill,Shroomer,1955,202,6,83,8,killed_by:Bear:1706
29333,hunt_fail,Boar,1923,183,9,205,1,target_died
29334,kill,Frog,821,4,1,17,9,killed_by:Jaguar:944
29335,hunt_fail,Jaguar,865,4,1,12,8,target_died
29335,hunt_start,Jaguar,944,3,4,18,0,target:Deer:91
29335,hunt_fail,Polar Bear,1733,2,2,11,9,target_died
29335,hunt_start,Polar Bear,1733,2,2,11,9,target:Penguin:1742
29336,kill,Shroomer,1957,73,7,239,6,killed_by:Polar Bear:1432
29336,age_death,Parrot,1416,8,9,255,6,
29337,kill,Musk Ox,1915,170,2,18,5,killed_by:Polar Bear:450
29337,hunt_start,Polar Bear,1986,39,3,201,0,target:Monkey:1477
29337,reproduce,Musk Ox,68,196,4,4,0,offspring:1
29337,reproduce,Penguin,1485,20,5,21,3,offspring:1
29337,spore_created,Shroomer,-1,196,5,112,4,
29337,spore_created,Shroomer,-1,189,6,116,7,
29338,reproduce,Parrot,1667,151,7,213,7,offspring:1
29339,starvation,Bear,263,130,8,245,5,
29339,kill,Monkey,779,113,9,0,0,killed_by:Boar:1668
29341,kill,Rabbit,1990,121,8,75,5,killed_by:Jaguar:640
29341,hunt_start,Bear,923,208,4,171,5,target:Rabbit:1732
29342,starvation,Rabbit,691,142,5,236,5,
29343,age_death,Monkey,513,54,6,111,7,
29343,reproduce,Lizard,940,28,5,182,0,offspring:2
29344,reproduce,Monkey,768,70,5,283,3,offspring:1
29344,spore_matured,Shroomer,-1,197,8,81,4,
29344,reproduce,Shroomer,-1,197,8,81,4,offspring:1
29344,spore_matured,Shroomer,-1,210,2,87,5,
29344,reproduce,Shroomer,-1,210,2,87,5,offspring:1
29348,age_death,Monkey,1369,147,0,254,4,
29348,reproduce,Parrot,1469,273,0,21,8,offspring:1
29350,reproduce,Monkey,82,103,1,197,5,offspring:1
29352,starvation,Rabbit,733,142,5,235,0,
29353,reproduce,Jaguar,1251,119,5,30,0,offspring:1
29353,spore_created,Shroomer,-1,195,8,65,9,
29353,spore_created,Shroomer,-1,201,2,71,8,
29354,hunt_start,Jaguar,519,120,3,28,3,target:Lizard:1213
29354,hunt_start,Jaguar,1251,119,5,30,0,target:Elk:146
29355,reproduce,Rabbit,929,187,7,3,2,offspring:2
29356,starvation,Boar,1266,286,8,103,2,
29357,hunt_start,Polar Bear,924,147,6,198,8,target:Musk Ox:605
29358,kill,Frog,610,125,6,167,5,killed_by:Bear:568
29359,hunt_start,Bear,568,124,8,166,8,target:Lizard:815
29361,kill,Shroomer,345,218,2,56,5,killed_by:Polar Bear:497
29362,hunt_start,Boar,178,274,9,30,1,target:Monkey:256
29365,reproduce,Monkey,105,70,0,281,3,offspring:1
29365,reproduce,Frog,1754,165,4,204,7,offspring:2
29366,reproduce,Penguin,922,46,5,109,2,offspring:1
29368,environment_death,Shroomer,356,238,1,87,2,drowning
29371,reproduce,Monkey,1634,260,5,224,0,offspring:1
29373,reproduce,Penguin,975,21,8,17,1,offspring:1
29373,reproduce,Penguin,1508,31,6,30,5,offspring:1
29377,starvation,Parrot,332,10,6,72,4,
29378,kill,Penguin,612,144,6,103,6,killed_by:Boar:703
29379,hunt_fail,Boar,23,144,9,105,7,target_died
29379,hunt_fail,Polar Bear,1355,145,9,104,9,target_died
29379,hunt_start,Polar Bear,1355,145,9,104,9,target:Boar:23
29382,kill,Penguin,796,36,8,41,1,killed_by:Polar Bear:182
29383,hunt_start,Boar,23,144,9,105,7,target:Shroomer:1973
29383,hunt_start,Polar Bear,182,36,4,40,1,target:Penguin:1938
29384,kill,Deer,750,4,3,266,6,killed_by:Polar Bear:531
29384,kill,Shroomer,683,89,8,246,8,killed_by:Wolf:776
29384,hunt_start,Polar Bear,1326,119,4,199,0,target:Musk Ox:416
29386,kill,Shroomer,1929,86,6,260,3,killed_by:Bear:1525
29386,reproduce,Deer,161,7,6,252,9,offspring:1
29388,kill,Frog,1502,70,3,272,5,killed_by:Wolf:1157
29388,hunt_start,Jaguar,1785,155,7,110,3,target:Boar:1306
29389,hunt_fail,Polar Bear,493,64,7,279,4,target_died
29389,hunt_start,Polar Bear,493,64,7,279,4,target:Frog:537
29389,hunt_start,Wolf,1157,70,1,272,7,target:Frog:407
29394,reproduce,Lizard,1240,80,7,217,7,offspring:2
29395,hunt_start,Jaguar,1892,2,7,100,9,target:Deer:1005
29398,reproduce,Parrot,688,93,3,77,7,offspring:1
29399,starvation,Wolf,1089,37,7,173,7,
29400,hunt_start,Polar Bear,152,77,4,277,6,target:Camel:1896
29400,kill,Shroomer,747,215,5,68,9,killed_by:Bear:567
29400,reproduce,Monkey,449,128,5,195,2,offspring:1
29401,hunt_start,Bear,462,102,9,286,5,target:Shroomer:1641
29402,starvation,Shroomer,341,214,6,63,2,
29402,reproduce,Parrot,825,-0,0,256,0,offspring:1
29409,reproduce,Turtle,679,124,0,82,4,offspring:1
29413,reproduce,Musk Ox,1978,252,3,103,0,offspring:1
29414,hunt_start,Bear,998,43,5,44,6,target:Boar:551
29414,reproduce,Parrot,1767,25,5,123,4,offspring:1
29419,reproduce,Polar Bear,924,148,8,202,5,offspring:1
29420,starvation,Polar Bear,1590,155,0,68,3,
29420,hunt_start,Polar Bear,1915,147,3,204,1,target:Musk Ox:605
29421,reproduce,Penguin,217,24,8,10,0,offspring:1
29422,hunt_start,Jaguar,1893,2,6,138,2,target:Deer:1066
29423,reproduce,Elk,956,127,0,196,9,offspring:1
29424,kill,Parrot,446,0,0,42,9,killed_by:Polar Bear:103
29425,starvation,Parrot,632,121,6,227,1,
29425,hunt_start,Polar Bear,103,0,3,43,4,target:Monkey:1094
29426,hunt_start,Jaguar,76,4,1,68,4,target:Elk:702
29430,kill,Shroomer,906,112,8,245,1,killed_by:Boar:420
29430,kill,Elk,117,142,1,62,2,killed_by:Jaguar:1939
29430,reproduce,Deer,1696,284,2,52,5,offspring:1
29430,spore_created,Shroomer,-1,220,3,45,8,
29430,spore_created,Shroomer,-1,219,1,62,5,
29431,kill,Deer,1066,0,0,136,9,killed_by:Jaguar:1893
29431,hunt_start,Jaguar,1939,142,0,62,9,target:Monkey:472
29431,spore_matured,Shroomer,-1,158,3,104,0,
29431,reproduce,Shroomer,-1,158,3,104,0,offspring:1
29434,hunt_start,Polar Bear,1413,210,3,48,3,target:Shroomer:1960
29435,kill,Shroomer,358,217,1,53,5,killed_by:Polar Bear:1725
29435,kill,Shroomer,1550,77,7,262,1,killed_by:Wolf:1744
29435,hunt_start,Bear,1818,160,0,177,3,target:Turtle:1041
29436,hunt_fail,Bear,437,78,9,259,2,target_died
29436,hunt_start,Bear,437,78,9,259,2,target:Shroomer:482
29436,hunt_start,Boar,1928,113,1,269,1,target:Shroomer:56
29439,hunt_start,Boar,587,122,0,130,1,target:Parrot:543
29440,hunt_start,Jaguar,443,73,0,23,3,target:Deer:1061
29440,reproduce,Rabbit,225,6,6,181,6,offspring:2
29441,starvation,Rabbit,880,280,1,13,0,
29441,reproduce,Parrot,1681,110,7,258,3,offspring:1
29443,age_death,Rabbit,470,288,0,16,9,
29443,age_death,Rabbit,1656,286,2,127,3,
29444,hunt_fail,Bear,754,280,3,23,2,target_died
29444,hunt_start,Bear,754,280,3,23,2,target:Boar:1584
29446,hunt_start,Polar Bear,593,66,5,237,3,target:Frog:1677
29446,age_death,Lizard,286,0,0,256,4,
29446,age_death,Lizard,841,128,1,177,2,
29446,reproduce,Rabbit,726,271,7,131,9,offspring:2
29446,reproduce,Faeling,0,1,4,194,7,offspring:1
29447,hunt_fail,Jaguar,1088,0,0,258,9,target_died
29447,hunt_start,Jaguar,1088,0,0,258,9,target:Monkey:816
29448,kill,Boar,820,46,7,71,0,killed_by:Bear:1949
29449,hunt_start,Bear,1949,46,5,70,4,target:Elk:1314
29449,reproduce,Elk,11,87,0,281,8,offspring:1
29455,environment_death,Shroomer,1103,234,9,80,0,drowning
29456,age_death,Lizard,1078,249,5,89,7,
29456,age_death,Lizard,1145,168,3,115,3,
29457,hunt_fail,Polar Bear,521,172,9,111,4,target_died
29457,hunt_start,Polar Bear,521,172,9,111,4,target:Penguin:1795
29457,hunt_fail,Polar Bear,1335,191,4,96,2,target_died
29457,hunt_start,Polar Bear,1335,191,4,96,2,target:Shroomer:1424
29457,hunt_fail,Boar,1868,255,4,90,1,target_died
29457,spore_matured,Shroomer,-1,196,5,112,4,
29457,reproduce,Shroomer,-1,196,5,112,4,offspring:1
29459,reproduce,Penguin,202,130,2,89,3,offspring:1
29460,kill,Elk,146,113,4,27,4,killed_by:Jaguar:1251
29460,reproduce,Lizard,815,134,1,175,9,offspring:2
29463,spore_created,Shroomer,-1,172,9,119,9,
29463,spore_created,Shroomer,-1,174,9,121,0,
29466,kill,Shroomer,1305,243,2,108,6,killed_by:Bear:3
29469,spore_created,Shroomer,-1,219,9,59,9,
29469,spore_created,Shroomer,-1,225,9,58,7,
29470,starvation,Penguin,942,181,9,54,8,
29471,kill,Shroomer,1641,104,8,284,1,killed_by:Bear:462
29472,reproduce,Deer,562,86,5,170,0,offspring:1
29473,starvation,Parrot,1599,0,0,239,6,
29473,hunt_fail,Bear,1807,1,9,247,4,target_died
29473,hunt_start,Bear,1807,1,9,247,4,target:Deer:441
29473,spore_matured,Shroomer,-1,201,3,72,0,
29473,reproduce,Shroomer,-1,201,3,72,0,offspring:1
29475,starvation,Parrot,1044,186,9,13,8,
29478,spore_matured,Shroomer,-1,190,4,116,7,
29478,reproduce,Shroomer,-1,190,4,116,7,offspring:1
29479,starvation,Shroomer,883,225,4,80,8,
29480,kill,Musk Ox,605,150,7,206,0,killed_by:Polar Bear:1915
29481,hunt_fail,Polar Bear,924,150,6,205,1,target_died
29481,hunt_start,Polar Bear,924,150,6,205,1,target:Musk Ox:1111
29483,spore_matured,Shroomer,-1,155,6,98,7,
29483,reproduce,Shroomer,-1,155,6,98,7,offspring:1
29484,hunt_start,Jaguar,598,75,6,1,8,target:Penguin:324
29484,hunt_start,Boar,1505,181,8,276,4,target:Lizard:524
29484,spore_created,Shroomer,-1,91,7,188,2,
29484,spore_created,Shroomer,-1,83,6,193,2,
29486,hunt_start,Jaguar,865,0,3,14,7,target:Parrot:1045
29487,reproduce,Parrot,148,167,3,117,3,offspring:1
29488,starvation,Lizard,144,261,3,185,8,
29488,starvation,Rabbit,1543,135,2,209,0,
29488,hunt_fail,Bear,1076,265,5,181,5,target_died
29488,hunt_start,Bear,1076,265,5,181,5,target:Deer:616
29489,hunt_start,Boar,138,107,0,269,0,target:Rabbit:1243
29489,reproduce,Penguin,1930,165,8,14,6,offspring:1
29492,reproduce,Musk Ox,993,164,1,198,2,offspring:1
29493,hunt_start,Bear,386,219,7,97,9,target:Shroomer:1780
29493,kill,Penguin,324,74,8,4,5,killed_by:Jaguar:598
29493,reproduce,Parrot,46,176,9,288,0,offspring:1
29494,hunt_start,Polar Bear,1730,203,9,78,0,target:Shroomer:1402
29495,reproduce,Musk Ox,1135,112,7,184,3,offspring:1
29497,hunt_start,Polar Bear,249,154,6,161,4,target:Musk Ox:652
29500,starvation,Jaguar,1381,242,3,8,5,
29500,reproduce,Turtle,1131,222,9,27,9,offspring:1
29504,reproduce,Monkey,741,98,2,275,0,offspring:1
29505,hunt_start,Bear,1393,86,7,224,8,target:Elk:1519
29507,reproduce,Lizard,672,270,5,174,8,offspring:2
29508,starvation,Rabbit,1835,133,0,207,9,
29509,hunt_start,Boar,138,106,9,269,0,target:Rabbit:1243
29510,reproduce,Monkey,223,127,4,264,5,offspring:1
29510,reproduce,Penguin,557,149,2,106,1,offspring:1
29513,reproduce,Monkey,908,176,5,288,0,offspring:1
29516,hunt_fail,Jaguar,200,272,8,114,0,prey_escaped
29516,hunt_start,Jaguar,200,272,8,114,0,target:Deer:1260
29517,reproduce,Elk,1097,79,2,207,6,offspring:1
29517,spore_created,Shroomer,-1,182,2,112,8,
29517,spore_created,Shroomer,-1,181,5,106,1,
29518,starvation,Rabbit,1922,190,9,47,0,
29519,kill,Penguin,1183,73,3,14,7,killed_by:Boar:977
29521,spore_created,Shroomer,-1,253,0,134,4,
29521,spore_created,Shroomer,-1,256,2,132,8,
29524,reproduce,Monkey,1624,29,0,128,4,offspring:1
29526,hunt_start,Boar,1104,66,2,166,5,target:Parrot:195
29526,spore_created,Shroomer,-1,192,4,113,8,
29526,spore_created,Shroomer,-1,185,4,107,8,
29529,reproduce,Elk,902,114,6,23,0,offspring:1
29531,reproduce,Camel,1285,61,4,165,8,offspring:1
29532,hunt_start,Bear,448,205,7,53,6,target:Shroomer:1960
29533,kill,Boar,23,142,7,112,1,killed_by:Polar Bear:1355
29534,hunt_start,Boar,138,105,5,269,0,target:Rabbit:1243
29534,kill,Turtle,1041,164,5,175,0,killed_by:Bear:1818
29535,reproduce,Penguin,1163,48,4,102,2,offspring:1
29538,reproduce,Monkey,582,44,0,31,6,offspring:1
29539,hunt_fail,Jaguar,884,23,6,177,0,prey_escaped
29539,hunt_start,Jaguar,884,23,6,177,0,target:Monkey:49
29540,hunt_start,Boar,1868,252,7,90,3,target:Lizard:1891
29542,hunt_start,Jaguar,640,127,4,71,1,target:Monkey:1444
29545,kill,Shroomer,1960,207,8,52,7,killed_by:Polar Bear:1413
29545,reproduce,Bear,1925,28,8,286,4,offspring:1
29546,hunt_fail,Bear,448,206,2,53,4,target_died
29546,hunt_start,Bear,448,206,2,53,4,target:Turtle:215
29546,hunt_start,Bear,1272,30,3,287,1,target:Elk:383
29548,kill,Deer,1980,210,7,208,3,killed_by:Bear:1358
29548,reproduce,Turtle,206,108,5,176,4,offspring:1
29549,hunt_start,Bear,1358,211,3,207,8,target:Elk:1776
29550,kill,Deer,91,24,3,19,2,killed_by:Jaguar:944
29550,reproduce,Lizard,1748,197,1,279,0,offspring:2
29550,spore_matured,Shroomer,-1,219,2,62,6,
29550,reproduce,Shroomer,-1,219,2,62,6,offspring:1
29551,hunt_start,Jaguar,944,23,7,19,3,target:Deer:1650
29551,hunt_start,Polar Bear,1397,159,1,111,6,target:Shroomer:1845
29551,kill,Penguin,231,173,5,4,2,killed_by:Polar Bear:1793
29551,reproduce,Frog,898,100,5,265,3,offspring:2
29552,hunt_start,Polar Bear,1793,173,5,5,0,target:Elk:636
29552,reproduce,Deer,857,23,8,8,9,offspring:1
29553,kill,Penguin,557,148,6,107,6,killed_by:Polar Bear:133
29554,kill,Camel,1896,67,3,281,0,killed_by:Polar Bear:152
29554,kill,Deer,490,92,4,140,8,killed_by:Jaguar:1229
29555,hunt_fail,Bear,1180,97,9,141,9,target_died
29555,hunt_start,Jaguar,1229,91,7,140,3,target:Parrot:1340
29558,kill,Shroomer,482,74,6,259,3,killed_by:Bear:437
29564,kill,Shroomer,1424,187,3,96,7,killed_by:Polar Bear:1335
29564,kill,Shroomer,1402,204,2,80,1,killed_by:Polar Bear:1730
29564,reproduce,Camel,1223,91,3,286,1,offspring:1
29565,hunt_start,Polar Bear,1335,188,1,96,6,target:Shroomer:1190
29566,starvation,Shroomer,120,234,5,71,3,
29569,reproduce,Parrot,1605,162,1,119,2,offspring:1
29572,hunt_start,Polar Bear,1407,223,1,77,2,target:Shroomer:303
29573,reproduce,Monkey,626,105,3,275,3,offspring:1
29574,kill,Boar,1584,278,1,32,3,killed_by:Bear:754
29575,hunt_start,Bear,754,278,3,31,7,target:Boar:1256
29575,hunt_fail,Jaguar,1492,275,7,34,7,target_died
29575,hunt_start,Jaguar,1492,275,7,34,7,target:Boar:1256
29578,reproduce,Frog,113,63,1,281,1,offspring:2
29579,hunt_start,Polar Bear,367,142,9,56,1,target:Penguin:429
29581,reproduce,Parrot,390,285,2,202,8,offspring:1
29586,hunt_start,Jaguar,1640,6,1,207,1,target:Monkey:704
29586,spore_created,Shroomer,-1,177,3,116,6,
29586,spore_created,Shroomer,-1,183,0,106,3,
29587,kill,Musk Ox,416,127,3,208,9,killed_by:Polar Bear:1326
29587,spore_created,Shroomer,-1,186,2,114,9,
29587,spore_created,Shroomer,-1,187,7,118,3,
29588,kill,Shroomer,1780,219,7,94,5,killed_by:Bear:386
29588,kill,Deer,544,100,0,274,1,killed_by:Bear:1880
29589,kill,Parrot,1040,0,0,43,3,killed_by:Jaguar:1360
29589,spore_matured,Shroomer,-1,226,1,59,3,
29589,reproduce,Shroomer,-1,226,1,59,3,offspring:1
29589,spore_matured,Shroomer,-1,219,6,60,1,
29589,reproduce,Shroomer,-1,219,6,60,1,offspring:1
29591,starvation,Rabbit,1837,278,3,11,0,
29592,starvation,Parrot,627,38,9,148,8,
29592,reproduce,Deer,1222,135,3,25,7,offspring:1
29595,kill,Elk,1314,39,0,76,2,killed_by:Bear:1949
29600,kill,Frog,537,54,0,271,5,killed_by:Polar Bear:493
29601,hunt_start,Polar Bear,493,54,7,271,9,target:Frog:407
29601,reproduce,Parrot,440,118,3,261,7,offspring:1
