tick,event,species,entity_id,x,y,detail
0,hunt_start,Sectid,3,66,7,254,1,target:Lizard:248
0,hunt_start,Sectid,4,68,2,249,1,target:Lizard:248
0,hunt_start,Sectid,7,62,5,253,9,target:Parrot:351
0,hunt_start,Sectid,15,95,4,66,6,target:Scorpion:472
0,hunt_start,Sectid,17,93,4,65,0,target:Scorpion:472
0,hunt_start,Sectid,18,100,6,64,7,target:Scorpion:472
0,hunt_start,Sectid,19,93,2,61,6,target:Scorpion:472
0,hunt_start,Sectid,22,101,9,179,3,target:Shroomer:426
0,hunt_start,Fox,447,257,5,198,5,target:Parrot:347
0,hunt_start,Boar,458,258,5,181,5,target:Frog:174
0,hunt_start,Boar,460,96,5,259,5,target:Monkey:336
0,hunt_start,Boar,461,144,5,225,5,target:Rabbit:100
0,hunt_start,Hawk,467,42,5,30,5,target:Sectid:34
0,hunt_start,Arctic Fox,481,30,5,1,5,target:Frog:173
0,hunt_start,Arctic Fox,482,253,5,63,5,target:Frog:159
0,hunt_start,Jaguar,486,76,5,151,5,target:Shroomer:403
0,hunt_start,Jaguar,487,95,5,197,5,target:Rabbit:117
0,reproduce,Deer,66,175,1,17,0,offspring:1
0,reproduce,Deer,78,191,7,161,2,offspring:1
0,reproduce,Deer,81,99,8,42,7,offspring:1
0,reproduce,Rabbit,108,84,1,106,4,offspring:2
0,reproduce,Fish,137,92,0,81,3,offspring:2
0,reproduce,Fish,138,153,5,121,5,offspring:2
0,reproduce,Fish,141,153,6,121,3,offspring:2
0,reproduce,Fish,145,153,7,122,2,offspring:2
0,reproduce,Frog,160,255,7,60,5,offspring:2
0,reproduce,Frog,166,54,7,76,3,offspring:2
0,reproduce,Turtle,176,243,6,186,5,offspring:1
0,reproduce,Turtle,180,269,5,5,5,offspring:1
0,reproduce,Turtle,188,255,6,158,5,offspring:1
0,reproduce,Turtle,189,255,1,158,5,offspring:1
0,reproduce,Elk,206,239,5,65,5,offspring:1
0,reproduce,Elk,217,211,8,10,7,offspring:1
0,reproduce,Elk,220,209,1,14,7,offspring:1
0,reproduce,Elk,222,209,3,12,0,offspring:1
0,reproduce,Lizard,228,284,5,70,5,offspring:2
0,reproduce,Lizard,233,137,8,42,8,offspring:2
0,reproduce,Lizard,235,145,0,229,9,offspring:2
0,reproduce,Lizard,239,247,5,152,5,offspring:2
0,reproduce,Camel,250,44,7,173,8,offspring:1
0,reproduce,Camel,259,236,0,27,5,offspring:1
0,reproduce,Penguin,267,174,6,14,2,offspring:1
0,reproduce,Penguin,272,174,7,14,6,offspring:1
0,reproduce,Penguin,276,174,5,15,0,offspring:1
0,reproduce,Penguin,280,92,8,111,2,offspring:1
0,reproduce,Penguin,283,92,3,108,9,offspring:1
0,reproduce,Musk Ox,294,46,3,33,3,offspring:1
0,reproduce,Monkey,323,3,1,150,5,offspring:1
0,reproduce,Monkey,329,63,1,264,6,offspring:1
0,reproduce,Monkey,330,63,8,263,4,offspring:1
0,reproduce,Monkey,331,98,5,261,6,offspring:1
0,reproduce,Parrot,345,258,8,188,4,offspring:1
0,reproduce,Parrot,348,258,6,188,3,offspring:1
0,reproduce,Tapir,357,139,2,158,3,offspring:1
0,reproduce,Wolf,430,191,5,233,5,offspring:1
0,reproduce,Crocodile,451,125,5,120,5,offspring:1
0,reproduce,Shark,454,229,5,274,5,offspring:1
0,reproduce,Boar,461,144,5,225,5,offspring:2
0,reproduce,Scorpion,469,5,5,116,5,offspring:1
0,reproduce,Snake,473,15,5,82,5,offspring:1
0,reproduce,Polar Bear,477,210,5,88,5,offspring:1
1,hunt_start,Sectid,25,108,5,181,6,target:Shroomer:425
1,hunt_start,Sectid,27,158,2,254,6,target:Shroomer:386
1,hunt_start,Sectid,37,38,0,48,6,target:Hawk:466
1,hunt_start,Boar,540,147,0,227,7,target:Lizard:235
1,hunt_start,Boar,541,147,0,227,7,target:Lizard:235
4,reproduce,Elk,192,181,0,284,2,offspring:1
5,reproduce,Elk,205,26,0,79,9,offspring:1
5,reproduce,Monkey,318,281,1,80,2,offspring:1
6,hunt_start,Sectid,19,93,7,61,9,target:Scorpion:472
8,hunt_start,Sectid,17,93,9,64,7,target:Scorpion:472
9,hunt_start,Sectid,19,93,6,61,9,target:Scorpion:472
14,reproduce,Rabbit,129,46,8,209,0,offspring:2
18,reproduce,Monkey,321,2,4,150,5,offspring:1
20,hunt_fail,Sectid,37,36,8,50,4,discomfort
21,reproduce,Elk,196,179,8,284,8,offspring:1
22,reproduce,Elk,202,29,1,77,8,offspring:1
28,reproduce,Musk Ox,296,47,8,32,5,offspring:1
30,reproduce,Lizard,234,143,1,233,2,offspring:2
31,reproduce,Turtle,183,255,8,233,8,offspring:1
34,reproduce,Monkey,335,100,9,266,8,offspring:1
35,reproduce,Musk Ox,299,47,1,33,9,offspring:1
42,hunt_fail,Sectid,23,101,1,185,3,discomfort
44,hunt_fail,Sectid,30,163,7,256,4,discomfort
45,reproduce,Rabbit,101,134,0,228,3,offspring:2
47,hunt_start,Sectid,15,95,5,67,0,target:Scorpion:472
48,hunt_start,Sectid,18,100,9,64,9,target:Scorpion:472
58,hunt_fail,Sectid,29,164,1,257,3,discomfort
58,reproduce,Camel,264,161,6,251,9,offspring:1
61,hunt_fail,Sectid,23,100,1,185,3,discomfort
63,hunt_fail,Sectid,24,102,5,182,6,discomfort
64,hunt_fail,Sectid,25,102,1,186,3,discomfort
66,reproduce,Fish,143,152,6,122,7,offspring:2
67,hunt_fail,Boar,458,255,7,183,6,discomfort
68,hunt_start,Fox,441,62,4,274,5,target:Monkey:531
69,kill,Frog,159,254,7,62,6,killed_by:Arctic Fox:482
70,hunt_fail,Sectid,21,102,1,182,8,discomfort
70,hunt_start,Arctic Fox,482,254,9,62,5,target:Frog:502
79,hunt_fail,Sectid,27,165,0,258,1,discomfort
85,hunt_fail,Sectid,22,99,2,189,7,discomfort
87,hunt_start,Sectid,17,94,5,67,4,target:Scorpion:472
92,reproduce,Tapir,373,228,7,158,5,offspring:1
93,environment_death,Lizard,234,141,4,236,2,drowning
93,reproduce,Musk Ox,297,47,0,32,3,offspring:1
93,reproduce,Musk Ox,305,243,2,81,7,offspring:1
94,reproduce,Fish,154,227,0,167,6,offspring:2
98,hunt_fail,Sectid,7,50,9,258,9,discomfort
101,environment_death,Lizard,235,141,7,234,6,drowning
101,hunt_fail,Sectid,31,165,1,258,1,discomfort
101,hunt_fail,Boar,540,143,4,230,0,target_died
101,hunt_fail,Boar,541,143,4,230,0,target_died
102,hunt_fail,Arctic Fox,482,252,8,60,2,discomfort
105,reproduce,Musk Ox,309,32,4,100,7,offspring:1
108,kill,Shroomer,386,165,4,258,5,killed_by:Sectid:30
113,reproduce,Fish,136,93,5,83,4,offspring:2
116,kill,Shroomer,403,74,4,144,4,killed_by:Jaguar:486
117,hunt_start,Boar,540,143,4,230,0,target:Rabbit:100
117,hunt_start,Boar,541,143,4,230,0,target:Rabbit:100
118,reproduce,Tapir,367,190,8,288,0,offspring:1
119,environment_death,Lizard,236,141,4,236,2,drowning
124,reproduce,Musk Ox,310,32,6,99,0,offspring:1
126,reproduce,Monkey,336,112,8,262,6,offspring:1
127,hunt_start,Sectid,18,100,9,64,9,target:Scorpion:472
132,hunt_fail,Sectid,3,51,1,259,3,discomfort
132,kill,Frog,173,38,2,4,6,killed_by:Arctic Fox:481
133,hunt_start,Sectid,4,65,6,249,2,target:Fox:442
133,hunt_start,Arctic Fox,481,38,1,4,8,target:Frog:172
138,environment_death,Fish,153,230,5,166,5,suffocation
138,hunt_start,Wolf,434,83,6,125,7,target:Penguin:527
145,kill,Sectid,34,36,3,47,9,killed_by:Shroomer:408
146,hunt_fail,Hawk,467,36,4,48,1,target_died
146,hunt_start,Hawk,467,36,4,48,1,target:Sectid:36
147,environment_death,Fish,130,94,0,84,5,suffocation
150,reproduce,Parrot,343,222,7,224,0,offspring:1
152,hunt_start,Sectid,24,98,3,185,8,target:Shroomer:426
157,environment_death,Fish,148,217,1,249,0,suffocation
160,hunt_fail,Fox,447,259,3,187,1,discomfort
160,reproduce,Rabbit,90,91,7,10,9,offspring:2
161,reproduce,Monkey,327,63,2,258,8,offspring:1
163,hunt_start,Arctic Fox,482,251,3,62,5,target:Frog:160
164,environment_death,Fish,144,151,2,123,6,suffocation
167,hunt_start,Sectid,15,95,8,67,2,target:Scorpion:472
170,hunt_start,Sectid,15,95,8,67,2,target:Scorpion:472
172,hunt_start,Sectid,15,95,8,67,2,target:Scorpion:472
173,environment_death,Fish,136,93,5,84,5,suffocation
174,hunt_start,Sectid,15,95,8,67,2,target:Scorpion:472
175,environment_death,Fish,151,219,2,251,1,suffocation
176,hunt_start,Sectid,15,95,8,67,2,target:Scorpion:472
177,environment_death,Fish,135,93,2,85,8,suffocation
178,hunt_start,Sectid,15,95,8,67,2,target:Scorpion:472
180,reproduce,Rabbit,99,137,6,229,6,offspring:2
181,environment_death,Fish,154,228,1,167,5,suffocation
181,hunt_fail,Boar,461,138,5,233,5,discomfort
182,reproduce,Frog,172,37,6,0,0,offspring:2
184,reproduce,Parrot,339,219,8,228,8,offspring:1
185,hunt_fail,Sectid,15,96,0,66,4,discomfort
185,kill,Sectid,36,34,8,48,5,killed_by:Hawk:467
186,hunt_start,Hawk,467,34,6,48,7,target:Sectid:35
187,hunt_fail,Sectid,21,99,2,189,6,discomfort
187,hunt_fail,Sectid,24,99,4,190,1,discomfort
188,reproduce,Boar,460,109,1,261,9,offspring:2
189,hunt_start,Boar,36,111,2,260,3,target:Monkey:568
189,hunt_start,Boar,154,111,2,260,3,target:Monkey:568
190,hunt_fail,Sectid,23,99,4,190,5,discomfort
202,environment_death,Fish,134,94,0,82,7,suffocation
206,reproduce,Fish,132,93,0,86,4,offspring:2
207,hunt_start,Sectid,18,99,3,64,2,target:Scorpion:472
208,reproduce,Frog,163,260,6,110,0,offspring:2
211,reproduce,Elk,200,29,2,76,9,offspring:1
214,reproduce,Jaguar,486,75,7,145,6,offspring:1
215,hunt_start,Jaguar,486,75,7,145,6,target:Shroomer:400
215,hunt_start,Jaguar,573,78,3,142,7,target:Shroomer:401
222,environment_death,Fish,131,93,5,84,9,suffocation
226,environment_death,Fish,152,217,6,250,0,suffocation
227,environment_death,Fish,142,151,8,126,6,suffocation
229,kill,Sectid,35,34,5,49,6,killed_by:Hawk:467
230,hunt_start,Hawk,467,34,3,49,8,target:Sectid:37
236,kill,Frog,160,254,4,61,6,killed_by:Arctic Fox:482
237,kill,Frog,172,37,7,0,0,killed_by:Arctic Fox:481
238,environment_death,Fish,146,151,5,123,4,suffocation
239,kill,Shroomer,400,75,0,143,0,killed_by:Jaguar:486
240,environment_death,Fish,132,92,7,86,8,suffocation
240,hunt_start,Fox,447,258,2,189,5,target:Frog:175
240,hunt_start,Jaguar,486,75,2,143,6,target:Shroomer:402
241,reproduce,Musk Ox,298,51,1,33,5,offspring:1
242,hunt_start,Arctic Fox,481,37,9,0,1,target:Frog:151
246,reproduce,Monkey,320,280,5,79,2,offspring:1
249,reproduce,Fish,139,151,7,122,4,offspring:2
249,reproduce,Lizard,238,140,4,128,8,offspring:2
252,hunt_start,Arctic Fox,482,253,8,62,2,target:Frog:502
253,hunt_start,Sectid,4,66,6,249,8,target:Fox:442
265,hunt_start,Boar,461,137,3,235,4,target:Rabbit:100
267,reproduce,Frog,165,58,3,78,5,offspring:2
268,hunt_start,Hawk,465,66,2,194,1,target:Rabbit:118
271,kill,Rabbit,100,138,3,234,6,killed_by:Boar:541
272,hunt_fail,Wolf,434,89,2,116,2,discomfort
272,hunt_fail,Boar,461,137,5,235,2,target_died
272,hunt_start,Boar,461,137,5,235,2,target:Rabbit:99
272,hunt_fail,Boar,540,138,5,233,9,target_died
272,hunt_start,Boar,540,138,5,233,9,target:Rabbit:99
272,hunt_start,Boar,541,138,1,234,2,target:Rabbit:99
275,reproduce,Parrot,340,225,9,224,8,offspring:1
275,reproduce,Tapir,369,193,6,285,1,offspring:1
277,reproduce,Fish,147,215,7,252,0,offspring:2
278,kill,Shroomer,401,75,7,140,3,killed_by:Jaguar:573
279,hunt_start,Jaguar,573,76,2,140,7,target:Shroomer:404
281,reproduce,Elk,193,176,7,284,4,offspring:1
283,kill,Sectid,30,165,8,256,0,killed_by:Shroomer:393
288,hunt_fail,Wolf,435,88,9,116,7,discomfort
288,reproduce,Lizard,241,18,2,1,0,offspring:2
300,hunt_fail,Fox,441,69,3,257,1,discomfort
300,hunt_fail,Jaguar,487,85,3,175,3,discomfort
302,environment_death,Fish,139,151,5,123,2,suffocation
307,kill,Rabbit,99,137,5,233,7,killed_by:Boar:541
308,hunt_fail,Boar,461,137,8,233,9,target_died
308,kill,Shroomer,402,78,3,143,6,killed_by:Jaguar:486
308,hunt_fail,Boar,540,137,8,233,0,target_died
308,reproduce,Lizard,237,141,2,133,8,offspring:2
313,hunt_fail,Arctic Fox,481,34,8,0,4,discomfort
314,kill,Sectid,37,47,6,48,3,killed_by:Hawk:467
315,hunt_start,Hawk,467,47,2,48,5,target:Sectid:33
317,spore_created,Shroomer,-1,65,4,135,4,
317,spore_created,Shroomer,-1,57,7,147,3,
318,reproduce,Frog,156,147,7,23,4,offspring:2
322,environment_death,Fish,143,152,2,125,4,suffocation
322,reproduce,Tapir,364,67,3,263,9,offspring:1
324,hunt_fail,Wolf,434,90,9,115,5,discomfort
326,environment_death,Fish,149,213,1,253,3,suffocation
326,spore_created,Shroomer,-1,228,8,194,8,
326,spore_created,Shroomer,-1,218,3,197,3,
327,hunt_start,Sectid,18,99,5,65,0,target:Scorpion:472
335,hunt_start,Sectid,4,67,5,250,7,target:Fox:442
336,hunt_start,Sectid,5,63,8,252,2,target:Fox:442
336,hunt_start,Hawk,466,37,9,57,0,target:Sectid:33
337,hunt_start,Sectid,6,63,2,252,9,target:Fox:442
338,hunt_start,Sectid,7,62,5,253,4,target:Fox:442
339,hunt_fail,Wolf,436,89,3,116,2,discomfort
344,kill,Frog,175,253,3,187,3,killed_by:Fox:447
345,hunt_start,Fox,447,253,5,187,5,target:Frog:174
346,kill,Sectid,29,165,5,255,5,killed_by:Shroomer:385
346,kill,Sectid,27,166,9,257,0,killed_by:Shroomer:385
353,kill,Shroomer,404,73,5,143,3,killed_by:Jaguar:573
357,kill,Sectid,28,170,8,254,9,killed_by:Shroomer:427
357,kill,Sectid,31,167,0,256,7,killed_by:Shroomer:427
358,kill,Sectid,33,44,1,54,9,killed_by:Hawk:467
358,reproduce,Hawk,467,44,1,54,3,offspring:1
359,hunt_fail,Wolf,434,92,4,114,7,discomfort
359,hunt_fail,Hawk,466,41,1,55,8,target_died
372,hunt_fail,Wolf,435,90,9,114,6,discomfort
372,hunt_fail,Fox,447,255,3,186,4,discomfort
384,reproduce,Camel,252,112,1,126,4,offspring:1
390,kill,Frog,502,239,5,54,8,killed_by:Arctic Fox:482
392,reproduce,Elk,204,29,7,80,6,offspring:1
394,hunt_fail,Wolf,436,90,7,115,5,discomfort
396,environment_death,Camel,260,237,9,30,4,drowning
396,hunt_start,Bear,463,284,1,25,3,target:Sectid:10
404,environment_death,Fish,137,93,9,85,1,suffocation
405,reproduce,Tapir,368,193,3,284,6,offspring:1
405,reproduce,Tapir,370,230,8,153,2,offspring:1
409,environment_death,Fish,147,217,7,252,1,suffocation
409,hunt_start,Wolf,430,194,3,234,9,target:Shroomer:394
412,hunt_fail,Wolf,434,93,4,113,3,discomfort
420,reproduce,Tapir,363,69,4,265,0,offspring:1
424,hunt_start,Snake,474,121,5,108,4,target:Fish:501
433,hunt_start,Sectid,3,54,7,257,6,target:Parrot:352
437,spore_matured,Shroomer,-1,57,7,147,3,
437,reproduce,Shroomer,-1,57,7,147,3,offspring:1
447,hunt_start,Sectid,18,99,9,63,3,target:Scorpion:472
451,reproduce,Camel,266,119,2,133,8,offspring:1
453,reproduce,Penguin,281,96,2,106,9,offspring:1
454,hunt_start,Arctic Fox,480,99,7,27,4,target:Rabbit:98
457,hunt_start,Crocodile,538,124,3,128,7,target:Camel:255
459,reproduce,Rabbit,128,38,8,224,0,offspring:2
473,hunt_fail,Sectid,3,50,9,258,3,discomfort
474,hunt_fail,Boar,460,126,7,266,5,discomfort
476,reproduce,Lizard,229,286,0,79,7,offspring:2
478,kill,Sectid,19,93,9,62,5,killed_by:Shroomer:409
479,hunt_start,Wolf,436,94,5,115,8,target:Rabbit:109
482,reproduce,Rabbit,122,229,5,235,7,offspring:2
489,hunt_start,Jaguar,487,90,7,177,3,target:Rabbit:117
489,spore_matured,Shroomer,-1,65,4,135,4,
489,reproduce,Shroomer,-1,65,4,135,4,offspring:1
495,reproduce,Turtle,179,97,8,278,5,offspring:1
498,kill,Rabbit,117,88,0,176,3,killed_by:Jaguar:487
498,spore_matured,Shroomer,-1,228,8,194,8,
498,reproduce,Shroomer,-1,228,8,194,8,offspring:1
499,hunt_start,Jaguar,487,88,7,176,7,target:Rabbit:118
499,reproduce,Faeling,0,170,5,183,5,offspring:1
499,reproduce,Faeling,1,180,5,270,5,offspring:1
501,reproduce,Monkey,318,283,2,80,6,offspring:1
504,kill,Rabbit,118,87,7,181,4,killed_by:Hawk:465
505,hunt_start,Hawk,465,87,4,181,4,target:Lizard:231
505,hunt_fail,Jaguar,487,88,5,177,5,target_died
512,hunt_start,Jaguar,487,88,4,177,8,target:Lizard:231
513,reproduce,Parrot,342,220,6,233,1,offspring:1
515,spore_created,Shroomer,-1,67,0,136,9,
515,spore_created,Shroomer,-1,63,1,143,5,
517,kill,Sectid,10,278,6,25,1,killed_by:Bear:463
518,spore_created,Shroomer,-1,164,5,259,1,
518,spore_created,Shroomer,-1,174,9,251,7,
519,reproduce,Frog,161,60,4,142,7,offspring:2
524,hunt_fail,Wolf,434,92,5,113,2,discomfort
524,reproduce,Elk,226,28,0,61,7,offspring:1
529,reproduce,Fish,145,158,9,122,4,offspring:2
530,reproduce,Rabbit,121,235,0,238,6,offspring:2
534,environment_death,Fish,133,88,4,86,4,suffocation
535,reproduce,Lizard,231,77,2,181,7,offspring:2
537,hunt_fail,Wolf,435,91,7,113,7,discomfort
543,hunt_start,Wolf,537,178,1,223,9,target:Rabbit:101
544,hunt_start,Jaguar,573,74,1,142,8,target:Shroomer:584
545,hunt_fail,Sectid,5,49,9,257,6,discomfort
546,environment_death,Camel,256,237,0,30,3,drowning
549,reproduce,Camel,255,119,5,129,6,offspring:1
550,kill,Shroomer,394,189,1,251,5,killed_by:Wolf:431
551,hunt_fail,Wolf,430,188,9,250,4,target_died
551,hunt_start,Wolf,430,188,9,250,4,target:Shroomer:392
551,hunt_fail,Wolf,432,189,1,251,1,target_died
554,environment_death,Camel,261,236,3,31,9,drowning
554,hunt_fail,Sectid,7,49,9,258,0,discomfort
554,spore_created,Shroomer,-1,45,6,92,1,
554,spore_created,Shroomer,-1,56,0,89,8,
555,hunt_start,Arctic Fox,479,55,8,99,3,target:Shroomer:256
560,environment_death,Fish,150,217,6,252,0,suffocation
561,hunt_fail,Arctic Fox,480,102,1,19,8,discomfort
561,reproduce,Fish,138,160,4,121,5,offspring:2
567,hunt_start,Sectid,18,99,6,63,9,target:Scorpion:472
570,hunt_fail,Snake,474,124,8,105,8,discomfort
571,environment_death,Monkey,336,135,5,268,6,drowning
575,hunt_fail,Arctic Fox,479,55,8,98,0,target_died
581,hunt_start,Fox,447,258,3,191,6,target:Frog:174
585,kill,Camel,255,119,8,129,9,killed_by:Crocodile:538
592,hunt_fail,Wolf,436,89,4,113,2,discomfort
597,hunt_start,Scorpion,470,121,7,36,1,target:Lizard:516
597,reproduce,Penguin,278,178,5,13,6,offspring:1
601,hunt_start,Wolf,429,19,2,238,7,target:Frog:171
618,hunt_start,Arctic Fox,480,102,6,21,4,target:Rabbit:98
619,reproduce,Monkey,322,4,3,153,7,offspring:1
620,hunt_start,Sectid,13,258,5,35,1,target:Frog:503
628,kill,Shroomer,392,192,5,245,4,killed_by:Wolf:431
629,hunt_fail,Sectid,6,49,7,257,9,discomfort
629,hunt_fail,Wolf,430,192,5,246,8,target_died
629,hunt_start,Wolf,430,192,5,246,8,target:Shroomer:396
629,hunt_fail,Wolf,432,192,7,245,9,target_died
630,hunt_start,Sectid,4,67,2,249,7,target:Fox:442
644,hunt_start,Snake,474,126,0,106,3,target:Fish:501
653,reproduce,Tapir,373,227,8,151,5,offspring:1
654,reproduce,Elk,206,241,8,67,7,offspring:1
658,reproduce,Frog,162,53,6,154,8,offspring:2
663,reproduce,Rabbit,112,249,9,160,9,offspring:2
664,kill,Sectid,17,95,2,75,9,killed_by:Shroomer:416
670,hunt_start,Wolf,435,95,6,114,9,target:Rabbit:106
674,spore_matured,Shroomer,-1,45,6,92,1,
674,reproduce,Shroomer,-1,45,6,92,1,offspring:1
679,kill,Rabbit,98,103,2,20,4,killed_by:Arctic Fox:480
686,hunt_fail,Wolf,436,92,9,114,9,discomfort
687,hunt_start,Sectid,18,100,7,62,5,target:Scorpion:472
687,spore_matured,Shroomer,-1,67,0,137,0,
687,reproduce,Shroomer,-1,67,0,137,0,offspring:1
688,hunt_start,Sectid,3,53,1,257,7,target:Parrot:352
688,hunt_fail,Jaguar,573,71,6,140,7,target_died
688,hunt_start,Jaguar,573,71,6,140,7,target:Shroomer:586
690,spore_matured,Shroomer,-1,164,5,259,1,
690,reproduce,Shroomer,-1,164,5,259,1,offspring:1
694,reproduce,Fish,565,224,8,169,2,offspring:2
694,reproduce,Fish,566,225,8,169,2,offspring:2
696,hunt_fail,Fox,447,258,8,184,7,discomfort
709,spore_created,Shroomer,-1,33,9,6,4,
709,spore_created,Shroomer,-1,45,4,3,4,
710,hunt_start,Arctic Fox,481,41,2,3,6,target:Shroomer:601
710,reproduce,Elk,209,237,4,64,0,offspring:1
714,hunt_start,Arctic Fox,480,102,4,21,0,target:Rabbit:97
717,hunt_fail,Sectid,3,50,9,258,5,discomfort
718,environment_death,Lizard,231,62,2,176,7,drowning
718,hunt_fail,Wolf,436,92,6,114,7,discomfort
718,hunt_fail,Hawk,465,64,8,182,7,target_died
718,hunt_fail,Jaguar,487,83,0,178,7,target_died
718,hunt_start,Jaguar,487,83,0,178,7,target:Lizard:594
724,kill,Shroomer,396,199,7,251,5,killed_by:Wolf:431
724,reproduce,Wolf,431,199,3,252,0,offspring:1
725,hunt_start,Wolf,231,201,0,254,3,target:Shroomer:395
725,hunt_fail,Wolf,430,198,4,251,1,target_died
725,hunt_start,Wolf,430,198,4,251,1,target:Shroomer:395
725,hunt_fail,Wolf,432,199,0,251,6,target_died
725,hunt_fail,Snake,474,128,4,106,5,discomfort
725,reproduce,Monkey,323,2,5,151,4,offspring:1
729,hunt_fail,Wolf,435,92,3,113,6,discomfort
734,reproduce,Elk,208,240,5,64,0,offspring:1
737,hunt_fail,Sectid,5,49,8,258,2,discomfort
738,hunt_start,Sectid,4,67,4,249,6,target:Fox:442
740,reproduce,Elk,192,183,6,285,3,offspring:1
741,hunt_fail,Wolf,434,92,7,113,3,discomfort
741,hunt_start,Boar,540,138,2,227,5,target:Lizard:555
743,hunt_fail,Sectid,12,251,3,53,5,discomfort
743,hunt_fail,Sectid,13,251,3,53,7,discomfort
745,kill,Sectid,15,95,6,76,0,killed_by:Shroomer:408
749,spore_created,Shroomer,-1,227,1,186,0,
749,spore_created,Shroomer,-1,228,4,195,6,
752,kill,Sectid,16,95,3,76,0,killed_by:Shroomer:413
754,hunt_start,Boar,456,10,1,148,6,target:Monkey:326
754,hunt_start,Hawk,465,64,2,184,9,target:Rabbit:127
754,spore_created,Shroomer,-1,51,2,96,0,
754,spore_created,Shroomer,-1,44,4,89,2,
755,hunt_start,Arctic Fox,479,56,5,98,0,target:Shroomer:16
755,reproduce,Tapir,367,197,8,280,7,offspring:1
758,reproduce,Monkey,321,4,0,154,6,offspring:1
765,hunt_fail,Sectid,9,251,4,54,1,discomfort
768,hunt_fail,Sectid,11,251,3,54,8,discomfort
768,hunt_start,Wolf,437,167,5,103,2,target:Fish:394
768,kill,Shroomer,601,46,5,3,4,killed_by:Arctic Fox:481
772,hunt_fail,Wolf,436,92,3,114,5,discomfort
775,hunt_fail,Arctic Fox,479,55,3,97,5,target_died
776,kill,Frog,171,6,8,247,7,killed_by:Wolf:429
777,hunt_start,Wolf,429,7,1,247,5,target:Frog:170
787,kill,Rabbit,97,102,1,20,5,killed_by:Arctic Fox:480
787,reproduce,Arctic Fox,480,101,8,20,6,offspring:1
788,hunt_start,Arctic Fox,480,101,8,20,5,target:Rabbit:91
788,hunt_start,Arctic Fox,601,99,9,20,0,target:Rabbit:91
789,reproduce,Elk,196,181,2,285,1,offspring:1
792,reproduce,Elk,202,43,3,79,3,offspring:1
796,kill,Shroomer,395,193,8,248,7,killed_by:Wolf:431
796,reproduce,Wolf,432,194,0,249,3,offspring:1
797,hunt_start,Wolf,97,192,5,251,9,target:Shroomer:427
797,hunt_fail,Wolf,231,201,0,253,5,target_died
797,hunt_start,Wolf,231,201,0,253,5,target:Shroomer:393
797,hunt_fail,Wolf,430,194,8,249,6,target_died
797,hunt_start,Wolf,430,194,8,249,6,target:Shroomer:427
797,hunt_fail,Wolf,432,194,0,249,2,target_died
800,reproduce,Frog,505,64,5,78,0,offspring:2
800,reproduce,Lizard,515,268,9,61,7,offspring:2
800,reproduce,Lizard,516,121,3,32,5,offspring:2
800,reproduce,Lizard,520,246,4,168,3,offspring:2
800,reproduce,Lizard,521,235,5,164,8,offspring:2
804,kill,Rabbit,101,157,7,225,6,killed_by:Wolf:537
805,hunt_start,Wolf,537,157,3,225,7,target:Lizard:555
807,hunt_start,Sectid,18,100,5,63,6,target:Scorpion:472
807,reproduce,Elk,211,241,5,64,0,offspring:1
808,kill,Shroomer,427,192,4,261,3,killed_by:Faeling:582
809,hunt_fail,Wolf,97,192,5,253,1,target_died
809,hunt_fail,Wolf,430,194,7,250,4,target_died
809,hunt_fail,Wolf,431,193,1,250,6,target_died
809,hunt_fail,Wolf,432,193,7,250,8,target_died
811,environment_death,Fish,141,163,8,119,9,suffocation
811,hunt_fail,Wolf,435,93,2,113,7,discomfort
815,hunt_fail,Arctic Fox,480,102,4,19,5,discomfort
817,reproduce,Penguin,284,93,5,107,7,offspring:1
821,hunt_start,Sectid,18,98,9,63,4,target:Scorpion:472
822,hunt_start,Sectid,18,99,0,63,3,target:Scorpion:472
823,hunt_start,Sectid,18,99,2,63,2,target:Scorpion:472
824,environment_death,Camel,250,52,2,177,0,drowning
824,hunt_start,Sectid,18,99,4,63,2,target:Scorpion:472
825,hunt_start,Sectid,18,99,4,63,2,target:Scorpion:472
826,hunt_start,Sectid,18,99,4,63,2,target:Scorpion:472
827,hunt_start,Sectid,18,99,4,63,2,target:Scorpion:472
828,hunt_start,Sectid,18,99,4,63,2,target:Scorpion:472
828,reproduce,Tapir,362,71,8,265,4,offspring:1
829,hunt_start,Sectid,18,99,4,63,2,target:Scorpion:472
830,hunt_start,Sectid,18,99,4,63,2,target:Scorpion:472
831,hunt_start,Sectid,18,99,4,63,2,target:Scorpion:472
832,hunt_start,Sectid,18,99,4,63,2,target:Scorpion:472
832,hunt_start,Wolf,432,195,2,251,7,target:Shroomer:393
833,hunt_start,Sectid,18,99,4,63,2,target:Scorpion:472
834,hunt_start,Sectid,18,99,4,63,2,target:Scorpion:472
835,hunt_start,Sectid,18,99,4,63,2,target:Scorpion:472
835,hunt_start,Sectid,25,112,4,189,0,target:Shroomer:425
835,reproduce,Parrot,343,216,2,234,1,offspring:1
836,hunt_start,Sectid,18,99,4,63,2,target:Scorpion:472
837,hunt_start,Sectid,18,99,4,63,2,target:Scorpion:472
838,hunt_start,Sectid,18,99,4,63,2,target:Scorpion:472
839,hunt_start,Sectid,18,99,4,63,2,target:Scorpion:472
840,hunt_start,Sectid,18,99,4,63,2,target:Scorpion:472
841,hunt_start,Sectid,18,99,4,63,2,target:Scorpion:472
842,hunt_start,Sectid,18,99,4,63,2,target:Scorpion:472
843,hunt_start,Sectid,18,99,4,63,2,target:Scorpion:472
843,hunt_start,Scorpion,472,96,8,63,0,target:Sectid:18
844,hunt_start,Sectid,18,99,4,63,2,target:Scorpion:472
845,hunt_start,Sectid,18,99,4,63,2,target:Scorpion:472
845,reproduce,Boar,461,137,1,226,2,offspring:2
846,hunt_start,Sectid,18,99,4,63,2,target:Scorpion:472
847,hunt_start,Sectid,9,252,7,55,0,target:Frog:503
847,hunt_start,Sectid,18,99,4,63,2,target:Scorpion:472
848,hunt_start,Sectid,18,99,4,63,2,target:Scorpion:472
848,kill,Frog,170,7,5,249,3,killed_by:Wolf:429
849,hunt_start,Sectid,18,99,4,63,2,target:Scorpion:472
849,reproduce,Penguin,280,100,2,108,3,offspring:1
849,reproduce,Penguin,287,97,3,108,2,offspring:1
850,hunt_start,Sectid,18,99,4,63,2,target:Scorpion:472
851,hunt_start,Sectid,18,99,4,63,2,target:Scorpion:472
852,hunt_start,Sectid,18,99,4,63,2,target:Scorpion:472
853,hunt_start,Sectid,18,99,4,63,2,target:Scorpion:472
854,hunt_start,Sectid,18,99,4,63,2,target:Scorpion:472
855,hunt_start,Sectid,18,99,4,63,2,target:Scorpion:472
856,hunt_start,Sectid,18,99,4,63,2,target:Scorpion:472
857,hunt_start,Sectid,18,99,4,63,2,target:Scorpion:472
857,hunt_start,Fox,447,257,4,190,2,target:Frog:174
858,hunt_start,Sectid,4,67,7,249,6,target:Fox:442
858,hunt_start,Sectid,18,99,4,63,2,target:Scorpion:472
858,reproduce,Monkey,313,284,1,80,8,offspring:1
859,hunt_start,Sectid,18,99,4,63,2,target:Scorpion:472
860,hunt_start,Sectid,18,99,4,63,2,target:Scorpion:472
861,hunt_start,Sectid,18,99,5,63,3,target:Scorpion:472
861,kill,Shroomer,586,66,0,136,3,killed_by:Jaguar:573
862,hunt_start,Sectid,18,99,5,63,3,target:Scorpion:472
863,hunt_start,Sectid,18,99,5,63,3,target:Scorpion:472
863,hunt_fail,Wolf,436,91,7,113,8,discomfort
864,hunt_start,Sectid,18,99,5,63,3,target:Scorpion:472
865,hunt_start,Sectid,18,99,5,63,3,target:Scorpion:472
866,hunt_start,Sectid,18,99,5,63,3,target:Scorpion:472
867,hunt_start,Sectid,18,99,5,63,3,target:Scorpion:472
867,kill,Rabbit,91,103,2,19,8,killed_by:Arctic Fox:601
867,reproduce,Parrot,339,223,6,244,7,offspring:1
868,hunt_start,Sectid,18,99,5,63,3,target:Scorpion:472
868,hunt_start,Arctic Fox,601,102,9,19,8,target:Rabbit:88
869,hunt_fail,Sectid,9,251,4,54,3,discomfort
869,hunt_start,Sectid,18,99,5,63,3,target:Scorpion:472
870,hunt_start,Sectid,18,99,5,63,3,target:Scorpion:472
871,hunt_start,Sectid,18,99,7,63,3,target:Scorpion:472
872,hunt_start,Sectid,18,99,7,63,3,target:Scorpion:472
873,hunt_start,Sectid,18,99,7,63,3,target:Scorpion:472
874,hunt_start,Sectid,18,99,7,63,3,target:Scorpion:472
875,hunt_start,Sectid,18,99,7,63,3,target:Scorpion:472
875,hunt_start,Snake,474,131,7,107,2,target:Fish:501
876,hunt_fail,Sectid,12,251,4,54,2,discomfort
876,hunt_start,Sectid,18,99,7,63,3,target:Scorpion:472
877,hunt_fail,Sectid,11,251,3,54,5,discomfort
877,hunt_start,Sectid,18,99,7,63,3,target:Scorpion:472
877,reproduce,Elk,213,240,0,64,0,offspring:1
878,hunt_fail,Sectid,13,251,7,54,0,discomfort
878,hunt_start,Sectid,18,99,7,63,3,target:Scorpion:472
879,hunt_start,Sectid,18,99,7,63,3,target:Scorpion:472
880,hunt_start,Sectid,18,99,7,63,3,target:Scorpion:472
880,hunt_fail,Sectid,25,106,1,188,9,discomfort
881,hunt_start,Sectid,18,99,7,63,3,target:Scorpion:472
882,hunt_start,Sectid,18,99,9,63,2,target:Scorpion:472
883,hunt_start,Sectid,18,99,9,63,2,target:Scorpion:472
884,hunt_start,Sectid,18,99,9,63,2,target:Scorpion:472
885,hunt_start,Sectid,18,99,9,63,2,target:Scorpion:472
886,hunt_start,Sectid,18,99,9,63,2,target:Scorpion:472
886,hunt_fail,Jaguar,487,73,6,181,2,discomfort
887,hunt_start,Sectid,18,99,9,63,2,target:Scorpion:472
888,hunt_start,Sectid,18,99,9,63,2,target:Scorpion:472
889,hunt_start,Sectid,18,99,8,63,0,target:Scorpion:472
890,hunt_start,Sectid,18,99,7,62,9,target:Scorpion:472
891,hunt_start,Sectid,18,99,5,62,9,target:Scorpion:472
892,hunt_start,Sectid,18,99,3,63,0,target:Scorpion:472
892,reproduce,Lizard,238,140,2,134,3,offspring:2
893,hunt_start,Sectid,18,99,4,63,2,target:Scorpion:472
894,hunt_start,Sectid,18,99,2,63,3,target:Scorpion:472
895,hunt_start,Sectid,18,99,4,63,5,target:Scorpion:472
896,hunt_start,Sectid,18,99,2,63,6,target:Scorpion:472
897,hunt_start,Sectid,18,99,2,63,4,target:Scorpion:472
897,hunt_fail,Wolf,435,92,8,112,9,discomfort
898,hunt_start,Sectid,18,99,3,63,3,target:Scorpion:472
899,hunt_start,Sectid,18,99,3,63,5,target:Scorpion:472
899,hunt_start,Hawk,468,148,2,161,8,target:Fish:500
900,hunt_start,Sectid,18,99,5,63,4,target:Scorpion:472
901,hunt_start,Sectid,18,99,4,63,3,target:Scorpion:472
902,hunt_start,Sectid,18,99,3,63,1,target:Scorpion:472
903,hunt_start,Sectid,18,99,1,63,1,target:Scorpion:472
904,hunt_start,Sectid,18,99,0,63,1,target:Scorpion:472
905,hunt_start,Sectid,18,98,9,63,3,target:Scorpion:472
906,hunt_start,Sectid,18,99,0,63,5,target:Scorpion:472
907,hunt_start,Sectid,18,99,2,63,5,target:Scorpion:472
908,hunt_start,Sectid,18,99,4,63,4,target:Scorpion:472
909,hunt_start,Sectid,18,99,3,63,3,target:Scorpion:472
910,hunt_start,Sectid,18,99,3,63,5,target:Scorpion:472
911,hunt_start,Sectid,18,99,3,63,7,target:Scorpion:472
912,hunt_start,Sectid,18,99,1,63,7,target:Scorpion:472
913,hunt_start,Sectid,18,99,1,63,9,target:Scorpion:472
914,hunt_fail,Scorpion,472,99,1,63,4,target_died
917,reproduce,Rabbit,108,87,5,106,6,offspring:2
918,spore_created,Shroomer,-1,64,4,151,0,
918,spore_created,Shroomer,-1,53,4,142,4,
920,spore_created,Shroomer,-1,66,8,145,0,
920,spore_created,Shroomer,-1,59,5,140,9,
921,spore_matured,Shroomer,-1,227,1,186,0,
921,reproduce,Shroomer,-1,227,1,186,0,offspring:1
921,spore_matured,Shroomer,-1,228,4,195,6,
921,reproduce,Shroomer,-1,228,4,195,6,offspring:1
926,spore_matured,Shroomer,-1,44,4,89,2,
926,reproduce,Shroomer,-1,44,4,89,2,offspring:1
927,hunt_fail,Wolf,433,87,9,113,7,discomfort
928,hunt_fail,Wolf,432,200,0,252,9,discomfort
934,reproduce,Tapir,364,61,2,270,9,offspring:1
937,kill,Shroomer,393,212,1,255,3,killed_by:Wolf:231
938,hunt_start,Wolf,231,211,6,255,3,target:Fish:575
938,hunt_fail,Wolf,430,199,6,251,4,target_died
938,hunt_fail,Wolf,431,200,3,251,1,target_died
939,hunt_start,Sectid,9,251,8,54,9,target:Frog:503
941,hunt_fail,Snake,474,133,4,106,4,discomfort
945,hunt_start,Sectid,6,59,4,256,5,target:Fox:442
949,reproduce,Frog,503,245,2,55,7,offspring:2
950,kill,Rabbit,127,55,0,199,9,killed_by:Hawk:465
951,hunt_start,Hawk,465,54,9,200,2,target:Rabbit:126
952,hunt_fail,Sectid,9,251,3,54,4,discomfort
952,kill,Frog,174,257,7,185,3,killed_by:Fox:447
955,hunt_start,Wolf,430,198,9,251,0,target:Shroomer:428
958,hunt_fail,Sectid,13,250,8,55,2,discomfort
966,hunt_fail,Sectid,12,251,8,54,4,discomfort
968,hunt_start,Wolf,434,96,3,113,5,target:Penguin:280
979,reproduce,Monkey,320,277,2,73,8,offspring:1
982,reproduce,Frog,151,26,5,2,5,offspring:2
984,hunt_fail,Wolf,431,198,9,252,3,discomfort
986,environment_death,Fish,140,165,8,120,9,suffocation
986,hunt_fail,Sectid,11,250,9,54,6,discomfort
986,reproduce,Fish,35,155,4,125,4,offspring:2
986,reproduce,Fish,142,155,8,125,0,offspring:2
986,reproduce,Fish,496,155,0,125,7,offspring:2
986,reproduce,Fish,498,155,1,125,5,offspring:2
986,reproduce,Fish,499,155,6,125,1,offspring:2
986,reproduce,Fish,562,154,5,126,0,offspring:2
986,reproduce,Fish,563,152,7,127,0,offspring:2
987,reproduce,Lizard,241,28,1,5,5,offspring:2
988,hunt_start,Jaguar,487,77,1,181,3,target:Lizard:133
995,hunt_fail,Sectid,12,251,5,54,4,discomfort
996,reproduce,Elk,193,175,6,286,9,offspring:1
997,hunt_start,Sectid,22,109,6,189,6,target:Shroomer:425
997,kill,Shroomer,428,200,7,260,1,killed_by:Faeling:582
998,hunt_fail,Wolf,430,198,1,252,8,target_died
999,hunt_fail,Wolf,437,150,8,119,8,discomfort
1006,hunt_fail,Wolf,438,150,7,121,7,discomfort
1012,kill,Fox,442,67,5,251,0,killed_by:Sectid:4
1013,hunt_start,Sectid,4,67,8,250,8,target:Monkey:329
1013,hunt_fail,Sectid,5,64,0,252,6,target_died
1014,hunt_start,Fox,444,272,4,249,4,target:Frog:157
1019,kill,Rabbit,88,99,2,12,2,killed_by:Arctic Fox:601
1020,hunt_start,Arctic Fox,601,99,0,12,0,target:Rabbit:90
1030,reproduce,Frog,156,156,7,23,4,offspring:2
1032,hunt_fail,Sectid,25,103,1,189,2,discomfort
1041,starvation,Parrot,345,288,0,159,6,
1045,reproduce,Rabbit,559,132,8,241,9,offspring:2
1045,reproduce,Rabbit,560,115,3,231,6,offspring:2
1055,reproduce,Tapir,370,236,2,158,7,offspring:1
1056,hunt_start,Sectid,12,253,5,54,3,target:Frog:624
1072,hunt_start,Wolf,432,193,6,256,2,target:Tapir:365
1075,reproduce,Fish,575,221,9,264,7,offspring:2
1076,environment_death,Shroomer,379,35,8,1,2,drowning
1076,hunt_fail,Sectid,13,249,4,52,0,discomfort
1080,hunt_start,Wolf,97,178,6,259,1,target:Shroomer:385
1083,hunt_fail,Sectid,9,250,2,51,8,discomfort
1085,hunt_fail,Sectid,12,250,6,51,9,discomfort
1085,hunt_fail,Wolf,436,104,6,108,0,discomfort
1085,reproduce,Musk Ox,309,38,5,103,8,offspring:1
1086,hunt_start,Crocodile,538,121,7,138,0,target:Camel:253
1088,reproduce,Lizard,30,33,9,8,3,offspring:2
1088,reproduce,Lizard,576,29,8,2,6,offspring:2
1090,spore_matured,Shroomer,-1,53,4,142,4,
1090,reproduce,Shroomer,-1,53,4,142,4,offspring:1
1092,spore_matured,Shroomer,-1,57,5,138,8,
1092,reproduce,Shroomer,-1,57,5,138,8,offspring:1
1095,hunt_fail,Sectid,25,103,4,189,4,discomfort
1095,hunt_start,Fox,443,118,3,135,5,target:Lizard:172
1099,kill,Rabbit,126,50,6,205,2,killed_by:Hawk:465
1099,reproduce,Rabbit,129,43,9,203,5,offspring:2
1099,reproduce,Rabbit,548,40,3,207,6,offspring:2
1099,reproduce,Rabbit,549,44,3,212,8,offspring:2
1100,hunt_start,Hawk,465,50,3,205,3,target:Rabbit:129
1103,hunt_fail,Wolf,435,103,5,109,9,discomfort
1103,hunt_start,Arctic Fox,479,56,1,96,7,target:Frog:400
1105,hunt_fail,Sectid,11,249,5,51,0,discomfort
1109,kill,Rabbit,90,98,8,12,6,killed_by:Arctic Fox:601
1110,hunt_start,Arctic Fox,601,98,6,12,8,target:Rabbit:89
1110,spore_created,Shroomer,-1,53,8,93,6,
1110,spore_created,Shroomer,-1,48,0,104,7,
1115,hunt_fail,Wolf,434,104,2,108,8,discomfort
1118,reproduce,Frog,577,148,3,28,8,offspring:2
1118,reproduce,Frog,578,155,5,29,3,offspring:2
1125,kill,Shroomer,425,93,5,188,5,killed_by:Sectid:22
1125,hunt_start,Wolf,438,149,2,124,3,target:Lizard:139
1126,hunt_start,Sectid,22,94,1,188,4,target:Lizard:133
1126,reproduce,Musk Ox,310,39,9,96,6,offspring:1
1130,reproduce,Monkey,322,-0,0,148,2,offspring:1
1131,reproduce,Penguin,281,101,7,102,9,offspring:1
1135,kill,Fish,500,130,6,124,7,killed_by:Hawk:468
1136,hunt_start,Hawk,468,130,7,124,9,target:Lizard:99
1137,environment_death,Fish,138,166,2,120,6,suffocation
1143,reproduce,Camel,264,167,9,253,5,offspring:1
1150,hunt_start,Sectid,12,252,5,51,8,target:Frog:624
1160,reproduce,Rabbit,153,89,8,24,6,offspring:2
1165,hunt_fail,Sectid,11,248,0,51,0,discomfort
1168,reproduce,Tapir,363,63,2,265,9,offspring:1
1171,environment_death,Tapir,360,159,3,164,3,drowning
1171,hunt_fail,Sectid,9,249,1,51,8,discomfort
1171,reproduce,Tapir,357,135,7,151,4,offspring:1
1171,reproduce,Tapir,358,135,4,155,2,offspring:1
1173,kill,Frog,157,282,3,254,0,killed_by:Fox:444
1174,reproduce,Elk,222,208,6,12,4,offspring:1
1175,hunt_fail,Sectid,12,249,6,51,2,discomfort
1179,hunt_fail,Wolf,433,103,9,110,0,discomfort
1181,hunt_fail,Sectid,5,76,4,268,8,discomfort
1184,reproduce,Rabbit,148,133,9,211,9,offspring:2
1185,hunt_start,Wolf,429,11,6,246,6,target:Parrot:351
1198,reproduce,Camel,262,174,9,254,1,offspring:1
1199,environment_death,Elk,218,221,3,14,9,drowning
1199,environment_death,Shark,452,287,0,13,3,suffocation
1199,kill,Rabbit,89,98,8,12,9,killed_by:Arctic Fox:601
1200,reproduce,Monkey,530,2,0,148,7,offspring:1
1212,kill,Camel,253,118,0,132,2,killed_by:Crocodile:538
1214,reproduce,Rabbit,34,89,0,9,7,offspring:2
1214,reproduce,Tapir,373,226,4,152,2,offspring:1
1216,kill,Rabbit,129,43,4,204,9,killed_by:Hawk:465
1216,reproduce,Hawk,465,43,1,204,7,offspring:1
1217,hunt_start,Hawk,129,41,9,205,0,target:Rabbit:548
1217,hunt_start,Hawk,465,43,3,204,7,target:Rabbit:548
1230,spore_matured,Shroomer,-1,48,0,104,7,
1230,reproduce,Shroomer,-1,48,0,104,7,offspring:1
1231,hunt_start,Wolf,435,102,3,114,3,target:Penguin:287
1233,hunt_start,Jaguar,573,74,8,136,7,target:Shroomer:383
1243,hunt_fail,Sectid,25,102,0,182,8,discomfort
1245,hunt_fail,Sectid,6,74,3,267,0,discomfort
1246,hunt_fail,Sectid,3,79,5,273,4,discomfort
1247,kill,Tapir,365,180,6,275,4,killed_by:Wolf:431
1247,reproduce,Tapir,368,179,1,280,6,offspring:1
1247,reproduce,Tapir,369,193,3,279,1,offspring:1
1265,hunt_fail,Wolf,435,103,0,112,2,discomfort
1269,hunt_fail,Sectid,4,76,7,267,9,discomfort
1270,hunt_fail,Sectid,7,74,2,267,0,discomfort
1271,reproduce,Deer,78,183,1,168,5,offspring:1
1273,kill,Shroomer,385,163,5,250,3,killed_by:Wolf:97
1274,hunt_start,Wolf,97,163,9,250,6,target:Shroomer:98
1277,hunt_start,Jaguar,485,270,2,262,4,target:Frog:158
1285,hunt_start,Sectid,12,251,8,51,4,target:Frog:393
1294,reproduce,Fish,10,224,5,169,8,offspring:2
1294,reproduce,Fish,584,224,1,168,8,offspring:2
1294,reproduce,Fish,599,228,3,167,4,offspring:2
1298,hunt_fail,Sectid,25,101,8,183,1,discomfort
1300,hunt_start,Sectid,22,89,2,184,6,target:Lizard:133
1300,hunt_start,Arctic Fox,601,98,0,12,8,target:Rabbit:452
1303,hunt_start,Bear,462,192,7,6,1,target:Lizard:243
1303,kill,Lizard,99,105,2,125,5,killed_by:Hawk:468
1305,hunt_fail,Sectid,12,249,2,51,9,discomfort
1308,reproduce,Elk,206,244,7,68,2,offspring:1
1310,kill,Tapir,365,180,4,282,1,killed_by:Wolf:431
1310,reproduce,Wolf,430,181,0,281,0,offspring:1
1318,hunt_start,Sectid,3,82,5,277,6,target:Monkey:329
1319,reproduce,Frog,587,57,9,141,7,offspring:2
1319,reproduce,Frog,588,58,6,142,8,offspring:2
1320,hunt_start,Hawk,468,106,7,124,3,target:Lizard:139
1320,hunt_fail,Arctic Fox,479,49,1,87,5,discomfort
1323,hunt_fail,Sectid,13,248,0,52,0,discomfort
1326,hunt_fail,Sectid,9,248,6,50,0,discomfort
1326,hunt_start,Arctic Fox,484,227,7,108,5,target:Rabbit:85
1334,hunt_fail,Wolf,434,100,0,108,1,discomfort
1336,hunt_fail,Wolf,433,99,2,109,3,discomfort
1339,hunt_fail,Wolf,429,22,9,258,1,discomfort
1346,reproduce,Lizard,246,285,1,237,6,offspring:2
1347,kill,Shroomer,383,69,0,137,1,killed_by:Jaguar:573
1351,hunt_start,Fox,440,233,2,58,5,target:Frog:624
1351,reproduce,Boar,459,94,6,263,5,offspring:2
1355,kill,Rabbit,548,24,6,217,3,killed_by:Hawk:129
1356,hunt_start,Hawk,129,24,7,217,2,target:Rabbit:655
1356,hunt_fail,Hawk,465,25,1,217,0,target_died
1356,hunt_start,Hawk,465,25,1,217,0,target:Rabbit:655
1359,spore_created,Shroomer,-1,210,9,136,8,
1359,spore_created,Shroomer,-1,210,4,139,4,
1361,reproduce,Monkey,130,62,0,266,9,offspring:1
1364,kill,Wolf,365,181,5,275,8,killed_by:Wolf:432
1365,hunt_fail,Wolf,430,182,0,276,0,target_died
1365,hunt_start,Wolf,430,182,0,276,0,target:Tapir:579
1365,hunt_fail,Fox,443,147,7,137,4,discomfort
1370,hunt_start,Sectid,25,101,4,184,4,target:Shroomer:426
1377,reproduce,Parrot,135,220,0,232,7,offspring:1
1377,reproduce,Parrot,173,214,3,231,4,offspring:1
1377,reproduce,Parrot,340,218,5,240,7,offspring:1
1377,reproduce,Parrot,342,210,2,234,1,offspring:1
1377,reproduce,Parrot,349,246,6,192,0,offspring:1
1381,hunt_fail,Wolf,435,100,3,108,4,discomfort
1395,reproduce,Fish,565,225,1,169,1,offspring:2
1395,reproduce,Fish,566,226,0,169,4,offspring:2
1399,starvation,Parrot,534,286,1,208,6,
1399,starvation,Parrot,535,286,0,207,1,
1404,kill,Shroomer,98,167,3,258,8,killed_by:Wolf:97
1407,reproduce,Lizard,133,85,1,200,5,offspring:2
1409,reproduce,Monkey,330,64,0,244,0,offspring:1
1412,starvation,Fish,386,56,7,88,3,
1412,starvation,Fish,567,95,4,80,4,
1412,hunt_fail,Sectid,9,246,0,47,8,discomfort
1418,hunt_fail,Sectid,6,79,0,271,6,discomfort
1419,hunt_start,Snake,543,41,0,93,4,target:Frog:400
1423,hunt_start,Sectid,13,242,8,52,1,target:Frog:624
1423,hunt_fail,Sectid,25,97,2,191,1,discomfort
1427,hunt_fail,Sectid,24,96,1,192,1,discomfort
1444,starvation,Fish,501,108,2,76,8,
1453,hunt_start,Arctic Fox,480,118,9,21,4,target:Lizard:611
1455,reproduce,Jaguar,486,85,2,158,4,offspring:1
1460,hunt_fail,Arctic Fox,484,221,1,122,0,discomfort
1462,reproduce,Camel,252,111,3,123,7,offspring:1
1465,starvation,Fish,495,81,8,92,0,
1470,hunt_start,Fox,443,146,3,141,4,target:Lizard:237
1472,kill,Shroomer,426,94,7,194,3,killed_by:Sectid:24
1473,hunt_fail,Sectid,22,95,2,193,8,target_died
1476,reproduce,Elk,192,191,8,286,7,offspring:1
1478,hunt_fail,Sectid,7,80,8,273,4,discomfort
1479,spore_matured,Shroomer,-1,210,9,136,7,
1479,reproduce,Shroomer,-1,210,9,136,7,offspring:1
1479,spore_matured,Shroomer,-1,210,3,139,5,
1479,reproduce,Shroomer,-1,210,3,139,5,offspring:1
1480,hunt_start,Sectid,11,239,6,48,6,target:Fox:440
1483,environment_death,Camel,257,233,5,41,3,drowning
1502,kill,Rabbit,655,31,9,195,9,killed_by:Hawk:465
1503,hunt_fail,Hawk,129,32,1,196,6,target_died
1503,hunt_start,Hawk,129,32,1,196,6,target:Rabbit:126
1503,hunt_fail,Wolf,437,117,9,113,8,discomfort
1503,hunt_start,Hawk,465,32,0,196,1,target:Rabbit:126
1505,starvation,Fish,134,87,6,86,5,
1505,starvation,Fish,569,95,5,80,4,
1507,hunt_fail,Sectid,9,249,5,51,1,discomfort
1508,hunt_fail,Sectid,12,250,8,51,1,discomfort
1510,kill,Tapir,579,194,7,286,1,killed_by:Wolf:432
1510,reproduce,Tapir,367,201,3,262,0,offspring:1
1511,hunt_fail,Wolf,430,193,8,285,6,target_died
1511,hunt_start,Wolf,430,193,8,285,6,target:Elk:501
1514,environment_death,Rabbit,85,219,5,123,2,drowning
1520,hunt_start,Wolf,433,101,2,116,3,target:Rabbit:106
1520,reproduce,Penguin,283,99,5,94,1,offspring:1
1525,hunt_start,Sectid,13,243,6,50,8,target:Frog:393
1531,kill,Monkey,329,97,9,288,0,killed_by:Sectid:3
1532,hunt_start,Sectid,3,97,7,287,5,target:Monkey:557
1532,hunt_fail,Sectid,4,97,4,287,3,target_died
1532,hunt_fail,Sectid,7,87,0,279,0,target_died
1536,reproduce,Elk,211,240,4,73,3,offspring:1
1543,kill,Frog,624,250,1,56,2,killed_by:Fox:440
1545,hunt_fail,Boar,36,117,4,275,3,prey_escaped
1545,hunt_fail,Boar,154,117,4,275,3,prey_escaped
1545,hunt_fail,Wolf,438,117,9,113,9,discomfort
1546,reproduce,Camel,263,160,3,259,1,offspring:1
1559,hunt_start,Arctic Fox,484,222,5,121,0,target:Rabbit:87
1565,hunt_start,Sectid,12,251,2,49,6,target:Fox:440
1566,hunt_start,Arctic Fox,482,256,0,77,3,target:Lizard:147
1571,hunt_fail,Arctic Fox,480,117,2,36,1,discomfort
1575,starvation,Fish,494,94,0,84,1,
1578,starvation,Parrot,346,288,0,144,5,
1578,hunt_start,Sectid,11,243,8,52,7,target:Fox:440
1579,hunt_start,Sectid,13,243,6,50,8,target:Fox:440
1585,reproduce,Camel,266,122,9,141,5,offspring:1
1589,kill,Elk,501,200,3,287,1,killed_by:Wolf:432
1590,hunt_fail,Wolf,430,198,8,287,0,target_died
1590,hunt_start,Wolf,430,198,8,287,0,target:Tapir:606
1597,hunt_fail,Snake,543,44,5,85,8,target_died
1600,reproduce,Lizard,611,116,7,40,8,offspring:2
1601,hunt_fail,Arctic Fox,484,221,6,121,3,discomfort
1602,hunt_start,Fox,447,256,4,198,0,target:Fish:574
1602,hunt_fail,Bear,462,176,9,13,2,discomfort
1610,hunt_start,Fox,444,274,8,263,3,target:Frog:158
1617,hunt_start,Sectid,9,251,2,48,9,target:Fox:440
1619,kill,Rabbit,106,94,7,115,7,killed_by:Wolf:433
1619,reproduce,Parrot,132,256,0,240,9,offspring:1
1620,hunt_start,Wolf,433,95,0,115,3,target:Rabbit:107
1620,hunt_fail,Wolf,435,94,4,115,5,target_died
1623,reproduce,Wolf,431,182,8,279,2,offspring:1
1625,hunt_start,Wolf,437,122,9,113,1,target:Shroomer:414
1639,hunt_start,Sectid,11,243,9,54,8,target:Fox:440
1640,hunt_start,Sectid,13,245,0,54,1,target:Fox:440
1645,environment_death,Shroomer,426,212,2,139,9,drowning
1645,environment_death,Shroomer,495,211,1,138,2,drowning
1645,hunt_fail,Sectid,7,79,5,270,2,discomfort
1646,hunt_start,Fox,440,247,1,56,6,target:Sectid:13
1649,kill,Rabbit,126,51,7,208,5,killed_by:Hawk:465
1650,hunt_fail,Hawk,129,51,5,208,4,target_died
1650,hunt_start,Hawk,129,51,5,208,4,target:Rabbit:658
1650,hunt_start,Hawk,465,51,1,208,2,target:Rabbit:658
1660,environment_death,Elk,214,240,8,43,5,drowning
1660,hunt_start,Sectid,25,104,4,183,4,target:Lizard:230
1660,reproduce,Elk,208,241,0,75,0,offspring:1
1660,reproduce,Elk,209,239,6,73,6,offspring:1
1663,reproduce,Rabbit,597,240,8,174,5,offspring:2
1675,reproduce,Fish,648,223,5,260,5,offspring:2
1675,reproduce,Fish,649,223,6,260,0,offspring:2
1678,hunt_start,Sectid,9,252,1,50,2,target:Fox:440
1681,reproduce,Sectid,-1,105,1,181,4,offspring:1
1682,kill,Rabbit,107,93,9,120,2,killed_by:Wolf:433
1682,reproduce,Rabbit,492,74,6,103,3,offspring:2
1682,reproduce,Rabbit,493,77,4,102,5,offspring:2
1683,starvation,Parrot,347,288,0,146,7,
1684,hunt_start,Sectid,12,251,5,50,4,target:Fox:440
1688,hunt_fail,Fox,443,133,0,149,4,discomfort
1689,hunt_start,Fox,441,102,6,264,7,target:Monkey:333
1690,reproduce,Boar,461,131,5,214,5,offspring:2
1701,environment_death,Shark,453,24,3,33,3,suffocation
1703,hunt_start,Arctic Fox,484,222,0,122,3,target:Rabbit:87
1710,kill,Sectid,13,246,8,51,7,killed_by:Fox:440
1711,hunt_start,Fox,440,246,6,51,9,target:Sectid:11
1713,hunt_start,Crocodile,538,126,5,135,6,target:Camel:585
1718,hunt_fail,Sectid,7,75,1,265,0,prey_escaped
1718,hunt_start,Sectid,7,75,1,265,0,target:Monkey:532
1718,hunt_start,Arctic Fox,480,121,6,35,6,target:Lizard:612
1719,hunt_fail,Arctic Fox,484,222,0,122,6,discomfort
1719,hunt_start,Jaguar,573,59,3,136,0,target:Shroomer:382
1723,hunt_start,Sectid,11,244,3,58,7,target:Fox:440
1724,spore_created,Shroomer,-1,235,6,123,3,
1724,spore_created,Shroomer,-1,235,3,117,3,
1733,environment_death,Camel,259,236,4,32,9,drowning
1742,kill,Frog,158,284,5,269,1,killed_by:Fox:444
1743,hunt_fail,Jaguar,485,282,3,269,0,target_died
1745,hunt_start,Jaguar,386,89,3,154,1,target:Lizard:230
1751,hunt_fail,Sectid,4,81,5,270,4,discomfort
1752,hunt_fail,Sectid,3,81,6,270,6,discomfort
1752,hunt_start,Sectid,9,253,8,51,8,target:Fox:440
1753,hunt_start,Sectid,12,249,3,51,7,target:Fox:440
1753,kill,Shroomer,382,58,6,139,7,killed_by:Jaguar:573
1755,kill,Tapir,606,201,7,272,4,killed_by:Wolf:431
1756,hunt_fail,Wolf,430,201,9,272,9,target_died
1756,hunt_start,Wolf,431,201,3,273,1,target:Tapir:100
1763,kill,Shroomer,414,133,5,116,6,killed_by:Wolf:437
1763,reproduce,Deer,67,188,0,23,2,offspring:1
1764,hunt_start,Wolf,437,133,0,116,9,target:Fish:641
1764,hunt_fail,Wolf,438,133,6,117,1,target_died
1765,environment_death,Elk,212,243,6,45,1,drowning
1766,hunt_fail,Wolf,434,86,9,111,8,discomfort
1766,reproduce,Monkey,532,64,0,267,2,offspring:1
1771,hunt_start,Hawk,175,0,0,131,6,target:Monkey:322
1773,hunt_fail,Wolf,435,82,0,111,9,discomfort
1776,reproduce,Fish,575,224,2,259,6,offspring:2
1779,hunt_fail,Wolf,433,83,1,112,4,discomfort
1782,hunt_start,Polar Bear,544,216,0,74,5,target:Elk:602
1782,reproduce,Frog,174,24,8,5,6,offspring:2
1786,kill,Sectid,11,244,7,56,8,killed_by:Fox:440
1787,hunt_start,Fox,440,244,7,56,5,target:Frog:393
1788,kill,Rabbit,658,32,0,219,3,killed_by:Hawk:129
1788,reproduce,Rabbit,128,28,0,234,4,offspring:2
1788,reproduce,Rabbit,137,30,3,226,7,offspring:2
1789,hunt_start,Hawk,129,32,2,219,2,target:Rabbit:124
1789,hunt_start,Fox,443,131,2,148,8,target:Lizard:238
1789,reproduce,Boar,455,16,7,149,1,offspring:2
1791,hunt_start,Wolf,439,137,9,90,7,target:Shroomer:415
1792,hunt_start,Jaguar,486,84,6,146,0,target:Lizard:230
1807,environment_death,Deer,56,0,0,134,7,drowning
1814,hunt_fail,Sectid,23,94,5,157,4,discomfort
1823,reproduce,Penguin,527,93,5,108,7,offspring:1
1828,reproduce,Deer,65,182,9,21,0,offspring:1
1829,hunt_fail,Sectid,126,96,4,160,7,discomfort
1829,spore_created,Shroomer,-1,9,5,178,7,
1829,spore_created,Shroomer,-1,13,3,167,8,
1831,hunt_start,Sectid,12,252,2,51,1,target:Fox:440
1833,environment_death,Camel,249,51,0,178,1,drowning
1835,reproduce,Tapir,369,192,6,268,5,offspring:1
1839,reproduce,Penguin,276,172,8,22,3,offspring:1
1840,hunt_start,Arctic Fox,484,224,7,122,2,target:Rabbit:87
1850,reproduce,Wolf,432,201,4,273,1,offspring:1
1854,kill,Rabbit,87,224,6,122,6,killed_by:Arctic Fox:484
1855,hunt_start,Arctic Fox,484,224,6,122,3,target:Rabbit:86
1869,hunt_fail,Sectid,12,247,1,48,4,discomfort
1870,hunt_fail,Sectid,6,63,6,267,8,discomfort
1875,environment_death,Elk,200,46,8,83,4,drowning
1875,hunt_fail,Sectid,9,246,8,47,8,discomfort
1875,kill,Rabbit,452,64,3,-0,0,killed_by:Arctic Fox:601
1875,reproduce,Elk,198,44,4,82,5,offspring:1
1875,reproduce,Elk,201,43,3,79,5,offspring:1
1875,reproduce,Elk,202,33,8,75,1,offspring:1
1875,reproduce,Elk,204,41,5,80,2,offspring:1
1875,reproduce,Elk,226,20,0,98,9,offspring:1
1875,reproduce,Elk,227,43,4,67,8,offspring:1
1875,reproduce,Arctic Fox,601,64,6,0,0,offspring:1
1877,hunt_fail,Sectid,24,99,8,160,5,discomfort
1882,hunt_fail,Sectid,22,99,5,156,3,discomfort
1884,kill,Camel,585,116,2,130,6,killed_by:Crocodile:538
1885,reproduce,Turtle,183,261,6,232,6,offspring:1
1888,kill,Rabbit,124,33,4,217,9,killed_by:Hawk:129
1889,hunt_start,Hawk,129,33,1,218,2,target:Rabbit:549
1896,spore_matured,Shroomer,-1,235,3,117,3,
1896,reproduce,Shroomer,-1,235,3,117,3,offspring:1
1896,spore_matured,Shroomer,-1,235,6,123,3,
1896,reproduce,Shroomer,-1,235,6,123,3,offspring:1
1897,hunt_start,Boar,701,17,2,149,8,target:Monkey:326
1898,hunt_fail,Fox,447,238,7,216,0,discomfort
1908,hunt_fail,Sectid,5,63,8,268,6,discomfort
1910,starvation,Parrot,350,288,0,145,7,
1911,hunt_fail,Fox,440,239,0,48,9,discomfort
1916,spore_created,Shroomer,-1,51,2,95,7,
1916,spore_created,Shroomer,-1,54,0,91,0,
1919,starvation,Parrot,348,269,6,173,5,
1919,reproduce,Fish,385,221,3,167,5,offspring:2
1919,reproduce,Fish,673,222,7,167,6,offspring:2
1921,reproduce,Monkey,333,128,1,240,1,offspring:1
1938,kill,Rabbit,86,225,5,119,2,killed_by:Arctic Fox:484
1939,environment_death,Elk,203,46,0,80,3,drowning
1942,hunt_start,Sectid,9,247,2,47,6,target:Fox:440
1944,hunt_start,Hawk,466,47,4,36,9,target:Lizard:652
1949,spore_matured,Shroomer,-1,13,3,167,8,
1949,reproduce,Shroomer,-1,13,3,167,8,offspring:1
1953,reproduce,Penguin,502,77,3,116,4,offspring:1
1961,reproduce,Rabbit,153,95,8,34,9,offspring:2
1962,hunt_fail,Sectid,12,246,2,47,8,discomfort
1963,reproduce,Deer,66,192,3,23,1,offspring:1
1964,hunt_start,Snake,474,128,1,116,5,target:Lizard:238
1966,hunt_fail,Arctic Fox,480,150,8,37,8,discomfort
1969,reproduce,Camel,254,125,5,116,3,offspring:1
1977,starvation,Parrot,344,285,9,207,2,
1977,reproduce,Sectid,-1,63,1,249,9,offspring:1
1978,hunt_start,Sectid,344,63,1,249,9,target:Monkey:330
1980,hunt_fail,Sectid,7,63,6,269,0,discomfort
1980,kill,Lizard,139,100,5,95,1,killed_by:Hawk:468
1981,hunt_start,Hawk,468,100,7,95,3,target:Penguin:685
1996,hunt_start,Fox,445,180,5,108,9,target:Fish:261
2000,reproduce,Deer,490,190,0,177,4,offspring:1
2004,kill,Shroomer,415,126,5,103,0,killed_by:Wolf:439
2005,hunt_start,Wolf,439,126,7,102,4,target:Shroomer:413
2007,hunt_start,Fox,447,241,7,218,8,target:Fish:574
2007,reproduce,Parrot,352,18,9,283,7,offspring:1
2017,hunt_start,Fox,440,242,5,50,5,target:Sectid:9
2026,environment_death,Lizard,232,150,9,43,7,drowning
2026,reproduce,Lizard,245,189,7,6,3,offspring:2
2027,reproduce,Lizard,246,284,9,243,5,offspring:2
2032,kill,Rabbit,658,21,9,251,3,killed_by:Hawk:465
2033,hunt_start,Hawk,465,22,0,251,0,target:Rabbit:128
2047,hunt_start,Wolf,434,94,6,114,4,target:Rabbit:111
2055,starvation,Fish,497,137,1,169,9,
2056,reproduce,Monkey,322,3,2,192,2,offspring:1
2056,reproduce,Monkey,530,2,9,154,8,offspring:1
2056,reproduce,Monkey,550,3,4,143,2,offspring:1
2060,hunt_start,Wolf,429,19,1,278,7,target:Parrot:352
2065,kill,Tapir,100,210,6,259,9,killed_by:Wolf:431
2065,reproduce,Tapir,368,169,5,281,0,offspring:1
2066,hunt_fail,Wolf,430,210,0,261,1,prey_escaped
2066,hunt_fail,Wolf,432,210,7,260,4,prey_escaped
2066,hunt_start,Wolf,432,210,7,260,4,target:Tapir:548
2070,hunt_start,Sectid,9,250,8,41,7,target:Fox:440
2075,hunt_fail,Fox,441,140,1,243,0,discomfort
2089,reproduce,Frog,151,27,4,11,4,offspring:2
2091,kill,Rabbit,549,56,6,236,3,killed_by:Hawk:129
2092,hunt_start,Hawk,129,56,3,236,2,target:Rabbit:125
2095,hunt_fail,Fox,445,174,9,116,8,discomfort
2095,kill,Penguin,685,88,6,103,5,killed_by:Hawk:468
2096,hunt_start,Hawk,468,88,8,103,4,target:Rabbit:623
2097,reproduce,Penguin,150,165,2,13,6,offspring:1
2108,reproduce,Penguin,267,151,1,20,7,offspring:1
2125,kill,Monkey,532,59,9,288,0,killed_by:Sectid:6
2125,hunt_start,Jaguar,573,55,6,143,5,target:Deer:70
2126,hunt_fail,Sectid,3,62,0,272,7,target_died
2126,hunt_start,Sectid,3,62,0,272,7,target:Tapir:628
2126,hunt_fail,Sectid,4,61,8,273,4,target_died
2126,hunt_fail,Sectid,5,59,5,287,2,target_died
2126,hunt_fail,Sectid,7,59,7,286,4,target_died
2126,hunt_fail,Wolf,433,91,3,113,9,discomfort
2128,kill,Elk,602,239,2,79,5,killed_by:Polar Bear:544
2128,reproduce,Camel,262,188,9,263,4,offspring:1
2129,hunt_start,Polar Bear,544,238,4,79,5,target:Frog:167
2136,reproduce,Musk Ox,309,37,5,105,0,offspring:1
2144,hunt_fail,Fox,447,236,8,216,2,discomfort
2146,hunt_start,Arctic Fox,480,155,3,34,5,target:Frog:578
2146,reproduce,Lizard,682,286,1,234,5,offspring:2
2146,reproduce,Lizard,683,283,9,243,9,offspring:2
2156,kill,Lizard,652,42,6,0,0,killed_by:Hawk:466
2157,hunt_start,Hawk,466,42,3,0,3,target:Frog:127
2158,hunt_fail,Fox,443,133,9,104,8,discomfort
2158,reproduce,Lizard,133,46,5,250,6,offspring:2
2160,reproduce,Rabbit,138,96,3,15,0,offspring:2
2160,reproduce,Rabbit,665,85,5,12,5,offspring:2
2161,environment_death,Sectid,12,246,4,49,1,drowning
2169,reproduce,Monkey,330,90,9,223,9,offspring:1
2188,hunt_fail,Jaguar,486,93,0,145,1,prey_escaped
2188,hunt_start,Jaguar,486,93,0,145,1,target:Sectid:23
2192,hunt_fail,Jaguar,487,48,4,249,3,discomfort
2198,kill,Frog,167,236,9,81,6,killed_by:Polar Bear:544
2199,starvation,Lizard,518,141,2,233,5,
2199,starvation,Lizard,519,142,7,235,1,
2199,hunt_start,Polar Bear,544,237,4,81,6,target:Rabbit:96
2200,reproduce,Elk,191,190,9,288,0,offspring:1
2201,environment_death,Monkey,333,144,7,246,2,drowning
2207,kill,Fish,641,190,3,94,1,killed_by:Wolf:438
2207,reproduce,Lizard,535,97,4,196,1,offspring:2
2208,hunt_fail,Wolf,437,188,8,94,7,target_died
2210,kill,Rabbit,623,71,9,102,2,killed_by:Hawk:468
2211,hunt_start,Hawk,468,72,1,102,2,target:Rabbit:696
2212,kill,Shroomer,413,112,9,99,8,killed_by:Wolf:439
2212,reproduce,Elk,192,194,0,278,8,offspring:1
2212,reproduce,Wolf,439,113,5,99,9,offspring:1
2213,hunt_start,Wolf,439,113,5,99,9,target:Penguin:285
2213,hunt_start,Wolf,641,112,3,101,8,target:Penguin:285
2214,hunt_fail,Sectid,3,62,6,263,8,discomfort
2214,hunt_start,Fox,445,174,9,111,7,target:Fish:261
2214,reproduce,Jaguar,573,55,2,143,6,offspring:1
2215,hunt_start,Jaguar,623,57,2,145,0,target:Shroomer:384
2225,hunt_fail,Sectid,4,62,6,263,5,discomfort
2226,hunt_start,Bear,463,272,0,32,7,target:Sectid:9
2226,kill,Rabbit,128,31,2,239,7,killed_by:Hawk:465
2226,reproduce,Hawk,465,30,8,239,8,offspring:1
2227,hunt_start,Hawk,413,33,1,243,3,target:Rabbit:11
2227,hunt_start,Hawk,465,31,0,239,8,target:Rabbit:698
2228,reproduce,Camel,264,180,3,258,2,offspring:1
2229,starvation,Lizard,555,152,7,235,0,
2229,hunt_fail,Wolf,537,157,5,231,3,target_died
2229,hunt_fail,Boar,540,159,3,234,9,target_died
2234,reproduce,Penguin,283,99,5,87,8,offspring:1
2247,kill,Rabbit,125,65,1,232,3,killed_by:Hawk:129
2248,hunt_start,Hawk,129,65,4,232,3,target:Lizard:248
2248,kill,Rabbit,111,92,1,116,9,killed_by:Wolf:435
2249,hunt_fail,Wolf,433,91,6,116,2,target_died
2249,hunt_start,Wolf,433,91,6,116,2,target:Rabbit:109
2249,hunt_fail,Wolf,434,91,7,116,9,target_died
2255,spore_created,Shroomer,-1,37,4,-3,8,
2255,spore_created,Shroomer,-1,43,6,5,3,
2256,reproduce,Rabbit,260,40,8,232,8,offspring:2
2259,kill,Frog,578,164,1,23,8,killed_by:Arctic Fox:480
2260,hunt_start,Arctic Fox,480,163,9,23,9,target:Penguin:277
2262,reproduce,Monkey,332,117,2,260,7,offspring:1
2263,hunt_start,Wolf,537,158,6,232,0,target:Lizard:554
2268,kill,Rabbit,96,237,0,82,4,killed_by:Polar Bear:544
2269,hunt_start,Polar Bear,544,237,8,82,3,target:Frog:168
2269,reproduce,Parrot,349,244,8,192,0,offspring:1
2275,reproduce,Fish,426,229,3,261,8,offspring:2
2275,reproduce,Fish,495,228,9,262,3,offspring:2
2284,reproduce,Rabbit,121,256,0,250,3,offspring:2
2286,hunt_fail,Wolf,435,91,7,112,3,discomfort
2286,kill,Frog,127,25,7,11,1,killed_by:Hawk:466
2287,hunt_start,Hawk,466,25,9,11,0,target:Frog:151
2288,hunt_fail,Fox,445,175,0,117,0,discomfort
2293,hunt_fail,Wolf,434,91,1,112,6,discomfort
2294,starvation,Fish,591,98,2,97,8,
2294,reproduce,Lizard,237,131,5,155,0,offspring:2
2295,hunt_fail,Wolf,433,90,6,113,1,discomfort
2295,reproduce,Penguin,272,184,5,25,1,offspring:1
2299,environment_death,Monkey,322,2,8,206,6,drowning
2299,hunt_fail,Hawk,175,0,8,200,1,target_died
2299,hunt_start,Hawk,175,0,8,200,1,target:Monkey:658
2310,hunt_start,Fox,443,137,3,101,4,target:Lizard:238
2316,kill,Shroomer,384,59,7,140,2,killed_by:Jaguar:623
2317,hunt_start,Jaguar,623,59,4,140,8,target:Frog:161
2319,reproduce,Monkey,327,61,9,244,8,offspring:1
2320,reproduce,Penguin,270,141,6,9,0,offspring:1
2321,hunt_fail,Wolf,439,115,9,107,1,discomfort
2323,hunt_fail,Arctic Fox,480,169,7,23,8,discomfort
2328,reproduce,Boar,36,96,0,276,5,offspring:2
2329,hunt_start,Fox,447,239,0,216,8,target:Fish:574
2333,kill,Rabbit,696,57,8,108,8,killed_by:Hawk:468
2334,hunt_start,Hawk,468,58,1,108,8,target:Rabbit:492
2336,starvation,Rabbit,95,245,4,93,1,
2338,kill,Frog,168,239,3,83,9,killed_by:Polar Bear:544
2338,reproduce,Frog,163,256,5,118,8,offspring:2
2338,reproduce,Frog,164,257,4,116,6,offspring:2
2338,reproduce,Frog,570,259,1,109,0,offspring:2
2339,hunt_start,Polar Bear,544,239,1,83,4,target:Musk Ox:564
2345,reproduce,Boar,617,123,1,204,0,offspring:2
2349,reproduce,Penguin,170,102,3,105,5,offspring:1
2356,reproduce,Turtle,179,96,6,279,1,offspring:1
2358,hunt_fail,Snake,474,133,2,106,6,discomfort
2370,environment_death,Elk,226,11,4,113,0,drowning
2373,hunt_fail,Fox,447,236,7,217,9,discomfort
2374,hunt_fail,Sectid,7,62,3,263,0,discomfort
2375,spore_matured,Shroomer,-1,37,4,-3,8,
2375,reproduce,Shroomer,-1,37,4,-3,8,offspring:1
2376,reproduce,Fish,382,229,7,261,8,offspring:2
2376,reproduce,Fish,606,228,6,262,1,offspring:2
2376,reproduce,Fish,648,227,9,262,2,offspring:2
2376,reproduce,Fish,649,230,1,261,5,offspring:2
2377,starvation,Hawk,175,1,2,182,4,
2377,reproduce,Parrot,690,247,2,190,6,offspring:1
2378,reproduce,Deer,491,96,0,47,6,offspring:1
2380,hunt_fail,Sectid,6,62,4,263,1,discomfort
2381,spore_created,Shroomer,-1,-1,8,163,3,
2381,spore_created,Shroomer,-1,3,2,165,2,
2384,hunt_fail,Sectid,5,62,2,262,6,discomfort
2384,reproduce,Penguin,619,96,1,100,7,offspring:1
2385,hunt_start,Crocodile,538,121,3,126,2,target:Camel:134
2391,kill,Frog,161,62,0,141,9,killed_by:Jaguar:623
2392,hunt_start,Jaguar,623,61,6,141,8,target:Shroomer:625
2394,kill,Sectid,9,260,6,26,8,killed_by:Fox:440
2395,hunt_fail,Bear,463,262,7,28,7,target_died
2399,environment_death,Shark,454,238,5,278,0,suffocation
2399,kill,Rabbit,11,54,0,228,6,killed_by:Hawk:413
2400,hunt_start,Hawk,413,53,9,228,8,target:Rabbit:260
2400,hunt_start,Snake,475,267,5,249,0,target:Lizard:716
2402,hunt_start,Shark,539,216,6,262,4,target:Parrot:339
2406,reproduce,Deer,65,188,0,29,0,offspring:1
2408,hunt_fail,Wolf,432,214,3,252,8,discomfort
2410,hunt_start,Arctic Fox,709,76,7,10,0,target:Rabbit:89
2414,hunt_fail,Wolf,431,214,1,252,5,discomfort
2421,starvation,Fish,640,148,4,130,5,
2423,kill,Rabbit,698,50,7,217,9,killed_by:Hawk:465
2424,hunt_start,Hawk,465,50,6,218,1,target:Rabbit:260
2426,kill,Camel,134,118,1,128,4,killed_by:Crocodile:538
2427,hunt_start,Wolf,433,96,7,114,7,target:Penguin:56
2427,spore_matured,Shroomer,-1,43,6,5,3,
2427,reproduce,Shroomer,-1,43,6,5,3,offspring:1
2440,hunt_fail,Wolf,430,214,6,252,7,discomfort
2443,kill,Musk Ox,564,236,0,87,4,killed_by:Polar Bear:544
2443,reproduce,Musk Ox,288,283,0,116,0,offspring:1
2443,reproduce,Musk Ox,289,282,6,115,0,offspring:1
2443,reproduce,Musk Ox,304,241,3,86,4,offspring:1
2443,reproduce,Musk Ox,306,237,9,87,3,offspring:1
2443,reproduce,Musk Ox,307,239,6,87,9,offspring:1
2457,reproduce,Lizard,594,94,0,160,7,offspring:2
2459,hunt_start,Boar,744,121,1,201,8,target:Sectid:344
2462,hunt_start,Boar,745,122,3,204,5,target:Sectid:344
2464,hunt_start,Snake,474,134,3,108,7,target:Lizard:172
2464,reproduce,Deer,67,188,2,21,2,offspring:1
2468,starvation,Sectid,21,104,1,185,0,
2468,reproduce,Deer,66,190,0,27,8,offspring:1
2475,hunt_fail,Jaguar,486,94,6,151,0,discomfort
2476,hunt_start,Sectid,344,116,0,203,4,target:Rabbit:144
2477,hunt_start,Sectid,344,115,9,203,4,target:Rabbit:144
2478,hunt_start,Sectid,344,115,9,203,3,target:Rabbit:144
2479,hunt_start,Sectid,344,115,8,203,3,target:Rabbit:144
2480,hunt_start,Sectid,344,115,8,203,3,target:Rabbit:144
2481,hunt_start,Sectid,344,115,7,203,3,target:Rabbit:144
2482,hunt_start,Sectid,344,115,8,203,3,target:Rabbit:144
2483,hunt_start,Sectid,344,115,7,203,3,target:Rabbit:144
2484,hunt_start,Sectid,344,115,6,203,3,target:Rabbit:144
2485,hunt_start,Sectid,344,115,6,203,3,target:Rabbit:144
2486,starvation,Monkey,568,133,2,288,0,
2486,hunt_start,Sectid,344,115,6,203,2,target:Rabbit:144
2487,hunt_start,Sectid,344,115,5,203,2,target:Rabbit:144
2488,hunt_start,Sectid,344,115,4,203,2,target:Rabbit:144
2489,hunt_start,Wolf,439,124,3,108,0,target:Shroomer:416
2490,kill,Rabbit,260,59,7,219,2,killed_by:Hawk:413
2490,hunt_fail,Wolf,434,95,9,111,9,discomfort
2491,hunt_start,Hawk,413,59,5,219,3,target:Rabbit:137
2491,hunt_fail,Hawk,465,59,1,219,4,target_died
2491,hunt_start,Hawk,465,59,1,219,4,target:Rabbit:137
2498,kill,Shroomer,625,55,0,142,6,killed_by:Jaguar:623
2500,reproduce,Elk,510,234,8,67,5,offspring:1
2501,spore_matured,Shroomer,-1,-1,8,163,3,
2501,reproduce,Shroomer,-1,-1,8,163,3,offspring:1
2504,hunt_start,Fox,445,168,2,115,0,target:Fish:145
2504,reproduce,Elk,545,175,8,274,0,offspring:1
2511,hunt_fail,Wolf,433,95,8,112,3,discomfort
2514,hunt_start,Fox,447,238,3,217,6,target:Fish:574
2521,reproduce,Elk,551,185,8,252,2,offspring:1
2528,starvation,Sectid,22,113,5,155,9,
2528,hunt_start,Sectid,344,116,2,203,7,target:Rabbit:144
2529,hunt_start,Sectid,344,116,4,203,8,target:Rabbit:144
2530,hunt_start,Sectid,344,116,3,203,6,target:Rabbit:144
2530,reproduce,Monkey,320,283,4,64,0,offspring:1
2531,hunt_start,Sectid,344,116,4,203,7,target:Rabbit:144
2532,hunt_start,Sectid,344,116,3,203,6,target:Rabbit:144
2533,hunt_start,Sectid,344,116,3,203,8,target:Rabbit:144
2534,hunt_start,Sectid,344,116,2,203,9,target:Rabbit:144
2534,kill,Rabbit,492,87,6,120,9,killed_by:Hawk:468
2534,reproduce,Rabbit,18,76,8,106,6,offspring:2
2534,reproduce,Rabbit,493,77,3,111,3,offspring:2
2535,hunt_start,Sectid,344,116,1,203,7,target:Rabbit:144
2535,hunt_start,Hawk,468,87,3,120,8,target:Rabbit:695
2536,hunt_start,Sectid,344,116,3,203,7,target:Rabbit:144
2537,hunt_start,Sectid,344,116,2,203,6,target:Rabbit:144
2538,hunt_start,Sectid,344,116,4,203,5,target:Rabbit:144
2539,hunt_start,Sectid,344,116,5,203,4,target:Rabbit:144
2540,hunt_start,Sectid,344,116,3,203,4,target:Rabbit:144
2540,reproduce,Camel,252,131,2,115,6,offspring:1
2540,reproduce,Rabbit,654,4,2,230,8,offspring:2
2541,hunt_start,Sectid,344,116,3,203,5,target:Rabbit:144
2542,hunt_start,Sectid,344,116,1,203,6,target:Rabbit:144
2542,hunt_start,Arctic Fox,480,175,6,21,2,target:Penguin:268
2543,hunt_start,Sectid,344,116,0,203,5,target:Rabbit:144
2544,hunt_start,Sectid,344,116,0,203,3,target:Rabbit:144
2545,hunt_start,Sectid,344,116,1,203,2,target:Rabbit:144
2546,hunt_start,Sectid,344,116,1,203,0,target:Rabbit:144
2547,hunt_start,Sectid,344,115,9,203,0,target:Rabbit:144
2548,hunt_start,Sectid,344,116,0,203,0,target:Rabbit:144
2549,hunt_start,Sectid,344,116,1,202,9,target:Rabbit:144
2550,hunt_start,Sectid,344,116,3,202,9,target:Rabbit:144
2551,hunt_start,Sectid,344,116,3,203,1,target:Rabbit:144
2552,hunt_start,Sectid,344,116,1,203,0,target:Rabbit:144
2553,hunt_start,Sectid,344,116,0,203,2,target:Rabbit:144
2553,spore_matured,Shroomer,-1,3,2,165,0,
2553,reproduce,Shroomer,-1,3,2,165,0,offspring:1
2554,hunt_start,Sectid,344,115,9,203,2,target:Rabbit:144
2555,hunt_start,Sectid,344,115,9,203,1,target:Rabbit:144
2556,hunt_start,Sectid,344,116,0,203,1,target:Rabbit:144
2557,hunt_start,Sectid,344,116,2,203,1,target:Rabbit:144
2558,hunt_start,Sectid,344,116,3,203,2,target:Rabbit:144
2559,hunt_start,Sectid,344,116,2,203,1,target:Rabbit:144
2560,hunt_start,Sectid,344,116,1,202,9,target:Rabbit:144
2561,hunt_start,Sectid,344,116,1,202,7,target:Rabbit:144
2562,hunt_start,Sectid,344,116,1,202,6,target:Rabbit:144
2563,hunt_start,Sectid,344,116,1,202,7,target:Rabbit:144
2563,hunt_fail,Fox,445,171,3,118,5,discomfort
2563,hunt_fail,Fox,447,235,7,218,0,discomfort
2564,starvation,Fish,598,254,3,129,7,
2564,hunt_start,Sectid,344,116,3,202,7,target:Rabbit:144
2565,hunt_start,Sectid,344,116,2,202,6,target:Rabbit:144
2565,hunt_start,Jaguar,487,58,0,249,2,target:Tapir:363
2566,hunt_start,Sectid,344,116,2,202,8,target:Rabbit:144
2567,hunt_start,Sectid,344,116,0,202,8,target:Rabbit:144
2568,hunt_start,Sectid,344,116,2,202,8,target:Rabbit:144
2569,hunt_start,Sectid,344,116,0,202,8,target:Rabbit:144
2570,hunt_start,Sectid,344,116,2,202,9,target:Rabbit:144
2571,hunt_start,Sectid,344,116,2,202,8,target:Rabbit:144
2572,hunt_start,Sectid,344,116,3,202,9,target:Rabbit:144
2573,hunt_start,Sectid,344,116,3,202,7,target:Rabbit:144
2574,starvation,Hawk,464,284,5,138,7,
2574,hunt_start,Sectid,344,116,1,202,6,target:Rabbit:144
2574,kill,Tapir,363,57,0,252,3,killed_by:Jaguar:487
2574,reproduce,Tapir,28,72,1,264,8,offspring:1
2574,reproduce,Tapir,143,53,8,262,7,offspring:1
2574,reproduce,Tapir,361,83,0,260,9,offspring:1
2574,reproduce,Tapir,362,75,7,266,1,offspring:1
2574,reproduce,Tapir,364,71,0,262,0,offspring:1
2574,reproduce,Jaguar,487,57,3,251,4,offspring:1
2575,hunt_start,Sectid,344,116,3,202,7,target:Rabbit:144
2575,hunt_start,Jaguar,487,57,2,251,6,target:Tapir:666
2575,hunt_start,Jaguar,768,60,0,253,0,target:Tapir:666
2576,hunt_start,Sectid,344,116,2,202,5,target:Rabbit:144
2577,hunt_start,Sectid,344,116,3,202,6,target:Rabbit:144
2578,hunt_start,Sectid,344,116,2,202,5,target:Rabbit:144
2579,hunt_start,Sectid,344,116,3,202,5,target:Rabbit:144
2579,spore_created,Shroomer,-1,230,6,118,0,
2579,spore_created,Shroomer,-1,223,6,114,9,
2580,hunt_start,Sectid,344,116,1,202,4,target:Rabbit:144
2581,hunt_start,Sectid,344,116,2,202,2,target:Rabbit:144
2581,hunt_start,Wolf,433,98,8,114,4,target:Penguin:56
2582,hunt_start,Sectid,344,116,2,202,4,target:Rabbit:144
2582,hunt_fail,Fox,443,129,8,65,3,discomfort
2583,hunt_start,Sectid,344,116,2,202,3,target:Rabbit:144
2584,hunt_start,Sectid,344,116,3,202,2,target:Rabbit:144
2585,environment_death,Lizard,248,32,6,251,6,drowning
2585,hunt_fail,Hawk,129,27,9,251,1,target_died
2585,hunt_start,Hawk,129,27,9,251,1,target:Monkey:98
2585,hunt_start,Sectid,344,116,3,202,1,target:Rabbit:144
2586,hunt_start,Sectid,344,116,4,202,1,target:Rabbit:144
2586,kill,Sectid,344,116,4,202,1,killed_by:Boar:745
2587,hunt_fail,Boar,744,116,8,202,1,target_died
2593,starvation,Fish,676,260,4,196,5,
2593,starvation,Fish,677,241,3,183,7,
2596,hunt_start,Sectid,25,94,8,159,7,target:Lizard:594
2600,starvation,Fish,599,239,4,181,9,
2600,reproduce,Fish,348,220,1,164,7,offspring:2
2600,reproduce,Fish,710,219,7,165,6,offspring:2
2601,reproduce,Deer,490,183,8,191,1,offspring:1
2606,reproduce,Camel,263,168,5,257,1,offspring:1
2607,reproduce,Boar,458,265,0,203,9,offspring:2
2609,reproduce,Monkey,98,29,9,241,4,offspring:1
2614,hunt_fail,Wolf,434,98,8,109,6,discomfort
2618,hunt_fail,Snake,475,287,4,250,5,target_died
2624,reproduce,Musk Ox,236,56,0,121,2,offspring:1
2635,hunt_fail,Jaguar,487,53,4,256,5,discomfort
2637,hunt_start,Fox,444,278,8,264,2,target:Lizard:246
2641,hunt_start,Wolf,432,221,1,251,6,target:Rabbit:123
2642,hunt_start,Snake,475,286,9,250,2,target:Lizard:683
2643,hunt_start,Arctic Fox,484,235,7,112,8,target:Shroomer:769
2645,hunt_fail,Wolf,439,120,7,106,0,discomfort
2645,reproduce,Elk,202,-0,0,87,9,offspring:1
2662,starvation,Fish,563,143,5,147,5,
2663,environment_death,Shroomer,124,234,5,110,6,drowning
2663,hunt_fail,Wolf,435,98,9,109,5,discomfort
2666,kill,Penguin,268,184,8,18,2,killed_by:Arctic Fox:480
2667,hunt_start,Arctic Fox,480,184,6,18,2,target:Penguin:738
2672,hunt_fail,Wolf,433,99,5,108,7,discomfort
2673,hunt_start,Fox,447,231,1,220,0,target:Fish:106
2686,hunt_start,Boar,739,95,8,271,7,target:Monkey:533
2689,kill,Rabbit,89,101,7,31,9,killed_by:Arctic Fox:709
2694,kill,Rabbit,695,87,7,98,9,killed_by:Hawk:468
2695,hunt_start,Hawk,468,87,7,99,1,target:Rabbit:110
2697,kill,Lizard,594,88,0,176,5,killed_by:Sectid:23
2698,hunt_start,Sectid,23,88,3,175,9,target:Lizard:535
2698,hunt_fail,Sectid,25,88,2,176,2,target_died
2702,hunt_start,Arctic Fox,709,101,3,31,0,target:Rabbit:138
2703,reproduce,Wolf,431,224,0,249,4,offspring:1
2704,hunt_start,Jaguar,486,99,7,150,3,target:Lizard:564
2704,hunt_start,Wolf,563,224,2,251,6,target:Rabbit:123
2706,kill,Rabbit,137,29,8,234,8,killed_by:Hawk:413
2706,hunt_start,Fox,440,268,7,46,4,target:Lizard:609
2706,reproduce,Frog,503,235,4,64,0,offspring:2
2707,hunt_start,Hawk,413,30,4,234,5,target:Monkey:98
2707,hunt_fail,Hawk,465,30,0,234,7,target_died
2707,hunt_start,Hawk,465,30,0,234,7,target:Monkey:98
2710,reproduce,Lizard,243,192,0,13,8,offspring:2
2719,reproduce,Camel,266,126,8,142,0,offspring:1
2719,reproduce,Musk Ox,310,43,0,96,0,offspring:1
2720,reproduce,Wolf,430,224,1,248,4,offspring:1
2721,hunt_start,Wolf,776,223,1,248,2,target:Rabbit:123
2728,kill,Shroomer,769,229,3,119,9,killed_by:Arctic Fox:484
2729,hunt_start,Arctic Fox,484,229,4,119,8,target:Shroomer:770
2736,starvation,Rabbit,94,245,1,92,2,
2751,spore_matured,Shroomer,-1,223,6,114,2,
2751,reproduce,Shroomer,-1,223,6,114,2,offspring:1
2752,hunt_fail,Arctic Fox,484,227,8,118,2,target_died
2758,environment_death,Lizard,244,186,5,33,8,drowning
2758,hunt_fail,Sectid,7,54,0,272,1,discomfort
2763,kill,Tapir,666,51,2,258,7,killed_by:Jaguar:768
2766,hunt_fail,Wolf,436,112,1,116,5,discomfort
2769,environment_death,Musk Ox,302,238,2,89,2,drowning
2778,reproduce,Penguin,267,155,4,28,1,offspring:1
2780,kill,Rabbit,123,228,7,240,9,killed_by:Wolf:431
2781,hunt_fail,Wolf,430,229,1,241,7,target_died
2781,hunt_start,Wolf,430,229,1,241,7,target:Rabbit:120
2781,hunt_fail,Wolf,432,228,5,241,5,target_died
2781,hunt_fail,Wolf,563,228,1,244,4,target_died
2781,hunt_start,Wolf,563,228,1,244,4,target:Rabbit:120
2781,hunt_fail,Wolf,776,227,3,243,4,target_died
2781,hunt_start,Wolf,776,227,3,243,4,target:Rabbit:120
2784,reproduce,Elk,572,29,6,110,2,offspring:1
2785,kill,Monkey,98,16,6,229,6,killed_by:Hawk:129
2785,reproduce,Hawk,129,17,0,229,7,offspring:1
2786,hunt_start,Hawk,129,16,9,229,7,target:Rabbit:657
2786,hunt_start,Hawk,244,17,4,229,7,target:Rabbit:657
2786,hunt_fail,Hawk,413,18,7,230,3,target_died
2786,hunt_start,Hawk,413,18,7,230,3,target:Rabbit:657
2786,hunt_fail,Wolf,439,116,2,105,5,discomfort
2786,hunt_fail,Hawk,465,18,0,230,1,target_died
2786,hunt_start,Hawk,465,18,0,230,1,target:Rabbit:657
2787,starvation,Penguin,271,168,9,7,6,
2787,hunt_start,Arctic Fox,483,114,5,93,4,target:Penguin:90
2788,reproduce,Rabbit,699,31,9,221,9,offspring:2
2809,reproduce,Lizard,245,192,0,7,3,offspring:2
2811,kill,Penguin,738,177,5,30,7,killed_by:Arctic Fox:480
2812,hunt_start,Arctic Fox,480,177,6,30,5,target:Penguin:705
2826,hunt_start,Jaguar,487,59,6,256,1,target:Tapir:143
2832,hunt_start,Fox,443,135,8,63,6,target:Lizard:238
2832,hunt_start,Jaguar,768,52,0,258,7,target:Tapir:464
2834,kill,Rabbit,110,84,5,105,6,killed_by:Hawk:468
2835,hunt_start,Hawk,468,84,4,105,8,target:Rabbit:18
2837,hunt_fail,Jaguar,486,97,2,151,3,discomfort
2843,hunt_fail,Sectid,6,52,9,271,2,discomfort
2845,starvation,Fish,692,262,4,224,7,
2845,hunt_fail,Snake,474,138,9,147,3,discomfort
2846,hunt_start,Wolf,439,115,0,102,1,target:Penguin:279
2854,reproduce,Boar,455,25,3,150,5,offspring:2
2860,hunt_fail,Sectid,3,53,9,272,1,discomfort
2863,starvation,Elk,220,205,4,11,8,
2863,kill,Penguin,285,118,2,125,5,killed_by:Wolf:641
2863,reproduce,Penguin,90,105,6,97,5,offspring:1
2863,reproduce,Penguin,280,98,2,93,9,offspring:1
2863,reproduce,Penguin,502,69,8,122,6,offspring:1
2870,kill,Rabbit,120,229,8,236,3,killed_by:Wolf:432
2870,hunt_start,Wolf,436,116,4,119,0,target:Camel:567
2870,hunt_start,Jaguar,623,59,0,141,8,target:Frog:587
2871,hunt_fail,Wolf,430,229,9,237,6,target_died
2871,hunt_start,Wolf,430,229,9,237,6,target:Rabbit:122
2871,hunt_fail,Wolf,431,230,3,236,4,target_died
2871,hunt_fail,Wolf,563,229,5,236,4,target_died
2871,hunt_start,Wolf,563,229,5,236,4,target:Rabbit:122
2871,hunt_fail,Wolf,776,230,0,235,9,target_died
2871,hunt_start,Wolf,776,230,0,235,9,target:Rabbit:122
2875,hunt_fail,Sectid,6,52,9,271,2,discomfort
2875,hunt_start,Wolf,437,195,8,100,4,target:Lizard:230
2883,hunt_fail,Wolf,434,102,0,115,9,discomfort
2885,reproduce,Boar,540,169,3,239,1,offspring:2
2885,spore_created,Shroomer,-1,266,2,49,1,
2885,spore_created,Shroomer,-1,280,0,55,6,
2886,kill,Rabbit,122,229,8,236,1,killed_by:Wolf:432
2887,hunt_fail,Wolf,430,230,2,237,6,target_died
2887,hunt_fail,Wolf,431,230,1,236,1,target_died
2887,hunt_start,Wolf,432,229,6,236,4,target:Rabbit:119
2887,hunt_fail,Wolf,563,229,2,236,0,target_died
2887,hunt_start,Wolf,563,229,2,236,0,target:Rabbit:119
2887,hunt_fail,Wolf,776,229,7,235,6,target_died
2887,hunt_start,Wolf,776,229,7,235,6,target:Rabbit:119
2890,hunt_fail,Scorpion,470,127,4,65,9,discomfort
2892,starvation,Sectid,24,109,1,175,1,
2892,hunt_start,Arctic Fox,601,75,5,13,4,target:Rabbit:728
2894,hunt_fail,Wolf,434,102,5,115,6,discomfort
2904,hunt_fail,Wolf,433,102,1,114,8,discomfort
2905,kill,Rabbit,657,17,5,210,3,killed_by:Hawk:465
2906,hunt_fail,Hawk,129,17,5,210,5,target_died
2906,hunt_start,Hawk,129,17,5,210,5,target:Rabbit:656
2906,hunt_fail,Hawk,244,17,9,210,7,target_died
2906,hunt_start,Hawk,244,17,9,210,7,target:Rabbit:656
2906,hunt_fail,Hawk,413,17,7,211,4,target_died
2906,hunt_start,Hawk,413,17,7,211,4,target:Rabbit:699
2906,hunt_start,Hawk,465,17,6,211,0,target:Rabbit:656
2913,hunt_fail,Sectid,3,53,9,272,1,discomfort
2914,hunt_fail,Sectid,6,52,9,271,2,discomfort
2914,hunt_fail,Fox,443,128,5,59,4,discomfort
2914,reproduce,Penguin,277,166,0,17,3,offspring:1
2917,hunt_fail,Wolf,439,109,0,104,9,discomfort
2922,hunt_fail,Wolf,434,103,3,115,4,discomfort
2923,hunt_fail,Fox,440,268,3,69,4,discomfort
2925,hunt_fail,Arctic Fox,480,178,1,42,5,discomfort
2928,hunt_fail,Wolf,435,106,9,115,5,discomfort
2934,hunt_fail,Fox,444,280,3,233,7,discomfort
2938,reproduce,Elk,193,160,0,268,4,offspring:1
2945,hunt_fail,Wolf,433,102,3,115,4,discomfort
2948,hunt_start,Wolf,97,194,5,254,5,target:Parrot:365
2948,hunt_start,Snake,474,140,0,146,6,target:Lizard:172
2948,reproduce,Monkey,547,273,2,96,0,offspring:1
2948,reproduce,Monkey,626,283,3,63,5,offspring:1
2958,kill,Rabbit,119,233,3,239,8,killed_by:Wolf:430
2958,reproduce,Rabbit,19,241,9,244,9,offspring:2
2958,reproduce,Rabbit,121,254,2,255,4,offspring:2
2958,reproduce,Rabbit,592,241,4,237,5,offspring:2
2958,reproduce,Rabbit,593,253,0,224,5,offspring:2
2961,environment_death,Lizard,246,278,2,227,7,drowning
2966,environment_death,Tapir,359,165,4,165,8,drowning
2967,reproduce,Parrot,349,248,6,192,0,offspring:1
2969,kill,Lizard,535,80,5,197,3,killed_by:Sectid:23
2970,hunt_start,Sectid,23,80,8,197,0,target:Lizard:519
2970,hunt_fail,Sectid,25,81,0,196,8,target_died
2973,reproduce,Deer,66,187,8,30,7,offspring:1
2976,kill,Rabbit,138,96,9,3,9,killed_by:Arctic Fox:709
2977,hunt_start,Arctic Fox,709,97,0,4,2,target:Rabbit:665
2979,hunt_fail,Wolf,433,102,8,115,3,discomfort
2979,kill,Penguin,90,101,5,99,4,killed_by:Arctic Fox:483
2980,hunt_start,Arctic Fox,483,101,8,99,3,target:Penguin:746
2980,spore_created,Shroomer,-1,230,3,200,5,
2980,spore_created,Shroomer,-1,226,9,205,8,
2982,hunt_fail,Snake,474,140,1,147,4,discomfort
2984,starvation,Lizard,554,161,7,288,0,
2984,hunt_fail,Wolf,436,111,6,116,2,discomfort
2984,hunt_fail,Wolf,537,161,4,285,9,target_died
2984,reproduce,Deer,65,184,9,27,4,offspring:1
2986,hunt_start,Polar Bear,544,243,0,87,7,target:Musk Ox:303
2994,environment_death,Elk,225,46,2,72,5,drowning
2995,reproduce,Rabbit,102,260,1,125,6,offspring:2
2995,reproduce,Rabbit,104,270,0,117,4,offspring:2
3000,reproduce,Camel,522,25,6,166,6,offspring:1
3009,starvation,Rabbit,92,246,7,95,1,
3010,hunt_fail,Wolf,433,103,1,116,0,discomfort
3010,hunt_fail,Wolf,434,104,3,114,9,discomfort
3014,hunt_start,Arctic Fox,480,180,0,41,1,target:Frog:156
3023,hunt_start,Bear,463,261,2,39,1,target:Shroomer:777
3031,hunt_fail,Fox,447,208,9,242,0,discomfort
3040,kill,Rabbit,18,65,7,128,3,killed_by:Hawk:468
3041,hunt_start,Hawk,468,65,9,128,1,target:Penguin:220
3043,hunt_fail,Wolf,437,189,6,115,9,discomfort
3043,hunt_start,Fox,444,283,6,237,0,target:Lizard:247
3048,kill,Deer,70,50,5,140,3,killed_by:Jaguar:573
3049,hunt_start,Jaguar,573,50,7,141,1,target:Deer:69
3054,hunt_fail,Wolf,438,188,9,115,9,discomfort
3057,spore_matured,Shroomer,-1,266,1,49,1,
3057,reproduce,Shroomer,-1,266,1,49,1,offspring:1
3057,spore_matured,Shroomer,-1,280,0,55,6,
3057,reproduce,Shroomer,-1,280,0,55,6,offspring:1
3058,hunt_fail,Bear,463,262,2,41,1,target_died
3058,hunt_start,Bear,463,262,2,41,1,target:Shroomer:92
3059,kill,Frog,587,52,4,141,9,killed_by:Jaguar:623
3060,hunt_start,Jaguar,623,53,1,141,7,target:Deer:69
3064,starvation,Sectid,4,55,8,272,9,
3066,environment_death,Musk Ox,307,239,7,89,6,drowning
3073,reproduce,Deer,491,96,0,45,6,offspring:1
3078,environment_death,Lizard,230,191,8,122,0,drowning
3078,hunt_fail,Jaguar,386,189,3,115,1,target_died
3078,hunt_start,Jaguar,386,189,3,115,1,target:Fish:261
3078,reproduce,Lizard,160,151,3,112,6,offspring:2
3078,reproduce,Lizard,621,146,1,121,0,offspring:2
3080,hunt_start,Wolf,433,103,2,119,9,target:Camel:29
3084,kill,Musk Ox,303,246,4,91,8,killed_by:Polar Bear:544
3085,hunt_fail,Arctic Fox,483,102,9,106,7,discomfort
3086,reproduce,Deer,78,184,9,164,9,offspring:1
3091,kill,Rabbit,656,48,8,209,0,killed_by:Hawk:244
3092,hunt_fail,Hawk,129,48,2,209,0,target_died
3092,hunt_fail,Hawk,465,47,0,209,1,target_died
3092,hunt_start,Hawk,465,47,0,209,1,target:Rabbit:302
3100,hunt_fail,Wolf,439,116,2,104,4,discomfort
3100,reproduce,Parrot,118,256,0,248,2,offspring:1
3101,hunt_start,Fox,440,277,4,68,8,target:Lizard:37
3104,starvation,Frog,393,233,4,50,8,
3109,reproduce,Parrot,339,253,0,191,9,offspring:1
3112,hunt_start,Hawk,129,48,1,209,0,target:Rabbit:302
3112,kill,Tapir,464,60,4,265,4,killed_by:Jaguar:768
3114,reproduce,Camel,254,123,6,112,1,offspring:1
3116,hunt_start,Snake,474,138,3,146,8,target:Lizard:622
3123,reproduce,Penguin,270,146,2,9,0,offspring:1
3125,starvation,Sectid,3,54,8,272,3,
3127,hunt_start,Crocodile,538,130,3,126,0,target:Camel:567
3132,kill,Frog,156,178,3,33,0,killed_by:Arctic Fox:480
3133,hunt_start,Arctic Fox,480,178,1,33,1,target:Penguin:524
3137,hunt_fail,Wolf,439,114,0,106,4,discomfort
3140,hunt_start,Fox,447,210,2,245,0,target:Parrot:586
3152,spore_matured,Shroomer,-1,227,6,205,9,
3152,reproduce,Shroomer,-1,227,6,205,9,offspring:1
3152,spore_matured,Shroomer,-1,230,3,200,5,
3152,reproduce,Shroomer,-1,230,3,200,5,offspring:1
3154,kill,Rabbit,699,40,3,239,8,killed_by:Hawk:413
3155,hunt_start,Hawk,413,40,1,239,6,target:Rabbit:731
3162,kill,Penguin,220,75,3,118,4,killed_by:Hawk:468
3163,hunt_start,Hawk,468,75,1,118,5,target:Rabbit:761
3169,kill,Rabbit,728,106,0,27,5,killed_by:Arctic Fox:601
3169,reproduce,Rabbit,86,97,2,31,0,offspring:2
3169,reproduce,Rabbit,665,77,4,15,7,offspring:2
3169,reproduce,Rabbit,726,75,9,10,7,offspring:2
3169,reproduce,Rabbit,729,96,7,35,1,offspring:2
3170,kill,Rabbit,119,255,7,255,2,killed_by:Wolf:431
3171,hunt_fail,Wolf,430,254,5,254,3,target_died
3171,hunt_start,Wolf,430,254,5,254,3,target:Rabbit:780
3171,hunt_fail,Wolf,432,253,3,253,5,target_died
3171,hunt_fail,Wolf,563,249,9,251,6,target_died
3171,hunt_start,Wolf,563,249,9,251,6,target:Rabbit:780
3171,hunt_fail,Wolf,776,249,1,250,1,target_died
3171,hunt_start,Wolf,776,249,1,250,1,target:Rabbit:780
3174,hunt_start,Arctic Fox,601,105,7,27,3,target:Rabbit:86
3177,starvation,Penguin,526,158,0,6,9,
3183,reproduce,Tapir,368,176,5,271,9,offspring:1
3183,reproduce,Tapir,369,190,1,246,9,offspring:1
3183,reproduce,Tapir,403,191,0,283,0,offspring:1
3185,hunt_fail,Sectid,5,52,9,271,3,discomfort
3186,reproduce,Monkey,533,64,0,262,6,offspring:1
3189,hunt_fail,Wolf,439,113,8,105,6,discomfort
3190,reproduce,Boar,697,119,8,208,0,offspring:2
3192,reproduce,Monkey,332,121,7,263,5,offspring:1
3192,reproduce,Monkey,531,64,0,231,2,offspring:1
3201,hunt_fail,Fox,440,286,7,64,6,discomfort
3202,reproduce,Deer,490,184,1,187,3,offspring:1
3203,spore_created,Shroomer,-1,17,5,168,8,
3203,spore_created,Shroomer,-1,12,3,172,7,
3205,spore_created,Shroomer,-1,249,3,192,7,
3205,spore_created,Shroomer,-1,249,1,190,5,
3212,reproduce,Lizard,569,119,8,30,9,offspring:2
3212,reproduce,Lizard,611,121,7,29,0,offspring:2
3221,hunt_start,Hawk,467,33,7,34,0,target:Lizard:241
3243,kill,Shroomer,92,266,9,50,8,killed_by:Bear:463
3244,hunt_start,Bear,463,266,6,50,2,target:Shroomer:399
3251,hunt_start,Wolf,439,115,2,102,3,target:Penguin:287
3256,reproduce,Rabbit,730,48,9,230,3,offspring:2
3257,reproduce,Lizard,111,84,2,159,8,offspring:2
3260,hunt_start,Hawk,244,51,9,213,8,target:Rabbit:730
3260,kill,Camel,29,92,0,130,4,killed_by:Wolf:433
3261,hunt_fail,Wolf,436,92,7,129,6,target_died
3271,reproduce,Deer,672,194,8,168,0,offspring:1
3276,kill,Penguin,524,162,9,27,5,killed_by:Arctic Fox:480
3277,hunt_start,Arctic Fox,480,163,2,27,6,target:Penguin:267
3289,reproduce,Boar,700,20,9,147,0,offspring:2
3289,reproduce,Boar,701,2,3,170,0,offspring:2
3290,hunt_start,Boar,701,2,3,170,0,target:Shroomer:757
3290,hunt_start,Boar,811,0,2,167,9,target:Shroomer:757
3290,hunt_start,Boar,812,0,2,167,9,target:Shroomer:757
3291,reproduce,Lizard,564,81,0,160,0,offspring:2
3299,kill,Rabbit,302,21,1,227,5,killed_by:Hawk:129
3300,hunt_start,Hawk,129,21,6,227,1,target:Rabbit:654
3300,hunt_fail,Hawk,465,21,3,227,3,target_died
3300,hunt_start,Hawk,465,21,3,227,3,target:Rabbit:654
3308,hunt_fail,Fox,444,281,1,260,4,discomfort
3312,hunt_fail,Wolf,439,109,7,99,1,discomfort
3317,hunt_start,Jaguar,485,262,4,279,9,target:Rabbit:737
3320,kill,Camel,567,123,6,123,1,killed_by:Crocodile:538
3323,spore_matured,Shroomer,-1,17,2,168,3,
3323,reproduce,Shroomer,-1,17,2,168,3,offspring:1
3328,reproduce,Parrot,690,257,7,191,9,offspring:1
3330,hunt_start,Polar Bear,478,81,5,60,0,target:Deer:82
3341,kill,Rabbit,780,246,7,271,3,killed_by:Wolf:431
3341,reproduce,Rabbit,654,14,3,237,3,offspring:2
3342,hunt_fail,Wolf,430,247,3,269,5,prey_escaped
3342,hunt_start,Wolf,430,247,3,269,5,target:Rabbit:121
3342,hunt_fail,Wolf,432,247,4,270,3,prey_escaped
3342,hunt_fail,Wolf,563,247,2,270,9,prey_escaped
3342,hunt_start,Wolf,563,247,2,270,9,target:Rabbit:121
3342,hunt_fail,Wolf,776,247,6,267,9,prey_escaped
3342,hunt_start,Wolf,776,247,6,267,9,target:Rabbit:121
3351,kill,Shroomer,399,270,7,47,7,killed_by:Bear:463
3352,hunt_start,Bear,463,270,1,48,2,target:Shroomer:398
3355,spore_matured,Shroomer,-1,249,3,192,9,
3355,reproduce,Shroomer,-1,249,3,192,9,offspring:1
3355,spore_matured,Shroomer,-1,249,1,190,2,
3355,reproduce,Shroomer,-1,249,1,190,2,offspring:1
3358,kill,Rabbit,665,63,2,24,0,killed_by:Arctic Fox:709
3359,reproduce,Rabbit,580,222,4,225,9,offspring:2
3362,reproduce,Elk,16,175,6,284,0,offspring:1
3362,reproduce,Elk,401,190,6,281,8,offspring:1
3362,reproduce,Elk,545,180,9,281,5,offspring:1
3362,reproduce,Elk,551,171,7,245,1,offspring:1
3363,kill,Rabbit,761,77,1,93,6,killed_by:Hawk:468
3363,reproduce,Rabbit,107,70,5,109,2,offspring:2
3363,reproduce,Rabbit,214,72,1,102,3,offspring:2
3363,reproduce,Hawk,468,77,4,93,5,offspring:1
3364,hunt_start,Hawk,468,77,3,93,4,target:Rabbit:760
3364,hunt_start,Hawk,822,80,3,90,1,target:Rabbit:762
3366,starvation,Rabbit,93,252,6,101,1,
3367,kill,Rabbit,121,247,9,271,5,killed_by:Wolf:432
3367,reproduce,Rabbit,737,256,8,267,8,offspring:2
3369,hunt_fail,Fox,447,230,8,230,7,discomfort
3369,reproduce,Monkey,12,99,5,204,8,offspring:1
3369,reproduce,Boar,36,82,0,284,5,offspring:2
3369,reproduce,Boar,154,95,0,263,2,offspring:2
3375,spore_matured,Shroomer,-1,12,3,172,7,
3375,reproduce,Shroomer,-1,12,3,172,7,offspring:1
3385,reproduce,Deer,67,192,0,16,0,offspring:1
3388,kill,Shroomer,757,5,0,165,8,killed_by:Boar:701
3389,hunt_fail,Boar,811,4,6,165,4,target_died
3389,hunt_fail,Boar,812,4,3,165,8,target_died
3390,starvation,Sectid,5,54,0,271,7,
3391,kill,Lizard,519,74,3,209,2,killed_by:Sectid:25
3392,hunt_fail,Sectid,23,74,8,208,8,target_died
3392,hunt_start,Sectid,23,74,8,208,8,target:Lizard:518
3395,reproduce,Monkey,658,0,8,192,0,offspring:1
3396,hunt_start,Fox,443,139,9,63,0,target:Lizard:516
3403,hunt_start,Fox,444,278,7,262,3,target:Lizard:247
3410,starvation,Shroomer,402,87,8,130,7,
3412,environment_death,Shroomer,376,236,2,108,1,drowning
3413,environment_death,Deer,69,30,8,141,5,drowning
3413,hunt_fail,Jaguar,573,34,0,140,1,target_died
3413,hunt_fail,Jaguar,623,37,6,140,4,target_died
3413,reproduce,Deer,43,19,0,175,5,offspring:1
3413,reproduce,Deer,44,33,6,170,2,offspring:1
3413,reproduce,Sectid,-1,107,9,176,0,offspring:1
3414,hunt_start,Sectid,402,107,9,176,0,target:Lizard:237
3415,reproduce,Elk,202,-0,0,95,3,offspring:1
3418,reproduce,Monkey,130,64,0,272,2,offspring:1
3425,starvation,Fish,691,246,8,179,1,
3427,kill,Rabbit,654,9,1,244,5,killed_by:Hawk:129
3428,hunt_start,Hawk,129,9,5,244,0,target:Rabbit:799
3428,hunt_fail,Hawk,465,9,2,244,3,target_died
3428,hunt_start,Hawk,465,9,2,244,3,target:Rabbit:799
3449,hunt_fail,Arctic Fox,480,149,4,38,0,discomfort
3451,reproduce,Camel,33,135,7,144,6,offspring:1
3454,hunt_fail,Sectid,402,113,0,178,0,discomfort
3457,reproduce,Frog,503,235,4,64,0,offspring:2
3459,kill,Shroomer,398,273,9,46,5,killed_by:Bear:463
3459,reproduce,Bear,463,273,2,46,8,offspring:1
3460,hunt_start,Bear,398,271,1,48,5,target:Shroomer:397
3460,hunt_start,Bear,463,273,2,46,8,target:Shroomer:397
3460,kill,Rabbit,86,91,7,53,0,killed_by:Arctic Fox:601
3463,kill,Lizard,241,18,7,0,0,killed_by:Hawk:467
3463,hunt_start,Arctic Fox,483,101,3,112,8,target:Rabbit:109
3464,hunt_start,Hawk,467,18,8,0,0,target:Frog:719
3465,hunt_fail,Wolf,436,103,0,105,0,discomfort
3470,kill,Rabbit,730,50,1,247,1,killed_by:Hawk:244
3470,reproduce,Rabbit,646,94,9,233,6,offspring:2
3471,hunt_start,Hawk,244,50,1,246,8,target:Lizard:652
3471,hunt_start,Jaguar,486,97,1,149,9,target:Lizard:808
3473,hunt_start,Arctic Fox,601,91,3,52,5,target:Rabbit:729
3481,reproduce,Boar,458,258,7,219,4,offspring:2
3483,hunt_start,Jaguar,623,39,7,139,9,target:Frog:681
3484,hunt_start,Jaguar,768,69,3,268,7,target:Tapir:28
3489,starvation,Hawk,466,22,6,15,1,
3497,hunt_start,Wolf,433,89,5,142,8,target:Lizard:808
3500,reproduce,Polar Bear,544,245,0,92,1,offspring:1
3501,hunt_start,Polar Bear,466,244,6,94,5,target:Musk Ox:640
3501,hunt_start,Arctic Fox,480,147,6,38,5,target:Penguin:94
3501,hunt_start,Polar Bear,544,244,9,92,1,target:Musk Ox:640
3503,hunt_start,Boar,810,18,0,149,3,target:Shroomer:421
3506,hunt_start,Arctic Fox,484,233,1,119,6,target:Lizard:240
3512,hunt_start,Fox,447,235,6,231,0,target:Rabbit:592
3513,hunt_start,Wolf,641,109,8,121,6,target:Penguin:281
3514,starvation,Sectid,25,83,8,199,8,
3514,hunt_start,Wolf,435,124,6,120,3,target:Camel:252
3517,kill,Tapir,28,67,8,272,1,killed_by:Jaguar:768
3525,reproduce,Musk Ox,236,79,6,119,3,offspring:1
3530,reproduce,Parrot,349,244,8,190,8,offspring:1
3531,starvation,Deer,77,173,8,159,7,
3541,kill,Rabbit,760,59,1,108,0,killed_by:Hawk:468
3542,hunt_start,Hawk,468,59,3,107,8,target:Rabbit:492
3542,kill,Rabbit,762,86,4,116,4,killed_by:Hawk:822
3543,kill,Rabbit,799,3,3,227,1,killed_by:Hawk:465
3543,hunt_start,Hawk,822,86,4,116,2,target:Penguin:453
3544,hunt_fail,Hawk,129,3,5,227,7,target_died
3544,hunt_start,Hawk,129,3,5,227,7,target:Rabbit:780
3544,hunt_start,Hawk,465,3,5,227,2,target:Rabbit:780
3546,starvation,Arctic Fox,479,49,5,96,0,
3548,environment_death,Deer,76,175,0,163,9,drowning
3552,kill,Rabbit,121,274,2,264,5,killed_by:Wolf:431
3553,environment_death,Lizard,233,141,9,43,2,drowning
3553,hunt_fail,Wolf,430,272,7,264,1,target_died
3553,hunt_start,Wolf,430,272,7,264,1,target:Rabbit:93
3553,hunt_fail,Wolf,432,274,1,264,3,target_died
3553,hunt_fail,Wolf,563,266,8,265,4,target_died
3553,hunt_start,Wolf,563,266,8,265,4,target:Rabbit:93
3553,hunt_fail,Wolf,776,269,0,264,4,target_died
3553,hunt_start,Wolf,776,269,0,264,4,target:Rabbit:93
3564,kill,Tapir,628,50,4,287,9,killed_by:Sectid:7
3565,hunt_fail,Sectid,6,53,8,271,6,target_died
3565,hunt_start,Sectid,6,53,8,271,6,target:Monkey:69
3566,kill,Shroomer,397,270,2,42,8,killed_by:Bear:398
3567,hunt_start,Wolf,434,120,6,118,1,target:Camel:656
3567,hunt_fail,Bear,463,270,8,42,4,target_died
3571,hunt_fail,Polar Bear,478,85,0,51,8,discomfort
3572,hunt_start,Boar,811,7,9,166,2,target:Shroomer:800
3572,reproduce,Lizard,518,84,1,218,2,offspring:2
3572,reproduce,Lizard,534,85,5,207,6,offspring:2
3573,kill,Frog,719,4,2,0,0,killed_by:Hawk:467
3573,reproduce,Frog,136,31,6,5,2,offspring:2
3573,reproduce,Frog,212,44,5,5,4,offspring:2
3573,reproduce,Frog,414,25,5,11,3,offspring:2
3574,hunt_start,Hawk,467,4,3,0,0,target:Frog:720
3584,hunt_fail,Jaguar,486,95,0,150,0,discomfort
3586,starvation,Elk,216,213,5,18,5,
3588,reproduce,Penguin,278,163,9,15,7,offspring:1
3597,reproduce,Penguin,549,175,0,22,3,offspring:1
3599,hunt_fail,Arctic Fox,480,149,7,36,9,discomfort
3599,hunt_start,Boar,812,5,6,167,7,target:Shroomer:800
3601,kill,Lizard,652,47,4,263,6,killed_by:Hawk:244
3602,hunt_start,Hawk,244,47,4,263,4,target:Rabbit:731
3604,reproduce,Parrot,96,256,2,192,0,offspring:1
3609,starvation,Fox,446,42,5,98,9,
3614,spore_created,Shroomer,-1,51,9,97,3,
3614,spore_created,Shroomer,-1,47,9,90,4,
3618,reproduce,Camel,252,127,7,115,3,offspring:1
3626,reproduce,Deer,78,187,9,167,5,offspring:1
3632,hunt_fail,Sectid,23,93,7,190,1,prey_escaped
3634,kill,Musk Ox,640,244,6,83,7,killed_by:Polar Bear:544
3635,hunt_fail,Polar Bear,466,244,5,87,6,target_died
3635,hunt_start,Polar Bear,466,244,5,87,6,target:Musk Ox:698
3645,kill,Rabbit,109,99,0,99,8,killed_by:Arctic Fox:483
3646,hunt_start,Arctic Fox,483,98,7,100,0,target:Penguin:528
3648,reproduce,Parrot,135,236,5,192,0,offspring:1
3656,reproduce,Parrot,173,218,8,227,6,offspring:1
3656,reproduce,Parrot,340,215,3,235,6,offspring:1
3656,reproduce,Parrot,687,223,4,229,8,offspring:1
3656,reproduce,Parrot,689,196,7,238,0,offspring:1
3657,kill,Penguin,453,95,6,106,5,killed_by:Hawk:822
3657,reproduce,Penguin,56,91,5,103,3,offspring:1
3657,reproduce,Penguin,502,74,0,118,4,offspring:1
3657,reproduce,Penguin,527,93,6,96,6,offspring:1
3657,reproduce,Penguin,528,97,0,96,8,offspring:1
3658,hunt_start,Hawk,822,95,4,106,7,target:Rabbit:108
3675,kill,Camel,656,128,3,108,4,killed_by:Wolf:434
3676,hunt_start,Sectid,23,97,1,186,8,target:Lizard:237
3676,hunt_fail,Wolf,435,127,9,108,7,target_died
3676,hunt_start,Wolf,435,127,9,108,7,target:Camel:763
3676,hunt_fail,Wolf,439,127,4,108,3,target_died
3677,hunt_start,Boar,458,258,7,220,2,target:Rabbit:592
3687,hunt_start,Boar,830,261,4,222,6,target:Rabbit:592
3695,hunt_fail,Arctic Fox,484,244,9,140,4,discomfort
3698,reproduce,Monkey,332,123,7,265,3,offspring:1
3706,starvation,Arctic Fox,482,256,0,84,9,
3706,reproduce,Frog,124,241,2,62,9,offspring:2
3715,kill,Rabbit,93,262,4,243,8,killed_by:Wolf:431
3716,hunt_fail,Wolf,430,263,5,244,8,target_died
3716,hunt_start,Wolf,430,263,5,244,8,target:Rabbit:782
3716,hunt_fail,Wolf,432,262,7,243,6,target_died
3716,hunt_fail,Wolf,563,264,2,246,8,target_died
3716,hunt_start,Wolf,563,264,2,246,8,target:Rabbit:782
3716,hunt_fail,Wolf,776,263,6,245,4,target_died
3716,hunt_start,Wolf,776,263,6,245,4,target:Rabbit:782
3717,starvation,Parrot,415,41,3,286,0,
3717,starvation,Fox,445,171,5,118,9,
3719,starvation,Fox,443,134,0,104,2,
3721,kill,Musk Ox,698,241,1,85,4,killed_by:Polar Bear:466
3721,reproduce,Musk Ox,289,283,9,113,4,offspring:1
3721,reproduce,Musk Ox,290,282,1,114,0,offspring:1
3721,reproduce,Musk Ox,304,249,8,83,2,offspring:1
3724,starvation,Fish,712,239,5,182,4,
3732,hunt_fail,Sectid,7,54,4,276,4,discomfort
3734,kill,Shroomer,421,7,8,150,6,killed_by:Boar:810
3734,spore_matured,Shroomer,-1,47,7,90,3,
3734,reproduce,Shroomer,-1,47,7,90,3,offspring:1
3736,starvation,Fox,441,140,5,243,0,
3739,environment_death,Lizard,238,132,5,60,0,drowning
3739,reproduce,Turtle,183,259,8,234,9,offspring:1
3740,kill,Rabbit,492,86,8,111,7,killed_by:Hawk:468
3740,kill,Shroomer,800,9,8,173,9,killed_by:Boar:812
3740,reproduce,Rabbit,493,76,2,118,0,offspring:2
3741,hunt_start,Hawk,468,86,5,111,7,target:Penguin:427
3741,hunt_fail,Boar,811,10,3,173,8,target_died
3741,hunt_start,Boar,811,10,3,173,8,target:Shroomer:420
3749,starvation,Wolf,537,166,3,285,0,
3751,environment_death,Sectid,7,54,6,275,7,drowning
3752,hunt_start,Jaguar,486,92,6,153,3,target:Lizard:814
3755,hunt_fail,Fox,447,259,4,228,1,discomfort
3757,kill,Frog,720,36,2,7,4,killed_by:Hawk:467
3758,hunt_start,Hawk,467,36,1,7,4,target:Frog:479
3758,reproduce,Penguin,525,146,8,13,2,offspring:1
3758,reproduce,Penguin,685,154,2,18,7,offspring:1
3763,kill,Penguin,528,95,2,93,1,killed_by:Arctic Fox:483
3764,hunt_start,Arctic Fox,483,95,4,93,4,target:Penguin:838
3768,hunt_fail,Wolf,432,258,0,239,9,discomfort
3768,kill,Rabbit,108,94,9,98,5,killed_by:Hawk:822
3769,hunt_start,Hawk,822,94,7,98,7,target:Penguin:837
3779,starvation,Elk,221,211,9,15,9,
3784,hunt_fail,Jaguar,485,261,6,268,8,discomfort
3786,reproduce,Boar,540,167,8,242,7,offspring:2
3797,hunt_start,Sectid,6,62,7,260,6,target:Monkey:69
3797,hunt_fail,Boar,458,260,3,224,6,discomfort
3798,hunt_start,Sectid,6,62,7,260,4,target:Monkey:69
3798,hunt_fail,Wolf,431,258,6,238,0,discomfort
3799,hunt_start,Sectid,6,62,5,260,4,target:Monkey:69
3800,hunt_start,Sectid,6,62,6,260,3,target:Monkey:69
3801,hunt_start,Sectid,6,62,5,260,5,target:Monkey:69
3802,hunt_start,Sectid,6,62,5,260,3,target:Monkey:69
3803,hunt_start,Sectid,6,62,6,260,1,target:Monkey:69
3803,reproduce,Deer,489,136,8,1,5,offspring:1
3803,reproduce,Deer,490,179,1,191,5,offspring:1
3804,hunt_start,Sectid,6,62,5,260,3,target:Monkey:69
3805,hunt_start,Sectid,6,62,4,260,1,target:Monkey:69
3805,kill,Camel,763,134,5,114,5,killed_by:Wolf:434
3806,hunt_start,Sectid,6,62,5,259,9,target:Monkey:69
3806,hunt_fail,Wolf,435,133,6,113,6,target_died
3806,hunt_start,Wolf,435,133,6,113,6,target:Camel:832
3806,hunt_fail,Wolf,439,134,6,114,0,target_died
3807,hunt_start,Sectid,6,62,7,259,7,target:Monkey:69
3808,hunt_start,Sectid,6,62,6,260,0,target:Monkey:69
3809,hunt_start,Sectid,6,62,6,259,7,target:Monkey:69
3810,hunt_start,Sectid,6,62,7,259,9,target:Monkey:69
3811,hunt_start,Sectid,6,62,5,260,0,target:Monkey:69
3812,hunt_start,Sectid,6,62,5,259,7,target:Monkey:69
3813,hunt_start,Sectid,6,62,6,259,5,target:Monkey:69
3814,hunt_start,Sectid,6,62,8,259,6,target:Monkey:69
3815,hunt_start,Sectid,6,62,5,259,5,target:Monkey:69
3816,hunt_start,Sectid,6,62,7,259,3,target:Monkey:69
3817,hunt_start,Sectid,6,62,9,259,2,target:Monkey:69
3818,hunt_start,Sectid,6,62,7,259,2,target:Monkey:793
3819,hunt_start,Sectid,6,62,5,259,4,target:Monkey:69
3820,hunt_start,Sectid,6,62,6,259,1,target:Monkey:793
3821,hunt_start,Sectid,6,62,5,258,9,target:Monkey:793
3821,hunt_start,Crocodile,538,124,7,131,9,target:Lizard:622
3821,hunt_start,Arctic Fox,709,54,6,24,4,target:Lizard:242
3822,hunt_start,Sectid,6,62,4,259,1,target:Monkey:793
3822,hunt_fail,Wolf,432,256,9,239,3,discomfort
3823,hunt_start,Sectid,6,62,2,259,3,target:Monkey:793
3823,reproduce,Turtle,186,55,1,249,1,offspring:1
3824,hunt_start,Sectid,6,62,5,259,3,target:Monkey:69
3825,hunt_start,Sectid,6,62,6,259,1,target:Monkey:793
3825,hunt_fail,Wolf,431,258,3,237,2,discomfort
3826,hunt_start,Sectid,6,62,3,259,0,target:Monkey:793
3826,hunt_start,Polar Bear,477,233,7,118,1,target:Shroomer:13
3827,starvation,Fish,675,255,8,200,6,
3827,hunt_start,Sectid,6,62,6,259,1,target:Monkey:793
3828,hunt_start,Sectid,6,62,8,259,1,target:Monkey:69
3828,reproduce,Boar,739,63,8,263,5,offspring:2
3829,hunt_start,Sectid,6,62,7,259,3,target:Monkey:69
3829,hunt_start,Boar,528,66,5,265,4,target:Monkey:69
3829,kill,Lizard,622,123,6,134,8,killed_by:Crocodile:538
3829,hunt_start,Boar,720,66,5,265,4,target:Monkey:69
3829,hunt_start,Boar,739,63,8,263,5,target:Sectid:6
3830,hunt_start,Sectid,6,62,8,259,1,target:Monkey:69
3830,hunt_fail,Snake,474,126,4,133,7,target_died
3831,starvation,Arctic Fox,481,96,9,41,3,
3831,hunt_start,Sectid,6,63,0,258,9,target:Monkey:793
3832,hunt_start,Sectid,6,63,2,258,8,target:Monkey:793
3833,hunt_start,Sectid,6,63,3,258,6,target:Monkey:793
3834,hunt_start,Sectid,6,63,1,258,4,target:Monkey:793
3834,hunt_fail,Wolf,430,257,0,236,7,discomfort
3835,hunt_start,Sectid,6,63,4,258,5,target:Monkey:793
3836,hunt_start,Sectid,6,63,5,258,2,target:Monkey:793
3837,hunt_start,Sectid,6,63,7,258,2,target:Monkey:793
3838,hunt_start,Sectid,6,63,6,258,0,target:Monkey:793
3838,kill,Rabbit,729,75,5,17,6,killed_by:Arctic Fox:601
3839,hunt_start,Sectid,6,63,4,258,1,target:Monkey:793
3839,hunt_start,Arctic Fox,601,75,6,17,8,target:Rabbit:726
3840,starvation,Fish,106,232,5,217,5,
3840,hunt_start,Sectid,6,63,5,258,3,target:Monkey:793
3841,hunt_start,Sectid,6,63,7,258,5,target:Monkey:793
3842,hunt_start,Sectid,6,63,7,258,3,target:Monkey:793
3843,hunt_start,Sectid,6,64,0,258,3,target:Monkey:793
3844,hunt_start,Sectid,6,64,1,258,5,target:Monkey:793
3845,hunt_start,Sectid,6,64,0,258,3,target:Monkey:793
3846,hunt_start,Sectid,6,63,8,258,5,target:Monkey:793
3846,hunt_fail,Wolf,431,257,5,236,1,discomfort
3847,hunt_start,Sectid,6,63,8,258,2,target:Monkey:793
3848,hunt_start,Sectid,6,63,9,258,5,target:Monkey:793
3848,hunt_start,Fox,440,286,0,82,9,target:Lizard:229
3849,hunt_start,Sectid,6,63,9,258,2,target:Monkey:793
3850,hunt_start,Sectid,6,63,8,258,0,target:Monkey:793
3851,hunt_start,Sectid,6,63,6,258,2,target:Monkey:793
3852,hunt_start,Sectid,6,63,9,258,2,target:Monkey:793
3853,hunt_start,Sectid,6,64,1,258,2,target:Monkey:793
3853,reproduce,Camel,266,114,6,144,6,offspring:1
3854,hunt_start,Sectid,6,64,3,258,0,target:Monkey:793
3854,reproduce,Monkey,330,119,4,179,7,offspring:1
3855,hunt_start,Sectid,6,64,5,257,8,target:Monkey:793
3856,hunt_start,Sectid,6,64,3,257,7,target:Monkey:793
3857,hunt_start,Sectid,6,64,3,257,4,target:Monkey:793
3858,hunt_start,Sectid,6,64,1,257,6,target:Monkey:793
3859,hunt_start,Sectid,6,63,9,257,7,target:Monkey:793
3860,hunt_start,Sectid,6,64,1,257,6,target:Monkey:793
3861,hunt_start,Sectid,6,64,3,257,7,target:Monkey:793
3862,hunt_start,Sectid,6,64,5,257,8,target:Monkey:793
3863,hunt_start,Sectid,6,64,7,258,0,target:Monkey:793
3864,hunt_start,Sectid,6,64,7,257,7,target:Monkey:793
3865,hunt_start,Sectid,6,64,5,257,6,target:Monkey:793
3866,hunt_start,Sectid,6,64,6,257,4,target:Monkey:793
3867,hunt_start,Sectid,6,64,8,257,2,target:Monkey:793
3867,kill,Frog,479,33,2,-0,0,killed_by:Hawk:467
3867,kill,Penguin,427,98,5,103,8,killed_by:Hawk:468
3868,hunt_start,Sectid,6,64,7,257,0,target:Monkey:793
3868,hunt_start,Hawk,467,32,9,0,1,target:Frog:136
3868,kill,Penguin,837,95,0,89,1,killed_by:Hawk:822
3869,hunt_start,Sectid,6,65,0,257,1,target:Monkey:793
3869,reproduce,Penguin,384,128,0,15,4,offspring:1
3870,hunt_start,Sectid,6,65,2,257,0,target:Monkey:793
3871,hunt_start,Sectid,6,65,1,256,9,target:Monkey:793
3872,hunt_start,Sectid,6,65,1,256,7,target:Monkey:793
3872,hunt_start,Hawk,468,98,4,104,1,target:Penguin:281
3872,reproduce,Deer,672,195,8,172,1,offspring:1
3873,hunt_start,Sectid,6,65,2,256,6,target:Monkey:793
3874,hunt_start,Sectid,6,65,2,256,7,target:Monkey:793
3875,hunt_start,Sectid,6,65,1,256,8,target:Monkey:793
3876,hunt_start,Sectid,6,64,9,256,8,target:Monkey:793
3877,hunt_start,Sectid,6,64,9,256,7,target:Monkey:793
3878,hunt_start,Sectid,6,64,8,256,5,target:Monkey:793
3879,hunt_start,Sectid,6,64,8,256,4,target:Monkey:793
3880,hunt_start,Sectid,6,64,9,256,2,target:Monkey:793
3881,hunt_start,Sectid,6,65,1,256,2,target:Monkey:793
3882,hunt_start,Sectid,6,65,0,256,0,target:Monkey:793
3883,hunt_start,Sectid,6,65,0,256,2,target:Monkey:793
3884,hunt_start,Sectid,6,65,0,256,0,target:Monkey:793
3885,hunt_start,Sectid,6,65,0,255,9,target:Monkey:793
3886,hunt_start,Sectid,6,64,8,255,9,target:Monkey:793
3887,hunt_start,Sectid,6,65,0,255,9,target:Monkey:793
3888,hunt_start,Sectid,6,65,1,255,8,target:Monkey:793
3889,hunt_start,Sectid,6,64,9,255,8,target:Monkey:793
3889,hunt_start,Arctic Fox,480,153,4,36,1,target:Penguin:94
3889,hunt_start,Jaguar,768,81,5,274,8,target:Boar:36
3890,hunt_start,Sectid,6,64,9,255,7,target:Monkey:793
3891,hunt_start,Sectid,6,65,0,255,5,target:Monkey:793
3892,hunt_start,Sectid,6,65,1,255,5,target:Monkey:793
3893,hunt_start,Sectid,6,65,1,255,4,target:Monkey:793
3894,hunt_start,Sectid,6,64,9,255,5,target:Monkey:793
3895,hunt_start,Sectid,6,65,1,255,4,target:Monkey:793
3896,hunt_start,Sectid,6,64,9,255,4,target:Monkey:793
3896,kill,Penguin,838,102,5,90,3,killed_by:Arctic Fox:483
3896,reproduce,Penguin,619,95,9,86,8,offspring:1
3897,hunt_start,Sectid,6,64,8,255,4,target:Monkey:793
3897,hunt_start,Arctic Fox,483,102,2,90,4,target:Penguin:758
3897,reproduce,Rabbit,666,29,8,239,0,offspring:2
3898,hunt_start,Sectid,6,64,9,255,5,target:Monkey:793
3899,hunt_start,Sectid,6,64,8,255,5,target:Monkey:793
3899,kill,Shroomer,13,232,4,122,3,killed_by:Polar Bear:477
3900,hunt_start,Sectid,6,64,9,255,5,target:Monkey:793
3900,hunt_start,Polar Bear,477,232,6,121,6,target:Shroomer:377
3901,hunt_start,Sectid,6,65,1,255,6,target:Monkey:793
3902,hunt_start,Sectid,6,65,1,255,8,target:Monkey:793
3903,hunt_start,Sectid,6,65,2,255,7,target:Monkey:793
3903,hunt_fail,Wolf,430,255,9,235,6,discomfort
3904,hunt_start,Sectid,6,65,0,255,7,target:Monkey:793
3904,hunt_fail,Wolf,433,74,1,169,5,discomfort
3905,hunt_start,Sectid,6,65,2,255,7,target:Monkey:793
3906,hunt_start,Sectid,6,65,2,255,6,target:Monkey:793
3907,hunt_start,Sectid,6,65,1,255,5,target:Monkey:793
3908,hunt_start,Sectid,6,65,2,255,6,target:Monkey:793
3909,hunt_start,Sectid,6,65,4,255,6,target:Monkey:793
3910,hunt_start,Sectid,6,65,2,255,7,target:Monkey:793
3911,hunt_start,Sectid,6,65,1,255,6,target:Monkey:793
3912,hunt_start,Sectid,6,65,2,255,7,target:Monkey:793
3913,hunt_start,Sectid,6,65,4,255,7,target:Monkey:793
3914,hunt_start,Sectid,6,65,2,255,8,target:Monkey:793
3915,hunt_start,Sectid,6,65,1,255,7,target:Monkey:793
3916,hunt_start,Sectid,6,65,2,255,8,target:Monkey:793
3916,reproduce,Musk Ox,379,32,0,98,3,offspring:1
3917,hunt_start,Sectid,6,65,3,255,9,target:Monkey:793
3918,environment_death,Lizard,237,120,5,188,6,drowning
3918,hunt_start,Sectid,6,65,5,255,9,target:Monkey:793
3918,hunt_fail,Sectid,23,115,4,190,0,target_died
3918,hunt_start,Sectid,23,115,4,190,0,target:Monkey:330
3919,hunt_start,Sectid,6,65,5,255,7,target:Monkey:793
3920,hunt_start,Sectid,6,65,4,255,7,target:Monkey:793
3921,hunt_start,Sectid,6,65,5,255,8,target:Monkey:793
3922,hunt_start,Sectid,6,65,6,255,9,target:Monkey:793
3923,hunt_start,Sectid,6,65,6,255,7,target:Monkey:793
3924,hunt_start,Sectid,6,65,7,255,9,target:Monkey:793
3925,hunt_start,Sectid,6,65,6,255,8,target:Monkey:793
3926,hunt_start,Sectid,6,65,7,255,8,target:Monkey:793
3927,hunt_start,Sectid,6,65,8,255,9,target:Monkey:793
3928,hunt_start,Sectid,6,66,0,256,0,target:Monkey:793
3929,hunt_start,Sectid,6,66,2,255,9,target:Monkey:327
3930,hunt_start,Sectid,6,66,3,255,8,target:Monkey:327
3930,reproduce,Monkey,774,32,0,236,0,offspring:1
3931,hunt_start,Sectid,6,66,4,255,7,target:Monkey:327
3932,hunt_start,Sectid,6,66,5,255,6,target:Monkey:327
3933,hunt_start,Sectid,6,66,4,255,4,target:Monkey:327
3934,hunt_start,Sectid,6,66,3,255,3,target:Monkey:327
3935,hunt_start,Sectid,6,66,4,255,1,target:Monkey:327
3936,hunt_start,Sectid,6,66,5,255,1,target:Monkey:327
3937,hunt_start,Sectid,6,66,6,255,3,target:Monkey:327
3938,hunt_start,Sectid,6,66,7,255,4,target:Monkey:327
3939,hunt_start,Sectid,6,66,6,255,4,target:Monkey:327
3940,hunt_start,Sectid,6,66,7,255,3,target:Monkey:327
3941,hunt_start,Sectid,6,66,6,255,2,target:Monkey:327
3942,hunt_start,Sectid,6,66,7,255,1,target:Monkey:327
3943,hunt_start,Sectid,6,66,8,255,0,target:Monkey:327
3944,hunt_start,Sectid,6,66,9,254,9,target:Monkey:327
3945,hunt_start,Sectid,6,67,0,255,0,target:Monkey:327
3946,hunt_start,Sectid,6,67,1,254,9,target:Monkey:327
3947,hunt_start,Sectid,6,66,9,254,9,target:Monkey:327
3948,hunt_start,Sectid,6,66,9,255,1,target:Monkey:327
3948,hunt_fail,Fox,440,287,1,95,5,discomfort
3949,hunt_start,Sectid,6,66,9,255,2,target:Monkey:327
3950,hunt_start,Sectid,6,66,9,255,4,target:Monkey:327
3951,hunt_start,Sectid,6,67,0,255,3,target:Monkey:327
3952,hunt_start,Sectid,6,67,0,255,4,target:Monkey:327
3952,hunt_start,Bear,398,273,9,47,4,target:Shroomer:18
3953,hunt_start,Sectid,6,66,9,255,4,target:Monkey:327
3954,hunt_start,Sectid,6,67,0,255,4,target:Monkey:327
3955,hunt_start,Sectid,6,67,1,255,5,target:Monkey:327
3956,hunt_start,Sectid,6,67,0,255,7,target:Monkey:327
3957,hunt_start,Sectid,6,67,2,255,7,target:Monkey:327
3958,hunt_start,Sectid,6,67,1,255,6,target:Monkey:327
3959,hunt_start,Sectid,6,67,2,255,5,target:Monkey:327
3960,hunt_start,Sectid,6,67,4,255,6,target:Monkey:327
3961,hunt_start,Sectid,6,67,5,255,7,target:Monkey:327
3962,hunt_start,Sectid,6,67,4,255,6,target:Monkey:327
3963,starvation,Frog,595,63,9,159,9,
3963,hunt_start,Sectid,6,67,5,255,4,target:Monkey:327
3964,hunt_start,Sectid,6,67,3,255,4,target:Monkey:327
3965,hunt_start,Sectid,6,67,4,255,5,target:Monkey:327
3966,hunt_start,Sectid,6,67,3,255,7,target:Monkey:327
3967,hunt_start,Sectid,6,67,5,255,6,target:Monkey:327
3968,hunt_start,Sectid,6,67,6,255,7,target:Monkey:327
3969,hunt_start,Sectid,6,67,7,255,8,target:Monkey:327
3969,reproduce,Sectid,-1,65,2,251,3,offspring:1
3970,hunt_start,Sectid,6,67,9,255,8,target:Monkey:327
3970,hunt_start,Sectid,427,65,2,251,3,target:Monkey:327
3978,hunt_fail,Wolf,430,255,7,235,4,discomfort
3982,kill,Frog,136,18,2,4,8,killed_by:Hawk:467
3982,reproduce,Turtle,190,118,3,234,4,offspring:1
3983,hunt_start,Hawk,467,18,4,4,5,target:Frog:174
3989,kill,Camel,832,136,9,123,6,killed_by:Wolf:439
3990,hunt_fail,Wolf,435,136,3,123,7,target_died
3990,hunt_start,Wolf,435,136,3,123,7,target:Lizard:778
4000,starvation,Arctic Fox,484,252,8,140,0,
4000,reproduce,Crocodile,538,122,8,137,2,offspring:1
4001,reproduce,Camel,522,30,2,165,5,offspring:1
4007,hunt_start,Wolf,703,186,3,253,7,target:Parrot:689
4008,hunt_start,Wolf,433,75,9,167,8,target:Lizard:808
4010,starvation,Fish,400,243,8,268,1,
4010,reproduce,Elk,255,224,0,67,3,offspring:1
4011,kill,Boar,36,86,1,283,5,killed_by:Jaguar:768
4011,reproduce,Lizard,591,132,7,160,0,offspring:2
4021,kill,Frog,681,54,9,134,0,killed_by:Jaguar:623
4021,reproduce,Frog,588,51,2,143,8,offspring:2
4021,reproduce,Frog,678,76,6,135,5,offspring:2
4021,reproduce,Frog,680,67,3,134,1,offspring:2
4022,hunt_start,Jaguar,623,54,5,134,1,target:Frog:162
4023,hunt_fail,Sectid,23,121,0,172,6,discomfort
4024,starvation,Boar,460,121,5,272,9,
4025,kill,Penguin,94,153,1,21,5,killed_by:Arctic Fox:480
4026,hunt_start,Arctic Fox,480,153,1,21,9,target:Penguin:441
4028,hunt_start,Hawk,822,95,1,89,3,target:Penguin:619
4039,kill,Penguin,281,116,3,93,4,killed_by:Hawk:468
4040,hunt_fail,Wolf,641,113,5,96,1,target_died
4040,hunt_start,Wolf,641,113,5,96,1,target:Penguin:746
4043,hunt_start,Fox,447,265,2,231,1,target:Rabbit:592
4046,kill,Sectid,6,66,6,252,9,killed_by:Boar:739
4051,reproduce,Monkey,658,6,4,192,0,offspring:1
4059,kill,Rabbit,782,236,8,238,7,killed_by:Wolf:432
4060,hunt_fail,Wolf,430,255,8,234,0,target_died
4060,hunt_start,Wolf,430,255,8,234,0,target:Turtle:556
4060,hunt_fail,Wolf,431,256,4,233,0,target_died
4060,hunt_fail,Wolf,563,253,2,233,7,target_died
4060,hunt_start,Wolf,563,253,2,233,7,target:Rabbit:593
4060,hunt_fail,Wolf,776,242,3,238,1,target_died
4060,hunt_start,Wolf,776,242,3,238,1,target:Rabbit:19
4066,hunt_start,Sectid,402,109,8,177,9,target:Lizard:127
4071,reproduce,Tapir,362,52,9,248,6,offspring:1
4073,starvation,Sectid,23,123,5,172,5,
4075,hunt_start,Crocodile,538,122,5,138,7,target:Camel:594
4078,starvation,Frog,151,6,7,30,1,
4079,kill,Penguin,758,103,0,100,9,killed_by:Arctic Fox:483
4079,reproduce,Penguin,283,102,1,85,4,offspring:1
4079,reproduce,Penguin,287,109,0,92,9,offspring:1
4079,reproduce,Penguin,555,100,5,83,1,offspring:1
4080,starvation,Penguin,273,195,5,7,2,
4080,hunt_fail,Wolf,433,77,1,173,1,discomfort
4080,hunt_start,Arctic Fox,483,102,9,100,5,target:Penguin:110
4083,hunt_fail,Wolf,436,118,5,104,0,discomfort
4083,reproduce,Turtle,187,54,8,255,9,offspring:1
4090,hunt_fail,Wolf,436,118,6,104,2,discomfort
4105,kill,Frog,174,35,9,11,7,killed_by:Hawk:467
4106,hunt_fail,Wolf,436,118,5,104,1,discomfort
4106,hunt_start,Hawk,467,35,8,11,6,target:Frog:76
4107,reproduce,Boar,772,261,0,214,5,offspring:2
4107,reproduce,Boar,773,266,7,207,7,offspring:2
4108,kill,Shroomer,377,225,5,110,4,killed_by:Polar Bear:477
4109,hunt_start,Polar Bear,477,226,0,111,0,target:Shroomer:769
4119,hunt_fail,Wolf,436,118,6,104,0,discomfort
4124,hunt_fail,Sectid,402,112,9,169,2,discomfort
4126,hunt_fail,Wolf,436,118,7,104,0,discomfort
4129,hunt_start,Crocodile,838,122,4,137,5,target:Camel:33
4133,hunt_fail,Wolf,436,118,7,104,0,discomfort
4135,hunt_start,Boar,174,266,8,205,4,target:Shroomer:801
4135,hunt_start,Boar,273,266,8,205,4,target:Shroomer:801
4137,reproduce,Lizard,37,272,2,59,3,offspring:2
4137,reproduce,Lizard,609,274,8,60,0,offspring:2
4138,hunt_fail,Fox,447,275,2,233,2,discomfort
4139,hunt_fail,Wolf,436,118,7,104,0,prey_escaped
4145,reproduce,Monkey,130,53,4,285,4,offspring:1
4150,kill,Penguin,619,98,7,75,8,killed_by:Hawk:822
4157,kill,Penguin,746,122,8,102,7,killed_by:Wolf:641
4158,hunt_start,Wolf,641,122,5,102,3,target:Shroomer:416
4158,reproduce,Rabbit,736,263,1,259,3,offspring:2
4158,reproduce,Rabbit,781,278,3,260,7,offspring:2
4159,kill,Rabbit,726,47,4,-0,0,killed_by:Arctic Fox:601
4160,hunt_start,Arctic Fox,601,47,7,0,0,target:Lizard:30
4161,kill,Frog,162,60,0,139,4,killed_by:Jaguar:623
4162,hunt_start,Jaguar,623,59,5,139,4,target:Shroomer:31
4164,reproduce,Monkey,332,118,9,260,5,offspring:1
4167,kill,Penguin,441,151,2,14,5,killed_by:Arctic Fox:480
4167,reproduce,Penguin,705,185,3,37,8,offspring:1
4168,hunt_start,Arctic Fox,480,151,3,14,8,target:Penguin:270
4171,hunt_start,Boar,773,265,1,207,6,target:Shroomer:801
4177,hunt_start,Polar Bear,544,239,1,83,7,target:Musk Ox:305
4179,kill,Turtle,556,259,2,238,4,killed_by:Wolf:430
4179,kill,Turtle,556,259,2,238,4,killed_by:Wolf:431
4181,hunt_start,Wolf,436,118,8,103,1,target:Turtle:184
4184,kill,Shroomer,18,280,9,56,8,killed_by:Bear:398
4185,hunt_start,Bear,398,280,4,56,2,target:Lizard:609
4186,kill,Penguin,110,97,3,100,6,killed_by:Arctic Fox:483
4186,reproduce,Arctic Fox,483,97,7,100,6,offspring:1
4187,hunt_start,Arctic Fox,441,95,2,98,1,target:Penguin:527
4202,hunt_start,Arctic Fox,483,97,3,100,6,target:Penguin:453
4203,hunt_start,Hawk,468,122,4,95,8,target:Lizard:516
4204,kill,Shroomer,769,226,4,116,3,killed_by:Polar Bear:477
4204,reproduce,Monkey,22,285,1,60,9,offspring:1
4204,reproduce,Monkey,626,285,9,60,1,offspring:1
4204,reproduce,Monkey,779,284,4,61,8,offspring:1
4205,hunt_start,Polar Bear,477,226,3,115,6,target:Lizard:240
4211,reproduce,Penguin,549,176,3,22,3,offspring:1
4213,reproduce,Camel,263,176,3,257,3,offspring:1
4213,reproduce,Camel,561,182,8,261,1,offspring:1
4213,reproduce,Camel,670,193,9,224,0,offspring:1
4217,reproduce,Turtle,179,97,6,267,2,offspring:1
4238,starvation,Parrot,352,26,8,288,0,
4238,hunt_fail,Wolf,429,20,5,286,4,target_died
4238,hunt_start,Wolf,429,20,5,286,4,target:Parrot:351
4247,starvation,Monkey,713,130,9,248,4,
4248,hunt_start,Bear,463,272,1,47,9,target:Lizard:841
4258,reproduce,Penguin,56,89,0,100,8,offspring:1
4258,reproduce,Penguin,502,75,1,120,0,offspring:1
4258,reproduce,Penguin,527,89,7,92,6,offspring:1
4259,reproduce,Camel,254,135,4,119,8,offspring:1
4261,kill,Shroomer,31,57,0,143,3,killed_by:Jaguar:623
4261,reproduce,Jaguar,623,57,4,142,7,offspring:1
4262,hunt_start,Jaguar,31,60,1,145,5,target:Deer:68
4262,hunt_start,Jaguar,623,57,3,142,7,target:Frog:832
4264,hunt_start,Polar Bear,466,237,7,84,3,target:Musk Ox:305
4271,starvation,Elk,512,206,5,3,5,
4274,reproduce,Monkey,327,96,0,205,6,offspring:1
4277,starvation,Fox,447,278,6,234,0,
4280,hunt_start,Scorpion,470,140,9,61,3,target:Lizard:517
4282,reproduce,Monkey,12,96,0,203,9,offspring:1
4284,starvation,Sectid,126,110,5,177,0,
4288,reproduce,Rabbit,645,91,0,223,0,offspring:2
4291,starvation,Deer,79,207,1,173,4,
4291,starvation,Rabbit,559,136,0,246,9,
4291,reproduce,Deer,78,174,0,174,3,offspring:1
4291,reproduce,Deer,139,165,8,178,8,offspring:1
4293,hunt_start,Jaguar,485,272,7,269,1,target:Rabbit:781
4294,hunt_fail,Wolf,434,151,7,124,0,discomfort
4303,kill,Shroomer,801,258,8,201,1,killed_by:Boar:174
4304,hunt_start,Boar,174,259,3,201,4,target:Shroomer:399
4304,hunt_fail,Boar,273,258,8,201,6,target_died
4304,hunt_start,Boar,273,258,8,201,6,target:Shroomer:399
4304,hunt_fail,Boar,773,259,9,202,4,target_died
4304,hunt_start,Boar,773,259,9,202,4,target:Shroomer:399
4310,hunt_start,Hawk,822,98,6,76,1,target:Penguin:555
4312,kill,Musk Ox,305,240,8,90,1,killed_by:Polar Bear:544
4313,hunt_fail,Polar Bear,466,239,0,86,5,target_died
4313,hunt_start,Polar Bear,466,239,0,86,5,target:Musk Ox:306
4316,kill,Camel,33,126,0,141,7,killed_by:Crocodile:838
4325,kill,Turtle,184,131,5,98,0,killed_by:Wolf:436
4326,hunt_start,Wolf,436,131,1,98,1,target:Turtle:185
4326,kill,Shroomer,416,129,9,91,0,killed_by:Wolf:641
4351,reproduce,Wolf,439,176,2,110,9,offspring:1
4352,hunt_start,Wolf,801,175,4,112,1,target:Lizard:777
4354,hunt_fail,Arctic Fox,480,155,7,0,5,discomfort
4357,starvation,Lizard,725,21,5,255,0,
4359,reproduce,Rabbit,665,223,2,241,5,offspring:2
4359,reproduce,Rabbit,802,222,9,226,3,offspring:2
4363,reproduce,Rabbit,761,75,8,128,4,offspring:2
4367,hunt_fail,Sectid,427,101,2,197,9,discomfort
4383,hunt_start,Jaguar,768,77,1,272,1,target:Boar:825
4383,reproduce,Monkey,313,272,7,101,7,offspring:1
4383,reproduce,Monkey,583,270,4,97,7,offspring:1
4389,kill,Rabbit,19,262,5,271,4,killed_by:Wolf:776
4390,hunt_start,Wolf,776,262,4,271,1,target:Parrot:230
4392,kill,Boar,825,77,3,275,0,killed_by:Jaguar:768
4392,reproduce,Monkey,796,122,9,257,2,offspring:1
4399,kill,Penguin,527,86,1,89,2,killed_by:Arctic Fox:441
4400,hunt_start,Arctic Fox,441,86,4,89,4,target:Penguin:851
4413,reproduce,Deer,489,112,8,9,4,offspring:1
4420,hunt_start,Wolf,431,259,4,235,6,target:Turtle:698
4426,kill,Rabbit,781,272,4,258,3,killed_by:Jaguar:485
4426,reproduce,Musk Ox,236,100,3,109,0,offspring:1
4427,hunt_start,Jaguar,485,272,4,258,7,target:Rabbit:736
4430,reproduce,Deer,491,95,8,32,0,offspring:1
4432,kill,Penguin,555,104,5,88,7,killed_by:Hawk:822
4432,reproduce,Penguin,692,95,4,83,8,offspring:1
4437,starvation,Frog,165,65,9,87,5,
4439,reproduce,Lizard,778,192,0,103,8,offspring:2
4440,kill,Penguin,453,85,0,106,2,killed_by:Arctic Fox:483
4441,hunt_start,Arctic Fox,483,85,3,106,1,target:Penguin:836
4448,environment_death,Deer,75,205,2,180,5,drowning
4458,reproduce,Fish,261,128,7,45,0,offspring:2
4463,kill,Turtle,185,119,3,100,1,killed_by:Wolf:436
4467,reproduce,Parrot,689,211,0,192,0,offspring:1
4470,reproduce,Penguin,384,124,0,19,2,offspring:1
4470,spore_created,Shroomer,-1,206,2,194,1,
4470,spore_created,Shroomer,-1,207,6,204,6,
4475,starvation,Fox,448,201,7,175,8,
4477,reproduce,Rabbit,88,128,0,239,1,offspring:2
4479,starvation,Penguin,276,167,2,20,8,
4479,reproduce,Penguin,270,163,0,0,0,offspring:1
4482,reproduce,Lizard,564,64,0,137,0,offspring:2
4487,spore_created,Shroomer,-1,209,2,205,3,
4487,spore_created,Shroomer,-1,212,6,199,5,
4489,spore_created,Shroomer,-1,53,9,91,1,
4489,spore_created,Shroomer,-1,53,2,98,5,
4490,reproduce,Rabbit,699,60,6,5,7,offspring:2
4502,spore_created,Shroomer,-1,203,6,206,5,
4502,spore_created,Shroomer,-1,201,8,197,5,
4506,kill,Frog,832,39,9,143,1,killed_by:Jaguar:623
4507,kill,Musk Ox,306,233,3,92,9,killed_by:Polar Bear:466
4507,hunt_start,Jaguar,623,40,4,143,1,target:Deer:72
4507,spore_created,Shroomer,-1,241,3,147,3,
4507,spore_created,Shroomer,-1,236,9,147,4,
4508,starvation,Wolf,429,22,2,253,4,
4509,kill,Lizard,841,264,7,61,9,killed_by:Bear:463
4510,kill,Shroomer,399,261,4,195,9,killed_by:Boar:273
4510,hunt_start,Bear,463,265,0,61,4,target:Lizard:37
4514,reproduce,Parrot,250,279,8,256,0,offspring:1
4516,kill,Lizard,242,-0,1,0,0,killed_by:Arctic Fox:709
4516,reproduce,Lizard,30,30,0,31,8,offspring:2
4516,reproduce,Lizard,576,0,2,0,0,offspring:2
4516,reproduce,Lizard,642,29,6,2,8,offspring:2
4517,hunt_start,Arctic Fox,709,0,4,0,2,target:Lizard:576
4518,starvation,Rabbit,113,244,0,185,9,
4531,reproduce,Monkey,774,31,8,227,4,offspring:1
4534,reproduce,Elk,708,49,8,32,0,offspring:1
4555,reproduce,Monkey,330,133,2,165,9,offspring:1
4556,environment_death,Lizard,229,286,9,121,2,drowning
4556,hunt_fail,Bear,463,265,0,62,0,discomfort
4563,reproduce,Hawk,822,102,7,94,1,offspring:1
4564,hunt_start,Hawk,229,99,8,92,6,target:Penguin:281
4564,hunt_start,Hawk,822,102,6,94,2,target:Penguin:281
4566,kill,Lizard,516,175,1,84,9,killed_by:Hawk:468
4568,hunt_fail,Snake,475,286,8,205,6,discomfort
4569,starvation,Parrot,303,285,0,214,7,
4574,reproduce,Jaguar,768,73,2,269,5,offspring:1
4575,hunt_start,Jaguar,516,75,8,269,0,target:Tapir:361
4575,hunt_start,Jaguar,768,73,2,269,5,target:Tapir:141
4581,reproduce,Lizard,651,72,2,6,3,offspring:2
4591,kill,Lizard,576,-0,0,-0,0,killed_by:Arctic Fox:709
4592,hunt_start,Arctic Fox,709,0,3,0,0,target:Lizard:866
4595,spore_created,Shroomer,-1,227,1,203,2,
4595,spore_created,Shroomer,-1,227,9,203,7,
4599,starvation,Monkey,158,55,7,279,8,
4603,environment_death,Deer,74,56,3,160,6,drowning
4603,reproduce,Deer,43,12,8,174,6,offspring:1
4603,reproduce,Deer,44,29,2,167,5,offspring:1
4606,environment_death,Deer,71,57,8,164,2,drowning
4606,kill,Turtle,698,264,8,235,0,killed_by:Wolf:431
4607,hunt_fail,Wolf,430,262,8,236,4,target_died
4619,kill,Penguin,836,69,2,106,7,killed_by:Arctic Fox:483
4619,reproduce,Penguin,280,111,0,94,0,offspring:1
4619,spore_created,Shroomer,-1,236,5,208,3,
4619,spore_created,Shroomer,-1,232,8,201,2,
4622,spore_created,Shroomer,-1,214,9,196,0,
4622,spore_created,Shroomer,-1,218,1,202,1,
4627,hunt_fail,Crocodile,538,113,1,145,1,prey_escaped
4627,spore_matured,Shroomer,-1,241,3,147,3,
4627,reproduce,Shroomer,-1,241,3,147,3,offspring:1
4631,environment_death,Deer,73,58,2,161,4,drowning
4636,reproduce,Musk Ox,602,24,8,100,0,offspring:1
4637,reproduce,Monkey,332,124,6,260,2,offspring:1
4642,environment_death,Deer,68,65,5,164,9,drowning
4642,hunt_fail,Jaguar,31,65,1,162,9,target_died
4644,starvation,Penguin,279,114,2,115,1,
4646,kill,Penguin,281,96,2,83,1,killed_by:Hawk:229
4646,reproduce,Camel,655,168,0,224,0,offspring:1
4647,hunt_start,Hawk,229,96,3,83,3,target:Penguin:692
4647,hunt_fail,Hawk,822,96,4,83,7,target_died
4647,hunt_start,Hawk,822,96,4,83,7,target:Penguin:692
4650,reproduce,Lizard,518,81,7,224,0,offspring:2
4651,starvation,Penguin,282,113,5,115,5,
4658,hunt_fail,Jaguar,485,249,3,250,7,discomfort
4674,hunt_start,Wolf,433,101,5,173,2,target:Lizard:809
4674,spore_matured,Shroomer,-1,201,8,197,5,
4674,reproduce,Shroomer,-1,201,8,197,5,offspring:1
4679,hunt_start,Wolf,434,148,8,124,2,target:Lizard:621
4679,spore_matured,Shroomer,-1,236,9,147,4,
4679,reproduce,Shroomer,-1,236,9,147,4,offspring:1
4691,hunt_fail,Wolf,439,218,0,93,5,discomfort
4691,reproduce,Deer,490,160,0,204,6,offspring:1
4692,hunt_start,Wolf,436,122,4,98,0,target:Penguin:6
4696,reproduce,Camel,252,138,0,115,2,offspring:1
4702,hunt_fail,Wolf,435,217,6,93,6,discomfort
4703,hunt_start,Boar,738,17,6,149,5,target:Monkey:325
4712,starvation,Lizard,133,25,6,249,2,
4715,starvation,Hawk,467,23,7,17,5,
4719,reproduce,Penguin,287,112,1,92,7,offspring:1
4739,spore_matured,Shroomer,-1,236,5,208,3,
4739,reproduce,Shroomer,-1,236,5,208,3,offspring:1
4748,hunt_fail,Scorpion,470,144,9,52,9,discomfort
4763,hunt_fail,Wolf,434,152,2,131,5,discomfort
4765,starvation,Elk,217,219,3,22,9,
4767,spore_matured,Shroomer,-1,226,6,202,7,
4767,reproduce,Shroomer,-1,226,6,202,7,offspring:1
4767,spore_matured,Shroomer,-1,228,5,203,8,
4767,reproduce,Shroomer,-1,228,5,203,8,offspring:1
4773,kill,Tapir,141,64,0,257,0,killed_by:Jaguar:768
4779,reproduce,Wolf,430,260,3,236,5,offspring:1
4779,reproduce,Wolf,431,259,5,235,3,offspring:1
4779,reproduce,Wolf,432,260,5,238,0,offspring:1
4780,hunt_start,Wolf,217,263,2,234,7,target:Rabbit:619
4780,hunt_start,Wolf,430,260,3,236,5,target:Rabbit:619
4780,hunt_start,Wolf,576,260,2,235,6,target:Rabbit:619
4780,hunt_start,Wolf,871,261,0,240,2,target:Rabbit:619
4791,spore_matured,Shroomer,-1,232,8,201,3,
4791,reproduce,Shroomer,-1,232,8,201,3,offspring:1
4793,reproduce,Penguin,283,101,3,83,5,offspring:1
4817,hunt_start,Crocodile,838,134,2,143,8,target:Camel:714
4817,reproduce,Musk Ox,379,16,9,96,2,offspring:1
4828,starvation,Frog,571,251,2,99,2,
4829,environment_death,Snake,475,287,5,206,8,drowning
4834,environment_death,Musk Ox,290,286,6,120,6,drowning
4834,reproduce,Musk Ox,304,247,8,80,6,offspring:1
4841,kill,Penguin,6,107,8,103,0,killed_by:Wolf:436
4842,hunt_start,Crocodile,538,112,4,148,7,target:Lizard:809
4843,hunt_start,Snake,474,85,6,147,5,target:Frog:400
4855,hunt_start,Polar Bear,544,246,9,82,5,target:Musk Ox:571
4859,reproduce,Penguin,56,86,9,96,1,offspring:1
4859,reproduce,Penguin,502,78,6,116,2,offspring:1
4861,starvation,Fish,574,231,5,199,2,
4861,reproduce,Fish,10,225,3,170,2,offspring:2
4861,reproduce,Fish,248,220,3,162,5,offspring:2
4861,reproduce,Fish,344,220,1,163,5,offspring:2
4861,reproduce,Fish,348,220,1,164,7,offspring:2
4861,reproduce,Fish,385,221,4,167,4,offspring:2
4861,reproduce,Fish,565,224,9,169,1,offspring:2
4861,reproduce,Fish,566,226,3,169,7,offspring:2
4861,reproduce,Fish,584,224,2,168,4,offspring:2
4861,reproduce,Fish,673,222,9,167,5,offspring:2
4861,reproduce,Fish,674,224,8,166,6,offspring:2
4861,reproduce,Fish,676,218,3,162,7,offspring:2
4861,reproduce,Fish,677,219,0,163,5,offspring:2
4861,reproduce,Fish,694,225,2,167,9,offspring:2
4861,reproduce,Fish,710,219,6,165,6,offspring:2
4861,reproduce,Fish,711,224,3,165,5,offspring:2
4862,hunt_start,Jaguar,31,66,0,162,1,target:Frog:392
4863,hunt_start,Jaguar,485,253,8,251,0,target:Rabbit:619
4867,environment_death,Deer,72,51,3,159,8,drowning
4867,hunt_fail,Jaguar,623,50,9,157,8,target_died
4872,starvation,Wolf,329,181,5,286,0,
4872,hunt_fail,Wolf,431,257,9,238,5,discomfort
4877,hunt_start,Scorpion,470,144,0,54,8,target:Lizard:517
4882,hunt_start,Wolf,641,127,0,94,3,target:Penguin:306
4886,reproduce,Lizard,77,101,0,224,0,offspring:2
4890,reproduce,Penguin,122,171,2,-0,0,offspring:1
4895,reproduce,Parrot,246,247,3,129,9,offspring:1
4896,hunt_fail,Wolf,430,259,0,239,4,discomfort
4898,reproduce,Monkey,656,105,1,266,0,offspring:1
4899,starvation,Scorpion,542,111,4,104,6,
4900,kill,Camel,714,129,6,141,9,killed_by:Crocodile:838
4902,kill,Lizard,809,114,0,152,3,killed_by:Crocodile:538
4903,hunt_fail,Wolf,433,111,5,156,2,target_died
4905,environment_death,Shroomer,133,237,4,207,7,drowning
4906,reproduce,Deer,672,194,9,169,1,offspring:1
4930,kill,Musk Ox,571,249,9,84,9,killed_by:Polar Bear:544
4931,starvation,Fox,440,286,5,116,0,
4942,starvation,Penguin,272,186,5,31,5,
4943,reproduce,Musk Ox,11,272,1,115,5,offspring:1
4943,reproduce,Musk Ox,454,270,9,119,7,offspring:1
4960,hunt_start,Wolf,433,112,8,155,6,target:Lizard:127
4965,starvation,Penguin,286,115,0,115,0,
4969,reproduce,Monkey,626,281,7,62,3,offspring:1
4969,reproduce,Monkey,779,284,0,63,6,offspring:1
4974,reproduce,Parrot,230,192,0,288,0,offspring:1
4981,reproduce,Monkey,327,104,0,192,0,offspring:1
4983,reproduce,Tapir,143,60,7,276,5,offspring:1
4983,reproduce,Tapir,361,96,0,247,3,offspring:1
4983,reproduce,Tapir,766,61,6,286,4,offspring:1
4983,reproduce,Tapir,767,52,5,245,9,offspring:1
4984,hunt_start,Wolf,430,260,5,237,1,target:Turtle:183
4987,reproduce,Camel,266,121,5,131,4,offspring:1
4998,hunt_fail,Scorpion,470,146,1,55,4,discomfort
5002,reproduce,Camel,522,15,9,176,7,offspring:1
5009,reproduce,Arctic Fox,483,63,1,104,2,offspring:1
5011,reproduce,Deer,40,17,1,162,5,offspring:1
5014,reproduce,Deer,489,112,3,8,9,offspring:1
5018,reproduce,Penguin,270,174,5,-0,0,offspring:1
5031,reproduce,Deer,491,95,4,16,1,offspring:1
5036,hunt_fail,Jaguar,486,136,3,148,9,discomfort
5050,hunt_start,Polar Bear,466,232,5,90,7,target:Musk Ox:134
5051,hunt_start,Arctic Fox,912,65,0,103,5,target:Rabbit:712
5056,hunt_start,Wolf,436,116,3,101,4,target:Penguin:280
5057,starvation,Scorpion,470,146,0,55,7,
5061,kill,Penguin,851,67,2,85,1,killed_by:Arctic Fox:441
5062,hunt_start,Arctic Fox,441,67,5,85,0,target:Frog:146
5062,kill,Lizard,866,54,3,7,7,killed_by:Arctic Fox:709
5063,hunt_start,Arctic Fox,709,54,1,7,7,target:Rabbit:868
5071,reproduce,Penguin,384,127,5,18,0,offspring:1
5072,spore_created,Shroomer,-1,26,0,-2,3,
5072,spore_created,Shroomer,-1,27,1,2,2,
5073,reproduce,Lizard,717,277,5,256,0,offspring:2
5083,hunt_fail,Wolf,433,120,5,162,0,discomfort
5090,kill,Penguin,306,110,5,88,6,killed_by:Wolf:641
5091,hunt_start,Wolf,641,110,9,88,7,target:Penguin:287
5093,hunt_start,Bear,463,273,4,62,2,target:Monkey:626
5099,starvation,Wolf,703,215,3,187,2,
5110,reproduce,Monkey,221,112,5,164,1,offspring:1
5113,kill,Tapir,143,60,0,277,0,killed_by:Jaguar:487
5113,reproduce,Lizard,160,151,6,96,0,offspring:2
5114,hunt_start,Jaguar,487,60,8,276,5,target:Tapir:286
5125,hunt_fail,Jaguar,487,60,4,275,3,discomfort
5129,environment_death,Deer,81,94,3,60,6,drowning
5129,reproduce,Deer,70,96,6,45,7,offspring:1
5145,hunt_start,Jaguar,768,61,3,259,7,target:Tapir:94
5154,kill,Tapir,94,59,1,257,3,killed_by:Jaguar:768
5157,hunt_start,Jaguar,623,51,3,157,2,target:Frog:392
5177,hunt_start,Jaguar,486,138,0,152,3,target:Tapir:536
5179,kill,Frog,400,76,4,138,6,killed_by:Snake:474
5180,hunt_start,Snake,474,76,6,138,7,target:Lizard:863
5186,hunt_fail,Wolf,436,112,3,95,2,discomfort
5190,kill,Frog,392,57,8,154,2,killed_by:Jaguar:31
5190,reproduce,Deer,43,9,2,172,4,offspring:1
5191,hunt_fail,Jaguar,623,51,6,157,0,target_died
5192,spore_matured,Shroomer,-1,26,0,-2,3,
5192,reproduce,Shroomer,-1,26,0,-2,3,offspring:1
5203,reproduce,Penguin,280,110,7,95,5,offspring:1
5206,kill,Tapir,536,141,9,152,4,killed_by:Jaguar:486
5206,reproduce,Tapir,357,138,3,159,9,offspring:1
5206,reproduce,Tapir,358,143,2,158,0,offspring:1
5206,reproduce,Tapir,360,142,3,155,9,offspring:1
5206,reproduce,Tapir,667,140,7,154,7,offspring:1
5207,hunt_start,Jaguar,486,141,3,152,6,target:Tapir:667
5209,kill,Frog,146,53,6,86,9,killed_by:Arctic Fox:441
5209,reproduce,Frog,395,65,8,72,6,offspring:2
5209,reproduce,Frog,504,56,4,81,3,offspring:2
5209,reproduce,Frog,505,67,3,77,7,offspring:2
5209,reproduce,Frog,608,67,3,76,1,offspring:2
5210,kill,Turtle,183,267,3,222,3,killed_by:Wolf:432
5210,hunt_start,Arctic Fox,441,53,8,86,9,target:Frog:166
5211,hunt_fail,Wolf,430,267,9,222,5,target_died
5211,hunt_start,Wolf,430,267,9,222,5,target:Turtle:585
5211,hunt_fail,Wolf,431,267,5,223,6,target_died
5214,reproduce,Camel,670,188,3,209,1,offspring:1
5218,spore_created,Shroomer,-1,48,3,95,6,
5218,spore_created,Shroomer,-1,40,9,91,6,
5228,spore_created,Shroomer,-1,51,3,93,4,
5228,spore_created,Shroomer,-1,45,4,89,1,
5231,spore_created,Shroomer,-1,238,9,123,8,
5231,spore_created,Shroomer,-1,251,1,121,2,
5233,reproduce,Lizard,564,46,7,139,8,offspring:2
5234,starvation,Shroomer,378,39,0,4,5,
5237,hunt_start,Wolf,433,125,3,166,7,target:Sectid:402
5238,hunt_start,Jaguar,31,59,2,155,0,target:Lizard:863
5241,kill,Rabbit,868,75,2,11,7,killed_by:Arctic Fox:709
5241,spore_created,Shroomer,-1,229,8,200,3,
5241,spore_created,Shroomer,-1,230,5,212,3,
5242,hunt_start,Arctic Fox,709,75,0,11,6,target:Rabbit:728
5244,spore_matured,Shroomer,-1,27,1,2,4,
5244,reproduce,Shroomer,-1,27,1,2,4,offspring:1
5251,hunt_start,Jaguar,487,64,9,275,3,target:Tapir:286
5252,kill,Tapir,667,140,2,155,9,killed_by:Jaguar:486
5252,reproduce,Jaguar,486,140,4,155,2,offspring:1
5253,hunt_start,Jaguar,486,140,4,155,2,target:Tapir:360
5253,hunt_start,Jaguar,930,141,7,157,2,target:Tapir:360
5280,kill,Tapir,360,143,4,156,6,killed_by:Jaguar:930
5281,hunt_fail,Jaguar,486,140,8,155,5,target_died
5281,hunt_start,Jaguar,486,140,8,155,5,target:Tapir:920
5284,kill,Musk Ox,134,242,8,85,8,killed_by:Polar Bear:466
5292,hunt_start,Hawk,468,169,8,94,9,target:Lizard:857
5292,reproduce,Deer,490,157,0,203,7,offspring:1
5296,starvation,Shroomer,226,62,8,3,9,
5300,kill,Frog,166,57,2,88,7,killed_by:Arctic Fox:441
5301,hunt_start,Arctic Fox,441,56,9,88,7,target:Frog:922
5301,reproduce,Polar Bear,544,246,6,88,4,offspring:1
5302,hunt_start,Polar Bear,360,246,0,86,5,target:Musk Ox:304
5302,hunt_start,Polar Bear,544,246,6,88,4,target:Musk Ox:304
5309,starvation,Elk,222,206,5,4,8,
5309,reproduce,Elk,511,209,4,9,4,offspring:1
5309,reproduce,Elk,513,208,8,11,1,offspring:1
5316,kill,Turtle,585,259,6,224,3,killed_by:Wolf:432
5316,reproduce,Turtle,176,256,1,197,0,offspring:1
5316,reproduce,Turtle,177,257,0,196,0,offspring:1
5317,starvation,Wolf,231,225,7,255,1,
5317,hunt_fail,Wolf,430,260,2,223,5,target_died
5317,hunt_start,Wolf,430,260,2,223,5,target:Boar:151
5317,hunt_fail,Wolf,431,259,2,224,2,target_died
5318,reproduce,Elk,167,202,3,285,1,offspring:1
5318,reproduce,Elk,192,196,8,283,6,offspring:1
5320,kill,Sectid,402,124,6,173,9,killed_by:Wolf:433
5321,hunt_start,Wolf,433,125,1,173,7,target:Lizard:111
5325,reproduce,Rabbit,148,147,2,193,6,offspring:2
5328,hunt_fail,Polar Bear,477,239,9,184,1,discomfort
5328,reproduce,Boar,528,44,7,285,2,offspring:2
5328,reproduce,Boar,720,49,6,285,0,offspring:2
5335,reproduce,Elk,708,64,8,26,9,offspring:1
5343,starvation,Wolf,437,191,5,116,0,
5347,spore_matured,Shroomer,-1,48,1,96,5,
5347,reproduce,Shroomer,-1,48,1,96,5,offspring:1
5348,spore_matured,Shroomer,-1,45,4,89,1,
5348,reproduce,Shroomer,-1,45,4,89,1,offspring:1
5351,kill,Tapir,361,101,3,220,6,killed_by:Jaguar:516
5351,spore_matured,Shroomer,-1,251,1,121,2,
5351,reproduce,Shroomer,-1,251,1,121,2,offspring:1
5352,hunt_start,Jaguar,516,101,6,221,2,target:Lizard:72
5355,hunt_fail,Bear,463,285,4,73,3,discomfort
5359,reproduce,Penguin,287,105,6,101,5,offspring:1
5361,spore_matured,Shroomer,-1,229,8,200,2,
5361,reproduce,Shroomer,-1,229,8,200,2,offspring:1
5361,spore_matured,Shroomer,-1,230,5,212,3,
5361,reproduce,Shroomer,-1,230,5,212,3,offspring:1
5365,environment_death,Fish,145,182,6,116,8,suffocation
5369,reproduce,Penguin,763,126,0,15,6,offspring:1
5371,starvation,Parrot,339,288,0,197,0,
5371,hunt_fail,Shark,539,275,2,212,8,target_died
5375,reproduce,Penguin,284,102,3,97,2,offspring:1
5379,starvation,Snake,543,0,5,98,2,
5388,kill,Penguin,287,104,7,102,6,killed_by:Wolf:641
5389,hunt_start,Wolf,641,105,0,102,2,target:Penguin:361
5390,spore_matured,Shroomer,-1,40,9,91,6,
5390,reproduce,Shroomer,-1,40,9,91,6,offspring:1
5396,reproduce,Penguin,622,78,2,89,4,offspring:1
5401,hunt_start,Crocodile,838,133,1,138,7,target:Camel:691
5402,hunt_fail,Wolf,433,119,1,176,5,discomfort
5403,spore_matured,Shroomer,-1,238,9,123,8,
5403,reproduce,Shroomer,-1,238,9,123,8,offspring:1
5404,reproduce,Camel,254,136,9,125,4,offspring:1
5428,reproduce,Musk Ox,716,74,8,122,1,offspring:1
5438,kill,Musk Ox,304,243,8,77,2,killed_by:Polar Bear:360
5438,kill,Rabbit,712,102,6,119,1,killed_by:Arctic Fox:912
5438,reproduce,Musk Ox,288,286,7,116,0,offspring:1
5438,reproduce,Musk Ox,289,284,6,110,6,offspring:1
5438,reproduce,Musk Ox,292,283,5,114,7,offspring:1
5439,hunt_fail,Polar Bear,544,244,8,81,2,prey_escaped
5439,hunt_start,Polar Bear,544,244,8,81,2,target:Elk:257
5439,hunt_start,Arctic Fox,912,102,4,119,0,target:Rabbit:493
5440,kill,Boar,151,258,5,210,8,killed_by:Wolf:431
5440,reproduce,Boar,458,255,1,204,5,offspring:2
5440,reproduce,Boar,730,263,3,212,3,offspring:2
5440,reproduce,Boar,772,262,0,213,7,offspring:2
5440,reproduce,Boar,773,251,0,211,1,offspring:2
5441,hunt_start,Boar,948,248,0,211,5,target:Rabbit:786
5441,hunt_start,Boar,949,248,0,211,5,target:Rabbit:786
5442,hunt_start,Boar,458,255,1,204,5,target:Lizard:613
5443,kill,Camel,691,132,7,143,3,killed_by:Crocodile:838
5445,starvation,Elk,157,206,5,7,7,
5446,reproduce,Parrot,246,250,7,131,8,offspring:1
5450,reproduce,Lizard,873,60,7,231,8,offspring:2
5459,reproduce,Monkey,332,124,4,262,8,offspring:1
5460,reproduce,Penguin,56,86,0,95,4,offspring:1
5460,reproduce,Penguin,502,76,5,114,3,offspring:1
5462,hunt_start,Wolf,436,120,4,97,4,target:Penguin:392
5462,reproduce,Musk Ox,236,114,9,99,6,offspring:1
5466,hunt_start,Shark,539,274,2,214,1,target:Boar:772
5468,kill,Penguin,361,106,8,106,0,killed_by:Wolf:641
5468,reproduce,Wolf,641,106,3,105,7,offspring:1
5469,hunt_start,Wolf,361,106,2,103,3,target:Rabbit:493
5469,hunt_start,Wolf,641,106,3,105,7,target:Rabbit:493
5474,reproduce,Lizard,862,63,0,137,8,offspring:2
5475,kill,Rabbit,728,96,0,31,6,killed_by:Arctic Fox:709
5476,hunt_start,Arctic Fox,709,95,9,31,4,target:Rabbit:138
5476,reproduce,Monkey,512,101,1,192,0,offspring:1
5477,starvation,Lizard,243,195,5,8,6,
5481,starvation,Lizard,517,144,1,54,5,
5482,reproduce,Monkey,447,95,3,186,8,offspring:1
5486,hunt_start,Wolf,433,118,1,179,3,target:Lizard:111
5489,starvation,Rabbit,731,33,3,256,5,
5489,hunt_fail,Hawk,244,41,3,256,9,target_died
5489,hunt_start,Hawk,244,41,3,256,9,target:Monkey:793
5489,hunt_fail,Hawk,413,34,0,248,5,target_died
5489,hunt_start,Hawk,413,34,0,248,5,target:Rabbit:481
5489,reproduce,Rabbit,780,11,7,233,0,offspring:2
5493,hunt_start,Jaguar,623,49,8,153,0,target:Lizard:564
5501,starvation,Penguin,277,165,4,17,5,
5506,hunt_start,Wolf,439,232,6,118,0,target:Shroomer:287
5507,spore_created,Shroomer,-1,20,7,174,3,
5507,spore_created,Shroomer,-1,23,5,180,9,
5509,reproduce,Parrot,250,276,9,256,0,offspring:1
5510,hunt_start,Jaguar,930,142,6,155,5,target:Lizard:172
5514,reproduce,Parrot,864,274,0,256,5,offspring:1
5518,starvation,Wolf,438,189,5,116,9,
5526,hunt_start,Jaguar,768,66,1,262,6,target:Turtle:187
5527,environment_death,Shroomer,378,231,9,213,9,drowning
5530,spore_created,Shroomer,-1,7,4,160,7,
5530,spore_created,Shroomer,-1,-0,9,157,7,
5537,hunt_start,Boar,174,244,4,186,7,target:Lizard:615
5568,kill,Lizard,857,204,2,106,1,killed_by:Hawk:468
5568,reproduce,Lizard,165,194,7,100,9,offspring:2
5568,reproduce,Lizard,778,218,4,99,7,offspring:2
5569,hunt_start,Hawk,468,204,0,106,1,target:Lizard:165
5575,hunt_fail,Wolf,436,112,6,92,6,discomfort
5601,reproduce,Boar,238,177,9,239,8,offspring:2
5601,reproduce,Boar,492,184,1,242,3,offspring:2
5601,reproduce,Boar,540,166,8,239,7,offspring:2
5608,hunt_start,Boar,174,244,7,189,6,target:Lizard:615
5609,reproduce,Boar,812,2,9,192,0,offspring:2
5610,hunt_start,Boar,812,2,9,192,0,target:Monkey:326
5610,hunt_start,Boar,968,0,7,194,5,target:Monkey:326
5610,hunt_start,Boar,969,0,7,194,5,target:Monkey:326
5616,hunt_start,Boar,739,73,3,250,9,target:Monkey:793
5618,kill,Rabbit,493,92,8,108,7,killed_by:Arctic Fox:912
5619,hunt_fail,Wolf,361,98,1,107,6,target_died
5619,hunt_start,Wolf,361,98,1,107,6,target:Rabbit:107
5619,hunt_fail,Wolf,641,97,1,108,9,target_died
5619,hunt_start,Wolf,641,97,1,108,9,target:Rabbit:821
5619,hunt_start,Arctic Fox,912,93,1,108,7,target:Rabbit:821
5621,kill,Turtle,187,67,0,257,3,killed_by:Jaguar:768
5623,kill,Boar,772,259,4,211,1,killed_by:Shark:539
5624,hunt_start,Shark,539,260,0,211,2,target:Boar:946
5626,kill,Rabbit,481,45,5,225,7,killed_by:Hawk:413
5627,hunt_start,Hawk,413,45,4,225,9,target:Monkey:322
5627,reproduce,Rabbit,699,63,7,2,7,offspring:2
5627,spore_matured,Shroomer,-1,23,5,180,9,
5627,reproduce,Shroomer,-1,23,5,180,9,offspring:1
5631,hunt_fail,Wolf,433,105,1,176,8,discomfort
5634,environment_death,Monkey,317,282,5,125,1,drowning
5636,hunt_fail,Jaguar,485,248,9,252,8,discomfort
5642,hunt_start,Bear,463,283,8,76,3,target:Monkey:626
5647,reproduce,Monkey,19,130,1,247,6,offspring:1
5647,reproduce,Camel,655,165,6,207,8,offspring:1
5653,hunt_start,Wolf,430,263,3,216,8,target:Boar:945
5662,kill,Shroomer,287,243,4,127,8,killed_by:Wolf:439
5663,hunt_start,Wolf,439,243,1,127,5,target:Shroomer:374
5668,kill,Monkey,793,69,5,243,0,killed_by:Hawk:244
5669,hunt_start,Hawk,244,69,5,243,2,target:Lizard:518
5669,hunt_fail,Boar,739,71,6,249,3,target_died
5672,reproduce,Penguin,384,126,2,22,8,offspring:1
5678,reproduce,Wolf,431,265,2,216,1,offspring:1
5679,hunt_start,Wolf,287,263,2,213,8,target:Lizard:724
5679,kill,Elk,257,231,5,72,2,killed_by:Polar Bear:544
5687,hunt_start,Jaguar,485,250,1,252,0,target:Rabbit:580
5692,environment_death,Elk,201,52,9,72,9,drowning
5692,hunt_fail,Boar,458,251,7,191,2,discomfort
5697,reproduce,Parrot,835,192,0,237,6,offspring:1
5702,spore_matured,Shroomer,-1,-0,9,157,7,
5702,reproduce,Shroomer,-1,-0,9,157,7,offspring:1
5702,spore_matured,Shroomer,-1,7,4,160,7,
5702,reproduce,Shroomer,-1,7,4,160,7,offspring:1
5705,hunt_start,Wolf,433,102,8,180,0,target:Lizard:762
5715,starvation,Hawk,129,3,0,238,3,
5716,reproduce,Elk,546,23,1,64,0,offspring:1
5719,reproduce,Camel,594,89,2,134,0,offspring:1
5728,kill,Rabbit,780,27,9,227,0,killed_by:Hawk:465
5728,reproduce,Rabbit,729,31,2,221,6,offspring:2
5729,hunt_start,Hawk,465,27,7,227,0,target:Rabbit:129
5733,kill,Boar,946,266,5,205,0,killed_by:Shark:539
5734,kill,Tapir,920,134,1,155,5,killed_by:Jaguar:486
5734,hunt_start,Shark,539,266,0,205,5,target:Boar:947
5735,hunt_start,Jaguar,486,134,8,155,5,target:Tapir:851
5744,hunt_fail,Jaguar,485,250,0,250,8,discomfort
5752,reproduce,Penguin,769,192,0,13,6,offspring:1
5773,environment_death,Deer,38,12,6,140,3,drowning
5773,reproduce,Deer,5,26,0,170,1,offspring:1
5773,reproduce,Deer,40,20,0,163,4,offspring:1
5773,reproduce,Deer,44,23,0,165,9,offspring:1
5773,reproduce,Deer,519,26,6,165,2,offspring:1
5774,reproduce,Camel,252,132,0,113,0,offspring:1
5775,kill,Monkey,322,67,5,207,9,killed_by:Hawk:413
5775,reproduce,Jaguar,768,64,4,262,2,offspring:1
5776,hunt_start,Jaguar,322,61,4,261,7,target:Turtle:7
5776,hunt_start,Hawk,413,67,3,208,1,target:Lizard:872
5776,hunt_start,Jaguar,768,64,4,262,2,target:Boar:826
5777,starvation,Monkey,686,19,8,286,8,
5785,kill,Boar,826,67,3,261,8,killed_by:Jaguar:768
5788,starvation,Frog,696,255,0,123,8,
5790,environment_death,Monkey,325,14,0,141,2,drowning
5790,reproduce,Monkey,218,0,5,149,7,offspring:1
5790,reproduce,Monkey,336,9,4,140,0,offspring:1
5790,reproduce,Monkey,497,14,7,141,9,offspring:1
5790,reproduce,Monkey,530,2,5,140,0,offspring:1
5793,environment_death,Shroomer,772,24,8,180,9,drowning
5806,starvation,Deer,46,42,6,93,8,
5815,hunt_start,Jaguar,573,35,0,140,2,target:Frog:484
5818,reproduce,Parrot,175,241,1,158,9,offspring:1
5824,reproduce,Lizard,717,266,6,266,0,offspring:2
5827,hunt_start,Polar Bear,466,245,3,89,5,target:Frog:169
5829,kill,Lizard,518,98,1,231,9,killed_by:Hawk:244
5830,hunt_start,Hawk,244,97,9,231,9,target:Rabbit:645
5830,kill,Boar,947,261,1,209,4,killed_by:Shark:539
5830,reproduce,Shark,539,261,8,209,4,offspring:1
5831,hunt_start,Shark,518,259,4,211,6,target:Boar:945
5831,hunt_start,Shark,539,261,7,209,4,target:Boar:945
5833,reproduce,Wolf,432,265,6,212,9,offspring:1
5835,hunt_start,Wolf,947,266,6,212,6,target:Fish:899
5836,kill,Lizard,165,169,8,80,0,killed_by:Hawk:468
5839,environment_death,Monkey,326,0,2,205,5,drowning
5839,hunt_fail,Boar,812,1,0,199,5,target_died
5839,hunt_fail,Boar,968,0,0,200,0,target_died
5839,hunt_fail,Boar,969,0,7,200,0,target_died
5839,reproduce,Monkey,658,8,3,194,8,offspring:1
5839,reproduce,Monkey,757,9,1,192,3,offspring:1
5840,hunt_fail,Wolf,97,286,3,206,8,prey_escaped
5840,hunt_start,Wolf,97,286,3,206,8,target:Rabbit:784
5840,hunt_start,Boar,812,1,0,199,5,target:Monkey:165
5840,hunt_start,Boar,969,0,8,200,0,target:Monkey:165
5851,hunt_start,Jaguar,485,252,9,250,9,target:Rabbit:580
5852,starvation,Fish,75,101,4,75,5,
5852,starvation,Fish,261,124,5,35,3,
5852,hunt_fail,Jaguar,386,126,1,38,9,target_died
5852,hunt_start,Jaguar,386,126,1,38,9,target:Shroomer:422
5860,kill,Boar,945,262,7,208,2,killed_by:Shark:539
5861,hunt_fail,Wolf,430,263,2,209,2,target_died
5861,hunt_start,Wolf,430,263,2,209,2,target:Boar:773
5861,hunt_fail,Wolf,431,263,2,208,4,target_died
5861,hunt_fail,Wolf,432,263,8,210,2,target_died
5861,hunt_fail,Shark,518,261,4,210,2,target_died
5861,hunt_start,Shark,518,261,4,210,2,target:Boar:773
5862,reproduce,Elk,818,190,6,216,8,offspring:1
5864,kill,Rabbit,129,37,7,206,9,killed_by:Hawk:465
5865,hunt_start,Hawk,465,37,6,207,0,target:Rabbit:780
5867,reproduce,Monkey,557,64,0,279,3,offspring:1
5873,hunt_start,Boar,151,244,3,202,6,target:Lizard:615
5877,kill,Shroomer,374,248,0,118,1,killed_by:Wolf:439
5889,kill,Turtle,7,56,0,256,1,killed_by:Jaguar:322
5891,environment_death,Deer,39,13,7,143,7,drowning
5895,hunt_fail,Wolf,433,111,5,195,1,discomfort
5895,reproduce,Parrot,905,252,5,134,7,offspring:1
5897,reproduce,Rabbit,107,77,6,96,0,offspring:2
5897,reproduce,Rabbit,725,63,7,130,2,offspring:2
5897,reproduce,Rabbit,819,77,6,132,7,offspring:2
5901,kill,Tapir,851,131,5,163,3,killed_by:Jaguar:486
5929,reproduce,Rabbit,88,117,6,256,0,offspring:2
5931,kill,Rabbit,138,83,4,64,4,killed_by:Arctic Fox:709
5934,kill,Rabbit,645,112,8,223,2,killed_by:Hawk:244
5935,hunt_start,Hawk,244,112,7,223,2,target:Lizard:329
5938,spore_created,Shroomer,-1,232,5,206,8,
5938,spore_created,Shroomer,-1,228,4,210,4,
5942,kill,Lizard,872,85,3,233,5,killed_by:Hawk:413
5943,hunt_start,Hawk,413,85,2,233,4,target:Rabbit:241
5944,starvation,Penguin,150,196,5,6,2,
5946,reproduce,Lizard,77,103,6,233,9,offspring:2
5946,reproduce,Lizard,760,104,0,233,8,offspring:2
5949,reproduce,Deer,490,153,6,209,7,offspring:1
5951,starvation,Scorpion,471,79,5,123,1,
5952,starvation,Wolf,563,202,9,203,2,
5958,kill,Shroomer,422,117,9,36,6,killed_by:Jaguar:386
5958,kill,Tapir,286,60,8,268,7,killed_by:Jaguar:487
5958,reproduce,Jaguar,487,61,3,269,4,offspring:1
5958,reproduce,Tapir,767,62,1,241,8,offspring:1
5959,hunt_start,Jaguar,386,118,6,36,8,target:Shroomer:423
5959,hunt_start,Jaguar,471,58,8,269,9,target:Tapir:598
5959,kill,Rabbit,580,258,9,243,1,killed_by:Jaguar:485
5959,hunt_start,Jaguar,487,61,2,269,3,target:Tapir:598
5960,hunt_start,Jaguar,485,258,5,243,4,target:Rabbit:737
5961,kill,Frog,169,249,7,96,4,killed_by:Polar Bear:466
5961,reproduce,Turtle,190,129,0,225,6,offspring:1
5979,kill,Boar,773,255,1,201,9,killed_by:Shark:518
5979,reproduce,Boar,174,249,6,191,7,offspring:2
5980,hunt_start,Boar,174,249,6,191,7,target:Shroomer:117
5980,hunt_start,Boar,286,249,2,189,0,target:Lizard:615
5980,hunt_fail,Wolf,430,257,3,204,0,target_died
5980,hunt_start,Wolf,430,257,3,204,0,target:Boar:943
5980,hunt_fail,Wolf,431,256,3,202,9,target_died
5980,hunt_fail,Wolf,432,256,0,203,3,target_died
5980,hunt_start,Shark,518,255,4,202,4,target:Turtle:222
5980,hunt_start,Boar,580,249,2,189,0,target:Lizard:615
5981,hunt_start,Polar Bear,360,240,3,74,0,target:Frog:839
5984,reproduce,Lizard,564,42,9,117,7,offspring:2
5984,reproduce,Penguin,858,128,0,7,3,offspring:1
6000,reproduce,Penguin,763,128,0,8,6,offspring:1
6000,reproduce,Camel,789,34,4,170,1,offspring:1
6003,reproduce,Camel,522,8,8,176,0,offspring:1
6012,starvation,Elk,219,219,8,22,9,
6025,reproduce,Musk Ox,25,83,0,130,8,offspring:1
6041,hunt_start,Boar,739,74,3,253,0,target:Rabbit:241
6048,kill,Rabbit,241,77,5,248,7,killed_by:Hawk:413
6048,hunt_fail,Bear,463,275,5,103,1,discomfort
6049,hunt_start,Hawk,413,77,6,248,5,target:Lizard:873
6049,hunt_fail,Boar,739,74,5,252,8,target_died
6053,hunt_start,Crocodile,538,110,4,150,1,target:Camel:266
6054,kill,Rabbit,780,21,9,234,9,killed_by:Hawk:465
6055,hunt_start,Hawk,465,22,0,234,7,target:Rabbit:731
6058,kill,Shroomer,423,121,1,31,7,killed_by:Jaguar:386
6058,spore_matured,Shroomer,-1,228,4,210,5,
6058,reproduce,Shroomer,-1,228,4,210,5,offspring:1
6059,hunt_start,Jaguar,386,120,8,32,4,target:Lizard:579
6066,kill,Lizard,329,135,9,217,9,killed_by:Hawk:244
6067,hunt_start,Hawk,244,135,6,217,9,target:Rabbit:669
6067,kill,Tapir,598,70,3,274,3,killed_by:Jaguar:487
6068,hunt_fail,Jaguar,471,67,9,273,1,target_died
6068,hunt_start,Jaguar,471,67,9,273,1,target:Tapir:766
6069,kill,Rabbit,821,58,0,108,9,killed_by:Arctic Fox:912
6070,hunt_fail,Wolf,641,65,8,108,9,target_died
6070,hunt_start,Wolf,641,65,8,108,9,target:Rabbit:820
6070,spore_matured,Shroomer,-1,232,7,207,0,
6070,reproduce,Shroomer,-1,232,7,207,0,offspring:1
6081,hunt_start,Wolf,436,124,5,95,0,target:Penguin:392
6099,hunt_start,Wolf,439,236,6,122,2,target:Tapir:647
6100,kill,Boar,943,251,8,212,3,killed_by:Wolf:432
6101,hunt_fail,Wolf,430,252,1,210,8,target_died
6101,hunt_fail,Wolf,431,251,6,211,8,target_died
6101,hunt_start,Wolf,431,251,6,211,8,target:Boar:730
6114,kill,Turtle,222,254,2,194,1,killed_by:Shark:518
6123,environment_death,Tapir,357,139,6,164,9,drowning
6126,reproduce,Rabbit,148,152,3,181,1,offspring:2
6128,reproduce,Monkey,512,84,1,179,4,offspring:1
6136,reproduce,Elk,708,74,5,14,5,offspring:1
6138,starvation,Fish,693,226,4,211,5,
6143,starvation,Rabbit,784,280,2,228,7,
6143,hunt_fail,Wolf,97,285,0,222,7,target_died
6145,starvation,Fox,444,286,4,286,4,
6146,spore_created,Shroomer,-1,227,9,201,2,
6146,spore_created,Shroomer,-1,224,6,196,2,
6157,hunt_start,Jaguar,768,61,1,266,3,target:Turtle:186
6160,starvation,Fish,574,236,4,179,6,
6161,hunt_start,Hawk,468,174,3,83,0,target:Lizard:587
6165,spore_created,Shroomer,-1,16,3,160,4,
6165,spore_created,Shroomer,-1,21,5,148,5,
6185,kill,Tapir,766,65,8,278,9,killed_by:Jaguar:471
6185,reproduce,Tapir,363,76,1,236,4,offspring:1
6189,hunt_fail,Arctic Fox,601,23,6,41,2,prey_escaped
6189,hunt_start,Arctic Fox,601,23,6,41,2,target:Lizard:429
6201,reproduce,Lizard,873,52,9,231,4,offspring:2
6210,starvation,Fish,6,231,1,153,7,
6216,hunt_start,Jaguar,471,66,0,278,3,target:Tapir:908
6220,hunt_fail,Wolf,436,113,1,88,6,discomfort
6222,hunt_start,Polar Bear,544,225,3,71,9,target:Frog:503
6240,kill,Shroomer,117,254,6,199,5,killed_by:Boar:174
6248,hunt_fail,Boar,830,258,4,230,5,prey_escaped
6248,hunt_start,Boar,830,258,4,230,5,target:Lizard:721
6248,reproduce,Parrot,835,178,0,228,1,offspring:1
6251,kill,Boar,730,243,2,207,0,killed_by:Wolf:431
6252,hunt_fail,Wolf,430,244,4,207,1,target_died
6252,hunt_start,Wolf,431,243,7,207,1,target:Rabbit:592
6252,hunt_fail,Wolf,432,243,5,206,6,target_died
6253,hunt_start,Jaguar,486,131,1,162,4,target:Lizard:136
6254,reproduce,Elk,589,32,0,55,7,offspring:1
6261,hunt_start,Jaguar,322,58,7,243,8,target:Tapir:767
6262,kill,Rabbit,669,167,0,204,7,killed_by:Hawk:244
6263,kill,Lizard,873,45,0,225,4,killed_by:Hawk:413
6264,hunt_start,Hawk,413,45,1,225,5,target:Monkey:774
6268,kill,Tapir,767,60,8,245,5,killed_by:Jaguar:322
6270,starvation,Elk,223,204,5,12,5,
6273,reproduce,Penguin,384,125,6,13,6,offspring:1
6275,spore_matured,Shroomer,-1,227,4,200,3,
6275,reproduce,Shroomer,-1,227,4,200,3,offspring:1
6282,reproduce,Elk,551,154,9,224,0,offspring:1
6285,hunt_start,Hawk,244,167,9,202,3,target:Rabbit:936
6286,hunt_fail,Jaguar,485,249,6,277,0,discomfort
6292,starvation,Crocodile,451,144,5,145,5,
6292,reproduce,Parrot,185,192,0,183,4,offspring:1
6301,starvation,Fish,887,232,3,158,8,
6308,reproduce,Tapir,362,61,1,253,3,offspring:1
6308,reproduce,Fish,899,264,8,186,6,offspring:2
6310,spore_created,Shroomer,-1,220,0,202,4,
6310,spore_created,Shroomer,-1,226,6,205,8,
6314,reproduce,Boar,458,255,8,191,4,offspring:2
6315,kill,Frog,839,259,7,64,6,killed_by:Polar Bear:360
6315,reproduce,Frog,124,244,9,53,2,offspring:2
6315,reproduce,Frog,268,243,2,52,5,offspring:2
6315,reproduce,Frog,503,225,8,61,3,offspring:2
6316,hunt_start,Polar Bear,360,259,2,64,9,target:Musk Ox:445
6318,spore_matured,Shroomer,-1,224,6,196,2,
6318,reproduce,Shroomer,-1,224,6,196,2,offspring:1
6327,kill,Tapir,647,220,8,136,7,killed_by:Wolf:439
6327,reproduce,Tapir,159,224,8,138,0,offspring:1
6327,reproduce,Tapir,253,227,1,148,6,offspring:1
6327,reproduce,Tapir,256,250,3,167,7,offspring:1
6327,reproduce,Tapir,370,247,5,165,9,offspring:1
6327,reproduce,Tapir,373,245,0,159,1,offspring:1
6327,reproduce,Tapir,404,228,6,155,7,offspring:1
6328,starvation,Scorpion,469,49,5,122,1,
6328,hunt_start,Wolf,439,221,2,136,3,target:Tapir:159
6329,kill,Turtle,186,68,9,259,1,killed_by:Jaguar:768
6330,hunt_start,Arctic Fox,480,193,8,11,2,target:Penguin:946
6337,spore_matured,Shroomer,-1,21,5,148,4,
6337,reproduce,Shroomer,-1,21,5,148,4,offspring:1
6337,spore_matured,Shroomer,-1,15,2,159,7,
6337,reproduce,Shroomer,-1,15,2,159,7,offspring:1
6338,starvation,Sectid,427,104,9,198,3,
6360,starvation,Frog,570,260,5,104,0,
6363,reproduce,Musk Ox,236,116,7,98,8,offspring:1
6371,spore_created,Shroomer,-1,56,8,90,7,
6371,spore_created,Shroomer,-1,59,5,95,8,
6375,kill,Tapir,908,71,1,288,0,killed_by:Jaguar:471
6380,reproduce,Wolf,430,245,9,207,4,offspring:1
6381,hunt_start,Wolf,427,246,4,208,4,target:Rabbit:592
6382,hunt_start,Jaguar,485,252,0,277,8,target:Parrot:959
6395,reproduce,Rabbit,936,146,3,192,0,offspring:2
6396,kill,Monkey,774,36,1,204,3,killed_by:Hawk:413
6397,hunt_start,Hawk,413,36,2,204,6,target:Rabbit:807
6397,reproduce,Rabbit,820,63,6,79,2,offspring:2
6402,kill,Frog,484,39,8,126,0,killed_by:Jaguar:573
6403,hunt_start,Jaguar,573,39,8,126,4,target:Monkey:696
6410,reproduce,Lizard,615,224,0,195,8,offspring:2
6411,kill,Lizard,587,139,2,107,5,killed_by:Hawk:468
6412,starvation,Penguin,170,110,7,117,5,
6412,hunt_start,Hawk,468,139,3,107,2,target:Lizard:160
6412,reproduce,Penguin,71,107,7,96,3,offspring:1
6412,reproduce,Penguin,283,101,0,85,0,offspring:1
6412,reproduce,Penguin,290,77,1,114,0,offspring:1
6412,reproduce,Penguin,352,79,7,117,4,offspring:1
6412,reproduce,Penguin,475,87,2,98,7,offspring:1
6412,reproduce,Penguin,502,72,6,117,8,offspring:1
6412,reproduce,Penguin,555,89,1,88,2,offspring:1
6412,reproduce,Penguin,622,72,7,86,7,offspring:1
6412,reproduce,Penguin,713,70,2,119,8,offspring:1
6412,reproduce,Penguin,836,111,0,78,9,offspring:1
6421,hunt_start,Shark,539,267,0,225,1,target:Boar:944
6437,kill,Camel,266,117,5,127,1,killed_by:Crocodile:538
6437,reproduce,Crocodile,538,117,6,127,9,offspring:1
6438,hunt_start,Crocodile,266,118,3,127,8,target:Camel:852
6438,hunt_start,Crocodile,538,117,5,127,9,target:Camel:852
6448,hunt_start,Jaguar,487,84,4,274,0,target:Boar:824
6449,kill,Penguin,946,186,5,22,8,killed_by:Arctic Fox:480
6450,hunt_start,Arctic Fox,480,186,6,22,6,target:Penguin:549
6455,starvation,Monkey,859,140,4,171,1,
6459,hunt_start,Crocodile,838,126,0,138,6,target:Camel:910
6468,reproduce,Monkey,557,58,2,284,5,offspring:1
6469,starvation,Wolf,776,161,9,286,6,
6469,hunt_start,Boar,939,51,1,284,7,target:Monkey:946
6471,hunt_start,Wolf,97,286,7,225,5,target:Rabbit:845
6473,kill,Rabbit,936,137,5,187,8,killed_by:Hawk:244
6474,hunt_start,Hawk,244,137,7,187,9,target:Rabbit:570
6482,hunt_start,Arctic Fox,709,88,3,55,9,target:Rabbit:790
6482,spore_matured,Shroomer,-1,227,1,206,2,
6482,reproduce,Shroomer,-1,227,1,206,2,offspring:1
6488,starvation,Rabbit,765,21,9,213,5,
6488,kill,Lizard,136,121,6,150,7,killed_by:Jaguar:486
6489,hunt_start,Jaguar,486,122,0,151,1,target:Tapir:353
6493,reproduce,Jaguar,486,122,2,151,0,offspring:1
6494,hunt_start,Jaguar,776,122,7,152,1,target:Tapir:353
6496,starvation,Fish,898,236,4,179,5,
6501,kill,Lizard,429,58,9,32,8,killed_by:Arctic Fox:601
6510,reproduce,Elk,237,196,3,90,2,offspring:1
6512,reproduce,Elk,16,194,1,282,7,offspring:1
6512,reproduce,Elk,192,197,6,279,0,offspring:1
6512,reproduce,Elk,644,192,7,269,7,offspring:1
6520,hunt_start,Arctic Fox,912,61,7,112,7,target:Penguin:713
6523,hunt_start,Boar,451,254,7,190,0,target:Lizard:613
6525,starvation,Snake,473,41,1,93,5,
6530,hunt_fail,Arctic Fox,480,180,9,27,8,discomfort
6546,kill,Tapir,159,234,7,140,1,killed_by:Wolf:439
6546,reproduce,Wolf,435,228,0,111,5,offspring:1
6547,hunt_start,Wolf,898,229,4,111,4,target:Lizard:960
6549,reproduce,Camel,254,133,8,139,9,offspring:1
6550,kill,Musk Ox,445,248,3,71,5,killed_by:Polar Bear:360
6557,kill,Rabbit,807,23,1,226,3,killed_by:Hawk:413
6558,hunt_start,Hawk,413,23,2,226,2,target:Rabbit:764
6558,hunt_start,Wolf,439,233,8,140,5,target:Rabbit:84
6565,kill,Frog,503,226,2,51,1,killed_by:Polar Bear:544
6566,hunt_start,Polar Bear,544,226,2,51,8,target:Frog:987
6571,kill,Camel,852,121,9,121,1,killed_by:Crocodile:266
6571,reproduce,Penguin,470,120,0,14,4,offspring:1
6572,hunt_fail,Crocodile,538,117,7,127,2,target_died
6577,starvation,Frog,76,23,3,15,0,
6577,reproduce,Frog,414,28,6,9,3,offspring:2
6577,reproduce,Frog,628,27,9,2,9,offspring:2
6582,kill,Lizard,160,116,5,90,1,killed_by:Hawk:468
6583,hunt_start,Hawk,468,116,7,90,2,target:Penguin:392
6587,kill,Rabbit,592,252,3,232,1,killed_by:Wolf:432
6588,hunt_fail,Wolf,427,252,3,225,8,target_died
6588,hunt_start,Wolf,427,252,3,225,8,target:Rabbit:785
6588,hunt_fail,Wolf,430,252,4,231,0,target_died
6588,hunt_start,Wolf,430,252,4,231,0,target:Rabbit:785
6588,hunt_fail,Wolf,431,252,6,230,0,target_died
6590,hunt_start,Arctic Fox,601,54,6,30,7,target:Lizard:653
6592,starvation,Parrot,365,285,7,140,6,
6593,kill,Camel,910,132,2,138,8,killed_by:Crocodile:838
6599,reproduce,Tapir,355,145,8,154,1,offspring:1
6600,reproduce,Monkey,332,128,0,261,9,offspring:1
6605,kill,Boar,944,259,3,211,5,killed_by:Shark:539
6625,kill,Rabbit,570,160,8,180,3,killed_by:Hawk:244
6626,hunt_start,Hawk,244,160,6,180,4,target:Rabbit:645
6640,hunt_start,Jaguar,322,52,4,237,6,target:Monkey:533
6643,hunt_fail,Jaguar,486,126,8,148,0,discomfort
6644,environment_death,Deer,45,45,1,95,8,drowning
6648,reproduce,Camel,655,166,1,207,6,offspring:1
6663,reproduce,Elk,818,194,2,220,9,offspring:1
6675,hunt_start,Shark,518,250,0,196,3,target:Turtle:166
6685,reproduce,Rabbit,86,93,4,216,9,offspring:2
6685,reproduce,Rabbit,144,77,2,215,0,offspring:2
6685,reproduce,Rabbit,646,72,7,215,7,offspring:2
6685,reproduce,Rabbit,729,32,0,236,9,offspring:2
6685,reproduce,Rabbit,853,69,1,214,6,offspring:2
6688,starvation,Lizard,682,275,9,138,0,
6690,reproduce,Monkey,951,128,0,269,5,offspring:1
6693,starvation,Lizard,683,286,5,140,5,
6695,environment_death,Deer,40,25,5,158,0,drowning
6697,kill,Penguin,392,103,3,86,4,killed_by:Hawk:468
6698,hunt_start,Hawk,468,103,6,86,5,target:Penguin:170
6701,hunt_start,Jaguar,768,61,4,270,0,target:Monkey:557
6706,starvation,Rabbit,554,258,0,127,1,
6707,kill,Rabbit,84,237,1,137,8,killed_by:Wolf:439
6707,reproduce,Rabbit,102,275,7,116,4,offspring:2
6707,reproduce,Rabbit,104,273,3,111,2,offspring:2
6707,reproduce,Wolf,439,236,7,137,7,offspring:1
6708,hunt_start,Wolf,84,235,5,135,2,target:Shroomer:281
6708,hunt_start,Wolf,439,236,8,137,7,target:Shroomer:281
6717,spore_created,Shroomer,-1,159,9,23,1,
6717,spore_created,Shroomer,-1,161,3,33,6,
6720,reproduce,Camel,594,77,0,127,5,offspring:1
6727,starvation,Crocodile,449,207,5,95,9,
6735,reproduce,Lizard,564,26,3,72,7,offspring:2
6736,hunt_start,Crocodile,538,120,5,126,4,target:Camel:972
6744,starvation,Wolf,97,276,4,259,9,
6746,kill,Rabbit,764,21,3,255,6,killed_by:Hawk:413
6747,hunt_start,Jaguar,471,62,0,278,5,target:Monkey:261
6748,reproduce,Parrot,793,192,0,225,1,offspring:1
6751,hunt_start,Arctic Fox,480,187,1,25,3,target:Penguin:275
6759,kill,Penguin,713,76,0,125,8,killed_by:Arctic Fox:912
6760,hunt_start,Arctic Fox,912,75,8,125,6,target:Penguin:502
6766,environment_death,Deer,80,99,6,52,0,drowning
6766,reproduce,Deer,489,120,1,13,0,offspring:1
6776,kill,Turtle,166,244,8,196,9,killed_by:Shark:518
6776,reproduce,Turtle,506,234,8,193,7,offspring:1
6779,hunt_start,Wolf,436,127,3,90,6,target:Penguin:280
6784,hunt_start,Jaguar,486,127,4,151,9,target:Lizard:595
6794,starvation,Fish,453,134,1,40,3,
6794,kill,Lizard,595,127,3,155,0,killed_by:Jaguar:486
6795,hunt_start,Jaguar,486,127,3,154,3,target:Tapir:354
6797,hunt_fail,Arctic Fox,480,193,0,25,5,discomfort
6799,reproduce,Parrot,835,181,9,224,3,offspring:1
6804,spore_created,Shroomer,-1,232,8,206,9,
6804,spore_created,Shroomer,-1,231,5,206,0,
6806,hunt_start,Hawk,413,21,3,255,4,target:Rabbit:729
6815,kill,Penguin,170,99,9,73,4,killed_by:Hawk:468
6816,hunt_start,Hawk,468,100,0,73,7,target:Penguin:782
6838,starvation,Boar,457,23,9,152,0,
6843,kill,Shroomer,281,241,5,143,3,killed_by:Wolf:439
6843,reproduce,Parrot,185,186,7,183,7,offspring:1
6844,starvation,Monkey,726,121,5,272,5,
6844,hunt_fail,Wolf,84,241,4,142,7,target_died
6844,hunt_start,Wolf,84,241,4,142,7,target:Shroomer:832
6844,hunt_start,Wolf,439,241,0,143,1,target:Shroomer:832
6847,reproduce,Monkey,481,150,6,222,9,offspring:1
6850,hunt_start,Boar,968,7,3,189,4,target:Shroomer:350
6851,hunt_fail,Wolf,432,230,6,229,1,discomfort
6852,reproduce,Camel,252,137,8,116,0,offspring:1
6864,reproduce,Elk,513,210,3,10,6,offspring:1
6866,hunt_fail,Wolf,431,229,2,229,0,discomfort
6868,hunt_fail,Wolf,430,230,2,230,1,discomfort
6871,hunt_fail,Wolf,432,230,9,229,2,discomfort
6883,hunt_fail,Wolf,439,240,9,143,3,discomfort
6886,kill,Lizard,653,62,8,-0,0,killed_by:Arctic Fox:601
6886,reproduce,Tapir,363,73,0,240,6,offspring:1
6887,hunt_start,Arctic Fox,601,62,9,0,2,target:Rabbit:869
6906,spore_created,Shroomer,-1,57,2,5,6,
6906,spore_created,Shroomer,-1,53,0,9,1,
6908,reproduce,Fish,767,266,6,184,6,offspring:2
6908,reproduce,Fish,873,266,2,182,7,offspring:2
6910,hunt_fail,Jaguar,31,73,7,179,3,prey_escaped
6910,hunt_start,Jaguar,31,73,7,179,3,target:Monkey:329
6910,spore_created,Shroomer,-1,51,0,95,6,
6910,spore_created,Shroomer,-1,57,7,86,3,
6917,kill,Camel,972,127,1,123,3,killed_by:Crocodile:538
6918,reproduce,Camel,108,117,3,143,7,offspring:1
6926,reproduce,Musk Ox,527,96,4,119,4,offspring:1
6927,reproduce,Rabbit,148,161,6,186,0,offspring:2
6927,spore_matured,Shroomer,-1,231,4,206,3,
6927,reproduce,Shroomer,-1,231,4,206,3,offspring:1
6930,kill,Penguin,502,86,2,113,5,killed_by:Arctic Fox:912
6931,starvation,Hawk,822,95,0,81,0,
6931,hunt_start,Arctic Fox,912,86,0,113,7,target:Penguin:352
6931,spore_matured,Shroomer,-1,233,1,207,3,
6931,reproduce,Shroomer,-1,233,1,207,3,offspring:1
6937,kill,Boar,824,70,9,279,9,killed_by:Jaguar:487
6937,reproduce,Elk,708,84,2,18,5,offspring:1
6938,hunt_start,Wolf,432,232,5,229,6,target:Rabbit:736
6939,starvation,Parrot,85,270,7,240,3,
6939,reproduce,Parrot,250,282,0,273,5,offspring:1
6939,reproduce,Parrot,864,266,1,264,0,offspring:1
6948,reproduce,Deer,825,142,0,2,8,offspring:1
6954,reproduce,Lizard,778,209,8,94,0,offspring:2
6958,kill,Penguin,782,83,2,73,1,killed_by:Hawk:468
6959,hunt_start,Hawk,468,83,5,73,1,target:Rabbit:943
6966,kill,Shroomer,832,234,6,145,9,killed_by:Wolf:84
6967,hunt_start,Wolf,84,235,1,145,6,target:Lizard:520
6972,hunt_fail,Wolf,436,110,8,100,1,discomfort
6976,reproduce,Jaguar,768,79,1,260,9,offspring:1
6977,hunt_start,Jaguar,782,78,9,261,5,target:Monkey:946
6983,starvation,Parrot,689,210,0,187,2,
6983,reproduce,Tapir,907,92,7,221,3,offspring:1
6983,reproduce,Parrot,945,238,7,128,0,offspring:1
7000,hunt_fail,Jaguar,486,137,2,149,0,discomfort
7001,reproduce,Camel,13,28,8,170,5,offspring:1
7001,reproduce,Camel,789,32,3,169,4,offspring:1
7004,starvation,Parrot,440,112,4,286,6,
7004,reproduce,Camel,522,0,0,182,5,offspring:1
7009,kill,Frog,987,242,7,77,5,killed_by:Polar Bear:544
7009,reproduce,Tapir,362,66,8,260,1,offspring:1
7010,hunt_start,Polar Bear,544,242,1,76,6,target:Elk:99
7015,reproduce,Parrot,905,249,9,128,0,offspring:1
7018,starvation,Elk,224,203,5,13,6,
7018,kill,Rabbit,729,36,4,225,4,killed_by:Hawk:413
7018,hunt_fail,Jaguar,485,273,2,241,9,discomfort
7019,hunt_start,Hawk,413,36,3,225,6,target:Rabbit:666
7031,reproduce,Elk,24,154,4,270,0,offspring:1
7031,reproduce,Elk,625,140,1,268,1,offspring:1
7033,spore_matured,Shroomer,-1,50,7,95,3,
7033,reproduce,Shroomer,-1,50,7,95,3,offspring:1
7034,reproduce,Elk,113,35,7,30,8,offspring:1
7036,reproduce,Parrot,246,251,6,128,0,offspring:1
7036,reproduce,Rabbit,666,32,0,222,2,offspring:2
7038,reproduce,Lizard,956,68,4,128,0,offspring:2
7040,hunt_start,Arctic Fox,480,188,0,27,9,target:Penguin:216
7048,kill,Tapir,353,137,1,138,6,killed_by:Jaguar:776
7049,hunt_fail,Snake,474,82,0,226,2,target_died
7049,hunt_start,Jaguar,776,137,0,139,2,target:Camel:254
7075,hunt_start,Wolf,436,115,6,100,7,target:Penguin:71
7078,spore_matured,Shroomer,-1,56,8,5,5,
7078,reproduce,Shroomer,-1,56,8,5,5,offspring:1
7078,spore_matured,Shroomer,-1,53,0,9,1,
7078,reproduce,Shroomer,-1,53,0,9,1,offspring:1
7081,kill,Rabbit,869,85,4,15,2,killed_by:Arctic Fox:601
7082,hunt_start,Arctic Fox,601,85,3,15,0,target:Rabbit:34
7092,reproduce,Monkey,110,276,4,53,2,offspring:1
7093,hunt_start,Polar Bear,360,248,5,67,5,target:Elk:213
7094,hunt_start,Crocodile,838,135,1,139,5,target:Camel:429
7094,kill,Penguin,352,71,2,108,1,killed_by:Arctic Fox:912
7094,reproduce,Arctic Fox,912,71,6,108,2,offspring:1
7095,hunt_start,Arctic Fox,726,72,7,105,2,target:Penguin:290
7095,hunt_start,Arctic Fox,912,71,5,108,2,target:Penguin:290
7101,starvation,Fish,886,236,5,179,6,
7102,reproduce,Polar Bear,544,238,4,80,3,offspring:1
7103,hunt_start,Polar Bear,869,235,5,79,5,target:Frog:829
7109,hunt_start,Jaguar,486,137,3,152,5,target:Tapir:536
7110,reproduce,Boar,758,263,3,204,5,offspring:2
7120,kill,Rabbit,943,65,3,63,8,killed_by:Hawk:468
7121,starvation,Elk,215,205,5,11,0,
7121,hunt_start,Hawk,468,65,6,63,9,target:Frog:395
7124,kill,Rabbit,666,23,6,217,9,killed_by:Hawk:413
7125,hunt_start,Hawk,413,23,8,217,9,target:Rabbit:1026
7126,reproduce,Rabbit,423,145,8,180,3,offspring:2
7137,kill,Elk,99,236,9,82,1,killed_by:Polar Bear:544
7137,reproduce,Elk,91,235,0,66,8,offspring:1
7137,reproduce,Elk,510,243,8,71,6,offspring:1
7137,reproduce,Elk,568,230,5,79,4,offspring:1
7137,reproduce,Elk,600,234,9,69,9,offspring:1
7137,reproduce,Elk,624,231,3,76,7,offspring:1
7140,reproduce,Turtle,178,107,5,274,0,offspring:1
7143,reproduce,Rabbit,214,79,5,86,0,offspring:2
7144,spore_created,Shroomer,-1,51,5,89,4,
7144,spore_created,Shroomer,-1,61,5,79,1,
7154,environment_death,Monkey,324,31,5,146,1,drowning
7159,hunt_fail,Arctic Fox,480,184,1,31,1,discomfort
7166,starvation,Bear,462,178,5,13,0,
7166,hunt_start,Shark,539,264,0,220,8,target:Rabbit:736
7166,kill,Camel,254,140,1,147,2,killed_by:Jaguar:776
7169,reproduce,Lizard,157,51,5,252,3,offspring:2
7169,reproduce,Lizard,693,49,2,229,3,offspring:2
7169,reproduce,Lizard,784,43,1,227,9,offspring:2
7172,reproduce,Penguin,470,127,5,13,6,offspring:1
7182,starvation,Hawk,229,95,4,81,2,
7186,starvation,Lizard,377,264,5,62,3,
7188,environment_death,Deer,64,186,6,2,6,drowning
7188,reproduce,Deer,161,192,5,17,0,offspring:1
7188,reproduce,Deer,259,195,9,5,4,offspring:1
7188,reproduce,Deer,704,195,8,6,6,offspring:1
7190,hunt_fail,Wolf,436,110,1,95,2,discomfort
7191,kill,Rabbit,736,259,2,217,7,killed_by:Wolf:431
7191,reproduce,Wolf,431,258,9,218,0,offspring:1
7197,kill,Frog,829,230,4,82,5,killed_by:Polar Bear:869
7198,hunt_start,Polar Bear,869,230,9,82,2,target:Elk:568
7203,reproduce,Monkey,221,115,3,170,5,offspring:1
7203,reproduce,Monkey,272,110,3,188,9,offspring:1
7203,reproduce,Monkey,306,107,0,169,1,offspring:1
7203,reproduce,Monkey,447,97,1,190,3,offspring:1
7203,reproduce,Monkey,512,96,1,187,8,offspring:1
7203,reproduce,Monkey,728,103,6,181,6,offspring:1
7206,reproduce,Tapir,536,141,4,156,0,offspring:1
7206,reproduce,Tapir,919,143,9,156,8,offspring:1
7210,starvation,Parrot,343,285,0,139,9,
7216,starvation,Rabbit,619,219,3,272,5,
7216,hunt_fail,Wolf,217,238,5,261,8,target_died
7216,hunt_start,Wolf,217,238,5,261,8,target:Lizard:46
7216,hunt_fail,Wolf,576,219,7,280,5,target_died
7216,hunt_fail,Wolf,871,239,2,262,9,target_died
7216,hunt_start,Wolf,871,239,2,262,9,target:Lizard:46
7222,kill,Wolf,736,261,3,221,6,killed_by:Shark:539
7223,hunt_fail,Wolf,431,261,0,221,2,target_died
7223,hunt_fail,Wolf,432,238,6,230,5,target_died
7223,hunt_start,Wolf,432,238,6,230,5,target:Parrot:341
7225,starvation,Parrot,135,250,2,188,8,
7231,starvation,Elk,603,161,5,283,2,
7238,kill,Tapir,536,142,2,156,6,killed_by:Jaguar:486
7242,starvation,Snake,474,73,7,238,4,
7246,kill,Penguin,290,65,5,116,8,killed_by:Arctic Fox:912
7247,hunt_fail,Arctic Fox,726,65,9,116,2,target_died
7247,hunt_start,Arctic Fox,726,65,9,116,2,target:Penguin:997
7252,hunt_start,Arctic Fox,912,65,7,116,7,target:Lizard:1027
7264,reproduce,Musk Ox,236,118,3,96,7,offspring:1
7266,starvation,Shroomer,381,33,1,5,1,
7274,kill,Rabbit,34,97,2,0,0,killed_by:Arctic Fox:601
7281,starvation,Monkey,664,1,7,135,5,
7281,reproduce,Penguin,858,123,8,21,2,offspring:1
7293,hunt_start,Arctic Fox,480,181,2,32,5,target:Frog:663
7296,starvation,Monkey,718,3,2,135,6,
7300,hunt_fail,Wolf,431,257,0,223,2,discomfort
7311,reproduce,Elk,237,184,1,104,5,offspring:1
7314,starvation,Shroomer,627,55,1,124,2,
7314,reproduce,Rabbit,535,57,5,0,7,offspring:2
7316,spore_created,Shroomer,-1,227,2,194,0,
7316,spore_created,Shroomer,-1,238,1,190,2,
7316,spore_matured,Shroomer,-1,51,6,89,2,
7316,reproduce,Shroomer,-1,51,6,89,2,offspring:1
7316,spore_matured,Shroomer,-1,61,5,79,1,
7316,reproduce,Shroomer,-1,61,5,79,1,offspring:1
7318,hunt_start,Jaguar,487,77,9,273,8,target:Turtle:747
7321,reproduce,Jaguar,487,78,2,274,3,offspring:1
7322,hunt_start,Jaguar,34,79,8,274,2,target:Turtle:747
7337,hunt_start,Shark,518,241,7,191,8,target:Turtle:506
7338,kill,Rabbit,1026,54,8,223,3,killed_by:Hawk:413
7339,hunt_start,Hawk,413,54,6,223,2,target:Lizard:693
7342,hunt_start,Crocodile,266,123,4,127,9,target:Camel:108
7343,hunt_start,Arctic Fox,601,96,5,3,2,target:Rabbit:727
7349,starvation,Elk,101,256,5,77,3,
7350,starvation,Snake,476,148,4,276,8,
7352,reproduce,Monkey,658,-0,0,194,4,offspring:1
7356,starvation,Shroomer,443,47,5,94,6,
7366,kill,Elk,568,227,1,73,2,killed_by:Polar Bear:869
7367,reproduce,Rabbit,156,110,8,21,1,offspring:2
7370,starvation,Parrot,230,161,1,286,1,
7379,kill,Elk,213,260,4,54,8,killed_by:Polar Bear:360
7382,reproduce,Lizard,514,277,3,64,0,offspring:2
7388,environment_death,Deer,66,199,6,18,1,drowning
7399,kill,Rabbit,790,134,5,28,9,killed_by:Arctic Fox:709
7400,hunt_start,Arctic Fox,709,134,3,28,9,target:Penguin:317
7403,kill,Frog,663,169,2,25,8,killed_by:Arctic Fox:480
7404,hunt_start,Arctic Fox,480,169,4,25,9,target:Penguin:549
7416,reproduce,Parrot,586,256,9,241,9,offspring:1
7416,reproduce,Parrot,958,280,3,248,0,offspring:1
7416,reproduce,Parrot,959,286,3,241,5,offspring:1
7417,reproduce,Deer,537,208,8,224,0,offspring:1
7420,reproduce,Penguin,763,128,0,9,5,offspring:1
7423,kill,Turtle,747,78,9,279,6,killed_by:Jaguar:487
7424,hunt_fail,Jaguar,34,79,3,279,9,target_died
7424,hunt_start,Jaguar,34,79,3,279,9,target:Monkey:328
7424,reproduce,Turtle,581,102,3,265,9,offspring:1
7433,kill,Penguin,997,82,7,122,5,killed_by:Arctic Fox:726
7433,reproduce,Penguin,543,75,8,91,4,offspring:1
7433,reproduce,Penguin,555,86,4,94,3,offspring:1
7433,reproduce,Penguin,622,77,0,87,3,offspring:1
7433,reproduce,Penguin,952,83,3,95,2,offspring:1
7434,starvation,Frog,922,53,3,68,5,
7434,hunt_fail,Arctic Fox,441,60,8,61,0,target_died
7434,hunt_start,Arctic Fox,726,82,5,122,4,target:Penguin:995
7443,reproduce,Camel,849,221,2,213,0,offspring:1
7452,starvation,Rabbit,731,0,0,241,8,
7452,hunt_fail,Hawk,465,6,6,239,4,target_died
7454,kill,Camel,429,129,4,147,5,killed_by:Crocodile:838
7454,reproduce,Boar,968,3,7,192,0,offspring:2
7455,hunt_start,Hawk,465,6,7,239,1,target:Rabbit:517
7455,hunt_start,Boar,922,5,7,194,8,target:Monkey:460
7455,hunt_start,Boar,997,5,7,194,8,target:Monkey:460
7464,reproduce,Elk,818,195,8,223,7,offspring:1
7466,starvation,Scorpion,472,95,5,75,9,
7466,spore_matured,Shroomer,-1,238,2,190,1,
7466,reproduce,Shroomer,-1,238,2,190,1,offspring:1
7471,hunt_start,Jaguar,485,284,1,241,9,target:Rabbit:845
7473,kill,Camel,108,122,2,134,0,killed_by:Crocodile:266
7474,hunt_start,Polar Bear,869,227,4,73,9,target:Elk:91
7477,reproduce,Lizard,960,128,0,76,3,offspring:2
7482,kill,Rabbit,845,287,1,239,7,killed_by:Jaguar:485
7483,hunt_start,Jaguar,485,286,5,240,1,target:Parrot:959
7485,spore_created,Shroomer,-1,132,5,30,4,
7485,spore_created,Shroomer,-1,135,9,33,9,
7488,spore_matured,Shroomer,-1,226,4,193,2,
7488,reproduce,Shroomer,-1,226,4,193,2,offspring:1
7490,starvation,Lizard,30,7,1,69,6,
7496,reproduce,Musk Ox,234,54,8,31,1,offspring:1
7496,reproduce,Musk Ox,529,68,5,4,5,offspring:1
7496,reproduce,Musk Ox,558,36,7,13,1,offspring:1
7500,reproduce,Penguin,981,127,5,9,3,offspring:1
7501,kill,Turtle,506,233,9,191,2,killed_by:Shark:518
7501,reproduce,Turtle,176,256,2,197,0,offspring:1
7508,reproduce,Lizard,721,288,0,200,9,offspring:2
7510,environment_death,Monkey,335,122,8,279,2,drowning
7524,kill,Penguin,549,155,9,31,2,killed_by:Arctic Fox:480
7525,hunt_start,Arctic Fox,480,156,1,31,1,target:Frog:661
7529,reproduce,Wolf,432,256,1,259,4,offspring:1
7530,environment_death,Tapir,356,161,0,164,1,drowning
7530,hunt_start,Wolf,335,256,1,259,9,target:Parrot:341
7536,kill,Penguin,317,123,7,42,1,killed_by:Arctic Fox:709
7537,hunt_start,Arctic Fox,709,123,8,41,9,target:Lizard:805
7538,hunt_start,Jaguar,776,143,8,142,1,target:Lizard:621
7544,hunt_start,Wolf,576,205,1,273,6,target:Rabbit:786
7552,reproduce,Parrot,175,230,3,157,7,offspring:1
7552,reproduce,Parrot,640,227,1,157,4,offspring:1
7556,environment_death,Tapir,372,252,7,154,9,drowning
7565,hunt_start,Wolf,436,116,6,98,2,target:Penguin:280
7583,reproduce,Elk,589,29,0,62,7,offspring:1
7586,kill,Penguin,995,81,1,138,0,killed_by:Arctic Fox:726
7587,hunt_start,Arctic Fox,726,81,1,137,7,target:Rabbit:761
7588,reproduce,Parrot,246,243,2,126,5,offspring:1
7590,hunt_start,Jaguar,486,140,7,154,4,target:Tapir:354
7595,starvation,Rabbit,345,136,0,247,4,
7600,starvation,Wolf,801,149,4,155,8,
7604,reproduce,Deer,914,64,0,1,7,offspring:1
7605,starvation,Monkey,69,38,0,288,0,
7626,kill,Rabbit,727,86,7,34,9,killed_by:Arctic Fox:601
7627,hunt_start,Arctic Fox,601,86,8,34,7,target:Rabbit:203
7630,kill,Frog,661,145,3,31,1,killed_by:Arctic Fox:480
7630,reproduce,Frog,428,163,3,33,5,offspring:2
7630,reproduce,Frog,442,167,9,31,5,offspring:2
7630,reproduce,Frog,577,148,4,35,1,offspring:2
7630,reproduce,Frog,660,182,7,40,6,offspring:2
7630,reproduce,Frog,662,165,7,31,7,offspring:2
7631,hunt_start,Arctic Fox,480,145,9,31,1,target:Frog:661
7639,reproduce,Monkey,18,276,6,64,0,offspring:1
7646,reproduce,Camel,68,141,0,214,0,offspring:1
7665,reproduce,Rabbit,203,96,1,27,6,offspring:2
7677,environment_death,Rabbit,102,285,0,119,9,drowning
7677,reproduce,Camel,655,158,8,214,8,offspring:1
7680,hunt_start,Polar Bear,544,245,0,86,6,target:Elk:624
7684,reproduce,Tapir,907,98,7,223,7,offspring:1
7694,kill,Elk,91,241,4,68,5,killed_by:Polar Bear:869
7696,reproduce,Rabbit,7,52,4,130,0,offspring:2
7696,reproduce,Rabbit,39,45,2,146,9,offspring:2
7696,reproduce,Camel,860,145,0,115,2,offspring:1
7696,reproduce,Rabbit,975,59,7,134,5,offspring:2
7699,hunt_fail,Arctic Fox,480,148,4,35,1,discomfort
7699,kill,Tapir,354,137,8,148,1,killed_by:Jaguar:486
7708,reproduce,Penguin,384,128,0,10,6,offspring:1
7716,reproduce,Monkey,874,91,7,264,8,offspring:1
7716,reproduce,Monkey,906,91,9,283,8,offspring:1
7721,reproduce,Camel,594,75,3,126,2,offspring:1
7725,starvation,Monkey,844,19,8,286,6,
7732,hunt_fail,Wolf,436,108,6,105,1,discomfort
7734,reproduce,Jaguar,486,137,9,149,6,offspring:1
7735,hunt_start,Jaguar,844,139,4,147,1,target:Lizard:814
7738,reproduce,Elk,708,90,5,28,2,offspring:1
7739,starvation,Monkey,326,20,4,209,4,
7773,reproduce,Penguin,470,122,9,20,6,offspring:1
7780,starvation,Hawk,465,3,8,252,0,
7783,hunt_start,Shark,539,249,1,221,0,target:Parrot:338
7791,reproduce,Rabbit,976,123,2,256,0,offspring:2
7792,kill,Rabbit,786,215,7,245,4,killed_by:Wolf:576
7793,hunt_start,Wolf,576,216,0,245,5,target:Parrot:173
7804,hunt_start,Jaguar,487,72,7,276,8,target:Boar:383
7804,reproduce,Rabbit,493,56,0,5,4,offspring:2
7806,kill,Rabbit,820,23,6,64,0,killed_by:Wolf:641
7807,hunt_start,Wolf,641,23,9,64,0,target:Lizard:1010
7819,hunt_start,Jaguar,486,137,9,152,8,target:Tapir:852
7821,starvation,Penguin,904,192,5,1,1,
7827,reproduce,Musk Ox,527,107,5,123,8,offspring:1
7829,hunt_start,Polar Bear,466,250,2,96,1,target:Frog:742
7831,reproduce,Shark,539,246,7,223,9,offspring:1
7832,hunt_start,Shark,904,249,6,224,1,target:Parrot:338
7835,reproduce,Elk,113,50,0,26,5,offspring:1
7835,reproduce,Elk,941,97,0,32,5,offspring:1
7843,starvation,Deer,41,18,4,138,1,
7848,kill,Rabbit,785,183,4,245,5,killed_by:Wolf:427
7850,kill,Frog,395,87,7,71,2,killed_by:Hawk:468
7851,starvation,Penguin,274,194,6,18,4,
7851,hunt_start,Hawk,468,87,5,71,3,target:Rabbit:153
7865,kill,Rabbit,203,110,7,16,3,killed_by:Arctic Fox:601
7866,environment_death,Tapir,355,154,0,154,9,drowning
7866,hunt_start,Arctic Fox,601,110,6,16,4,target:Rabbit:627
7873,hunt_start,Arctic Fox,441,48,2,49,3,target:Lizard:865
7882,reproduce,Penguin,858,122,0,21,6,offspring:1
7883,spore_created,Shroomer,-1,36,8,110,1,
7883,spore_created,Shroomer,-1,32,0,102,1,
7905,reproduce,Lizard,520,214,3,224,1,offspring:2
7907,reproduce,Tapir,919,143,8,159,4,offspring:1
7912,reproduce,Penguin,999,63,8,90,0,offspring:1
7922,hunt_start,Polar Bear,360,260,9,47,8,target:Monkey:110
7928,starvation,Lizard,777,148,9,156,0,
7928,reproduce,Boar,618,175,1,192,0,offspring:2
7929,hunt_start,Boar,777,173,0,192,9,target:Parrot:166
7929,hunt_start,Boar,785,173,0,192,9,target:Parrot:166
7930,reproduce,Camel,252,118,9,119,4,offspring:1
7937,environment_death,Monkey,328,117,2,288,0,drowning
7937,hunt_fail,Jaguar,34,112,4,287,3,target_died
7939,reproduce,Crocodile,538,135,2,125,7,offspring:1
7940,reproduce,Turtle,190,126,5,220,4,offspring:1
7942,hunt_fail,Jaguar,486,137,8,160,6,discomfort
7948,reproduce,Rabbit,184,192,0,232,3,offspring:2
7959,kill,Rabbit,761,104,1,168,9,killed_by:Arctic Fox:726
7960,hunt_start,Arctic Fox,726,104,0,168,7,target:Lizard:127
7962,reproduce,Musk Ox,954,122,5,98,7,offspring:1
7966,hunt_start,Jaguar,34,112,4,287,3,target:Turtle:178
7969,kill,Boar,383,86,7,272,4,killed_by:Jaguar:487
7974,hunt_start,Crocodile,266,129,2,131,3,target:Camel:929
7980,kill,Rabbit,153,86,6,55,8,killed_by:Hawk:468
7981,hunt_start,Hawk,468,86,6,56,0,target:Frog:926
7981,kill,Lizard,46,288,0,282,0,killed_by:Wolf:871
7982,hunt_fail,Wolf,217,287,1,282,6,target_died
7982,hunt_start,Wolf,217,287,1,282,6,target:Lizard:247
7982,hunt_start,Wolf,871,287,2,281,9,target:Lizard:247
7984,kill,Elk,624,231,5,74,1,killed_by:Polar Bear:544
7984,reproduce,Elk,255,248,5,68,4,offspring:1
7984,reproduce,Elk,600,225,4,77,0,offspring:1
7984,reproduce,Parrot,689,244,8,117,0,offspring:1
7989,hunt_start,Wolf,436,117,4,102,2,target:Penguin:71
8000,reproduce,Crocodile,838,128,3,146,3,offspring:1
8001,hunt_start,Crocodile,624,131,2,146,1,target:Lizard:4
8002,reproduce,Camel,13,22,8,170,4,offspring:1
8002,reproduce,Camel,789,24,5,170,8,offspring:1
8002,reproduce,Camel,911,7,5,171,0,offspring:1
8009,hunt_start,Arctic Fox,480,155,0,33,1,target:Penguin:162
8018,reproduce,Parrot,166,159,8,198,9,offspring:1
8019,starvation,Lizard,37,264,9,62,6,
8020,hunt_start,Crocodile,838,128,0,146,1,target:Lizard:621
8023,reproduce,Lizard,610,268,5,63,7,offspring:2
8028,starvation,Wolf,217,287,8,279,0,
8033,starvation,Deer,78,172,3,173,1,
8033,reproduce,Deer,490,152,4,206,3,offspring:1
8033,reproduce,Deer,559,151,0,190,5,offspring:1
8033,reproduce,Deer,979,151,4,205,1,offspring:1
8035,hunt_fail,Jaguar,485,273,5,241,8,discomfort
8036,reproduce,Parrot,1024,239,2,119,0,offspring:1
8045,starvation,Monkey,165,0,1,217,2,
8045,hunt_fail,Boar,812,0,9,199,7,target_died
8045,hunt_fail,Boar,969,1,4,200,1,target_died
8059,reproduce,Deer,94,3,3,194,2,offspring:1
8062,hunt_start,Shark,518,246,3,199,6,target:Boar:273
8071,reproduce,Penguin,473,123,3,21,6,offspring:1
8079,starvation,Arctic Fox,483,60,5,84,7,
8086,starvation,Jaguar,485,274,1,242,0,
8089,kill,Rabbit,627,138,8,24,1,killed_by:Arctic Fox:601
8090,hunt_start,Arctic Fox,601,138,5,24,2,target:Lizard:803
8097,reproduce,Rabbit,222,72,0,66,7,offspring:2
8100,reproduce,Deer,537,196,6,224,0,offspring:1
8102,hunt_start,Boar,456,25,5,150,6,target:Shroomer:257
8112,reproduce,Elk,237,189,7,110,1,offspring:1
8123,spore_created,Shroomer,-1,19,4,145,2,
8123,spore_created,Shroomer,-1,11,2,146,9,
8133,hunt_fail,Wolf,436,113,9,87,1,discomfort
8136,reproduce,Deer,675,184,2,224,0,offspring:1
8139,kill,Penguin,162,167,2,23,6,killed_by:Arctic Fox:480
8140,hunt_start,Arctic Fox,480,167,2,23,9,target:Frog:662
8141,kill,Frog,926,73,8,71,2,killed_by:Hawk:468
8142,hunt_start,Hawk,468,74,0,71,0,target:Rabbit:485
8158,reproduce,Deer,542,192,0,168,7,offspring:1
8160,reproduce,Penguin,1000,66,4,131,8,offspring:1
8164,starvation,Hawk,244,150,5,143,1,
8165,reproduce,Musk Ox,236,116,2,97,7,offspring:1
8168,reproduce,Rabbit,156,115,1,26,2,offspring:2
8181,hunt_start,Crocodile,328,128,7,130,2,target:Lizard:621
8185,kill,Boar,273,253,4,206,0,killed_by:Shark:518
8197,starvation,Monkey,130,19,8,285,1,
8198,starvation,Wolf,871,287,4,256,4,
8201,hunt_start,Boar,456,24,2,151,3,target:Shroomer:257
8222,reproduce,Monkey,481,167,4,212,2,offspring:1
8225,hunt_start,Crocodile,538,140,4,127,3,target:Lizard:4
8237,hunt_start,Polar Bear,869,241,6,60,0,target:Frog:124
8246,starvation,Crocodile,450,54,1,124,5,
8250,spore_created,Shroomer,-1,230,4,212,5,
8250,spore_created,Shroomer,-1,230,8,204,3,
8256,reproduce,Boar,580,199,8,192,0,offspring:2
8256,reproduce,Deer,672,192,0,166,4,offspring:1
8266,kill,Frog,662,159,5,17,1,killed_by:Arctic Fox:480
8267,hunt_start,Arctic Fox,480,159,7,17,2,target:Penguin:915
8268,kill,Rabbit,485,65,5,58,9,killed_by:Hawk:468
8269,hunt_start,Hawk,468,65,6,59,1,target:Rabbit:222
8286,kill,Lizard,865,48,4,10,2,killed_by:Arctic Fox:441
8287,hunt_start,Arctic Fox,441,48,3,10,4,target:Rabbit:1072
8287,kill,Frog,742,268,2,121,1,killed_by:Polar Bear:466
8288,hunt_start,Polar Bear,466,267,5,120,2,target:Musk Ox:712
8295,spore_matured,Shroomer,-1,19,4,145,2,
8295,reproduce,Shroomer,-1,19,4,145,2,offspring:1
8303,starvation,Penguin,915,168,2,11,2,
8303,hunt_fail,Arctic Fox,480,161,6,15,7,target_died
8303,hunt_start,Arctic Fox,480,161,6,15,7,target:Penguin:831
8303,reproduce,Penguin,216,183,0,36,6,offspring:1
8303,reproduce,Penguin,525,166,6,5,9,offspring:1
8303,reproduce,Penguin,705,178,3,30,6,offspring:1
8316,starvation,Penguin,393,156,7,7,4,
8317,reproduce,Parrot,173,205,0,256,1,offspring:1
8317,reproduce,Monkey,874,96,0,264,8,offspring:1
8320,kill,Monkey,696,0,0,115,8,killed_by:Jaguar:573
8320,reproduce,Monkey,218,2,4,144,8,offspring:1
8320,reproduce,Monkey,325,3,2,144,6,offspring:1
8320,reproduce,Monkey,336,12,6,141,6,offspring:1
8320,reproduce,Monkey,497,25,6,129,1,offspring:1
8320,reproduce,Monkey,550,25,6,132,2,offspring:1
8320,reproduce,Monkey,826,4,2,144,1,offspring:1
8321,hunt_start,Jaguar,573,0,0,116,5,target:Lizard:935
8327,hunt_start,Boar,812,6,3,195,9,target:Monkey:757
8351,reproduce,Elk,551,171,3,214,9,offspring:1
8353,hunt_start,Boar,456,23,6,151,0,target:Shroomer:257
8355,hunt_start,Jaguar,487,83,9,279,1,target:Boar:939
8366,starvation,Wolf,433,110,5,197,0,
8370,spore_matured,Shroomer,-1,230,4,212,5,
8370,reproduce,Shroomer,-1,230,4,212,5,offspring:1
8381,starvation,Monkey,332,129,1,263,8,
8383,reproduce,Boar,968,3,8,194,2,offspring:2
8392,kill,Musk Ox,712,272,0,122,2,killed_by:Polar Bear:466
8392,reproduce,Polar Bear,466,271,2,121,8,offspring:1
8393,hunt_start,Polar Bear,466,271,3,121,8,target:Musk Ox:415
8393,hunt_start,Polar Bear,712,268,8,123,6,target:Musk Ox:942
8394,hunt_start,Wolf,439,251,0,164,9,target:Rabbit:114
8410,reproduce,Boar,937,58,8,286,4,offspring:2
8417,reproduce,Penguin,763,123,4,18,8,offspring:1
8419,kill,Lizard,621,127,2,135,9,killed_by:Crocodile:838
8420,hunt_fail,Crocodile,328,128,6,131,0,target_died
8420,hunt_start,Crocodile,328,128,6,131,0,target:Lizard:127
8420,hunt_fail,Jaguar,776,138,1,141,0,target_died
8420,hunt_start,Jaguar,776,138,1,141,0,target:Lizard:127
8420,hunt_start,Crocodile,838,127,3,136,9,target:Lizard:127
8422,spore_matured,Shroomer,-1,230,5,204,2,
8422,reproduce,Shroomer,-1,230,5,204,2,offspring:1
8425,kill,Rabbit,222,82,4,69,0,killed_by:Hawk:468
8427,reproduce,Hawk,468,82,2,68,9,offspring:1
8428,hunt_start,Hawk,468,82,1,68,9,target:Rabbit:483
8428,hunt_start,Hawk,871,79,9,67,2,target:Rabbit:483
8431,starvation,Penguin,270,192,5,2,0,
8437,reproduce,Deer,914,64,0,11,5,offspring:1
8439,hunt_fail,Arctic Fox,480,163,4,3,5,discomfort
8460,hunt_fail,Wolf,439,253,2,167,8,discomfort
8471,hunt_start,Boar,580,203,1,190,3,target:Lizard:615
8472,reproduce,Lizard,169,25,5,76,5,offspring:2
8476,kill,Rabbit,1072,61,4,-0,1,killed_by:Arctic Fox:441
8476,reproduce,Elk,198,41,7,32,0,offspring:1
8477,hunt_start,Arctic Fox,441,61,4,0,2,target:Rabbit:535
8477,hunt_start,Jaguar,486,132,7,162,7,target:Tapir:358
8478,reproduce,Camel,929,120,8,139,8,offspring:1
8482,hunt_start,Wolf,436,128,0,89,7,target:Penguin:836
8484,reproduce,Penguin,858,123,2,20,9,offspring:1
8486,reproduce,Boar,174,264,5,210,9,offspring:2
8486,reproduce,Boar,758,264,7,212,5,offspring:2
8486,reproduce,Boar,887,266,6,205,7,offspring:2
8488,kill,Lizard,803,111,3,-0,0,killed_by:Arctic Fox:601
8489,hunt_start,Arctic Fox,601,111,6,0,0,target:Penguin:354
8496,reproduce,Camel,849,212,6,219,3,offspring:1
8497,kill,Musk Ox,415,274,2,123,4,killed_by:Polar Bear:466
8497,reproduce,Musk Ox,11,256,7,122,7,offspring:1
8497,reproduce,Monkey,18,273,1,63,4,offspring:1
8497,reproduce,Musk Ox,93,274,3,104,0,offspring:1
8497,reproduce,Monkey,281,267,1,57,6,offspring:1
8497,reproduce,Musk Ox,304,274,2,111,6,offspring:1
8497,reproduce,Musk Ox,714,277,9,102,5,offspring:1
8497,reproduce,Musk Ox,809,265,2,120,4,offspring:1
8514,kill,Musk Ox,942,260,7,122,8,killed_by:Polar Bear:712
8516,reproduce,Parrot,246,246,2,121,7,offspring:1
8527,hunt_start,Polar Bear,544,235,1,76,8,target:Elk:383
8527,reproduce,Frog,36,65,8,134,7,offspring:2
8527,reproduce,Frog,678,78,5,148,5,offspring:2
8527,reproduce,Frog,840,79,3,140,9,offspring:2
8528,starvation,Wolf,576,203,7,275,6,
8530,environment_death,Lizard,239,257,5,171,8,drowning
8536,environment_death,Shroomer,433,231,4,213,4,drowning
8539,reproduce,Elk,708,98,3,21,7,offspring:1
8542,hunt_start,Wolf,439,252,1,169,5,target:Rabbit:114
8569,reproduce,Parrot,166,134,0,204,0,offspring:1
8573,starvation,Rabbit,645,150,1,142,3,
8581,starvation,Rabbit,88,129,5,263,6,
8581,reproduce,Lizard,591,128,1,154,6,offspring:2
8590,starvation,Monkey,682,133,4,288,0,
8592,reproduce,Rabbit,976,112,7,256,7,offspring:2
8593,hunt_fail,Crocodile,328,129,3,130,8,prey_escaped
8593,reproduce,Elk,513,207,8,10,1,offspring:1
8596,kill,Rabbit,114,252,9,167,9,killed_by:Wolf:439
8597,hunt_start,Wolf,439,252,6,168,2,target:Rabbit:112
8599,reproduce,Tapir,852,124,7,170,5,offspring:1
8602,hunt_fail,Boar,830,286,0,206,7,prey_escaped
8605,kill,Penguin,836,118,6,100,6,killed_by:Wolf:436
8606,hunt_start,Wolf,436,118,9,100,4,target:Penguin:284
8608,reproduce,Tapir,919,137,0,154,4,offspring:1
8625,reproduce,Elk,818,191,6,224,0,offspring:1
8634,kill,Frog,124,250,5,85,5,killed_by:Polar Bear:869
8634,reproduce,Frog,95,272,4,108,8,offspring:2
8634,reproduce,Frog,743,255,6,123,5,offspring:2
8635,hunt_start,Polar Bear,869,250,2,84,8,target:Elk:383
8636,reproduce,Elk,941,81,3,25,8,offspring:1
8637,reproduce,Elk,113,54,1,29,5,offspring:1
8637,reproduce,Elk,598,119,0,25,0,offspring:1
8645,starvation,Rabbit,103,257,3,128,4,
8659,hunt_fail,Crocodile,838,136,8,126,7,prey_escaped
8659,spore_created,Shroomer,-1,232,6,207,4,
8659,spore_created,Shroomer,-1,230,4,199,1,
8663,hunt_fail,Jaguar,776,138,0,139,4,prey_escaped
8667,reproduce,Parrot,372,244,9,121,0,offspring:1
8667,reproduce,Parrot,689,243,0,117,2,offspring:1
8667,reproduce,Parrot,1024,238,2,120,7,offspring:1
8668,starvation,Rabbit,851,128,5,264,5,
8682,reproduce,Rabbit,802,260,0,260,1,offspring:2
8683,reproduce,Penguin,999,64,0,82,0,offspring:1
8684,reproduce,Jaguar,487,88,2,272,5,offspring:1
8685,hunt_start,Jaguar,1137,86,6,269,6,target:Boar:939
8685,reproduce,Lizard,760,128,5,256,0,offspring:2
8688,reproduce,Lizard,1027,128,5,256,1,offspring:2
8691,kill,Rabbit,535,65,5,26,8,killed_by:Arctic Fox:441
8692,hunt_start,Arctic Fox,441,65,5,26,6,target:Lizard:867
8697,reproduce,Camel,860,141,8,100,7,offspring:1
8699,spore_created,Shroomer,-1,26,8,148,2,
8699,spore_created,Shroomer,-1,30,4,155,2,
8702,kill,Rabbit,112,250,0,166,9,killed_by:Wolf:439
8703,hunt_start,Wolf,439,249,8,166,7,target:Parrot:28
8707,reproduce,Elk,706,42,5,128,0,offspring:1
8709,environment_death,Rabbit,105,273,0,122,6,drowning
8710,kill,Elk,383,246,4,80,6,killed_by:Polar Bear:869
8711,hunt_fail,Polar Bear,544,245,7,80,4,target_died
8711,hunt_start,Polar Bear,544,245,7,80,4,target:Elk:1030
8711,spore_created,Shroomer,-1,240,0,209,0,
8711,spore_created,Shroomer,-1,231,5,207,1,
8714,spore_created,Shroomer,-1,51,1,94,1,
8714,spore_created,Shroomer,-1,38,1,98,5,
8715,kill,Penguin,354,106,6,19,1,killed_by:Arctic Fox:601
8715,reproduce,Penguin,470,126,3,20,3,offspring:1
8715,reproduce,Penguin,1040,120,8,13,7,offspring:1
8716,hunt_start,Arctic Fox,601,106,7,18,8,target:Rabbit:1058
8717,starvation,Wolf,361,58,9,77,4,
8719,reproduce,Camel,438,78,0,147,8,offspring:1
8728,reproduce,Musk Ox,527,105,3,124,8,offspring:1
8739,hunt_fail,Wolf,436,112,3,93,6,discomfort
8739,reproduce,Boar,154,76,0,215,9,offspring:2
8739,reproduce,Boar,739,79,0,222,4,offspring:2
8740,hunt_start,Boar,154,76,0,215,8,target:Monkey:331
8740,hunt_start,Boar,739,79,0,222,3,target:Monkey:331
8740,hunt_start,Boar,1148,78,1,215,0,target:Monkey:331
8740,hunt_start,Boar,1149,78,1,215,0,target:Monkey:331
8746,hunt_start,Shark,518,263,8,209,2,target:Boar:174
8760,starvation,Shroomer,659,46,1,102,1,
8761,reproduce,Penguin,1000,62,2,132,3,offspring:1
8766,starvation,Boar,830,286,5,210,2,
8771,kill,Boar,939,91,8,266,1,killed_by:Jaguar:1137
8772,hunt_fail,Jaguar,487,88,8,270,5,target_died
8772,hunt_start,Jaguar,487,88,8,270,5,target:Turtle:230
8772,hunt_start,Jaguar,1137,91,3,266,4,target:Boar:827
8775,hunt_start,Jaguar,776,141,7,136,9,target:Camel:1064
8779,spore_matured,Shroomer,-1,232,8,207,8,
8779,reproduce,Shroomer,-1,232,8,207,8,offspring:1
8779,spore_matured,Shroomer,-1,230,4,199,1,
8779,reproduce,Shroomer,-1,230,4,199,1,offspring:1
8782,starvation,Shroomer,406,191,9,17,5,
8782,hunt_start,Crocodile,328,124,3,133,5,target:Camel:1103
8782,reproduce,Elk,117,182,5,192,9,offspring:1
8784,reproduce,Lizard,274,224,0,229,0,offspring:2
8791,reproduce,Rabbit,465,110,5,264,0,offspring:2
8791,reproduce,Rabbit,1071,108,3,261,9,offspring:2
8801,reproduce,Polar Bear,360,274,8,95,2,offspring:1
8802,hunt_start,Polar Bear,1156,276,3,93,8,target:Monkey:571
8812,reproduce,Monkey,261,150,3,268,0,offspring:1
8814,starvation,Penguin,276,191,5,2,7,
8819,spore_matured,Shroomer,-1,30,4,155,2,
8819,reproduce,Shroomer,-1,30,4,155,2,offspring:1
8823,environment_death,Lizard,240,217,4,184,8,drowning
8823,reproduce,Monkey,481,161,4,203,3,offspring:1
8824,kill,Turtle,230,93,1,270,2,killed_by:Jaguar:487
8830,reproduce,Deer,537,192,0,231,5,offspring:1
8831,reproduce,Shark,518,258,5,213,1,offspring:1
8831,spore_matured,Shroomer,-1,240,0,209,0,
8831,reproduce,Shroomer,-1,240,0,209,0,offspring:1
8832,hunt_start,Shark,230,256,1,213,8,target:Boar:174
8834,reproduce,Rabbit,184,190,8,228,9,offspring:2
8834,spore_matured,Shroomer,-1,50,8,94,4,
8834,reproduce,Shroomer,-1,50,8,94,4,offspring:1
8839,kill,Boar,174,257,6,213,9,killed_by:Shark:518
8839,reproduce,Monkey,1056,282,0,58,3,offspring:1
8840,hunt_fail,Shark,230,256,6,213,8,prey_escaped
8840,hunt_start,Shark,230,256,6,213,8,target:Boar:758
8863,reproduce,Musk Ox,954,121,5,94,7,offspring:1
8867,hunt_start,Boar,456,25,6,150,6,target:Shroomer:1142
8868,reproduce,Parrot,173,194,2,279,4,offspring:1
8869,hunt_start,Wolf,427,182,0,266,5,target:Parrot:1161
8871,spore_matured,Shroomer,-1,26,8,148,2,
8871,reproduce,Shroomer,-1,26,8,148,2,offspring:1
8883,spore_matured,Shroomer,-1,231,0,207,5,
8883,reproduce,Shroomer,-1,231,0,207,5,offspring:1
8884,reproduce,Lizard,773,37,8,129,4,offspring:2
8884,reproduce,Lizard,862,39,8,129,5,offspring:2
8886,spore_matured,Shroomer,-1,38,0,98,4,
8886,reproduce,Shroomer,-1,38,0,98,4,offspring:1
8903,reproduce,Polar Bear,544,247,2,67,4,offspring:1
8904,hunt_start,Polar Bear,1166,245,6,66,3,target:Elk:1030
8908,reproduce,Camel,655,161,9,192,0,offspring:1
8910,kill,Boar,827,101,2,263,5,killed_by:Jaguar:1137
8911,hunt_fail,Jaguar,486,132,7,164,4,discomfort
8913,reproduce,Elk,237,193,2,99,7,offspring:1
8925,kill,Lizard,693,20,9,237,0,killed_by:Hawk:413
8926,hunt_start,Hawk,413,21,0,237,1,target:Rabbit:517
8927,starvation,Wolf,287,275,7,213,5,
8930,spore_created,Shroomer,-1,38,5,95,8,
8930,spore_created,Shroomer,-1,37,9,91,0,
8936,kill,Camel,1103,121,2,140,0,killed_by:Crocodile:328
8936,reproduce,Camel,594,64,7,138,8,offspring:1
8950,starvation,Lizard,724,286,3,208,3,
8952,kill,Boar,758,257,2,204,4,killed_by:Shark:230
8953,hunt_start,Shark,230,257,1,205,1,target:Turtle:182
8959,starvation,Monkey,951,131,0,288,0,
8961,kill,Turtle,178,105,7,281,3,killed_by:Jaguar:34
8962,hunt_start,Jaguar,34,106,2,281,4,target:Monkey:906
8963,hunt_fail,Crocodile,538,149,4,121,9,prey_escaped
8963,hunt_start,Crocodile,538,149,4,121,9,target:Camel:1064
8971,hunt_start,Boar,1151,79,6,224,5,target:Lizard:950
8976,hunt_start,Jaguar,486,131,1,164,0,target:Lizard:433
8982,reproduce,Turtle,837,106,1,217,5,offspring:1
8985,environment_death,Shroomer,276,31,6,155,2,drowning
8988,reproduce,Elk,211,256,0,62,2,offspring:1
8989,starvation,Rabbit,392,247,7,146,3,
8993,kill,Elk,1030,249,9,61,7,killed_by:Polar Bear:1166
8994,hunt_fail,Polar Bear,544,249,8,62,7,target_died
8994,hunt_start,Polar Bear,544,249,8,62,7,target:Elk:207
9000,spore_created,Shroomer,-1,225,4,212,1,
9000,spore_created,Shroomer,-1,231,8,209,7,
9007,kill,Parrot,341,288,0,288,0,killed_by:Wolf:432
9008,hunt_fail,Wolf,335,286,9,286,6,target_died
9008,hunt_start,Wolf,335,286,9,286,6,target:Lizard:520
9008,hunt_fail,Wolf,430,287,0,287,2,target_died
9008,hunt_start,Wolf,430,287,0,287,2,target:Lizard:520
9008,hunt_fail,Wolf,431,286,4,286,3,target_died
9010,reproduce,Penguin,475,84,3,128,0,offspring:1
9011,reproduce,Lizard,157,59,7,256,0,offspring:2
9015,starvation,Bear,463,277,5,106,5,
9016,hunt_fail,Wolf,439,222,8,156,8,discomfort
9017,starvation,Lizard,609,287,2,135,7,
9017,hunt_fail,Bear,398,273,9,131,7,target_died
9018,reproduce,Parrot,1082,152,6,207,3,offspring:1
9028,reproduce,Elk,206,256,0,68,2,offspring:1
9028,spore_created,Shroomer,-1,233,3,196,6,
9028,spore_created,Shroomer,-1,232,9,212,8,
9029,starvation,Jaguar,31,119,9,196,9,
9032,starvation,Monkey,757,17,9,188,0,
9032,hunt_fail,Boar,812,12,0,191,9,target_died
9040,hunt_start,Polar Bear,466,271,8,116,6,target:Musk Ox:454
9046,reproduce,Musk Ox,223,127,9,96,0,offspring:1
9050,kill,Rabbit,517,5,7,225,4,killed_by:Hawk:413
9057,hunt_start,Polar Bear,712,259,5,118,3,target:Musk Ox:1116
9074,hunt_start,Hawk,413,8,5,225,0,target:Monkey:797
9075,spore_created,Shroomer,-1,214,5,198,2,
9075,spore_created,Shroomer,-1,204,6,194,3,
9082,starvation,Wolf,947,256,2,138,9,
9083,reproduce,Turtle,23,59,0,233,8,offspring:1
9090,starvation,Rabbit,448,138,5,210,6,
9098,reproduce,Monkey,18,282,8,58,2,offspring:1
9099,reproduce,Monkey,281,278,2,62,1,offspring:1
9102,spore_matured,Shroomer,-1,37,9,91,0,
9102,reproduce,Shroomer,-1,37,9,91,0,offspring:1
9102,spore_matured,Shroomer,-1,38,2,95,6,
9102,reproduce,Shroomer,-1,38,2,95,6,offspring:1
9103,kill,Lizard,520,288,0,274,5,killed_by:Wolf:431
9103,hunt_start,Polar Bear,1166,249,6,61,1,target:Frog:654
9104,hunt_fail,Wolf,84,287,5,274,7,target_died
9104,hunt_start,Wolf,84,287,5,274,7,target:Lizard:918
9104,hunt_fail,Wolf,335,287,5,276,0,target_died
9104,hunt_start,Wolf,335,287,5,276,0,target:Lizard:918
9104,hunt_fail,Wolf,430,287,7,278,1,target_died
9104,hunt_start,Wolf,430,287,7,278,1,target:Lizard:918
9104,hunt_fail,Wolf,432,287,7,276,7,target_died
9105,kill,Turtle,182,259,4,195,7,killed_by:Shark:230
9109,spore_created,Shroomer,-1,220,8,207,3,
9109,spore_created,Shroomer,-1,222,2,203,5,
9120,spore_matured,Shroomer,-1,231,9,209,8,
9120,reproduce,Shroomer,-1,231,9,209,8,offspring:1
9120,spore_matured,Shroomer,-1,225,5,212,2,
9120,reproduce,Shroomer,-1,225,5,212,2,offspring:1
9123,reproduce,Parrot,166,132,0,202,0,offspring:1
9124,starvation,Penguin,692,87,8,80,8,
9145,reproduce,Parrot,835,160,0,218,7,offspring:1
9146,hunt_start,Shark,518,248,5,212,9,target:Boar:352
9148,spore_matured,Shroomer,-1,233,3,196,6,
9148,reproduce,Shroomer,-1,233,3,196,6,offspring:1
9148,spore_matured,Shroomer,-1,232,9,212,8,
9148,reproduce,Shroomer,-1,232,9,212,8,offspring:1
9152,reproduce,Elk,551,188,9,213,9,offspring:1
9158,hunt_start,Crocodile,838,135,3,118,6,target:Camel:1075
9164,kill,Musk Ox,1116,264,9,117,0,killed_by:Polar Bear:712
9165,kill,Musk Ox,454,266,2,121,7,killed_by:Polar Bear:466
9168,reproduce,Rabbit,244,129,2,32,0,offspring:2
9179,starvation,Turtle,507,267,2,1,8,
9179,starvation,Turtle,508,268,7,173,0,
9179,starvation,Turtle,509,269,1,173,3,
9180,hunt_fail,Jaguar,623,8,8,66,4,prey_escaped
9205,hunt_start,Jaguar,487,106,4,269,6,target:Boar:347
9206,reproduce,Tapir,1046,137,0,156,1,offspring:1
9219,kill,Boar,347,109,7,268,7,killed_by:Jaguar:487
9219,reproduce,Boar,541,113,1,265,4,offspring:2
9219,reproduce,Boar,684,100,5,266,0,offspring:2
9219,reproduce,Boar,744,103,9,258,7,offspring:2
9220,hunt_start,Boar,347,103,3,265,7,target:Monkey:796
9220,hunt_start,Boar,744,103,9,258,7,target:Rabbit:1153
9220,hunt_start,Boar,1169,103,3,265,7,target:Monkey:796
9220,hunt_start,Boar,1170,102,5,258,5,target:Rabbit:1153
9220,hunt_start,Boar,1171,102,5,258,5,target:Monkey:796
9221,hunt_start,Boar,541,113,0,265,3,target:Rabbit:1071
9229,spore_matured,Shroomer,-1,222,2,203,8,
9229,reproduce,Shroomer,-1,222,2,203,8,offspring:1
9230,kill,Camel,1064,148,1,124,5,killed_by:Crocodile:538
9231,hunt_fail,Jaguar,776,147,9,125,1,target_died
9249,spore_created,Shroomer,-1,40,3,85,3,
9249,spore_created,Shroomer,-1,34,9,88,3,
9253,starvation,Deer,29,226,4,162,8,
9253,hunt_start,Polar Bear,869,254,2,82,0,target:Elk:209
9256,hunt_start,Wolf,439,231,2,156,6,target:Rabbit:116
9265,hunt_start,Boar,456,24,7,150,4,target:Shroomer:257
9267,hunt_fail,Jaguar,486,125,0,146,9,discomfort
9272,starvation,Monkey,664,0,0,211,4,
9272,reproduce,Musk Ox,236,123,1,95,8,offspring:1
9272,reproduce,Tapir,647,236,0,128,0,offspring:1
9277,kill,Boar,352,246,6,222,9,killed_by:Shark:518
9282,hunt_start,Jaguar,1137,100,6,263,7,target:Boar:684
9284,reproduce,Camel,252,128,0,111,7,offspring:1
9284,reproduce,Penguin,999,63,1,81,5,offspring:1
9291,kill,Monkey,797,46,7,225,6,killed_by:Hawk:413
9292,hunt_start,Hawk,413,46,5,225,6,target:Lizard:1038
9292,kill,Elk,207,267,9,70,1,killed_by:Polar Bear:544
9306,environment_death,Deer,50,44,4,103,6,drowning
9314,environment_death,Shroomer,609,234,0,210,6,drowning
9316,hunt_start,Boar,938,63,8,286,4,target:Monkey:906
9340,reproduce,Elk,708,98,3,21,6,offspring:1
9342,environment_death,Monkey,315,263,1,135,4,drowning
9354,spore_created,Shroomer,-1,231,1,210,6,
9354,spore_created,Shroomer,-1,236,6,207,8,
9362,reproduce,Penguin,1000,65,3,135,7,offspring:1
9374,starvation,Arctic Fox,709,110,0,35,4,
9384,kill,Rabbit,116,230,2,156,9,killed_by:Wolf:439
9385,hunt_start,Wolf,439,230,5,157,2,target:Rabbit:501
9393,reproduce,Boar,286,202,6,191,4,offspring:2
9406,starvation,Polar Bear,478,94,9,57,5,
9410,kill,Lizard,867,32,0,81,6,killed_by:Arctic Fox:441
9411,hunt_start,Arctic Fox,441,32,1,81,4,target:Lizard:1102
9413,reproduce,Monkey,261,154,1,260,1,offspring:1
9414,kill,Camel,1075,128,8,123,1,killed_by:Crocodile:838
9419,reproduce,Parrot,173,190,7,282,0,offspring:1
9421,spore_matured,Shroomer,-1,40,3,85,3,
9421,reproduce,Shroomer,-1,40,3,85,3,offspring:1
9421,spore_matured,Shroomer,-1,34,0,89,1,
9421,reproduce,Shroomer,-1,34,0,89,1,offspring:1
9422,reproduce,Monkey,273,182,1,220,2,offspring:1
9424,reproduce,Monkey,481,166,0,203,9,offspring:1
9426,reproduce,Turtle,581,97,3,260,1,offspring:1
9426,reproduce,Elk,818,191,1,215,1,offspring:1
9426,reproduce,Musk Ox,1016,98,8,131,0,offspring:1
9428,spore_created,Shroomer,-1,25,1,152,1,
9428,spore_created,Shroomer,-1,19,1,144,6,
9431,hunt_fail,Wolf,432,246,9,271,8,discomfort
9431,reproduce,Deer,537,200,7,235,0,offspring:1
9437,hunt_start,Crocodile,328,113,8,136,5,target:Camel:929
9437,reproduce,Elk,1015,60,5,28,9,offspring:1
9438,reproduce,Elk,113,42,7,23,0,offspring:1
9438,reproduce,Elk,598,127,8,22,4,offspring:1
9440,reproduce,Crocodile,538,146,6,127,7,offspring:1
9442,kill,Lizard,1038,48,6,250,2,killed_by:Hawk:413
9443,hunt_start,Hawk,413,48,6,250,0,target:Lizard:324
9447,hunt_fail,Wolf,431,246,7,271,5,discomfort
9459,hunt_fail,Wolf,430,245,3,270,4,discomfort
9467,spore_created,Shroomer,-1,15,9,164,1,
9467,spore_created,Shroomer,-1,14,0,165,6,
9468,hunt_start,Jaguar,623,7,8,71,2,target:Lizard:1102
9474,spore_matured,Shroomer,-1,236,6,207,8,
9474,reproduce,Shroomer,-1,236,6,207,8,offspring:1
9474,spore_matured,Shroomer,-1,231,1,210,7,
9474,reproduce,Shroomer,-1,231,1,210,7,offspring:1
9476,reproduce,Lizard,591,129,7,156,8,offspring:2
9480,kill,Camel,929,118,3,137,7,killed_by:Crocodile:328
9481,hunt_fail,Crocodile,266,123,2,134,6,target_died
9484,spore_created,Shroomer,-1,234,0,204,4,
9484,spore_created,Shroomer,-1,228,3,212,3,
9490,kill,Frog,654,226,3,51,6,killed_by:Polar Bear:1166
9491,hunt_start,Polar Bear,1166,226,8,51,9,target:Frog:482
9494,spore_created,Shroomer,-1,225,4,204,3,
9494,spore_created,Shroomer,-1,220,7,198,2,
9501,reproduce,Crocodile,838,130,2,121,1,offspring:1
9502,hunt_start,Crocodile,1187,133,2,118,5,target:Camel:352
9505,starvation,Wolf,434,152,5,131,9,
9509,reproduce,Elk,706,43,2,136,2,offspring:1
9520,hunt_start,Wolf,432,250,0,269,7,target:Rabbit:737
9524,starvation,Parrot,351,122,7,180,8,
9525,starvation,Tapir,358,140,5,171,1,
9525,reproduce,Tapir,852,113,0,158,8,offspring:1
9525,reproduce,Tapir,919,132,9,152,9,offspring:1
9525,reproduce,Tapir,1047,144,5,155,3,offspring:1
9531,hunt_start,Crocodile,266,124,0,133,9,target:Lizard:433
9531,spore_created,Shroomer,-1,16,7,175,1,
9531,spore_created,Shroomer,-1,12,5,178,4,
9534,reproduce,Elk,1023,39,6,20,2,offspring:1
9548,hunt_start,Jaguar,776,142,7,128,0,target:Parrot:945
9563,starvation,Fish,674,229,9,159,1,
9569,reproduce,Rabbit,786,54,1,6,9,offspring:2
9572,hunt_start,Crocodile,1183,146,7,126,0,target:Parrot:945
9580,hunt_fail,Wolf,439,246,5,144,0,discomfort
9583,reproduce,Elk,117,179,5,189,1,offspring:1
9590,spore_matured,Shroomer,-1,13,4,165,9,
9590,reproduce,Shroomer,-1,13,4,165,9,offspring:1
9598,reproduce,Parrot,1088,205,1,266,7,offspring:1
9600,hunt_start,Jaguar,487,106,0,267,4,target:Lizard:534
9601,starvation,Penguin,275,189,5,39,5,
9604,spore_matured,Shroomer,-1,228,4,212,4,
9604,reproduce,Shroomer,-1,228,4,212,4,offspring:1
9608,spore_matured,Shroomer,-1,15,9,164,0,
9608,reproduce,Shroomer,-1,15,9,164,0,offspring:1
9612,spore_created,Shroomer,-1,66,8,14,7,
9612,spore_created,Shroomer,-1,63,2,13,2,
9613,starvation,Monkey,76,114,9,275,9,
9613,reproduce,Monkey,874,91,3,272,1,offspring:1
9613,reproduce,Monkey,1067,90,9,265,2,offspring:1
9613,reproduce,Monkey,1068,89,5,264,5,offspring:1
9621,reproduce,Deer,675,192,0,224,5,offspring:1
9637,hunt_start,Boar,508,113,0,264,1,target:Lizard:534
9654,kill,Lizard,324,74,9,224,8,killed_by:Hawk:413
9655,hunt_start,Hawk,413,74,8,224,9,target:Lizard:799
9656,spore_matured,Shroomer,-1,233,6,204,8,
9656,reproduce,Shroomer,-1,233,6,204,8,offspring:1
9658,hunt_start,Boar,456,25,7,151,8,target:Shroomer:1142
9660,starvation,Penguin,280,114,0,116,0,
9666,hunt_start,Shark,230,256,1,199,5,target:Turtle:176
9666,spore_matured,Shroomer,-1,225,4,204,0,
9666,reproduce,Shroomer,-1,225,4,204,0,offspring:1
9666,spore_matured,Shroomer,-1,220,7,198,2,
9666,reproduce,Shroomer,-1,220,7,198,2,offspring:1
9667,spore_matured,Shroomer,-1,16,8,174,9,
9667,reproduce,Shroomer,-1,16,8,174,9,offspring:1
9668,kill,Lizard,1102,2,4,81,8,killed_by:Arctic Fox:441
9669,hunt_fail,Jaguar,623,4,8,79,5,target_died
9670,hunt_start,Polar Bear,544,269,6,71,8,target:Lizard:1035
9673,hunt_start,Jaguar,623,4,7,79,7,target:Musk Ox:379
9674,reproduce,Parrot,166,126,7,201,1,offspring:1
9676,kill,Rabbit,737,261,3,247,3,killed_by:Wolf:430
9676,reproduce,Rabbit,802,262,1,262,4,offspring:2
9677,hunt_start,Wolf,430,261,3,247,7,target:Rabbit:1135
9677,hunt_fail,Wolf,431,261,1,248,3,target_died
9677,hunt_fail,Wolf,432,260,7,247,9,target_died
9678,hunt_start,Boar,1109,262,1,205,8,target:Shroomer:105
9682,reproduce,Elk,206,260,5,67,0,offspring:1
9684,reproduce,Tapir,1060,104,0,242,6,offspring:1
9692,age_death,Lizard,228,237,3,125,0,
9698,reproduce,Camel,860,138,2,97,1,offspring:1
9699,starvation,Rabbit,665,219,9,254,9,
9707,starvation,Lizard,108,288,0,158,8,
9707,starvation,Lizard,845,280,3,141,7,
9707,hunt_start,Polar Bear,712,265,4,122,5,target:Shroomer:931
9708,hunt_start,Polar Bear,466,271,1,115,0,target:Musk Ox:304
9712,reproduce,Monkey,242,32,0,208,1,offspring:1
9713,reproduce,Elk,208,256,0,51,1,offspring:1
9713,reproduce,Elk,600,210,2,79,8,offspring:1
9713,reproduce,Elk,936,209,9,82,1,offspring:1
9716,kill,Elk,209,252,3,54,0,killed_by:Polar Bear:869
9719,reproduce,Elk,211,262,0,60,1,offspring:1
9720,reproduce,Camel,438,77,6,148,4,offspring:1
9720,reproduce,Camel,1009,81,6,131,3,offspring:1
9722,hunt_start,Crocodile,838,132,8,117,9,target:Camel:252
9734,kill,Camel,352,126,3,106,7,killed_by:Crocodile:1187
9745,kill,Rabbit,1135,272,1,247,3,killed_by:Wolf:431
9746,hunt_fail,Wolf,430,265,8,247,7,target_died
9746,hunt_start,Wolf,430,265,8,247,7,target:Rabbit:851
9746,hunt_fail,Wolf,432,267,2,247,5,target_died
9754,hunt_fail,Boar,997,0,0,200,1,prey_escaped
9756,age_death,Lizard,247,286,5,252,9,
9756,reproduce,Lizard,917,276,4,261,4,offspring:2
9759,reproduce,Penguin,475,83,2,128,0,offspring:1
9760,hunt_fail,Boar,922,0,0,200,7,prey_escaped
9762,spore_created,Shroomer,-1,232,9,204,1,
9762,spore_created,Shroomer,-1,226,0,195,5,
9774,kill,Turtle,176,255,7,193,4,killed_by:Shark:230
9776,reproduce,Elk,171,44,1,128,0,offspring:1
9777,kill,Shroomer,931,262,6,121,2,killed_by:Polar Bear:712
9795,starvation,Wolf,898,119,4,53,2,
9798,starvation,Parrot,945,152,5,129,0,
9798,hunt_fail,Jaguar,776,143,2,129,1,target_died
9798,hunt_start,Jaguar,776,143,2,129,1,target:Lizard:521
9798,hunt_fail,Crocodile,1183,147,5,126,4,target_died
9798,hunt_start,Crocodile,1183,147,5,126,4,target:Lizard:521
9806,kill,Musk Ox,304,274,0,110,1,killed_by:Polar Bear:466
9811,reproduce,Elk,736,179,3,81,3,offspring:1
9818,starvation,Wolf,641,86,7,83,5,
9833,reproduce,Boar,528,43,8,286,0,offspring:2
9838,hunt_start,Arctic Fox,480,191,4,7,9,target:Penguin:525
9838,hunt_start,Shark,518,235,4,228,9,target:Parrot:109
9852,kill,Camel,252,135,5,111,9,killed_by:Crocodile:838
9852,reproduce,Camel,595,167,3,113,1,offspring:1
9854,hunt_start,Boar,509,108,5,265,5,target:Lizard:77
9855,starvation,Wolf,436,115,0,94,6,
9856,starvation,Lizard,521,152,6,130,5,
9856,hunt_fail,Jaguar,776,143,6,129,1,target_died
9856,hunt_fail,Crocodile,1183,147,7,126,6,target_died
9864,reproduce,Monkey,110,224,0,143,2,offspring:1
9866,reproduce,Penguin,216,182,0,35,4,offspring:1
9866,reproduce,Penguin,485,167,3,29,9,offspring:1
9866,reproduce,Penguin,705,176,1,41,0,offspring:1
9866,reproduce,Penguin,719,175,7,23,5,offspring:1
9866,reproduce,Penguin,742,169,9,29,9,offspring:1
9869,spore_created,Shroomer,-1,46,3,97,2,
9869,spore_created,Shroomer,-1,45,0,96,9,
9871,starvation,Lizard,721,288,0,152,6,
9875,kill,Musk Ox,379,2,7,94,7,killed_by:Jaguar:623
9877,kill,Lizard,799,110,4,214,0,killed_by:Hawk:413
9878,hunt_start,Hawk,413,110,2,214,1,target:Lizard:813
9882,spore_matured,Shroomer,-1,232,9,204,0,
9882,reproduce,Shroomer,-1,232,9,204,0,offspring:1
9882,spore_matured,Shroomer,-1,226,0,195,5,
9882,reproduce,Shroomer,-1,226,0,195,5,offspring:1
9883,hunt_fail,Jaguar,844,169,2,121,3,prey_escaped
9883,hunt_start,Jaguar,844,169,2,121,3,target:Camel:595
9886,reproduce,Penguin,999,57,5,81,1,offspring:1
9892,kill,Shroomer,105,252,2,203,2,killed_by:Boar:1109
9893,kill,Rabbit,851,272,2,268,9,killed_by:Wolf:432
9893,hunt_start,Boar,1109,252,7,203,4,target:Shroomer:141
9894,hunt_fail,Wolf,430,272,9,268,5,target_died
9894,hunt_start,Wolf,430,272,9,268,5,target:Parrot:1026
9894,hunt_fail,Wolf,431,272,5,269,1,target_died
9904,hunt_start,Boar,709,196,6,195,5,target:Lizard:484
9905,starvation,Monkey,658,0,0,225,0,
9909,reproduce,Camel,655,151,7,191,5,offspring:1
9913,hunt_fail,Boar,456,26,7,149,0,discomfort
9920,kill,Frog,482,248,9,72,1,killed_by:Polar Bear:1166
9920,reproduce,Frog,268,232,3,63,3,offspring:2
9920,reproduce,Frog,984,242,3,57,1,offspring:2
9920,reproduce,Frog,985,245,9,54,5,offspring:2
9920,reproduce,Frog,986,242,5,52,6,offspring:2
9920,reproduce,Frog,988,234,2,63,4,offspring:2
9921,hunt_start,Polar Bear,1166,248,2,71,4,target:Elk:99
9930,starvation,Rabbit,40,253,4,116,4,
9931,reproduce,Deer,491,64,0,28,6,offspring:1
9933,reproduce,Elk,592,204,4,220,5,offspring:1
9957,kill,Penguin,525,176,7,8,1,killed_by:Arctic Fox:480
9958,hunt_start,Arctic Fox,480,176,9,8,1,target:Penguin:865
9959,reproduce,Camel,972,117,6,133,4,offspring:1
9964,reproduce,Monkey,557,128,0,147,0,offspring:1
9964,reproduce,Penguin,1000,70,4,136,5,offspring:1
9967,hunt_start,Crocodile,1183,149,4,126,5,target:Fish:633
9971,reproduce,Parrot,173,177,4,281,5,offspring:1
9973,reproduce,Tapir,647,245,7,123,0,offspring:1
9974,reproduce,Penguin,926,67,7,134,2,offspring:1
9981,hunt_start,Crocodile,328,113,7,136,3,target:Camel:972
9989,spore_matured,Shroomer,-1,46,5,97,4,
9989,reproduce,Shroomer,-1,46,5,97,4,offspring:1
9991,spore_matured,Shroomer,-1,44,5,96,7,
9991,reproduce,Shroomer,-1,44,5,96,7,offspring:1
10000,age_death,Fish,496,157,2,126,5,
10000,age_death,Fish,498,157,8,125,6,
10000,age_death,Fish,499,158,5,124,7,
10003,reproduce,Rabbit,746,284,6,244,9,offspring:2
10003,reproduce,Rabbit,783,278,3,242,8,offspring:2
10012,reproduce,Monkey,1157,158,2,266,7,offspring:1
10014,reproduce,Monkey,261,193,0,223,8,offspring:1
10017,hunt_start,Jaguar,776,137,7,129,4,target:Lizard:935
10020,starvation,Fish,895,247,8,123,0,
10021,hunt_start,Jaguar,486,124,7,143,9,target:Lizard:433
10028,kill,Lizard,433,123,0,141,7,killed_by:Jaguar:486
10029,starvation,Monkey,533,0,0,224,4,
10029,hunt_fail,Crocodile,266,124,4,135,9,target_died
10029,hunt_start,Crocodile,266,124,4,135,9,target:Lizard:935
10029,hunt_fail,Jaguar,322,0,2,221,4,target_died
10029,hunt_start,Jaguar,486,123,5,142,3,target:Monkey:1212
10032,reproduce,Deer,537,197,9,224,0,offspring:1
10047,reproduce,Jaguar,487,119,6,232,1,offspring:1
10048,hunt_start,Jaguar,433,118,1,231,1,target:Boar:745
10050,kill,Lizard,813,91,1,235,7,killed_by:Hawk:413
10051,hunt_start,Hawk,413,91,3,235,6,target:Rabbit:365
10056,hunt_start,Boar,347,127,8,226,4,target:Lizard:534
10066,environment_death,Tapir,366,238,6,274,9,drowning
10066,age_death,Fish,562,159,2,125,0,
10066,reproduce,Fish,35,157,3,124,8,offspring:2
10066,reproduce,Fish,142,158,7,124,2,offspring:2
10066,reproduce,Fish,394,160,4,121,2,offspring:2
10066,reproduce,Fish,629,159,8,124,0,offspring:2
10066,reproduce,Fish,631,157,7,127,3,offspring:2
10066,reproduce,Fish,633,156,2,126,2,offspring:2
10066,reproduce,Fish,635,157,1,125,7,offspring:2
10066,reproduce,Fish,638,158,1,123,5,offspring:2
10066,reproduce,Fish,639,159,4,122,7,offspring:2
10074,reproduce,Rabbit,787,254,9,122,0,offspring:2
10076,hunt_start,Boar,347,126,8,226,3,target:Rabbit:1154
10077,hunt_start,Boar,1109,248,2,206,8,target:Shroomer:141
10079,kill,Penguin,865,170,2,16,5,killed_by:Arctic Fox:480
10080,hunt_start,Arctic Fox,480,170,4,16,3,target:Penguin:685
10094,age_death,Fish,565,225,6,168,9,
10094,age_death,Fish,566,225,0,175,5,
10094,reproduce,Fish,653,267,1,186,0,offspring:2
10094,reproduce,Fish,767,264,5,182,8,offspring:2
10094,reproduce,Fish,1012,267,3,184,7,offspring:2
10096,hunt_start,Boar,347,126,4,225,9,target:Rabbit:1154
10101,hunt_start,Boar,347,126,3,225,7,target:Rabbit:1154
10101,hunt_fail,Wolf,432,255,6,286,1,discomfort
10102,reproduce,Monkey,571,256,4,31,9,offspring:1
10119,hunt_fail,Wolf,431,255,5,286,4,discomfort
10119,reproduce,Monkey,273,175,1,213,4,offspring:1
10119,reproduce,Monkey,946,136,0,159,9,offspring:1
10121,starvation,Turtle,188,284,0,139,0,
10129,starvation,Wolf,427,286,2,286,5,
10133,hunt_fail,Wolf,430,255,7,286,4,discomfort
10141,reproduce,Elk,708,99,2,21,8,offspring:1
10143,kill,Elk,99,236,7,80,3,killed_by:Polar Bear:1166
10144,hunt_fail,Crocodile,266,124,9,136,0,prey_escaped
10144,hunt_start,Crocodile,266,124,9,136,0,target:Camel:525
10150,reproduce,Parrot,1088,202,9,274,3,offspring:1
10170,kill,Boar,745,117,6,221,2,killed_by:Jaguar:433
10171,hunt_start,Jaguar,433,117,6,221,8,target:Boar:795
10176,reproduce,Elk,551,187,1,192,0,offspring:1
10188,reproduce,Lizard,37,275,2,53,6,offspring:2
10193,hunt_start,Jaguar,623,2,5,87,4,target:Elk:770
10194,reproduce,Polar Bear,466,273,0,107,3,offspring:1
10195,hunt_start,Polar Bear,466,273,1,107,3,target:Musk Ox:1114
10195,hunt_start,Polar Bear,1243,273,8,105,7,target:Musk Ox:1114
10209,kill,Rabbit,365,114,1,227,0,killed_by:Hawk:413
10210,hunt_start,Hawk,413,114,0,227,2,target:Lizard:150
10215,hunt_start,Wolf,432,260,5,284,5,target:Lizard:973
10220,starvation,Monkey,1094,8,6,141,5,
10226,hunt_fail,Arctic Fox,480,165,5,3,6,discomfort
10235,starvation,Arctic Fox,441,23,1,103,4,
10236,kill,Camel,525,120,1,134,5,killed_by:Crocodile:266
10239,reproduce,Elk,113,31,9,10,6,offspring:1
10239,reproduce,Elk,598,126,8,10,6,offspring:1
10240,reproduce,Boar,1151,79,2,183,8,offspring:2
10244,reproduce,Frog,661,126,1,32,0,offspring:2
10249,age_death,Fish,35,157,1,124,7,
10249,age_death,Fish,142,158,7,124,3,
10256,starvation,Wolf,431,256,9,284,0,
10259,hunt_start,Polar Bear,869,254,0,45,1,target:Elk:665
10261,reproduce,Penguin,659,58,8,131,1,offspring:1
10271,starvation,Rabbit,683,248,5,159,4,
10276,starvation,Deer,42,31,0,176,6,
10277,age_death,Fish,575,229,1,262,8,
10281,starvation,Jaguar,386,201,4,4,2,
10283,kill,Musk Ox,1114,271,6,101,5,killed_by:Polar Bear:1243
10283,reproduce,Musk Ox,11,257,1,119,8,offspring:1
10283,reproduce,Musk Ox,93,270,6,109,4,offspring:1
10283,reproduce,Musk Ox,809,261,5,124,7,offspring:1
10284,hunt_fail,Polar Bear,466,272,3,103,3,target_died
10284,hunt_start,Polar Bear,466,272,3,103,3,target:Musk Ox:431
10288,kill,Boar,795,118,1,212,4,killed_by:Jaguar:433
10290,kill,Camel,595,166,1,109,5,killed_by:Jaguar:844
10292,hunt_fail,Jaguar,486,149,7,142,2,discomfort
10294,reproduce,Deer,1084,151,5,224,0,offspring:1
10295,starvation,Lizard,960,120,3,56,9,
10311,reproduce,Elk,706,41,4,133,1,offspring:1
10320,hunt_start,Polar Bear,712,260,8,121,5,target:Musk Ox:683
10335,hunt_start,Shark,230,258,1,206,9,target:Boar:1105
10335,reproduce,Elk,1074,97,1,29,1,offspring:1
10336,reproduce,Elk,206,266,9,66,0,offspring:1
10384,reproduce,Elk,117,169,0,184,0,offspring:1
10386,reproduce,Deer,79,147,3,186,2,offspring:1
10386,reproduce,Deer,490,144,6,188,3,offspring:1
10386,reproduce,Deer,667,155,8,183,4,offspring:1
10388,reproduce,Tapir,1060,107,2,248,6,offspring:1
10393,spore_created,Shroomer,-1,35,6,10,8,
10393,spore_created,Shroomer,-1,35,5,17,4,
10395,kill,Lizard,973,286,6,277,8,killed_by:Wolf:430
10396,hunt_start,Wolf,430,286,3,278,1,target:Parrot:1161
10396,hunt_fail,Wolf,432,285,0,278,0,target_died
10400,kill,Elk,770,10,7,90,3,killed_by:Jaguar:623
10400,reproduce,Jaguar,623,10,0,90,2,offspring:1
10401,hunt_start,Jaguar,623,10,1,90,2,target:Elk:27
10401,hunt_start,Jaguar,973,9,4,90,3,target:Elk:27
10402,kill,Musk Ox,683,256,6,121,9,killed_by:Polar Bear:712
10405,reproduce,Musk Ox,223,137,6,96,0,offspring:1
10410,kill,Lizard,150,83,3,240,6,killed_by:Hawk:413
10411,hunt_start,Hawk,413,83,5,240,5,target:Monkey:327
10415,spore_created,Shroomer,-1,58,8,98,0,
10415,spore_created,Shroomer,-1,57,4,91,8,
10420,kill,Musk Ox,431,268,9,111,2,killed_by:Polar Bear:466
10437,reproduce,Crocodile,266,123,7,132,0,offspring:1
10438,hunt_start,Crocodile,266,123,8,131,9,target:Camel:972
10438,hunt_start,Crocodile,1248,124,2,133,6,target:Camel:972
10442,hunt_start,Jaguar,486,145,4,145,3,target:Tapir:507
10446,starvation,Hawk,871,53,9,75,4,
10448,reproduce,Elk,211,260,5,61,0,offspring:1
10452,reproduce,Deer,914,63,1,13,8,offspring:1
10458,kill,Boar,1105,259,9,216,3,killed_by:Shark:230
10462,reproduce,Musk Ox,761,147,3,95,3,offspring:1
10463,starvation,Jaguar,573,150,2,146,1,
10465,hunt_fail,Boar,451,217,1,150,4,prey_escaped
10469,reproduce,Lizard,591,130,0,144,5,offspring:2
10473,hunt_fail,Jaguar,487,134,7,199,4,discomfort
10487,reproduce,Penguin,999,60,3,88,0,offspring:1
10487,spore_created,Shroomer,-1,209,3,209,7,
10487,spore_created,Shroomer,-1,214,8,213,7,
10493,kill,Elk,665,265,6,52,9,killed_by:Polar Bear:869
10508,reproduce,Penguin,475,81,5,128,0,offspring:1
10510,reproduce,Penguin,276,89,3,138,2,offspring:1
10522,reproduce,Parrot,173,168,0,273,6,offspring:1
10529,age_death,Fish,590,158,4,122,6,
10532,kill,Camel,972,118,7,131,5,killed_by:Crocodile:1248
10533,hunt_fail,Crocodile,266,123,4,132,0,target_died
10533,hunt_fail,Crocodile,328,118,2,132,1,target_died
10541,reproduce,Elk,208,264,9,42,8,offspring:1
10546,spore_created,Shroomer,-1,30,4,100,9,
10546,spore_created,Shroomer,-1,36,6,101,2,
10550,hunt_start,Boar,886,245,3,180,1,target:Rabbit:104
10561,age_death,Fish,394,161,0,121,8,
10564,reproduce,Elk,1023,32,0,7,8,offspring:1
10565,reproduce,Penguin,1000,68,4,130,6,offspring:1
10568,kill,Elk,27,13,2,103,1,killed_by:Jaguar:973
10569,hunt_fail,Jaguar,623,12,1,97,4,target_died
10572,spore_created,Shroomer,-1,225,0,213,1,
10572,spore_created,Shroomer,-1,220,3,211,6,
10575,reproduce,Penguin,926,66,2,140,5,offspring:1
10578,reproduce,Elk,171,56,9,134,5,offspring:1
10584,hunt_fail,Wolf,432,287,1,254,5,discomfort
10600,hunt_fail,Wolf,430,287,1,254,5,discomfort
10603,reproduce,Polar Bear,869,265,2,50,7,offspring:1
10604,hunt_start,Polar Bear,869,265,2,50,7,target:Monkey:174
10604,hunt_start,Polar Bear,1255,264,9,51,9,target:Monkey:174
10605,starvation,Frog,1054,176,9,27,2,
10612,hunt_start,Jaguar,623,13,3,96,4,target:Elk:546
10612,reproduce,Elk,1087,200,2,98,8,offspring:1
10613,hunt_fail,Jaguar,486,142,7,148,0,discomfort
10613,reproduce,Monkey,1157,164,8,271,6,offspring:1
10616,reproduce,Monkey,261,226,4,225,3,offspring:1
10626,hunt_start,Jaguar,322,1,9,226,6,target:Monkey:460
10636,starvation,Lizard,172,110,9,35,2,
10636,hunt_fail,Jaguar,930,109,7,40,0,target_died
10638,hunt_start,Jaguar,844,166,3,110,1,target:Fish:1230
10655,hunt_start,Jaguar,487,138,5,202,1,target:Monkey:331
10660,hunt_start,Jaguar,433,123,8,208,3,target:Turtle:1076
10666,kill,Monkey,331,136,8,205,5,killed_by:Jaguar:487
10667,hunt_start,Jaguar,487,137,2,204,8,target:Lizard:762
10672,starvation,Shroomer,387,148,4,218,1,
10676,spore_created,Shroomer,-1,6,9,154,3,
10676,spore_created,Shroomer,-1,8,7,162,9,
10682,reproduce,Tapir,647,239,4,121,3,offspring:1
10686,hunt_start,Polar Bear,1166,243,7,80,5,target:Elk:510
10690,reproduce,Monkey,327,31,8,221,0,offspring:1
10692,spore_matured,Shroomer,-1,225,0,213,1,
10692,reproduce,Shroomer,-1,225,0,213,1,offspring:1
10694,age_death,Fish,10,225,9,170,3,
10694,age_death,Fish,584,224,5,167,8,
10699,reproduce,Camel,860,152,1,102,0,offspring:1
10707,starvation,Fish,694,236,6,110,4,
10717,starvation,Monkey,329,130,0,197,2,
10717,reproduce,Monkey,481,177,0,196,6,offspring:1
10717,reproduce,Monkey,1143,170,6,200,8,offspring:1
10717,reproduce,Monkey,1172,165,1,211,8,offspring:1
10718,kill,Turtle,1076,123,2,213,7,killed_by:Jaguar:433
10718,spore_matured,Shroomer,-1,36,2,101,0,
10718,reproduce,Shroomer,-1,36,2,101,0,offspring:1
10720,reproduce,Monkey,946,138,4,139,6,offspring:1
10721,reproduce,Camel,1069,77,2,111,6,offspring:1
10723,hunt_start,Wolf,432,283,1,255,6,target:Rabbit:746
10727,hunt_start,Jaguar,486,143,5,146,4,target:Monkey:1076
10733,starvation,Musk Ox,297,53,1,45,9,
10740,reproduce,Boar,887,266,2,226,0,offspring:2
10746,reproduce,Tapir,457,96,0,232,9,offspring:1
10747,reproduce,Tapir,987,59,8,256,7,offspring:1
10751,environment_death,Monkey,316,288,0,129,0,drowning
10760,reproduce,Rabbit,1116,138,2,34,4,offspring:2
10760,spore_created,Shroomer,-1,245,6,174,9,
10760,spore_created,Shroomer,-1,248,6,173,8,
10762,environment_death,Monkey,318,288,0,128,9,drowning
10766,environment_death,Monkey,313,288,0,128,4,drowning
10774,hunt_fail,Jaguar,487,130,0,199,5,discomfort
10777,reproduce,Lizard,392,68,5,263,5,offspring:2
10778,starvation,Wolf,335,245,3,270,2,
10784,reproduce,Penguin,1173,60,0,87,7,offspring:1
10789,starvation,Monkey,337,118,6,274,5,
10792,environment_death,Monkey,319,288,0,127,8,drowning
10793,reproduce,Lizard,1035,287,7,128,0,offspring:2
10798,reproduce,Rabbit,501,239,1,123,7,offspring:2
10799,hunt_start,Crocodile,538,132,8,132,3,target:Lizard:683
10802,hunt_fail,Wolf,430,285,8,255,1,discomfort
10826,hunt_start,Polar Bear,1243,272,1,100,7,target:Musk Ox:288
10827,reproduce,Lizard,169,24,8,82,0,offspring:2
10827,reproduce,Lizard,564,19,5,86,7,offspring:2
10828,reproduce,Lizard,703,200,9,101,4,offspring:2
10832,reproduce,Monkey,531,43,9,237,9,offspring:1
10846,starvation,Hawk,468,56,5,60,2,
10848,spore_matured,Shroomer,-1,6,9,154,3,
10848,reproduce,Shroomer,-1,6,9,154,3,offspring:1
10848,spore_matured,Shroomer,-1,8,7,162,9,
10848,reproduce,Shroomer,-1,8,7,162,9,offspring:1
10856,reproduce,Monkey,174,279,0,32,0,offspring:1
10860,reproduce,Elk,1098,160,0,213,2,offspring:1
10862,reproduce,Penguin,659,51,6,130,9,offspring:1
10866,reproduce,Boar,777,152,8,191,7,offspring:2
10867,hunt_start,Boar,777,152,8,191,8,target:Lizard:534
10867,hunt_start,Boar,1276,152,3,192,9,target:Lizard:534
10867,hunt_start,Boar,1277,152,3,192,9,target:Lizard:534
10870,kill,Elk,510,239,1,69,4,killed_by:Polar Bear:1166
10878,reproduce,Monkey,460,13,1,225,7,offspring:1
10880,spore_matured,Shroomer,-1,245,6,174,9,
10880,reproduce,Shroomer,-1,245,6,174,9,offspring:1
10884,starvation,Lizard,1138,144,8,234,4,
10884,starvation,Lizard,1139,129,6,263,5,
10897,kill,Rabbit,104,253,1,166,4,killed_by:Boar:886
10905,spore_created,Shroomer,-1,24,8,12,2,
10905,spore_created,Shroomer,-1,26,3,6,4,
10910,reproduce,Camel,655,154,8,187,8,offspring:1
10911,starvation,Arctic Fox,601,100,6,44,9,
10913,spore_created,Shroomer,-1,255,7,204,0,
10913,spore_created,Shroomer,-1,260,0,204,5,
10919,reproduce,Lizard,642,26,6,6,3,offspring:2
10932,spore_matured,Shroomer,-1,248,6,173,8,
10932,reproduce,Shroomer,-1,248,6,173,8,offspring:1
10934,starvation,Deer,60,43,9,97,2,
10934,reproduce,Deer,49,68,6,97,2,offspring:1
10936,starvation,Frog,743,255,1,123,8,
10939,hunt_start,Jaguar,487,134,4,200,4,target:Parrot:239
10940,hunt_start,Jaguar,973,14,1,101,3,target:Elk:546
10940,kill,Musk Ox,288,275,3,105,7,killed_by:Polar Bear:1243
10941,reproduce,Musk Ox,714,271,1,116,2,offspring:1
10945,hunt_start,Polar Bear,712,258,5,118,6,target:Musk Ox:11
10945,hunt_start,Jaguar,930,111,9,38,0,target:Penguin:619
10947,kill,Elk,546,23,2,100,2,killed_by:Jaguar:623
10947,spore_created,Shroomer,-1,228,3,201,2,
10947,spore_created,Shroomer,-1,219,7,212,0,
10948,hunt_fail,Jaguar,973,14,2,101,2,prey_escaped
10957,kill,Rabbit,746,276,8,237,5,killed_by:Wolf:430
10958,hunt_start,Wolf,430,277,0,237,9,target:Rabbit:1217
10958,hunt_fail,Wolf,432,277,2,237,3,target_died
10961,starvation,Wolf,439,245,5,152,0,
10961,reproduce,Turtle,422,142,5,219,8,offspring:1
10963,hunt_start,Polar Bear,466,270,8,111,4,target:Musk Ox:93
10970,hunt_start,Boar,886,250,9,166,3,target:Lizard:616
10972,reproduce,Parrot,1214,168,3,275,1,offspring:1
10974,environment_death,Monkey,330,149,2,236,8,drowning
10974,spore_created,Shroomer,-1,65,5,92,6,
10974,spore_created,Shroomer,-1,62,5,80,8,
10979,reproduce,Camel,438,75,8,160,0,offspring:1
10986,age_death,Fish,140,158,2,126,6,
10986,age_death,Fish,629,159,9,123,6,
10986,age_death,Fish,630,158,8,125,8,
10986,age_death,Fish,631,157,6,127,4,
10986,age_death,Fish,632,158,9,123,5,
10986,age_death,Fish,633,156,1,125,5,
10986,age_death,Fish,634,157,7,124,1,
10986,age_death,Fish,635,156,9,125,9,
10986,age_death,Fish,636,160,0,121,9,
10986,age_death,Fish,637,158,4,124,9,
10986,age_death,Fish,638,158,0,123,2,
10986,age_death,Fish,639,159,4,122,7,
10986,spore_created,Shroomer,-1,39,6,6,1,
10986,spore_created,Shroomer,-1,42,3,11,6,
10987,hunt_fail,Crocodile,1183,153,2,126,0,target_died
10987,hunt_start,Crocodile,1183,153,2,126,0,target:Fish:1227
10988,environment_death,Monkey,327,9,9,213,9,drowning
10988,hunt_fail,Hawk,413,15,6,214,0,target_died
10988,hunt_start,Hawk,413,15,6,214,0,target:Lizard:254
10991,reproduce,Elk,206,272,0,66,0,offspring:1
10995,reproduce,Frog,661,120,6,28,2,offspring:2
11001,hunt_fail,Jaguar,487,135,7,199,9,discomfort
11009,reproduce,Lizard,254,27,1,216,7,offspring:2
11009,reproduce,Lizard,462,29,6,234,7,offspring:2
11015,hunt_start,Crocodile,328,119,8,141,5,target:Lizard:591
11019,hunt_start,Shark,230,263,0,219,0,target:Boar:1108
11020,reproduce,Monkey,1041,96,0,159,7,offspring:1
11025,hunt_start,Jaguar,973,13,4,98,6,target:Lizard:564
11037,reproduce,Elk,600,200,0,96,0,offspring:1
11039,reproduce,Elk,576,114,0,19,6,offspring:1
11040,reproduce,Elk,598,130,6,11,5,offspring:1
11041,reproduce,Elk,113,24,9,1,8,offspring:1
11057,kill,Musk Ox,11,252,2,120,3,killed_by:Polar Bear:712
11057,reproduce,Musk Ox,415,262,6,125,5,offspring:1
11057,reproduce,Musk Ox,1115,275,5,114,5,offspring:1
11062,hunt_start,Jaguar,487,137,1,201,0,target:Parrot:239
11064,reproduce,Monkey,641,234,2,150,6,offspring:1
11067,spore_matured,Shroomer,-1,228,2,201,2,
11067,reproduce,Shroomer,-1,228,2,201,2,offspring:1
11068,kill,Musk Ox,93,276,6,109,9,killed_by:Polar Bear:466
11070,starvation,Penguin,769,196,5,5,4,
11073,reproduce,Parrot,173,179,0,279,1,offspring:1
11074,reproduce,Parrot,652,176,0,160,0,offspring:1
11075,age_death,Fish,648,226,5,262,6,
11075,age_death,Fish,649,229,9,261,2,
11075,reproduce,Fish,125,231,1,264,2,offspring:2
11075,reproduce,Fish,382,230,0,263,2,offspring:2
11075,reproduce,Fish,426,229,3,261,9,offspring:2
11075,reproduce,Fish,495,229,2,263,8,offspring:2
11075,reproduce,Fish,606,228,4,262,2,offspring:2
11075,reproduce,Fish,732,228,4,263,3,offspring:2
11075,reproduce,Fish,734,226,4,263,7,offspring:2
11075,reproduce,Fish,735,225,5,262,5,offspring:2
11075,reproduce,Fish,748,230,2,262,3,offspring:2
11075,reproduce,Fish,749,227,5,262,4,offspring:2
11075,reproduce,Fish,750,227,4,263,4,offspring:2
11075,reproduce,Fish,751,231,8,261,0,offspring:2
11075,reproduce,Fish,752,231,3,262,2,offspring:2
11075,reproduce,Fish,753,230,9,261,3,offspring:2
11075,reproduce,Fish,754,231,0,263,2,offspring:2
11077,spore_matured,Shroomer,-1,24,8,12,2,
11077,reproduce,Shroomer,-1,24,8,12,2,offspring:1
11077,spore_matured,Shroomer,-1,26,3,6,4,
11077,reproduce,Shroomer,-1,26,3,6,4,offspring:1
11078,hunt_fail,Jaguar,487,139,8,200,3,discomfort
11083,starvation,Turtle,180,272,9,2,9,
11083,reproduce,Camel,1009,90,5,128,0,offspring:1
11085,spore_matured,Shroomer,-1,255,8,203,6,
11085,reproduce,Shroomer,-1,255,8,203,6,offspring:1
11085,spore_matured,Shroomer,-1,260,0,204,5,
11085,reproduce,Shroomer,-1,260,0,204,5,offspring:1
11089,reproduce,Tapir,1060,96,3,256,5,offspring:1
11090,hunt_start,Jaguar,433,118,6,211,5,target:Turtle:837
11100,hunt_start,Crocodile,1187,139,0,119,6,target:Camel:737
11107,hunt_fail,Shark,539,286,1,206,9,prey_escaped
11112,hunt_fail,Shark,904,288,0,206,4,prey_escaped
11112,reproduce,Elk,706,33,6,131,4,offspring:1
11118,starvation,Rabbit,1058,110,2,50,2,
11118,reproduce,Parrot,46,241,2,119,5,offspring:1
11118,reproduce,Parrot,1085,245,5,121,6,offspring:1
11118,reproduce,Parrot,1133,246,4,117,6,offspring:1
11121,kill,Rabbit,1217,266,2,262,6,killed_by:Wolf:432
11122,hunt_fail,Wolf,430,266,4,261,8,target_died
11122,hunt_start,Wolf,430,266,4,261,8,target:Rabbit:654
11131,kill,Boar,1108,271,6,218,6,killed_by:Shark:230
11136,reproduce,Elk,1074,100,0,25,5,offspring:1
11137,reproduce,Elk,1130,132,2,28,3,offspring:1
11142,reproduce,Penguin,1146,96,0,13,2,offspring:1
11143,age_death,Frog,164,252,9,135,5,
11144,reproduce,Deer,240,200,4,239,4,offspring:1
11146,spore_matured,Shroomer,-1,62,7,80,8,
11146,reproduce,Shroomer,-1,62,7,80,8,offspring:1
11147,kill,Turtle,837,119,5,206,1,killed_by:Jaguar:433
11160,reproduce,Lizard,1140,122,1,259,1,offspring:2
11160,reproduce,Lizard,1141,121,5,258,4,offspring:2
11164,starvation,Parrot,28,200,4,167,1,
11170,kill,Lizard,254,47,1,223,8,killed_by:Hawk:413
11171,hunt_start,Hawk,413,46,9,223,7,target:Lizard:157
11175,starvation,Lizard,613,198,5,158,4,
11185,reproduce,Elk,117,169,1,180,4,offspring:1
11186,reproduce,Rabbit,156,129,2,25,0,offspring:2
11188,reproduce,Musk Ox,25,88,8,160,0,offspring:1
11195,starvation,Polar Bear,477,242,5,183,0,
11208,starvation,Elk,194,145,8,254,9,
11216,reproduce,Monkey,1157,162,1,271,3,offspring:1
11218,reproduce,Monkey,261,241,1,225,4,offspring:1
11221,reproduce,Boar,451,222,8,144,9,offspring:2
11224,starvation,Monkey,512,108,5,210,5,
11224,starvation,Lizard,760,130,3,249,9,
11224,kill,Lizard,127,129,1,60,1,killed_by:Arctic Fox:726
11226,starvation,Lizard,1027,147,5,235,7,
11226,hunt_fail,Arctic Fox,912,141,6,239,7,target_died
11249,reproduce,Elk,551,179,8,192,0,offspring:1
11258,reproduce,Boar,1151,83,9,191,2,offspring:2
11259,hunt_start,Boar,1151,84,0,191,2,target:Lizard:950
11263,starvation,Penguin,1001,96,4,75,5,
11267,hunt_start,Jaguar,487,138,2,204,8,target:Deer:960
11272,reproduce,Tapir,664,227,3,123,3,offspring:1
11275,reproduce,Monkey,1044,94,0,160,0,offspring:1
11277,kill,Rabbit,654,273,7,283,8,killed_by:Wolf:432
11278,hunt_fail,Wolf,430,273,4,282,9,target_died
11278,hunt_start,Wolf,430,273,4,282,9,target:Rabbit:802
11281,reproduce,Deer,443,198,0,230,1,offspring:1
11281,reproduce,Deer,627,195,0,240,0,offspring:1
11281,reproduce,Deer,1090,199,6,232,9,offspring:1
11282,reproduce,Elk,103,177,7,186,9,offspring:1
11284,starvation,Arctic Fox,912,141,4,241,4,
11290,kill,Camel,737,146,4,120,8,killed_by:Crocodile:1187
11293,hunt_start,Arctic Fox,726,131,7,63,1,target:Lizard:143
11294,age_death,Fish,385,221,1,167,4,
11294,age_death,Fish,673,222,3,166,9,
11295,reproduce,Elk,237,192,0,85,1,offspring:1
11302,reproduce,Monkey,1239,274,8,22,6,offspring:1
11306,reproduce,Musk Ox,223,139,9,90,4,offspring:1
11310,reproduce,Camel,1057,128,0,236,9,offspring:1
11317,starvation,Turtle,189,286,2,140,9,
11319,hunt_start,Jaguar,623,22,9,94,6,target:Lizard:1270
11319,reproduce,Monkey,1241,130,5,138,7,offspring:1
11321,reproduce,Monkey,946,142,9,110,8,offspring:1
11330,kill,Lizard,1270,22,6,91,2,killed_by:Jaguar:623
11338,starvation,Rabbit,86,120,2,199,4,
11344,kill,Lizard,157,58,9,253,2,killed_by:Hawk:413
11345,hunt_start,Hawk,413,58,8,253,0,target:Lizard:313
11345,reproduce,Crocodile,838,134,8,112,5,offspring:1
11350,reproduce,Penguin,71,128,0,98,0,offspring:1
11366,reproduce,Elk,1023,27,6,3,9,offspring:1
11370,reproduce,Rabbit,787,236,5,124,3,offspring:2
11380,reproduce,Elk,171,73,1,141,9,offspring:1
11399,hunt_start,Crocodile,838,135,7,112,7,target:Monkey:946
11408,spore_created,Shroomer,-1,34,9,151,1,
11408,spore_created,Shroomer,-1,33,5,153,4,
11413,hunt_start,Polar Bear,1166,241,0,67,9,target:Frog:1207
11413,reproduce,Elk,827,214,5,103,6,offspring:1
11413,reproduce,Elk,1087,189,7,98,6,offspring:1
11421,hunt_start,Crocodile,1270,134,2,113,2,target:Monkey:946
11438,hunt_fail,Jaguar,487,139,7,200,8,discomfort
11440,starvation,Wolf,84,243,8,281,2,
11454,hunt_fail,Jaguar,486,161,0,77,2,discomfort
11455,kill,Monkey,946,140,1,114,3,killed_by:Crocodile:838
11456,hunt_fail,Jaguar,782,140,7,125,1,target_died
11456,hunt_start,Jaguar,782,140,7,125,1,target:Fish:1226
11456,hunt_start,Crocodile,838,139,3,113,9,target:Fish:1230
11456,hunt_fail,Crocodile,1270,134,3,113,3,target_died
11456,hunt_start,Crocodile,1270,134,3,113,3,target:Fish:1230
11460,kill,Rabbit,802,248,8,271,6,killed_by:Wolf:430
11461,hunt_start,Wolf,430,249,1,272,4,target:Rabbit:846
11461,hunt_fail,Wolf,432,248,7,271,9,target_died
11461,hunt_start,Arctic Fox,480,193,0,9,0,target:Lizard:579
11481,reproduce,Monkey,460,60,6,256,8,offspring:1
11483,hunt_start,Polar Bear,1243,271,4,101,9,target:Musk Ox:1112
11494,reproduce,Rabbit,846,256,0,263,5,offspring:2
11496,kill,Lizard,313,78,5,269,9,killed_by:Hawk:413
11497,hunt_start,Hawk,413,78,3,269,8,target:Lizard:318
11516,spore_created,Shroomer,-1,52,5,98,1,
11519,hunt_start,Jaguar,433,128,6,204,3,target:Rabbit:465
11523,hunt_start,Jaguar,487,139,0,203,4,target:Parrot:951
11528,spore_matured,Shroomer,-1,34,9,151,1,
11528,reproduce,Shroomer,-1,34,9,151,1,offspring:1
11528,spore_matured,Shroomer,-1,33,5,153,5,
11528,reproduce,Shroomer,-1,33,5,153,5,offspring:1
11529,kill,Rabbit,465,131,6,202,6,killed_by:Jaguar:433
11535,starvation,Boar,455,23,5,152,1,
11547,hunt_start,Jaguar,623,17,4,86,6,target:Lizard:169
11557,environment_death,Deer,61,80,9,73,8,drowning
11560,kill,Lizard,143,144,8,103,4,killed_by:Arctic Fox:726
11561,hunt_start,Arctic Fox,726,144,7,103,3,target:Lizard:472
11561,reproduce,Parrot,1251,173,2,278,7,offspring:1
11565,hunt_fail,Jaguar,487,135,9,199,6,discomfort
11567,kill,Lizard,591,132,1,145,7,killed_by:Crocodile:328
11568,hunt_start,Crocodile,328,131,2,145,3,target:Monkey:1241
11572,starvation,Jaguar,782,151,2,123,9,
11577,kill,Penguin,619,124,1,28,2,killed_by:Jaguar:930
11578,hunt_start,Jaguar,930,123,7,28,7,target:Penguin:473
11600,hunt_start,Polar Bear,712,259,9,115,7,target:Musk Ox:809
11600,hunt_start,Crocodile,1248,127,4,130,2,target:Fish:1230
11602,reproduce,Jaguar,623,20,8,87,2,offspring:1
11603,hunt_start,Jaguar,455,19,7,87,5,target:Elk:317
11606,starvation,Elk,193,145,1,256,0,
11611,hunt_start,Polar Bear,466,282,9,107,8,target:Musk Ox:1112
11620,starvation,Lizard,872,122,4,180,7,
11623,starvation,Boar,458,256,5,196,5,
11623,reproduce,Boar,1106,259,2,205,0,offspring:2
11623,reproduce,Boar,1107,259,2,196,2,offspring:2
11624,hunt_start,Boar,61,260,8,204,8,target:Shroomer:1278
11624,hunt_start,Boar,143,260,8,204,8,target:Shroomer:1278
11624,kill,Rabbit,846,265,6,252,2,killed_by:Wolf:432
11624,hunt_start,Boar,1106,259,2,205,0,target:Shroomer:601
11625,hunt_fail,Wolf,430,265,0,252,9,target_died
11625,hunt_start,Wolf,430,265,0,252,9,target:Rabbit:496
11636,age_death,Lizard,245,167,1,20,5,
11637,kill,Lizard,318,70,8,247,5,killed_by:Hawk:413
11637,spore_created,Shroomer,-1,58,1,87,0,
11637,spore_created,Shroomer,-1,52,0,89,2,
11638,hunt_start,Hawk,413,70,9,247,7,target:Rabbit:92
11646,starvation,Rabbit,225,276,1,176,0,
11646,reproduce,Monkey,1218,160,0,269,6,offspring:1
11648,spore_created,Shroomer,-1,216,9,209,2,
11648,spore_created,Shroomer,-1,230,0,215,2,
11652,kill,Penguin,473,117,4,29,9,killed_by:Jaguar:930
11652,reproduce,Penguin,326,122,7,21,8,offspring:1
11652,reproduce,Penguin,470,127,7,14,1,offspring:1
11652,reproduce,Penguin,766,124,9,2,2,offspring:1
11652,reproduce,Penguin,868,120,8,20,7,offspring:1
11652,reproduce,Penguin,1104,114,6,26,2,offspring:1
11653,hunt_start,Jaguar,930,117,9,29,8,target:Penguin:354
11655,hunt_fail,Crocodile,1270,134,4,114,1,prey_escaped
11655,hunt_start,Crocodile,1270,134,4,114,1,target:Monkey:1324
11657,kill,Musk Ox,1112,279,4,108,2,killed_by:Polar Bear:1243
11658,hunt_fail,Polar Bear,466,280,6,107,9,target_died
11658,hunt_start,Polar Bear,466,280,6,107,9,target:Musk Ox:629
11658,reproduce,Musk Ox,809,258,7,120,0,offspring:1
11664,reproduce,Musk Ox,31,138,5,92,4,offspring:1
11667,reproduce,Monkey,641,232,2,154,2,offspring:1
11668,kill,Lizard,579,162,8,9,3,killed_by:Arctic Fox:480
11669,starvation,Rabbit,596,234,8,205,5,
11669,hunt_start,Arctic Fox,480,162,9,9,3,target:Penguin:685
11675,age_death,Fish,426,229,5,262,0,
11675,age_death,Fish,495,229,0,263,5,
11683,reproduce,Parrot,173,177,4,269,2,offspring:1
11692,hunt_start,Shark,230,254,3,215,6,target:Boar:1109
11694,environment_death,Shroomer,1328,36,4,152,2,drowning
11694,environment_death,Shroomer,1329,34,4,153,3,drowning
11697,reproduce,Camel,535,140,2,88,1,offspring:1
11698,hunt_start,Jaguar,487,138,4,202,1,target:Deer:960
11699,kill,Lizard,72,53,5,0,0,killed_by:Jaguar:516
11700,hunt_start,Jaguar,516,53,1,0,0,target:Elk:1129
11700,reproduce,Camel,860,143,3,97,0,offspring:1
11710,hunt_fail,Arctic Fox,480,165,2,3,5,discomfort
11710,kill,Monkey,1324,137,7,111,7,killed_by:Crocodile:1270
11711,kill,Musk Ox,809,257,8,121,6,killed_by:Polar Bear:712
11712,reproduce,Camel,263,206,5,271,1,offspring:1
11715,spore_created,Shroomer,-1,228,1,202,2,
11715,spore_created,Shroomer,-1,223,7,218,6,
11718,kill,Frog,1207,236,2,49,8,killed_by:Polar Bear:1166
11719,hunt_start,Polar Bear,1166,236,4,50,6,target:Frog:1206
11722,reproduce,Camel,1069,71,6,117,3,offspring:1
11723,spore_created,Shroomer,-1,234,0,211,1,
11723,spore_created,Shroomer,-1,235,2,196,9,
11729,spore_created,Shroomer,-1,231,0,209,0,
11729,spore_created,Shroomer,-1,229,9,200,4,
11740,kill,Penguin,354,111,3,25,0,killed_by:Jaguar:930
11741,starvation,Fish,899,256,5,131,5,
11741,hunt_start,Jaguar,930,111,7,25,3,target:Elk:797
11743,reproduce,Penguin,1146,88,4,13,3,offspring:1
11752,starvation,Rabbit,1153,148,8,236,6,
11752,hunt_fail,Wolf,432,274,9,237,9,discomfort
11752,hunt_fail,Boar,1170,141,0,239,3,target_died
11753,starvation,Monkey,334,121,6,272,5,
11753,starvation,Rabbit,861,148,6,236,8,
11757,kill,Lizard,472,140,0,134,0,killed_by:Arctic Fox:726
11757,spore_matured,Shroomer,-1,52,2,89,1,
11757,reproduce,Shroomer,-1,52,2,89,1,offspring:1
11758,hunt_start,Arctic Fox,726,140,1,133,8,target:Lizard:871
11759,hunt_start,Shark,539,285,6,218,8,target:Rabbit:499
11760,hunt_start,Bear,398,282,9,120,3,target:Monkey:657
11764,reproduce,Fish,1224,157,2,131,5,offspring:2
11766,reproduce,Elk,226,208,5,8,2,offspring:1
11767,kill,Shroomer,1278,266,8,204,0,killed_by:Boar:143
11768,hunt_fail,Boar,61,266,3,204,9,target_died
11768,spore_matured,Shroomer,-1,230,0,215,2,
11768,reproduce,Shroomer,-1,230,0,215,2,offspring:1
11770,spore_created,Shroomer,-1,45,1,86,6,
11770,spore_created,Shroomer,-1,57,7,93,0,
11773,kill,Rabbit,496,276,0,235,3,killed_by:Wolf:432
11774,hunt_fail,Wolf,430,275,6,236,2,target_died
11774,hunt_start,Wolf,430,275,6,236,2,target:Rabbit:498
11774,kill,Elk,1129,58,5,0,0,killed_by:Jaguar:516
11775,hunt_start,Jaguar,516,57,8,0,0,target:Musk Ox:234
11776,hunt_fail,Wolf,432,276,1,235,7,discomfort
11776,age_death,Fish,382,229,9,262,9,
11776,age_death,Fish,606,228,3,262,3,
11776,reproduce,Turtle,97,234,9,187,5,offspring:1
11784,kill,Shroomer,601,253,1,203,4,killed_by:Boar:1106
11784,reproduce,Penguin,284,128,0,95,0,offspring:1
11788,kill,Elk,317,25,3,75,8,killed_by:Jaguar:455
11790,reproduce,Lizard,4,192,0,0,6,offspring:2
11792,hunt_start,Crocodile,1187,144,2,119,2,target:Fish:1220
11796,starvation,Lizard,722,239,5,259,7,
11797,reproduce,Lizard,352,260,3,259,0,offspring:2
11797,reproduce,Lizard,917,270,3,261,7,offspring:2
11806,hunt_fail,Wolf,430,277,3,237,0,discomfort
11808,kill,Rabbit,92,70,3,218,0,killed_by:Hawk:413
11809,hunt_start,Hawk,413,70,3,218,2,target:Lizard:784
11811,hunt_start,Shark,904,286,1,223,2,target:Rabbit:499
11813,reproduce,Monkey,1256,168,1,274,7,offspring:1
11816,reproduce,Monkey,1257,236,6,234,2,offspring:1
11817,kill,Musk Ox,629,281,4,117,3,killed_by:Polar Bear:466
11819,kill,Elk,797,105,3,24,8,killed_by:Jaguar:930
11819,reproduce,Monkey,261,261,5,259,6,offspring:1
11820,kill,Monkey,174,288,0,-0,0,killed_by:Polar Bear:869
11820,reproduce,Jaguar,930,105,9,24,9,offspring:1
11821,hunt_start,Jaguar,797,108,7,22,7,target:Elk:639
11821,hunt_start,Jaguar,930,105,9,24,8,target:Deer:81
11821,hunt_fail,Polar Bear,1255,287,1,4,1,target_died
11821,hunt_start,Polar Bear,1255,287,1,4,1,target:Turtle:181
11831,reproduce,Shark,230,245,8,221,3,offspring:1
11832,hunt_start,Shark,174,245,9,218,8,target:Boar:1109
11835,spore_matured,Shroomer,-1,226,7,201,9,
11835,reproduce,Shroomer,-1,226,7,201,9,offspring:1
11835,spore_matured,Shroomer,-1,223,7,218,6,
11835,reproduce,Shroomer,-1,223,7,218,6,offspring:1
11836,reproduce,Lizard,616,223,9,190,8,offspring:2
11836,spore_created,Shroomer,-1,66,6,20,2,
11836,spore_created,Shroomer,-1,74,5,22,6,
11838,kill,Boar,1109,244,9,222,0,killed_by:Shark:230
11839,hunt_fail,Shark,174,245,8,219,3,target_died
11839,hunt_start,Shark,174,245,8,219,3,target:Boar:1110
11839,spore_created,Shroomer,-1,230,9,196,2,
11839,spore_created,Shroomer,-1,240,2,209,2,
11840,reproduce,Elk,576,122,9,21,9,offspring:1
11842,reproduce,Musk Ox,714,271,3,118,8,offspring:1
11843,reproduce,Elk,113,24,0,6,3,offspring:1
11843,spore_matured,Shroomer,-1,234,0,211,2,
11843,reproduce,Shroomer,-1,234,0,211,2,offspring:1
11849,spore_matured,Shroomer,-1,231,5,210,6,
11849,reproduce,Shroomer,-1,231,5,210,6,offspring:1
11849,spore_matured,Shroomer,-1,229,7,200,0,
11849,reproduce,Shroomer,-1,229,7,200,0,offspring:1
11870,reproduce,Rabbit,88,115,8,256,1,offspring:2
11873,spore_matured,Shroomer,-1,235,2,196,9,
11873,reproduce,Shroomer,-1,235,2,196,9,offspring:1
11875,starvation,Wolf,435,241,5,118,1,
11876,starvation,Elk,197,143,5,258,6,
11876,reproduce,Elk,24,149,1,266,7,offspring:1
11876,reproduce,Elk,224,158,4,267,7,offspring:1
11876,reproduce,Elk,625,145,9,262,6,offspring:1
11878,starvation,Bear,398,280,0,119,2,
11881,spore_created,Shroomer,-1,27,5,144,9,
11881,spore_created,Shroomer,-1,19,6,146,4,
11885,starvation,Frog,482,249,1,54,4,
11892,reproduce,Polar Bear,712,260,1,123,4,offspring:1
11893,hunt_start,Polar Bear,482,257,4,124,8,target:Musk Ox:1112
11893,hunt_start,Polar Bear,712,260,1,123,4,target:Musk Ox:1112
11894,hunt_start,Crocodile,1270,136,9,112,2,target:Fish:1220
11895,kill,Fish,1220,143,1,114,1,killed_by:Crocodile:1187
11896,hunt_fail,Crocodile,1270,137,4,112,3,target_died
11897,starvation,Jaguar,768,167,0,170,7,
11901,hunt_start,Jaguar,433,135,4,202,4,target:Parrot:692
11901,hunt_start,Jaguar,486,173,1,78,7,target:Elk:237
11902,hunt_start,Wolf,430,282,7,236,9,target:Rabbit:499
11903,reproduce,Monkey,1239,269,3,25,0,offspring:1
11910,kill,Musk Ox,234,64,6,5,4,killed_by:Jaguar:516
11910,reproduce,Jaguar,516,64,0,5,0,offspring:1
11910,reproduce,Musk Ox,529,80,0,15,9,offspring:1
11910,reproduce,Musk Ox,1048,74,3,16,8,offspring:1
11910,reproduce,Musk Ox,1049,61,1,15,6,offspring:1
11911,hunt_start,Jaguar,516,64,0,5,0,target:Shroomer:863
11911,hunt_start,Jaguar,768,66,5,3,3,target:Lizard:303
11911,reproduce,Deer,49,79,1,96,0,offspring:1
11913,starvation,Lizard,805,99,5,32,7,
11913,age_death,Frog,155,169,4,29,2,
11913,reproduce,Elk,706,38,5,138,1,offspring:1
11919,age_death,Fish,348,220,5,164,5,
11919,age_death,Fish,710,219,5,166,1,
11919,age_death,Fish,711,224,3,165,5,
11919,reproduce,Fish,565,265,8,187,4,offspring:2
11919,reproduce,Fish,566,262,4,184,5,offspring:2
11919,reproduce,Fish,653,267,2,185,9,offspring:2
11919,reproduce,Fish,767,264,5,182,8,offspring:2
11919,reproduce,Fish,1012,267,3,184,6,offspring:2
11919,reproduce,Fish,1013,266,1,181,1,offspring:2
11919,reproduce,Fish,1236,263,2,185,1,offspring:2
11919,reproduce,Fish,1237,266,6,181,9,offspring:2
11925,hunt_fail,Jaguar,487,139,3,201,0,discomfort
11930,kill,Elk,639,110,1,14,2,killed_by:Jaguar:797
11930,reproduce,Elk,598,127,6,8,4,offspring:1
11936,spore_created,Shroomer,-1,229,5,213,9,
11936,spore_created,Shroomer,-1,237,2,211,9,
11937,starvation,Rabbit,483,76,4,60,8,
11938,reproduce,Elk,1130,137,6,34,8,offspring:1
11942,spore_matured,Shroomer,-1,45,3,86,6,
11942,reproduce,Shroomer,-1,45,3,86,6,offspring:1
11951,reproduce,Penguin,71,132,5,100,3,offspring:1
11958,reproduce,Musk Ox,1115,271,2,118,8,offspring:1
11959,spore_matured,Shroomer,-1,230,8,196,3,
11959,reproduce,Shroomer,-1,230,8,196,3,offspring:1
11959,spore_matured,Shroomer,-1,240,2,209,2,
11959,reproduce,Shroomer,-1,240,2,209,2,offspring:1
11960,reproduce,Monkey,481,189,1,190,2,offspring:1
11960,reproduce,Monkey,557,165,9,167,5,offspring:1
11963,kill,Musk Ox,1112,263,8,124,4,killed_by:Polar Bear:712
11963,reproduce,Musk Ox,415,265,3,124,8,offspring:1
11972,kill,Lizard,784,90,1,197,3,killed_by:Hawk:413
11973,hunt_start,Hawk,413,89,9,197,5,target:Rabbit:1006
11975,hunt_start,Jaguar,487,139,1,201,4,target:Deer:217
11975,reproduce,Lizard,277,141,6,90,5,offspring:2
11975,reproduce,Lizard,474,132,5,82,3,offspring:2
11980,reproduce,Camel,438,80,6,160,4,offspring:1
11989,kill,Boar,1110,249,7,207,3,killed_by:Shark:174
11990,hunt_start,Shark,174,249,5,207,9,target:Boar:1106
11990,reproduce,Elk,117,174,9,178,8,offspring:1
11995,hunt_start,Boar,451,242,5,138,9,target:Lizard:147
11995,reproduce,Polar Bear,466,280,8,115,5,offspring:1
11996,hunt_start,Polar Bear,466,280,8,115,5,target:Musk Ox:289
11996,hunt_start,Polar Bear,1368,277,8,117,3,target:Musk Ox:714
12000,age_death,Frog,504,61,2,85,0,
12000,age_death,Frog,505,65,2,77,5,
12000,age_death,Lizard,514,268,4,60,8,
12000,age_death,Lizard,515,276,1,81,9,
12001,environment_death,Shroomer,1328,224,2,219,1,drowning
12001,spore_matured,Shroomer,-1,19,5,146,3,
12001,reproduce,Shroomer,-1,19,5,146,3,offspring:1
12004,kill,Elk,237,174,7,85,4,killed_by:Jaguar:486
12005,hunt_start,Jaguar,486,174,6,84,7,target:Elk:931
12008,starvation,Rabbit,560,160,1,234,9,
12008,spore_matured,Shroomer,-1,66,6,20,2,
12008,reproduce,Shroomer,-1,66,6,20,2,offspring:1
12009,environment_death,Shroomer,72,233,0,210,9,drowning
12011,kill,Shroomer,863,59,1,3,4,killed_by:Jaguar:516
12015,environment_death,Shroomer,809,231,0,210,2,drowning
12016,hunt_fail,Crocodile,1248,130,1,136,1,prey_escaped
12030,kill,Shroomer,388,192,3,250,1,killed_by:Faeling:582
12031,kill,Rabbit,499,288,0,248,2,killed_by:Shark:904
12032,hunt_fail,Wolf,430,287,4,248,3,target_died
12032,hunt_start,Wolf,430,287,4,248,3,target:Rabbit:783
12032,hunt_fail,Wolf,432,286,9,248,7,target_died
12032,hunt_fail,Shark,539,287,9,244,5,target_died
12032,hunt_start,Shark,539,287,9,244,5,target:Rabbit:783
12032,hunt_start,Shark,904,287,6,249,0,target:Lizard:1135
12034,reproduce,Monkey,242,7,7,234,0,offspring:1
12035,spore_created,Shroomer,-1,233,7,200,1,
12035,spore_created,Shroomer,-1,227,4,205,9,
12037,kill,Deer,81,114,8,36,4,killed_by:Jaguar:930
12044,reproduce,Deer,825,121,4,14,7,offspring:1
12047,reproduce,Jaguar,433,123,7,198,9,offspring:1
12047,reproduce,Tapir,647,226,4,125,3,offspring:1
12047,reproduce,Tapir,1215,246,4,122,4,offspring:1
12048,hunt_start,Jaguar,237,126,0,198,5,target:Boar:739
12050,reproduce,Elk,551,169,4,179,6,offspring:1
12056,reproduce,Monkey,331,286,3,25,1,offspring:1
12056,spore_matured,Shroomer,-1,229,5,213,9,
12056,reproduce,Shroomer,-1,229,5,213,9,offspring:1
12056,spore_matured,Shroomer,-1,237,2,211,9,
12056,reproduce,Shroomer,-1,237,2,211,9,offspring:1
12059,starvation,Arctic Fox,480,172,9,4,0,
12078,reproduce,Monkey,510,11,2,240,9,offspring:1
12084,starvation,Boar,922,0,2,183,7,
12089,kill,Elk,931,177,4,90,9,killed_by:Jaguar:486
12090,reproduce,Jaguar,486,177,1,90,2,offspring:1
12091,hunt_start,Jaguar,81,176,1,89,4,target:Camel:304
12091,hunt_start,Jaguar,486,177,1,90,3,target:Camel:304
12092,hunt_start,Shark,230,241,9,214,7,target:Rabbit:593
12105,kill,Boar,1106,247,3,199,2,killed_by:Shark:174
12111,spore_created,Shroomer,-1,47,9,101,9,
12111,spore_created,Shroomer,-1,39,4,96,1,
12122,kill,Musk Ox,714,271,8,122,0,killed_by:Polar Bear:1368
12122,reproduce,Deer,240,187,9,256,0,offspring:1
12122,reproduce,Boar,451,246,6,141,6,offspring:2
12123,hunt_start,Boar,922,247,5,144,5,target:Rabbit:1235
12123,hunt_start,Boar,931,247,5,144,5,target:Rabbit:1235
12124,hunt_fail,Jaguar,844,135,3,132,8,prey_escaped
12125,environment_death,Shroomer,1337,241,0,209,0,drowning
12129,starvation,Camel,523,234,5,33,4,
12138,kill,Musk Ox,289,288,0,117,8,killed_by:Polar Bear:466
12140,spore_created,Shroomer,-1,5,7,149,1,
12140,spore_created,Shroomer,-1,11,4,155,5,
12141,kill,Musk Ox,1112,268,5,124,6,killed_by:Polar Bear:482
12148,hunt_fail,Jaguar,487,142,0,203,7,discomfort
12150,kill,Rabbit,1006,60,3,199,4,killed_by:Hawk:413
12150,kill,Frog,1206,261,1,52,8,killed_by:Polar Bear:1166
12151,hunt_start,Hawk,413,60,5,199,4,target:Rabbit:1005
12151,kill,Rabbit,783,264,2,249,9,killed_by:Wolf:432
12151,hunt_start,Polar Bear,1166,259,9,52,7,target:Elk:208
12152,hunt_fail,Wolf,430,265,0,249,8,target_died
12152,hunt_start,Wolf,430,265,0,249,8,target:Rabbit:305
12152,hunt_fail,Shark,539,273,0,248,6,target_died
12152,hunt_start,Shark,539,273,0,248,6,target:Lizard:717
12155,spore_matured,Shroomer,-1,233,9,199,7,
12155,reproduce,Shroomer,-1,233,9,199,7,offspring:1
12158,starvation,Deer,165,10,3,199,6,
12158,reproduce,Deer,38,21,7,170,2,offspring:1
12158,reproduce,Deer,43,18,0,179,4,offspring:1
12158,reproduce,Deer,44,26,7,164,9,offspring:1
12158,reproduce,Deer,74,2,7,179,3,offspring:1
12158,reproduce,Deer,920,31,2,169,7,offspring:1
12158,reproduce,Deer,971,30,6,166,8,offspring:1
12160,hunt_start,Jaguar,455,28,4,81,3,target:Musk Ox:875
12162,reproduce,Rabbit,498,270,6,256,0,offspring:2
12168,hunt_start,Crocodile,1270,137,8,112,1,target:Camel:860
12174,reproduce,Deer,70,59,8,13,2,offspring:1
12175,reproduce,Boar,887,261,7,232,3,offspring:2
12181,reproduce,Elk,171,84,4,135,0,offspring:1
12182,spore_matured,Shroomer,-1,226,9,206,2,
12182,reproduce,Shroomer,-1,226,9,206,2,offspring:1
12200,hunt_start,Polar Bear,1243,284,3,104,2,target:Frog:741
12202,kill,Turtle,181,280,4,14,0,killed_by:Polar Bear:1255
12203,hunt_start,Polar Bear,1255,281,0,13,6,target:Monkey:863
12214,reproduce,Elk,1087,189,1,85,6,offspring:1
12218,spore_created,Shroomer,-1,57,5,86,6,
12218,spore_created,Shroomer,-1,52,4,93,7,
12220,kill,Musk Ox,875,24,5,77,9,killed_by:Jaguar:455
12222,environment_death,Shroomer,388,238,5,211,9,drowning
12222,environment_death,Shroomer,809,230,8,213,9,drowning
12222,kill,Boar,739,115,6,208,7,killed_by:Jaguar:237
12222,reproduce,Boar,525,89,1,190,9,offspring:2
12223,hunt_start,Jaguar,237,116,1,208,4,target:Turtle:724
12225,starvation,Parrot,356,200,5,167,1,
12246,hunt_fail,Crocodile,838,131,7,156,0,prey_escaped
12246,hunt_start,Crocodile,838,131,7,156,0,target:Tapir:836
12247,reproduce,Monkey,1218,164,5,268,9,offspring:1
12250,kill,Camel,304,188,7,86,4,killed_by:Jaguar:486
12251,hunt_fail,Jaguar,81,180,4,88,3,target_died
12251,hunt_start,Jaguar,81,180,4,88,3,target:Elk:1087
12264,reproduce,Monkey,11,239,2,158,9,offspring:1
12266,reproduce,Penguin,284,133,9,95,1,offspring:1
12268,reproduce,Monkey,641,230,1,155,4,offspring:1
12269,reproduce,Monkey,1076,166,8,76,1,offspring:1
12274,hunt_start,Jaguar,487,139,6,205,3,target:Deer:979
12274,hunt_start,Jaguar,516,60,8,1,4,target:Deer:914
12275,age_death,Fish,732,228,3,263,2,
12275,age_death,Fish,733,228,0,264,1,
12275,age_death,Fish,734,226,4,263,7,
12275,age_death,Fish,735,225,6,263,1,
12283,spore_matured,Shroomer,-1,40,0,96,4,
12283,reproduce,Shroomer,-1,40,0,96,4,offspring:1
12302,hunt_start,Jaguar,797,110,9,18,0,target:Penguin:473
12306,kill,Rabbit,305,240,8,259,5,killed_by:Wolf:432
12307,hunt_fail,Wolf,430,241,6,259,1,target_died
12307,hunt_start,Wolf,430,241,6,259,1,target:Rabbit:33
12310,reproduce,Rabbit,1025,32,0,230,4,offspring:2
12312,spore_matured,Shroomer,-1,11,8,155,6,
12312,reproduce,Shroomer,-1,11,8,155,6,offspring:1
12312,spore_matured,Shroomer,-1,5,7,149,1,
12312,reproduce,Shroomer,-1,5,7,149,1,offspring:1
12314,reproduce,Camel,1057,126,1,244,0,offspring:1
12315,hunt_fail,Jaguar,487,140,0,205,8,discomfort
12317,starvation,Parrot,338,286,6,140,7,
12318,age_death,Frog,577,133,1,37,2,
12319,spore_created,Shroomer,-1,64,6,82,0,
12319,spore_created,Shroomer,-1,60,2,71,0,
12335,starvation,Elk,170,203,5,14,7,
12335,kill,Rabbit,1005,33,4,189,9,killed_by:Hawk:413
12336,hunt_start,Hawk,413,33,9,189,6,target:Lizard:634
12344,starvation,Arctic Fox,726,149,1,144,8,
12345,reproduce,Penguin,1146,95,6,11,3,offspring:1
12349,reproduce,Monkey,336,33,1,96,0,offspring:1
12353,starvation,Rabbit,374,47,5,96,4,
12366,hunt_start,Jaguar,930,110,9,25,5,target:Frog:661
12376,age_death,Fish,125,231,3,264,3,
12376,age_death,Fish,748,230,1,262,2,
12376,age_death,Fish,749,227,3,262,4,
12376,age_death,Fish,750,227,3,263,4,
12376,age_death,Fish,751,231,7,260,8,
12376,age_death,Fish,752,231,1,262,1,
12376,age_death,Fish,753,230,8,261,2,
12376,age_death,Fish,754,231,0,263,0,
12379,hunt_fail,Wolf,432,243,9,253,3,discomfort
12387,kill,Camel,860,146,7,101,8,killed_by:Crocodile:1270
12395,environment_death,Musk Ox,292,272,2,125,6,drowning
12397,kill,Turtle,724,114,9,220,4,killed_by:Jaguar:237
12399,reproduce,Deer,139,193,2,167,5,offspring:1
12399,reproduce,Fish,334,159,0,130,6,offspring:2
12399,reproduce,Deer,1093,193,4,169,2,offspring:1
12399,reproduce,Fish,1153,158,0,130,1,offspring:2
12400,reproduce,Elk,208,259,0,35,4,offspring:1
12400,reproduce,Elk,758,272,0,46,7,offspring:1
12400,spore_created,Shroomer,-1,15,8,170,2,
12400,spore_created,Shroomer,-1,19,8,157,6,
12401,reproduce,Rabbit,1325,224,5,122,5,offspring:2
12404,reproduce,Polar Bear,1166,259,1,37,2,offspring:1
12405,hunt_start,Polar Bear,754,259,3,36,5,target:Elk:208
12414,kill,Penguin,473,116,5,19,9,killed_by:Jaguar:797
12414,reproduce,Monkey,1256,173,4,280,1,offspring:1
12416,reproduce,Rabbit,1034,81,1,78,1,offspring:2
12417,reproduce,Monkey,1257,245,4,233,7,offspring:1
12419,reproduce,Monkey,194,240,9,226,1,offspring:1
12421,starvation,Deer,58,50,5,105,5,
12439,spore_matured,Shroomer,-1,60,2,71,0,
12439,reproduce,Shroomer,-1,60,2,71,0,offspring:1
12440,kill,Elk,208,258,1,33,2,killed_by:Polar Bear:754
12441,hunt_fail,Polar Bear,1166,258,6,36,0,target_died
12441,hunt_start,Polar Bear,1166,258,6,36,0,target:Elk:748
12443,hunt_fail,Wolf,430,246,1,252,5,discomfort
12446,hunt_start,Jaguar,487,137,7,206,8,target:Deer:979
12447,hunt_start,Jaguar,844,135,6,133,1,target:Monkey:189
12457,starvation,Shroomer,420,-0,8,189,2,
12458,reproduce,Lizard,610,275,8,62,7,offspring:2
12459,starvation,Boar,969,0,1,189,2,
12465,starvation,Rabbit,1234,261,3,131,6,
12473,starvation,Parrot,769,177,4,159,8,
12473,reproduce,Deer,49,81,0,102,0,offspring:1
12476,hunt_start,Crocodile,266,146,2,118,5,target:Fish:1221
12476,age_death,Lizard,147,263,5,140,0,
12477,hunt_fail,Boar,451,256,3,139,1,target_died
12479,kill,Elk,1087,189,8,84,6,killed_by:Jaguar:81
12490,hunt_start,Wolf,432,249,3,254,3,target:Rabbit:515
12491,spore_matured,Shroomer,-1,64,6,82,0,
12491,reproduce,Shroomer,-1,64,6,82,0,offspring:1
12492,kill,Deer,914,51,6,3,6,killed_by:Jaguar:516
12492,reproduce,Deer,40,56,1,29,5,offspring:1
12492,reproduce,Deer,781,48,4,19,3,offspring:1
12501,reproduce,Turtle,506,257,9,193,0,offspring:1
12503,reproduce,Monkey,737,272,4,23,7,offspring:1
12504,reproduce,Elk,206,283,2,68,1,offspring:1
12504,reproduce,Monkey,1239,266,1,31,9,offspring:1
12506,hunt_start,Polar Bear,712,267,4,118,5,target:Musk Ox:291
12508,hunt_start,Boar,451,255,6,139,4,target:Frog:163
12518,spore_created,Shroomer,-1,235,9,210,1,
12518,spore_created,Shroomer,-1,245,5,209,4,
12519,age_death,Frog,588,46,2,147,4,
12520,spore_matured,Shroomer,-1,15,8,170,2,
12520,reproduce,Shroomer,-1,15,8,170,2,offspring:1
12520,spore_matured,Shroomer,-1,19,8,157,6,
12520,reproduce,Shroomer,-1,19,8,157,6,offspring:1
12529,hunt_start,Boar,875,90,7,188,7,target:Lizard:950
12534,kill,Lizard,634,45,4,220,3,killed_by:Hawk:413
12534,reproduce,Lizard,633,29,1,228,1,offspring:2
12534,reproduce,Lizard,1039,28,4,234,6,offspring:2
12535,hunt_start,Hawk,413,45,3,220,2,target:Monkey:1258
12544,kill,Frog,661,126,7,26,7,killed_by:Jaguar:930
12545,hunt_start,Jaguar,930,126,3,26,7,target:Shroomer:424
12551,reproduce,Monkey,261,270,1,284,3,offspring:1
12553,reproduce,Penguin,71,128,5,100,0,offspring:1
12553,reproduce,Elk,1182,128,0,7,6,offspring:1
12560,reproduce,Elk,134,210,0,7,6,offspring:1
12581,kill,Musk Ox,291,270,9,117,8,killed_by:Polar Bear:712
12592,hunt_start,Jaguar,455,29,5,76,8,target:Elk:376
12595,kill,Elk,748,252,5,29,7,killed_by:Polar Bear:1166
12596,starvation,Elk,511,212,5,16,1,
12600,age_death,Fish,248,219,6,162,6,
12600,age_death,Fish,344,220,0,163,6,
12600,age_death,Fish,676,218,2,162,4,
12600,age_death,Fish,677,218,7,163,2,
12600,reproduce,Monkey,189,128,6,143,0,offspring:1
12602,hunt_start,Jaguar,486,189,1,95,3,target:Elk:1054
12604,hunt_start,Polar Bear,754,259,1,33,3,target:Monkey:1239
12605,environment_death,Shroomer,58,58,0,70,2,drowning
12610,kill,Tapir,836,138,6,169,6,killed_by:Crocodile:838
12611,hunt_start,Crocodile,838,138,2,168,9,target:Lizard:1184
12621,kill,Frog,741,263,0,91,5,killed_by:Polar Bear:1243
12622,hunt_start,Polar Bear,1243,263,2,92,0,target:Frog:95
12625,kill,Boar,684,92,8,284,7,killed_by:Jaguar:1137
12626,kill,Elk,376,29,7,80,8,killed_by:Jaguar:455
12626,hunt_start,Jaguar,1137,92,7,284,1,target:Tapir:1310
12632,hunt_fail,Jaguar,487,138,6,206,7,discomfort
12634,reproduce,Deer,282,148,4,224,0,offspring:1
12635,reproduce,Monkey,242,14,2,233,1,offspring:1
12635,spore_created,Shroomer,-1,51,8,96,8,
12638,spore_matured,Shroomer,-1,235,9,210,1,
12638,reproduce,Shroomer,-1,235,9,210,1,offspring:1
12639,starvation,Elk,227,43,7,100,1,
12642,spore_created,Shroomer,-1,24,5,148,2,
12642,spore_created,Shroomer,-1,22,7,151,0,
12643,reproduce,Penguin,1314,94,9,31,0,offspring:1
12646,reproduce,Elk,113,22,7,2,7,offspring:1
12646,reproduce,Musk Ox,761,160,0,109,5,offspring:1
12653,kill,Rabbit,515,273,4,263,0,killed_by:Wolf:430
12654,hunt_start,Wolf,430,273,1,262,9,target:Parrot:250
12654,hunt_fail,Wolf,432,271,8,262,3,target_died
12665,hunt_start,Polar Bear,1368,272,8,114,4,target:Musk Ox:743
12666,hunt_start,Shark,174,250,3,196,8,target:Turtle:147
12679,reproduce,Monkey,510,11,0,238,2,offspring:1
12681,hunt_start,Polar Bear,466,279,4,115,3,target:Musk Ox:743
12684,hunt_start,Polar Bear,482,267,8,125,1,target:Musk Ox:293
12690,spore_matured,Shroomer,-1,245,5,209,4,
12690,reproduce,Shroomer,-1,245,5,209,4,offspring:1
12694,kill,Shroomer,424,128,1,19,4,killed_by:Jaguar:930
12697,spore_created,Shroomer,-1,45,6,88,0,
12697,spore_created,Shroomer,-1,45,4,85,9,
12698,reproduce,Camel,535,133,6,79,7,offspring:1
12701,hunt_fail,Crocodile,266,149,1,116,0,prey_escaped
12701,hunt_start,Crocodile,266,149,1,116,0,target:Camel:596
12702,kill,Monkey,1258,40,4,245,5,killed_by:Hawk:413
12703,hunt_start,Hawk,413,40,3,245,2,target:Lizard:462
12703,hunt_start,Jaguar,487,137,7,207,1,target:Parrot:166
12721,reproduce,Boar,1319,231,2,155,0,offspring:2
12722,hunt_start,Boar,424,233,3,153,1,target:Monkey:641
12722,hunt_start,Boar,1376,233,3,153,1,target:Monkey:641
12723,hunt_fail,Jaguar,487,137,8,207,1,discomfort
12723,kill,Musk Ox,743,276,5,113,2,killed_by:Polar Bear:1368
12724,hunt_fail,Polar Bear,466,277,6,114,2,target_died
12724,hunt_start,Polar Bear,466,277,6,114,2,target:Musk Ox:1115
12724,reproduce,Elk,211,256,3,56,7,offspring:1
12731,reproduce,Elk,598,131,6,7,4,offspring:1
12741,kill,Frog,163,249,1,132,7,killed_by:Boar:451
12741,reproduce,Parrot,175,245,0,168,3,offspring:1
12741,reproduce,Parrot,549,247,2,183,0,offspring:1
12741,reproduce,Parrot,772,231,4,165,9,offspring:1
12741,reproduce,Rabbit,802,256,2,257,9,offspring:2
12741,reproduce,Elk,1130,139,6,35,2,offspring:1
12743,reproduce,Monkey,477,160,1,267,9,offspring:1
12748,reproduce,Penguin,284,139,8,95,1,offspring:1
12755,spore_matured,Shroomer,-1,51,7,96,8,
12755,reproduce,Shroomer,-1,51,7,96,8,offspring:1
12762,spore_matured,Shroomer,-1,22,7,151,0,
12762,reproduce,Shroomer,-1,22,7,151,0,offspring:1
12769,hunt_start,Jaguar,237,116,4,220,3,target:Boar:1149
12779,starvation,Parrot,652,177,0,158,6,
12780,kill,Elk,1054,180,7,95,3,killed_by:Jaguar:486
12783,reproduce,Musk Ox,142,260,4,125,0,offspring:1
12786,hunt_start,Jaguar,797,114,2,25,5,target:Deer:755
12788,reproduce,Deer,79,128,0,172,9,offspring:1
12793,reproduce,Lizard,616,224,0,191,3,offspring:2
12799,hunt_start,Jaguar,487,136,7,208,2,target:Parrot:730
12800,hunt_start,Boar,997,2,1,184,1,target:Monkey:396
12800,age_death,Frog,608,66,4,80,4,
12800,age_death,Lizard,610,268,2,62,0,
12800,age_death,Lizard,611,125,7,39,1,
12800,age_death,Lizard,612,151,3,29,1,
12800,age_death,Lizard,614,242,6,168,4,
12800,age_death,Lizard,615,202,6,244,1,
12800,age_death,Lizard,616,223,7,191,3,
12804,environment_death,Shroomer,344,235,2,211,4,drowning
12804,starvation,Rabbit,107,54,8,66,8,
12810,kill,Tapir,1310,94,8,268,3,killed_by:Jaguar:1137
12811,reproduce,Jaguar,1137,94,7,268,9,offspring:1
12812,hunt_start,Jaguar,608,94,2,271,4,target:Monkey:656
12812,hunt_start,Jaguar,1137,94,7,268,9,target:Monkey:656
12813,reproduce,Rabbit,1265,227,9,124,0,offspring:2
12813,spore_created,Shroomer,-1,38,9,89,1,
12813,spore_created,Shroomer,-1,37,0,91,4,
12813,spore_created,Shroomer,-1,42,8,97,7,
12813,spore_created,Shroomer,-1,41,4,103,1,
12814,spore_matured,Shroomer,-1,24,4,148,3,
12814,reproduce,Shroomer,-1,24,4,148,3,offspring:1
12819,kill,Musk Ox,293,271,6,119,2,killed_by:Polar Bear:482
12821,reproduce,Lizard,1269,27,8,80,9,offspring:2
12835,starvation,Fish,1230,130,9,177,0,
12840,spore_created,Shroomer,-1,46,6,101,8,
12840,spore_created,Shroomer,-1,47,3,106,0,
12843,spore_matured,Shroomer,-1,45,8,87,9,
12843,reproduce,Shroomer,-1,45,8,87,9,offspring:1
12848,reproduce,Crocodile,838,138,2,179,3,offspring:1
12849,hunt_start,Crocodile,1230,140,9,177,0,target:Boar:785
12849,reproduce,Monkey,1218,167,4,277,6,offspring:1
12850,kill,Musk Ox,1115,272,8,118,4,killed_by:Polar Bear:466
12851,hunt_start,Jaguar,81,197,1,79,5,target:Lizard:961
12851,kill,Turtle,147,257,2,189,7,killed_by:Shark:174
12851,reproduce,Penguin,86,134,4,91,6,offspring:1
12862,kill,Lizard,462,15,7,248,0,killed_by:Hawk:413
12863,hunt_start,Hawk,413,15,9,248,0,target:Lizard:1378
12864,hunt_start,Jaguar,516,53,8,0,9,target:Rabbit:493
12865,hunt_fail,Jaguar,487,137,0,208,3,discomfort
12865,reproduce,Musk Ox,415,260,3,122,6,offspring:1
12866,reproduce,Monkey,11,238,6,164,2,offspring:1
12868,reproduce,Monkey,1332,234,2,172,5,offspring:1
12869,spore_matured,Shroomer,-1,45,3,85,3,
12869,reproduce,Shroomer,-1,45,3,85,3,offspring:1
12871,reproduce,Monkey,1076,169,1,80,9,offspring:1
12879,reproduce,Lizard,169,72,6,74,3,offspring:2
12886,kill,Parrot,250,288,0,239,6,killed_by:Wolf:432
12887,hunt_fail,Wolf,430,287,0,240,0,target_died
12887,hunt_start,Wolf,430,287,0,240,0,target:Parrot:101
12888,hunt_start,Crocodile,1270,146,2,102,4,target:Musk Ox:150
12890,reproduce,Elk,117,180,4,181,1,offspring:1
12890,reproduce,Elk,551,166,8,175,5,offspring:1
12899,hunt_start,Polar Bear,1166,253,8,33,3,target:Lizard:37
12905,spore_created,Shroomer,-1,239,7,198,1,
12905,spore_created,Shroomer,-1,225,5,203,1,
12909,reproduce,Rabbit,129,70,9,69,5,offspring:2
12932,starvation,Musk Ox,298,51,1,45,9,
12933,spore_matured,Shroomer,-1,42,5,98,3,
12933,reproduce,Shroomer,-1,42,5,98,3,offspring:1
12936,starvation,Monkey,826,0,4,137,0,
12937,kill,Boar,1149,113,0,213,9,killed_by:Jaguar:237
12946,reproduce,Penguin,1146,93,0,23,9,offspring:1
12950,hunt_start,Jaguar,487,135,5,209,2,target:Turtle:422
12953,reproduce,Monkey,336,39,1,88,7,offspring:1
12956,reproduce,Monkey,10,171,0,185,1,offspring:1
12960,reproduce,Lizard,717,192,0,288,0,offspring:2
12960,spore_matured,Shroomer,-1,47,3,106,0,
12960,reproduce,Shroomer,-1,47,3,106,0,offspring:1
12963,reproduce,Turtle,422,145,5,208,8,offspring:1
12967,reproduce,Rabbit,498,258,3,260,4,offspring:2
12970,starvation,Lizard,918,238,6,279,6,
12970,hunt_start,Crocodile,1187,140,1,104,6,target:Penguin:496
12976,kill,Musk Ox,150,150,8,100,6,killed_by:Crocodile:1270
12980,hunt_fail,Crocodile,1183,231,1,126,1,prey_escaped
12980,hunt_start,Crocodile,1183,231,1,126,1,target:Tapir:1027
12982,hunt_fail,Wolf,432,286,4,228,2,discomfort
12983,reproduce,Elk,171,82,5,140,1,offspring:1
12985,spore_matured,Shroomer,-1,38,7,88,9,
12985,reproduce,Shroomer,-1,38,7,88,9,offspring:1
12985,spore_matured,Shroomer,-1,37,0,91,4,
12985,reproduce,Shroomer,-1,37,0,91,4,offspring:1
12987,age_death,Lizard,642,32,9,4,8,
12987,age_death,Lizard,643,40,9,30,9,
12987,reproduce,Lizard,1279,27,3,8,6,offspring:2
12987,reproduce,Rabbit,1341,118,1,256,1,offspring:2
12992,starvation,Lizard,319,288,0,164,4,
12992,starvation,Lizard,337,284,6,137,8,
12998,hunt_start,Jaguar,455,34,7,78,9,target:Deer:47
13000,kill,Deer,755,103,9,33,6,killed_by:Jaguar:797
13008,reproduce,Lizard,774,193,9,192,0,offspring:2
13016,reproduce,Monkey,92,244,0,221,9,offspring:1
13019,reproduce,Monkey,629,260,4,279,3,offspring:1
13020,reproduce,Monkey,194,245,3,230,5,offspring:1
13020,reproduce,Monkey,1257,239,2,239,1,offspring:1
13021,reproduce,Lizard,842,276,0,100,9,offspring:2
13021,reproduce,Lizard,843,271,6,103,6,offspring:2
13021,reproduce,Jaguar,930,126,8,25,4,offspring:1
13022,hunt_start,Jaguar,930,126,8,25,4,target:Penguin:981
13022,hunt_start,Jaguar,1412,125,9,28,3,target:Frog:632
13025,hunt_fail,Wolf,430,286,4,227,9,discomfort
13025,spore_matured,Shroomer,-1,225,5,203,1,
13025,reproduce,Shroomer,-1,225,5,203,1,offspring:1
13030,age_death,Frog,428,163,1,27,1,
13030,age_death,Frog,442,164,0,26,7,
13030,spore_created,Shroomer,-1,212,0,203,1,
13030,spore_created,Shroomer,-1,205,8,212,7,
13031,hunt_fail,Jaguar,487,137,0,209,2,discomfort
13031,kill,Penguin,981,129,7,26,3,killed_by:Jaguar:930
13032,hunt_start,Jaguar,930,129,1,26,2,target:Rabbit:454
13034,spore_created,Shroomer,-1,260,0,203,4,
13034,spore_created,Shroomer,-1,261,0,209,1,
13040,starvation,Monkey,393,3,8,135,4,
13044,reproduce,Boar,459,30,8,233,3,offspring:2
13044,reproduce,Boar,811,1,6,193,0,offspring:2
13045,hunt_start,Boar,393,28,9,234,3,target:Lizard:1377
13045,hunt_start,Boar,1414,28,9,234,3,target:Lizard:1377
13047,kill,Lizard,1378,24,0,221,3,killed_by:Hawk:413
13048,hunt_start,Hawk,413,24,0,221,5,target:Lizard:633
13062,reproduce,Monkey,331,288,0,29,2,offspring:1
13063,kill,Frog,95,279,9,109,4,killed_by:Polar Bear:1243
13064,hunt_start,Polar Bear,1243,278,8,109,2,target:Frog:124
13064,reproduce,Elk,573,23,4,8,4,offspring:1
13077,spore_matured,Shroomer,-1,239,7,198,1,
13077,reproduce,Shroomer,-1,239,7,198,1,offspring:1
13079,reproduce,Elk,1254,69,3,146,3,offspring:1
13088,age_death,Lizard,650,33,9,34,8,
13088,age_death,Lizard,651,77,2,11,1,
13088,reproduce,Lizard,804,88,0,21,7,offspring:2
13088,reproduce,Lizard,870,69,6,17,6,offspring:2
13099,starvation,Rabbit,215,114,7,188,8,
13103,reproduce,Monkey,1220,277,2,25,9,offspring:1
13104,reproduce,Monkey,737,264,9,24,3,offspring:1
13110,kill,Boar,785,153,8,184,0,killed_by:Crocodile:1230
13111,hunt_start,Crocodile,1230,153,2,183,7,target:Deer:667
13111,reproduce,Jaguar,516,60,2,17,9,offspring:1
13112,hunt_start,Jaguar,785,59,6,15,4,target:Deer:769
13112,reproduce,Musk Ox,932,57,7,142,7,offspring:1
13118,age_death,Frog,660,179,6,35,8,
13120,kill,Tapir,1027,226,1,119,8,killed_by:Crocodile:1183
13120,reproduce,Tapir,387,236,4,125,1,offspring:1
13120,reproduce,Tapir,647,223,2,113,5,offspring:1
13121,hunt_start,Crocodile,1183,226,3,120,4,target:Tapir:560
13124,hunt_start,Polar Bear,712,273,5,114,5,target:Musk Ox:1361
13125,starvation,Frog,631,111,0,35,1,
13125,starvation,Lizard,1035,288,0,168,1,
13125,hunt_fail,Polar Bear,544,286,6,166,6,target_died
13127,kill,Monkey,1239,288,0,33,3,killed_by:Polar Bear:754
13131,kill,Frog,632,116,7,30,9,killed_by:Jaguar:1412
13131,reproduce,Frog,1245,123,4,19,5,offspring:2
13132,hunt_start,Jaguar,486,183,1,106,7,target:Elk:638
13132,hunt_start,Jaguar,1412,117,1,30,7,target:Frog:1051
13132,reproduce,Elk,600,221,4,113,2,offspring:1
13153,reproduce,Monkey,261,239,1,276,1,offspring:1
13153,reproduce,Penguin,318,95,7,4,6,offspring:1
13154,spore_matured,Shroomer,-1,260,0,203,4,
13154,reproduce,Shroomer,-1,260,0,203,4,offspring:1
13163,kill,Deer,47,36,2,72,9,killed_by:Jaguar:455
13164,reproduce,Boar,1320,226,5,128,1,offspring:2
13167,reproduce,Musk Ox,29,160,0,82,0,offspring:1
13171,reproduce,Monkey,656,63,9,258,6,offspring:1
13174,reproduce,Monkey,694,160,0,179,3,offspring:1
13178,hunt_start,Boar,591,252,6,182,8,target:Monkey:314
13181,reproduce,Elk,827,214,1,108,0,offspring:1
13184,reproduce,Deer,828,192,1,17,4,offspring:1
13184,spore_created,Shroomer,-1,212,8,195,3,
13184,spore_created,Shroomer,-1,201,6,190,8,
13190,starvation,Fish,1231,135,5,89,5,
13201,hunt_start,Wolf,430,286,2,236,3,target:Parrot:834
13202,reproduce,Penguin,35,59,1,141,0,offspring:1
13202,reproduce,Penguin,609,51,7,142,0,offspring:1
13202,reproduce,Penguin,1213,59,8,139,1,offspring:1
13202,spore_matured,Shroomer,-1,212,0,203,1,
13202,reproduce,Shroomer,-1,212,0,203,1,offspring:1
13202,spore_matured,Shroomer,-1,205,5,212,9,
13202,reproduce,Shroomer,-1,205,5,212,9,offspring:1
13203,reproduce,Penguin,994,96,0,130,9,offspring:1
13204,spore_created,Shroomer,-1,44,7,98,6,
13204,spore_created,Shroomer,-1,45,8,95,6,
13205,starvation,Parrot,109,288,0,288,0,
13205,hunt_fail,Shark,518,286,2,286,9,target_died
13205,hunt_start,Shark,518,286,2,286,9,target:Parrot:958
13205,reproduce,Parrot,713,273,9,268,3,offspring:1
13205,reproduce,Parrot,822,280,3,273,7,offspring:1
13205,reproduce,Parrot,958,284,8,279,0,offspring:1
13205,reproduce,Parrot,1026,276,6,264,4,offspring:1
13206,spore_matured,Shroomer,-1,261,0,209,1,
13206,reproduce,Shroomer,-1,261,0,209,1,offspring:1
13219,reproduce,Boar,1151,74,8,188,6,offspring:2
13220,starvation,Fish,1226,152,0,130,9,
13220,reproduce,Fish,125,157,3,127,8,offspring:2
13220,reproduce,Fish,170,159,8,130,0,offspring:2
13220,reproduce,Fish,334,159,0,130,5,offspring:2
13224,starvation,Deer,94,19,2,209,5,
13225,reproduce,Parrot,864,159,8,288,0,offspring:1
13229,spore_created,Shroomer,-1,65,0,14,6,
13229,spore_created,Shroomer,-1,57,4,18,7,
13233,starvation,Fish,1233,215,0,93,8,
13233,reproduce,Penguin,284,147,9,92,3,offspring:1
13243,reproduce,Penguin,354,85,4,8,7,offspring:1
13251,kill,Musk Ox,1361,267,1,115,5,killed_by:Polar Bear:712
13252,starvation,Monkey,906,127,5,260,3,
13252,hunt_fail,Jaguar,34,127,9,271,6,target_died
13252,spore_created,Shroomer,-1,36,1,93,9,
13252,spore_created,Shroomer,-1,34,0,106,1,
13253,kill,Lizard,633,56,8,216,7,killed_by:Hawk:413
13254,hunt_start,Hawk,413,56,6,216,8,target:Lizard:1037
13255,kill,Elk,638,182,5,99,7,killed_by:Jaguar:486
13259,hunt_start,Jaguar,487,135,1,213,5,target:Turtle:1401
13263,starvation,Parrot,567,233,6,216,6,
13264,reproduce,Parrot,1214,160,0,271,0,offspring:1
13266,hunt_start,Polar Bear,1368,272,3,108,0,target:Lizard:843
13278,reproduce,Camel,1198,93,4,165,5,offspring:1
13286,kill,Frog,124,287,9,119,6,killed_by:Polar Bear:1243
13287,hunt_start,Polar Bear,1243,287,5,119,1,target:Frog:1125
13290,starvation,Fish,1227,230,9,149,2,
13290,hunt_start,Polar Bear,754,287,6,34,1,target:Monkey:1378
13290,kill,Tapir,560,218,7,121,6,killed_by:Crocodile:1183
13290,reproduce,Elk,204,67,3,96,6,offspring:1
13290,reproduce,Monkey,571,133,2,23,8,offspring:1
13302,starvation,Monkey,1212,178,2,116,9,
13309,hunt_start,Jaguar,237,106,4,222,2,target:Monkey:578
13310,starvation,Fish,1232,233,8,121,7,
13319,age_death,Frog,678,89,9,132,2,
13319,age_death,Frog,679,33,0,118,9,
13319,age_death,Frog,680,42,1,124,3,
13321,reproduce,Frog,168,230,2,144,8,offspring:2
13326,hunt_start,Crocodile,1183,219,5,121,5,target:Elk:600
13328,spore_matured,Shroomer,-1,45,2,98,8,
13328,reproduce,Shroomer,-1,45,2,98,8,offspring:1
13331,reproduce,Jaguar,486,185,6,100,8,offspring:1
13331,spore_matured,Shroomer,-1,45,7,95,5,
13331,reproduce,Shroomer,-1,45,7,95,5,offspring:1
13332,hunt_start,Jaguar,486,185,6,100,9,target:Elk:1330
13332,hunt_start,Jaguar,560,185,4,100,1,target:Elk:1330
13334,kill,Camel,596,150,7,105,0,killed_by:Crocodile:266
13335,reproduce,Crocodile,266,151,0,105,6,offspring:1
13336,hunt_start,Crocodile,266,151,0,105,6,target:Musk Ox:741
13336,hunt_start,Crocodile,1232,151,4,108,6,target:Musk Ox:741
13338,kill,Frog,1051,121,0,13,3,killed_by:Jaguar:1412
13339,hunt_start,Jaguar,1412,120,9,13,7,target:Elk:639
13340,kill,Deer,769,45,8,6,2,killed_by:Jaguar:785
13341,hunt_start,Jaguar,785,46,2,6,6,target:Deer:70
13349,starvation,Boar,456,26,5,151,0,
13355,reproduce,Elk,1182,128,2,2,8,offspring:1
13362,hunt_start,Polar Bear,482,273,1,116,3,target:Musk Ox:652
13363,spore_created,Shroomer,-1,220,9,220,6,
13363,spore_created,Shroomer,-1,222,6,221,8,
13372,hunt_start,Jaguar,797,100,9,24,5,target:Penguin:1086
13376,starvation,Lizard,695,196,6,6,4,
13380,spore_created,Shroomer,-1,42,6,87,7,
13380,spore_created,Shroomer,-1,37,9,96,5,
13382,starvation,Fish,1221,226,7,108,6,
13383,reproduce,Lizard,232,192,0,7,3,offspring:2
13386,reproduce,Penguin,496,145,1,78,1,offspring:1
13389,reproduce,Deer,79,113,8,171,6,offspring:1
13393,hunt_start,Polar Bear,466,274,8,115,2,target:Musk Ox:1339
13401,spore_matured,Shroomer,-1,57,4,18,7,
13401,reproduce,Shroomer,-1,57,4,18,7,offspring:1
13407,age_death,Lizard,534,118,4,198,6,
13408,hunt_fail,Boar,777,134,4,198,1,target_died
13408,hunt_fail,Boar,1276,124,3,198,5,target_died
13408,hunt_fail,Boar,1277,128,8,198,3,target_died
13412,hunt_start,Shark,174,245,8,194,0,target:Shroomer:379
13419,reproduce,Elk,1029,191,3,80,4,offspring:1
13423,kill,Parrot,834,270,8,271,7,killed_by:Wolf:432
13424,hunt_fail,Wolf,430,271,1,270,8,target_died
13424,hunt_start,Wolf,430,271,1,270,8,target:Lizard:601
13424,spore_created,Shroomer,-1,208,7,193,4,
13424,spore_created,Shroomer,-1,206,8,200,8,
13424,spore_matured,Shroomer,-1,35,9,93,9,
13424,reproduce,Shroomer,-1,35,9,93,9,offspring:1
13431,kill,Elk,639,127,0,9,9,killed_by:Jaguar:1412
13438,reproduce,Frog,1208,259,3,30,7,offspring:2
13440,reproduce,Crocodile,1183,219,6,121,3,offspring:1
13441,hunt_start,Crocodile,1447,220,9,120,6,target:Elk:600
13452,reproduce,Penguin,86,135,7,96,2,offspring:1
13453,starvation,Lizard,814,203,7,110,6,
13453,reproduce,Lizard,85,219,6,108,3,offspring:2
13453,reproduce,Lizard,703,212,1,105,3,offspring:2
13463,kill,Elk,1330,196,4,97,2,killed_by:Jaguar:560
13464,hunt_fail,Jaguar,486,188,3,100,2,target_died
13465,reproduce,Monkey,739,236,6,165,4,offspring:1
13469,reproduce,Elk,845,191,1,83,5,offspring:1
13471,reproduce,Monkey,1373,180,5,90,5,offspring:1
13472,reproduce,Monkey,1076,166,2,86,4,offspring:1
13476,hunt_start,Jaguar,34,127,4,269,7,target:Rabbit:1341
13477,hunt_start,Crocodile,1270,150,0,100,9,target:Camel:458
13477,reproduce,Monkey,1332,235,4,168,4,offspring:1
13478,kill,Musk Ox,741,156,6,104,7,killed_by:Crocodile:266
13478,reproduce,Musk Ox,1147,118,6,129,1,offspring:1
13479,hunt_fail,Crocodile,1232,156,7,105,5,prey_escaped
13479,hunt_start,Crocodile,1232,156,7,105,5,target:Camel:972
13480,spore_created,Shroomer,-1,247,3,164,5,
13480,spore_created,Shroomer,-1,238,1,166,2,
13481,starvation,Deer,55,44,1,79,9,
13481,reproduce,Deer,60,76,4,119,6,offspring:1
13483,spore_matured,Shroomer,-1,220,7,220,5,
13483,reproduce,Shroomer,-1,220,7,220,5,offspring:1
13483,spore_matured,Shroomer,-1,222,8,222,0,
13483,reproduce,Shroomer,-1,222,8,222,0,offspring:1
13500,kill,Lizard,1037,28,0,244,7,killed_by:Hawk:413
13500,hunt_start,Boar,1170,125,5,242,9,target:Lizard:1317
13501,hunt_start,Hawk,413,28,1,244,6,target:Lizard:636
13501,reproduce,Crocodile,1187,145,9,73,7,offspring:1
13502,hunt_start,Crocodile,1037,144,5,74,5,target:Penguin:496
13524,reproduce,Elk,1274,143,0,192,0,offspring:1
13527,spore_created,Shroomer,-1,58,4,78,5,
13527,spore_created,Shroomer,-1,60,5,81,6,
13531,kill,Musk Ox,652,263,9,121,3,killed_by:Polar Bear:482
13532,hunt_fail,Jaguar,487,136,6,213,5,discomfort
13533,reproduce,Tapir,100,209,9,283,7,offspring:1
13534,kill,Shroomer,379,247,7,189,1,killed_by:Shark:174
13535,hunt_start,Jaguar,455,41,5,68,4,target:Musk Ox:294
13537,hunt_start,Polar Bear,869,286,6,0,4,target:Monkey:331
13538,starvation,Monkey,696,6,8,130,2,
13542,reproduce,Elk,1130,129,3,30,2,offspring:1
13547,kill,Penguin,496,146,9,70,3,killed_by:Crocodile:1187
13547,reproduce,Musk Ox,761,163,4,105,7,offspring:1
13547,reproduce,Penguin,1146,83,8,31,2,offspring:1
13548,hunt_fail,Crocodile,1037,145,8,72,4,prey_escaped
13548,hunt_start,Crocodile,1037,145,8,72,4,target:Penguin:356
13548,hunt_start,Crocodile,1187,146,8,70,8,target:Lizard:1365
13548,reproduce,Parrot,692,71,8,166,0,offspring:1
13549,reproduce,Monkey,338,31,1,88,5,offspring:1
13552,spore_matured,Shroomer,-1,42,3,87,8,
13552,reproduce,Shroomer,-1,42,3,87,8,offspring:1
13552,spore_matured,Shroomer,-1,37,7,97,0,
13552,reproduce,Shroomer,-1,37,7,97,0,offspring:1
13555,reproduce,Monkey,336,38,9,91,4,offspring:1
13557,hunt_start,Jaguar,486,184,4,100,5,target:Monkey:1451
13557,reproduce,Musk Ox,140,260,6,124,0,offspring:1
13567,kill,Penguin,1086,116,5,21,8,killed_by:Jaguar:797
13570,kill,Deer,70,35,4,19,5,killed_by:Jaguar:785
13572,reproduce,Deer,40,58,3,22,5,offspring:1
13573,kill,Deer,667,163,5,207,3,killed_by:Crocodile:1230
13575,environment_death,Tapir,368,151,4,288,0,drowning
13577,reproduce,Elk,200,19,3,95,8,offspring:1
13580,reproduce,Penguin,1360,137,7,96,0,offspring:1
13581,reproduce,Monkey,11,233,4,170,9,offspring:1
13583,kill,Musk Ox,1339,271,7,124,4,killed_by:Polar Bear:466
13600,age_death,Lizard,569,111,0,10,1,
13601,hunt_start,Jaguar,487,135,5,214,7,target:Boar:697
13604,reproduce,Jaguar,455,39,1,64,7,offspring:1
13605,hunt_start,Jaguar,1339,41,2,65,6,target:Musk Ox:294
13612,reproduce,Elk,1311,22,5,136,5,offspring:1
13619,kill,Elk,600,223,4,111,7,killed_by:Crocodile:1447
13620,hunt_fail,Crocodile,1183,219,7,121,0,target_died
13620,reproduce,Monkey,629,266,1,286,2,offspring:1
13623,hunt_fail,Jaguar,487,135,5,215,2,discomfort
13628,reproduce,Monkey,1241,71,4,125,3,offspring:1
13638,reproduce,Elk,1108,128,3,13,0,offspring:1
13640,kill,Camel,458,145,0,103,6,killed_by:Crocodile:1270
13647,reproduce,Deer,164,203,7,259,5,offspring:1
13647,reproduce,Deer,240,175,3,264,0,offspring:1
13647,reproduce,Deer,1197,178,6,256,1,offspring:1
13648,reproduce,Elk,209,261,4,50,6,offspring:1
13648,reproduce,Elk,590,265,3,44,7,offspring:1
13648,reproduce,Elk,758,258,9,51,0,offspring:1
13649,environment_death,Shroomer,679,219,9,220,1,drowning
13651,kill,Camel,972,158,3,114,8,killed_by:Crocodile:1232
13652,spore_matured,Shroomer,-1,247,3,164,5,
13652,reproduce,Shroomer,-1,247,3,164,5,offspring:1
13652,spore_matured,Shroomer,-1,238,1,166,2,
13652,reproduce,Shroomer,-1,238,1,166,2,offspring:1
13654,reproduce,Deer,64,192,1,17,0,offspring:1
13663,kill,Lizard,601,288,0,268,6,killed_by:Wolf:432
13664,hunt_fail,Wolf,430,286,8,269,0,target_died
13664,hunt_start,Wolf,430,286,8,269,0,target:Parrot:822
13664,reproduce,Monkey,331,288,0,10,4,offspring:1
13671,kill,Musk Ox,294,37,8,61,5,killed_by:Jaguar:455
13672,hunt_fail,Jaguar,1339,40,5,65,0,target_died
13684,reproduce,Musk Ox,142,262,8,122,8,offspring:1
13691,hunt_start,Crocodile,1183,219,6,120,5,target:Rabbit:1265
13699,reproduce,Camel,535,136,8,78,4,offspring:1
13699,reproduce,Parrot,549,256,7,200,9,offspring:1
13699,spore_created,Shroomer,-1,47,2,90,2,
13699,spore_created,Shroomer,-1,42,8,85,3,
13699,spore_matured,Shroomer,-1,58,4,78,5,
13699,reproduce,Shroomer,-1,58,4,78,5,offspring:1
13699,spore_matured,Shroomer,-1,60,5,81,6,
13699,reproduce,Shroomer,-1,60,5,81,6,offspring:1
13703,reproduce,Monkey,1087,276,2,21,1,offspring:1
13704,reproduce,Monkey,914,263,2,19,5,offspring:1
13717,reproduce,Lizard,1039,18,6,230,2,offspring:2
13718,age_death,Penguin,283,128,0,88,0,
13723,reproduce,Monkey,499,15,7,233,1,offspring:1
13725,reproduce,Monkey,1196,77,2,271,0,offspring:1
13731,starvation,Monkey,796,150,5,236,0,
13731,hunt_fail,Boar,1169,147,1,229,9,target_died
13731,reproduce,Monkey,722,173,7,283,4,offspring:1
13731,reproduce,Monkey,860,188,3,278,5,offspring:1
13731,reproduce,Monkey,1256,172,1,282,0,offspring:1
13734,kill,Lizard,636,67,0,245,2,killed_by:Hawk:413
13735,hunt_start,Hawk,413,66,8,245,2,target:Lizard:1030
13743,kill,Monkey,863,261,9,91,2,killed_by:Polar Bear:1255
13744,hunt_start,Polar Bear,1255,262,1,90,6,target:Lizard:842
13760,hunt_start,Jaguar,487,134,9,220,0,target:Boar:697
13766,reproduce,Musk Ox,415,254,6,121,0,offspring:1
13778,reproduce,Turtle,97,241,3,192,2,offspring:1
13781,kill,Boar,697,134,9,223,7,killed_by:Jaguar:487
13782,hunt_start,Jaguar,487,134,9,222,8,target:Boar:740
13782,age_death,Frog,212,42,7,39,3,
13782,age_death,Frog,414,33,0,12,5,
13788,reproduce,Elk,171,84,0,136,2,offspring:1
13790,starvation,Lizard,935,152,8,130,9,
13790,hunt_fail,Jaguar,776,158,7,138,1,target_died
13793,hunt_fail,Boar,393,16,4,211,8,prey_escaped
13793,hunt_fail,Boar,1414,16,4,211,8,prey_escaped
13794,hunt_start,Polar Bear,712,276,2,117,7,target:Lizard:1410
13801,reproduce,Penguin,356,129,8,64,8,offspring:1
13803,kill,Rabbit,1341,124,7,256,6,killed_by:Jaguar:34
13803,hunt_start,Jaguar,1412,125,5,20,4,target:Frog:631
13804,hunt_start,Jaguar,34,124,6,257,0,target:Lizard:1141
13805,hunt_start,Jaguar,1339,40,5,65,0,target:Lizard:1267
13808,starvation,Parrot,951,134,1,185,0,
13811,kill,Frog,631,123,8,18,1,killed_by:Jaguar:1412
13819,starvation,Wolf,430,274,7,287,0,
13819,spore_matured,Shroomer,-1,47,3,90,2,
13819,reproduce,Shroomer,-1,47,3,90,2,offspring:1
13820,reproduce,Jaguar,797,120,5,17,9,offspring:1
13821,hunt_start,Jaguar,797,120,5,17,9,target:Penguin:326
13821,hunt_start,Jaguar,935,121,9,18,5,target:Penguin:326
13823,reproduce,Penguin,994,99,2,135,0,offspring:1
13828,reproduce,Monkey,261,235,8,285,2,offspring:1
13829,kill,Penguin,326,121,2,15,2,killed_by:Jaguar:797
13830,hunt_start,Jaguar,797,121,0,15,9,target:Rabbit:718
13830,hunt_fail,Jaguar,935,121,7,18,0,target_died
13830,hunt_start,Jaguar,935,121,7,18,0,target:Rabbit:718
13835,starvation,Jaguar,322,122,9,275,5,
13839,starvation,Fish,1308,252,3,222,2,
13844,reproduce,Penguin,354,89,0,14,9,offspring:1
13845,reproduce,Penguin,1106,88,0,21,3,offspring:1
13850,starvation,Deer,59,40,4,46,4,
13852,hunt_start,Boar,1169,148,0,225,6,target:Parrot:166
13859,reproduce,Elk,598,129,2,12,0,offspring:1
13860,starvation,Monkey,1363,167,5,167,6,
13869,hunt_start,Jaguar,560,195,8,97,3,target:Elk:1450
13871,spore_matured,Shroomer,-1,42,3,85,5,
13871,reproduce,Shroomer,-1,42,3,85,5,offspring:1
13879,starvation,Monkey,686,4,9,126,5,
13881,reproduce,Elk,1327,97,1,119,6,offspring:1
13892,reproduce,Monkey,571,95,5,41,6,offspring:1
13895,reproduce,Lizard,1393,70,9,69,2,offspring:2
13898,starvation,Rabbit,554,233,5,201,0,
13906,reproduce,Monkey,661,260,7,280,4,offspring:1
13907,kill,Boar,740,125,9,230,0,killed_by:Jaguar:487
13908,hunt_start,Jaguar,487,126,3,229,7,target:Boar:1171
13908,reproduce,Jaguar,487,126,3,229,7,offspring:1
13909,hunt_start,Jaguar,686,123,2,232,4,target:Camel:673
13914,reproduce,Elk,113,29,3,9,0,offspring:1
13942,starvation,Jaguar,471,238,0,282,0,
13942,hunt_start,Jaguar,785,42,5,16,9,target:Elk:1340
13944,hunt_start,Boar,1277,136,7,199,9,target:Monkey:1143
13949,kill,Lizard,1030,82,1,212,9,killed_by:Hawk:413
13950,hunt_start,Hawk,413,82,1,213,1,target:Monkey:531
13959,kill,Penguin,356,124,3,62,3,killed_by:Crocodile:1037
13959,reproduce,Elk,546,31,2,0,6,offspring:1
13959,reproduce,Frog,1245,123,0,26,5,offspring:2
13960,hunt_start,Crocodile,1037,125,1,62,6,target:Penguin:212
13967,reproduce,Tapir,548,224,0,285,0,offspring:1
13971,starvation,Boar,1277,138,3,198,9,
13974,hunt_start,Jaguar,1412,127,1,14,8,target:Deer:377
13974,reproduce,Deer,781,50,8,32,0,offspring:1
13976,kill,Camel,673,119,2,234,9,killed_by:Jaguar:686
13979,hunt_start,Crocodile,266,163,7,100,1,target:Musk Ox:696
13987,reproduce,Rabbit,643,107,7,266,5,offspring:2
13987,reproduce,Rabbit,1404,106,6,265,3,offspring:2
13990,reproduce,Deer,79,106,4,175,8,offspring:1
13997,reproduce,Polar Bear,466,270,3,119,8,offspring:1
13998,hunt_start,Polar Bear,466,270,3,119,7,target:Musk Ox:1462
13998,hunt_start,Polar Bear,1484,268,2,119,9,target:Musk Ox:1462
14000,kill,Boar,1171,119,0,228,0,killed_by:Jaguar:487
14005,starvation,Monkey,557,129,0,181,2,
14017,environment_death,Monkey,314,211,9,153,6,drowning
14017,hunt_fail,Boar,591,219,1,155,1,target_died
14025,spore_created,Shroomer,-1,200,6,209,6,
14025,spore_created,Shroomer,-1,201,4,211,6,
14026,age_death,Lizard,232,179,7,10,1,
14026,age_death,Lizard,715,153,9,31,0,
14027,age_death,Lizard,717,154,9,286,7,
14028,hunt_fail,Shark,539,160,9,284,5,target_died
14028,hunt_start,Shark,539,160,9,284,5,target:Monkey:722
14039,environment_death,Shroomer,414,47,4,88,6,drowning
14039,hunt_start,Boar,1423,232,9,137,1,target:Frog:124
14043,hunt_start,Jaguar,455,46,8,54,9,target:Elk:552
14044,kill,Elk,1340,37,6,20,8,killed_by:Jaguar:785
14045,reproduce,Elk,157,23,5,3,1,offspring:1
14047,reproduce,Turtle,190,128,0,226,1,offspring:1
14053,reproduce,Penguin,86,140,4,104,4,offspring:1
14056,age_death,Monkey,321,22,5,175,9,
14061,starvation,Lizard,4,267,2,0,6,
14061,hunt_fail,Crocodile,624,256,2,0,1,target_died
14062,starvation,Penguin,267,197,6,14,4,
14065,reproduce,Boar,1320,235,8,125,0,offspring:2
14066,hunt_start,Boar,414,238,5,124,5,target:Rabbit:1266
14066,hunt_start,Boar,717,238,5,124,5,target:Rabbit:1266
14066,reproduce,Monkey,739,232,8,164,5,offspring:1
14071,reproduce,Musk Ox,29,169,8,87,0,offspring:1
14072,reproduce,Frog,168,219,2,146,1,offspring:2
14072,reproduce,Monkey,1373,185,3,93,0,offspring:1
14073,hunt_start,Boar,1414,20,5,218,2,target:Lizard:1475
14073,reproduce,Monkey,1076,161,4,82,1,offspring:1
14073,reproduce,Monkey,1391,188,4,80,8,offspring:1
14074,hunt_start,Polar Bear,482,261,5,124,6,target:Musk Ox:142
14074,hunt_start,Crocodile,1230,167,4,205,1,target:Camel:102
14074,reproduce,Parrot,1214,158,2,269,1,offspring:1
14077,reproduce,Camel,957,175,9,186,9,offspring:1
14077,reproduce,Camel,1167,164,2,187,0,offspring:1
14083,kill,Lizard,37,262,0,90,9,killed_by:Polar Bear:1166
14084,hunt_start,Polar Bear,1166,262,2,90,4,target:Monkey:18
14085,reproduce,Turtle,947,43,6,235,1,offspring:1
14088,starvation,Shroomer,290,53,7,76,8,
14089,reproduce,Lizard,1399,172,0,286,1,offspring:2
14095,hunt_start,Shark,174,250,1,194,0,target:Turtle:506
14097,spore_created,Shroomer,-1,202,5,223,7,
14097,spore_created,Shroomer,-1,210,7,222,3,
14100,reproduce,Parrot,692,76,9,120,1,offspring:1
14111,kill,Frog,1125,270,2,130,6,killed_by:Polar Bear:1243
14112,hunt_start,Polar Bear,1243,271,2,129,7,target:Musk Ox:1462
14115,reproduce,Monkey,607,22,8,173,9,offspring:1
14118,kill,Camel,102,172,0,205,6,killed_by:Crocodile:1230
14120,hunt_start,Crocodile,1447,218,0,111,0,target:Lizard:814
14127,kill,Musk Ox,696,165,7,108,2,killed_by:Crocodile:266
14127,hunt_start,Crocodile,624,256,7,0,1,target:Monkey:1378
14129,kill,Lizard,814,219,5,113,7,killed_by:Crocodile:1447
14129,kill,Musk Ox,1462,265,8,126,7,killed_by:Polar Bear:1484
14130,hunt_fail,Polar Bear,466,266,6,125,2,target_died
14130,hunt_start,Polar Bear,466,266,6,125,2,target:Musk Ox:142
14130,hunt_fail,Polar Bear,1243,271,0,129,5,target_died
14135,spore_created,Shroomer,-1,232,1,210,1,
14135,spore_created,Shroomer,-1,231,0,210,5,
14137,spore_created,Shroomer,-1,235,2,212,0,
14137,spore_created,Shroomer,-1,242,6,199,2,
14141,kill,Deer,377,136,6,20,1,killed_by:Jaguar:1412
14144,kill,Musk Ox,142,258,7,122,5,killed_by:Polar Bear:482
14145,hunt_fail,Polar Bear,466,266,1,124,7,target_died
14145,hunt_start,Polar Bear,466,266,1,124,7,target:Musk Ox:601
14145,spore_matured,Shroomer,-1,201,3,211,6,
14145,reproduce,Shroomer,-1,201,3,211,6,offspring:1
14146,age_death,Lizard,723,258,9,268,3,
14150,starvation,Crocodile,624,256,7,0,1,
14150,reproduce,Parrot,166,152,0,191,9,offspring:1
14152,starvation,Lizard,977,110,6,196,8,
14153,kill,Monkey,18,261,3,91,1,killed_by:Polar Bear:1166
14154,hunt_start,Polar Bear,1166,262,0,91,0,target:Monkey:620
14158,kill,Monkey,531,108,8,234,2,killed_by:Hawk:413
14158,reproduce,Monkey,336,29,5,90,0,offspring:1
14159,hunt_start,Hawk,413,108,6,234,0,target:Rabbit:976
14161,kill,Elk,1450,189,5,95,4,killed_by:Jaguar:560
14181,reproduce,Deer,49,96,1,113,1,offspring:1
14182,reproduce,Penguin,1360,138,4,96,5,offspring:1
14187,starvation,Rabbit,423,108,4,210,6,
14192,hunt_start,Boar,1416,1,0,193,7,target:Lizard:1377
14193,spore_created,Shroomer,-1,22,2,154,4,
14193,spore_created,Shroomer,-1,19,2,153,2,
14202,reproduce,Camel,1057,127,9,243,5,offspring:1
14212,hunt_start,Crocodile,1248,136,2,128,1,target:Musk Ox:1147
14217,spore_matured,Shroomer,-1,210,7,222,3,
14217,reproduce,Shroomer,-1,210,7,222,3,offspring:1
14230,reproduce,Monkey,1241,100,0,112,4,offspring:1
14245,reproduce,Musk Ox,619,140,4,64,0,offspring:1
14251,reproduce,Tapir,647,218,3,95,9,offspring:1
14255,spore_matured,Shroomer,-1,230,8,210,6,
14255,reproduce,Shroomer,-1,230,8,210,6,offspring:1
14255,spore_matured,Shroomer,-1,232,3,210,1,
14255,reproduce,Shroomer,-1,232,3,210,1,offspring:1
14257,spore_matured,Shroomer,-1,235,2,212,0,
14257,reproduce,Shroomer,-1,235,2,212,0,offspring:1
14272,reproduce,Elk,845,183,6,86,9,offspring:1
14291,hunt_start,Crocodile,1232,157,4,105,0,target:Lizard:277
14292,kill,Turtle,506,253,8,205,4,killed_by:Shark:174
14297,hunt_start,Crocodile,1270,155,6,105,6,target:Lizard:277
14302,environment_death,Shroomer,467,235,3,201,5,drowning
14309,spore_matured,Shroomer,-1,242,6,199,2,
14309,reproduce,Shroomer,-1,242,6,199,2,offspring:1
14311,reproduce,Penguin,284,160,0,92,4,offspring:1
14311,reproduce,Penguin,742,167,8,29,4,offspring:1
14313,starvation,Monkey,218,1,6,121,6,
14313,kill,Rabbit,976,88,1,244,0,killed_by:Hawk:413
14313,spore_matured,Shroomer,-1,19,4,153,3,
14313,reproduce,Shroomer,-1,19,4,153,3,offspring:1
14314,hunt_start,Hawk,413,88,3,243,9,target:Lizard:77
14324,kill,Musk Ox,601,255,4,126,8,killed_by:Polar Bear:466
14325,reproduce,Elk,1274,125,9,174,7,offspring:1
14336,kill,Monkey,1451,189,9,93,5,killed_by:Jaguar:486
14337,hunt_start,Jaguar,486,189,2,93,2,target:Monkey:267
14338,age_death,Frog,168,220,4,146,0,
14338,reproduce,Monkey,291,100,0,128,0,offspring:1
14339,reproduce,Frog,124,235,3,157,4,offspring:2
14342,starvation,Monkey,1097,0,0,122,5,
14344,reproduce,Monkey,1196,76,3,270,4,offspring:1
14348,hunt_start,Jaguar,686,132,8,236,8,target:Boar:617
14366,reproduce,Tapir,1060,112,1,268,1,offspring:1
14378,spore_created,Shroomer,-1,213,7,224,0,
14378,spore_created,Shroomer,-1,209,0,214,0,
14380,reproduce,Musk Ox,1147,134,0,132,2,offspring:1
14381,hunt_start,Jaguar,487,110,3,236,3,target:Boar:347
14389,hunt_start,Boar,777,140,0,202,4,target:Monkey:1143
14392,reproduce,Parrot,906,144,8,268,1,offspring:1
14394,kill,Boar,347,109,1,239,5,killed_by:Jaguar:487
14396,hunt_start,Crocodile,1447,221,2,108,9,target:Lizard:1449
14397,starvation,Lizard,1140,159,1,232,2,
14397,reproduce,Rabbit,718,160,1,0,0,offspring:2
14397,reproduce,Lizard,1316,118,2,258,9,offspring:2
14416,hunt_start,Jaguar,785,37,2,20,2,target:Deer:165
14416,spore_created,Shroomer,-1,215,5,198,5,
14416,spore_created,Shroomer,-1,211,2,204,8,
14421,environment_death,Shroomer,102,231,8,209,9,drowning
14423,environment_death,Shroomer,1491,234,3,213,3,drowning
14428,starvation,Fish,1284,229,1,218,8,
14428,kill,Lizard,277,154,8,99,9,killed_by:Crocodile:1270
14429,hunt_fail,Crocodile,1232,156,3,103,1,target_died
14434,reproduce,Deer,40,52,6,11,6,offspring:1
14439,spore_created,Shroomer,-1,248,3,193,0,
14439,spore_created,Shroomer,-1,243,8,182,3,
14443,age_death,Parrot,349,214,6,214,6,
14445,reproduce,Elk,912,192,0,85,7,offspring:1
14450,reproduce,Musk Ox,761,161,4,107,9,offspring:1
14456,reproduce,Lizard,843,262,7,31,7,offspring:2
14457,kill,Boar,617,131,9,242,5,killed_by:Jaguar:686
14457,age_death,Lizard,111,97,6,158,6,
14457,age_death,Lizard,564,79,6,91,5,
14458,hunt_fail,Jaguar,973,78,9,97,1,target_died
14458,hunt_start,Jaguar,973,78,9,97,1,target:Deer:53
14459,reproduce,Musk Ox,140,256,8,114,2,offspring:1
14460,kill,Penguin,212,118,2,83,6,killed_by:Crocodile:1037
14463,reproduce,Turtle,179,64,0,234,8,offspring:1
14488,reproduce,Lizard,382,192,1,13,1,offspring:2
14490,reproduce,Monkey,567,121,4,32,2,offspring:1
14491,hunt_start,Boar,393,18,9,214,5,target:Lizard:1476
14491,reproduce,Elk,590,265,3,32,0,offspring:1
14492,hunt_fail,Jaguar,935,138,2,6,1,prey_escaped
14492,hunt_start,Jaguar,935,138,2,6,1,target:Penguin:568
14498,spore_matured,Shroomer,-1,213,7,224,0,
14498,reproduce,Shroomer,-1,213,7,224,0,offspring:1
14506,starvation,Monkey,323,28,4,163,5,
14507,spore_matured,Shroomer,-1,209,1,214,0,
14507,reproduce,Shroomer,-1,209,1,214,0,offspring:1
14508,starvation,Shroomer,178,228,1,210,1,
14512,reproduce,Lizard,1389,233,8,191,9,offspring:2
14513,hunt_start,Jaguar,1412,134,5,26,5,target:Deer:1343
14515,kill,Monkey,722,207,9,252,6,killed_by:Shark:539
14516,hunt_start,Shark,539,207,6,253,0,target:Monkey:1478
14516,hunt_start,Polar Bear,1243,271,0,129,5,target:Rabbit:1266
14517,kill,Lizard,77,114,6,261,1,killed_by:Hawk:413
14518,hunt_start,Hawk,413,114,4,261,0,target:Lizard:1499
14529,reproduce,Frog,1121,87,7,160,0,offspring:2
14533,hunt_start,Jaguar,560,185,6,100,0,target:Monkey:1373
14537,reproduce,Monkey,110,54,9,64,0,offspring:1
14547,reproduce,Parrot,1313,214,8,95,9,offspring:1
14548,reproduce,Parrot,1459,94,4,97,4,offspring:1
14554,spore_created,Shroomer,-1,36,9,102,8,
14554,spore_created,Shroomer,-1,47,2,97,4,
14555,hunt_start,Crocodile,1270,154,9,98,3,target:Penguin:1233
14560,starvation,Rabbit,501,242,6,185,5,
14564,spore_created,Shroomer,-1,225,9,219,4,
14564,spore_created,Shroomer,-1,228,4,210,1,
14567,spore_matured,Shroomer,-1,244,3,182,0,
14567,reproduce,Shroomer,-1,244,3,182,0,offspring:1
14568,age_death,Rabbit,115,242,2,157,2,
14568,reproduce,Rabbit,753,230,1,118,1,offspring:2
14580,starvation,Elk,1123,205,5,11,8,
14587,spore_created,Shroomer,-1,59,7,89,1,
14587,spore_created,Shroomer,-1,55,6,88,9,
14589,spore_matured,Shroomer,-1,248,3,193,0,
14589,reproduce,Shroomer,-1,248,3,193,0,offspring:1
14593,reproduce,Deer,79,104,9,163,7,offspring:1
14594,spore_created,Shroomer,-1,42,0,99,7,
14594,spore_created,Shroomer,-1,36,4,99,5,
14594,spore_created,Shroomer,-1,45,1,99,0,
14594,spore_created,Shroomer,-1,42,2,97,7,
14596,reproduce,Parrot,446,156,6,188,3,offspring:1
14600,reproduce,Rabbit,674,26,6,9,4,offspring:2
14600,reproduce,Elk,817,224,1,236,2,offspring:1
14616,reproduce,Penguin,1379,148,2,96,0,offspring:1
14617,starvation,Fish,1309,234,8,235,1,
14619,hunt_start,Crocodile,1230,169,1,205,5,target:Parrot:239
14624,starvation,Parrot,94,112,4,286,9,
14624,reproduce,Tapir,852,120,6,128,0,offspring:1
14631,kill,Deer,165,30,4,24,1,killed_by:Jaguar:785
14632,hunt_start,Crocodile,266,171,2,99,2,target:Musk Ox:1171
14632,hunt_fail,Boar,1376,252,9,164,8,prey_escaped
14632,hunt_start,Boar,1376,252,9,164,8,target:Shroomer:1264
14643,spore_created,Shroomer,-1,11,1,155,2,
14643,spore_created,Shroomer,-1,12,3,162,6,
14645,reproduce,Camel,803,224,1,231,1,offspring:1
14650,hunt_fail,Boar,424,252,9,164,1,prey_escaped
14650,hunt_start,Boar,424,252,9,164,1,target:Shroomer:1264
14651,starvation,Lizard,978,116,3,185,1,
14651,reproduce,Parrot,692,98,2,90,1,offspring:1
14653,reproduce,Lizard,645,137,9,151,6,offspring:2
14655,reproduce,Penguin,86,140,0,114,4,offspring:1
14657,spore_created,Shroomer,-1,35,2,91,1,
14657,spore_created,Shroomer,-1,49,0,84,0,
14665,reproduce,Boar,47,228,6,125,0,offspring:2
14670,reproduce,Musk Ox,415,261,3,119,8,offspring:1
14672,hunt_start,Polar Bear,1484,264,2,124,2,target:Musk Ox:1527
14673,reproduce,Monkey,1373,183,4,116,2,offspring:1
14673,reproduce,Monkey,1452,164,2,83,1,offspring:1
14674,kill,Deer,53,63,0,100,5,killed_by:Jaguar:973
14674,reproduce,Monkey,1391,189,2,85,0,offspring:1
14675,hunt_start,Jaguar,973,63,6,100,3,target:Deer:1345
14675,reproduce,Monkey,1076,158,7,79,6,offspring:1
14681,reproduce,Elk,1371,108,2,126,8,offspring:1
14682,spore_matured,Shroomer,-1,46,8,97,7,
14682,reproduce,Shroomer,-1,46,8,97,7,offspring:1
14684,spore_matured,Shroomer,-1,225,9,219,4,
14684,reproduce,Shroomer,-1,225,9,219,4,offspring:1
14684,spore_matured,Shroomer,-1,228,5,210,2,
14684,reproduce,Shroomer,-1,228,5,210,2,offspring:1
14687,hunt_start,Polar Bear,482,259,4,125,7,target:Musk Ox:147
14695,kill,Deer,1343,136,6,30,1,killed_by:Jaguar:1412
14704,reproduce,Camel,535,144,1,68,6,offspring:1
14706,hunt_fail,Jaguar,486,218,6,97,1,discomfort
14706,age_death,Frog,268,216,5,66,1,
14710,age_death,Lizard,89,163,7,2,7,
14711,hunt_start,Jaguar,776,155,4,130,9,target:Musk Ox:1147
14712,spore_created,Shroomer,-1,237,9,206,7,
14712,spore_created,Shroomer,-1,222,3,211,2,
14714,spore_matured,Shroomer,-1,41,9,97,5,
14714,reproduce,Shroomer,-1,41,9,97,5,offspring:1
14715,spore_created,Shroomer,-1,47,5,96,9,
14715,spore_created,Shroomer,-1,49,8,107,2,
14721,spore_matured,Shroomer,-1,45,1,99,1,
14721,reproduce,Shroomer,-1,45,1,99,1,offspring:1
14726,spore_matured,Shroomer,-1,36,5,102,6,
14726,reproduce,Shroomer,-1,36,5,102,6,offspring:1
14733,starvation,Jaguar,776,155,2,130,9,
14745,reproduce,Deer,49,105,3,99,9,offspring:1
14748,spore_created,Shroomer,-1,37,2,107,8,
14748,spore_created,Shroomer,-1,35,1,107,9,
14756,hunt_start,Boar,591,225,4,149,9,target:Frog:1361
14759,reproduce,Monkey,336,29,9,85,9,offspring:1
14760,starvation,Lizard,1333,230,9,199,0,
14763,spore_matured,Shroomer,-1,12,3,162,6,
14763,reproduce,Shroomer,-1,12,3,162,6,offspring:1
14763,spore_matured,Shroomer,-1,11,1,155,2,
14763,reproduce,Shroomer,-1,11,1,155,2,offspring:1
14766,spore_matured,Shroomer,-1,36,6,99,9,
14766,reproduce,Shroomer,-1,36,6,99,9,offspring:1
14775,hunt_start,Jaguar,487,112,6,236,1,target:Tapir:1102
14777,spore_matured,Shroomer,-1,49,0,84,0,
14777,reproduce,Shroomer,-1,49,0,84,0,offspring:1
14784,spore_created,Shroomer,-1,160,8,29,0,
14784,spore_created,Shroomer,-1,165,7,31,5,
14786,kill,Musk Ox,1171,173,0,92,9,killed_by:Crocodile:266
14790,reproduce,Elk,1327,96,0,121,9,offspring:1
14798,kill,Shroomer,1264,244,8,161,7,killed_by:Boar:424
14799,hunt_start,Boar,424,245,3,162,0,target:Frog:124
14799,hunt_fail,Boar,1376,244,8,162,3,target_died
14799,hunt_start,Boar,1376,244,8,162,3,target:Frog:124
14799,kill,Musk Ox,1527,259,1,119,4,killed_by:Polar Bear:1484
14801,reproduce,Deer,702,192,0,7,7,offspring:1
14802,starvation,Rabbit,593,230,6,197,4,
14802,hunt_fail,Shark,230,234,9,215,7,target_died
14802,hunt_start,Shark,230,234,9,215,7,target:Shroomer:472
14808,starvation,Monkey,325,1,6,121,6,
14808,hunt_start,Boar,1526,229,2,124,4,target:Lizard:703
14808,reproduce,Rabbit,45,9,1,261,9,offspring:2
14809,age_death,Lizard,98,116,9,20,5,
14809,age_death,Lizard,123,182,2,34,8,
14822,reproduce,Lizard,1390,225,7,192,0,offspring:2
14824,kill,Musk Ox,147,257,3,119,2,killed_by:Polar Bear:482
14829,hunt_start,Jaguar,686,133,3,234,0,target:Turtle:190
14829,spore_matured,Shroomer,-1,35,2,91,1,
14829,reproduce,Shroomer,-1,35,2,91,1,offspring:1
14831,reproduce,Shark,174,260,2,210,4,offspring:1
14831,reproduce,Parrot,1214,154,5,262,1,offspring:1
14831,spore_created,Shroomer,-1,48,7,100,1,
14831,spore_created,Shroomer,-1,46,0,97,8,
14832,hunt_start,Shark,123,258,7,209,5,target:Shroomer:1413
14832,hunt_start,Shark,174,260,2,210,4,target:Shroomer:1413
14832,spore_matured,Shroomer,-1,237,9,206,7,
14832,reproduce,Shroomer,-1,237,9,206,7,offspring:1
14835,spore_matured,Shroomer,-1,49,9,107,2,
14835,reproduce,Shroomer,-1,49,9,107,2,offspring:1
14836,reproduce,Crocodile,266,173,3,92,8,offspring:1
14842,hunt_start,Polar Bear,544,285,5,166,0,target:Monkey:641
14843,hunt_start,Crocodile,1232,156,1,101,0,target:Penguin:1123
14845,reproduce,Elk,512,194,1,191,2,offspring:1
14854,reproduce,Monkey,550,25,7,128,6,offspring:1
14854,reproduce,Monkey,1095,26,3,129,1,offspring:1
14854,reproduce,Monkey,1241,124,5,98,1,offspring:1
14857,environment_death,Elk,205,56,4,66,8,drowning
14861,age_death,Fish,876,219,2,165,0,
14861,age_death,Fish,877,220,6,165,7,
14861,age_death,Fish,878,217,5,166,0,
14861,age_death,Fish,879,216,7,165,3,
14861,age_death,Fish,880,218,8,167,6,
14861,age_death,Fish,881,220,3,166,8,
14861,age_death,Fish,882,218,3,165,4,
14861,age_death,Fish,883,218,5,166,4,
14861,age_death,Fish,884,225,5,171,2,
14861,age_death,Fish,885,225,2,169,7,
14861,age_death,Fish,888,221,6,170,7,
14861,age_death,Fish,889,221,5,171,7,
14861,age_death,Fish,890,223,1,167,4,
14861,age_death,Fish,891,218,7,168,8,
14861,age_death,Fish,892,224,6,168,9,
14861,age_death,Fish,893,223,8,168,2,
14861,age_death,Fish,894,220,2,164,7,
14861,age_death,Fish,896,221,6,165,3,
14861,age_death,Fish,897,221,4,166,5,
14861,age_death,Fish,900,218,5,164,3,
14861,age_death,Fish,901,217,5,164,6,
14861,age_death,Fish,902,223,9,166,7,
14861,age_death,Fish,903,225,0,166,9,
14862,spore_matured,Shroomer,-1,47,5,95,8,
14862,reproduce,Shroomer,-1,47,5,95,8,offspring:1
14867,hunt_start,Polar Bear,466,254,2,120,8,target:Musk Ox:617
14873,reproduce,Frog,4,220,3,139,2,offspring:2
14873,spore_created,Shroomer,-1,28,7,96,8,
14873,spore_created,Shroomer,-1,30,9,97,2,
14874,starvation,Elk,729,149,9,253,5,
14884,hunt_start,Crocodile,1537,176,5,92,9,target:Musk Ox:29
14885,starvation,Monkey,530,0,4,121,8,
14887,environment_death,Shroomer,1515,45,5,99,5,drowning
14890,starvation,Parrot,864,164,9,286,7,
14906,reproduce,Parrot,166,140,5,157,0,offspring:1
14914,kill,Shroomer,472,230,2,219,5,killed_by:Shark:230
14914,reproduce,Shark,230,230,8,219,0,offspring:1
14915,hunt_start,Shark,230,230,8,219,1,target:Shroomer:501
14915,hunt_start,Shark,881,230,6,216,3,target:Shroomer:501
14916,starvation,Camel,258,234,5,40,5,
14921,reproduce,Rabbit,733,14,0,256,0,offspring:2
14922,kill,Shroomer,1413,254,3,206,4,killed_by:Shark:123
14923,hunt_start,Shark,123,254,8,206,7,target:Shroomer:141
14923,hunt_fail,Shark,174,255,6,207,3,target_died
14923,hunt_start,Shark,174,255,6,207,3,target:Shroomer:141
14933,hunt_start,Crocodile,266,174,3,91,2,target:Musk Ox:1424
14934,kill,Turtle,190,138,8,230,5,killed_by:Jaguar:686
14934,reproduce,Turtle,1032,105,7,287,1,offspring:1
14935,reproduce,Lizard,392,90,9,285,1,offspring:2
14936,reproduce,Lizard,1476,18,0,256,0,offspring:2
14939,spore_created,Shroomer,-1,57,6,76,2,
14939,spore_created,Shroomer,-1,62,8,81,2,
14949,reproduce,Elk,134,209,0,11,2,offspring:1
14953,kill,Penguin,1123,151,6,100,3,killed_by:Crocodile:1232
14956,reproduce,Tapir,647,215,6,93,8,offspring:1
14956,spore_matured,Shroomer,-1,160,8,29,0,
14956,reproduce,Shroomer,-1,160,8,29,0,offspring:1
14956,spore_matured,Shroomer,-1,165,7,31,5,
14956,reproduce,Shroomer,-1,165,7,31,5,offspring:1
14958,spore_created,Shroomer,-1,31,0,103,9,
14958,spore_created,Shroomer,-1,40,1,91,8,
14958,spore_matured,Shroomer,-1,45,8,97,8,
14958,reproduce,Shroomer,-1,45,8,97,8,offspring:1
14964,reproduce,Turtle,422,157,8,208,6,offspring:1
14965,reproduce,Elk,181,181,0,78,0,offspring:1
14973,reproduce,Musk Ox,29,178,1,98,2,offspring:1
14975,reproduce,Camel,262,195,8,192,0,offspring:1
14976,kill,Tapir,1102,128,3,231,9,killed_by:Jaguar:487
14980,kill,Musk Ox,617,256,5,116,2,killed_by:Polar Bear:466
14999,reproduce,Penguin,1233,173,9,77,6,offspring:1
14999,reproduce,Penguin,1446,63,9,10,1,offspring:1
15003,hunt_start,Jaguar,785,29,5,22,2,target:Elk:554
15004,starvation,Rabbit,1325,213,6,110,9,
15015,kill,Shroomer,501,226,0,224,3,killed_by:Shark:230
15016,hunt_start,Shark,230,226,6,224,0,target:Boar:931
15016,hunt_fail,Shark,881,227,2,222,7,target_died
15016,hunt_start,Shark,881,227,2,222,7,target:Camel:165
15018,spore_created,Shroomer,-1,29,7,101,1,
15018,spore_created,Shroomer,-1,39,2,100,2,
15021,reproduce,Jaguar,1412,136,8,25,9,offspring:1
15022,hunt_start,Jaguar,472,134,9,24,5,target:Frog:1030
15022,hunt_start,Jaguar,1412,136,8,25,9,target:Frog:1030
15023,reproduce,Penguin,1360,140,6,96,1,offspring:1
15026,reproduce,Monkey,739,236,5,173,3,offspring:1
15026,reproduce,Monkey,1330,240,5,175,2,offspring:1
15026,reproduce,Monkey,1332,239,8,165,6,offspring:1
15028,kill,Deer,1345,85,0,106,4,killed_by:Jaguar:973
15028,reproduce,Deer,48,42,8,103,8,offspring:1
15029,reproduce,Jaguar,973,84,4,106,2,offspring:1
15030,hunt_start,Jaguar,973,84,4,106,2,target:Deer:420
15030,hunt_start,Jaguar,1534,85,1,108,9,target:Monkey:1042
15031,reproduce,Tapir,363,32,0,205,1,offspring:1
15053,starvation,Monkey,632,238,6,279,5,
15059,spore_matured,Shroomer,-1,57,6,76,2,
15059,reproduce,Shroomer,-1,57,6,76,2,offspring:1
15061,reproduce,Deer,1234,55,2,29,0,offspring:1
15065,reproduce,Elk,1381,210,1,8,5,offspring:1
15075,reproduce,Parrot,1487,154,9,265,2,offspring:1
15076,starvation,Shroomer,1337,232,6,199,4,
15076,reproduce,Elk,1323,149,7,178,6,offspring:1
15078,age_death,Lizard,778,229,1,104,0,
15080,reproduce,Lizard,1409,277,0,98,4,offspring:2
15083,kill,Frog,124,231,4,147,4,killed_by:Boar:1376
15084,hunt_fail,Boar,424,233,4,149,7,target_died
15091,kill,Shroomer,141,266,4,206,1,killed_by:Shark:123
15091,kill,Musk Ox,1424,168,8,87,6,killed_by:Crocodile:266
15092,hunt_fail,Shark,174,266,2,206,9,target_died
15092,hunt_start,Shark,174,266,2,206,9,target:Boar:61
15092,reproduce,Monkey,1308,86,9,55,4,offspring:1
15093,reproduce,Monkey,567,118,2,27,2,offspring:1
15099,reproduce,Parrot,1459,83,6,98,7,offspring:1
15102,reproduce,Parrot,1313,231,5,91,6,offspring:1
15103,reproduce,Parrot,1493,105,5,128,7,offspring:1
15105,spore_created,Shroomer,-1,36,7,97,9,
15105,spore_created,Shroomer,-1,39,9,91,6,
15110,starvation,Monkey,460,121,5,272,4,
15111,reproduce,Jaguar,785,30,9,22,0,offspring:1
15111,spore_matured,Shroomer,-1,62,9,80,4,
15111,reproduce,Shroomer,-1,62,9,80,4,offspring:1
15112,hunt_start,Jaguar,460,32,8,21,7,target:Deer:1277
15115,starvation,Parrot,101,285,4,209,2,
15117,spore_created,Shroomer,-1,22,8,154,1,
15117,spore_created,Shroomer,-1,25,5,146,5,
15124,spore_matured,Shroomer,-1,38,4,92,1,
15124,reproduce,Shroomer,-1,38,4,92,1,offspring:1
15129,spore_created,Shroomer,-1,210,6,216,9,
15129,spore_created,Shroomer,-1,222,9,213,6,
15130,starvation,Deer,52,43,9,96,5,
15131,hunt_start,Boar,451,242,5,133,0,target:Frog:1361
15132,reproduce,Elk,1274,118,7,170,1,offspring:1
15137,starvation,Deer,1358,18,5,210,5,
15140,reproduce,Monkey,110,50,5,26,0,offspring:1
15147,reproduce,Monkey,571,66,1,32,0,offspring:1
15153,kill,Camel,165,222,1,232,3,killed_by:Shark:881
15158,hunt_start,Crocodile,1232,150,7,104,1,target:Penguin:1379
15158,reproduce,Penguin,667,139,6,97,0,offspring:1
15160,spore_created,Shroomer,-1,0,5,180,1,
15160,spore_created,Shroomer,-1,3,2,173,6,
15180,age_death,Rabbit,144,43,6,205,7,
15180,age_death,Rabbit,148,183,5,203,6,
15184,starvation,Rabbit,346,232,3,179,7,
15187,kill,Elk,552,40,3,46,4,killed_by:Jaguar:455
15187,reproduce,Elk,157,31,9,6,6,offspring:1
15188,kill,Penguin,1233,179,5,71,5,killed_by:Crocodile:1270
15188,reproduce,Jaguar,455,40,6,47,0,offspring:1
15189,hunt_start,Jaguar,148,42,2,45,7,target:Deer:781
15189,hunt_start,Jaguar,455,40,7,46,9,target:Lizard:449
15190,spore_created,Shroomer,-1,197,2,197,8,
15190,spore_created,Shroomer,-1,208,0,192,7,
15190,spore_created,Shroomer,-1,3,8,186,2,
15190,spore_created,Shroomer,-1,3,7,175,9,
15190,spore_matured,Shroomer,-1,39,7,100,1,
15190,reproduce,Shroomer,-1,39,7,100,1,offspring:1
15194,reproduce,Deer,79,90,8,162,7,offspring:1
15203,reproduce,Camel,1057,125,9,239,3,offspring:1
15204,reproduce,Parrot,692,102,9,126,6,offspring:1
15211,starvation,Penguin,719,175,5,27,5,
15211,kill,Frog,1030,118,3,28,0,killed_by:Jaguar:472
15211,reproduce,Penguin,216,176,5,28,0,offspring:1
15212,hunt_start,Jaguar,472,118,7,27,9,target:Elk:1386
15212,hunt_fail,Jaguar,1412,130,9,26,3,target_died
15212,hunt_start,Jaguar,1412,130,9,26,3,target:Frog:471
15212,age_death,Lizard,804,76,4,3,9,
15212,age_death,Lizard,806,109,6,29,1,
15215,starvation,Lizard,1377,0,0,205,7,
15215,hunt_fail,Boar,1416,0,8,199,8,target_died
15216,reproduce,Deer,1090,224,1,237,5,offspring:1
15232,spore_created,Shroomer,-1,39,2,100,1,
15232,spore_created,Shroomer,-1,37,5,100,5,
15233,reproduce,Penguin,1379,142,0,108,4,offspring:1
15235,reproduce,Elk,1311,24,6,129,5,offspring:1
15237,spore_matured,Shroomer,-1,25,6,146,4,
15237,reproduce,Shroomer,-1,25,6,146,4,offspring:1
15238,spore_matured,Shroomer,-1,40,1,91,8,
15238,reproduce,Shroomer,-1,40,1,91,8,offspring:1
15243,reproduce,Elk,1175,197,2,191,4,offspring:1
15245,starvation,Rabbit,610,272,7,160,9,
15257,age_death,Lizard,808,45,9,203,5,
15259,kill,Boar,61,263,1,220,7,killed_by:Shark:174
15260,hunt_start,Shark,174,263,3,220,0,target:Boar:887
15262,reproduce,Monkey,915,99,9,274,4,offspring:1
15270,hunt_fail,Crocodile,1183,219,2,121,7,prey_escaped
15270,hunt_start,Crocodile,1183,219,2,121,7,target:Parrot:46
15272,reproduce,Monkey,267,222,0,98,4,offspring:1
15273,reproduce,Jaguar,487,125,6,221,7,offspring:1
15273,reproduce,Monkey,1485,148,5,87,2,offspring:1
15274,hunt_start,Jaguar,487,125,6,221,7,target:Turtle:232
15274,hunt_start,Jaguar,610,123,5,218,9,target:Tapir:1247
15276,reproduce,Monkey,1076,157,9,77,1,offspring:1
15277,spore_matured,Shroomer,-1,35,7,96,2,
15277,reproduce,Shroomer,-1,35,7,96,2,offspring:1
15286,reproduce,Penguin,284,171,7,93,6,offspring:1
15288,kill,Deer,420,67,9,116,2,killed_by:Jaguar:973
15288,reproduce,Deer,60,74,8,117,2,offspring:1
15292,reproduce,Elk,590,268,2,25,8,offspring:1
15302,spore_created,Shroomer,-1,215,0,202,1,
15302,spore_created,Shroomer,-1,211,4,194,3,
15306,hunt_start,Jaguar,686,137,7,229,4,target:Boar:1148
15308,kill,Elk,1386,122,1,34,9,killed_by:Jaguar:472
15311,kill,Frog,471,125,5,28,6,killed_by:Jaguar:1412
15312,hunt_start,Jaguar,1412,126,1,28,4,target:Elk:1464
15318,reproduce,Monkey,22,277,9,104,0,offspring:1
15318,reproduce,Monkey,152,283,7,96,9,offspring:1
15318,reproduce,Monkey,547,271,5,111,5,offspring:1
15318,reproduce,Monkey,626,273,5,117,6,offspring:1
15318,reproduce,Elk,845,186,3,96,0,offspring:1
15324,spore_created,Shroomer,-1,224,8,214,9,
15324,spore_created,Shroomer,-1,209,3,215,3,
15327,hunt_start,Boar,1107,250,0,187,7,target:Shroomer:1491
15329,starvation,Rabbit,1159,211,7,273,8,
15342,hunt_start,Polar Bear,1484,256,5,120,7,target:Musk Ox:140
15350,kill,Frog,1361,252,7,140,3,killed_by:Boar:591
15351,hunt_fail,Boar,451,250,8,139,6,target_died
15352,spore_created,Shroomer,-1,243,5,207,1,
15352,spore_created,Shroomer,-1,248,8,198,4,
15353,reproduce,Musk Ox,761,170,9,108,9,offspring:1
15355,kill,Boar,887,266,1,227,9,killed_by:Shark:174
15355,hunt_start,Boar,1376,231,1,144,9,target:Frog:4
15357,kill,Boar,931,236,5,234,7,killed_by:Shark:230
15358,kill,Lizard,843,261,7,0,0,killed_by:Polar Bear:1368
15359,hunt_start,Polar Bear,1368,261,1,0,5,target:Lizard:1501
15360,reproduce,Frog,601,238,5,160,1,offspring:2
15360,spore_matured,Shroomer,-1,39,3,99,8,
15360,reproduce,Shroomer,-1,39,3,99,8,offspring:1
15362,reproduce,Musk Ox,140,257,9,114,9,offspring:1
15362,spore_matured,Shroomer,-1,208,0,192,7,
15362,reproduce,Shroomer,-1,208,0,192,7,offspring:1
15364,reproduce,Monkey,336,30,6,90,1,offspring:1
15367,hunt_start,Polar Bear,482,259,5,118,7,target:Musk Ox:140
15370,reproduce,Rabbit,753,222,4,100,2,offspring:2
15375,kill,Deer,1277,50,0,26,5,killed_by:Jaguar:460
15376,hunt_start,Jaguar,460,49,5,26,2,target:Deer:781
15382,reproduce,Parrot,1214,145,5,263,9,offspring:1
15390,reproduce,Deer,456,109,9,164,9,offspring:1
15394,reproduce,Parrot,1497,146,3,260,2,offspring:1
15395,reproduce,Polar Bear,482,259,3,116,9,offspring:1
15396,kill,Rabbit,493,108,3,83,2,killed_by:Jaguar:516
15396,hunt_start,Polar Bear,1560,258,1,114,1,target:Musk Ox:140
15397,hunt_start,Jaguar,516,107,6,83,3,target:Parrot:978
15399,reproduce,Rabbit,316,137,6,36,5,offspring:2
15401,kill,Elk,1464,119,5,29,6,killed_by:Jaguar:1412
15402,reproduce,Deer,40,55,8,11,9,offspring:1
15403,kill,Boar,1148,141,6,225,6,killed_by:Jaguar:686
15404,spore_matured,Shroomer,-1,37,3,99,9,
15404,reproduce,Shroomer,-1,37,3,99,9,offspring:1
15405,starvation,Lizard,871,182,1,116,8,
15405,reproduce,Elk,817,228,9,235,2,offspring:1
15406,hunt_fail,Boar,717,253,8,141,3,prey_escaped
15406,reproduce,Parrot,1193,193,6,288,0,offspring:1
15407,hunt_start,Crocodile,1270,178,8,76,0,target:Monkey:1452
15411,kill,Musk Ox,140,257,7,115,3,killed_by:Polar Bear:1484
15412,hunt_fail,Polar Bear,482,258,9,116,1,target_died
15412,hunt_start,Polar Bear,482,258,9,116,1,target:Musk Ox:636
15412,hunt_fail,Polar Bear,1560,257,9,114,5,target_died
15412,hunt_start,Polar Bear,1560,257,9,114,5,target:Musk Ox:843
15412,reproduce,Deer,49,113,2,100,4,offspring:1
15416,hunt_fail,Boar,414,254,3,141,1,prey_escaped
15418,reproduce,Penguin,1202,192,0,10,1,offspring:1
15422,spore_matured,Shroomer,-1,211,4,194,3,
15422,reproduce,Shroomer,-1,211,4,194,3,offspring:1
15427,reproduce,Lizard,1475,11,3,288,0,offspring:2
15435,reproduce,Rabbit,1326,237,6,169,3,offspring:2
15438,kill,Monkey,1452,182,2,78,4,killed_by:Crocodile:1270
15440,reproduce,Musk Ox,131,45,6,31,2,offspring:1
15440,reproduce,Musk Ox,398,96,0,17,3,offspring:1
15444,spore_matured,Shroomer,-1,224,8,214,9,
15444,reproduce,Shroomer,-1,224,8,214,9,offspring:1
15449,reproduce,Monkey,1486,198,4,81,9,offspring:1
15452,reproduce,Lizard,683,-0,0,139,0,offspring:2
15457,reproduce,Monkey,1241,157,4,78,1,offspring:1
15459,reproduce,Parrot,166,121,9,135,1,offspring:1
15460,reproduce,Monkey,1095,26,5,137,0,offspring:1
15472,spore_matured,Shroomer,-1,243,5,207,1,
15472,reproduce,Shroomer,-1,243,5,207,1,offspring:1
15480,starvation,Rabbit,1266,269,9,153,4,
15480,hunt_fail,Polar Bear,1243,267,0,145,8,target_died
15480,hunt_start,Polar Bear,1243,267,0,145,8,target:Parrot:905
15481,spore_created,Shroomer,-1,217,9,219,3,
15481,spore_created,Shroomer,-1,218,3,203,0,
15482,reproduce,Elk,1371,111,6,122,8,offspring:1
15485,starvation,Elk,861,203,5,13,5,
15490,environment_death,Elk,211,241,0,38,5,drowning
15491,starvation,Shark,904,256,6,286,6,
15492,reproduce,Boar,393,5,1,287,4,offspring:2
15493,hunt_start,Boar,211,5,3,286,6,target:Lizard:1475
15493,hunt_start,Boar,861,5,3,286,6,target:Lizard:1475
15497,kill,Deer,781,56,2,30,2,killed_by:Jaguar:148
15498,hunt_start,Jaguar,148,55,7,30,5,target:Deer:1234
15498,hunt_fail,Jaguar,460,52,2,30,1,target_died
15498,hunt_start,Jaguar,460,52,2,30,1,target:Musk Ox:30
15500,spore_created,Shroomer,-1,34,6,93,7,
15500,spore_created,Shroomer,-1,32,7,85,8,
15501,kill,Musk Ox,843,258,7,110,3,killed_by:Polar Bear:1560
15503,kill,Tapir,1247,105,1,220,2,killed_by:Jaguar:610
15506,reproduce,Frog,1035,112,7,10,0,offspring:2
15511,reproduce,Monkey,142,31,9,94,2,offspring:1
15512,reproduce,Parrot,427,196,9,288,0,offspring:1
15514,starvation,Polar Bear,1156,70,1,14,1,
15515,kill,Musk Ox,636,260,7,110,3,killed_by:Polar Bear:482
15516,spore_created,Shroomer,-1,26,9,89,9,
15516,spore_created,Shroomer,-1,28,7,94,8,
15523,hunt_start,Polar Bear,466,256,4,119,9,target:Musk Ox:415
15524,spore_matured,Shroomer,-1,249,4,198,1,
15524,reproduce,Shroomer,-1,249,4,198,1,offspring:1
15531,hunt_start,Jaguar,610,105,7,220,1,target:Rabbit:910
15531,reproduce,Musk Ox,619,138,0,64,0,offspring:1
15539,reproduce,Rabbit,1265,213,4,92,7,offspring:2
15543,age_death,Boar,459,52,2,236,3,
15548,reproduce,Parrot,1505,231,6,89,6,offspring:1
15550,reproduce,Parrot,1506,99,0,160,7,offspring:1
15557,kill,Monkey,110,46,9,0,0,killed_by:Polar Bear:360
15557,reproduce,Monkey,1387,153,0,265,0,offspring:1
15558,hunt_start,Polar Bear,360,47,7,0,0,target:Musk Ox:558
15560,reproduce,Tapir,100,213,0,281,1,offspring:1
15560,reproduce,Tapir,369,208,6,271,7,offspring:1
15560,reproduce,Tapir,652,212,4,282,9,offspring:1
15568,reproduce,Parrot,906,157,3,265,6,offspring:1
15572,age_death,Lizard,762,156,0,185,2,
15573,age_death,Frog,121,42,2,30,0,
15573,age_death,Frog,233,63,1,19,9,
15573,age_death,Frog,397,39,1,6,5,
15573,age_death,Frog,628,41,8,8,8,
15573,reproduce,Frog,503,25,3,7,4,offspring:2
15574,reproduce,Deer,1086,51,3,18,6,offspring:1
15576,reproduce,Frog,159,33,9,3,7,offspring:2
15576,reproduce,Musk Ox,415,264,8,122,6,offspring:1
15586,reproduce,Crocodile,1270,178,7,78,1,offspring:1
15592,reproduce,Elk,1327,102,0,121,9,offspring:1
15600,reproduce,Penguin,1446,59,1,16,2,offspring:1
15601,reproduce,Tapir,357,60,4,267,9,offspring:1
15613,spore_created,Shroomer,-1,22,4,13,8,
15613,spore_created,Shroomer,-1,21,8,8,4,
15621,reproduce,Rabbit,674,31,2,13,1,offspring:2
15624,reproduce,Musk Ox,223,160,0,76,7,offspring:1
15628,reproduce,Parrot,1487,146,4,267,9,offspring:1
15648,reproduce,Elk,512,195,7,190,4,offspring:1
15650,reproduce,Parrot,1459,77,8,108,6,offspring:1
15651,reproduce,Parrot,978,127,5,97,9,offspring:1
15652,hunt_start,Shark,123,258,2,195,3,target:Shroomer:429
15653,spore_matured,Shroomer,-1,218,3,203,0,
15653,reproduce,Shroomer,-1,218,3,203,0,offspring:1
15655,reproduce,Parrot,1493,114,4,122,3,offspring:1
15659,reproduce,Camel,803,224,1,235,4,offspring:1
15660,hunt_start,Jaguar,973,69,8,126,7,target:Penguin:1216
15663,age_death,Rabbit,597,226,4,150,2,
15666,kill,Penguin,1216,67,8,127,6,killed_by:Jaguar:973
15672,starvation,Deer,63,45,8,88,8,
15672,spore_matured,Shroomer,-1,32,6,85,8,
15672,reproduce,Shroomer,-1,32,6,85,8,offspring:1
15672,spore_matured,Shroomer,-1,34,3,93,4,
15672,reproduce,Shroomer,-1,34,3,93,4,offspring:1
15680,hunt_start,Jaguar,472,121,8,34,3,target:Elk:1182
15684,spore_created,Shroomer,-1,196,4,181,6,
15684,spore_created,Shroomer,-1,200,5,183,3,
15686,spore_created,Shroomer,-1,43,2,86,4,
15686,spore_created,Shroomer,-1,37,3,96,0,
15688,spore_matured,Shroomer,-1,26,9,89,9,
15688,reproduce,Shroomer,-1,26,9,89,9,offspring:1
15695,reproduce,Monkey,567,110,7,30,7,offspring:1
15698,hunt_fail,Jaguar,1137,38,5,255,6,prey_escaped
15698,reproduce,Monkey,1502,100,1,21,5,offspring:1
15699,reproduce,Lizard,484,149,2,183,9,offspring:2
15699,reproduce,Camel,515,125,5,89,2,offspring:1
15699,reproduce,Parrot,1313,234,0,85,2,offspring:1
15700,hunt_start,Crocodile,1585,174,8,78,8,target:Monkey:1529
15701,hunt_start,Crocodile,1037,118,0,84,7,target:Camel:1603
15705,kill,Musk Ox,415,267,3,123,0,killed_by:Polar Bear:466
15706,reproduce,Camel,535,147,8,76,7,offspring:1
15709,reproduce,Elk,589,27,3,74,7,offspring:1
15711,kill,Elk,1182,123,0,30,3,killed_by:Jaguar:472
15713,kill,Deer,1234,68,3,22,9,killed_by:Jaguar:148
15714,hunt_start,Shark,881,221,4,228,2,target:Shroomer:1494
15714,reproduce,Camel,1103,55,2,128,0,offspring:1
15715,kill,Musk Ox,558,47,7,11,5,killed_by:Polar Bear:360
15716,hunt_start,Polar Bear,360,47,7,10,7,target:Elk:573
15717,reproduce,Musk Ox,553,63,1,28,2,offspring:1
15718,kill,Faeling,582,209,1,249,5,killed_by:Shroomer:138
15723,reproduce,Elk,1380,137,5,0,5,offspring:1
15725,hunt_fail,Polar Bear,1243,267,7,150,1,prey_escaped
15725,spore_created,Shroomer,-1,188,8,204,0,
15725,spore_created,Shroomer,-1,195,7,218,4,
15729,kill,Penguin,1379,120,3,119,2,killed_by:Crocodile:1232
15731,reproduce,Penguin,715,147,2,118,2,offspring:1
15734,starvation,Musk Ox,301,50,7,45,9,
15743,starvation,Rabbit,944,71,8,176,1,
15750,reproduce,Monkey,571,70,7,5,2,offspring:1
15753,spore_created,Shroomer,-1,31,4,110,2,
15753,spore_created,Shroomer,-1,32,6,106,6,
15754,reproduce,Elk,378,5,2,89,1,offspring:1
15755,reproduce,Parrot,692,102,9,179,7,offspring:1
15764,reproduce,Elk,1427,183,5,100,2,offspring:1
15765,spore_created,Shroomer,-1,61,0,12,0,
15765,spore_created,Shroomer,-1,68,9,18,5,
15773,hunt_start,Jaguar,1412,133,4,33,9,target:Deer:1008
15775,hunt_start,Jaguar,686,144,4,223,2,target:Turtle:1401
15775,kill,Shroomer,1494,218,8,231,0,killed_by:Shark:881
15775,kill,Musk Ox,1147,144,9,127,7,killed_by:Crocodile:1248
15780,reproduce,Turtle,97,237,2,186,7,offspring:1
15789,reproduce,Crocodile,1248,144,4,128,0,offspring:1
15799,reproduce,Polar Bear,466,265,4,123,1,offspring:1
15800,hunt_start,Polar Bear,466,265,4,123,1,target:Musk Ox:1584
15800,hunt_start,Polar Bear,1494,267,3,124,8,target:Musk Ox:1584
15803,kill,Shroomer,429,250,6,195,7,killed_by:Shark:123
15808,reproduce,Lizard,1271,214,7,98,5,offspring:2
15809,age_death,Monkey,320,258,8,101,7,
15810,reproduce,Rabbit,668,178,2,192,0,offspring:2
15817,reproduce,Deer,1090,226,0,241,9,offspring:1
15821,age_death,Parrot,342,176,6,195,6,
15825,kill,Turtle,1401,143,0,221,1,killed_by:Jaguar:686
15833,reproduce,Rabbit,184,186,4,236,2,offspring:2
15842,starvation,Monkey,641,283,5,139,1,
15842,hunt_fail,Polar Bear,544,283,6,146,2,target_died
15842,reproduce,Elk,1029,185,7,96,1,offspring:1
15849,spore_created,Shroomer,-1,34,5,107,1,
15849,spore_created,Shroomer,-1,32,1,104,8,
15856,spore_matured,Shroomer,-1,196,4,181,6,
15856,reproduce,Shroomer,-1,196,4,181,6,offspring:1
15858,spore_matured,Shroomer,-1,42,9,86,5,
15858,reproduce,Shroomer,-1,42,9,86,5,offspring:1
15858,spore_matured,Shroomer,-1,37,7,96,8,
15858,reproduce,Shroomer,-1,37,7,96,8,offspring:1
15866,kill,Musk Ox,1584,265,5,127,0,killed_by:Polar Bear:1494
15867,hunt_fail,Polar Bear,466,265,0,125,9,target_died
15867,hunt_start,Polar Bear,466,265,0,125,9,target:Monkey:626
15870,reproduce,Lizard,349,279,9,21,6,offspring:2
15879,reproduce,Musk Ox,29,193,4,98,7,offspring:1
15885,reproduce,Monkey,1530,143,3,72,6,offspring:1
15904,reproduce,Rabbit,126,13,3,224,0,offspring:2
15909,starvation,Parrot,175,201,9,170,6,
15910,reproduce,Jaguar,686,143,3,218,9,offspring:1
15911,hunt_start,Jaguar,175,144,2,216,8,target:Deer:979
15911,hunt_start,Jaguar,686,143,3,218,9,target:Camel:183
15916,hunt_start,Shark,174,261,0,219,5,target:Boar:1259
15917,starvation,Jaguar,34,13,6,200,1,
15918,hunt_start,Shark,230,242,9,215,6,target:Boar:297
15925,starvation,Parrot,163,168,8,119,8,
15931,hunt_start,Crocodile,944,141,1,128,7,target:Tapir:1511
15934,starvation,Boar,997,5,7,134,1,
15935,reproduce,Boar,1169,103,9,122,6,offspring:2
15937,spore_matured,Shroomer,-1,61,2,12,0,
15937,reproduce,Shroomer,-1,61,2,12,0,offspring:1
15942,kill,Elk,573,33,0,9,2,killed_by:Polar Bear:360
15942,reproduce,Elk,546,25,4,2,7,offspring:1
15943,hunt_start,Polar Bear,360,33,8,9,4,target:Elk:113
15947,spore_created,Shroomer,-1,17,5,159,6,
15947,spore_created,Shroomer,-1,29,1,174,4,
15954,kill,Monkey,656,0,0,250,8,killed_by:Jaguar:608
15954,hunt_start,Polar Bear,1484,258,6,116,4,target:Tapir:660
15955,hunt_start,Jaguar,608,0,3,250,0,target:Lizard:1039
15956,reproduce,Monkey,510,8,2,229,9,offspring:1
15957,kill,Deer,1008,129,5,35,9,killed_by:Jaguar:1412
15962,reproduce,Turtle,746,183,5,225,6,offspring:1
15965,reproduce,Monkey,336,21,9,93,0,offspring:1
15968,reproduce,Tapir,356,225,3,285,4,offspring:1
15969,reproduce,Monkey,1076,140,2,78,6,offspring:1
15986,reproduce,Elk,638,65,1,80,5,offspring:1
16000,hunt_start,Crocodile,1248,146,0,126,2,target:Penguin:1379
16002,reproduce,Lizard,290,176,3,280,8,offspring:2
16002,reproduce,Lizard,1490,187,8,284,9,offspring:2
16003,reproduce,Deer,40,56,5,4,8,offspring:1
16010,reproduce,Parrot,166,90,6,120,1,offspring:1
16013,starvation,Lizard,352,230,9,283,3,
16017,reproduce,Polar Bear,360,30,7,11,8,offspring:1
16018,hunt_start,Polar Bear,352,29,1,11,6,target:Elk:113
16021,age_death,Frog,36,62,5,130,0,
16021,age_death,Frog,681,52,7,137,7,
16021,age_death,Frog,840,82,6,126,0,
16022,kill,Elk,113,29,9,12,4,killed_by:Polar Bear:360
16023,hunt_fail,Polar Bear,352,29,1,11,7,target_died
16023,hunt_start,Polar Bear,352,29,1,11,7,target:Shroomer:1139
16023,reproduce,Elk,157,24,7,7,7,offspring:1
16034,reproduce,Elk,250,192,0,173,2,offspring:1
16034,spore_created,Shroomer,-1,193,7,182,1,
16034,spore_created,Shroomer,-1,199,2,188,1,
16038,hunt_start,Jaguar,973,77,7,135,4,target:Deer:55
16039,kill,Boar,1259,256,0,211,3,killed_by:Shark:174
16041,spore_created,Shroomer,-1,56,6,95,4,
16041,spore_created,Shroomer,-1,59,0,98,9,
16043,kill,Lizard,1475,0,4,288,0,killed_by:Boar:861
16043,spore_created,Shroomer,-1,205,4,222,4,
16043,spore_created,Shroomer,-1,212,9,228,8,
16044,hunt_fail,Boar,211,0,9,287,0,prey_escaped
16044,hunt_start,Boar,211,0,9,287,0,target:Lizard:1476
16044,hunt_start,Boar,861,0,3,287,6,target:Lizard:1476
16044,hunt_fail,Boar,1414,0,3,287,0,prey_escaped
16044,hunt_start,Boar,1414,0,3,287,0,target:Lizard:1476
16044,hunt_start,Polar Bear,1560,258,6,110,6,target:Frog:1126
16045,age_death,Rabbit,646,61,7,255,4,
16051,reproduce,Boar,332,6,1,194,4,offspring:2
16051,reproduce,Boar,968,7,7,196,2,offspring:2
16052,reproduce,Tapir,647,197,6,95,9,offspring:1
16058,hunt_start,Polar Bear,482,257,1,107,7,target:Frog:1126
16058,reproduce,Rabbit,787,236,0,161,3,offspring:2
16059,reproduce,Deer,1483,120,4,168,9,offspring:1
16063,reproduce,Elk,1274,118,3,175,2,offspring:1
16068,reproduce,Elk,379,129,9,29,9,offspring:1
16069,hunt_start,Crocodile,1270,175,2,82,9,target:Musk Ox:729
16071,starvation,Penguin,555,87,5,86,5,
16075,starvation,Rabbit,454,194,6,69,2,
16075,hunt_fail,Jaguar,930,189,6,57,4,target_died
16082,spore_matured,Shroomer,-1,17,0,160,2,
16082,reproduce,Shroomer,-1,17,0,160,2,offspring:1
16083,kill,Boar,297,250,4,226,0,killed_by:Shark:230
16083,hunt_start,Jaguar,472,122,8,30,9,target:Deer:431
16085,hunt_start,Jaguar,148,65,3,24,5,target:Penguin:1446
16085,reproduce,Elk,678,192,7,6,0,offspring:1
16085,reproduce,Boar,922,259,1,247,4,offspring:2
16094,kill,Turtle,232,124,8,230,4,killed_by:Jaguar:487
16094,kill,Penguin,568,124,8,0,3,killed_by:Jaguar:935
16095,hunt_start,Jaguar,935,125,2,0,6,target:Deer:704
16096,reproduce,Deer,456,99,6,166,2,offspring:1
16099,reproduce,Elk,590,261,8,25,7,offspring:1
16100,reproduce,Parrot,1337,84,9,110,6,offspring:1
16101,starvation,Rabbit,416,199,5,244,4,
16103,reproduce,Parrot,1506,115,3,193,6,offspring:1
16104,kill,Camel,183,147,8,221,6,killed_by:Jaguar:686
16106,reproduce,Lizard,634,39,2,194,9,offspring:2
16107,reproduce,Parrot,1505,232,7,79,6,offspring:1
16110,spore_created,Shroomer,-1,59,1,79,5,
16110,spore_created,Shroomer,-1,67,7,90,2,
16114,reproduce,Elk,569,25,1,137,0,offspring:1
16122,spore_created,Shroomer,-1,8,3,170,2,
16122,spore_created,Shroomer,-1,8,8,153,7,
16127,reproduce,Camel,361,110,8,173,6,offspring:1
16127,spore_created,Shroomer,-1,33,1,100,7,
16127,spore_created,Shroomer,-1,37,9,102,7,
16128,reproduce,Lizard,650,127,7,18,3,offspring:2
16130,reproduce,Monkey,600,269,0,280,3,offspring:1
16130,reproduce,Monkey,629,278,1,277,7,offspring:1
16130,reproduce,Monkey,1405,274,7,274,4,offspring:1
16131,kill,Deer,979,151,6,199,3,killed_by:Jaguar:175
16132,hunt_start,Jaguar,175,151,4,199,8,target:Elk:28
16133,kill,Penguin,1379,146,7,121,3,killed_by:Crocodile:1248
16134,hunt_start,Crocodile,1248,146,6,122,2,target:Penguin:715
16137,age_death,Lizard,842,216,4,28,1,
16138,hunt_fail,Polar Bear,1255,225,2,32,6,target_died
16138,hunt_start,Polar Bear,1255,225,2,32,6,target:Lizard:1242
16140,spore_created,Shroomer,-1,22,3,157,3,
16140,spore_created,Shroomer,-1,22,4,161,8,
16151,kill,Lizard,1476,0,0,288,0,killed_by:Boar:861
16151,reproduce,Lizard,889,1,7,277,3,offspring:2
16152,hunt_fail,Boar,211,0,9,286,9,target_died
16152,hunt_fail,Boar,393,0,5,286,5,target_died
16152,hunt_start,Crocodile,1232,120,2,120,5,target:Parrot:1596
16152,hunt_fail,Boar,1414,0,3,287,0,target_died
16155,kill,Penguin,1446,63,4,18,8,killed_by:Jaguar:148
16157,starvation,Wolf,432,286,7,286,3,
16157,spore_created,Shroomer,-1,23,2,170,9,
16157,spore_created,Shroomer,-1,26,0,180,0,
16158,kill,Shroomer,1139,26,4,15,7,killed_by:Polar Bear:352
16159,hunt_start,Polar Bear,352,26,7,14,9,target:Shroomer:866
16163,starvation,Shroomer,1144,81,3,103,4,
16163,spore_matured,Shroomer,-1,212,9,228,8,
16163,reproduce,Shroomer,-1,212,9,228,8,offspring:1
16167,hunt_start,Boar,1414,0,3,286,5,target:Lizard:842
16169,hunt_start,Boar,393,0,3,285,9,target:Lizard:842
16171,spore_matured,Shroomer,-1,193,4,181,8,
16171,reproduce,Shroomer,-1,193,4,181,8,offspring:1
16176,reproduce,Deer,1086,39,5,28,6,offspring:1
16184,age_death,Rabbit,668,170,2,183,6,
16196,reproduce,Camel,1009,128,3,118,9,offspring:1
16203,reproduce,Parrot,978,182,6,105,5,offspring:1
16203,reproduce,Monkey,1540,112,4,100,9,offspring:1
16204,reproduce,Camel,1057,104,9,250,4,offspring:1
16206,reproduce,Parrot,1493,112,3,124,9,offspring:1
16206,spore_matured,Shroomer,-1,199,0,188,1,
16206,reproduce,Shroomer,-1,199,0,188,1,offspring:1
16207,reproduce,Parrot,1546,85,4,163,0,offspring:1
16210,reproduce,Parrot,1459,77,7,115,9,offspring:1
16213,kill,Penguin,715,143,0,116,6,killed_by:Crocodile:1248
16213,spore_matured,Shroomer,-1,56,5,95,2,
16213,reproduce,Shroomer,-1,56,5,95,2,offspring:1
16214,hunt_start,Crocodile,1248,143,3,117,1,target:Penguin:1523
16214,reproduce,Penguin,667,137,2,101,7,offspring:1
16214,reproduce,Penguin,1523,138,1,114,2,offspring:1
16217,reproduce,Faeling,1,179,7,272,1,offspring:1
16226,reproduce,Turtle,947,32,0,227,5,offspring:1
16227,reproduce,Jaguar,1412,136,8,40,1,offspring:1
16228,hunt_start,Jaguar,1412,136,7,40,1,target:Rabbit:613
16228,hunt_start,Jaguar,1656,138,4,38,5,target:Rabbit:316
16230,spore_matured,Shroomer,-1,67,7,90,2,
16230,reproduce,Shroomer,-1,67,7,90,2,offspring:1
16232,starvation,Shroomer,1178,233,7,207,0,
16233,kill,Elk,28,157,6,204,2,killed_by:Jaguar:175
16233,reproduce,Jaguar,973,89,7,124,4,offspring:1
16234,hunt_start,Jaguar,1178,89,4,125,5,target:Deer:55
16238,reproduce,Elk,817,238,7,233,0,offspring:1
16242,spore_matured,Shroomer,-1,8,8,153,7,
16242,reproduce,Shroomer,-1,8,8,153,7,offspring:1
16245,kill,Deer,55,91,2,124,0,killed_by:Jaguar:973
16246,hunt_fail,Jaguar,1178,89,9,125,2,target_died
16246,hunt_start,Jaguar,1178,89,9,125,2,target:Penguin:1000
16247,spore_matured,Shroomer,-1,38,0,102,8,
16247,reproduce,Shroomer,-1,38,0,102,8,offspring:1
16249,spore_created,Shroomer,-1,214,2,203,7,
16249,spore_created,Shroomer,-1,214,6,212,0,
16252,spore_created,Shroomer,-1,49,5,101,4,
16252,spore_created,Shroomer,-1,50,3,102,0,
16254,reproduce,Musk Ox,761,170,0,112,6,offspring:1
16254,reproduce,Monkey,1196,72,5,262,6,offspring:1
16254,reproduce,Parrot,1313,240,5,82,1,offspring:1
16260,reproduce,Penguin,609,32,0,122,1,offspring:1
16263,kill,Musk Ox,729,165,4,85,2,killed_by:Crocodile:1270
16277,kill,Tapir,660,244,7,125,3,killed_by:Polar Bear:1484
16277,spore_matured,Shroomer,-1,26,0,180,0,
16277,reproduce,Shroomer,-1,26,0,180,0,offspring:1
16277,spore_matured,Shroomer,-1,23,5,170,8,
16277,reproduce,Shroomer,-1,23,5,170,8,offspring:1
16279,reproduce,Tapir,907,63,9,223,0,offspring:1
16282,spore_matured,Shroomer,-1,59,1,79,5,
16282,reproduce,Shroomer,-1,59,1,79,5,offspring:1
16287,kill,Deer,704,133,7,15,1,killed_by:Jaguar:935
16288,hunt_start,Jaguar,935,133,4,14,6,target:Deer:825
16288,reproduce,Deer,916,102,5,28,1,offspring:1
16289,reproduce,Frog,1245,107,6,20,8,offspring:2
16293,hunt_start,Boar,591,236,9,132,7,target:Frog:877
16293,reproduce,Monkey,891,108,4,24,6,offspring:1
16294,spore_matured,Shroomer,-1,8,3,170,2,
16294,reproduce,Shroomer,-1,8,3,170,2,offspring:1
16296,reproduce,Monkey,567,115,3,17,7,offspring:1
16298,starvation,Lizard,950,64,0,183,5,
16298,hunt_fail,Boar,875,73,0,169,7,target_died
16298,hunt_start,Boar,875,73,0,169,7,target:Monkey:447
16299,reproduce,Monkey,1502,98,0,22,2,offspring:1
16303,reproduce,Camel,1200,164,1,185,8,offspring:1
16308,age_death,Fish,767,264,4,182,7,
16308,age_death,Fish,873,265,2,182,2,
16309,reproduce,Parrot,692,99,2,230,9,offspring:1
16322,starvation,Shark,539,214,2,268,0,
16324,hunt_start,Jaguar,973,93,1,125,7,target:Camel:180
16329,kill,Camel,1603,129,3,93,9,killed_by:Crocodile:1037
16336,hunt_start,Shark,881,223,2,235,2,target:Boar:949
16340,reproduce,Monkey,1358,40,1,14,7,offspring:1
16341,spore_created,Shroomer,-1,53,2,91,7,
16341,spore_created,Shroomer,-1,42,5,93,6,
16345,reproduce,Elk,1467,268,5,32,0,offspring:1
16346,hunt_start,Jaguar,1137,43,8,256,0,target:Monkey:228
16349,reproduce,Monkey,101,56,1,23,9,offspring:1
16356,kill,Parrot,1596,113,7,117,8,killed_by:Crocodile:1232
16356,reproduce,Penguin,284,184,1,93,5,offspring:1
16357,kill,Camel,180,93,0,130,1,killed_by:Jaguar:973
16358,starvation,Lizard,1010,111,4,105,8,
16364,hunt_start,Shark,123,251,1,203,0,target:Turtle:863
16369,spore_matured,Shroomer,-1,214,5,212,0,
16369,reproduce,Shroomer,-1,214,5,212,0,offspring:1
16377,hunt_start,Boar,163,100,8,132,6,target:Penguin:1000
16387,kill,Shroomer,866,28,3,6,2,killed_by:Polar Bear:352
16389,spore_created,Shroomer,-1,178,3,31,3,
16389,spore_created,Shroomer,-1,183,8,32,5,
16391,kill,Deer,431,124,8,43,0,killed_by:Jaguar:472
16391,reproduce,Frog,1444,258,5,30,9,offspring:2
16409,hunt_start,Polar Bear,1494,265,9,126,2,target:Monkey:1551
16417,kill,Frog,1126,248,4,85,7,killed_by:Polar Bear:482
16418,hunt_start,Polar Bear,482,248,8,86,8,target:Parrot:1313
16418,hunt_fail,Polar Bear,1560,250,6,91,3,target_died
16418,hunt_start,Polar Bear,1560,250,6,91,3,target:Frog:1127
16435,reproduce,Musk Ox,619,139,7,61,5,offspring:1
16438,reproduce,Frog,722,96,0,168,8,offspring:2
16443,environment_death,Shroomer,729,27,1,179,8,drowning
16443,kill,Lizard,842,3,2,272,7,killed_by:Boar:393
16444,hunt_start,Boar,393,3,0,273,1,target:Lizard:890
16444,hunt_fail,Boar,1414,3,0,273,7,target_died
16444,hunt_start,Boar,1414,3,0,273,7,target:Lizard:890
16445,reproduce,Monkey,1044,108,7,192,9,offspring:1
16448,hunt_start,Boar,211,2,9,285,1,target:Lizard:889
16448,kill,Boar,949,231,1,240,3,killed_by:Shark:881
16452,reproduce,Monkey,10,188,0,166,6,offspring:1
16461,spore_matured,Shroomer,-1,42,5,93,7,
16461,reproduce,Shroomer,-1,42,5,93,7,offspring:1
16474,starvation,Monkey,396,6,6,115,7,
16475,hunt_start,Jaguar,487,127,3,238,0,target:Camel:1359
16476,hunt_start,Jaguar,686,144,3,221,2,target:Camel:160
16480,kill,Penguin,1000,90,8,133,7,killed_by:Jaguar:1178
16480,hunt_start,Crocodile,1232,115,3,118,3,target:Musk Ox:741
16481,hunt_fail,Boar,163,93,8,133,2,target_died
16481,hunt_start,Boar,163,93,8,133,2,target:Penguin:994
16481,hunt_start,Jaguar,1178,91,0,133,1,target:Boar:163
16482,age_death,Lizard,862,53,3,141,5,
16484,starvation,Shroomer,939,235,3,196,7,
16490,hunt_fail,Crocodile,1537,182,7,95,8,prey_escaped
16490,hunt_start,Crocodile,1537,182,7,95,8,target:Elk:1029
16494,spore_created,Shroomer,-1,46,5,102,9,
16494,spore_created,Shroomer,-1,41,6,104,2,
16495,starvation,Parrot,905,286,2,207,4,
16495,hunt_start,Crocodile,266,175,3,83,9,target:Penguin:1547
16499,reproduce,Elk,134,210,5,7,7,offspring:1
16501,reproduce,Penguin,1515,196,3,77,5,offspring:1
16506,starvation,Jaguar,768,204,8,51,2,
16506,kill,Camel,1359,131,7,237,2,killed_by:Jaguar:487
16509,spore_matured,Shroomer,-1,184,0,32,3,
16509,reproduce,Shroomer,-1,184,0,32,3,offspring:1
16510,starvation,Elk,191,145,2,255,1,
16514,kill,Turtle,863,246,4,194,7,killed_by:Shark:123
16516,age_death,Lizard,399,71,1,23,2,
16516,age_death,Lizard,841,38,2,10,1,
16518,spore_created,Shroomer,-1,30,4,178,2,
16518,spore_created,Shroomer,-1,24,4,166,4,
16521,spore_created,Shroomer,-1,51,8,95,3,
16521,spore_created,Shroomer,-1,60,0,93,0,
16527,hunt_start,Jaguar,148,56,2,20,6,target:Shroomer:997
16527,reproduce,Crocodile,266,175,5,84,5,offspring:1
16527,reproduce,Rabbit,402,175,2,188,5,offspring:2
16529,reproduce,Elk,1380,161,3,2,4,offspring:1
16533,hunt_fail,Crocodile,1183,219,7,118,6,prey_escaped
16533,hunt_start,Crocodile,1183,219,7,118,6,target:Tapir:1027
16546,reproduce,Deer,102,55,1,12,0,offspring:1
16552,spore_created,Shroomer,-1,64,7,86,5,
16552,spore_created,Shroomer,-1,59,5,77,8,
16553,kill,Shroomer,997,57,2,18,1,killed_by:Jaguar:148
16553,hunt_start,Crocodile,1657,175,6,83,2,target:Elk:912
16555,kill,Boar,163,89,6,135,4,killed_by:Jaguar:1178
16559,reproduce,Boar,782,265,2,222,5,offspring:2
16559,reproduce,Boar,1369,265,9,220,1,offspring:2
16559,reproduce,Boar,1370,261,7,214,8,offspring:2
16561,starvation,Parrot,1383,188,5,115,7,
16561,reproduce,Parrot,880,141,8,131,8,offspring:1
16565,hunt_start,Polar Bear,360,32,7,12,1,target:Frog:445
16567,reproduce,Parrot,166,53,4,125,3,offspring:1
16567,reproduce,Monkey,336,10,4,83,2,offspring:1
16573,starvation,Monkey,1528,176,8,116,6,
16580,kill,Lizard,890,0,1,270,7,killed_by:Boar:393
16581,hunt_start,Boar,393,0,4,271,0,target:Lizard:1644
16581,hunt_fail,Boar,1414,-0,0,271,4,target_died
16581,hunt_start,Boar,1414,-0,0,271,4,target:Lizard:1644
16581,age_death,Lizard,303,208,5,39,7,
16581,age_death,Lizard,870,62,6,15,7,
16582,reproduce,Lizard,1563,16,7,273,7,offspring:2
16582,reproduce,Lizard,1564,15,6,275,7,offspring:2
16584,reproduce,Lizard,1419,86,9,23,5,offspring:2
16593,reproduce,Deer,1512,104,9,170,5,offspring:1
16600,hunt_start,Shark,174,245,9,198,6,target:Shroomer:1395
16605,hunt_start,Jaguar,175,157,2,203,7,target:Elk:795
16611,reproduce,Rabbit,316,160,0,21,4,offspring:2
16613,hunt_fail,Crocodile,1585,169,8,80,0,prey_escaped
16613,hunt_start,Crocodile,1585,169,8,80,0,target:Musk Ox:1593
16625,reproduce,Lizard,349,277,9,20,8,offspring:2
16626,starvation,Monkey,12,30,1,197,6,
16632,spore_created,Shroomer,-1,56,5,93,2,
16632,spore_created,Shroomer,-1,60,6,106,0,
16634,kill,Lizard,1644,0,0,271,0,killed_by:Boar:393
16635,hunt_fail,Boar,1414,0,0,271,3,target_died
16636,kill,Elk,795,153,3,205,4,killed_by:Jaguar:175
16636,kill,Frog,1127,245,8,101,1,killed_by:Polar Bear:1560
16637,hunt_start,Polar Bear,1560,246,4,99,9,target:Lizard:703
16637,reproduce,Jaguar,487,131,0,242,1,offspring:1
16638,hunt_start,Jaguar,487,131,0,242,2,target:Camel:1545
16638,hunt_start,Jaguar,1644,129,3,243,0,target:Camel:1545
16638,spore_matured,Shroomer,-1,24,1,166,0,
16638,reproduce,Shroomer,-1,24,1,166,0,offspring:1
16638,spore_matured,Shroomer,-1,30,4,178,2,
16638,reproduce,Shroomer,-1,30,4,178,2,offspring:1
16641,spore_matured,Shroomer,-1,51,8,95,4,
16641,reproduce,Shroomer,-1,51,8,95,4,offspring:1
16644,hunt_start,Shark,230,243,8,219,5,target:Monkey:1406
16646,reproduce,Rabbit,1578,190,9,87,6,offspring:2
16651,reproduce,Parrot,1590,78,3,94,9,offspring:1
16652,reproduce,Parrot,1595,147,9,97,4,offspring:1
16653,kill,Deer,825,148,6,9,0,killed_by:Jaguar:935
16654,hunt_start,Jaguar,935,148,0,9,2,target:Deer:229
16654,reproduce,Jaguar,935,148,0,9,2,offspring:1
16655,hunt_start,Jaguar,12,149,5,9,5,target:Deer:229
16655,spore_matured,Shroomer,-1,46,3,103,0,
16655,reproduce,Shroomer,-1,46,3,103,0,offspring:1
16658,spore_created,Shroomer,-1,26,2,148,8,
16658,spore_created,Shroomer,-1,16,3,158,1,
16659,spore_created,Shroomer,-1,16,9,169,0,
16659,spore_created,Shroomer,-1,26,9,172,3,
16672,spore_matured,Shroomer,-1,59,5,77,8,
16672,reproduce,Shroomer,-1,59,5,77,8,offspring:1
16682,age_death,Rabbit,214,83,3,139,2,
16686,starvation,Rabbit,347,239,4,0,5,
16693,spore_created,Shroomer,-1,31,0,3,0,
16693,spore_created,Shroomer,-1,20,0,6,5,
16694,kill,Musk Ox,741,108,0,127,3,killed_by:Crocodile:1232
16698,spore_created,Shroomer,-1,220,2,210,6,
16698,spore_created,Shroomer,-1,219,4,206,3,
16703,kill,Shroomer,1395,241,0,196,2,killed_by:Shark:174
16707,reproduce,Camel,294,148,2,69,8,offspring:1
16709,reproduce,Camel,535,138,6,74,0,offspring:1
16713,starvation,Crocodile,538,6,4,86,7,
16713,kill,Lizard,169,187,4,0,0,killed_by:Jaguar:623
16719,reproduce,Elk,845,182,7,108,7,offspring:1
16719,reproduce,Elk,1331,233,1,103,5,offspring:1
16724,spore_created,Shroomer,-1,243,9,206,1,
16724,spore_created,Shroomer,-1,244,5,203,2,
16729,hunt_start,Jaguar,973,101,3,129,7,target:Elk:1575
16731,reproduce,Deer,259,96,0,27,3,offspring:1
16736,kill,Monkey,331,187,4,0,0,killed_by:Polar Bear:869
16737,hunt_start,Polar Bear,869,188,3,0,1,target:Penguin:1202
16742,hunt_start,Boar,573,253,4,248,0,target:Lizard:1131
16742,spore_created,Shroomer,-1,43,6,101,9,
16747,kill,Camel,160,138,1,215,1,killed_by:Jaguar:686
16747,reproduce,Deer,89,123,1,97,6,offspring:1
16753,spore_created,Shroomer,-1,196,2,199,8,
16753,spore_created,Shroomer,-1,203,1,197,6,
16754,reproduce,Tapir,647,192,4,88,0,offspring:1
16760,reproduce,Parrot,1606,88,7,209,9,offspring:1
16763,hunt_start,Jaguar,472,122,3,30,2,target:Penguin:225
16763,kill,Camel,1545,132,1,233,5,killed_by:Jaguar:1644
16764,hunt_fail,Jaguar,487,131,7,239,2,target_died
16764,hunt_start,Jaguar,487,131,7,239,2,target:Boar:794
16764,hunt_start,Crocodile,1270,166,0,95,0,target:Monkey:808
16768,kill,Penguin,225,124,0,31,6,killed_by:Jaguar:472
16768,kill,Elk,1575,98,6,133,5,killed_by:Jaguar:973
16768,reproduce,Elk,697,104,2,139,1,offspring:1
16772,kill,Frog,877,221,6,154,1,killed_by:Boar:591
16777,starvation,Monkey,676,201,9,172,1,
16777,reproduce,Monkey,273,168,3,187,1,offspring:1
16777,reproduce,Monkey,1149,170,4,187,7,offspring:1
16778,reproduce,Turtle,846,235,9,193,5,offspring:1
16778,spore_matured,Shroomer,-1,26,1,149,0,
16778,reproduce,Shroomer,-1,26,1,149,0,offspring:1
16778,spore_matured,Shroomer,-1,16,1,158,2,
16778,reproduce,Shroomer,-1,16,1,158,2,offspring:1
16779,spore_matured,Shroomer,-1,26,6,172,1,
16779,reproduce,Shroomer,-1,26,6,172,1,offspring:1
16781,spore_created,Shroomer,-1,11,7,164,5,
16781,spore_created,Shroomer,-1,20,6,160,6,
16782,reproduce,Parrot,1579,122,5,202,4,offspring:1
16783,kill,Frog,445,33,5,-0,0,killed_by:Polar Bear:360
16783,reproduce,Musk Ox,29,202,2,97,3,offspring:1
16784,hunt_start,Polar Bear,360,33,1,0,4,target:Shroomer:214
16784,reproduce,Lizard,635,52,3,199,6,offspring:2
16784,spore_created,Shroomer,-1,32,1,107,8,
16784,spore_created,Shroomer,-1,44,4,103,4,
16787,reproduce,Penguin,1547,175,3,96,3,offspring:1
16795,spore_created,Shroomer,-1,30,9,111,4,
16795,spore_created,Shroomer,-1,33,1,104,5,
16805,starvation,Hawk,413,146,1,229,7,
16807,reproduce,Monkey,1540,117,7,95,1,offspring:1
16818,kill,Shroomer,214,31,0,3,0,killed_by:Polar Bear:360
16818,kill,Musk Ox,1593,164,2,79,5,killed_by:Crocodile:1585
16818,reproduce,Parrot,1313,235,0,55,5,offspring:1
16820,hunt_start,Polar Bear,1484,246,7,122,3,target:Monkey:583
16827,reproduce,Elk,976,118,0,167,0,offspring:1
16830,hunt_start,Crocodile,1037,124,9,96,7,target:Penguin:1115
16831,spore_matured,Shroomer,-1,16,9,169,0,
16831,reproduce,Shroomer,-1,16,9,169,0,offspring:1
16840,kill,Penguin,1115,124,5,93,8,killed_by:Crocodile:1037
16844,reproduce,Shark,174,239,2,194,1,offspring:1
16845,kill,Deer,229,158,1,0,0,killed_by:Jaguar:12
16845,hunt_start,Shark,174,239,2,194,0,target:Turtle:846
16845,hunt_start,Shark,214,240,4,195,1,target:Shroomer:1491
16846,hunt_start,Jaguar,12,157,5,0,0,target:Penguin:763
16846,hunt_fail,Jaguar,935,155,6,1,0,target_died
16846,hunt_start,Jaguar,935,155,6,1,0,target:Penguin:763
16847,spore_created,Shroomer,-1,47,7,85,1,
16847,spore_created,Shroomer,-1,42,5,78,5,
16850,reproduce,Musk Ox,73,32,0,62,5,offspring:1
16851,hunt_start,Polar Bear,360,31,3,2,3,target:Elk:36
16862,spore_matured,Shroomer,-1,43,6,102,0,
16862,reproduce,Shroomer,-1,43,6,102,0,offspring:1
16864,reproduce,Parrot,692,66,0,263,3,offspring:1
16864,reproduce,Boar,1169,44,1,126,3,offspring:2
16865,hunt_start,Boar,1698,44,6,126,7,target:Lizard:1163
16865,hunt_start,Boar,1699,44,6,126,7,target:Lizard:1163
16869,starvation,Rabbit,718,244,5,28,4,
16869,hunt_fail,Jaguar,797,226,8,16,4,target_died
16880,starvation,Jaguar,623,185,3,0,3,
16889,spore_created,Shroomer,-1,235,0,200,4,
16889,spore_created,Shroomer,-1,236,9,195,0,
16891,reproduce,Elk,224,148,6,269,3,offspring:1
16895,reproduce,Monkey,891,113,8,30,0,offspring:1
16896,reproduce,Monkey,1599,133,3,27,6,offspring:1
16896,spore_matured,Shroomer,-1,243,9,206,1,
16896,reproduce,Shroomer,-1,243,9,206,1,offspring:1
16896,spore_matured,Shroomer,-1,244,5,203,2,
16896,reproduce,Shroomer,-1,244,5,203,2,offspring:1
16899,starvation,Boar,777,149,0,169,5,
16901,starvation,Jaguar,844,240,6,206,4,
16901,spore_matured,Shroomer,-1,11,8,164,5,
16901,reproduce,Shroomer,-1,11,8,164,5,offspring:1
16901,spore_matured,Shroomer,-1,20,6,160,5,
16901,reproduce,Shroomer,-1,20,6,160,5,offspring:1
16906,kill,Boar,794,132,0,233,5,killed_by:Jaguar:487
16908,age_death,Fish,653,267,1,186,0,
16908,age_death,Fish,1011,266,2,186,5,
16908,age_death,Fish,1012,266,5,181,9,
16908,age_death,Fish,1013,266,1,180,6,
16911,spore_matured,Shroomer,-1,44,4,103,6,
16911,reproduce,Shroomer,-1,44,4,103,6,offspring:1
16913,kill,Penguin,1523,111,4,99,1,killed_by:Crocodile:1248
16914,hunt_start,Crocodile,1248,111,9,99,4,target:Lizard:1019
16917,reproduce,Shark,230,253,7,232,3,offspring:1
16918,hunt_start,Shark,1603,255,7,234,4,target:Monkey:1406
16919,starvation,Lizard,961,201,2,14,0,
16919,hunt_fail,Jaguar,81,207,4,18,9,target_died
16925,starvation,Tapir,993,166,3,134,1,
16925,hunt_start,Jaguar,148,58,2,18,0,target:Musk Ox:553
16927,hunt_start,Jaguar,1178,84,6,140,9,target:Deer:879
16928,hunt_start,Polar Bear,352,24,1,6,4,target:Shroomer:400
16932,kill,Penguin,763,150,0,0,5,killed_by:Jaguar:935
16933,hunt_fail,Jaguar,12,156,6,0,0,target_died
16933,hunt_start,Jaguar,935,150,8,0,6,target:Elk:1457
16933,kill,Deer,879,86,4,142,1,killed_by:Jaguar:1178
16935,kill,Shroomer,1491,237,1,196,3,killed_by:Shark:214
16936,hunt_start,Shark,214,237,8,196,1,target:Shroomer:623
16940,reproduce,Deer,916,96,0,23,7,offspring:1
16941,reproduce,Monkey,1358,39,1,7,5,offspring:1
16942,reproduce,Frog,887,247,0,162,3,offspring:2
16952,reproduce,Monkey,101,49,1,31,7,offspring:1
16952,reproduce,Rabbit,1398,100,3,81,0,offspring:2
16959,starvation,Rabbit,752,214,4,108,7,
16964,kill,Elk,36,25,6,-0,0,killed_by:Polar Bear:360
16965,kill,Shroomer,623,236,6,194,5,killed_by:Shark:214
16966,kill,Turtle,846,233,8,192,6,killed_by:Shark:174
16966,hunt_start,Shark,214,236,9,194,9,target:Turtle:846
16967,hunt_fail,Shark,214,236,9,194,9,target_died
16967,hunt_start,Shark,214,236,9,194,9,target:Turtle:877
16967,spore_matured,Shroomer,-1,47,9,85,1,
16967,reproduce,Shroomer,-1,47,9,85,1,offspring:1
16972,reproduce,Elk,590,264,4,28,2,offspring:1
16975,spore_created,Shroomer,-1,20,0,163,1,
16975,spore_created,Shroomer,-1,25,3,156,6,
16980,kill,Rabbit,613,165,8,35,5,killed_by:Jaguar:1412
16980,reproduce,Rabbit,753,233,7,108,1,offspring:2
16981,hunt_start,Jaguar,1412,164,9,35,3,target:Shroomer:896
16983,kill,Musk Ox,553,62,8,19,4,killed_by:Jaguar:148
16989,kill,Penguin,1202,192,1,16,5,killed_by:Polar Bear:869
16989,reproduce,Boar,922,262,1,258,9,offspring:2
16989,reproduce,Monkey,1544,32,0,76,0,offspring:1
16990,hunt_start,Boar,36,261,7,261,0,target:Lizard:1278
16990,hunt_start,Boar,623,261,7,261,0,target:Lizard:1278
16990,hunt_start,Polar Bear,869,192,0,15,9,target:Penguin:1562
16990,hunt_start,Boar,922,262,1,258,8,target:Lizard:1131
16991,starvation,Deer,42,149,7,176,5,
16991,reproduce,Rabbit,1062,31,9,111,3,offspring:2
16992,reproduce,Boar,861,0,8,281,8,offspring:2
16996,reproduce,Elk,314,20,3,-0,0,offspring:1
17000,hunt_start,Boar,717,236,2,137,7,target:Monkey:1372
17007,hunt_start,Jaguar,12,156,6,0,0,target:Rabbit:1677
17008,hunt_start,Jaguar,175,151,3,200,3,target:Camel:1167
17009,hunt_start,Shark,881,237,3,237,7,target:Shroomer:376
17009,spore_created,Shroomer,-1,12,9,161,9,
17009,spore_created,Shroomer,-1,25,0,162,7,
17009,spore_matured,Shroomer,-1,235,2,200,2,
17009,reproduce,Shroomer,-1,235,2,200,2,offspring:1
17010,reproduce,Monkey,301,63,9,9,1,offspring:1
17010,reproduce,Parrot,1625,58,5,124,4,offspring:1
17014,reproduce,Penguin,284,192,0,93,4,offspring:1
17015,reproduce,Camel,911,-0,0,171,5,offspring:1
17019,spore_matured,Shroomer,-1,42,1,77,9,
17019,reproduce,Shroomer,-1,42,1,77,9,offspring:1
17022,reproduce,Jaguar,472,131,1,28,6,offspring:1
17023,hunt_start,Jaguar,472,131,2,28,6,target:Monkey:1599
17023,hunt_start,Jaguar,1709,133,4,30,9,target:Monkey:1599
17028,reproduce,Deer,776,21,5,110,4,offspring:1
17047,reproduce,Camel,1329,91,6,120,8,offspring:1
17047,reproduce,Tapir,1536,18,6,253,8,offspring:1
17073,age_death,Lizard,917,245,6,264,8,
17074,reproduce,Lizard,317,285,7,265,5,offspring:2
17074,reproduce,Lizard,606,283,1,249,1,offspring:2
17074,spore_created,Shroomer,-1,26,5,100,7,
17074,spore_created,Shroomer,-1,34,9,99,7,
17075,hunt_start,Shark,123,252,0,197,0,target:Shroomer:506
17075,reproduce,Elk,1503,277,8,28,5,offspring:1
17080,kill,Shroomer,896,165,6,31,1,killed_by:Jaguar:1412
17081,hunt_start,Jaguar,1412,165,5,31,7,target:Frog:1053
17085,kill,Shroomer,400,27,2,2,4,killed_by:Polar Bear:352
17091,hunt_start,Boar,47,234,2,133,5,target:Frog:876
17093,starvation,Monkey,1373,190,0,115,5,
17093,hunt_fail,Jaguar,560,188,3,122,7,target_died
17095,kill,Camel,1167,146,3,197,6,killed_by:Jaguar:175
17095,spore_matured,Shroomer,-1,19,9,163,2,
17095,reproduce,Shroomer,-1,19,9,163,2,offspring:1
17095,spore_matured,Shroomer,-1,25,3,156,9,
17095,reproduce,Shroomer,-1,25,3,156,9,offspring:1
17097,starvation,Jaguar,433,48,2,255,0,
17097,reproduce,Camel,633,117,4,164,5,offspring:1
17097,reproduce,Camel,1281,110,7,160,3,offspring:1
17097,reproduce,Tapir,1335,234,1,122,6,offspring:1
17101,kill,Penguin,1562,182,8,16,5,killed_by:Polar Bear:869
17101,reproduce,Penguin,742,164,4,25,2,offspring:1
17101,reproduce,Penguin,831,169,2,26,0,offspring:1
17102,hunt_start,Polar Bear,869,183,4,16,5,target:Elk:678
17105,reproduce,Penguin,1515,192,0,74,6,offspring:1
17111,reproduce,Jaguar,686,149,1,210,2,offspring:1
17112,kill,Musk Ox,30,46,7,41,3,killed_by:Jaguar:460
17112,hunt_start,Jaguar,686,149,1,210,3,target:Elk:1168
17112,hunt_start,Jaguar,1562,147,6,208,2,target:Elk:1168
17112,reproduce,Parrot,1637,228,7,63,2,offspring:1
17113,age_death,Lizard,703,242,3,82,2,
17114,hunt_fail,Polar Bear,1560,240,7,87,9,target_died
17114,hunt_start,Polar Bear,1560,240,7,87,9,target:Parrot:1662
17114,reproduce,Jaguar,460,46,7,40,5,offspring:1
17115,hunt_start,Jaguar,460,46,7,40,5,target:Deer:979
17115,hunt_start,Jaguar,703,47,5,40,8,target:Frog:807
17116,kill,Shroomer,376,232,0,235,5,killed_by:Shark:881
17121,reproduce,Musk Ox,234,70,9,27,5,offspring:1
17123,reproduce,Parrot,166,21,1,127,8,offspring:1
17129,reproduce,Penguin,1587,51,0,31,9,offspring:1
17129,spore_matured,Shroomer,-1,12,7,161,9,
17129,reproduce,Shroomer,-1,12,7,161,9,offspring:1
17135,starvation,Shroomer,1075,44,6,89,6,
17135,kill,Turtle,877,230,7,190,3,killed_by:Shark:214
17135,hunt_start,Jaguar,1644,134,5,235,3,target:Rabbit:1154
17140,hunt_start,Jaguar,973,91,3,121,0,target:Camel:1329
17140,reproduce,Penguin,1250,98,4,160,1,offspring:1
17145,kill,Elk,1168,146,4,214,0,killed_by:Jaguar:686
17146,hunt_fail,Jaguar,1562,147,2,210,9,target_died
17146,hunt_start,Jaguar,1562,147,2,210,9,target:Turtle:422
17146,kill,Rabbit,1154,138,1,235,2,killed_by:Jaguar:1644
17148,kill,Elk,1457,140,0,4,1,killed_by:Jaguar:935
17152,reproduce,Elk,1467,266,9,31,0,offspring:1
17159,starvation,Monkey,1378,240,8,35,5,
17159,hunt_fail,Polar Bear,754,232,5,35,2,target_died
17159,hunt_start,Polar Bear,754,232,5,35,2,target:Parrot:413
17165,kill,Shroomer,506,248,6,196,5,killed_by:Shark:123
17168,kill,Camel,1329,94,4,118,6,killed_by:Jaguar:973
17174,hunt_start,Boar,143,239,2,196,7,target:Shroomer:1549
17175,environment_death,Shroomer,1704,234,8,200,6,drowning
17179,starvation,Elk,1098,154,0,228,5,
17189,kill,Parrot,239,168,7,196,9,killed_by:Crocodile:1230
17190,hunt_start,Crocodile,1230,168,0,197,5,target:Rabbit:402
17194,reproduce,Jaguar,148,57,2,18,7,offspring:1
17194,spore_matured,Shroomer,-1,34,8,99,5,
17194,reproduce,Shroomer,-1,34,8,99,5,offspring:1
17195,hunt_start,Jaguar,148,57,2,18,7,target:Lizard:1418
17195,hunt_start,Jaguar,1168,58,7,19,3,target:Rabbit:1059
17195,hunt_start,Crocodile,1232,105,3,122,0,target:Camel:1367
17195,reproduce,Deer,1512,95,5,162,8,offspring:1
17195,spore_created,Shroomer,-1,58,9,92,5,
17195,spore_created,Shroomer,-1,67,1,84,9,
17196,hunt_start,Boar,143,239,8,196,6,target:Shroomer:1549
17201,environment_death,Shroomer,825,44,1,103,9,drowning
17203,starvation,Monkey,578,3,4,227,6,
17203,hunt_fail,Jaguar,237,10,5,205,9,target_died
17204,reproduce,Parrot,1595,158,1,88,5,offspring:1
17205,kill,Lizard,1418,55,0,16,7,killed_by:Jaguar:148
17205,reproduce,Camel,1057,101,3,261,4,offspring:1
17206,hunt_start,Jaguar,148,55,6,17,2,target:Deer:399
17206,kill,Elk,678,181,0,12,6,killed_by:Polar Bear:869
17207,hunt_start,Polar Bear,869,181,5,13,3,target:Deer:64
17207,reproduce,Parrot,1651,94,7,160,5,offspring:1
17209,age_death,Frog,146,71,9,75,8,
17209,age_death,Frog,921,61,8,85,2,
17209,age_death,Frog,923,69,2,78,8,
17209,age_death,Frog,924,56,6,80,5,
17209,age_death,Frog,925,64,4,86,3,
17209,age_death,Frog,927,65,5,78,5,
17209,reproduce,Camel,18,120,3,215,3,offspring:1
17212,reproduce,Parrot,1144,167,2,90,4,offspring:1
17217,hunt_start,Boar,553,9,9,277,6,target:Lizard:1528
17217,reproduce,Frog,1119,73,1,125,2,offspring:2
17218,reproduce,Monkey,1125,18,3,176,3,offspring:1
17232,reproduce,Rabbit,184,190,7,242,9,offspring:2
17232,reproduce,Rabbit,1401,180,5,227,9,offspring:2
17233,age_death,Lizard,934,105,3,161,7,
17237,kill,Camel,1367,102,2,124,8,killed_by:Crocodile:1232
17241,reproduce,Camel,515,117,8,95,8,offspring:1
17246,reproduce,Parrot,978,256,1,106,4,offspring:1
17246,spore_created,Shroomer,-1,73,5,17,5,
17246,spore_created,Shroomer,-1,75,5,17,5,
17247,hunt_start,Boar,1628,5,5,191,2,target:Lizard:1141
17256,starvation,Rabbit,1140,166,5,18,5,
17265,kill,Elk,554,39,6,16,0,killed_by:Jaguar:785
17265,reproduce,Parrot,372,250,6,171,0,offspring:1
17265,reproduce,Parrot,640,240,7,180,9,offspring:1
17265,reproduce,Jaguar,785,39,2,16,6,offspring:1
17266,hunt_start,Jaguar,785,39,3,16,5,target:Deer:1464
17266,hunt_start,Jaguar,1367,38,9,18,2,target:Deer:1464
17277,starvation,Shroomer,3,235,0,203,4,
17279,spore_created,Shroomer,-1,23,9,165,0,
17279,spore_created,Shroomer,-1,12,9,152,9,
17280,kill,Penguin,1547,176,4,99,3,killed_by:Crocodile:266
17281,hunt_start,Crocodile,266,175,8,98,7,target:Musk Ox:1660
17281,kill,Frog,807,56,9,45,2,killed_by:Jaguar:703
17282,hunt_start,Jaguar,703,56,5,45,0,target:Musk Ox:299
17291,kill,Turtle,422,152,1,219,5,killed_by:Jaguar:1562
17291,reproduce,Parrot,1026,288,0,247,1,offspring:1
17291,reproduce,Crocodile,1248,101,3,103,3,offspring:1
17292,hunt_start,Crocodile,927,102,2,104,4,target:Lizard:1019
17294,spore_created,Shroomer,-1,54,4,94,3,
17294,spore_created,Shroomer,-1,45,4,82,0,
17296,spore_created,Shroomer,-1,236,8,162,8,
17296,spore_created,Shroomer,-1,241,0,166,1,
17299,reproduce,Crocodile,1270,166,5,92,7,offspring:1
17300,hunt_start,Crocodile,1720,164,0,91,6,target:Parrot:1595
17301,hunt_start,Boar,143,240,0,196,1,target:Shroomer:1549
17304,reproduce,Musk Ox,398,79,9,20,6,offspring:1
17305,hunt_start,Jaguar,1178,76,8,150,9,target:Monkey:306
17307,reproduce,Camel,1200,175,0,180,2,offspring:1
17310,reproduce,Parrot,767,71,1,222,5,offspring:1
17312,reproduce,Parrot,1606,89,2,211,7,offspring:1
17319,hunt_start,Crocodile,1585,164,8,79,6,target:Monkey:808
17332,reproduce,Elk,1427,186,2,101,6,offspring:1
17333,reproduce,Deer,1086,32,0,37,9,offspring:1
17336,hunt_start,Jaguar,81,206,1,15,0,target:Elk:226
17339,reproduce,Camel,803,230,6,239,5,offspring:1
17341,hunt_start,Crocodile,1037,127,9,87,9,target:Musk Ox:954
17342,reproduce,Crocodile,1232,101,2,122,9,offspring:1
17343,hunt_start,Jaguar,930,185,1,67,0,target:Penguin:433
17343,hunt_start,Crocodile,1232,101,2,122,9,target:Camel:1198
17343,hunt_start,Crocodile,1727,103,7,124,4,target:Elk:1327
17348,reproduce,Deer,89,118,6,94,1,offspring:1
17360,kill,Frog,1053,174,3,18,8,killed_by:Jaguar:1412
17361,hunt_start,Jaguar,1412,174,2,19,3,target:Penguin:980
17373,reproduce,Parrot,1662,242,4,63,9,offspring:1
17376,kill,Monkey,808,168,5,78,1,killed_by:Crocodile:1585
17376,reproduce,Monkey,583,214,4,124,1,offspring:1
17376,reproduce,Elk,817,242,0,235,0,offspring:1
17377,hunt_fail,Crocodile,1270,166,6,92,4,prey_escaped
17377,hunt_start,Crocodile,1270,166,6,92,4,target:Musk Ox:385
17384,kill,Musk Ox,954,127,6,84,7,killed_by:Crocodile:1037
17389,kill,Deer,979,41,0,21,0,killed_by:Jaguar:460
17390,starvation,Monkey,1571,158,6,74,0,
17390,spore_created,Shroomer,-1,27,0,159,8,
17390,spore_created,Shroomer,-1,19,4,157,4,
17404,kill,Deer,399,49,7,4,7,killed_by:Jaguar:148
17405,hunt_start,Jaguar,797,223,0,12,3,target:Elk:513
17405,spore_matured,Shroomer,-1,23,9,165,2,
17405,reproduce,Shroomer,-1,23,9,165,2,offspring:1
17409,kill,Deer,1464,29,3,9,8,killed_by:Jaguar:785
17410,hunt_start,Jaguar,785,29,9,9,9,target:Shroomer:1138
17410,hunt_fail,Jaguar,1367,31,7,11,3,target_died
17410,hunt_start,Jaguar,1367,31,7,11,3,target:Shroomer:1138
17412,reproduce,Deer,140,123,7,95,7,offspring:1
17414,reproduce,Boar,509,112,4,260,8,offspring:2
17414,reproduce,Boar,940,97,9,271,3,offspring:2
17414,spore_matured,Shroomer,-1,45,6,82,0,
17414,reproduce,Shroomer,-1,45,6,82,0,offspring:1
17415,hunt_start,Boar,1140,111,2,263,6,target:Monkey:1541
17415,hunt_start,Boar,1464,111,2,263,6,target:Monkey:1541
17415,hunt_start,Boar,1730,100,5,270,1,target:Monkey:1195
17415,hunt_start,Boar,1731,100,5,270,1,target:Monkey:1195
17417,reproduce,Parrot,692,42,6,240,9,offspring:1
17426,reproduce,Lizard,651,23,7,7,2,offspring:2
17428,hunt_fail,Crocodile,1657,179,4,82,7,prey_escaped
17428,hunt_start,Crocodile,1657,179,4,82,7,target:Elk:641
17431,kill,Deer,64,184,4,0,7,killed_by:Polar Bear:869
17432,reproduce,Polar Bear,869,184,2,1,7,offspring:1
17433,hunt_start,Polar Bear,64,183,2,0,2,target:Deer:702
17433,hunt_start,Polar Bear,869,184,2,1,7,target:Deer:702
17433,kill,Elk,641,181,7,82,2,killed_by:Crocodile:1657
17434,reproduce,Jaguar,973,99,3,117,3,offspring:1
17435,hunt_start,Jaguar,641,98,8,115,4,target:Parrot:1459
17435,hunt_start,Jaguar,973,99,3,117,4,target:Parrot:1572
17435,reproduce,Boar,34,115,7,119,8,offspring:2
17435,reproduce,Elk,827,191,3,102,6,offspring:1
17440,starvation,Lizard,1499,148,7,228,7,
17440,kill,Musk Ox,1660,185,1,98,8,killed_by:Crocodile:266
17441,spore_created,Shroomer,-1,34,9,163,8,
17441,spore_created,Shroomer,-1,30,2,175,6,
17451,spore_matured,Shroomer,-1,12,9,152,9,
17451,reproduce,Shroomer,-1,12,9,152,9,offspring:1
17454,reproduce,Lizard,1165,25,9,134,8,offspring:2
17456,spore_created,Shroomer,-1,252,1,162,4,
17456,spore_created,Shroomer,-1,253,9,161,8,
17466,kill,Musk Ox,385,163,1,96,0,killed_by:Crocodile:1270
17467,hunt_start,Jaguar,175,151,3,203,0,target:Parrot:444
17468,spore_matured,Shroomer,-1,241,0,168,7,
17468,reproduce,Shroomer,-1,241,0,168,7,offspring:1
17468,spore_matured,Shroomer,-1,236,5,162,3,
17468,reproduce,Shroomer,-1,236,5,162,3,offspring:1
17469,kill,Musk Ox,299,49,2,47,9,killed_by:Jaguar:703
17469,reproduce,Musk Ox,529,70,8,16,2,offspring:1
17470,reproduce,Musk Ox,761,175,0,108,6,offspring:1
17474,age_death,Lizard,955,68,1,160,0,
17474,age_death,Lizard,956,82,6,137,4,
17495,spore_created,Shroomer,-1,212,7,194,5,
17495,spore_created,Shroomer,-1,215,2,205,2,
17497,reproduce,Polar Bear,1484,216,1,123,6,offspring:1
17498,hunt_start,Polar Bear,956,217,3,121,3,target:Boar:717
17500,reproduce,Parrot,1312,256,1,102,6,offspring:1
17501,reproduce,Penguin,284,197,9,93,4,offspring:1
17502,starvation,Parrot,416,117,5,199,4,
17505,reproduce,Crocodile,1037,126,8,87,4,offspring:1
17507,hunt_start,Polar Bear,360,28,8,3,9,target:Shroomer:1138
17510,spore_matured,Shroomer,-1,27,0,159,8,
17510,reproduce,Shroomer,-1,27,0,159,8,offspring:1
17510,spore_matured,Shroomer,-1,19,6,157,7,
17510,reproduce,Shroomer,-1,19,6,157,7,offspring:1
17511,starvation,Shroomer,830,229,6,208,8,
17511,reproduce,Penguin,609,32,0,118,1,offspring:1
17515,kill,Shroomer,1138,28,8,5,7,killed_by:Polar Bear:360
17516,hunt_fail,Jaguar,785,28,9,6,5,target_died
17516,hunt_start,Jaguar,785,28,9,6,5,target:Lizard:1734
17516,hunt_fail,Jaguar,1367,30,7,9,5,target_died
17516,hunt_start,Jaguar,1367,30,7,9,5,target:Elk:740
17517,hunt_start,Jaguar,686,149,0,226,3,target:Parrot:730
17520,hunt_start,Jaguar,935,146,0,5,0,target:Rabbit:1677
17527,hunt_start,Shark,174,227,8,191,0,target:Boar:886
17528,hunt_start,Crocodile,416,127,4,87,2,target:Monkey:1540
17528,kill,Rabbit,316,153,6,4,0,killed_by:Jaguar:1656
17529,hunt_start,Jaguar,1656,154,2,4,2,target:Rabbit:1677
17529,reproduce,Parrot,1579,116,4,207,0,offspring:1
17531,spore_created,Shroomer,-1,14,4,148,3,
17531,spore_created,Shroomer,-1,2,2,149,1,
17533,hunt_start,Crocodile,1037,126,3,88,0,target:Musk Ox:236
17536,reproduce,Rabbit,1578,189,7,78,9,offspring:2
17542,reproduce,Monkey,1358,47,1,10,3,offspring:1
17548,reproduce,Monkey,873,43,8,20,3,offspring:1
17550,kill,Elk,1327,99,7,135,6,killed_by:Crocodile:1727
17553,reproduce,Elk,1274,113,8,168,7,offspring:1
17556,hunt_fail,Boar,1376,218,3,138,4,prey_escaped
17561,spore_matured,Shroomer,-1,34,9,163,8,
17561,reproduce,Shroomer,-1,34,9,163,8,offspring:1
17568,age_death,Lizard,857,245,4,52,3,
17572,reproduce,Monkey,477,159,5,269,6,offspring:1
17576,spore_matured,Shroomer,-1,254,1,161,7,
17576,reproduce,Shroomer,-1,254,1,161,7,offspring:1
17583,reproduce,Deer,1171,192,0,25,1,offspring:1
17587,kill,Camel,1198,97,4,127,1,killed_by:Crocodile:1232
17588,hunt_start,Jaguar,1644,122,5,236,7,target:Lizard:1498
17594,hunt_start,Boar,509,106,5,258,7,target:Rabbit:1480
17595,spore_matured,Shroomer,-1,251,6,162,5,
17595,reproduce,Shroomer,-1,251,6,162,5,offspring:1
17596,hunt_start,Boar,940,91,9,273,5,target:Lizard:1315
17598,spore_created,Shroomer,-1,224,0,205,5,
17598,spore_created,Shroomer,-1,222,4,211,3,
17599,hunt_start,Boar,1376,219,1,139,5,target:Frog:321
17607,environment_death,Elk,210,286,7,71,2,drowning
17607,reproduce,Monkey,110,146,4,262,0,offspring:1
17608,kill,Boar,717,220,8,121,0,killed_by:Polar Bear:956
17609,hunt_start,Polar Bear,956,220,6,121,7,target:Boar:1320
17613,reproduce,Lizard,474,145,4,72,3,offspring:2
17613,reproduce,Lizard,784,158,8,68,9,offspring:2
17613,spore_created,Shroomer,-1,228,9,209,9,
17613,spore_created,Shroomer,-1,224,7,211,6,
17614,kill,Elk,740,36,8,8,4,killed_by:Jaguar:1367
17614,reproduce,Boar,573,251,7,256,2,offspring:2
17615,hunt_start,Boar,740,250,1,254,5,target:Monkey:1407
17615,hunt_start,Boar,1754,250,1,254,5,target:Monkey:1407
17615,spore_matured,Shroomer,-1,215,2,205,3,
17615,reproduce,Shroomer,-1,215,2,205,3,offspring:1
17616,reproduce,Monkey,1157,145,2,268,1,offspring:1
17616,reproduce,Monkey,1387,147,2,266,3,offspring:1
17620,starvation,Elk,226,206,4,6,7,
17620,hunt_fail,Jaguar,81,206,3,10,6,target_died
17620,hunt_start,Jaguar,81,206,3,10,6,target:Elk:1381
17628,hunt_start,Polar Bear,352,29,8,0,8,target:Frog:121
17629,reproduce,Deer,776,22,7,110,5,offspring:1
17632,kill,Penguin,980,190,1,29,6,killed_by:Jaguar:1412
17632,reproduce,Parrot,1590,76,0,95,7,offspring:1
17633,hunt_start,Jaguar,1412,189,5,29,6,target:Deer:90
17646,starvation,Deer,51,43,9,97,1,
17648,spore_created,Shroomer,-1,66,7,81,1,
17648,spore_created,Shroomer,-1,69,7,81,4,
17649,hunt_fail,Boar,875,23,1,123,5,prey_escaped
17652,reproduce,Parrot,1682,148,3,77,4,offspring:1
17654,kill,Elk,1381,210,8,10,2,killed_by:Jaguar:81
17655,hunt_start,Jaguar,81,210,2,10,2,target:Elk:617
17663,hunt_start,Boar,875,23,2,123,8,target:Lizard:1738
17663,hunt_start,Jaguar,1562,149,6,206,8,target:Monkey:1426
17663,reproduce,Parrot,1637,230,3,53,0,offspring:1
17663,spore_matured,Shroomer,-1,1,9,148,9,
17663,reproduce,Shroomer,-1,1,9,148,9,offspring:1
17667,kill,Rabbit,1677,150,1,12,4,killed_by:Jaguar:1656
17668,hunt_fail,Jaguar,12,156,3,2,8,target_died
17668,hunt_start,Jaguar,12,156,3,2,8,target:Lizard:1051
17668,hunt_fail,Jaguar,935,149,4,7,1,target_died
17668,hunt_start,Jaguar,935,149,4,7,1,target:Elk:396
17668,hunt_start,Jaguar,1656,150,2,11,5,target:Elk:396
17676,environment_death,Shroomer,954,27,0,160,6,drowning
17677,hunt_start,Shark,881,240,1,246,7,target:Boar:297
17682,spore_created,Shroomer,-1,32,7,102,9,
17682,spore_created,Shroomer,-1,43,7,103,4,
17684,reproduce,Musk Ox,29,212,6,95,3,offspring:1
17696,hunt_start,Shark,214,222,1,194,1,target:Lizard:1390
