tick,event,species,entity_id,x,y,detail
0,hunt_start,Sectid,3,67,1,150,2,target:Fish:152
0,hunt_start,Sectid,4,64,1,151,8,target:Fish:153
0,hunt_start,Sectid,7,67,6,151,6,target:Fish:150
0,hunt_start,Sectid,15,261,4,162,7,target:Rabbit:119
0,hunt_start,Sectid,16,264,4,168,6,target:Rabbit:119
0,hunt_start,Sectid,17,263,3,165,5,target:Rabbit:119
0,hunt_start,Sectid,18,261,1,162,5,target:Rabbit:119
0,hunt_start,Sectid,21,30,8,104,1,target:Parrot:349
0,hunt_start,Sectid,23,33,7,102,9,target:Parrot:349
0,hunt_start,Sectid,27,195,8,226,2,target:Lizard:228
0,hunt_start,Sectid,28,192,1,224,3,target:Lizard:228
0,hunt_start,Sectid,34,118,6,125,5,target:Scorpion:470
0,hunt_start,Sectid,36,119,9,124,7,target:Scorpion:470
0,hunt_start,Wolf,431,203,3,66,0,target:Lizard:247
0,hunt_start,Wolf,432,28,5,244,5,target:Rabbit:101
0,hunt_start,Fox,448,123,5,29,5,target:Parrot:343
0,hunt_start,Boar,460,150,5,183,5,target:Monkey:317
0,hunt_start,Bear,462,44,5,53,5,target:Frog:165
0,hunt_start,Hawk,464,0,5,74,5,target:Rabbit:92
0,hunt_start,Scorpion,470,114,5,128,5,target:Sectid:37
0,hunt_start,Polar Bear,478,228,5,138,5,target:Musk Ox:301
0,hunt_start,Jaguar,485,29,5,191,6,target:Tapir:370
0,hunt_start,Jaguar,487,71,5,255,5,target:Parrot:341
0,reproduce,Deer,38,149,6,143,5,offspring:1
0,reproduce,Deer,61,194,6,121,5,offspring:1
0,reproduce,Deer,64,166,6,21,0,offspring:1
0,reproduce,Deer,65,167,2,22,6,offspring:1
0,reproduce,Deer,70,202,2,276,6,offspring:1
0,reproduce,Deer,76,19,4,266,7,offspring:1
0,reproduce,Rabbit,88,84,1,137,6,offspring:2
0,reproduce,Rabbit,106,224,1,83,4,offspring:2
0,reproduce,Rabbit,107,281,5,273,5,offspring:2
0,reproduce,Rabbit,128,81,4,229,5,offspring:2
0,reproduce,Fish,130,191,5,256,5,offspring:2
0,reproduce,Frog,161,25,6,261,6,offspring:2
0,reproduce,Frog,162,25,4,261,4,offspring:2
0,reproduce,Frog,168,109,6,80,4,offspring:2
0,reproduce,Frog,174,46,5,82,5,offspring:2
0,reproduce,Elk,200,18,2,165,8,offspring:1
0,reproduce,Elk,203,17,0,166,5,offspring:1
0,reproduce,Elk,205,220,1,151,4,offspring:1
0,reproduce,Elk,221,201,4,98,9,offspring:1
0,reproduce,Elk,222,202,4,96,8,offspring:1
0,reproduce,Elk,223,203,8,97,6,offspring:1
0,reproduce,Lizard,229,194,1,220,2,offspring:2
0,reproduce,Lizard,235,165,5,230,5,offspring:2
0,reproduce,Lizard,237,19,5,280,4,offspring:2
0,reproduce,Lizard,239,61,5,220,5,offspring:2
0,reproduce,Lizard,242,163,4,143,8,offspring:2
0,reproduce,Camel,250,84,8,237,7,offspring:1
0,reproduce,Camel,252,84,1,237,2,offspring:1
0,reproduce,Penguin,269,35,7,41,8,offspring:1
0,reproduce,Penguin,273,35,1,41,6,offspring:1
0,reproduce,Penguin,279,265,5,63,8,offspring:1
0,reproduce,Musk Ox,310,112,5,191,5,offspring:1
0,reproduce,Monkey,318,149,3,182,5,offspring:1
0,reproduce,Monkey,320,148,9,181,8,offspring:1
0,reproduce,Monkey,329,52,5,25,5,offspring:1
0,reproduce,Monkey,333,52,5,25,1,offspring:1
0,reproduce,Monkey,337,255,8,9,8,offspring:1
0,reproduce,Parrot,340,66,1,253,0,offspring:1
0,reproduce,Parrot,348,44,5,108,5,offspring:1
0,reproduce,Tapir,365,234,5,88,3,offspring:1
0,reproduce,Boar,457,20,9,190,9,offspring:2
0,reproduce,Boar,461,204,5,187,5,offspring:2
0,reproduce,Hawk,464,0,5,74,5,offspring:1
0,reproduce,Hawk,465,206,5,106,5,offspring:1
0,reproduce,Hawk,467,3,5,160,5,offspring:1
0,reproduce,Hawk,468,112,5,242,5,offspring:1
0,reproduce,Arctic Fox,480,146,5,32,5,offspring:1
0,reproduce,Arctic Fox,481,177,5,64,5,offspring:1
0,reproduce,Jaguar,487,71,5,255,5,offspring:1
1,hunt_start,Hawk,547,0,3,71,9,target:Rabbit:92
1,hunt_start,Jaguar,553,72,1,254,7,target:Parrot:540
2,reproduce,Monkey,336,256,0,12,0,offspring:1
6,hunt_start,Sectid,37,113,8,127,7,target:Scorpion:470
7,hunt_start,Sectid,37,113,7,127,6,target:Scorpion:470
8,hunt_start,Sectid,37,113,6,127,6,target:Scorpion:470
9,hunt_fail,Sectid,23,35,1,103,7,discomfort
9,hunt_start,Sectid,37,113,4,127,5,target:Scorpion:470
10,hunt_start,Sectid,34,117,6,126,3,target:Scorpion:470
11,hunt_start,Sectid,34,117,7,126,2,target:Scorpion:470
12,hunt_start,Sectid,34,117,9,126,2,target:Scorpion:470
13,hunt_fail,Sectid,21,33,1,104,9,discomfort
13,hunt_start,Sectid,34,118,0,126,1,target:Scorpion:470
13,reproduce,Deer,60,193,7,121,0,offspring:1
14,hunt_start,Sectid,34,118,1,126,2,target:Scorpion:470
14,reproduce,Monkey,331,52,4,26,0,offspring:1
15,hunt_start,Sectid,34,118,2,126,1,target:Scorpion:470
15,reproduce,Deer,41,147,7,142,5,offspring:1
15,reproduce,Parrot,345,122,5,23,7,offspring:1
16,hunt_start,Sectid,34,118,3,126,0,target:Scorpion:470
17,hunt_start,Sectid,34,118,4,126,1,target:Scorpion:470
18,hunt_start,Sectid,34,118,6,126,1,target:Scorpion:470
19,hunt_start,Sectid,34,118,6,125,9,target:Scorpion:470
20,hunt_start,Sectid,34,118,6,125,8,target:Scorpion:470
21,hunt_start,Sectid,34,118,6,125,9,target:Scorpion:470
21,reproduce,Camel,254,68,8,160,0,offspring:1
22,hunt_start,Sectid,34,118,7,125,7,target:Scorpion:470
23,hunt_start,Sectid,34,118,8,125,7,target:Scorpion:470
23,reproduce,Fish,141,191,0,13,9,offspring:2
24,hunt_start,Sectid,34,118,8,125,9,target:Scorpion:470
25,hunt_fail,Sectid,31,197,2,224,4,discomfort
25,hunt_start,Sectid,34,118,7,125,8,target:Scorpion:470
25,hunt_start,Wolf,429,180,5,251,5,target:Fish:133
26,hunt_start,Sectid,34,118,6,125,9,target:Scorpion:470
27,hunt_start,Sectid,34,118,5,126,1,target:Scorpion:470
27,reproduce,Elk,198,18,5,167,5,offspring:1
28,kill,Rabbit,119,260,5,168,5,killed_by:Sectid:15
28,hunt_start,Sectid,34,118,6,125,9,target:Scorpion:470
29,hunt_start,Sectid,15,260,6,168,3,target:Rabbit:120
29,hunt_fail,Sectid,16,260,9,168,5,target_died
29,hunt_fail,Sectid,17,260,6,168,8,target_died
29,hunt_fail,Sectid,18,260,8,168,0,target_died
29,hunt_start,Sectid,34,118,7,126,1,target:Scorpion:470
30,hunt_start,Sectid,34,118,5,126,1,target:Scorpion:470
31,hunt_start,Sectid,34,118,4,126,0,target:Scorpion:470
32,hunt_start,Sectid,34,118,3,125,9,target:Scorpion:470
33,hunt_start,Sectid,34,118,2,126,0,target:Scorpion:470
33,reproduce,Deer,57,192,6,120,4,offspring:1
34,hunt_fail,Sectid,25,33,7,101,6,discomfort
34,hunt_start,Sectid,34,118,0,126,0,target:Scorpion:470
35,hunt_start,Sectid,34,117,8,126,0,target:Scorpion:470
36,kill,Fish,150,66,3,158,1,killed_by:Sectid:6
36,hunt_start,Sectid,34,117,7,126,0,target:Scorpion:470
36,reproduce,Fish,131,193,4,259,1,offspring:2
37,hunt_fail,Sectid,3,66,3,156,8,prey_escaped
37,hunt_start,Sectid,3,66,3,156,8,target:Camel:257
37,hunt_fail,Sectid,4,66,4,157,8,prey_escaped
37,hunt_fail,Sectid,5,66,8,158,0,prey_escaped
37,hunt_start,Sectid,6,66,5,158,1,target:Fish:151
37,hunt_fail,Sectid,7,66,5,157,1,prey_escaped
37,hunt_start,Sectid,34,117,5,126,1,target:Scorpion:470
38,hunt_start,Sectid,34,117,4,126,0,target:Scorpion:470
39,hunt_start,Sectid,34,117,3,126,1,target:Scorpion:470
40,hunt_start,Sectid,34,117,2,125,9,target:Scorpion:470
40,reproduce,Deer,71,203,0,276,4,offspring:1
41,hunt_start,Sectid,34,117,1,125,9,target:Scorpion:470
41,reproduce,Musk Ox,311,112,7,194,8,offspring:1
42,hunt_start,Sectid,34,117,0,125,7,target:Scorpion:470
43,hunt_start,Sectid,34,116,8,125,8,target:Scorpion:470
44,hunt_start,Sectid,10,276,8,148,8,target:Lizard:230
44,hunt_start,Sectid,34,116,8,125,6,target:Scorpion:470
45,hunt_start,Sectid,34,116,8,125,8,target:Scorpion:470
46,hunt_start,Sectid,34,116,9,125,8,target:Scorpion:470
47,hunt_fail,Sectid,28,195,4,215,9,discomfort
47,hunt_start,Sectid,34,116,8,125,8,target:Scorpion:470
47,reproduce,Deer,50,82,0,97,9,offspring:1
48,hunt_fail,Sectid,27,195,5,217,1,discomfort
48,hunt_start,Sectid,34,116,6,125,9,target:Scorpion:470
49,hunt_start,Sectid,34,116,5,126,0,target:Scorpion:470
50,hunt_fail,Sectid,24,34,2,104,2,discomfort
50,hunt_start,Sectid,34,116,6,125,9,target:Scorpion:470
51,hunt_start,Sectid,34,116,8,125,8,target:Scorpion:470
52,hunt_start,Sectid,34,116,7,125,9,target:Scorpion:470
52,kill,Tapir,370,27,6,188,2,killed_by:Jaguar:485
52,reproduce,Jaguar,485,27,8,188,9,offspring:1
53,hunt_start,Sectid,34,116,5,125,8,target:Scorpion:470
53,hunt_start,Jaguar,370,29,8,185,6,target:Tapir:367
53,hunt_start,Jaguar,485,27,7,188,8,target:Tapir:367
53,reproduce,Deer,46,82,3,99,9,offspring:1
54,hunt_start,Sectid,34,116,5,126,0,target:Scorpion:470
55,hunt_start,Sectid,34,116,3,126,1,target:Scorpion:470
55,reproduce,Lizard,240,60,0,219,0,offspring:2
55,reproduce,Parrot,350,44,9,108,0,offspring:1
56,kill,Fish,151,65,6,157,6,killed_by:Sectid:6
56,hunt_start,Sectid,34,116,2,126,0,target:Scorpion:470
56,kill,Scorpion,470,113,8,126,7,killed_by:Sectid:37
56,hunt_fail,Wolf,429,182,4,252,6,discomfort
57,hunt_fail,Sectid,3,65,6,157,4,target_died
57,hunt_start,Sectid,3,65,6,157,4,target:Fish:152
57,hunt_fail,Sectid,4,66,0,157,1,target_died
57,hunt_fail,Sectid,5,65,8,157,3,target_died
57,hunt_start,Sectid,6,65,6,157,1,target:Fish:152
57,reproduce,Deer,74,18,8,266,2,offspring:1
66,kill,Fish,152,65,5,157,8,killed_by:Sectid:3
67,hunt_fail,Sectid,4,66,0,157,2,target_died
67,hunt_fail,Sectid,5,65,7,157,6,target_died
67,hunt_fail,Sectid,6,65,7,157,1,target_died
67,hunt_fail,Sectid,7,66,7,156,9,target_died
67,hunt_start,Sectid,7,66,7,156,9,target:Camel:257
69,hunt_start,Boar,455,21,3,190,7,target:Tapir:368
70,hunt_start,Sectid,4,66,0,157,3,target:Camel:257
70,hunt_start,Arctic Fox,551,147,5,35,0,target:Penguin:287
72,reproduce,Parrot,352,42,5,111,2,offspring:1
77,kill,Rabbit,120,260,6,169,4,killed_by:Sectid:15
78,hunt_start,Sectid,15,260,7,169,1,target:Lizard:234
78,hunt_fail,Sectid,16,260,5,169,6,target_died
78,hunt_fail,Sectid,17,261,0,169,5,target_died
78,hunt_fail,Sectid,18,261,0,169,1,target_died
78,reproduce,Elk,192,256,0,265,8,offspring:1
80,reproduce,Boar,460,147,6,180,1,offspring:2
81,hunt_start,Boar,120,144,6,177,7,target:Monkey:318
81,hunt_start,Boar,152,144,6,177,7,target:Monkey:318
83,kill,Tapir,367,27,3,186,3,killed_by:Jaguar:370
84,hunt_fail,Jaguar,485,27,9,187,4,target_died
84,hunt_start,Jaguar,485,27,9,187,4,target:Tapir:368
87,kill,Camel,257,69,7,157,4,killed_by:Sectid:7
87,reproduce,Camel,259,89,3,116,3,offspring:1
87,reproduce,Camel,262,88,0,116,6,offspring:1
88,hunt_fail,Sectid,4,69,0,157,3,prey_escaped
88,hunt_start,Sectid,4,69,0,157,3,target:Camel:253
88,hunt_fail,Sectid,5,68,8,157,4,prey_escaped
89,hunt_fail,Sectid,30,195,1,213,2,discomfort
92,reproduce,Deer,75,18,7,267,6,offspring:1
95,hunt_start,Sectid,6,67,0,157,0,target:Lizard:243
98,hunt_start,Sectid,3,66,3,157,4,target:Camel:256
98,hunt_fail,Polar Bear,478,234,4,136,6,discomfort
99,reproduce,Rabbit,125,44,9,17,5,offspring:2
115,reproduce,Tapir,356,119,4,17,8,offspring:1
119,reproduce,Elk,224,201,6,96,0,offspring:1
122,hunt_start,Wolf,437,259,6,126,5,target:Lizard:231
130,kill,Rabbit,92,14,3,65,3,killed_by:Hawk:547
131,hunt_fail,Hawk,464,13,8,65,6,target_died
131,hunt_start,Hawk,464,13,8,65,6,target:Rabbit:90
131,hunt_start,Hawk,547,14,2,65,6,target:Rabbit:90
131,reproduce,Elk,215,30,0,128,0,offspring:1
134,environment_death,Fish,133,188,9,257,2,suffocation
135,reproduce,Fish,153,63,2,159,3,offspring:2
146,reproduce,Tapir,353,68,9,113,2,offspring:1
151,hunt_fail,Boar,460,145,5,176,9,discomfort
151,reproduce,Fish,145,108,0,32,2,offspring:2
157,reproduce,Deer,59,192,0,121,3,offspring:1
159,reproduce,Parrot,343,120,1,8,5,offspring:1
160,reproduce,Fish,143,108,9,31,4,offspring:2
173,reproduce,Frog,171,242,8,203,0,offspring:2
174,environment_death,Fish,137,190,0,14,4,suffocation
176,kill,Rabbit,90,14,0,64,6,killed_by:Hawk:464
177,hunt_start,Hawk,464,14,3,64,3,target:Rabbit:93
177,hunt_fail,Hawk,547,14,3,64,7,target_died
177,hunt_start,Hawk,547,14,3,64,7,target:Rabbit:93
178,kill,Camel,256,57,6,146,9,killed_by:Sectid:5
179,hunt_fail,Sectid,3,57,8,147,6,target_died
179,hunt_fail,Sectid,4,58,1,147,6,target_died
188,reproduce,Boar,455,24,3,188,7,offspring:2
191,reproduce,Fish,146,110,0,28,9,offspring:2
193,kill,Lizard,234,261,8,185,5,killed_by:Sectid:15
194,hunt_start,Sectid,15,261,9,184,9,target:Lizard:233
194,hunt_fail,Sectid,16,262,0,183,5,target_died
194,hunt_fail,Sectid,17,261,9,184,6,target_died
194,hunt_fail,Sectid,18,261,9,185,2,target_died
195,reproduce,Deer,44,146,6,145,0,offspring:1
197,reproduce,Deer,82,88,1,268,4,offspring:1
202,hunt_start,Sectid,3,59,8,149,1,target:Camel:253
207,hunt_fail,Fox,448,120,6,11,6,discomfort
207,reproduce,Penguin,286,135,8,40,9,offspring:1
207,reproduce,Penguin,287,134,7,46,4,offspring:1
208,hunt_fail,Bear,462,38,8,62,4,discomfort
215,hunt_fail,Wolf,437,261,1,134,1,discomfort
221,reproduce,Musk Ox,305,139,5,34,8,offspring:1
224,reproduce,Tapir,363,100,7,279,3,offspring:1
225,environment_death,Fish,131,192,4,260,9,suffocation
226,environment_death,Fish,141,191,0,16,7,suffocation
227,hunt_start,Wolf,436,28,0,163,5,target:Tapir:368
230,kill,Rabbit,93,13,7,61,1,killed_by:Hawk:547
231,hunt_fail,Hawk,464,13,6,61,3,target_died
231,hunt_start,Hawk,464,13,6,61,3,target:Rabbit:94
231,hunt_start,Hawk,547,13,2,61,2,target:Rabbit:94
237,reproduce,Lizard,241,169,3,144,0,offspring:2
240,hunt_fail,Sectid,6,55,9,176,9,discomfort
240,hunt_start,Arctic Fox,482,246,6,189,3,target:Lizard:232
240,reproduce,Monkey,332,58,3,23,8,offspring:1
242,environment_death,Lizard,230,252,5,141,1,drowning
242,hunt_fail,Sectid,9,258,0,140,9,target_died
242,hunt_start,Sectid,9,258,0,140,9,target:Lizard:231
242,hunt_fail,Sectid,10,257,6,140,9,target_died
242,hunt_fail,Sectid,11,258,2,140,4,target_died
242,hunt_fail,Sectid,12,257,8,141,1,target_died
242,hunt_fail,Sectid,13,258,1,140,7,target_died
247,reproduce,Camel,251,80,7,237,3,offspring:1
247,reproduce,Tapir,364,101,6,277,8,offspring:1
250,reproduce,Elk,219,30,5,128,0,offspring:1
251,reproduce,Deer,67,164,6,24,2,offspring:1
258,reproduce,Tapir,372,152,5,96,3,offspring:1
259,reproduce,Fish,138,192,1,18,0,offspring:2
260,kill,Rabbit,101,30,6,249,5,killed_by:Wolf:433
261,hunt_fail,Wolf,432,30,1,248,9,target_died
261,hunt_start,Wolf,432,30,1,248,9,target:Rabbit:102
268,reproduce,Elk,214,28,4,125,1,offspring:1
271,environment_death,Camel,266,34,1,158,7,drowning
275,hunt_start,Hawk,548,199,5,93,3,target:Lizard:248
282,hunt_start,Snake,476,25,0,63,3,target:Rabbit:94
283,kill,Rabbit,94,18,6,62,8,killed_by:Hawk:464
284,hunt_start,Hawk,464,18,3,63,1,target:Rabbit:91
284,hunt_fail,Snake,476,24,9,63,3,target_died
284,hunt_fail,Hawk,547,18,4,62,6,target_died
284,hunt_start,Hawk,547,18,4,62,6,target:Rabbit:91
286,hunt_fail,Wolf,431,205,6,78,6,discomfort
290,hunt_start,Sectid,9,264,2,139,6,target:Wolf:437
292,hunt_start,Sectid,9,264,2,139,5,target:Wolf:437
292,hunt_start,Sectid,36,119,1,146,4,target:Shroomer:386
293,hunt_start,Sectid,9,264,1,139,5,target:Wolf:437
294,hunt_start,Sectid,9,264,2,139,6,target:Wolf:437
294,reproduce,Frog,163,138,1,14,4,offspring:2
295,hunt_start,Sectid,9,264,3,139,7,target:Wolf:437
296,hunt_start,Sectid,9,264,2,139,8,target:Wolf:437
296,hunt_fail,Wolf,435,27,2,169,2,discomfort
297,environment_death,Monkey,317,142,3,171,2,drowning
297,hunt_start,Sectid,9,264,2,140,0,target:Wolf:437
297,hunt_fail,Wolf,430,205,3,78,3,discomfort
297,reproduce,Monkey,319,129,1,177,5,offspring:1
298,hunt_start,Sectid,9,264,2,140,0,target:Wolf:437
299,hunt_start,Sectid,9,264,2,140,0,target:Wolf:437
299,hunt_start,Sectid,266,65,0,157,0,target:Camel:253
300,environment_death,Elk,203,14,7,168,7,drowning
300,hunt_start,Sectid,9,264,2,140,0,target:Wolf:437
301,hunt_start,Sectid,9,264,2,140,0,target:Wolf:437
302,hunt_start,Sectid,9,264,2,140,0,target:Wolf:437
303,hunt_start,Sectid,9,264,2,140,0,target:Wolf:437
304,hunt_start,Sectid,9,264,2,140,0,target:Wolf:437
305,hunt_start,Sectid,9,264,2,140,0,target:Wolf:437
305,reproduce,Lizard,236,160,0,232,7,offspring:2
306,hunt_start,Sectid,9,264,2,140,0,target:Wolf:437
306,hunt_start,Snake,475,161,5,225,5,target:Lizard:203
307,hunt_start,Sectid,9,264,2,140,0,target:Wolf:437
308,hunt_start,Sectid,9,264,2,140,0,target:Wolf:437
308,reproduce,Scorpion,471,283,5,85,8,offspring:1
309,hunt_start,Sectid,9,264,2,140,0,target:Wolf:437
310,hunt_start,Sectid,9,264,2,140,0,target:Wolf:437
310,hunt_start,Jaguar,370,31,7,184,6,target:Tapir:371
311,hunt_start,Sectid,9,264,2,140,0,target:Wolf:437
312,hunt_start,Sectid,6,52,0,178,0,target:Lizard:244
312,hunt_start,Sectid,9,264,2,140,0,target:Wolf:437
313,hunt_start,Sectid,9,264,2,140,0,target:Wolf:437
314,hunt_start,Sectid,9,264,2,140,0,target:Wolf:437
314,reproduce,Elk,216,34,6,127,2,offspring:1
315,hunt_start,Sectid,9,264,2,140,0,target:Wolf:437
316,hunt_start,Sectid,9,264,2,140,0,target:Wolf:437
317,hunt_start,Sectid,9,264,2,140,0,target:Wolf:437
318,hunt_start,Sectid,9,264,2,140,0,target:Wolf:437
318,hunt_fail,Wolf,436,27,5,169,5,discomfort
320,hunt_start,Sectid,9,264,2,140,0,target:Wolf:437
321,hunt_start,Sectid,9,264,2,140,0,target:Wolf:437
322,hunt_start,Sectid,9,264,2,140,0,target:Wolf:437
324,hunt_start,Sectid,9,264,2,140,0,target:Wolf:437
325,hunt_start,Sectid,9,264,2,140,0,target:Wolf:437
326,hunt_fail,Sectid,3,75,4,159,3,discomfort
326,hunt_start,Sectid,9,264,2,140,0,target:Wolf:437
328,hunt_start,Sectid,9,264,2,140,0,target:Wolf:437
332,hunt_start,Sectid,9,264,2,140,0,target:Wolf:437
333,hunt_start,Sectid,9,264,2,140,0,target:Wolf:437
333,kill,Rabbit,91,15,9,63,3,killed_by:Hawk:547
334,hunt_start,Sectid,9,264,2,140,0,target:Wolf:437
334,hunt_fail,Hawk,464,15,7,63,1,target_died
336,hunt_start,Sectid,9,264,2,140,0,target:Wolf:437
336,reproduce,Monkey,321,190,3,211,5,offspring:1
336,reproduce,Monkey,323,188,6,215,9,offspring:1
336,reproduce,Monkey,326,190,6,209,8,offspring:1
337,hunt_start,Sectid,9,264,2,140,0,target:Wolf:437
337,hunt_start,Sectid,10,265,7,139,2,target:Lizard:231
337,hunt_start,Hawk,467,25,7,175,9,target:Lizard:244
338,hunt_start,Sectid,10,265,8,139,4,target:Lizard:231
343,hunt_start,Sectid,9,264,2,140,0,target:Wolf:437
343,hunt_start,Sectid,10,266,4,139,3,target:Lizard:231
345,reproduce,Parrot,349,48,0,110,0,offspring:1
346,hunt_fail,Sectid,36,119,2,157,4,discomfort
348,hunt_start,Sectid,9,264,2,140,0,target:Wolf:437
349,hunt_start,Sectid,9,264,2,140,0,target:Wolf:437
350,environment_death,Elk,202,12,3,169,1,drowning
351,environment_death,Rabbit,100,32,6,255,5,drowning
351,hunt_start,Sectid,9,264,2,140,0,target:Wolf:437
351,hunt_start,Sectid,10,267,0,139,4,target:Lizard:231
351,reproduce,Rabbit,127,84,9,227,1,offspring:2
356,hunt_start,Sectid,9,264,2,140,0,target:Wolf:437
358,environment_death,Lizard,247,203,3,82,7,drowning
358,hunt_start,Sectid,9,264,2,140,0,target:Wolf:437
361,hunt_start,Sectid,10,267,4,139,4,target:Lizard:231
361,reproduce,Rabbit,84,81,3,142,3,offspring:2
363,hunt_start,Sectid,9,264,2,140,0,target:Wolf:437
365,hunt_start,Sectid,9,264,2,140,0,target:Wolf:437
365,hunt_start,Sectid,10,267,4,139,2,target:Lizard:231
366,hunt_start,Sectid,9,264,2,140,0,target:Wolf:437
366,hunt_start,Sectid,10,267,4,139,3,target:Lizard:231
366,kill,Camel,253,77,0,160,5,killed_by:Sectid:266
367,hunt_start,Sectid,9,264,2,140,0,target:Wolf:437
367,hunt_start,Sectid,10,267,4,139,3,target:Lizard:231
367,hunt_start,Sectid,266,76,4,160,1,target:Shroomer:578
367,hunt_start,Wolf,437,268,4,134,1,target:Lizard:231
367,hunt_start,Sectid,606,263,3,169,6,target:Lizard:233
368,environment_death,Shark,452,265,4,287,5,suffocation
371,environment_death,Elk,193,256,5,270,0,drowning
373,reproduce,Frog,170,247,5,204,8,offspring:2
374,hunt_start,Jaguar,486,114,6,279,5,target:Tapir:363
376,hunt_fail,Sectid,266,75,6,159,7,discomfort
379,hunt_start,Sectid,10,268,1,139,5,target:Lizard:231
380,hunt_start,Sectid,10,268,0,139,7,target:Lizard:231
380,hunt_fail,Sectid,36,119,7,157,9,discomfort
381,hunt_start,Sectid,10,267,9,139,7,target:Lizard:231
382,hunt_start,Sectid,10,267,9,139,7,target:Lizard:231
383,hunt_start,Sectid,9,266,5,139,1,target:Wolf:437
383,hunt_start,Sectid,10,267,9,139,7,target:Lizard:231
384,hunt_start,Sectid,10,267,9,139,7,target:Lizard:231
386,hunt_start,Sectid,9,266,3,139,3,target:Wolf:437
387,hunt_start,Sectid,9,266,2,139,4,target:Wolf:437
387,reproduce,Lizard,238,34,8,281,4,offspring:2
388,hunt_start,Sectid,9,266,2,139,4,target:Wolf:437
389,hunt_start,Sectid,9,266,2,139,4,target:Wolf:437
389,hunt_start,Sectid,10,268,1,139,8,target:Lizard:231
390,hunt_start,Sectid,10,268,0,139,9,target:Lizard:231
390,reproduce,Musk Ox,309,136,0,36,3,offspring:1
391,environment_death,Fish,130,191,3,259,3,suffocation
391,hunt_start,Sectid,9,266,2,139,4,target:Wolf:437
391,hunt_start,Sectid,10,268,0,139,9,target:Lizard:231
394,hunt_start,Sectid,9,266,2,139,4,target:Wolf:437
395,hunt_start,Sectid,10,268,3,140,0,target:Lizard:231
400,hunt_start,Sectid,9,266,6,139,1,target:Wolf:437
400,reproduce,Tapir,366,232,0,86,6,offspring:1
401,hunt_start,Sectid,9,266,6,139,1,target:Wolf:437
401,hunt_start,Sectid,10,268,8,140,2,target:Lizard:231
401,hunt_fail,Sectid,36,119,9,157,8,discomfort
402,hunt_start,Sectid,10,268,8,140,3,target:Lizard:231
403,hunt_start,Sectid,10,268,8,140,3,target:Lizard:231
409,hunt_start,Sectid,6,35,1,189,8,target:Lizard:244
409,hunt_start,Hawk,466,163,6,57,4,target:Monkey:314
410,hunt_start,Sectid,6,35,3,189,8,target:Lizard:244
411,hunt_start,Sectid,6,35,4,189,9,target:Lizard:244
412,hunt_start,Sectid,6,35,6,190,0,target:Lizard:244
413,hunt_start,Sectid,6,35,7,190,2,target:Lizard:244
414,hunt_start,Sectid,6,35,9,190,2,target:Lizard:244
415,hunt_start,Sectid,6,36,1,190,3,target:Lizard:244
416,hunt_start,Sectid,6,35,9,190,5,target:Lizard:244
417,hunt_start,Sectid,6,36,1,190,6,target:Lizard:244
418,environment_death,Elk,199,15,7,170,6,drowning
418,hunt_start,Sectid,6,35,9,190,5,target:Hawk:467
419,hunt_start,Sectid,6,35,7,190,6,target:Hawk:467
419,reproduce,Deer,58,192,0,113,2,offspring:1
420,hunt_start,Sectid,6,35,6,190,4,target:Hawk:467
421,hunt_start,Sectid,6,35,7,190,2,target:Hawk:467
421,hunt_fail,Arctic Fox,482,268,2,185,9,discomfort
422,hunt_start,Sectid,6,35,9,190,2,target:Hawk:467
423,hunt_start,Sectid,6,36,0,190,0,target:Hawk:467
424,hunt_start,Sectid,6,35,8,189,9,target:Hawk:467
425,hunt_start,Sectid,6,35,6,189,7,target:Hawk:467
425,hunt_start,Sectid,10,269,8,140,4,target:Lizard:231
426,hunt_start,Sectid,6,35,3,189,6,target:Hawk:467
426,hunt_start,Sectid,10,269,6,140,4,target:Lizard:231
427,hunt_start,Sectid,6,35,1,189,5,target:Hawk:467
427,hunt_start,Sectid,10,269,6,140,4,target:Lizard:231
428,hunt_start,Sectid,6,35,2,189,3,target:Hawk:467
429,hunt_start,Sectid,6,35,0,189,4,target:Hawk:467
430,hunt_start,Sectid,6,35,2,189,5,target:Hawk:467
430,kill,Shroomer,386,120,5,157,7,killed_by:Sectid:34
431,hunt_start,Sectid,6,35,4,189,5,target:Hawk:467
431,hunt_start,Sectid,10,270,1,140,4,target:Lizard:231
431,hunt_start,Sectid,34,120,3,157,3,target:Shroomer:384
432,hunt_start,Sectid,6,35,5,189,3,target:Hawk:467
432,hunt_start,Sectid,10,270,2,140,6,target:Lizard:231
433,hunt_start,Sectid,6,35,2,189,2,target:Hawk:467
433,hunt_start,Sectid,10,270,0,140,6,target:Lizard:231
434,hunt_start,Sectid,6,35,5,189,1,target:Hawk:467
434,hunt_start,Sectid,10,270,0,140,6,target:Lizard:231
435,hunt_start,Sectid,6,35,3,188,9,target:Hawk:467
436,hunt_start,Sectid,6,35,1,188,8,target:Hawk:467
437,hunt_start,Sectid,6,35,0,188,6,target:Hawk:467
438,hunt_start,Sectid,6,35,3,188,6,target:Hawk:467
438,hunt_fail,Sectid,34,120,2,156,9,discomfort
439,hunt_start,Sectid,6,35,4,188,4,target:Hawk:467
440,hunt_start,Sectid,6,35,6,188,5,target:Hawk:467
441,hunt_start,Sectid,6,35,6,188,2,target:Hawk:467
442,hunt_start,Sectid,6,35,6,188,5,target:Hawk:467
443,hunt_start,Sectid,6,35,6,188,7,target:Hawk:467
444,hunt_start,Sectid,6,35,6,188,5,target:Hawk:467
445,hunt_start,Sectid,6,35,8,188,3,target:Hawk:467
445,reproduce,Elk,211,26,9,125,5,offspring:1
446,hunt_start,Sectid,6,35,6,188,4,target:Hawk:467
446,reproduce,Deer,78,4,8,183,2,offspring:1
446,reproduce,Fish,147,111,4,30,7,offspring:2
447,hunt_start,Sectid,6,35,8,188,3,target:Hawk:467
448,hunt_start,Sectid,6,35,7,188,5,target:Hawk:467
449,hunt_start,Sectid,6,35,5,188,4,target:Hawk:467
450,hunt_start,Sectid,6,35,5,188,2,target:Hawk:467
451,hunt_start,Sectid,6,35,4,188,4,target:Hawk:467
452,hunt_start,Sectid,6,35,3,188,6,target:Hawk:467
453,hunt_start,Sectid,6,35,1,188,6,target:Hawk:467
454,hunt_start,Sectid,6,35,3,188,5,target:Hawk:467
454,reproduce,Parrot,348,45,1,119,1,offspring:1
455,hunt_start,Sectid,6,35,2,188,2,target:Hawk:467
455,hunt_start,Sectid,10,271,9,141,1,target:Lizard:231
456,hunt_start,Sectid,6,35,3,188,0,target:Hawk:467
456,hunt_start,Sectid,10,271,8,141,2,target:Lizard:231
457,hunt_start,Sectid,6,35,5,187,9,target:Hawk:467
457,hunt_start,Sectid,10,271,8,141,2,target:Lizard:231
458,hunt_start,Sectid,6,35,7,188,0,target:Hawk:467
458,hunt_start,Sectid,10,271,8,141,2,target:Lizard:231
459,hunt_start,Sectid,6,35,7,187,7,target:Hawk:467
460,hunt_start,Sectid,6,35,5,187,6,target:Hawk:467
461,hunt_start,Sectid,6,35,3,187,5,target:Hawk:467
462,hunt_start,Sectid,6,35,1,187,5,target:Hawk:467
462,hunt_start,Sectid,9,270,9,139,4,target:Wolf:437
463,hunt_start,Sectid,6,34,8,187,6,target:Hawk:467
463,reproduce,Parrot,342,118,0,10,2,offspring:1
464,hunt_start,Sectid,6,34,8,187,3,target:Hawk:467
465,hunt_start,Sectid,6,34,6,187,3,target:Hawk:467
466,hunt_start,Sectid,6,34,5,187,1,target:Hawk:467
466,hunt_start,Fox,443,242,8,270,0,target:Frog:173
467,hunt_start,Sectid,6,34,6,187,3,target:Hawk:467
467,hunt_start,Sectid,10,272,4,140,9,target:Lizard:231
468,hunt_start,Sectid,6,34,7,187,1,target:Hawk:467
469,hunt_start,Sectid,6,34,8,186,8,target:Hawk:467
470,hunt_start,Sectid,6,35,0,186,9,target:Hawk:467
471,hunt_start,Sectid,6,35,3,187,0,target:Hawk:467
472,hunt_start,Sectid,6,35,5,187,0,target:Hawk:467
473,hunt_start,Sectid,6,35,7,187,0,target:Hawk:467
474,hunt_start,Sectid,6,35,7,187,2,target:Hawk:467
475,hunt_start,Sectid,6,35,9,187,0,target:Hawk:467
476,hunt_start,Sectid,6,35,7,186,9,target:Hawk:467
477,hunt_start,Sectid,6,35,7,187,2,target:Hawk:467
477,hunt_start,Sectid,10,273,3,141,5,target:Lizard:231
478,environment_death,Camel,259,91,6,119,7,drowning
478,hunt_start,Sectid,6,35,7,187,4,target:Hawk:467
478,hunt_start,Sectid,10,273,3,141,5,target:Lizard:231
479,hunt_start,Sectid,6,36,0,187,5,target:Hawk:467
480,hunt_start,Sectid,6,36,2,187,6,target:Hawk:467
481,hunt_start,Sectid,6,36,1,187,4,target:Hawk:467
481,hunt_start,Sectid,10,273,7,141,6,target:Lizard:231
482,hunt_start,Sectid,6,36,2,187,3,target:Hawk:467
482,hunt_start,Sectid,10,273,6,141,7,target:Lizard:231
483,hunt_start,Sectid,6,36,1,187,1,target:Hawk:467
483,hunt_start,Sectid,10,273,6,141,7,target:Lizard:231
484,hunt_start,Sectid,6,36,1,187,4,target:Hawk:467
484,reproduce,Tapir,354,62,1,116,4,offspring:1
485,hunt_start,Sectid,6,36,1,187,1,target:Hawk:467
485,reproduce,Parrot,340,66,4,251,3,offspring:1
486,hunt_start,Sectid,6,36,3,186,9,target:Hawk:467
487,hunt_start,Sectid,6,36,5,186,9,target:Hawk:467
489,hunt_start,Sectid,620,67,1,156,3,target:Camel:255
490,hunt_start,Sectid,9,273,7,140,0,target:Wolf:437
492,hunt_start,Sectid,9,273,5,139,9,target:Wolf:437
493,hunt_start,Sectid,9,273,5,139,9,target:Wolf:437
493,hunt_start,Sectid,13,273,8,140,1,target:Lizard:231
494,hunt_start,Sectid,13,273,7,140,0,target:Lizard:231
495,hunt_start,Sectid,13,273,7,140,1,target:Lizard:231
495,reproduce,Monkey,329,56,1,23,7,offspring:1
496,hunt_start,Sectid,13,273,7,140,1,target:Lizard:231
497,hunt_start,Sectid,13,273,7,140,2,target:Lizard:231
500,reproduce,Monkey,324,192,0,207,9,offspring:1
504,hunt_start,Sectid,9,274,7,139,9,target:Wolf:437
507,environment_death,Shark,454,119,1,114,5,suffocation
507,reproduce,Rabbit,117,21,1,199,9,offspring:2
509,hunt_start,Sectid,10,275,8,141,3,target:Lizard:231
510,hunt_start,Sectid,9,275,1,139,7,target:Wolf:437
510,hunt_start,Sectid,10,275,7,141,4,target:Lizard:231
511,hunt_start,Sectid,10,275,7,141,4,target:Lizard:231
514,hunt_start,Hawk,465,200,0,132,0,target:Lizard:241
515,environment_death,Fish,142,119,6,30,6,suffocation
515,hunt_start,Sectid,9,275,6,140,0,target:Wolf:437
515,hunt_start,Sectid,10,276,2,141,5,target:Lizard:231
520,hunt_start,Sectid,34,119,3,150,2,target:Shroomer:384
527,hunt_start,Sectid,10,277,4,142,0,target:Lizard:231
528,hunt_start,Sectid,10,277,3,141,9,target:Lizard:231
529,environment_death,Fish,138,196,1,17,9,suffocation
529,hunt_start,Sectid,10,277,3,141,9,target:Lizard:231
530,hunt_fail,Sectid,606,245,7,196,3,discomfort
533,environment_death,Elk,196,256,5,269,6,drowning
533,hunt_start,Sectid,10,277,8,142,1,target:Lizard:231
534,reproduce,Deer,38,133,9,133,9,offspring:1
538,hunt_start,Sectid,9,277,6,140,6,target:Wolf:437
538,hunt_fail,Sectid,16,245,1,197,5,discomfort
538,hunt_fail,Sectid,17,245,8,196,2,discomfort
539,hunt_start,Sectid,9,277,6,140,6,target:Wolf:437
539,hunt_fail,Sectid,15,246,1,195,9,discomfort
541,environment_death,Lizard,248,226,0,69,1,drowning
541,hunt_fail,Hawk,548,226,5,75,1,target_died
541,hunt_start,Hawk,548,226,5,75,1,target:Rabbit:105
547,hunt_start,Sectid,9,278,7,140,8,target:Wolf:437
548,reproduce,Deer,76,30,3,265,1,offspring:1
552,environment_death,Elk,192,257,7,267,8,drowning
552,hunt_start,Sectid,9,278,4,140,8,target:Wolf:437
555,hunt_fail,Sectid,18,245,2,196,9,discomfort
556,reproduce,Deer,62,195,5,116,0,offspring:1
557,kill,Rabbit,102,42,4,253,3,killed_by:Wolf:433
558,hunt_fail,Wolf,432,42,8,252,7,target_died
558,hunt_start,Wolf,432,42,8,252,7,target:Rabbit:103
559,hunt_start,Hawk,468,113,5,234,6,target:Rabbit:501
563,hunt_start,Sectid,9,279,5,140,7,target:Wolf:437
568,hunt_fail,Sectid,620,71,6,166,9,discomfort
578,hunt_start,Wolf,435,38,4,171,0,target:Tapir:368
584,reproduce,Deer,60,194,0,120,4,offspring:1
585,reproduce,Monkey,337,259,1,14,4,offspring:1
588,reproduce,Camel,260,85,9,114,5,offspring:1
590,hunt_fail,Wolf,437,286,0,144,8,discomfort
597,kill,Tapir,363,105,1,278,3,killed_by:Jaguar:486
599,reproduce,Monkey,336,259,3,13,4,offspring:1
600,reproduce,Fish,503,196,5,260,1,offspring:2
600,reproduce,Fish,504,195,5,258,1,offspring:2
608,reproduce,Deer,75,26,5,267,2,offspring:1
610,environment_death,Musk Ox,300,241,4,141,2,drowning
610,hunt_start,Sectid,606,248,5,197,1,target:Frog:170
614,environment_death,Fish,153,64,0,160,1,suffocation
618,reproduce,Parrot,350,51,1,107,8,offspring:1
620,environment_death,Fish,148,116,6,33,1,suffocation
621,hunt_start,Sectid,9,282,2,141,7,target:Wolf:437
621,reproduce,Deer,65,163,0,31,6,offspring:1
621,reproduce,Monkey,333,57,5,23,0,offspring:1
623,kill,Rabbit,105,228,6,75,7,killed_by:Hawk:548
623,reproduce,Rabbit,99,283,4,51,3,offspring:2
624,hunt_start,Sectid,9,282,4,141,9,target:Wolf:437
624,kill,Frog,173,240,9,261,2,killed_by:Fox:443
624,hunt_start,Hawk,548,228,5,76,1,target:Rabbit:498
624,reproduce,Fish,140,201,9,12,0,offspring:2
626,hunt_start,Scorpion,469,80,8,22,1,target:Shroomer:192
629,hunt_start,Sectid,9,282,2,142,0,target:Wolf:437
630,reproduce,Elk,225,199,8,96,0,offspring:1
630,reproduce,Camel,258,81,2,116,9,offspring:1
634,hunt_start,Sectid,9,282,3,142,2,target:Wolf:437
634,hunt_start,Sectid,15,248,9,196,1,target:Frog:170
636,reproduce,Fish,150,195,0,257,3,offspring:2
636,reproduce,Fish,564,196,0,259,3,offspring:2
639,hunt_start,Sectid,9,282,5,142,2,target:Wolf:437
641,reproduce,Fish,149,116,0,28,9,offspring:2
647,environment_death,Fish,154,68,1,156,8,suffocation
647,hunt_start,Sectid,9,282,8,142,4,target:Wolf:437
652,hunt_start,Sectid,9,282,9,142,4,target:Wolf:437
654,hunt_start,Sectid,9,282,9,142,6,target:Wolf:437
655,reproduce,Parrot,345,119,5,10,3,offspring:1
656,hunt_start,Sectid,9,282,9,142,8,target:Wolf:437
658,hunt_start,Hawk,549,19,2,180,3,target:Rabbit:117
663,environment_death,Rabbit,104,43,9,264,0,drowning
663,hunt_start,Fox,443,241,1,261,1,target:Frog:172
664,hunt_start,Sectid,9,283,1,143,0,target:Wolf:437
664,hunt_start,Boar,456,30,8,175,5,target:Elk:514
666,hunt_start,Sectid,9,283,1,142,9,target:Wolf:437
668,kill,Frog,170,251,2,202,7,killed_by:Sectid:15
668,kill,Frog,170,251,2,202,7,killed_by:Sectid:17
669,environment_death,Lizard,231,288,0,152,3,drowning
669,hunt_start,Sectid,15,251,3,202,9,target:Frog:171
669,hunt_fail,Sectid,606,251,6,202,7,target_died
669,hunt_start,Sectid,606,251,6,202,7,target:Frog:171
672,hunt_start,Sectid,9,283,3,143,2,target:Wolf:437
672,reproduce,Fish,135,197,6,254,5,offspring:2
674,hunt_start,Sectid,9,283,3,143,0,target:Wolf:437
676,hunt_start,Snake,473,218,6,91,3,target:Rabbit:497
680,hunt_start,Sectid,9,283,7,143,4,target:Wolf:437
686,hunt_start,Sectid,9,283,8,143,3,target:Wolf:437
687,reproduce,Fish,143,114,0,32,1,offspring:2
689,hunt_start,Sectid,646,67,1,157,0,target:Camel:254
691,hunt_start,Sectid,9,284,1,143,4,target:Wolf:437
694,hunt_start,Sectid,9,284,1,143,4,target:Wolf:437
698,hunt_start,Sectid,9,284,3,143,8,target:Wolf:437
701,hunt_start,Sectid,9,284,1,143,7,target:Wolf:437
706,hunt_start,Sectid,9,284,2,144,2,target:Wolf:437
709,hunt_start,Sectid,9,284,1,144,1,target:Wolf:437
712,reproduce,Elk,221,201,4,93,6,offspring:1
715,hunt_start,Fox,442,150,4,249,4,target:Lizard:604
716,hunt_start,Sectid,9,284,3,144,3,target:Wolf:437
717,hunt_start,Sectid,30,197,0,215,3,target:Lizard:520
717,hunt_fail,Wolf,433,31,9,253,9,discomfort
718,hunt_start,Sectid,9,284,5,144,4,target:Wolf:437
719,hunt_start,Sectid,9,284,4,144,4,target:Wolf:437
722,hunt_fail,Sectid,30,195,9,215,3,discomfort
722,reproduce,Deer,74,20,1,260,5,offspring:1
722,reproduce,Elk,197,17,6,179,1,offspring:1
723,environment_death,Elk,201,15,0,167,4,drowning
723,hunt_start,Sectid,9,284,3,144,7,target:Wolf:437
724,hunt_start,Sectid,9,284,4,144,6,target:Wolf:437
724,reproduce,Lizard,232,286,9,180,9,offspring:2
726,hunt_start,Sectid,9,284,4,144,6,target:Wolf:437
728,kill,Frog,171,246,4,203,9,killed_by:Sectid:606
729,hunt_fail,Sectid,15,253,2,197,0,target_died
729,hunt_fail,Sectid,17,253,5,196,1,target_died
729,hunt_start,Sectid,17,253,5,196,1,target:Frog:452
729,hunt_start,Sectid,606,246,7,204,0,target:Frog:452
730,environment_death,Fish,149,117,6,28,9,suffocation
730,hunt_start,Sectid,9,284,6,144,7,target:Wolf:437
734,environment_death,Fish,144,118,7,31,3,suffocation
734,reproduce,Monkey,318,106,3,178,7,offspring:1
736,hunt_start,Sectid,9,284,5,144,9,target:Wolf:437
736,reproduce,Frog,167,120,8,82,0,offspring:2
736,reproduce,Turtle,188,34,3,217,1,offspring:1
736,reproduce,Parrot,352,49,0,105,4,offspring:1
745,hunt_start,Sectid,9,284,7,145,1,target:Wolf:437
746,hunt_fail,Wolf,434,31,5,253,9,discomfort
747,reproduce,Monkey,331,58,7,25,7,offspring:1
748,environment_death,Lizard,244,58,5,230,0,drowning
748,hunt_fail,Hawk,467,54,3,233,9,target_died
748,hunt_start,Hawk,467,54,3,233,9,target:Lizard:525
748,reproduce,Lizard,237,38,3,286,8,offspring:2
749,hunt_fail,Sectid,646,76,6,161,4,discomfort
750,hunt_start,Sectid,9,284,6,145,2,target:Wolf:437
750,reproduce,Monkey,313,147,4,78,2,offspring:1
751,reproduce,Fish,581,109,5,34,0,offspring:2
751,reproduce,Fish,582,109,6,33,0,offspring:2
758,reproduce,Tapir,353,60,6,120,0,offspring:1
762,hunt_fail,Fox,443,246,0,256,3,discomfort
764,reproduce,Parrot,343,116,2,19,7,offspring:1
766,environment_death,Lizard,245,150,8,103,3,drowning
770,reproduce,Tapir,365,234,1,83,6,offspring:1
775,hunt_start,Sectid,9,285,0,146,0,target:Wolf:437
776,hunt_start,Sectid,9,285,0,145,9,target:Wolf:437
780,hunt_start,Sectid,9,285,1,145,9,target:Wolf:437
782,hunt_start,Sectid,9,285,1,146,0,target:Wolf:437
784,kill,Tapir,368,48,5,191,0,killed_by:Wolf:435
784,kill,Rabbit,501,92,9,205,1,killed_by:Hawk:468
784,reproduce,Monkey,319,112,7,170,2,offspring:1
784,reproduce,Tapir,357,52,7,217,6,offspring:1
784,reproduce,Tapir,358,54,3,220,2,offspring:1
784,reproduce,Tapir,359,56,2,219,4,offspring:1
784,reproduce,Tapir,362,51,1,214,9,offspring:1
784,reproduce,Tapir,371,49,1,197,7,offspring:1
785,hunt_start,Hawk,468,93,0,205,2,target:Lizard:526
785,hunt_fail,Jaguar,485,36,8,181,2,prey_escaped
785,hunt_start,Jaguar,485,36,8,181,2,target:Sectid:6
787,hunt_fail,Wolf,432,31,8,254,2,discomfort
788,hunt_start,Sectid,9,285,2,146,2,target:Wolf:437
791,hunt_start,Wolf,431,216,6,77,1,target:Tapir:366
794,hunt_start,Sectid,9,285,3,146,4,target:Wolf:437
796,hunt_start,Sectid,9,285,2,146,3,target:Wolf:437
796,hunt_fail,Scorpion,469,82,9,19,0,discomfort
796,reproduce,Penguin,286,139,4,45,6,offspring:1
798,hunt_start,Arctic Fox,482,284,1,185,1,target:Lizard:650
800,reproduce,Lizard,527,168,3,130,6,offspring:2
800,reproduce,Lizard,528,181,3,137,1,offspring:2
802,hunt_start,Sectid,9,285,4,146,6,target:Wolf:437
805,hunt_start,Sectid,9,285,4,146,5,target:Wolf:437
806,hunt_start,Sectid,9,285,4,146,5,target:Wolf:437
807,hunt_start,Wolf,438,241,4,15,6,target:Monkey:626
809,environment_death,Elk,191,256,5,269,5,drowning
809,hunt_start,Sectid,9,285,4,146,8,target:Wolf:437
809,reproduce,Musk Ox,306,142,2,42,2,offspring:1
810,hunt_start,Sectid,9,285,4,146,8,target:Wolf:437
813,hunt_start,Sectid,9,285,5,146,8,target:Wolf:437
815,reproduce,Deer,82,83,7,265,5,offspring:1
816,hunt_start,Sectid,9,285,5,146,8,target:Wolf:437
816,reproduce,Rabbit,103,31,8,261,8,offspring:2
819,kill,Shroomer,384,115,6,164,0,killed_by:Sectid:34
819,kill,Shroomer,384,115,6,164,0,killed_by:Sectid:36
820,hunt_start,Sectid,9,285,7,147,0,target:Wolf:437
820,hunt_start,Sectid,36,115,8,163,4,target:Shroomer:385
820,hunt_fail,Sectid,245,116,8,140,7,target_died
822,hunt_fail,Wolf,433,31,8,254,2,discomfort
824,reproduce,Elk,200,21,1,175,2,offspring:1
830,hunt_start,Sectid,9,285,4,147,3,target:Wolf:437
834,hunt_start,Fox,443,247,8,257,3,target:Frog:172
836,hunt_start,Sectid,30,196,2,215,7,target:Lizard:520
840,kill,Lizard,241,142,4,125,8,killed_by:Hawk:465
841,hunt_fail,Sectid,30,195,1,215,8,discomfort
841,hunt_start,Hawk,465,142,6,125,8,target:Monkey:314
843,reproduce,Tapir,364,98,6,278,6,offspring:1
844,hunt_start,Sectid,9,285,5,147,8,target:Wolf:437
844,kill,Rabbit,117,17,0,200,4,killed_by:Hawk:549
845,hunt_start,Hawk,549,16,9,200,6,target:Rabbit:454
847,hunt_start,Sectid,9,285,3,147,7,target:Wolf:437
849,reproduce,Musk Ox,310,109,9,190,7,offspring:1
850,hunt_fail,Fox,443,247,1,256,1,discomfort
853,hunt_start,Sectid,9,285,4,147,8,target:Wolf:437
854,hunt_start,Sectid,9,285,4,147,8,target:Wolf:437
857,hunt_start,Sectid,9,285,4,148,2,target:Wolf:437
858,hunt_start,Sectid,9,285,3,148,1,target:Wolf:437
858,hunt_fail,Arctic Fox,482,287,4,178,1,discomfort
861,reproduce,Boar,461,198,9,191,5,offspring:2
862,hunt_start,Sectid,9,285,3,148,2,target:Wolf:437
862,hunt_start,Boar,675,200,5,194,2,target:Lizard:228
862,hunt_start,Boar,676,200,5,194,2,target:Lizard:228
869,hunt_start,Sectid,9,285,5,148,2,target:Wolf:437
871,hunt_start,Sectid,10,284,7,148,9,target:Wolf:437
872,reproduce,Deer,51,100,5,88,0,offspring:1
872,reproduce,Elk,224,203,7,92,4,offspring:1
873,hunt_start,Sectid,9,285,6,148,5,target:Wolf:437
876,hunt_fail,Wolf,434,31,5,253,9,discomfort
877,hunt_start,Sectid,9,285,6,148,5,target:Wolf:437
878,hunt_fail,Wolf,431,220,9,81,3,discomfort
879,reproduce,Frog,172,246,5,256,0,offspring:2
879,reproduce,Parrot,349,54,0,121,0,offspring:1
882,hunt_start,Sectid,9,285,7,148,6,target:Wolf:437
882,reproduce,Camel,252,79,3,242,2,offspring:1
883,hunt_start,Sectid,3,70,8,154,0,target:Rabbit:610
883,hunt_start,Sectid,9,285,7,148,6,target:Wolf:437
884,hunt_start,Sectid,9,285,7,148,6,target:Wolf:437
884,hunt_start,Sectid,620,85,6,167,2,target:Camel:254
885,hunt_start,Sectid,10,285,0,149,0,target:Wolf:437
886,hunt_start,Sectid,10,285,0,149,0,target:Wolf:437
887,hunt_start,Sectid,9,285,8,148,8,target:Wolf:437
888,hunt_start,Sectid,9,285,8,148,7,target:Wolf:437
889,hunt_start,Sectid,9,285,7,148,7,target:Wolf:437
889,hunt_start,Sectid,683,69,7,153,1,target:Rabbit:610
890,hunt_start,Sectid,9,285,6,148,6,target:Wolf:437
891,hunt_start,Sectid,9,285,6,148,6,target:Wolf:437
892,hunt_start,Sectid,9,285,6,148,6,target:Wolf:437
892,reproduce,Elk,222,204,1,88,2,offspring:1
893,hunt_start,Sectid,9,285,6,148,6,target:Wolf:437
894,hunt_start,Sectid,10,285,0,149,0,target:Wolf:437
895,hunt_start,Sectid,10,285,0,149,0,target:Wolf:437
897,hunt_start,Sectid,9,285,8,149,1,target:Wolf:437
898,hunt_fail,Sectid,3,74,1,153,0,discomfort
898,hunt_start,Sectid,9,285,9,149,0,target:Wolf:437
904,hunt_start,Wolf,431,221,3,82,3,target:Tapir:366
904,hunt_fail,Wolf,432,31,8,254,1,discomfort
905,hunt_start,Fox,443,247,9,257,5,target:Frog:172
908,hunt_start,Sectid,10,285,0,149,0,target:Wolf:437
909,hunt_start,Sectid,10,285,0,149,0,target:Wolf:437
910,hunt_start,Sectid,3,73,8,153,0,target:Shroomer:578
910,hunt_start,Sectid,10,285,0,149,0,target:Wolf:437
911,hunt_fail,Sectid,3,74,0,153,1,discomfort
911,hunt_start,Sectid,10,285,0,149,0,target:Wolf:437
912,hunt_start,Sectid,10,285,0,149,0,target:Wolf:437
914,hunt_start,Sectid,10,285,0,149,0,target:Wolf:437
914,hunt_start,Sectid,684,67,3,154,7,target:Shroomer:578
917,hunt_start,Sectid,10,285,0,149,0,target:Wolf:437
918,hunt_start,Sectid,10,285,0,149,0,target:Wolf:437
919,hunt_start,Sectid,10,285,0,149,0,target:Wolf:437
920,hunt_start,Sectid,10,285,0,149,0,target:Wolf:437
920,hunt_fail,Sectid,620,78,7,164,7,discomfort
921,hunt_start,Sectid,10,285,0,149,0,target:Wolf:437
923,hunt_start,Sectid,3,73,8,153,0,target:Shroomer:578
923,hunt_start,Sectid,10,285,0,149,0,target:Wolf:437
924,hunt_start,Sectid,10,285,0,149,0,target:Wolf:437
924,reproduce,Elk,198,21,6,173,6,offspring:1
925,hunt_fail,Sectid,3,74,3,153,1,discomfort
925,hunt_start,Sectid,10,285,0,149,0,target:Wolf:437
927,hunt_start,Sectid,10,285,0,149,0,target:Wolf:437
929,hunt_start,Sectid,10,285,0,149,0,target:Wolf:437
934,hunt_fail,Sectid,683,79,8,151,1,discomfort
934,reproduce,Tapir,356,126,1,19,9,offspring:1
936,hunt_fail,Fox,443,247,8,256,4,discomfort
937,reproduce,Penguin,287,122,3,51,2,offspring:1
940,environment_death,Shroomer,154,254,1,271,4,drowning
941,kill,Sectid,6,38,3,188,1,killed_by:Jaguar:485
942,hunt_start,Jaguar,485,38,3,187,6,target:Elk:513
942,hunt_start,Jaguar,486,101,2,280,0,target:Tapir:241
943,hunt_start,Sectid,11,286,0,150,9,target:Wolf:437
945,hunt_start,Sectid,11,286,1,151,0,target:Wolf:437
946,environment_death,Lizard,232,288,0,171,0,drowning
947,hunt_start,Sectid,11,286,0,151,1,target:Wolf:437
949,hunt_start,Sectid,3,73,5,153,0,target:Shroomer:578
950,hunt_start,Sectid,11,285,9,151,1,target:Wolf:437
951,hunt_fail,Sectid,3,74,0,153,1,discomfort
951,hunt_start,Sectid,11,286,0,151,1,target:Wolf:437
951,hunt_fail,Wolf,433,31,7,254,0,discomfort
951,hunt_start,Arctic Fox,482,287,4,180,5,target:Lizard:650
953,hunt_start,Sectid,11,286,1,151,2,target:Wolf:437
954,hunt_start,Sectid,11,286,1,151,1,target:Wolf:437
957,hunt_start,Sectid,11,286,1,151,2,target:Wolf:437
957,hunt_fail,Wolf,434,33,9,255,2,discomfort
960,hunt_start,Fox,443,248,0,257,2,target:Frog:172
960,hunt_fail,Sectid,684,77,1,155,0,discomfort
961,hunt_start,Sectid,11,286,3,151,4,target:Wolf:437
962,hunt_start,Sectid,11,286,2,151,3,target:Wolf:437
964,hunt_start,Sectid,11,286,3,151,4,target:Wolf:437
965,hunt_start,Sectid,3,73,7,153,0,target:Shroomer:578
965,hunt_start,Sectid,11,286,3,151,3,target:Wolf:437
967,hunt_fail,Sectid,3,74,2,153,1,discomfort
967,hunt_start,Sectid,11,286,2,151,5,target:Wolf:437
969,hunt_start,Sectid,11,286,2,151,6,target:Wolf:437
970,hunt_start,Sectid,11,286,3,151,6,target:Wolf:437
970,reproduce,Parrot,340,49,0,253,3,offspring:1
971,hunt_fail,Arctic Fox,482,287,3,178,1,discomfort
971,hunt_start,Hawk,547,24,5,51,8,target:Penguin:268
972,kill,Tapir,241,104,1,283,5,killed_by:Jaguar:486
973,hunt_start,Sectid,11,286,3,151,5,target:Wolf:437
973,hunt_fail,Fox,443,247,9,256,6,discomfort
976,hunt_start,Sectid,11,286,4,151,8,target:Wolf:437
977,environment_death,Fish,146,117,7,28,9,suffocation
978,hunt_start,Sectid,11,286,4,151,7,target:Wolf:437
980,reproduce,Monkey,326,201,0,204,3,offspring:1
982,hunt_start,Sectid,11,286,4,151,9,target:Wolf:437
983,hunt_start,Sectid,11,286,4,151,9,target:Wolf:437
983,reproduce,Camel,250,77,6,241,8,offspring:1
984,hunt_fail,Snake,473,225,7,97,3,discomfort
985,hunt_start,Sectid,11,286,5,152,0,target:Wolf:437
985,kill,Rabbit,454,-0,1,205,8,killed_by:Hawk:549
986,hunt_start,Sectid,3,73,7,153,0,target:Shroomer:578
986,hunt_start,Sectid,11,286,4,151,9,target:Wolf:437
986,hunt_start,Hawk,549,0,2,205,5,target:Parrot:341
988,hunt_fail,Sectid,3,74,1,153,1,discomfort
988,hunt_start,Sectid,11,286,4,152,1,target:Wolf:437
989,hunt_start,Sectid,12,285,1,150,6,target:Wolf:437
990,hunt_start,Sectid,11,286,5,152,2,target:Wolf:437
990,reproduce,Deer,64,162,4,34,3,offspring:1
991,hunt_start,Sectid,10,285,9,150,9,target:Wolf:437
993,hunt_start,Sectid,12,284,9,150,5,target:Wolf:437
993,hunt_fail,Wolf,433,32,9,254,3,discomfort
993,hunt_start,Fox,443,248,0,257,2,target:Frog:172
993,kill,Frog,172,247,8,256,7,killed_by:Fox:443
995,hunt_start,Sectid,11,286,4,152,3,target:Wolf:437
996,hunt_start,Fox,443,248,0,257,3,target:Frog:679
996,kill,Lizard,525,54,3,188,6,killed_by:Hawk:467
996,reproduce,Lizard,239,63,7,210,3,offspring:2
996,reproduce,Lizard,240,61,3,212,0,offspring:2
996,reproduce,Lizard,243,62,2,194,0,offspring:2
996,reproduce,Lizard,569,54,6,211,2,offspring:2
996,reproduce,Lizard,570,45,9,204,8,offspring:2
997,hunt_start,Sectid,11,286,4,152,2,target:Wolf:437
997,hunt_fail,Wolf,432,32,9,254,8,discomfort
997,hunt_start,Hawk,467,54,3,188,7,target:Lizard:691
999,hunt_start,Sectid,12,284,8,150,7,target:Wolf:437
1000,hunt_start,Arctic Fox,484,36,6,7,6,target:Rabbit:573
1000,reproduce,Rabbit,502,78,1,262,8,offspring:2
1000,reproduce,Parrot,540,38,2,287,6,offspring:1
1001,hunt_start,Sectid,12,284,8,150,7,target:Wolf:437
1001,hunt_start,Wolf,433,32,9,254,0,target:Shroomer:398
1003,hunt_start,Sectid,11,286,5,152,6,target:Wolf:437
1005,hunt_start,Sectid,11,286,5,152,5,target:Wolf:437
1007,hunt_fail,Sectid,3,74,1,153,1,discomfort
1007,hunt_start,Sectid,11,286,5,152,5,target:Wolf:437
1008,reproduce,Musk Ox,305,151,6,34,6,offspring:1
1009,hunt_start,Sectid,12,284,8,150,9,target:Wolf:437
1010,hunt_fail,Sectid,15,262,8,171,0,prey_escaped
1011,hunt_start,Sectid,11,286,4,152,7,target:Wolf:437
1013,hunt_start,Sectid,11,286,3,152,6,target:Wolf:437
1014,hunt_start,Sectid,11,286,3,152,6,target:Wolf:437
1015,hunt_start,Sectid,11,286,2,152,5,target:Wolf:437
1015,reproduce,Parrot,560,116,0,10,9,offspring:1
1016,hunt_start,Sectid,11,286,2,152,5,target:Wolf:437
1016,hunt_fail,Sectid,17,263,3,169,5,prey_escaped
1017,hunt_start,Sectid,11,286,2,152,5,target:Wolf:437
1019,hunt_start,Sectid,12,284,9,151,0,target:Wolf:437
1019,hunt_start,Sectid,27,197,9,214,5,target:Lizard:519
1019,hunt_start,Sectid,245,116,6,152,4,target:Hawk:465
1020,hunt_start,Sectid,11,286,3,152,8,target:Wolf:437
1020,hunt_start,Sectid,245,116,6,152,4,target:Hawk:465
1021,hunt_start,Sectid,11,286,2,152,7,target:Wolf:437
1021,hunt_start,Sectid,245,116,6,152,4,target:Hawk:465
1022,environment_death,Fish,143,117,9,32,5,suffocation
1022,hunt_start,Sectid,11,286,2,152,7,target:Wolf:437
1022,hunt_start,Sectid,245,116,6,152,4,target:Hawk:465
1023,hunt_start,Sectid,11,286,2,152,6,target:Wolf:437
1023,hunt_start,Sectid,245,116,6,152,4,target:Hawk:465
1023,hunt_fail,Fox,443,247,6,255,0,discomfort
1024,hunt_start,Sectid,245,116,6,152,4,target:Hawk:465
1025,hunt_start,Sectid,11,286,2,152,6,target:Wolf:437
1025,hunt_start,Sectid,245,116,6,152,4,target:Hawk:465
1026,hunt_start,Sectid,11,286,2,152,6,target:Wolf:437
1026,hunt_start,Sectid,245,116,6,152,4,target:Hawk:465
1026,reproduce,Musk Ox,311,112,5,191,9,offspring:1
1027,hunt_start,Sectid,12,284,9,151,1,target:Wolf:437
1027,hunt_start,Sectid,245,116,6,152,4,target:Hawk:465
1028,hunt_fail,Sectid,3,73,9,153,1,discomfort
1028,hunt_start,Sectid,11,286,2,152,7,target:Wolf:437
1028,hunt_start,Sectid,245,116,6,152,4,target:Hawk:465
1029,hunt_start,Sectid,11,286,2,152,6,target:Wolf:437
1029,hunt_start,Sectid,245,116,6,152,4,target:Hawk:465
1029,reproduce,Rabbit,498,239,1,98,3,offspring:2
1030,hunt_start,Sectid,245,116,6,152,4,target:Hawk:465
1031,hunt_start,Sectid,9,286,5,150,5,target:Wolf:437
1031,hunt_start,Sectid,245,116,6,152,4,target:Hawk:465
1032,hunt_start,Sectid,245,116,6,152,4,target:Hawk:465
1032,hunt_fail,Wolf,432,32,9,254,0,discomfort
1033,hunt_start,Sectid,11,286,5,152,5,target:Wolf:437
1033,hunt_start,Sectid,245,116,6,152,4,target:Hawk:465
1033,reproduce,Deer,67,162,9,38,0,offspring:1
1034,hunt_start,Sectid,245,116,6,152,4,target:Hawk:465
1035,hunt_start,Sectid,12,285,0,151,0,target:Wolf:437
1035,hunt_start,Sectid,245,116,6,152,4,target:Hawk:465
1036,hunt_start,Sectid,245,116,6,152,4,target:Hawk:465
1036,hunt_fail,Jaguar,487,5,4,213,4,discomfort
1037,hunt_start,Sectid,11,286,4,152,8,target:Wolf:437
1037,hunt_start,Sectid,245,116,6,152,4,target:Hawk:465
1038,hunt_fail,Sectid,27,194,9,217,5,discomfort
1038,hunt_start,Sectid,245,116,6,152,4,target:Hawk:465
1043,hunt_start,Sectid,11,286,3,152,5,target:Wolf:437
1046,reproduce,Camel,254,77,3,163,0,offspring:1
1047,hunt_start,Sectid,11,286,3,152,5,target:Wolf:437
1048,hunt_start,Arctic Fox,482,287,2,180,3,target:Lizard:650
1049,hunt_start,Sectid,12,285,0,150,9,target:Wolf:437
1049,kill,Tapir,371,44,1,203,5,killed_by:Jaguar:370
1051,hunt_start,Sectid,11,286,2,152,9,target:Wolf:437
1053,hunt_fail,Sectid,7,78,8,154,3,discomfort
1053,hunt_start,Sectid,11,286,3,152,7,target:Wolf:437
1055,hunt_start,Sectid,11,286,2,152,5,target:Wolf:437
1056,hunt_start,Sectid,11,286,2,152,5,target:Wolf:437
1056,hunt_fail,Wolf,432,32,9,254,0,discomfort
1057,hunt_start,Fox,440,165,7,70,5,target:Monkey:315
1058,hunt_start,Sectid,11,286,2,152,5,target:Wolf:437
1058,reproduce,Frog,163,140,6,25,0,offspring:2
1059,hunt_start,Sectid,11,286,1,152,5,target:Wolf:437
1061,hunt_start,Sectid,11,286,1,152,6,target:Wolf:437
1061,reproduce,Tapir,354,60,6,110,0,offspring:1
1063,hunt_start,Sectid,11,286,2,152,7,target:Wolf:437
1063,hunt_start,Sectid,620,85,0,165,0,target:Camel:707
1064,hunt_start,Sectid,11,286,2,152,6,target:Wolf:437
1068,reproduce,Lizard,521,160,9,256,0,offspring:2
1069,hunt_start,Sectid,11,286,1,152,9,target:Wolf:437
1070,hunt_start,Sectid,11,286,2,152,8,target:Wolf:437
1071,hunt_start,Sectid,11,286,1,152,7,target:Wolf:437
1071,hunt_fail,Sectid,606,261,0,173,2,prey_escaped
1072,hunt_start,Sectid,11,286,0,152,7,target:Wolf:437
1073,hunt_start,Sectid,11,286,0,152,6,target:Wolf:437
1073,hunt_fail,Wolf,430,215,6,77,0,discomfort
1073,reproduce,Camel,262,83,1,109,0,offspring:1
1074,hunt_start,Sectid,11,286,0,152,6,target:Wolf:437
1074,hunt_start,Wolf,436,47,0,170,5,target:Fish:577
1075,hunt_start,Sectid,11,286,0,152,6,target:Wolf:437
1075,hunt_fail,Sectid,36,116,3,135,4,prey_escaped
1075,reproduce,Elk,215,34,5,121,9,offspring:1
1076,hunt_start,Sectid,11,286,0,152,6,target:Wolf:437
1077,hunt_start,Sectid,11,286,0,152,6,target:Wolf:437
1077,hunt_start,Boar,152,109,7,178,3,target:Monkey:314
1077,reproduce,Deer,73,31,2,274,7,offspring:1
1079,hunt_start,Sectid,11,286,0,152,7,target:Wolf:437
1080,hunt_start,Sectid,11,285,9,152,6,target:Wolf:437
1080,reproduce,Rabbit,113,32,0,221,6,offspring:2
1081,hunt_fail,Sectid,620,81,6,162,7,discomfort
1083,hunt_start,Sectid,11,286,0,152,8,target:Wolf:437
1085,hunt_start,Sectid,11,285,9,152,7,target:Wolf:437
1085,hunt_start,Sectid,17,258,4,162,8,target:Scorpion:472
1085,hunt_start,Sectid,31,197,4,223,5,target:Lizard:519
1086,hunt_start,Sectid,11,285,8,152,7,target:Wolf:437
1087,hunt_start,Sectid,11,285,8,152,6,target:Wolf:437
1087,hunt_fail,Fox,442,146,9,217,5,discomfort
1088,hunt_start,Sectid,11,285,8,152,6,target:Wolf:437
1089,hunt_start,Sectid,11,285,8,152,6,target:Wolf:437
1089,hunt_fail,Arctic Fox,482,286,3,175,1,discomfort
1089,reproduce,Boar,460,151,3,188,4,offspring:2
1092,environment_death,Fish,147,117,7,30,5,suffocation
1093,hunt_start,Sectid,11,285,7,152,6,target:Wolf:437
1095,hunt_start,Sectid,11,285,8,152,7,target:Wolf:437
1097,hunt_start,Sectid,11,285,8,152,8,target:Wolf:437
1098,hunt_start,Sectid,11,285,8,152,7,target:Wolf:437
1099,hunt_start,Sectid,11,285,7,152,7,target:Wolf:437
1099,reproduce,Rabbit,573,51,5,12,6,offspring:2
1099,reproduce,Rabbit,574,52,3,26,6,offspring:2
1100,hunt_start,Sectid,11,285,7,152,7,target:Wolf:437
1101,hunt_start,Sectid,11,285,7,152,7,target:Wolf:437
1103,hunt_start,Sectid,11,285,9,152,8,target:Wolf:437
1104,hunt_start,Sectid,11,285,8,152,7,target:Wolf:437
1104,hunt_start,Sectid,245,117,6,165,2,target:Shroomer:385
1105,hunt_start,Sectid,11,285,9,152,6,target:Wolf:437
1105,hunt_start,Sectid,245,117,7,165,3,target:Shroomer:385
1105,reproduce,Frog,168,128,0,82,8,offspring:2
1106,hunt_start,Sectid,245,117,8,165,4,target:Shroomer:385
1107,hunt_start,Sectid,245,117,6,165,4,target:Shroomer:385
1108,hunt_start,Sectid,11,285,9,152,7,target:Wolf:437
1108,hunt_start,Sectid,245,117,5,165,3,target:Shroomer:385
1109,hunt_start,Sectid,11,285,8,152,7,target:Wolf:437
1109,hunt_start,Sectid,245,117,3,165,4,target:Shroomer:385
1110,hunt_start,Sectid,245,117,4,165,5,target:Shroomer:385
1111,hunt_start,Sectid,11,285,8,152,8,target:Wolf:437
1111,hunt_start,Sectid,245,117,2,165,4,target:Shroomer:385
1112,hunt_start,Sectid,11,285,7,152,7,target:Wolf:437
1112,hunt_start,Sectid,245,117,1,165,5,target:Shroomer:385
1113,hunt_start,Sectid,11,285,7,152,6,target:Wolf:437
1113,hunt_start,Sectid,245,117,0,165,4,target:Shroomer:385
1114,hunt_start,Sectid,11,285,7,152,6,target:Wolf:437
1114,hunt_start,Sectid,245,116,8,165,3,target:Shroomer:385
1115,hunt_start,Sectid,245,116,6,165,3,target:Shroomer:385
1115,hunt_start,Wolf,429,179,0,274,4,target:Deer:493
1115,reproduce,Deer,75,30,2,273,6,offspring:1
1116,hunt_start,Sectid,11,285,8,152,7,target:Wolf:437
1116,hunt_start,Sectid,245,116,8,165,3,target:Shroomer:385
1117,hunt_start,Sectid,11,285,8,152,6,target:Wolf:437
1117,hunt_start,Sectid,245,116,6,165,4,target:Shroomer:385
1117,kill,Shroomer,398,30,3,249,3,killed_by:Wolf:432
1118,hunt_start,Sectid,245,116,8,165,5,target:Shroomer:385
1118,hunt_start,Wolf,432,29,8,249,5,target:Shroomer:396
1118,hunt_fail,Wolf,433,30,4,249,9,target_died
1119,hunt_start,Sectid,11,286,0,152,7,target:Wolf:437
1119,hunt_start,Sectid,245,117,0,165,7,target:Shroomer:385
1119,hunt_fail,Wolf,430,218,0,79,8,discomfort
1120,hunt_start,Sectid,11,286,0,152,7,target:Wolf:437
1120,hunt_start,Sectid,245,117,0,165,4,target:Shroomer:385
1121,hunt_start,Sectid,245,117,2,165,5,target:Shroomer:385
1122,hunt_start,Sectid,11,286,0,152,6,target:Wolf:437
1122,hunt_start,Sectid,245,117,5,165,4,target:Shroomer:385
1123,hunt_start,Sectid,245,117,3,165,6,target:Shroomer:385
1124,hunt_start,Sectid,245,117,5,165,6,target:Shroomer:385
1125,hunt_start,Sectid,11,286,0,152,9,target:Wolf:437
1125,hunt_start,Sectid,245,117,6,165,6,target:Shroomer:385
1126,hunt_start,Sectid,11,286,1,152,9,target:Wolf:437
1126,hunt_start,Sectid,245,117,4,165,7,target:Shroomer:385
1127,hunt_start,Sectid,11,286,0,152,8,target:Wolf:437
1127,hunt_start,Sectid,245,117,3,165,5,target:Shroomer:385
1128,hunt_start,Sectid,11,286,0,152,7,target:Wolf:437
1128,hunt_start,Sectid,245,117,1,165,6,target:Shroomer:385
1129,hunt_start,Sectid,245,117,3,165,5,target:Shroomer:385
1130,hunt_start,Sectid,11,286,1,152,6,target:Wolf:437
1130,hunt_start,Sectid,245,117,3,165,7,target:Shroomer:385
1131,hunt_start,Sectid,11,286,1,152,6,target:Wolf:437
1131,hunt_start,Sectid,245,117,1,165,6,target:Shroomer:385
1132,hunt_start,Sectid,4,74,1,151,6,target:Shroomer:578
1132,hunt_start,Sectid,11,286,1,152,6,target:Wolf:437
1132,hunt_start,Sectid,245,116,9,165,7,target:Shroomer:385
1133,hunt_start,Sectid,11,286,1,152,6,target:Wolf:437
1133,hunt_start,Sectid,36,118,4,133,5,target:Deer:38
1133,hunt_start,Sectid,245,117,0,165,9,target:Shroomer:385
1133,kill,Elk,513,23,0,182,4,killed_by:Jaguar:485
1134,hunt_start,Sectid,11,286,1,152,6,target:Wolf:437
1134,hunt_start,Sectid,245,116,8,166,1,target:Shroomer:385
1134,reproduce,Elk,207,212,3,144,9,offspring:1
1134,reproduce,Elk,223,213,5,96,0,offspring:1
1135,hunt_start,Sectid,245,117,0,166,3,target:Shroomer:385
1135,reproduce,Parrot,342,116,0,13,0,offspring:1
1136,hunt_start,Sectid,11,286,1,152,6,target:Wolf:437
1136,hunt_start,Sectid,245,117,2,166,5,target:Shroomer:385
1137,hunt_start,Sectid,11,286,1,152,6,target:Wolf:437
1137,hunt_start,Sectid,245,116,9,166,4,target:Shroomer:385
1138,hunt_start,Sectid,13,285,7,151,6,target:Wolf:437
1138,hunt_start,Sectid,245,116,7,166,3,target:Shroomer:385
1139,hunt_start,Sectid,11,286,2,152,7,target:Wolf:437
1139,hunt_start,Sectid,245,116,5,166,3,target:Shroomer:385
1139,hunt_fail,Wolf,429,180,0,275,8,discomfort
1140,hunt_start,Sectid,11,286,2,152,6,target:Wolf:437
1140,hunt_start,Sectid,245,116,6,166,5,target:Shroomer:385
1141,hunt_start,Sectid,11,286,3,152,5,target:Wolf:437
1141,hunt_start,Sectid,245,116,5,166,7,target:Shroomer:385
1142,hunt_start,Sectid,12,285,0,150,9,target:Wolf:437
1142,hunt_start,Sectid,245,116,7,166,9,target:Shroomer:385
1142,reproduce,Camel,255,74,5,169,9,offspring:1
1143,hunt_start,Sectid,11,286,2,152,7,target:Wolf:437
1143,hunt_start,Sectid,245,116,6,166,6,target:Shroomer:385
1144,hunt_start,Sectid,11,286,3,152,6,target:Wolf:437
1144,hunt_start,Sectid,245,116,4,166,8,target:Shroomer:385
1145,hunt_start,Sectid,11,286,3,152,6,target:Wolf:437
1145,hunt_start,Sectid,245,116,5,166,6,target:Shroomer:385
1146,hunt_start,Sectid,11,286,3,152,6,target:Wolf:437
1146,hunt_start,Sectid,245,116,5,166,3,target:Shroomer:385
1147,hunt_start,Sectid,245,116,2,166,3,target:Shroomer:385
1148,hunt_start,Sectid,11,286,3,152,7,target:Wolf:437
1148,hunt_start,Sectid,245,116,3,166,1,target:Shroomer:385
1148,hunt_start,Scorpion,472,245,0,152,9,target:Sectid:17
1149,hunt_start,Sectid,11,286,4,152,6,target:Wolf:437
1149,hunt_start,Sectid,245,116,1,165,9,target:Shroomer:385
1150,hunt_start,Sectid,12,285,1,150,9,target:Wolf:437
1150,hunt_start,Sectid,245,116,3,166,1,target:Shroomer:385
1151,hunt_start,Sectid,245,116,3,166,3,target:Shroomer:385
1152,hunt_start,Sectid,11,286,5,152,6,target:Wolf:437
1152,hunt_start,Sectid,245,116,1,166,2,target:Shroomer:385
1153,hunt_start,Sectid,11,286,5,152,5,target:Wolf:437
1153,hunt_start,Sectid,245,116,4,166,2,target:Shroomer:385
1154,hunt_start,Sectid,11,286,5,152,5,target:Wolf:437
1154,hunt_start,Sectid,245,116,3,166,4,target:Shroomer:385
1155,hunt_start,Sectid,11,286,5,152,5,target:Wolf:437
1155,hunt_start,Sectid,245,116,5,166,5,target:Shroomer:385
1156,hunt_start,Sectid,13,285,7,151,6,target:Wolf:437
1156,hunt_start,Sectid,245,116,4,166,3,target:Shroomer:385
1157,hunt_start,Sectid,11,286,6,152,7,target:Wolf:437
1157,hunt_start,Sectid,245,116,5,166,5,target:Shroomer:385
1158,hunt_start,Sectid,11,286,5,152,6,target:Wolf:437
1158,hunt_start,Sectid,245,116,7,166,4,target:Shroomer:385
1158,kill,Penguin,268,42,3,32,2,killed_by:Hawk:547
1159,hunt_start,Sectid,11,286,6,152,5,target:Wolf:437
1159,hunt_start,Sectid,245,116,9,166,6,target:Shroomer:385
1159,hunt_start,Hawk,547,42,1,32,4,target:Penguin:532
1160,hunt_start,Sectid,13,285,7,151,6,target:Wolf:437
1160,hunt_start,Sectid,245,116,8,166,8,target:Shroomer:385
1161,hunt_start,Sectid,5,71,8,152,5,target:Shroomer:578
1161,hunt_start,Sectid,11,286,6,152,6,target:Wolf:437
1161,hunt_start,Sectid,245,117,0,166,7,target:Shroomer:385
1162,hunt_start,Sectid,11,286,7,152,5,target:Wolf:437
1162,hunt_start,Sectid,245,116,8,166,5,target:Shroomer:385
1163,hunt_start,Sectid,12,285,0,150,9,target:Wolf:437
1163,hunt_start,Sectid,245,116,8,166,5,target:Shroomer:385
1164,hunt_fail,Sectid,4,79,9,154,5,discomfort
1164,hunt_start,Sectid,11,286,6,152,7,target:Wolf:437
1164,hunt_start,Sectid,245,116,8,166,5,target:Shroomer:385
1165,hunt_start,Sectid,11,286,6,152,6,target:Wolf:437
1165,hunt_start,Sectid,245,116,8,166,5,target:Shroomer:385
1166,hunt_start,Sectid,11,286,6,152,6,target:Wolf:437
1166,hunt_start,Sectid,245,116,8,166,5,target:Shroomer:385
1167,hunt_start,Sectid,11,286,5,152,5,target:Wolf:437
1167,hunt_start,Sectid,245,116,8,166,5,target:Shroomer:385
1168,hunt_start,Sectid,13,285,7,151,6,target:Wolf:437
1168,hunt_fail,Sectid,31,183,3,223,2,discomfort
1168,hunt_start,Sectid,245,116,8,166,5,target:Shroomer:385
1169,hunt_start,Sectid,11,286,6,152,6,target:Wolf:437
1169,hunt_start,Sectid,245,116,8,166,5,target:Shroomer:385
1170,hunt_start,Sectid,12,285,2,150,9,target:Wolf:437
1170,hunt_start,Sectid,245,116,8,166,5,target:Shroomer:385
1170,hunt_start,Sectid,606,268,7,167,8,target:Lizard:650
1170,reproduce,Monkey,337,266,2,17,2,offspring:1
1171,hunt_start,Sectid,11,286,7,152,6,target:Wolf:437
1171,hunt_start,Sectid,245,116,8,166,5,target:Shroomer:385
1172,hunt_start,Sectid,11,286,6,152,6,target:Wolf:437
1172,hunt_start,Sectid,245,116,8,166,5,target:Shroomer:385
1173,hunt_start,Sectid,11,286,6,152,5,target:Wolf:437
1173,hunt_start,Sectid,245,116,8,166,5,target:Shroomer:385
1174,hunt_start,Sectid,12,285,2,150,8,target:Wolf:437
1174,hunt_start,Sectid,245,116,8,166,5,target:Shroomer:385
1174,hunt_start,Arctic Fox,482,286,7,176,9,target:Lizard:201
1175,hunt_start,Sectid,11,286,6,152,6,target:Wolf:437
1175,hunt_start,Sectid,245,116,8,166,5,target:Shroomer:385
1176,hunt_start,Sectid,11,286,6,152,6,target:Wolf:437
1176,hunt_start,Sectid,245,116,8,166,5,target:Shroomer:385
1177,environment_death,Lizard,228,179,2,207,9,drowning
1177,hunt_start,Sectid,11,286,6,152,5,target:Wolf:437
1177,hunt_start,Sectid,245,116,8,166,5,target:Shroomer:385
1177,hunt_fail,Boar,675,183,5,203,7,target_died
1177,hunt_fail,Boar,676,185,0,206,4,target_died
1178,hunt_start,Sectid,11,286,6,152,5,target:Wolf:437
1178,hunt_start,Sectid,245,116,8,166,5,target:Shroomer:385
1179,hunt_start,Sectid,12,285,3,151,0,target:Wolf:437
1179,hunt_start,Sectid,245,116,8,166,5,target:Shroomer:385
1180,hunt_start,Sectid,11,286,7,152,6,target:Wolf:437
1180,hunt_start,Sectid,245,116,8,166,5,target:Shroomer:385
1181,hunt_start,Sectid,11,286,8,152,6,target:Wolf:437
1181,hunt_start,Sectid,245,116,8,166,5,target:Shroomer:385
1182,hunt_start,Sectid,11,286,7,152,6,target:Wolf:437
1182,hunt_start,Sectid,245,116,8,166,5,target:Shroomer:385
1183,hunt_start,Sectid,11,286,7,152,5,target:Wolf:437
1183,hunt_start,Sectid,245,116,8,166,5,target:Shroomer:385
1184,hunt_start,Sectid,11,286,7,152,5,target:Wolf:437
1184,hunt_start,Sectid,245,116,8,166,5,target:Shroomer:385
1185,hunt_start,Sectid,13,285,7,151,6,target:Wolf:437
1185,hunt_start,Sectid,245,116,8,166,5,target:Shroomer:385
1185,kill,Lizard,691,76,0,212,2,killed_by:Hawk:467
1186,environment_death,Tapir,369,59,1,183,9,drowning
1186,hunt_start,Sectid,12,285,3,150,9,target:Wolf:437
1186,hunt_start,Sectid,245,116,8,166,5,target:Shroomer:385
1186,hunt_start,Hawk,467,75,9,212,1,target:Lizard:525
1186,reproduce,Musk Ox,303,139,5,44,3,offspring:1
1187,hunt_start,Sectid,11,286,8,152,7,target:Wolf:437
1187,hunt_start,Sectid,245,116,8,166,5,target:Shroomer:385
1188,hunt_start,Sectid,11,286,8,152,7,target:Wolf:437
1188,hunt_start,Sectid,245,116,8,166,5,target:Shroomer:385
1189,hunt_start,Sectid,11,286,8,152,6,target:Wolf:437
1189,hunt_start,Sectid,15,249,3,156,5,target:Scorpion:472
1189,hunt_start,Sectid,245,116,8,166,5,target:Shroomer:385
1189,hunt_fail,Arctic Fox,484,55,3,14,2,discomfort
1190,hunt_start,Sectid,11,286,8,152,6,target:Wolf:437
1190,hunt_start,Sectid,15,249,2,156,4,target:Scorpion:472
1190,hunt_start,Sectid,245,116,8,166,5,target:Shroomer:385
1190,hunt_fail,Scorpion,472,246,1,154,3,target_died
1190,hunt_start,Scorpion,472,246,1,154,3,target:Sectid:15
1191,hunt_fail,Sectid,5,78,2,154,3,discomfort
1191,hunt_start,Sectid,11,286,8,152,5,target:Wolf:437
1191,hunt_start,Sectid,15,249,1,156,4,target:Scorpion:472
1191,hunt_start,Sectid,245,116,8,166,5,target:Shroomer:385
1191,reproduce,Tapir,372,150,8,99,3,offspring:1
1192,hunt_start,Sectid,11,286,8,152,5,target:Wolf:437
1192,hunt_start,Sectid,15,249,2,156,4,target:Scorpion:472
1192,hunt_start,Sectid,245,116,8,166,5,target:Shroomer:385
1193,hunt_start,Sectid,11,286,8,152,5,target:Wolf:437
1193,hunt_start,Sectid,15,249,3,156,4,target:Scorpion:472
1193,hunt_start,Sectid,245,116,8,166,5,target:Shroomer:385
1194,hunt_start,Sectid,15,249,4,156,3,target:Scorpion:472
1194,hunt_start,Sectid,245,116,8,166,5,target:Shroomer:385
1194,reproduce,Jaguar,485,23,5,182,7,offspring:1
1195,hunt_start,Sectid,11,286,9,152,6,target:Wolf:437
1195,hunt_start,Sectid,15,249,4,156,5,target:Scorpion:472
1195,hunt_start,Sectid,245,116,8,166,5,target:Shroomer:385
1195,hunt_start,Jaguar,369,26,9,185,9,target:Boar:543
1195,hunt_start,Jaguar,485,23,5,182,7,target:Boar:543
1196,hunt_start,Sectid,11,286,9,152,5,target:Wolf:437
1196,hunt_start,Sectid,15,249,5,156,4,target:Scorpion:472
1196,hunt_start,Sectid,245,116,8,166,5,target:Shroomer:385
1196,reproduce,Monkey,336,268,7,17,2,offspring:1
1197,hunt_start,Sectid,4,81,9,154,6,target:Shroomer:578
1197,hunt_start,Sectid,11,286,9,152,4,target:Wolf:437
1197,hunt_start,Sectid,15,249,5,156,5,target:Scorpion:472
1197,hunt_start,Sectid,245,116,8,166,5,target:Shroomer:385
1198,hunt_start,Sectid,15,249,6,156,5,target:Scorpion:472
1198,hunt_start,Sectid,245,116,8,166,5,target:Shroomer:385
1199,hunt_start,Sectid,11,286,9,152,5,target:Wolf:437
1199,hunt_start,Sectid,15,249,5,156,5,target:Scorpion:472
1199,hunt_start,Sectid,245,116,8,166,5,target:Shroomer:385
1199,hunt_fail,Arctic Fox,482,285,1,174,3,discomfort
1200,hunt_start,Sectid,12,285,0,150,9,target:Wolf:437
1200,hunt_start,Sectid,15,249,5,156,6,target:Scorpion:472
1200,hunt_start,Sectid,245,116,8,166,5,target:Shroomer:385
1200,reproduce,Monkey,539,274,4,14,1,offspring:1
1201,hunt_start,Sectid,11,286,9,152,6,target:Wolf:437
1201,hunt_start,Sectid,15,249,4,156,7,target:Scorpion:472
1201,hunt_start,Sectid,245,116,8,166,5,target:Shroomer:385
1202,hunt_start,Sectid,11,286,9,152,6,target:Wolf:437
1202,hunt_start,Sectid,15,249,3,156,7,target:Scorpion:472
1202,hunt_start,Sectid,245,116,8,166,5,target:Shroomer:385
1202,reproduce,Monkey,556,273,4,10,7,offspring:1
1203,hunt_start,Sectid,11,287,0,152,5,target:Wolf:437
1203,hunt_start,Sectid,15,249,3,156,6,target:Scorpion:472
1203,hunt_start,Sectid,245,116,8,166,5,target:Shroomer:385
1204,hunt_start,Sectid,11,287,0,152,5,target:Wolf:437
1204,hunt_start,Sectid,15,249,1,156,7,target:Scorpion:472
1204,hunt_start,Sectid,245,116,8,166,5,target:Shroomer:385
1205,hunt_fail,Sectid,4,80,9,155,2,discomfort
1205,hunt_start,Sectid,15,249,1,156,6,target:Scorpion:472
1205,hunt_start,Sectid,245,116,8,166,5,target:Shroomer:385
1206,hunt_start,Sectid,15,249,0,156,6,target:Scorpion:472
1206,hunt_start,Sectid,245,116,8,166,5,target:Shroomer:385
1207,hunt_start,Sectid,11,287,0,152,7,target:Wolf:437
1207,hunt_start,Sectid,15,249,1,156,6,target:Scorpion:472
1207,hunt_start,Sectid,245,116,8,166,5,target:Shroomer:385
1208,hunt_start,Sectid,15,249,1,156,7,target:Scorpion:472
1208,kill,Deer,38,131,3,124,8,killed_by:Sectid:36
1208,hunt_start,Sectid,245,116,8,166,5,target:Shroomer:385
1209,hunt_start,Sectid,11,287,0,152,6,target:Wolf:437
1209,hunt_start,Sectid,15,249,1,156,6,target:Scorpion:472
1209,hunt_start,Sectid,36,130,9,125,1,target:Deer:142
1209,hunt_start,Sectid,245,116,8,166,5,target:Shroomer:385
1210,hunt_start,Sectid,11,287,0,152,5,target:Wolf:437
1210,hunt_start,Sectid,15,249,1,156,7,target:Scorpion:472
1210,hunt_start,Sectid,245,116,8,166,5,target:Shroomer:385
1210,hunt_fail,Fox,440,151,4,72,9,discomfort
1210,reproduce,Monkey,313,144,9,87,5,offspring:1
1211,hunt_start,Sectid,11,287,0,152,5,target:Wolf:437
1211,hunt_start,Sectid,15,249,0,156,7,target:Scorpion:472
1211,hunt_start,Sectid,245,116,8,166,5,target:Shroomer:385
1211,hunt_start,Sectid,620,86,8,163,4,target:Shroomer:388
1212,hunt_start,Sectid,11,287,0,152,5,target:Wolf:437
1212,hunt_start,Sectid,15,249,0,156,6,target:Scorpion:472
1212,hunt_start,Sectid,245,116,8,166,5,target:Shroomer:385
1213,hunt_start,Sectid,11,287,0,152,5,target:Wolf:437
1213,hunt_start,Sectid,15,248,9,156,6,target:Scorpion:472
1213,hunt_start,Sectid,245,116,8,166,5,target:Shroomer:385
1213,reproduce,Parrot,348,53,0,135,2,offspring:1
1213,reproduce,Parrot,571,37,1,96,0,offspring:1
1214,environment_death,Rabbit,106,234,8,91,7,drowning
1214,hunt_start,Sectid,15,248,9,156,7,target:Scorpion:472
1214,hunt_start,Sectid,245,116,8,166,5,target:Shroomer:385
1215,hunt_start,Sectid,15,249,0,156,8,target:Scorpion:472
1215,hunt_start,Sectid,245,116,8,166,5,target:Shroomer:385
1216,hunt_start,Sectid,11,287,1,152,6,target:Lizard:201
1216,hunt_start,Sectid,15,248,9,156,7,target:Scorpion:472
1216,hunt_start,Sectid,245,116,8,166,5,target:Shroomer:385
1217,hunt_start,Sectid,10,285,5,152,5,target:Wolf:437
1217,hunt_start,Sectid,11,287,0,152,6,target:Lizard:201
1217,hunt_start,Sectid,15,248,8,156,6,target:Scorpion:472
1217,hunt_start,Sectid,245,116,8,166,5,target:Shroomer:385
1218,hunt_start,Sectid,15,248,9,156,5,target:Scorpion:472
1218,hunt_start,Sectid,245,116,8,166,5,target:Shroomer:385
1219,hunt_start,Sectid,11,287,0,152,6,target:Wolf:437
1219,hunt_start,Sectid,15,248,8,156,4,target:Scorpion:472
1219,hunt_start,Sectid,245,116,8,166,5,target:Shroomer:385
1220,hunt_start,Sectid,15,248,8,156,3,target:Scorpion:472
1220,hunt_start,Sectid,245,116,8,166,5,target:Shroomer:385
1221,environment_death,Fish,145,117,6,32,9,suffocation
1221,hunt_start,Sectid,11,287,0,152,7,target:Lizard:650
1221,hunt_start,Sectid,15,248,7,156,4,target:Scorpion:472
1221,hunt_start,Sectid,245,116,8,166,5,target:Shroomer:385
1221,reproduce,Fish,256,112,5,30,7,offspring:2
1221,reproduce,Fish,585,106,5,34,7,offspring:2
1221,reproduce,Fish,586,106,5,33,4,offspring:2
1221,reproduce,Fish,589,112,9,29,8,offspring:2
1221,reproduce,Fish,615,112,0,31,6,offspring:2
1221,reproduce,Fish,616,112,9,31,7,offspring:2
1222,hunt_start,Sectid,11,287,1,152,6,target:Lizard:650
1222,hunt_start,Sectid,15,248,8,156,5,target:Scorpion:472
1222,hunt_start,Sectid,24,37,1,104,0,target:Parrot:571
1222,hunt_start,Sectid,245,116,8,166,5,target:Shroomer:385
1223,hunt_start,Sectid,12,285,2,150,8,target:Wolf:437
1223,hunt_start,Sectid,15,248,9,156,4,target:Scorpion:472
1223,hunt_start,Sectid,245,116,8,166,5,target:Shroomer:385
1224,hunt_start,Sectid,15,248,8,156,3,target:Scorpion:472
1224,hunt_start,Sectid,245,116,8,166,5,target:Shroomer:385
1224,reproduce,Fish,173,205,4,9,4,offspring:2
1224,reproduce,Fish,634,204,5,9,2,offspring:2
1225,hunt_start,Sectid,12,285,3,150,9,target:Wolf:437
1225,hunt_start,Sectid,15,248,9,156,4,target:Scorpion:472
1225,hunt_start,Sectid,245,116,8,166,5,target:Shroomer:385
1226,hunt_start,Sectid,12,285,3,150,8,target:Wolf:437
1226,hunt_start,Sectid,15,248,8,156,4,target:Scorpion:472
1226,hunt_start,Sectid,245,116,8,166,5,target:Shroomer:385
1226,reproduce,Monkey,536,128,0,175,7,offspring:1
1227,hunt_start,Sectid,10,286,0,154,1,target:Wolf:437
1227,hunt_start,Sectid,12,285,3,150,8,target:Wolf:437
1227,hunt_start,Sectid,15,248,7,156,5,target:Scorpion:472
1227,hunt_start,Sectid,245,116,8,166,5,target:Shroomer:385
1228,hunt_start,Sectid,10,285,9,154,0,target:Wolf:437
1228,hunt_start,Sectid,15,248,7,156,3,target:Scorpion:472
1228,hunt_start,Sectid,245,116,8,166,5,target:Shroomer:385
1228,kill,Shroomer,396,31,1,240,2,killed_by:Wolf:433
1228,reproduce,Monkey,316,143,8,84,5,offspring:1
1228,reproduce,Wolf,433,31,1,240,9,offspring:1
1229,hunt_start,Sectid,10,286,1,153,9,target:Wolf:437
1229,hunt_start,Sectid,15,248,8,156,2,target:Scorpion:472
1229,hunt_start,Sectid,245,116,8,166,5,target:Shroomer:385
1229,hunt_fail,Wolf,432,31,9,243,9,prey_escaped
1229,hunt_start,Wolf,432,31,9,243,9,target:Shroomer:401
1229,hunt_fail,Wolf,434,38,0,251,6,prey_escaped
1229,hunt_start,Wolf,749,32,7,237,9,target:Shroomer:401
1230,hunt_start,Sectid,10,285,9,153,9,target:Wolf:437
1230,hunt_start,Sectid,15,248,8,156,1,target:Scorpion:472
1230,hunt_start,Sectid,245,116,8,166,5,target:Shroomer:385
1231,hunt_start,Sectid,10,286,1,153,8,target:Wolf:437
1231,hunt_start,Sectid,15,248,9,156,1,target:Scorpion:472
1231,hunt_start,Sectid,245,116,8,166,5,target:Shroomer:385
1232,environment_death,Shroomer,6,146,0,163,1,drowning
1232,hunt_start,Sectid,10,285,9,153,9,target:Wolf:437
1232,hunt_start,Sectid,15,248,9,156,2,target:Scorpion:472
1232,hunt_start,Sectid,245,116,8,166,5,target:Shroomer:385
1233,hunt_start,Sectid,10,286,1,153,8,target:Wolf:437
1233,hunt_start,Sectid,11,287,0,152,8,target:Wolf:437
1233,hunt_start,Sectid,15,248,8,156,2,target:Scorpion:472
1233,hunt_start,Sectid,245,116,8,166,5,target:Shroomer:385
1233,reproduce,Penguin,272,49,6,38,7,offspring:1
1234,hunt_start,Sectid,10,286,0,153,7,target:Wolf:437
1234,hunt_start,Sectid,12,285,3,150,9,target:Wolf:437
1234,hunt_start,Sectid,15,248,8,156,4,target:Scorpion:472
1234,hunt_start,Sectid,245,116,8,166,5,target:Shroomer:385
1234,kill,Shroomer,385,117,8,167,8,killed_by:Sectid:709
1235,hunt_start,Sectid,10,285,8,153,7,target:Wolf:437
1235,hunt_start,Sectid,12,285,3,150,8,target:Wolf:437
1235,hunt_start,Sectid,15,248,9,156,3,target:Scorpion:472
1235,hunt_fail,Sectid,24,36,9,101,2,discomfort
1235,hunt_start,Sectid,245,116,8,166,4,target:Monkey:368
1236,hunt_start,Sectid,10,285,8,153,5,target:Wolf:437
1236,hunt_start,Sectid,12,285,3,150,8,target:Wolf:437
1236,hunt_start,Sectid,15,248,8,156,3,target:Scorpion:472
1236,hunt_start,Sectid,245,116,8,166,3,target:Monkey:368
1237,hunt_start,Sectid,10,285,7,153,3,target:Wolf:437
1237,hunt_start,Sectid,12,285,2,150,8,target:Wolf:437
1237,hunt_start,Sectid,15,248,7,156,3,target:Scorpion:472
1237,hunt_start,Sectid,245,116,8,166,2,target:Crocodile:450
1238,hunt_start,Sectid,10,285,5,153,3,target:Wolf:437
1238,hunt_start,Sectid,15,248,6,156,2,target:Scorpion:472
1238,hunt_start,Sectid,245,116,8,166,1,target:Crocodile:450
1238,reproduce,Fish,140,208,7,12,0,offspring:2
1239,hunt_start,Sectid,10,285,4,153,4,target:Wolf:437
1239,hunt_start,Sectid,15,248,7,156,3,target:Scorpion:472
1239,hunt_start,Sectid,245,116,8,166,0,target:Crocodile:450
1240,hunt_start,Sectid,10,285,3,153,5,target:Wolf:437
1240,hunt_start,Sectid,12,285,3,151,1,target:Wolf:437
1240,hunt_start,Sectid,15,248,6,156,3,target:Scorpion:472
1240,hunt_fail,Sectid,36,128,0,125,8,discomfort
1240,hunt_start,Sectid,245,116,8,165,9,target:Crocodile:450
1241,hunt_start,Sectid,10,285,1,153,6,target:Wolf:437
1241,hunt_start,Sectid,12,285,4,151,0,target:Wolf:437
1241,hunt_start,Sectid,15,248,6,156,2,target:Scorpion:472
1242,hunt_start,Sectid,10,285,0,153,5,target:Wolf:437
1242,hunt_start,Sectid,12,285,4,151,0,target:Wolf:437
1242,hunt_start,Sectid,15,248,5,156,2,target:Scorpion:472
1243,hunt_start,Sectid,10,285,0,153,3,target:Wolf:437
1243,hunt_start,Sectid,12,285,3,150,9,target:Wolf:437
1243,hunt_start,Sectid,15,248,6,156,4,target:Scorpion:472
1244,hunt_start,Sectid,10,285,0,153,1,target:Wolf:437
1244,hunt_start,Sectid,12,285,3,150,8,target:Wolf:437
1244,hunt_start,Sectid,15,248,6,156,3,target:Scorpion:472
1244,kill,Scorpion,472,248,1,155,8,killed_by:Sectid:15
1245,hunt_start,Sectid,10,285,0,152,9,target:Wolf:437
1245,hunt_start,Sectid,12,285,2,150,8,target:Wolf:437
1246,hunt_start,Sectid,10,284,9,153,1,target:Wolf:437
1246,hunt_start,Sectid,12,285,2,150,8,target:Wolf:437
1247,environment_death,Monkey,321,177,1,207,6,drowning
1247,hunt_start,Sectid,10,284,8,152,9,target:Wolf:437
1247,hunt_start,Sectid,12,285,2,150,8,target:Wolf:437
1248,hunt_start,Sectid,10,284,7,152,8,target:Wolf:437
1248,hunt_start,Sectid,12,285,2,150,8,target:Wolf:437
1249,hunt_start,Sectid,10,284,7,152,8,target:Wolf:437
1249,hunt_start,Sectid,12,285,2,150,8,target:Wolf:437
1250,hunt_start,Sectid,10,284,7,152,8,target:Wolf:437
1251,hunt_start,Sectid,10,284,7,152,8,target:Wolf:437
1251,hunt_start,Sectid,12,285,3,150,9,target:Wolf:437
1252,hunt_start,Sectid,10,284,7,152,8,target:Wolf:437
1252,hunt_start,Sectid,12,285,2,150,9,target:Wolf:437
1252,hunt_fail,Wolf,431,225,7,97,4,discomfort
1253,hunt_start,Sectid,10,284,7,152,8,target:Wolf:437
1253,hunt_start,Sectid,12,285,3,150,8,target:Wolf:437
1254,hunt_start,Sectid,10,284,7,152,8,target:Wolf:437
1255,hunt_start,Sectid,10,284,7,152,8,target:Wolf:437
1255,hunt_start,Sectid,12,285,3,150,9,target:Wolf:437
1256,hunt_start,Sectid,10,284,7,152,8,target:Wolf:437
1256,hunt_start,Sectid,12,285,3,150,9,target:Wolf:437
1257,hunt_start,Sectid,10,284,7,152,8,target:Wolf:437
1257,hunt_start,Sectid,12,285,2,150,8,target:Wolf:437
1258,hunt_start,Sectid,10,284,7,152,8,target:Wolf:437
1258,hunt_start,Sectid,12,285,2,150,8,target:Wolf:437
1259,hunt_start,Sectid,10,284,7,152,8,target:Wolf:437
1259,reproduce,Elk,220,210,6,88,0,offspring:1
1260,hunt_start,Sectid,10,284,7,152,8,target:Wolf:437
1260,reproduce,Penguin,283,278,0,75,4,offspring:1
1261,hunt_start,Sectid,10,284,7,152,8,target:Wolf:437
1261,hunt_start,Sectid,11,286,9,152,7,target:Wolf:437
1262,hunt_start,Sectid,10,284,7,152,8,target:Wolf:437
1263,hunt_start,Sectid,10,284,7,152,8,target:Wolf:437
1263,hunt_fail,Wolf,436,62,4,161,7,discomfort
1264,hunt_start,Sectid,10,284,7,152,8,target:Wolf:437
1265,hunt_start,Sectid,10,284,7,152,8,target:Wolf:437
1265,hunt_start,Sectid,11,286,8,153,2,target:Wolf:437
1266,hunt_start,Sectid,10,284,7,152,8,target:Wolf:437
1266,hunt_start,Sectid,11,286,7,153,2,target:Wolf:437
1267,hunt_start,Sectid,10,284,7,152,8,target:Wolf:437
1267,hunt_start,Sectid,11,286,8,153,1,target:Wolf:437
1268,hunt_start,Sectid,10,284,7,152,8,target:Wolf:437
1268,hunt_start,Sectid,11,286,8,153,0,target:Wolf:437
1269,hunt_start,Sectid,10,284,7,152,8,target:Wolf:437
1269,hunt_start,Sectid,11,286,7,153,0,target:Wolf:437
1270,hunt_start,Sectid,10,284,7,152,8,target:Wolf:437
1271,hunt_start,Sectid,10,284,7,152,8,target:Wolf:437
1271,hunt_start,Sectid,11,286,6,152,8,target:Wolf:437
1271,reproduce,Monkey,319,109,0,170,9,offspring:1
1272,hunt_start,Sectid,10,284,7,152,8,target:Wolf:437
1272,hunt_start,Sectid,11,286,5,152,8,target:Wolf:437
1273,hunt_start,Sectid,10,284,7,152,8,target:Wolf:437
1273,hunt_start,Sectid,11,286,6,152,7,target:Wolf:437
1273,hunt_start,Wolf,429,182,0,279,6,target:Deer:493
1274,hunt_start,Sectid,10,284,7,152,8,target:Wolf:437
1274,hunt_start,Arctic Fox,482,286,3,176,0,target:Sectid:606
1275,hunt_start,Sectid,10,284,7,152,8,target:Wolf:437
1275,hunt_start,Sectid,11,286,4,152,6,target:Wolf:437
1276,hunt_start,Sectid,10,284,7,152,8,target:Wolf:437
1276,hunt_start,Sectid,11,286,5,152,6,target:Wolf:437
1277,hunt_start,Sectid,10,284,7,152,8,target:Wolf:437
1277,hunt_start,Sectid,11,286,5,152,5,target:Wolf:437
1277,hunt_fail,Wolf,429,182,2,279,7,discomfort
1277,hunt_fail,Arctic Fox,482,286,2,175,7,discomfort
1278,hunt_start,Sectid,10,284,7,152,8,target:Wolf:437
1278,hunt_start,Sectid,11,286,5,152,5,target:Wolf:437
1278,hunt_fail,Wolf,435,62,5,161,9,discomfort
1279,hunt_start,Sectid,10,284,7,152,8,target:Wolf:437
1280,hunt_start,Sectid,10,284,7,152,8,target:Wolf:437
1281,hunt_start,Sectid,10,284,7,152,8,target:Wolf:437
1281,hunt_start,Sectid,11,286,5,152,5,target:Wolf:437
1282,environment_death,Elk,197,13,2,172,1,drowning
1282,hunt_start,Sectid,10,284,7,152,8,target:Wolf:437
1282,hunt_start,Sectid,11,286,5,152,5,target:Wolf:437
1282,kill,Shroomer,388,89,5,152,9,killed_by:Sectid:620
1283,hunt_start,Sectid,10,284,7,152,8,target:Wolf:437
1283,hunt_start,Sectid,11,286,5,152,5,target:Wolf:437
1283,hunt_start,Sectid,620,89,3,153,4,target:Shroomer:387
1284,hunt_start,Sectid,10,284,7,152,8,target:Wolf:437
1284,hunt_start,Sectid,11,286,5,152,5,target:Wolf:437
1285,hunt_start,Sectid,10,284,7,152,8,target:Wolf:437
1285,hunt_start,Sectid,11,286,5,152,5,target:Wolf:437
1285,hunt_fail,Sectid,620,89,1,153,4,discomfort
1286,hunt_start,Sectid,10,284,7,152,8,target:Wolf:437
1286,hunt_start,Sectid,11,286,5,152,5,target:Wolf:437
1286,kill,Shroomer,401,28,9,237,6,killed_by:Wolf:433
1286,kill,Penguin,532,29,2,22,6,killed_by:Hawk:547
1286,reproduce,Hawk,547,29,5,22,9,offspring:1
1287,hunt_start,Sectid,10,284,7,152,8,target:Wolf:437
1287,hunt_start,Sectid,11,286,5,152,5,target:Wolf:437
1287,hunt_start,Hawk,197,29,1,25,3,target:Monkey:537
1287,hunt_fail,Wolf,432,33,6,244,6,target_died
1287,hunt_start,Wolf,432,33,6,244,6,target:Shroomer:268
1287,hunt_start,Hawk,547,29,4,22,8,target:Monkey:537
1287,hunt_fail,Wolf,749,29,3,237,3,target_died
1287,hunt_start,Wolf,749,29,3,237,3,target:Rabbit:114
1288,hunt_start,Sectid,10,284,7,152,8,target:Wolf:437
1288,hunt_start,Sectid,11,286,5,152,5,target:Wolf:437
1288,hunt_start,Fox,444,161,4,75,2,target:Monkey:655
1289,hunt_start,Sectid,10,284,7,152,8,target:Wolf:437
1289,hunt_start,Sectid,11,286,5,152,5,target:Wolf:437
1290,hunt_start,Sectid,10,284,7,152,8,target:Wolf:437
1290,hunt_start,Sectid,11,286,5,152,5,target:Wolf:437
1290,hunt_start,Wolf,429,182,0,280,0,target:Deer:493
1291,hunt_start,Sectid,10,284,7,152,8,target:Wolf:437
1292,hunt_start,Sectid,10,284,7,152,8,target:Wolf:437
1292,hunt_start,Sectid,11,286,5,152,5,target:Wolf:437
1293,hunt_start,Sectid,10,284,7,152,8,target:Wolf:437
1293,hunt_start,Sectid,11,286,5,152,5,target:Wolf:437
1293,hunt_fail,Wolf,429,182,2,280,1,discomfort
1293,hunt_fail,Wolf,431,226,0,97,0,discomfort
1294,hunt_start,Sectid,10,284,7,152,8,target:Wolf:437
1295,hunt_start,Sectid,10,284,7,152,8,target:Wolf:437
1295,hunt_start,Sectid,11,286,5,152,5,target:Wolf:437
1295,reproduce,Rabbit,127,89,1,220,7,offspring:2
1296,hunt_start,Sectid,10,284,7,152,8,target:Wolf:437
1296,hunt_start,Sectid,11,286,5,152,5,target:Wolf:437
1297,hunt_start,Sectid,10,284,7,152,8,target:Wolf:437
1297,hunt_start,Sectid,11,286,5,152,5,target:Wolf:437
1298,hunt_start,Sectid,10,284,7,152,8,target:Wolf:437
1298,hunt_start,Sectid,11,286,5,152,5,target:Wolf:437
1298,hunt_fail,Wolf,431,226,0,96,9,discomfort
1299,hunt_start,Sectid,10,284,7,152,8,target:Wolf:437
1299,hunt_start,Sectid,11,286,5,152,5,target:Wolf:437
1300,environment_death,Tapir,366,232,9,99,3,drowning
1300,hunt_start,Sectid,10,284,7,152,8,target:Wolf:437
1300,hunt_start,Sectid,11,286,5,152,5,target:Wolf:437
1300,hunt_fail,Wolf,430,225,6,88,6,target_died
1300,hunt_start,Wolf,430,225,6,88,6,target:Tapir:662
1301,hunt_start,Sectid,10,284,7,152,8,target:Wolf:437
1301,hunt_start,Sectid,31,186,1,223,2,target:Lizard:520
1301,hunt_start,Hawk,550,112,6,243,3,target:Monkey:314
1302,hunt_start,Sectid,10,284,7,152,8,target:Wolf:437
1303,hunt_start,Sectid,10,284,7,152,8,target:Wolf:437
1303,hunt_start,Sectid,11,286,5,152,5,target:Wolf:437
1304,hunt_start,Sectid,10,284,7,152,8,target:Wolf:437
1304,hunt_start,Wolf,429,182,0,280,4,target:Deer:493
1305,hunt_start,Sectid,10,284,7,152,8,target:Wolf:437
1305,hunt_start,Sectid,11,286,5,152,7,target:Wolf:437
1306,hunt_start,Sectid,10,284,7,152,8,target:Wolf:437
1306,hunt_start,Sectid,11,286,5,152,6,target:Wolf:437
1307,hunt_start,Sectid,10,284,7,152,8,target:Wolf:437
1307,hunt_start,Sectid,11,286,6,152,5,target:Wolf:437
1308,hunt_start,Sectid,10,284,7,152,8,target:Wolf:437
1308,hunt_start,Sectid,11,286,6,152,5,target:Wolf:437
1308,hunt_fail,Wolf,429,182,2,280,4,discomfort
1308,hunt_fail,Wolf,431,226,2,96,4,discomfort
1309,hunt_start,Sectid,10,284,7,152,8,target:Wolf:437
1310,hunt_start,Sectid,10,284,7,152,8,target:Wolf:437
1311,hunt_start,Sectid,10,284,7,152,8,target:Wolf:437
1311,hunt_start,Sectid,11,286,5,152,8,target:Wolf:437
1312,hunt_start,Sectid,10,284,7,152,8,target:Wolf:437
1312,hunt_start,Sectid,11,286,6,152,7,target:Wolf:437
1313,hunt_start,Sectid,10,284,7,152,8,target:Wolf:437
1313,hunt_start,Arctic Fox,482,286,7,176,2,target:Sectid:606
1314,hunt_start,Sectid,10,284,7,152,8,target:Wolf:437
1314,hunt_start,Sectid,11,286,6,152,6,target:Wolf:437
1315,hunt_start,Sectid,10,284,7,152,8,target:Wolf:437
1315,hunt_start,Sectid,11,286,6,152,5,target:Wolf:437
1316,hunt_start,Sectid,10,284,7,152,8,target:Wolf:437
1316,kill,Boar,543,16,2,187,2,killed_by:Jaguar:369
1316,reproduce,Boar,455,22,3,195,1,offspring:2
1316,reproduce,Boar,456,30,4,179,2,offspring:2
1316,reproduce,Boar,457,21,9,194,4,offspring:2
1317,hunt_start,Sectid,10,284,7,152,8,target:Wolf:437
1317,hunt_start,Sectid,11,286,6,152,5,target:Wolf:437
1317,hunt_start,Jaguar,369,16,8,187,2,target:Deer:78
1318,hunt_start,Sectid,10,284,7,152,8,target:Wolf:437
1318,hunt_start,Sectid,11,286,6,152,5,target:Wolf:437
1319,hunt_start,Sectid,10,284,7,152,8,target:Wolf:437
1319,hunt_start,Sectid,11,286,6,152,5,target:Wolf:437
1319,hunt_fail,Arctic Fox,482,286,5,175,6,discomfort
1320,hunt_start,Sectid,10,284,7,152,8,target:Wolf:437
1320,reproduce,Rabbit,99,284,1,49,5,offspring:2
1320,reproduce,Musk Ox,312,112,2,187,2,offspring:1
1321,environment_death,Sectid,9,287,4,154,2,drowning
1321,hunt_start,Sectid,10,284,7,152,8,target:Wolf:437
1321,hunt_start,Sectid,11,286,7,152,6,target:Wolf:437
1322,starvation,Fish,554,187,6,15,5,
1322,starvation,Fish,562,189,6,18,4,
1322,hunt_start,Sectid,10,284,7,152,8,target:Wolf:437
1322,hunt_start,Sectid,11,286,8,152,6,target:Wolf:437
1322,hunt_start,Wolf,429,182,0,280,8,target:Deer:493
1323,hunt_start,Sectid,10,284,7,152,8,target:Wolf:437
1324,hunt_start,Sectid,10,284,7,152,8,target:Wolf:437
1324,hunt_start,Sectid,11,286,8,152,5,target:Wolf:437
1324,hunt_start,Sectid,24,37,5,103,7,target:Parrot:300
1324,hunt_fail,Wolf,429,182,1,280,8,discomfort
1325,hunt_start,Sectid,10,284,7,152,8,target:Wolf:437
1326,hunt_start,Sectid,10,284,7,152,8,target:Wolf:437
1327,hunt_start,Sectid,10,284,7,152,8,target:Wolf:437
1327,hunt_start,Sectid,11,286,7,152,8,target:Wolf:437
1328,hunt_start,Sectid,10,284,7,152,8,target:Wolf:437
1328,hunt_start,Sectid,11,286,6,152,7,target:Wolf:437
1328,hunt_start,Boar,676,185,0,206,5,target:Monkey:324
1329,hunt_start,Sectid,10,284,7,152,8,target:Wolf:437
1330,hunt_start,Sectid,10,284,7,152,8,target:Wolf:437
1331,hunt_start,Sectid,10,284,7,152,8,target:Wolf:437
1331,hunt_start,Sectid,11,286,7,152,5,target:Wolf:437
1332,hunt_start,Sectid,10,284,7,152,8,target:Wolf:437
1332,hunt_start,Sectid,11,286,7,152,5,target:Wolf:437
1332,hunt_fail,Sectid,24,38,5,102,3,discomfort
1332,hunt_fail,Sectid,31,188,5,217,6,discomfort
1332,hunt_start,Wolf,429,182,0,281,0,target:Deer:493
1333,hunt_start,Sectid,10,284,7,152,8,target:Wolf:437
1333,hunt_start,Sectid,11,286,7,152,5,target:Wolf:437
1334,hunt_start,Sectid,10,284,7,152,8,target:Wolf:437
1334,hunt_start,Sectid,11,286,7,152,5,target:Wolf:437
1335,hunt_start,Sectid,10,284,7,152,8,target:Wolf:437
1335,hunt_start,Sectid,11,286,7,152,5,target:Wolf:437
1336,hunt_start,Sectid,10,284,7,152,8,target:Wolf:437
1337,hunt_start,Sectid,10,284,7,152,8,target:Wolf:437
1337,hunt_start,Sectid,11,286,7,152,6,target:Wolf:437
1337,hunt_fail,Wolf,432,35,6,245,2,target_died
1337,hunt_start,Wolf,432,35,6,245,2,target:Shroomer:9
1337,hunt_fail,Wolf,433,34,1,244,8,target_died
1337,reproduce,Penguin,282,279,6,47,2,offspring:1
1338,hunt_start,Sectid,10,284,7,152,8,target:Wolf:437
1338,hunt_start,Sectid,11,286,8,152,5,target:Wolf:437
1339,hunt_start,Sectid,10,284,7,152,8,target:Wolf:437
1339,hunt_start,Sectid,11,286,8,152,4,target:Wolf:437
1339,hunt_fail,Wolf,429,182,4,280,9,discomfort
1340,hunt_start,Sectid,10,284,7,152,8,target:Wolf:437
1341,hunt_start,Sectid,10,284,7,152,8,target:Wolf:437
1342,hunt_start,Sectid,10,284,7,152,8,target:Wolf:437
1342,hunt_start,Sectid,11,286,7,152,7,target:Wolf:437
1343,hunt_start,Sectid,10,284,7,152,8,target:Wolf:437
1344,hunt_start,Sectid,10,284,7,152,8,target:Wolf:437
1344,hunt_start,Sectid,11,286,6,152,6,target:Wolf:437
1345,hunt_start,Sectid,10,284,7,152,8,target:Wolf:437
1345,hunt_start,Sectid,11,286,6,152,5,target:Wolf:437
1346,environment_death,Elk,195,256,5,269,3,drowning
1346,hunt_start,Sectid,10,284,7,152,8,target:Wolf:437
1346,hunt_start,Sectid,11,286,6,152,5,target:Wolf:437
1347,hunt_start,Sectid,10,284,7,152,8,target:Wolf:437
1347,hunt_start,Sectid,11,286,6,152,5,target:Wolf:437
1348,hunt_start,Sectid,10,284,7,152,8,target:Wolf:437
1348,hunt_start,Sectid,11,286,6,152,5,target:Wolf:437
1349,hunt_start,Sectid,10,284,7,152,8,target:Wolf:437
1350,hunt_start,Sectid,10,284,7,152,8,target:Wolf:437
1351,hunt_start,Sectid,10,284,7,152,8,target:Wolf:437
1351,hunt_start,Sectid,11,286,5,152,6,target:Wolf:437
1353,hunt_start,Sectid,11,286,5,152,7,target:Wolf:437
1354,environment_death,Fish,140,210,7,12,0,suffocation
1354,hunt_start,Sectid,11,286,5,152,6,target:Wolf:437
1355,hunt_start,Sectid,10,284,8,153,2,target:Wolf:437
1355,hunt_start,Sectid,11,286,4,152,6,target:Wolf:437
1355,hunt_start,Sectid,532,107,5,130,3,target:Rabbit:496
1355,reproduce,Monkey,327,192,0,208,6,offspring:1
1356,hunt_start,Sectid,10,284,8,153,0,target:Wolf:437
1356,hunt_start,Sectid,11,286,4,152,6,target:Wolf:437
1357,hunt_start,Sectid,10,284,8,152,9,target:Wolf:437
1357,hunt_start,Sectid,11,286,4,152,5,target:Wolf:437
1358,hunt_start,Sectid,10,284,7,152,8,target:Wolf:437
1358,hunt_start,Sectid,11,286,4,152,5,target:Wolf:437
1358,hunt_start,Jaguar,486,108,4,286,4,target:Tapir:595
1359,hunt_start,Sectid,10,284,7,152,7,target:Wolf:437
1360,hunt_start,Sectid,10,284,7,152,7,target:Wolf:437
1361,hunt_start,Sectid,10,284,7,152,7,target:Wolf:437
1361,hunt_start,Sectid,11,286,4,152,5,target:Wolf:437
1362,hunt_start,Sectid,10,284,7,152,7,target:Wolf:437
1363,hunt_start,Sectid,10,284,7,152,7,target:Wolf:437
1363,hunt_start,Sectid,11,286,3,152,6,target:Wolf:437
1363,hunt_start,Wolf,429,182,0,281,6,target:Deer:493
1363,kill,Rabbit,114,29,5,236,8,killed_by:Wolf:749
1364,hunt_start,Sectid,10,284,7,152,7,target:Wolf:437
1364,hunt_start,Sectid,11,286,4,152,5,target:Wolf:437
1364,hunt_start,Arctic Fox,482,286,9,176,3,target:Sectid:606
1364,hunt_start,Wolf,749,29,8,236,4,target:Frog:159
1365,hunt_start,Sectid,10,284,7,152,7,target:Wolf:437
1366,hunt_start,Sectid,10,284,7,152,7,target:Wolf:437
1367,hunt_start,Sectid,10,284,7,152,7,target:Wolf:437
1367,hunt_start,Sectid,11,286,4,152,8,target:Wolf:437
1367,kill,Penguin,287,105,2,46,1,killed_by:Arctic Fox:551
1368,hunt_start,Sectid,10,284,7,152,7,target:Wolf:437
1368,hunt_start,Sectid,11,286,3,152,8,target:Wolf:437
1369,hunt_start,Sectid,11,286,2,152,8,target:Wolf:437
1370,hunt_start,Sectid,11,286,3,152,7,target:Wolf:437
1370,hunt_fail,Wolf,429,182,4,281,5,discomfort
1370,reproduce,Tapir,353,51,8,129,2,offspring:1
1371,hunt_start,Sectid,10,284,9,152,9,target:Wolf:437
1371,hunt_start,Sectid,11,286,3,152,6,target:Wolf:437
1372,hunt_start,Sectid,10,284,8,152,8,target:Wolf:437
1373,hunt_start,Sectid,10,284,7,152,8,target:Wolf:437
1373,hunt_fail,Arctic Fox,482,286,6,175,3,discomfort
1374,hunt_start,Sectid,10,284,7,152,8,target:Wolf:437
1374,hunt_start,Sectid,11,286,1,152,6,target:Wolf:437
1375,hunt_start,Sectid,10,284,7,152,8,target:Wolf:437
1375,hunt_start,Sectid,11,286,1,152,6,target:Wolf:437
1376,environment_death,Fish,136,210,4,13,9,suffocation
1376,hunt_start,Sectid,11,286,1,152,6,target:Wolf:437
1377,hunt_start,Sectid,11,286,1,152,6,target:Wolf:437
1378,hunt_start,Sectid,10,284,6,153,0,target:Wolf:437
1378,hunt_start,Sectid,11,286,1,152,6,target:Wolf:437
1379,hunt_start,Sectid,10,284,7,152,9,target:Wolf:437
1380,hunt_start,Sectid,10,284,6,152,8,target:Wolf:437
1380,hunt_start,Sectid,11,286,1,152,7,target:Wolf:437
1380,reproduce,Penguin,276,281,7,65,2,offspring:1
1381,hunt_start,Sectid,11,286,2,152,6,target:Wolf:437
1381,reproduce,Tapir,373,145,0,85,2,offspring:1
1383,hunt_start,Sectid,10,284,7,152,8,target:Wolf:437
1384,hunt_start,Sectid,11,286,2,152,7,target:Wolf:437
1384,hunt_start,Jaguar,487,9,8,211,1,target:Deer:613
1385,hunt_start,Sectid,10,284,6,152,9,target:Wolf:437
1385,hunt_start,Sectid,11,286,1,152,6,target:Wolf:437
1385,reproduce,Penguin,286,132,7,45,7,offspring:1
1386,hunt_start,Sectid,10,284,5,152,9,target:Wolf:437
1387,hunt_start,Sectid,10,284,5,152,8,target:Wolf:437
1387,hunt_start,Sectid,11,286,1,152,6,target:Wolf:437
1389,hunt_start,Sectid,11,286,0,152,8,target:Wolf:437
1390,hunt_start,Sectid,10,284,6,152,8,target:Wolf:437
1390,hunt_start,Sectid,11,286,1,152,7,target:Wolf:437
1391,hunt_start,Sectid,11,286,1,152,6,target:Wolf:437
1393,hunt_start,Sectid,10,284,6,153,0,target:Wolf:437
1394,hunt_start,Sectid,10,284,5,153,0,target:Wolf:437
1394,hunt_start,Sectid,11,286,1,152,7,target:Wolf:437
1394,hunt_start,Wolf,429,182,0,282,1,target:Deer:493
1394,reproduce,Camel,251,80,8,240,0,offspring:1
1395,hunt_start,Sectid,10,284,4,153,0,target:Wolf:437
1395,hunt_start,Sectid,11,286,2,152,6,target:Wolf:437
1396,kill,Lizard,525,38,1,207,7,killed_by:Hawk:467
1397,hunt_start,Sectid,11,286,2,152,7,target:Wolf:437
1397,hunt_start,Hawk,467,38,3,207,7,target:Lizard:696
1398,hunt_start,Sectid,10,284,4,152,9,target:Wolf:437
1399,hunt_start,Sectid,10,284,4,152,9,target:Wolf:437
1399,hunt_start,Sectid,11,286,2,152,6,target:Wolf:437
1400,hunt_start,Sectid,10,284,4,152,9,target:Wolf:437
1400,reproduce,Parrot,352,43,7,95,2,offspring:1
1401,hunt_start,Sectid,10,284,4,152,9,target:Wolf:437
1401,hunt_fail,Wolf,429,182,4,281,9,discomfort
1402,hunt_start,Sectid,11,286,4,152,6,target:Wolf:437
1403,hunt_start,Sectid,10,284,3,153,0,target:Wolf:437
1403,hunt_start,Sectid,11,286,4,152,5,target:Wolf:437
1404,hunt_start,Sectid,10,284,3,152,9,target:Wolf:437
1406,hunt_start,Sectid,10,284,4,153,0,target:Wolf:437
1406,hunt_start,Sectid,11,286,3,152,7,target:Wolf:437
1406,reproduce,Lizard,229,192,0,194,4,offspring:2
1407,hunt_start,Sectid,10,284,4,152,8,target:Wolf:437
1407,hunt_start,Sectid,11,286,4,152,6,target:Wolf:437
1409,hunt_start,Sectid,10,284,6,152,9,target:Wolf:437
1411,hunt_start,Sectid,11,286,5,152,5,target:Wolf:437
1412,hunt_start,Sectid,11,286,5,152,5,target:Wolf:437
1413,reproduce,Parrot,349,52,1,136,0,offspring:1
1414,hunt_start,Sectid,10,284,5,153,0,target:Wolf:437
1414,hunt_start,Sectid,11,286,6,152,6,target:Wolf:437
1415,hunt_start,Sectid,10,284,4,152,9,target:Wolf:437
1415,hunt_start,Sectid,11,286,6,152,5,target:Wolf:437
1417,hunt_start,Sectid,10,284,4,152,8,target:Wolf:437
1417,hunt_start,Sectid,11,286,5,152,6,target:Wolf:437
1418,hunt_start,Sectid,10,284,4,152,8,target:Wolf:437
1418,hunt_start,Sectid,11,286,6,152,5,target:Wolf:437
1419,hunt_start,Sectid,10,284,4,152,8,target:Wolf:437
1419,hunt_start,Sectid,11,286,7,152,5,target:Wolf:437
1420,hunt_start,Sectid,11,286,7,152,5,target:Wolf:437
1421,hunt_start,Jaguar,370,34,9,197,1,target:Lizard:696
1422,hunt_start,Sectid,11,286,7,152,6,target:Wolf:437
1422,hunt_start,Wolf,429,182,0,282,4,target:Deer:493
1423,hunt_start,Sectid,10,284,6,152,9,target:Wolf:437
1423,hunt_start,Sectid,11,286,7,152,5,target:Wolf:437
1424,hunt_fail,Wolf,429,182,1,282,4,discomfort
1425,environment_death,Shroomer,378,248,0,272,9,drowning
1425,hunt_start,Sectid,10,284,6,152,8,target:Wolf:437
1425,hunt_start,Sectid,11,286,8,152,6,target:Wolf:437
1426,hunt_start,Sectid,11,286,8,152,5,target:Wolf:437
1428,hunt_start,Arctic Fox,551,103,0,44,3,target:Fish:642
1429,hunt_start,Sectid,10,284,7,152,9,target:Wolf:437
1430,hunt_start,Sectid,10,284,6,152,9,target:Wolf:437
1430,hunt_start,Wolf,429,182,0,282,5,target:Deer:493
1431,hunt_start,Sectid,11,287,0,152,6,target:Wolf:437
1432,hunt_start,Sectid,11,287,0,152,5,target:Wolf:437
1432,hunt_fail,Wolf,429,182,1,282,5,discomfort
1433,hunt_start,Sectid,10,284,5,152,8,target:Wolf:437
1433,hunt_start,Sectid,11,286,9,152,5,target:Wolf:437
1433,reproduce,Deer,82,79,5,271,5,offspring:1
1434,hunt_start,Sectid,11,286,9,152,5,target:Wolf:437
1435,hunt_start,Sectid,11,286,9,152,5,target:Wolf:437
1436,hunt_start,Sectid,10,284,6,153,0,target:Wolf:437
1436,hunt_start,Sectid,11,286,9,152,5,target:Wolf:437
1437,hunt_start,Sectid,10,284,7,152,9,target:Wolf:437
1437,hunt_start,Sectid,11,286,9,152,5,target:Wolf:437
1438,hunt_start,Sectid,10,284,5,152,9,target:Wolf:437
1438,hunt_start,Wolf,429,182,0,282,6,target:Deer:493
1439,hunt_start,Sectid,10,284,4,152,9,target:Wolf:437
1439,hunt_start,Sectid,11,286,9,152,6,target:Wolf:437
1439,reproduce,Tapir,364,95,4,282,5,offspring:1
1440,hunt_start,Sectid,11,286,9,152,5,target:Wolf:437
1440,hunt_fail,Wolf,429,182,1,282,6,discomfort
1441,hunt_start,Sectid,10,284,4,152,9,target:Wolf:437
1442,hunt_start,Sectid,11,287,0,152,6,target:Wolf:437
1442,hunt_start,Sectid,21,37,4,105,4,target:Parrot:541
1443,hunt_start,Sectid,10,284,4,152,9,target:Wolf:437
1443,hunt_start,Sectid,12,284,7,150,9,target:Wolf:437
1446,hunt_start,Sectid,10,284,4,152,9,target:Wolf:437
1446,hunt_start,Sectid,12,284,7,151,0,target:Wolf:437
1446,hunt_start,Wolf,429,182,0,282,7,target:Deer:493
1448,hunt_fail,Wolf,429,182,1,282,6,discomfort
1449,hunt_start,Sectid,10,284,4,152,9,target:Wolf:437
1449,kill,Deer,78,10,4,180,9,killed_by:Jaguar:369
1450,hunt_fail,Sectid,21,38,4,106,9,discomfort
1450,hunt_fail,Sectid,532,91,5,144,5,discomfort
1451,hunt_start,Sectid,12,284,6,151,2,target:Wolf:437
1452,hunt_start,Sectid,12,284,6,151,1,target:Wolf:437
1452,hunt_start,Sectid,16,272,0,160,3,target:Wolf:437
1453,hunt_start,Sectid,10,284,5,153,0,target:Wolf:437
1453,hunt_start,Sectid,12,284,5,151,1,target:Wolf:437
1454,hunt_start,Sectid,10,284,4,153,0,target:Wolf:437
1454,hunt_start,Sectid,12,284,5,151,1,target:Wolf:437
1454,hunt_start,Wolf,429,182,0,282,7,target:Deer:493
1455,hunt_start,Sectid,10,284,4,152,8,target:Wolf:437
1455,hunt_start,Sectid,12,284,6,151,0,target:Wolf:437
1455,hunt_fail,Wolf,429,182,0,282,7,discomfort
1455,reproduce,Parrot,340,43,5,247,0,offspring:1
1456,hunt_start,Sectid,12,284,6,151,0,target:Wolf:437
1456,hunt_start,Arctic Fox,482,286,6,176,0,target:Sectid:606
1459,hunt_start,Sectid,10,284,5,153,0,target:Wolf:437
1459,hunt_start,Sectid,12,284,8,151,3,target:Wolf:437
1459,hunt_start,Wolf,429,182,0,282,8,target:Deer:493
1460,hunt_start,Sectid,10,284,5,152,9,target:Wolf:437
1460,hunt_start,Sectid,12,284,7,151,3,target:Wolf:437
1461,hunt_start,Sectid,10,284,4,152,8,target:Wolf:437
1461,hunt_start,Sectid,12,284,8,151,3,target:Wolf:437
1462,hunt_start,Sectid,10,284,4,152,8,target:Wolf:437
1462,hunt_start,Sectid,12,284,7,151,2,target:Wolf:437
1463,hunt_start,Sectid,10,284,4,152,8,target:Wolf:437
1463,hunt_start,Sectid,12,284,6,151,2,target:Wolf:437
1463,hunt_fail,Wolf,429,182,2,282,7,discomfort
1464,hunt_start,Sectid,12,284,6,151,1,target:Wolf:437
1465,hunt_start,Sectid,10,284,5,152,9,target:Wolf:437
1465,hunt_start,Sectid,12,284,6,151,0,target:Wolf:437
1465,hunt_fail,Arctic Fox,482,286,3,175,1,discomfort
1466,hunt_start,Sectid,12,284,6,151,0,target:Wolf:437
1467,hunt_start,Sectid,12,284,6,151,0,target:Wolf:437
1467,reproduce,Camel,260,78,7,118,4,offspring:1
1468,hunt_start,Sectid,10,284,5,152,8,target:Wolf:437
1468,hunt_start,Sectid,12,284,6,151,0,target:Wolf:437
1468,reproduce,Monkey,318,100,3,191,1,offspring:1
1469,hunt_start,Sectid,12,284,6,151,0,target:Wolf:437
1470,hunt_start,Sectid,12,284,6,151,0,target:Wolf:437
1471,hunt_start,Sectid,10,284,6,153,1,target:Wolf:437
1471,hunt_start,Sectid,12,284,6,151,0,target:Wolf:437
1472,hunt_start,Sectid,10,284,5,152,9,target:Wolf:437
1472,hunt_start,Sectid,12,284,6,151,0,target:Wolf:437
1473,hunt_start,Sectid,10,284,6,152,8,target:Wolf:437
1473,hunt_start,Sectid,12,284,6,151,0,target:Wolf:437
1474,hunt_start,Sectid,10,284,6,152,8,target:Wolf:437
1474,hunt_start,Wolf,429,182,0,282,9,target:Deer:493
1475,environment_death,Camel,265,44,5,159,8,drowning
1475,hunt_start,Sectid,12,284,6,151,1,target:Wolf:437
1476,hunt_start,Sectid,10,284,6,152,8,target:Wolf:437
1476,hunt_start,Sectid,12,284,6,151,1,target:Wolf:437
1476,hunt_fail,Snake,475,134,7,227,3,discomfort
1477,hunt_start,Sectid,12,284,5,151,1,target:Wolf:437
1477,kill,Tapir,662,237,2,79,1,killed_by:Wolf:430
1478,hunt_start,Sectid,10,284,5,153,0,target:Wolf:437
1478,hunt_start,Wolf,430,236,7,79,0,target:Tapir:542
1478,hunt_fail,Wolf,431,236,4,79,5,target_died
1479,hunt_start,Sectid,10,284,4,152,9,target:Wolf:437
1479,hunt_start,Sectid,12,284,6,151,2,target:Wolf:437
1479,hunt_fail,Wolf,429,182,2,282,8,discomfort
1479,kill,Monkey,537,43,1,0,0,killed_by:Hawk:547
1479,reproduce,Monkey,93,48,3,13,4,offspring:1
1479,reproduce,Monkey,329,61,0,26,4,offspring:1
1479,reproduce,Monkey,332,55,7,26,4,offspring:1
1479,reproduce,Monkey,334,57,7,27,0,offspring:1
1479,reproduce,Monkey,538,50,5,25,2,offspring:1
1479,reproduce,Monkey,558,40,7,21,4,offspring:1
1480,hunt_start,Sectid,12,284,7,151,1,target:Wolf:437
1480,hunt_start,Hawk,547,43,4,-0,0,target:Monkey:265
1481,hunt_start,Sectid,11,286,8,152,8,target:Wolf:437
1482,hunt_start,Sectid,10,284,4,153,0,target:Wolf:437
1483,hunt_start,Sectid,10,284,3,152,9,target:Wolf:437
1483,hunt_start,Sectid,11,286,7,153,0,target:Wolf:437
1484,hunt_start,Sectid,11,286,7,152,9,target:Wolf:437
1485,hunt_start,Sectid,10,284,4,152,9,target:Wolf:437
1485,reproduce,Parrot,619,39,6,251,6,offspring:1
1487,hunt_start,Sectid,11,286,7,152,6,target:Wolf:437
1488,hunt_start,Sectid,10,284,4,152,9,target:Wolf:437
1488,hunt_start,Sectid,11,286,7,152,5,target:Wolf:437
1489,hunt_start,Sectid,11,286,7,152,5,target:Wolf:437
1490,hunt_start,Sectid,10,284,5,152,9,target:Wolf:437
1490,hunt_start,Sectid,11,286,7,152,5,target:Wolf:437
1491,hunt_start,Sectid,11,286,7,152,5,target:Wolf:437
1492,hunt_start,Sectid,11,286,7,152,5,target:Wolf:437
1493,hunt_start,Sectid,10,284,6,152,7,target:Wolf:437
1493,hunt_start,Sectid,11,286,7,152,5,target:Wolf:437
1494,hunt_start,Sectid,11,286,7,152,5,target:Wolf:437
1494,hunt_start,Arctic Fox,552,200,6,117,6,target:Lizard:528
1495,hunt_start,Sectid,10,284,6,152,8,target:Wolf:437
1495,hunt_start,Sectid,11,286,7,152,5,target:Wolf:437
1495,hunt_start,Wolf,429,182,0,283,1,target:Deer:493
1497,hunt_start,Sectid,10,284,7,152,8,target:Wolf:437
1497,hunt_start,Sectid,11,286,6,152,7,target:Wolf:437
1497,reproduce,Deer,65,160,0,38,3,offspring:1
1498,hunt_start,Sectid,10,284,6,152,7,target:Wolf:437
1498,hunt_start,Sectid,11,286,6,152,6,target:Wolf:437
1499,hunt_start,Sectid,11,286,6,152,5,target:Wolf:437
1500,hunt_start,Sectid,11,286,6,152,5,target:Wolf:437
1500,reproduce,Penguin,531,51,6,40,7,offspring:1
1500,reproduce,Boar,545,201,7,200,5,offspring:2
1500,reproduce,Boar,546,204,4,196,5,offspring:2
1501,hunt_start,Sectid,10,284,7,153,0,target:Wolf:437
1502,hunt_fail,Wolf,429,182,3,282,8,discomfort
1503,hunt_start,Sectid,10,284,5,152,8,target:Wolf:437
1503,hunt_start,Sectid,11,286,6,152,6,target:Wolf:437
1504,hunt_start,Sectid,10,284,5,152,8,target:Wolf:437
1505,hunt_start,Sectid,11,286,7,152,7,target:Wolf:437
1506,hunt_start,Sectid,10,284,5,152,8,target:Wolf:437
1506,hunt_start,Sectid,11,286,7,152,6,target:Wolf:437
1506,hunt_start,Sectid,23,37,6,105,6,target:Parrot:541
1506,reproduce,Deer,60,195,9,134,3,offspring:1
1507,hunt_start,Sectid,11,286,7,152,5,target:Wolf:437
1508,hunt_start,Sectid,11,286,7,152,5,target:Wolf:437
1509,hunt_start,Sectid,10,284,6,153,1,target:Wolf:437
1509,hunt_start,Sectid,11,286,7,152,5,target:Wolf:437
1510,hunt_start,Sectid,10,284,6,153,0,target:Wolf:437
1511,hunt_start,Sectid,10,284,5,153,0,target:Wolf:437
1511,hunt_fail,Sectid,23,38,2,106,6,discomfort
1511,reproduce,Elk,211,30,5,120,7,offspring:1
1511,reproduce,Elk,216,30,5,118,7,offspring:1
1511,reproduce,Elk,218,30,6,119,4,offspring:1
1511,reproduce,Elk,219,31,3,116,7,offspring:1
1512,hunt_start,Sectid,10,284,4,152,9,target:Wolf:437
1513,hunt_start,Sectid,10,284,4,152,9,target:Wolf:437
1514,hunt_start,Sectid,10,284,4,152,9,target:Wolf:437
1514,hunt_start,Sectid,11,286,7,152,6,target:Wolf:437
1515,hunt_start,Sectid,11,286,8,152,6,target:Wolf:437
1516,hunt_start,Sectid,10,284,4,152,9,target:Wolf:437
1516,hunt_start,Sectid,11,286,8,152,6,target:Wolf:437
1517,hunt_start,Sectid,11,286,9,152,5,target:Wolf:437
1519,hunt_start,Sectid,10,284,3,152,9,target:Wolf:437
1519,hunt_start,Sectid,11,286,8,152,6,target:Wolf:437
1520,hunt_start,Sectid,11,286,8,152,5,target:Wolf:437
1521,hunt_start,Sectid,10,284,3,153,1,target:Wolf:437
1521,hunt_start,Sectid,11,286,8,152,4,target:Wolf:437
1522,hunt_start,Sectid,10,284,3,152,9,target:Wolf:437
1523,hunt_start,Sectid,10,284,3,152,9,target:Wolf:437
1523,hunt_start,Sectid,11,286,7,152,6,target:Wolf:437
1523,hunt_start,Arctic Fox,484,59,0,22,1,target:Rabbit:121
1524,hunt_start,Sectid,21,38,1,105,8,target:Parrot:541
1525,hunt_start,Sectid,10,284,4,153,0,target:Wolf:437
1525,hunt_start,Sectid,11,286,8,152,7,target:Wolf:437
1526,hunt_start,Sectid,11,286,9,152,6,target:Wolf:437
1527,hunt_start,Sectid,10,284,4,153,0,target:Wolf:437
1527,hunt_start,Sectid,11,286,8,152,6,target:Wolf:437
1528,hunt_start,Sectid,10,284,5,152,9,target:Wolf:437
1528,hunt_fail,Sectid,21,38,6,106,5,discomfort
1529,hunt_start,Sectid,10,284,4,152,9,target:Wolf:437
1530,hunt_start,Sectid,11,286,7,152,5,target:Wolf:437
1530,kill,Frog,159,19,2,233,6,killed_by:Wolf:749
1531,hunt_start,Wolf,749,19,1,234,0,target:Frog:160
1532,hunt_start,Sectid,11,286,7,152,6,target:Wolf:437
1533,hunt_start,Sectid,10,284,6,153,1,target:Wolf:437
1533,hunt_start,Sectid,11,286,6,152,6,target:Wolf:437
1535,hunt_start,Sectid,10,284,4,153,0,target:Wolf:437
1535,hunt_start,Sectid,11,286,6,152,7,target:Wolf:437
1536,hunt_start,Sectid,11,286,7,152,6,target:Wolf:437
1537,hunt_start,Sectid,10,284,3,152,9,target:Wolf:437
1537,hunt_start,Sectid,11,286,6,152,5,target:Wolf:437
1538,hunt_start,Sectid,10,284,3,152,9,target:Wolf:437
1538,hunt_start,Sectid,11,286,6,152,5,target:Wolf:437
1539,hunt_start,Sectid,10,284,3,152,9,target:Wolf:437
1540,hunt_start,Sectid,10,284,3,152,9,target:Wolf:437
1540,hunt_start,Sectid,11,286,7,152,6,target:Wolf:437
1540,reproduce,Tapir,365,244,2,77,0,offspring:1
1541,hunt_start,Sectid,11,286,8,152,5,target:Wolf:437
1543,hunt_start,Sectid,10,284,4,152,9,target:Wolf:437
1543,hunt_start,Sectid,11,286,9,152,6,target:Wolf:437
1544,starvation,Rabbit,107,285,8,261,4,
1545,hunt_start,Sectid,11,287,0,152,5,target:Wolf:437
1545,hunt_start,Sectid,23,38,1,105,9,target:Parrot:541
1546,hunt_start,Sectid,11,287,0,152,5,target:Wolf:437
1547,hunt_start,Sectid,10,284,6,153,1,target:Wolf:437
1547,hunt_fail,Sectid,23,38,4,106,2,discomfort
1548,hunt_start,Sectid,10,284,6,152,9,target:Wolf:437
1548,hunt_start,Sectid,11,286,9,152,6,target:Wolf:437
1549,hunt_start,Sectid,11,287,0,152,5,target:Wolf:437
1550,hunt_start,Sectid,10,284,6,152,8,target:Wolf:437
1551,hunt_start,Sectid,10,284,6,152,8,target:Wolf:437
1551,hunt_start,Sectid,12,284,7,151,2,target:Wolf:437
1552,hunt_start,Sectid,12,284,6,151,1,target:Wolf:437
1553,hunt_start,Sectid,12,284,5,151,1,target:Wolf:437
1554,hunt_start,Sectid,10,284,6,152,9,target:Wolf:437
1554,hunt_start,Sectid,12,284,5,151,1,target:Wolf:437
1554,kill,Shroomer,9,30,5,252,9,killed_by:Wolf:432
1554,kill,Lizard,696,55,9,193,4,killed_by:Hawk:467
1555,hunt_start,Sectid,12,284,6,151,0,target:Wolf:437
1555,hunt_fail,Jaguar,370,38,1,198,9,target_died
1555,hunt_start,Wolf,432,30,8,252,3,target:Shroomer:554
1555,hunt_fail,Wolf,433,30,0,252,4,target_died
1555,hunt_start,Hawk,467,55,8,193,5,target:Lizard:692
1557,hunt_start,Sectid,15,282,4,158,4,target:Wolf:437
1558,starvation,Fish,599,193,3,23,8,
1558,starvation,Fish,600,195,0,18,3,
1558,hunt_start,Sectid,10,284,4,152,8,target:Wolf:437
1558,hunt_start,Sectid,15,282,4,158,5,target:Wolf:437
1559,hunt_start,Sectid,12,284,7,151,0,target:Wolf:437
1559,hunt_start,Sectid,15,282,3,158,5,target:Wolf:437
1560,hunt_start,Sectid,11,287,0,152,6,target:Wolf:437
1560,hunt_start,Sectid,15,282,2,158,6,target:Wolf:437
1561,hunt_start,Sectid,10,284,3,152,9,target:Wolf:437
1561,hunt_start,Sectid,15,282,1,158,7,target:Wolf:437
1562,hunt_start,Sectid,11,287,0,152,5,target:Wolf:437
1562,hunt_start,Sectid,15,282,1,158,8,target:Wolf:437
1562,hunt_start,Jaguar,370,38,0,198,8,target:Boar:544
1562,reproduce,Monkey,317,129,2,171,7,offspring:1
1563,hunt_start,Sectid,10,284,4,153,0,target:Wolf:437
1563,hunt_start,Sectid,15,282,2,158,7,target:Wolf:437
1564,hunt_start,Sectid,10,284,5,152,8,target:Wolf:437
1564,hunt_start,Sectid,15,282,0,158,7,target:Wolf:437
1564,hunt_fail,Sectid,532,91,4,146,0,discomfort
1565,hunt_start,Sectid,15,282,2,158,7,target:Wolf:437
1566,hunt_start,Sectid,11,287,0,152,7,target:Wolf:437
1566,hunt_start,Sectid,15,282,2,158,9,target:Wolf:437
1567,hunt_start,Sectid,12,284,7,151,0,target:Wolf:437
1567,hunt_start,Sectid,15,282,2,159,0,target:Wolf:437
1568,hunt_start,Sectid,10,284,6,153,0,target:Wolf:437
1568,hunt_start,Sectid,15,282,1,159,1,target:Wolf:437
1569,hunt_start,Sectid,10,284,6,152,9,target:Wolf:437
1569,hunt_start,Sectid,12,284,8,151,1,target:Wolf:437
1569,hunt_start,Sectid,15,282,3,159,2,target:Wolf:437
1570,hunt_start,Sectid,12,284,7,151,1,target:Wolf:437
1570,hunt_start,Sectid,15,282,3,159,1,target:Wolf:437
1571,hunt_start,Sectid,10,284,5,152,9,target:Wolf:437
1571,hunt_start,Sectid,12,284,8,151,0,target:Wolf:437
1571,hunt_start,Sectid,15,282,3,159,2,target:Wolf:437
1572,hunt_start,Sectid,10,284,5,152,9,target:Wolf:437
1572,hunt_start,Sectid,12,284,8,151,0,target:Wolf:437
1572,hunt_start,Sectid,15,282,1,159,3,target:Wolf:437
1573,hunt_start,Sectid,10,284,5,152,9,target:Wolf:437
1573,hunt_start,Sectid,12,284,8,151,0,target:Wolf:437
1573,hunt_start,Sectid,15,282,0,159,1,target:Wolf:437
1574,hunt_start,Sectid,10,284,5,152,9,target:Wolf:437
1574,hunt_start,Sectid,12,284,8,151,0,target:Wolf:437
1574,hunt_start,Sectid,15,282,1,159,0,target:Wolf:437
1574,reproduce,Parrot,609,58,0,128,0,offspring:1
1575,hunt_start,Sectid,15,282,0,159,0,target:Wolf:437
1576,hunt_start,Sectid,10,284,6,152,9,target:Wolf:437
1576,hunt_start,Sectid,15,282,1,159,0,target:Wolf:437
1577,hunt_start,Sectid,10,284,5,152,8,target:Wolf:437
1577,hunt_start,Sectid,12,284,9,151,3,target:Wolf:437
1577,hunt_start,Sectid,15,282,2,159,1,target:Wolf:437
1578,hunt_start,Sectid,12,284,8,151,2,target:Wolf:437
1578,hunt_start,Sectid,15,282,3,159,2,target:Wolf:437
1578,hunt_start,Sectid,23,38,0,106,2,target:Parrot:541
1579,hunt_start,Sectid,10,284,6,152,9,target:Wolf:437
1579,hunt_start,Sectid,12,284,7,151,2,target:Wolf:437
1579,hunt_start,Sectid,15,282,5,159,2,target:Wolf:437
1579,hunt_fail,Sectid,23,38,1,106,4,discomfort
1580,hunt_start,Sectid,10,284,5,152,9,target:Wolf:437
1580,hunt_start,Sectid,12,284,7,151,1,target:Wolf:437
1580,hunt_start,Sectid,15,282,3,159,3,target:Wolf:437
1580,reproduce,Boar,120,104,1,188,2,offspring:2
1580,reproduce,Boar,152,105,3,180,9,offspring:2
1581,hunt_start,Sectid,10,284,5,152,8,target:Wolf:437
1581,hunt_start,Sectid,12,284,6,151,1,target:Wolf:437
1581,hunt_start,Sectid,15,282,2,159,2,target:Wolf:437
1582,hunt_start,Sectid,12,284,6,151,1,target:Wolf:437
1582,hunt_start,Sectid,15,282,2,159,1,target:Wolf:437
1582,reproduce,Camel,258,70,9,122,4,offspring:1
1583,hunt_start,Sectid,12,284,5,151,1,target:Wolf:437
1583,hunt_start,Sectid,15,282,2,159,2,target:Wolf:437
1584,hunt_start,Sectid,12,284,5,151,1,target:Wolf:437
1584,hunt_start,Sectid,15,282,1,159,4,target:Wolf:437
1585,hunt_start,Sectid,5,74,3,155,4,target:Shroomer:578
1585,hunt_start,Sectid,10,284,8,153,0,target:Wolf:437
1585,hunt_start,Sectid,12,284,5,151,1,target:Wolf:437
1585,hunt_start,Sectid,15,282,2,159,5,target:Wolf:437
1586,hunt_start,Sectid,10,284,9,152,9,target:Wolf:437
1586,hunt_start,Sectid,12,284,5,151,1,target:Wolf:437
1586,hunt_start,Sectid,15,282,4,159,5,target:Wolf:437
1587,hunt_start,Sectid,10,284,9,152,8,target:Wolf:437
1587,hunt_start,Sectid,12,284,5,151,1,target:Wolf:437
1587,hunt_start,Sectid,15,282,3,159,3,target:Wolf:437
1588,hunt_start,Sectid,15,282,4,159,4,target:Wolf:437
1589,hunt_start,Sectid,10,284,8,152,6,target:Wolf:437
1589,hunt_start,Sectid,12,284,6,151,2,target:Wolf:437
1589,hunt_start,Sectid,15,282,5,159,6,target:Wolf:437
1590,hunt_fail,Sectid,5,75,3,155,4,discomfort
1590,hunt_start,Sectid,10,284,8,152,6,target:Wolf:437
1590,hunt_start,Sectid,12,284,7,151,1,target:Wolf:437
1590,hunt_start,Sectid,15,282,6,159,7,target:Wolf:437
1591,hunt_start,Sectid,12,284,7,151,0,target:Wolf:437
1591,hunt_start,Sectid,15,282,6,159,5,target:Wolf:437
1591,hunt_start,Sectid,21,37,4,106,5,target:Parrot:541
1592,hunt_start,Sectid,12,284,7,151,0,target:Wolf:437
1592,hunt_start,Sectid,15,282,5,159,4,target:Wolf:437
1593,hunt_start,Sectid,10,284,8,152,6,target:Wolf:437
1593,hunt_start,Sectid,12,284,7,150,9,target:Wolf:437
1593,hunt_start,Sectid,15,282,4,159,3,target:Wolf:437
1594,hunt_start,Sectid,10,284,8,152,6,target:Wolf:437
1594,hunt_start,Sectid,12,284,7,150,9,target:Wolf:437
1594,hunt_start,Sectid,15,282,4,159,4,target:Wolf:437
1595,hunt_start,Sectid,15,282,5,159,5,target:Wolf:437
1596,hunt_start,Sectid,15,282,6,159,4,target:Wolf:437
1596,hunt_fail,Sectid,21,38,0,107,4,discomfort
1597,hunt_start,Sectid,10,284,9,152,8,target:Wolf:437
1597,hunt_start,Sectid,12,284,9,151,2,target:Wolf:437
1597,hunt_start,Sectid,15,282,4,159,5,target:Wolf:437
1597,hunt_start,Sectid,23,37,9,106,7,target:Parrot:541
1598,hunt_start,Sectid,10,284,8,152,8,target:Wolf:437
1598,hunt_start,Sectid,12,284,9,151,1,target:Wolf:437
1598,hunt_start,Sectid,15,282,4,159,3,target:Wolf:437
1598,hunt_fail,Sectid,23,38,0,106,9,discomfort
1599,hunt_start,Sectid,10,284,9,152,7,target:Wolf:437
1599,hunt_start,Sectid,12,284,8,151,1,target:Wolf:437
1599,hunt_start,Sectid,15,282,5,159,5,target:Wolf:437
1600,hunt_start,Sectid,10,284,9,152,7,target:Wolf:437
1600,hunt_start,Sectid,12,284,8,151,1,target:Wolf:437
1600,hunt_start,Sectid,15,282,5,159,6,target:Wolf:437
1601,hunt_start,Sectid,12,284,7,151,0,target:Wolf:437
1601,hunt_start,Sectid,15,282,6,159,5,target:Wolf:437
1602,hunt_start,Sectid,10,284,8,152,6,target:Wolf:437
1602,hunt_start,Sectid,12,284,7,151,0,target:Wolf:437
1602,hunt_start,Sectid,15,282,6,159,3,target:Wolf:437
1603,hunt_start,Sectid,10,284,8,152,6,target:Wolf:437
1603,hunt_start,Sectid,12,284,6,151,0,target:Wolf:437
1603,hunt_start,Sectid,15,282,6,159,5,target:Wolf:437
1603,kill,Tapir,595,99,0,283,5,killed_by:Jaguar:486
1604,hunt_start,Sectid,12,284,6,151,0,target:Wolf:437
1604,hunt_start,Sectid,15,282,4,159,5,target:Wolf:437
1605,hunt_start,Sectid,10,284,9,152,7,target:Wolf:437
1605,hunt_start,Sectid,12,284,6,151,0,target:Wolf:437
1606,hunt_start,Sectid,10,284,9,152,6,target:Wolf:437
1606,hunt_start,Sectid,12,284,6,151,0,target:Wolf:437
1606,hunt_start,Sectid,15,282,2,159,5,target:Wolf:437
1607,hunt_start,Sectid,15,282,4,159,4,target:Wolf:437
1607,kill,Rabbit,121,54,1,22,5,killed_by:Arctic Fox:484
1608,hunt_start,Sectid,12,284,6,151,1,target:Wolf:437
1608,hunt_start,Sectid,15,282,3,159,5,target:Wolf:437
1608,hunt_start,Arctic Fox,484,54,3,22,4,target:Rabbit:574
1609,hunt_start,Sectid,3,73,4,155,8,target:Wolf:436
1609,hunt_start,Sectid,10,284,9,152,8,target:Wolf:437
1609,hunt_start,Sectid,12,284,7,151,1,target:Wolf:437
1610,hunt_start,Sectid,11,286,8,152,5,target:Wolf:437
1611,hunt_start,Sectid,3,73,3,156,0,target:Wolf:436
1611,hunt_start,Sectid,10,284,7,152,7,target:Wolf:437
1611,hunt_start,Sectid,11,286,8,152,5,target:Wolf:437
1611,hunt_start,Sectid,15,282,4,159,7,target:Wolf:437
1612,hunt_start,Sectid,3,73,3,155,8,target:Wolf:436
1612,hunt_start,Sectid,10,284,7,152,7,target:Wolf:437
1612,hunt_start,Sectid,11,286,8,152,5,target:Wolf:437
1612,hunt_start,Sectid,15,282,6,159,7,target:Wolf:437
1613,hunt_start,Sectid,3,73,4,155,8,target:Wolf:436
1613,hunt_start,Sectid,11,286,8,152,5,target:Wolf:437
1613,hunt_start,Sectid,15,282,7,159,8,target:Wolf:437
1614,hunt_start,Sectid,3,73,5,155,7,target:Wolf:436
1614,hunt_start,Sectid,11,286,8,152,5,target:Wolf:437
1614,hunt_start,Sectid,15,282,9,159,7,target:Wolf:437
1615,hunt_start,Sectid,3,73,3,155,7,target:Wolf:436
1615,hunt_start,Sectid,10,284,8,152,8,target:Wolf:437
1615,hunt_start,Sectid,11,286,8,152,5,target:Wolf:437
1615,hunt_start,Sectid,15,282,8,159,9,target:Wolf:437
1616,hunt_start,Sectid,3,73,3,155,6,target:Wolf:436
1616,hunt_start,Sectid,11,286,8,152,5,target:Wolf:437
1617,hunt_start,Sectid,3,73,2,155,4,target:Wolf:436
1617,hunt_start,Sectid,10,284,8,152,8,target:Wolf:437
1617,hunt_start,Sectid,11,286,8,152,5,target:Wolf:437
1618,hunt_start,Sectid,3,73,4,155,4,target:Wolf:436
1618,hunt_start,Sectid,10,284,7,152,7,target:Wolf:437
1618,hunt_start,Sectid,11,286,8,152,5,target:Wolf:437
1618,hunt_start,Sectid,15,282,6,159,6,target:Wolf:437
1619,hunt_start,Sectid,3,73,4,155,3,target:Wolf:436
1619,hunt_start,Sectid,10,284,7,152,7,target:Wolf:437
1619,hunt_start,Sectid,11,286,8,152,5,target:Wolf:437
1619,hunt_start,Sectid,15,282,8,159,6,target:Wolf:437
1620,hunt_start,Sectid,3,73,4,155,1,target:Wolf:436
1620,hunt_start,Sectid,11,286,8,152,5,target:Wolf:437
1620,hunt_start,Sectid,15,282,7,159,5,target:Wolf:437
1621,hunt_start,Sectid,3,73,5,154,9,target:Wolf:436
1621,hunt_start,Sectid,10,284,7,152,8,target:Wolf:437
1621,hunt_start,Sectid,11,286,8,152,5,target:Wolf:437
1622,hunt_start,Sectid,3,73,3,155,0,target:Wolf:436
1622,hunt_start,Sectid,12,284,5,151,1,target:Wolf:437
1622,hunt_start,Sectid,15,282,7,159,6,target:Wolf:437
1622,reproduce,Penguin,278,284,5,61,0,offspring:1
1623,hunt_start,Sectid,3,73,5,154,8,target:Wolf:436
1623,hunt_start,Sectid,10,284,6,152,8,target:Wolf:437
1623,hunt_start,Sectid,11,286,9,152,6,target:Wolf:437
1623,hunt_start,Sectid,15,282,9,159,6,target:Wolf:437
1623,kill,Deer,613,0,0,208,3,killed_by:Jaguar:487
1624,hunt_start,Sectid,3,73,5,154,8,target:Wolf:436
1624,hunt_start,Sectid,11,286,8,152,5,target:Wolf:437
1624,reproduce,Penguin,274,37,5,36,7,offspring:1
1625,hunt_start,Sectid,3,73,5,154,9,target:Wolf:436
1625,hunt_start,Sectid,10,284,7,152,8,target:Wolf:437
1625,hunt_start,Sectid,11,286,9,152,5,target:Wolf:437
1625,hunt_start,Sectid,15,283,2,159,7,target:Wolf:437
1626,hunt_start,Sectid,3,73,5,154,9,target:Wolf:436
1626,hunt_start,Sectid,10,284,7,152,7,target:Wolf:437
1626,hunt_start,Sectid,11,286,9,152,5,target:Wolf:437
1627,hunt_start,Sectid,3,73,4,154,9,target:Wolf:436
1627,hunt_start,Sectid,12,284,5,151,0,target:Wolf:437
1627,hunt_start,Sectid,15,283,4,159,7,target:Wolf:437
1627,hunt_fail,Wolf,431,231,5,75,0,discomfort
1628,environment_death,Deer,80,10,3,176,5,drowning
1628,hunt_start,Sectid,3,73,4,154,9,target:Wolf:436
1628,hunt_start,Sectid,11,286,9,152,6,target:Wolf:437
1628,hunt_start,Sectid,15,283,4,159,8,target:Wolf:437
1629,hunt_start,Sectid,3,73,5,154,8,target:Shroomer:578
1629,hunt_start,Sectid,10,284,8,152,9,target:Wolf:437
1629,hunt_start,Sectid,11,286,9,152,6,target:Wolf:437
1629,hunt_start,Sectid,15,283,3,159,7,target:Wolf:437
1630,hunt_start,Sectid,3,73,5,154,8,target:Shroomer:578
1630,hunt_start,Sectid,10,284,7,152,9,target:Wolf:437
1630,hunt_start,Sectid,11,286,9,152,5,target:Wolf:437
1630,hunt_start,Sectid,15,283,5,159,7,target:Wolf:437
1630,hunt_start,Sectid,36,126,4,130,1,target:Deer:142
1631,hunt_start,Sectid,3,73,5,154,8,target:Shroomer:578
1631,hunt_start,Sectid,10,284,7,152,7,target:Wolf:437
1631,hunt_start,Sectid,11,286,9,152,5,target:Wolf:437
1632,hunt_start,Sectid,3,73,5,154,8,target:Shroomer:578
1632,hunt_start,Sectid,10,284,7,152,7,target:Wolf:437
1632,hunt_start,Sectid,15,283,6,159,6,target:Wolf:437
1633,hunt_start,Sectid,3,73,5,154,8,target:Shroomer:578
1633,hunt_start,Sectid,10,284,7,152,7,target:Wolf:437
1633,hunt_start,Sectid,12,284,5,151,2,target:Wolf:437
1633,hunt_start,Sectid,15,283,5,159,7,target:Wolf:437
1634,hunt_start,Sectid,3,73,5,154,8,target:Shroomer:578
1634,hunt_start,Sectid,10,284,7,152,7,target:Wolf:437
1634,hunt_start,Sectid,11,286,8,152,8,target:Wolf:437
1634,hunt_fail,Sectid,778,89,8,145,6,discomfort
1635,hunt_start,Sectid,3,73,5,154,8,target:Shroomer:578
1635,hunt_start,Sectid,11,286,8,152,7,target:Wolf:437
1635,reproduce,Penguin,280,279,2,80,3,offspring:1
1636,hunt_start,Sectid,3,73,5,154,8,target:Shroomer:578
1636,hunt_start,Sectid,10,284,8,152,8,target:Wolf:437
1636,hunt_start,Sectid,11,286,7,152,6,target:Wolf:437
1636,hunt_start,Sectid,15,283,3,159,6,target:Wolf:437
1637,hunt_start,Sectid,3,73,5,154,8,target:Shroomer:578
1637,hunt_start,Sectid,11,286,8,152,6,target:Wolf:437
1637,hunt_start,Sectid,15,283,4,159,7,target:Wolf:437
1637,hunt_start,Boar,776,200,7,193,0,target:Lizard:525
1638,hunt_start,Sectid,3,73,5,154,8,target:Shroomer:578
1638,hunt_start,Sectid,11,286,8,152,5,target:Wolf:437
1638,hunt_start,Sectid,15,283,4,159,5,target:Wolf:437
1638,reproduce,Tapir,354,62,7,114,0,offspring:1
1639,hunt_start,Sectid,3,73,5,154,8,target:Shroomer:578
1639,hunt_start,Sectid,11,286,8,152,5,target:Wolf:437
1639,hunt_start,Sectid,15,283,5,159,5,target:Wolf:437
1640,hunt_start,Sectid,3,73,5,154,8,target:Shroomer:578
1640,hunt_start,Sectid,10,284,9,152,6,target:Wolf:437
1640,hunt_start,Sectid,11,286,8,152,5,target:Wolf:437
1640,hunt_start,Sectid,15,283,4,159,4,target:Wolf:437
1641,hunt_start,Sectid,3,73,5,154,8,target:Shroomer:578
1641,hunt_start,Sectid,11,286,8,152,5,target:Wolf:437
1641,hunt_fail,Wolf,430,231,3,75,5,discomfort
1642,hunt_start,Sectid,3,73,5,154,8,target:Shroomer:578
1642,hunt_start,Sectid,11,286,8,152,5,target:Wolf:437
1642,hunt_start,Sectid,15,283,5,159,5,target:Wolf:437
1643,hunt_start,Sectid,3,73,5,154,8,target:Shroomer:578
1643,hunt_start,Sectid,10,284,7,152,7,target:Wolf:437
1643,hunt_start,Sectid,12,284,3,151,4,target:Wolf:437
1643,hunt_fail,Sectid,532,91,3,146,9,discomfort
1644,hunt_start,Sectid,3,73,5,154,8,target:Shroomer:578
1644,hunt_start,Sectid,11,286,7,152,6,target:Wolf:437
1644,hunt_start,Sectid,15,283,5,159,7,target:Wolf:437
1645,hunt_start,Sectid,3,73,5,154,8,target:Shroomer:578
1645,hunt_start,Sectid,10,284,8,152,8,target:Wolf:437
1645,hunt_start,Sectid,11,286,6,152,6,target:Wolf:437
1646,hunt_start,Sectid,3,73,5,154,9,target:Shroomer:578
1646,hunt_start,Sectid,11,286,5,152,5,target:Wolf:437
1646,hunt_start,Sectid,15,283,5,159,5,target:Wolf:437
1647,hunt_start,Sectid,3,73,5,154,9,target:Shroomer:578
1647,hunt_start,Sectid,10,284,8,152,8,target:Wolf:437
1647,hunt_start,Sectid,11,286,6,152,5,target:Wolf:437
1647,hunt_start,Sectid,15,283,6,159,5,target:Wolf:437
1648,hunt_start,Sectid,3,73,6,154,9,target:Shroomer:578
1648,hunt_start,Sectid,10,284,8,152,7,target:Wolf:437
1648,hunt_start,Sectid,11,286,6,152,5,target:Wolf:437
1648,reproduce,Elk,200,22,9,165,0,offspring:1
1649,hunt_start,Sectid,3,73,6,154,9,target:Shroomer:578
1649,hunt_start,Sectid,10,284,8,152,7,target:Wolf:437
1649,hunt_start,Sectid,12,284,1,151,2,target:Wolf:437
1649,hunt_start,Sectid,15,283,6,159,6,target:Wolf:437
1650,hunt_start,Sectid,3,73,6,154,9,target:Shroomer:578
1650,hunt_start,Sectid,12,284,1,151,2,target:Wolf:437
1651,hunt_start,Sectid,3,73,6,154,9,target:Shroomer:578
1651,hunt_start,Sectid,10,284,8,152,8,target:Wolf:437
1651,hunt_start,Sectid,11,286,6,152,8,target:Wolf:437
1651,hunt_start,Sectid,15,283,6,159,6,target:Wolf:437
1652,hunt_start,Sectid,3,73,6,154,9,target:Shroomer:578
1652,hunt_start,Sectid,10,284,7,152,7,target:Wolf:437
1652,hunt_start,Sectid,11,286,7,152,7,target:Wolf:437
1653,hunt_start,Sectid,3,73,6,154,9,target:Shroomer:578
1653,hunt_start,Sectid,11,286,8,152,6,target:Wolf:437
1653,hunt_start,Sectid,15,283,4,159,7,target:Wolf:437
1654,hunt_start,Sectid,3,73,6,154,9,target:Shroomer:578
1654,hunt_start,Sectid,11,286,7,152,5,target:Wolf:437
1654,hunt_start,Sectid,15,283,4,159,6,target:Wolf:437
1654,hunt_start,Sectid,21,37,5,106,8,target:Parrot:541
1655,hunt_start,Sectid,3,73,6,154,9,target:Shroomer:578
1655,hunt_start,Sectid,10,284,8,152,7,target:Wolf:437
1655,hunt_start,Sectid,11,286,7,152,5,target:Wolf:437
1656,hunt_start,Sectid,3,73,6,154,9,target:Shroomer:578
1656,hunt_start,Sectid,11,286,7,152,5,target:Wolf:437
1656,hunt_start,Sectid,15,283,6,159,6,target:Wolf:437
1657,hunt_start,Sectid,3,73,6,154,9,target:Shroomer:578
1657,hunt_start,Sectid,10,284,7,152,8,target:Wolf:437
1657,hunt_start,Sectid,11,286,7,152,5,target:Wolf:437
1658,hunt_start,Sectid,3,73,6,154,9,target:Shroomer:578
1658,hunt_start,Sectid,10,284,8,152,7,target:Wolf:437
1658,hunt_fail,Sectid,21,38,1,107,4,discomfort
1659,hunt_start,Sectid,3,73,6,154,9,target:Shroomer:578
1659,hunt_start,Sectid,11,286,7,152,6,target:Wolf:437
1659,hunt_start,Sectid,15,283,7,159,6,target:Wolf:437
1660,hunt_start,Sectid,3,73,6,154,9,target:Shroomer:578
1660,hunt_start,Sectid,11,286,6,152,6,target:Wolf:437
1660,hunt_start,Sectid,15,283,7,159,7,target:Wolf:437
1661,hunt_start,Sectid,3,73,6,154,9,target:Shroomer:578
1661,hunt_start,Sectid,10,284,8,152,9,target:Wolf:437
1661,hunt_start,Sectid,11,286,7,152,5,target:Wolf:437
1661,hunt_start,Sectid,15,283,6,159,6,target:Wolf:437
1662,hunt_start,Sectid,3,73,6,154,9,target:Shroomer:578
1662,hunt_start,Sectid,11,286,7,152,5,target:Wolf:437
1662,hunt_start,Sectid,15,283,6,159,7,target:Wolf:437
1663,hunt_start,Sectid,3,73,6,154,9,target:Shroomer:578
1663,hunt_start,Sectid,10,284,7,152,7,target:Wolf:437
1663,hunt_start,Sectid,12,284,1,151,2,target:Wolf:437
1663,hunt_start,Sectid,15,283,7,159,8,target:Wolf:437
1664,hunt_start,Sectid,3,73,6,154,9,target:Shroomer:578
1664,hunt_start,Sectid,15,283,8,159,8,target:Wolf:437
1664,kill,Frog,160,17,5,225,4,killed_by:Wolf:749
1664,reproduce,Frog,161,28,2,273,6,offspring:2
1664,reproduce,Frog,505,14,5,256,8,offspring:2
1664,reproduce,Frog,506,31,5,264,9,offspring:2
1664,reproduce,Frog,507,26,6,265,3,offspring:2
1664,reproduce,Frog,508,25,1,264,4,offspring:2
1665,hunt_start,Sectid,3,73,6,154,9,target:Shroomer:578
1665,hunt_start,Sectid,10,284,7,152,7,target:Wolf:437
1665,hunt_start,Sectid,11,286,7,152,7,target:Wolf:437
1665,hunt_start,Wolf,749,17,5,225,7,target:Rabbit:118
1666,hunt_start,Sectid,3,73,6,154,9,target:Shroomer:578
1666,hunt_start,Sectid,10,284,7,152,7,target:Wolf:437
1666,hunt_start,Sectid,11,286,7,152,6,target:Wolf:437
1667,hunt_start,Sectid,3,73,6,154,9,target:Shroomer:578
1667,hunt_start,Sectid,11,286,8,152,6,target:Wolf:437
1667,hunt_start,Sectid,15,284,1,159,8,target:Wolf:437
1668,hunt_start,Sectid,3,73,6,154,9,target:Shroomer:578
1668,hunt_start,Sectid,11,286,8,152,5,target:Wolf:437
1668,hunt_start,Sectid,15,284,2,159,8,target:Wolf:437
1669,hunt_start,Sectid,3,73,6,154,9,target:Shroomer:578
1669,hunt_start,Sectid,10,284,6,152,8,target:Wolf:437
1669,hunt_start,Sectid,11,286,8,152,5,target:Wolf:437
1669,hunt_start,Sectid,15,284,1,159,8,target:Wolf:437
1670,hunt_start,Sectid,3,73,6,154,9,target:Shroomer:578
1670,hunt_start,Sectid,11,286,8,152,5,target:Wolf:437
1670,hunt_start,Sectid,15,284,1,159,6,target:Wolf:437
1670,reproduce,Monkey,313,136,5,88,4,offspring:1
1671,hunt_start,Sectid,3,73,6,154,9,target:Shroomer:578
1671,hunt_start,Sectid,10,284,7,152,8,target:Wolf:437
1671,hunt_start,Sectid,11,286,8,152,5,target:Wolf:437
1671,hunt_start,Sectid,15,284,1,159,5,target:Wolf:437
1671,hunt_fail,Arctic Fox,484,54,4,30,0,discomfort
1672,hunt_start,Sectid,3,73,6,154,9,target:Shroomer:578
1672,hunt_start,Sectid,12,284,2,151,4,target:Wolf:437
1673,hunt_start,Sectid,3,73,6,154,9,target:Shroomer:578
1673,hunt_start,Sectid,11,286,7,152,7,target:Wolf:437
1673,hunt_start,Sectid,15,284,3,159,4,target:Wolf:437
1673,hunt_start,Sectid,23,37,9,106,7,target:Parrot:541
1673,hunt_fail,Sectid,245,89,9,145,6,discomfort
1673,hunt_start,Fox,440,161,4,74,2,target:Monkey:315
1674,hunt_start,Sectid,3,73,6,154,9,target:Shroomer:578
1674,hunt_start,Sectid,10,284,6,152,8,target:Wolf:437
1674,hunt_start,Sectid,11,286,8,152,6,target:Wolf:437
1674,hunt_start,Sectid,15,284,4,159,4,target:Wolf:437
1674,kill,Monkey,265,37,2,27,2,killed_by:Hawk:547
1675,hunt_start,Sectid,3,73,6,154,9,target:Shroomer:578
1675,hunt_start,Sectid,10,284,6,152,8,target:Wolf:437
1675,hunt_start,Sectid,11,286,9,152,5,target:Wolf:437
1675,hunt_fail,Sectid,23,38,2,107,0,discomfort
1675,hunt_start,Hawk,547,37,4,27,0,target:Monkey:558
1676,hunt_start,Sectid,11,286,9,152,5,target:Wolf:437
1676,hunt_start,Sectid,15,284,6,159,3,target:Wolf:437
1677,hunt_start,Sectid,10,284,6,152,9,target:Wolf:437
1677,hunt_start,Sectid,12,284,1,151,2,target:Wolf:437
1677,hunt_start,Sectid,15,284,7,159,4,target:Wolf:437
1677,hunt_start,Sectid,620,74,1,154,3,target:Shroomer:578
1677,hunt_fail,Sectid,709,89,8,145,5,discomfort
1678,hunt_start,Sectid,10,284,6,152,8,target:Wolf:437
1678,hunt_start,Sectid,11,286,9,152,6,target:Wolf:437
1678,hunt_start,Sectid,15,284,7,159,3,target:Wolf:437
1679,hunt_start,Sectid,11,286,8,152,5,target:Wolf:437
1680,hunt_start,Sectid,11,286,8,152,5,target:Wolf:437
1681,hunt_start,Sectid,10,284,6,152,7,target:Wolf:437
1681,hunt_start,Sectid,12,284,1,151,4,target:Wolf:437
1681,hunt_start,Sectid,15,284,5,159,5,target:Wolf:437
1682,hunt_start,Sectid,12,284,1,151,3,target:Wolf:437
1682,hunt_start,Sectid,15,284,6,159,6,target:Wolf:437
1683,hunt_start,Sectid,10,284,6,152,8,target:Wolf:437
1683,hunt_start,Sectid,11,286,9,152,9,target:Wolf:437
1683,hunt_start,Sectid,15,284,7,159,7,target:Wolf:437
1684,hunt_start,Sectid,11,286,8,152,8,target:Wolf:437
1684,hunt_start,Sectid,15,284,6,159,8,target:Wolf:437
1685,hunt_start,Sectid,3,75,8,154,8,target:Shroomer:578
1685,hunt_start,Sectid,10,284,6,152,9,target:Wolf:437
1685,hunt_start,Sectid,11,286,9,152,7,target:Wolf:437
1685,hunt_start,Sectid,15,284,7,159,8,target:Wolf:437
1686,hunt_start,Sectid,11,286,9,152,6,target:Wolf:437
1686,hunt_start,Sectid,15,284,6,159,7,target:Wolf:437
1686,hunt_start,Wolf,430,232,8,76,4,target:Tapir:159
1687,hunt_start,Sectid,11,286,8,152,5,target:Wolf:437
1688,hunt_start,Sectid,11,286,8,152,5,target:Wolf:437
1688,hunt_start,Sectid,15,284,6,159,6,target:Wolf:437
1689,hunt_start,Sectid,10,284,9,153,0,target:Wolf:437
1689,hunt_start,Sectid,11,286,9,152,4,target:Wolf:437
1689,hunt_start,Sectid,15,284,7,159,7,target:Wolf:437
1690,hunt_start,Sectid,10,285,0,152,9,target:Wolf:437
1690,hunt_start,Sectid,11,286,9,152,4,target:Wolf:437
1691,hunt_start,Sectid,10,284,8,152,9,target:Wolf:437
1691,hunt_start,Sectid,11,286,9,152,4,target:Wolf:437
1691,hunt_start,Sectid,15,284,7,159,6,target:Wolf:437
1692,hunt_start,Sectid,11,286,9,152,4,target:Wolf:437
1693,hunt_start,Sectid,10,284,7,152,7,target:Wolf:437
1693,hunt_start,Sectid,11,286,9,152,4,target:Wolf:437
1693,hunt_start,Sectid,15,284,9,159,6,target:Wolf:437
1694,hunt_start,Sectid,10,284,7,152,7,target:Wolf:437
1694,hunt_start,Sectid,11,286,9,152,4,target:Wolf:437
1694,hunt_start,Sectid,15,284,8,159,7,target:Wolf:437
1694,hunt_fail,Sectid,620,78,0,154,9,discomfort
1695,hunt_start,Sectid,11,286,9,152,4,target:Wolf:437
1696,hunt_start,Sectid,12,284,2,151,3,target:Wolf:437
1696,hunt_start,Sectid,15,285,0,159,8,target:Wolf:437
1697,hunt_start,Sectid,10,284,7,152,7,target:Wolf:437
1697,hunt_start,Sectid,12,284,2,151,2,target:Wolf:437
1698,hunt_start,Sectid,10,284,7,152,7,target:Wolf:437
1698,hunt_start,Sectid,11,286,9,152,7,target:Wolf:437
1698,hunt_start,Sectid,15,285,0,159,5,target:Wolf:437
1698,hunt_start,Sectid,784,65,6,152,8,target:Wolf:436
1698,reproduce,Musk Ox,310,115,2,189,5,offspring:1
1700,hunt_start,Sectid,10,284,8,152,8,target:Wolf:437
1700,hunt_start,Sectid,12,284,3,151,3,target:Wolf:437
1700,hunt_start,Sectid,15,285,1,159,6,target:Wolf:437
1700,kill,Deer,142,138,4,122,0,killed_by:Sectid:36
1701,hunt_start,Sectid,10,284,7,152,8,target:Wolf:437
1701,hunt_start,Sectid,11,286,9,152,5,target:Wolf:437
1702,hunt_start,Sectid,11,286,9,152,5,target:Wolf:437
1702,hunt_start,Sectid,15,284,9,159,6,target:Wolf:437
1703,hunt_start,Sectid,11,286,9,152,5,target:Wolf:437
1704,hunt_start,Sectid,10,284,9,153,0,target:Wolf:437
1704,hunt_start,Sectid,11,286,9,152,5,target:Wolf:437
1704,hunt_start,Sectid,15,285,0,159,4,target:Wolf:437
1705,hunt_start,Sectid,12,284,3,151,3,target:Wolf:437
1706,hunt_start,Sectid,10,284,9,152,9,target:Wolf:437
1706,hunt_start,Sectid,15,285,2,159,5,target:Wolf:437
1707,hunt_start,Sectid,15,285,2,159,3,target:Wolf:437
1707,reproduce,Penguin,591,135,8,43,6,offspring:1
1707,reproduce,Penguin,592,135,7,38,7,offspring:1
1708,hunt_fail,Sectid,3,80,2,155,2,discomfort
1708,hunt_start,Sectid,12,284,4,151,6,target:Wolf:437
1708,hunt_start,Sectid,15,285,1,159,2,target:Wolf:437
1708,hunt_start,Sectid,532,94,6,147,0,target:Shroomer:579
1709,hunt_start,Sectid,10,285,0,152,9,target:Wolf:437
1709,hunt_start,Sectid,12,284,3,151,6,target:Wolf:437
1710,hunt_start,Sectid,10,285,0,152,8,target:Wolf:437
1710,hunt_start,Sectid,12,284,4,151,6,target:Wolf:437
1710,hunt_start,Sectid,15,285,1,159,2,target:Wolf:437
1711,hunt_start,Sectid,12,284,3,151,5,target:Wolf:437
1712,hunt_start,Sectid,10,285,2,152,9,target:Wolf:437
1712,hunt_start,Sectid,12,284,3,151,5,target:Wolf:437
1713,hunt_start,Sectid,12,284,3,151,5,target:Wolf:437
1713,hunt_start,Sectid,15,285,2,159,0,target:Wolf:437
1713,reproduce,Turtle,186,206,5,269,0,offspring:1
1714,hunt_start,Sectid,10,285,3,153,0,target:Wolf:437
1714,hunt_start,Sectid,12,284,3,151,5,target:Wolf:437
1714,hunt_start,Sectid,15,285,4,159,0,target:Wolf:437
1715,hunt_start,Sectid,10,285,2,152,9,target:Wolf:437
1715,hunt_start,Sectid,12,284,3,151,5,target:Wolf:437
1715,hunt_start,Sectid,15,285,4,158,9,target:Wolf:437
1717,hunt_start,Sectid,10,285,2,153,0,target:Wolf:437
1717,hunt_start,Sectid,15,285,3,159,1,target:Wolf:437
1718,hunt_start,Sectid,15,285,4,159,1,target:Wolf:437
1720,hunt_start,Sectid,15,285,7,158,9,target:Wolf:437
1720,hunt_start,Sectid,21,37,5,106,9,target:Parrot:541
1721,hunt_start,Sectid,10,285,2,153,0,target:Wolf:437
1721,hunt_start,Sectid,11,286,6,153,1,target:Wolf:437
1721,hunt_start,Sectid,15,285,8,159,1,target:Wolf:437
1721,kill,Wolf,437,287,2,157,6,killed_by:Sectid:18
1722,hunt_fail,Sectid,10,285,3,153,2,target_died
1722,hunt_fail,Sectid,12,284,5,151,7,target_died
1722,hunt_fail,Sectid,16,281,3,156,7,target_died
1723,environment_death,Shroomer,107,146,2,164,5,drowning
1723,hunt_fail,Sectid,21,37,9,107,3,discomfort
1725,hunt_fail,Sectid,532,91,6,148,9,discomfort
1726,kill,Lizard,692,84,1,198,5,killed_by:Hawk:467
1727,hunt_start,Hawk,467,83,9,198,5,target:Lizard:243
1743,kill,Boar,544,31,2,197,0,killed_by:Jaguar:370
1750,reproduce,Turtle,184,180,6,128,7,offspring:1
1753,reproduce,Tapir,356,136,2,19,0,offspring:1
1755,reproduce,Turtle,185,187,0,134,1,offspring:1
1755,reproduce,Monkey,337,263,3,10,3,offspring:1
1758,reproduce,Monkey,319,115,0,173,4,offspring:1
1764,reproduce,Camel,252,77,8,241,0,offspring:1
1765,hunt_start,Wolf,436,78,7,161,6,target:Sectid:620
1766,hunt_start,Sectid,12,283,5,151,2,target:Lizard:201
1766,hunt_start,Sectid,13,283,2,151,4,target:Lizard:201
1766,hunt_fail,Sectid,784,79,5,154,9,discomfort
1774,hunt_start,Arctic Fox,484,56,2,29,0,target:Rabbit:126
1780,hunt_start,Sectid,532,94,4,149,0,target:Shroomer:579
1783,environment_death,Fish,139,211,1,12,6,suffocation
1784,reproduce,Tapir,372,145,5,102,9,offspring:1
1785,hunt_start,Sectid,16,282,8,161,7,target:Arctic Fox:482
1793,reproduce,Monkey,336,264,7,12,6,offspring:1
1802,hunt_fail,Sectid,532,90,5,149,2,discomfort
1806,kill,Monkey,558,22,8,33,3,killed_by:Hawk:547
1808,reproduce,Monkey,316,118,2,93,9,offspring:1
1810,hunt_start,Sectid,532,90,4,148,8,target:Shroomer:579
1811,hunt_fail,Wolf,431,238,7,77,7,discomfort
1816,hunt_fail,Sectid,532,89,9,149,2,discomfort
1819,reproduce,Lizard,521,155,3,269,9,offspring:2
1821,hunt_start,Jaguar,369,11,0,181,5,target:Deer:79
1822,hunt_start,Sectid,7,74,5,156,0,target:Camel:707
1824,reproduce,Fish,744,204,5,11,1,offspring:2
1824,reproduce,Fish,745,204,5,10,1,offspring:2
1824,reproduce,Fish,746,202,8,6,3,offspring:2
1824,reproduce,Fish,747,202,1,7,1,offspring:2
1828,hunt_start,Wolf,429,182,0,282,8,target:Deer:493
1829,reproduce,Lizard,203,127,9,214,9,offspring:2
1830,reproduce,Rabbit,498,247,4,102,6,offspring:2
1833,hunt_fail,Sectid,7,76,0,158,0,discomfort
1834,hunt_start,Sectid,532,90,0,148,5,target:Shroomer:579
1834,reproduce,Rabbit,202,96,0,221,6,offspring:2
1835,hunt_fail,Wolf,429,182,3,282,5,discomfort
1835,hunt_start,Arctic Fox,482,286,9,176,1,target:Sectid:16
1835,hunt_start,Jaguar,487,4,0,204,8,target:Boar:137
1835,hunt_fail,Sectid,532,89,9,148,8,discomfort
1836,kill,Shroomer,554,26,1,250,4,killed_by:Wolf:433
1837,environment_death,Monkey,314,187,2,245,6,drowning
1837,hunt_fail,Wolf,432,26,5,250,0,target_died
1837,hunt_start,Wolf,432,26,5,250,0,target:Shroomer:400
1837,hunt_fail,Hawk,465,180,8,246,1,target_died
1837,hunt_start,Hawk,465,180,8,246,1,target:Lizard:711
1837,hunt_fail,Hawk,466,184,0,251,6,target_died
1837,hunt_start,Hawk,466,184,0,251,6,target:Fish:639
1837,hunt_fail,Arctic Fox,482,286,9,175,8,discomfort
1837,hunt_fail,Hawk,550,181,3,245,1,target_died
1837,hunt_start,Hawk,550,181,3,245,1,target:Lizard:519
1844,hunt_fail,Sectid,532,89,9,148,9,discomfort
1850,hunt_fail,Fox,444,110,9,105,1,discomfort
1853,hunt_start,Wolf,429,182,0,282,9,target:Deer:493
1854,hunt_start,Sectid,532,90,0,148,7,target:Shroomer:579
1855,hunt_start,Sectid,4,74,5,156,0,target:Camel:707
1856,hunt_fail,Sectid,532,89,8,149,1,discomfort
1858,hunt_fail,Wolf,429,182,2,282,7,discomfort
1858,kill,Rabbit,126,58,9,28,9,killed_by:Arctic Fox:484
1858,reproduce,Frog,371,146,5,24,4,offspring:2
1859,hunt_fail,Sectid,11,286,7,163,8,discomfort
1859,hunt_start,Arctic Fox,482,286,9,176,5,target:Sectid:16
1859,hunt_start,Arctic Fox,484,58,9,28,6,target:Rabbit:124
1859,hunt_fail,Boar,676,200,2,215,3,prey_escaped
1859,hunt_start,Boar,676,200,2,215,3,target:Sectid:28
1865,hunt_start,Sectid,21,37,4,106,9,target:Elk:216
1866,hunt_fail,Arctic Fox,482,286,7,175,6,discomfort
1867,hunt_fail,Sectid,4,76,0,158,2,discomfort
1867,hunt_fail,Sectid,12,286,4,164,0,discomfort
1868,hunt_fail,Sectid,10,286,5,163,8,discomfort
1870,hunt_fail,Sectid,21,36,6,107,6,discomfort
1870,hunt_start,Wolf,429,182,0,282,9,target:Deer:493
1871,hunt_start,Sectid,532,90,0,148,6,target:Shroomer:579
1871,reproduce,Penguin,275,282,7,82,3,offspring:1
1872,hunt_fail,Sectid,532,89,9,148,8,discomfort
1873,hunt_fail,Sectid,13,286,5,163,6,discomfort
1874,hunt_fail,Wolf,429,182,2,282,8,discomfort
1877,starvation,Rabbit,499,280,4,262,0,
1882,hunt_start,Sectid,31,191,0,219,4,target:Lizard:520
1882,hunt_start,Sectid,532,90,0,148,7,target:Shroomer:579
1884,hunt_fail,Sectid,532,89,8,149,1,discomfort
1885,hunt_start,Wolf,429,182,0,283,0,target:Deer:493
1887,hunt_start,Sectid,683,73,8,152,6,target:Shroomer:578
1889,hunt_fail,Wolf,429,182,2,282,9,discomfort
1893,hunt_fail,Sectid,683,75,1,152,9,discomfort
1894,kill,Rabbit,118,28,6,216,3,killed_by:Wolf:749
1894,reproduce,Deer,79,20,3,182,8,offspring:1
1895,hunt_start,Wolf,749,28,5,216,0,target:Rabbit:625
1898,hunt_fail,Sectid,31,189,9,216,0,discomfort
1899,hunt_start,Wolf,429,182,0,283,1,target:Deer:493
1900,starvation,Monkey,535,140,8,166,8,
1900,reproduce,Monkey,536,133,3,186,4,offspring:1
1901,hunt_start,Sectid,532,90,0,148,6,target:Shroomer:579
1902,hunt_fail,Sectid,532,89,9,148,8,discomfort
1903,hunt_start,Sectid,15,285,6,171,6,target:Arctic Fox:482
1903,reproduce,Penguin,283,281,5,83,0,offspring:1
1904,hunt_start,Sectid,15,285,6,171,6,target:Arctic Fox:482
1905,hunt_start,Sectid,15,285,7,171,5,target:Arctic Fox:482
1905,hunt_fail,Wolf,429,182,3,282,9,discomfort
1905,hunt_start,Sectid,646,74,5,156,9,target:Camel:707
1906,hunt_start,Sectid,15,285,7,171,4,target:Arctic Fox:482
1906,hunt_fail,Sectid,646,74,7,157,1,discomfort
1907,hunt_start,Sectid,16,284,5,170,0,target:Arctic Fox:482
1908,hunt_start,Sectid,15,285,7,171,4,target:Arctic Fox:482
1908,hunt_start,Arctic Fox,482,286,9,176,7,target:Sectid:15
1909,hunt_start,Sectid,15,285,7,171,3,target:Arctic Fox:482
1910,hunt_start,Sectid,15,285,6,171,2,target:Arctic Fox:482
1910,hunt_fail,Arctic Fox,484,59,4,30,3,discomfort
1910,hunt_start,Sectid,532,90,0,148,7,target:Shroomer:579
1911,hunt_start,Sectid,15,285,6,171,2,target:Arctic Fox:482
1912,hunt_start,Sectid,15,285,5,171,2,target:Arctic Fox:482
1912,hunt_fail,Sectid,532,89,8,149,1,discomfort
1913,hunt_start,Sectid,15,285,4,171,3,target:Arctic Fox:482
1914,hunt_start,Sectid,15,285,4,171,3,target:Arctic Fox:482
1915,hunt_start,Sectid,15,285,4,171,4,target:Arctic Fox:482
1916,hunt_start,Sectid,15,285,4,171,5,target:Arctic Fox:482
1917,hunt_start,Sectid,15,285,3,171,6,target:Arctic Fox:482
1918,hunt_start,Sectid,15,285,4,171,5,target:Arctic Fox:482
1919,hunt_start,Sectid,15,285,5,171,6,target:Arctic Fox:482
1919,hunt_fail,Arctic Fox,482,286,6,175,3,discomfort
1920,environment_death,Sectid,11,287,0,165,2,drowning
1920,hunt_start,Sectid,15,285,4,171,5,target:Arctic Fox:482
1921,hunt_start,Sectid,15,285,3,171,5,target:Arctic Fox:482
1922,hunt_start,Sectid,15,285,4,171,4,target:Arctic Fox:482
1922,hunt_start,Wolf,429,182,0,283,3,target:Deer:493
1923,hunt_start,Sectid,15,285,5,171,5,target:Arctic Fox:482
1924,hunt_start,Sectid,15,285,6,171,5,target:Arctic Fox:482
1925,hunt_start,Sectid,15,285,7,171,6,target:Arctic Fox:482
1925,reproduce,Fish,173,205,6,9,3,offspring:2
1925,reproduce,Fish,634,204,6,9,1,offspring:2
1926,environment_death,Sectid,12,286,8,164,6,drowning
1926,hunt_start,Sectid,16,284,2,169,4,target:Arctic Fox:482
1927,hunt_start,Sectid,16,284,2,169,4,target:Arctic Fox:482
1928,hunt_start,Sectid,16,284,2,169,4,target:Arctic Fox:482
1928,hunt_fail,Wolf,429,182,3,283,0,discomfort
1929,hunt_start,Sectid,16,284,2,169,4,target:Arctic Fox:482
1929,hunt_start,Sectid,532,90,0,148,6,target:Shroomer:579
1930,environment_death,Sectid,10,287,0,164,9,drowning
1930,hunt_start,Sectid,16,284,2,169,4,target:Arctic Fox:482
1930,hunt_fail,Sectid,532,89,9,148,8,discomfort
1931,hunt_start,Sectid,16,284,2,169,4,target:Arctic Fox:482
1932,hunt_start,Sectid,16,284,2,169,4,target:Arctic Fox:482
1933,hunt_start,Sectid,16,284,2,169,4,target:Arctic Fox:482
1934,hunt_start,Sectid,16,284,2,169,4,target:Arctic Fox:482
1934,reproduce,Monkey,171,95,7,179,6,offspring:1
1935,environment_death,Sectid,13,287,0,164,7,drowning
1935,hunt_start,Sectid,16,284,2,169,4,target:Arctic Fox:482
1935,hunt_start,Boar,599,101,4,184,6,target:Monkey:12
1935,hunt_start,Boar,762,100,2,185,1,target:Monkey:12
1936,hunt_start,Sectid,16,284,2,169,4,target:Arctic Fox:482
1936,kill,Shroomer,400,28,6,253,9,killed_by:Wolf:433
1937,hunt_start,Sectid,16,284,2,169,4,target:Arctic Fox:482
1937,hunt_fail,Wolf,432,28,0,253,1,target_died
1937,hunt_start,Wolf,432,28,0,253,1,target:Frog:796
1938,hunt_start,Sectid,16,284,2,169,4,target:Arctic Fox:482
1939,hunt_start,Sectid,16,284,2,169,4,target:Arctic Fox:482
1939,hunt_start,Sectid,532,90,0,148,7,target:Shroomer:579
1940,hunt_start,Sectid,16,284,2,169,4,target:Arctic Fox:482
1940,hunt_fail,Sectid,532,89,9,148,9,discomfort
1940,reproduce,Parrot,340,47,0,232,3,offspring:1
1941,hunt_start,Sectid,16,284,2,169,4,target:Arctic Fox:482
1941,hunt_start,Arctic Fox,484,60,0,30,0,target:Rabbit:124
1942,hunt_start,Sectid,16,284,2,169,4,target:Arctic Fox:482
1942,hunt_start,Wolf,429,182,0,283,3,target:Deer:493
1943,hunt_start,Sectid,16,284,2,169,4,target:Arctic Fox:482
1943,hunt_fail,Wolf,429,182,0,283,3,discomfort
1943,hunt_fail,Arctic Fox,484,60,0,30,1,discomfort
1944,hunt_start,Sectid,16,284,2,169,4,target:Arctic Fox:482
1945,hunt_start,Sectid,16,284,2,169,4,target:Arctic Fox:482
1946,hunt_start,Sectid,16,284,2,169,4,target:Arctic Fox:482
1947,hunt_start,Sectid,16,284,2,169,4,target:Arctic Fox:482
1947,hunt_start,Wolf,429,182,0,283,4,target:Deer:493
1948,hunt_start,Sectid,16,284,2,169,4,target:Arctic Fox:482
1948,hunt_start,Fox,441,118,7,209,3,target:Lizard:821
1948,hunt_start,Jaguar,486,103,1,274,6,target:Tapir:594
1948,hunt_start,Sectid,532,90,0,148,7,target:Shroomer:579
1949,hunt_start,Sectid,16,284,2,169,4,target:Arctic Fox:482
1949,kill,Sectid,620,82,5,154,8,killed_by:Wolf:436
1949,hunt_fail,Sectid,532,89,9,148,9,discomfort
1949,hunt_start,Sectid,646,73,4,156,9,target:Camel:707
1950,hunt_start,Sectid,16,284,2,169,4,target:Arctic Fox:482
1950,hunt_start,Wolf,436,82,2,155,1,target:Shroomer:578
1950,reproduce,Monkey,655,110,2,111,9,offspring:1
1951,hunt_fail,Wolf,429,182,2,283,2,discomfort
1951,hunt_fail,Sectid,437,88,9,150,0,discomfort
1951,reproduce,Penguin,272,48,8,44,9,offspring:1
1952,hunt_fail,Sectid,684,74,2,157,3,discomfort
1956,hunt_start,Arctic Fox,484,60,4,29,9,target:Rabbit:124
1957,hunt_fail,Sectid,646,74,7,158,3,discomfort
1960,hunt_fail,Arctic Fox,484,60,3,30,0,discomfort
1961,hunt_start,Sectid,16,284,7,171,1,target:Arctic Fox:482
1961,hunt_start,Wolf,429,182,0,283,4,target:Deer:493
1961,kill,Boar,543,19,3,191,9,killed_by:Jaguar:485
1962,hunt_start,Sectid,16,284,6,170,9,target:Arctic Fox:482
1962,hunt_start,Jaguar,485,19,6,191,3,target:Boar:366
1963,hunt_start,Sectid,16,284,7,170,8,target:Arctic Fox:482
1964,hunt_start,Sectid,16,284,8,170,7,target:Arctic Fox:482
1964,hunt_start,Arctic Fox,484,60,3,29,9,target:Rabbit:124
1965,hunt_start,Sectid,16,284,8,170,7,target:Arctic Fox:482
1966,hunt_start,Sectid,16,284,8,170,7,target:Arctic Fox:482
1966,hunt_start,Sectid,532,90,0,148,5,target:Shroomer:579
1967,hunt_start,Sectid,16,284,8,170,7,target:Arctic Fox:482
1967,hunt_fail,Wolf,429,182,3,283,2,discomfort
1967,hunt_fail,Arctic Fox,484,60,2,30,2,discomfort
1968,hunt_start,Sectid,16,284,8,170,7,target:Arctic Fox:482
1968,hunt_fail,Sectid,532,89,7,148,9,discomfort
1970,hunt_fail,Sectid,5,74,4,157,9,discomfort
1970,kill,Fish,639,179,2,278,1,killed_by:Hawk:466
1970,reproduce,Fish,104,197,5,257,5,offspring:2
1970,reproduce,Fish,135,204,7,254,0,offspring:2
1970,reproduce,Fish,150,194,2,259,4,offspring:2
1970,reproduce,Fish,170,196,6,257,2,offspring:2
1970,reproduce,Parrot,232,46,8,259,6,offspring:1
1970,reproduce,Fish,503,197,0,260,9,offspring:2
1970,reproduce,Fish,504,195,4,259,8,offspring:2
1970,reproduce,Fish,564,196,3,260,2,offspring:2
1970,reproduce,Fish,628,193,5,260,0,offspring:2
1970,reproduce,Fish,629,193,0,259,2,offspring:2
1970,reproduce,Fish,630,193,3,254,9,offspring:2
1970,reproduce,Fish,631,191,5,257,2,offspring:2
1970,reproduce,Fish,637,195,3,260,6,offspring:2
1970,reproduce,Fish,638,194,7,259,8,offspring:2
1971,hunt_start,Hawk,466,179,3,277,9,target:Frog:157
1972,hunt_start,Sectid,16,284,8,171,1,target:Arctic Fox:482
1973,hunt_start,Sectid,16,284,7,171,0,target:Arctic Fox:482
1973,hunt_fail,Sectid,684,74,2,157,3,discomfort
1974,reproduce,Penguin,286,142,9,48,0,offspring:1
1976,hunt_start,Sectid,16,284,7,171,3,target:Arctic Fox:482
1977,hunt_start,Sectid,16,284,7,171,2,target:Arctic Fox:482
1977,hunt_fail,Sectid,683,77,4,160,1,discomfort
1981,hunt_start,Sectid,16,284,8,171,6,target:Arctic Fox:482
1982,hunt_start,Sectid,16,284,6,171,5,target:Arctic Fox:482
1982,hunt_fail,Sectid,532,89,8,149,0,discomfort
1982,reproduce,Tapir,353,44,5,121,9,offspring:1
1983,hunt_start,Sectid,16,284,5,171,5,target:Arctic Fox:482
1983,hunt_start,Arctic Fox,482,286,9,177,1,target:Sectid:15
1983,hunt_start,Arctic Fox,484,60,5,30,0,target:Rabbit:124
1984,hunt_start,Sectid,16,284,3,171,4,target:Arctic Fox:482
1984,hunt_fail,Arctic Fox,484,60,4,30,0,discomfort
1985,hunt_start,Sectid,16,284,3,171,3,target:Arctic Fox:482
1986,hunt_start,Sectid,16,284,3,171,1,target:Arctic Fox:482
1987,hunt_start,Sectid,16,284,3,171,1,target:Arctic Fox:482
1988,hunt_start,Sectid,16,284,4,171,0,target:Arctic Fox:482
1988,hunt_start,Arctic Fox,484,60,5,29,9,target:Rabbit:124
1988,kill,Rabbit,124,60,2,30,1,killed_by:Arctic Fox:484
1989,hunt_start,Sectid,16,284,5,170,9,target:Arctic Fox:482
1989,hunt_start,Arctic Fox,484,60,5,29,9,target:Rabbit:123
1990,hunt_start,Sectid,16,284,4,170,8,target:Arctic Fox:482
1990,hunt_fail,Arctic Fox,484,60,5,30,0,discomfort
1990,hunt_start,Sectid,532,89,9,148,9,target:Shroomer:579
1990,hunt_start,Sectid,684,73,8,157,0,target:Camel:707
1991,hunt_start,Sectid,16,284,3,170,6,target:Arctic Fox:482
1991,hunt_fail,Sectid,532,89,7,149,1,discomfort
1992,hunt_start,Sectid,16,284,2,170,5,target:Arctic Fox:482
1993,hunt_start,Sectid,16,284,1,170,5,target:Arctic Fox:482
1994,hunt_start,Sectid,16,283,9,170,5,target:Arctic Fox:482
1994,hunt_fail,Sectid,684,74,3,157,7,discomfort
1995,hunt_start,Sectid,16,284,0,170,3,target:Arctic Fox:482
1996,hunt_start,Sectid,16,284,0,170,1,target:Arctic Fox:482
1997,hunt_start,Sectid,16,284,1,170,0,target:Arctic Fox:482
1997,hunt_fail,Arctic Fox,482,286,8,175,3,discomfort
1998,hunt_start,Sectid,16,284,1,169,8,target:Arctic Fox:482
1999,hunt_start,Sectid,16,283,9,169,8,target:Arctic Fox:482
1999,hunt_start,Bear,463,178,8,257,3,target:Shroomer:812
2000,hunt_start,Sectid,16,284,1,169,7,target:Arctic Fox:482
2000,hunt_start,Arctic Fox,484,60,5,29,9,target:Rabbit:123
2000,reproduce,Deer,493,188,8,276,7,offspring:1
2000,reproduce,Tapir,542,229,7,72,2,offspring:1
2000,reproduce,Parrot,699,44,4,277,4,offspring:1
2001,hunt_start,Sectid,16,284,1,169,7,target:Arctic Fox:482
2001,hunt_fail,Arctic Fox,484,60,5,30,0,discomfort
2002,hunt_start,Sectid,16,284,1,169,7,target:Arctic Fox:482
2003,hunt_start,Sectid,16,284,1,169,7,target:Arctic Fox:482
2004,hunt_start,Sectid,16,284,1,169,7,target:Arctic Fox:482
2004,kill,Lizard,711,155,1,267,2,killed_by:Hawk:465
2004,hunt_start,Sectid,532,90,0,149,0,target:Shroomer:579
2005,hunt_start,Sectid,16,284,1,169,7,target:Arctic Fox:482
2005,hunt_start,Hawk,465,155,3,267,1,target:Lizard:521
2005,hunt_fail,Sectid,532,89,8,149,1,discomfort
2006,hunt_start,Sectid,16,284,1,169,7,target:Arctic Fox:482
2007,hunt_start,Sectid,16,284,1,169,7,target:Arctic Fox:482
2008,hunt_start,Sectid,16,284,1,169,7,target:Arctic Fox:482
2008,reproduce,Boar,461,198,2,184,7,offspring:2
2009,hunt_start,Sectid,16,284,1,169,7,target:Arctic Fox:482
2010,hunt_start,Sectid,16,284,1,169,7,target:Arctic Fox:482
2011,hunt_start,Sectid,16,284,1,169,7,target:Arctic Fox:482
2011,hunt_start,Sectid,437,89,8,148,9,target:Rabbit:610
2011,reproduce,Musk Ox,311,119,1,188,5,offspring:1
2012,hunt_start,Sectid,16,284,1,169,7,target:Arctic Fox:482
2013,hunt_start,Sectid,16,284,1,169,7,target:Arctic Fox:482
2014,hunt_start,Sectid,16,284,1,169,7,target:Arctic Fox:482
2014,hunt_start,Fox,444,116,2,103,9,target:Monkey:316
2015,hunt_start,Sectid,5,73,5,157,0,target:Camel:707
2015,hunt_start,Sectid,16,284,1,169,7,target:Arctic Fox:482
2015,hunt_start,Arctic Fox,484,60,5,29,9,target:Rabbit:123
2016,hunt_start,Sectid,16,284,1,169,7,target:Arctic Fox:482
2017,hunt_start,Sectid,16,284,1,169,7,target:Arctic Fox:482
2017,hunt_fail,Arctic Fox,484,60,6,30,1,discomfort
2019,starvation,Hawk,550,176,6,222,8,
2019,hunt_start,Hawk,547,21,0,28,0,target:Penguin:273
2020,hunt_start,Sectid,11,283,4,162,8,target:Arctic Fox:482
2023,hunt_fail,Sectid,437,87,6,147,6,discomfort
2024,hunt_start,Sectid,16,284,4,170,6,target:Arctic Fox:482
2025,hunt_start,Sectid,16,284,4,170,4,target:Arctic Fox:482
2025,hunt_start,Sectid,532,90,0,148,6,target:Shroomer:579
2026,hunt_start,Sectid,16,284,2,170,4,target:Arctic Fox:482
2027,hunt_start,Sectid,16,284,2,170,4,target:Arctic Fox:482
2028,hunt_fail,Sectid,5,75,4,159,1,discomfort
2028,hunt_start,Sectid,16,284,2,170,4,target:Arctic Fox:482
2029,reproduce,Rabbit,704,257,0,100,2,offspring:2
2029,reproduce,Rabbit,705,243,9,103,6,offspring:2
2031,hunt_start,Sectid,16,284,2,170,7,target:Arctic Fox:482
2031,hunt_fail,Sectid,532,89,1,149,6,discomfort
2032,hunt_start,Sectid,16,284,3,170,6,target:Arctic Fox:482
2034,hunt_start,Sectid,16,284,4,170,6,target:Arctic Fox:482
2035,hunt_start,Sectid,24,39,4,103,6,target:Parrot:136
2035,hunt_start,Arctic Fox,484,60,5,29,8,target:Rabbit:123
2035,reproduce,Tapir,364,92,6,279,7,offspring:1
2036,reproduce,Parrot,619,31,3,227,2,offspring:1
2037,hunt_start,Sectid,16,284,6,170,7,target:Arctic Fox:482
2037,hunt_fail,Wolf,433,27,5,254,8,discomfort
2038,environment_death,Rabbit,122,64,1,32,5,drowning
2038,hunt_start,Sectid,16,284,4,170,7,target:Arctic Fox:482
2038,hunt_fail,Arctic Fox,484,60,7,30,1,discomfort
2038,reproduce,Rabbit,573,70,5,12,5,offspring:2
2039,hunt_start,Sectid,16,284,4,170,7,target:Arctic Fox:482
2039,reproduce,Elk,220,226,8,87,9,offspring:1
2042,hunt_start,Sectid,16,284,6,170,9,target:Arctic Fox:482
2043,hunt_start,Sectid,16,284,4,170,8,target:Arctic Fox:482
2045,hunt_start,Sectid,16,284,5,170,9,target:Arctic Fox:482
2045,hunt_fail,Sectid,24,41,6,103,9,discomfort
2046,hunt_start,Sectid,5,76,3,159,0,target:Camel:707
2046,hunt_start,Sectid,30,190,5,219,3,target:Lizard:520
2046,hunt_fail,Wolf,430,242,9,82,6,discomfort
2048,hunt_start,Sectid,16,284,8,171,1,target:Arctic Fox:482
2049,hunt_start,Sectid,16,284,7,171,0,target:Arctic Fox:482
2049,hunt_start,Sectid,684,73,7,157,0,target:Camel:707
2051,reproduce,Deer,82,87,9,268,7,offspring:1
2052,hunt_start,Sectid,16,284,7,171,2,target:Arctic Fox:482
2052,hunt_fail,Sectid,684,74,2,157,5,discomfort
2052,reproduce,Jaguar,370,22,9,191,8,offspring:1
2053,hunt_start,Jaguar,370,22,9,191,8,target:Boar:90
2053,hunt_start,Sectid,646,73,6,157,1,target:Camel:707
2053,hunt_start,Jaguar,875,25,0,193,7,target:Boar:457
2054,hunt_start,Sectid,16,284,6,171,3,target:Arctic Fox:482
2054,hunt_start,Arctic Fox,484,60,5,29,8,target:Rabbit:123
2055,reproduce,Tapir,373,128,7,85,4,offspring:1
2057,hunt_fail,Sectid,5,77,5,161,3,discomfort
2057,hunt_start,Sectid,16,284,6,171,6,target:Arctic Fox:482
2058,hunt_start,Sectid,16,284,6,171,5,target:Arctic Fox:482
2058,hunt_fail,Arctic Fox,484,60,7,30,0,discomfort
2059,hunt_start,Sectid,16,284,6,171,5,target:Arctic Fox:482
2060,hunt_fail,Sectid,646,74,6,158,3,discomfort
2061,hunt_fail,Sectid,30,188,5,216,6,discomfort
2061,kill,Boar,366,22,6,197,6,killed_by:Jaguar:485
2062,hunt_start,Sectid,16,284,9,171,7,target:Arctic Fox:482
2063,hunt_start,Sectid,16,284,8,171,5,target:Arctic Fox:482
2064,hunt_start,Sectid,16,284,7,171,4,target:Arctic Fox:482
2064,hunt_start,Arctic Fox,484,60,5,29,9,target:Rabbit:123
2065,starvation,Lizard,235,163,5,234,1,
2065,hunt_start,Sectid,16,284,7,171,4,target:Arctic Fox:482
2065,hunt_start,Arctic Fox,482,286,9,177,1,target:Sectid:16
2066,hunt_start,Sectid,16,284,7,171,2,target:Arctic Fox:482
2066,hunt_fail,Arctic Fox,484,60,6,30,1,discomfort
2067,hunt_start,Sectid,16,284,5,171,2,target:Arctic Fox:482
2068,hunt_start,Sectid,16,284,6,171,0,target:Arctic Fox:482
2069,hunt_start,Sectid,16,284,4,171,0,target:Arctic Fox:482
2070,hunt_start,Sectid,16,284,3,170,9,target:Arctic Fox:482
2071,hunt_start,Sectid,16,284,3,170,7,target:Arctic Fox:482
2071,reproduce,Camel,254,86,3,163,4,offspring:1
2072,hunt_start,Sectid,16,284,2,170,7,target:Arctic Fox:482
2073,hunt_start,Sectid,16,284,1,170,6,target:Arctic Fox:482
2074,hunt_start,Sectid,16,283,9,170,5,target:Arctic Fox:482
2075,hunt_start,Sectid,16,283,8,170,3,target:Arctic Fox:482
2076,hunt_start,Sectid,16,283,7,170,2,target:Arctic Fox:482
2077,hunt_start,Sectid,16,283,5,170,2,target:Arctic Fox:482
2078,hunt_start,Sectid,11,285,8,172,3,target:Arctic Fox:482
2078,hunt_start,Sectid,16,283,6,170,0,target:Arctic Fox:482
2078,hunt_start,Sectid,684,73,8,157,1,target:Camel:707
2079,hunt_start,Sectid,11,285,7,172,3,target:Arctic Fox:482
2079,hunt_start,Sectid,16,283,6,169,8,target:Arctic Fox:482
2079,hunt_start,Arctic Fox,484,60,5,29,8,target:Rabbit:123
2080,hunt_start,Sectid,11,285,5,172,3,target:Arctic Fox:482
2080,hunt_start,Sectid,16,283,7,169,7,target:Arctic Fox:482
2081,hunt_start,Sectid,11,285,4,172,4,target:Arctic Fox:482
2081,hunt_start,Sectid,16,283,7,169,5,target:Arctic Fox:482
2082,hunt_start,Sectid,11,285,5,172,4,target:Arctic Fox:482
2082,hunt_start,Sectid,16,283,8,169,4,target:Arctic Fox:482
2082,hunt_fail,Sectid,684,74,2,157,8,discomfort
2083,hunt_start,Sectid,11,285,7,172,5,target:Arctic Fox:482
2083,hunt_start,Sectid,16,283,6,169,4,target:Arctic Fox:482
2083,reproduce,Penguin,276,282,7,78,4,offspring:1
2084,hunt_start,Sectid,11,285,5,172,5,target:Arctic Fox:482
2084,hunt_start,Sectid,16,283,5,169,3,target:Arctic Fox:482
2084,hunt_fail,Arctic Fox,482,285,9,174,8,discomfort
2085,hunt_start,Sectid,11,285,3,172,5,target:Arctic Fox:482
2085,hunt_start,Sectid,16,283,6,169,1,target:Arctic Fox:482
2085,hunt_start,Sectid,25,38,9,103,5,target:Parrot:733
2085,hunt_start,Sectid,532,90,0,148,6,target:Shroomer:579
2086,hunt_start,Sectid,11,285,3,172,6,target:Arctic Fox:482
2086,hunt_start,Sectid,16,283,7,169,0,target:Arctic Fox:482
2087,hunt_start,Sectid,11,285,2,172,8,target:Arctic Fox:482
2087,hunt_start,Sectid,16,283,8,168,9,target:Arctic Fox:482
2087,hunt_fail,Arctic Fox,484,60,8,30,1,discomfort
2088,hunt_start,Sectid,11,285,3,172,9,target:Arctic Fox:482
2088,hunt_start,Sectid,16,283,8,168,9,target:Arctic Fox:482
2088,hunt_fail,Wolf,433,27,0,256,2,discomfort
2089,hunt_start,Sectid,11,285,3,172,7,target:Arctic Fox:482
2089,hunt_start,Sectid,16,283,8,168,9,target:Arctic Fox:482
2090,hunt_start,Sectid,11,285,4,172,6,target:Arctic Fox:482
2090,hunt_start,Sectid,16,283,8,168,9,target:Arctic Fox:482
2091,hunt_start,Sectid,11,285,2,172,7,target:Arctic Fox:482
2091,hunt_start,Sectid,16,283,8,168,9,target:Arctic Fox:482
2092,hunt_start,Sectid,11,285,1,172,6,target:Arctic Fox:482
2092,hunt_start,Sectid,16,283,8,168,9,target:Arctic Fox:482
2093,hunt_start,Sectid,11,285,1,172,4,target:Arctic Fox:482
2093,hunt_start,Sectid,16,283,8,168,9,target:Arctic Fox:482
2093,hunt_start,Sectid,22,39,2,103,5,target:Parrot:352
2094,hunt_start,Sectid,11,285,3,172,3,target:Arctic Fox:482
2094,hunt_start,Sectid,16,283,8,168,9,target:Arctic Fox:482
2095,starvation,Fish,133,17,8,234,4,
2095,hunt_start,Sectid,11,285,4,172,2,target:Arctic Fox:482
2095,hunt_start,Sectid,16,283,8,168,9,target:Arctic Fox:482
2095,hunt_start,Bear,462,49,8,70,3,target:Deer:56
2096,hunt_start,Sectid,11,285,3,172,1,target:Arctic Fox:482
2096,hunt_start,Sectid,16,283,8,168,9,target:Arctic Fox:482
2097,hunt_start,Sectid,11,285,5,172,0,target:Arctic Fox:482
2097,hunt_start,Sectid,16,283,8,168,9,target:Arctic Fox:482
2098,hunt_start,Sectid,11,285,4,172,1,target:Arctic Fox:482
2098,hunt_start,Sectid,16,283,8,168,9,target:Arctic Fox:482
2098,reproduce,Penguin,277,283,2,78,2,offspring:1
2098,reproduce,Boar,460,148,5,184,8,offspring:2
2099,hunt_start,Sectid,11,285,2,172,0,target:Arctic Fox:482
2099,hunt_start,Sectid,16,283,8,168,9,target:Arctic Fox:482
2100,hunt_start,Sectid,11,285,4,172,1,target:Arctic Fox:482
2100,hunt_start,Sectid,16,283,8,168,9,target:Arctic Fox:482
2100,kill,Lizard,521,151,7,284,3,killed_by:Hawk:465
2101,hunt_start,Sectid,11,285,5,172,2,target:Arctic Fox:482
2101,hunt_start,Sectid,16,283,8,168,9,target:Arctic Fox:482
2101,hunt_start,Hawk,465,151,8,284,1,target:Lizard:809
2101,hunt_fail,Sectid,532,88,3,150,6,discomfort
2101,reproduce,Penguin,531,48,8,47,5,offspring:1
2102,hunt_start,Sectid,11,285,4,172,3,target:Arctic Fox:482
2102,hunt_start,Sectid,16,283,8,168,9,target:Arctic Fox:482
2103,hunt_start,Sectid,11,285,5,172,2,target:Arctic Fox:482
2103,hunt_start,Sectid,16,283,8,168,9,target:Arctic Fox:482
2104,hunt_start,Sectid,11,285,7,172,1,target:Arctic Fox:482
2104,hunt_start,Sectid,16,283,8,168,9,target:Arctic Fox:482
2104,hunt_start,Arctic Fox,484,60,5,29,8,target:Rabbit:123
2105,hunt_start,Sectid,11,285,8,172,0,target:Arctic Fox:482
2105,hunt_start,Sectid,16,283,8,168,9,target:Arctic Fox:482
2105,hunt_fail,Sectid,25,38,7,99,5,discomfort
2105,reproduce,Penguin,269,47,4,40,6,offspring:1
2106,hunt_start,Sectid,11,285,8,171,8,target:Arctic Fox:482
2106,hunt_start,Sectid,16,283,8,168,9,target:Arctic Fox:482
2106,hunt_fail,Sectid,22,39,4,100,9,discomfort
2106,hunt_start,Fox,442,150,3,235,4,target:Lizard:236
2106,reproduce,Parrot,540,3,2,256,2,offspring:1
2107,hunt_start,Sectid,11,286,0,171,9,target:Arctic Fox:482
2107,hunt_start,Sectid,16,283,8,168,9,target:Arctic Fox:482
2108,hunt_start,Sectid,11,285,8,172,0,target:Arctic Fox:482
2108,hunt_start,Sectid,16,283,8,168,9,target:Arctic Fox:482
2108,hunt_fail,Arctic Fox,484,60,5,30,1,discomfort
2109,hunt_start,Sectid,11,285,7,172,1,target:Arctic Fox:482
2110,hunt_start,Sectid,11,285,7,172,2,target:Arctic Fox:482
2110,kill,Shroomer,578,80,6,150,2,killed_by:Wolf:436
2111,hunt_start,Sectid,11,285,5,172,2,target:Arctic Fox:482
2111,hunt_fail,Wolf,435,81,0,151,9,prey_escaped
2111,hunt_start,Wolf,435,81,0,151,9,target:Sectid:3
2111,kill,Frog,157,200,3,282,2,killed_by:Hawk:466
2112,hunt_start,Sectid,11,285,4,172,4,target:Arctic Fox:482
2112,hunt_start,Hawk,466,200,4,281,9,target:Frog:158
2113,hunt_start,Sectid,11,285,5,172,2,target:Arctic Fox:482
2114,hunt_start,Sectid,11,285,4,172,4,target:Arctic Fox:482
2115,hunt_start,Sectid,11,285,4,172,2,target:Arctic Fox:482
2115,hunt_start,Arctic Fox,482,286,0,175,7,target:Sectid:15
2115,reproduce,Tapir,575,123,4,15,0,offspring:1
2116,hunt_start,Sectid,11,285,4,172,4,target:Arctic Fox:482
2116,hunt_fail,Wolf,430,242,7,81,3,discomfort
2116,hunt_fail,Arctic Fox,482,286,0,175,6,discomfort
2117,hunt_start,Sectid,11,285,5,172,3,target:Arctic Fox:482
2117,hunt_start,Sectid,16,284,3,170,2,target:Arctic Fox:482
2118,hunt_start,Sectid,11,285,3,172,2,target:Arctic Fox:482
2118,hunt_start,Sectid,16,284,2,170,2,target:Arctic Fox:482
2118,hunt_start,Sectid,684,73,9,157,5,target:Camel:707
2119,hunt_start,Sectid,11,285,4,172,3,target:Arctic Fox:482
2119,hunt_start,Sectid,16,284,2,170,0,target:Arctic Fox:482
2120,hunt_start,Sectid,11,285,3,172,3,target:Arctic Fox:482
2120,hunt_start,Sectid,16,284,0,169,9,target:Arctic Fox:482
2121,hunt_start,Sectid,11,285,3,172,5,target:Arctic Fox:482
2121,hunt_start,Sectid,16,283,9,169,8,target:Arctic Fox:482
2122,hunt_start,Sectid,11,285,3,172,3,target:Arctic Fox:482
2122,hunt_start,Sectid,16,283,9,169,8,target:Arctic Fox:482
2123,hunt_start,Sectid,11,285,2,172,2,target:Arctic Fox:482
2123,hunt_start,Sectid,16,283,9,169,8,target:Arctic Fox:482
2123,hunt_fail,Sectid,437,89,1,149,6,discomfort
2123,hunt_start,Arctic Fox,484,60,4,29,8,target:Rabbit:123
2123,hunt_fail,Sectid,620,87,6,151,3,discomfort
2124,hunt_start,Sectid,11,285,2,172,0,target:Arctic Fox:482
2124,hunt_start,Sectid,16,283,9,169,8,target:Arctic Fox:482
2125,hunt_start,Sectid,11,285,0,171,9,target:Arctic Fox:482
2125,hunt_start,Sectid,16,283,9,169,8,target:Arctic Fox:482
2126,hunt_start,Sectid,11,285,2,171,8,target:Arctic Fox:482
2126,hunt_start,Sectid,16,283,9,169,8,target:Arctic Fox:482
2127,hunt_start,Sectid,11,285,4,171,8,target:Arctic Fox:482
2127,hunt_start,Sectid,16,283,9,169,8,target:Arctic Fox:482
2128,hunt_start,Sectid,11,285,6,171,8,target:Arctic Fox:482
2128,hunt_start,Sectid,16,283,9,169,8,target:Arctic Fox:482
2129,hunt_start,Sectid,11,285,4,171,7,target:Arctic Fox:482
2129,hunt_start,Sectid,16,283,9,169,8,target:Arctic Fox:482
2129,hunt_fail,Arctic Fox,484,60,4,30,1,discomfort
2130,hunt_start,Sectid,11,285,6,171,6,target:Arctic Fox:482
2130,hunt_start,Sectid,16,283,9,169,8,target:Arctic Fox:482
2130,hunt_start,Sectid,778,101,1,149,7,target:Monkey:751
2130,reproduce,Monkey,313,123,7,87,1,offspring:1
2131,hunt_start,Sectid,11,285,8,171,5,target:Arctic Fox:482
2131,hunt_start,Sectid,16,283,9,169,8,target:Arctic Fox:482
2132,hunt_start,Sectid,11,285,7,171,3,target:Arctic Fox:482
2133,hunt_start,Sectid,11,285,6,171,2,target:Arctic Fox:482
2134,hunt_start,Sectid,11,285,4,171,3,target:Arctic Fox:482
2135,hunt_start,Sectid,11,285,5,171,1,target:Arctic Fox:482
2136,hunt_start,Sectid,11,285,6,171,2,target:Arctic Fox:482
2136,hunt_fail,Sectid,684,76,4,160,6,discomfort
2137,hunt_start,Sectid,11,285,8,171,2,target:Arctic Fox:482
2137,hunt_start,Sectid,15,286,5,176,0,target:Arctic Fox:482
2138,hunt_start,Sectid,11,285,6,171,2,target:Arctic Fox:482
2138,hunt_start,Sectid,15,286,6,175,9,target:Arctic Fox:482
2138,hunt_start,Sectid,22,38,5,101,5,target:Parrot:733
2138,hunt_start,Arctic Fox,484,60,3,29,9,target:Rabbit:123
2139,hunt_start,Sectid,11,285,7,171,0,target:Arctic Fox:482
2139,hunt_fail,Wolf,431,243,0,81,9,discomfort
2140,hunt_start,Sectid,11,285,9,170,9,target:Arctic Fox:482
2140,hunt_start,Sectid,15,286,6,175,7,target:Arctic Fox:482
2141,hunt_start,Sectid,31,194,6,216,5,target:Lizard:520
2143,starvation,Frog,158,199,8,282,5,
2143,hunt_start,Sectid,15,286,5,175,8,target:Arctic Fox:482
2143,hunt_fail,Hawk,466,199,8,282,3,target_died
2143,hunt_start,Hawk,466,199,8,282,3,target:Fish:856
2144,hunt_start,Sectid,15,286,5,175,9,target:Arctic Fox:482
2144,hunt_fail,Wolf,433,26,8,256,7,discomfort
2145,hunt_start,Sectid,15,286,4,175,9,target:Arctic Fox:482
2147,hunt_fail,Sectid,22,37,1,100,2,discomfort
2150,hunt_start,Sectid,15,286,2,176,0,target:Arctic Fox:482
2151,hunt_start,Sectid,15,286,2,175,9,target:Arctic Fox:482
2151,kill,Shroomer,812,169,2,259,5,killed_by:Bear:463
2151,kill,Rabbit,123,60,3,29,6,killed_by:Arctic Fox:484
2152,hunt_start,Sectid,15,286,3,175,8,target:Arctic Fox:482
2152,hunt_start,Sectid,245,100,2,150,1,target:Monkey:751
2152,hunt_fail,Wolf,430,242,5,81,6,discomfort
2152,hunt_start,Bear,463,169,9,259,3,target:Shroomer:389
2152,hunt_start,Arctic Fox,484,60,2,30,0,target:Monkey:333
2153,hunt_start,Sectid,15,286,3,175,9,target:Arctic Fox:482
2154,hunt_start,Arctic Fox,482,286,8,176,8,target:Sectid:15
2156,hunt_start,Sectid,15,286,4,175,7,target:Arctic Fox:482
2157,hunt_start,Sectid,15,286,3,175,6,target:Arctic Fox:482
2158,hunt_start,Sectid,15,286,2,175,6,target:Arctic Fox:482
2159,hunt_start,Sectid,15,286,1,175,7,target:Arctic Fox:482
2159,kill,Deer,79,18,6,181,8,killed_by:Jaguar:369
2160,hunt_start,Sectid,15,286,0,175,6,target:Arctic Fox:482
2161,hunt_start,Sectid,15,285,9,175,6,target:Arctic Fox:482
2161,hunt_fail,Sectid,31,190,5,214,4,discomfort
2161,hunt_start,Sectid,36,127,6,131,0,target:Deer:39
2161,hunt_start,Sectid,646,73,6,157,9,target:Camel:707
2161,reproduce,Parrot,352,42,7,91,6,offspring:1
2162,hunt_start,Sectid,15,285,8,175,5,target:Arctic Fox:482
2162,hunt_fail,Arctic Fox,484,61,1,30,1,discomfort
2163,hunt_start,Sectid,15,285,9,175,5,target:Arctic Fox:482
2164,hunt_start,Sectid,15,285,8,175,6,target:Arctic Fox:482
2164,hunt_fail,Arctic Fox,482,286,2,175,7,discomfort
2165,hunt_start,Sectid,15,285,7,175,5,target:Arctic Fox:482
2166,hunt_start,Sectid,15,285,7,175,7,target:Arctic Fox:482
2166,reproduce,Wolf,433,27,4,257,4,offspring:1
2167,hunt_start,Sectid,15,285,6,175,5,target:Arctic Fox:482
2167,hunt_start,Wolf,812,25,9,255,3,target:Deer:715
2168,hunt_start,Sectid,15,285,7,175,5,target:Arctic Fox:482
2168,kill,Arctic Fox,482,286,1,175,7,killed_by:Sectid:15
2174,hunt_fail,Sectid,646,75,6,160,2,discomfort
2182,hunt_start,Wolf,430,242,0,82,2,target:Tapir:130
2184,kill,Boar,457,27,2,203,4,killed_by:Jaguar:875
2185,hunt_start,Jaguar,875,27,0,202,8,target:Boar:455
2187,kill,Boar,90,29,0,183,5,killed_by:Jaguar:370
2192,hunt_start,Sectid,437,90,1,148,5,target:Shroomer:614
2197,reproduce,Deer,590,77,4,268,9,offspring:1
2202,reproduce,Monkey,318,89,6,193,2,offspring:1
2203,hunt_fail,Sectid,437,87,7,148,7,discomfort
2203,kill,Penguin,273,41,0,43,1,killed_by:Hawk:547
2205,kill,Sectid,3,78,8,155,4,killed_by:Wolf:435
2206,hunt_start,Wolf,435,78,6,154,9,target:Sectid:784
2206,hunt_fail,Wolf,436,78,5,155,6,target_died
2207,hunt_fail,Fox,440,103,6,75,7,discomfort
2212,hunt_fail,Wolf,431,241,1,85,0,discomfort
2215,kill,Lizard,650,288,0,162,9,killed_by:Sectid:543
2215,kill,Lizard,650,288,0,162,9,killed_by:Sectid:752
2216,hunt_fail,Sectid,606,287,4,162,4,target_died
2217,hunt_start,Wolf,429,182,0,286,2,target:Deer:71
2221,kill,Rabbit,498,263,9,116,5,killed_by:Hawk:548
2222,hunt_fail,Wolf,429,182,3,286,1,discomfort
2222,hunt_start,Fox,440,104,3,75,6,target:Frog:509
2222,hunt_start,Hawk,548,263,7,116,4,target:Rabbit:867
2223,environment_death,Sectid,11,286,4,171,1,drowning
2224,reproduce,Tapir,594,95,4,277,4,offspring:1
2226,hunt_start,Sectid,709,102,6,147,9,target:Rabbit:88
2233,kill,Deer,39,143,6,130,9,killed_by:Sectid:36
2233,reproduce,Deer,559,121,1,146,3,offspring:1
2235,starvation,Rabbit,109,269,8,283,3,
2239,hunt_start,Wolf,429,182,0,286,5,target:Deer:71
2239,reproduce,Rabbit,103,23,2,281,5,offspring:2
2242,reproduce,Musk Ox,312,122,4,193,0,offspring:1
2244,hunt_start,Arctic Fox,484,59,7,26,8,target:Monkey:537
2245,hunt_fail,Wolf,429,182,3,286,3,discomfort
2247,hunt_fail,Wolf,432,26,0,259,1,discomfort
2248,hunt_fail,Fox,442,165,2,231,5,discomfort
2251,kill,Lizard,809,175,0,266,1,killed_by:Hawk:465
2252,hunt_start,Hawk,465,174,9,266,2,target:Fish:858
2253,hunt_start,Sectid,437,89,9,148,1,target:Shroomer:614
2257,kill,Monkey,751,102,1,175,5,killed_by:Sectid:245
2258,hunt_start,Sectid,245,101,9,174,8,target:Monkey:319
2258,reproduce,Turtle,190,58,2,260,4,offspring:1
2258,reproduce,Tapir,598,156,7,87,1,offspring:1
2261,hunt_fail,Sectid,437,88,1,148,5,discomfort
2265,hunt_start,Wolf,429,181,9,286,8,target:Deer:71
2269,reproduce,Parrot,349,29,3,151,9,offspring:1
2273,hunt_fail,Wolf,431,238,4,87,6,discomfort
2276,hunt_fail,Wolf,429,182,6,286,4,discomfort
2278,hunt_fail,Sectid,532,91,9,147,3,discomfort
2281,hunt_fail,Wolf,434,26,0,260,9,discomfort
2284,hunt_fail,Arctic Fox,484,62,4,30,5,discomfort
2286,kill,Sectid,784,80,7,156,7,killed_by:Wolf:436
2287,hunt_fail,Wolf,435,79,3,156,3,target_died
2287,hunt_start,Wolf,435,79,3,156,3,target:Sectid:4
2287,reproduce,Hawk,547,44,1,46,6,offspring:1
2288,hunt_start,Hawk,547,44,1,46,7,target:Penguin:521
2288,hunt_start,Hawk,650,45,2,48,8,target:Penguin:531
2290,hunt_start,Sectid,22,38,5,101,5,target:Parrot:352
2296,reproduce,Penguin,667,137,8,53,8,offspring:1
2300,hunt_start,Sectid,437,89,7,148,3,target:Shroomer:614
2305,hunt_fail,Wolf,431,237,0,89,1,discomfort
2305,hunt_fail,Sectid,437,88,5,148,5,discomfort
2306,hunt_start,Wolf,429,181,8,286,9,target:Deer:71
2308,reproduce,Penguin,591,135,9,56,2,offspring:1
2308,reproduce,Penguin,592,135,1,45,1,offspring:1
2310,starvation,Rabbit,110,280,4,274,9,
2310,reproduce,Tapir,365,251,7,72,3,offspring:1
2312,hunt_fail,Sectid,22,40,8,97,3,discomfort
2317,starvation,Hawk,466,196,0,264,7,
2319,kill,Sectid,28,195,4,234,9,killed_by:Boar:676
2321,kill,Shroomer,389,165,1,251,5,killed_by:Bear:463
2322,hunt_start,Bear,463,165,4,252,2,target:Shroomer:412
2323,starvation,Rabbit,500,270,6,284,7,
2325,starvation,Fish,577,47,0,153,2,
2328,hunt_start,Sectid,437,89,6,148,5,target:Shroomer:614
2330,kill,Sectid,4,78,3,155,7,killed_by:Wolf:436
2331,environment_death,Lizard,243,0,0,263,6,drowning
2331,hunt_fail,Wolf,429,183,4,285,7,discomfort
2331,hunt_fail,Wolf,435,79,4,155,4,target_died
2331,hunt_fail,Hawk,467,1,1,261,3,target_died
2331,hunt_start,Hawk,467,1,1,261,3,target:Lizard:524
2333,hunt_fail,Sectid,437,88,4,148,6,discomfort
2336,reproduce,Jaguar,485,16,7,195,9,offspring:1
2337,hunt_start,Jaguar,466,18,6,197,5,target:Boar:455
2337,hunt_start,Jaguar,485,16,7,195,9,target:Boar:455
2339,reproduce,Parrot,571,83,0,59,1,offspring:1
2346,kill,Frog,509,116,8,70,4,killed_by:Fox:440
2347,hunt_start,Fox,440,116,6,70,4,target:Frog:724
2348,hunt_start,Sectid,620,90,0,147,5,target:Shroomer:614
2351,starvation,Fish,641,131,5,27,6,
2353,hunt_fail,Wolf,434,25,4,264,2,discomfort
2355,environment_death,Camel,263,55,2,162,0,drowning
2355,hunt_start,Arctic Fox,484,60,5,28,9,target:Penguin:271
2358,hunt_start,Sectid,27,192,0,219,5,target:Lizard:520
2358,hunt_fail,Sectid,620,87,9,148,4,discomfort
2359,hunt_fail,Wolf,430,238,3,88,0,discomfort
2361,reproduce,Boar,676,195,7,234,3,offspring:2
2362,hunt_start,Sectid,437,89,6,148,5,target:Shroomer:614
2368,hunt_fail,Sectid,437,88,2,148,7,discomfort
2372,kill,Boar,455,13,8,199,6,killed_by:Jaguar:485
2372,reproduce,Boar,137,15,9,202,7,offspring:2
2372,reproduce,Boar,456,28,1,179,8,offspring:2
2373,hunt_fail,Jaguar,466,17,7,197,8,target_died
2373,hunt_start,Jaguar,466,17,7,197,8,target:Boar:509
2373,hunt_fail,Jaguar,875,15,1,199,2,target_died
2373,hunt_start,Jaguar,875,15,1,199,2,target:Boar:509
2377,hunt_fail,Sectid,27,188,8,216,5,discomfort
2377,reproduce,Tapir,372,147,2,102,4,offspring:1
2380,environment_death,Fish,135,207,8,253,4,suffocation
2384,hunt_fail,Wolf,430,237,9,88,3,discomfort
2388,hunt_fail,Arctic Fox,484,57,1,29,5,discomfort
2390,hunt_start,Wolf,436,78,3,153,6,target:Sectid:266
2391,hunt_start,Sectid,31,195,5,217,0,target:Boar:774
2392,hunt_start,Wolf,429,181,7,287,0,target:Deer:71
2395,kill,Penguin,531,55,6,56,6,killed_by:Hawk:650
2396,hunt_start,Hawk,650,55,5,56,4,target:Frog:166
2397,kill,Rabbit,867,255,5,84,6,killed_by:Hawk:548
2398,hunt_start,Hawk,548,255,6,84,8,target:Rabbit:823
2399,hunt_fail,Wolf,430,237,6,88,1,discomfort
2400,reproduce,Tapir,130,242,2,95,1,offspring:1
2401,hunt_start,Sectid,31,195,4,214,9,target:Boar:774
2402,hunt_start,Sectid,31,195,4,215,0,target:Boar:774
2403,hunt_start,Sectid,31,195,5,215,1,target:Boar:774
2404,hunt_start,Sectid,31,195,3,215,1,target:Boar:774
2404,hunt_start,Sectid,620,90,0,148,0,target:Shroomer:614
2405,hunt_start,Sectid,31,195,5,215,1,target:Boar:774
2406,hunt_start,Sectid,31,195,3,215,1,target:Boar:774
2406,kill,Boar,509,16,2,200,9,killed_by:Jaguar:466
2407,hunt_start,Sectid,31,195,1,215,2,target:Boar:774
2407,hunt_start,Jaguar,466,16,5,200,2,target:Boar:881
2407,hunt_fail,Jaguar,875,15,6,200,0,target_died
2407,hunt_start,Jaguar,875,15,6,200,0,target:Boar:881
2408,hunt_start,Sectid,31,194,9,215,3,target:Boar:774
2409,hunt_start,Sectid,31,195,0,215,5,target:Boar:774
2409,hunt_fail,Sectid,778,85,1,162,0,prey_escaped
2409,hunt_start,Sectid,778,85,1,162,0,target:Camel:727
2410,hunt_start,Sectid,31,195,2,215,4,target:Boar:774
2410,hunt_fail,Sectid,437,88,4,148,6,discomfort
2411,hunt_start,Sectid,31,195,5,215,4,target:Boar:774
2412,hunt_start,Sectid,31,195,4,215,7,target:Boar:774
2413,hunt_start,Sectid,31,195,6,215,9,target:Boar:774
2414,hunt_start,Sectid,31,195,8,215,9,target:Boar:774
2415,hunt_start,Sectid,31,195,8,216,1,target:Boar:774
2416,hunt_start,Sectid,31,196,0,216,3,target:Boar:774
2417,hunt_start,Sectid,31,196,0,216,5,target:Boar:774
2417,hunt_start,Sectid,245,86,9,165,9,target:Monkey:171
2417,kill,Shroomer,412,161,7,254,2,killed_by:Bear:463
2418,hunt_start,Sectid,31,195,9,216,7,target:Boar:774
2418,hunt_start,Sectid,245,86,8,165,9,target:Monkey:171
2418,hunt_start,Bear,463,162,4,253,8,target:Shroomer:811
2419,hunt_start,Sectid,31,195,8,216,9,target:Boar:774
2419,hunt_start,Sectid,245,86,7,165,8,target:Monkey:171
2420,hunt_start,Sectid,31,196,0,216,7,target:Boar:774
2420,hunt_start,Sectid,245,86,6,165,8,target:Monkey:171
2421,hunt_start,Sectid,31,196,1,216,5,target:Boar:774
2421,hunt_start,Sectid,245,86,5,165,7,target:Monkey:171
2421,kill,Boar,881,16,0,201,8,killed_by:Jaguar:875
2422,hunt_start,Sectid,31,196,0,216,7,target:Boar:774
2422,hunt_start,Sectid,34,123,1,133,6,target:Deer:559
2422,hunt_start,Sectid,245,86,4,165,7,target:Monkey:171
2422,hunt_fail,Jaguar,466,16,4,201,4,target_died
2422,hunt_start,Jaguar,466,16,4,201,4,target:Boar:137
2423,hunt_start,Sectid,31,195,8,216,8,target:Boar:774
2423,hunt_start,Sectid,245,86,3,165,6,target:Monkey:171
2423,hunt_fail,Wolf,429,183,5,285,2,discomfort
2424,hunt_start,Sectid,31,195,6,217,0,target:Boar:774
2424,hunt_start,Sectid,245,86,3,165,5,target:Monkey:171
2425,hunt_start,Sectid,31,195,4,217,0,target:Boar:774
2425,hunt_start,Sectid,245,86,2,165,5,target:Monkey:171
2426,hunt_start,Sectid,31,195,6,217,0,target:Boar:774
2426,hunt_start,Sectid,245,86,1,165,4,target:Monkey:171
2426,reproduce,Monkey,748,136,3,183,8,offspring:1
2427,hunt_start,Sectid,31,195,6,217,2,target:Boar:774
2427,hunt_start,Sectid,245,86,0,165,4,target:Monkey:171
2428,hunt_start,Sectid,31,195,8,217,1,target:Boar:774
2428,hunt_start,Sectid,245,85,9,165,3,target:Monkey:171
2428,hunt_fail,Sectid,620,86,2,149,0,discomfort
2428,reproduce,Monkey,396,129,0,66,3,offspring:1
2429,starvation,Rabbit,112,268,4,281,0,
2429,hunt_start,Sectid,31,195,6,217,1,target:Boar:774
2429,hunt_start,Sectid,245,85,8,165,3,target:Monkey:171
2430,hunt_start,Sectid,31,195,7,216,9,target:Boar:774
2430,hunt_start,Sectid,245,85,7,165,2,target:Monkey:171
2431,starvation,Hawk,468,68,9,218,4,
2431,hunt_start,Sectid,31,195,9,217,1,target:Boar:774
2431,hunt_start,Sectid,245,85,6,165,2,target:Monkey:171
2432,hunt_start,Sectid,31,195,7,217,1,target:Boar:774
2432,hunt_start,Sectid,245,85,5,165,1,target:Monkey:171
2433,hunt_start,Sectid,31,195,5,217,0,target:Boar:774
2433,hunt_start,Sectid,245,85,4,165,0,target:Monkey:171
2434,hunt_start,Sectid,31,195,6,217,2,target:Boar:774
2434,hunt_start,Sectid,245,85,3,165,0,target:Monkey:171
2435,hunt_start,Sectid,31,195,7,217,0,target:Boar:774
2435,hunt_start,Sectid,245,85,2,164,9,target:Monkey:171
2436,hunt_start,Sectid,31,195,6,217,1,target:Boar:774
2436,hunt_start,Sectid,245,85,1,164,9,target:Monkey:171
2437,hunt_start,Sectid,31,195,7,217,1,target:Boar:774
2437,hunt_start,Sectid,245,85,0,164,8,target:Monkey:171
2437,reproduce,Penguin,688,119,1,37,9,offspring:1
2438,hunt_start,Sectid,31,195,6,217,0,target:Boar:774
2438,hunt_start,Sectid,245,84,9,164,8,target:Monkey:171
2439,hunt_start,Sectid,31,195,4,216,9,target:Boar:774
2439,hunt_start,Sectid,245,84,8,164,7,target:Monkey:171
2439,hunt_start,Sectid,437,89,5,148,5,target:Shroomer:579
2440,hunt_start,Sectid,31,195,2,216,7,target:Boar:774
2440,hunt_start,Sectid,245,84,7,164,7,target:Monkey:171
2440,reproduce,Deer,54,19,5,44,3,offspring:1
2441,hunt_start,Sectid,31,195,0,216,7,target:Boar:774
2441,hunt_start,Sectid,245,84,6,164,6,target:Monkey:171
2442,hunt_start,Sectid,31,194,8,216,6,target:Boar:774
2442,hunt_start,Sectid,245,84,5,164,5,target:Monkey:171
2443,hunt_start,Sectid,31,194,7,216,8,target:Boar:774
2443,hunt_start,Sectid,245,84,5,164,5,target:Monkey:171
2443,hunt_fail,Sectid,778,82,0,160,7,discomfort
2444,hunt_start,Sectid,31,194,5,216,9,target:Boar:774
2444,hunt_start,Sectid,245,84,4,164,4,target:Monkey:171
2445,hunt_start,Sectid,31,194,2,216,9,target:Boar:774
2445,hunt_start,Sectid,245,84,3,164,4,target:Monkey:171
2445,hunt_fail,Sectid,437,88,7,149,7,discomfort
2446,hunt_start,Sectid,31,194,0,216,9,target:Boar:774
2446,hunt_start,Sectid,245,84,2,164,3,target:Monkey:171
2447,hunt_start,Sectid,31,193,8,216,9,target:Boar:774
2447,hunt_start,Sectid,245,84,1,164,3,target:Monkey:171
2448,hunt_start,Sectid,31,193,9,216,8,target:Boar:774
2448,hunt_start,Sectid,245,84,0,164,2,target:Monkey:171
2449,starvation,Arctic Fox,479,167,8,44,6,
2449,hunt_start,Sectid,31,194,0,217,0,target:Boar:774
2449,hunt_start,Sectid,245,83,9,164,1,target:Monkey:171
2450,hunt_start,Sectid,31,194,2,216,8,target:Boar:774
2450,hunt_start,Sectid,245,83,8,164,1,target:Monkey:171
2451,hunt_start,Sectid,31,194,4,216,7,target:Boar:774
2451,hunt_start,Sectid,245,83,7,164,0,target:Monkey:171
2452,hunt_start,Sectid,31,194,5,216,9,target:Boar:774
2452,hunt_start,Sectid,245,83,6,164,0,target:Monkey:171
2453,hunt_start,Sectid,31,194,3,217,0,target:Boar:774
2453,hunt_start,Sectid,245,83,5,163,9,target:Monkey:171
2454,hunt_start,Sectid,31,194,5,217,0,target:Boar:774
2454,hunt_start,Sectid,245,83,4,163,9,target:Monkey:171
2455,hunt_start,Sectid,31,194,7,217,0,target:Boar:774
2455,hunt_start,Sectid,245,83,4,163,8,target:Monkey:171
2456,hunt_start,Sectid,31,194,8,217,3,target:Boar:774
2456,hunt_start,Sectid,245,83,3,163,8,target:Monkey:171
2457,hunt_start,Sectid,31,194,9,217,5,target:Boar:774
2457,hunt_start,Sectid,245,83,2,163,7,target:Monkey:171
2458,hunt_start,Sectid,30,194,6,216,4,target:Boar:774
2458,hunt_start,Sectid,245,83,1,163,7,target:Monkey:171
2459,hunt_start,Sectid,30,194,7,216,5,target:Boar:774
2459,hunt_start,Sectid,245,83,0,163,6,target:Monkey:171
2460,hunt_start,Sectid,30,194,5,216,5,target:Boar:774
2460,hunt_start,Sectid,245,83,0,163,6,target:Monkey:171
2461,hunt_start,Sectid,30,194,6,216,3,target:Boar:774
2461,hunt_start,Sectid,245,82,9,163,6,target:Monkey:171
2462,hunt_start,Sectid,30,194,8,216,3,target:Boar:774
2462,hunt_start,Sectid,245,82,8,163,5,target:Monkey:171
2462,kill,Deer,559,124,4,141,4,killed_by:Sectid:709
2463,hunt_start,Sectid,30,195,0,216,2,target:Boar:774
2463,hunt_fail,Sectid,34,123,9,141,2,target_died
2463,hunt_start,Sectid,245,82,7,163,5,target:Monkey:171
2463,hunt_fail,Sectid,532,124,0,141,5,target_died
2463,hunt_start,Sectid,532,124,0,141,5,target:Rabbit:88
2464,hunt_start,Sectid,30,195,1,216,0,target:Boar:774
2464,hunt_start,Sectid,245,82,6,163,4,target:Monkey:171
2465,hunt_start,Sectid,30,195,0,215,9,target:Boar:774
2465,hunt_start,Sectid,245,82,6,163,4,target:Monkey:171
2466,hunt_start,Sectid,30,194,9,215,8,target:Boar:774
2466,hunt_start,Sectid,245,82,5,163,3,target:Monkey:171
2467,hunt_start,Sectid,30,195,0,215,9,target:Boar:774
2468,hunt_start,Sectid,30,195,1,216,0,target:Boar:774
2469,hunt_start,Sectid,30,195,3,216,0,target:Boar:774
2469,kill,Frog,796,30,0,277,5,killed_by:Wolf:432
2470,hunt_start,Sectid,30,195,1,216,0,target:Boar:774
2470,hunt_start,Wolf,432,29,9,277,2,target:Frog:508
2470,hunt_fail,Wolf,433,31,9,266,2,target_died
2470,hunt_fail,Wolf,434,29,2,275,3,target_died
2471,hunt_start,Sectid,30,195,0,215,9,target:Boar:774
2472,hunt_start,Sectid,30,194,8,215,9,target:Boar:774
2472,hunt_start,Sectid,778,79,4,159,5,target:Wolf:435
2473,hunt_start,Sectid,30,194,7,215,9,target:Boar:774
2473,hunt_start,Sectid,778,79,3,159,5,target:Wolf:435
2474,hunt_start,Sectid,30,194,8,216,1,target:Boar:774
2474,hunt_start,Sectid,778,79,2,159,5,target:Wolf:435
2474,reproduce,Deer,234,128,0,147,1,offspring:1
2475,hunt_start,Sectid,30,194,8,216,2,target:Boar:774
2475,hunt_start,Sectid,778,79,1,159,4,target:Wolf:435
2476,hunt_start,Sectid,30,195,0,216,3,target:Boar:774
2476,hunt_start,Sectid,778,79,0,159,4,target:Wolf:436
2477,hunt_start,Sectid,30,195,0,216,1,target:Boar:774
2477,hunt_start,Sectid,778,78,9,159,3,target:Wolf:436
2478,hunt_start,Sectid,30,195,2,216,2,target:Boar:774
2478,hunt_start,Sectid,778,78,8,159,3,target:Wolf:436
2479,hunt_start,Sectid,30,195,4,216,2,target:Boar:774
2479,hunt_start,Sectid,778,78,7,159,3,target:Wolf:436
2480,hunt_start,Sectid,30,195,2,216,2,target:Boar:774
2481,hunt_start,Sectid,30,195,0,216,1,target:Boar:774
2481,reproduce,Boar,120,95,5,190,1,offspring:2
2482,hunt_start,Sectid,30,195,1,216,0,target:Boar:774
2482,hunt_start,Boar,468,93,8,190,6,target:Monkey:482
2482,hunt_start,Boar,479,93,8,190,6,target:Monkey:482
2483,hunt_start,Sectid,30,195,3,216,1,target:Boar:774
2484,hunt_start,Sectid,30,195,3,215,9,target:Boar:774
2485,hunt_start,Sectid,30,195,4,215,8,target:Boar:774
2486,hunt_start,Sectid,30,195,6,215,8,target:Boar:774
2486,hunt_start,Arctic Fox,484,59,9,29,0,target:Penguin:271
2487,hunt_start,Sectid,30,195,4,215,7,target:Boar:774
2488,hunt_start,Sectid,30,195,4,215,5,target:Boar:774
2489,hunt_start,Sectid,30,195,6,215,5,target:Boar:774
2490,hunt_start,Sectid,30,195,7,215,4,target:Boar:774
2491,hunt_start,Sectid,30,195,6,215,5,target:Boar:774
2491,hunt_start,Sectid,889,119,0,129,3,target:Deer:44
2492,hunt_start,Sectid,30,195,7,215,5,target:Boar:774
2493,hunt_start,Sectid,30,195,7,215,7,target:Boar:774
2493,hunt_start,Sectid,778,77,5,158,7,target:Wolf:436
2494,hunt_start,Sectid,30,195,6,215,6,target:Boar:774
2494,hunt_start,Sectid,778,77,3,158,7,target:Wolf:436
2495,hunt_start,Sectid,30,195,8,215,6,target:Boar:774
2495,hunt_start,Sectid,778,77,2,158,6,target:Wolf:436
2496,hunt_start,Sectid,30,195,9,215,5,target:Boar:774
2496,hunt_start,Sectid,778,77,1,158,6,target:Wolf:436
2497,hunt_start,Sectid,30,195,8,215,6,target:Boar:774
2497,hunt_start,Sectid,778,77,0,158,5,target:Wolf:436
2498,hunt_start,Sectid,30,195,7,215,4,target:Boar:774
2498,hunt_start,Sectid,778,76,9,158,5,target:Wolf:436
2499,starvation,Penguin,533,259,9,64,1,
2499,hunt_start,Sectid,30,195,6,215,3,target:Boar:774
2499,hunt_start,Sectid,778,76,9,158,5,target:Wolf:436
2499,reproduce,Penguin,282,286,3,59,4,offspring:1
2500,hunt_start,Sectid,30,195,7,215,2,target:Boar:774
2500,hunt_start,Sectid,778,76,8,158,4,target:Wolf:436
2500,reproduce,Elk,514,22,1,164,6,offspring:1
2500,reproduce,Musk Ox,534,128,4,195,0,offspring:1
2501,hunt_start,Sectid,30,195,5,215,1,target:Boar:774
2501,hunt_fail,Wolf,433,32,3,268,5,discomfort
2501,kill,Sectid,266,72,1,158,1,killed_by:Wolf:435
2501,hunt_start,Sectid,778,76,7,158,4,target:Wolf:436
2502,hunt_start,Sectid,16,264,2,181,3,target:Turtle:177
2502,hunt_start,Sectid,30,195,7,215,1,target:Boar:774
2502,kill,Boar,137,14,1,205,9,killed_by:Jaguar:466
2502,hunt_start,Sectid,778,76,6,158,3,target:Wolf:436
2503,hunt_start,Sectid,30,195,8,214,9,target:Boar:774
2503,hunt_fail,Jaguar,487,8,6,204,1,target_died
2504,hunt_start,Sectid,30,195,7,214,8,target:Boar:774
2505,hunt_start,Sectid,30,195,6,214,7,target:Boar:774
2506,hunt_start,Sectid,30,195,7,214,5,target:Boar:774
2507,hunt_start,Sectid,30,195,6,214,4,target:Boar:774
2507,hunt_start,Sectid,559,282,1,160,0,target:Lizard:201
2508,hunt_start,Sectid,30,195,4,214,5,target:Boar:774
2509,hunt_start,Sectid,30,195,6,214,5,target:Boar:774
2510,hunt_start,Sectid,30,195,5,214,4,target:Boar:774
2510,hunt_fail,Fox,440,127,0,67,9,discomfort
2511,hunt_start,Sectid,30,195,3,214,4,target:Boar:774
2512,hunt_start,Sectid,30,195,4,214,3,target:Boar:774
2513,hunt_start,Sectid,30,195,5,214,1,target:Boar:774
2514,hunt_start,Sectid,30,195,6,214,3,target:Boar:774
2514,hunt_fail,Arctic Fox,484,57,1,29,5,discomfort
2514,reproduce,Monkey,316,118,7,31,9,offspring:1
2515,hunt_start,Sectid,30,195,6,214,1,target:Boar:774
2516,hunt_start,Sectid,30,195,7,214,1,target:Boar:774
2517,hunt_start,Sectid,30,195,6,214,2,target:Boar:774
2518,hunt_start,Sectid,30,195,6,214,0,target:Boar:774
2519,hunt_start,Sectid,30,195,7,213,9,target:Boar:774
2520,starvation,Fish,743,117,4,32,2,
2520,hunt_start,Sectid,30,195,9,213,9,target:Boar:774
2521,hunt_start,Sectid,30,195,9,214,1,target:Boar:774
2522,hunt_start,Sectid,30,196,0,214,0,target:Boar:774
2523,hunt_start,Sectid,30,196,0,214,1,target:Boar:774
2523,kill,Rabbit,823,276,3,91,0,killed_by:Hawk:548
2524,hunt_start,Sectid,30,196,1,214,0,target:Boar:774
2524,hunt_start,Sectid,437,90,0,148,1,target:Shroomer:614
2524,hunt_start,Hawk,548,276,1,91,0,target:Penguin:283
2525,hunt_start,Sectid,30,196,0,213,9,target:Boar:774
2526,hunt_start,Sectid,27,191,5,218,5,target:Lizard:520
2527,hunt_start,Sectid,30,195,9,213,5,target:Boar:774
2528,hunt_start,Sectid,30,196,1,213,4,target:Boar:774
2529,hunt_start,Sectid,30,196,2,213,4,target:Boar:774
2529,hunt_start,Sectid,606,263,7,182,3,target:Turtle:177
2530,hunt_start,Sectid,30,196,4,213,3,target:Boar:774
2530,hunt_start,Sectid,778,74,0,157,2,target:Wolf:436
2530,reproduce,Elk,204,229,0,138,7,offspring:1
2530,reproduce,Monkey,317,128,1,180,5,offspring:1
2530,reproduce,Monkey,536,133,7,180,0,offspring:1
2531,hunt_start,Sectid,30,196,2,213,3,target:Boar:774
2531,hunt_start,Jaguar,369,25,8,183,1,target:Boar:641
2531,hunt_start,Sectid,778,73,9,157,2,target:Wolf:436
2532,hunt_start,Sectid,30,196,0,213,3,target:Boar:774
2532,hunt_start,Sectid,778,73,8,157,1,target:Wolf:436
2533,hunt_start,Sectid,30,196,2,213,3,target:Boar:774
2533,hunt_start,Sectid,778,73,7,157,1,target:Wolf:436
2534,hunt_start,Sectid,30,196,3,213,5,target:Boar:774
2534,hunt_start,Sectid,778,73,6,157,1,target:Wolf:436
2535,hunt_start,Sectid,30,196,4,213,4,target:Boar:774
2535,kill,Shroomer,811,157,0,255,2,killed_by:Bear:463
2535,hunt_start,Sectid,778,73,5,157,0,target:Wolf:436
2535,reproduce,Monkey,171,89,0,156,3,offspring:1
2535,reproduce,Bear,463,157,8,255,0,offspring:1
2536,hunt_start,Sectid,30,196,5,213,6,target:Boar:774
2536,hunt_start,Bear,463,157,8,255,0,target:Shroomer:410
2536,hunt_start,Sectid,778,73,4,157,0,target:Wolf:436
2536,hunt_start,Bear,894,159,3,253,7,target:Shroomer:410
2537,hunt_start,Sectid,30,196,4,213,4,target:Boar:774
2537,hunt_start,Sectid,778,73,3,156,9,target:Wolf:436
2538,hunt_start,Sectid,30,196,3,213,5,target:Boar:774
2538,hunt_start,Sectid,778,73,2,156,9,target:Wolf:436
2539,hunt_start,Sectid,30,196,4,213,6,target:Boar:774
2539,hunt_start,Sectid,778,73,2,156,9,target:Wolf:436
2540,hunt_start,Sectid,30,196,3,213,4,target:Boar:774
2540,kill,Frog,166,66,5,62,1,killed_by:Hawk:650
2540,hunt_start,Sectid,778,73,1,156,8,target:Wolf:435
2541,hunt_fail,Sectid,27,189,3,215,8,discomfort
2541,hunt_start,Sectid,30,196,4,213,3,target:Boar:774
2541,hunt_start,Hawk,650,66,7,62,3,target:Parrot:28
2541,hunt_start,Sectid,778,73,0,156,8,target:Wolf:435
2541,reproduce,Musk Ox,566,136,7,204,4,offspring:1
2542,hunt_start,Sectid,30,196,4,213,5,target:Boar:774
2542,hunt_start,Sectid,778,72,9,156,7,target:Wolf:435
2543,hunt_start,Sectid,30,196,3,213,3,target:Boar:774
2543,hunt_start,Sectid,778,72,8,156,7,target:Wolf:435
2544,hunt_start,Sectid,30,196,3,213,1,target:Boar:774
2544,hunt_start,Sectid,778,72,7,156,6,target:Wolf:435
2545,hunt_start,Sectid,30,196,3,213,3,target:Boar:774
2545,hunt_start,Sectid,778,72,6,156,6,target:Wolf:435
2546,hunt_start,Sectid,30,196,1,213,2,target:Boar:774
2546,hunt_fail,Sectid,437,85,6,149,2,discomfort
2546,hunt_start,Sectid,778,72,5,156,6,target:Wolf:435
2547,environment_death,Fish,134,217,2,266,1,suffocation
2547,environment_death,Monkey,330,61,5,42,6,drowning
2547,hunt_start,Sectid,30,196,3,213,3,target:Boar:774
2547,hunt_start,Sectid,778,72,4,156,5,target:Wolf:435
2548,hunt_start,Sectid,30,196,4,213,2,target:Boar:774
2548,hunt_start,Sectid,778,72,3,156,5,target:Wolf:435
2549,hunt_start,Sectid,30,196,5,213,4,target:Boar:774
2549,hunt_start,Sectid,778,72,2,156,4,target:Wolf:435
2550,hunt_start,Sectid,30,196,4,213,3,target:Boar:774
2550,hunt_start,Sectid,778,72,1,156,4,target:Wolf:435
2551,hunt_start,Sectid,30,196,3,213,4,target:Boar:774
2551,hunt_start,Sectid,778,72,0,156,3,target:Wolf:435
2552,hunt_start,Sectid,30,196,2,213,3,target:Boar:774
2552,hunt_start,Sectid,778,71,9,156,3,target:Wolf:435
2553,hunt_start,Sectid,30,196,2,213,5,target:Boar:774
2553,hunt_start,Sectid,778,71,8,156,3,target:Wolf:435
2554,hunt_start,Sectid,30,196,3,213,4,target:Boar:774
2554,hunt_start,Sectid,778,71,7,156,2,target:Wolf:435
2555,hunt_start,Sectid,30,196,2,213,5,target:Boar:774
2555,hunt_start,Sectid,778,71,6,156,2,target:Wolf:435
2556,hunt_start,Sectid,30,196,1,213,6,target:Boar:774
2556,hunt_start,Sectid,778,71,5,156,1,target:Wolf:435
2556,reproduce,Deer,196,200,2,92,3,offspring:1
2557,hunt_start,Sectid,30,195,9,213,6,target:Boar:774
2557,hunt_start,Sectid,778,71,4,156,1,target:Wolf:435
2558,hunt_start,Sectid,30,195,9,213,8,target:Boar:546
2558,hunt_start,Sectid,778,71,3,156,0,target:Wolf:435
2559,hunt_start,Sectid,30,195,8,213,9,target:Boar:546
2559,hunt_start,Jaguar,370,17,6,181,1,target:Deer:499
2559,hunt_start,Sectid,778,71,2,156,0,target:Wolf:435
2560,hunt_start,Sectid,30,195,7,213,8,target:Boar:546
2560,hunt_start,Sectid,778,71,1,156,0,target:Wolf:435
2561,hunt_start,Sectid,30,195,5,213,9,target:Boar:546
2561,hunt_start,Sectid,778,71,0,155,9,target:Wolf:435
2562,hunt_start,Sectid,30,195,4,214,0,target:Boar:546
2562,hunt_start,Sectid,778,70,9,155,9,target:Wolf:435
2563,hunt_start,Sectid,30,195,2,214,1,target:Boar:546
2563,hunt_start,Sectid,778,70,8,155,8,target:Wolf:435
2563,reproduce,Penguin,286,146,8,50,5,offspring:1
2564,hunt_start,Sectid,30,195,0,214,0,target:Boar:546
2564,kill,Deer,499,16,2,182,7,killed_by:Jaguar:370
2564,hunt_start,Sectid,778,70,7,155,8,target:Wolf:435
2564,kill,Deer,715,46,1,267,8,killed_by:Wolf:812
2564,reproduce,Deer,74,3,3,252,7,offspring:1
2564,reproduce,Deer,75,16,8,266,2,offspring:1
2564,reproduce,Deer,151,19,4,272,3,offspring:1
2564,reproduce,Deer,494,14,0,284,1,offspring:1
2564,reproduce,Deer,572,7,9,257,9,offspring:1
2565,hunt_start,Sectid,30,195,0,214,1,target:Boar:546
2565,hunt_start,Sectid,778,70,6,155,8,target:Wolf:435
2565,hunt_start,Wolf,812,45,6,267,7,target:Deer:76
2566,hunt_start,Sectid,30,194,8,214,1,target:Boar:546
2566,hunt_start,Sectid,778,70,5,155,7,target:Wolf:435
2567,hunt_start,Sectid,30,194,8,213,9,target:Boar:546
2567,hunt_start,Sectid,778,70,4,155,7,target:Wolf:435
2568,hunt_start,Sectid,30,194,8,213,8,target:Boar:546
2568,hunt_start,Sectid,778,70,4,155,4,target:Wolf:435
2569,hunt_start,Sectid,30,194,8,213,6,target:Boar:546
2569,hunt_start,Sectid,778,70,5,155,6,target:Wolf:435
2570,hunt_start,Sectid,30,194,7,213,7,target:Boar:546
2570,hunt_start,Sectid,778,70,8,155,7,target:Wolf:435
2571,hunt_start,Sectid,30,194,8,213,7,target:Boar:546
2571,hunt_start,Sectid,778,70,7,155,5,target:Wolf:435
2572,hunt_start,Sectid,30,194,7,213,8,target:Boar:546
2572,hunt_start,Sectid,778,70,5,155,5,target:Wolf:435
2572,reproduce,Tapir,356,137,7,19,4,offspring:1
2573,hunt_start,Sectid,30,194,7,213,9,target:Boar:546
2573,hunt_start,Wolf,436,76,2,157,5,target:Sectid:245
2573,hunt_start,Sectid,778,70,4,155,7,target:Wolf:435
2574,hunt_start,Sectid,30,194,6,213,8,target:Boar:546
2574,hunt_start,Sectid,778,70,3,155,9,target:Wolf:435
2575,hunt_start,Sectid,30,194,6,213,7,target:Boar:546
2575,hunt_start,Sectid,778,70,0,155,9,target:Wolf:435
2576,hunt_start,Sectid,30,194,4,213,7,target:Boar:546
2576,hunt_start,Sectid,778,70,0,155,7,target:Wolf:435
2577,hunt_start,Sectid,30,194,3,213,7,target:Boar:546
2577,hunt_start,Sectid,778,69,9,155,9,target:Wolf:435
2578,hunt_start,Sectid,30,194,4,213,7,target:Boar:546
2578,hunt_start,Sectid,778,70,1,155,7,target:Wolf:435
2579,hunt_start,Sectid,30,194,4,213,5,target:Boar:546
2579,hunt_start,Sectid,778,70,1,155,5,target:Wolf:435
2580,hunt_start,Sectid,30,194,4,213,4,target:Boar:546
2580,hunt_start,Sectid,778,70,0,155,7,target:Wolf:435
2581,hunt_start,Sectid,30,194,5,213,2,target:Boar:546
2581,hunt_start,Fox,440,129,1,69,5,target:Monkey:799
2581,hunt_start,Sectid,778,70,0,155,7,target:Wolf:435
2582,hunt_start,Sectid,30,194,4,213,3,target:Boar:546
2582,hunt_start,Sectid,778,70,0,155,7,target:Wolf:435
2582,reproduce,Parrot,609,32,0,137,7,offspring:1
2583,hunt_start,Sectid,30,194,4,213,1,target:Boar:546
2583,hunt_fail,Fox,444,118,7,32,1,discomfort
2583,hunt_start,Sectid,778,70,0,155,7,target:Wolf:435
2584,hunt_start,Sectid,30,194,5,213,0,target:Boar:546
2584,hunt_start,Sectid,778,70,0,155,7,target:Wolf:435
2585,hunt_start,Sectid,30,194,7,213,0,target:Boar:546
2585,hunt_start,Sectid,778,70,0,155,7,target:Wolf:435
2586,hunt_start,Sectid,30,194,7,212,9,target:Boar:774
2586,hunt_start,Sectid,778,70,0,155,7,target:Wolf:435
2586,reproduce,Turtle,188,29,4,220,7,offspring:1
2587,hunt_start,Sectid,30,194,6,212,8,target:Boar:546
2587,hunt_start,Sectid,778,70,0,155,7,target:Wolf:435
2587,kill,Deer,44,137,0,140,1,killed_by:Sectid:889
2588,hunt_start,Sectid,30,194,5,212,7,target:Boar:546
2588,hunt_start,Sectid,778,70,0,155,7,target:Wolf:435
2588,hunt_start,Sectid,889,136,5,139,8,target:Shroomer:424
2589,hunt_start,Sectid,30,194,4,212,6,target:Boar:546
2589,hunt_start,Sectid,778,70,0,155,7,target:Wolf:435
2590,hunt_start,Sectid,30,194,4,212,8,target:Boar:546
2590,hunt_start,Sectid,778,70,0,155,7,target:Wolf:435
2590,reproduce,Monkey,313,126,2,84,0,offspring:1
2591,hunt_start,Sectid,30,194,3,212,6,target:Boar:546
2591,hunt_start,Sectid,778,70,0,155,7,target:Wolf:435
2592,environment_death,Shroomer,11,21,9,256,3,drowning
2592,environment_death,Shroomer,498,29,1,257,4,drowning
2592,hunt_start,Sectid,778,70,0,155,7,target:Wolf:435
2593,hunt_start,Sectid,778,70,0,155,7,target:Wolf:435
2594,hunt_start,Sectid,778,70,0,155,7,target:Wolf:435
2595,hunt_start,Sectid,778,70,0,155,7,target:Wolf:435
2596,hunt_start,Sectid,778,70,0,155,7,target:Wolf:435
2597,hunt_start,Sectid,778,70,0,155,7,target:Wolf:435
2598,kill,Frog,508,35,8,279,9,killed_by:Wolf:432
2598,hunt_start,Sectid,778,70,0,155,7,target:Wolf:435
2599,hunt_start,Wolf,432,35,9,279,1,target:Deer:73
2599,hunt_fail,Wolf,434,36,1,279,7,target_died
2599,hunt_start,Sectid,778,70,0,155,7,target:Wolf:435
2600,hunt_start,Sectid,778,70,0,155,7,target:Wolf:435
2601,hunt_start,Sectid,778,70,0,155,7,target:Wolf:435
2601,reproduce,Deer,493,197,7,277,9,offspring:1
2602,hunt_start,Sectid,778,70,0,155,7,target:Wolf:435
2605,hunt_fail,Wolf,430,232,3,91,8,discomfort
2607,hunt_start,Arctic Fox,484,60,0,29,0,target:Penguin:271
2609,starvation,Lizard,242,182,1,154,6,
2616,starvation,Penguin,279,265,5,60,4,
2619,reproduce,Lizard,810,146,7,268,3,offspring:2
2629,reproduce,Lizard,821,169,0,275,9,offspring:2
2630,kill,Lizard,201,287,0,181,3,killed_by:Sectid:559
2631,starvation,Hawk,465,193,0,261,6,
2631,kill,Turtle,177,254,3,202,0,killed_by:Sectid:16
2631,reproduce,Tapir,364,87,8,282,0,offspring:1
2632,hunt_start,Sectid,16,254,4,201,3,target:Turtle:176
2632,hunt_fail,Sectid,543,254,6,200,9,target_died
2632,hunt_start,Sectid,543,254,6,200,9,target:Turtle:176
2632,hunt_fail,Sectid,606,254,4,201,8,target_died
2632,hunt_fail,Sectid,752,255,3,199,1,target_died
2635,hunt_fail,Arctic Fox,484,57,1,29,5,discomfort
2635,reproduce,Deer,42,128,0,141,3,offspring:1
2636,starvation,Fish,742,136,5,20,7,
2638,starvation,Frog,603,147,9,23,2,
2641,kill,Shroomer,410,162,8,257,4,killed_by:Bear:463
2642,hunt_start,Fox,444,120,8,32,2,target:Penguin:688
2642,hunt_fail,Bear,894,163,4,256,9,target_died
2649,starvation,Arctic Fox,552,172,8,101,6,
2654,kill,Boar,641,29,5,173,8,killed_by:Jaguar:369
2654,kill,Penguin,283,284,7,73,4,killed_by:Hawk:548
2655,hunt_start,Hawk,548,284,6,73,6,target:Penguin:535
2668,reproduce,Monkey,765,95,4,198,1,offspring:1
2669,reproduce,Deer,82,86,5,266,8,offspring:1
2669,reproduce,Penguin,272,50,2,39,2,offspring:1
2674,hunt_start,Sectid,245,69,9,157,4,target:Monkey:12
2674,kill,Turtle,176,258,4,208,1,killed_by:Sectid:543
2675,hunt_fail,Sectid,16,255,6,197,0,target_died
2675,hunt_start,Sectid,16,255,6,197,0,target:Frog:253
2675,hunt_start,Sectid,31,191,0,219,9,target:Lizard:520
2675,hunt_start,Sectid,245,69,8,157,5,target:Monkey:12
2675,hunt_fail,Wolf,430,232,3,91,2,discomfort
2675,hunt_start,Sectid,543,258,4,207,5,target:Frog:253
2675,hunt_fail,Sectid,606,258,2,207,8,target_died
2675,hunt_fail,Sectid,752,258,0,207,6,target_died
2676,hunt_start,Sectid,245,69,7,157,7,target:Monkey:12
2677,hunt_start,Sectid,245,69,8,157,8,target:Monkey:12
2678,hunt_start,Sectid,245,69,9,157,8,target:Monkey:12
2679,hunt_start,Sectid,245,70,1,157,9,target:Monkey:12
2680,hunt_start,Sectid,245,70,2,158,0,target:Monkey:12
2681,hunt_start,Sectid,245,70,1,158,0,target:Monkey:12
2682,hunt_start,Sectid,245,70,0,158,2,target:Monkey:12
2683,hunt_start,Sectid,245,69,9,158,3,target:Monkey:12
2684,hunt_start,Sectid,245,70,0,158,2,target:Monkey:12
2685,hunt_start,Sectid,245,70,2,158,2,target:Monkey:12
2685,kill,Sectid,245,70,2,158,2,killed_by:Wolf:436
2686,hunt_start,Sectid,30,194,2,208,7,target:Boar:777
2686,hunt_fail,Wolf,435,69,9,157,9,target_died
2687,hunt_start,Sectid,30,194,1,208,9,target:Boar:777
2688,hunt_start,Sectid,30,194,0,209,0,target:Boar:777
2689,hunt_start,Sectid,30,193,9,209,2,target:Boar:546
2690,hunt_start,Sectid,30,193,9,209,4,target:Boar:546
2691,hunt_start,Sectid,30,193,8,209,2,target:Boar:546
2692,hunt_start,Sectid,30,194,0,209,2,target:Boar:546
2693,hunt_start,Sectid,30,194,2,209,3,target:Boar:774
2694,hunt_start,Sectid,30,194,1,209,2,target:Boar:777
2695,hunt_start,Sectid,30,193,9,209,2,target:Boar:546
2696,hunt_start,Sectid,30,193,8,209,4,target:Boar:546
2696,hunt_start,Sectid,620,90,1,147,5,target:Shroomer:579
2697,hunt_start,Sectid,30,193,9,209,2,target:Boar:546
2698,hunt_start,Sectid,30,193,8,209,1,target:Boar:546
2699,hunt_start,Sectid,30,193,9,209,0,target:Boar:777
2700,hunt_start,Sectid,30,193,9,209,2,target:Boar:777
2701,hunt_start,Sectid,30,194,1,209,2,target:Boar:774
2702,hunt_start,Sectid,30,194,3,209,3,target:Boar:774
2703,hunt_start,Sectid,30,194,4,209,1,target:Boar:774
2704,hunt_start,Sectid,30,194,3,209,1,target:Boar:774
2705,hunt_start,Sectid,30,194,4,209,1,target:Boar:774
2706,hunt_start,Sectid,30,194,3,209,1,target:Boar:774
2707,hunt_start,Sectid,30,194,4,209,0,target:Boar:774
2708,hunt_start,Sectid,30,194,5,208,8,target:Boar:774
2709,hunt_start,Sectid,30,194,4,208,7,target:Boar:777
2709,kill,Rabbit,88,119,7,148,0,killed_by:Sectid:532
2710,hunt_start,Sectid,532,119,9,148,2,target:Monkey:320
2710,hunt_fail,Sectid,603,118,8,142,8,target_died
2710,hunt_start,Sectid,603,118,8,142,8,target:Deer:465
2710,hunt_fail,Sectid,709,120,2,148,0,target_died
2710,hunt_fail,Sectid,889,124,8,133,4,target_died
2713,hunt_start,Sectid,30,194,6,208,2,target:Boar:777
2714,hunt_start,Sectid,30,194,8,208,3,target:Boar:777
2715,hunt_start,Sectid,30,194,8,208,5,target:Boar:777
2716,hunt_start,Sectid,30,194,7,208,4,target:Boar:777
2717,hunt_start,Sectid,30,194,9,208,4,target:Boar:777
2717,hunt_fail,Sectid,620,87,5,151,4,discomfort
2718,hunt_start,Sectid,30,195,0,208,3,target:Boar:777
2719,hunt_start,Sectid,30,194,9,208,4,target:Boar:777
2720,hunt_start,Sectid,30,195,1,208,3,target:Boar:777
2721,hunt_start,Sectid,30,195,2,208,3,target:Boar:774
2722,hunt_start,Sectid,30,195,3,208,1,target:Boar:774
2723,hunt_start,Sectid,30,195,2,208,3,target:Boar:774
2723,hunt_start,Sectid,778,67,5,155,7,target:Wolf:435
2724,hunt_start,Sectid,30,195,1,208,2,target:Boar:777
2724,hunt_start,Sectid,778,67,4,155,6,target:Wolf:435
2725,hunt_start,Sectid,30,195,1,208,0,target:Boar:777
2725,hunt_start,Sectid,778,67,6,155,5,target:Wolf:435
2726,hunt_start,Sectid,30,194,9,208,0,target:Boar:777
2726,hunt_start,Sectid,778,67,4,155,4,target:Wolf:435
2727,hunt_start,Sectid,30,194,7,208,2,target:Boar:777
2727,hunt_start,Sectid,778,67,5,155,2,target:Wolf:436
2728,hunt_start,Sectid,30,194,9,208,2,target:Boar:777
2728,hunt_start,Arctic Fox,484,60,0,29,0,target:Penguin:271
2728,hunt_start,Sectid,778,67,6,155,3,target:Wolf:436
2729,hunt_start,Sectid,30,194,7,208,2,target:Boar:777
2729,hunt_start,Sectid,778,67,5,155,2,target:Wolf:436
2730,hunt_start,Sectid,30,194,8,208,0,target:Boar:777
2730,hunt_start,Sectid,778,67,6,155,3,target:Wolf:436
2731,hunt_start,Sectid,30,194,6,208,1,target:Boar:777
2731,hunt_start,Sectid,778,67,5,155,1,target:Wolf:436
2732,hunt_start,Sectid,30,194,8,208,0,target:Boar:777
2732,hunt_start,Sectid,778,67,5,155,3,target:Wolf:436
2733,hunt_start,Sectid,30,194,8,207,8,target:Boar:777
2733,hunt_start,Sectid,778,67,4,155,4,target:Wolf:436
2734,hunt_start,Sectid,30,194,9,207,8,target:Boar:777
2734,hunt_start,Sectid,778,67,3,155,3,target:Wolf:436
2735,hunt_start,Sectid,30,194,8,207,7,target:Boar:777
2735,hunt_start,Sectid,778,67,5,155,2,target:Wolf:436
2736,hunt_start,Sectid,30,194,8,207,5,target:Boar:777
2736,hunt_start,Sectid,778,67,6,155,1,target:Wolf:436
2737,hunt_start,Sectid,30,194,7,207,6,target:Boar:777
2737,hunt_start,Sectid,778,67,7,155,2,target:Wolf:436
2738,hunt_start,Sectid,30,194,5,207,6,target:Boar:777
2738,hunt_start,Sectid,778,67,8,155,3,target:Wolf:436
2739,hunt_start,Sectid,30,194,3,207,5,target:Boar:777
2739,hunt_start,Sectid,778,67,9,155,3,target:Wolf:436
2740,hunt_start,Sectid,30,194,2,207,7,target:Boar:546
2740,hunt_start,Sectid,778,67,8,155,4,target:Wolf:436
2741,hunt_start,Sectid,30,194,2,207,5,target:Boar:777
2741,hunt_start,Sectid,778,67,6,155,4,target:Wolf:436
2742,hunt_start,Sectid,30,194,4,207,5,target:Boar:777
2742,hunt_start,Sectid,778,67,5,155,6,target:Wolf:436
2743,hunt_start,Sectid,30,194,5,207,7,target:Boar:777
2743,hunt_start,Sectid,778,67,6,155,4,target:Wolf:436
2744,hunt_start,Sectid,30,194,7,207,6,target:Boar:777
2744,hunt_start,Sectid,778,67,8,155,5,target:Wolf:436
2745,hunt_start,Sectid,30,194,6,207,4,target:Boar:777
2745,hunt_fail,Wolf,430,232,7,91,1,discomfort
2745,hunt_fail,Wolf,431,236,4,89,5,discomfort
2745,hunt_start,Sectid,778,67,9,155,6,target:Wolf:436
2746,starvation,Rabbit,108,284,0,261,5,
2746,hunt_start,Sectid,30,194,5,207,4,target:Boar:777
2746,hunt_start,Sectid,778,67,8,155,5,target:Wolf:436
2747,hunt_start,Sectid,30,194,3,207,4,target:Boar:777
2747,hunt_start,Sectid,778,67,7,155,4,target:Wolf:436
2748,hunt_start,Sectid,30,194,1,207,4,target:Boar:777
2748,hunt_start,Sectid,778,67,8,155,4,target:Wolf:436
2749,hunt_start,Sectid,30,194,2,207,5,target:Boar:546
2749,hunt_start,Sectid,778,67,7,155,3,target:Wolf:436
2750,hunt_start,Sectid,30,194,0,207,6,target:Boar:546
2750,hunt_start,Sectid,778,67,8,155,1,target:Wolf:436
2751,hunt_start,Sectid,30,193,9,207,7,target:Boar:546
2751,hunt_start,Sectid,778,67,9,155,0,target:Wolf:436
2752,hunt_start,Sectid,30,194,0,207,9,target:Boar:546
2752,hunt_start,Sectid,778,68,0,155,1,target:Wolf:436
2753,hunt_start,Sectid,30,194,1,207,7,target:Boar:546
2753,hunt_start,Sectid,778,68,0,155,3,target:Wolf:436
2754,hunt_start,Sectid,30,194,0,207,6,target:Boar:546
2754,hunt_start,Jaguar,485,20,2,195,7,target:Tapir:665
2754,hunt_start,Sectid,778,67,9,155,3,target:Wolf:436
2755,hunt_start,Sectid,30,193,9,207,5,target:Boar:546
2755,hunt_start,Sectid,437,90,0,147,5,target:Shroomer:579
2755,hunt_start,Sectid,778,67,7,155,2,target:Wolf:436
2756,hunt_start,Sectid,30,193,9,207,3,target:Boar:777
2756,hunt_start,Wolf,436,69,9,155,1,target:Sectid:646
2756,hunt_fail,Arctic Fox,484,57,0,29,6,discomfort
2756,hunt_start,Sectid,778,67,7,155,0,target:Wolf:436
2756,reproduce,Parrot,78,42,9,224,0,offspring:1
2756,reproduce,Parrot,699,54,5,274,3,offspring:1
2757,hunt_start,Sectid,30,193,9,207,5,target:Boar:777
2757,hunt_start,Sectid,778,67,8,155,1,target:Wolf:436
2758,hunt_start,Sectid,30,193,7,207,4,target:Boar:777
2758,hunt_start,Sectid,778,68,0,155,2,target:Wolf:436
2759,hunt_start,Sectid,30,193,7,207,6,target:Boar:546
2759,hunt_start,Sectid,778,67,8,155,2,target:Wolf:436
2760,hunt_start,Sectid,30,193,9,207,7,target:Boar:546
2760,kill,Deer,73,42,9,288,0,killed_by:Wolf:434
2760,hunt_start,Sectid,778,67,8,155,4,target:Wolf:436
2760,reproduce,Penguin,321,276,6,79,1,offspring:1
2761,hunt_start,Sectid,5,77,5,163,8,target:Camel:707
2761,hunt_start,Sectid,30,194,0,207,9,target:Boar:546
2761,hunt_fail,Wolf,432,42,8,286,9,target_died
2761,hunt_start,Wolf,432,42,8,286,9,target:Frog:161
2761,hunt_fail,Wolf,433,40,9,273,8,target_died
2761,hunt_start,Sectid,778,68,0,155,4,target:Wolf:436
2762,hunt_start,Sectid,30,193,8,207,7,target:Boar:546
2762,hunt_start,Sectid,778,68,1,155,5,target:Wolf:436
2763,hunt_fail,Sectid,5,77,8,164,2,discomfort
2763,hunt_start,Sectid,30,193,9,207,6,target:Boar:777
2763,kill,Penguin,535,270,2,72,2,killed_by:Hawk:548
2763,hunt_start,Sectid,778,68,3,155,5,target:Wolf:436
2764,hunt_start,Sectid,30,193,8,207,4,target:Boar:777
2764,hunt_start,Hawk,548,270,4,72,2,target:Penguin:281
2764,hunt_start,Sectid,778,68,3,155,4,target:Wolf:436
2765,hunt_start,Sectid,30,193,6,207,3,target:Boar:777
2765,hunt_start,Sectid,778,68,3,155,2,target:Wolf:436
2766,hunt_start,Sectid,30,193,7,207,5,target:Boar:777
2766,hunt_start,Sectid,778,68,2,155,0,target:Wolf:436
2767,hunt_start,Sectid,30,193,9,207,5,target:Boar:777
2767,hunt_start,Sectid,778,68,3,154,9,target:Wolf:436
2768,hunt_start,Sectid,30,193,9,207,4,target:Boar:777
2768,hunt_start,Sectid,778,68,4,154,7,target:Wolf:436
2769,hunt_start,Sectid,30,193,9,207,2,target:Boar:777
2769,hunt_start,Sectid,778,68,6,154,8,target:Wolf:436
2770,hunt_start,Sectid,30,193,9,207,4,target:Boar:777
2770,hunt_start,Sectid,778,68,6,154,9,target:Wolf:436
2770,reproduce,Penguin,274,50,3,36,6,offspring:1
2771,hunt_start,Sectid,30,194,1,207,3,target:Boar:777
2771,hunt_start,Sectid,778,68,5,154,8,target:Wolf:436
2772,starvation,Arctic Fox,480,163,7,38,1,
2772,hunt_start,Sectid,30,194,0,207,2,target:Boar:777
2772,hunt_start,Sectid,778,68,3,154,9,target:Wolf:436
2773,hunt_start,Sectid,30,193,8,207,1,target:Boar:777
2773,hunt_start,Sectid,778,68,3,155,0,target:Wolf:436
2774,hunt_start,Sectid,30,194,0,207,2,target:Boar:777
2774,hunt_start,Sectid,778,68,4,155,0,target:Wolf:436
2775,hunt_start,Sectid,30,194,2,207,1,target:Boar:777
2775,hunt_fail,Sectid,437,87,5,151,4,discomfort
2775,hunt_start,Sectid,778,68,6,155,0,target:Wolf:436
2776,hunt_start,Sectid,30,194,0,207,2,target:Boar:777
2776,hunt_start,Sectid,778,68,5,155,0,target:Wolf:436
2777,hunt_start,Sectid,30,193,8,207,3,target:Boar:777
2777,hunt_start,Sectid,778,68,5,154,9,target:Wolf:436
2778,hunt_start,Sectid,30,194,0,207,4,target:Boar:777
2778,hunt_start,Sectid,778,68,6,154,9,target:Wolf:436
2779,hunt_start,Sectid,30,194,1,207,5,target:Boar:546
2779,hunt_start,Sectid,778,68,8,154,8,target:Wolf:436
2780,hunt_start,Sectid,30,194,0,207,5,target:Boar:546
2780,hunt_start,Sectid,778,68,7,154,9,target:Wolf:436
2781,hunt_start,Sectid,30,194,1,207,6,target:Boar:546
2781,hunt_start,Sectid,778,68,8,154,8,target:Wolf:436
2782,hunt_start,Sectid,30,194,0,207,7,target:Boar:546
2782,hunt_start,Sectid,778,68,8,154,9,target:Wolf:436
2783,hunt_start,Sectid,30,194,0,207,6,target:Boar:546
2783,hunt_start,Sectid,778,68,9,155,1,target:Wolf:436
2784,hunt_start,Sectid,30,194,0,207,7,target:Boar:546
2784,hunt_start,Sectid,778,68,7,155,1,target:Wolf:436
2785,starvation,Parrot,341,0,5,237,4,
2785,hunt_start,Sectid,30,193,9,207,6,target:Boar:546
2785,hunt_start,Sectid,88,116,8,128,8,target:Deer:465
2785,hunt_fail,Hawk,549,0,0,214,5,target_died
2785,hunt_start,Sectid,778,68,8,155,0,target:Wolf:436
2786,hunt_start,Sectid,30,193,9,207,4,target:Boar:777
2786,hunt_start,Sectid,778,69,0,155,0,target:Wolf:436
2786,reproduce,Penguin,276,284,3,78,1,offspring:1
2787,hunt_start,Sectid,30,194,1,207,4,target:Boar:777
2787,hunt_start,Sectid,778,69,0,155,2,target:Wolf:436
2788,hunt_start,Sectid,30,194,2,207,2,target:Boar:777
2788,hunt_start,Sectid,778,68,9,155,3,target:Wolf:436
2789,hunt_start,Sectid,30,194,0,207,2,target:Boar:777
2789,hunt_start,Sectid,778,69,0,155,2,target:Wolf:436
2790,hunt_start,Sectid,30,193,9,207,1,target:Boar:777
2790,hunt_start,Sectid,778,69,2,155,2,target:Wolf:436
2791,hunt_start,Sectid,30,194,0,206,9,target:Boar:777
2791,hunt_start,Sectid,778,69,1,155,0,target:Wolf:436
2792,hunt_start,Sectid,30,193,9,206,8,target:Boar:777
2792,hunt_start,Sectid,778,69,0,154,9,target:Wolf:436
2793,hunt_start,Sectid,30,193,7,206,7,target:Boar:777
2793,hunt_start,Sectid,778,69,0,154,8,target:Wolf:436
2793,hunt_start,Jaguar,875,17,6,202,6,target:Tapir:665
2794,hunt_start,Sectid,30,193,8,206,8,target:Boar:777
2794,hunt_start,Sectid,778,69,1,154,8,target:Wolf:436
2795,hunt_start,Sectid,30,193,7,206,8,target:Boar:777
2795,hunt_start,Sectid,778,69,3,155,0,target:Wolf:436
2796,hunt_start,Sectid,30,193,6,207,0,target:Boar:777
2796,hunt_start,Sectid,778,69,2,154,8,target:Wolf:436
2797,hunt_start,Sectid,30,193,8,206,9,target:Boar:777
2797,hunt_start,Sectid,778,69,0,154,8,target:Wolf:436
2798,hunt_start,Sectid,30,193,6,206,8,target:Boar:777
2798,hunt_start,Sectid,778,69,0,154,9,target:Wolf:436
2798,reproduce,Deer,590,81,3,274,5,offspring:1
2799,hunt_start,Sectid,30,193,6,206,6,target:Boar:777
2799,hunt_start,Sectid,778,68,8,155,0,target:Wolf:436
2800,hunt_start,Sectid,30,193,7,206,8,target:Boar:777
2800,hunt_start,Sectid,778,68,8,154,9,target:Wolf:436
2801,hunt_start,Sectid,30,193,7,207,0,target:Boar:777
2801,hunt_start,Sectid,778,68,9,155,0,target:Wolf:436
2802,hunt_start,Sectid,30,193,6,206,8,target:Boar:777
2802,hunt_start,Sectid,778,68,7,154,9,target:Wolf:436
2803,hunt_start,Sectid,30,193,7,207,0,target:Boar:777
2803,hunt_start,Sectid,778,68,9,155,0,target:Wolf:436
2804,hunt_start,Sectid,30,193,8,207,1,target:Boar:777
2804,hunt_start,Sectid,778,68,7,155,0,target:Wolf:436
2805,hunt_start,Sectid,30,193,8,206,9,target:Boar:777
2805,kill,Frog,161,42,5,285,8,killed_by:Wolf:432
2805,hunt_start,Sectid,778,68,9,155,1,target:Wolf:436
2806,hunt_start,Sectid,30,193,6,207,1,target:Boar:777
2806,hunt_start,Wolf,432,42,6,285,2,target:Rabbit:3
2806,hunt_fail,Wolf,433,41,6,280,1,target_died
2806,hunt_start,Sectid,778,69,1,155,1,target:Wolf:436
2807,hunt_start,Sectid,30,193,5,207,0,target:Boar:777
2807,hunt_start,Sectid,778,68,9,155,2,target:Wolf:436
2808,hunt_start,Sectid,5,77,5,163,9,target:Camel:707
2808,hunt_start,Sectid,30,193,5,207,2,target:Boar:546
2808,hunt_start,Sectid,73,117,2,129,7,target:Deer:465
2808,hunt_start,Sectid,778,68,8,155,1,target:Wolf:436
2809,hunt_fail,Sectid,5,77,6,164,0,discomfort
2809,hunt_start,Sectid,30,193,7,207,1,target:Boar:777
2809,hunt_start,Hawk,549,2,7,213,4,target:Parrot:871
2809,hunt_start,Sectid,778,68,9,155,2,target:Wolf:436
2810,hunt_start,Sectid,30,193,6,207,2,target:Boar:777
2810,hunt_start,Sectid,778,68,7,155,3,target:Wolf:436
2811,hunt_start,Sectid,30,193,7,207,2,target:Boar:777
2811,hunt_start,Sectid,778,68,6,155,4,target:Wolf:436
2812,hunt_start,Sectid,30,193,8,207,3,target:Boar:777
2812,hunt_start,Sectid,778,68,7,155,5,target:Wolf:436
2813,hunt_start,Sectid,30,193,6,207,4,target:Boar:546
2813,hunt_start,Sectid,778,68,6,155,5,target:Wolf:436
2813,reproduce,Deer,583,224,0,141,1,offspring:1
2814,hunt_start,Sectid,30,193,8,207,3,target:Boar:777
2814,hunt_start,Sectid,778,68,6,155,4,target:Wolf:436
2815,hunt_start,Sectid,30,193,8,207,5,target:Boar:546
2815,hunt_start,Sectid,778,68,5,155,5,target:Wolf:436
2815,reproduce,Deer,672,86,5,270,0,offspring:1
2816,hunt_start,Sectid,30,193,7,207,6,target:Boar:546
2816,hunt_start,Sectid,778,68,7,155,6,target:Wolf:436
2816,reproduce,Tapir,575,123,1,18,7,offspring:1
2816,reproduce,Boar,753,17,3,175,7,offspring:2
2816,reproduce,Boar,756,12,9,186,7,offspring:2
2817,hunt_start,Sectid,30,193,7,207,8,target:Boar:546
2817,hunt_start,Sectid,778,68,7,155,4,target:Wolf:436
2818,hunt_start,Sectid,30,193,6,208,0,target:Boar:546
2818,hunt_start,Sectid,778,68,5,155,5,target:Wolf:436
2819,starvation,Hawk,549,4,7,213,9,
2819,hunt_start,Sectid,30,193,8,207,9,target:Boar:546
2819,hunt_start,Sectid,778,68,4,155,5,target:Wolf:436
2819,reproduce,Elk,220,226,7,82,9,offspring:1
2820,hunt_start,Sectid,30,193,7,208,1,target:Boar:546
2820,hunt_start,Sectid,778,68,2,155,7,target:Wolf:436
2821,hunt_start,Sectid,30,193,7,208,3,target:Boar:546
2821,hunt_start,Sectid,778,68,2,155,5,target:Wolf:436
2822,hunt_start,Sectid,5,77,5,163,9,target:Camel:707
2822,hunt_start,Sectid,30,193,6,208,3,target:Boar:546
2822,hunt_start,Sectid,778,68,1,155,6,target:Wolf:436
2823,hunt_start,Sectid,30,193,4,208,3,target:Boar:546
2823,hunt_start,Sectid,778,67,9,155,6,target:Wolf:436
2824,hunt_fail,Sectid,5,77,7,164,4,discomfort
2824,hunt_start,Sectid,30,193,4,208,1,target:Boar:546
2824,hunt_start,Sectid,778,68,1,155,7,target:Wolf:436
2825,hunt_start,Sectid,30,193,5,208,3,target:Boar:546
2825,hunt_start,Sectid,778,68,2,155,6,target:Wolf:436
2826,hunt_start,Sectid,30,193,7,208,3,target:Boar:546
2826,hunt_start,Sectid,778,68,4,155,6,target:Wolf:436
2827,hunt_start,Sectid,30,193,5,208,4,target:Boar:546
2827,hunt_start,Sectid,778,68,5,155,6,target:Wolf:436
2828,hunt_start,Sectid,30,193,7,208,3,target:Boar:546
2828,hunt_start,Sectid,778,68,7,155,6,target:Wolf:436
2829,hunt_start,Sectid,30,193,9,208,3,target:Boar:546
2829,hunt_start,Sectid,778,68,8,155,7,target:Wolf:436
2830,hunt_start,Sectid,30,193,7,208,2,target:Boar:546
2830,hunt_start,Sectid,778,68,9,155,5,target:Wolf:436
2830,reproduce,Rabbit,704,256,3,99,6,offspring:2
2830,reproduce,Rabbit,824,247,2,101,6,offspring:2
2831,hunt_start,Sectid,30,193,6,208,4,target:Boar:546
2831,hunt_start,Sectid,778,68,8,155,6,target:Wolf:436
2832,hunt_start,Sectid,30,193,8,208,3,target:Boar:546
2832,hunt_start,Sectid,778,68,9,155,5,target:Wolf:436
2833,hunt_start,Sectid,30,194,0,208,4,target:Boar:546
2833,hunt_start,Sectid,778,68,7,155,4,target:Wolf:436
2834,hunt_start,Sectid,30,194,2,208,3,target:Boar:546
2834,hunt_start,Snake,475,146,1,214,8,target:Lizard:522
2834,hunt_start,Sectid,778,68,6,155,5,target:Wolf:436
2835,hunt_start,Sectid,30,194,1,208,5,target:Boar:546
2835,hunt_start,Sectid,778,68,6,155,7,target:Wolf:436
2836,hunt_start,Sectid,30,194,3,208,6,target:Boar:546
2836,hunt_start,Sectid,778,68,7,155,8,target:Wolf:436
2837,hunt_start,Sectid,30,194,1,208,7,target:Boar:546
2837,hunt_start,Sectid,778,68,9,155,9,target:Wolf:436
2838,hunt_start,Sectid,30,194,2,208,5,target:Boar:546
2838,hunt_start,Sectid,778,69,0,155,8,target:Wolf:436
2839,hunt_start,Sectid,30,194,0,208,5,target:Boar:546
2839,kill,Sectid,646,72,2,156,9,killed_by:Wolf:436
2839,hunt_start,Sectid,778,68,8,155,9,target:Wolf:436
2840,hunt_start,Sectid,30,193,9,208,6,target:Boar:546
2840,hunt_fail,Wolf,435,71,9,157,2,target_died
2840,hunt_start,Sectid,437,90,0,151,0,target:Shroomer:579
2840,kill,Tapir,594,102,6,282,3,killed_by:Jaguar:486
2840,hunt_start,Sectid,778,69,0,155,8,target:Wolf:436
2841,hunt_start,Sectid,30,194,1,208,6,target:Boar:546
2841,hunt_fail,Sectid,437,89,7,151,0,discomfort
2841,hunt_start,Sectid,778,68,9,155,9,target:Wolf:436
2842,hunt_start,Sectid,30,194,1,208,8,target:Boar:546
2842,hunt_start,Sectid,778,69,0,156,1,target:Wolf:436
2843,hunt_start,Sectid,30,194,1,208,6,target:Boar:546
2843,hunt_start,Sectid,778,68,8,156,0,target:Wolf:436
2844,hunt_start,Sectid,30,193,9,208,7,target:Boar:546
2844,hunt_start,Sectid,778,69,0,156,0,target:Wolf:436
2845,hunt_start,Sectid,30,194,0,208,8,target:Boar:546
2845,hunt_start,Sectid,778,69,3,156,0,target:Wolf:436
2846,hunt_start,Sectid,30,193,9,209,0,target:Boar:546
2846,hunt_start,Sectid,778,69,0,156,1,target:Wolf:436
2847,hunt_start,Sectid,30,194,1,209,1,target:Boar:546
2847,hunt_start,Sectid,778,69,1,155,8,target:Wolf:436
2848,hunt_start,Sectid,30,194,1,209,3,target:Boar:546
2848,hunt_start,Sectid,778,68,9,155,9,target:Wolf:436
2849,hunt_start,Sectid,30,194,3,209,3,target:Boar:546
2849,hunt_start,Sectid,778,68,9,156,0,target:Wolf:436
2849,reproduce,Parrot,349,17,8,143,3,offspring:1
2849,reproduce,Parrot,733,27,3,131,0,offspring:1
2849,reproduce,Parrot,761,31,3,113,8,offspring:1
2850,hunt_start,Sectid,30,194,3,209,5,target:Boar:546
2850,hunt_start,Sectid,778,69,1,156,1,target:Wolf:436
2851,hunt_start,Sectid,30,194,4,209,6,target:Boar:546
2851,hunt_start,Sectid,778,69,3,156,1,target:Wolf:436
2852,hunt_start,Sectid,30,194,3,209,5,target:Boar:546
2852,hunt_start,Sectid,778,69,2,156,3,target:Wolf:436
2853,hunt_start,Sectid,30,194,2,209,7,target:Boar:546
2853,hunt_start,Sectid,778,69,3,156,5,target:Wolf:436
2854,hunt_start,Sectid,27,189,5,217,6,target:Boar:546
2854,hunt_start,Arctic Fox,484,58,9,29,1,target:Penguin:271
2854,hunt_start,Sectid,778,69,5,156,6,target:Wolf:436
2854,kill,Deer,465,128,3,145,8,killed_by:Sectid:889
2855,hunt_start,Sectid,27,189,5,217,7,target:Boar:546
2855,hunt_fail,Sectid,73,123,5,138,6,target_died
2855,hunt_start,Sectid,73,123,5,138,6,target:Deer:42
2855,hunt_fail,Sectid,88,126,1,142,4,target_died
2855,hunt_fail,Sectid,532,118,2,134,7,target_died
2855,hunt_fail,Sectid,603,126,7,143,6,target_died
2855,hunt_fail,Sectid,709,118,6,134,8,target_died
2855,hunt_start,Sectid,778,69,4,156,8,target:Wolf:436
2855,hunt_start,Sectid,889,128,0,145,4,target:Deer:112
2856,hunt_start,Sectid,27,189,4,217,8,target:Boar:546
2856,hunt_start,Sectid,778,69,5,156,6,target:Wolf:436
2857,hunt_start,Sectid,27,189,3,218,0,target:Boar:546
2857,hunt_start,Sectid,437,90,4,151,1,target:Shroomer:579
2857,hunt_start,Sectid,778,69,7,156,7,target:Wolf:436
2858,hunt_start,Sectid,27,189,1,218,1,target:Boar:546
2858,hunt_start,Sectid,778,69,8,157,0,target:Wolf:436
2859,hunt_start,Sectid,27,188,9,218,1,target:Boar:546
2859,hunt_start,Sectid,778,70,0,157,0,target:Wolf:436
2860,hunt_start,Sectid,27,188,7,218,3,target:Boar:546
2860,hunt_fail,Sectid,437,89,7,151,3,discomfort
2860,hunt_start,Sectid,778,70,2,157,0,target:Wolf:436
2861,hunt_start,Sectid,27,188,6,218,2,target:Boar:546
2861,hunt_start,Sectid,778,70,2,157,2,target:Wolf:436
2862,hunt_start,Sectid,27,188,6,218,4,target:Boar:546
2862,hunt_start,Hawk,464,22,4,69,3,target:Penguin:267
2862,hunt_start,Sectid,778,70,1,157,2,target:Wolf:436
2863,hunt_start,Sectid,27,188,4,218,5,target:Boar:546
2863,hunt_start,Sectid,778,70,0,157,4,target:Wolf:436
2864,hunt_start,Sectid,27,188,4,218,5,target:Boar:546
2864,hunt_start,Wolf,431,231,4,87,8,target:Tapir:130
2864,hunt_start,Sectid,778,70,0,157,2,target:Wolf:436
2865,hunt_start,Sectid,27,188,4,218,5,target:Boar:546
2865,hunt_start,Sectid,778,70,0,157,4,target:Wolf:436
2866,hunt_start,Sectid,27,188,4,218,5,target:Boar:546
2866,hunt_start,Sectid,778,69,8,157,4,target:Wolf:436
2867,hunt_start,Sectid,27,188,4,218,5,target:Boar:546
2867,hunt_start,Sectid,778,69,7,157,6,target:Wolf:436
2868,hunt_start,Sectid,27,188,3,218,6,target:Boar:546
2868,hunt_start,Sectid,778,69,6,157,7,target:Wolf:436
2869,hunt_start,Sectid,27,188,3,218,6,target:Boar:546
2869,hunt_start,Sectid,778,69,6,157,9,target:Wolf:436
2870,hunt_start,Sectid,27,188,3,218,6,target:Boar:546
2870,hunt_start,Sectid,778,69,6,157,7,target:Wolf:436
2870,reproduce,Monkey,799,129,0,109,2,offspring:1
2871,hunt_start,Sectid,27,188,3,218,6,target:Boar:546
2871,hunt_fail,Fox,440,129,0,105,3,discomfort
2871,hunt_start,Sectid,778,69,7,157,8,target:Wolf:436
2872,hunt_start,Sectid,27,188,3,218,6,target:Boar:546
2872,hunt_start,Sectid,778,69,6,157,7,target:Wolf:436
2873,hunt_start,Sectid,27,188,1,218,6,target:Boar:546
2873,hunt_start,Fox,440,129,0,105,4,target:Monkey:465
2873,hunt_fail,Arctic Fox,484,57,0,29,5,discomfort
2873,hunt_start,Sectid,778,69,4,157,7,target:Wolf:436
2874,hunt_start,Sectid,27,188,1,218,8,target:Boar:546
2874,hunt_start,Sectid,778,69,3,157,8,target:Wolf:436
2875,hunt_start,Sectid,27,188,1,218,8,target:Boar:546
2875,hunt_start,Sectid,778,69,2,157,9,target:Wolf:436
2876,hunt_start,Sectid,27,188,1,218,8,target:Boar:546
2876,hunt_start,Sectid,778,69,3,158,0,target:Wolf:436
2877,hunt_start,Sectid,27,188,1,218,8,target:Boar:546
2877,hunt_start,Sectid,778,69,2,157,9,target:Wolf:436
2878,hunt_start,Sectid,27,188,1,218,8,target:Boar:546
2878,hunt_start,Sectid,437,90,4,151,3,target:Shroomer:579
2878,hunt_start,Sectid,778,69,0,158,0,target:Wolf:436
2879,hunt_start,Sectid,27,188,1,218,8,target:Boar:546
2879,hunt_start,Sectid,778,68,9,158,1,target:Wolf:436
2880,hunt_start,Sectid,5,77,6,163,9,target:Camel:707
2880,hunt_start,Sectid,27,188,1,218,8,target:Boar:546
2880,hunt_start,Sectid,778,68,8,158,0,target:Wolf:436
2881,hunt_start,Sectid,27,188,0,218,9,target:Boar:546
2881,hunt_fail,Sectid,437,89,7,151,4,discomfort
2881,hunt_start,Sectid,778,68,9,157,9,target:Wolf:436
2882,hunt_fail,Sectid,5,77,8,164,4,discomfort
2882,hunt_start,Sectid,27,188,0,218,9,target:Boar:546
2882,hunt_start,Sectid,778,69,0,157,8,target:Wolf:436
2883,hunt_start,Sectid,27,188,0,218,9,target:Boar:546
2883,hunt_start,Sectid,778,68,8,157,8,target:Wolf:436
2884,hunt_start,Sectid,27,188,0,218,9,target:Boar:546
2884,hunt_start,Sectid,778,68,6,157,8,target:Wolf:436
2884,reproduce,Deer,41,144,7,139,7,offspring:1
2884,reproduce,Deer,489,149,3,129,4,offspring:1
2885,hunt_start,Sectid,27,188,0,218,9,target:Boar:546
2885,hunt_start,Sectid,778,68,6,157,9,target:Wolf:436
2885,reproduce,Penguin,114,143,3,53,8,offspring:1
2886,hunt_start,Sectid,27,188,0,218,9,target:Boar:546
2886,hunt_start,Sectid,778,68,8,158,0,target:Wolf:436
2887,hunt_start,Sectid,27,188,0,218,9,target:Lizard:520
2887,hunt_start,Sectid,778,68,8,157,9,target:Wolf:436
2887,reproduce,Lizard,604,120,8,213,6,offspring:2
2887,reproduce,Lizard,822,124,0,197,6,offspring:2
2888,hunt_start,Sectid,27,188,0,218,9,target:Lizard:520
2888,hunt_start,Sectid,778,69,0,157,8,target:Wolf:436
2889,hunt_start,Sectid,27,188,0,219,1,target:Boar:546
2889,kill,Lizard,524,44,7,230,7,killed_by:Hawk:467
2889,hunt_start,Sectid,778,68,9,158,0,target:Wolf:436
2890,hunt_start,Sectid,27,188,0,219,1,target:Boar:546
2890,hunt_start,Hawk,467,44,6,230,9,target:Lizard:569
2890,hunt_start,Sectid,778,68,8,158,1,target:Wolf:436
2891,hunt_start,Sectid,27,188,0,219,1,target:Boar:546
2891,hunt_start,Sectid,778,68,9,157,9,target:Wolf:436
2892,hunt_start,Sectid,27,188,0,219,1,target:Boar:546
2892,hunt_start,Sectid,778,69,0,157,9,target:Wolf:435
2893,hunt_start,Sectid,27,188,0,219,1,target:Boar:546
2893,hunt_start,Sectid,778,68,9,157,8,target:Wolf:435
2894,hunt_start,Sectid,27,187,9,219,1,target:Boar:546
2894,hunt_start,Sectid,778,69,1,157,7,target:Wolf:435
2895,hunt_start,Sectid,778,69,2,157,9,target:Wolf:435
2896,hunt_start,Sectid,778,69,3,157,8,target:Wolf:435
2897,hunt_start,Sectid,778,69,2,157,8,target:Wolf:435
2897,reproduce,Penguin,667,135,9,52,5,offspring:1
2898,hunt_start,Sectid,437,90,3,151,5,target:Shroomer:579
2898,hunt_start,Sectid,778,69,1,157,7,target:Wolf:435
2899,hunt_start,Sectid,27,187,7,219,2,target:Boar:546
2899,hunt_start,Sectid,778,69,2,157,8,target:Wolf:435
2900,kill,Deer,42,135,7,139,7,killed_by:Sectid:88
2900,hunt_start,Sectid,778,69,3,157,9,target:Wolf:435
2900,reproduce,Monkey,268,224,0,226,1,offspring:1
2901,hunt_fail,Sectid,73,134,3,139,4,prey_escaped
2901,hunt_start,Sectid,73,134,3,139,4,target:Shroomer:424
2901,hunt_fail,Sectid,532,128,2,137,9,prey_escaped
2901,hunt_fail,Sectid,603,135,1,139,6,prey_escaped
2901,hunt_start,Sectid,778,69,2,158,1,target:Wolf:435
2902,hunt_start,Sectid,27,187,8,219,2,target:Boar:546
2902,hunt_fail,Sectid,437,89,4,151,6,discomfort
2902,hunt_start,Sectid,778,69,1,158,2,target:Wolf:435
2903,hunt_start,Sectid,27,187,7,219,3,target:Boar:546
2903,hunt_start,Sectid,778,69,1,158,0,target:Wolf:435
2904,hunt_start,Sectid,27,187,7,219,3,target:Boar:546
2904,hunt_start,Sectid,778,69,0,158,2,target:Wolf:435
2905,hunt_start,Sectid,778,69,2,158,3,target:Wolf:435
2906,hunt_start,Sectid,778,69,1,158,5,target:Wolf:435
2907,hunt_start,Sectid,27,187,7,219,0,target:Boar:546
2907,hunt_start,Sectid,778,69,3,158,5,target:Wolf:435
2907,reproduce,Penguin,6,46,7,38,2,offspring:1
2908,hunt_start,Sectid,27,187,8,219,2,target:Boar:546
2908,hunt_start,Sectid,778,69,2,158,6,target:Wolf:435
2909,hunt_start,Sectid,27,187,8,219,3,target:Boar:546
2909,hunt_start,Sectid,778,69,2,158,5,target:Wolf:435
2909,reproduce,Penguin,591,135,3,51,8,offspring:1
2910,hunt_start,Sectid,27,187,8,219,3,target:Boar:546
2910,hunt_start,Sectid,778,69,0,158,4,target:Wolf:435
2911,hunt_start,Sectid,27,187,8,219,3,target:Boar:546
2911,hunt_start,Sectid,778,68,9,158,3,target:Wolf:435
2912,hunt_start,Sectid,778,69,0,158,5,target:Wolf:435
2913,hunt_start,Sectid,27,187,8,219,2,target:Boar:546
2913,hunt_start,Sectid,778,69,0,158,3,target:Wolf:435
2914,hunt_start,Sectid,27,187,8,219,4,target:Boar:546
2914,hunt_start,Sectid,778,69,0,158,5,target:Wolf:435
2915,hunt_start,Sectid,778,69,0,158,6,target:Wolf:435
2916,starvation,Arctic Fox,483,170,8,42,5,
2916,hunt_start,Sectid,27,187,8,219,2,target:Lizard:520
2916,hunt_start,Sectid,778,69,2,158,7,target:Wolf:435
2917,starvation,Rabbit,125,89,7,41,6,
2917,hunt_start,Sectid,778,69,2,158,5,target:Wolf:435
2917,reproduce,Rabbit,147,63,1,7,6,offspring:2
2917,reproduce,Rabbit,573,71,6,16,6,offspring:2
2917,reproduce,Rabbit,721,48,2,19,4,offspring:2
2918,hunt_start,Sectid,30,194,7,211,7,target:Boar:774
2918,hunt_start,Sectid,778,69,2,158,7,target:Wolf:435
2919,hunt_start,Sectid,30,194,7,211,5,target:Boar:774
2919,hunt_start,Sectid,778,69,3,158,6,target:Wolf:435
2919,reproduce,Lizard,193,64,0,288,0,offspring:2
2920,hunt_start,Sectid,30,194,7,211,3,target:Boar:774
2920,hunt_start,Sectid,778,69,4,158,7,target:Wolf:435
2921,hunt_start,Sectid,30,194,6,211,2,target:Boar:546
2921,hunt_start,Sectid,778,69,2,158,7,target:Wolf:435
2922,hunt_start,Sectid,778,69,3,158,6,target:Wolf:435
2923,hunt_start,Sectid,30,194,3,211,2,target:Boar:546
2923,hunt_start,Sectid,778,69,5,158,5,target:Wolf:435
2924,hunt_start,Sectid,30,194,4,211,3,target:Boar:546
2924,hunt_start,Sectid,778,69,6,158,3,target:Wolf:435
2925,hunt_start,Sectid,30,194,3,211,2,target:Boar:777
2925,hunt_start,Sectid,778,69,5,158,5,target:Wolf:435
2926,hunt_start,Sectid,30,194,5,211,2,target:Boar:777
2926,hunt_start,Sectid,778,69,5,158,3,target:Wolf:435
2927,hunt_start,Sectid,778,69,6,158,3,target:Wolf:435
2928,hunt_start,Sectid,30,194,3,211,3,target:Boar:546
2928,hunt_start,Sectid,778,69,8,158,4,target:Wolf:435
2929,hunt_start,Sectid,30,194,4,211,5,target:Boar:546
2929,hunt_start,Sectid,437,90,7,151,6,target:Shroomer:579
2929,hunt_start,Sectid,778,69,7,158,5,target:Wolf:435
2930,hunt_start,Sectid,30,194,2,211,4,target:Boar:546
2930,hunt_start,Sectid,778,69,5,158,5,target:Wolf:435
2931,hunt_start,Sectid,778,69,3,158,4,target:Wolf:435
2932,hunt_start,Sectid,30,194,3,211,5,target:Boar:546
2932,hunt_start,Sectid,778,69,4,158,3,target:Wolf:435
2933,hunt_start,Sectid,30,194,3,211,4,target:Boar:777
2933,hunt_start,Sectid,778,69,4,158,1,target:Wolf:435
2934,hunt_start,Sectid,30,194,1,211,3,target:Boar:777
2934,hunt_start,Sectid,778,69,5,158,1,target:Wolf:435
2934,reproduce,Tapir,687,133,5,19,1,offspring:1
2935,hunt_start,Sectid,30,194,1,211,5,target:Boar:546
2935,hunt_fail,Sectid,437,89,3,151,7,discomfort
2935,hunt_start,Sectid,778,69,4,158,0,target:Wolf:435
2936,hunt_start,Jaguar,370,22,5,181,1,target:Boar:753
2936,hunt_start,Sectid,778,69,5,158,0,target:Wolf:435
2937,hunt_start,Sectid,30,194,0,211,5,target:Boar:546
2937,hunt_start,Sectid,778,69,7,158,1,target:Wolf:435
2938,hunt_start,Sectid,30,194,2,211,5,target:Boar:777
2938,hunt_start,Sectid,778,69,8,158,2,target:Wolf:435
2939,hunt_start,Sectid,30,194,3,211,3,target:Boar:777
2939,hunt_start,Wolf,436,71,3,155,6,target:Sectid:778
2939,hunt_start,Sectid,778,70,0,158,2,target:Wolf:435
2940,hunt_start,Sectid,30,194,3,211,5,target:Boar:777
2940,hunt_start,Sectid,778,70,1,158,4,target:Wolf:435
2940,reproduce,Parrot,10,32,9,218,7,offspring:1
2941,hunt_start,Sectid,30,194,1,211,6,target:Boar:546
2941,hunt_start,Sectid,778,70,1,158,2,target:Wolf:435
2942,hunt_start,Sectid,778,70,2,158,2,target:Wolf:435
2942,reproduce,Lizard,237,17,0,261,6,offspring:2
2942,reproduce,Lizard,611,20,9,272,2,offspring:2
2943,hunt_start,Sectid,30,194,0,211,3,target:Boar:777
2943,hunt_start,Sectid,778,70,3,158,1,target:Wolf:435
2944,hunt_start,Sectid,30,194,0,211,5,target:Boar:777
2944,hunt_start,Sectid,778,70,1,158,0,target:Wolf:435
2945,hunt_start,Sectid,778,70,3,158,1,target:Wolf:435
2946,hunt_start,Sectid,30,194,0,211,5,target:Boar:777
2946,hunt_start,Sectid,778,70,4,158,0,target:Wolf:435
2947,starvation,Deer,70,203,7,280,2,
2947,hunt_start,Sectid,30,194,1,211,3,target:Boar:777
2947,hunt_start,Sectid,778,70,3,158,1,target:Wolf:435
2948,hunt_start,Sectid,30,193,9,211,3,target:Boar:777
2948,hunt_start,Sectid,778,70,4,157,9,target:Wolf:435
2949,hunt_start,Sectid,778,70,4,157,8,target:Wolf:435
2950,hunt_start,Sectid,30,193,7,211,1,target:Boar:777
2950,hunt_start,Sectid,778,70,5,157,7,target:Wolf:435
2951,hunt_start,Sectid,30,193,8,211,1,target:Boar:777
2951,hunt_start,Sectid,778,70,7,157,8,target:Wolf:435
2952,hunt_start,Sectid,30,194,0,211,1,target:Boar:777
2952,hunt_start,Sectid,778,70,7,158,0,target:Wolf:435
2953,hunt_start,Sectid,778,70,7,158,2,target:Wolf:435
2954,hunt_start,Sectid,30,193,9,211,4,target:Boar:777
2954,hunt_start,Sectid,778,70,7,158,3,target:Wolf:435
2955,hunt_start,Sectid,30,193,8,211,4,target:Boar:546
2955,hunt_start,Sectid,778,70,6,158,2,target:Wolf:435
2955,hunt_start,Sectid,931,116,5,128,8,target:Monkey:465
2956,hunt_start,Sectid,30,193,9,211,4,target:Boar:546
2956,hunt_start,Sectid,778,70,5,158,2,target:Wolf:435
2957,hunt_start,Sectid,30,193,8,211,5,target:Boar:546
2957,hunt_start,Sectid,778,70,6,158,3,target:Wolf:436
2958,hunt_start,Sectid,30,193,9,211,6,target:Boar:546
2958,hunt_start,Sectid,778,70,4,158,3,target:Wolf:436
2959,hunt_start,Sectid,778,70,3,158,1,target:Wolf:436
2960,hunt_start,Sectid,30,193,9,211,7,target:Boar:546
2960,hunt_start,Sectid,778,70,3,157,9,target:Wolf:436
2961,hunt_start,Sectid,30,194,0,211,6,target:Boar:546
2961,hunt_start,Sectid,778,70,4,157,8,target:Wolf:436
2962,hunt_start,Sectid,778,70,4,157,6,target:Wolf:436
2963,hunt_start,Sectid,30,193,8,211,8,target:Boar:546
2963,hunt_start,Sectid,778,70,5,157,5,target:Wolf:436
2963,reproduce,Deer,76,64,0,288,0,offspring:1
2964,hunt_start,Sectid,30,193,6,211,8,target:Boar:546
2964,hunt_start,Sectid,778,70,6,157,3,target:Wolf:436
2965,hunt_start,Sectid,30,193,5,212,0,target:Boar:546
2965,hunt_start,Sectid,778,70,5,157,5,target:Wolf:436
2966,hunt_start,Sectid,30,193,7,212,1,target:Boar:546
2966,hunt_start,Sectid,778,70,4,157,3,target:Wolf:436
2967,hunt_start,Sectid,30,193,8,212,1,target:Boar:546
2967,hunt_start,Sectid,778,70,6,157,4,target:Wolf:436
2968,hunt_start,Sectid,30,193,7,212,2,target:Boar:546
2968,hunt_start,Sectid,437,90,6,151,8,target:Shroomer:579
2968,hunt_start,Sectid,778,70,5,157,5,target:Wolf:436
2969,hunt_start,Sectid,778,70,4,157,5,target:Wolf:436
2970,hunt_start,Sectid,30,193,7,212,1,target:Boar:546
2970,hunt_start,Sectid,778,70,4,157,7,target:Wolf:436
2971,hunt_start,Sectid,30,193,7,212,2,target:Boar:546
2971,hunt_start,Sectid,778,70,5,157,8,target:Wolf:436
2972,hunt_start,Sectid,30,193,8,212,4,target:Boar:546
2972,hunt_start,Arctic Fox,484,59,0,29,1,target:Penguin:271
2972,hunt_start,Sectid,778,70,3,157,8,target:Wolf:436
2973,hunt_start,Sectid,30,193,6,212,3,target:Boar:546
2973,hunt_start,Sectid,778,70,3,157,7,target:Wolf:436
2974,hunt_fail,Sectid,437,89,2,151,8,discomfort
2974,hunt_start,Sectid,778,70,1,157,8,target:Wolf:436
2975,environment_death,Monkey,318,75,1,177,6,drowning
2975,hunt_start,Sectid,31,191,5,220,5,target:Boar:546
2975,hunt_start,Sectid,778,70,0,157,7,target:Wolf:436
2976,hunt_start,Sectid,31,191,3,220,6,target:Boar:546
2976,hunt_start,Sectid,778,70,1,157,6,target:Wolf:436
2976,reproduce,Rabbit,673,70,2,288,0,offspring:2
2977,hunt_start,Sectid,31,191,3,220,7,target:Boar:546
2977,hunt_start,Sectid,778,70,2,157,8,target:Wolf:436
2978,starvation,Rabbit,111,278,5,260,3,
2978,hunt_start,Sectid,31,191,3,220,7,target:Boar:546
2978,hunt_start,Sectid,778,70,2,157,9,target:Wolf:436
2979,hunt_start,Sectid,31,191,2,220,8,target:Boar:546
2979,hunt_start,Sectid,778,70,1,157,8,target:Wolf:436
2980,hunt_start,Sectid,31,191,2,220,8,target:Boar:546
2980,hunt_start,Sectid,778,70,0,157,9,target:Wolf:436
2981,hunt_start,Sectid,31,191,1,221,0,target:Boar:546
2981,hunt_start,Sectid,778,70,2,157,9,target:Wolf:436
2982,hunt_start,Sectid,31,191,1,221,0,target:Boar:546
2982,hunt_fail,Fox,441,188,9,287,3,discomfort
2982,hunt_start,Sectid,778,70,3,158,0,target:Wolf:436
2982,reproduce,Turtle,183,121,4,243,0,offspring:1
2983,hunt_start,Sectid,778,70,2,158,1,target:Wolf:436
2984,hunt_start,Sectid,778,70,4,158,2,target:Wolf:436
2985,hunt_start,Sectid,31,191,2,220,6,target:Boar:546
2985,hunt_start,Sectid,778,70,4,158,4,target:Wolf:436
2986,hunt_start,Sectid,31,191,1,220,8,target:Boar:546
2986,kill,Penguin,281,265,4,90,2,killed_by:Hawk:548
2986,hunt_start,Sectid,778,70,4,158,5,target:Wolf:436
2987,hunt_start,Sectid,31,191,3,220,9,target:Boar:546
2987,hunt_start,Hawk,548,265,4,89,9,target:Rabbit:906
2987,hunt_start,Sectid,778,70,4,158,7,target:Wolf:436
2987,reproduce,Parrot,681,96,0,136,3,offspring:1
2988,starvation,Fish,640,140,8,238,4,
2988,hunt_start,Sectid,31,191,3,220,9,target:Boar:546
2988,hunt_start,Sectid,778,70,3,158,6,target:Wolf:436
2989,starvation,Deer,81,2,5,178,5,
2989,hunt_start,Sectid,31,191,3,220,9,target:Boar:546
2989,hunt_start,Sectid,778,70,1,158,7,target:Wolf:436
2990,hunt_start,Sectid,31,191,3,220,9,target:Boar:546
2990,hunt_start,Sectid,778,70,2,158,5,target:Wolf:436
2991,hunt_start,Sectid,31,191,3,220,9,target:Boar:546
2991,hunt_start,Sectid,778,70,1,158,7,target:Wolf:436
2992,hunt_fail,Arctic Fox,484,57,0,29,6,discomfort
2992,hunt_start,Jaguar,487,1,5,199,9,target:Boar:756
2992,hunt_start,Sectid,778,70,1,158,9,target:Wolf:435
2992,kill,Tapir,665,32,3,205,3,killed_by:Jaguar:875
2993,hunt_fail,Jaguar,485,23,8,199,6,target_died
2993,hunt_start,Sectid,778,70,1,159,0,target:Wolf:435
2994,hunt_start,Sectid,31,191,1,220,6,target:Boar:546
2994,hunt_start,Sectid,778,70,0,159,0,target:Wolf:435
2995,hunt_start,Sectid,31,191,2,220,7,target:Boar:546
2995,hunt_start,Sectid,778,69,9,159,1,target:Wolf:435
2996,hunt_start,Sectid,31,191,2,220,7,target:Boar:546
2996,hunt_start,Sectid,778,69,9,159,3,target:Wolf:435
2997,hunt_start,Sectid,31,191,2,220,7,target:Boar:546
2997,hunt_fail,Wolf,430,237,3,89,1,discomfort
2997,hunt_start,Sectid,778,70,0,159,4,target:Wolf:435
2998,hunt_start,Sectid,778,70,2,159,3,target:Wolf:435
2999,hunt_start,Sectid,31,191,2,220,6,target:Boar:546
2999,hunt_start,Sectid,778,70,1,159,5,target:Wolf:435
3000,hunt_start,Sectid,778,70,0,159,5,target:Wolf:435
3000,hunt_start,Sectid,931,123,4,124,2,target:Fox:440
3000,reproduce,Penguin,773,51,3,42,0,offspring:1
3000,reproduce,Parrot,864,50,1,276,4,offspring:1
3001,hunt_start,Sectid,31,191,0,220,5,target:Boar:546
3001,hunt_start,Sectid,778,69,8,159,6,target:Wolf:435
3001,hunt_start,Sectid,931,123,3,124,1,target:Fox:440
3002,hunt_start,Sectid,31,191,0,220,6,target:Boar:546
3002,hunt_start,Sectid,778,69,7,159,7,target:Wolf:435
3002,hunt_start,Sectid,931,123,1,124,0,target:Fox:440
3003,hunt_start,Sectid,31,191,0,220,6,target:Boar:546
3003,hunt_start,Sectid,778,69,8,159,6,target:Wolf:435
3003,hunt_start,Sectid,931,123,0,124,2,target:Fox:440
3004,hunt_start,Sectid,778,69,9,159,4,target:Wolf:435
3004,hunt_start,Sectid,931,122,8,124,2,target:Fox:440
3005,hunt_start,Sectid,31,191,0,220,5,target:Boar:546
3005,hunt_start,Sectid,778,70,0,159,6,target:Wolf:435
3005,hunt_start,Sectid,931,122,8,124,4,target:Fox:440
3006,hunt_start,Sectid,31,191,1,220,7,target:Boar:546
3006,hunt_start,Sectid,778,70,1,159,7,target:Wolf:435
3006,hunt_start,Sectid,931,123,0,124,5,target:Fox:440
3007,hunt_start,Sectid,778,70,0,159,6,target:Wolf:436
3007,hunt_start,Sectid,931,123,1,124,6,target:Fox:440
3008,hunt_start,Sectid,437,90,9,151,8,target:Shroomer:579
3008,hunt_start,Sectid,778,70,1,159,6,target:Wolf:436
3008,hunt_start,Sectid,931,123,1,124,4,target:Fox:440
3009,hunt_start,Sectid,31,191,0,220,4,target:Boar:546
3009,hunt_start,Sectid,778,70,1,159,4,target:Wolf:436
3009,hunt_start,Sectid,931,123,3,124,3,target:Fox:440
3010,hunt_start,Sectid,31,191,1,220,5,target:Boar:546
3010,hunt_start,Sectid,778,69,9,159,5,target:Wolf:436
3010,hunt_start,Sectid,931,123,5,124,5,target:Fox:440
3011,hunt_start,Sectid,31,191,1,220,5,target:Boar:546
3011,hunt_start,Sectid,778,69,8,159,4,target:Wolf:436
3011,hunt_start,Sectid,931,123,3,124,4,target:Fox:440
3012,hunt_start,Sectid,31,191,1,220,5,target:Boar:546
3012,hunt_start,Sectid,778,69,9,159,5,target:Wolf:436
3012,hunt_start,Sectid,931,123,3,124,6,target:Fox:440
3013,hunt_start,Sectid,778,70,0,159,4,target:Wolf:436
3013,hunt_start,Sectid,931,123,5,124,5,target:Fox:440
3014,hunt_start,Sectid,31,191,1,220,4,target:Boar:546
3014,hunt_start,Sectid,778,69,9,159,3,target:Wolf:436
3014,hunt_start,Sectid,931,123,3,124,5,target:Fox:440
3015,hunt_start,Sectid,778,69,7,159,3,target:Wolf:436
3015,hunt_start,Sectid,931,123,3,124,7,target:Fox:440
3016,hunt_start,Sectid,31,191,2,220,3,target:Boar:546
3016,hunt_fail,Sectid,437,89,0,151,9,discomfort
3016,hunt_start,Sectid,778,69,8,159,5,target:Wolf:435
3016,hunt_start,Sectid,931,123,3,124,9,target:Fox:440
3017,hunt_start,Sectid,31,191,0,220,4,target:Boar:546
3017,hunt_start,Sectid,778,69,8,159,3,target:Wolf:435
3017,hunt_start,Sectid,931,123,4,125,2,target:Fox:440
3018,hunt_start,Sectid,778,69,8,159,2,target:Wolf:435
3018,hunt_start,Sectid,931,123,6,125,2,target:Fox:440
3019,starvation,Deer,565,202,6,278,5,
3019,hunt_start,Sectid,31,190,9,220,3,target:Boar:546
3019,hunt_start,Sectid,778,69,8,159,4,target:Wolf:435
3019,hunt_start,Sectid,931,123,7,125,1,target:Fox:440
3020,hunt_start,Sectid,31,190,9,220,5,target:Boar:546
3020,hunt_start,Sectid,778,69,9,159,2,target:Wolf:435
3020,hunt_start,Sectid,931,123,7,124,9,target:Fox:440
3021,hunt_start,Sectid,778,70,1,159,2,target:Wolf:435
3021,hunt_start,Sectid,931,123,5,124,8,target:Fox:440
3021,reproduce,Camel,561,113,4,161,4,offspring:1
3022,hunt_start,Sectid,31,190,8,220,4,target:Boar:546
3022,kill,Boar,753,18,7,173,7,killed_by:Jaguar:370
3022,hunt_start,Sectid,778,70,1,159,3,target:Wolf:435
3022,hunt_start,Sectid,931,123,3,124,9,target:Fox:440
3023,hunt_start,Sectid,778,70,1,159,5,target:Wolf:435
3023,hunt_start,Sectid,931,123,1,125,0,target:Fox:440
3024,hunt_start,Sectid,778,70,1,159,3,target:Wolf:435
3024,hunt_start,Sectid,931,123,1,124,7,target:Fox:440
3025,hunt_start,Sectid,31,190,7,220,1,target:Boar:546
3025,hunt_start,Sectid,778,70,1,159,3,target:Wolf:435
3025,hunt_start,Sectid,931,123,2,124,5,target:Fox:440
3026,hunt_start,Sectid,31,190,7,220,3,target:Boar:546
3026,hunt_start,Jaguar,369,25,9,179,8,target:Boar:458
3026,hunt_start,Sectid,778,70,2,159,1,target:Wolf:435
3026,hunt_start,Sectid,931,123,3,124,3,target:Fox:440
3027,hunt_start,Sectid,31,190,7,220,3,target:Boar:546
3027,hunt_start,Sectid,778,70,2,159,3,target:Wolf:435
3027,hunt_start,Sectid,931,123,5,124,2,target:Fox:440
3028,hunt_start,Sectid,31,190,7,220,3,target:Boar:546
3028,hunt_start,Sectid,778,70,3,159,4,target:Wolf:435
3028,hunt_start,Sectid,931,123,3,124,4,target:Fox:440
3029,hunt_start,Sectid,778,70,3,159,6,target:Wolf:435
3029,hunt_start,Sectid,931,123,5,124,2,target:Fox:440
3029,reproduce,Monkey,396,132,6,66,9,offspring:1
3030,hunt_start,Sectid,31,190,7,220,2,target:Boar:546
3030,hunt_start,Sectid,778,70,5,159,6,target:Wolf:435
3030,hunt_start,Sectid,931,123,4,124,0,target:Fox:440
3031,hunt_start,Sectid,778,70,3,159,7,target:Wolf:435
3031,hunt_start,Sectid,931,123,5,123,9,target:Fox:440
3032,hunt_start,Sectid,31,190,7,220,1,target:Boar:546
3032,hunt_start,Sectid,778,70,2,159,8,target:Wolf:435
3032,hunt_start,Sectid,931,123,7,123,7,target:Fox:440
3033,starvation,Fish,385,198,0,25,2,
3033,hunt_start,Sectid,778,70,4,159,9,target:Wolf:435
3033,hunt_start,Sectid,931,123,9,123,8,target:Fox:440
3034,hunt_start,Sectid,31,190,6,220,0,target:Boar:546
3034,hunt_start,Sectid,778,70,4,159,8,target:Wolf:435
3034,hunt_start,Sectid,931,123,8,124,1,target:Fox:440
3035,hunt_start,Sectid,778,70,5,159,7,target:Wolf:435
3035,hunt_start,Sectid,931,123,9,123,8,target:Fox:440
3035,reproduce,Deer,51,65,7,64,0,offspring:1
3036,hunt_start,Sectid,31,190,8,219,9,target:Boar:546
3036,hunt_start,Sectid,778,70,7,159,6,target:Wolf:435
3036,hunt_start,Sectid,931,123,8,124,1,target:Fox:440
3037,hunt_start,Sectid,31,190,9,220,0,target:Boar:546
3037,kill,Sectid,778,70,6,159,6,killed_by:Wolf:435
3037,hunt_start,Sectid,778,70,6,159,6,target:Wolf:435
3037,hunt_start,Sectid,931,123,6,124,0,target:Fox:440
3038,hunt_start,Sectid,31,190,9,220,0,target:Boar:546
3038,hunt_start,Sectid,931,123,9,124,0,target:Fox:440
3039,hunt_start,Sectid,931,124,1,124,0,target:Fox:440
3040,hunt_start,Sectid,31,191,0,219,8,target:Boar:546
3040,hunt_start,Sectid,931,124,1,124,2,target:Fox:440
3041,hunt_start,Sectid,31,190,9,219,9,target:Boar:546
3041,hunt_start,Sectid,931,123,9,124,2,target:Fox:440
3042,hunt_start,Sectid,931,123,7,124,0,target:Fox:440
3043,hunt_start,Sectid,31,190,9,219,8,target:Boar:546
3043,hunt_start,Sectid,931,123,6,123,8,target:Fox:440
3044,hunt_start,Sectid,31,191,0,219,9,target:Boar:546
3044,hunt_start,Sectid,931,123,6,124,0,target:Fox:440
3045,hunt_start,Sectid,931,123,4,124,0,target:Fox:440
3046,hunt_start,Sectid,931,123,1,123,9,target:Fox:440
3047,hunt_start,Sectid,31,190,9,219,6,target:Boar:546
3047,hunt_start,Sectid,931,123,0,124,1,target:Monkey:465
3048,hunt_start,Sectid,31,190,8,219,7,target:Boar:546
3048,hunt_start,Sectid,931,122,8,124,0,target:Monkey:465
3049,hunt_start,Sectid,31,190,8,219,7,target:Boar:546
3049,hunt_start,Sectid,931,122,6,123,9,target:Monkey:465
3050,hunt_start,Sectid,931,122,5,124,2,target:Monkey:465
3051,hunt_start,Sectid,31,190,7,219,7,target:Boar:546
3051,hunt_fail,Fox,440,127,2,124,8,discomfort
3051,hunt_fail,Sectid,543,264,4,170,3,prey_escaped
3051,hunt_start,Sectid,931,122,3,124,0,target:Monkey:465
3052,hunt_fail,Sectid,752,264,2,170,6,prey_escaped
3052,hunt_start,Sectid,931,122,5,123,9,target:Monkey:465
3053,hunt_start,Sectid,31,190,8,219,5,target:Boar:546
3053,hunt_fail,Sectid,606,264,3,170,8,prey_escaped
3053,hunt_start,Sectid,931,122,5,124,1,target:Monkey:465
3054,hunt_start,Sectid,31,190,7,219,6,target:Boar:546
3054,hunt_start,Sectid,931,122,3,124,0,target:Monkey:465
3055,kill,Boar,458,28,0,176,8,killed_by:Jaguar:369
3055,hunt_start,Sectid,931,122,5,124,1,target:Monkey:465
3056,hunt_start,Sectid,31,190,7,219,5,target:Boar:546
3056,hunt_start,Sectid,931,122,3,124,2,target:Monkey:465
3057,hunt_start,Sectid,437,91,0,151,9,target:Shroomer:579
3057,kill,Lizard,569,65,0,206,4,killed_by:Hawk:467
3057,hunt_start,Sectid,931,122,5,124,2,target:Monkey:465
3058,hunt_start,Sectid,30,194,1,211,6,target:Boar:777
3058,kill,Penguin,267,37,3,34,8,killed_by:Hawk:464
3058,hunt_start,Hawk,467,64,9,206,5,target:Lizard:690
3058,hunt_start,Sectid,931,122,7,124,2,target:Monkey:465
3059,hunt_start,Hawk,464,37,2,34,9,target:Rabbit:574
3059,hunt_start,Sectid,931,123,0,124,3,target:Monkey:465
3060,hunt_start,Sectid,30,194,0,211,3,target:Boar:777
3060,hunt_start,Boar,243,204,8,235,4,target:Shroomer:422
3060,hunt_start,Sectid,931,122,7,124,3,target:Monkey:465
3061,hunt_start,Sectid,30,193,9,211,4,target:Boar:777
3061,hunt_start,Jaguar,485,26,1,199,6,target:Lizard:570
3061,hunt_start,Sectid,931,122,6,124,5,target:Monkey:465
3062,hunt_start,Sectid,31,190,7,219,5,target:Boar:546
3062,hunt_start,Sectid,931,122,6,124,3,target:Monkey:465
3063,hunt_start,Sectid,931,122,8,124,4,target:Monkey:465
3064,hunt_start,Sectid,31,190,9,219,3,target:Boar:546
3064,hunt_start,Sectid,931,122,6,124,3,target:Monkey:465
3065,hunt_start,Sectid,31,190,8,219,5,target:Boar:546
3065,hunt_start,Sectid,931,122,6,124,5,target:Monkey:465
3066,hunt_start,Sectid,931,122,5,124,7,target:Monkey:465
3067,hunt_start,Sectid,31,190,7,219,4,target:Boar:546
3067,hunt_start,Sectid,931,122,4,124,5,target:Monkey:465
3068,hunt_start,Sectid,31,190,5,219,4,target:Boar:546
3068,hunt_fail,Sectid,437,88,5,151,9,discomfort
3068,hunt_start,Sectid,931,122,4,124,8,target:Monkey:465
3069,hunt_start,Sectid,931,122,6,124,9,target:Monkey:465
3070,hunt_start,Sectid,31,190,4,219,3,target:Boar:546
3070,hunt_start,Sectid,931,122,4,124,7,target:Monkey:465
3071,hunt_start,Sectid,31,190,5,219,5,target:Boar:546
3071,hunt_start,Sectid,931,122,3,124,9,target:Monkey:465
3072,hunt_start,Sectid,31,190,4,219,6,target:Boar:546
3072,hunt_start,Sectid,931,122,1,124,7,target:Monkey:465
3073,hunt_start,Sectid,31,190,4,219,6,target:Boar:546
3073,hunt_start,Sectid,931,122,1,124,9,target:Monkey:465
3074,hunt_start,Sectid,31,190,4,219,6,target:Boar:546
3074,hunt_start,Sectid,931,122,1,124,7,target:Monkey:465
3075,hunt_start,Sectid,931,121,9,124,6,target:Monkey:465
3075,reproduce,Deer,234,121,3,154,8,offspring:1
3076,hunt_start,Sectid,31,190,6,219,5,target:Boar:546
3076,hunt_start,Sectid,931,121,7,124,7,target:Monkey:465
3076,reproduce,Penguin,688,133,5,46,3,offspring:1
3077,hunt_start,Sectid,31,190,6,219,6,target:Boar:546
3077,hunt_start,Sectid,931,121,6,124,9,target:Monkey:465
3078,hunt_start,Sectid,931,121,8,125,0,target:Monkey:465
3079,hunt_start,Sectid,31,190,7,219,5,target:Boar:546
3079,hunt_start,Sectid,931,121,6,125,1,target:Monkey:465
3079,reproduce,Deer,62,224,0,129,5,offspring:1
3080,hunt_start,Sectid,31,190,8,219,6,target:Boar:546
3080,hunt_start,Sectid,931,121,6,125,2,target:Monkey:465
3080,reproduce,Tapir,365,259,6,74,0,offspring:1
3081,hunt_start,Sectid,31,190,8,219,6,target:Boar:546
3082,hunt_start,Sectid,931,121,5,125,1,target:Fox:440
3083,hunt_start,Sectid,31,190,7,219,6,target:Boar:546
3083,hunt_start,Sectid,931,121,5,125,1,target:Fox:440
3084,hunt_start,Sectid,31,190,7,219,7,target:Boar:546
3084,hunt_start,Sectid,931,121,5,125,1,target:Fox:440
3085,hunt_start,Sectid,31,190,7,219,7,target:Boar:546
3085,kill,Rabbit,3,24,6,288,0,killed_by:Wolf:433
3085,hunt_start,Sectid,931,121,5,125,1,target:Fox:440
3085,reproduce,Rabbit,113,29,5,242,0,offspring:2
3086,hunt_fail,Wolf,432,24,4,286,7,prey_escaped
3086,hunt_start,Wolf,432,24,4,286,7,target:Deer:494
3086,hunt_start,Sectid,931,121,5,125,1,target:Fox:440
3087,hunt_start,Sectid,31,190,8,219,5,target:Boar:546
3087,hunt_start,Sectid,931,121,5,125,1,target:Fox:440
3088,starvation,Fish,750,203,7,19,7,
3088,hunt_start,Sectid,31,190,7,219,6,target:Boar:546
3088,kill,Frog,253,269,1,208,0,killed_by:Sectid:910
3088,reproduce,Frog,452,258,1,215,3,offspring:2
3088,reproduce,Frog,587,234,7,222,5,offspring:2
3088,reproduce,Frog,588,234,3,220,6,offspring:2
3088,reproduce,Frog,679,245,3,251,4,offspring:2
3088,reproduce,Frog,680,238,9,247,6,offspring:2
3089,hunt_start,Sectid,31,190,6,219,8,target:Boar:546
3089,hunt_start,Sectid,910,268,6,207,7,target:Frog:452
3090,hunt_start,Sectid,31,190,6,219,8,target:Boar:546
3091,hunt_start,Sectid,31,190,6,219,8,target:Boar:546
3091,hunt_start,Sectid,569,122,1,129,9,target:Monkey:465
3092,hunt_start,Sectid,31,190,5,219,9,target:Boar:546
3093,hunt_start,Sectid,31,190,5,219,9,target:Boar:546
3093,reproduce,Tapir,259,66,2,128,0,offspring:1
3093,reproduce,Tapir,580,72,3,95,8,offspring:1
3094,hunt_start,Boar,123,204,5,234,0,target:Shroomer:422
3094,reproduce,Monkey,316,124,2,22,8,offspring:1
3095,hunt_start,Sectid,31,190,3,219,8,target:Boar:546
3096,hunt_start,Sectid,31,190,3,219,9,target:Boar:546
3096,reproduce,Camel,254,96,7,162,0,offspring:1
3097,hunt_start,Sectid,31,190,2,220,0,target:Boar:546
3098,hunt_start,Sectid,31,190,2,220,0,target:Boar:546
3100,hunt_start,Sectid,31,190,3,219,9,target:Boar:546
3101,hunt_start,Sectid,31,190,4,220,0,target:Boar:546
3101,reproduce,Tapir,130,246,2,96,9,offspring:1
3102,hunt_start,Sectid,31,190,4,220,0,target:Boar:546
3103,hunt_start,Sectid,31,190,4,220,2,target:Boar:546
3104,hunt_start,Arctic Fox,484,59,2,29,2,target:Penguin:271
3105,hunt_start,Sectid,31,190,3,220,1,target:Boar:546
3106,reproduce,Deer,54,13,2,34,9,offspring:1
3107,hunt_start,Sectid,31,190,4,220,0,target:Boar:546
3108,hunt_start,Sectid,31,190,4,220,2,target:Boar:546
3109,hunt_start,Sectid,31,190,4,220,2,target:Boar:546
3111,hunt_start,Sectid,31,190,5,220,0,target:Boar:546
3112,hunt_start,Sectid,31,190,6,220,1,target:Boar:546
3113,hunt_start,Sectid,31,190,6,220,1,target:Boar:546
3115,hunt_start,Sectid,31,190,6,220,0,target:Boar:546
3115,kill,Shroomer,424,140,6,141,0,killed_by:Sectid:532
3116,hunt_start,Sectid,31,190,7,220,2,target:Boar:546
3116,hunt_fail,Sectid,73,134,0,138,0,target_died
3116,hunt_start,Sectid,73,134,0,138,0,target:Shroomer:426
3116,hunt_fail,Sectid,88,132,0,136,9,target_died
3116,hunt_start,Sectid,88,132,0,136,9,target:Shroomer:426
3116,hunt_fail,Sectid,889,139,3,140,5,target_died
3117,hunt_start,Sectid,31,190,7,220,2,target:Boar:546
3119,environment_death,Shroomer,377,248,2,273,7,drowning
3119,hunt_start,Sectid,31,190,7,220,1,target:Boar:546
3120,hunt_start,Sectid,31,190,8,220,3,target:Boar:546
3121,reproduce,Parrot,880,3,4,256,0,offspring:1
3122,hunt_start,Sectid,31,190,7,220,2,target:Boar:546
3122,hunt_start,Wolf,436,73,2,157,6,target:Sectid:684
3122,reproduce,Penguin,595,275,8,52,1,offspring:1
3123,hunt_fail,Wolf,431,236,4,89,6,discomfort
3124,hunt_start,Sectid,31,190,7,220,1,target:Boar:546
3124,reproduce,Penguin,121,48,5,32,3,offspring:1
3125,hunt_start,Sectid,31,190,6,220,3,target:Boar:546
3125,hunt_fail,Arctic Fox,484,57,0,29,7,discomfort
3126,hunt_start,Sectid,31,190,6,220,3,target:Boar:546
3127,hunt_start,Sectid,31,190,7,220,3,target:Boar:546
3129,hunt_start,Sectid,31,190,8,220,2,target:Boar:546
3130,hunt_start,Sectid,31,190,9,220,4,target:Boar:546
3130,hunt_start,Sectid,437,91,5,151,7,target:Shroomer:579
3133,hunt_start,Sectid,31,190,8,220,0,target:Boar:546
3134,hunt_start,Sectid,31,190,8,220,1,target:Boar:546
3135,hunt_start,Sectid,31,190,8,220,3,target:Boar:546
3135,reproduce,Penguin,613,278,9,75,6,offspring:1
3136,hunt_start,Sectid,31,190,8,220,3,target:Boar:546
3137,hunt_start,Sectid,31,190,8,220,3,target:Boar:546
3138,hunt_start,Sectid,31,190,8,220,5,target:Boar:546
3139,hunt_start,Sectid,31,190,8,220,5,target:Boar:546
3139,hunt_fail,Snake,475,136,3,200,7,discomfort
3140,hunt_start,Sectid,31,190,8,220,5,target:Boar:546
3142,hunt_start,Sectid,31,190,8,220,3,target:Boar:546
3143,hunt_start,Sectid,31,190,8,220,5,target:Boar:546
3143,hunt_start,Sectid,603,128,2,130,0,target:Fox:440
3144,hunt_start,Sectid,603,128,1,130,0,target:Fox:440
3145,hunt_start,Sectid,31,190,9,220,4,target:Boar:546
3145,hunt_fail,Sectid,437,88,1,151,9,discomfort
3145,hunt_start,Sectid,603,128,0,130,0,target:Fox:440
3146,hunt_start,Sectid,603,127,9,130,0,target:Fox:440
3147,hunt_start,Sectid,31,190,9,220,3,target:Boar:546
3147,hunt_start,Sectid,603,127,8,130,0,target:Fox:440
3148,hunt_start,Sectid,31,190,9,220,4,target:Boar:546
3148,hunt_start,Sectid,603,127,7,130,0,target:Fox:440
3149,hunt_start,Sectid,603,127,5,130,0,target:Fox:440
3150,hunt_start,Sectid,31,190,9,220,3,target:Boar:546
3150,hunt_start,Sectid,603,127,4,130,0,target:Fox:440
3150,reproduce,Monkey,13,95,7,82,2,offspring:1
3151,hunt_start,Sectid,31,190,8,220,4,target:Boar:546
3151,hunt_start,Sectid,603,127,3,130,0,target:Fox:440
3152,hunt_start,Wolf,431,235,3,89,4,target:Rabbit:497
3152,hunt_start,Sectid,603,127,2,130,0,target:Fox:440
3153,hunt_start,Sectid,31,190,8,220,3,target:Boar:546
3153,hunt_start,Sectid,603,127,1,130,0,target:Fox:440
3154,hunt_start,Sectid,31,190,9,220,4,target:Boar:546
3154,hunt_start,Sectid,603,127,0,130,0,target:Fox:440
3155,hunt_start,Sectid,31,190,9,220,4,target:Boar:546
3155,hunt_start,Fox,442,169,5,241,9,target:Lizard:712
3155,hunt_start,Sectid,603,126,9,130,0,target:Fox:440
3156,hunt_start,Sectid,603,126,8,130,0,target:Fox:440
3157,hunt_start,Sectid,31,190,8,220,4,target:Boar:546
3157,hunt_start,Sectid,603,126,7,130,0,target:Fox:440
3158,hunt_start,Sectid,31,190,8,220,5,target:Boar:546
3158,hunt_start,Sectid,603,126,6,130,0,target:Fox:440
3159,hunt_start,Sectid,603,126,5,130,0,target:Fox:440
3160,hunt_start,Sectid,31,190,7,220,5,target:Boar:546
3160,hunt_start,Sectid,603,126,4,130,0,target:Fox:440
3161,hunt_start,Sectid,31,190,8,220,6,target:Boar:546
3161,hunt_start,Sectid,603,126,3,129,9,target:Fox:440
3161,reproduce,Parrot,158,79,1,57,3,offspring:1
3162,hunt_start,Sectid,31,190,8,220,6,target:Boar:546
3162,hunt_start,Sectid,603,126,2,129,9,target:Fox:440
3162,reproduce,Rabbit,103,31,4,282,9,offspring:2
3163,hunt_start,Sectid,603,126,1,129,9,target:Fox:440
3164,hunt_start,Sectid,31,190,7,220,5,target:Boar:546
3164,hunt_start,Sectid,603,126,0,129,9,target:Fox:440
3165,hunt_start,Sectid,31,190,6,220,7,target:Boar:546
3165,hunt_start,Sectid,603,125,9,129,9,target:Fox:440
3166,hunt_start,Sectid,603,125,8,129,9,target:Fox:440
3167,hunt_start,Sectid,31,190,5,220,6,target:Boar:546
3167,hunt_start,Sectid,603,125,7,129,9,target:Fox:440
3167,kill,Shroomer,426,131,1,145,8,killed_by:Sectid:889
3168,hunt_fail,Sectid,73,131,7,145,6,target_died
3168,hunt_start,Sectid,73,131,7,145,6,target:Shroomer:427
3168,hunt_fail,Sectid,88,126,9,134,4,target_died
3168,hunt_start,Sectid,88,126,9,134,4,target:Fox:440
3168,hunt_fail,Sectid,532,135,0,138,3,target_died
3169,hunt_start,Sectid,31,190,4,220,6,target:Boar:546
3169,hunt_start,Sectid,603,125,5,129,9,target:Fox:440
3170,hunt_start,Sectid,31,190,5,220,6,target:Boar:546
3170,hunt_start,Sectid,603,125,4,129,9,target:Fox:440
3171,hunt_start,Sectid,31,190,7,220,6,target:Boar:546
3171,hunt_start,Sectid,603,125,3,129,9,target:Fox:440
3172,hunt_start,Sectid,31,190,7,220,6,target:Boar:546
3172,hunt_start,Sectid,603,125,1,129,9,target:Fox:440
3173,hunt_start,Sectid,603,125,0,129,9,target:Fox:440
3174,hunt_start,Sectid,31,190,6,220,6,target:Boar:546
3174,hunt_start,Sectid,603,124,9,129,9,target:Fox:440
3175,hunt_start,Sectid,31,190,8,220,6,target:Boar:546
3175,hunt_start,Sectid,603,124,8,129,9,target:Fox:440
3176,hunt_start,Sectid,31,190,8,220,6,target:Boar:546
3176,hunt_start,Sectid,603,124,7,129,9,target:Fox:440
3177,hunt_start,Sectid,603,124,6,129,9,target:Fox:440
3178,hunt_start,Sectid,31,190,8,220,5,target:Boar:546
3178,kill,Rabbit,574,53,9,24,3,killed_by:Hawk:464
3178,hunt_start,Sectid,603,124,5,129,9,target:Fox:440
3179,hunt_start,Sectid,31,190,8,220,6,target:Boar:546
3179,hunt_start,Hawk,464,53,9,24,5,target:Rabbit:927
3179,hunt_start,Sectid,603,124,4,129,8,target:Fox:440
3180,hunt_start,Sectid,31,190,9,220,7,target:Boar:546
3180,hunt_start,Sectid,603,124,3,129,8,target:Fox:440
3181,hunt_start,Sectid,31,190,9,220,7,target:Boar:546
3181,hunt_start,Sectid,603,124,2,129,8,target:Fox:440
3182,hunt_start,Sectid,603,124,1,129,8,target:Fox:440
3183,starvation,Arctic Fox,481,162,6,47,6,
3183,hunt_start,Sectid,31,190,7,220,6,target:Boar:546
3183,hunt_start,Sectid,603,124,0,129,8,target:Fox:440
3184,hunt_start,Sectid,31,190,9,220,6,target:Boar:546
3184,hunt_start,Sectid,603,123,9,129,8,target:Fox:440
3185,hunt_start,Sectid,31,191,0,220,6,target:Boar:546
3185,hunt_start,Sectid,603,123,8,129,8,target:Fox:440
3186,hunt_start,Sectid,31,191,0,220,8,target:Boar:546
3186,hunt_start,Sectid,603,123,7,129,8,target:Fox:440
3187,hunt_start,Sectid,31,191,0,220,8,target:Boar:546
3187,hunt_start,Sectid,603,123,6,129,8,target:Fox:440
3188,hunt_start,Sectid,31,191,0,220,8,target:Boar:546
3188,hunt_start,Sectid,603,123,5,129,8,target:Fox:440
3189,hunt_start,Sectid,31,191,0,220,8,target:Boar:546
3189,hunt_start,Sectid,603,123,4,129,8,target:Fox:440
3190,hunt_start,Sectid,603,123,3,129,8,target:Fox:440
3191,hunt_start,Sectid,31,190,8,220,7,target:Boar:546
3191,hunt_start,Sectid,603,123,2,129,8,target:Fox:440
3192,hunt_start,Sectid,31,190,9,220,8,target:Boar:546
3192,hunt_start,Sectid,603,123,1,129,8,target:Fox:440
3193,hunt_start,Sectid,31,191,1,220,9,target:Boar:774
3193,hunt_start,Sectid,603,123,0,129,8,target:Fox:440
3193,hunt_start,Scorpion,605,228,5,6,5,target:Fish:814
3194,hunt_start,Sectid,31,191,1,220,9,target:Boar:774
3194,hunt_start,Sectid,603,122,9,129,8,target:Fox:440
3194,reproduce,Jaguar,369,27,1,176,9,offspring:1
3195,hunt_start,Jaguar,369,27,1,177,0,target:Boar:754
3195,kill,Lizard,690,87,9,199,2,killed_by:Hawk:467
3195,hunt_start,Jaguar,574,26,1,178,4,target:Boar:754
3195,hunt_start,Sectid,603,122,8,129,8,target:Fox:440
3196,hunt_start,Sectid,31,191,2,220,7,target:Boar:774
3196,hunt_start,Hawk,467,87,8,199,2,target:Monkey:552
3196,hunt_start,Sectid,603,122,7,129,8,target:Fox:440
3196,hunt_start,Sectid,684,80,3,160,8,target:Wolf:435
3197,hunt_start,Sectid,31,191,1,220,9,target:Boar:774
3197,hunt_start,Sectid,603,122,6,129,7,target:Fox:440
3197,hunt_start,Sectid,684,80,5,160,8,target:Wolf:435
3197,hunt_fail,Sectid,958,122,9,125,7,discomfort
3198,hunt_start,Sectid,31,191,0,220,8,target:Boar:546
3198,hunt_start,Sectid,603,122,5,129,7,target:Fox:440
3198,hunt_start,Sectid,684,80,8,160,8,target:Wolf:435
3199,hunt_start,Sectid,31,191,0,220,9,target:Boar:774
3199,hunt_start,Sectid,603,122,4,129,7,target:Fox:440
3199,hunt_start,Sectid,684,81,0,161,1,target:Wolf:435
3200,hunt_start,Sectid,31,190,8,220,9,target:Boar:546
3200,hunt_start,Sectid,603,122,3,129,7,target:Fox:440
3200,hunt_start,Sectid,684,80,9,161,3,target:Wolf:435
3201,hunt_start,Sectid,31,190,8,221,1,target:Boar:546
3201,hunt_start,Sectid,603,122,2,129,7,target:Fox:440
3201,hunt_start,Sectid,684,80,6,161,3,target:Wolf:435
3201,hunt_fail,Sectid,931,122,7,127,5,discomfort
3202,hunt_start,Sectid,31,190,9,221,1,target:Boar:774
3202,hunt_start,Sectid,603,122,1,129,7,target:Fox:440
3202,hunt_start,Sectid,684,80,4,161,3,target:Wolf:435
3202,reproduce,Camel,255,71,9,169,9,offspring:1
3202,reproduce,Deer,493,191,4,274,1,offspring:1
3203,hunt_start,Sectid,31,190,8,221,1,target:Boar:546
3203,hunt_start,Sectid,603,122,0,129,7,target:Fox:440
3203,hunt_start,Sectid,684,80,5,161,1,target:Wolf:435
3204,environment_death,Monkey,323,181,4,210,2,drowning
3204,hunt_start,Sectid,31,190,8,221,1,target:Boar:546
3204,hunt_start,Sectid,603,121,9,129,7,target:Fox:440
3204,hunt_start,Sectid,684,80,4,161,2,target:Wolf:435
3205,hunt_start,Sectid,31,190,8,221,1,target:Boar:546
3205,hunt_start,Sectid,603,121,8,129,7,target:Fox:440
3205,hunt_start,Sectid,684,80,6,161,1,target:Wolf:435
3206,hunt_start,Sectid,31,190,8,221,1,target:Boar:546
3206,hunt_start,Sectid,603,121,7,129,7,target:Fox:440
3206,hunt_start,Sectid,606,248,3,173,7,target:Musk Ox:290
3206,hunt_start,Sectid,684,80,4,161,2,target:Wolf:435
3207,hunt_start,Sectid,31,190,8,221,1,target:Boar:546
3207,kill,Deer,494,18,4,274,8,killed_by:Wolf:433
3207,hunt_start,Sectid,603,121,6,129,7,target:Fox:440
3207,hunt_start,Sectid,684,80,3,161,4,target:Wolf:435
3207,reproduce,Penguin,142,148,3,40,8,offspring:1
3207,reproduce,Penguin,803,149,8,54,3,offspring:1
3208,hunt_start,Sectid,31,190,8,221,1,target:Boar:774
3208,hunt_fail,Wolf,432,18,6,276,1,target_died
3208,hunt_start,Wolf,432,18,6,276,1,target:Deer:648
3208,hunt_start,Sectid,603,121,5,129,7,target:Fox:440
3208,hunt_start,Sectid,684,80,4,161,3,target:Wolf:435
3209,kill,Rabbit,906,239,9,109,4,killed_by:Hawk:548
3209,hunt_start,Sectid,603,121,3,129,7,target:Fox:440
3209,hunt_start,Sectid,684,80,4,161,0,target:Wolf:435
3210,hunt_start,Sectid,31,190,9,221,2,target:Boar:774
3210,hunt_start,Hawk,548,240,0,109,3,target:Rabbit:907
3210,hunt_start,Sectid,603,121,2,129,7,target:Fox:440
3210,hunt_start,Sectid,684,80,2,160,9,target:Wolf:435
3211,hunt_start,Sectid,31,190,9,221,4,target:Boar:774
3211,hunt_start,Sectid,603,121,1,129,7,target:Fox:440
3211,hunt_start,Sectid,684,80,5,161,0,target:Wolf:435
3212,hunt_start,Sectid,31,190,8,221,5,target:Boar:774
3212,hunt_start,Sectid,603,121,0,129,7,target:Fox:440
3212,hunt_start,Sectid,684,80,5,161,3,target:Wolf:435
3213,hunt_start,Sectid,31,190,8,221,5,target:Boar:774
3213,hunt_start,Sectid,603,120,9,129,7,target:Fox:440
3213,hunt_start,Sectid,684,80,7,161,4,target:Wolf:435
3214,hunt_start,Sectid,31,190,7,221,7,target:Boar:774
3214,hunt_start,Sectid,603,120,8,129,7,target:Fox:440
3214,hunt_start,Sectid,684,80,6,161,6,target:Wolf:435
3214,reproduce,Parrot,470,53,1,93,8,offspring:1
3215,hunt_start,Sectid,603,120,7,129,6,target:Fox:440
3215,hunt_start,Sectid,684,80,4,161,7,target:Wolf:435
3216,hunt_start,Sectid,31,190,9,221,7,target:Boar:774
3216,hunt_start,Sectid,569,120,7,129,1,target:Fox:440
3216,hunt_start,Sectid,684,80,7,161,7,target:Wolf:435
3217,hunt_start,Sectid,31,190,7,221,8,target:Boar:774
3217,hunt_start,Sectid,569,120,7,129,1,target:Fox:440
3217,hunt_start,Sectid,684,80,9,161,5,target:Wolf:435
3217,reproduce,Elk,204,236,2,134,0,offspring:1
3218,hunt_start,Sectid,31,190,7,221,8,target:Boar:774
3218,hunt_start,Sectid,569,120,7,129,1,target:Fox:440
3218,hunt_start,Sectid,684,81,0,161,3,target:Wolf:435
3218,reproduce,Monkey,12,70,9,171,5,offspring:1
3219,hunt_start,Sectid,31,190,6,221,8,target:Boar:774
3219,hunt_start,Sectid,569,120,7,129,1,target:Fox:440
3219,hunt_start,Sectid,684,81,1,161,6,target:Wolf:435
3220,hunt_start,Sectid,569,120,7,129,1,target:Fox:440
3220,hunt_start,Sectid,684,81,1,161,3,target:Wolf:435
3221,hunt_start,Sectid,31,190,7,221,9,target:Boar:774
3221,hunt_start,Sectid,569,120,7,129,1,target:Fox:440
3221,hunt_start,Sectid,684,81,3,161,2,target:Wolf:435
3222,hunt_start,Sectid,31,190,5,221,9,target:Boar:774
3222,hunt_start,Snake,475,137,7,201,2,target:Lizard:522
3222,hunt_start,Sectid,569,120,7,129,1,target:Fox:440
3222,hunt_start,Sectid,684,81,3,160,9,target:Wolf:435
3223,hunt_start,Sectid,569,120,7,129,1,target:Fox:440
3223,hunt_start,Sectid,684,81,2,160,8,target:Wolf:435
3224,hunt_start,Sectid,31,190,7,222,0,target:Boar:774
3224,hunt_start,Sectid,569,120,7,129,1,target:Fox:440
3224,hunt_start,Sectid,684,81,3,160,9,target:Wolf:435
3225,hunt_start,Sectid,31,190,6,221,9,target:Boar:774
3225,hunt_start,Sectid,569,120,7,129,1,target:Fox:440
3225,hunt_start,Sectid,684,81,4,160,7,target:Wolf:435
3226,hunt_fail,Sectid,31,190,8,221,8,discomfort
3226,hunt_start,Sectid,569,120,7,129,1,target:Fox:440
3226,hunt_start,Sectid,684,81,6,160,7,target:Wolf:435
3227,hunt_start,Sectid,16,257,2,219,6,target:Frog:253
3227,hunt_start,Sectid,684,81,8,160,8,target:Wolf:435
3227,reproduce,Tapir,364,86,6,279,9,offspring:1
3228,hunt_start,Sectid,16,257,3,219,4,target:Frog:253
3228,hunt_start,Sectid,684,81,8,161,0,target:Wolf:435
3228,reproduce,Lizard,654,67,0,279,2,offspring:2
3229,hunt_start,Sectid,16,257,1,219,4,target:Frog:253
3229,hunt_start,Sectid,684,81,8,160,8,target:Wolf:435
3230,hunt_start,Sectid,16,257,3,219,2,target:Frog:253
3230,hunt_start,Sectid,684,81,8,160,6,target:Wolf:435
3231,hunt_start,Sectid,16,257,2,219,0,target:Frog:253
3231,hunt_start,Sectid,684,82,0,160,6,target:Wolf:435
3232,hunt_start,Sectid,16,257,2,218,7,target:Frog:253
3232,hunt_start,Sectid,684,81,9,160,6,target:Wolf:435
3232,kill,Wolf,435,81,5,160,9,killed_by:Sectid:684
3233,hunt_start,Sectid,16,257,4,218,6,target:Frog:253
3233,hunt_start,Arctic Fox,484,60,3,28,9,target:Penguin:271
3233,hunt_start,Sectid,684,81,8,160,6,target:Wolf:436
3234,hunt_start,Sectid,16,257,6,218,5,target:Frog:253
3234,hunt_start,Sectid,29,197,4,227,0,target:Boar:774
3234,hunt_start,Sectid,569,120,7,129,1,target:Fox:440
3234,hunt_start,Sectid,684,81,8,160,6,target:Wolf:436
3235,hunt_start,Sectid,16,257,9,218,5,target:Frog:253
3235,hunt_start,Sectid,29,197,5,226,9,target:Boar:774
3235,hunt_start,Sectid,569,120,7,129,1,target:Fox:440
3235,hunt_start,Sectid,684,81,7,160,5,target:Wolf:436
3236,hunt_start,Sectid,16,258,0,218,2,target:Frog:253
3236,hunt_start,Sectid,29,197,5,227,1,target:Boar:774
3236,hunt_start,Sectid,569,120,7,129,1,target:Fox:440
3236,hunt_start,Sectid,684,81,6,160,5,target:Wolf:436
3237,hunt_start,Sectid,16,258,0,218,0,target:Frog:253
3237,hunt_start,Sectid,29,197,6,226,9,target:Boar:774
3237,hunt_start,Sectid,569,120,7,129,1,target:Fox:440
3237,hunt_start,Sectid,684,81,5,160,4,target:Wolf:436
3238,hunt_start,Sectid,16,258,2,218,2,target:Frog:253
3238,hunt_start,Sectid,29,197,6,227,1,target:Boar:774
3238,hunt_start,Sectid,569,120,7,129,1,target:Fox:440
3238,hunt_start,Sectid,684,81,4,160,4,target:Wolf:436
3239,hunt_start,Sectid,16,258,0,218,1,target:Frog:750
3239,hunt_start,Sectid,29,197,6,227,2,target:Boar:774
3239,hunt_start,Sectid,569,120,7,129,1,target:Fox:440
3239,hunt_start,Sectid,684,81,3,160,4,target:Wolf:436
3240,hunt_start,Sectid,16,258,2,218,3,target:Frog:253
3240,hunt_start,Sectid,29,197,5,227,4,target:Boar:774
3240,kill,Sectid,684,81,2,160,3,killed_by:Wolf:436
3240,hunt_start,Sectid,569,120,7,129,1,target:Fox:440
3240,hunt_start,Sectid,684,81,2,160,3,target:Wolf:436
3241,hunt_start,Sectid,16,258,0,218,1,target:Frog:750
3241,hunt_start,Sectid,29,197,4,227,3,target:Boar:774
3241,hunt_start,Sectid,569,120,7,129,1,target:Fox:440
3242,hunt_start,Sectid,16,257,7,218,1,target:Frog:750
3242,hunt_start,Sectid,29,197,5,227,2,target:Boar:774
3242,hunt_start,Sectid,569,120,7,129,1,target:Fox:440
3243,hunt_start,Sectid,16,258,0,218,3,target:Frog:750
3243,hunt_start,Sectid,29,197,5,227,0,target:Boar:774
3243,hunt_start,Sectid,569,120,7,129,1,target:Fox:440
3244,hunt_start,Sectid,16,257,8,218,1,target:Frog:750
3244,hunt_start,Sectid,29,197,4,226,8,target:Boar:774
3244,hunt_fail,Snake,475,137,7,200,7,discomfort
3244,hunt_start,Sectid,603,120,7,129,6,target:Fox:440
3245,hunt_start,Sectid,16,257,7,217,9,target:Frog:750
3245,hunt_start,Sectid,29,197,5,227,0,target:Boar:774
3245,hunt_start,Sectid,603,120,7,129,6,target:Fox:440
3246,hunt_start,Sectid,16,257,9,218,1,target:Frog:750
3246,hunt_start,Sectid,29,197,3,227,1,target:Boar:774
3246,hunt_fail,Wolf,431,240,6,85,7,discomfort
3246,hunt_start,Sectid,603,120,7,129,6,target:Fox:440
3247,hunt_start,Sectid,16,257,9,217,8,target:Frog:750
3247,hunt_start,Sectid,29,197,5,227,1,target:Boar:774
3247,hunt_start,Sectid,603,120,7,129,6,target:Fox:440
3248,hunt_start,Sectid,16,257,9,217,8,target:Frog:750
3248,hunt_start,Sectid,29,197,6,227,2,target:Boar:774
3248,hunt_start,Sectid,603,120,7,129,6,target:Fox:440
3249,hunt_start,Sectid,16,257,9,217,8,target:Frog:750
3249,hunt_start,Sectid,29,197,4,227,2,target:Boar:774
3249,hunt_start,Sectid,603,120,7,129,6,target:Fox:440
3250,hunt_start,Sectid,16,257,9,217,8,target:Frog:750
3250,hunt_start,Sectid,29,197,2,227,2,target:Boar:774
3250,hunt_start,Sectid,603,120,7,129,6,target:Fox:440
3251,hunt_start,Sectid,16,257,9,217,8,target:Frog:253
3251,hunt_start,Sectid,29,197,4,227,4,target:Boar:774
3251,hunt_start,Sectid,603,120,7,129,6,target:Fox:440
3252,hunt_start,Sectid,16,257,9,217,8,target:Frog:253
3252,hunt_start,Sectid,29,197,3,227,2,target:Boar:774
3252,hunt_start,Sectid,603,120,7,129,6,target:Fox:440
3253,hunt_start,Sectid,16,257,9,217,8,target:Frog:253
3253,hunt_start,Sectid,29,197,2,227,1,target:Boar:774
3253,hunt_start,Sectid,603,120,7,129,6,target:Fox:440
3254,hunt_start,Sectid,16,257,9,217,8,target:Frog:253
3254,hunt_start,Sectid,29,197,3,227,2,target:Boar:774
3254,hunt_start,Sectid,603,120,7,129,6,target:Fox:440
3255,hunt_start,Sectid,16,257,9,217,8,target:Frog:253
3255,hunt_start,Sectid,29,197,1,227,2,target:Boar:774
3255,hunt_start,Sectid,603,120,7,129,6,target:Fox:440
3256,hunt_start,Sectid,16,257,9,217,8,target:Frog:253
3256,hunt_start,Sectid,29,197,2,227,3,target:Boar:774
3256,hunt_start,Sectid,603,120,7,129,6,target:Fox:440
3257,hunt_start,Sectid,16,257,9,217,8,target:Frog:253
3257,hunt_start,Sectid,29,197,1,227,5,target:Boar:774
3257,hunt_start,Jaguar,466,23,7,190,7,target:Lizard:570
3257,hunt_start,Sectid,603,120,7,129,6,target:Fox:440
3258,hunt_start,Sectid,16,257,9,217,8,target:Frog:253
3258,hunt_start,Sectid,29,197,3,227,5,target:Boar:774
3258,hunt_start,Sectid,603,120,7,129,6,target:Fox:440
3258,hunt_fail,Sectid,931,124,5,128,9,discomfort
3259,hunt_start,Sectid,16,257,9,217,8,target:Frog:253
3259,hunt_start,Sectid,29,197,4,227,4,target:Boar:774
3259,hunt_start,Sectid,603,120,7,129,6,target:Fox:440
3260,hunt_start,Sectid,16,257,9,217,8,target:Frog:253
3260,hunt_start,Sectid,29,197,3,227,3,target:Boar:774
3260,hunt_start,Sectid,603,120,7,129,6,target:Fox:440
3261,hunt_start,Sectid,16,257,9,217,8,target:Frog:253
3261,hunt_start,Sectid,29,197,4,227,2,target:Boar:774
3261,hunt_start,Sectid,603,120,7,129,6,target:Fox:440
3262,hunt_start,Sectid,16,257,9,217,8,target:Frog:253
3262,hunt_start,Sectid,29,197,5,227,2,target:Boar:774
3262,hunt_start,Sectid,603,120,7,129,6,target:Fox:440
3263,hunt_start,Sectid,16,257,9,217,8,target:Frog:253
3263,hunt_start,Sectid,29,197,4,227,3,target:Boar:774
3263,hunt_start,Sectid,603,120,7,129,6,target:Fox:440
3264,hunt_start,Sectid,16,257,9,217,8,target:Frog:253
3264,hunt_start,Sectid,29,197,5,227,2,target:Boar:774
3264,hunt_fail,Arctic Fox,484,57,0,30,4,discomfort
3264,hunt_fail,Sectid,569,124,8,128,1,discomfort
3264,hunt_start,Sectid,603,120,7,129,6,target:Fox:440
3265,hunt_start,Sectid,16,257,9,217,8,target:Frog:253
3265,hunt_start,Sectid,29,197,5,227,3,target:Boar:774
3265,hunt_start,Sectid,603,120,7,129,6,target:Fox:440
3266,hunt_start,Sectid,16,257,9,217,8,target:Frog:253
3266,hunt_start,Sectid,29,197,3,227,4,target:Boar:774
3266,hunt_start,Sectid,603,120,7,129,6,target:Fox:440
3267,hunt_start,Sectid,16,257,9,217,8,target:Frog:253
3267,hunt_start,Sectid,29,197,4,227,5,target:Boar:774
3267,hunt_start,Sectid,603,120,7,129,6,target:Fox:440
3268,hunt_start,Sectid,16,257,9,217,8,target:Frog:253
3268,hunt_start,Sectid,29,197,6,227,5,target:Boar:774
3268,hunt_start,Sectid,603,120,7,129,6,target:Fox:440
3269,starvation,Fish,834,204,3,208,3,
3269,starvation,Fish,835,201,2,238,6,
3269,starvation,Fish,849,183,2,253,4,
3269,starvation,Fish,850,189,9,263,9,
3269,hunt_start,Sectid,16,257,9,217,8,target:Frog:253
3269,hunt_start,Sectid,29,197,5,227,4,target:Boar:774
3269,hunt_start,Sectid,603,120,7,129,6,target:Fox:440
3269,reproduce,Monkey,765,89,1,191,2,offspring:1
3270,hunt_start,Sectid,16,257,7,217,7,target:Frog:253
3270,hunt_start,Sectid,29,197,3,227,3,target:Boar:774
3270,hunt_start,Sectid,603,120,7,129,6,target:Fox:440
3271,hunt_start,Sectid,16,257,7,217,7,target:Frog:253
3271,hunt_start,Sectid,29,197,1,227,2,target:Boar:774
3271,hunt_start,Sectid,603,120,7,129,6,target:Fox:440
3272,hunt_start,Sectid,16,257,7,217,7,target:Frog:253
3272,hunt_start,Sectid,29,197,3,227,3,target:Boar:774
3272,hunt_start,Sectid,603,120,7,129,6,target:Fox:440
3273,hunt_start,Sectid,16,257,7,217,7,target:Frog:253
3273,hunt_start,Sectid,29,197,5,227,3,target:Boar:774
3273,hunt_start,Wolf,431,239,9,85,9,target:Rabbit:497
3274,hunt_start,Sectid,16,257,7,217,7,target:Frog:253
3274,hunt_start,Sectid,29,197,5,227,5,target:Boar:774
3274,hunt_start,Sectid,435,113,2,132,4,target:Monkey:319
3275,hunt_start,Sectid,16,257,7,217,7,target:Frog:253
3275,hunt_start,Sectid,29,197,6,227,5,target:Boar:774
3276,hunt_start,Sectid,16,257,7,217,7,target:Frog:253
3276,hunt_start,Sectid,29,197,5,227,5,target:Boar:774
3277,hunt_start,Sectid,16,257,7,217,7,target:Frog:253
3277,hunt_start,Sectid,29,197,6,227,5,target:Boar:774
3278,hunt_start,Sectid,16,257,7,217,7,target:Frog:253
3278,hunt_start,Sectid,29,197,6,227,6,target:Boar:774
3279,hunt_start,Sectid,16,257,7,217,7,target:Frog:253
3279,hunt_start,Sectid,29,197,4,227,5,target:Boar:774
3280,hunt_start,Sectid,16,257,7,217,7,target:Crocodile:449
3280,hunt_start,Sectid,29,197,3,227,4,target:Boar:774
3281,hunt_start,Sectid,16,257,7,217,7,target:Crocodile:449
3281,hunt_start,Sectid,29,197,2,227,5,target:Boar:774
3282,hunt_start,Sectid,16,257,7,217,7,target:Crocodile:449
3282,hunt_start,Sectid,29,197,3,227,7,target:Boar:774
3282,hunt_start,Boar,676,195,7,234,3,target:Sectid:29
3283,hunt_start,Sectid,16,257,7,217,7,target:Crocodile:449
3283,hunt_start,Sectid,29,197,4,227,7,target:Boar:774
3283,hunt_fail,Sectid,958,121,3,125,4,discomfort
3284,hunt_start,Sectid,16,257,7,217,7,target:Crocodile:449
3284,hunt_start,Sectid,29,197,4,227,6,target:Boar:774
3285,hunt_start,Sectid,16,257,7,217,7,target:Crocodile:449
3285,hunt_start,Sectid,29,197,5,227,7,target:Boar:774
3286,starvation,Fox,444,125,8,45,9,
3286,hunt_start,Sectid,16,257,7,217,7,target:Crocodile:449
3286,hunt_start,Sectid,29,197,4,227,9,target:Boar:774
3287,hunt_start,Sectid,16,257,7,217,7,target:Crocodile:449
3287,hunt_start,Sectid,29,197,3,227,7,target:Boar:774
3287,reproduce,Deer,82,87,1,257,0,offspring:1
3287,reproduce,Penguin,592,143,1,47,9,offspring:1
3288,hunt_start,Sectid,16,257,7,217,7,target:Crocodile:449
3288,hunt_start,Sectid,23,36,7,107,7,target:Elk:783
3288,hunt_start,Sectid,29,197,4,227,9,target:Boar:774
3289,environment_death,Tapir,358,54,7,231,2,drowning
3289,hunt_start,Sectid,16,257,7,217,7,target:Crocodile:449
3289,hunt_start,Sectid,29,197,6,227,9,target:Boar:774
3290,hunt_start,Sectid,16,257,7,217,7,target:Crocodile:449
3290,hunt_start,Sectid,29,197,8,227,9,target:Boar:774
3291,hunt_start,Sectid,16,257,7,217,7,target:Crocodile:449
3291,hunt_start,Sectid,29,197,9,227,9,target:Boar:774
3292,hunt_start,Sectid,16,257,7,217,7,target:Crocodile:449
3292,hunt_start,Sectid,29,198,1,227,8,target:Boar:774
3293,hunt_start,Sectid,16,257,7,217,7,target:Crocodile:449
3293,hunt_start,Sectid,29,198,2,227,8,target:Boar:774
3294,hunt_start,Sectid,16,257,7,217,7,target:Crocodile:449
3294,hunt_start,Sectid,29,198,2,227,9,target:Boar:774
3295,hunt_start,Sectid,16,257,7,217,7,target:Crocodile:449
3295,hunt_start,Sectid,29,198,0,228,0,target:Boar:774
3296,hunt_start,Sectid,16,257,7,217,7,target:Crocodile:449
3296,hunt_start,Sectid,29,198,2,228,0,target:Boar:774
3297,hunt_start,Sectid,16,257,7,217,7,target:Crocodile:449
3297,hunt_start,Sectid,29,198,2,227,9,target:Boar:774
3297,kill,Boar,754,35,6,180,4,killed_by:Jaguar:369
3298,hunt_start,Sectid,16,257,7,217,7,target:Frog:750
3298,hunt_start,Sectid,29,198,2,227,7,target:Boar:774
3298,hunt_fail,Jaguar,574,29,1,178,9,target_died
3298,hunt_start,Jaguar,574,29,1,178,9,target:Boar:459
3299,hunt_start,Sectid,16,257,7,217,7,target:Frog:750
3299,hunt_fail,Sectid,23,36,0,110,0,discomfort
3299,hunt_start,Sectid,29,198,1,227,8,target:Boar:774
3300,hunt_start,Sectid,16,257,7,217,7,target:Frog:750
3300,hunt_start,Sectid,29,198,3,227,8,target:Boar:774
3301,hunt_start,Sectid,16,257,7,217,7,target:Frog:750
3301,hunt_start,Sectid,29,198,4,227,9,target:Boar:774
3302,hunt_start,Sectid,16,257,7,217,7,target:Frog:750
3302,hunt_start,Sectid,29,198,5,227,8,target:Boar:774
3303,hunt_start,Sectid,16,257,7,217,7,target:Frog:750
3303,hunt_start,Sectid,29,198,5,227,9,target:Boar:774
3304,hunt_start,Sectid,16,257,7,217,7,target:Crocodile:449
3304,hunt_start,Sectid,29,198,3,227,9,target:Boar:774
3305,starvation,Hawk,197,56,4,37,1,
3305,hunt_start,Sectid,16,257,7,217,7,target:Crocodile:449
3305,hunt_start,Sectid,29,198,5,228,0,target:Boar:774
3306,hunt_start,Sectid,16,257,7,217,7,target:Crocodile:449
3306,hunt_start,Sectid,29,198,5,228,1,target:Boar:774
3307,hunt_start,Sectid,16,257,7,217,7,target:Crocodile:449
3307,hunt_start,Sectid,29,198,3,228,0,target:Boar:774
3307,hunt_fail,Wolf,431,240,9,85,4,discomfort
3307,reproduce,Parrot,78,51,7,210,1,offspring:1
3307,reproduce,Parrot,699,68,9,283,8,offspring:1
3308,hunt_start,Sectid,16,257,7,217,7,target:Crocodile:449
3308,hunt_start,Sectid,29,198,4,228,2,target:Boar:774
3309,hunt_start,Sectid,16,257,7,217,7,target:Crocodile:449
3309,hunt_start,Sectid,29,198,5,228,1,target:Boar:676
3310,hunt_start,Sectid,16,257,7,217,7,target:Crocodile:449
3310,hunt_start,Sectid,29,198,6,227,9,target:Boar:676
3311,hunt_start,Sectid,16,257,7,217,7,target:Crocodile:449
3311,hunt_start,Sectid,29,198,6,227,8,target:Boar:676
3312,hunt_start,Sectid,16,257,7,217,7,target:Crocodile:449
3312,hunt_start,Sectid,29,198,6,227,9,target:Boar:676
3313,hunt_start,Sectid,16,257,7,217,7,target:Crocodile:449
3313,hunt_start,Sectid,29,198,7,228,0,target:Boar:676
3314,hunt_start,Sectid,16,257,7,217,7,target:Crocodile:449
3314,hunt_start,Sectid,29,198,5,228,1,target:Boar:676
3315,hunt_start,Sectid,16,257,7,217,7,target:Crocodile:449
3315,hunt_start,Sectid,29,198,5,227,9,target:Boar:676
3316,hunt_start,Sectid,29,198,3,227,9,target:Boar:774
3317,hunt_start,Sectid,16,257,9,217,8,target:Crocodile:449
3317,hunt_start,Sectid,29,198,5,227,9,target:Boar:676
3318,hunt_start,Sectid,29,198,5,227,7,target:Boar:676
3318,kill,Rabbit,927,33,8,10,7,killed_by:Hawk:464
3319,hunt_start,Sectid,16,258,0,217,9,target:Crocodile:449
3319,hunt_start,Sectid,29,198,5,227,5,target:Boar:676
3319,hunt_start,Hawk,464,34,0,10,8,target:Monkey:93
3319,reproduce,Penguin,195,268,1,85,3,offspring:1
3320,hunt_start,Sectid,16,257,9,217,6,target:Crocodile:449
3320,hunt_start,Sectid,29,198,4,227,4,target:Boar:676
3321,hunt_start,Sectid,16,257,9,217,6,target:Crocodile:449
3321,hunt_start,Sectid,29,198,5,227,2,target:Boar:774
3322,hunt_start,Sectid,29,198,4,227,3,target:Boar:774
3323,hunt_start,Sectid,29,198,2,227,3,target:Boar:774
3324,hunt_start,Sectid,16,258,0,217,9,target:Crocodile:449
3324,hunt_start,Sectid,29,198,1,227,5,target:Boar:774
3324,kill,Musk Ox,290,233,8,185,6,killed_by:Sectid:606
3324,reproduce,Musk Ox,289,220,9,179,6,offspring:1
3324,reproduce,Musk Ox,291,193,8,188,6,offspring:1
3324,reproduce,Musk Ox,292,222,6,183,9,offspring:1
3324,reproduce,Musk Ox,293,222,0,185,8,offspring:1
3324,reproduce,Musk Ox,294,221,4,178,9,offspring:1
3324,reproduce,Musk Ox,296,242,0,130,1,offspring:1
3324,reproduce,Musk Ox,298,239,6,131,1,offspring:1
3324,reproduce,Musk Ox,301,243,5,128,7,offspring:1
3324,reproduce,Elk,384,23,7,164,0,offspring:1
3325,hunt_start,Sectid,16,258,2,217,8,target:Crocodile:449
3325,hunt_start,Sectid,29,198,3,227,4,target:Boar:676
3325,hunt_fail,Sectid,834,256,1,170,6,prey_escaped
3325,hunt_fail,Sectid,910,266,9,184,0,prey_escaped
3326,hunt_start,Sectid,16,258,2,217,8,target:Crocodile:449
3326,hunt_start,Sectid,29,198,2,227,3,target:Boar:774
3327,hunt_start,Sectid,16,258,2,217,8,target:Crocodile:449
3327,hunt_start,Sectid,29,198,2,227,5,target:Boar:676
3328,hunt_start,Sectid,29,198,4,227,4,target:Boar:676
3329,hunt_start,Sectid,16,257,9,217,9,target:Crocodile:449
3329,hunt_start,Sectid,29,198,5,227,5,target:Boar:676
3330,hunt_start,Sectid,16,258,1,217,7,target:Crocodile:449
3330,hunt_start,Sectid,29,198,5,227,3,target:Boar:676
3331,hunt_start,Sectid,16,258,1,217,7,target:Crocodile:449
3331,hunt_start,Sectid,29,198,4,227,5,target:Boar:676
3332,hunt_start,Sectid,29,198,3,227,4,target:Boar:676
3333,hunt_start,Sectid,29,198,3,227,2,target:Boar:774
3333,hunt_start,Sectid,931,128,7,129,1,target:Fox:440
3334,hunt_start,Sectid,16,258,1,218,0,target:Crocodile:449
3334,hunt_start,Sectid,29,198,3,227,1,target:Boar:676
3335,hunt_start,Sectid,16,258,1,217,8,target:Crocodile:449
3335,hunt_start,Sectid,29,198,1,227,0,target:Boar:676
3336,hunt_start,Sectid,16,258,1,217,8,target:Crocodile:449
3336,hunt_start,Sectid,29,198,3,227,0,target:Boar:676
3337,hunt_start,Sectid,16,258,1,217,8,target:Crocodile:449
3337,hunt_start,Sectid,29,198,3,226,8,target:Boar:676
3338,hunt_start,Sectid,29,198,4,226,7,target:Boar:676
3339,hunt_start,Sectid,16,258,1,217,8,target:Crocodile:449
3339,hunt_start,Sectid,29,198,6,226,8,target:Boar:676
3340,hunt_start,Sectid,29,198,5,226,9,target:Boar:676
3341,hunt_start,Sectid,16,258,1,217,9,target:Crocodile:449
3341,hunt_start,Sectid,29,198,6,227,0,target:Boar:676
3342,hunt_start,Sectid,16,258,0,217,7,target:Crocodile:449
3342,hunt_start,Sectid,29,198,6,226,8,target:Boar:676
3343,hunt_start,Sectid,16,258,0,217,7,target:Crocodile:449
3343,hunt_start,Sectid,29,198,4,226,8,target:Boar:676
3343,hunt_start,Wolf,431,239,9,85,8,target:Rabbit:497
3344,hunt_start,Sectid,29,198,5,227,0,target:Boar:676
3345,hunt_start,Sectid,29,198,7,227,0,target:Boar:676
3345,hunt_start,Sectid,931,130,5,127,3,target:Fox:440
3346,hunt_start,Sectid,16,258,1,218,0,target:Crocodile:449
3346,hunt_start,Sectid,29,198,6,226,9,target:Boar:676
3346,hunt_start,Sectid,931,130,6,127,4,target:Fox:440
3347,hunt_start,Sectid,16,258,0,217,8,target:Crocodile:449
3347,hunt_start,Sectid,29,198,4,226,9,target:Boar:676
3347,hunt_start,Sectid,931,130,5,127,6,target:Fox:440
3348,hunt_start,Sectid,16,258,0,217,8,target:Crocodile:449
3348,hunt_start,Sectid,29,198,3,227,0,target:Boar:676
3348,hunt_start,Sectid,931,130,3,127,6,target:Fox:440
3349,hunt_start,Sectid,16,258,0,217,8,target:Crocodile:449
3349,hunt_start,Sectid,29,198,4,227,2,target:Boar:676
3349,hunt_start,Sectid,931,130,3,127,8,target:Fox:440
3350,hunt_start,Sectid,29,198,5,227,3,target:Boar:676
3350,hunt_start,Sectid,931,130,2,128,0,target:Fox:440
3351,hunt_start,Sectid,16,258,2,218,0,target:Crocodile:449
3351,hunt_start,Sectid,29,198,5,227,2,target:Boar:676
3351,hunt_start,Sectid,931,130,2,127,8,target:Fox:440
3352,hunt_start,Sectid,16,258,1,217,9,target:Crocodile:449
3352,hunt_start,Sectid,29,198,6,227,2,target:Boar:676
3352,hunt_start,Sectid,931,130,0,127,8,target:Fox:440
3353,hunt_start,Sectid,16,258,2,217,8,target:Crocodile:449
3353,hunt_start,Sectid,29,198,8,227,3,target:Boar:676
3353,hunt_start,Sectid,931,130,0,128,0,target:Fox:440
3353,hunt_fail,Sectid,958,126,8,124,8,discomfort
3354,hunt_start,Sectid,16,258,2,217,8,target:Crocodile:449
3354,hunt_start,Sectid,29,198,7,227,5,target:Boar:676
3354,hunt_start,Sectid,931,130,1,128,2,target:Fox:440
3355,hunt_start,Sectid,29,198,6,227,3,target:Boar:676
3355,hunt_start,Sectid,931,130,0,128,0,target:Fox:440
3356,hunt_start,Sectid,16,258,4,217,9,target:Crocodile:449
3356,hunt_start,Sectid,29,198,5,227,2,target:Boar:676
3356,hunt_start,Sectid,931,130,2,128,0,target:Fox:440
3357,hunt_start,Sectid,29,198,6,227,3,target:Boar:676
3357,hunt_start,Sectid,931,130,4,128,0,target:Fox:440
3358,hunt_start,Sectid,16,258,2,218,0,target:Crocodile:449
3358,hunt_start,Sectid,29,198,7,227,5,target:Boar:676
3358,hunt_start,Sectid,931,130,6,127,8,target:Fox:440
3359,hunt_start,Sectid,16,258,3,217,8,target:Crocodile:449
3359,hunt_start,Sectid,29,198,9,227,5,target:Boar:676
3359,hunt_start,Sectid,931,130,5,128,0,target:Fox:440
3360,hunt_start,Sectid,29,198,7,227,6,target:Boar:676
3360,hunt_start,Sectid,931,130,6,127,9,target:Fox:440
3361,hunt_start,Sectid,16,258,4,217,9,target:Crocodile:449
3361,hunt_start,Sectid,29,198,5,227,5,target:Boar:676
3361,hunt_start,Sectid,931,130,4,127,8,target:Fox:440
3362,hunt_start,Sectid,16,258,6,217,9,target:Crocodile:449
3362,hunt_start,Sectid,29,198,5,227,7,target:Boar:676
3362,hunt_start,Sectid,931,130,5,128,0,target:Fox:440
3363,hunt_start,Sectid,29,198,4,227,6,target:Boar:676
3363,hunt_start,Sectid,931,130,6,128,2,target:Fox:440
3364,hunt_start,Sectid,16,258,4,218,0,target:Crocodile:449
3364,hunt_start,Sectid,29,198,5,227,6,target:Boar:676
3364,hunt_start,Jaguar,875,36,4,212,7,target:Tapir:501
3364,hunt_start,Sectid,931,130,6,128,0,target:Fox:440
3365,hunt_start,Sectid,16,258,4,217,8,target:Crocodile:449
3365,hunt_start,Sectid,29,198,5,227,4,target:Boar:676
3365,hunt_start,Sectid,931,130,7,127,9,target:Fox:440
3366,hunt_start,Sectid,29,198,7,227,5,target:Boar:676
3366,hunt_start,Sectid,931,130,6,128,0,target:Fox:440
3367,hunt_start,Sectid,29,198,8,227,4,target:Boar:676
3367,hunt_start,Sectid,931,130,7,127,8,target:Fox:440
3368,hunt_start,Sectid,16,258,4,218,0,target:Crocodile:449
3368,hunt_start,Sectid,29,198,6,227,4,target:Boar:676
3368,kill,Monkey,552,113,9,203,9,killed_by:Hawk:467
3368,hunt_start,Sectid,931,130,9,127,9,target:Fox:440
3369,hunt_start,Sectid,16,258,4,217,8,target:Crocodile:449
3369,hunt_start,Sectid,29,198,7,227,3,target:Boar:676
3369,hunt_start,Hawk,467,113,8,203,8,target:Lizard:916
3369,hunt_start,Sectid,931,130,7,127,8,target:Fox:440
3370,hunt_start,Sectid,16,258,4,217,8,target:Crocodile:449
3370,hunt_start,Sectid,29,198,6,227,1,target:Boar:676
3370,kill,Rabbit,907,255,6,126,7,killed_by:Hawk:548
3370,hunt_start,Sectid,931,130,6,128,0,target:Fox:440
3371,hunt_start,Sectid,29,198,7,227,0,target:Boar:774
3371,hunt_start,Hawk,548,255,4,126,5,target:Rabbit:824
3371,hunt_start,Sectid,931,130,6,127,8,target:Fox:440
3372,hunt_start,Sectid,16,258,5,218,0,target:Crocodile:449
3372,hunt_start,Sectid,29,198,8,227,2,target:Boar:676
3372,hunt_start,Sectid,931,130,8,127,7,target:Fox:440
3372,reproduce,Elk,678,228,6,84,8,offspring:1
3373,hunt_start,Sectid,16,258,6,217,8,target:Crocodile:449
3373,hunt_start,Sectid,29,198,7,227,1,target:Boar:676
3373,hunt_start,Sectid,931,130,6,127,8,target:Fox:440
3374,hunt_start,Sectid,16,258,6,217,8,target:Crocodile:449
3374,hunt_start,Sectid,29,198,5,227,1,target:Boar:774
3374,hunt_start,Sectid,931,130,8,127,8,target:Fox:440
3375,hunt_start,Sectid,29,198,5,227,3,target:Boar:676
3375,hunt_start,Sectid,931,130,6,127,9,target:Fox:440
3376,hunt_start,Sectid,29,198,4,227,4,target:Boar:676
3376,hunt_start,Sectid,931,130,7,127,7,target:Fox:440
3377,hunt_start,Sectid,16,258,7,218,3,target:Crocodile:449
3377,hunt_start,Sectid,29,198,5,227,5,target:Boar:676
3377,hunt_start,Sectid,931,130,5,127,7,target:Fox:440
3378,hunt_start,Sectid,16,259,0,218,2,target:Crocodile:449
3378,hunt_start,Sectid,29,198,7,227,6,target:Boar:676
3378,hunt_fail,Wolf,431,241,3,85,0,discomfort
3378,hunt_start,Sectid,931,130,7,127,7,target:Fox:440
3378,hunt_fail,Sectid,974,123,3,127,5,discomfort
3379,hunt_start,Sectid,16,258,8,218,1,target:Crocodile:449
3379,hunt_start,Sectid,29,198,5,227,6,target:Boar:676
3379,hunt_start,Sectid,931,130,5,127,7,target:Fox:440
3380,hunt_start,Sectid,16,259,0,218,1,target:Crocodile:449
3380,hunt_start,Sectid,29,198,4,227,5,target:Boar:676
3380,hunt_start,Sectid,931,130,6,127,9,target:Fox:440
3381,hunt_start,Sectid,16,258,9,217,9,target:Crocodile:449
3381,hunt_start,Sectid,29,198,4,227,7,target:Boar:676
3381,hunt_start,Sectid,931,130,8,127,8,target:Fox:440
3382,hunt_start,Sectid,16,258,9,217,9,target:Crocodile:449
3382,hunt_start,Sectid,29,198,6,227,6,target:Boar:676
3382,hunt_start,Sectid,931,130,6,127,8,target:Fox:440
3383,hunt_start,Sectid,16,258,9,217,9,target:Crocodile:449
3383,hunt_start,Sectid,29,198,6,227,4,target:Boar:676
3383,hunt_start,Sectid,931,130,8,127,8,target:Fox:440
3384,hunt_start,Sectid,16,258,9,217,9,target:Crocodile:449
3384,hunt_start,Sectid,29,198,7,227,4,target:Boar:676
3384,hunt_start,Sectid,931,130,6,127,8,target:Fox:440
3385,hunt_start,Sectid,16,258,9,217,9,target:Crocodile:449
3385,hunt_start,Sectid,29,198,7,227,6,target:Boar:676
3385,hunt_start,Sectid,931,130,4,128,0,target:Fox:440
3386,starvation,Shroomer,601,82,0,16,4,
3386,hunt_start,Sectid,29,198,5,227,7,target:Boar:676
3386,kill,Boar,459,32,5,174,7,killed_by:Jaguar:574
3386,hunt_start,Sectid,931,130,3,128,1,target:Fox:440
3387,hunt_start,Sectid,16,259,0,218,1,target:Crocodile:449
3387,hunt_start,Sectid,29,198,4,227,6,target:Boar:676
3387,hunt_start,Jaguar,574,32,0,175,2,target:Boar:456
3387,kill,Tapir,501,39,7,211,7,killed_by:Jaguar:875
3387,hunt_start,Sectid,931,130,4,128,2,target:Fox:440
3387,reproduce,Penguin,272,53,0,41,7,offspring:1
3387,reproduce,Tapir,359,61,6,199,9,offspring:1
3387,reproduce,Tapir,360,40,3,217,1,offspring:1
3387,reproduce,Tapir,362,27,6,234,4,offspring:1
3387,reproduce,Tapir,664,43,4,194,7,offspring:1
3387,reproduce,Tapir,666,60,6,205,0,offspring:1
3388,hunt_start,Sectid,23,36,4,108,5,target:Elk:783
3388,hunt_start,Sectid,29,198,4,227,4,target:Boar:676
3388,hunt_start,Bear,894,168,6,256,4,target:Fish:852
3388,hunt_start,Sectid,931,130,6,128,4,target:Fox:440
3389,hunt_start,Sectid,16,259,0,218,1,target:Crocodile:449
3389,hunt_start,Sectid,29,198,2,227,3,target:Boar:676
3389,hunt_start,Sectid,931,130,4,128,2,target:Fox:440
3390,hunt_start,Sectid,16,259,3,218,1,target:Crocodile:449
3390,hunt_start,Sectid,29,198,2,227,5,target:Boar:676
3390,hunt_start,Sectid,931,130,3,128,4,target:Fox:440
3391,hunt_start,Sectid,7,71,8,156,3,target:Rabbit:247
3391,hunt_start,Sectid,29,198,3,227,5,target:Boar:676
3391,hunt_start,Sectid,931,130,3,128,2,target:Fox:440
3392,hunt_start,Sectid,16,259,1,218,1,target:Crocodile:449
3392,hunt_start,Sectid,29,198,4,227,7,target:Boar:774
3392,hunt_start,Sectid,931,130,1,128,3,target:Fox:440
3393,hunt_start,Sectid,16,259,2,217,9,target:Crocodile:449
3393,hunt_start,Sectid,29,198,6,227,8,target:Boar:774
3393,hunt_start,Jaguar,486,116,0,280,4,target:Rabbit:318
3393,hunt_start,Sectid,931,130,1,128,3,target:Fox:440
3394,hunt_fail,Sectid,23,36,1,109,7,discomfort
3394,hunt_start,Sectid,29,198,7,227,8,target:Boar:774
3394,kill,Shroomer,427,132,9,152,8,killed_by:Sectid:88
3394,hunt_start,Jaguar,370,19,9,186,1,target:Boar:902
3394,hunt_fail,Wolf,431,241,2,85,1,discomfort
3394,hunt_start,Sectid,931,130,1,128,3,target:Fox:440
3395,environment_death,Camel,264,67,6,165,0,drowning
3395,hunt_start,Sectid,29,198,8,227,6,target:Boar:774
3395,hunt_fail,Sectid,73,127,8,144,2,target_died
3395,hunt_start,Sectid,73,127,8,144,2,target:Deer:267
3395,hunt_fail,Sectid,532,129,5,146,3,target_died
3395,hunt_start,Sectid,569,130,1,129,0,target:Fox:440
3396,hunt_start,Sectid,16,259,1,218,2,target:Crocodile:449
3396,hunt_start,Sectid,29,198,7,227,4,target:Boar:676
3396,hunt_start,Sectid,931,130,1,128,3,target:Fox:440
3397,hunt_start,Sectid,16,259,0,218,0,target:Crocodile:449
3397,hunt_start,Sectid,29,198,6,227,4,target:Boar:676
3397,hunt_start,Sectid,931,130,1,128,3,target:Fox:440
3398,hunt_start,Sectid,16,259,0,218,0,target:Crocodile:449
3398,hunt_start,Sectid,29,198,6,227,5,target:Boar:774
3398,hunt_start,Sectid,931,130,1,128,3,target:Fox:440
3399,starvation,Arctic Fox,551,97,6,33,9,
3399,hunt_start,Sectid,29,198,7,227,7,target:Boar:774
3399,hunt_start,Fox,440,135,4,125,1,target:Sectid:569
3399,hunt_start,Sectid,931,130,1,128,3,target:Fox:440
3400,hunt_start,Sectid,16,259,2,218,2,target:Crocodile:449
3400,hunt_start,Sectid,29,198,6,227,7,target:Boar:774
3400,hunt_start,Sectid,931,130,1,128,3,target:Fox:440
3401,hunt_start,Sectid,16,259,3,218,1,target:Crocodile:449
3401,hunt_start,Sectid,29,198,5,227,9,target:Boar:774
3401,hunt_start,Sectid,931,130,1,128,3,target:Fox:440
3402,hunt_start,Sectid,29,198,6,228,0,target:Boar:774
3402,hunt_start,Sectid,931,130,2,128,6,target:Fox:440
3403,hunt_start,Sectid,16,259,2,218,1,target:Crocodile:449
3403,hunt_start,Sectid,29,198,5,227,9,target:Boar:774
3403,hunt_start,Sectid,931,130,3,128,4,target:Fox:440
3404,hunt_start,Sectid,29,198,5,227,7,target:Boar:774
3404,hunt_start,Sectid,931,130,5,128,5,target:Fox:440
3405,hunt_start,Sectid,16,259,0,218,1,target:Crocodile:449
3405,hunt_start,Sectid,29,198,6,227,9,target:Boar:774
3405,hunt_start,Sectid,931,130,6,128,4,target:Fox:440
3406,hunt_start,Sectid,16,258,9,217,9,target:Crocodile:449
3406,hunt_start,Sectid,29,198,7,228,0,target:Boar:774
3406,hunt_start,Sectid,931,130,8,128,5,target:Fox:440
3407,hunt_start,Sectid,29,198,9,227,9,target:Boar:774
3407,hunt_start,Sectid,931,131,0,128,5,target:Fox:440
3408,hunt_start,Sectid,16,259,0,218,2,target:Crocodile:449
3408,hunt_start,Sectid,29,199,0,228,0,target:Boar:676
3408,hunt_start,Sectid,569,132,3,127,5,target:Fox:440
3409,hunt_start,Sectid,16,259,1,218,0,target:Crocodile:449
3409,hunt_start,Sectid,29,199,2,228,1,target:Boar:676
3409,hunt_start,Sectid,569,132,2,127,7,target:Fox:440
3410,hunt_start,Sectid,29,199,2,228,2,target:Boar:676
3410,hunt_start,Sectid,569,132,1,127,5,target:Fox:440
3411,hunt_start,Sectid,29,199,1,228,3,target:Boar:676
3411,hunt_start,Sectid,569,131,9,127,5,target:Fox:440
3412,hunt_start,Sectid,16,258,9,218,2,target:Crocodile:449
3412,hunt_start,Sectid,29,198,9,228,4,target:Boar:676
3412,hunt_start,Sectid,569,132,0,127,7,target:Fox:440
3413,hunt_start,Sectid,16,258,8,218,1,target:Crocodile:449
3413,hunt_start,Sectid,29,198,9,228,5,target:Boar:676
3413,hunt_start,Sectid,569,132,1,127,9,target:Fox:440
3414,hunt_start,Sectid,16,258,7,217,9,target:Crocodile:449
3414,hunt_start,Sectid,29,198,7,228,6,target:Boar:676
3414,hunt_start,Sectid,569,132,0,127,7,target:Fox:440
3414,reproduce,Deer,583,224,8,135,5,offspring:1
3415,hunt_start,Sectid,16,258,7,217,9,target:Crocodile:449
3415,hunt_start,Sectid,29,198,8,228,5,target:Boar:676
3415,hunt_start,Sectid,569,132,2,127,8,target:Fox:440
3416,hunt_start,Sectid,16,258,7,217,9,target:Crocodile:449
3416,hunt_start,Sectid,29,198,9,228,3,target:Boar:676
3416,hunt_start,Sectid,569,132,0,128,0,target:Fox:440
3417,hunt_start,Sectid,29,199,1,228,2,target:Boar:676
3417,hunt_start,Sectid,569,132,1,127,8,target:Fox:440
3418,hunt_start,Sectid,29,199,2,228,4,target:Boar:676
3418,hunt_start,Sectid,569,132,3,127,9,target:Fox:440
3419,hunt_start,Sectid,16,258,7,218,1,target:Crocodile:449
3419,hunt_start,Sectid,29,199,1,228,2,target:Boar:676
3419,hunt_start,Sectid,569,132,2,127,7,target:Fox:440
3420,hunt_start,Sectid,16,258,5,218,0,target:Crocodile:449
3420,hunt_start,Sectid,29,199,2,228,1,target:Boar:676
3420,hunt_start,Sectid,569,132,0,127,8,target:Fox:440
3421,hunt_start,Sectid,16,258,5,217,8,target:Crocodile:449
3421,hunt_start,Sectid,29,199,3,228,1,target:Boar:676
3421,hunt_start,Sectid,569,131,8,127,9,target:Fox:440
3422,hunt_start,Sectid,16,258,5,217,8,target:Crocodile:449
3422,hunt_start,Sectid,29,199,2,227,9,target:Boar:676
3422,hunt_start,Sectid,569,131,7,128,1,target:Fox:440
3423,hunt_start,Sectid,16,258,5,217,8,target:Crocodile:449
3423,hunt_start,Sectid,29,199,4,228,0,target:Boar:676
3423,hunt_start,Sectid,569,131,9,128,0,target:Fox:440
3424,hunt_start,Sectid,29,199,5,227,9,target:Boar:676
3424,hunt_start,Sectid,569,131,8,128,2,target:Fox:440
3425,hunt_start,Sectid,29,199,3,227,8,target:Boar:676
3425,hunt_start,Sectid,569,131,9,128,4,target:Fox:440
3426,hunt_start,Sectid,16,258,3,218,0,target:Crocodile:449
3426,hunt_start,Sectid,29,199,1,227,8,target:Boar:676
3426,hunt_start,Sectid,569,131,7,128,3,target:Fox:440
3427,hunt_start,Sectid,16,258,1,217,9,target:Crocodile:449
3427,hunt_start,Sectid,29,199,3,227,8,target:Boar:676
3427,hunt_start,Sectid,569,131,6,128,1,target:Fox:440
3428,hunt_start,Sectid,16,258,2,217,7,target:Crocodile:449
3428,hunt_start,Sectid,29,199,1,227,7,target:Boar:676
3428,hunt_start,Sectid,569,131,8,127,9,target:Fox:440
3429,hunt_start,Sectid,16,258,2,217,7,target:Crocodile:449
3429,hunt_start,Sectid,29,199,1,227,9,target:Boar:676
3429,hunt_start,Sectid,569,132,0,127,9,target:Fox:440
3430,hunt_start,Sectid,16,258,2,217,7,target:Crocodile:449
3430,hunt_start,Sectid,29,199,0,227,8,target:Boar:676
3430,hunt_start,Sectid,569,131,9,128,1,target:Fox:440
3431,hunt_start,Sectid,29,199,1,227,7,target:Boar:676
3431,hunt_start,Sectid,569,132,0,128,0,target:Fox:440
3431,reproduce,Monkey,171,96,0,162,9,offspring:1
3432,hunt_start,Sectid,29,199,0,227,8,target:Boar:676
3432,hunt_start,Sectid,569,132,3,127,8,target:Fox:440
3433,hunt_start,Sectid,16,258,3,218,1,target:Crocodile:449
3433,hunt_start,Sectid,29,199,1,228,0,target:Boar:676
3433,hunt_start,Sectid,569,132,5,127,7,target:Fox:440
3434,hunt_start,Sectid,16,258,2,217,9,target:Crocodile:449
3434,hunt_start,Sectid,29,199,1,228,1,target:Boar:676
3434,hunt_start,Sectid,569,132,3,127,6,target:Fox:440
3435,hunt_start,Sectid,16,258,1,217,7,target:Crocodile:449
3435,hunt_start,Sectid,29,199,0,228,0,target:Boar:676
3435,hunt_start,Sectid,569,132,2,127,4,target:Fox:440
3436,hunt_start,Sectid,16,258,1,217,7,target:Crocodile:449
3436,hunt_start,Sectid,29,199,0,228,2,target:Boar:676
3436,hunt_start,Sectid,569,132,2,127,2,target:Fox:440
3437,hunt_start,Sectid,16,258,1,217,7,target:Crocodile:449
3437,hunt_start,Sectid,29,199,1,228,0,target:Boar:676
3437,hunt_start,Sectid,569,132,3,127,0,target:Fox:440
3438,hunt_start,Sectid,29,199,0,227,8,target:Boar:676
3438,hunt_start,Sectid,569,132,5,126,9,target:Fox:440
3439,hunt_start,Sectid,16,258,2,217,8,target:Crocodile:449
3439,hunt_start,Sectid,29,199,2,227,8,target:Boar:676
3439,hunt_start,Sectid,569,132,7,126,8,target:Fox:440
3439,reproduce,Tapir,764,102,9,279,7,offspring:1
3440,hunt_start,Sectid,29,199,0,227,9,target:Boar:676
3440,hunt_start,Sectid,569,132,8,126,6,target:Fox:440
3441,hunt_start,Sectid,16,258,3,217,9,target:Crocodile:449
3441,hunt_start,Sectid,29,198,9,228,0,target:Boar:676
3441,hunt_start,Sectid,569,132,8,126,8,target:Fox:440
3442,hunt_start,Sectid,29,198,8,227,8,target:Boar:676
3442,hunt_start,Sectid,569,133,1,126,9,target:Fox:440
3443,hunt_start,Sectid,16,258,3,217,9,target:Crocodile:449
3443,hunt_start,Sectid,29,198,6,227,9,target:Boar:676
3443,hunt_start,Sectid,569,133,3,126,8,target:Fox:440
3444,hunt_start,Sectid,29,198,8,227,8,target:Boar:676
3444,hunt_start,Sectid,569,133,1,126,7,target:Fox:440
3445,hunt_start,Sectid,16,258,3,217,9,target:Crocodile:449
3445,hunt_start,Sectid,29,198,9,227,8,target:Boar:676
3445,hunt_start,Sectid,569,133,0,126,5,target:Fox:440
3446,hunt_start,Sectid,16,258,2,217,8,target:Crocodile:449
3446,hunt_start,Sectid,29,199,1,227,9,target:Boar:676
3446,hunt_start,Sectid,569,133,2,126,5,target:Fox:440
3447,hunt_start,Sectid,16,258,2,217,8,target:Crocodile:449
3447,hunt_start,Sectid,29,199,3,227,9,target:Boar:676
3447,hunt_start,Sectid,569,133,4,126,4,target:Fox:440
3448,hunt_start,Sectid,29,199,4,228,0,target:Boar:676
3448,hunt_start,Sectid,569,133,5,126,2,target:Fox:440
3449,hunt_start,Sectid,29,199,3,228,2,target:Boar:676
3449,hunt_start,Sectid,569,133,4,126,3,target:Fox:440
3450,hunt_start,Sectid,16,258,0,218,1,target:Crocodile:449
3450,hunt_start,Sectid,29,199,1,228,2,target:Boar:676
3450,hunt_start,Sectid,569,133,2,126,1,target:Fox:440
3451,hunt_start,Sectid,16,258,2,218,0,target:Crocodile:449
3451,hunt_start,Sectid,29,199,0,228,1,target:Boar:676
3451,hunt_start,Sectid,569,133,4,125,9,target:Fox:440
3452,hunt_start,Sectid,16,258,4,217,9,target:Crocodile:449
3452,hunt_start,Sectid,23,36,3,108,5,target:Elk:780
3452,hunt_start,Sectid,29,198,8,228,2,target:Boar:676
3452,hunt_start,Arctic Fox,484,59,9,29,6,target:Penguin:271
3452,hunt_start,Sectid,569,133,2,126,0,target:Fox:440
3453,hunt_start,Sectid,16,258,2,217,8,target:Crocodile:449
3453,hunt_start,Sectid,29,199,0,228,1,target:Boar:676
3453,kill,Sectid,569,133,0,126,1,killed_by:Fox:440
3453,hunt_start,Sectid,569,133,0,126,1,target:Fox:440
3454,hunt_start,Sectid,16,258,2,217,8,target:Crocodile:449
3454,hunt_start,Sectid,29,199,1,228,2,target:Boar:676
3454,hunt_start,Fox,440,133,3,126,1,target:Sectid:931
3454,hunt_start,Sectid,931,130,2,127,6,target:Fox:440
3455,hunt_start,Sectid,16,258,2,217,8,target:Crocodile:449
3455,hunt_start,Sectid,29,199,1,228,4,target:Boar:676
3455,hunt_start,Sectid,931,130,0,127,8,target:Fox:440
3456,hunt_start,Sectid,16,258,2,217,8,target:Crocodile:449
3456,hunt_start,Sectid,29,199,0,228,6,target:Boar:676
3456,hunt_start,Sectid,931,130,0,127,6,target:Fox:440
3457,hunt_start,Sectid,16,258,2,217,8,target:Crocodile:449
3457,hunt_start,Sectid,29,198,9,228,6,target:Boar:676
3457,hunt_start,Sectid,931,129,8,127,4,target:Fox:440
3458,hunt_fail,Sectid,23,35,8,109,7,discomfort
3458,hunt_start,Sectid,29,198,7,228,5,target:Boar:676
3458,hunt_start,Sectid,931,129,6,127,6,target:Fox:440
3459,hunt_start,Sectid,16,258,1,217,9,target:Crocodile:449
3459,hunt_start,Sectid,29,198,8,228,4,target:Boar:676
3459,hunt_start,Wolf,436,84,2,158,2,target:Shroomer:579
3459,hunt_start,Sectid,931,129,6,127,4,target:Fox:440
3460,hunt_start,Sectid,16,258,3,217,7,target:Crocodile:449
3460,hunt_start,Sectid,29,198,9,228,5,target:Boar:676
3460,hunt_start,Sectid,931,129,4,127,5,target:Fox:440
3460,reproduce,Monkey,317,132,2,169,1,offspring:1
3460,reproduce,Monkey,536,131,5,168,5,offspring:1
3460,reproduce,Monkey,748,131,8,168,8,offspring:1
3460,reproduce,Monkey,786,135,1,175,8,offspring:1
3460,reproduce,Monkey,806,133,8,170,7,offspring:1
3461,hunt_start,Sectid,29,199,0,228,4,target:Boar:676
3461,kill,Boar,456,35,2,169,2,killed_by:Jaguar:574
3461,hunt_start,Sectid,931,129,2,127,5,target:Fox:440
3462,hunt_start,Sectid,16,258,4,217,8,target:Crocodile:449
3462,hunt_start,Sectid,29,199,1,228,4,target:Boar:676
3462,hunt_start,Sectid,931,129,0,127,3,target:Fox:440
3463,hunt_start,Sectid,29,199,1,228,5,target:Boar:676
3463,hunt_start,Sectid,931,129,1,127,5,target:Fox:440
3464,hunt_start,Sectid,16,258,2,217,9,target:Crocodile:449
3464,hunt_start,Sectid,29,199,0,228,4,target:Boar:676
3464,hunt_start,Sectid,931,129,3,127,5,target:Fox:440
3465,hunt_start,Sectid,29,199,0,228,2,target:Boar:676
3465,hunt_start,Sectid,931,129,3,127,8,target:Fox:440
3466,hunt_start,Sectid,16,258,0,218,0,target:Crocodile:449
3466,hunt_start,Sectid,29,198,9,228,2,target:Boar:676
3466,hunt_start,Sectid,931,129,1,127,9,target:Fox:440
3467,hunt_start,Sectid,16,257,9,217,8,target:Crocodile:449
3467,hunt_start,Sectid,29,199,0,228,2,target:Boar:676
3467,kill,Monkey,93,59,1,8,3,killed_by:Hawk:464
3467,hunt_start,Sectid,931,129,0,127,7,target:Fox:440
3468,hunt_start,Sectid,16,257,7,217,7,target:Crocodile:449
3468,hunt_start,Sectid,29,199,2,228,2,target:Boar:676
3468,hunt_start,Hawk,464,59,0,8,5,target:Rabbit:125
3468,hunt_start,Sectid,931,129,1,127,6,target:Fox:440
3469,hunt_start,Sectid,16,257,7,217,7,target:Crocodile:449
3469,hunt_start,Sectid,29,199,2,228,3,target:Boar:676
3469,hunt_start,Sectid,931,129,4,127,5,target:Fox:440
3470,hunt_start,Sectid,29,199,1,228,2,target:Boar:676
3470,hunt_start,Sectid,931,129,2,127,7,target:Fox:440
3471,hunt_start,Sectid,29,199,0,228,1,target:Boar:676
3471,hunt_fail,Arctic Fox,484,58,0,30,1,discomfort
3471,hunt_start,Sectid,931,129,4,127,8,target:Fox:440
3472,hunt_start,Sectid,16,257,8,217,9,target:Crocodile:449
3472,hunt_start,Sectid,29,198,9,227,9,target:Boar:676
3472,hunt_start,Sectid,931,129,2,127,7,target:Fox:440
3473,hunt_start,Sectid,16,257,9,217,8,target:Crocodile:449
3473,hunt_start,Sectid,29,198,8,228,0,target:Boar:676
3473,hunt_start,Sectid,931,129,0,127,8,target:Fox:440
3474,hunt_start,Sectid,16,257,9,217,8,target:Crocodile:449
3474,hunt_start,Sectid,29,198,6,228,1,target:Boar:676
3474,hunt_start,Bear,463,164,5,260,8,target:Lizard:890
3474,hunt_start,Sectid,931,129,2,127,9,target:Fox:440
3475,hunt_start,Sectid,16,257,9,217,8,target:Crocodile:449
3475,hunt_start,Sectid,29,198,5,228,2,target:Boar:676
3475,hunt_start,Sectid,931,129,3,128,1,target:Fox:440
3476,hunt_start,Sectid,29,198,5,228,4,target:Boar:676
3476,hunt_fail,Wolf,431,241,8,84,3,discomfort
3476,hunt_start,Sectid,931,129,5,128,2,target:Fox:440
3477,hunt_start,Sectid,16,258,0,217,8,target:Crocodile:449
3477,hunt_start,Sectid,29,198,6,228,5,target:Boar:676
3477,hunt_start,Sectid,931,129,3,128,3,target:Fox:440
3478,hunt_start,Sectid,29,198,7,228,7,target:Boar:676
3478,hunt_start,Sectid,931,129,5,128,1,target:Fox:440
3479,hunt_start,Sectid,16,258,2,217,9,target:Crocodile:449
3479,hunt_start,Sectid,29,198,7,228,6,target:Boar:676
3479,hunt_start,Sectid,931,129,5,128,4,target:Fox:440
3480,hunt_start,Sectid,16,258,4,217,9,target:Crocodile:449
3480,hunt_start,Sectid,29,198,8,228,6,target:Boar:676
3480,hunt_start,Sectid,931,129,4,128,6,target:Fox:440
3481,kill,Rabbit,247,78,3,138,2,killed_by:Sectid:7
3481,hunt_start,Sectid,16,258,4,217,9,target:Crocodile:449
3481,hunt_start,Sectid,29,198,7,228,5,target:Boar:676
3481,hunt_start,Sectid,931,129,4,128,8,target:Fox:440
3481,reproduce,Rabbit,84,80,0,126,5,offspring:2
3481,reproduce,Rabbit,496,106,2,141,0,offspring:2
3481,reproduce,Rabbit,610,100,7,154,5,offspring:2
3482,hunt_start,Sectid,7,78,1,138,6,target:Rabbit:87
3482,hunt_start,Sectid,29,198,8,228,6,target:Boar:676
3482,hunt_start,Sectid,931,129,1,128,8,target:Fox:440
3483,hunt_start,Sectid,16,258,2,218,0,target:Crocodile:449
3483,hunt_start,Sectid,29,198,7,228,5,target:Boar:676
3483,hunt_start,Sectid,931,129,3,128,7,target:Fox:440
3484,hunt_start,Sectid,16,258,4,217,9,target:Crocodile:449
3484,hunt_start,Sectid,29,198,5,228,4,target:Boar:676
3484,kill,Boar,676,198,9,228,2,killed_by:Sectid:29
3484,hunt_start,Sectid,931,129,5,128,7,target:Fox:440
3485,hunt_start,Sectid,16,258,4,217,9,target:Crocodile:449
3487,hunt_start,Sectid,16,258,5,218,0,target:Crocodile:449
3488,hunt_start,Sectid,16,258,6,217,8,target:Crocodile:449
3489,hunt_fail,Wolf,430,242,7,82,5,discomfort
3490,hunt_start,Sectid,16,258,5,217,9,target:Crocodile:449
3491,hunt_start,Sectid,931,129,1,128,6,target:Fox:440
3491,reproduce,Turtle,184,184,1,127,3,offspring:1
3492,hunt_start,Sectid,16,258,4,217,9,target:Crocodile:449
3492,hunt_start,Sectid,931,129,0,128,9,target:Fox:440
3493,hunt_start,Sectid,931,128,8,128,7,target:Fox:440
3494,hunt_start,Sectid,16,258,2,218,0,target:Crocodile:449
3494,hunt_fail,Sectid,752,253,4,170,8,prey_escaped
3494,hunt_start,Sectid,931,129,0,128,9,target:Fox:440
3495,hunt_start,Sectid,16,258,3,217,8,target:Crocodile:449
3495,hunt_start,Sectid,931,128,8,129,0,target:Fox:440
3496,hunt_start,Sectid,931,129,0,129,1,target:Fox:440
3497,hunt_start,Sectid,16,258,3,217,8,target:Crocodile:449
3500,hunt_start,Sectid,16,258,2,218,1,target:Crocodile:449
3501,hunt_start,Sectid,16,258,1,217,8,target:Crocodile:449
3501,reproduce,Monkey,268,239,6,229,5,offspring:1
3502,hunt_start,Sectid,16,258,1,217,8,target:Crocodile:449
3503,hunt_start,Sectid,16,258,1,217,8,target:Crocodile:449
3503,hunt_fail,Sectid,958,125,3,124,3,discomfort
3504,hunt_start,Sectid,931,128,2,128,4,target:Fox:440
3505,hunt_start,Sectid,16,258,2,217,9,target:Crocodile:449
3505,hunt_start,Sectid,931,128,0,128,3,target:Fox:440
3505,kill,Fox,440,128,4,128,8,killed_by:Sectid:931
3506,hunt_start,Sectid,16,258,4,217,8,target:Crocodile:449
3506,hunt_start,Sectid,931,127,9,128,3,target:Deer:913
3507,hunt_start,Sectid,931,127,8,128,4,target:Deer:913
3508,hunt_start,Sectid,16,258,3,217,8,target:Crocodile:449
3508,hunt_start,Sectid,931,127,7,128,4,target:Deer:913
3509,hunt_start,Arctic Fox,484,58,4,29,5,target:Penguin:271
3509,hunt_start,Sectid,931,127,5,128,4,target:Deer:913
3510,hunt_start,Sectid,16,258,3,217,9,target:Crocodile:449
3510,hunt_start,Sectid,931,127,4,128,4,target:Deer:913
3511,hunt_fail,Sectid,435,93,6,185,3,discomfort
3511,hunt_start,Sectid,931,127,3,128,4,target:Deer:913
3511,reproduce,Deer,76,117,1,288,0,offspring:1
3512,hunt_start,Sectid,16,258,2,217,9,target:Crocodile:449
3512,hunt_start,Sectid,931,127,2,128,4,target:Deer:913
3513,hunt_start,Sectid,16,258,5,217,9,target:Crocodile:449
3513,hunt_start,Sectid,931,127,1,128,4,target:Deer:913
3514,hunt_start,Sectid,931,127,0,128,4,target:Deer:913
3515,hunt_start,Sectid,16,258,3,217,9,target:Crocodile:449
3517,hunt_start,Sectid,16,258,1,218,0,target:Crocodile:449
3517,reproduce,Tapir,575,121,3,20,8,offspring:1
3518,hunt_start,Sectid,16,258,1,217,8,target:Crocodile:449
3518,hunt_fail,Arctic Fox,484,57,4,29,7,discomfort
3519,hunt_start,Sectid,16,258,1,217,8,target:Crocodile:449
3521,hunt_start,Sectid,16,257,9,217,9,target:Crocodile:449
3521,hunt_fail,Sectid,958,123,8,125,1,discomfort
3522,hunt_start,Sectid,16,258,0,217,7,target:Crocodile:449
3522,hunt_start,Sectid,931,126,2,128,5,target:Deer:913
3523,hunt_start,Sectid,931,126,1,128,5,target:Deer:913
3524,hunt_start,Sectid,16,258,1,217,7,target:Crocodile:449
3524,hunt_start,Sectid,931,126,0,128,5,target:Deer:913
3525,hunt_start,Sectid,931,125,9,128,5,target:Deer:913
3526,hunt_start,Sectid,16,258,2,217,8,target:Crocodile:449
3526,hunt_start,Sectid,931,125,8,128,5,target:Deer:913
3528,hunt_start,Sectid,16,258,2,217,9,target:Crocodile:449
3529,hunt_start,Sectid,23,36,5,107,8,target:Parrot:761
3530,hunt_start,Sectid,16,258,3,217,9,target:Crocodile:449
3532,hunt_start,Sectid,16,258,5,218,1,target:Crocodile:449
3533,hunt_start,Sectid,16,258,5,217,9,target:Crocodile:449
3533,hunt_fail,Sectid,23,35,7,108,3,discomfort
3534,hunt_start,Sectid,16,258,5,217,9,target:Crocodile:449
3536,hunt_start,Sectid,16,258,4,217,9,target:Crocodile:449
3536,hunt_fail,Sectid,603,93,3,185,7,discomfort
3537,hunt_fail,Sectid,543,251,6,173,0,discomfort
3538,hunt_start,Sectid,16,258,5,217,9,target:Crocodile:449
3538,hunt_start,Sectid,988,119,7,130,2,target:Deer:90
3538,reproduce,Parrot,681,99,6,157,2,offspring:1
3540,hunt_start,Sectid,16,258,5,218,0,target:Crocodile:449
3541,hunt_start,Sectid,16,258,4,217,9,target:Crocodile:449
3543,hunt_start,Sectid,16,258,5,217,9,target:Crocodile:449
3543,kill,Lizard,916,131,9,230,4,killed_by:Hawk:467
3544,hunt_start,Hawk,467,131,8,230,3,target:Lizard:203
3545,hunt_start,Sectid,16,258,5,217,9,target:Crocodile:449
3545,hunt_fail,Wolf,434,6,3,272,4,discomfort
3546,hunt_start,Sectid,16,258,3,217,8,target:Crocodile:449
3548,hunt_start,Sectid,16,258,4,217,8,target:Crocodile:449
3551,hunt_start,Sectid,16,258,4,218,1,target:Crocodile:449
3552,hunt_start,Sectid,16,258,4,217,9,target:Crocodile:449
3553,hunt_start,Sectid,16,258,4,217,9,target:Crocodile:449
3554,hunt_start,Sectid,16,258,3,217,7,target:Frog:452
3555,hunt_start,Sectid,16,258,3,217,7,target:Frog:452
3556,hunt_start,Sectid,16,258,3,217,7,target:Crocodile:449
3559,hunt_start,Sectid,16,258,2,218,0,target:Crocodile:449
3560,hunt_start,Sectid,16,258,4,217,8,target:Crocodile:449
3561,hunt_start,Sectid,16,258,4,217,8,target:Crocodile:449
3563,hunt_start,Sectid,16,258,1,218,0,target:Crocodile:449
3564,hunt_start,Sectid,16,258,3,217,9,target:Crocodile:449
3565,hunt_start,Sectid,16,258,3,217,9,target:Crocodile:449
3565,hunt_fail,Wolf,433,6,8,273,3,discomfort
3567,hunt_start,Sectid,16,258,5,218,0,target:Crocodile:449
3568,hunt_start,Sectid,16,258,4,217,8,target:Crocodile:449
3570,hunt_start,Sectid,16,258,5,217,8,target:Crocodile:449
3573,hunt_start,Sectid,16,258,4,218,1,target:Crocodile:449
3573,hunt_fail,Fox,442,123,9,247,9,discomfort
3573,kill,Rabbit,824,258,2,96,9,killed_by:Hawk:548
3573,reproduce,Hawk,548,258,1,97,3,offspring:1
3574,hunt_start,Sectid,16,258,6,218,0,target:Crocodile:449
3574,hunt_start,Hawk,548,258,1,97,1,target:Rabbit:905
3574,hunt_start,Hawk,824,259,9,96,3,target:Rabbit:905
3575,hunt_start,Sectid,16,258,6,217,8,target:Crocodile:449
3576,hunt_start,Sectid,16,258,6,217,8,target:Crocodile:449
3576,hunt_fail,Wolf,432,6,5,272,2,discomfort
3577,starvation,Fox,447,256,9,223,9,
3577,hunt_start,Sectid,16,258,6,217,8,target:Crocodile:449
3578,hunt_start,Sectid,16,258,6,217,8,target:Crocodile:449
3582,hunt_start,Sectid,23,36,5,107,8,target:Elk:780
3584,hunt_start,Arctic Fox,484,58,4,29,0,target:Penguin:271
3588,reproduce,Camel,627,69,5,94,6,offspring:1
3589,hunt_fail,Sectid,23,35,7,109,2,discomfort
3591,hunt_start,Sectid,16,257,9,220,4,target:Crocodile:449
3592,hunt_start,Sectid,16,257,9,220,4,target:Crocodile:449
3592,kill,Rabbit,125,76,1,-0,0,killed_by:Hawk:464
3593,hunt_start,Sectid,16,257,9,220,4,target:Crocodile:449
3593,hunt_start,Hawk,464,75,9,0,0,target:Rabbit:720
3594,hunt_start,Sectid,16,257,9,220,4,target:Crocodile:449
3594,hunt_start,Wolf,434,8,7,271,0,target:Frog:505
3595,hunt_start,Sectid,16,257,9,220,4,target:Crocodile:449
3596,hunt_start,Sectid,16,257,9,220,4,target:Crocodile:449
3596,hunt_start,Wolf,431,238,8,86,7,target:Rabbit:908
3598,hunt_start,Sectid,16,257,7,220,5,target:Crocodile:449
3599,hunt_start,Sectid,16,257,7,220,5,target:Crocodile:449
3599,hunt_fail,Wolf,430,240,7,85,4,discomfort
3600,starvation,Fish,836,188,3,261,2,
3600,hunt_start,Sectid,16,257,7,220,5,target:Crocodile:449
3601,hunt_start,Sectid,16,257,7,220,5,target:Crocodile:449
3602,hunt_start,Sectid,16,257,7,220,5,target:Crocodile:449
3603,hunt_start,Sectid,16,257,7,220,5,target:Crocodile:449
3604,hunt_start,Sectid,16,257,7,220,5,target:Crocodile:449
3605,starvation,Monkey,537,70,8,32,7,
3605,hunt_start,Sectid,16,257,7,220,5,target:Crocodile:449
3606,hunt_start,Sectid,16,257,7,220,5,target:Crocodile:449
3607,hunt_start,Sectid,16,257,7,220,5,target:Crocodile:449
3608,hunt_start,Sectid,16,257,7,220,5,target:Crocodile:449
3609,hunt_start,Sectid,16,257,7,220,5,target:Crocodile:449
3610,hunt_start,Sectid,16,257,7,220,5,target:Crocodile:449
3610,hunt_start,Sectid,22,42,5,102,5,target:Parrot:352
3610,reproduce,Monkey,319,89,9,193,3,offspring:1
3611,hunt_start,Sectid,16,257,7,220,5,target:Crocodile:449
3612,hunt_start,Sectid,16,257,7,220,5,target:Crocodile:449
3612,reproduce,Boar,762,89,0,157,2,offspring:2
3613,hunt_start,Sectid,16,257,7,220,5,target:Crocodile:449
3613,hunt_start,Boar,537,90,1,156,1,target:Sectid:437
3613,hunt_start,Boar,762,89,0,157,1,target:Sectid:437
3613,hunt_start,Boar,836,90,1,156,1,target:Sectid:437
3614,hunt_start,Sectid,16,257,7,220,5,target:Crocodile:449
3616,hunt_start,Sectid,16,257,8,220,7,target:Crocodile:449
3617,hunt_start,Sectid,16,257,6,220,7,target:Crocodile:449
3618,hunt_start,Sectid,16,257,6,220,4,target:Crocodile:449
3619,hunt_start,Sectid,16,257,6,220,4,target:Crocodile:449
3620,hunt_start,Sectid,16,257,6,220,4,target:Crocodile:449
3621,hunt_start,Sectid,16,257,6,220,4,target:Crocodile:449
3622,hunt_start,Sectid,16,257,6,220,4,target:Crocodile:449
3623,hunt_start,Sectid,16,257,6,220,4,target:Crocodile:449
3624,hunt_start,Sectid,16,257,6,220,4,target:Crocodile:449
3625,hunt_start,Sectid,16,257,6,220,4,target:Crocodile:449
3626,hunt_start,Sectid,16,257,6,220,4,target:Crocodile:449
3627,hunt_start,Sectid,16,257,6,220,4,target:Crocodile:449
3628,hunt_start,Sectid,16,257,6,220,4,target:Crocodile:449
3629,hunt_start,Sectid,16,257,6,220,4,target:Crocodile:449
3630,hunt_start,Sectid,16,257,6,220,4,target:Crocodile:449
3630,hunt_fail,Sectid,22,46,8,101,5,discomfort
3631,hunt_start,Sectid,16,257,6,220,4,target:Crocodile:449
3632,hunt_start,Sectid,16,257,6,220,4,target:Crocodile:449
3632,kill,Deer,90,111,0,147,7,killed_by:Sectid:988
3633,hunt_start,Sectid,16,257,6,220,4,target:Crocodile:449
3633,hunt_fail,Sectid,931,117,9,134,3,target_died
3633,hunt_start,Sectid,931,117,9,134,3,target:Rabbit:247
3633,hunt_fail,Sectid,974,117,9,134,6,target_died
3633,hunt_fail,Sectid,978,117,6,134,5,target_died
3634,hunt_start,Sectid,16,257,6,220,4,target:Crocodile:449
3635,hunt_start,Sectid,16,257,6,220,4,target:Crocodile:449
3636,hunt_start,Sectid,16,257,6,220,4,target:Crocodile:449
3637,hunt_start,Sectid,16,257,6,220,4,target:Crocodile:449
3638,hunt_start,Sectid,16,257,6,220,4,target:Crocodile:449
3639,hunt_start,Sectid,16,257,6,220,4,target:Crocodile:449
3639,kill,Rabbit,87,74,9,143,2,killed_by:Sectid:916
3639,reproduce,Penguin,6,42,9,38,2,offspring:1
3640,hunt_fail,Sectid,7,72,0,147,2,target_died
3640,hunt_start,Sectid,7,72,0,147,2,target:Tapir:950
3640,hunt_start,Sectid,16,257,6,220,4,target:Crocodile:449
3640,kill,Shroomer,579,89,6,147,5,killed_by:Wolf:436
3641,hunt_start,Sectid,16,257,6,220,4,target:Crocodile:449
3642,hunt_start,Sectid,16,257,6,220,4,target:Crocodile:449
3642,hunt_fail,Sectid,23,39,1,106,6,discomfort
3642,hunt_fail,Sectid,25,47,8,100,9,discomfort
3643,hunt_start,Sectid,16,257,6,220,4,target:Crocodile:449
3643,hunt_fail,Sectid,73,122,3,156,7,discomfort
3644,hunt_start,Sectid,16,257,6,220,4,target:Crocodile:449
3645,hunt_start,Sectid,16,257,6,220,4,target:Crocodile:449
3646,hunt_start,Sectid,16,257,6,220,4,target:Crocodile:449
3647,hunt_start,Sectid,16,257,6,220,4,target:Crocodile:449
3648,hunt_start,Sectid,16,257,6,220,4,target:Crocodile:449
3649,hunt_start,Sectid,16,257,6,220,4,target:Crocodile:449
3649,hunt_fail,Wolf,430,238,9,87,2,discomfort
3649,reproduce,Tapir,159,253,7,107,6,offspring:1
3650,hunt_start,Sectid,16,257,6,220,4,target:Crocodile:449
3651,hunt_start,Sectid,16,257,6,220,4,target:Crocodile:449
3652,hunt_start,Sectid,16,257,6,220,4,target:Crocodile:449
3653,hunt_start,Sectid,16,257,6,220,4,target:Crocodile:449
3654,hunt_start,Sectid,16,257,6,220,4,target:Crocodile:449
3655,hunt_start,Sectid,16,257,6,220,4,target:Crocodile:449
3655,reproduce,Deer,779,224,0,134,3,offspring:1
3656,hunt_start,Sectid,16,257,6,220,4,target:Crocodile:449
3657,hunt_start,Sectid,16,257,6,220,4,target:Crocodile:449
3658,hunt_start,Sectid,16,257,6,220,4,target:Crocodile:449
3659,hunt_start,Sectid,16,257,6,220,4,target:Crocodile:449
3660,hunt_start,Sectid,16,257,6,220,4,target:Crocodile:449
3661,hunt_start,Sectid,16,257,6,220,4,target:Crocodile:449
3662,hunt_start,Sectid,16,257,6,220,4,target:Crocodile:449
3663,hunt_start,Sectid,16,257,6,220,4,target:Crocodile:449
3664,hunt_start,Sectid,16,257,6,220,4,target:Crocodile:449
3665,hunt_start,Sectid,16,257,6,220,4,target:Crocodile:449
3666,hunt_start,Sectid,16,257,6,220,4,target:Crocodile:449
3667,hunt_start,Sectid,16,257,6,220,4,target:Crocodile:449
3667,kill,Deer,267,121,8,158,5,killed_by:Sectid:532
3668,hunt_start,Sectid,16,257,6,220,4,target:Crocodile:449
3668,hunt_fail,Sectid,88,120,3,143,5,target_died
3669,hunt_start,Jaguar,369,36,5,193,2,target:Tapir:664
3670,hunt_start,Sectid,16,257,5,220,4,target:Crocodile:449
3671,hunt_start,Sectid,16,257,5,220,4,target:Crocodile:449
3671,hunt_start,Sectid,30,191,9,223,1,target:Boar:546
3672,hunt_start,Sectid,16,257,5,220,4,target:Crocodile:449
3672,hunt_start,Sectid,30,191,8,223,3,target:Boar:546
3672,reproduce,Parrot,864,31,6,270,7,offspring:1
3673,hunt_start,Sectid,16,257,5,220,4,target:Crocodile:449
3673,hunt_start,Sectid,30,191,7,223,2,target:Boar:546
3673,kill,Sectid,437,91,2,153,5,killed_by:Boar:762
3674,hunt_start,Sectid,16,257,5,220,4,target:Crocodile:449
3674,hunt_start,Sectid,30,191,8,223,1,target:Boar:546
3674,hunt_fail,Boar,537,91,5,153,6,target_died
3674,hunt_start,Boar,537,91,5,153,6,target:Sectid:620
3674,hunt_start,Boar,762,90,9,154,1,target:Sectid:620
3674,hunt_fail,Boar,836,91,3,153,1,target_died
3674,hunt_start,Boar,836,91,3,153,1,target:Sectid:620
3674,reproduce,Monkey,316,133,1,23,4,offspring:1
3675,hunt_start,Sectid,16,257,5,220,4,target:Crocodile:449
3675,hunt_start,Sectid,30,191,7,223,0,target:Boar:546
3676,hunt_start,Sectid,16,257,5,220,4,target:Crocodile:449
3676,hunt_start,Sectid,30,191,8,222,9,target:Boar:546
3677,hunt_start,Sectid,16,257,5,220,4,target:Crocodile:449
3677,hunt_start,Sectid,30,191,7,222,9,target:Boar:546
3678,hunt_start,Sectid,16,257,5,220,4,target:Crocodile:449
3678,hunt_start,Sectid,30,191,5,222,9,target:Boar:546
3678,hunt_start,Sectid,73,123,4,155,5,target:Deer:234
3678,kill,Tapir,664,37,9,195,6,killed_by:Jaguar:369
3679,hunt_start,Sectid,16,257,5,220,4,target:Crocodile:449
3679,hunt_start,Sectid,30,191,5,223,1,target:Boar:546
3680,hunt_start,Sectid,16,257,5,220,4,target:Crocodile:449
3680,hunt_start,Sectid,30,191,5,223,2,target:Boar:546
3681,hunt_start,Sectid,16,257,5,220,4,target:Crocodile:449
3681,hunt_start,Sectid,30,191,4,223,4,target:Boar:546
3682,hunt_start,Sectid,16,257,5,220,4,target:Crocodile:449
3682,hunt_start,Sectid,30,191,5,223,2,target:Boar:546
3683,hunt_start,Sectid,16,257,5,220,4,target:Crocodile:449
3683,hunt_start,Sectid,30,191,6,223,4,target:Boar:546
3684,hunt_start,Sectid,16,257,5,220,4,target:Crocodile:449
3684,hunt_start,Sectid,30,191,5,223,5,target:Boar:546
3685,hunt_start,Sectid,16,257,5,220,4,target:Crocodile:449
3685,hunt_start,Sectid,30,191,3,223,5,target:Boar:546
3686,hunt_start,Sectid,16,257,5,220,4,target:Crocodile:449
3686,hunt_start,Sectid,30,191,3,223,3,target:Boar:546
3687,hunt_start,Sectid,30,191,2,223,2,target:Boar:546
3687,kill,Rabbit,720,88,1,0,0,killed_by:Hawk:464
3688,hunt_start,Sectid,16,257,7,220,7,target:Crocodile:449
3688,hunt_start,Sectid,25,49,9,100,6,target:Tapir:710
3688,hunt_start,Sectid,30,191,0,223,2,target:Boar:546
3688,hunt_start,Hawk,464,87,9,0,0,target:Rabbit:122
3689,hunt_start,Sectid,16,257,9,220,8,target:Crocodile:449
3689,hunt_fail,Sectid,25,50,2,100,5,discomfort
3689,hunt_start,Sectid,30,191,0,223,3,target:Boar:546
3690,hunt_start,Sectid,16,257,9,220,5,target:Crocodile:449
3690,hunt_start,Sectid,30,191,2,223,3,target:Boar:546
3690,hunt_fail,Wolf,431,238,3,88,2,discomfort
3691,hunt_start,Sectid,16,257,9,220,5,target:Crocodile:449
3691,hunt_start,Sectid,30,191,3,223,2,target:Boar:546
3692,hunt_start,Sectid,16,257,9,220,5,target:Crocodile:449
3692,hunt_start,Sectid,30,191,1,223,2,target:Boar:546
3693,hunt_start,Sectid,16,257,9,220,5,target:Crocodile:449
3693,hunt_start,Sectid,30,190,9,223,2,target:Boar:546
3694,hunt_start,Sectid,16,257,9,220,5,target:Crocodile:449
3694,hunt_start,Sectid,30,191,1,223,2,target:Boar:546
3695,hunt_start,Sectid,16,257,9,220,5,target:Crocodile:449
3695,hunt_start,Sectid,30,191,3,223,2,target:Boar:546
3696,hunt_start,Sectid,16,257,9,220,5,target:Crocodile:449
3696,hunt_start,Sectid,30,191,1,223,2,target:Boar:546
3697,hunt_start,Sectid,16,257,9,220,5,target:Crocodile:449
3697,hunt_start,Sectid,30,191,1,223,3,target:Boar:546
3698,hunt_start,Sectid,16,257,9,220,5,target:Crocodile:449
3698,hunt_start,Sectid,30,191,1,223,2,target:Boar:546
3699,hunt_start,Sectid,16,257,9,220,5,target:Crocodile:449
3699,hunt_start,Sectid,30,191,0,223,3,target:Boar:546
3700,hunt_start,Sectid,16,257,9,220,5,target:Crocodile:449
3700,hunt_start,Sectid,30,191,1,223,1,target:Boar:546
3701,hunt_start,Sectid,16,257,9,220,5,target:Crocodile:449
3701,hunt_start,Sectid,30,191,3,223,1,target:Boar:546
3702,hunt_start,Sectid,16,257,9,220,5,target:Crocodile:449
3702,hunt_start,Sectid,30,191,1,223,0,target:Boar:546
3703,hunt_start,Sectid,16,257,9,220,5,target:Crocodile:449
3703,hunt_start,Sectid,30,191,0,223,0,target:Boar:546
3704,hunt_start,Sectid,16,257,9,220,5,target:Crocodile:449
3704,hunt_start,Sectid,30,191,0,222,9,target:Boar:546
3705,hunt_start,Sectid,16,257,9,220,5,target:Crocodile:449
3705,hunt_start,Sectid,30,191,0,222,7,target:Boar:546
3706,hunt_start,Sectid,16,257,9,220,5,target:Crocodile:449
3706,hunt_start,Sectid,30,191,2,222,7,target:Boar:546
3707,starvation,Fox,445,81,1,16,5,
3707,hunt_start,Sectid,16,257,9,220,5,target:Crocodile:449
3707,hunt_start,Sectid,30,191,3,222,7,target:Boar:546
3708,hunt_start,Sectid,16,257,9,220,5,target:Crocodile:449
3708,hunt_start,Sectid,30,191,2,222,6,target:Boar:546
3708,hunt_fail,Scorpion,605,224,1,4,6,prey_escaped
3709,hunt_start,Sectid,16,257,9,220,5,target:Crocodile:449
3709,hunt_start,Sectid,30,191,1,222,7,target:Boar:546
3710,hunt_start,Sectid,16,257,9,220,5,target:Crocodile:449
3710,hunt_start,Sectid,30,190,9,222,7,target:Boar:546
3711,hunt_start,Sectid,16,257,9,220,5,target:Crocodile:449
3711,hunt_start,Sectid,30,191,1,222,6,target:Boar:546
3711,hunt_fail,Wolf,431,237,5,88,2,discomfort
3711,kill,Lizard,203,155,8,246,3,killed_by:Hawk:467
3712,hunt_start,Sectid,16,257,9,220,5,target:Crocodile:449
3712,hunt_start,Sectid,30,191,2,222,5,target:Boar:546
3713,hunt_start,Sectid,16,257,9,220,5,target:Crocodile:449
3713,hunt_start,Sectid,30,191,4,222,5,target:Boar:546
3714,hunt_start,Sectid,16,257,9,220,5,target:Crocodile:449
3714,hunt_start,Sectid,30,191,2,222,5,target:Boar:546
3714,reproduce,Monkey,266,128,7,30,1,offspring:1
3715,hunt_start,Sectid,16,257,9,220,5,target:Crocodile:449
3715,hunt_start,Sectid,30,191,4,222,6,target:Boar:546
3716,hunt_start,Sectid,16,257,9,220,5,target:Crocodile:449
3716,hunt_start,Sectid,30,191,5,222,8,target:Boar:546
3717,hunt_start,Sectid,16,257,9,220,5,target:Crocodile:449
3717,hunt_start,Sectid,30,191,7,222,9,target:Boar:546
3717,reproduce,Boar,756,7,6,192,5,offspring:2
3718,hunt_start,Sectid,16,257,9,220,5,target:Crocodile:449
3718,hunt_start,Sectid,30,191,5,222,8,target:Boar:546
3719,starvation,Elk,515,218,5,150,5,
3719,hunt_start,Sectid,16,257,9,220,5,target:Crocodile:449
3719,hunt_start,Sectid,30,191,6,222,9,target:Boar:546
3720,hunt_start,Sectid,16,257,9,220,5,target:Crocodile:449
3720,hunt_start,Sectid,30,191,5,222,9,target:Boar:546
3721,hunt_start,Sectid,16,257,9,220,5,target:Crocodile:449
3721,hunt_start,Sectid,30,191,6,222,7,target:Boar:546
3722,hunt_start,Sectid,16,257,9,220,5,target:Crocodile:449
3722,hunt_start,Sectid,30,191,7,222,8,target:Boar:546
3723,hunt_start,Sectid,16,257,9,220,5,target:Crocodile:449
3723,hunt_start,Sectid,30,191,8,222,7,target:Boar:546
3723,hunt_start,Fox,442,128,9,248,7,target:Lizard:712
3724,hunt_start,Sectid,16,257,9,220,5,target:Crocodile:449
3724,hunt_start,Sectid,30,192,0,222,8,target:Boar:546
3725,hunt_start,Sectid,16,257,9,220,5,target:Crocodile:449
3725,hunt_start,Sectid,30,191,8,222,9,target:Boar:546
3725,reproduce,Penguin,121,42,3,30,1,offspring:1
3726,hunt_start,Sectid,16,257,9,220,5,target:Crocodile:449
3726,hunt_start,Sectid,30,191,7,222,9,target:Boar:546
3727,hunt_start,Sectid,16,257,9,220,5,target:Crocodile:449
3727,hunt_start,Sectid,30,191,6,222,8,target:Boar:546
3727,kill,Sectid,620,89,1,151,3,killed_by:Boar:537
3728,hunt_start,Sectid,16,257,9,220,5,target:Crocodile:449
3728,hunt_start,Sectid,30,191,7,222,8,target:Boar:546
3728,hunt_start,Boar,537,89,6,151,2,target:Shroomer:614
3728,hunt_fail,Boar,762,89,1,151,7,target_died
3728,hunt_start,Boar,762,89,1,151,7,target:Shroomer:614
3728,hunt_fail,Boar,836,88,7,151,0,target_died
3728,hunt_start,Boar,836,88,7,151,0,target:Shroomer:614
3729,hunt_start,Sectid,16,257,9,220,5,target:Crocodile:449
3729,hunt_start,Sectid,30,191,9,222,8,target:Boar:546
3729,hunt_fail,Wolf,430,238,3,88,2,discomfort
3729,kill,Rabbit,247,97,8,138,5,killed_by:Sectid:978
3730,hunt_start,Sectid,16,257,9,220,5,target:Crocodile:449
3730,hunt_start,Sectid,30,192,1,222,7,target:Boar:546
3730,hunt_fail,Sectid,73,122,0,150,0,target_died
3730,hunt_start,Sectid,73,122,0,150,0,target:Deer:112
3730,hunt_fail,Sectid,931,97,8,138,5,target_died
3730,hunt_start,Sectid,931,97,8,138,5,target:Rabbit:983
3730,hunt_fail,Sectid,958,105,9,135,4,target_died
3730,hunt_fail,Sectid,974,98,2,138,4,target_died
3730,hunt_fail,Sectid,988,114,4,137,1,target_died
3730,hunt_start,Sectid,992,194,2,222,1,target:Boar:546
3731,hunt_start,Sectid,16,257,9,220,5,target:Crocodile:449
3731,hunt_start,Sectid,30,191,9,222,6,target:Boar:546
3732,hunt_start,Sectid,16,257,9,220,5,target:Crocodile:449
3732,hunt_start,Sectid,30,192,0,222,5,target:Boar:546
3733,hunt_start,Sectid,16,257,9,220,5,target:Crocodile:449
3733,hunt_start,Sectid,30,192,1,222,4,target:Boar:546
3734,hunt_start,Sectid,16,257,9,220,5,target:Crocodile:449
3734,hunt_start,Sectid,30,192,1,222,3,target:Boar:546
3735,hunt_start,Sectid,16,257,9,220,5,target:Crocodile:449
3735,hunt_start,Sectid,30,192,2,222,1,target:Boar:546
3736,hunt_start,Sectid,16,257,9,220,5,target:Crocodile:449
3736,hunt_start,Sectid,30,192,3,222,0,target:Boar:546
3737,hunt_start,Sectid,16,257,9,220,5,target:Crocodile:449
3737,hunt_start,Sectid,30,192,3,222,2,target:Boar:546
3738,hunt_start,Sectid,16,257,9,220,5,target:Crocodile:449
3738,hunt_start,Sectid,30,192,2,222,2,target:Boar:546
3738,kill,Penguin,271,43,2,20,9,killed_by:Arctic Fox:484
3739,hunt_start,Sectid,16,257,9,220,5,target:Crocodile:449
3739,hunt_start,Sectid,30,192,3,222,1,target:Boar:546
3740,hunt_start,Sectid,23,36,9,107,4,target:Parrot:761
3740,hunt_start,Sectid,30,192,3,222,0,target:Boar:546
3740,kill,Frog,505,13,6,260,6,killed_by:Wolf:432
3741,hunt_start,Sectid,16,258,0,220,8,target:Crocodile:449
3741,hunt_start,Sectid,30,192,5,221,9,target:Boar:546
3741,hunt_start,Wolf,432,13,3,260,6,target:Frog:162
3741,hunt_fail,Wolf,433,14,4,270,7,target_died
3741,hunt_fail,Wolf,434,12,8,261,0,target_died
3742,hunt_start,Sectid,16,258,0,220,8,target:Crocodile:449
3742,hunt_start,Sectid,30,192,6,221,9,target:Boar:546
3743,hunt_start,Sectid,16,258,0,220,8,target:Crocodile:449
3743,hunt_start,Sectid,30,192,8,221,9,target:Boar:546
3743,hunt_start,Wolf,430,237,9,88,0,target:Rabbit:908
3744,hunt_start,Sectid,16,258,0,220,8,target:Crocodile:449
3744,hunt_start,Sectid,30,192,6,221,9,target:Boar:546
3745,hunt_start,Sectid,16,258,0,220,8,target:Crocodile:449
3745,hunt_start,Sectid,30,192,7,221,7,target:Boar:546
3745,hunt_fail,Wolf,430,237,8,88,0,discomfort
3746,hunt_start,Sectid,16,258,0,220,8,target:Crocodile:449
3746,hunt_start,Sectid,30,192,8,221,6,target:Boar:546
3746,kill,Rabbit,905,237,7,114,6,killed_by:Hawk:548
3746,reproduce,Rabbit,550,247,2,117,4,offspring:2
3746,reproduce,Rabbit,704,253,5,112,9,offspring:2
3746,reproduce,Rabbit,705,255,7,113,7,offspring:2
3746,reproduce,Rabbit,868,274,1,115,7,offspring:2
3747,hunt_start,Sectid,16,258,0,220,8,target:Crocodile:449
3747,hunt_start,Sectid,30,192,7,221,7,target:Boar:546
3747,hunt_start,Hawk,548,237,9,114,5,target:Rabbit:550
3748,hunt_start,Sectid,16,258,0,220,8,target:Crocodile:449
3748,hunt_start,Sectid,30,192,7,221,9,target:Boar:546
3748,hunt_start,Wolf,430,237,8,88,0,target:Rabbit:908
3748,kill,Deer,76,138,0,288,0,killed_by:Wolf:812
3748,reproduce,Wolf,812,137,5,288,0,offspring:1
3749,hunt_start,Sectid,16,258,0,220,8,target:Crocodile:449
3749,hunt_start,Sectid,30,192,6,222,0,target:Boar:546
3749,hunt_start,Wolf,76,139,2,288,9,target:Rabbit:673
3749,hunt_start,Wolf,812,137,6,288,0,target:Rabbit:673
3750,hunt_start,Sectid,16,258,0,220,8,target:Crocodile:449
3750,hunt_start,Sectid,30,192,8,222,0,target:Boar:546
3751,hunt_start,Sectid,16,258,0,220,8,target:Crocodile:449
3751,hunt_start,Sectid,30,192,7,222,2,target:Boar:546
3752,hunt_start,Sectid,16,258,0,220,8,target:Crocodile:449
3752,hunt_fail,Sectid,23,35,6,109,7,discomfort
3752,hunt_start,Sectid,30,192,9,222,1,target:Boar:546
3753,hunt_start,Sectid,16,258,0,220,8,target:Crocodile:449
3753,hunt_start,Sectid,30,193,0,222,2,target:Boar:546
3753,reproduce,Deer,62,240,7,128,6,offspring:1
3754,hunt_start,Sectid,16,258,0,220,8,target:Crocodile:449
3754,hunt_start,Sectid,30,192,8,222,3,target:Boar:546
3755,hunt_start,Sectid,16,258,0,220,8,target:Crocodile:449
3755,hunt_start,Sectid,30,193,0,222,4,target:Boar:546
3755,hunt_fail,Wolf,430,237,6,88,1,discomfort
3756,hunt_start,Sectid,16,258,0,220,8,target:Crocodile:449
3756,hunt_start,Sectid,30,193,1,222,3,target:Boar:546
3757,hunt_start,Sectid,16,258,0,220,8,target:Crocodile:449
3757,hunt_start,Sectid,30,193,1,222,2,target:Boar:546
3758,hunt_start,Sectid,30,193,0,222,3,target:Boar:546
3759,hunt_start,Sectid,16,257,8,220,8,target:Crocodile:449
3759,hunt_start,Sectid,30,192,9,222,3,target:Boar:546
3759,hunt_start,Jaguar,875,44,3,211,8,target:Lizard:689
3760,hunt_start,Sectid,16,258,0,220,7,target:Crocodile:449
3760,hunt_start,Sectid,30,192,8,222,2,target:Boar:546
3761,hunt_start,Sectid,16,258,0,220,7,target:Crocodile:449
3761,hunt_start,Sectid,30,192,7,222,0,target:Boar:546
3762,hunt_start,Sectid,16,258,0,220,7,target:Crocodile:449
3762,hunt_start,Sectid,30,192,7,222,2,target:Boar:546
3763,hunt_start,Sectid,16,258,0,220,7,target:Crocodile:449
3763,hunt_start,Sectid,30,192,7,222,0,target:Boar:546
3764,hunt_start,Sectid,16,258,0,220,7,target:Crocodile:449
3764,hunt_start,Sectid,30,192,7,222,2,target:Boar:546
3765,hunt_start,Sectid,16,258,0,220,7,target:Crocodile:449
3765,hunt_start,Sectid,30,192,5,222,1,target:Boar:546
3766,hunt_start,Sectid,16,258,0,220,7,target:Crocodile:449
3766,hunt_start,Sectid,30,192,7,222,1,target:Boar:546
3767,hunt_start,Sectid,16,258,0,220,7,target:Crocodile:449
3767,hunt_start,Sectid,992,194,0,221,2,target:Boar:546
3768,hunt_start,Sectid,16,258,0,220,7,target:Crocodile:449
3768,hunt_start,Sectid,992,193,9,221,0,target:Boar:546
3769,hunt_start,Sectid,16,258,0,220,7,target:Crocodile:449
3769,hunt_start,Sectid,992,193,9,221,2,target:Boar:546
3770,hunt_start,Sectid,16,258,0,220,7,target:Crocodile:449
3770,hunt_start,Sectid,992,194,0,221,4,target:Boar:546
3771,hunt_start,Sectid,16,258,0,220,7,target:Crocodile:449
3771,kill,Boar,756,6,3,193,0,killed_by:Jaguar:487
3771,hunt_start,Sectid,992,194,0,221,2,target:Boar:546
3772,hunt_start,Sectid,16,258,0,220,7,target:Crocodile:449
3772,hunt_start,Jaguar,487,6,1,193,4,target:Boar:203
3772,hunt_start,Sectid,992,194,1,221,0,target:Boar:546
3773,hunt_start,Sectid,16,258,0,220,7,target:Crocodile:449
3773,hunt_start,Sectid,992,194,2,221,2,target:Boar:546
3774,hunt_start,Sectid,16,258,0,220,7,target:Crocodile:449
3774,hunt_start,Sectid,992,194,3,221,0,target:Boar:546
3775,hunt_start,Sectid,16,258,0,220,7,target:Crocodile:449
3775,hunt_start,Sectid,30,193,1,221,9,target:Boar:546
3775,kill,Frog,162,14,4,260,4,killed_by:Wolf:434
3776,hunt_start,Sectid,16,258,0,220,7,target:Crocodile:449
3776,hunt_start,Sectid,30,192,9,221,9,target:Boar:546
3776,hunt_fail,Wolf,432,14,5,260,7,target_died
3776,hunt_start,Wolf,432,14,5,260,7,target:Deer:572
3776,hunt_fail,Wolf,433,14,6,264,8,target_died
3777,hunt_start,Sectid,16,258,0,220,7,target:Crocodile:449
3777,hunt_start,Sectid,992,194,3,221,2,target:Boar:546
3778,hunt_start,Sectid,16,258,0,220,7,target:Crocodile:449
3778,hunt_start,Sectid,992,194,2,221,4,target:Boar:546
3779,kill,Tapir,950,76,4,132,4,killed_by:Sectid:7
3779,hunt_start,Sectid,16,258,0,220,7,target:Crocodile:449
3779,hunt_start,Sectid,992,194,1,221,4,target:Boar:546
3780,hunt_fail,Sectid,5,75,7,133,5,target_died
3780,hunt_start,Sectid,16,258,0,220,7,target:Crocodile:449
3780,hunt_start,Wolf,431,234,1,89,0,target:Tapir:130
3780,hunt_fail,Sectid,664,75,0,134,6,target_died
3780,hunt_start,Sectid,664,75,0,134,6,target:Rabbit:85
3780,hunt_start,Boar,762,86,8,150,9,target:Shroomer:614
3780,hunt_fail,Sectid,916,73,7,138,4,target_died
3780,hunt_start,Sectid,992,194,2,221,3,target:Boar:546
3781,hunt_start,Sectid,16,258,0,220,7,target:Crocodile:449
3781,hunt_start,Sectid,992,194,3,221,2,target:Boar:546
3782,hunt_start,Sectid,16,258,0,220,7,target:Crocodile:449
3782,hunt_start,Sectid,992,194,2,221,3,target:Boar:546
3783,hunt_start,Sectid,16,258,0,220,7,target:Crocodile:449
3783,hunt_start,Sectid,992,194,0,221,3,target:Boar:546
3784,hunt_start,Sectid,16,258,0,220,7,target:Crocodile:449
3784,hunt_start,Sectid,992,194,2,221,3,target:Boar:546
3785,hunt_start,Sectid,16,258,0,220,7,target:Crocodile:449
3785,hunt_start,Sectid,992,194,4,221,3,target:Boar:546
3786,hunt_start,Sectid,16,258,0,220,7,target:Crocodile:449
3786,hunt_start,Sectid,992,194,5,221,2,target:Boar:546
3787,hunt_start,Sectid,16,258,0,220,7,target:Crocodile:449
3787,hunt_start,Sectid,992,194,4,221,1,target:Boar:546
3788,hunt_start,Sectid,16,258,0,220,7,target:Crocodile:449
3788,hunt_start,Sectid,992,194,2,221,1,target:Boar:546
3789,hunt_start,Sectid,16,258,0,220,7,target:Crocodile:449
3789,hunt_start,Sectid,992,194,4,221,1,target:Boar:546
3790,hunt_start,Sectid,16,258,0,220,7,target:Crocodile:449
3790,hunt_start,Sectid,992,194,2,221,1,target:Boar:546
3791,hunt_start,Sectid,16,258,0,220,7,target:Crocodile:449
3791,hunt_start,Sectid,992,194,1,221,0,target:Boar:546
3792,hunt_start,Sectid,16,258,0,220,7,target:Crocodile:449
3792,hunt_start,Sectid,992,193,9,221,0,target:Boar:546
3793,hunt_start,Sectid,16,258,0,220,7,target:Crocodile:449
3793,hunt_start,Sectid,992,193,9,220,8,target:Boar:546
3794,hunt_start,Sectid,16,258,0,220,7,target:Crocodile:449
3794,hunt_start,Sectid,992,193,8,220,7,target:Boar:546
3795,starvation,Wolf,429,191,5,286,9,
3795,hunt_start,Sectid,992,194,0,220,6,target:Boar:546
3796,hunt_start,Sectid,16,258,1,220,9,target:Crocodile:449
3796,hunt_start,Sectid,992,193,8,220,7,target:Boar:546
3797,hunt_start,Sectid,16,258,3,220,9,target:Crocodile:449
3797,hunt_start,Sectid,992,193,7,220,7,target:Boar:546
3798,hunt_start,Sectid,16,258,3,220,9,target:Crocodile:449
3798,hunt_start,Sectid,992,193,8,220,6,target:Boar:546
3799,hunt_start,Sectid,16,258,3,220,9,target:Crocodile:449
3799,hunt_start,Sectid,992,193,9,220,8,target:Boar:546
3799,reproduce,Camel,260,82,2,96,0,offspring:1
3800,hunt_start,Sectid,16,258,3,220,9,target:Crocodile:449
3800,kill,Rabbit,983,106,2,153,0,killed_by:Sectid:974
3800,hunt_start,Sectid,992,193,8,221,0,target:Boar:546
3801,hunt_start,Sectid,16,258,3,220,9,target:Crocodile:449
3801,hunt_fail,Sectid,931,106,4,152,4,target_died
3801,hunt_start,Sectid,931,106,4,152,4,target:Parrot:681
3801,hunt_fail,Sectid,958,106,3,152,1,target_died
3801,hunt_fail,Sectid,988,111,8,140,0,target_died
3801,hunt_start,Sectid,992,193,8,221,2,target:Boar:546
3802,hunt_start,Sectid,16,258,3,220,9,target:Crocodile:449
3802,hunt_start,Sectid,992,194,0,221,2,target:Boar:546
3803,hunt_start,Sectid,16,258,3,220,9,target:Crocodile:449
3803,hunt_start,Sectid,992,193,9,221,0,target:Boar:546
3803,reproduce,Deer,493,191,8,271,7,offspring:1
3804,hunt_start,Sectid,16,258,3,220,9,target:Crocodile:449
3804,hunt_fail,Fox,442,121,0,250,7,discomfort
3804,hunt_start,Sectid,992,193,9,220,8,target:Boar:546
3805,hunt_start,Sectid,16,258,3,220,9,target:Crocodile:449
3805,hunt_start,Sectid,992,194,1,220,8,target:Boar:546
3806,hunt_start,Sectid,16,258,3,220,9,target:Crocodile:449
3806,hunt_start,Sectid,992,193,9,220,7,target:Boar:546
3807,hunt_start,Sectid,16,258,3,220,9,target:Crocodile:449
3807,hunt_start,Sectid,992,194,1,220,8,target:Boar:546
3808,hunt_start,Sectid,16,258,3,220,9,target:Crocodile:449
3808,hunt_start,Sectid,992,194,0,221,0,target:Boar:546
3809,hunt_start,Sectid,16,258,3,220,9,target:Crocodile:449
3809,hunt_start,Sectid,992,194,1,221,1,target:Boar:546
3810,hunt_start,Sectid,16,258,3,220,9,target:Crocodile:449
3810,kill,Rabbit,673,144,9,287,9,killed_by:Wolf:76
3810,hunt_start,Sectid,992,194,0,221,3,target:Boar:546
3811,hunt_start,Sectid,16,258,3,220,9,target:Crocodile:449
3811,hunt_start,Wolf,76,144,6,287,9,target:Rabbit:937
3811,hunt_fail,Wolf,812,142,5,287,9,target_died
3811,hunt_start,Wolf,812,142,5,287,9,target:Rabbit:937
3811,hunt_start,Sectid,992,193,9,221,4,target:Boar:546
3812,hunt_start,Sectid,16,258,3,220,9,target:Crocodile:449
3812,hunt_start,Sectid,992,193,7,221,4,target:Boar:546
3813,hunt_start,Sectid,16,258,3,220,9,target:Crocodile:449
3813,hunt_start,Sectid,992,193,7,221,2,target:Boar:546
3814,hunt_start,Sectid,16,258,3,220,9,target:Crocodile:449
3814,hunt_start,Sectid,992,193,9,221,2,target:Boar:546
3815,hunt_start,Sectid,16,258,3,220,9,target:Crocodile:449
3815,hunt_start,Sectid,992,194,0,221,2,target:Boar:546
3816,hunt_start,Sectid,16,258,3,220,9,target:Crocodile:449
3816,hunt_start,Sectid,992,194,1,221,1,target:Boar:546
3817,hunt_start,Sectid,16,258,3,220,9,target:Crocodile:449
3817,hunt_start,Sectid,992,194,0,221,2,target:Boar:546
3818,starvation,Fox,443,247,5,271,0,
3818,hunt_start,Sectid,16,258,3,220,9,target:Crocodile:449
3818,hunt_start,Sectid,992,193,9,221,0,target:Boar:546
3819,hunt_start,Sectid,16,258,3,220,9,target:Crocodile:449
3819,hunt_start,Sectid,992,193,7,221,1,target:Boar:546
3820,hunt_start,Sectid,16,258,3,220,9,target:Crocodile:449
3820,hunt_start,Sectid,992,193,5,221,2,target:Boar:546
3821,hunt_start,Sectid,16,258,3,220,9,target:Crocodile:449
3821,hunt_start,Sectid,992,193,4,221,3,target:Boar:546
3822,hunt_start,Sectid,16,258,3,220,9,target:Crocodile:449
3822,hunt_start,Sectid,992,193,3,221,5,target:Boar:546
3823,hunt_start,Sectid,16,258,3,220,9,target:Crocodile:449
3823,hunt_start,Sectid,992,193,2,221,4,target:Boar:546
3824,hunt_start,Sectid,16,258,3,220,9,target:Crocodile:449
3824,hunt_start,Sectid,992,193,1,221,2,target:Boar:546
3825,hunt_start,Sectid,16,258,3,220,9,target:Crocodile:449
3825,hunt_start,Sectid,992,193,1,221,0,target:Boar:546
3826,hunt_start,Sectid,16,258,3,220,9,target:Crocodile:449
3826,hunt_start,Sectid,992,193,0,220,8,target:Boar:546
3827,hunt_start,Sectid,16,258,3,220,9,target:Crocodile:449
3827,hunt_start,Sectid,992,193,1,220,7,target:Boar:546
3828,hunt_start,Sectid,16,258,3,220,9,target:Crocodile:449
3828,kill,Deer,572,21,3,262,1,killed_by:Wolf:433
3828,hunt_start,Sectid,992,193,0,220,5,target:Boar:546
3829,hunt_start,Sectid,16,258,3,220,9,target:Crocodile:449
3829,hunt_fail,Wolf,432,19,2,262,2,target_died
3829,hunt_start,Wolf,432,19,2,262,2,target:Deer:151
3829,hunt_start,Sectid,992,193,1,220,3,target:Boar:546
3830,hunt_start,Sectid,16,258,3,220,9,target:Crocodile:449
3830,hunt_start,Sectid,992,193,2,220,5,target:Boar:546
3831,hunt_start,Sectid,992,193,3,220,4,target:Boar:546
3832,hunt_start,Sectid,16,258,4,221,1,target:Crocodile:449
3832,hunt_start,Sectid,992,193,5,220,2,target:Boar:546
3833,hunt_start,Sectid,16,258,4,221,1,target:Crocodile:449
3833,hunt_start,Jaguar,574,36,0,170,7,target:Boar:755
3833,hunt_start,Sectid,992,193,3,220,3,target:Boar:546
3834,hunt_start,Sectid,16,258,4,221,1,target:Crocodile:449
3834,hunt_start,Sectid,992,193,4,220,2,target:Boar:546
3835,hunt_start,Sectid,16,258,4,221,1,target:Crocodile:449
3835,hunt_start,Sectid,992,193,4,220,0,target:Boar:546
3836,hunt_start,Sectid,16,258,4,221,1,target:Crocodile:449
3836,hunt_start,Sectid,992,193,5,220,1,target:Boar:546
3836,reproduce,Tapir,259,66,7,134,3,offspring:1
3836,reproduce,Tapir,728,44,7,142,8,offspring:1
3837,hunt_start,Sectid,16,258,4,221,1,target:Crocodile:449
3837,hunt_start,Sectid,992,193,6,220,3,target:Boar:546
3838,hunt_start,Sectid,16,258,4,221,1,target:Crocodile:449
3838,hunt_start,Sectid,992,193,6,220,1,target:Boar:546
3839,hunt_start,Sectid,16,258,4,221,1,target:Crocodile:449
3839,hunt_start,Sectid,992,193,6,219,9,target:Boar:546
3840,hunt_start,Sectid,16,258,4,221,1,target:Crocodile:449
3840,hunt_start,Sectid,992,193,4,219,9,target:Boar:546
3841,hunt_start,Sectid,16,258,4,221,1,target:Crocodile:449
3841,hunt_start,Sectid,992,193,5,220,0,target:Boar:546
3842,hunt_start,Sectid,16,258,4,221,1,target:Crocodile:449
3842,hunt_start,Sectid,992,193,7,219,9,target:Boar:546
3843,hunt_start,Sectid,16,258,4,221,1,target:Crocodile:449
3843,hunt_start,Sectid,992,193,7,219,7,target:Boar:546
3844,hunt_start,Sectid,16,258,4,221,1,target:Crocodile:449
3844,hunt_start,Sectid,992,193,6,219,5,target:Boar:546
3845,hunt_start,Sectid,16,258,4,221,1,target:Crocodile:449
3845,hunt_start,Sectid,992,193,4,219,6,target:Boar:546
3846,hunt_start,Sectid,16,258,4,221,1,target:Crocodile:449
3846,hunt_start,Sectid,992,193,3,219,4,target:Boar:546
3847,hunt_start,Sectid,16,258,4,221,1,target:Crocodile:449
3847,hunt_start,Sectid,992,193,5,219,3,target:Boar:546
3848,hunt_start,Sectid,16,258,4,221,1,target:Crocodile:449
3848,hunt_start,Sectid,992,193,5,219,1,target:Boar:546
3848,reproduce,Turtle,189,26,6,209,5,offspring:1
3849,hunt_start,Sectid,992,193,7,219,2,target:Boar:546
3850,hunt_start,Sectid,16,258,5,221,3,target:Crocodile:449
3850,hunt_start,Sectid,992,193,7,219,4,target:Boar:546
3850,reproduce,Tapir,365,261,8,74,6,offspring:1
3851,hunt_start,Sectid,16,258,6,221,5,target:Crocodile:449
3851,hunt_start,Sectid,992,193,6,219,6,target:Boar:546
3852,hunt_start,Sectid,16,258,7,221,3,target:Crocodile:449
3852,hunt_start,Sectid,992,193,4,219,6,target:Boar:546
3853,hunt_start,Sectid,16,258,7,221,3,target:Crocodile:449
3853,hunt_start,Sectid,992,193,2,219,5,target:Boar:546
3854,hunt_start,Sectid,16,258,7,221,3,target:Crocodile:449
3854,hunt_fail,Jaguar,487,6,3,187,5,discomfort
3854,hunt_start,Sectid,992,193,0,219,6,target:Boar:546
3855,hunt_start,Sectid,16,258,7,221,3,target:Crocodile:449
3855,hunt_start,Sectid,992,192,8,219,6,target:Boar:546
3856,hunt_start,Sectid,16,258,7,221,3,target:Crocodile:449
3856,hunt_start,Sectid,992,193,0,219,6,target:Boar:546
3857,hunt_start,Sectid,16,258,7,221,3,target:Crocodile:449
3857,hunt_start,Sectid,992,193,2,219,4,target:Boar:546
3858,hunt_start,Sectid,16,258,7,221,3,target:Crocodile:449
3858,hunt_start,Sectid,992,192,9,219,4,target:Boar:546
3858,reproduce,Parrot,699,68,5,285,1,offspring:1
3859,hunt_start,Sectid,16,258,7,221,3,target:Crocodile:449
3859,hunt_start,Wolf,436,88,6,145,9,target:Rabbit:985
3859,hunt_start,Sectid,992,193,1,219,4,target:Boar:546
3860,hunt_start,Sectid,16,258,7,221,3,target:Crocodile:449
3860,hunt_start,Boar,762,85,3,150,5,target:Shroomer:614
3860,hunt_start,Sectid,992,193,3,219,6,target:Boar:546
3861,hunt_start,Sectid,16,258,7,221,3,target:Crocodile:449
3861,hunt_start,Sectid,992,193,1,219,8,target:Boar:546
3862,hunt_start,Sectid,16,258,7,221,3,target:Crocodile:449
3862,hunt_start,Sectid,992,193,3,219,6,target:Boar:546
3863,hunt_start,Sectid,16,258,7,221,3,target:Crocodile:449
3863,hunt_start,Sectid,992,193,1,219,4,target:Boar:546
3864,hunt_start,Sectid,16,258,7,221,3,target:Crocodile:449
3864,hunt_start,Sectid,992,193,3,219,5,target:Boar:546
3865,hunt_start,Sectid,16,258,7,221,3,target:Crocodile:449
3865,kill,Rabbit,122,67,5,18,2,killed_by:Hawk:464
3865,hunt_start,Sectid,992,193,5,219,4,target:Boar:546
3866,hunt_start,Sectid,16,258,7,221,3,target:Crocodile:449
3866,hunt_start,Hawk,464,67,7,18,1,target:Rabbit:147
3866,hunt_start,Sectid,992,193,3,219,6,target:Boar:546
3867,hunt_start,Sectid,16,258,7,221,3,target:Crocodile:449
3867,hunt_start,Sectid,992,193,5,219,6,target:Boar:546
3868,hunt_start,Sectid,16,258,7,221,3,target:Crocodile:449
3868,hunt_start,Sectid,992,193,4,219,5,target:Boar:546
3869,hunt_start,Sectid,16,258,7,221,3,target:Crocodile:449
3869,hunt_start,Sectid,992,193,2,219,4,target:Boar:546
3870,hunt_start,Sectid,16,258,7,221,3,target:Crocodile:449
3870,hunt_start,Sectid,992,193,0,219,4,target:Boar:546
3871,hunt_start,Sectid,16,258,7,221,3,target:Crocodile:449
3871,hunt_start,Sectid,992,192,8,219,2,target:Boar:546
3872,hunt_start,Sectid,16,258,7,221,3,target:Crocodile:449
3872,hunt_start,Snake,475,141,0,212,7,target:Lizard:918
3872,hunt_start,Sectid,992,192,9,219,4,target:Boar:546
3873,hunt_start,Sectid,16,258,7,221,3,target:Crocodile:449
3873,hunt_start,Sectid,992,192,8,219,6,target:Boar:546
3874,hunt_start,Sectid,16,258,7,221,3,target:Crocodile:449
3874,hunt_start,Sectid,992,192,9,219,8,target:Boar:546
3875,hunt_start,Sectid,16,258,7,221,3,target:Crocodile:449
3875,hunt_start,Sectid,992,192,8,219,6,target:Boar:546
3876,hunt_start,Sectid,16,258,7,221,3,target:Crocodile:449
3876,hunt_start,Sectid,992,193,0,219,7,target:Boar:546
3877,hunt_start,Sectid,16,258,7,221,3,target:Crocodile:449
3878,hunt_start,Sectid,16,258,7,221,3,target:Crocodile:449
3879,hunt_start,Sectid,16,258,7,221,3,target:Crocodile:449
3880,hunt_start,Sectid,16,258,7,221,3,target:Crocodile:449
3881,hunt_start,Sectid,16,258,7,221,3,target:Crocodile:449
3881,kill,Shroomer,614,83,2,152,2,killed_by:Boar:537
3882,hunt_start,Sectid,16,258,7,221,3,target:Crocodile:449
3882,hunt_fail,Boar,762,84,5,151,0,target_died
3882,hunt_fail,Boar,836,82,9,151,7,target_died
3883,hunt_start,Sectid,16,258,7,221,3,target:Crocodile:449
3884,hunt_start,Sectid,16,258,7,221,3,target:Crocodile:449
3884,hunt_start,Snake,473,202,3,106,6,target:Lizard:141
3885,hunt_start,Sectid,16,258,7,221,3,target:Crocodile:449
3886,hunt_start,Sectid,16,258,7,221,3,target:Crocodile:449
3887,hunt_start,Sectid,16,258,7,221,3,target:Crocodile:449
3888,hunt_start,Sectid,16,258,7,221,3,target:Crocodile:449
3889,hunt_start,Sectid,16,258,7,221,3,target:Crocodile:449
3889,reproduce,Turtle,185,174,6,118,5,offspring:1
3890,hunt_start,Sectid,16,258,7,221,3,target:Crocodile:449
3891,environment_death,Fish,132,216,7,266,0,suffocation
3891,hunt_start,Sectid,16,258,7,221,3,target:Crocodile:449
3892,hunt_start,Sectid,16,258,7,221,3,target:Crocodile:449
3893,hunt_start,Sectid,16,258,7,221,3,target:Crocodile:449
3894,hunt_start,Sectid,16,258,7,221,3,target:Crocodile:449
3895,hunt_start,Sectid,16,258,7,221,3,target:Crocodile:449
3896,hunt_start,Sectid,16,258,7,221,3,target:Crocodile:449
3897,hunt_start,Sectid,16,258,7,221,3,target:Crocodile:449
3897,hunt_start,Sectid,23,36,1,107,8,target:Parrot:761
3898,hunt_start,Sectid,16,258,7,221,3,target:Crocodile:449
3899,hunt_start,Sectid,16,258,7,221,3,target:Crocodile:449
3900,hunt_start,Sectid,16,258,7,221,3,target:Crocodile:449
3901,hunt_start,Sectid,16,258,7,221,3,target:Crocodile:449
3902,hunt_start,Sectid,16,258,7,221,3,target:Crocodile:449
3902,hunt_start,Sectid,910,238,3,179,0,target:Musk Ox:293
3904,hunt_start,Sectid,16,258,5,221,2,target:Crocodile:449
3905,hunt_start,Sectid,16,258,6,221,4,target:Crocodile:449
3905,hunt_start,Sectid,30,192,3,218,9,target:Boar:546
3906,hunt_start,Sectid,16,258,4,221,2,target:Crocodile:449
3906,hunt_fail,Sectid,23,36,4,109,8,discomfort
3907,hunt_start,Sectid,16,258,5,221,5,target:Crocodile:449
3907,hunt_fail,Jaguar,485,40,2,190,5,discomfort
3908,hunt_start,Sectid,16,258,7,221,7,target:Crocodile:449
3909,hunt_start,Sectid,16,258,9,221,7,target:Crocodile:449
3910,hunt_start,Sectid,16,258,9,221,7,target:Crocodile:449
3911,hunt_start,Sectid,16,258,9,221,7,target:Crocodile:449
3912,hunt_start,Sectid,16,258,9,221,7,target:Crocodile:449
3913,hunt_start,Sectid,16,258,9,221,7,target:Crocodile:449
3914,hunt_start,Sectid,16,258,9,221,7,target:Crocodile:449
3915,hunt_start,Sectid,16,258,9,221,7,target:Crocodile:449
3915,hunt_start,Sectid,30,192,4,218,6,target:Boar:546
3916,hunt_start,Sectid,16,258,9,221,7,target:Crocodile:449
3916,hunt_start,Sectid,30,192,5,218,8,target:Boar:546
3917,hunt_start,Sectid,16,258,9,221,7,target:Crocodile:449
3917,hunt_start,Sectid,30,192,3,218,8,target:Boar:546
3918,hunt_start,Sectid,16,258,9,221,7,target:Crocodile:449
3918,hunt_start,Sectid,30,192,2,218,7,target:Boar:546
3919,hunt_start,Sectid,16,258,9,221,7,target:Crocodile:449
3919,hunt_start,Sectid,30,192,3,218,6,target:Boar:546
3920,hunt_start,Sectid,16,258,9,221,7,target:Crocodile:449
3920,hunt_start,Sectid,30,192,1,218,7,target:Boar:546
3921,hunt_start,Sectid,16,258,9,221,7,target:Crocodile:449
3921,hunt_start,Sectid,30,192,2,218,9,target:Boar:546
3922,hunt_start,Sectid,16,258,9,221,7,target:Crocodile:449
3922,hunt_start,Sectid,30,192,0,218,8,target:Boar:546
3923,hunt_start,Sectid,16,258,9,221,7,target:Crocodile:449
3923,hunt_start,Sectid,30,192,2,218,6,target:Boar:546
3924,hunt_start,Sectid,16,258,9,221,7,target:Crocodile:449
3924,hunt_start,Sectid,30,192,3,218,6,target:Boar:546
3925,hunt_start,Sectid,16,258,9,221,7,target:Crocodile:449
3925,hunt_start,Sectid,30,192,5,218,5,target:Boar:546
3926,hunt_start,Sectid,16,258,9,221,7,target:Crocodile:449
3926,hunt_start,Sectid,30,192,6,218,4,target:Boar:546
3927,hunt_start,Sectid,16,258,9,221,7,target:Crocodile:449
3927,hunt_start,Sectid,30,192,8,218,4,target:Boar:546
3928,hunt_start,Sectid,16,258,9,221,7,target:Crocodile:449
3928,hunt_start,Sectid,30,192,7,218,3,target:Boar:546
3929,hunt_start,Sectid,16,258,9,221,7,target:Crocodile:449
3929,hunt_start,Sectid,30,192,8,218,3,target:Boar:546
3929,kill,Rabbit,85,72,9,141,0,killed_by:Sectid:683
3930,hunt_fail,Sectid,5,69,3,148,6,target_died
3930,hunt_start,Sectid,16,258,9,221,7,target:Crocodile:449
3930,hunt_start,Sectid,30,193,0,218,4,target:Boar:546
3930,hunt_fail,Sectid,664,68,8,149,7,target_died
3930,hunt_start,Sectid,664,68,8,149,7,target:Camel:763
3930,hunt_fail,Sectid,916,71,0,144,1,target_died
3930,hunt_fail,Sectid,1000,67,5,154,4,target_died
3931,hunt_start,Sectid,16,258,9,221,7,target:Crocodile:449
3931,hunt_start,Sectid,30,193,1,218,4,target:Boar:546
3932,hunt_start,Sectid,16,258,9,221,7,target:Crocodile:449
3932,hunt_start,Sectid,30,193,2,218,6,target:Boar:546
3933,hunt_start,Sectid,16,258,9,221,7,target:Crocodile:449
3933,hunt_start,Sectid,30,193,2,218,4,target:Boar:546
3934,hunt_start,Sectid,16,258,9,221,7,target:Crocodile:449
3934,hunt_start,Sectid,30,193,3,218,3,target:Boar:546
3935,hunt_start,Sectid,16,258,9,221,7,target:Crocodile:449
3935,hunt_start,Sectid,30,193,5,218,3,target:Boar:546
3936,hunt_start,Sectid,16,258,9,221,7,target:Crocodile:449
3936,hunt_start,Sectid,30,193,5,218,2,target:Boar:546
3937,hunt_start,Sectid,16,258,9,221,7,target:Crocodile:449
3937,hunt_start,Sectid,30,193,4,218,1,target:Boar:546
3938,hunt_start,Sectid,16,258,9,221,7,target:Crocodile:449
3938,hunt_start,Sectid,30,193,5,218,0,target:Boar:546
3939,hunt_start,Sectid,16,258,9,221,7,target:Crocodile:449
3939,hunt_start,Sectid,30,193,4,217,9,target:Boar:546
3940,hunt_start,Sectid,16,258,9,221,7,target:Crocodile:449
3940,hunt_start,Sectid,30,193,5,217,8,target:Boar:546
3941,hunt_start,Sectid,16,258,9,221,7,target:Crocodile:449
3941,hunt_start,Sectid,30,193,4,217,7,target:Boar:546
3941,kill,Parrot,681,98,4,169,7,killed_by:Sectid:620
3942,hunt_start,Sectid,16,258,9,221,7,target:Crocodile:449
3942,hunt_start,Sectid,30,193,5,217,5,target:Boar:546
3942,hunt_fail,Sectid,73,112,2,144,5,target_died
3942,hunt_start,Sectid,73,112,2,144,5,target:Rabbit:89
3942,hunt_fail,Sectid,162,104,0,162,1,target_died
3942,hunt_fail,Sectid,443,109,2,150,9,target_died
3942,hunt_start,Sectid,443,109,2,150,9,target:Camel:912
3942,hunt_fail,Sectid,931,112,7,138,3,target_died
3942,hunt_fail,Sectid,958,112,8,138,0,target_died
3942,hunt_fail,Sectid,974,112,6,138,6,target_died
3942,hunt_fail,Sectid,978,108,4,145,6,target_died
3942,hunt_fail,Sectid,988,108,7,149,2,target_died
3943,hunt_start,Sectid,16,258,9,221,7,target:Crocodile:449
3943,hunt_start,Sectid,30,193,7,217,6,target:Boar:546
3944,starvation,Fox,448,140,5,27,0,
3944,hunt_start,Sectid,16,258,9,221,7,target:Crocodile:449
3944,hunt_start,Sectid,30,193,5,217,7,target:Boar:546
3944,reproduce,Boar,755,32,0,176,4,offspring:2
3945,hunt_start,Sectid,16,258,9,221,7,target:Crocodile:449
3945,hunt_start,Sectid,30,193,7,217,7,target:Boar:546
3946,hunt_start,Sectid,16,258,9,221,7,target:Crocodile:449
3946,hunt_start,Sectid,30,193,8,217,6,target:Boar:546
3947,hunt_start,Sectid,16,258,9,221,7,target:Crocodile:449
3947,hunt_start,Sectid,30,193,7,217,4,target:Boar:546
3948,hunt_start,Sectid,16,258,9,221,7,target:Crocodile:449
3948,hunt_start,Sectid,30,193,6,217,4,target:Boar:546
3949,starvation,Frog,792,17,3,255,9,
3949,hunt_start,Sectid,16,258,9,221,7,target:Crocodile:449
3949,hunt_start,Sectid,30,193,4,217,4,target:Boar:546
3950,hunt_start,Sectid,16,258,9,221,7,target:Crocodile:449
3950,hunt_start,Sectid,30,193,3,217,5,target:Boar:546
3951,hunt_start,Sectid,16,258,9,221,7,target:Crocodile:449
3951,hunt_start,Sectid,30,193,1,217,5,target:Boar:546
3952,hunt_start,Sectid,16,258,9,221,7,target:Crocodile:449
3952,hunt_start,Sectid,30,193,0,217,5,target:Boar:546
3953,hunt_start,Sectid,16,258,9,221,7,target:Crocodile:449
3953,hunt_start,Sectid,30,192,9,217,4,target:Boar:546
3954,starvation,Fish,814,270,1,3,3,
3954,hunt_start,Sectid,16,258,9,221,7,target:Crocodile:449
3954,hunt_start,Sectid,30,192,7,217,4,target:Boar:546
3955,hunt_start,Sectid,16,258,9,221,7,target:Crocodile:449
3955,hunt_start,Sectid,30,192,6,217,3,target:Boar:546
3956,hunt_start,Sectid,16,258,9,221,7,target:Crocodile:449
3956,hunt_start,Sectid,30,192,7,217,5,target:Boar:546
3957,hunt_start,Sectid,16,258,9,221,7,target:Crocodile:449
3957,hunt_start,Sectid,30,192,9,217,4,target:Boar:546
3958,hunt_start,Sectid,16,258,9,221,7,target:Crocodile:449
3958,hunt_start,Sectid,30,193,0,217,3,target:Boar:546
3958,hunt_fail,Wolf,430,237,4,89,4,discomfort
3959,hunt_start,Sectid,16,258,9,221,7,target:Crocodile:449
3959,hunt_start,Sectid,30,192,9,217,3,target:Boar:546
3960,hunt_start,Sectid,16,258,9,221,7,target:Crocodile:449
3960,hunt_start,Sectid,30,193,0,217,3,target:Boar:546
3961,hunt_start,Sectid,16,258,9,221,7,target:Crocodile:449
3961,hunt_start,Sectid,30,193,1,217,5,target:Boar:546
3962,hunt_start,Sectid,16,258,9,221,7,target:Crocodile:449
3962,hunt_start,Sectid,30,192,9,217,4,target:Boar:546
3962,reproduce,Penguin,274,53,2,41,4,offspring:1
3963,hunt_start,Sectid,16,258,9,221,7,target:Crocodile:449
3963,hunt_start,Sectid,30,192,8,217,3,target:Boar:546
3964,hunt_start,Sectid,16,258,9,221,7,target:Crocodile:449
3964,hunt_start,Sectid,30,192,6,217,4,target:Boar:546
3965,hunt_start,Sectid,16,258,9,221,7,target:Crocodile:449
3965,hunt_start,Sectid,30,192,5,217,3,target:Boar:546
3966,hunt_start,Sectid,16,258,9,221,7,target:Crocodile:449
3966,hunt_start,Sectid,30,192,4,217,2,target:Boar:546
3967,hunt_start,Sectid,16,258,9,221,7,target:Crocodile:449
3967,hunt_start,Sectid,30,192,2,217,2,target:Boar:546
3968,hunt_start,Sectid,16,258,9,221,7,target:Crocodile:449
3968,hunt_start,Sectid,30,192,2,217,0,target:Boar:546
3968,kill,Rabbit,550,266,5,129,0,killed_by:Hawk:548
3969,hunt_start,Sectid,16,258,9,221,7,target:Crocodile:449
3969,hunt_start,Sectid,30,192,3,217,2,target:Boar:546
3969,hunt_start,Hawk,548,266,2,128,9,target:Rabbit:998
3970,hunt_start,Sectid,16,258,9,221,7,target:Crocodile:449
3970,hunt_start,Sectid,23,36,1,108,1,target:Parrot:761
3970,hunt_start,Sectid,30,192,5,217,2,target:Boar:546
3970,kill,Rabbit,905,274,1,110,6,killed_by:Hawk:824
3971,hunt_start,Sectid,16,258,9,221,7,target:Crocodile:449
3971,hunt_start,Sectid,30,192,3,217,2,target:Boar:546
3971,hunt_start,Hawk,824,273,9,110,6,target:Rabbit:997
3972,hunt_start,Sectid,16,258,9,221,7,target:Crocodile:449
3972,hunt_start,Sectid,30,192,1,217,2,target:Boar:546
3973,hunt_start,Sectid,16,258,9,221,7,target:Crocodile:449
3973,hunt_start,Sectid,30,192,2,217,1,target:Boar:546
3974,hunt_start,Sectid,16,258,9,221,7,target:Crocodile:449
3974,hunt_start,Sectid,30,192,2,216,9,target:Boar:546
3975,hunt_start,Sectid,16,258,9,221,7,target:Crocodile:449
3975,hunt_start,Sectid,30,192,4,216,9,target:Boar:546
3976,hunt_start,Sectid,16,258,9,221,7,target:Crocodile:449
3976,hunt_fail,Sectid,23,36,4,109,4,discomfort
3976,hunt_start,Sectid,30,192,2,216,9,target:Boar:546
3976,reproduce,Rabbit,318,154,1,288,0,offspring:2
3977,hunt_start,Sectid,30,192,3,216,8,target:Boar:546
3978,hunt_start,Sectid,16,258,8,222,0,target:Crocodile:449
3978,hunt_start,Sectid,30,192,3,216,9,target:Boar:546
3979,hunt_start,Sectid,16,259,0,222,1,target:Crocodile:449
3979,hunt_start,Sectid,30,192,2,217,0,target:Boar:546
3980,hunt_start,Sectid,16,259,0,222,1,target:Crocodile:449
3980,hunt_start,Sectid,30,192,0,217,0,target:Boar:546
3981,hunt_start,Sectid,16,259,0,222,1,target:Crocodile:449
3981,hunt_start,Sectid,30,192,0,216,8,target:Boar:546
3982,hunt_start,Sectid,16,259,0,222,1,target:Crocodile:449
3982,hunt_start,Sectid,30,191,8,216,8,target:Boar:546
3982,hunt_start,Jaguar,487,10,0,188,0,target:Boar:993
3983,hunt_start,Sectid,16,259,0,222,1,target:Crocodile:449
3983,hunt_start,Sectid,30,191,9,216,7,target:Boar:546
3983,kill,Camel,912,115,3,155,6,killed_by:Sectid:988
3984,hunt_start,Sectid,16,259,0,222,1,target:Crocodile:449
3984,hunt_start,Sectid,30,191,9,216,5,target:Boar:546
3984,hunt_fail,Sectid,443,114,8,155,1,target_died
3984,hunt_start,Sectid,443,114,8,155,1,target:Deer:112
3984,hunt_fail,Sectid,931,114,6,134,2,target_died
3984,hunt_fail,Sectid,958,114,7,133,9,target_died
3985,hunt_start,Sectid,16,259,0,222,1,target:Crocodile:449
3985,hunt_start,Sectid,30,192,0,216,3,target:Boar:546
3986,hunt_start,Sectid,16,259,0,222,1,target:Crocodile:449
3986,hunt_start,Sectid,30,192,1,216,3,target:Boar:546
3987,hunt_start,Sectid,16,259,0,222,1,target:Crocodile:449
3987,hunt_start,Sectid,30,192,3,216,2,target:Boar:546
3987,reproduce,Parrot,281,105,2,150,1,offspring:1
3988,hunt_start,Sectid,16,259,0,222,1,target:Crocodile:449
3988,hunt_start,Sectid,30,192,1,216,3,target:Boar:546
3989,hunt_start,Sectid,16,259,0,222,1,target:Crocodile:449
3989,hunt_start,Sectid,30,192,3,216,3,target:Boar:546
3990,hunt_start,Sectid,16,259,0,222,1,target:Crocodile:449
3990,hunt_start,Sectid,30,192,3,216,4,target:Boar:546
3991,hunt_start,Sectid,16,259,0,222,1,target:Crocodile:449
3991,hunt_start,Sectid,30,192,4,216,4,target:Boar:546
3992,hunt_start,Sectid,16,259,0,222,1,target:Crocodile:449
3992,hunt_start,Sectid,30,192,3,216,4,target:Boar:546
3993,hunt_start,Sectid,16,259,0,222,1,target:Crocodile:449
3993,hunt_start,Sectid,30,192,4,216,4,target:Boar:546
3994,hunt_start,Sectid,16,259,0,222,1,target:Crocodile:449
3994,hunt_start,Sectid,30,192,3,216,5,target:Boar:546
3995,hunt_start,Sectid,16,259,0,222,1,target:Crocodile:449
3995,hunt_start,Sectid,30,192,3,216,7,target:Boar:546
3996,hunt_start,Sectid,16,259,0,222,1,target:Crocodile:449
3996,hunt_start,Sectid,30,192,4,216,8,target:Boar:546
3996,reproduce,Deer,45,81,1,97,4,offspring:1
3996,reproduce,Deer,568,78,9,108,6,offspring:1
3997,hunt_start,Sectid,16,259,0,222,1,target:Crocodile:449
3997,hunt_start,Sectid,30,192,2,216,8,target:Boar:546
3998,hunt_start,Sectid,16,259,0,222,1,target:Crocodile:449
3998,hunt_start,Sectid,30,192,2,216,7,target:Boar:546
3999,hunt_start,Sectid,16,259,0,222,1,target:Crocodile:449
3999,hunt_start,Sectid,30,192,3,216,5,target:Boar:546
3999,hunt_start,Sectid,1011,114,7,131,0,target:Rabbit:89
4000,hunt_start,Sectid,16,259,0,222,1,target:Crocodile:449
4000,hunt_start,Sectid,30,192,4,216,5,target:Boar:546
4000,reproduce,Deer,862,190,8,277,6,offspring:1
4001,hunt_start,Sectid,16,259,0,222,1,target:Crocodile:449
4001,hunt_start,Sectid,30,192,3,216,4,target:Boar:546
4002,hunt_start,Sectid,16,259,0,222,1,target:Crocodile:449
4002,hunt_start,Sectid,30,192,4,216,3,target:Boar:546
4003,hunt_start,Sectid,16,259,0,222,1,target:Crocodile:449
4003,hunt_start,Sectid,30,192,3,216,2,target:Boar:546
4004,hunt_start,Sectid,16,259,0,222,1,target:Crocodile:449
4004,hunt_start,Sectid,30,192,4,216,0,target:Boar:546
4004,kill,Boar,755,30,7,175,6,killed_by:Jaguar:574
4005,hunt_start,Sectid,16,259,0,222,1,target:Crocodile:449
4005,hunt_start,Sectid,30,192,5,216,0,target:Boar:546
4006,hunt_start,Sectid,16,259,0,222,1,target:Crocodile:449
4006,hunt_start,Sectid,30,192,6,216,1,target:Boar:546
4006,kill,Musk Ox,293,222,6,188,1,killed_by:Sectid:910
4007,hunt_start,Sectid,16,259,0,222,1,target:Crocodile:449
4007,hunt_start,Sectid,30,192,6,216,2,target:Boar:546
4007,hunt_fail,Sectid,543,241,3,177,6,target_died
4007,hunt_fail,Sectid,720,223,1,187,6,target_died
4007,hunt_start,Sectid,720,223,1,187,6,target:Musk Ox:290
4007,hunt_fail,Sectid,999,244,1,176,2,target_died
4008,hunt_start,Sectid,16,259,0,222,1,target:Crocodile:449
4008,hunt_start,Sectid,30,192,6,216,1,target:Boar:546
4009,hunt_start,Sectid,16,259,0,222,1,target:Crocodile:449
4009,hunt_start,Sectid,30,192,6,215,9,target:Boar:546
4010,hunt_start,Sectid,16,259,0,222,1,target:Crocodile:449
4010,hunt_start,Sectid,30,192,5,216,1,target:Boar:546
4011,hunt_start,Sectid,16,259,0,222,1,target:Crocodile:449
4011,hunt_start,Sectid,30,192,6,216,2,target:Boar:546
4011,kill,Camel,763,56,3,141,0,killed_by:Sectid:664
4012,hunt_start,Sectid,16,259,0,222,1,target:Crocodile:449
4012,hunt_start,Sectid,30,192,7,216,1,target:Boar:546
4012,kill,Lizard,890,157,0,288,0,killed_by:Bear:463
4012,hunt_fail,Sectid,683,68,9,149,5,target_died
4012,hunt_fail,Sectid,916,64,9,148,0,target_died
4012,hunt_start,Sectid,916,64,9,148,0,target:Parrot:348
4012,hunt_fail,Sectid,1000,56,5,141,5,target_died
4012,reproduce,Lizard,279,179,9,270,4,offspring:2
4012,reproduce,Lizard,821,188,2,279,6,offspring:2
4013,hunt_start,Sectid,16,259,0,222,1,target:Crocodile:449
4013,hunt_start,Sectid,30,192,6,216,0,target:Boar:546
4013,hunt_start,Bear,463,156,1,286,9,target:Rabbit:318
4014,hunt_start,Sectid,30,192,8,215,9,target:Boar:546
4015,hunt_start,Sectid,16,258,9,222,3,target:Crocodile:449
4015,hunt_start,Sectid,30,192,9,216,0,target:Boar:546
4016,hunt_start,Sectid,16,259,0,222,3,target:Crocodile:449
4016,hunt_start,Sectid,30,193,1,215,9,target:Boar:546
4017,hunt_start,Sectid,16,259,0,222,3,target:Crocodile:449
4017,hunt_start,Sectid,30,193,3,216,0,target:Boar:546
4018,hunt_start,Sectid,16,259,0,222,3,target:Crocodile:449
4018,hunt_start,Sectid,30,193,5,216,0,target:Boar:546
4019,hunt_start,Sectid,16,259,0,222,3,target:Crocodile:449
4019,hunt_start,Sectid,23,36,1,108,8,target:Parrot:761
4019,hunt_start,Sectid,30,193,3,216,0,target:Boar:546
4020,hunt_start,Sectid,16,259,0,222,3,target:Crocodile:449
4020,hunt_start,Sectid,30,193,4,216,2,target:Boar:546
4021,hunt_start,Sectid,16,259,0,222,3,target:Crocodile:449
4021,hunt_start,Sectid,30,193,2,216,2,target:Boar:546
4022,hunt_start,Sectid,16,259,0,222,3,target:Crocodile:449
4022,hunt_fail,Sectid,23,36,1,109,4,discomfort
4022,hunt_start,Sectid,30,193,1,216,1,target:Boar:546
4022,reproduce,Camel,561,111,5,162,9,offspring:1
4023,hunt_start,Sectid,16,259,0,222,3,target:Crocodile:449
4023,hunt_start,Sectid,30,193,2,216,1,target:Boar:546
4023,hunt_fail,Sectid,720,223,9,187,2,discomfort
4024,hunt_start,Sectid,16,259,0,222,3,target:Crocodile:449
4024,hunt_start,Sectid,30,193,3,216,0,target:Boar:546
4025,hunt_start,Sectid,16,259,0,222,3,target:Crocodile:449
4025,hunt_start,Sectid,30,193,4,216,2,target:Boar:546
4026,hunt_start,Sectid,16,259,0,222,3,target:Crocodile:449
4026,hunt_start,Sectid,30,193,5,216,3,target:Boar:546
4026,hunt_fail,Jaguar,487,7,4,185,8,discomfort
4027,hunt_start,Sectid,16,259,0,222,3,target:Crocodile:449
4028,hunt_start,Sectid,16,259,0,222,3,target:Crocodile:449
4029,hunt_start,Sectid,16,259,0,222,3,target:Crocodile:449
4030,hunt_start,Sectid,16,259,0,222,3,target:Crocodile:449
4031,hunt_start,Sectid,16,259,0,222,3,target:Crocodile:449
4032,hunt_start,Sectid,16,259,0,222,3,target:Crocodile:449
4033,hunt_start,Sectid,16,259,0,222,3,target:Crocodile:449
4033,hunt_start,Sectid,30,192,9,215,9,target:Boar:546
4034,hunt_start,Sectid,16,259,0,222,3,target:Crocodile:449
4034,hunt_start,Sectid,30,192,8,215,7,target:Boar:546
4035,hunt_start,Sectid,16,259,0,222,3,target:Crocodile:449
4035,hunt_start,Sectid,30,192,7,215,7,target:Boar:546
4035,reproduce,Tapir,870,97,3,283,7,offspring:1
4036,hunt_start,Sectid,16,259,0,222,3,target:Crocodile:449
4036,hunt_start,Sectid,30,192,6,215,5,target:Boar:546
4037,hunt_start,Sectid,16,259,0,222,3,target:Crocodile:449
4037,hunt_start,Sectid,30,192,4,215,5,target:Boar:546
4038,hunt_start,Sectid,16,259,0,222,3,target:Crocodile:449
4038,hunt_start,Sectid,30,192,6,215,7,target:Boar:546
4039,hunt_start,Sectid,16,259,0,222,3,target:Crocodile:449
4039,hunt_start,Sectid,30,192,7,215,7,target:Boar:546
4040,hunt_start,Sectid,16,259,0,222,3,target:Crocodile:449
4040,hunt_start,Sectid,30,192,5,215,7,target:Boar:546
4041,hunt_start,Sectid,16,259,0,222,3,target:Crocodile:449
4041,hunt_start,Sectid,30,192,4,215,7,target:Boar:546
4041,kill,Rabbit,147,50,9,5,2,killed_by:Hawk:464
4041,reproduce,Rabbit,721,45,1,34,0,offspring:2
4041,reproduce,Rabbit,722,45,0,46,7,offspring:2
4041,reproduce,Rabbit,872,63,2,4,5,offspring:2
4041,reproduce,Rabbit,924,64,5,5,2,offspring:2
4041,reproduce,Rabbit,926,47,8,1,1,offspring:2
4042,hunt_start,Sectid,16,259,0,222,3,target:Crocodile:449
4042,hunt_start,Sectid,30,192,5,215,6,target:Boar:546
4042,hunt_start,Hawk,464,51,1,5,4,target:Rabbit:926
4043,hunt_start,Sectid,16,259,0,222,3,target:Crocodile:449
4043,hunt_start,Sectid,30,192,7,215,6,target:Boar:546
4044,hunt_start,Sectid,16,259,0,222,3,target:Crocodile:449
4044,hunt_start,Sectid,30,192,5,215,6,target:Boar:546
4045,hunt_start,Sectid,16,259,0,222,3,target:Crocodile:449
4045,hunt_start,Sectid,30,192,5,215,4,target:Boar:546
4046,hunt_start,Sectid,16,259,0,222,3,target:Crocodile:449
4046,hunt_start,Sectid,30,192,5,215,6,target:Boar:546
4046,kill,Rabbit,89,109,5,143,5,killed_by:Sectid:974
4047,hunt_start,Sectid,16,259,0,222,3,target:Crocodile:449
4047,hunt_start,Sectid,30,192,7,215,6,target:Boar:546
4047,hunt_fail,Sectid,73,115,5,133,7,target_died
4047,hunt_fail,Sectid,85,109,1,143,4,target_died
4047,hunt_start,Sectid,85,109,1,143,4,target:Parrot:792
4047,hunt_fail,Sectid,620,88,2,164,4,target_died
4047,hunt_fail,Sectid,978,113,6,135,4,target_died
4048,hunt_start,Sectid,16,259,0,222,3,target:Crocodile:449
4048,hunt_start,Sectid,30,192,7,215,8,target:Boar:546
4049,hunt_start,Sectid,16,259,0,222,3,target:Crocodile:449
4049,hunt_start,Sectid,30,192,9,215,7,target:Boar:546
4050,hunt_start,Sectid,30,192,9,215,8,target:Boar:546
4050,hunt_start,Jaguar,369,33,3,203,2,target:Tapir:501
4051,hunt_start,Sectid,16,258,9,222,5,target:Crocodile:449
4051,hunt_start,Sectid,30,192,8,215,7,target:Boar:546
4052,hunt_start,Sectid,16,259,1,222,5,target:Crocodile:449
4052,hunt_start,Sectid,30,192,9,215,5,target:Boar:546
4053,hunt_start,Sectid,16,259,1,222,5,target:Crocodile:449
4053,hunt_start,Sectid,30,192,8,215,3,target:Boar:546
4054,hunt_start,Sectid,16,259,1,222,5,target:Crocodile:449
4054,hunt_start,Sectid,30,193,0,215,3,target:Boar:546
4055,hunt_start,Sectid,16,259,1,222,5,target:Crocodile:449
4055,hunt_start,Sectid,30,192,9,215,2,target:Boar:546
4056,hunt_start,Sectid,16,259,1,222,5,target:Crocodile:449
4056,hunt_start,Sectid,30,192,7,215,1,target:Boar:546
4057,hunt_start,Sectid,16,259,1,222,5,target:Crocodile:449
4057,hunt_start,Sectid,30,192,6,215,0,target:Boar:546
4058,hunt_start,Sectid,16,259,1,222,5,target:Crocodile:449
4058,hunt_start,Sectid,30,192,7,214,9,target:Boar:546
4059,hunt_start,Sectid,16,259,1,222,5,target:Crocodile:449
4059,hunt_start,Sectid,30,192,8,214,9,target:Boar:546
4059,hunt_fail,Wolf,432,18,1,254,9,discomfort
4060,hunt_start,Sectid,16,259,1,222,5,target:Crocodile:449
4060,hunt_start,Sectid,30,192,7,214,9,target:Boar:546
4061,hunt_start,Sectid,16,259,1,222,5,target:Crocodile:449
4061,hunt_start,Sectid,30,192,5,214,9,target:Boar:546
4062,hunt_start,Sectid,16,259,1,222,5,target:Crocodile:449
4062,hunt_start,Sectid,30,192,4,214,8,target:Boar:546
4063,hunt_start,Sectid,16,259,1,222,5,target:Crocodile:449
4063,hunt_start,Sectid,30,192,5,214,9,target:Boar:546
4064,hunt_start,Sectid,16,259,1,222,5,target:Crocodile:449
4064,hunt_start,Sectid,30,192,4,215,0,target:Boar:546
4064,hunt_start,Boar,836,82,7,151,7,target:Shroomer:387
4065,hunt_start,Sectid,16,259,1,222,5,target:Crocodile:449
4065,hunt_start,Sectid,30,192,3,215,1,target:Boar:546
4066,hunt_start,Sectid,16,259,1,222,5,target:Crocodile:449
4066,hunt_start,Sectid,30,192,5,215,1,target:Boar:546
4067,hunt_start,Sectid,16,259,1,222,5,target:Crocodile:449
4067,hunt_start,Sectid,30,192,6,214,9,target:Boar:546
4068,hunt_start,Sectid,16,259,1,222,5,target:Crocodile:449
4068,hunt_start,Sectid,30,192,4,214,9,target:Boar:546
4069,hunt_start,Sectid,16,259,1,222,5,target:Crocodile:449
4069,hunt_start,Sectid,30,192,5,215,1,target:Boar:546
4070,hunt_start,Sectid,16,259,1,222,5,target:Crocodile:449
4070,hunt_start,Sectid,30,192,6,215,1,target:Boar:774
4071,hunt_start,Sectid,16,259,1,222,5,target:Crocodile:449
4071,hunt_start,Sectid,30,192,6,214,9,target:Boar:546
4071,reproduce,Penguin,400,39,3,36,5,offspring:1
4072,hunt_start,Sectid,16,259,1,222,5,target:Crocodile:449
4072,hunt_start,Sectid,30,192,7,214,8,target:Boar:546
4073,hunt_start,Sectid,16,259,1,222,5,target:Crocodile:449
4073,hunt_start,Sectid,30,192,5,214,9,target:Boar:546
4074,hunt_start,Sectid,16,259,1,222,5,target:Crocodile:449
4074,hunt_start,Sectid,30,192,7,215,0,target:Boar:774
4075,hunt_start,Sectid,16,259,1,222,5,target:Crocodile:449
4075,hunt_start,Sectid,30,192,8,215,0,target:Boar:774
4076,hunt_start,Sectid,16,259,1,222,5,target:Crocodile:449
4076,hunt_start,Sectid,30,192,9,214,8,target:Boar:774
4076,kill,Rabbit,318,156,9,288,0,killed_by:Bear:463
4077,hunt_start,Sectid,16,259,1,222,5,target:Crocodile:449
4077,hunt_start,Sectid,30,192,8,215,0,target:Boar:774
4077,hunt_start,Bear,463,155,7,287,2,target:Rabbit:905
4077,hunt_fail,Jaguar,486,129,1,285,9,target_died
4077,reproduce,Tapir,580,83,5,91,7,offspring:1
4078,hunt_start,Sectid,16,259,1,222,5,target:Crocodile:449
4078,hunt_start,Sectid,30,192,9,215,0,target:Boar:774
4079,hunt_start,Sectid,16,259,1,222,5,target:Crocodile:449
4079,hunt_start,Sectid,30,192,9,214,8,target:Boar:774
4080,hunt_start,Sectid,16,259,1,222,5,target:Crocodile:449
4080,hunt_start,Sectid,30,192,9,214,7,target:Boar:546
4081,hunt_start,Sectid,16,259,1,222,5,target:Crocodile:449
4081,hunt_start,Sectid,30,192,7,214,8,target:Boar:546
4082,hunt_start,Sectid,16,259,1,222,5,target:Crocodile:449
4082,hunt_start,Sectid,30,192,6,214,8,target:Boar:546
4083,hunt_start,Sectid,16,259,1,222,5,target:Crocodile:449
4083,hunt_start,Sectid,30,192,6,214,6,target:Boar:546
4084,hunt_start,Sectid,16,259,1,222,5,target:Crocodile:449
4084,hunt_start,Sectid,30,192,7,214,6,target:Boar:546
4085,hunt_start,Sectid,16,259,1,222,5,target:Crocodile:449
4085,hunt_start,Sectid,30,192,7,214,4,target:Boar:546
4086,hunt_start,Sectid,30,192,8,214,5,target:Boar:546
4087,hunt_start,Sectid,16,259,1,222,5,target:Crocodile:449
4087,hunt_start,Sectid,30,192,7,214,5,target:Boar:546
4088,hunt_start,Sectid,16,259,1,222,5,target:Crocodile:449
4088,hunt_start,Sectid,30,192,6,214,6,target:Boar:546
4089,hunt_start,Sectid,16,259,1,222,5,target:Crocodile:449
4089,hunt_start,Sectid,30,192,5,214,5,target:Boar:546
4090,hunt_start,Sectid,16,259,1,222,5,target:Crocodile:449
4090,hunt_start,Sectid,30,192,7,214,5,target:Boar:546
4091,hunt_start,Sectid,16,259,1,222,5,target:Crocodile:449
4091,hunt_start,Sectid,30,192,7,214,3,target:Boar:546
4092,hunt_start,Sectid,16,259,1,222,5,target:Crocodile:449
4092,hunt_start,Sectid,30,192,6,214,4,target:Boar:546
4092,reproduce,Elk,386,64,0,121,8,offspring:1
4093,hunt_start,Sectid,16,259,1,222,5,target:Crocodile:449
4093,hunt_start,Sectid,30,192,5,214,4,target:Boar:546
4094,hunt_start,Sectid,16,259,1,222,5,target:Crocodile:449
4094,hunt_start,Sectid,30,192,5,214,3,target:Boar:546
4095,environment_death,Shroomer,399,23,1,250,9,drowning
4095,hunt_start,Sectid,16,259,1,222,5,target:Crocodile:449
4095,hunt_start,Sectid,30,192,4,214,2,target:Boar:546
4096,hunt_start,Sectid,16,259,1,222,5,target:Crocodile:449
4096,hunt_start,Sectid,30,192,5,214,3,target:Boar:546
4097,hunt_start,Sectid,16,259,1,222,5,target:Crocodile:449
4098,hunt_start,Sectid,16,259,1,222,5,target:Crocodile:449
4099,hunt_start,Sectid,16,259,1,222,5,target:Crocodile:449
4100,hunt_start,Sectid,16,259,1,222,5,target:Crocodile:449
4100,hunt_fail,Sectid,620,83,2,162,0,discomfort
4101,hunt_start,Sectid,16,259,1,222,5,target:Crocodile:449
4102,hunt_start,Sectid,16,259,1,222,5,target:Crocodile:449
4103,hunt_start,Sectid,16,259,1,222,5,target:Crocodile:449
4105,hunt_start,Sectid,16,259,0,222,4,target:Crocodile:449
4106,hunt_start,Sectid,16,259,2,222,4,target:Crocodile:449
4106,hunt_fail,Sectid,999,252,4,171,3,prey_escaped
4107,hunt_start,Sectid,16,259,2,222,4,target:Crocodile:449
4108,hunt_start,Sectid,16,259,2,222,4,target:Crocodile:449
4108,reproduce,Parrot,540,64,1,208,2,offspring:1
4109,hunt_start,Sectid,16,259,2,222,4,target:Crocodile:449
4110,hunt_start,Sectid,16,259,2,222,4,target:Crocodile:449
4111,starvation,Frog,602,150,0,22,3,
4111,hunt_start,Sectid,16,259,2,222,4,target:Crocodile:449
4111,hunt_fail,Sectid,992,190,8,216,6,discomfort
4112,hunt_start,Sectid,16,259,2,222,4,target:Crocodile:449
4113,hunt_start,Sectid,16,259,2,222,4,target:Crocodile:449
4114,hunt_start,Sectid,16,259,2,222,4,target:Crocodile:449
4115,hunt_start,Sectid,16,259,2,222,4,target:Crocodile:449
4115,reproduce,Rabbit,84,74,4,121,3,offspring:2
4116,hunt_start,Sectid,16,259,2,222,4,target:Crocodile:449
4117,hunt_start,Sectid,16,259,2,222,4,target:Crocodile:449
4118,hunt_start,Sectid,16,259,2,222,4,target:Crocodile:449
4119,hunt_start,Sectid,16,259,2,222,4,target:Crocodile:449
4120,hunt_start,Sectid,16,259,2,222,4,target:Crocodile:449
4121,hunt_start,Sectid,16,259,2,222,4,target:Crocodile:449
4121,reproduce,Camel,254,104,0,164,2,offspring:1
4122,hunt_start,Sectid,16,259,2,222,4,target:Crocodile:449
4123,hunt_start,Sectid,16,259,2,222,4,target:Crocodile:449
4124,hunt_start,Sectid,16,259,2,222,4,target:Crocodile:449
4125,hunt_start,Sectid,16,259,2,222,4,target:Crocodile:449
4126,hunt_start,Sectid,16,259,2,222,4,target:Crocodile:449
4127,hunt_start,Sectid,16,259,2,222,4,target:Crocodile:449
4127,hunt_start,Boar,448,32,4,181,9,target:Lizard:689
4128,hunt_start,Sectid,16,259,2,222,4,target:Crocodile:449
4129,hunt_start,Sectid,16,259,2,222,4,target:Crocodile:449
4130,hunt_start,Sectid,16,259,2,222,4,target:Crocodile:449
4130,kill,Rabbit,998,277,3,132,3,killed_by:Hawk:548
4131,hunt_start,Sectid,16,259,2,222,4,target:Crocodile:449
4131,hunt_start,Hawk,548,277,3,132,1,target:Rabbit:868
4132,hunt_start,Sectid,16,259,2,222,4,target:Crocodile:449
4132,reproduce,Rabbit,697,80,8,266,7,offspring:2
4133,hunt_start,Sectid,16,259,2,222,4,target:Crocodile:449
4134,hunt_start,Sectid,16,259,2,222,4,target:Crocodile:449
4135,hunt_start,Sectid,16,259,2,222,4,target:Crocodile:449
4136,hunt_start,Sectid,16,259,2,222,4,target:Crocodile:449
4136,reproduce,Penguin,269,59,4,23,4,offspring:1
4137,hunt_start,Sectid,16,259,2,222,4,target:Crocodile:449
4138,hunt_start,Sectid,16,259,2,222,4,target:Crocodile:449
4139,hunt_start,Sectid,16,259,2,222,4,target:Crocodile:449
4139,kill,Deer,112,113,7,167,7,killed_by:Sectid:958
4139,reproduce,Deer,41,145,6,146,1,offspring:1
4139,reproduce,Deer,199,159,2,131,1,offspring:1
4139,reproduce,Deer,234,139,4,145,6,offspring:1
4139,reproduce,Deer,489,144,6,136,7,offspring:1
4140,hunt_fail,Sectid,931,113,8,166,9,prey_escaped
4140,hunt_start,Sectid,931,113,8,166,9,target:Camel:1013
4140,hunt_fail,Sectid,1011,113,8,164,1,prey_escaped
4140,hunt_start,Sectid,1011,113,8,164,1,target:Monkey:118
4141,hunt_start,Sectid,16,259,1,222,5,target:Crocodile:449
4142,hunt_start,Sectid,16,259,1,222,5,target:Crocodile:449
4143,hunt_start,Sectid,16,259,1,222,5,target:Crocodile:449
4144,hunt_start,Sectid,16,259,1,222,5,target:Crocodile:449
4145,hunt_start,Sectid,16,259,1,222,5,target:Crocodile:449
4146,hunt_start,Sectid,16,259,1,222,5,target:Crocodile:449
4146,kill,Rabbit,926,38,9,-0,0,killed_by:Hawk:464
4147,hunt_start,Sectid,16,259,1,222,5,target:Crocodile:449
4147,hunt_start,Hawk,464,39,0,0,0,target:Rabbit:1025
4147,reproduce,Hawk,464,39,0,0,0,offspring:1
4148,hunt_start,Sectid,16,259,1,222,5,target:Crocodile:449
4149,hunt_start,Sectid,16,259,1,222,5,target:Crocodile:449
4149,hunt_start,Hawk,926,37,0,0,0,target:Rabbit:1024
4150,hunt_start,Sectid,16,259,1,222,5,target:Crocodile:449
4151,hunt_start,Sectid,16,259,1,222,5,target:Crocodile:449
4152,hunt_start,Sectid,16,259,1,222,5,target:Crocodile:449
4153,hunt_start,Sectid,16,259,1,222,5,target:Crocodile:449
4154,hunt_start,Sectid,16,259,1,222,5,target:Crocodile:449
4154,hunt_fail,Wolf,433,18,0,255,1,discomfort
4155,hunt_start,Sectid,16,259,1,222,5,target:Crocodile:449
4156,hunt_start,Sectid,16,259,1,222,5,target:Crocodile:449
4157,hunt_start,Sectid,16,259,1,222,5,target:Crocodile:449
4159,hunt_start,Sectid,16,259,1,222,5,target:Crocodile:449
4159,kill,Rabbit,997,283,9,118,7,killed_by:Hawk:824
4160,hunt_start,Sectid,16,259,1,222,5,target:Crocodile:449
4160,hunt_start,Hawk,824,283,5,119,1,target:Rabbit:868
4161,hunt_start,Sectid,16,259,1,222,5,target:Crocodile:449
4162,hunt_start,Sectid,16,259,1,222,5,target:Crocodile:449
4163,hunt_start,Sectid,16,259,1,222,5,target:Crocodile:449
4164,hunt_start,Sectid,16,259,1,222,5,target:Crocodile:449
4165,hunt_start,Sectid,16,259,1,222,5,target:Crocodile:449
4166,hunt_start,Sectid,16,259,1,222,5,target:Crocodile:449
4167,hunt_start,Sectid,16,259,1,222,5,target:Crocodile:449
4168,hunt_start,Sectid,16,259,1,222,5,target:Crocodile:449
4169,hunt_start,Sectid,16,259,1,222,5,target:Crocodile:449
4170,hunt_start,Sectid,16,259,1,222,5,target:Crocodile:449
4171,hunt_start,Sectid,16,259,1,222,5,target:Crocodile:449
4171,reproduce,Camel,367,32,0,130,5,offspring:1
4172,hunt_start,Sectid,16,259,1,222,5,target:Crocodile:449
4173,hunt_start,Sectid,16,259,1,222,5,target:Crocodile:449
4174,hunt_start,Sectid,16,259,1,222,5,target:Crocodile:449
4175,hunt_start,Sectid,16,259,1,222,5,target:Crocodile:449
4177,hunt_start,Sectid,16,259,0,222,6,target:Crocodile:449
4178,starvation,Monkey,655,99,9,106,2,
4178,hunt_start,Sectid,16,259,0,222,6,target:Crocodile:449
4179,hunt_start,Sectid,16,259,0,222,6,target:Crocodile:449
4180,hunt_start,Sectid,16,259,0,222,6,target:Crocodile:449
4181,hunt_start,Sectid,16,259,0,222,6,target:Crocodile:449
4182,hunt_start,Sectid,16,259,0,222,6,target:Crocodile:449
4182,hunt_fail,Wolf,431,236,3,89,6,discomfort
4183,hunt_start,Sectid,16,259,0,222,6,target:Crocodile:449
4184,hunt_start,Sectid,16,259,0,222,6,target:Crocodile:449
4185,hunt_start,Sectid,16,259,0,222,6,target:Crocodile:449
4186,hunt_start,Sectid,16,259,0,222,6,target:Crocodile:449
4187,hunt_start,Sectid,16,259,0,222,6,target:Crocodile:449
4188,hunt_start,Sectid,16,259,0,222,6,target:Crocodile:449
4189,hunt_start,Sectid,16,259,0,222,6,target:Crocodile:449
4190,hunt_start,Sectid,16,259,0,222,6,target:Crocodile:449
4191,hunt_start,Sectid,16,259,0,222,6,target:Crocodile:449
4192,hunt_start,Sectid,16,259,0,222,6,target:Crocodile:449
4193,hunt_start,Sectid,16,259,0,222,6,target:Crocodile:449
4194,reproduce,Tapir,362,25,5,239,7,offspring:1
4195,hunt_start,Sectid,16,259,0,222,6,target:Crocodile:449
4196,hunt_start,Sectid,16,259,0,222,6,target:Crocodile:449
4197,hunt_start,Sectid,16,259,0,222,6,target:Crocodile:449
4197,hunt_fail,Wolf,431,236,3,89,4,discomfort
4198,hunt_start,Sectid,16,259,0,222,6,target:Crocodile:449
4199,hunt_start,Sectid,16,259,0,222,6,target:Crocodile:449
4200,hunt_start,Sectid,16,259,0,222,6,target:Crocodile:449
4201,hunt_start,Sectid,16,259,0,222,6,target:Crocodile:449
4202,hunt_start,Sectid,16,259,0,222,6,target:Crocodile:449
4203,hunt_start,Sectid,16,259,0,222,6,target:Crocodile:449
4204,hunt_start,Sectid,16,259,0,222,6,target:Crocodile:449
4205,hunt_start,Sectid,16,259,0,222,6,target:Crocodile:449
4205,kill,Camel,1013,104,9,166,9,killed_by:Sectid:1011
4205,reproduce,Camel,727,92,0,165,3,offspring:1
4206,hunt_start,Sectid,16,259,0,222,6,target:Crocodile:449
4207,hunt_start,Sectid,16,259,0,222,6,target:Crocodile:449
4208,hunt_start,Sectid,16,259,0,222,6,target:Crocodile:449
4209,hunt_start,Sectid,16,259,0,222,6,target:Crocodile:449
4210,hunt_start,Sectid,16,259,0,222,6,target:Crocodile:449
4210,reproduce,Deer,51,64,0,61,0,offspring:1
4211,hunt_start,Sectid,16,259,0,222,6,target:Crocodile:449
4213,hunt_start,Sectid,16,258,9,222,5,target:Crocodile:449
4214,hunt_start,Sectid,16,259,1,222,4,target:Crocodile:449
4215,hunt_start,Sectid,16,259,1,222,4,target:Crocodile:449
4216,hunt_start,Sectid,16,259,1,222,4,target:Crocodile:449
4217,starvation,Fish,813,191,4,21,3,
4217,hunt_start,Sectid,16,259,1,222,4,target:Crocodile:449
4217,reproduce,Fish,173,206,0,9,2,offspring:2
4217,reproduce,Fish,634,205,0,9,0,offspring:2
4217,reproduce,Fish,744,204,4,11,2,offspring:2
4217,reproduce,Fish,745,205,1,10,0,offspring:2
4217,reproduce,Fish,746,203,0,6,3,offspring:2
4217,reproduce,Fish,747,202,1,6,7,offspring:2
4217,reproduce,Fish,815,205,0,12,0,offspring:2
4217,reproduce,Fish,816,205,5,11,1,offspring:2
4217,reproduce,Fish,817,201,9,4,1,offspring:2
4217,reproduce,Fish,818,202,5,3,3,offspring:2
4217,reproduce,Fish,819,201,8,7,7,offspring:2
4217,reproduce,Fish,820,200,9,8,1,offspring:2
4217,reproduce,Fish,829,203,4,10,9,offspring:2
4217,reproduce,Fish,830,203,5,11,9,offspring:2
4217,reproduce,Fish,831,204,2,10,2,offspring:2
4217,reproduce,Fish,832,201,6,8,9,offspring:2
4218,starvation,Lizard,246,138,5,93,1,
4218,hunt_start,Sectid,16,259,1,222,4,target:Crocodile:449
4219,hunt_start,Sectid,16,259,1,222,4,target:Crocodile:449
4220,hunt_start,Sectid,16,259,1,222,4,target:Crocodile:449
4221,hunt_start,Sectid,16,259,1,222,4,target:Crocodile:449
4222,hunt_start,Sectid,16,259,1,222,4,target:Crocodile:449
4222,reproduce,Monkey,768,32,0,35,6,offspring:1
4223,hunt_start,Sectid,16,259,1,222,4,target:Crocodile:449
4224,hunt_start,Sectid,16,259,1,222,4,target:Crocodile:449
4225,hunt_start,Sectid,16,259,1,222,4,target:Crocodile:449
4226,hunt_start,Sectid,16,259,1,222,4,target:Crocodile:449
4227,hunt_start,Sectid,16,259,1,222,4,target:Crocodile:449
4228,hunt_start,Sectid,16,259,1,222,4,target:Crocodile:449
4229,hunt_start,Sectid,16,259,1,222,4,target:Crocodile:449
4229,hunt_start,Sectid,1073,68,4,154,3,target:Monkey:458
4230,hunt_start,Sectid,16,259,1,222,4,target:Crocodile:449
4230,reproduce,Boar,123,207,4,228,2,offspring:2
4230,reproduce,Boar,243,202,8,226,7,offspring:2
4231,hunt_start,Sectid,16,259,1,222,4,target:Crocodile:449
4231,hunt_start,Boar,123,207,4,228,2,target:Shroomer:991
4231,hunt_start,Jaguar,486,128,0,284,5,target:Deer:440
4231,kill,Rabbit,1024,44,7,6,8,killed_by:Hawk:926
4232,hunt_start,Sectid,16,259,1,222,4,target:Crocodile:449
4232,hunt_start,Hawk,926,44,5,6,6,target:Rabbit:1021
4233,hunt_start,Sectid,16,259,1,222,4,target:Crocodile:449
4234,hunt_start,Sectid,16,259,1,222,4,target:Crocodile:449
4234,hunt_fail,Wolf,430,237,3,89,1,discomfort
4234,hunt_start,Hawk,467,147,8,215,4,target:Lizard:822
4235,hunt_start,Sectid,16,259,1,222,4,target:Crocodile:449
4236,hunt_start,Sectid,16,259,1,222,4,target:Crocodile:449
4237,hunt_start,Sectid,16,259,1,222,4,target:Crocodile:449
4238,hunt_start,Sectid,16,259,1,222,4,target:Crocodile:449
4239,hunt_start,Sectid,16,259,1,222,4,target:Crocodile:449
4240,hunt_start,Sectid,16,259,1,222,4,target:Crocodile:449
4241,hunt_start,Sectid,16,259,1,222,4,target:Crocodile:449
4241,kill,Rabbit,1025,26,8,0,0,killed_by:Hawk:464
4242,hunt_start,Sectid,16,259,1,222,4,target:Crocodile:449
4242,hunt_start,Hawk,464,27,1,0,0,target:Monkey:767
4243,hunt_start,Sectid,16,259,1,222,4,target:Crocodile:449
4244,hunt_start,Sectid,16,259,1,222,4,target:Crocodile:449
4245,hunt_start,Sectid,16,259,1,222,4,target:Crocodile:449
4246,hunt_start,Sectid,16,259,1,222,4,target:Crocodile:449
4247,hunt_start,Sectid,16,259,1,222,4,target:Crocodile:449
4249,hunt_start,Sectid,16,259,1,222,4,target:Crocodile:449
4249,kill,Rabbit,985,89,8,141,1,killed_by:Wolf:436
4250,hunt_start,Sectid,16,259,1,222,4,target:Crocodile:449
4251,hunt_start,Sectid,16,259,1,222,4,target:Crocodile:449
4252,hunt_start,Sectid,16,259,1,222,4,target:Crocodile:449
4253,hunt_start,Sectid,16,259,1,222,4,target:Crocodile:449
4254,hunt_start,Sectid,16,259,1,222,4,target:Crocodile:449
4254,reproduce,Monkey,316,139,4,23,0,offspring:1
4255,hunt_start,Sectid,16,259,1,222,4,target:Crocodile:449
4256,hunt_start,Sectid,16,259,1,222,4,target:Crocodile:449
4257,hunt_start,Sectid,16,259,1,222,4,target:Crocodile:449
4258,hunt_start,Sectid,16,259,1,222,4,target:Crocodile:449
4259,hunt_start,Sectid,16,259,1,222,4,target:Crocodile:449
4260,hunt_start,Sectid,16,259,1,222,4,target:Crocodile:449
4261,hunt_start,Sectid,16,259,1,222,4,target:Crocodile:449
4262,hunt_start,Sectid,16,259,1,222,4,target:Crocodile:449
4262,kill,Tapir,501,44,1,191,7,killed_by:Jaguar:369
4262,reproduce,Tapir,666,71,6,200,2,offspring:1
4263,starvation,Elk,206,221,2,149,3,
4263,hunt_start,Sectid,16,259,1,222,4,target:Crocodile:449
4263,reproduce,Elk,204,236,5,132,8,offspring:1
4264,hunt_start,Sectid,16,259,1,222,4,target:Crocodile:449
4265,hunt_start,Sectid,16,259,1,222,4,target:Crocodile:449
4266,reproduce,Deer,46,56,3,97,8,offspring:1
4267,hunt_start,Sectid,16,259,1,222,4,target:Crocodile:449
4268,hunt_start,Sectid,16,259,1,222,4,target:Crocodile:449
4268,hunt_start,Jaguar,485,47,2,193,1,target:Boar:263
4269,hunt_start,Sectid,16,259,1,222,4,target:Crocodile:449
4270,hunt_start,Sectid,16,259,1,222,4,target:Crocodile:449
4271,hunt_start,Sectid,16,259,1,222,4,target:Crocodile:449
4272,hunt_start,Sectid,16,259,1,222,4,target:Crocodile:449
4272,hunt_start,Sectid,1039,103,5,131,5,target:Rabbit:496
4273,hunt_start,Sectid,16,259,1,222,4,target:Crocodile:449
4274,hunt_start,Sectid,16,259,1,222,4,target:Crocodile:449
4275,hunt_start,Sectid,16,259,1,222,4,target:Crocodile:449
4276,hunt_start,Sectid,16,259,1,222,4,target:Crocodile:449
4276,hunt_fail,Jaguar,485,47,3,193,0,discomfort
4277,hunt_start,Sectid,16,259,1,222,4,target:Crocodile:449
4277,hunt_start,Arctic Fox,484,57,7,21,8,target:Penguin:1034
4278,hunt_start,Sectid,16,259,1,222,4,target:Crocodile:449
4279,hunt_start,Sectid,16,259,1,222,4,target:Crocodile:449
4280,hunt_start,Sectid,16,259,1,222,4,target:Crocodile:449
4281,hunt_start,Sectid,16,259,1,222,4,target:Crocodile:449
4282,starvation,Fox,441,193,5,287,9,
4282,hunt_start,Sectid,16,259,1,222,4,target:Crocodile:449
4283,hunt_start,Sectid,16,259,1,222,4,target:Crocodile:449
4285,hunt_start,Sectid,16,259,0,222,3,target:Crocodile:449
4285,hunt_fail,Wolf,434,18,6,255,6,discomfort
4286,hunt_start,Sectid,16,259,0,222,3,target:Crocodile:449
4287,hunt_start,Sectid,16,259,0,222,3,target:Crocodile:449
4288,hunt_start,Sectid,16,259,0,222,3,target:Crocodile:449
4288,kill,Boar,902,21,8,178,0,killed_by:Jaguar:370
4288,reproduce,Jaguar,370,21,1,178,6,offspring:1
4289,hunt_start,Sectid,16,259,0,222,3,target:Crocodile:449
4289,hunt_start,Jaguar,206,18,5,181,5,target:Boar:901
4289,hunt_start,Jaguar,370,21,3,178,5,target:Boar:1008
4290,hunt_start,Sectid,16,259,0,222,3,target:Crocodile:449
4290,hunt_start,Jaguar,485,47,8,193,0,target:Boar:263
4291,hunt_start,Sectid,16,259,0,222,3,target:Crocodile:449
4291,hunt_fail,Jaguar,485,47,8,193,0,discomfort
4291,kill,Musk Ox,290,220,4,188,0,killed_by:Sectid:834
4291,kill,Shroomer,387,78,2,160,3,killed_by:Boar:836
4291,kill,Monkey,458,62,5,147,4,killed_by:Sectid:1073
4291,reproduce,Monkey,171,69,7,147,2,offspring:1
4292,hunt_start,Sectid,16,259,0,222,3,target:Crocodile:449
4292,kill,Rabbit,868,263,4,114,3,killed_by:Hawk:548
4292,hunt_fail,Sectid,720,246,7,174,2,target_died
4292,kill,Rabbit,868,263,4,114,3,killed_by:Hawk:824
4292,hunt_fail,Sectid,997,61,4,149,1,target_died
4292,hunt_start,Sectid,997,61,4,149,1,target:Monkey:171
4292,hunt_fail,Sectid,998,60,3,149,8,target_died
4293,hunt_start,Sectid,16,259,0,222,3,target:Crocodile:449
4293,hunt_start,Hawk,548,263,6,114,4,target:Rabbit:996
4293,hunt_start,Hawk,824,264,0,114,6,target:Rabbit:996
4294,hunt_start,Sectid,16,259,0,222,3,target:Crocodile:449
4294,reproduce,Monkey,952,128,8,15,5,offspring:1
4295,hunt_start,Sectid,16,259,0,222,3,target:Crocodile:449
4296,hunt_start,Sectid,16,259,0,222,3,target:Crocodile:449
4297,hunt_start,Sectid,16,259,0,222,3,target:Crocodile:449
4298,hunt_start,Sectid,16,259,0,222,3,target:Crocodile:449
4299,hunt_start,Sectid,16,259,0,222,3,target:Crocodile:449
4300,hunt_start,Sectid,16,259,0,222,3,target:Crocodile:449
4301,hunt_start,Sectid,16,259,0,222,3,target:Crocodile:449
4301,reproduce,Musk Ox,291,188,0,193,2,offspring:1
4303,hunt_start,Sectid,16,259,0,222,3,target:Crocodile:449
4304,hunt_start,Sectid,16,259,0,222,3,target:Crocodile:449
4305,hunt_start,Sectid,16,259,0,222,3,target:Crocodile:449
4306,hunt_start,Sectid,16,259,0,222,3,target:Crocodile:449
4307,hunt_start,Sectid,16,259,0,222,3,target:Crocodile:449
4307,kill,Parrot,792,78,8,132,4,killed_by:Sectid:85
4308,hunt_start,Sectid,16,259,0,222,3,target:Crocodile:449
4308,hunt_fail,Sectid,73,89,3,134,7,target_died
4308,hunt_start,Sectid,73,89,3,134,7,target:Camel:257
4308,hunt_fail,Sectid,162,96,1,133,2,target_died
4308,hunt_fail,Sectid,974,79,0,132,5,target_died
4308,hunt_fail,Sectid,978,85,0,133,7,target_died
4309,hunt_start,Sectid,16,259,0,222,3,target:Crocodile:449
4309,hunt_fail,Sectid,1000,43,7,152,3,prey_escaped
4309,hunt_start,Sectid,1000,43,7,152,3,target:Shroomer:770
4310,hunt_start,Sectid,16,259,0,222,3,target:Crocodile:449
4310,reproduce,Parrot,871,25,4,221,6,offspring:1
4311,hunt_start,Sectid,16,259,0,222,3,target:Crocodile:449
4311,hunt_fail,Wolf,434,18,6,255,9,discomfort
4312,hunt_start,Sectid,16,259,0,222,3,target:Crocodile:449
4313,hunt_start,Sectid,16,259,0,222,3,target:Crocodile:449
4314,hunt_start,Sectid,16,259,0,222,3,target:Crocodile:449
4315,hunt_start,Sectid,16,259,0,222,3,target:Crocodile:449
4316,hunt_start,Sectid,16,259,0,222,3,target:Crocodile:449
4316,reproduce,Boar,901,25,3,188,8,offspring:2
4316,reproduce,Boar,903,20,6,198,7,offspring:2
4316,reproduce,Boar,904,7,0,199,9,offspring:2
4317,hunt_start,Sectid,16,259,0,222,3,target:Crocodile:449
4317,hunt_start,Wolf,436,93,1,142,1,target:Sectid:73
4317,hunt_start,Boar,458,28,1,190,7,target:Lizard:695
4317,hunt_start,Boar,868,28,1,190,7,target:Lizard:695
4318,hunt_start,Sectid,16,259,0,222,3,target:Crocodile:449
4319,hunt_start,Sectid,16,259,0,222,3,target:Crocodile:449
4321,hunt_start,Sectid,16,259,0,222,3,target:Crocodile:449
4322,hunt_start,Sectid,16,259,1,222,2,target:Crocodile:449
4323,hunt_start,Sectid,16,259,1,222,2,target:Crocodile:449
4324,hunt_start,Sectid,16,259,1,222,2,target:Crocodile:449
4324,hunt_fail,Wolf,434,18,6,256,0,discomfort
4325,hunt_start,Sectid,16,259,1,222,2,target:Crocodile:449
4326,hunt_start,Sectid,16,259,1,222,2,target:Crocodile:449
4327,hunt_start,Sectid,16,259,1,222,2,target:Crocodile:449
4327,reproduce,Parrot,424,8,0,257,7,offspring:1
4327,reproduce,Parrot,880,6,7,256,9,offspring:1
4327,reproduce,Parrot,911,25,0,267,9,offspring:1
4328,hunt_start,Sectid,16,259,1,222,2,target:Crocodile:449
4329,hunt_start,Sectid,16,259,1,222,2,target:Crocodile:449
4330,hunt_start,Sectid,16,259,1,222,2,target:Crocodile:449
4331,hunt_start,Sectid,16,259,1,222,2,target:Crocodile:449
4331,hunt_start,Sectid,1084,64,3,157,0,target:Monkey:441
4332,hunt_start,Sectid,16,259,1,222,2,target:Crocodile:449
4332,reproduce,Elk,101,64,0,115,7,offspring:1
4333,hunt_start,Sectid,16,259,1,222,2,target:Crocodile:449
4334,hunt_start,Sectid,16,259,1,222,2,target:Crocodile:449
4335,hunt_start,Sectid,16,259,1,222,2,target:Crocodile:449
4336,hunt_start,Sectid,16,259,1,222,2,target:Crocodile:449
4337,hunt_start,Sectid,16,259,1,222,2,target:Crocodile:449
4337,hunt_fail,Wolf,434,18,7,255,8,discomfort
4338,hunt_start,Sectid,16,259,1,222,2,target:Crocodile:449
4339,hunt_start,Sectid,16,259,1,222,2,target:Crocodile:449
4340,hunt_start,Sectid,16,259,1,222,2,target:Crocodile:449
4341,hunt_start,Sectid,16,259,1,222,2,target:Crocodile:449
4342,hunt_start,Sectid,16,259,1,222,2,target:Crocodile:449
4343,hunt_start,Sectid,16,259,1,222,2,target:Crocodile:449
4343,hunt_fail,Arctic Fox,484,57,3,29,7,discomfort
4344,hunt_start,Sectid,16,259,1,222,2,target:Crocodile:449
4345,hunt_start,Sectid,16,259,1,222,2,target:Crocodile:449
4346,hunt_start,Sectid,16,259,1,222,2,target:Crocodile:449
4347,hunt_start,Sectid,16,259,1,222,2,target:Crocodile:449
4348,starvation,Elk,222,206,5,86,5,
4348,hunt_start,Sectid,16,259,1,222,2,target:Crocodile:449
4349,hunt_start,Sectid,16,259,1,222,2,target:Crocodile:449
4350,hunt_start,Sectid,16,259,1,222,2,target:Crocodile:449
4351,hunt_start,Sectid,16,259,1,222,2,target:Crocodile:449
4352,hunt_start,Sectid,16,259,1,222,2,target:Crocodile:449
4353,hunt_start,Sectid,16,259,1,222,2,target:Crocodile:449
4354,hunt_start,Sectid,16,259,1,222,2,target:Crocodile:449
4355,hunt_start,Sectid,16,259,1,222,2,target:Crocodile:449
4357,hunt_start,Sectid,16,259,1,222,1,target:Crocodile:449
4358,hunt_start,Sectid,16,259,1,222,1,target:Crocodile:449
4359,hunt_start,Sectid,16,259,1,222,1,target:Crocodile:449
4360,hunt_start,Sectid,16,259,1,222,1,target:Crocodile:449
4361,hunt_start,Sectid,16,259,1,222,1,target:Crocodile:449
4362,hunt_start,Sectid,16,259,1,222,1,target:Crocodile:449
4362,hunt_fail,Wolf,434,18,0,255,3,discomfort
4363,hunt_start,Sectid,16,259,1,222,1,target:Crocodile:449
4363,reproduce,Rabbit,113,32,0,219,0,offspring:2
4364,hunt_start,Sectid,16,259,1,222,1,target:Crocodile:449
4365,hunt_start,Sectid,16,259,1,222,1,target:Crocodile:449
4366,hunt_start,Sectid,16,259,1,222,1,target:Crocodile:449
4366,hunt_fail,Sectid,931,115,7,142,4,prey_escaped
4367,hunt_start,Sectid,16,259,1,222,1,target:Crocodile:449
4367,hunt_fail,Wolf,432,19,7,256,1,discomfort
4368,hunt_start,Sectid,16,259,1,222,1,target:Crocodile:449
4369,hunt_start,Sectid,16,259,1,222,1,target:Crocodile:449
4370,hunt_start,Sectid,16,259,1,222,1,target:Crocodile:449
4371,hunt_start,Sectid,16,259,1,222,1,target:Crocodile:449
4372,hunt_start,Sectid,16,259,1,222,1,target:Crocodile:449
4373,hunt_start,Sectid,16,259,1,222,1,target:Crocodile:449
4374,kill,Rabbit,496,83,7,123,1,killed_by:Sectid:1039
4375,hunt_start,Sectid,16,259,0,222,0,target:Crocodile:449
4375,hunt_fail,Sectid,222,114,7,128,4,target_died
4375,hunt_start,Sectid,1039,84,1,123,3,target:Rabbit:456
4376,hunt_start,Sectid,16,259,0,222,0,target:Crocodile:449
4376,hunt_start,Jaguar,574,37,9,181,7,target:Lizard:695
4377,hunt_start,Sectid,16,259,0,222,0,target:Crocodile:449
4377,kill,Deer,112,150,2,146,6,killed_by:Sectid:443
4378,hunt_start,Sectid,16,259,0,222,0,target:Crocodile:449
4378,hunt_fail,Sectid,246,149,0,146,9,target_died
4378,hunt_start,Sectid,246,149,0,146,9,target:Deer:234
4378,hunt_fail,Sectid,931,115,8,141,1,target_died
4378,hunt_fail,Sectid,1026,149,4,147,0,target_died
4378,hunt_start,Sectid,1026,149,4,147,0,target:Deer:234
4379,hunt_start,Sectid,16,259,0,222,0,target:Crocodile:449
4380,hunt_start,Sectid,16,259,0,222,0,target:Crocodile:449
4381,starvation,Wolf,439,16,0,81,5,
4381,hunt_start,Sectid,16,259,0,222,0,target:Crocodile:449
4382,hunt_start,Sectid,16,259,0,222,0,target:Crocodile:449
4383,hunt_start,Sectid,16,259,0,222,0,target:Crocodile:449
4384,hunt_start,Sectid,16,259,0,222,0,target:Crocodile:449
4385,hunt_start,Sectid,16,259,0,222,0,target:Crocodile:449
4386,hunt_start,Sectid,16,259,0,222,0,target:Crocodile:449
4387,hunt_start,Sectid,16,259,0,222,0,target:Crocodile:449
4388,hunt_start,Sectid,16,259,0,222,0,target:Crocodile:449
4389,hunt_start,Sectid,16,259,0,222,0,target:Crocodile:449
4390,hunt_start,Sectid,16,259,0,222,0,target:Crocodile:449
4390,hunt_fail,Wolf,432,20,0,257,2,discomfort
4391,hunt_start,Sectid,16,259,0,222,0,target:Crocodile:449
4391,kill,Monkey,171,79,5,150,6,killed_by:Sectid:997
4392,hunt_start,Sectid,997,79,1,150,6,target:Monkey:441
4392,hunt_fail,Sectid,998,78,8,150,6,target_died
4393,hunt_start,Sectid,16,258,8,221,9,target:Crocodile:449
4394,hunt_start,Sectid,16,258,8,221,7,target:Crocodile:449
4395,hunt_start,Sectid,16,259,0,221,7,target:Crocodile:449
4396,hunt_start,Sectid,16,259,0,221,7,target:Crocodile:449
4397,hunt_start,Sectid,16,259,0,221,7,target:Crocodile:449
4398,hunt_start,Sectid,16,259,0,221,7,target:Crocodile:449
4399,hunt_start,Sectid,16,259,0,221,7,target:Crocodile:449
4400,hunt_start,Sectid,16,259,0,221,7,target:Crocodile:449
4401,hunt_start,Sectid,16,259,0,221,7,target:Crocodile:449
4401,hunt_fail,Sectid,997,78,3,150,8,discomfort
4402,hunt_start,Sectid,16,259,0,221,7,target:Crocodile:449
4403,hunt_start,Sectid,16,259,0,221,7,target:Crocodile:449
4404,hunt_start,Sectid,16,259,0,221,7,target:Crocodile:449
4404,hunt_fail,Sectid,998,77,7,150,9,discomfort
4404,reproduce,Deer,493,191,6,268,8,offspring:1
4405,hunt_start,Sectid,16,259,0,221,7,target:Crocodile:449
4406,hunt_start,Sectid,16,259,0,221,7,target:Crocodile:449
4407,hunt_start,Sectid,16,259,0,221,7,target:Crocodile:449
4408,hunt_start,Sectid,16,259,0,221,7,target:Crocodile:449
4409,hunt_start,Sectid,16,259,0,221,7,target:Crocodile:449
4409,reproduce,Parrot,699,71,3,285,4,offspring:1
4410,hunt_start,Sectid,16,259,0,221,7,target:Crocodile:449
4411,hunt_start,Sectid,16,259,0,221,7,target:Crocodile:449
4412,hunt_start,Sectid,16,259,0,221,7,target:Crocodile:449
4413,hunt_start,Sectid,16,259,0,221,7,target:Crocodile:449
4414,hunt_start,Sectid,16,259,0,221,7,target:Crocodile:449
4415,hunt_start,Sectid,16,259,0,221,7,target:Crocodile:449
4416,hunt_start,Sectid,16,259,0,221,7,target:Crocodile:449
4417,hunt_start,Sectid,16,259,0,221,7,target:Crocodile:449
4418,hunt_start,Sectid,16,259,0,221,7,target:Crocodile:449
4418,reproduce,Monkey,963,61,7,180,7,offspring:1
4419,hunt_start,Sectid,16,259,0,221,7,target:Crocodile:449
4419,hunt_start,Arctic Fox,484,59,9,28,9,target:Rabbit:573
4420,hunt_start,Sectid,16,259,0,221,7,target:Crocodile:449
4421,hunt_start,Sectid,16,259,0,221,7,target:Crocodile:449
4422,hunt_start,Sectid,16,259,0,221,7,target:Crocodile:449
4423,hunt_start,Sectid,16,259,0,221,7,target:Crocodile:449
4424,hunt_start,Sectid,16,259,0,221,7,target:Crocodile:449
4425,hunt_start,Sectid,16,259,0,221,7,target:Crocodile:449
4426,hunt_start,Sectid,16,259,0,221,7,target:Crocodile:449
4427,hunt_start,Sectid,16,259,0,221,7,target:Crocodile:449
4428,hunt_start,Sectid,16,259,0,221,7,target:Crocodile:449
4429,hunt_start,Sectid,16,259,0,221,7,target:Crocodile:449
4429,kill,Rabbit,996,261,4,94,1,killed_by:Hawk:548
4430,hunt_start,Sectid,16,259,0,221,7,target:Crocodile:449
4430,hunt_fail,Hawk,824,261,4,94,8,target_died
4430,hunt_start,Hawk,824,261,4,94,8,target:Penguin:358
4430,hunt_fail,Sectid,931,116,2,135,5,prey_escaped
4431,hunt_start,Sectid,16,259,0,221,7,target:Crocodile:449
4432,hunt_start,Sectid,16,259,0,221,7,target:Crocodile:449
4432,kill,Shroomer,991,216,1,229,0,killed_by:Boar:123
4433,hunt_start,Sectid,16,259,0,221,7,target:Crocodile:449
4434,hunt_start,Sectid,16,259,0,221,7,target:Crocodile:449
4435,hunt_start,Sectid,16,259,0,221,7,target:Crocodile:449
4435,kill,Rabbit,1021,73,7,4,0,killed_by:Hawk:926
4436,starvation,Monkey,38,137,4,102,5,
4436,hunt_start,Sectid,16,259,0,221,7,target:Crocodile:449
4436,hunt_start,Hawk,926,73,5,4,0,target:Rabbit:924
4436,reproduce,Turtle,188,42,7,211,6,offspring:1
4437,hunt_start,Sectid,16,259,0,221,7,target:Crocodile:449
4438,hunt_start,Sectid,16,259,0,221,7,target:Crocodile:449
4439,hunt_start,Sectid,16,259,0,221,7,target:Crocodile:449
4440,hunt_start,Sectid,16,259,0,221,7,target:Crocodile:449
4440,hunt_start,Sectid,998,74,3,151,9,target:Monkey:441
4440,reproduce,Deer,881,19,9,48,9,offspring:1
4441,hunt_start,Sectid,16,259,0,221,7,target:Crocodile:449
4442,hunt_start,Sectid,16,259,0,221,7,target:Crocodile:449
4443,hunt_start,Sectid,16,259,0,221,7,target:Crocodile:449
4443,hunt_fail,Wolf,432,20,3,257,1,discomfort
4444,hunt_start,Sectid,16,259,0,221,7,target:Crocodile:449
4445,hunt_start,Sectid,16,259,0,221,7,target:Crocodile:449
4445,kill,Rabbit,937,152,9,288,0,killed_by:Wolf:812
4446,hunt_start,Sectid,16,259,0,221,7,target:Crocodile:449
4446,hunt_fail,Wolf,76,153,2,287,0,target_died
4446,hunt_start,Wolf,76,153,2,287,0,target:Lizard:508
4446,hunt_start,Wolf,812,152,7,287,3,target:Lizard:508
4447,kill,Boar,901,27,5,191,8,killed_by:Jaguar:206
4448,hunt_start,Sectid,16,259,0,221,9,target:Crocodile:449
4448,hunt_start,Jaguar,206,27,2,191,3,target:Turtle:651
4449,hunt_start,Sectid,16,259,0,221,9,target:Crocodile:449
4450,hunt_start,Sectid,16,259,0,221,9,target:Crocodile:449
4451,hunt_start,Sectid,16,259,0,221,9,target:Crocodile:449
4451,hunt_start,Sectid,997,73,5,152,2,target:Monkey:441
4452,hunt_start,Sectid,16,259,0,221,9,target:Crocodile:449
4453,hunt_start,Sectid,16,259,0,221,9,target:Crocodile:449
4453,kill,Lizard,822,121,3,182,3,killed_by:Hawk:467
4453,hunt_fail,Arctic Fox,484,63,7,28,9,discomfort
4453,kill,Deer,234,135,1,146,1,killed_by:Sectid:1026
4454,hunt_start,Sectid,16,259,0,221,9,target:Crocodile:449
4454,hunt_fail,Sectid,246,142,0,143,1,target_died
4454,hunt_start,Sectid,246,142,0,143,1,target:Deer:1036
4454,hunt_fail,Sectid,443,142,7,143,0,target_died
4454,hunt_start,Hawk,467,121,3,182,4,target:Lizard:522
4454,hunt_start,Sectid,1026,135,5,146,0,target:Deer:1036
4455,hunt_start,Sectid,16,259,0,221,9,target:Crocodile:449
4456,hunt_start,Sectid,16,259,0,221,9,target:Crocodile:449
4457,hunt_start,Sectid,16,259,0,221,9,target:Crocodile:449
4457,hunt_start,Sectid,25,50,9,100,6,target:Deer:46
4458,hunt_start,Sectid,16,259,0,221,9,target:Crocodile:449
4459,hunt_start,Sectid,16,259,0,221,9,target:Crocodile:449
4459,reproduce,Parrot,348,12,6,171,7,offspring:1
4460,hunt_start,Sectid,16,259,0,221,9,target:Crocodile:449
4461,hunt_start,Sectid,16,259,0,221,9,target:Crocodile:449
4462,hunt_start,Sectid,16,259,0,221,9,target:Crocodile:449
4463,hunt_start,Sectid,16,259,0,221,9,target:Crocodile:449
4464,hunt_start,Sectid,16,259,0,221,9,target:Crocodile:449
4466,hunt_start,Sectid,16,259,1,221,9,target:Crocodile:449
4467,hunt_start,Sectid,16,259,1,221,9,target:Crocodile:449
4468,environment_death,Sectid,30,201,8,213,3,drowning
4468,hunt_start,Sectid,16,259,1,221,9,target:Crocodile:449
4468,hunt_fail,Sectid,25,53,4,100,2,discomfort
4469,hunt_start,Sectid,16,259,1,221,9,target:Crocodile:449
4470,hunt_start,Sectid,16,259,1,221,9,target:Crocodile:449
4470,hunt_start,Scorpion,469,72,5,22,7,target:Shroomer:38
4471,hunt_start,Sectid,16,259,1,221,9,target:Crocodile:449
4472,hunt_start,Sectid,16,259,1,221,9,target:Crocodile:449
4473,hunt_start,Sectid,16,259,1,221,9,target:Crocodile:449
4474,hunt_start,Sectid,16,259,1,221,9,target:Crocodile:449
4475,hunt_start,Sectid,16,259,1,221,9,target:Crocodile:449
4476,hunt_start,Sectid,16,259,1,221,9,target:Crocodile:449
4477,hunt_start,Sectid,16,259,1,221,9,target:Crocodile:449
4478,hunt_start,Sectid,16,259,1,221,9,target:Crocodile:449
4478,reproduce,Turtle,190,70,3,258,9,offspring:1
4479,hunt_start,Sectid,16,259,1,221,9,target:Crocodile:449
4480,hunt_start,Sectid,16,259,1,221,9,target:Crocodile:449
4481,hunt_start,Sectid,16,259,1,221,9,target:Crocodile:449
4482,hunt_start,Sectid,16,259,1,221,9,target:Crocodile:449
4484,hunt_start,Sectid,16,258,9,221,8,target:Crocodile:449
4485,hunt_start,Sectid,16,258,9,221,8,target:Crocodile:449
4486,hunt_start,Sectid,16,258,9,221,8,target:Crocodile:449
4487,hunt_start,Sectid,16,258,9,221,8,target:Crocodile:449
4488,hunt_start,Sectid,16,258,9,221,8,target:Crocodile:449
4489,hunt_start,Sectid,16,258,9,221,8,target:Crocodile:449
4489,kill,Boar,1008,37,6,172,9,killed_by:Jaguar:370
4490,hunt_start,Sectid,16,258,9,221,8,target:Crocodile:449
4491,hunt_start,Sectid,16,258,9,221,8,target:Crocodile:449
4492,hunt_start,Sectid,16,258,9,221,8,target:Crocodile:449
4493,hunt_start,Sectid,16,258,9,221,8,target:Crocodile:449
4493,kill,Monkey,767,50,8,31,0,killed_by:Hawk:464
4494,hunt_start,Sectid,16,258,9,221,8,target:Crocodile:449
4494,hunt_start,Hawk,464,50,6,30,8,target:Penguin:920
4494,hunt_fail,Sectid,1084,80,9,155,7,discomfort
4495,hunt_start,Sectid,16,258,9,221,8,target:Crocodile:449
4495,hunt_fail,Wolf,432,20,3,257,0,discomfort
4495,hunt_start,Sectid,1084,81,1,155,7,target:Monkey:441
4496,hunt_start,Sectid,16,258,9,221,8,target:Crocodile:449
4497,hunt_start,Sectid,16,258,9,221,8,target:Crocodile:449
4498,hunt_start,Sectid,16,258,9,221,8,target:Crocodile:449
4498,reproduce,Penguin,886,145,4,71,3,offspring:1
4499,hunt_start,Sectid,16,258,9,221,8,target:Crocodile:449
4499,kill,Camel,257,94,6,133,5,killed_by:Sectid:620
4500,hunt_start,Sectid,16,258,9,221,8,target:Crocodile:449
4500,hunt_start,Sectid,73,110,0,130,7,target:Wolf:436
4500,hunt_fail,Sectid,85,68,7,150,5,target_died
4500,hunt_start,Sectid,85,68,7,150,5,target:Parrot:883
4500,hunt_start,Sectid,162,107,5,131,3,target:Wolf:436
4500,hunt_fail,Sectid,974,68,3,150,3,target_died
4500,hunt_start,Sectid,974,68,3,150,3,target:Parrot:883
4500,hunt_fail,Sectid,978,70,8,149,2,target_died
4501,hunt_start,Sectid,73,110,1,130,7,target:Wolf:436
4501,hunt_fail,Sectid,1084,82,4,155,9,discomfort
4502,hunt_start,Sectid,16,258,8,222,1,target:Crocodile:449
4502,hunt_start,Sectid,73,110,2,130,7,target:Wolf:436
4503,hunt_start,Sectid,16,259,0,222,0,target:Crocodile:449
4503,hunt_start,Sectid,73,110,3,130,7,target:Wolf:436
4504,hunt_start,Sectid,16,259,0,222,0,target:Crocodile:449
4504,hunt_start,Sectid,73,110,4,130,6,target:Wolf:436
4505,hunt_start,Sectid,16,259,0,222,0,target:Crocodile:449
4505,hunt_start,Sectid,73,110,5,130,6,target:Wolf:436
4506,hunt_start,Sectid,16,259,0,222,0,target:Crocodile:449
4506,hunt_start,Sectid,73,110,7,130,6,target:Wolf:436
4507,hunt_start,Sectid,16,259,0,222,0,target:Crocodile:449
4507,hunt_start,Sectid,73,110,8,130,6,target:Wolf:436
4508,hunt_start,Sectid,16,259,0,222,0,target:Crocodile:449
4508,hunt_start,Sectid,73,110,9,130,6,target:Wolf:436
4508,kill,Deer,440,118,6,284,4,killed_by:Jaguar:486
4509,hunt_start,Sectid,16,259,0,222,0,target:Crocodile:449
4509,hunt_start,Sectid,73,111,0,130,5,target:Wolf:436
4510,hunt_start,Sectid,16,259,0,222,0,target:Crocodile:449
4510,hunt_start,Sectid,73,111,1,130,5,target:Wolf:436
4511,hunt_start,Sectid,16,259,0,222,0,target:Crocodile:449
4511,hunt_start,Sectid,73,111,2,130,5,target:Wolf:436
4511,hunt_start,Jaguar,485,53,7,193,0,target:Tapir:359
4512,hunt_start,Sectid,16,259,0,222,0,target:Crocodile:449
4512,hunt_start,Sectid,73,111,3,130,5,target:Wolf:436
4513,hunt_start,Sectid,16,259,0,222,0,target:Crocodile:449
4513,hunt_start,Sectid,73,111,4,130,5,target:Wolf:436
4514,hunt_start,Sectid,16,259,0,222,0,target:Crocodile:449
4514,hunt_start,Sectid,73,111,5,130,4,target:Wolf:436
4515,hunt_start,Sectid,16,259,0,222,0,target:Crocodile:449
4515,hunt_start,Sectid,73,111,6,130,4,target:Wolf:436
4516,hunt_start,Sectid,16,259,0,222,0,target:Crocodile:449
4516,hunt_start,Sectid,73,111,7,130,4,target:Wolf:436
4517,hunt_start,Sectid,16,259,0,222,0,target:Crocodile:449
4517,hunt_start,Sectid,73,111,8,130,4,target:Wolf:436
4518,hunt_start,Sectid,16,259,0,222,0,target:Crocodile:449
4518,hunt_start,Sectid,73,112,0,130,4,target:Wolf:436
4519,hunt_start,Sectid,16,259,0,222,0,target:Crocodile:449
4519,hunt_start,Sectid,73,112,1,130,3,target:Wolf:436
4520,hunt_start,Sectid,16,259,0,222,0,target:Crocodile:449
4520,hunt_start,Sectid,73,112,2,130,3,target:Wolf:436
4521,hunt_start,Sectid,16,259,0,222,0,target:Crocodile:449
4521,hunt_start,Sectid,73,112,3,130,3,target:Wolf:436
4522,hunt_start,Sectid,16,259,0,222,0,target:Crocodile:449
4522,hunt_start,Sectid,73,112,4,130,3,target:Wolf:436
4523,hunt_start,Sectid,16,259,0,222,0,target:Crocodile:449
4523,hunt_start,Sectid,73,112,5,130,3,target:Wolf:436
4524,hunt_start,Sectid,16,259,0,222,0,target:Crocodile:449
4524,hunt_start,Sectid,73,112,6,130,2,target:Wolf:436
4525,hunt_start,Sectid,16,259,0,222,0,target:Crocodile:449
4525,hunt_start,Sectid,73,112,7,130,2,target:Wolf:436
4526,hunt_start,Sectid,16,259,0,222,0,target:Crocodile:449
4526,hunt_start,Sectid,73,112,8,130,2,target:Wolf:436
4527,starvation,Lizard,526,61,6,219,7,
4527,hunt_start,Sectid,16,259,0,222,0,target:Crocodile:449
4527,hunt_start,Sectid,73,112,9,130,2,target:Wolf:436
4528,hunt_start,Sectid,16,259,0,222,0,target:Crocodile:449
4528,hunt_start,Sectid,73,113,0,130,4,target:Wolf:436
4529,hunt_start,Sectid,16,259,0,222,0,target:Crocodile:449
4529,hunt_start,Sectid,73,113,2,130,3,target:Wolf:436
4530,hunt_start,Sectid,16,259,0,222,0,target:Crocodile:449
4530,hunt_start,Sectid,73,113,2,130,5,target:Wolf:436
4531,hunt_start,Sectid,16,259,0,222,0,target:Crocodile:449
4531,hunt_start,Sectid,73,113,3,130,3,target:Wolf:436
4532,hunt_start,Sectid,16,259,0,222,0,target:Crocodile:449
4532,hunt_start,Sectid,73,113,4,130,1,target:Wolf:436
4533,hunt_start,Sectid,16,259,0,222,0,target:Crocodile:449
4533,hunt_start,Sectid,73,113,6,130,0,target:Wolf:436
4533,hunt_fail,Sectid,998,80,9,155,5,discomfort
4534,hunt_start,Sectid,16,259,0,222,0,target:Crocodile:449
4534,hunt_start,Sectid,73,113,5,129,8,target:Wolf:436
4535,hunt_start,Sectid,16,259,0,222,0,target:Crocodile:449
4535,hunt_start,Sectid,73,113,5,129,5,target:Wolf:436
4536,hunt_start,Sectid,16,259,0,222,0,target:Crocodile:449
4536,hunt_start,Sectid,73,113,7,129,4,target:Wolf:436
4536,hunt_start,Sectid,998,81,4,155,6,target:Monkey:441
4537,hunt_start,Sectid,73,113,5,129,3,target:Wolf:436
4537,hunt_fail,Wolf,431,238,0,88,4,discomfort
4538,hunt_start,Sectid,16,258,9,221,9,target:Crocodile:449
4538,hunt_start,Sectid,73,113,6,129,5,target:Wolf:436
4538,hunt_fail,Sectid,997,80,8,155,4,discomfort
4538,reproduce,Parrot,989,95,1,161,9,offspring:1
4539,hunt_start,Sectid,16,259,1,222,1,target:Crocodile:449
4539,hunt_start,Sectid,73,113,5,129,3,target:Wolf:436
4540,hunt_start,Sectid,16,259,1,222,1,target:Crocodile:449
4540,hunt_start,Sectid,73,113,3,129,4,target:Wolf:436
4540,hunt_fail,Wolf,434,18,5,255,6,discomfort
4541,hunt_start,Sectid,16,259,1,222,1,target:Crocodile:449
4541,hunt_start,Sectid,73,113,5,129,6,target:Wolf:436
4541,hunt_fail,Sectid,998,82,5,155,8,discomfort
4542,hunt_start,Sectid,16,259,1,222,1,target:Crocodile:449
4542,hunt_start,Sectid,73,113,7,129,7,target:Wolf:436
4543,hunt_start,Sectid,16,259,1,222,1,target:Crocodile:449
4543,hunt_start,Sectid,73,113,6,129,4,target:Wolf:436
4544,hunt_start,Sectid,16,259,1,222,1,target:Crocodile:449
4544,hunt_start,Sectid,73,113,4,129,4,target:Wolf:436
4544,hunt_start,Arctic Fox,484,66,6,28,4,target:Penguin:269
4545,hunt_start,Sectid,16,259,1,222,1,target:Crocodile:449
4545,hunt_start,Sectid,73,113,1,129,4,target:Wolf:436
4545,kill,Tapir,359,59,1,192,5,killed_by:Jaguar:485
4546,hunt_start,Sectid,16,259,1,222,1,target:Crocodile:449
4546,hunt_start,Sectid,73,112,9,129,5,target:Wolf:436
4547,hunt_start,Sectid,16,259,1,222,1,target:Crocodile:449
4547,hunt_start,Sectid,73,112,9,129,7,target:Wolf:436
4548,hunt_start,Sectid,16,259,1,222,1,target:Crocodile:449
4548,hunt_start,Sectid,73,112,7,129,6,target:Wolf:436
4548,reproduce,Rabbit,495,86,5,125,9,offspring:2
4549,starvation,Parrot,28,98,0,35,9,
4549,hunt_start,Sectid,16,259,1,222,1,target:Crocodile:449
4549,hunt_start,Sectid,73,112,6,129,8,target:Wolf:436
4549,hunt_fail,Hawk,650,106,9,64,4,target_died
4549,hunt_start,Hawk,650,106,9,64,4,target:Frog:510
4550,hunt_start,Sectid,16,259,1,222,1,target:Crocodile:449
4550,hunt_start,Sectid,73,112,8,129,7,target:Wolf:436
4551,starvation,Elk,209,223,7,147,5,
4551,hunt_start,Sectid,16,259,1,222,1,target:Crocodile:449
4551,hunt_start,Sectid,73,112,8,130,0,target:Wolf:436
4552,hunt_start,Sectid,16,259,1,222,1,target:Crocodile:449
4552,hunt_start,Sectid,73,112,6,130,0,target:Wolf:436
4553,hunt_start,Sectid,16,259,1,222,1,target:Crocodile:449
4553,hunt_start,Sectid,73,112,8,129,8,target:Wolf:436
4554,hunt_start,Sectid,16,259,1,222,1,target:Crocodile:449
4554,hunt_start,Sectid,73,112,8,129,6,target:Wolf:436
4554,hunt_fail,Wolf,432,20,2,256,9,discomfort
4555,hunt_start,Sectid,16,259,1,222,1,target:Crocodile:449
4555,hunt_start,Sectid,73,112,7,129,4,target:Wolf:436
4556,hunt_start,Sectid,16,259,1,222,1,target:Crocodile:449
4556,hunt_start,Sectid,73,112,6,129,1,target:Wolf:436
4557,hunt_start,Sectid,16,259,1,222,1,target:Crocodile:449
4557,hunt_start,Sectid,73,112,4,129,1,target:Wolf:436
4558,hunt_start,Sectid,16,259,1,222,1,target:Crocodile:449
4558,hunt_start,Sectid,73,112,5,128,9,target:Wolf:436
4559,hunt_start,Sectid,16,259,1,222,1,target:Crocodile:449
4559,hunt_start,Sectid,73,112,6,129,1,target:Wolf:436
4560,hunt_start,Sectid,16,259,1,222,1,target:Crocodile:449
4560,hunt_start,Sectid,73,112,4,129,1,target:Wolf:436
4561,hunt_start,Sectid,16,259,1,222,1,target:Crocodile:449
4561,hunt_start,Sectid,73,112,4,128,8,target:Wolf:436
4562,hunt_start,Sectid,16,259,1,222,1,target:Crocodile:449
4562,hunt_start,Sectid,73,112,3,128,6,target:Wolf:436
4563,hunt_start,Sectid,16,259,1,222,1,target:Crocodile:449
4563,hunt_start,Sectid,73,112,5,128,4,target:Wolf:436
4563,reproduce,Lizard,141,160,0,138,6,offspring:2
4563,reproduce,Lizard,671,199,2,130,9,offspring:2
4564,hunt_start,Sectid,16,259,1,222,1,target:Crocodile:449
4564,hunt_start,Sectid,73,112,3,128,5,target:Wolf:436
4565,hunt_start,Sectid,16,259,1,222,1,target:Crocodile:449
4565,hunt_start,Sectid,73,112,0,128,4,target:Wolf:436
4566,hunt_start,Sectid,16,259,1,222,1,target:Crocodile:449
4566,hunt_start,Sectid,73,111,9,128,2,target:Wolf:436
4566,hunt_start,Sectid,997,80,9,156,8,target:Boar:836
4567,hunt_start,Sectid,16,259,1,222,1,target:Crocodile:449
4567,hunt_start,Sectid,73,112,1,128,3,target:Wolf:436
4568,hunt_start,Sectid,16,259,1,222,1,target:Crocodile:449
4568,hunt_start,Sectid,73,112,1,128,5,target:Wolf:436
4569,hunt_start,Sectid,16,259,1,222,1,target:Crocodile:449
4569,hunt_start,Sectid,73,112,0,128,3,target:Wolf:436
4570,hunt_start,Sectid,16,259,1,222,1,target:Crocodile:449
4570,hunt_start,Sectid,73,112,2,128,4,target:Wolf:436
4571,hunt_start,Sectid,16,259,1,222,1,target:Crocodile:449
4571,hunt_start,Sectid,73,112,1,128,5,target:Wolf:436
4571,kill,Penguin,358,274,1,82,2,killed_by:Hawk:824
4571,reproduce,Penguin,108,278,0,79,1,offspring:1
4571,reproduce,Penguin,126,276,8,71,1,offspring:1
4571,reproduce,Penguin,195,264,9,82,7,offspring:1
4571,reproduce,Penguin,245,259,0,82,4,offspring:1
4571,reproduce,Penguin,276,283,9,84,2,offspring:1
4571,reproduce,Penguin,277,276,4,74,6,offspring:1
4571,reproduce,Penguin,321,279,1,82,3,offspring:1
4571,reproduce,Penguin,613,268,4,73,9,offspring:1
4572,hunt_start,Sectid,16,259,1,222,1,target:Crocodile:449
4572,hunt_start,Sectid,73,112,0,128,7,target:Wolf:436
4572,hunt_fail,Wolf,434,18,0,255,6,discomfort
4572,hunt_start,Hawk,824,273,9,82,5,target:Penguin:417
4573,hunt_start,Sectid,73,111,8,128,6,target:Wolf:436
4574,hunt_start,Sectid,16,258,9,221,9,target:Crocodile:449
4574,hunt_start,Sectid,73,111,9,128,4,target:Wolf:436
4574,reproduce,Hawk,548,262,5,87,1,offspring:1
4575,hunt_start,Sectid,16,258,8,221,7,target:Crocodile:449
4575,hunt_start,Sectid,73,112,2,128,3,target:Wolf:436
4575,hunt_start,Hawk,548,262,5,87,1,target:Penguin:195
4575,hunt_start,Hawk,1095,263,6,85,7,target:Penguin:195
4576,hunt_start,Sectid,16,258,8,221,7,target:Crocodile:449
4576,hunt_start,Sectid,73,112,2,128,1,target:Wolf:436
4577,hunt_start,Sectid,16,258,8,221,7,target:Crocodile:449
4577,hunt_start,Sectid,73,112,4,128,1,target:Wolf:436
4577,kill,Rabbit,924,55,4,-0,0,killed_by:Hawk:926
4578,hunt_start,Sectid,16,258,8,221,7,target:Crocodile:449
4578,hunt_start,Sectid,73,112,3,128,3,target:Wolf:436
4578,hunt_start,Hawk,926,55,6,0,0,target:Rabbit:1022
4579,hunt_start,Sectid,16,258,8,221,7,target:Crocodile:449
4579,hunt_start,Sectid,73,112,2,128,5,target:Wolf:436
4580,hunt_start,Sectid,16,258,8,221,7,target:Crocodile:449
4580,hunt_start,Sectid,73,112,1,128,3,target:Wolf:436
4581,hunt_start,Sectid,16,258,8,221,7,target:Crocodile:449
4581,hunt_start,Sectid,73,111,8,128,3,target:Wolf:436
4581,hunt_fail,Wolf,430,239,9,88,0,discomfort
4582,hunt_start,Sectid,16,258,8,221,7,target:Crocodile:449
4582,hunt_start,Sectid,73,112,0,128,1,target:Wolf:436
4583,hunt_start,Sectid,16,258,8,221,7,target:Crocodile:449
4583,hunt_start,Sectid,73,112,0,128,2,target:Wolf:436
4584,hunt_start,Sectid,16,258,8,221,7,target:Crocodile:449
4584,hunt_start,Sectid,73,112,2,128,2,target:Wolf:436
4585,hunt_start,Sectid,16,258,8,221,7,target:Crocodile:449
4585,hunt_start,Sectid,73,112,3,128,4,target:Wolf:436
4586,hunt_start,Sectid,16,258,8,221,7,target:Crocodile:449
4586,hunt_start,Sectid,73,112,3,128,6,target:Wolf:436
4587,hunt_start,Sectid,16,258,8,221,7,target:Crocodile:449
4587,hunt_start,Sectid,73,112,5,128,7,target:Wolf:436
4588,hunt_start,Sectid,16,258,8,221,7,target:Crocodile:449
4588,hunt_start,Sectid,73,112,4,128,7,target:Wolf:436
4589,hunt_start,Sectid,16,258,8,221,7,target:Crocodile:449
4589,hunt_start,Sectid,73,112,6,128,8,target:Wolf:436
4589,hunt_start,Sectid,1000,75,6,160,1,target:Boar:836
4589,reproduce,Camel,627,56,2,82,0,offspring:1
4590,hunt_start,Sectid,16,258,8,221,7,target:Crocodile:449
4590,hunt_start,Sectid,73,112,4,128,9,target:Wolf:436
4590,hunt_start,Sectid,1000,75,7,160,0,target:Boar:836
4591,hunt_start,Sectid,16,258,8,221,7,target:Crocodile:449
4591,hunt_start,Sectid,73,112,2,128,8,target:Wolf:436
4591,hunt_start,Sectid,1000,75,8,160,1,target:Boar:836
4592,hunt_start,Sectid,16,258,8,221,7,target:Crocodile:449
4592,hunt_start,Sectid,73,112,3,128,8,target:Wolf:436
4592,hunt_start,Sectid,1000,75,9,159,9,target:Boar:836
4593,hunt_start,Sectid,16,258,8,221,7,target:Crocodile:449
4593,hunt_start,Sectid,73,112,4,129,0,target:Wolf:436
4593,hunt_start,Sectid,997,76,5,160,8,target:Boar:836
4594,hunt_start,Sectid,16,258,8,221,7,target:Crocodile:449
4594,hunt_start,Sectid,73,112,2,128,9,target:Wolf:436
4594,hunt_start,Sectid,997,76,7,160,8,target:Boar:836
4595,hunt_start,Sectid,16,258,8,221,7,target:Crocodile:449
4595,hunt_start,Sectid,73,112,4,129,0,target:Wolf:436
4595,hunt_start,Sectid,997,76,8,160,9,target:Boar:836
4596,starvation,Jaguar,553,96,9,210,1,
4596,hunt_start,Sectid,16,258,8,221,7,target:Crocodile:449
4596,hunt_start,Sectid,73,112,5,129,2,target:Wolf:436
4596,hunt_start,Sectid,997,76,7,160,8,target:Boar:836
4597,hunt_start,Sectid,16,258,8,221,7,target:Crocodile:449
4597,hunt_start,Sectid,73,112,8,129,1,target:Wolf:436
4597,hunt_start,Sectid,997,76,7,161,0,target:Boar:836
4598,hunt_start,Sectid,16,258,8,221,7,target:Crocodile:449
4598,hunt_start,Sectid,73,113,0,129,1,target:Wolf:436
4598,hunt_start,Sectid,997,76,8,161,1,target:Boar:836
4599,hunt_start,Sectid,16,258,8,221,7,target:Crocodile:449
4599,hunt_start,Sectid,73,112,8,129,1,target:Wolf:436
4599,hunt_start,Sectid,997,77,0,161,2,target:Boar:836
4600,hunt_start,Sectid,16,258,8,221,7,target:Crocodile:449
4600,hunt_start,Sectid,73,112,7,129,3,target:Wolf:436
4600,hunt_start,Sectid,997,76,7,161,2,target:Boar:836
4601,hunt_start,Sectid,16,258,8,221,7,target:Crocodile:449
4601,hunt_start,Sectid,73,112,9,129,4,target:Wolf:436
4601,hunt_start,Sectid,997,76,8,161,4,target:Boar:836
4601,reproduce,Deer,11,197,3,278,0,offspring:1
4601,reproduce,Deer,862,188,7,273,6,offspring:1
4602,hunt_start,Sectid,16,258,8,221,7,target:Crocodile:449
4602,hunt_start,Sectid,73,113,0,129,2,target:Wolf:436
4602,kill,Parrot,883,63,1,127,8,killed_by:Sectid:85
4602,hunt_start,Sectid,997,77,0,161,3,target:Boar:836
4603,hunt_start,Sectid,16,258,8,221,7,target:Crocodile:449
4603,hunt_start,Sectid,85,63,3,128,5,target:Tapir:983
4603,hunt_start,Sectid,162,112,7,130,9,target:Wolf:436
4603,hunt_fail,Sectid,974,63,2,128,2,target_died
4603,hunt_start,Sectid,974,63,2,128,2,target:Tapir:983
4603,hunt_fail,Sectid,978,64,2,132,1,target_died
4603,hunt_start,Sectid,997,76,9,161,4,target:Boar:836
4604,hunt_start,Sectid,16,258,8,221,7,target:Crocodile:449
4604,hunt_start,Sectid,73,113,2,129,2,target:Wolf:436
4604,hunt_start,Sectid,997,76,7,161,2,target:Boar:836
4605,hunt_start,Sectid,16,258,8,221,7,target:Crocodile:449
4605,hunt_start,Sectid,73,113,4,129,1,target:Wolf:436
4605,hunt_start,Sectid,997,76,6,161,0,target:Boar:836
4606,hunt_start,Sectid,16,258,8,221,7,target:Crocodile:449
4606,hunt_start,Sectid,73,113,5,128,9,target:Wolf:436
4606,hunt_start,Sectid,997,76,8,161,1,target:Boar:836
4607,hunt_start,Sectid,16,258,8,221,7,target:Crocodile:449
4607,hunt_start,Sectid,73,113,6,128,8,target:Wolf:436
4607,hunt_start,Sectid,997,76,8,160,9,target:Boar:836
4608,hunt_start,Sectid,16,258,8,221,7,target:Crocodile:449
4608,hunt_start,Sectid,73,113,7,128,7,target:Wolf:436
4608,hunt_start,Sectid,997,76,8,161,1,target:Boar:836
4609,hunt_start,Sectid,73,113,9,128,8,target:Wolf:436
4609,hunt_start,Sectid,997,77,0,161,0,target:Boar:836
4610,hunt_start,Sectid,16,258,8,221,6,target:Crocodile:449
4610,hunt_start,Sectid,73,113,7,128,8,target:Wolf:436
4610,hunt_start,Sectid,997,77,0,160,8,target:Boar:836
4611,hunt_start,Sectid,16,258,9,221,8,target:Crocodile:449
4611,hunt_start,Sectid,73,113,9,129,0,target:Wolf:436
4611,hunt_start,Sectid,997,76,9,161,0,target:Boar:836
4612,hunt_start,Sectid,16,258,9,221,8,target:Crocodile:449
4612,hunt_start,Sectid,73,113,8,129,1,target:Wolf:436
4612,hunt_fail,Wolf,432,20,3,257,0,discomfort
4612,kill,Penguin,920,43,5,43,4,killed_by:Hawk:464
4612,hunt_start,Sectid,997,76,8,160,8,target:Boar:836
4612,reproduce,Penguin,6,50,1,44,2,offspring:1
4612,reproduce,Penguin,121,42,4,32,2,offspring:1
4612,reproduce,Penguin,272,51,3,47,4,offspring:1
4612,reproduce,Penguin,796,49,6,45,0,offspring:1
4612,reproduce,Penguin,879,47,7,47,5,offspring:1
4613,hunt_start,Sectid,16,258,9,221,8,target:Crocodile:449
4613,hunt_start,Sectid,73,113,6,129,3,target:Wolf:436
4613,hunt_start,Hawk,464,43,7,43,2,target:Penguin:400
4613,hunt_start,Sectid,997,76,9,160,6,target:Boar:836
4614,hunt_start,Sectid,16,258,9,221,8,target:Crocodile:449
4614,hunt_start,Sectid,73,113,5,129,3,target:Wolf:436
4614,hunt_start,Sectid,997,77,1,160,5,target:Boar:836
4615,hunt_start,Sectid,16,258,9,221,8,target:Crocodile:449
4615,hunt_start,Sectid,73,113,7,129,1,target:Wolf:436
4615,kill,Wolf,436,113,4,128,8,killed_by:Sectid:73
4615,hunt_start,Sectid,997,77,0,160,3,target:Boar:836
4616,hunt_start,Sectid,16,258,9,221,8,target:Crocodile:449
4616,hunt_start,Sectid,997,77,1,160,4,target:Boar:836
4617,hunt_start,Sectid,16,258,9,221,8,target:Crocodile:449
4617,hunt_start,Sectid,997,76,9,160,4,target:Boar:836
4618,hunt_start,Sectid,16,258,9,221,8,target:Crocodile:449
4618,hunt_fail,Sectid,916,45,1,159,6,discomfort
4618,hunt_start,Sectid,997,77,0,160,2,target:Boar:836
4619,hunt_start,Sectid,16,258,9,221,8,target:Crocodile:449
4619,hunt_start,Sectid,997,77,1,160,4,target:Boar:836
4620,hunt_start,Sectid,16,258,9,221,8,target:Crocodile:449
4620,hunt_start,Sectid,997,76,9,160,6,target:Boar:836
4621,hunt_start,Sectid,16,258,9,221,8,target:Crocodile:449
4621,hunt_start,Sectid,997,76,8,160,8,target:Boar:836
4622,hunt_start,Sectid,16,258,9,221,8,target:Crocodile:449
4622,hunt_fail,Sectid,683,45,0,159,7,discomfort
4622,hunt_start,Sectid,997,76,8,160,6,target:Boar:836
4623,hunt_start,Sectid,16,258,9,221,8,target:Crocodile:449
4623,hunt_start,Sectid,997,76,9,160,7,target:Boar:836
4624,hunt_start,Sectid,16,258,9,221,8,target:Crocodile:449
4624,hunt_start,Sectid,997,77,1,160,8,target:Boar:836
4625,starvation,Fish,851,173,7,252,9,
4625,hunt_start,Sectid,16,258,9,221,8,target:Crocodile:449
4625,hunt_start,Sectid,997,76,9,160,7,target:Boar:836
4626,hunt_start,Sectid,16,258,9,221,8,target:Crocodile:449
4626,hunt_start,Sectid,997,77,1,160,6,target:Boar:836
4627,hunt_start,Sectid,16,258,9,221,8,target:Crocodile:449
4627,kill,Turtle,651,24,3,202,1,killed_by:Jaguar:206
4627,hunt_start,Sectid,997,77,1,160,9,target:Boar:836
4628,hunt_start,Sectid,16,258,9,221,8,target:Crocodile:449
4628,hunt_fail,Scorpion,469,74,7,19,3,target_died
4628,hunt_start,Sectid,997,77,3,160,9,target:Boar:836
4629,hunt_start,Sectid,16,258,9,221,8,target:Crocodile:449
4629,hunt_start,Sectid,997,77,5,160,8,target:Boar:836
4630,hunt_start,Sectid,16,258,9,221,8,target:Crocodile:449
4630,hunt_start,Sectid,997,77,5,160,5,target:Boar:836
4631,hunt_start,Sectid,16,258,9,221,8,target:Crocodile:449
4631,hunt_start,Sectid,997,77,5,160,3,target:Boar:836
4632,hunt_start,Sectid,16,258,9,221,8,target:Crocodile:449
4632,hunt_start,Sectid,997,77,7,160,1,target:Boar:836
4633,hunt_start,Sectid,16,258,9,221,8,target:Crocodile:449
4633,hunt_start,Sectid,997,77,9,160,0,target:Boar:836
4634,hunt_start,Sectid,16,258,9,221,8,target:Crocodile:449
4634,hunt_start,Jaguar,369,43,3,203,8,target:Parrot:10
4634,hunt_start,Sectid,997,77,7,160,1,target:Boar:836
4635,hunt_start,Sectid,16,258,9,221,8,target:Crocodile:449
4635,hunt_start,Sectid,997,77,5,160,3,target:Boar:836
4636,hunt_start,Sectid,16,258,9,221,8,target:Crocodile:449
4636,hunt_start,Wolf,431,234,4,88,9,target:Deer:134
4636,hunt_start,Sectid,997,77,7,160,2,target:Boar:836
4637,hunt_start,Sectid,16,258,9,221,8,target:Crocodile:449
4637,hunt_start,Sectid,997,77,9,160,3,target:Boar:836
4637,kill,Penguin,195,266,8,78,1,killed_by:Hawk:1095
4638,hunt_start,Sectid,16,258,9,221,8,target:Crocodile:449
4638,hunt_start,Fox,446,283,0,81,5,target:Penguin:1091
4638,hunt_fail,Hawk,548,266,6,78,7,target_died
4638,hunt_start,Hawk,548,266,6,78,7,target:Penguin:1089
4638,hunt_start,Sectid,997,77,9,160,6,target:Boar:836
4638,hunt_start,Hawk,1095,266,7,78,3,target:Penguin:1089
4639,hunt_start,Sectid,16,258,9,221,8,target:Crocodile:449
4639,hunt_start,Sectid,997,77,7,160,7,target:Boar:836
4640,hunt_start,Sectid,7,79,7,127,6,target:Rabbit:84
4640,hunt_start,Sectid,16,258,9,221,8,target:Crocodile:449
4640,kill,Lizard,522,129,2,211,5,killed_by:Hawk:467
4640,hunt_start,Sectid,997,77,9,160,8,target:Boar:836
4640,reproduce,Lizard,229,188,8,206,6,offspring:2
4640,reproduce,Elk,472,228,0,88,1,offspring:1
4641,hunt_start,Sectid,16,258,9,221,8,target:Crocodile:449
4641,hunt_start,Hawk,467,129,2,211,3,target:Monkey:981
4641,hunt_start,Sectid,997,78,1,160,8,target:Boar:836
4642,hunt_start,Sectid,16,258,9,221,8,target:Crocodile:449
4642,hunt_start,Sectid,997,78,1,160,6,target:Boar:836
4643,hunt_start,Sectid,16,258,9,221,8,target:Crocodile:449
4643,hunt_start,Sectid,997,78,3,160,8,target:Boar:836
4644,hunt_start,Sectid,16,258,9,221,8,target:Crocodile:449
4644,hunt_start,Sectid,997,78,3,160,5,target:Boar:836
4645,hunt_start,Sectid,522,67,8,154,8,target:Boar:836
4646,hunt_start,Sectid,16,258,9,222,0,target:Crocodile:449
4647,hunt_start,Sectid,16,258,9,221,9,target:Crocodile:449
4648,hunt_start,Sectid,16,258,9,221,9,target:Crocodile:449
4649,hunt_start,Sectid,16,258,9,221,9,target:Crocodile:449
4650,hunt_start,Sectid,16,258,9,221,9,target:Crocodile:449
4650,hunt_fail,Fox,446,283,1,82,9,discomfort
4650,kill,Camel,1013,95,4,168,7,killed_by:Sectid:931
4650,reproduce,Tapir,457,96,0,285,9,offspring:1
4651,hunt_start,Sectid,16,258,9,221,9,target:Crocodile:449
4652,hunt_start,Sectid,16,258,9,221,9,target:Crocodile:449
4653,hunt_start,Sectid,16,258,9,221,9,target:Crocodile:449
4654,hunt_start,Sectid,16,258,9,221,9,target:Crocodile:449
4655,hunt_start,Sectid,16,258,9,221,9,target:Crocodile:449
4656,hunt_start,Sectid,16,258,9,221,9,target:Crocodile:449
4656,hunt_start,Fox,446,282,9,83,0,target:Penguin:1091
4657,hunt_start,Sectid,16,258,9,221,9,target:Crocodile:449
4658,hunt_start,Sectid,16,258,9,221,9,target:Crocodile:449
4659,hunt_start,Sectid,16,258,9,221,9,target:Crocodile:449
4659,reproduce,Parrot,540,111,8,213,6,offspring:1
4660,hunt_start,Sectid,16,258,9,221,9,target:Crocodile:449
4661,hunt_start,Sectid,16,258,9,221,9,target:Crocodile:449
4662,hunt_start,Sectid,16,258,9,221,9,target:Crocodile:449
4663,hunt_start,Sectid,16,258,9,221,9,target:Crocodile:449
4664,hunt_start,Sectid,16,258,9,221,9,target:Crocodile:449
4665,hunt_start,Sectid,16,258,9,221,9,target:Crocodile:449
4666,hunt_start,Sectid,16,258,9,221,9,target:Crocodile:449
4667,hunt_start,Sectid,16,258,9,221,9,target:Crocodile:449
4668,hunt_start,Sectid,16,258,9,221,9,target:Crocodile:449
4668,hunt_fail,Fox,446,283,2,84,3,discomfort
4669,hunt_start,Sectid,16,258,9,221,9,target:Crocodile:449
4670,hunt_start,Sectid,16,258,9,221,9,target:Crocodile:449
4671,hunt_start,Sectid,16,258,9,221,9,target:Crocodile:449
4671,hunt_fail,Wolf,432,20,0,256,8,discomfort
4672,hunt_start,Sectid,16,258,9,221,9,target:Crocodile:449
4673,hunt_start,Sectid,16,258,9,221,9,target:Crocodile:449
4674,hunt_start,Sectid,16,258,9,221,9,target:Crocodile:449
4674,hunt_start,Jaguar,487,22,6,186,5,target:Boar:903
4675,kill,Rabbit,84,79,7,126,2,killed_by:Sectid:7
4675,hunt_start,Sectid,16,258,9,221,9,target:Crocodile:449
4676,environment_death,Sectid,916,47,5,159,0,drowning
4676,hunt_start,Sectid,16,258,9,221,9,target:Crocodile:449
4677,hunt_start,Sectid,16,258,9,221,9,target:Crocodile:449
4677,kill,Rabbit,1022,43,4,3,4,killed_by:Hawk:926
4678,hunt_start,Sectid,16,258,9,221,9,target:Crocodile:449
4678,hunt_start,Hawk,926,43,7,3,3,target:Rabbit:872
4678,reproduce,Camel,260,103,9,95,5,offspring:1
4679,hunt_start,Sectid,16,258,9,221,9,target:Crocodile:449
4679,hunt_start,Boar,1074,212,0,235,0,target:Shroomer:422
4680,environment_death,Sectid,683,47,5,159,1,drowning
4680,hunt_start,Sectid,16,258,9,221,9,target:Crocodile:449
4682,hunt_start,Sectid,16,258,8,221,8,target:Crocodile:449
4683,hunt_start,Sectid,16,258,9,221,9,target:Crocodile:449
4684,hunt_start,Sectid,16,258,9,221,9,target:Crocodile:449
4684,hunt_start,Sectid,522,72,0,160,1,target:Boar:836
4685,hunt_start,Sectid,16,258,9,221,9,target:Crocodile:449
4685,hunt_start,Sectid,522,71,9,160,0,target:Boar:836
4686,hunt_start,Sectid,16,258,9,221,9,target:Crocodile:449
4686,kill,Penguin,269,64,9,10,3,killed_by:Arctic Fox:484
4686,hunt_start,Sectid,522,71,8,160,0,target:Boar:836
4687,starvation,Rabbit,625,61,0,180,4,
4687,hunt_start,Sectid,16,258,9,221,9,target:Crocodile:449
4687,hunt_start,Sectid,522,71,9,159,9,target:Boar:836
4687,hunt_fail,Wolf,749,76,0,184,7,target_died
4687,hunt_start,Wolf,749,76,0,184,7,target:Monkey:319
4688,hunt_start,Sectid,16,258,9,221,9,target:Crocodile:449
4688,hunt_start,Sectid,522,71,8,159,9,target:Boar:836
4689,hunt_start,Sectid,16,258,9,221,9,target:Crocodile:449
4689,hunt_start,Sectid,522,71,6,160,0,target:Boar:836
4690,hunt_start,Sectid,16,258,9,221,9,target:Crocodile:449
4690,hunt_fail,Wolf,433,21,0,257,3,discomfort
4690,hunt_start,Sectid,522,71,5,160,0,target:Boar:836
4691,hunt_start,Sectid,16,258,9,221,9,target:Crocodile:449
4691,hunt_start,Fox,446,282,7,83,8,target:Penguin:1091
4691,hunt_start,Sectid,522,71,4,159,9,target:Boar:836
4692,hunt_start,Sectid,16,258,9,221,9,target:Crocodile:449
4692,hunt_start,Sectid,522,71,5,159,9,target:Boar:836
4693,hunt_start,Sectid,16,258,9,221,9,target:Crocodile:449
4693,hunt_start,Sectid,522,71,5,159,7,target:Boar:836
4694,hunt_start,Sectid,16,258,9,221,9,target:Crocodile:449
4694,hunt_start,Sectid,522,71,4,159,8,target:Boar:836
4695,hunt_start,Sectid,16,258,9,221,9,target:Crocodile:449
4695,hunt_start,Sectid,522,71,4,159,7,target:Boar:836
4696,hunt_start,Sectid,16,258,9,221,9,target:Crocodile:449
4696,hunt_start,Sectid,522,71,5,159,6,target:Boar:836
4697,hunt_start,Sectid,16,258,9,221,9,target:Crocodile:449
4697,hunt_start,Arctic Fox,484,64,6,11,1,target:Monkey:333
4697,hunt_start,Sectid,522,71,6,159,4,target:Boar:836
4698,hunt_start,Sectid,16,258,9,221,9,target:Crocodile:449
4698,hunt_start,Sectid,522,71,6,159,3,target:Boar:836
4699,hunt_start,Sectid,16,258,9,221,9,target:Crocodile:449
4699,hunt_start,Sectid,522,71,7,159,2,target:Boar:836
4699,kill,Penguin,1089,260,3,74,7,killed_by:Hawk:548
4700,hunt_start,Sectid,16,258,9,221,9,target:Crocodile:449
4700,hunt_start,Sectid,522,71,5,159,1,target:Boar:836
4700,hunt_start,Hawk,548,260,3,75,0,target:Penguin:1090
4700,hunt_fail,Hawk,1095,260,6,74,7,target_died
4700,hunt_start,Hawk,1095,260,6,74,7,target:Penguin:1090
4701,hunt_start,Sectid,16,258,9,221,9,target:Crocodile:449
4701,hunt_fail,Fox,446,283,1,84,8,discomfort
4701,hunt_start,Sectid,522,71,5,159,0,target:Boar:836
4702,starvation,Hawk,547,61,5,52,2,
4702,hunt_start,Sectid,16,258,9,221,9,target:Crocodile:449
4702,hunt_start,Sectid,522,71,4,159,0,target:Boar:836
4703,hunt_start,Sectid,16,258,9,221,9,target:Crocodile:449
4703,hunt_start,Sectid,522,71,5,159,1,target:Boar:836
4704,hunt_start,Sectid,16,258,9,221,9,target:Crocodile:449
4704,hunt_start,Sectid,522,71,7,159,1,target:Boar:836
4705,hunt_start,Sectid,16,258,9,221,9,target:Crocodile:449
4705,hunt_start,Sectid,522,71,8,159,0,target:Boar:836
4706,hunt_start,Sectid,16,258,9,221,9,target:Crocodile:449
4706,hunt_start,Sectid,522,71,8,159,2,target:Boar:836
4707,hunt_start,Sectid,16,258,9,221,9,target:Crocodile:449
4707,hunt_start,Sectid,522,71,6,159,1,target:Boar:836
4708,hunt_start,Sectid,16,258,9,221,9,target:Crocodile:449
4709,hunt_start,Sectid,16,258,9,221,9,target:Crocodile:449
4710,hunt_start,Sectid,16,258,9,221,9,target:Crocodile:449
4711,hunt_start,Sectid,16,258,9,221,9,target:Crocodile:449
4712,hunt_start,Sectid,16,258,9,221,9,target:Crocodile:449
4713,hunt_start,Sectid,16,258,9,221,9,target:Crocodile:449
4714,hunt_start,Sectid,16,258,9,221,9,target:Crocodile:449
4715,hunt_start,Sectid,16,258,9,221,9,target:Crocodile:449
4715,hunt_fail,Bear,462,135,1,224,5,discomfort
4716,hunt_start,Sectid,16,258,9,221,9,target:Crocodile:449
4718,hunt_start,Sectid,16,258,9,222,1,target:Crocodile:449
4719,hunt_start,Sectid,16,258,8,222,0,target:Crocodile:449
4720,hunt_start,Sectid,16,258,8,222,2,target:Crocodile:449
4720,kill,Penguin,400,55,4,45,6,killed_by:Hawk:464
4721,hunt_start,Sectid,16,258,8,222,4,target:Crocodile:449
4722,hunt_start,Sectid,16,258,8,222,2,target:Crocodile:449
4723,hunt_start,Sectid,16,259,0,222,1,target:Crocodile:449
4724,hunt_start,Sectid,16,258,9,222,2,target:Crocodile:449
4725,hunt_start,Sectid,16,258,8,222,4,target:Crocodile:449
4726,hunt_start,Sectid,16,258,6,222,3,target:Crocodile:449
4727,hunt_start,Sectid,16,258,8,222,3,target:Crocodile:449
4728,hunt_start,Sectid,16,258,7,222,1,target:Crocodile:449
4729,hunt_start,Sectid,16,258,6,222,3,target:Crocodile:449
4730,hunt_start,Sectid,16,258,8,222,3,target:Crocodile:449
4731,hunt_start,Sectid,16,258,9,222,4,target:Crocodile:449
4732,hunt_start,Sectid,16,259,0,222,2,target:Crocodile:449
4733,hunt_start,Sectid,16,258,9,222,4,target:Crocodile:449
4734,hunt_start,Sectid,16,258,8,222,2,target:Crocodile:449
4735,hunt_start,Sectid,16,258,7,222,4,target:Crocodile:449
4736,hunt_start,Sectid,16,258,9,222,4,target:Crocodile:449
4737,hunt_start,Sectid,16,258,9,222,5,target:Crocodile:449
4738,hunt_start,Sectid,16,258,8,222,7,target:Crocodile:449
4739,hunt_start,Sectid,16,258,9,222,8,target:Crocodile:449
4740,hunt_start,Sectid,16,259,0,222,9,target:Crocodile:449
4741,hunt_start,Sectid,16,259,0,222,9,target:Crocodile:449
4742,hunt_start,Sectid,16,259,0,222,9,target:Crocodile:449
4742,hunt_start,Fox,446,282,5,83,6,target:Penguin:1091
4743,hunt_start,Sectid,16,259,0,222,9,target:Crocodile:449
4744,hunt_start,Sectid,16,259,0,222,9,target:Crocodile:449
4745,hunt_start,Sectid,16,259,0,222,9,target:Crocodile:449
4746,hunt_start,Sectid,16,259,0,222,9,target:Crocodile:449
4747,hunt_start,Sectid,16,259,0,222,9,target:Crocodile:449
4748,hunt_start,Sectid,16,259,0,222,9,target:Crocodile:449
4748,hunt_start,Sectid,522,72,3,157,8,target:Boar:836
4749,hunt_start,Sectid,16,259,0,222,9,target:Crocodile:449
4749,hunt_start,Sectid,522,72,3,157,8,target:Boar:836
4750,hunt_start,Sectid,16,259,0,222,9,target:Crocodile:449
4750,hunt_start,Sectid,522,72,3,157,8,target:Boar:836
4751,hunt_start,Sectid,16,259,0,222,9,target:Crocodile:449
4751,hunt_start,Sectid,522,72,3,157,8,target:Boar:836
4751,hunt_start,Sectid,1096,117,6,131,4,target:Deer:489
4752,hunt_start,Sectid,16,259,0,222,9,target:Crocodile:449
4752,hunt_start,Sectid,522,72,3,157,8,target:Boar:836
4753,hunt_start,Sectid,16,259,0,222,9,target:Crocodile:449
4753,hunt_start,Sectid,222,118,1,129,0,target:Deer:489
4753,hunt_start,Sectid,522,72,3,157,8,target:Boar:836
4753,reproduce,Rabbit,271,250,8,129,0,offspring:2
4754,hunt_start,Sectid,16,259,0,222,9,target:Crocodile:449
4754,hunt_start,Sectid,522,72,3,157,8,target:Boar:836
4755,hunt_start,Sectid,16,259,0,222,9,target:Crocodile:449
4755,hunt_start,Sectid,522,72,3,157,8,target:Boar:836
4756,hunt_start,Sectid,16,259,0,222,9,target:Crocodile:449
4756,hunt_fail,Fox,446,283,2,85,0,discomfort
4756,hunt_start,Sectid,522,72,3,157,8,target:Boar:836
4757,hunt_start,Sectid,16,259,0,222,9,target:Crocodile:449
4757,hunt_start,Sectid,522,72,3,157,8,target:Boar:836
4758,hunt_start,Sectid,16,259,0,222,9,target:Crocodile:449
4758,hunt_fail,Wolf,432,19,5,256,6,discomfort
4758,hunt_start,Sectid,522,72,3,157,8,target:Boar:836
4758,reproduce,Boar,762,96,6,151,4,offspring:2
4759,hunt_start,Sectid,16,259,0,222,9,target:Crocodile:449
4759,hunt_start,Sectid,522,72,3,157,8,target:Boar:836
4760,hunt_start,Sectid,16,259,0,222,9,target:Crocodile:449
4760,hunt_start,Sectid,522,72,3,157,8,target:Boar:836
4761,hunt_start,Sectid,16,259,0,222,9,target:Crocodile:449
4761,hunt_start,Bear,462,135,1,223,8,target:Deer:56
4761,hunt_fail,Arctic Fox,484,60,2,16,3,discomfort
4761,hunt_start,Sectid,522,72,3,157,8,target:Boar:836
4762,hunt_start,Sectid,16,259,0,222,9,target:Crocodile:449
4762,hunt_start,Sectid,522,72,3,157,8,target:Boar:836
4763,hunt_start,Sectid,16,259,0,222,9,target:Crocodile:449
4763,hunt_start,Sectid,522,72,3,157,8,target:Boar:836
4764,hunt_start,Sectid,16,259,0,222,9,target:Crocodile:449
4764,hunt_start,Sectid,522,72,3,157,8,target:Boar:836
4765,hunt_start,Sectid,16,259,0,222,9,target:Crocodile:449
4765,hunt_start,Sectid,522,72,3,157,8,target:Boar:836
4766,hunt_start,Sectid,16,259,0,222,9,target:Crocodile:449
4766,hunt_start,Sectid,522,72,3,157,8,target:Boar:836
4767,hunt_start,Sectid,16,259,0,222,9,target:Crocodile:449
4767,hunt_start,Sectid,522,72,3,157,8,target:Boar:836
4768,hunt_start,Sectid,16,259,0,222,9,target:Crocodile:449
4768,hunt_start,Sectid,522,72,3,157,8,target:Boar:836
4769,hunt_start,Sectid,16,259,0,222,9,target:Crocodile:449
4769,hunt_start,Sectid,522,72,3,157,8,target:Boar:836
4770,hunt_start,Sectid,16,259,0,222,9,target:Crocodile:449
4770,hunt_start,Sectid,522,72,3,157,8,target:Boar:836
4771,hunt_start,Sectid,16,259,0,222,9,target:Crocodile:449
4771,hunt_start,Sectid,522,72,3,157,8,target:Boar:836
4772,hunt_start,Sectid,16,259,0,222,9,target:Crocodile:449
4772,hunt_start,Sectid,522,72,3,157,8,target:Boar:836
4773,hunt_start,Sectid,16,259,0,222,9,target:Crocodile:449
4773,hunt_start,Sectid,522,72,3,157,8,target:Boar:836
4774,hunt_start,Sectid,16,259,0,222,9,target:Crocodile:449
4774,hunt_start,Sectid,522,72,3,157,8,target:Boar:836
4775,hunt_start,Sectid,16,259,0,222,9,target:Crocodile:449
4775,hunt_start,Sectid,522,72,3,157,8,target:Boar:836
4776,hunt_start,Sectid,16,259,0,222,9,target:Crocodile:449
4776,hunt_fail,Wolf,432,19,1,256,8,discomfort
4776,hunt_start,Sectid,522,72,3,157,8,target:Boar:836
4777,hunt_start,Sectid,16,259,0,222,9,target:Crocodile:449
4777,hunt_start,Sectid,522,72,3,157,8,target:Boar:836
4778,hunt_start,Sectid,16,259,0,222,9,target:Crocodile:449
4778,hunt_start,Sectid,522,72,3,157,8,target:Boar:836
4779,hunt_start,Sectid,16,259,0,222,9,target:Crocodile:449
4779,hunt_start,Sectid,522,72,3,157,8,target:Boar:836
4780,hunt_start,Sectid,16,259,0,222,9,target:Crocodile:449
4780,hunt_start,Sectid,522,72,3,157,8,target:Boar:836
4781,hunt_start,Sectid,16,259,0,222,9,target:Crocodile:449
4781,hunt_fail,Wolf,434,21,7,257,5,discomfort
4781,hunt_fail,Bear,462,135,2,224,2,discomfort
4781,hunt_start,Sectid,522,72,3,157,8,target:Boar:836
4782,hunt_start,Sectid,16,259,0,222,9,target:Crocodile:449
4782,hunt_start,Sectid,522,72,3,157,8,target:Boar:836
4783,hunt_start,Sectid,16,259,0,222,9,target:Crocodile:449
4783,hunt_start,Sectid,522,72,3,157,8,target:Boar:836
4784,hunt_start,Sectid,16,259,0,222,9,target:Crocodile:449
4784,hunt_start,Sectid,522,72,3,157,8,target:Boar:836
4785,hunt_start,Sectid,16,259,0,222,9,target:Crocodile:449
4785,hunt_start,Sectid,522,72,3,157,8,target:Boar:836
4786,hunt_start,Sectid,16,259,0,222,9,target:Crocodile:449
4786,hunt_fail,Wolf,433,20,1,256,8,discomfort
4786,hunt_start,Sectid,522,72,3,157,8,target:Boar:836
4787,hunt_start,Sectid,16,259,0,222,9,target:Crocodile:449
4787,hunt_start,Sectid,522,72,3,157,8,target:Boar:836
4787,kill,Penguin,1090,252,1,84,3,killed_by:Hawk:548
4787,reproduce,Deer,62,243,5,128,9,offspring:1
4787,reproduce,Deer,583,233,5,131,8,offspring:1
4787,reproduce,Deer,779,231,4,129,6,offspring:1
4788,hunt_start,Sectid,16,259,0,222,9,target:Crocodile:449
4788,hunt_start,Sectid,522,72,3,157,8,target:Boar:836
4788,hunt_fail,Hawk,1095,252,5,83,8,prey_escaped
4788,hunt_start,Hawk,1095,252,5,83,8,target:Rabbit:497
4789,starvation,Fish,853,156,7,239,1,
4789,hunt_start,Sectid,16,259,0,222,9,target:Crocodile:449
4789,hunt_start,Sectid,522,72,3,157,8,target:Boar:836
4790,hunt_start,Sectid,16,259,0,222,9,target:Crocodile:449
4790,hunt_start,Sectid,522,72,3,157,8,target:Boar:836
4791,hunt_start,Sectid,16,259,0,222,9,target:Crocodile:449
4791,hunt_start,Sectid,522,72,3,157,8,target:Boar:836
4792,hunt_start,Sectid,16,259,0,222,9,target:Crocodile:449
4792,hunt_start,Sectid,522,72,3,157,8,target:Boar:836
4793,hunt_start,Sectid,16,259,0,222,9,target:Crocodile:449
4793,hunt_start,Sectid,522,72,3,157,8,target:Boar:836
4794,hunt_start,Sectid,16,259,0,222,9,target:Crocodile:449
4794,hunt_start,Sectid,522,72,3,157,8,target:Boar:836
4794,hunt_start,Sectid,752,239,9,171,4,target:Musk Ox:754
4795,hunt_start,Sectid,16,259,0,222,9,target:Crocodile:449
4795,hunt_start,Sectid,522,72,3,157,8,target:Boar:836
4796,hunt_start,Sectid,16,259,0,222,9,target:Crocodile:449
4796,hunt_start,Sectid,522,72,3,157,8,target:Boar:836
4797,hunt_start,Sectid,16,259,0,222,9,target:Crocodile:449
4797,hunt_start,Sectid,522,72,3,157,8,target:Boar:836
4798,hunt_start,Sectid,16,259,0,222,9,target:Crocodile:449
4798,hunt_start,Sectid,522,72,3,157,8,target:Boar:836
4799,hunt_start,Sectid,16,259,0,222,9,target:Crocodile:449
4799,hunt_start,Sectid,522,72,3,157,8,target:Boar:836
4800,hunt_start,Sectid,16,259,0,222,9,target:Crocodile:449
4800,hunt_start,Hawk,464,51,1,45,5,target:Penguin:796
4800,hunt_start,Sectid,522,72,3,157,8,target:Boar:836
4801,hunt_start,Sectid,16,259,0,222,9,target:Crocodile:449
4801,hunt_start,Sectid,522,72,3,157,8,target:Boar:836
4802,hunt_start,Sectid,16,259,0,222,9,target:Crocodile:449
4802,kill,Deer,134,213,3,90,6,killed_by:Wolf:431
4802,hunt_start,Sectid,522,72,3,157,8,target:Boar:836
4802,kill,Deer,1036,146,5,150,7,killed_by:Sectid:1026
4803,hunt_start,Sectid,16,259,0,222,9,target:Crocodile:449
4803,hunt_fail,Sectid,246,142,7,147,8,target_died
4803,hunt_start,Sectid,246,142,7,147,8,target:Deer:40
4803,hunt_fail,Wolf,430,213,9,90,8,target_died
4803,hunt_fail,Sectid,443,141,7,146,9,target_died
4803,hunt_start,Bear,462,135,1,223,9,target:Deer:56
4803,hunt_start,Sectid,522,72,3,157,8,target:Boar:836
4803,hunt_fail,Sectid,1104,142,6,147,5,target_died
4804,hunt_start,Sectid,16,259,0,222,9,target:Crocodile:449
4804,hunt_start,Sectid,522,72,3,157,8,target:Boar:836
4805,hunt_start,Sectid,16,259,0,222,9,target:Crocodile:449
4805,hunt_start,Sectid,522,72,3,157,8,target:Boar:836
4806,hunt_start,Sectid,16,259,0,222,9,target:Crocodile:449
4806,hunt_start,Sectid,522,72,3,157,8,target:Boar:836
4807,hunt_start,Sectid,16,259,0,222,9,target:Crocodile:449
4807,hunt_fail,Wolf,434,22,4,258,3,discomfort
4807,hunt_start,Sectid,522,72,3,157,8,target:Boar:836
4808,hunt_start,Sectid,522,72,3,157,8,target:Boar:836
4809,hunt_start,Sectid,16,259,0,222,7,target:Crocodile:449
4809,hunt_start,Sectid,522,72,3,157,8,target:Boar:836
4810,hunt_start,Sectid,16,259,0,222,9,target:Crocodile:449
4810,hunt_start,Sectid,522,72,3,157,8,target:Boar:836
4811,hunt_start,Sectid,16,259,0,222,9,target:Crocodile:449
4811,hunt_start,Sectid,522,72,3,157,8,target:Boar:836
4812,hunt_start,Sectid,16,259,0,222,9,target:Crocodile:449
4812,hunt_start,Sectid,522,72,3,157,8,target:Boar:836
4813,hunt_start,Sectid,16,259,0,222,9,target:Crocodile:449
4813,hunt_start,Sectid,522,72,3,157,8,target:Boar:836
4814,hunt_start,Sectid,16,259,0,222,9,target:Crocodile:449
4814,hunt_start,Sectid,522,72,3,157,8,target:Boar:836
4815,hunt_start,Sectid,16,259,0,222,9,target:Crocodile:449
4815,hunt_start,Sectid,522,72,3,157,8,target:Boar:836
4816,hunt_start,Sectid,16,259,0,222,9,target:Crocodile:449
4816,hunt_start,Sectid,522,72,3,157,8,target:Boar:836
4817,hunt_start,Sectid,16,259,0,222,9,target:Crocodile:449
4817,hunt_start,Sectid,522,72,3,157,8,target:Boar:836
4818,hunt_start,Sectid,16,259,0,222,9,target:Crocodile:449
4818,hunt_start,Sectid,522,72,3,157,8,target:Boar:836
4819,hunt_start,Sectid,16,259,0,222,9,target:Crocodile:449
4819,hunt_start,Sectid,522,72,3,157,8,target:Boar:836
4820,hunt_start,Sectid,16,259,0,222,9,target:Crocodile:449
4820,hunt_start,Sectid,522,72,3,157,8,target:Boar:836
4821,hunt_start,Sectid,16,259,0,222,9,target:Crocodile:449
4821,hunt_start,Sectid,522,72,3,157,8,target:Boar:836
4822,hunt_start,Sectid,16,259,0,222,9,target:Crocodile:449
4822,hunt_fail,Bear,462,135,1,224,2,discomfort
4822,kill,Monkey,981,96,5,203,5,killed_by:Hawk:467
4822,hunt_start,Sectid,522,72,3,157,8,target:Boar:836
4823,hunt_start,Sectid,16,259,0,222,9,target:Crocodile:449
4823,hunt_start,Hawk,467,96,7,203,6,target:Rabbit:128
4823,hunt_start,Sectid,522,72,3,157,8,target:Boar:836
4823,reproduce,Monkey,768,31,6,27,4,offspring:1
4824,hunt_start,Sectid,16,259,0,222,9,target:Crocodile:449
4824,hunt_start,Sectid,522,72,3,157,8,target:Boar:836
4825,hunt_start,Sectid,16,259,0,222,9,target:Crocodile:449
4825,hunt_start,Sectid,522,72,3,157,8,target:Boar:836
4826,hunt_start,Sectid,16,259,0,222,9,target:Crocodile:449
4826,hunt_start,Sectid,522,72,3,157,8,target:Boar:836
4827,hunt_start,Sectid,16,259,0,222,9,target:Crocodile:449
4827,hunt_start,Sectid,522,72,3,157,8,target:Boar:836
4828,hunt_start,Sectid,16,259,0,222,9,target:Crocodile:449
4828,kill,Deer,489,137,0,128,7,killed_by:Sectid:84
4828,hunt_start,Sectid,522,72,3,157,8,target:Boar:836
4829,hunt_start,Sectid,16,259,0,222,9,target:Crocodile:449
4829,hunt_start,Sectid,84,136,5,128,8,target:Deer:1037
4829,hunt_fail,Sectid,222,135,5,129,0,target_died
4829,hunt_fail,Sectid,496,118,6,128,4,target_died
4829,hunt_start,Sectid,522,72,3,157,8,target:Boar:836
4829,hunt_fail,Sectid,547,129,8,130,2,target_died
4829,hunt_fail,Sectid,1039,116,8,128,1,target_died
4829,hunt_fail,Sectid,1096,135,1,129,2,target_died
4830,hunt_start,Sectid,16,259,0,222,9,target:Crocodile:449
4830,hunt_start,Sectid,522,72,3,157,8,target:Boar:836
4831,hunt_start,Sectid,16,259,0,222,9,target:Crocodile:449
4831,hunt_start,Sectid,522,72,3,157,8,target:Boar:836
4832,hunt_start,Sectid,16,259,0,222,9,target:Crocodile:449
4832,hunt_start,Sectid,522,72,3,157,8,target:Boar:836
4833,hunt_start,Sectid,16,259,0,222,9,target:Crocodile:449
4833,hunt_start,Sectid,522,72,3,157,8,target:Boar:836
4834,hunt_start,Sectid,16,259,0,222,9,target:Crocodile:449
4834,hunt_start,Sectid,522,72,3,157,8,target:Boar:836
4834,reproduce,Monkey,316,139,5,27,3,offspring:1
4835,hunt_start,Sectid,16,259,0,222,9,target:Crocodile:449
4835,hunt_start,Wolf,430,213,1,91,9,target:Deer:196
4835,hunt_start,Sectid,522,72,3,157,8,target:Boar:836
4836,hunt_start,Sectid,16,259,0,222,9,target:Crocodile:449
4836,hunt_start,Sectid,522,72,3,157,8,target:Boar:836
4837,hunt_start,Sectid,16,259,0,222,9,target:Crocodile:449
4837,hunt_start,Sectid,522,72,3,157,8,target:Boar:836
4838,hunt_start,Sectid,16,259,0,222,9,target:Crocodile:449
4838,hunt_fail,Bear,463,191,5,286,6,discomfort
4838,hunt_start,Sectid,522,72,3,157,8,target:Boar:836
4839,hunt_start,Sectid,16,259,0,222,9,target:Crocodile:449
4839,hunt_fail,Wolf,434,22,0,258,6,discomfort
4840,hunt_start,Sectid,16,259,0,222,9,target:Crocodile:449
4841,hunt_start,Sectid,16,259,0,222,9,target:Crocodile:449
4842,hunt_start,Sectid,16,259,0,222,9,target:Crocodile:449
4842,hunt_start,Bear,462,135,1,223,9,target:Deer:56
4843,hunt_start,Sectid,16,259,0,222,9,target:Crocodile:449
4845,hunt_start,Sectid,16,258,9,223,0,target:Crocodile:449
4846,hunt_start,Sectid,16,259,0,223,2,target:Crocodile:449
4847,hunt_start,Sectid,16,259,0,223,2,target:Crocodile:449
4848,hunt_start,Sectid,16,259,0,223,2,target:Crocodile:449
4849,hunt_start,Sectid,16,259,0,223,2,target:Crocodile:449
4850,hunt_start,Sectid,16,259,0,223,2,target:Crocodile:449
4851,hunt_start,Sectid,16,259,0,223,2,target:Crocodile:449
4852,hunt_start,Sectid,16,259,0,223,2,target:Crocodile:449
4853,hunt_start,Sectid,16,259,0,223,2,target:Crocodile:449
4853,hunt_start,Jaguar,486,120,7,284,7,target:Lizard:928
4854,hunt_start,Sectid,16,259,0,223,2,target:Crocodile:449
4855,hunt_start,Sectid,16,259,0,223,2,target:Crocodile:449
4856,hunt_start,Sectid,16,259,0,223,2,target:Crocodile:449
4857,hunt_start,Sectid,16,259,0,223,2,target:Crocodile:449
4857,hunt_fail,Bear,462,134,9,224,3,discomfort
4857,hunt_start,Sectid,522,74,0,161,3,target:Boar:836
4858,hunt_start,Sectid,16,259,0,223,2,target:Crocodile:449
4858,hunt_start,Sectid,29,190,3,224,2,target:Lizard:520
4858,hunt_start,Sectid,522,73,8,161,2,target:Boar:836
4859,hunt_start,Sectid,16,259,0,223,2,target:Crocodile:449
4859,hunt_start,Sectid,522,73,9,161,0,target:Boar:836
4860,hunt_start,Sectid,16,259,0,223,2,target:Crocodile:449
4860,hunt_fail,Wolf,433,20,4,257,3,discomfort
4860,hunt_start,Sectid,522,74,0,160,9,target:Boar:836
4861,hunt_start,Sectid,16,259,0,223,2,target:Crocodile:449
4861,hunt_start,Jaguar,370,29,2,183,3,target:Elk:200
4861,hunt_start,Sectid,522,73,8,161,0,target:Boar:836
4862,hunt_start,Sectid,16,259,0,223,2,target:Crocodile:449
4862,hunt_start,Sectid,522,73,7,161,2,target:Boar:836
4863,hunt_start,Sectid,16,259,0,223,2,target:Crocodile:449
4863,hunt_start,Sectid,522,73,6,161,3,target:Boar:836
4864,hunt_start,Sectid,16,259,0,223,2,target:Crocodile:449
4864,hunt_start,Sectid,496,123,1,130,5,target:Deer:914
4864,hunt_start,Sectid,522,73,7,161,2,target:Boar:836
4865,hunt_start,Sectid,16,259,0,223,2,target:Crocodile:449
4865,hunt_start,Sectid,522,73,6,161,1,target:Boar:836
4866,hunt_start,Sectid,16,259,0,223,2,target:Crocodile:449
4866,hunt_start,Sectid,522,73,6,160,9,target:Boar:836
4867,hunt_start,Sectid,16,259,0,223,2,target:Crocodile:449
4867,hunt_start,Sectid,21,35,5,107,0,target:Parrot:300
4867,hunt_start,Sectid,522,73,4,160,9,target:Boar:836
4868,hunt_start,Sectid,16,259,0,223,2,target:Crocodile:449
4868,hunt_start,Sectid,522,73,6,160,8,target:Boar:836
4869,hunt_start,Sectid,16,259,0,223,2,target:Crocodile:449
4869,hunt_start,Sectid,522,73,7,161,1,target:Boar:836
4870,hunt_start,Sectid,16,259,0,223,2,target:Crocodile:449
4870,hunt_start,Sectid,522,73,9,161,1,target:Boar:836
4871,hunt_start,Sectid,16,259,0,223,2,target:Crocodile:449
4871,hunt_start,Sectid,522,74,0,160,9,target:Boar:836
4872,hunt_start,Sectid,16,259,0,223,2,target:Crocodile:449
4872,hunt_start,Sectid,522,73,9,161,1,target:Boar:836
4873,hunt_start,Sectid,16,259,0,223,2,target:Crocodile:449
4873,hunt_start,Sectid,522,74,0,161,3,target:Boar:836
4874,hunt_start,Sectid,16,259,0,223,2,target:Crocodile:449
4874,hunt_start,Sectid,522,73,9,161,0,target:Boar:836
4874,reproduce,Monkey,437,128,1,25,6,offspring:1
4875,hunt_start,Sectid,16,259,0,223,2,target:Crocodile:449
4875,hunt_start,Sectid,522,73,7,161,0,target:Boar:836
4876,hunt_start,Sectid,16,259,0,223,2,target:Crocodile:449
4876,hunt_start,Sectid,522,73,5,160,9,target:Boar:836
4876,hunt_fail,Sectid,1039,125,6,128,1,discomfort
4877,hunt_start,Sectid,16,259,0,223,2,target:Crocodile:449
4877,hunt_start,Sectid,522,73,3,160,9,target:Boar:836
4878,hunt_start,Sectid,16,259,0,223,2,target:Crocodile:449
4878,hunt_start,Sectid,522,73,3,161,1,target:Boar:836
4879,hunt_start,Sectid,16,259,0,223,2,target:Crocodile:449
4879,hunt_start,Sectid,522,73,2,161,2,target:Boar:836
4880,hunt_start,Sectid,522,73,0,161,2,target:Boar:836
4881,starvation,Lizard,519,173,1,238,0,
4881,hunt_start,Sectid,16,258,9,223,0,target:Crocodile:449
4881,hunt_fail,Wolf,432,20,8,257,1,discomfort
4881,hunt_start,Sectid,522,73,1,161,2,target:Boar:836
4882,hunt_start,Sectid,16,258,9,223,2,target:Crocodile:449
4882,hunt_start,Sectid,522,72,9,161,2,target:Boar:836
4883,hunt_start,Sectid,16,259,0,223,3,target:Crocodile:449
4883,hunt_start,Sectid,522,72,9,161,4,target:Boar:836
4883,kill,Penguin,417,285,2,70,4,killed_by:Hawk:824
4883,reproduce,Hawk,824,284,8,70,5,offspring:1
4884,hunt_start,Sectid,16,259,0,223,3,target:Crocodile:449
4884,hunt_fail,Sectid,21,39,4,107,2,discomfort
4884,hunt_start,Sectid,522,72,9,161,6,target:Boar:836
4884,hunt_start,Hawk,824,284,8,70,4,target:Rabbit:98
4884,hunt_start,Hawk,1022,286,2,70,2,target:Rabbit:97
4885,hunt_start,Sectid,16,259,0,223,3,target:Crocodile:449
4885,hunt_start,Sectid,522,73,0,161,7,target:Boar:836
4885,hunt_fail,Sectid,978,62,0,123,1,discomfort
4886,hunt_start,Sectid,16,259,0,223,3,target:Crocodile:449
4886,hunt_start,Sectid,522,73,0,161,9,target:Boar:836
4887,hunt_start,Sectid,16,259,0,223,3,target:Crocodile:449
4887,hunt_start,Sectid,522,73,1,162,0,target:Boar:836
4888,hunt_start,Sectid,16,259,0,223,3,target:Crocodile:449
4888,hunt_start,Sectid,522,73,2,161,9,target:Boar:836
4889,hunt_start,Sectid,16,259,0,223,3,target:Crocodile:449
4889,hunt_start,Sectid,522,73,4,162,1,target:Boar:836
4890,hunt_start,Sectid,16,259,0,223,3,target:Crocodile:449
4890,hunt_start,Sectid,522,73,5,162,0,target:Boar:836
4891,hunt_start,Sectid,16,259,0,223,3,target:Crocodile:449
4891,hunt_start,Sectid,522,73,4,162,1,target:Boar:836
4892,hunt_start,Sectid,16,259,0,223,3,target:Crocodile:449
4892,hunt_start,Sectid,522,73,3,161,9,target:Boar:836
4893,hunt_start,Sectid,16,259,0,223,3,target:Crocodile:449
4893,hunt_start,Sectid,522,73,5,161,8,target:Boar:836
4894,hunt_start,Sectid,16,259,0,223,3,target:Crocodile:449
4894,hunt_start,Sectid,522,73,6,161,9,target:Boar:836
4895,hunt_start,Sectid,16,259,0,223,3,target:Crocodile:449
4895,hunt_start,Sectid,522,73,8,161,9,target:Boar:836
4895,reproduce,Monkey,952,130,9,26,0,offspring:1
4896,hunt_start,Sectid,16,259,0,223,3,target:Crocodile:449
4896,hunt_start,Sectid,522,74,0,161,8,target:Boar:836
4897,hunt_start,Sectid,16,259,0,223,3,target:Crocodile:449
4897,hunt_start,Sectid,522,73,8,161,9,target:Boar:836
4898,hunt_start,Sectid,16,259,0,223,3,target:Crocodile:449
4898,hunt_start,Sectid,522,73,6,161,9,target:Boar:836
4899,hunt_start,Sectid,16,259,0,223,3,target:Crocodile:449
4899,hunt_start,Sectid,522,73,4,162,0,target:Boar:836
4900,hunt_start,Sectid,16,259,0,223,3,target:Crocodile:449
4900,hunt_start,Sectid,522,73,3,162,2,target:Boar:836
4901,hunt_start,Sectid,16,259,0,223,3,target:Crocodile:449
4901,hunt_start,Sectid,522,73,2,162,0,target:Boar:836
4902,hunt_start,Sectid,16,259,0,223,3,target:Crocodile:449
4902,hunt_start,Sectid,522,73,3,161,8,target:Boar:836
4903,hunt_start,Sectid,16,259,0,223,3,target:Crocodile:449
4903,hunt_start,Sectid,522,73,1,161,8,target:Boar:836
4904,hunt_start,Sectid,16,259,0,223,3,target:Crocodile:449
4904,hunt_start,Sectid,522,73,1,162,0,target:Boar:836
4905,hunt_start,Sectid,16,259,0,223,3,target:Crocodile:449
4905,hunt_start,Sectid,522,73,3,161,8,target:Boar:836
4905,kill,Musk Ox,754,220,4,173,5,killed_by:Sectid:1101
4906,hunt_start,Sectid,16,259,0,223,3,target:Crocodile:449
4906,hunt_start,Sectid,522,73,1,161,6,target:Boar:836
4906,hunt_fail,Sectid,752,221,2,173,7,target_died
4906,hunt_start,Sectid,752,221,2,173,7,target:Musk Ox:294
4906,hunt_fail,Sectid,999,248,1,171,2,target_died
4907,hunt_start,Sectid,16,259,0,223,3,target:Crocodile:449
4907,hunt_start,Sectid,522,73,2,161,5,target:Boar:836
4907,hunt_start,Sectid,1039,128,1,129,1,target:Deer:914
4908,hunt_start,Sectid,16,259,0,223,3,target:Crocodile:449
4908,hunt_start,Sectid,522,73,4,161,5,target:Boar:836
4909,hunt_start,Sectid,16,259,0,223,3,target:Crocodile:449
4909,hunt_start,Sectid,522,73,4,161,3,target:Boar:836
4910,hunt_start,Sectid,16,259,0,223,3,target:Crocodile:449
4910,hunt_start,Fox,446,284,0,89,8,target:Penguin:1091
4911,hunt_start,Sectid,16,259,0,223,3,target:Crocodile:449
4911,hunt_fail,Sectid,998,83,8,156,3,discomfort
4912,hunt_start,Sectid,16,259,0,223,3,target:Crocodile:449
4912,hunt_start,Sectid,489,123,5,132,8,target:Deer:914
4912,hunt_start,Sectid,1000,79,9,160,1,target:Boar:836
4913,hunt_start,Sectid,16,259,0,223,3,target:Crocodile:449
4913,hunt_start,Sectid,522,72,9,162,0,target:Boar:836
4914,hunt_start,Sectid,16,259,0,223,3,target:Crocodile:449
4914,hunt_start,Sectid,1000,79,9,160,1,target:Boar:836
4914,reproduce,Monkey,445,136,1,26,0,offspring:1
4915,hunt_start,Sectid,16,259,0,223,3,target:Crocodile:449
4915,hunt_start,Jaguar,485,54,3,195,0,target:Tapir:977
4915,hunt_start,Sectid,1000,79,9,160,1,target:Boar:836
4916,hunt_start,Sectid,16,259,0,223,3,target:Crocodile:449
4916,hunt_start,Sectid,1000,79,9,160,1,target:Boar:836
4917,hunt_start,Sectid,16,259,0,223,3,target:Crocodile:449
4917,hunt_fail,Sectid,29,188,0,233,3,discomfort
4917,hunt_start,Polar Bear,477,184,7,68,4,target:Deer:65
4917,hunt_start,Sectid,1000,79,9,160,1,target:Boar:836
4918,hunt_start,Sectid,16,259,0,223,3,target:Crocodile:449
4918,hunt_start,Sectid,1000,79,9,160,1,target:Boar:836
4919,hunt_start,Sectid,16,259,0,223,3,target:Crocodile:449
4919,kill,Penguin,796,41,3,55,9,killed_by:Hawk:464
4919,hunt_start,Sectid,1000,79,9,160,1,target:Boar:836
4920,hunt_start,Sectid,16,259,0,223,3,target:Crocodile:449
4920,hunt_start,Sectid,1000,79,9,160,1,target:Boar:836
4921,hunt_start,Sectid,16,259,0,223,3,target:Crocodile:449
4921,hunt_fail,Sectid,85,62,0,123,0,discomfort
4921,hunt_start,Sectid,1000,79,9,160,1,target:Boar:836
4922,hunt_start,Sectid,16,259,0,223,3,target:Crocodile:449
4922,hunt_start,Sectid,1000,79,9,160,1,target:Boar:836
4923,hunt_start,Sectid,16,259,0,223,3,target:Crocodile:449
4923,hunt_start,Sectid,1000,79,9,160,1,target:Boar:836
4924,hunt_start,Sectid,16,259,0,223,3,target:Crocodile:449
4924,hunt_fail,Sectid,974,62,0,123,1,discomfort
4924,hunt_start,Sectid,1000,79,9,160,1,target:Boar:836
4925,hunt_start,Sectid,16,259,0,223,3,target:Crocodile:449
4925,hunt_start,Sectid,1000,79,9,160,1,target:Boar:836
4926,hunt_start,Sectid,16,259,0,223,3,target:Crocodile:449
4926,hunt_start,Sectid,1000,79,9,160,1,target:Boar:836
4927,hunt_start,Sectid,16,259,0,223,3,target:Crocodile:449
4927,hunt_start,Sectid,1000,79,9,160,1,target:Boar:836
4928,hunt_start,Sectid,16,259,0,223,3,target:Crocodile:449
4928,hunt_start,Sectid,1000,79,9,160,1,target:Boar:836
4929,hunt_start,Sectid,16,259,0,223,3,target:Crocodile:449
4929,hunt_start,Sectid,997,77,1,162,4,target:Boar:836
4930,hunt_start,Sectid,16,259,0,223,3,target:Crocodile:449
4930,hunt_start,Sectid,997,76,9,162,5,target:Boar:836
4931,starvation,Parrot,158,79,2,57,4,
4931,hunt_start,Sectid,16,259,0,223,3,target:Crocodile:449
4932,hunt_start,Sectid,16,259,0,223,3,target:Crocodile:449
4932,hunt_fail,Sectid,998,83,4,156,3,discomfort
4933,hunt_start,Sectid,16,259,0,223,3,target:Crocodile:449
4933,hunt_start,Sectid,997,76,8,162,1,target:Boar:836
4934,hunt_start,Sectid,997,76,9,161,9,target:Boar:836
4935,hunt_start,Sectid,16,258,9,223,1,target:Crocodile:449
4935,hunt_start,Sectid,162,103,1,131,7,target:Rabbit:495
4935,hunt_start,Sectid,997,76,9,162,1,target:Boar:836
4936,hunt_start,Sectid,16,258,9,223,1,target:Crocodile:449
4936,hunt_start,Sectid,997,76,8,162,0,target:Boar:836
4937,hunt_start,Sectid,16,258,9,223,1,target:Crocodile:449
4937,hunt_start,Sectid,997,76,7,162,2,target:Boar:836
4938,hunt_start,Sectid,16,258,9,223,1,target:Crocodile:449
4938,hunt_start,Sectid,997,76,7,162,4,target:Boar:836
4939,hunt_start,Sectid,16,258,9,223,1,target:Crocodile:449
4939,hunt_start,Sectid,997,77,0,162,4,target:Boar:836
4940,hunt_start,Sectid,16,258,9,223,1,target:Crocodile:449
4940,hunt_start,Sectid,997,76,8,162,5,target:Boar:836
4941,hunt_start,Sectid,16,258,9,223,1,target:Crocodile:449
4941,hunt_start,Sectid,997,76,9,162,8,target:Boar:836
4941,reproduce,Jaguar,369,42,3,224,0,offspring:1
4942,hunt_start,Sectid,16,258,9,223,1,target:Crocodile:449
4942,hunt_start,Jaguar,796,41,7,221,8,target:Tapir:663
4943,hunt_start,Sectid,16,258,9,223,1,target:Crocodile:449
4944,hunt_start,Sectid,16,258,9,223,1,target:Crocodile:449
4944,reproduce,Elk,200,23,5,183,9,offspring:1
4945,hunt_start,Sectid,16,258,9,223,1,target:Crocodile:449
4946,hunt_start,Sectid,16,258,9,223,1,target:Crocodile:449
4947,hunt_start,Sectid,16,258,9,223,1,target:Crocodile:449
4947,hunt_start,Hawk,548,251,0,91,1,target:Rabbit:908
4948,hunt_start,Sectid,16,258,9,223,1,target:Crocodile:449
4949,hunt_start,Sectid,16,258,9,223,1,target:Crocodile:449
4950,hunt_start,Sectid,16,258,9,223,1,target:Crocodile:449
4951,hunt_start,Sectid,16,258,9,223,1,target:Crocodile:449
4953,hunt_start,Sectid,16,258,8,223,2,target:Crocodile:449
4954,hunt_start,Sectid,16,258,9,223,1,target:Crocodile:449
4955,hunt_start,Sectid,16,258,9,222,9,target:Crocodile:449
4956,hunt_start,Sectid,16,258,8,223,0,target:Crocodile:449
4957,hunt_start,Sectid,16,258,7,223,2,target:Crocodile:449
4957,kill,Deer,1037,148,4,124,5,killed_by:Sectid:222
4958,hunt_start,Sectid,16,258,9,223,2,target:Crocodile:449
4958,hunt_fail,Sectid,84,146,8,125,3,target_died
4958,hunt_start,Sectid,84,146,8,125,3,target:Deer:43
4958,hunt_fail,Sectid,496,144,2,126,1,target_died
4959,hunt_start,Sectid,16,258,7,223,4,target:Crocodile:449
4960,hunt_start,Sectid,16,258,6,223,5,target:Crocodile:449
4961,hunt_start,Sectid,16,258,6,223,3,target:Crocodile:449
4962,hunt_start,Sectid,16,258,5,223,4,target:Crocodile:449
4963,hunt_start,Sectid,16,258,6,223,3,target:Crocodile:449
4963,hunt_fail,Wolf,432,20,1,256,9,discomfort
4963,reproduce,Tapir,666,77,1,204,7,offspring:1
4964,hunt_start,Sectid,16,258,7,223,1,target:Crocodile:449
4964,hunt_fail,Sectid,998,83,5,156,1,discomfort
4965,hunt_start,Sectid,16,258,9,223,0,target:Crocodile:449
4965,hunt_start,Sectid,522,72,4,161,4,target:Boar:836
4966,hunt_start,Sectid,16,259,0,222,8,target:Crocodile:449
4966,hunt_start,Sectid,522,72,4,161,4,target:Boar:836
4966,hunt_fail,Sectid,999,253,7,168,8,prey_escaped
4967,hunt_start,Sectid,16,259,0,222,8,target:Crocodile:449
4967,hunt_start,Sectid,522,72,4,161,4,target:Boar:836
4968,hunt_start,Sectid,16,259,2,222,9,target:Crocodile:449
4968,hunt_start,Sectid,522,72,4,161,4,target:Boar:836
4969,hunt_start,Sectid,16,259,2,222,9,target:Crocodile:449
4969,hunt_start,Sectid,522,72,4,161,4,target:Boar:836
4970,hunt_start,Sectid,16,259,2,222,9,target:Crocodile:449
4970,hunt_start,Sectid,522,72,4,161,4,target:Boar:836
4971,hunt_start,Sectid,16,259,2,222,9,target:Crocodile:449
4971,hunt_start,Sectid,522,72,4,161,4,target:Boar:836
4972,hunt_start,Sectid,16,259,2,222,9,target:Crocodile:449
4972,hunt_start,Bear,462,135,2,223,0,target:Musk Ox:566
4973,hunt_start,Sectid,16,259,2,222,9,target:Crocodile:449
4974,hunt_start,Sectid,16,259,2,222,9,target:Crocodile:449
4974,kill,Deer,914,140,6,140,7,killed_by:Sectid:1096
4975,hunt_start,Sectid,16,259,2,222,9,target:Crocodile:449
4975,hunt_fail,Sectid,489,137,6,138,3,target_died
4975,hunt_start,Sectid,489,137,6,138,3,target:Monkey:569
4975,hunt_fail,Sectid,547,140,0,139,7,target_died
4975,hunt_fail,Sectid,1039,140,0,140,0,target_died
4975,hunt_fail,Sectid,1106,130,5,135,8,target_died
4976,hunt_start,Sectid,16,259,2,222,9,target:Crocodile:449
4977,starvation,Monkey,626,288,0,0,0,
4977,hunt_start,Sectid,16,259,2,222,9,target:Crocodile:449
4977,hunt_fail,Wolf,438,286,6,0,7,target_died
4977,hunt_start,Wolf,438,286,6,0,7,target:Monkey:363
4977,reproduce,Monkey,17,281,0,21,8,offspring:1
4977,reproduce,Monkey,337,273,9,9,4,offspring:1
4977,reproduce,Monkey,363,284,8,11,2,offspring:1
4977,reproduce,Monkey,539,282,6,14,8,offspring:1
4977,reproduce,Monkey,556,250,5,16,3,offspring:1
4977,reproduce,Monkey,729,260,0,10,2,offspring:1
4977,reproduce,Monkey,730,252,1,17,1,offspring:1
4977,reproduce,Monkey,731,278,3,11,7,offspring:1
4977,reproduce,Monkey,805,246,4,19,8,offspring:1
4977,reproduce,Monkey,808,274,4,26,3,offspring:1
4978,hunt_start,Sectid,16,259,2,222,9,target:Crocodile:449
4979,hunt_start,Sectid,16,259,2,222,9,target:Crocodile:449
4980,hunt_start,Sectid,16,259,2,222,9,target:Crocodile:449
4981,hunt_start,Sectid,16,259,2,222,9,target:Crocodile:449
4982,hunt_start,Sectid,16,259,2,222,9,target:Crocodile:449
4983,hunt_start,Sectid,16,259,2,222,9,target:Crocodile:449
4983,kill,Rabbit,98,281,9,71,0,killed_by:Hawk:824
4984,hunt_start,Sectid,16,259,2,222,9,target:Crocodile:449
4984,kill,Rabbit,128,105,8,205,5,killed_by:Hawk:467
4984,hunt_start,Hawk,824,281,9,70,7,target:Penguin:275
4984,reproduce,Rabbit,100,109,1,220,4,offspring:2
4984,reproduce,Rabbit,388,111,5,212,0,offspring:2
4984,reproduce,Rabbit,401,96,3,223,3,offspring:2
4985,hunt_start,Sectid,16,259,2,222,9,target:Crocodile:449
4985,hunt_start,Hawk,467,105,7,205,7,target:Lizard:172
4985,hunt_fail,Sectid,998,83,5,156,1,discomfort
4986,hunt_start,Sectid,16,259,2,222,9,target:Crocodile:449
4986,hunt_fail,Wolf,434,19,5,256,3,discomfort
4986,reproduce,Deer,41,129,8,153,2,offspring:1
4987,hunt_start,Sectid,16,259,2,222,9,target:Crocodile:449
4987,reproduce,Parrot,560,160,0,22,9,offspring:1
4988,hunt_start,Sectid,16,259,2,222,9,target:Crocodile:449
4988,hunt_start,Sectid,522,72,4,161,4,target:Boar:836
4989,hunt_start,Sectid,16,259,2,222,9,target:Crocodile:449
4989,kill,Deer,196,193,7,104,8,killed_by:Wolf:431
4989,hunt_start,Sectid,522,72,4,161,4,target:Boar:836
4990,hunt_start,Sectid,16,259,2,222,9,target:Crocodile:449
4990,hunt_fail,Wolf,430,194,5,104,3,target_died
4990,hunt_start,Wolf,430,194,5,104,3,target:Deer:248
4990,hunt_start,Sectid,522,72,4,161,4,target:Boar:836
4991,starvation,Parrot,571,104,6,51,5,
4991,hunt_start,Sectid,16,259,2,222,9,target:Crocodile:449
4991,hunt_start,Sectid,522,72,4,161,4,target:Boar:836
4992,hunt_start,Sectid,16,259,2,222,9,target:Crocodile:449
4992,hunt_start,Sectid,522,72,4,161,4,target:Boar:836
4993,hunt_start,Sectid,16,259,2,222,9,target:Crocodile:449
4993,hunt_start,Sectid,522,72,4,161,4,target:Boar:836
4994,hunt_start,Sectid,16,259,2,222,9,target:Crocodile:449
4994,kill,Elk,200,23,0,184,4,killed_by:Jaguar:370
4994,hunt_start,Sectid,522,72,4,161,4,target:Boar:836
4995,hunt_start,Sectid,16,259,2,222,9,target:Crocodile:449
4995,hunt_fail,Fox,446,287,3,92,9,discomfort
4995,hunt_start,Sectid,522,72,4,161,4,target:Boar:836
4996,hunt_start,Sectid,16,259,2,222,9,target:Crocodile:449
4996,hunt_start,Sectid,522,72,4,161,4,target:Boar:836
4997,hunt_start,Sectid,16,259,2,222,9,target:Crocodile:449
4997,hunt_start,Sectid,522,72,4,161,4,target:Boar:836
4998,hunt_start,Sectid,16,259,2,222,9,target:Crocodile:449
4998,hunt_start,Sectid,522,72,4,161,4,target:Boar:836
4999,hunt_start,Sectid,16,259,2,222,9,target:Crocodile:449
4999,hunt_start,Jaguar,206,31,0,204,0,target:Boar:904
4999,hunt_start,Sectid,522,72,4,161,4,target:Boar:836
5000,hunt_start,Sectid,16,259,2,222,9,target:Crocodile:449
5000,hunt_start,Sectid,522,72,4,161,4,target:Boar:836
5001,hunt_start,Sectid,16,259,2,222,9,target:Crocodile:449
5001,hunt_start,Sectid,522,72,4,161,4,target:Boar:836
5001,kill,Rabbit,872,63,2,13,1,killed_by:Hawk:926
5002,hunt_start,Sectid,16,259,2,222,9,target:Crocodile:449
5002,hunt_start,Sectid,522,72,4,161,4,target:Boar:836
5003,hunt_start,Sectid,16,259,2,222,9,target:Crocodile:449
5003,hunt_start,Sectid,522,72,4,161,4,target:Boar:836
5004,hunt_start,Sectid,16,259,2,222,9,target:Crocodile:449
5004,hunt_start,Sectid,522,72,4,161,4,target:Boar:836
5005,hunt_start,Sectid,16,259,2,222,9,target:Crocodile:449
5005,hunt_start,Sectid,522,72,4,161,4,target:Boar:836
5005,reproduce,Deer,493,192,9,270,0,offspring:1
5006,hunt_start,Sectid,16,259,2,222,9,target:Crocodile:449
5006,hunt_fail,Sectid,998,83,5,156,2,discomfort
5007,hunt_start,Sectid,16,259,2,222,9,target:Crocodile:449
5007,hunt_start,Sectid,522,72,4,161,4,target:Boar:836
5008,hunt_start,Sectid,16,259,2,222,9,target:Crocodile:449
5008,hunt_start,Sectid,522,72,4,161,4,target:Boar:836
5009,hunt_start,Sectid,16,259,2,222,9,target:Crocodile:449
5009,hunt_start,Sectid,522,72,4,161,4,target:Boar:836
5010,hunt_start,Sectid,16,259,2,222,9,target:Crocodile:449
5010,hunt_start,Sectid,522,72,4,161,4,target:Boar:836
5011,hunt_start,Sectid,16,259,2,222,9,target:Crocodile:449
5011,hunt_start,Sectid,522,72,4,161,4,target:Boar:836
5012,hunt_start,Sectid,16,259,2,222,9,target:Crocodile:449
5012,hunt_start,Fox,446,287,0,93,4,target:Penguin:1091
5012,hunt_start,Sectid,522,72,4,161,4,target:Boar:836
5013,hunt_start,Sectid,16,259,2,222,9,target:Crocodile:449
5013,hunt_start,Sectid,522,72,4,161,4,target:Boar:836
5014,hunt_start,Sectid,16,259,2,222,9,target:Crocodile:449
5014,hunt_fail,Fox,446,287,0,93,2,discomfort
5014,hunt_start,Sectid,522,72,4,161,4,target:Boar:836
5014,reproduce,Elk,208,224,0,128,5,offspring:1
5015,hunt_start,Sectid,16,259,2,222,9,target:Crocodile:449
5015,hunt_start,Sectid,522,72,4,161,4,target:Boar:836
5016,hunt_start,Sectid,16,259,2,222,9,target:Crocodile:449
5016,reproduce,Rabbit,573,79,1,28,0,offspring:2
5016,reproduce,Rabbit,925,73,0,29,9,offspring:2
5017,hunt_start,Sectid,16,259,2,222,9,target:Crocodile:449
5018,hunt_start,Sectid,16,259,2,222,9,target:Crocodile:449
5019,starvation,Fish,857,239,6,283,8,
5019,hunt_start,Sectid,16,259,2,222,9,target:Crocodile:449
5019,hunt_start,Fox,446,287,0,93,2,target:Penguin:1091
5020,hunt_start,Sectid,16,259,2,222,9,target:Crocodile:449
5020,reproduce,Monkey,963,57,2,175,8,offspring:1
5021,hunt_start,Sectid,16,259,2,222,9,target:Crocodile:449
5021,hunt_fail,Fox,446,287,1,93,0,discomfort
5022,hunt_start,Sectid,16,259,2,222,9,target:Crocodile:449
5022,hunt_fail,Wolf,432,20,5,257,2,discomfort
5023,hunt_start,Sectid,16,259,2,222,9,target:Crocodile:449
5024,hunt_start,Sectid,16,259,2,222,9,target:Crocodile:449
5025,hunt_start,Sectid,16,259,2,222,9,target:Crocodile:449
5025,hunt_start,Boar,1089,93,9,151,8,target:Monkey:441
5026,starvation,Hawk,650,103,6,75,1,
5026,hunt_start,Sectid,16,259,2,222,9,target:Crocodile:449
5026,hunt_start,Fox,446,287,0,93,1,target:Penguin:1091
5027,hunt_start,Sectid,16,259,2,222,9,target:Crocodile:449
5027,hunt_start,Hawk,926,63,0,13,2,target:Rabbit:1020
5027,hunt_fail,Sectid,998,83,5,156,2,discomfort
5028,hunt_start,Sectid,16,259,2,222,9,target:Crocodile:449
5028,hunt_fail,Fox,446,287,1,92,9,discomfort
5029,hunt_start,Sectid,16,259,2,222,9,target:Crocodile:449
5030,hunt_start,Sectid,16,259,2,222,9,target:Crocodile:449
5031,hunt_start,Sectid,16,259,2,222,9,target:Crocodile:449
5032,hunt_start,Sectid,16,259,2,222,9,target:Crocodile:449
5033,hunt_start,Sectid,16,259,2,222,9,target:Crocodile:449
5034,hunt_start,Sectid,16,259,2,222,9,target:Crocodile:449
5035,hunt_start,Sectid,16,259,2,222,9,target:Crocodile:449
5038,hunt_start,Sectid,16,258,9,222,7,target:Crocodile:449
5038,hunt_start,Fox,446,287,0,93,1,target:Penguin:1091
5038,hunt_start,Sectid,522,72,4,161,4,target:Boar:836
5039,hunt_start,Sectid,16,258,9,222,9,target:Crocodile:449
5039,kill,Rabbit,495,80,4,128,5,killed_by:Sectid:162
5039,hunt_fail,Fox,446,287,0,93,0,discomfort
5039,hunt_start,Sectid,522,72,4,161,4,target:Boar:836
5040,hunt_start,Sectid,16,259,0,223,0,target:Crocodile:449
5040,hunt_fail,Sectid,73,84,5,129,7,target_died
5040,hunt_start,Sectid,73,84,5,129,7,target:Rabbit:257
5040,hunt_start,Sectid,522,72,4,161,4,target:Boar:836
5041,hunt_start,Sectid,16,259,0,223,0,target:Crocodile:449
5041,hunt_start,Sectid,522,72,4,161,4,target:Boar:836
5041,reproduce,Hawk,464,35,5,54,4,offspring:1
5041,reproduce,Deer,881,24,2,49,9,offspring:1
5042,hunt_start,Sectid,16,259,0,223,0,target:Crocodile:449
5042,hunt_start,Hawk,464,35,5,54,3,target:Rabbit:722
5042,hunt_start,Hawk,495,34,2,53,5,target:Rabbit:1019
5042,hunt_start,Sectid,522,72,4,161,4,target:Boar:836
5043,hunt_start,Sectid,16,259,0,223,0,target:Crocodile:449
5043,hunt_start,Sectid,522,72,4,161,4,target:Boar:836
5044,hunt_start,Sectid,16,259,0,223,0,target:Crocodile:449
5044,kill,Boar,904,27,6,203,3,killed_by:Jaguar:206
5044,hunt_start,Fox,446,287,0,93,1,target:Penguin:1091
5044,hunt_start,Sectid,522,72,4,161,4,target:Boar:836
5044,reproduce,Rabbit,722,31,0,47,6,offspring:2
5045,hunt_start,Sectid,16,259,0,223,0,target:Crocodile:449
5045,hunt_start,Sectid,522,72,4,161,4,target:Boar:836
5046,hunt_start,Sectid,16,259,0,223,0,target:Crocodile:449
5046,hunt_start,Sectid,522,72,4,161,4,target:Boar:836
5047,hunt_start,Sectid,16,259,0,223,0,target:Crocodile:449
5047,hunt_fail,Fox,446,287,0,92,8,discomfort
5048,hunt_start,Sectid,16,259,0,223,0,target:Crocodile:449
5048,hunt_fail,Sectid,998,83,5,156,2,discomfort
5049,hunt_start,Sectid,16,259,0,223,0,target:Crocodile:449
5050,hunt_start,Sectid,16,259,0,223,0,target:Crocodile:449
5050,kill,Rabbit,97,280,4,56,0,killed_by:Hawk:1022
5050,reproduce,Rabbit,99,286,3,48,5,offspring:2
5050,reproduce,Rabbit,757,273,7,49,7,offspring:2
5050,reproduce,Rabbit,758,285,3,46,4,offspring:2
5051,hunt_start,Sectid,16,259,0,223,0,target:Crocodile:449
5051,hunt_start,Hawk,1022,280,1,56,2,target:Rabbit:95
5052,hunt_start,Sectid,16,259,0,223,0,target:Crocodile:449
5053,hunt_start,Sectid,16,259,0,223,0,target:Crocodile:449
5054,hunt_start,Sectid,16,259,0,223,0,target:Crocodile:449
5055,hunt_start,Sectid,16,259,0,223,0,target:Crocodile:449
5056,hunt_start,Sectid,16,259,0,223,0,target:Crocodile:449
5057,hunt_start,Sectid,16,259,0,223,0,target:Crocodile:449
5058,hunt_start,Sectid,16,259,0,223,0,target:Crocodile:449
5059,hunt_start,Sectid,16,259,0,223,0,target:Crocodile:449
5059,hunt_start,Fox,446,287,0,93,2,target:Penguin:1091
5060,hunt_start,Sectid,16,259,0,223,0,target:Crocodile:449
5061,hunt_start,Sectid,16,259,0,223,0,target:Crocodile:449
5062,hunt_start,Sectid,16,259,0,223,0,target:Crocodile:449
5062,reproduce,Musk Ox,292,229,7,192,0,offspring:1
5063,hunt_start,Sectid,16,259,0,223,0,target:Crocodile:449
5064,hunt_start,Sectid,16,259,0,223,0,target:Crocodile:449
5064,hunt_fail,Sectid,1084,83,5,156,6,discomfort
5065,hunt_start,Sectid,16,259,0,223,0,target:Crocodile:449
5065,hunt_fail,Fox,446,286,9,92,5,discomfort
5066,hunt_start,Sectid,16,259,0,223,0,target:Crocodile:449
5067,hunt_start,Sectid,16,259,0,223,0,target:Crocodile:449
5068,hunt_start,Sectid,16,259,0,223,0,target:Crocodile:449
5069,hunt_start,Sectid,16,259,0,223,0,target:Crocodile:449
5069,hunt_fail,Wolf,434,21,9,257,9,discomfort
5069,hunt_fail,Sectid,998,83,6,156,2,discomfort
5069,reproduce,Rabbit,93,77,0,122,2,offspring:2
5070,hunt_start,Sectid,16,259,0,223,0,target:Crocodile:449
5070,hunt_start,Sectid,522,75,4,165,0,target:Boar:836
5071,hunt_start,Sectid,16,259,0,223,0,target:Crocodile:449
5071,hunt_start,Sectid,522,75,4,164,8,target:Boar:836
5072,hunt_start,Sectid,16,259,0,223,0,target:Crocodile:449
5072,hunt_start,Sectid,522,75,2,164,8,target:Boar:836
5073,hunt_start,Sectid,16,259,0,223,0,target:Crocodile:449
5073,hunt_start,Sectid,522,75,2,164,7,target:Boar:836
5074,hunt_start,Sectid,16,259,0,223,0,target:Crocodile:449
5074,hunt_fail,Wolf,432,20,1,256,9,discomfort
5074,hunt_start,Sectid,522,75,1,164,8,target:Boar:836
5075,hunt_start,Sectid,16,259,0,223,0,target:Crocodile:449
5075,hunt_start,Sectid,997,76,4,161,1,target:Boar:836
5076,hunt_start,Sectid,16,259,0,223,0,target:Crocodile:449
5076,hunt_start,Sectid,997,76,4,161,1,target:Boar:836
5077,hunt_start,Sectid,16,259,0,223,0,target:Crocodile:449
5077,hunt_start,Sectid,997,76,4,161,1,target:Boar:836
5078,hunt_start,Sectid,16,259,0,223,0,target:Crocodile:449
5078,hunt_start,Sectid,997,76,4,161,1,target:Boar:836
5079,hunt_start,Sectid,16,259,0,223,0,target:Crocodile:449
5079,hunt_start,Sectid,997,76,4,161,1,target:Boar:836
5080,hunt_start,Sectid,16,259,0,223,0,target:Crocodile:449
5080,hunt_fail,Polar Bear,477,185,5,55,3,discomfort
5080,hunt_start,Sectid,997,76,4,161,1,target:Boar:836
5081,hunt_start,Sectid,16,259,0,223,0,target:Crocodile:449
5081,hunt_start,Sectid,997,76,4,161,1,target:Boar:836
5082,hunt_start,Sectid,16,259,0,223,0,target:Crocodile:449
5082,hunt_fail,Wolf,434,22,3,258,2,discomfort
5082,hunt_start,Sectid,997,76,4,161,1,target:Boar:836
5083,hunt_start,Sectid,16,259,0,223,0,target:Crocodile:449
5083,hunt_fail,Sectid,998,83,7,156,1,discomfort
5084,hunt_start,Sectid,16,259,0,223,0,target:Crocodile:449
5084,hunt_start,Sectid,997,76,4,161,1,target:Boar:836
5085,hunt_start,Sectid,16,259,0,223,0,target:Crocodile:449
5085,hunt_start,Sectid,997,76,4,161,1,target:Boar:836
5086,hunt_start,Sectid,16,259,0,223,0,target:Crocodile:449
5086,hunt_start,Fox,446,286,9,93,3,target:Penguin:1091
5086,kill,Tapir,663,52,8,220,8,killed_by:Jaguar:796
5086,hunt_start,Sectid,997,76,4,161,1,target:Boar:836
5087,hunt_start,Sectid,16,259,0,223,0,target:Crocodile:449
5087,hunt_start,Sectid,997,76,4,161,1,target:Boar:836
5088,hunt_start,Sectid,16,259,0,223,0,target:Crocodile:449
5088,hunt_start,Sectid,997,76,4,161,1,target:Boar:836
5089,hunt_start,Sectid,16,259,0,223,0,target:Crocodile:449
5089,hunt_start,Sectid,997,76,4,161,1,target:Boar:836
5089,reproduce,Parrot,989,99,5,169,7,offspring:1
5090,hunt_start,Sectid,16,259,0,223,0,target:Crocodile:449
5090,hunt_start,Sectid,997,76,4,161,1,target:Boar:836
5091,hunt_fail,Fox,446,287,0,92,8,discomfort
5091,hunt_start,Sectid,997,76,4,161,1,target:Boar:836
5092,hunt_start,Sectid,16,259,0,222,9,target:Crocodile:449
5092,hunt_start,Sectid,997,76,4,161,1,target:Boar:836
5093,hunt_start,Sectid,16,259,2,222,9,target:Crocodile:449
5093,hunt_fail,Sectid,998,83,8,156,2,discomfort
5094,hunt_start,Sectid,16,259,2,222,9,target:Crocodile:449
5094,hunt_start,Sectid,997,76,4,161,1,target:Boar:836
5095,hunt_start,Sectid,16,259,2,222,9,target:Crocodile:449
5096,hunt_start,Sectid,16,259,2,222,9,target:Crocodile:449
5097,hunt_start,Sectid,16,259,2,222,9,target:Crocodile:449
5098,hunt_start,Sectid,16,259,2,222,9,target:Crocodile:449
5099,hunt_start,Sectid,16,259,2,222,9,target:Crocodile:449
5100,hunt_start,Sectid,16,259,2,222,9,target:Crocodile:449
5101,hunt_start,Sectid,16,259,2,222,9,target:Crocodile:449
5102,hunt_start,Sectid,16,259,2,222,9,target:Crocodile:449
5103,hunt_start,Sectid,16,259,2,222,9,target:Crocodile:449
5103,kill,Penguin,275,266,8,70,5,killed_by:Hawk:824
5104,hunt_start,Sectid,16,259,2,222,9,target:Crocodile:449
5104,kill,Musk Ox,566,140,2,214,4,killed_by:Bear:462
5104,hunt_start,Hawk,824,267,0,70,5,target:Penguin:133
5104,reproduce,Musk Ox,109,109,8,183,5,offspring:1
5104,reproduce,Musk Ox,117,118,4,176,7,offspring:1
5104,reproduce,Musk Ox,166,124,6,216,4,offspring:1
5104,reproduce,Musk Ox,310,121,3,206,9,offspring:1
5104,reproduce,Musk Ox,534,122,1,201,9,offspring:1
5104,reproduce,Musk Ox,703,101,2,211,6,offspring:1
5104,reproduce,Musk Ox,759,111,0,185,6,offspring:1
5104,reproduce,Musk Ox,866,117,5,179,3,offspring:1
5105,hunt_start,Sectid,16,259,2,222,9,target:Crocodile:449
5105,hunt_start,Bear,462,139,8,215,1,target:Shroomer:410
5106,hunt_start,Sectid,16,259,2,222,9,target:Crocodile:449
5106,reproduce,Deer,955,7,0,29,1,offspring:1
5107,hunt_start,Sectid,16,259,2,222,9,target:Crocodile:449
5108,hunt_start,Sectid,16,259,2,222,9,target:Crocodile:449
5108,kill,Deer,248,194,8,118,8,killed_by:Wolf:431
5109,hunt_start,Sectid,16,259,2,222,9,target:Crocodile:449
5109,hunt_fail,Wolf,430,194,7,117,8,target_died
5109,hunt_start,Wolf,430,194,7,117,8,target:Turtle:107
5109,hunt_start,Sectid,997,77,4,164,3,target:Boar:836
5109,reproduce,Tapir,362,21,1,237,6,offspring:1
5110,hunt_start,Sectid,16,259,2,222,9,target:Crocodile:449
5110,hunt_start,Sectid,997,77,3,164,2,target:Boar:836
5111,hunt_start,Sectid,16,259,2,222,9,target:Crocodile:449
5111,hunt_fail,Sectid,998,83,9,156,0,discomfort
5112,hunt_start,Sectid,16,259,2,222,9,target:Crocodile:449
5112,hunt_start,Sectid,997,77,1,164,1,target:Boar:836
5113,hunt_start,Sectid,16,259,2,222,9,target:Crocodile:449
5113,hunt_start,Sectid,997,77,0,164,2,target:Boar:836
5114,hunt_start,Sectid,16,259,2,222,9,target:Crocodile:449
5114,hunt_start,Sectid,997,76,8,164,3,target:Boar:836
5115,hunt_start,Sectid,16,259,2,222,9,target:Crocodile:449
5115,hunt_start,Sectid,997,76,6,164,4,target:Boar:836
5116,hunt_start,Sectid,16,259,2,222,9,target:Crocodile:449
5116,hunt_start,Sectid,997,76,6,164,2,target:Boar:836
5117,hunt_start,Sectid,16,259,2,222,9,target:Crocodile:449
5117,hunt_start,Sectid,997,76,8,164,0,target:Boar:836
5118,hunt_start,Sectid,16,259,2,222,9,target:Crocodile:449
5118,hunt_start,Sectid,997,76,6,164,2,target:Boar:836
5118,reproduce,Monkey,482,33,3,180,9,offspring:1
5119,hunt_start,Sectid,16,259,2,222,9,target:Crocodile:449
5119,hunt_start,Sectid,997,76,5,164,4,target:Boar:836
5120,hunt_start,Sectid,16,259,2,222,9,target:Crocodile:449
5121,hunt_start,Sectid,16,259,2,222,9,target:Crocodile:449
5121,hunt_fail,Sectid,998,83,9,156,1,discomfort
5122,hunt_start,Sectid,16,259,2,222,9,target:Crocodile:449
5123,hunt_start,Sectid,16,259,2,222,9,target:Crocodile:449
5123,hunt_fail,Sectid,1084,83,5,156,4,discomfort
5123,reproduce,Camel,255,73,4,169,7,offspring:1
5124,hunt_start,Sectid,16,259,2,222,9,target:Crocodile:449
5125,hunt_start,Sectid,16,259,2,222,9,target:Crocodile:449
5126,hunt_start,Sectid,16,259,2,222,9,target:Crocodile:449
5129,hunt_start,Sectid,16,259,0,222,9,target:Crocodile:449
5130,hunt_start,Sectid,16,259,0,222,7,target:Crocodile:449
5131,hunt_start,Sectid,16,259,0,222,7,target:Crocodile:449
5132,hunt_start,Sectid,16,259,0,222,7,target:Crocodile:449
5132,reproduce,Penguin,142,154,0,32,0,offspring:1
5133,hunt_start,Sectid,16,259,0,222,7,target:Crocodile:449
5133,reproduce,Elk,101,67,7,108,3,offspring:1
5134,hunt_start,Sectid,16,259,0,222,7,target:Crocodile:449
5135,hunt_start,Sectid,16,259,0,222,7,target:Crocodile:449
5135,hunt_fail,Sectid,998,83,8,156,3,discomfort
5136,hunt_start,Sectid,16,259,0,222,7,target:Crocodile:449
5137,hunt_start,Sectid,16,259,0,222,7,target:Crocodile:449
5138,hunt_start,Sectid,16,259,0,222,7,target:Crocodile:449
5139,hunt_start,Sectid,16,259,0,222,7,target:Crocodile:449
5139,hunt_fail,Wolf,432,20,1,257,0,discomfort
5139,reproduce,Lizard,689,115,6,160,0,offspring:2
5140,hunt_start,Sectid,16,259,0,222,7,target:Crocodile:449
5141,hunt_start,Sectid,16,259,0,222,7,target:Crocodile:449
5142,hunt_start,Sectid,16,259,0,222,7,target:Crocodile:449
5143,hunt_start,Sectid,16,259,0,222,7,target:Crocodile:449
5144,hunt_start,Sectid,16,259,0,222,7,target:Crocodile:449
5145,hunt_start,Sectid,16,259,0,222,7,target:Crocodile:449
5145,hunt_fail,Wolf,433,19,1,256,1,discomfort
5146,hunt_start,Sectid,16,259,0,222,7,target:Crocodile:449
5147,hunt_start,Sectid,16,259,0,222,7,target:Crocodile:449
5148,hunt_start,Sectid,16,259,0,222,7,target:Crocodile:449
5149,hunt_start,Sectid,16,259,0,222,7,target:Crocodile:449
5150,hunt_start,Sectid,16,259,0,222,7,target:Crocodile:449
5150,kill,Rabbit,95,279,6,54,7,killed_by:Hawk:1022
5151,hunt_start,Sectid,16,259,0,222,7,target:Crocodile:449
5151,hunt_start,Hawk,1022,279,5,54,4,target:Rabbit:96
5152,hunt_start,Sectid,16,259,0,222,7,target:Crocodile:449
5152,kill,Lizard,172,81,7,201,5,killed_by:Hawk:467
5153,hunt_start,Sectid,16,259,0,222,7,target:Crocodile:449
5153,hunt_start,Hawk,467,81,8,201,6,target:Monkey:967
5154,hunt_start,Sectid,16,259,0,222,7,target:Crocodile:449
5155,hunt_start,Sectid,16,259,0,222,7,target:Crocodile:449
5156,hunt_start,Sectid,16,259,0,222,7,target:Crocodile:449
5157,hunt_start,Sectid,16,259,0,222,7,target:Crocodile:449
5157,hunt_fail,Sectid,1000,79,4,163,0,discomfort
5158,hunt_start,Sectid,16,259,0,222,7,target:Crocodile:449
5158,hunt_fail,Sectid,998,83,7,156,4,discomfort
5158,hunt_fail,Sectid,1084,83,5,156,1,discomfort
5159,hunt_start,Sectid,16,259,0,222,7,target:Crocodile:449
5160,hunt_start,Sectid,16,259,0,222,7,target:Crocodile:449
5161,hunt_start,Sectid,16,259,0,222,7,target:Crocodile:449
5161,reproduce,Parrot,960,64,0,69,8,offspring:1
5162,hunt_start,Sectid,16,259,0,222,7,target:Crocodile:449
5164,hunt_start,Sectid,16,259,0,222,6,target:Crocodile:449
5165,hunt_start,Sectid,16,259,0,222,6,target:Crocodile:449
5166,hunt_start,Sectid,16,259,0,222,6,target:Crocodile:449
5167,hunt_start,Sectid,16,259,0,222,6,target:Crocodile:449
5168,hunt_start,Sectid,16,259,0,222,6,target:Crocodile:449
5168,hunt_fail,Wolf,432,20,3,257,4,discomfort
5168,kill,Tapir,977,63,3,192,5,killed_by:Jaguar:485
5169,hunt_start,Sectid,16,259,0,222,6,target:Crocodile:449
5169,hunt_start,Fox,446,287,1,96,1,target:Penguin:276
5170,hunt_start,Sectid,16,259,0,222,6,target:Crocodile:449
5171,hunt_start,Sectid,16,259,0,222,6,target:Crocodile:449
5172,hunt_start,Sectid,16,259,0,222,6,target:Crocodile:449
5172,kill,Rabbit,908,257,6,122,9,killed_by:Hawk:548
5172,reproduce,Camel,367,30,4,125,6,offspring:1
5173,hunt_start,Sectid,16,259,0,222,6,target:Crocodile:449
5173,hunt_fail,Wolf,433,19,3,256,1,discomfort
5173,kill,Rabbit,722,29,8,38,1,killed_by:Hawk:464
5174,hunt_start,Sectid,16,259,0,222,6,target:Crocodile:449
5174,hunt_start,Hawk,464,29,8,38,3,target:Rabbit:1017
5175,hunt_start,Sectid,16,259,0,222,6,target:Crocodile:449
5176,hunt_start,Sectid,16,259,0,222,6,target:Crocodile:449
5177,hunt_start,Sectid,16,259,0,222,6,target:Crocodile:449
5177,hunt_start,Sectid,29,184,5,237,0,target:Lizard:236
5177,reproduce,Tapir,940,265,4,84,0,offspring:1
5178,hunt_start,Sectid,16,259,0,222,6,target:Crocodile:449
5178,reproduce,Elk,198,32,0,180,4,offspring:1
5178,reproduce,Tapir,954,256,5,128,1,offspring:1
5179,hunt_start,Sectid,16,259,0,222,6,target:Crocodile:449
5179,hunt_fail,Sectid,1084,83,4,156,4,discomfort
5180,hunt_start,Sectid,16,259,0,222,6,target:Crocodile:449
5182,hunt_start,Sectid,16,258,8,222,8,target:Crocodile:449
5182,hunt_fail,Sectid,620,112,0,129,2,prey_escaped
5183,hunt_start,Sectid,16,258,8,223,0,target:Crocodile:449
5183,kill,Rabbit,1019,17,7,42,7,killed_by:Hawk:495
5184,hunt_start,Sectid,16,259,0,222,9,target:Crocodile:449
5185,starvation,Wolf,438,279,2,29,2,
5185,hunt_start,Sectid,16,259,0,222,9,target:Crocodile:449
5186,hunt_start,Sectid,16,259,0,222,9,target:Crocodile:449
5186,hunt_fail,Sectid,998,83,7,156,4,discomfort
5187,hunt_start,Sectid,16,259,0,222,9,target:Crocodile:449
5188,hunt_start,Sectid,16,259,0,222,9,target:Crocodile:449
5189,hunt_start,Sectid,16,259,0,222,9,target:Crocodile:449
5190,hunt_start,Sectid,16,259,0,222,9,target:Crocodile:449
5190,kill,Rabbit,1020,59,5,-0,0,killed_by:Hawk:926
5191,hunt_start,Sectid,16,259,0,222,9,target:Crocodile:449
5192,hunt_start,Sectid,16,259,0,222,9,target:Crocodile:449
5193,hunt_start,Sectid,16,259,0,222,9,target:Crocodile:449
5194,hunt_start,Sectid,16,259,0,222,9,target:Crocodile:449
5195,hunt_start,Sectid,16,259,0,222,9,target:Crocodile:449
5196,hunt_start,Sectid,16,259,0,222,9,target:Crocodile:449
5197,hunt_start,Sectid,16,259,0,222,9,target:Crocodile:449
5197,hunt_fail,Sectid,29,182,1,238,5,discomfort
5197,hunt_start,Sectid,997,78,1,163,8,target:Boar:836
5198,hunt_start,Sectid,16,259,0,222,9,target:Crocodile:449
5198,hunt_start,Sectid,997,78,3,163,8,target:Boar:836
5199,hunt_start,Sectid,16,259,0,222,9,target:Crocodile:449
5199,hunt_start,Jaguar,796,52,2,220,9,target:Lizard:239
5199,hunt_start,Sectid,997,78,2,164,0,target:Boar:836
5200,hunt_start,Sectid,16,259,0,222,9,target:Crocodile:449
5200,hunt_start,Sectid,997,78,4,164,1,target:Boar:836
5201,hunt_start,Sectid,16,259,0,222,9,target:Crocodile:449
5201,hunt_start,Sectid,997,78,3,164,3,target:Boar:836
5202,hunt_start,Sectid,16,259,0,222,9,target:Crocodile:449
5202,hunt_start,Sectid,997,78,5,164,5,target:Boar:836
5203,hunt_start,Sectid,16,259,0,222,9,target:Crocodile:449
5203,kill,Penguin,133,256,5,68,0,killed_by:Hawk:824
5203,hunt_start,Sectid,997,78,4,164,3,target:Boar:836
5204,hunt_start,Sectid,16,259,0,222,9,target:Crocodile:449
5204,hunt_start,Sectid,997,78,4,164,0,target:Boar:836
5205,hunt_start,Sectid,16,259,0,222,9,target:Crocodile:449
5205,hunt_start,Sectid,997,78,6,163,9,target:Boar:836
5206,hunt_start,Sectid,16,259,0,222,9,target:Crocodile:449
5206,hunt_start,Sectid,997,78,4,164,1,target:Boar:836
5207,starvation,Scorpion,605,272,2,17,3,
5207,hunt_start,Sectid,16,259,0,222,9,target:Crocodile:449
5207,hunt_start,Sectid,997,78,4,164,3,target:Boar:836
5207,reproduce,Frog,165,55,6,82,5,offspring:2
5207,reproduce,Frog,175,58,0,90,2,offspring:2
5208,hunt_start,Sectid,16,259,0,222,9,target:Crocodile:449
5208,hunt_start,Sectid,997,78,6,164,4,target:Boar:836
5209,hunt_start,Sectid,16,259,0,222,9,target:Crocodile:449
5209,hunt_fail,Wolf,432,20,1,257,2,discomfort
5209,hunt_fail,Wolf,434,19,0,255,9,discomfort
5209,kill,Shroomer,410,143,3,218,9,killed_by:Bear:462
5210,hunt_start,Sectid,16,259,0,222,9,target:Crocodile:449
5210,reproduce,Parrot,540,104,0,216,6,offspring:1
5211,hunt_start,Sectid,16,259,0,222,9,target:Crocodile:449
5212,hunt_start,Sectid,16,259,0,222,9,target:Crocodile:449
5212,hunt_fail,Sectid,998,83,6,156,5,discomfort
5213,hunt_start,Sectid,16,259,0,222,9,target:Crocodile:449
5213,hunt_start,Sectid,997,78,7,164,5,target:Boar:836
5214,hunt_start,Sectid,16,259,0,222,9,target:Crocodile:449
5214,hunt_start,Sectid,997,78,8,164,3,target:Boar:836
5215,hunt_start,Sectid,16,259,0,222,9,target:Crocodile:449
5215,hunt_start,Sectid,997,78,6,164,4,target:Boar:836
5216,hunt_start,Sectid,16,259,0,222,9,target:Crocodile:449
5216,hunt_start,Sectid,997,78,5,164,1,target:Boar:836
5217,hunt_start,Sectid,16,259,0,222,9,target:Crocodile:449
5217,hunt_start,Sectid,997,78,4,163,9,target:Boar:836
5218,hunt_start,Sectid,16,259,0,222,9,target:Crocodile:449
5218,hunt_start,Sectid,997,78,2,163,9,target:Boar:836
5219,hunt_start,Sectid,16,259,0,222,9,target:Crocodile:449
5219,hunt_start,Sectid,997,78,2,164,1,target:Boar:836
5220,hunt_start,Sectid,16,259,0,222,9,target:Crocodile:449
5220,hunt_start,Sectid,997,78,3,164,0,target:Boar:836
5221,hunt_start,Sectid,16,259,0,222,9,target:Crocodile:449
5221,hunt_start,Sectid,23,35,9,107,5,target:Parrot:761
5221,hunt_start,Sectid,997,78,5,163,9,target:Boar:836
5222,hunt_start,Sectid,16,259,0,222,9,target:Crocodile:449
5222,hunt_start,Sectid,664,70,6,138,1,target:Elk:1027
5223,hunt_start,Sectid,16,259,0,222,9,target:Crocodile:449
5224,hunt_start,Sectid,16,259,0,222,9,target:Crocodile:449
5224,hunt_fail,Sectid,21,40,9,107,7,discomfort
5225,hunt_start,Sectid,16,259,0,222,9,target:Crocodile:449
5226,hunt_start,Sectid,16,259,0,222,9,target:Crocodile:449
5226,hunt_fail,Sectid,23,35,6,108,6,discomfort
5226,kill,Turtle,107,187,7,123,7,killed_by:Wolf:431
5226,hunt_fail,Sectid,650,150,2,148,6,discomfort
5227,hunt_start,Sectid,16,259,0,222,9,target:Crocodile:449
5227,hunt_fail,Wolf,430,188,2,123,6,target_died
5228,environment_death,Deer,65,185,9,50,9,drowning
5228,hunt_start,Sectid,16,259,0,222,9,target:Crocodile:449
5228,reproduce,Deer,63,175,5,25,7,offspring:1
5228,reproduce,Deer,64,179,9,49,5,offspring:1
5228,reproduce,Deer,67,180,6,51,4,offspring:1
5228,reproduce,Deer,491,176,6,23,6,offspring:1
5228,reproduce,Deer,492,178,1,6,4,offspring:1
5228,reproduce,Deer,597,168,3,2,6,offspring:1
5229,hunt_start,Sectid,16,259,0,222,9,target:Crocodile:449
5229,hunt_fail,Sectid,752,252,9,166,4,prey_escaped
5230,hunt_start,Sectid,16,259,0,222,9,target:Crocodile:449
5231,hunt_start,Sectid,16,259,0,222,9,target:Crocodile:449
5232,hunt_start,Sectid,16,259,0,222,9,target:Crocodile:449
5233,hunt_start,Sectid,16,259,0,222,9,target:Crocodile:449
5233,reproduce,Turtle,184,171,5,131,5,offspring:1
5234,hunt_start,Sectid,16,259,0,222,9,target:Crocodile:449
5236,hunt_start,Sectid,16,259,0,222,9,target:Crocodile:449
5237,hunt_start,Sectid,16,259,0,222,9,target:Crocodile:449
5238,hunt_start,Sectid,16,259,0,222,9,target:Crocodile:449
5239,hunt_start,Sectid,16,259,0,222,9,target:Crocodile:449
5240,hunt_start,Sectid,16,259,0,222,9,target:Crocodile:449
5240,kill,Boar,903,30,6,201,8,killed_by:Jaguar:487
5241,starvation,Fox,446,287,3,105,3,
5241,hunt_start,Sectid,16,259,0,222,9,target:Crocodile:449
5241,hunt_start,Jaguar,487,30,2,201,4,target:Turtle:189
5242,hunt_start,Sectid,16,259,0,222,9,target:Crocodile:449
5243,hunt_start,Sectid,16,259,0,222,9,target:Crocodile:449
5244,hunt_start,Sectid,16,259,0,222,9,target:Crocodile:449
5245,hunt_start,Sectid,16,259,0,222,9,target:Crocodile:449
5246,hunt_start,Sectid,16,259,0,222,9,target:Crocodile:449
5247,hunt_start,Sectid,16,259,0,222,9,target:Crocodile:449
5248,hunt_start,Sectid,16,259,0,222,9,target:Crocodile:449
5249,hunt_start,Sectid,16,259,0,222,9,target:Crocodile:449
5250,hunt_start,Sectid,16,259,0,222,9,target:Crocodile:449
5250,hunt_fail,Sectid,547,150,2,149,0,discomfort
5250,hunt_fail,Sectid,998,82,6,153,5,discomfort
5251,hunt_start,Sectid,16,259,0,222,9,target:Crocodile:449
5251,reproduce,Parrot,399,77,7,208,8,offspring:1
5251,reproduce,Parrot,891,43,5,196,5,offspring:1
5252,hunt_start,Sectid,16,259,0,222,9,target:Crocodile:449
5253,starvation,Frog,724,130,5,63,5,
5253,hunt_start,Sectid,16,259,0,222,9,target:Crocodile:449
5253,hunt_fail,Sectid,1084,82,3,152,1,discomfort
5255,hunt_start,Sectid,16,259,0,222,7,target:Crocodile:449
5256,hunt_start,Sectid,16,258,9,222,9,target:Crocodile:449
5256,hunt_start,Sectid,23,35,7,107,7,target:Parrot:761
5256,hunt_fail,Wolf,432,20,4,257,5,discomfort
5256,reproduce,Frog,801,159,5,29,0,offspring:2
5257,hunt_start,Sectid,16,258,8,223,0,target:Crocodile:449
5257,hunt_fail,Sectid,547,150,2,148,9,discomfort
5258,hunt_start,Sectid,16,258,9,223,2,target:Crocodile:449
5258,hunt_start,Sectid,997,79,7,164,5,target:Boar:836
5259,hunt_start,Sectid,16,258,9,223,2,target:Crocodile:449
5259,hunt_start,Sectid,997,79,9,164,5,target:Boar:836
5260,hunt_start,Sectid,16,258,9,223,2,target:Crocodile:449
5260,hunt_start,Sectid,997,79,7,164,5,target:Boar:836
5261,hunt_start,Sectid,16,258,9,223,2,target:Crocodile:449
5261,hunt_fail,Sectid,23,35,5,108,8,discomfort
5261,hunt_fail,Wolf,434,21,3,257,4,discomfort
5261,hunt_start,Sectid,997,79,7,164,3,target:Boar:836
5262,hunt_start,Sectid,16,258,9,223,2,target:Crocodile:449
5262,hunt_start,Sectid,997,79,7,164,3,target:Boar:836
5263,hunt_start,Sectid,16,258,9,223,2,target:Crocodile:449
5263,hunt_start,Sectid,997,79,7,164,3,target:Boar:836
5264,hunt_start,Sectid,16,258,9,223,2,target:Crocodile:449
5264,hunt_start,Sectid,997,79,8,164,5,target:Boar:836
5265,hunt_start,Sectid,16,258,9,223,2,target:Crocodile:449
5265,hunt_start,Sectid,997,79,7,164,7,target:Boar:836
5266,hunt_start,Sectid,16,258,9,223,2,target:Crocodile:449
5266,hunt_start,Sectid,997,79,6,164,6,target:Boar:836
5267,hunt_start,Sectid,16,258,9,223,2,target:Crocodile:449
5267,hunt_start,Sectid,997,79,8,164,7,target:Boar:836
5268,hunt_start,Sectid,16,258,9,223,2,target:Crocodile:449
5268,hunt_start,Sectid,997,79,9,164,8,target:Boar:836
5269,hunt_start,Sectid,16,258,9,223,2,target:Crocodile:449
5269,hunt_start,Sectid,24,57,0,105,5,target:Frog:511
5269,hunt_start,Sectid,997,79,7,164,8,target:Boar:836
5270,hunt_start,Sectid,16,258,9,223,2,target:Crocodile:449
5270,hunt_start,Sectid,997,79,6,164,8,target:Boar:836
5271,hunt_start,Sectid,16,258,9,223,2,target:Crocodile:449
5271,hunt_start,Sectid,997,79,6,164,6,target:Boar:836
5272,hunt_start,Sectid,16,258,9,223,2,target:Crocodile:449
5272,hunt_start,Sectid,997,79,7,164,8,target:Boar:836
5273,hunt_start,Sectid,16,258,9,223,2,target:Crocodile:449
5273,hunt_start,Sectid,997,79,5,164,8,target:Boar:836
5274,hunt_start,Sectid,5,77,5,163,5,target:Boar:836
5274,hunt_start,Sectid,16,258,9,223,2,target:Crocodile:449
5274,reproduce,Penguin,276,288,0,105,0,offspring:1
5275,hunt_start,Sectid,16,258,9,223,2,target:Crocodile:449
5276,hunt_start,Sectid,16,258,9,223,2,target:Crocodile:449
5277,starvation,Lizard,528,161,6,95,4,
5277,hunt_start,Sectid,16,258,9,223,2,target:Crocodile:449
5278,hunt_start,Sectid,16,258,9,223,2,target:Crocodile:449
5278,reproduce,Musk Ox,291,194,3,192,2,offspring:1
5279,hunt_start,Sectid,16,258,9,223,2,target:Crocodile:449
5280,hunt_start,Sectid,16,258,9,223,2,target:Crocodile:449
5281,hunt_start,Sectid,16,258,9,223,2,target:Crocodile:449
5282,hunt_fail,Sectid,5,77,7,165,3,discomfort
5282,hunt_start,Sectid,16,258,9,223,2,target:Crocodile:449
5282,kill,Rabbit,96,271,0,50,7,killed_by:Hawk:1022
5282,reproduce,Elk,514,15,6,181,1,offspring:1
5283,hunt_start,Sectid,16,258,9,223,2,target:Crocodile:449
5283,hunt_start,Hawk,1022,271,2,50,8,target:Rabbit:1127
5284,hunt_start,Sectid,16,258,9,223,2,target:Crocodile:449
5285,hunt_start,Sectid,16,258,9,223,2,target:Crocodile:449
5286,hunt_start,Sectid,16,258,9,223,2,target:Crocodile:449
5286,hunt_fail,Sectid,24,59,1,102,3,discomfort
5286,reproduce,Elk,221,181,2,96,0,offspring:1
5287,hunt_start,Sectid,16,258,9,223,2,target:Crocodile:449
5288,hunt_start,Sectid,16,258,9,223,2,target:Crocodile:449
5289,hunt_start,Sectid,16,258,9,223,2,target:Crocodile:449
5289,hunt_start,Sectid,977,123,1,123,1,target:Monkey:465
5290,hunt_start,Sectid,16,258,9,223,2,target:Crocodile:449
5291,hunt_start,Sectid,16,258,9,223,2,target:Crocodile:449
5292,hunt_start,Sectid,16,258,9,223,2,target:Crocodile:449
5293,hunt_start,Sectid,16,258,9,223,2,target:Crocodile:449
5294,hunt_start,Sectid,16,258,9,223,2,target:Crocodile:449
5295,hunt_start,Sectid,16,258,9,223,2,target:Crocodile:449
5296,hunt_start,Sectid,16,258,9,223,2,target:Crocodile:449
5297,hunt_start,Sectid,16,258,9,223,2,target:Crocodile:449
5297,hunt_start,Bear,462,141,9,216,9,target:Fish:854
5298,hunt_start,Sectid,16,258,9,223,2,target:Crocodile:449
5298,hunt_start,Sectid,23,35,7,107,4,target:Elk:780
5299,hunt_start,Sectid,16,258,9,223,2,target:Crocodile:449
5299,kill,Elk,1027,73,9,123,7,killed_by:Sectid:664
5300,hunt_start,Sectid,16,258,9,223,2,target:Crocodile:449
5301,hunt_start,Sectid,16,258,9,223,2,target:Crocodile:449
5302,hunt_start,Sectid,16,258,9,223,2,target:Crocodile:449
5302,hunt_start,Sectid,1000,77,8,166,2,target:Boar:836
5303,hunt_start,Sectid,16,258,9,223,2,target:Crocodile:449
5303,hunt_start,Sectid,1000,77,9,166,0,target:Boar:836
5304,hunt_start,Sectid,16,258,9,223,2,target:Crocodile:449
5304,hunt_fail,Sectid,23,35,2,108,8,discomfort
5304,hunt_start,Sectid,1000,77,7,166,0,target:Boar:836
5305,hunt_start,Sectid,16,258,9,223,2,target:Crocodile:449
5305,hunt_start,Sectid,1000,77,9,166,0,target:Boar:836
5306,hunt_start,Sectid,16,258,9,223,2,target:Crocodile:449
5306,hunt_start,Sectid,1000,77,8,165,8,target:Boar:836
5307,hunt_start,Sectid,16,258,9,223,2,target:Crocodile:449
5307,hunt_start,Sectid,1000,77,8,165,6,target:Boar:836
5308,hunt_start,Sectid,16,258,9,223,2,target:Crocodile:449
5308,hunt_fail,Wolf,432,19,7,256,6,discomfort
5308,hunt_start,Sectid,1000,77,7,165,7,target:Boar:836
5309,hunt_start,Sectid,16,258,9,223,2,target:Crocodile:449
5309,hunt_start,Sectid,1000,77,6,165,6,target:Boar:836
5310,hunt_start,Sectid,16,258,9,223,2,target:Crocodile:449
5310,hunt_start,Sectid,1000,77,3,165,7,target:Boar:836
5311,hunt_start,Sectid,16,258,9,223,2,target:Crocodile:449
5311,hunt_start,Sectid,1000,77,0,165,7,target:Boar:836
5311,reproduce,Monkey,569,160,0,144,8,offspring:1
5312,hunt_start,Sectid,16,258,9,223,2,target:Crocodile:449
5312,hunt_fail,Wolf,434,23,0,258,8,discomfort
5312,hunt_start,Sectid,1000,77,0,165,9,target:Boar:836
5312,reproduce,Parrot,345,127,9,18,0,offspring:1
5312,reproduce,Parrot,618,127,3,16,5,offspring:1
5312,reproduce,Parrot,644,118,4,14,3,offspring:1
5313,hunt_start,Sectid,16,258,9,223,2,target:Crocodile:449
5314,hunt_start,Sectid,16,258,9,223,2,target:Crocodile:449
5314,reproduce,Elk,194,232,2,258,2,offspring:1
5315,hunt_start,Sectid,16,258,9,223,2,target:Crocodile:449
5316,hunt_start,Sectid,16,258,9,223,2,target:Crocodile:449
5317,hunt_start,Sectid,16,258,9,223,2,target:Crocodile:449
5318,hunt_start,Sectid,16,258,9,223,2,target:Crocodile:449
5319,hunt_start,Sectid,16,258,9,223,2,target:Crocodile:449
5320,hunt_start,Sectid,16,258,9,223,2,target:Crocodile:449
5321,hunt_start,Sectid,16,258,9,223,2,target:Crocodile:449
5322,hunt_start,Sectid,16,258,9,223,2,target:Crocodile:449
5323,hunt_start,Sectid,16,258,9,223,2,target:Crocodile:449
5323,reproduce,Elk,137,231,6,131,8,offspring:1
5324,hunt_start,Sectid,16,258,9,223,2,target:Crocodile:449
5324,reproduce,Elk,513,192,0,132,7,offspring:1
5325,hunt_start,Sectid,16,258,9,223,2,target:Crocodile:449
5327,hunt_start,Sectid,16,258,9,223,1,target:Crocodile:449
5328,hunt_start,Sectid,16,258,8,223,3,target:Crocodile:449
5329,hunt_start,Sectid,16,258,9,223,1,target:Crocodile:449
5330,hunt_start,Sectid,16,258,9,223,1,target:Crocodile:449
5331,environment_death,Deer,43,154,7,118,0,drowning
5331,hunt_start,Sectid,16,258,9,223,1,target:Crocodile:449
5331,hunt_fail,Sectid,84,155,1,123,2,target_died
5331,hunt_start,Sectid,84,155,1,123,2,target:Deer:1035
5331,hunt_fail,Sectid,222,154,8,123,0,target_died
5331,hunt_fail,Sectid,496,154,5,122,9,target_died
5332,hunt_start,Sectid,16,258,9,223,1,target:Crocodile:449
5332,hunt_fail,Wolf,432,20,7,257,2,discomfort
5332,hunt_start,Hawk,548,263,4,123,4,target:Rabbit:705
5333,hunt_start,Sectid,16,258,9,223,1,target:Crocodile:449
5334,hunt_start,Sectid,16,258,9,223,1,target:Crocodile:449
5335,hunt_start,Sectid,16,258,9,223,1,target:Crocodile:449
5336,hunt_start,Sectid,16,258,9,223,1,target:Crocodile:449
5337,hunt_start,Sectid,16,258,9,223,1,target:Crocodile:449
5338,hunt_start,Sectid,16,258,9,223,1,target:Crocodile:449
5339,hunt_start,Sectid,16,258,9,223,1,target:Crocodile:449
5339,hunt_start,Sectid,23,35,5,107,5,target:Elk:780
5340,hunt_start,Sectid,16,258,9,223,1,target:Crocodile:449
5340,kill,Rabbit,1017,46,4,21,7,killed_by:Hawk:464
5340,hunt_start,Boar,836,78,4,170,2,target:Sectid:5
5341,hunt_start,Sectid,16,258,9,223,1,target:Crocodile:449
5341,hunt_start,Hawk,464,46,2,21,9,target:Penguin:515
5342,hunt_start,Sectid,16,258,9,223,1,target:Crocodile:449
5343,hunt_start,Sectid,16,258,9,223,1,target:Crocodile:449
5344,hunt_start,Sectid,16,258,9,223,1,target:Crocodile:449
5344,kill,Monkey,967,103,2,198,1,killed_by:Hawk:467
5344,reproduce,Monkey,811,92,1,185,7,offspring:1
5345,hunt_start,Sectid,16,258,9,223,1,target:Crocodile:449
5345,hunt_fail,Sectid,23,35,1,108,8,discomfort
5345,hunt_start,Hawk,467,103,0,197,9,target:Rabbit:1116
5346,hunt_start,Sectid,16,258,9,223,1,target:Crocodile:449
5347,hunt_start,Sectid,16,258,9,223,1,target:Crocodile:449
5347,reproduce,Hawk,926,62,8,5,3,offspring:1
5348,hunt_start,Sectid,16,258,9,223,1,target:Crocodile:449
5348,hunt_start,Hawk,926,62,9,5,4,target:Rabbit:1023
5348,hunt_start,Hawk,967,64,0,7,2,target:Rabbit:1023
5349,starvation,Tapir,863,215,6,66,6,
5349,hunt_start,Sectid,16,258,9,223,1,target:Crocodile:449
5350,hunt_start,Sectid,16,258,9,223,1,target:Crocodile:449
5350,hunt_start,Sectid,559,252,7,201,3,target:Frog:452
5351,hunt_start,Sectid,16,258,9,223,1,target:Crocodile:449
5352,hunt_start,Sectid,16,258,9,223,1,target:Crocodile:449
5353,hunt_start,Sectid,16,258,9,223,1,target:Crocodile:449
5353,hunt_start,Sectid,1000,77,9,166,2,target:Boar:836
5354,hunt_start,Sectid,16,258,9,223,1,target:Crocodile:449
5354,hunt_start,Sectid,1000,77,6,166,2,target:Boar:836
5355,hunt_start,Sectid,16,258,9,223,1,target:Crocodile:449
5355,hunt_start,Sectid,1000,77,4,166,3,target:Boar:836
5356,hunt_start,Sectid,16,258,9,223,1,target:Crocodile:449
5356,hunt_start,Sectid,1000,77,4,166,0,target:Boar:836
5357,hunt_start,Sectid,16,258,9,223,1,target:Crocodile:449
5357,hunt_start,Sectid,1000,77,6,166,3,target:Boar:836
5358,hunt_start,Sectid,16,258,9,223,1,target:Crocodile:449
5358,hunt_start,Sectid,1000,77,4,166,4,target:Boar:836
5359,hunt_start,Sectid,16,258,9,223,1,target:Crocodile:449
5359,hunt_start,Sectid,1000,77,5,166,2,target:Boar:836
5360,hunt_start,Sectid,16,258,9,223,1,target:Crocodile:449
5360,hunt_start,Sectid,1000,77,7,166,0,target:Boar:836
5361,hunt_start,Sectid,16,258,9,223,1,target:Crocodile:449
5361,hunt_fail,Jaguar,486,87,9,274,9,discomfort
5361,hunt_start,Sectid,1000,77,5,166,2,target:Boar:836
5362,hunt_start,Sectid,16,258,9,223,1,target:Crocodile:449
5362,hunt_start,Sectid,1000,77,7,166,2,target:Boar:836
5363,hunt_start,Sectid,16,258,9,223,1,target:Crocodile:449
5363,hunt_start,Hawk,824,256,7,68,1,target:Rabbit:105
5363,hunt_start,Sectid,1000,78,0,166,1,target:Boar:836
5364,hunt_start,Sectid,16,258,9,223,1,target:Crocodile:449
5364,hunt_start,Sectid,1000,78,0,165,9,target:Boar:836
5365,hunt_start,Sectid,16,258,9,223,1,target:Crocodile:449
5365,hunt_start,Sectid,1000,78,0,165,7,target:Boar:836
5366,hunt_start,Sectid,16,258,9,223,1,target:Crocodile:449
5366,hunt_start,Jaguar,370,10,9,187,9,target:Boar:993
5366,hunt_start,Polar Bear,477,186,9,59,0,target:Deer:67
5366,hunt_start,Sectid,1000,77,9,165,8,target:Boar:836
5367,hunt_start,Sectid,16,258,9,223,1,target:Crocodile:449
5367,hunt_start,Sectid,1000,78,0,165,7,target:Boar:836
5368,hunt_start,Sectid,16,258,9,223,1,target:Crocodile:449
5368,hunt_fail,Wolf,433,20,0,256,8,discomfort
5368,hunt_start,Sectid,1000,77,9,165,5,target:Boar:836
5369,hunt_start,Sectid,16,258,9,223,1,target:Crocodile:449
5369,hunt_start,Wolf,430,189,6,120,4,target:Turtle:1006
5369,hunt_start,Sectid,1000,77,7,165,4,target:Boar:836
5370,hunt_start,Sectid,16,258,9,223,1,target:Crocodile:449
5370,hunt_fail,Sectid,547,153,2,150,2,discomfort
5370,hunt_start,Sectid,1000,77,8,165,2,target:Boar:836
5371,hunt_start,Sectid,16,258,9,223,1,target:Crocodile:449
5371,hunt_start,Jaguar,486,88,0,275,1,target:Lizard:929
5371,hunt_start,Sectid,1000,77,9,165,3,target:Boar:836
5372,hunt_start,Sectid,16,258,9,223,1,target:Crocodile:449
5372,hunt_start,Sectid,1000,77,8,165,2,target:Boar:836
5373,hunt_start,Sectid,16,258,9,223,1,target:Crocodile:449
5373,hunt_start,Sectid,1000,77,7,165,3,target:Boar:836
5374,hunt_start,Sectid,16,258,9,223,1,target:Crocodile:449
5374,hunt_start,Sectid,1000,77,5,165,4,target:Boar:836
5375,hunt_start,Sectid,16,258,9,223,1,target:Crocodile:449
5375,hunt_start,Sectid,1000,77,6,165,5,target:Boar:836
5376,hunt_start,Sectid,16,258,9,223,1,target:Crocodile:449
5376,hunt_start,Sectid,1000,77,6,165,3,target:Boar:836
5377,hunt_start,Sectid,16,258,9,223,1,target:Crocodile:449
5377,hunt_start,Sectid,1000,77,7,165,2,target:Boar:836
5378,hunt_start,Sectid,16,258,9,223,1,target:Crocodile:449
5378,hunt_fail,Wolf,432,20,4,257,4,discomfort
5379,hunt_start,Sectid,16,258,9,223,1,target:Crocodile:449
5381,hunt_start,Sectid,16,258,9,223,2,target:Crocodile:449
5382,hunt_start,Sectid,16,259,0,223,1,target:Crocodile:449
5382,hunt_fail,Wolf,434,22,3,258,5,discomfort
5382,hunt_fail,Jaguar,486,88,0,275,3,discomfort
5383,hunt_start,Sectid,16,259,0,223,1,target:Crocodile:449
5384,hunt_start,Sectid,16,259,0,223,1,target:Crocodile:449
5384,hunt_start,Sectid,23,35,5,107,4,target:Elk:780
5385,hunt_start,Sectid,16,259,0,223,1,target:Crocodile:449
5386,hunt_start,Sectid,16,259,0,223,1,target:Crocodile:449
5387,hunt_start,Sectid,16,259,0,223,1,target:Crocodile:449
5387,reproduce,Tapir,459,23,2,229,3,offspring:1
5387,reproduce,Tapir,907,66,8,213,7,offspring:1
5388,hunt_start,Sectid,16,259,0,223,1,target:Crocodile:449
5389,hunt_start,Sectid,16,259,0,223,1,target:Crocodile:449
5390,hunt_start,Sectid,16,259,0,223,1,target:Crocodile:449
5390,hunt_fail,Sectid,23,35,2,108,8,discomfort
5391,hunt_start,Sectid,16,259,0,223,1,target:Crocodile:449
5391,hunt_start,Sectid,29,180,0,238,1,target:Lizard:236
5392,hunt_start,Sectid,16,259,0,223,1,target:Crocodile:449
5393,hunt_start,Sectid,16,259,0,223,1,target:Crocodile:449
5393,reproduce,Elk,635,192,0,128,8,offspring:1
5394,hunt_start,Sectid,16,259,0,223,1,target:Crocodile:449
5395,hunt_start,Sectid,16,259,0,223,1,target:Crocodile:449
5396,hunt_start,Sectid,16,259,0,223,1,target:Crocodile:449
5396,hunt_start,Wolf,434,22,5,259,2,target:Lizard:933
5397,hunt_start,Sectid,16,259,0,223,1,target:Crocodile:449
5398,hunt_start,Sectid,16,259,0,223,1,target:Crocodile:449
5398,kill,Deer,1035,166,5,131,3,killed_by:Sectid:222
5399,hunt_start,Sectid,16,259,0,223,1,target:Crocodile:449
5399,hunt_fail,Sectid,84,166,2,130,8,target_died
5399,hunt_start,Sectid,84,166,2,130,8,target:Lizard:131
5399,hunt_fail,Sectid,496,165,9,130,8,target_died
5400,hunt_start,Sectid,16,259,0,223,1,target:Crocodile:449
5400,kill,Turtle,189,21,8,204,3,killed_by:Jaguar:487
5400,reproduce,Jaguar,487,22,4,204,1,offspring:1
5401,hunt_start,Sectid,16,259,0,223,1,target:Crocodile:449
5401,hunt_start,Jaguar,487,22,3,204,0,target:Turtle:572
5401,hunt_start,Jaguar,1035,22,5,204,8,target:Turtle:572
5402,hunt_start,Sectid,16,259,0,223,1,target:Crocodile:449
5403,hunt_start,Sectid,16,259,0,223,1,target:Crocodile:449
5404,hunt_start,Sectid,16,259,0,223,1,target:Crocodile:449
5405,hunt_start,Sectid,16,259,0,223,1,target:Crocodile:449
5405,reproduce,Elk,386,64,0,126,1,offspring:1
5406,hunt_start,Sectid,16,259,0,223,1,target:Crocodile:449
5406,reproduce,Parrot,699,66,1,273,7,offspring:1
5406,reproduce,Parrot,1004,65,7,277,0,offspring:1
5407,hunt_start,Sectid,16,259,0,223,1,target:Crocodile:449
5408,hunt_start,Sectid,16,259,0,223,1,target:Crocodile:449
5408,hunt_start,Sectid,1000,77,8,163,7,target:Boar:836
5409,hunt_start,Sectid,16,259,0,223,1,target:Crocodile:449
5409,hunt_start,Sectid,1000,77,9,163,9,target:Boar:836
5410,hunt_start,Sectid,16,259,0,223,1,target:Crocodile:449
5410,hunt_start,Sectid,1000,77,8,164,1,target:Boar:836
5411,hunt_start,Sectid,16,259,0,223,1,target:Crocodile:449
5412,hunt_start,Sectid,16,259,0,223,1,target:Crocodile:449
5412,hunt_start,Sectid,1000,78,1,164,0,target:Boar:836
5413,hunt_start,Sectid,16,259,0,223,1,target:Crocodile:449
5413,hunt_start,Sectid,1000,78,0,164,2,target:Boar:836
5414,hunt_start,Sectid,16,259,0,223,1,target:Crocodile:449
5414,hunt_start,Sectid,1000,78,2,164,0,target:Boar:836
5415,hunt_start,Sectid,16,259,0,223,1,target:Crocodile:449
5415,hunt_start,Sectid,1000,78,1,163,8,target:Boar:836
5416,hunt_start,Jaguar,206,34,7,207,5,target:Turtle:996
5416,hunt_start,Sectid,1000,78,0,164,0,target:Boar:836
5417,starvation,Deer,69,197,7,285,7,
5417,hunt_start,Sectid,16,259,0,223,0,target:Crocodile:449
5417,hunt_start,Sectid,1000,78,0,164,2,target:Boar:836
5417,reproduce,Deer,11,192,3,276,0,offspring:1
5417,reproduce,Deer,778,195,6,280,5,offspring:1
5418,hunt_start,Sectid,16,259,0,223,0,target:Crocodile:449
5418,hunt_start,Sectid,1000,77,9,164,1,target:Boar:836
5419,hunt_start,Sectid,16,259,0,223,0,target:Crocodile:449
5419,hunt_start,Sectid,1000,78,0,164,2,target:Boar:836
5420,hunt_start,Sectid,16,259,0,223,0,target:Crocodile:449
5420,hunt_start,Boar,836,78,6,169,5,target:Sectid:5
5420,hunt_start,Sectid,1000,78,2,164,1,target:Boar:836
5421,hunt_start,Sectid,16,259,0,223,0,target:Crocodile:449
5421,hunt_start,Hawk,495,17,9,42,7,target:Penguin:90
5422,hunt_start,Sectid,16,259,0,223,0,target:Crocodile:449
5423,hunt_start,Sectid,16,259,0,223,0,target:Crocodile:449
5424,hunt_start,Sectid,16,259,0,223,0,target:Crocodile:449
5425,hunt_start,Sectid,16,259,0,223,0,target:Crocodile:449
5426,hunt_start,Sectid,16,259,0,223,0,target:Crocodile:449
5427,hunt_start,Sectid,16,259,0,223,0,target:Crocodile:449
5427,hunt_start,Sectid,23,35,6,107,5,target:Elk:780
5428,environment_death,Sectid,547,154,7,150,2,drowning
5428,hunt_start,Sectid,16,259,0,223,0,target:Crocodile:449
5429,hunt_start,Sectid,16,259,0,223,0,target:Crocodile:449
5430,hunt_start,Sectid,16,259,0,223,0,target:Crocodile:449
5430,kill,Rabbit,257,83,8,116,9,killed_by:Sectid:73
5430,hunt_start,Jaguar,486,89,0,276,0,target:Lizard:965
5431,hunt_start,Sectid,16,259,0,223,0,target:Crocodile:449
5431,hunt_fail,Sectid,23,35,4,108,4,discomfort
5431,hunt_start,Sectid,73,83,7,117,4,target:Rabbit:1133
5431,hunt_fail,Sectid,85,83,0,119,0,target_died
5431,hunt_fail,Sectid,162,83,8,117,2,target_died
5431,hunt_fail,Sectid,620,96,8,126,6,target_died
5431,hunt_fail,Sectid,974,83,6,117,7,target_died
5431,hunt_fail,Sectid,978,82,9,119,3,target_died
5432,hunt_start,Sectid,16,259,0,223,0,target:Crocodile:449
5433,hunt_start,Sectid,16,259,0,223,0,target:Crocodile:449
5434,reproduce,Elk,224,224,0,86,5,offspring:1
5435,hunt_start,Sectid,16,259,0,222,9,target:Crocodile:449
5436,hunt_start,Sectid,16,259,0,222,9,target:Crocodile:449
5437,hunt_start,Sectid,16,259,0,222,9,target:Crocodile:449
5437,reproduce,Rabbit,1028,76,2,115,0,offspring:2
5438,hunt_start,Sectid,16,259,0,222,9,target:Crocodile:449
5439,hunt_start,Sectid,16,259,0,222,9,target:Crocodile:449
5440,hunt_start,Sectid,16,259,0,222,9,target:Crocodile:449
5441,hunt_start,Sectid,16,259,0,222,9,target:Crocodile:449
5442,hunt_start,Sectid,16,259,0,222,9,target:Crocodile:449
5443,hunt_start,Sectid,16,259,0,222,9,target:Crocodile:449
5443,kill,Frog,452,267,0,210,2,killed_by:Sectid:559
5444,hunt_start,Sectid,16,259,0,222,9,target:Crocodile:449
5445,hunt_start,Sectid,16,259,0,222,9,target:Crocodile:449
5446,hunt_start,Sectid,16,259,0,222,9,target:Crocodile:449
5447,hunt_start,Sectid,16,259,0,222,9,target:Crocodile:449
5448,hunt_start,Sectid,16,259,0,222,9,target:Crocodile:449
5449,hunt_start,Sectid,16,259,0,222,9,target:Crocodile:449
5449,hunt_start,Sectid,998,70,9,154,7,target:Tapir:673
5450,starvation,Lizard,760,158,8,195,5,
5450,hunt_start,Sectid,16,259,0,222,9,target:Crocodile:449
5451,hunt_start,Sectid,16,259,0,222,9,target:Crocodile:449
5453,hunt_start,Sectid,16,258,9,222,7,target:Crocodile:449
5454,hunt_start,Sectid,16,258,9,222,9,target:Crocodile:449
5454,hunt_fail,Sectid,489,152,6,150,5,discomfort
5454,hunt_fail,Sectid,650,153,2,150,5,discomfort
5454,reproduce,Monkey,1030,141,3,26,9,offspring:1
5455,hunt_start,Sectid,16,258,8,223,0,target:Crocodile:449
5455,hunt_start,Sectid,23,35,5,107,6,target:Elk:780
5456,hunt_start,Sectid,16,258,9,223,2,target:Crocodile:449
5456,kill,Rabbit,1127,268,8,26,5,killed_by:Hawk:1022
5457,hunt_start,Sectid,16,258,7,223,4,target:Crocodile:449
5457,hunt_start,Hawk,1022,268,8,26,7,target:Monkey:1114
5458,hunt_start,Sectid,16,258,9,223,5,target:Crocodile:449
5458,hunt_fail,Sectid,23,35,4,108,3,discomfort
5459,hunt_start,Sectid,16,258,9,223,5,target:Crocodile:449
5460,hunt_start,Sectid,16,258,9,223,5,target:Crocodile:449
5460,kill,Penguin,515,59,6,19,2,killed_by:Hawk:464
5461,hunt_start,Sectid,16,258,9,223,5,target:Crocodile:449
5462,hunt_start,Sectid,16,258,9,223,5,target:Crocodile:449
5463,hunt_start,Sectid,16,258,9,223,5,target:Crocodile:449
5464,hunt_start,Sectid,16,258,9,223,5,target:Crocodile:449
5464,reproduce,Tapir,710,57,7,93,0,offspring:1
5465,hunt_start,Sectid,16,258,9,223,5,target:Crocodile:449
5466,hunt_start,Sectid,16,258,9,223,5,target:Crocodile:449
5467,hunt_start,Sectid,16,258,9,223,5,target:Crocodile:449
5468,hunt_start,Sectid,16,258,9,223,5,target:Crocodile:449
5469,hunt_start,Sectid,16,258,9,223,5,target:Crocodile:449
5470,hunt_start,Sectid,16,258,9,223,5,target:Crocodile:449
5470,hunt_fail,Sectid,1106,152,9,150,8,discomfort
5471,hunt_start,Sectid,16,258,9,223,5,target:Crocodile:449
5472,hunt_start,Sectid,16,258,9,223,5,target:Crocodile:449
5473,hunt_start,Sectid,16,258,9,223,5,target:Crocodile:449
5474,hunt_start,Sectid,16,258,9,223,5,target:Crocodile:449
5474,kill,Rabbit,1023,44,6,12,6,killed_by:Hawk:967
5475,hunt_start,Sectid,16,258,9,223,5,target:Crocodile:449
5475,hunt_start,Sectid,23,35,5,107,8,target:Elk:780
5475,hunt_fail,Hawk,926,45,2,12,5,target_died
5475,hunt_start,Hawk,926,45,2,12,5,target:Monkey:768
5475,hunt_start,Hawk,967,44,8,12,6,target:Monkey:768
5476,hunt_start,Sectid,16,258,9,223,5,target:Crocodile:449
5477,hunt_start,Sectid,16,258,9,223,5,target:Crocodile:449
5477,reproduce,Parrot,733,96,0,120,4,offspring:1
5478,hunt_start,Sectid,16,258,9,223,5,target:Crocodile:449
5479,hunt_start,Sectid,16,258,9,223,5,target:Crocodile:449
5479,hunt_fail,Sectid,23,35,4,108,7,discomfort
5480,hunt_start,Sectid,16,258,9,223,5,target:Crocodile:449
5480,hunt_fail,Sectid,21,40,9,107,7,discomfort
5481,hunt_start,Sectid,16,258,9,223,5,target:Crocodile:449
5482,hunt_start,Sectid,16,258,9,223,5,target:Crocodile:449
5483,hunt_start,Sectid,16,258,9,223,5,target:Crocodile:449
5483,hunt_fail,Sectid,29,169,2,251,4,discomfort
5484,hunt_start,Sectid,16,258,9,223,5,target:Crocodile:449
5485,hunt_start,Sectid,16,258,9,223,5,target:Crocodile:449
5485,hunt_start,Boar,836,79,8,169,7,target:Sectid:5
5486,hunt_start,Sectid,16,258,9,223,5,target:Crocodile:449
5487,hunt_start,Sectid,16,258,9,223,5,target:Crocodile:449
5488,hunt_start,Sectid,16,258,9,223,5,target:Crocodile:449
5489,hunt_start,Sectid,16,258,9,223,5,target:Crocodile:449
5489,reproduce,Jaguar,370,19,8,181,0,offspring:1
5490,environment_death,Monkey,319,156,1,211,1,drowning
5490,hunt_start,Sectid,16,258,9,223,5,target:Crocodile:449
5490,hunt_fail,Wolf,749,147,5,214,3,target_died
5490,hunt_start,Wolf,749,147,5,214,3,target:Shroomer:314
5490,hunt_start,Jaguar,1169,19,0,182,5,target:Boar:993
5490,reproduce,Monkey,765,128,7,203,8,offspring:1
5491,hunt_start,Sectid,16,258,9,223,5,target:Crocodile:449
5492,hunt_start,Sectid,16,258,9,223,5,target:Crocodile:449
5493,hunt_start,Sectid,16,258,9,223,5,target:Crocodile:449
5494,hunt_start,Sectid,16,258,9,223,5,target:Crocodile:449
5495,hunt_start,Sectid,16,258,9,223,5,target:Crocodile:449
5496,hunt_start,Sectid,16,258,9,223,5,target:Crocodile:449
5496,reproduce,Monkey,952,137,7,25,6,offspring:1
5497,hunt_start,Sectid,16,258,9,223,5,target:Crocodile:449
5498,hunt_start,Sectid,16,258,9,223,5,target:Crocodile:449
5498,reproduce,Parrot,9,96,0,120,0,offspring:1
5498,reproduce,Parrot,494,53,2,78,3,offspring:1
5499,hunt_start,Sectid,16,258,9,223,5,target:Crocodile:449
5500,hunt_start,Sectid,16,258,9,223,5,target:Crocodile:449
5501,hunt_start,Sectid,16,258,9,223,5,target:Crocodile:449
5502,hunt_start,Sectid,16,258,9,223,5,target:Crocodile:449
5503,hunt_start,Sectid,16,258,9,223,5,target:Crocodile:449
5504,hunt_start,Sectid,16,258,9,223,5,target:Crocodile:449
5505,hunt_start,Sectid,16,258,9,223,5,target:Crocodile:449
5506,hunt_start,Sectid,16,258,9,223,5,target:Crocodile:449
5507,hunt_start,Sectid,16,258,9,223,5,target:Crocodile:449
5508,hunt_start,Sectid,16,258,9,223,5,target:Crocodile:449
5509,hunt_start,Sectid,16,258,9,223,5,target:Crocodile:449
5510,hunt_start,Sectid,16,258,9,223,5,target:Crocodile:449
5511,hunt_start,Sectid,16,258,9,223,5,target:Crocodile:449
5512,environment_death,Camel,255,72,4,174,7,drowning
5512,environment_death,Sectid,650,154,7,150,6,drowning
5512,hunt_start,Sectid,16,258,9,223,5,target:Crocodile:449
5512,hunt_start,Sectid,23,35,6,107,5,target:Elk:780
5512,reproduce,Camel,254,113,1,168,8,offspring:1
5513,hunt_start,Sectid,16,258,9,223,5,target:Crocodile:449
5513,reproduce,Deer,41,130,7,150,2,offspring:1
5513,reproduce,Parrot,871,26,9,224,0,offspring:1
5514,hunt_start,Sectid,16,258,9,223,5,target:Crocodile:449
5515,hunt_start,Sectid,16,258,9,223,5,target:Crocodile:449
5516,environment_death,Sectid,489,154,1,150,4,drowning
5516,hunt_start,Sectid,16,258,9,223,5,target:Crocodile:449
5517,hunt_start,Sectid,16,258,9,223,5,target:Crocodile:449
5518,hunt_start,Sectid,16,258,9,223,5,target:Crocodile:449
5518,hunt_fail,Sectid,23,35,4,108,9,discomfort
5519,hunt_start,Sectid,16,258,9,223,5,target:Crocodile:449
5519,kill,Tapir,673,57,3,150,6,killed_by:Sectid:998
5519,reproduce,Tapir,728,42,1,148,0,offspring:1
5519,reproduce,Tapir,860,43,1,131,4,offspring:1
5520,hunt_start,Sectid,16,258,9,223,5,target:Crocodile:449
5521,hunt_start,Sectid,16,258,9,223,5,target:Crocodile:449
5522,hunt_start,Sectid,16,258,9,223,5,target:Crocodile:449
5523,hunt_start,Sectid,16,258,9,223,5,target:Crocodile:449
5523,kill,Turtle,572,29,0,208,9,killed_by:Jaguar:1035
5524,hunt_start,Sectid,16,258,9,223,5,target:Crocodile:449
5524,hunt_fail,Jaguar,487,23,4,204,4,target_died
5525,hunt_start,Sectid,16,258,9,223,5,target:Crocodile:449
5525,hunt_fail,Bear,462,136,7,223,9,discomfort
5526,kill,Rabbit,705,288,0,117,8,killed_by:Hawk:548
5527,hunt_start,Sectid,16,258,9,223,5,target:Crocodile:449
5528,environment_death,Sectid,1106,154,1,150,9,drowning
5528,hunt_start,Sectid,16,258,9,223,5,target:Crocodile:449
5529,hunt_start,Sectid,16,258,9,223,5,target:Crocodile:449
5530,hunt_start,Sectid,16,258,9,223,5,target:Crocodile:449
5531,hunt_start,Sectid,16,258,9,223,5,target:Crocodile:449
5532,hunt_start,Sectid,16,258,9,223,5,target:Crocodile:449
5532,hunt_fail,Sectid,1149,145,1,110,9,discomfort
5533,hunt_start,Sectid,16,258,9,223,5,target:Crocodile:449
5534,hunt_start,Sectid,16,258,9,223,5,target:Crocodile:449
5534,hunt_fail,Sectid,1149,145,1,110,9,discomfort
5535,hunt_start,Sectid,16,258,9,223,5,target:Crocodile:449
5536,hunt_start,Sectid,16,258,9,223,5,target:Crocodile:449
5537,hunt_start,Sectid,16,258,9,223,5,target:Crocodile:449
5537,hunt_start,Sectid,705,127,9,135,2,target:Lizard:1151
5538,hunt_start,Sectid,16,258,9,223,5,target:Crocodile:449
5538,hunt_start,Jaguar,485,60,6,204,1,target:Tapir:907
5538,reproduce,Parrot,767,114,9,173,6,offspring:1
5539,hunt_start,Sectid,16,258,9,223,5,target:Crocodile:449
5539,kill,Sectid,5,78,2,169,9,killed_by:Boar:836
5539,reproduce,Parrot,560,160,6,34,0,offspring:1
5540,hunt_start,Sectid,16,258,9,223,5,target:Crocodile:449
5541,hunt_start,Sectid,16,258,9,223,5,target:Crocodile:449
5541,kill,Boar,993,23,3,178,1,killed_by:Jaguar:370
5542,hunt_start,Sectid,7,67,2,139,0,target:Parrot:617
5542,hunt_start,Sectid,16,258,9,223,5,target:Crocodile:449
5542,hunt_fail,Jaguar,1169,20,1,181,3,target_died
5542,hunt_start,Jaguar,1169,20,1,181,3,target:Elk:198
5543,hunt_start,Sectid,16,258,9,223,5,target:Crocodile:449
5544,hunt_start,Sectid,997,76,8,162,2,target:Boar:836
5545,hunt_start,Sectid,16,258,6,223,6,target:Crocodile:449
5546,hunt_start,Sectid,16,258,5,223,7,target:Crocodile:449
5547,hunt_start,Sectid,16,258,6,223,9,target:Crocodile:449
5548,hunt_start,Sectid,16,258,6,223,9,target:Crocodile:449
5549,hunt_start,Sectid,16,258,6,223,9,target:Crocodile:449
5550,hunt_start,Sectid,16,258,6,223,9,target:Crocodile:449
5550,kill,Turtle,1006,179,9,124,3,killed_by:Wolf:430
5550,hunt_start,Sectid,1149,145,1,111,9,target:Monkey:799
5551,hunt_start,Sectid,16,258,6,223,9,target:Crocodile:449
5552,hunt_start,Sectid,16,258,6,223,9,target:Crocodile:449
5553,hunt_start,Sectid,16,258,6,223,9,target:Crocodile:449
5554,hunt_start,Sectid,16,258,6,223,9,target:Crocodile:449
5554,reproduce,Rabbit,271,252,9,129,6,offspring:2
5555,hunt_start,Sectid,16,258,6,223,9,target:Crocodile:449
5556,hunt_start,Sectid,16,258,6,223,9,target:Crocodile:449
5557,hunt_start,Sectid,16,258,6,223,9,target:Crocodile:449
5557,reproduce,Monkey,768,31,9,20,2,offspring:1
5558,hunt_start,Sectid,16,258,6,223,9,target:Crocodile:449
5558,hunt_start,Sectid,992,191,3,222,5,target:Boar:777
5559,hunt_start,Sectid,16,258,6,223,9,target:Crocodile:449
5560,hunt_start,Sectid,16,258,6,223,9,target:Crocodile:449
5561,hunt_start,Sectid,16,258,6,223,9,target:Crocodile:449
5562,hunt_start,Sectid,16,258,6,223,9,target:Crocodile:449
5562,hunt_start,Sectid,23,35,7,107,5,target:Elk:780
5563,hunt_start,Sectid,16,258,6,223,9,target:Crocodile:449
5564,hunt_start,Sectid,16,258,6,223,9,target:Crocodile:449
5565,hunt_start,Sectid,16,258,6,223,9,target:Crocodile:449
5565,kill,Rabbit,1116,129,4,220,7,killed_by:Hawk:467
5566,hunt_start,Sectid,16,258,6,223,9,target:Crocodile:449
5566,hunt_fail,Sectid,23,35,7,108,5,discomfort
5566,hunt_start,Hawk,467,129,2,221,0,target:Lizard:917
5567,hunt_start,Sectid,16,258,6,223,9,target:Crocodile:449
5568,hunt_start,Sectid,16,258,6,223,9,target:Crocodile:449
5569,hunt_start,Sectid,16,258,6,223,9,target:Crocodile:449
5570,hunt_start,Sectid,16,258,6,223,9,target:Crocodile:449
5570,kill,Turtle,996,43,6,209,0,killed_by:Jaguar:206
5571,hunt_start,Sectid,16,258,6,223,9,target:Crocodile:449
5572,hunt_start,Sectid,16,258,6,223,9,target:Crocodile:449
5572,hunt_fail,Sectid,162,94,0,120,9,discomfort
5573,hunt_start,Sectid,16,258,6,223,9,target:Crocodile:449
5574,hunt_start,Sectid,16,258,6,223,9,target:Crocodile:449
5575,hunt_start,Sectid,16,258,6,223,9,target:Crocodile:449
5575,reproduce,Hawk,548,284,7,119,2,offspring:1
5576,hunt_start,Sectid,16,258,6,223,9,target:Crocodile:449
5576,hunt_start,Hawk,548,284,7,119,3,target:Rabbit:247
5576,hunt_start,Hawk,1116,285,6,121,8,target:Rabbit:247
5577,hunt_start,Sectid,16,258,6,223,9,target:Crocodile:449
5578,hunt_start,Sectid,16,258,6,223,9,target:Crocodile:449
5578,hunt_fail,Sectid,997,74,2,160,1,discomfort
5579,hunt_start,Sectid,16,258,6,223,9,target:Crocodile:449
5580,hunt_start,Sectid,16,258,6,223,9,target:Crocodile:449
5581,hunt_start,Sectid,16,258,6,223,9,target:Crocodile:449
5582,hunt_start,Sectid,16,258,6,223,9,target:Crocodile:449
5583,hunt_start,Sectid,16,258,6,223,9,target:Crocodile:449
5583,hunt_fail,Sectid,974,95,0,121,8,discomfort
5584,hunt_start,Sectid,16,258,6,223,9,target:Crocodile:449
5585,hunt_start,Sectid,16,258,6,223,9,target:Crocodile:449
5585,hunt_fail,Sectid,73,94,9,121,5,discomfort
5585,hunt_fail,Sectid,85,95,0,122,6,discomfort
5586,hunt_start,Sectid,16,258,6,223,9,target:Crocodile:449
5587,hunt_start,Sectid,16,258,6,223,9,target:Crocodile:449
5588,hunt_start,Sectid,16,258,6,223,9,target:Crocodile:449
5588,hunt_fail,Sectid,978,95,0,123,0,discomfort
5588,hunt_start,Sectid,992,192,4,216,3,target:Boar:777
5589,hunt_start,Sectid,16,258,6,223,9,target:Crocodile:449
5589,hunt_start,Sectid,992,192,3,216,4,target:Boar:777
5590,starvation,Penguin,521,57,5,51,5,
5590,hunt_start,Sectid,16,258,6,223,9,target:Crocodile:449
5590,hunt_start,Sectid,23,35,7,107,5,target:Elk:780
5590,hunt_start,Sectid,992,192,3,216,5,target:Boar:777
5590,reproduce,Penguin,121,45,9,30,8,offspring:1
5590,reproduce,Penguin,283,51,5,39,1,offspring:1
5590,reproduce,Penguin,665,50,8,45,0,offspring:1
5590,reproduce,Penguin,773,44,9,49,8,offspring:1
5590,reproduce,Penguin,814,45,2,34,9,offspring:1
5590,reproduce,Penguin,879,49,5,42,2,offspring:1
5590,reproduce,Penguin,956,44,3,25,4,offspring:1
5590,reproduce,Penguin,976,48,5,43,8,offspring:1
5591,hunt_start,Sectid,16,258,6,223,9,target:Crocodile:449
5591,hunt_start,Sectid,992,192,5,216,5,target:Boar:777
5592,hunt_start,Sectid,16,258,6,223,9,target:Crocodile:449
5592,hunt_start,Sectid,992,192,3,216,4,target:Boar:777
5593,hunt_start,Sectid,16,258,6,223,9,target:Crocodile:449
5593,hunt_start,Sectid,992,192,5,216,4,target:Boar:777
5594,hunt_start,Sectid,16,258,6,223,9,target:Crocodile:449
5594,kill,Rabbit,105,273,0,42,4,killed_by:Hawk:824
5594,hunt_start,Sectid,992,192,6,216,5,target:Boar:777
5595,hunt_start,Sectid,16,258,6,223,9,target:Crocodile:449
5595,hunt_fail,Sectid,23,35,6,108,7,discomfort
5595,hunt_start,Sectid,992,192,4,216,4,target:Boar:777
5596,hunt_start,Sectid,16,258,6,223,9,target:Crocodile:449
5596,hunt_start,Sectid,992,192,6,216,3,target:Boar:777
5597,hunt_start,Sectid,16,258,6,223,9,target:Crocodile:449
5597,hunt_start,Sectid,992,192,7,216,5,target:Boar:777
5598,hunt_start,Sectid,992,192,7,216,3,target:Boar:777
5599,hunt_start,Sectid,16,258,5,224,0,target:Crocodile:449
5599,hunt_start,Sectid,992,192,8,216,1,target:Boar:777
5600,hunt_start,Sectid,16,258,5,224,0,target:Crocodile:449
5600,hunt_start,Sectid,992,192,9,216,2,target:Boar:777
5601,hunt_start,Sectid,16,258,5,224,0,target:Crocodile:449
5601,hunt_start,Sectid,992,193,0,216,4,target:Boar:777
5602,hunt_start,Sectid,16,258,5,224,0,target:Crocodile:449
5602,hunt_start,Sectid,992,192,8,216,3,target:Boar:777
5603,hunt_start,Sectid,16,258,5,224,0,target:Crocodile:449
5603,hunt_start,Sectid,992,192,6,216,2,target:Boar:777
5603,kill,Monkey,1114,263,2,6,2,killed_by:Hawk:1022
5604,hunt_start,Sectid,16,258,5,224,0,target:Crocodile:449
5604,kill,Penguin,90,41,1,54,1,killed_by:Hawk:495
5604,hunt_start,Sectid,992,192,8,216,1,target:Boar:777
5605,hunt_start,Sectid,16,258,5,224,0,target:Crocodile:449
5605,hunt_start,Hawk,495,40,9,54,0,target:Rabbit:904
5605,hunt_start,Sectid,992,192,7,216,3,target:Boar:777
5606,hunt_start,Sectid,16,258,5,224,0,target:Crocodile:449
5606,hunt_start,Sectid,992,192,9,216,4,target:Boar:777
5607,hunt_start,Sectid,16,258,5,224,0,target:Crocodile:449
5608,hunt_start,Sectid,16,258,5,224,0,target:Crocodile:449
5609,hunt_start,Sectid,16,258,5,224,0,target:Crocodile:449
5610,hunt_start,Sectid,16,258,5,224,0,target:Crocodile:449
5611,hunt_start,Sectid,16,258,5,224,0,target:Crocodile:449
5612,hunt_start,Sectid,16,258,5,224,0,target:Crocodile:449
5613,hunt_start,Sectid,16,258,5,224,0,target:Crocodile:449
5614,hunt_start,Sectid,16,258,5,224,0,target:Crocodile:449
5615,environment_death,Deer,68,184,6,49,3,drowning
5615,hunt_start,Sectid,16,258,5,224,0,target:Crocodile:449
5617,hunt_start,Sectid,16,258,3,224,0,target:Crocodile:449
5618,hunt_start,Sectid,16,258,3,224,0,target:Crocodile:449
5619,hunt_start,Sectid,16,258,3,224,0,target:Crocodile:449
5620,hunt_start,Sectid,16,258,3,224,0,target:Crocodile:449
5621,hunt_start,Sectid,16,258,3,224,0,target:Crocodile:449
5621,hunt_start,Bear,462,135,5,223,0,target:Fish:854
5621,reproduce,Monkey,39,136,9,85,9,offspring:1
5621,reproduce,Monkey,44,130,5,85,8,offspring:1
5621,reproduce,Monkey,313,131,1,78,1,offspring:1
5621,reproduce,Monkey,565,133,7,70,8,offspring:1
5622,hunt_start,Sectid,16,258,3,224,0,target:Crocodile:449
5623,hunt_fail,Sectid,7,64,4,120,6,discomfort
5623,hunt_start,Sectid,16,258,3,224,0,target:Crocodile:449
5624,hunt_start,Sectid,16,258,3,224,0,target:Crocodile:449
5625,hunt_start,Sectid,16,258,3,224,0,target:Crocodile:449
5626,hunt_start,Sectid,16,258,3,224,0,target:Crocodile:449
5627,hunt_start,Sectid,16,258,3,224,0,target:Crocodile:449
5627,hunt_start,Sectid,992,192,5,217,4,target:Boar:777
5628,hunt_start,Sectid,16,258,3,224,0,target:Crocodile:449
5628,hunt_start,Sectid,992,192,6,217,6,target:Boar:777
5629,hunt_start,Sectid,16,258,3,224,0,target:Crocodile:449
5629,hunt_start,Sectid,23,35,7,107,6,target:Elk:780
5629,hunt_start,Sectid,992,192,4,217,5,target:Boar:777
5630,environment_death,Sectid,162,96,4,121,8,drowning
5630,hunt_start,Sectid,16,258,3,224,0,target:Crocodile:449
5630,hunt_start,Sectid,992,192,6,217,6,target:Boar:777
5631,hunt_start,Sectid,16,258,3,224,0,target:Crocodile:449
5631,hunt_start,Sectid,992,192,5,217,4,target:Boar:777
5632,hunt_start,Sectid,16,258,3,224,0,target:Crocodile:449
5632,hunt_start,Sectid,992,192,7,217,3,target:Boar:777
5633,hunt_start,Sectid,16,258,3,224,0,target:Crocodile:449
5633,kill,Monkey,465,156,0,98,0,killed_by:Sectid:43
5633,hunt_start,Sectid,992,192,8,217,1,target:Boar:777
5634,hunt_fail,Sectid,23,35,6,108,8,discomfort
5634,hunt_start,Sectid,992,192,7,216,8,target:Boar:777
5635,hunt_start,Sectid,16,258,3,224,0,target:Lizard:233
5635,hunt_start,Sectid,992,192,6,217,0,target:Boar:777
5636,hunt_start,Sectid,16,258,5,223,9,target:Crocodile:449
5636,hunt_start,Hawk,464,52,3,22,8,target:Penguin:1186
5636,hunt_start,Sectid,992,192,7,216,9,target:Boar:777
5637,hunt_start,Sectid,16,258,5,223,9,target:Crocodile:449
5637,hunt_start,Sectid,992,192,7,216,7,target:Boar:777
5638,hunt_start,Sectid,16,258,5,223,9,target:Crocodile:449
5638,hunt_start,Sectid,992,192,9,216,8,target:Boar:777
5639,hunt_start,Sectid,16,258,5,223,9,target:Crocodile:449
5639,kill,Monkey,799,139,7,131,0,killed_by:Sectid:977
5639,hunt_start,Sectid,992,193,1,216,7,target:Boar:777
5640,hunt_start,Sectid,16,258,5,223,9,target:Crocodile:449
5640,hunt_fail,Sectid,35,132,5,137,3,target_died
5640,hunt_fail,Sectid,705,139,9,130,8,target_died
5640,hunt_start,Sectid,992,193,3,216,7,target:Boar:777
5640,hunt_fail,Sectid,1019,140,1,130,3,target_died
5640,hunt_fail,Sectid,1039,140,9,131,5,target_died
5640,hunt_fail,Sectid,1149,139,9,131,1,target_died
5640,reproduce,Parrot,989,99,9,166,3,offspring:1
5641,environment_death,Sectid,974,97,4,122,7,drowning
5641,hunt_start,Sectid,16,258,5,223,9,target:Crocodile:449
5641,kill,Monkey,768,22,3,25,9,killed_by:Hawk:967
5641,hunt_start,Sectid,992,193,4,216,5,target:Boar:777
5642,hunt_start,Sectid,16,258,5,223,9,target:Crocodile:449
5642,hunt_fail,Hawk,926,22,9,25,6,target_died
5642,hunt_start,Hawk,926,22,9,25,6,target:Monkey:1006
5642,hunt_start,Hawk,967,22,5,25,8,target:Monkey:1006
5642,reproduce,Deer,881,17,3,53,1,offspring:1
5643,environment_death,Sectid,85,97,4,123,4,drowning
5643,hunt_start,Sectid,16,258,5,223,9,target:Crocodile:449
5644,hunt_start,Sectid,16,258,5,223,9,target:Crocodile:449
5645,hunt_start,Sectid,16,258,5,223,9,target:Crocodile:449
5646,environment_death,Sectid,73,97,4,122,4,drowning
5646,environment_death,Sectid,978,97,4,123,7,drowning
5646,hunt_start,Sectid,16,258,5,223,9,target:Crocodile:449
5647,hunt_start,Sectid,16,258,5,223,9,target:Crocodile:449
5648,hunt_start,Sectid,16,258,5,223,9,target:Crocodile:449
5649,hunt_start,Sectid,16,258,5,223,9,target:Crocodile:449
5650,hunt_start,Sectid,16,258,5,223,9,target:Crocodile:449
5651,hunt_start,Sectid,16,258,5,223,9,target:Crocodile:449
5652,hunt_start,Sectid,16,258,5,223,9,target:Crocodile:449
5653,starvation,Elk,649,8,9,167,7,
5653,hunt_start,Sectid,16,258,5,223,9,target:Crocodile:449
5654,hunt_start,Sectid,16,258,5,223,9,target:Crocodile:449
5655,hunt_start,Sectid,16,258,5,223,9,target:Crocodile:449
5656,hunt_start,Sectid,16,258,5,223,9,target:Crocodile:449
5656,kill,Lizard,933,15,5,288,0,killed_by:Wolf:432
5657,hunt_start,Sectid,16,258,5,223,9,target:Crocodile:449
5657,hunt_start,Wolf,432,15,4,287,6,target:Rabbit:273
5657,hunt_fail,Wolf,433,15,9,286,7,target_died
5657,hunt_fail,Wolf,434,15,3,287,0,target_died
5658,hunt_start,Sectid,16,258,5,223,9,target:Crocodile:449
5659,hunt_start,Sectid,16,258,5,223,9,target:Crocodile:449
5659,reproduce,Parrot,1105,113,8,214,5,offspring:1
5660,hunt_start,Sectid,16,258,5,223,9,target:Crocodile:449
5661,hunt_start,Sectid,16,258,5,223,9,target:Crocodile:449
5662,hunt_start,Sectid,16,258,5,223,9,target:Crocodile:449
5663,hunt_start,Sectid,16,258,5,223,9,target:Crocodile:449
5664,hunt_start,Sectid,16,258,5,223,9,target:Crocodile:449
5665,hunt_start,Sectid,16,258,5,223,9,target:Crocodile:449
5666,hunt_start,Sectid,16,258,5,223,9,target:Crocodile:449
5666,reproduce,Tapir,666,84,3,205,8,offspring:1
5667,hunt_start,Sectid,16,258,5,223,9,target:Crocodile:449
5668,hunt_start,Sectid,16,258,5,223,9,target:Crocodile:449
5669,hunt_start,Sectid,16,258,5,223,9,target:Crocodile:449
5670,hunt_start,Sectid,23,35,8,107,7,target:Elk:780
5671,hunt_start,Sectid,16,258,5,223,9,target:Crocodile:449
5672,hunt_start,Sectid,16,258,5,223,9,target:Crocodile:449
5673,hunt_start,Sectid,16,258,5,223,9,target:Crocodile:449
5674,hunt_start,Sectid,16,258,5,223,9,target:Crocodile:449
5674,reproduce,Monkey,743,112,0,224,1,offspring:1
5675,hunt_start,Sectid,16,258,5,223,9,target:Crocodile:449
5675,hunt_fail,Sectid,23,35,7,108,8,discomfort
5676,hunt_start,Sectid,16,258,5,223,9,target:Crocodile:449
5677,hunt_start,Sectid,16,258,5,223,9,target:Crocodile:449
5678,hunt_start,Sectid,16,258,5,223,9,target:Crocodile:449
5679,hunt_start,Sectid,16,258,5,223,9,target:Crocodile:449
5680,hunt_start,Sectid,16,258,5,223,9,target:Crocodile:449
5681,hunt_start,Sectid,16,258,5,223,9,target:Crocodile:449
5682,hunt_start,Sectid,16,258,5,223,9,target:Crocodile:449
5683,hunt_start,Sectid,16,258,5,223,9,target:Crocodile:449
5684,hunt_start,Sectid,16,258,5,223,9,target:Crocodile:449
5685,hunt_start,Sectid,16,258,5,223,9,target:Crocodile:449
5686,hunt_start,Sectid,16,258,5,223,9,target:Crocodile:449
5687,hunt_start,Sectid,16,258,5,223,9,target:Crocodile:449
5688,hunt_start,Sectid,16,258,5,223,9,target:Crocodile:449
5690,hunt_start,Sectid,16,258,5,223,9,target:Crocodile:449
5691,hunt_start,Sectid,16,258,5,223,9,target:Crocodile:449
5692,hunt_start,Sectid,16,258,5,223,9,target:Crocodile:449
5693,hunt_start,Sectid,16,258,5,223,9,target:Crocodile:449
5694,hunt_start,Sectid,16,258,5,223,9,target:Crocodile:449
5695,hunt_start,Sectid,16,258,5,223,9,target:Crocodile:449
5696,hunt_start,Sectid,16,258,5,223,9,target:Crocodile:449
5696,reproduce,Lizard,693,32,0,219,9,offspring:2
5697,hunt_start,Sectid,16,258,5,223,9,target:Crocodile:449
5698,hunt_start,Sectid,16,258,5,223,9,target:Crocodile:449
5699,hunt_start,Sectid,16,258,5,223,9,target:Crocodile:449
5699,kill,Shroomer,314,148,1,234,2,killed_by:Wolf:749
5700,starvation,Shroomer,394,101,0,10,5,
5700,hunt_start,Sectid,16,258,5,223,9,target:Crocodile:449
5700,hunt_start,Wolf,749,148,0,233,6,target:Shroomer:411
5701,hunt_start,Sectid,16,258,5,223,9,target:Crocodile:449
5702,hunt_start,Sectid,16,258,5,223,9,target:Crocodile:449
5703,hunt_start,Sectid,16,258,5,223,9,target:Crocodile:449
5704,hunt_start,Sectid,16,258,5,223,9,target:Crocodile:449
5705,hunt_start,Sectid,16,258,5,223,9,target:Crocodile:449
5706,hunt_start,Sectid,16,258,5,223,9,target:Crocodile:449
5707,reproduce,Deer,955,8,9,29,9,offspring:1
5708,hunt_start,Sectid,16,258,5,223,9,target:Crocodile:449
5709,hunt_start,Sectid,16,258,5,223,9,target:Crocodile:449
5710,hunt_start,Sectid,16,258,7,223,8,target:Crocodile:449
5710,hunt_start,Sectid,489,262,0,141,1,target:Rabbit:5
5711,hunt_start,Sectid,16,258,7,223,8,target:Crocodile:449
5711,hunt_start,Sectid,23,35,8,107,5,target:Parrot:541
5712,hunt_start,Sectid,16,258,7,223,8,target:Crocodile:449
5713,hunt_start,Sectid,16,258,7,223,8,target:Crocodile:449
5714,hunt_start,Sectid,16,258,7,223,8,target:Crocodile:449
5715,hunt_start,Sectid,16,258,7,223,8,target:Crocodile:449
5716,hunt_start,Sectid,16,258,7,223,8,target:Crocodile:449
5716,hunt_fail,Sectid,23,36,0,108,7,discomfort
5717,hunt_start,Sectid,16,258,7,223,8,target:Crocodile:449
5718,hunt_start,Sectid,16,258,7,223,8,target:Crocodile:449
5719,hunt_start,Sectid,16,258,7,223,8,target:Crocodile:449
5719,reproduce,Monkey,482,6,8,158,3,offspring:1
5720,hunt_start,Sectid,16,258,7,223,8,target:Crocodile:449
5721,hunt_start,Sectid,7,69,2,121,5,target:Elk:189
5721,hunt_start,Sectid,16,258,7,223,8,target:Crocodile:449
5722,hunt_start,Sectid,16,258,7,223,8,target:Crocodile:449
5723,hunt_start,Sectid,16,258,7,223,8,target:Crocodile:449
5724,hunt_start,Sectid,16,258,7,223,8,target:Crocodile:449
5725,hunt_start,Sectid,16,258,7,223,8,target:Crocodile:449
5726,hunt_start,Sectid,16,258,7,223,8,target:Crocodile:449
5727,hunt_start,Sectid,16,258,7,223,8,target:Crocodile:449
5728,hunt_start,Sectid,16,258,7,223,8,target:Crocodile:449
5729,hunt_start,Sectid,16,258,7,223,8,target:Crocodile:449
5729,hunt_start,Sectid,1149,131,8,135,4,target:Monkey:536
5730,hunt_start,Sectid,16,258,7,223,8,target:Crocodile:449
5730,hunt_fail,Sectid,1073,70,7,156,3,discomfort
5731,hunt_start,Sectid,16,258,7,223,8,target:Crocodile:449
5731,hunt_start,Sectid,834,221,0,188,0,target:Boar:775
5732,hunt_start,Sectid,16,258,7,223,8,target:Crocodile:449
5733,hunt_start,Sectid,16,258,7,223,8,target:Crocodile:449
5733,hunt_start,Sectid,620,106,7,135,3,target:Lizard:1151
5734,hunt_start,Sectid,16,258,7,223,8,target:Crocodile:449
5735,hunt_start,Sectid,16,258,7,223,8,target:Crocodile:449
5736,hunt_start,Sectid,16,258,7,223,8,target:Crocodile:449
5737,hunt_start,Sectid,16,258,7,223,8,target:Crocodile:449
5738,hunt_start,Sectid,16,258,7,223,8,target:Crocodile:449
5739,hunt_start,Sectid,16,258,7,223,8,target:Crocodile:449
5740,hunt_start,Sectid,16,258,7,223,8,target:Crocodile:449
5740,hunt_start,Wolf,430,181,4,124,4,target:Deer:58
5741,hunt_start,Sectid,16,258,7,223,8,target:Crocodile:449
5742,hunt_start,Sectid,16,258,7,223,8,target:Crocodile:449
5744,hunt_start,Sectid,16,258,7,223,8,target:Crocodile:449
5745,hunt_start,Sectid,16,258,7,223,8,target:Crocodile:449
5746,hunt_start,Sectid,16,258,7,223,8,target:Crocodile:449
5747,hunt_start,Sectid,16,258,7,223,8,target:Crocodile:449
5748,hunt_start,Sectid,16,258,7,223,8,target:Crocodile:449
5748,hunt_start,Sectid,23,36,0,107,6,target:Parrot:541
5749,hunt_start,Sectid,16,258,7,223,8,target:Crocodile:449
5750,hunt_start,Sectid,16,258,7,223,8,target:Crocodile:449
5751,hunt_start,Sectid,16,258,7,223,8,target:Crocodile:449
5751,hunt_fail,Sectid,21,40,9,107,7,discomfort
5752,hunt_start,Sectid,16,258,7,223,8,target:Crocodile:449
5753,hunt_start,Sectid,16,258,7,223,8,target:Crocodile:449
5754,hunt_start,Sectid,16,258,7,223,8,target:Crocodile:449
5754,hunt_start,Hawk,824,271,8,37,7,target:Rabbit:1126
5755,hunt_start,Sectid,16,258,7,223,8,target:Crocodile:449
5756,hunt_start,Sectid,16,258,7,223,8,target:Crocodile:449
5757,hunt_start,Sectid,16,258,7,223,8,target:Crocodile:449
5758,hunt_start,Sectid,16,258,7,223,8,target:Crocodile:449
5759,hunt_start,Sectid,16,258,7,223,8,target:Crocodile:449
5760,environment_death,Sectid,43,151,4,103,9,drowning
5760,hunt_start,Sectid,16,258,7,223,8,target:Crocodile:449
5760,hunt_fail,Sectid,23,36,2,110,3,discomfort
5761,kill,Penguin,1186,38,4,28,7,killed_by:Hawk:464
5762,hunt_start,Sectid,16,258,6,223,8,target:Crocodile:449
5763,hunt_start,Sectid,16,258,6,223,8,target:Crocodile:449
5763,hunt_start,Hawk,1022,263,3,6,5,target:Monkey:1112
5764,hunt_start,Sectid,16,258,6,223,8,target:Crocodile:449
5765,hunt_start,Sectid,16,258,6,223,8,target:Crocodile:449
5766,hunt_start,Sectid,16,258,6,223,8,target:Crocodile:449
5767,hunt_start,Sectid,16,258,6,223,8,target:Crocodile:449
5767,reproduce,Penguin,412,123,3,44,2,offspring:1
5768,hunt_start,Sectid,16,258,6,223,8,target:Crocodile:449
5769,hunt_start,Sectid,16,258,6,223,8,target:Crocodile:449
5770,hunt_start,Sectid,16,258,6,223,8,target:Crocodile:449
5771,hunt_start,Sectid,16,258,6,223,8,target:Crocodile:449
5771,kill,Rabbit,247,256,3,110,4,killed_by:Hawk:548
5772,hunt_start,Sectid,16,258,6,223,8,target:Crocodile:449
5772,hunt_start,Hawk,548,256,4,110,4,target:Rabbit:683
5772,hunt_fail,Hawk,1116,256,9,110,6,target_died
5772,hunt_start,Hawk,1116,256,9,110,6,target:Rabbit:683
5773,hunt_start,Sectid,16,258,6,223,8,target:Crocodile:449
5774,hunt_start,Sectid,16,258,6,223,8,target:Crocodile:449
5775,hunt_start,Sectid,16,258,6,223,8,target:Crocodile:449
5776,hunt_start,Sectid,16,258,6,223,8,target:Crocodile:449
5776,hunt_start,Jaguar,487,31,5,204,0,target:Parrot:446
5777,hunt_start,Sectid,16,258,6,223,8,target:Crocodile:449
5778,hunt_start,Sectid,16,258,6,223,8,target:Crocodile:449
5780,hunt_start,Sectid,16,258,7,223,6,target:Crocodile:449
5781,hunt_start,Sectid,16,258,7,223,6,target:Crocodile:449
5782,hunt_start,Sectid,16,258,7,223,8,target:Crocodile:449
5783,hunt_start,Sectid,16,258,7,223,8,target:Crocodile:449
5784,hunt_start,Sectid,16,258,7,223,8,target:Crocodile:449
5785,hunt_start,Sectid,16,258,7,223,8,target:Crocodile:449
5786,hunt_start,Sectid,16,258,7,223,8,target:Crocodile:449
5787,hunt_start,Sectid,16,258,7,223,8,target:Crocodile:449
5788,hunt_start,Sectid,16,258,7,223,8,target:Crocodile:449
5789,environment_death,Lizard,239,64,5,224,0,drowning
5789,hunt_start,Sectid,16,258,7,223,8,target:Crocodile:449
5789,hunt_fail,Jaguar,796,61,4,221,7,target_died
5789,hunt_start,Jaguar,796,61,4,221,7,target:Tapir:1171
5790,hunt_start,Sectid,16,258,7,223,8,target:Crocodile:449
5791,kill,Elk,189,73,0,133,9,killed_by:Sectid:7
5791,hunt_start,Sectid,16,258,7,223,8,target:Crocodile:449
5792,hunt_start,Sectid,16,258,7,223,8,target:Crocodile:449
5793,hunt_start,Sectid,16,258,7,223,8,target:Crocodile:449
5794,hunt_start,Sectid,16,258,7,223,8,target:Crocodile:449
5795,hunt_start,Sectid,16,258,7,223,8,target:Crocodile:449
5796,hunt_start,Sectid,16,258,7,223,8,target:Crocodile:449
5797,hunt_start,Sectid,16,258,7,223,8,target:Crocodile:449
5798,hunt_start,Sectid,16,258,7,223,8,target:Crocodile:449
5799,hunt_start,Sectid,16,258,7,223,8,target:Crocodile:449
5800,hunt_start,Sectid,16,258,7,223,8,target:Crocodile:449
5801,hunt_start,Sectid,16,258,7,223,8,target:Crocodile:449
5802,hunt_start,Sectid,16,258,7,223,8,target:Crocodile:449
5803,hunt_start,Sectid,16,258,7,223,8,target:Crocodile:449
5804,hunt_start,Sectid,16,258,7,223,8,target:Crocodile:449
5805,hunt_start,Sectid,16,258,7,223,8,target:Crocodile:449
5806,hunt_start,Sectid,16,258,7,223,8,target:Crocodile:449
5807,hunt_start,Sectid,16,258,7,223,8,target:Crocodile:449
5808,hunt_start,Sectid,16,258,7,223,8,target:Crocodile:449
5809,hunt_start,Sectid,16,258,7,223,8,target:Crocodile:449
5810,hunt_start,Sectid,16,258,7,223,8,target:Crocodile:449
5811,hunt_start,Sectid,16,258,7,223,8,target:Crocodile:449
5812,hunt_start,Sectid,16,258,7,223,8,target:Crocodile:449
5813,hunt_start,Sectid,16,258,7,223,8,target:Crocodile:449
5814,hunt_start,Sectid,16,258,7,223,8,target:Crocodile:449
5816,hunt_start,Sectid,16,258,4,223,9,target:Crocodile:449
5817,hunt_start,Sectid,16,258,4,223,9,target:Crocodile:449
5817,reproduce,Penguin,803,162,9,32,0,offspring:1
5818,hunt_start,Sectid,16,258,6,224,0,target:Crocodile:449
5818,hunt_fail,Jaguar,485,68,5,210,0,discomfort
5819,hunt_start,Sectid,16,258,6,224,0,target:Crocodile:449
5819,kill,Rabbit,273,41,8,282,4,killed_by:Wolf:433
5820,hunt_start,Sectid,16,258,6,224,0,target:Crocodile:449
5820,hunt_fail,Wolf,432,34,8,283,6,prey_escaped
5820,hunt_start,Wolf,432,34,8,283,6,target:Parrot:864
5820,hunt_fail,Wolf,434,40,2,282,6,prey_escaped
5821,hunt_start,Sectid,16,258,6,224,0,target:Crocodile:449
5822,hunt_start,Sectid,16,258,6,224,0,target:Crocodile:449
5823,hunt_start,Sectid,16,258,6,224,0,target:Crocodile:449
5824,hunt_start,Sectid,16,258,6,224,0,target:Crocodile:449
5824,reproduce,Musk Ox,197,202,9,197,8,offspring:1
5824,reproduce,Musk Ox,972,265,1,122,4,offspring:1
5825,hunt_start,Sectid,16,258,6,224,0,target:Crocodile:449
5826,hunt_start,Sectid,16,258,6,224,0,target:Crocodile:449
5826,hunt_start,Sectid,522,75,5,165,2,target:Camel:1146
5827,hunt_start,Sectid,16,258,6,224,0,target:Crocodile:449
5827,hunt_start,Sectid,522,75,5,165,2,target:Camel:1146
5827,hunt_start,Sectid,992,196,5,216,0,target:Boar:777
5828,hunt_start,Sectid,16,258,6,224,0,target:Crocodile:449
5828,hunt_start,Sectid,522,75,5,165,2,target:Camel:1146
5828,kill,Shroomer,411,155,6,227,8,killed_by:Wolf:749
5828,hunt_start,Sectid,992,196,4,216,1,target:Boar:777
5828,reproduce,Penguin,284,285,1,30,8,offspring:1
5829,hunt_start,Sectid,16,258,6,224,0,target:Crocodile:449
5829,hunt_start,Sectid,522,75,5,165,2,target:Camel:1146
5829,hunt_start,Wolf,749,155,1,228,1,target:Shroomer:884
5829,hunt_start,Sectid,992,196,2,216,2,target:Boar:777
5830,hunt_start,Sectid,16,258,6,224,0,target:Crocodile:449
5830,hunt_start,Sectid,522,75,5,165,2,target:Camel:1146
5830,hunt_start,Sectid,992,196,0,216,1,target:Boar:777
5831,hunt_start,Sectid,16,258,6,224,0,target:Crocodile:449
5831,hunt_start,Sectid,522,75,5,165,2,target:Camel:1146
5831,hunt_start,Sectid,992,196,1,216,3,target:Boar:777
5832,hunt_start,Sectid,16,258,6,224,0,target:Crocodile:449
5832,hunt_start,Sectid,522,75,5,165,2,target:Camel:1146
5832,hunt_start,Sectid,992,196,0,216,5,target:Boar:777
5832,kill,Monkey,536,132,1,160,3,killed_by:Sectid:1149
5833,hunt_start,Sectid,16,258,6,224,0,target:Crocodile:449
5833,hunt_start,Sectid,522,75,5,165,2,target:Camel:1146
5833,hunt_fail,Sectid,705,132,1,159,6,target_died
5833,hunt_start,Sectid,705,132,1,159,6,target:Shroomer:1131
5833,hunt_fail,Sectid,977,132,1,159,3,target_died
5833,hunt_start,Sectid,992,195,8,216,6,target:Boar:777
5833,hunt_fail,Sectid,1019,132,1,158,7,target_died
5833,hunt_start,Sectid,1019,132,1,158,7,target:Shroomer:1131
5833,hunt_fail,Sectid,1039,132,1,159,0,target_died
5834,hunt_start,Sectid,16,258,6,224,0,target:Crocodile:449
5834,hunt_start,Sectid,522,75,5,165,2,target:Camel:1146
5834,hunt_start,Sectid,992,195,5,216,7,target:Boar:777
5835,hunt_start,Sectid,16,258,6,224,0,target:Crocodile:449
5835,hunt_start,Sectid,522,75,5,165,2,target:Camel:1146
5835,hunt_start,Sectid,992,195,5,216,5,target:Boar:777
5836,hunt_start,Sectid,16,258,6,224,0,target:Crocodile:449
5836,hunt_start,Sectid,522,75,5,165,2,target:Camel:1146
5836,hunt_start,Sectid,992,195,4,216,8,target:Boar:777
5837,hunt_start,Sectid,16,258,6,224,0,target:Crocodile:449
5837,hunt_start,Sectid,522,75,5,165,2,target:Camel:1146
5837,hunt_start,Sectid,992,195,4,216,5,target:Boar:777
5838,hunt_start,Sectid,16,258,6,224,0,target:Crocodile:449
5838,hunt_start,Sectid,522,75,5,165,2,target:Camel:1146
5838,hunt_start,Sectid,992,195,1,216,5,target:Boar:777
5839,hunt_start,Sectid,16,258,6,224,0,target:Crocodile:449
5839,hunt_start,Sectid,522,75,5,165,2,target:Camel:1146
5839,hunt_start,Sectid,992,194,9,216,4,target:Boar:777
5840,hunt_start,Sectid,16,258,6,224,0,target:Crocodile:449
5840,hunt_start,Sectid,522,75,5,165,2,target:Camel:1146
5840,kill,Lizard,1151,115,3,157,5,killed_by:Sectid:620
5840,hunt_start,Sectid,992,195,1,216,5,target:Boar:777
5841,hunt_start,Sectid,16,258,6,224,0,target:Crocodile:449
5841,hunt_fail,Sectid,105,115,4,155,2,target_died
5841,hunt_start,Sectid,105,115,4,155,2,target:Monkey:979
5841,hunt_start,Sectid,522,75,5,165,2,target:Camel:1146
5841,hunt_start,Sectid,992,195,0,216,3,target:Boar:777
5842,hunt_start,Sectid,16,258,6,224,0,target:Crocodile:449
5842,hunt_start,Sectid,522,75,5,165,2,target:Camel:1146
5842,hunt_start,Sectid,992,194,9,216,1,target:Boar:777
5843,hunt_start,Sectid,16,258,6,224,0,target:Crocodile:449
5843,hunt_start,Sectid,522,75,5,165,2,target:Camel:1146
5843,hunt_start,Sectid,992,195,1,216,1,target:Boar:777
5844,hunt_start,Sectid,16,258,6,224,0,target:Crocodile:449
5844,hunt_start,Sectid,992,194,8,216,1,target:Boar:777
5845,hunt_start,Sectid,16,258,6,224,0,target:Crocodile:449
5845,hunt_start,Sectid,992,194,6,216,2,target:Boar:777
5846,hunt_start,Sectid,16,258,6,224,0,target:Crocodile:449
5846,hunt_start,Sectid,314,64,5,151,8,target:Shroomer:770
5846,hunt_start,Sectid,992,194,4,216,2,target:Boar:777
5847,hunt_start,Sectid,16,258,6,224,0,target:Crocodile:449
5847,kill,Rabbit,5,249,9,118,1,killed_by:Sectid:489
5847,hunt_start,Sectid,992,194,2,216,3,target:Boar:777
5848,starvation,Monkey,331,86,6,38,6,
5848,hunt_start,Sectid,16,258,6,224,0,target:Crocodile:449
5848,hunt_start,Sectid,489,250,1,118,5,target:Rabbit:995
5848,hunt_start,Sectid,992,194,3,216,5,target:Boar:777
5848,reproduce,Monkey,333,60,5,29,0,offspring:1
5849,hunt_start,Sectid,16,258,6,224,0,target:Crocodile:449
5849,kill,Lizard,918,111,0,199,7,killed_by:Snake:475
5849,hunt_start,Sectid,992,194,1,216,5,target:Boar:777
5850,starvation,Parrot,348,3,5,147,3,
5850,hunt_start,Sectid,16,258,6,224,0,target:Crocodile:449
5850,hunt_start,Snake,475,110,9,199,8,target:Lizard:919
5850,hunt_start,Sectid,992,193,9,216,5,target:Boar:777
5851,hunt_start,Sectid,992,193,8,216,3,target:Boar:777
5852,hunt_start,Sectid,16,258,6,224,0,target:Monkey:91
5852,hunt_start,Sectid,992,194,0,216,4,target:Boar:777
5853,hunt_start,Sectid,16,258,6,224,0,target:Monkey:91
5853,hunt_start,Sectid,992,194,1,216,2,target:Boar:777
5854,hunt_start,Sectid,16,258,6,224,0,target:Monkey:91
5854,hunt_start,Sectid,992,194,0,216,4,target:Boar:777
5855,hunt_start,Sectid,16,258,6,224,0,target:Monkey:91
5855,hunt_start,Sectid,992,193,8,216,4,target:Boar:777
5856,hunt_start,Sectid,16,258,6,224,0,target:Monkey:91
5856,hunt_fail,Polar Bear,477,157,4,34,7,discomfort
5856,hunt_start,Sectid,992,194,0,216,5,target:Boar:777
5857,hunt_start,Sectid,16,258,6,224,0,target:Monkey:91
5857,hunt_start,Sectid,992,194,0,216,7,target:Boar:777
5857,reproduce,Boar,775,229,1,181,3,offspring:2
5858,starvation,Elk,563,31,7,163,7,
5858,hunt_start,Boar,5,227,5,180,3,target:Sectid:720
5858,hunt_start,Sectid,16,258,6,224,0,target:Monkey:91
5858,hunt_start,Boar,331,227,5,180,3,target:Sectid:720
5858,hunt_start,Boar,775,229,2,181,4,target:Sectid:720
5858,hunt_start,Sectid,992,193,9,216,5,target:Boar:777
5859,hunt_start,Sectid,16,258,6,224,0,target:Monkey:91
5859,hunt_start,Sectid,992,194,0,216,3,target:Boar:777
5860,hunt_start,Sectid,16,258,6,224,0,target:Monkey:91
5860,hunt_start,Sectid,992,193,8,216,5,target:Boar:777
5861,hunt_start,Sectid,16,258,6,224,0,target:Monkey:91
5861,hunt_start,Sectid,992,193,7,216,6,target:Boar:777
5862,hunt_start,Sectid,16,258,6,224,0,target:Monkey:91
5862,hunt_start,Sectid,992,193,8,216,7,target:Boar:777
5863,hunt_start,Sectid,16,258,6,224,0,target:Monkey:91
5863,hunt_start,Sectid,992,193,7,216,9,target:Boar:777
5864,hunt_start,Sectid,16,258,6,224,0,target:Monkey:91
5864,hunt_start,Sectid,992,193,9,216,7,target:Boar:777
5865,starvation,Fox,442,131,6,250,0,
5865,hunt_start,Sectid,16,258,6,224,0,target:Monkey:91
5865,hunt_start,Sectid,992,194,0,216,5,target:Boar:777
5866,hunt_start,Sectid,16,258,6,224,0,target:Monkey:91
5866,hunt_start,Sectid,992,194,1,216,7,target:Boar:777
5867,hunt_start,Sectid,16,258,6,224,0,target:Monkey:91
5867,hunt_start,Sectid,992,193,9,216,7,target:Boar:777
5868,kill,Monkey,1006,55,7,11,8,killed_by:Hawk:926
5868,hunt_start,Sectid,992,193,8,216,6,target:Boar:777
5868,reproduce,Monkey,766,63,6,4,4,offspring:1
5869,hunt_start,Hawk,926,55,5,11,9,target:Monkey:766
5869,hunt_fail,Hawk,967,55,1,12,1,target_died
5869,hunt_start,Hawk,967,55,1,12,1,target:Penguin:1034
5869,hunt_start,Sectid,992,193,6,216,7,target:Boar:777
5870,hunt_start,Sectid,992,193,8,216,8,target:Boar:777
5871,hunt_start,Sectid,992,194,0,216,7,target:Boar:777
5872,hunt_start,Sectid,16,257,9,224,5,target:Monkey:91
5872,hunt_start,Sectid,992,193,8,216,7,target:Boar:777
5873,hunt_start,Sectid,16,257,9,224,5,target:Monkey:91
5873,hunt_start,Sectid,992,193,9,216,8,target:Boar:777
5874,hunt_start,Sectid,16,257,9,224,5,target:Monkey:91
5874,hunt_start,Sectid,992,194,1,216,8,target:Boar:777
5874,hunt_fail,Sectid,1000,71,6,170,3,discomfort
5875,hunt_start,Sectid,16,257,9,224,5,target:Monkey:91
5875,hunt_start,Sectid,992,194,3,217,0,target:Boar:777
5876,hunt_start,Sectid,16,257,9,224,5,target:Monkey:91
5876,hunt_start,Sectid,992,194,3,217,2,target:Boar:777
5877,hunt_start,Sectid,16,257,9,224,5,target:Monkey:91
5877,hunt_fail,Sectid,522,71,7,170,7,discomfort
5877,hunt_start,Sectid,992,194,5,217,3,target:Boar:777
5878,hunt_start,Sectid,16,257,9,224,5,target:Monkey:91
5878,hunt_start,Sectid,992,194,7,217,2,target:Boar:777
5879,hunt_start,Sectid,16,257,9,224,5,target:Monkey:91
5879,hunt_start,Sectid,992,194,6,217,0,target:Boar:777
5879,reproduce,Tapir,954,251,1,134,1,offspring:1
5880,hunt_start,Sectid,16,257,9,224,5,target:Monkey:91
5880,hunt_start,Sectid,992,194,9,216,9,target:Boar:777
5881,hunt_start,Sectid,16,257,9,224,5,target:Monkey:91
5881,hunt_start,Sectid,992,194,8,217,1,target:Boar:777
5882,hunt_start,Sectid,16,257,9,224,5,target:Monkey:91
5882,hunt_start,Sectid,992,195,0,217,1,target:Boar:777
5883,hunt_start,Sectid,16,257,9,224,5,target:Monkey:91
5883,hunt_start,Sectid,992,195,0,216,9,target:Boar:777
5884,hunt_start,Sectid,16,257,9,224,5,target:Monkey:91
5884,hunt_start,Sectid,992,195,2,217,1,target:Boar:777
5884,reproduce,Hawk,824,286,2,25,4,offspring:1
5885,hunt_start,Sectid,16,257,9,224,5,target:Monkey:91
5885,hunt_start,Hawk,442,288,4,24,0,target:Monkey:731
5885,hunt_start,Sectid,992,195,3,217,3,target:Boar:777
5886,hunt_start,Sectid,992,195,3,217,5,target:Boar:777
5887,hunt_start,Sectid,992,195,1,217,5,target:Boar:777
5888,hunt_start,Sectid,992,195,0,217,3,target:Boar:777
5889,hunt_start,Sectid,496,170,5,136,6,target:Lizard:131
5889,hunt_start,Sectid,992,194,9,217,5,target:Boar:777
5890,hunt_start,Sectid,496,170,7,136,7,target:Lizard:131
5890,hunt_start,Sectid,992,194,8,217,7,target:Boar:777
5891,hunt_start,Sectid,496,170,8,136,8,target:Lizard:131
5891,hunt_start,Sectid,992,195,0,217,8,target:Boar:777
5891,reproduce,Lizard,689,120,5,142,8,offspring:2
5892,starvation,Fish,1054,198,4,31,8,
5892,hunt_start,Sectid,84,169,8,136,5,target:Lizard:131
5892,hunt_start,Sectid,992,194,9,217,6,target:Boar:777
5893,hunt_start,Sectid,84,169,7,136,7,target:Lizard:131
5893,hunt_start,Sectid,992,194,7,217,5,target:Boar:777
5894,hunt_start,Sectid,84,169,6,136,8,target:Lizard:131
5894,hunt_start,Sectid,992,194,5,217,5,target:Boar:777
5894,hunt_fail,Sectid,997,71,8,170,4,discomfort
5895,hunt_start,Sectid,84,169,4,136,9,target:Lizard:131
5895,hunt_start,Sectid,992,194,5,217,7,target:Boar:777
5896,hunt_start,Sectid,84,169,2,136,8,target:Deer:58
5896,hunt_start,Sectid,992,194,5,218,0,target:Boar:777
5897,hunt_start,Sectid,84,169,1,137,0,target:Deer:58
5897,hunt_start,Sectid,992,194,7,218,1,target:Boar:777
5898,hunt_start,Sectid,84,169,2,137,1,target:Lizard:131
5898,hunt_start,Sectid,992,194,9,218,1,target:Boar:777
5899,hunt_start,Sectid,84,169,1,136,9,target:Deer:58
5899,hunt_start,Sectid,992,194,9,217,9,target:Boar:777
5900,hunt_start,Sectid,84,169,3,136,8,target:Deer:58
5900,hunt_start,Sectid,992,194,8,217,7,target:Boar:777
5901,hunt_start,Sectid,84,169,2,137,1,target:Wolf:430
5901,hunt_start,Sectid,992,195,0,217,7,target:Boar:777
5902,hunt_start,Sectid,84,169,0,137,2,target:Wolf:430
5902,hunt_start,Sectid,992,194,8,217,5,target:Boar:777
5903,hunt_start,Sectid,84,168,8,137,3,target:Wolf:430
5903,hunt_start,Sectid,992,195,0,217,5,target:Boar:777
5904,hunt_start,Sectid,84,168,6,137,4,target:Wolf:430
5904,hunt_start,Sectid,992,195,2,217,5,target:Boar:777
5905,hunt_start,Sectid,84,168,4,137,6,target:Wolf:430
5905,hunt_start,Sectid,992,195,3,217,7,target:Boar:777
5906,hunt_start,Sectid,84,168,4,137,8,target:Wolf:430
5906,hunt_start,Sectid,992,195,2,217,5,target:Boar:777
5907,hunt_start,Sectid,84,168,4,138,1,target:Wolf:430
5907,hunt_start,Sectid,992,195,3,217,7,target:Boar:777
5908,hunt_start,Sectid,84,168,5,137,9,target:Wolf:430
5908,hunt_start,Sectid,992,195,4,217,9,target:Boar:777
5909,hunt_start,Sectid,84,168,4,137,7,target:Wolf:430
5909,hunt_start,Sectid,992,195,3,217,7,target:Boar:777
5910,hunt_start,Sectid,84,168,6,137,7,target:Wolf:430
5910,hunt_start,Sectid,992,195,5,217,7,target:Boar:777
5911,hunt_start,Sectid,25,82,2,105,7,target:Camel:262
5911,hunt_start,Sectid,84,168,7,137,5,target:Wolf:430
5911,hunt_start,Sectid,720,230,7,179,2,target:Boar:775
5911,hunt_start,Sectid,992,195,3,217,6,target:Boar:777
5912,hunt_start,Sectid,84,168,8,137,6,target:Wolf:430
5912,hunt_start,Sectid,720,230,7,179,0,target:Boar:775
5912,kill,Sectid,720,230,7,179,0,killed_by:Boar:775
5912,hunt_start,Sectid,992,195,2,217,5,target:Boar:777
5912,reproduce,Monkey,569,175,2,144,6,offspring:1
5913,hunt_fail,Boar,5,230,3,179,3,target_died
5913,hunt_start,Boar,5,230,3,179,3,target:Sectid:752
5913,hunt_start,Sectid,84,169,0,137,8,target:Wolf:430
5913,hunt_fail,Boar,331,230,3,179,3,target_died
5913,hunt_start,Boar,331,230,3,179,3,target:Sectid:752
5913,hunt_start,Jaguar,370,21,2,185,6,target:Elk:722
5913,hunt_start,Sectid,752,232,3,179,2,target:Boar:775
5913,hunt_start,Boar,775,231,0,179,4,target:Sectid:752
5913,hunt_start,Sectid,992,195,0,217,6,target:Boar:777
5914,hunt_start,Sectid,84,169,2,137,8,target:Wolf:430
5914,hunt_start,Sectid,752,232,2,179,4,target:Boar:775
5914,hunt_start,Sectid,992,194,9,217,4,target:Boar:777
5915,hunt_start,Sectid,84,169,4,137,6,target:Wolf:431
5915,hunt_start,Sectid,752,232,4,179,3,target:Boar:775
5915,hunt_start,Sectid,992,195,1,217,5,target:Boar:777
5916,hunt_start,Sectid,84,169,2,137,8,target:Wolf:431
5916,hunt_start,Sectid,752,232,6,179,4,target:Boar:775
5916,hunt_start,Sectid,992,194,9,217,5,target:Boar:777
5916,reproduce,Deer,58,167,4,132,7,offspring:1
5916,reproduce,Deer,59,175,7,110,5,offspring:1
5916,reproduce,Deer,60,183,6,137,8,offspring:1
5916,reproduce,Deer,61,187,9,96,4,offspring:1
5916,reproduce,Deer,119,181,0,99,5,offspring:1
5916,reproduce,Deer,199,176,2,135,2,offspring:1
5917,hunt_start,Sectid,84,169,1,138,0,target:Wolf:431
5917,hunt_start,Sectid,752,232,8,179,3,target:Boar:775
5917,hunt_start,Sectid,992,195,0,217,7,target:Boar:777
5918,hunt_start,Sectid,84,169,2,138,2,target:Wolf:431
5918,hunt_start,Sectid,752,232,6,179,4,target:Boar:775
5918,hunt_start,Sectid,992,194,8,217,6,target:Boar:777
5919,hunt_start,Sectid,84,169,2,138,4,target:Wolf:431
5919,hunt_start,Sectid,752,232,4,179,3,target:Boar:775
5919,hunt_start,Sectid,992,194,9,217,8,target:Boar:777
5920,hunt_start,Sectid,84,169,1,138,2,target:Wolf:431
5920,hunt_start,Sectid,752,232,6,179,5,target:Boar:775
5920,hunt_start,Sectid,992,195,1,217,6,target:Boar:777
5921,hunt_start,Sectid,84,168,9,138,1,target:Wolf:431
5921,hunt_start,Sectid,752,232,7,179,6,target:Boar:775
5921,hunt_start,Sectid,992,195,0,217,8,target:Boar:777
5922,hunt_start,Sectid,84,169,1,138,1,target:Wolf:431
5922,hunt_start,Sectid,752,232,7,179,8,target:Boar:775
5922,hunt_start,Sectid,992,194,8,217,9,target:Boar:777
5923,hunt_start,Sectid,84,168,9,138,3,target:Wolf:431
5923,hunt_start,Sectid,752,232,8,179,7,target:Boar:775
5923,hunt_start,Sectid,992,194,7,218,0,target:Boar:777
5924,hunt_start,Sectid,84,168,9,138,5,target:Wolf:431
5924,hunt_start,Sectid,752,233,0,179,8,target:Boar:775
5924,hunt_start,Sectid,992,194,8,217,9,target:Boar:777
5925,hunt_start,Sectid,84,169,0,138,3,target:Wolf:431
5925,hunt_start,Sectid,752,233,0,180,0,target:Boar:775
5925,hunt_start,Sectid,992,195,0,217,8,target:Boar:777
5926,hunt_start,Sectid,84,169,0,138,1,target:Wolf:431
5926,hunt_start,Sectid,752,233,3,180,0,target:Boar:775
5926,hunt_start,Sectid,992,194,8,217,8,target:Boar:777
5926,hunt_start,Sectid,1202,127,4,133,4,target:Lizard:1190
5927,hunt_start,Sectid,84,169,0,137,8,target:Wolf:431
5927,hunt_start,Sectid,752,233,4,179,9,target:Boar:775
5927,hunt_start,Sectid,992,194,8,217,6,target:Boar:777
5928,hunt_start,Sectid,84,169,2,137,9,target:Wolf:431
5928,hunt_start,Sectid,752,233,5,180,0,target:Boar:775
5928,hunt_start,Sectid,992,195,0,217,5,target:Boar:777
5928,kill,Rabbit,683,273,3,91,3,killed_by:Hawk:1116
5928,reproduce,Rabbit,269,260,9,123,3,offspring:2
5928,reproduce,Rabbit,505,277,7,104,7,offspring:2
5928,reproduce,Rabbit,704,259,6,121,0,offspring:2
5929,hunt_start,Sectid,84,169,0,137,8,target:Wolf:431
5929,hunt_start,Sectid,752,233,7,179,9,target:Boar:775
5929,hunt_start,Sectid,992,195,2,217,4,target:Boar:777
5929,hunt_start,Hawk,1116,273,2,91,4,target:Penguin:1093
5930,hunt_start,Sectid,84,169,2,138,0,target:Lizard:526
5930,hunt_start,Sectid,752,233,9,180,1,target:Boar:775
5930,hunt_start,Sectid,992,195,4,217,5,target:Boar:777
5931,hunt_start,Sectid,84,169,2,138,0,target:Lizard:131
5931,hunt_start,Sectid,752,234,0,180,2,target:Boar:775
5931,hunt_start,Sectid,992,195,4,217,7,target:Boar:777
5932,hunt_start,Sectid,84,169,2,138,0,target:Turtle:184
5932,hunt_start,Sectid,752,234,2,180,1,target:Boar:775
5932,hunt_start,Sectid,992,195,5,217,6,target:Boar:777
5933,hunt_start,Sectid,84,169,2,138,0,target:Turtle:184
5933,hunt_start,Sectid,752,234,1,180,2,target:Boar:775
5933,hunt_start,Sectid,992,195,3,217,6,target:Boar:777
5934,hunt_start,Sectid,84,169,2,138,0,target:Turtle:184
5934,hunt_start,Sectid,752,234,0,180,0,target:Boar:775
5934,hunt_start,Sectid,992,195,5,217,6,target:Boar:777
5934,reproduce,Elk,101,72,7,103,9,offspring:1
5935,hunt_start,Sectid,84,169,2,138,0,target:Turtle:184
5935,hunt_start,Sectid,752,234,2,180,0,target:Boar:775
5935,hunt_start,Sectid,992,195,4,217,5,target:Boar:777
5935,reproduce,Hawk,464,43,8,25,5,offspring:1
5936,starvation,Tapir,542,209,3,40,7,
5936,hunt_start,Sectid,84,169,2,138,0,target:Lizard:526
5936,hunt_fail,Sectid,314,53,0,139,2,discomfort
5936,hunt_start,Hawk,464,43,8,25,5,target:Penguin:956
5936,hunt_start,Sectid,752,234,1,180,1,target:Boar:775
5936,hunt_start,Sectid,992,195,3,217,3,target:Boar:777
5936,hunt_start,Hawk,1209,42,0,24,8,target:Penguin:956
5937,hunt_start,Sectid,84,169,2,138,0,target:Lizard:526
5937,hunt_start,Sectid,542,126,7,136,7,target:Lizard:1190
5937,hunt_start,Sectid,752,233,9,179,9,target:Boar:775
5937,hunt_start,Sectid,992,195,1,217,2,target:Boar:777
5937,reproduce,Monkey,963,64,0,169,5,offspring:1
5938,hunt_start,Sectid,84,169,2,138,0,target:Lizard:131
5938,hunt_start,Sectid,752,233,8,179,8,target:Boar:775
5938,hunt_start,Sectid,992,194,9,217,3,target:Boar:777
5939,hunt_start,Sectid,84,169,2,138,0,target:Turtle:184
5939,hunt_start,Sectid,752,233,7,179,6,target:Boar:775
5939,hunt_start,Sectid,992,194,7,217,2,target:Boar:777
5940,hunt_start,Sectid,84,169,2,138,0,target:Turtle:184
5940,hunt_start,Sectid,752,233,9,179,6,target:Boar:775
5940,hunt_start,Sectid,992,194,7,217,0,target:Boar:777
5941,hunt_start,Sectid,84,169,2,138,0,target:Turtle:184
5941,hunt_start,Sectid,752,233,6,179,6,target:Boar:775
5941,hunt_start,Sectid,992,195,0,217,0,target:Boar:777
5942,hunt_start,Sectid,84,169,2,138,0,target:Turtle:184
5942,hunt_start,Jaguar,206,34,6,217,3,target:Rabbit:1087
5942,hunt_start,Sectid,752,233,5,179,7,target:Boar:775
5942,hunt_start,Sectid,992,195,1,216,8,target:Boar:777
5943,hunt_start,Sectid,84,169,2,138,0,target:Lizard:526
5943,kill,Deer,58,165,5,130,0,killed_by:Wolf:430
5943,hunt_start,Sectid,752,233,6,179,9,target:Boar:775
5943,kill,Rabbit,1126,288,0,24,2,killed_by:Hawk:824
5943,hunt_start,Sectid,992,195,0,216,7,target:Boar:777
5944,hunt_start,Sectid,84,169,2,138,0,target:Lizard:526
5944,hunt_start,Sectid,752,233,6,180,1,target:Boar:775
5944,hunt_start,Hawk,824,287,4,24,7,target:Penguin:411
5944,hunt_start,Sectid,992,195,0,216,4,target:Boar:777
5945,hunt_start,Sectid,84,169,2,138,0,target:Lizard:131
5945,hunt_start,Sectid,752,233,5,180,0,target:Boar:775
5945,hunt_start,Sectid,992,195,2,216,3,target:Boar:777
5946,hunt_start,Sectid,84,169,2,138,0,target:Turtle:184
5946,kill,Elk,722,24,2,189,4,killed_by:Jaguar:370
5946,hunt_start,Sectid,752,233,3,180,2,target:Boar:775
5946,hunt_start,Sectid,992,195,1,216,6,target:Boar:777
5947,hunt_start,Sectid,84,169,2,138,0,target:Turtle:184
5947,hunt_start,Sectid,752,233,4,180,4,target:Boar:775
5947,hunt_start,Sectid,992,195,1,216,8,target:Boar:777
5948,hunt_start,Sectid,84,169,2,138,0,target:Turtle:184
5948,hunt_start,Sectid,752,233,4,180,6,target:Boar:775
5948,hunt_start,Sectid,992,195,3,216,7,target:Boar:777
5949,hunt_start,Sectid,84,169,2,138,0,target:Turtle:184
5949,hunt_start,Sectid,752,233,3,180,8,target:Boar:775
5949,hunt_start,Sectid,992,195,3,216,9,target:Boar:777
5949,hunt_fail,Sectid,1103,70,1,156,2,discomfort
5950,hunt_start,Sectid,84,169,2,138,0,target:Turtle:184
5950,hunt_start,Sectid,752,233,5,180,8,target:Boar:775
5950,hunt_start,Sectid,992,195,5,217,0,target:Boar:777
5950,kill,Camel,1146,69,0,172,9,killed_by:Sectid:998
5950,reproduce,Camel,366,93,8,194,8,offspring:1
5951,hunt_start,Sectid,84,169,2,138,0,target:Lizard:526
5951,hunt_start,Sectid,752,233,4,180,7,target:Boar:775
5951,kill,Boar,775,233,4,180,0,killed_by:Sectid:752
5951,hunt_start,Sectid,992,195,6,217,2,target:Boar:777
5951,hunt_start,Sectid,1073,78,5,169,1,target:Boar:836
5952,hunt_start,Sectid,84,169,2,138,0,target:Lizard:131
5952,hunt_start,Sectid,752,233,5,180,6,target:Boar:5
5952,hunt_start,Sectid,992,195,7,217,4,target:Boar:777
5952,hunt_start,Sectid,1073,78,4,169,0,target:Boar:836
5953,hunt_start,Sectid,27,191,9,222,5,target:Boar:777
5953,hunt_start,Sectid,84,169,2,138,0,target:Lizard:131
5953,hunt_start,Sectid,752,233,6,180,6,target:Boar:5
5953,hunt_start,Sectid,1073,78,4,169,0,target:Boar:836
5954,hunt_start,Sectid,84,169,2,138,0,target:Turtle:184
5954,hunt_start,Sectid,752,233,6,180,5,target:Boar:5
5954,hunt_start,Sectid,1073,78,3,168,9,target:Boar:836
5955,hunt_start,Sectid,84,169,2,138,0,target:Turtle:184
5955,hunt_start,Sectid,752,233,7,180,5,target:Boar:5
5955,hunt_start,Sectid,1073,78,3,168,8,target:Boar:836
5956,hunt_start,Sectid,84,169,2,138,0,target:Turtle:184
5956,kill,Parrot,864,39,8,288,0,killed_by:Wolf:432
5956,hunt_start,Sectid,752,233,8,180,4,target:Boar:5
5956,hunt_start,Sectid,1073,78,2,168,7,target:Boar:836
5956,hunt_start,Sectid,1202,120,9,135,4,target:Lizard:1190
5957,hunt_start,Sectid,84,169,2,138,0,target:Turtle:184
5957,hunt_start,Wolf,432,40,1,287,2,target:Lizard:237
5957,hunt_fail,Wolf,433,39,7,286,6,target_died
5957,hunt_fail,Wolf,434,39,6,287,6,target_died
5957,hunt_start,Sectid,752,233,9,180,4,target:Boar:5
5957,hunt_start,Sectid,1073,78,1,168,6,target:Boar:836
5957,hunt_start,Sectid,1202,121,1,135,3,target:Lizard:1190
5958,hunt_start,Sectid,84,169,2,138,0,target:Lizard:526
5958,hunt_start,Sectid,752,234,0,180,3,target:Boar:5
5958,hunt_start,Sectid,1073,78,1,168,5,target:Boar:836
5958,hunt_start,Sectid,1202,121,0,135,2,target:Lizard:1190
5959,hunt_start,Sectid,84,169,2,138,0,target:Lizard:526
5959,hunt_start,Sectid,752,234,1,180,3,target:Boar:5
5959,hunt_start,Sectid,1073,78,0,168,4,target:Boar:836
5959,hunt_start,Sectid,1202,121,0,135,1,target:Lizard:1190
5960,hunt_start,Sectid,84,169,2,138,0,target:Turtle:184
5960,hunt_start,Sectid,752,234,2,180,2,target:Boar:5
5960,hunt_start,Sectid,1073,77,9,168,4,target:Boar:836
5960,hunt_start,Sectid,1202,121,2,134,9,target:Lizard:1190
5961,kill,Camel,262,81,4,115,3,killed_by:Sectid:25
5961,hunt_start,Sectid,84,169,2,138,0,target:Lizard:131
5961,hunt_start,Sectid,752,234,3,180,2,target:Boar:5
5961,hunt_start,Sectid,1202,121,3,135,0,target:Lizard:1190
5961,reproduce,Camel,627,51,9,78,9,offspring:1
5962,hunt_start,Sectid,25,81,4,114,8,target:Rabbit:1028
5962,hunt_start,Sectid,84,169,2,138,0,target:Lizard:131
5962,hunt_start,Sectid,752,234,3,180,1,target:Boar:5
5962,hunt_start,Sectid,1202,121,5,135,1,target:Lizard:1190
5963,hunt_start,Sectid,84,169,2,138,0,target:Turtle:184
5963,hunt_start,Sectid,752,234,4,180,1,target:Boar:5
5963,hunt_start,Sectid,1202,121,7,135,2,target:Lizard:1190
5964,hunt_start,Sectid,84,169,2,138,0,target:Turtle:184
5964,hunt_start,Sectid,752,234,5,180,1,target:Boar:5
5964,hunt_start,Sectid,1202,121,9,135,1,target:Lizard:1190
5964,reproduce,Parrot,281,96,0,131,4,offspring:1
5965,hunt_start,Sectid,84,169,2,138,0,target:Turtle:184
5965,hunt_start,Sectid,752,234,6,180,0,target:Boar:5
5965,hunt_start,Sectid,1202,121,6,135,1,target:Lizard:1190
5966,hunt_start,Sectid,84,169,2,138,0,target:Lizard:526
5966,hunt_start,Sectid,752,234,7,180,0,target:Boar:5
5966,hunt_start,Sectid,1202,121,7,134,8,target:Lizard:1190
5967,hunt_start,Sectid,84,169,2,138,0,target:Turtle:184
5967,hunt_start,Sectid,752,234,8,179,9,target:Boar:5
5967,hunt_start,Sectid,1202,121,7,135,1,target:Lizard:1190
5968,hunt_start,Sectid,84,169,2,138,0,target:Turtle:184
5968,hunt_start,Sectid,752,234,9,179,9,target:Boar:5
5968,hunt_start,Sectid,1202,121,4,135,1,target:Lizard:1190
5969,hunt_start,Sectid,84,169,2,138,0,target:Turtle:184
5969,hunt_start,Sectid,752,235,0,179,8,target:Boar:5
5969,hunt_start,Sectid,1202,121,7,135,1,target:Lizard:1190
5970,starvation,Elk,210,215,5,150,9,
5970,hunt_start,Sectid,27,191,6,219,2,target:Boar:777
5970,hunt_start,Sectid,84,169,2,138,0,target:Turtle:184
5970,hunt_start,Sectid,752,235,0,179,8,target:Boar:5
5970,hunt_start,Sectid,1202,121,6,135,4,target:Lizard:1190
5971,hunt_start,Sectid,27,191,7,219,3,target:Boar:777
5971,hunt_start,Sectid,84,169,2,138,0,target:Turtle:184
5971,hunt_start,Sectid,752,235,1,179,7,target:Boar:5
5971,hunt_start,Sectid,1202,121,4,135,5,target:Jaguar:875
5972,hunt_start,Sectid,27,191,8,219,5,target:Boar:777
5972,hunt_start,Sectid,84,169,2,138,0,target:Turtle:184
5972,hunt_start,Sectid,752,235,2,179,7,target:Boar:5
5972,hunt_start,Sectid,1202,121,1,135,6,target:Jaguar:875
5973,hunt_start,Sectid,27,191,9,219,7,target:Boar:777
5973,hunt_start,Sectid,84,169,2,138,0,target:Turtle:184
5973,hunt_start,Snake,476,21,5,70,9,target:Rabbit:1124
5973,hunt_start,Sectid,752,235,2,179,7,target:Boar:5
5973,hunt_start,Sectid,1202,121,4,135,5,target:Lizard:1190
5974,hunt_start,Sectid,27,192,1,219,8,target:Boar:777
5974,hunt_start,Sectid,84,169,2,138,0,target:Lizard:526
5974,hunt_start,Sectid,752,235,3,179,6,target:Boar:5
5974,hunt_start,Sectid,1202,121,6,135,3,target:Lizard:1190
5975,hunt_start,Sectid,27,192,1,220,0,target:Boar:777
5975,hunt_start,Sectid,84,169,2,138,0,target:Turtle:184
5975,hunt_start,Sectid,752,235,4,179,6,target:Boar:5
5975,hunt_start,Sectid,1202,121,5,135,6,target:Lizard:1190
5976,hunt_start,Sectid,27,192,3,220,0,target:Boar:777
5976,hunt_start,Sectid,84,169,2,138,0,target:Turtle:184
5976,hunt_start,Sectid,752,235,4,179,6,target:Boar:5
5976,hunt_start,Sectid,1202,121,3,135,8,target:Jaguar:875
5977,starvation,Fish,1066,191,5,21,3,
5977,hunt_start,Sectid,27,192,3,220,1,target:Boar:777
5977,hunt_start,Sectid,84,169,2,138,0,target:Turtle:184
5977,hunt_start,Sectid,752,235,5,179,5,target:Boar:5
5977,hunt_start,Sectid,1202,121,1,135,7,target:Lizard:1190
5977,reproduce,Penguin,276,286,5,111,0,offspring:1
5978,hunt_start,Sectid,27,192,0,220,2,target:Boar:777
5978,hunt_start,Sectid,84,169,2,138,0,target:Turtle:184
5978,hunt_start,Sectid,752,235,6,179,5,target:Boar:5
5978,hunt_fail,Sectid,1145,74,5,165,5,discomfort
5978,hunt_start,Sectid,1202,121,0,135,5,target:Jaguar:875
5979,hunt_start,Sectid,27,191,9,220,4,target:Boar:777
5979,hunt_start,Sectid,84,169,2,138,0,target:Turtle:184
5979,hunt_start,Sectid,752,235,6,179,4,target:Boar:5
5979,hunt_start,Sectid,1202,121,1,135,7,target:Jaguar:875
5979,reproduce,Tapir,598,164,5,79,9,offspring:1
5980,hunt_start,Sectid,27,192,1,220,3,target:Boar:777
5980,hunt_start,Sectid,84,169,2,138,0,target:Turtle:184
5980,hunt_start,Sectid,752,235,7,179,4,target:Boar:5
5980,hunt_start,Sectid,1202,121,3,135,5,target:Jaguar:875
5981,hunt_start,Sectid,27,192,3,220,4,target:Boar:777
5981,hunt_start,Sectid,84,169,2,138,0,target:Lizard:526
5981,hunt_start,Sectid,752,235,8,179,4,target:Boar:5
5981,hunt_start,Sectid,1202,121,3,135,3,target:Jaguar:875
5982,hunt_start,Sectid,27,192,2,220,2,target:Boar:777
5982,hunt_start,Sectid,84,169,2,138,0,target:Lizard:526
5982,hunt_start,Sectid,752,235,9,179,3,target:Boar:5
5982,hunt_start,Sectid,1202,121,4,135,1,target:Jaguar:875
5983,hunt_start,Sectid,27,192,0,220,4,target:Boar:777
5983,hunt_start,Sectid,84,169,2,138,0,target:Turtle:184
5983,hunt_start,Sectid,752,235,9,179,3,target:Boar:5
5983,hunt_start,Sectid,1202,121,4,135,3,target:Jaguar:875
5984,hunt_start,Sectid,27,191,9,220,6,target:Boar:777
5984,hunt_start,Sectid,84,169,2,138,0,target:Turtle:184
5984,hunt_start,Sectid,752,236,0,179,3,target:Boar:5
5984,hunt_start,Sectid,1202,121,5,135,1,target:Jaguar:875
5985,hunt_start,Sectid,27,191,7,220,5,target:Boar:777
5985,hunt_start,Sectid,84,169,2,138,0,target:Turtle:184
5985,hunt_start,Sectid,752,236,1,179,2,target:Boar:5
5985,hunt_start,Sectid,1202,121,7,135,0,target:Jaguar:875
5986,hunt_start,Sectid,27,191,8,220,3,target:Boar:777
5986,hunt_start,Sectid,84,169,2,138,0,target:Turtle:184
5986,kill,Lizard,965,75,3,288,0,killed_by:Jaguar:486
5986,hunt_start,Sectid,752,236,1,179,2,target:Boar:5
5986,hunt_start,Sectid,1202,121,9,134,9,target:Jaguar:875
5987,hunt_start,Sectid,27,191,7,220,1,target:Boar:777
5987,hunt_start,Sectid,84,169,2,138,0,target:Turtle:184
5987,hunt_start,Jaguar,486,76,2,288,0,target:Parrot:10
5987,hunt_start,Sectid,752,236,2,179,1,target:Boar:5
5987,hunt_start,Sectid,1202,122,1,134,8,target:Jaguar:875
5987,reproduce,Parrot,1120,180,9,9,5,offspring:1
5988,hunt_start,Sectid,27,191,7,220,3,target:Boar:777
5988,hunt_start,Sectid,84,169,2,138,0,target:Turtle:184
5988,hunt_start,Sectid,752,236,3,179,1,target:Boar:331
5988,hunt_fail,Sectid,1145,74,0,164,7,discomfort
5988,hunt_start,Sectid,1202,122,2,134,6,target:Jaguar:875
5989,hunt_start,Sectid,27,191,7,220,5,target:Boar:777
5989,hunt_start,Sectid,84,169,2,138,0,target:Lizard:526
5989,hunt_start,Sectid,752,236,4,179,0,target:Boar:331
5989,hunt_start,Sectid,1202,122,4,134,5,target:Jaguar:875
5990,hunt_start,Sectid,27,191,5,220,4,target:Boar:777
5990,hunt_start,Sectid,84,169,2,138,0,target:Turtle:184
5990,hunt_start,Sectid,752,236,5,179,0,target:Boar:331
5990,hunt_start,Sectid,1202,122,3,134,3,target:Jaguar:875
5990,reproduce,Deer,939,225,6,141,0,offspring:1
5991,hunt_start,Sectid,27,191,7,220,4,target:Boar:777
5991,hunt_start,Sectid,84,169,2,138,0,target:Turtle:184
5991,kill,Shroomer,884,161,3,237,9,killed_by:Wolf:749
5991,hunt_start,Sectid,752,236,6,179,0,target:Boar:331
5991,hunt_start,Sectid,1202,122,0,134,3,target:Jaguar:875
5992,hunt_start,Sectid,27,191,6,220,2,target:Boar:777
5992,hunt_start,Sectid,84,169,2,138,0,target:Turtle:184
5992,kill,Parrot,10,75,2,288,0,killed_by:Jaguar:369
5992,hunt_start,Wolf,749,160,9,237,5,target:Lizard:236
5992,hunt_start,Sectid,752,236,6,178,9,target:Boar:331
5992,hunt_start,Sectid,1202,122,2,134,1,target:Jaguar:875
5993,hunt_start,Sectid,27,191,4,220,2,target:Boar:777
5993,hunt_start,Sectid,84,169,2,138,0,target:Turtle:184
5993,hunt_start,Jaguar,369,74,3,287,6,target:Deer:70
5993,hunt_fail,Jaguar,486,76,2,287,9,target_died
5993,hunt_start,Jaguar,486,76,2,287,9,target:Deer:70
5993,hunt_start,Sectid,752,236,7,178,9,target:Boar:331
5993,hunt_start,Sectid,1202,122,0,134,1,target:Jaguar:875
5994,hunt_start,Sectid,27,191,1,220,1,target:Boar:777
5994,hunt_start,Sectid,84,169,2,138,0,target:Turtle:184
5994,hunt_start,Sectid,752,236,8,178,9,target:Boar:331
5994,hunt_start,Sectid,1202,121,7,134,2,target:Jaguar:875
5995,hunt_start,Sectid,27,191,2,220,3,target:Boar:777
5995,hunt_start,Sectid,84,169,2,138,0,target:Turtle:184
5995,hunt_start,Sectid,752,236,8,178,8,target:Boar:331
5995,hunt_start,Sectid,1202,121,5,134,2,target:Jaguar:875
5996,hunt_start,Sectid,27,191,4,220,2,target:Boar:777
5996,hunt_start,Sectid,84,169,2,138,0,target:Lizard:526
5996,hunt_start,Sectid,752,236,9,178,8,target:Boar:331
5996,hunt_start,Sectid,1202,121,7,134,3,target:Jaguar:875
5997,hunt_start,Sectid,27,191,2,220,2,target:Boar:777
5997,hunt_start,Sectid,84,169,2,138,0,target:Lizard:526
5997,hunt_start,Sectid,752,237,0,178,7,target:Boar:331
5997,hunt_start,Sectid,1202,121,9,134,4,target:Jaguar:875
5998,hunt_start,Sectid,27,191,4,220,0,target:Boar:777
5998,hunt_start,Sectid,84,169,2,138,0,target:Turtle:184
5998,hunt_start,Sectid,752,237,0,178,7,target:Boar:331
5998,hunt_start,Sectid,1202,121,7,134,3,target:Jaguar:875
5999,hunt_start,Sectid,27,191,6,220,2,target:Boar:777
5999,hunt_start,Sectid,84,169,2,138,0,target:Turtle:184
5999,hunt_start,Sectid,752,237,1,178,7,target:Boar:331
5999,kill,Monkey,1112,230,9,-0,0,killed_by:Hawk:1022
5999,hunt_start,Sectid,1202,121,6,134,1,target:Jaguar:875
6000,hunt_start,Sectid,27,191,8,220,2,target:Boar:777
6000,hunt_start,Sectid,84,169,2,138,0,target:Turtle:184
6000,hunt_start,Sectid,752,237,2,178,6,target:Boar:331
6000,hunt_start,Sectid,1202,121,8,134,3,target:Jaguar:875
6001,hunt_start,Sectid,27,191,7,220,4,target:Boar:777
6001,hunt_start,Sectid,84,169,2,138,0,target:Turtle:184
6001,hunt_start,Sectid,752,237,3,178,6,target:Boar:331
6001,hunt_start,Sectid,1202,121,8,134,1,target:Jaguar:875
6002,hunt_start,Sectid,27,191,5,220,4,target:Boar:777
6002,hunt_start,Sectid,84,169,2,138,0,target:Turtle:184
6002,hunt_start,Sectid,752,237,4,178,5,target:Boar:331
6002,hunt_start,Sectid,1202,121,9,134,3,target:Jaguar:875
6003,hunt_start,Sectid,27,191,7,220,5,target:Boar:777
6003,hunt_start,Sectid,84,169,2,138,0,target:Turtle:184
6003,hunt_start,Sectid,752,237,5,178,5,target:Boar:331
6003,hunt_start,Sectid,1202,122,1,134,4,target:Jaguar:875
6004,hunt_start,Sectid,27,191,5,220,6,target:Boar:777
6004,hunt_start,Sectid,84,169,2,138,0,target:Lizard:526
6004,hunt_start,Sectid,752,237,6,178,4,target:Boar:331
6004,hunt_start,Sectid,1202,122,3,134,3,target:Jaguar:875
6005,hunt_start,Sectid,27,191,3,220,5,target:Boar:777
6005,hunt_start,Sectid,84,169,2,138,0,target:Lizard:526
6005,hunt_start,Sectid,752,237,6,178,4,target:Boar:331
6005,hunt_start,Sectid,1202,122,2,134,1,target:Jaguar:875
6006,hunt_start,Sectid,27,191,4,220,7,target:Boar:777
6006,hunt_start,Sectid,84,169,2,138,0,target:Turtle:184
6006,hunt_start,Sectid,752,237,7,178,3,target:Boar:331
6006,hunt_fail,Sectid,1145,72,9,163,2,discomfort
6006,hunt_start,Sectid,1202,121,9,134,2,target:Jaguar:875
6007,hunt_start,Sectid,27,191,6,220,8,target:Boar:777
6007,hunt_start,Sectid,84,169,2,138,0,target:Turtle:184
6007,hunt_start,Sectid,752,237,8,178,3,target:Boar:331
6007,hunt_start,Sectid,1202,122,0,134,0,target:Jaguar:875
6008,hunt_start,Sectid,27,191,4,220,7,target:Boar:777
6008,hunt_start,Sectid,84,169,2,138,0,target:Turtle:184
6008,hunt_start,Sectid,752,237,9,178,2,target:Boar:5
6008,hunt_start,Sectid,1202,122,1,133,7,target:Jaguar:875
6009,kill,Monkey,91,233,8,231,2,killed_by:Sectid:16
6009,hunt_start,Sectid,27,191,3,220,9,target:Boar:777
6009,hunt_start,Sectid,84,169,2,138,0,target:Turtle:184
6009,hunt_start,Jaguar,485,71,7,213,0,target:Tapir:907
6009,hunt_start,Sectid,752,238,0,178,2,target:Boar:5
6009,hunt_start,Sectid,1202,122,1,133,9,target:Jaguar:875
6009,reproduce,Monkey,42,233,7,223,4,offspring:1
6009,reproduce,Monkey,241,215,1,205,1,offspring:1
6009,reproduce,Monkey,268,248,2,217,5,offspring:1
6009,reproduce,Monkey,322,216,2,203,6,offspring:1
6009,reproduce,Monkey,324,225,6,231,7,offspring:1
6009,reproduce,Monkey,325,225,2,215,2,offspring:1
6009,reproduce,Monkey,327,218,6,210,6,offspring:1
6009,reproduce,Monkey,608,233,7,224,0,offspring:1
6010,hunt_start,Sectid,16,234,0,231,1,target:Frog:944
6010,hunt_start,Sectid,27,191,5,221,0,target:Boar:777
6010,hunt_start,Sectid,84,169,2,138,0,target:Turtle:184
6010,hunt_start,Sectid,752,238,1,178,1,target:Boar:5
6010,hunt_start,Sectid,1202,122,0,133,8,target:Jaguar:875
6011,hunt_start,Sectid,27,191,5,221,2,target:Boar:777
6011,hunt_start,Sectid,84,169,2,138,0,target:Lizard:526
6011,hunt_fail,Jaguar,485,71,8,213,0,discomfort
6011,hunt_start,Sectid,752,238,2,178,1,target:Boar:5
6011,hunt_start,Sectid,1202,122,0,134,0,target:Jaguar:875
6012,hunt_start,Sectid,27,191,7,221,1,target:Boar:777
6012,hunt_start,Sectid,84,169,2,138,0,target:Lizard:526
6012,hunt_start,Sectid,752,238,3,178,1,target:Boar:5
6012,hunt_start,Sectid,1202,122,1,134,1,target:Jaguar:875
6013,hunt_start,Sectid,27,191,8,221,3,target:Boar:777
6013,hunt_start,Sectid,84,169,2,138,0,target:Turtle:184
6013,hunt_start,Sectid,752,238,3,178,0,target:Boar:5
6013,hunt_start,Sectid,1202,122,1,134,1,target:Jaguar:875
6014,hunt_start,Sectid,27,191,8,221,5,target:Boar:777
6014,hunt_start,Sectid,84,169,2,138,0,target:Turtle:184
6014,hunt_start,Sectid,752,238,4,178,0,target:Boar:5
6014,hunt_start,Sectid,1202,122,1,134,1,target:Jaguar:875
6015,hunt_start,Sectid,27,191,9,221,6,target:Boar:777
6015,hunt_start,Sectid,84,169,2,138,0,target:Turtle:184
6015,hunt_start,Sectid,752,238,5,177,9,target:Boar:5
6015,hunt_start,Sectid,1202,122,1,134,1,target:Jaguar:875
6016,hunt_start,Sectid,27,192,0,221,8,target:Boar:777
6016,hunt_start,Sectid,84,169,2,138,0,target:Turtle:184
6016,hunt_start,Jaguar,485,71,9,213,0,target:Tapir:907
6016,hunt_start,Sectid,752,238,6,177,9,target:Boar:5
6016,hunt_start,Sectid,1202,122,1,134,1,target:Jaguar:875
6017,hunt_start,Sectid,27,191,9,221,9,target:Boar:777
6017,hunt_start,Sectid,84,169,2,138,0,target:Turtle:184
6017,hunt_start,Sectid,752,238,7,177,8,target:Boar:5
6017,hunt_start,Sectid,1202,122,1,134,1,target:Jaguar:875
6018,hunt_start,Sectid,27,192,1,222,0,target:Boar:777
6018,hunt_start,Sectid,84,169,2,138,0,target:Turtle:184
6018,hunt_fail,Jaguar,485,71,9,213,0,discomfort
6018,hunt_start,Sectid,752,238,8,177,8,target:Boar:5
6018,kill,Penguin,1034,60,8,30,2,killed_by:Hawk:967
6018,hunt_fail,Sectid,1084,74,0,160,3,discomfort
6018,hunt_start,Sectid,1202,122,1,134,1,target:Jaguar:875
6019,hunt_start,Sectid,27,191,8,222,0,target:Boar:777
6019,hunt_start,Sectid,84,169,2,138,0,target:Lizard:526
6019,hunt_start,Sectid,752,238,9,177,7,target:Boar:5
6019,hunt_start,Hawk,967,60,7,29,9,target:Rabbit:200
6019,hunt_start,Sectid,1202,122,1,134,1,target:Jaguar:875
6019,kill,Penguin,956,49,0,20,0,killed_by:Hawk:1209
6020,hunt_start,Sectid,27,191,6,222,0,target:Boar:777
6020,hunt_start,Sectid,84,169,2,138,0,target:Turtle:184
6020,hunt_fail,Hawk,464,48,9,19,7,target_died
6020,hunt_start,Hawk,464,48,9,19,7,target:Penguin:121
6020,hunt_start,Sectid,752,239,0,177,7,target:Boar:5
6020,hunt_start,Sectid,1202,122,1,134,1,target:Lizard:1190
6020,hunt_start,Hawk,1209,49,3,19,9,target:Penguin:121
6021,hunt_start,Sectid,27,191,4,221,9,target:Boar:777
6021,hunt_start,Sectid,84,169,2,138,0,target:Turtle:184
6021,hunt_start,Sectid,752,239,0,177,6,target:Boar:5
6021,hunt_start,Sectid,1202,122,1,134,1,target:Lizard:1190
6022,hunt_start,Sectid,27,191,3,222,0,target:Boar:777
6022,hunt_start,Sectid,84,169,2,138,0,target:Turtle:184
6022,hunt_start,Sectid,752,239,1,177,6,target:Boar:5
6022,hunt_start,Sectid,1202,122,1,134,1,target:Lizard:1190
6023,hunt_start,Sectid,27,191,4,222,2,target:Boar:777
6023,hunt_start,Sectid,84,169,2,138,0,target:Turtle:184
6023,hunt_start,Sectid,752,239,2,177,5,target:Boar:5
6023,hunt_start,Sectid,1202,122,1,134,1,target:Lizard:1190
6023,reproduce,Turtle,185,181,9,110,8,offspring:1
6023,reproduce,Monkey,853,36,0,14,1,offspring:1
6024,hunt_start,Sectid,27,191,6,222,2,target:Boar:777
6024,hunt_start,Sectid,84,169,2,138,0,target:Turtle:184
6024,hunt_fail,Snake,475,134,7,200,9,discomfort
6024,hunt_start,Jaguar,485,72,1,213,0,target:Tapir:907
6024,hunt_start,Sectid,752,239,3,177,5,target:Boar:5
6024,hunt_start,Sectid,1202,122,1,134,1,target:Lizard:1190
6025,hunt_start,Sectid,27,191,4,222,2,target:Boar:777
6025,hunt_start,Sectid,84,169,2,138,0,target:Turtle:184
6025,hunt_start,Sectid,752,239,4,177,4,target:Boar:5
6025,hunt_start,Sectid,1202,122,1,134,1,target:Lizard:1190
6026,hunt_start,Sectid,27,191,2,222,3,target:Boar:777
6026,hunt_start,Sectid,84,169,2,138,0,target:Lizard:526
6026,hunt_fail,Jaguar,485,72,2,213,0,discomfort
6026,hunt_start,Sectid,752,239,5,177,4,target:Boar:5
6026,hunt_start,Sectid,1202,122,1,134,1,target:Lizard:1190
6026,reproduce,Lizard,694,63,0,203,6,offspring:2
6027,hunt_start,Sectid,27,191,4,222,4,target:Boar:777
6027,hunt_start,Sectid,84,169,2,138,0,target:Turtle:184
6027,hunt_start,Sectid,752,239,6,177,4,target:Boar:5
6027,hunt_start,Sectid,1202,122,1,134,1,target:Lizard:1190
6028,hunt_start,Sectid,27,191,6,222,3,target:Boar:777
6028,hunt_start,Sectid,84,169,2,138,0,target:Turtle:184
6028,hunt_start,Sectid,752,239,7,177,3,target:Boar:5
6028,hunt_fail,Sectid,1084,73,3,159,7,discomfort
6028,hunt_start,Sectid,1202,122,1,134,1,target:Lizard:1190
6029,hunt_start,Sectid,27,191,8,222,2,target:Boar:777
6029,hunt_start,Sectid,84,169,2,138,0,target:Turtle:184
6029,hunt_start,Sectid,752,239,7,177,3,target:Boar:5
6029,hunt_start,Sectid,1202,122,1,134,1,target:Lizard:1190
6030,hunt_start,Sectid,27,191,5,222,2,target:Boar:777
6030,hunt_start,Sectid,84,169,2,138,0,target:Turtle:184
6030,hunt_start,Sectid,752,239,8,177,2,target:Boar:5
6030,hunt_start,Sectid,1202,122,1,134,1,target:Lizard:1190
6031,hunt_start,Sectid,27,191,7,222,0,target:Boar:777
6031,hunt_start,Sectid,84,169,2,138,0,target:Turtle:184
6031,hunt_start,Jaguar,485,72,3,213,0,target:Tapir:907
6031,hunt_start,Sectid,752,239,9,177,2,target:Boar:5
6031,hunt_start,Sectid,1202,122,1,134,1,target:Lizard:1190
6032,hunt_start,Sectid,27,191,9,222,1,target:Boar:777
6032,hunt_start,Sectid,752,240,0,177,1,target:Boar:5
6032,hunt_start,Sectid,1202,122,1,134,1,target:Lizard:1190
6033,hunt_start,Sectid,27,191,7,222,1,target:Boar:777
6033,hunt_fail,Jaguar,485,72,4,213,0,discomfort
6033,hunt_start,Sectid,752,240,1,177,1,target:Boar:5
6033,hunt_start,Sectid,1202,122,1,134,1,target:Lizard:1190
6034,hunt_start,Sectid,27,191,4,222,1,target:Boar:777
6034,hunt_start,Sectid,752,240,2,177,0,target:Boar:5
6034,hunt_start,Sectid,1202,122,1,134,1,target:Lizard:1190
6035,hunt_start,Sectid,27,191,6,222,3,target:Boar:777
6035,hunt_start,Sectid,752,240,3,177,0,target:Boar:5
6035,hunt_start,Sectid,1202,122,1,134,1,target:Lizard:1190
6036,hunt_start,Sectid,27,191,4,222,1,target:Boar:777
6036,hunt_start,Sectid,752,240,4,176,9,target:Boar:5
6036,hunt_start,Sectid,1202,122,1,134,1,target:Lizard:1190
6037,hunt_start,Sectid,27,191,7,222,2,target:Boar:777
6037,hunt_start,Sectid,752,240,4,176,9,target:Boar:5
6037,hunt_start,Sectid,1202,122,1,134,1,target:Lizard:1190
6038,hunt_start,Sectid,27,191,9,222,1,target:Boar:777
6038,hunt_start,Sectid,752,240,5,176,8,target:Boar:5
6038,hunt_start,Sectid,1202,122,1,134,1,target:Lizard:1190
6039,hunt_start,Sectid,27,192,0,221,9,target:Boar:777
6039,hunt_start,Jaguar,485,72,6,213,0,target:Tapir:907
6039,hunt_start,Sectid,752,240,6,176,8,target:Boar:5
6039,hunt_start,Sectid,1202,122,1,134,1,target:Lizard:1190
6040,hunt_start,Sectid,27,191,9,222,0,target:Boar:777
6040,hunt_start,Sectid,752,240,7,176,7,target:Boar:5
6040,hunt_start,Sectid,1202,122,1,134,1,target:Lizard:1190
6040,reproduce,Deer,41,123,2,150,4,offspring:1
6041,hunt_start,Sectid,27,192,0,222,1,target:Boar:777
6041,hunt_start,Sectid,752,240,8,176,7,target:Boar:5
6041,hunt_start,Sectid,1202,122,1,134,1,target:Lizard:1190
6042,hunt_start,Sectid,27,192,2,222,2,target:Boar:777
6042,hunt_start,Sectid,752,240,9,176,7,target:Boar:5
6042,hunt_start,Sectid,1202,122,1,134,1,target:Lizard:1006
6043,hunt_start,Sectid,27,192,4,222,3,target:Boar:777
6043,hunt_fail,Jaguar,485,72,6,213,0,discomfort
6043,hunt_start,Sectid,752,241,0,176,6,target:Boar:5
6043,hunt_start,Sectid,1202,122,1,134,1,target:Lizard:1006
6044,hunt_start,Sectid,27,192,5,222,1,target:Boar:777
6044,hunt_start,Sectid,752,241,1,176,6,target:Boar:5
6044,hunt_start,Sectid,1202,122,1,134,1,target:Lizard:1006
6045,hunt_start,Sectid,27,192,3,222,0,target:Boar:777
6045,hunt_start,Sectid,752,241,1,176,5,target:Boar:5
6045,hunt_start,Sectid,1202,122,1,134,1,target:Lizard:1006
6046,hunt_start,Sectid,27,192,1,221,9,target:Boar:777
6046,hunt_start,Sectid,752,241,2,176,5,target:Boar:5
6046,hunt_start,Sectid,1202,122,1,134,1,target:Lizard:1006
6047,hunt_start,Sectid,27,192,1,221,7,target:Boar:777
6047,hunt_start,Sectid,752,241,3,176,4,target:Boar:5
6047,hunt_start,Sectid,1202,122,1,134,1,target:Lizard:1006
6048,hunt_start,Sectid,27,191,9,221,6,target:Boar:777
6048,hunt_fail,Sectid,489,256,4,137,0,discomfort
6048,hunt_start,Sectid,752,241,4,176,4,target:Boar:5
6048,hunt_start,Sectid,1202,122,1,134,1,target:Lizard:1006
6049,hunt_start,Sectid,27,192,0,221,7,target:Boar:777
6049,hunt_start,Sectid,752,241,5,176,3,target:Boar:5
6049,hunt_start,Sectid,1202,122,1,134,1,target:Lizard:1006
6049,reproduce,Parrot,494,54,4,85,6,offspring:1
6050,starvation,Shroomer,577,92,4,23,7,
6050,hunt_start,Sectid,27,191,8,221,6,target:Boar:777
6050,hunt_start,Jaguar,485,72,8,213,0,target:Tapir:907
6050,hunt_start,Sectid,752,241,6,176,3,target:Boar:5
6050,hunt_start,Sectid,1202,122,1,134,1,target:Lizard:1006
6051,hunt_start,Sectid,27,191,6,221,6,target:Boar:777
6051,hunt_start,Sectid,752,241,7,176,2,target:Boar:5
6051,hunt_start,Sectid,1202,122,1,134,1,target:Lizard:1006
6052,hunt_start,Sectid,27,191,6,221,7,target:Boar:777
6052,hunt_fail,Jaguar,485,72,9,213,0,discomfort
6052,hunt_start,Sectid,752,241,8,176,2,target:Boar:5
6052,hunt_start,Sectid,1202,122,1,134,1,target:Lizard:1006
6053,hunt_start,Sectid,27,191,4,221,8,target:Boar:777
6053,hunt_start,Sectid,752,241,8,176,1,target:Boar:5
6053,hunt_start,Sectid,1202,122,1,134,1,target:Lizard:1006
6054,hunt_start,Sectid,27,191,4,221,9,target:Boar:777
6054,hunt_start,Sectid,752,241,9,176,1,target:Boar:5
6054,hunt_start,Sectid,1202,122,1,134,1,target:Lizard:1006
6055,hunt_start,Sectid,27,191,3,222,1,target:Boar:777
6055,hunt_start,Sectid,752,242,0,176,0,target:Boar:5
6055,hunt_start,Sectid,1202,122,1,134,1,target:Lizard:1006
6056,hunt_start,Sectid,27,191,5,221,9,target:Boar:777
6056,hunt_start,Sectid,752,242,1,176,0,target:Boar:5
6056,hunt_start,Sectid,1202,122,1,134,1,target:Lizard:1006
6057,hunt_start,Sectid,27,191,6,221,8,target:Boar:777
6057,hunt_start,Jaguar,485,73,0,213,0,target:Tapir:907
6057,hunt_start,Sectid,752,242,2,176,0,target:Boar:5
6057,hunt_start,Sectid,1202,122,1,134,1,target:Lizard:1006
6058,hunt_start,Sectid,27,191,7,221,7,target:Boar:777
6058,hunt_start,Sectid,752,242,3,175,9,target:Boar:5
6058,hunt_start,Sectid,1202,122,1,134,1,target:Lizard:1006
6059,hunt_start,Sectid,27,191,6,221,6,target:Boar:777
6059,hunt_start,Sectid,752,242,4,175,9,target:Boar:5
6059,hunt_start,Sectid,1202,122,1,134,1,target:Lizard:1190
6060,hunt_start,Sectid,27,191,5,221,4,target:Boar:777
6060,hunt_fail,Jaguar,485,73,1,213,0,discomfort
6060,hunt_start,Sectid,752,242,5,175,8,target:Boar:5
6060,hunt_start,Sectid,1202,122,1,134,1,target:Lizard:1190
6061,hunt_start,Sectid,27,191,3,221,4,target:Boar:777
6061,hunt_start,Sectid,752,242,5,175,8,target:Boar:5
6061,hunt_start,Sectid,1202,122,1,134,1,target:Lizard:1190
6062,hunt_start,Sectid,27,191,1,221,4,target:Boar:777
6062,hunt_start,Sectid,752,242,6,175,7,target:Boar:5
6062,hunt_start,Sectid,1202,122,1,134,1,target:Lizard:1190
6063,hunt_start,Sectid,27,191,0,221,3,target:Boar:777
6063,hunt_start,Sectid,752,242,7,175,7,target:Boar:5
6063,hunt_start,Sectid,1202,122,1,134,1,target:Lizard:1190
6064,hunt_start,Sectid,27,191,2,221,3,target:Boar:777
6064,hunt_start,Jaguar,485,73,2,213,0,target:Tapir:907
6064,hunt_start,Sectid,752,242,8,175,6,target:Boar:5
6064,hunt_start,Sectid,1202,122,1,134,1,target:Lizard:1190
6065,hunt_start,Sectid,27,191,0,221,2,target:Boar:777
6065,hunt_start,Sectid,752,242,9,175,6,target:Boar:5
6065,kill,Monkey,766,80,0,-0,0,killed_by:Hawk:926
6065,hunt_start,Sectid,1202,122,1,134,1,target:Lizard:1190
6066,hunt_start,Sectid,27,190,9,221,4,target:Boar:777
6066,hunt_start,Sectid,752,243,0,175,5,target:Boar:5
6066,hunt_start,Hawk,926,79,7,0,0,target:Monkey:653
6066,hunt_start,Sectid,1202,122,1,134,1,target:Lizard:1190
6067,hunt_start,Sectid,27,191,0,221,6,target:Boar:777
6067,hunt_start,Sectid,752,243,1,175,5,target:Boar:5
6067,hunt_start,Sectid,1202,122,1,134,1,target:Lizard:1190
6068,hunt_start,Sectid,27,190,9,221,7,target:Boar:777
6068,hunt_start,Sectid,752,243,1,175,4,target:Boar:5
6068,hunt_start,Sectid,1202,122,1,134,1,target:Lizard:1190
6069,hunt_start,Sectid,27,191,0,221,9,target:Boar:777
6069,hunt_fail,Jaguar,485,73,2,213,0,discomfort
6069,hunt_start,Sectid,752,243,2,175,4,target:Boar:5
6069,hunt_start,Sectid,1202,122,1,134,1,target:Lizard:1190
6070,hunt_start,Sectid,27,191,2,221,8,target:Boar:777
6070,hunt_start,Sectid,752,243,3,175,3,target:Boar:5
6070,hunt_start,Sectid,1202,122,1,134,1,target:Lizard:1190
6070,reproduce,Camel,260,112,2,96,0,offspring:1
6071,hunt_start,Sectid,27,191,0,221,7,target:Boar:777
6071,hunt_start,Sectid,752,243,4,175,3,target:Boar:5
6071,hunt_start,Sectid,1202,122,1,134,1,target:Lizard:1190
6072,hunt_start,Sectid,27,190,9,221,5,target:Boar:777
6072,hunt_start,Snake,475,134,9,202,1,target:Monkey:125
6072,hunt_start,Sectid,752,243,5,175,3,target:Boar:5
6072,hunt_start,Sectid,1202,122,1,134,1,target:Lizard:1190
6073,hunt_start,Sectid,27,190,8,221,4,target:Boar:777
6073,hunt_start,Sectid,752,243,6,175,2,target:Boar:5
6073,hunt_start,Sectid,1202,122,1,134,1,target:Lizard:1190
6074,hunt_start,Sectid,27,191,0,221,4,target:Boar:777
6074,hunt_start,Sectid,752,243,7,175,2,target:Boar:5
6074,kill,Penguin,411,288,0,31,8,killed_by:Hawk:824
6074,hunt_start,Sectid,1202,122,1,134,1,target:Lizard:1190
6075,hunt_start,Sectid,27,190,9,221,2,target:Boar:777
6075,hunt_start,Jaguar,485,73,4,213,0,target:Tapir:907
6075,hunt_start,Sectid,752,243,8,175,1,target:Boar:5
6075,hunt_start,Hawk,824,287,2,31,9,target:Penguin:284
6075,hunt_start,Sectid,1202,122,1,134,1,target:Lizard:1190
6076,hunt_start,Sectid,27,190,7,221,3,target:Boar:777
6076,hunt_start,Sectid,752,243,8,175,1,target:Boar:5
6076,hunt_start,Sectid,1202,122,1,134,1,target:Lizard:1190
6077,starvation,Fish,854,106,9,190,6,
6077,hunt_start,Sectid,27,190,9,221,2,target:Boar:777
6077,hunt_fail,Bear,462,116,4,207,2,target_died
6077,hunt_start,Bear,462,116,4,207,2,target:Musk Ox:1140
6077,hunt_start,Sectid,752,243,9,175,0,target:Boar:5
6077,hunt_start,Jaguar,1035,11,4,209,4,target:Boar:1079
6077,hunt_start,Sectid,1202,122,1,134,1,target:Lizard:1190
6078,hunt_start,Sectid,27,190,9,221,4,target:Boar:777
6078,hunt_start,Sectid,752,244,0,175,0,target:Boar:5
6078,hunt_start,Sectid,1202,122,1,134,1,target:Lizard:1190
6079,hunt_start,Sectid,27,190,8,221,3,target:Boar:777
6079,hunt_start,Sectid,752,244,1,174,9,target:Boar:5
6079,hunt_start,Sectid,1202,122,1,134,1,target:Lizard:1190
6080,hunt_start,Sectid,27,190,7,221,1,target:Boar:777
6080,hunt_fail,Jaguar,485,73,4,213,0,discomfort
6080,hunt_fail,Sectid,542,133,9,164,9,discomfort
6080,hunt_start,Sectid,752,244,2,174,9,target:Boar:5
6080,hunt_start,Sectid,1202,122,1,134,1,target:Lizard:1190
6081,hunt_start,Sectid,27,190,5,221,0,target:Boar:777
6081,hunt_start,Sectid,752,244,3,174,8,target:Boar:5
6081,hunt_start,Sectid,1202,122,1,134,1,target:Lizard:1190
6082,hunt_start,Sectid,27,190,6,221,1,target:Boar:777
6082,hunt_start,Sectid,752,244,4,174,8,target:Boar:5
6082,hunt_start,Sectid,1202,122,1,134,1,target:Lizard:1190
6083,hunt_start,Sectid,27,190,7,221,3,target:Boar:777
6083,hunt_start,Sectid,752,244,5,174,7,target:Boar:5
6083,hunt_start,Sectid,1202,122,1,134,1,target:Lizard:1190
6083,reproduce,Hawk,1022,231,5,2,9,offspring:1
6084,hunt_start,Sectid,27,190,7,221,5,target:Boar:777
6084,hunt_start,Sectid,752,244,5,174,7,target:Boar:5
6084,hunt_start,Hawk,766,233,4,3,2,target:Monkey:1110
6084,hunt_start,Hawk,1022,231,5,2,9,target:Monkey:1110
6084,hunt_start,Sectid,1202,122,1,134,1,target:Lizard:1190
6085,hunt_start,Sectid,27,190,9,221,4,target:Boar:777
6085,hunt_start,Sectid,752,244,6,174,6,target:Boar:5
6085,hunt_start,Sectid,1202,122,1,134,1,target:Lizard:1190
6086,hunt_start,Sectid,27,191,1,221,5,target:Boar:777
6086,hunt_start,Sectid,314,58,1,141,5,target:Shroomer:770
6086,hunt_start,Sectid,752,244,7,174,6,target:Boar:5
6086,hunt_start,Sectid,1202,122,1,134,1,target:Lizard:1190
6087,hunt_start,Sectid,27,191,2,221,6,target:Boar:777
6087,hunt_start,Sectid,84,165,1,133,5,target:Turtle:184
6087,hunt_start,Jaguar,485,73,6,213,0,target:Tapir:907
6087,hunt_start,Sectid,752,244,8,174,6,target:Boar:5
6087,hunt_start,Sectid,1202,122,1,134,1,target:Lizard:1190
6088,hunt_start,Sectid,27,191,1,221,5,target:Boar:777
6088,hunt_start,Sectid,84,165,3,133,4,target:Turtle:184
6088,hunt_start,Sectid,752,244,9,174,5,target:Boar:5
6088,hunt_start,Sectid,1202,122,1,134,1,target:Lizard:1190
6089,hunt_start,Sectid,27,191,2,221,6,target:Boar:777
6089,hunt_start,Sectid,84,165,2,133,6,target:Turtle:184
6089,hunt_start,Sectid,752,245,0,174,5,target:Boar:5
6089,hunt_start,Sectid,1202,122,1,134,1,target:Lizard:1190
6089,reproduce,Parrot,663,115,8,185,4,offspring:1
6090,hunt_start,Sectid,27,191,1,221,7,target:Boar:777
6090,hunt_start,Sectid,84,165,3,133,7,target:Turtle:184
6090,hunt_start,Sectid,752,245,1,174,4,target:Boar:5
6090,hunt_start,Sectid,1202,122,1,134,1,target:Lizard:1190
6090,reproduce,Camel,636,63,1,134,8,offspring:1
6090,reproduce,Parrot,767,108,1,160,6,offspring:1
6091,hunt_start,Sectid,27,191,2,221,6,target:Boar:777
6091,hunt_start,Sectid,84,165,5,133,6,target:Turtle:184
6091,hunt_start,Sectid,752,245,2,174,4,target:Boar:5
6091,hunt_start,Sectid,1202,122,1,134,1,target:Lizard:1190
6092,hunt_start,Sectid,27,191,3,221,4,target:Boar:777
6092,hunt_start,Sectid,84,165,6,133,4,target:Turtle:184
6092,hunt_start,Sectid,752,245,2,174,3,target:Boar:5
6092,hunt_start,Sectid,1202,122,1,134,1,target:Lizard:1190
6093,hunt_start,Sectid,27,191,1,221,5,target:Boar:777
6093,hunt_start,Sectid,84,165,8,133,4,target:Turtle:184
6093,hunt_start,Sectid,752,245,3,174,3,target:Boar:5
6093,hunt_start,Sectid,1202,122,1,134,1,target:Lizard:1190
6094,hunt_start,Sectid,27,191,3,221,6,target:Boar:777
6094,hunt_start,Sectid,84,165,6,133,3,target:Turtle:184
6094,hunt_start,Sectid,752,245,4,174,2,target:Boar:5
6094,hunt_start,Sectid,1202,122,1,134,1,target:Lizard:1190
6095,hunt_start,Sectid,27,191,1,221,5,target:Boar:777
6095,hunt_start,Sectid,84,165,8,133,5,target:Turtle:184
6095,hunt_fail,Jaguar,485,73,6,213,0,discomfort
6095,hunt_start,Sectid,752,245,5,174,2,target:Boar:5
6095,hunt_start,Sectid,1202,122,1,134,1,target:Lizard:1190
6096,hunt_start,Sectid,27,191,2,221,7,target:Boar:777
6096,hunt_start,Sectid,84,165,6,133,3,target:Turtle:184
6096,hunt_start,Sectid,752,245,6,174,1,target:Boar:5
6096,hunt_start,Sectid,1202,122,1,134,1,target:Lizard:1190
6096,reproduce,Camel,953,127,6,166,8,offspring:1
6097,hunt_fail,Sectid,25,92,0,119,2,discomfort
6097,hunt_start,Sectid,27,191,1,221,9,target:Boar:777
6097,hunt_start,Sectid,84,165,4,133,3,target:Turtle:184
6097,hunt_start,Sectid,752,245,7,174,1,target:Boar:5
6097,hunt_start,Sectid,1202,122,1,134,1,target:Lizard:1190
6098,hunt_start,Sectid,27,191,0,221,8,target:Boar:777
6098,hunt_start,Sectid,84,165,3,133,5,target:Turtle:184
6098,hunt_start,Sectid,752,245,8,174,0,target:Boar:5
6098,hunt_start,Sectid,1202,122,1,134,1,target:Lizard:1190
6098,reproduce,Elk,194,218,2,252,7,offspring:1
6098,reproduce,Deer,568,64,0,123,1,offspring:1
6099,hunt_start,Sectid,27,191,1,221,9,target:Boar:777
6099,hunt_start,Sectid,84,165,6,133,6,target:Turtle:184
6099,hunt_start,Sectid,752,245,9,174,0,target:Boar:5
6099,hunt_start,Sectid,1202,122,1,134,1,target:Lizard:1190
6100,hunt_start,Sectid,27,191,3,221,9,target:Boar:777
6100,hunt_start,Sectid,84,165,4,133,4,target:Turtle:184
6100,kill,Monkey,731,254,7,18,0,killed_by:Hawk:442
6100,hunt_start,Sectid,752,245,9,173,9,target:Boar:5
6100,hunt_start,Sectid,1202,122,1,134,1,target:Lizard:1190
6101,hunt_start,Sectid,27,191,2,221,7,target:Boar:777
6101,hunt_start,Sectid,84,165,2,133,4,target:Turtle:184
6101,hunt_start,Hawk,442,254,9,18,0,target:Monkey:556
6101,hunt_start,Sectid,752,246,0,173,9,target:Boar:5
6101,hunt_start,Sectid,1202,122,1,134,1,target:Lizard:1190
6102,hunt_start,Sectid,27,191,3,221,6,target:Boar:777
6102,hunt_start,Sectid,84,165,4,133,3,target:Turtle:184
6102,hunt_start,Sectid,752,246,1,173,9,target:Boar:5
6102,hunt_start,Sectid,1202,122,1,134,1,target:Lizard:1190
6103,hunt_start,Sectid,27,191,2,221,4,target:Boar:777
6103,hunt_start,Sectid,84,165,5,133,5,target:Turtle:184
6103,hunt_start,Sectid,752,246,2,173,8,target:Boar:5
6103,hunt_start,Sectid,1202,122,1,134,1,target:Lizard:1190
6104,hunt_start,Sectid,27,191,1,221,6,target:Boar:777
6104,hunt_start,Sectid,84,165,5,133,7,target:Turtle:184
6104,hunt_start,Jaguar,485,73,9,213,0,target:Tapir:907
6104,hunt_start,Sectid,752,246,3,173,8,target:Boar:5
6104,hunt_start,Sectid,1202,122,1,134,1,target:Lizard:1190
6104,kill,Lizard,1190,116,6,133,1,killed_by:Sectid:1214
6105,hunt_start,Sectid,27,191,2,221,4,target:Boar:777
6105,hunt_start,Sectid,84,165,6,133,9,target:Turtle:184
6105,hunt_start,Sectid,752,246,4,173,7,target:Boar:5
6105,hunt_start,Sectid,1202,122,2,134,1,target:Lizard:1006
6106,hunt_start,Sectid,27,191,2,221,6,target:Boar:777
6106,hunt_start,Sectid,84,165,8,134,1,target:Turtle:184
6106,hunt_start,Sectid,752,246,5,173,7,target:Boar:5
6106,hunt_start,Sectid,1202,122,3,134,2,target:Lizard:1006
6107,hunt_start,Sectid,27,191,4,221,5,target:Boar:777
6107,hunt_start,Sectid,84,166,0,134,0,target:Turtle:184
6107,hunt_fail,Sectid,314,53,8,139,3,discomfort
6107,hunt_start,Sectid,752,246,6,173,6,target:Boar:5
6107,hunt_start,Sectid,1202,122,4,134,2,target:Lizard:1006
6108,hunt_start,Sectid,27,191,3,221,6,target:Boar:777
6108,hunt_start,Sectid,84,166,0,134,0,target:Turtle:184
6108,hunt_start,Sectid,752,246,6,173,6,target:Boar:5
6108,hunt_start,Sectid,1202,122,5,134,2,target:Lizard:1006
6109,hunt_start,Sectid,27,191,3,221,8,target:Boar:777
6109,hunt_start,Sectid,84,166,0,133,8,target:Turtle:184
6109,hunt_start,Sectid,752,246,7,173,5,target:Boar:5
6109,hunt_start,Sectid,1202,122,6,134,2,target:Lizard:1006
6110,hunt_start,Sectid,27,191,4,221,6,target:Boar:777
6110,hunt_start,Sectid,84,165,9,133,5,target:Turtle:184
6110,hunt_start,Sectid,752,246,8,173,5,target:Boar:5
6110,hunt_start,Sectid,1202,122,7,134,2,target:Lizard:1006
6111,hunt_start,Sectid,27,191,5,221,8,target:Boar:777
6111,hunt_start,Sectid,84,166,0,133,3,target:Turtle:184
6111,hunt_start,Sectid,752,246,9,173,4,target:Boar:5
6111,hunt_start,Sectid,1202,122,8,134,2,target:Lizard:1006
6112,hunt_start,Sectid,27,191,5,221,6,target:Boar:777
6112,hunt_start,Sectid,84,166,0,133,6,target:Turtle:184
6112,hunt_start,Sectid,752,247,0,173,4,target:Boar:5
6112,hunt_start,Sectid,1202,122,9,134,2,target:Lizard:1006
6113,hunt_start,Sectid,27,191,6,221,5,target:Boar:777
6113,hunt_start,Sectid,84,166,2,133,4,target:Turtle:184
6113,hunt_start,Sectid,752,247,1,173,3,target:Boar:5
6113,hunt_start,Sectid,1202,123,0,134,2,target:Lizard:1006
6114,hunt_start,Sectid,27,191,5,221,4,target:Boar:777
6114,hunt_start,Sectid,84,166,0,133,5,target:Turtle:184
6114,hunt_fail,Jaguar,485,73,9,213,0,discomfort
6114,hunt_start,Sectid,752,247,2,173,3,target:Boar:5
6115,hunt_start,Sectid,27,191,6,221,3,target:Boar:777
6115,hunt_start,Sectid,84,165,8,133,6,target:Turtle:184
6115,hunt_start,Sectid,752,247,3,173,2,target:Boar:5
6116,hunt_start,Sectid,27,191,8,221,3,target:Boar:777
6116,hunt_start,Sectid,84,166,0,133,7,target:Turtle:184
6116,hunt_start,Sectid,752,247,3,173,2,target:Boar:5
6117,hunt_start,Sectid,27,191,7,221,4,target:Boar:777
6117,hunt_start,Sectid,84,165,8,133,8,target:Turtle:184
6117,hunt_start,Sectid,752,247,4,173,2,target:Boar:5
6118,hunt_start,Sectid,27,191,9,221,5,target:Boar:777
6118,hunt_start,Sectid,84,165,6,133,7,target:Turtle:184
6118,hunt_start,Sectid,752,247,5,173,1,target:Boar:5
6119,hunt_start,Sectid,27,191,8,221,3,target:Boar:777
6119,hunt_start,Sectid,84,165,7,133,9,target:Turtle:184
6119,hunt_start,Sectid,752,247,6,173,1,target:Boar:5
6120,hunt_start,Sectid,27,191,9,221,5,target:Boar:777
6120,hunt_start,Sectid,84,165,9,134,1,target:Turtle:184
6120,hunt_start,Sectid,752,247,7,173,0,target:Boar:5
6121,hunt_start,Sectid,27,191,8,221,6,target:Boar:777
6121,hunt_start,Sectid,84,165,9,134,1,target:Turtle:184
6121,hunt_start,Sectid,752,247,8,173,0,target:Boar:5
6122,hunt_start,Sectid,27,191,8,221,7,target:Boar:777
6122,hunt_start,Sectid,84,165,9,134,1,target:Turtle:184
6122,hunt_start,Sectid,752,247,9,172,9,target:Boar:5
6123,hunt_start,Sectid,27,191,8,221,7,target:Boar:777
6123,hunt_start,Sectid,84,165,9,134,1,target:Turtle:184
6123,hunt_start,Sectid,752,248,0,172,9,target:Boar:5
6124,hunt_start,Sectid,84,165,9,134,1,target:Turtle:184
6124,hunt_start,Sectid,752,248,0,172,8,target:Boar:5
6125,hunt_start,Sectid,84,165,9,134,1,target:Turtle:184
6125,hunt_start,Jaguar,485,74,3,213,0,target:Parrot:903
6125,hunt_start,Sectid,752,248,1,172,8,target:Boar:5
6126,hunt_start,Sectid,84,165,9,134,1,target:Turtle:184
6126,hunt_start,Sectid,752,248,2,172,7,target:Boar:5
6127,hunt_start,Sectid,84,165,9,134,1,target:Turtle:184
6127,hunt_start,Sectid,752,248,3,172,7,target:Boar:5
6128,hunt_start,Sectid,84,165,9,134,1,target:Turtle:184
6128,hunt_start,Sectid,752,248,4,172,6,target:Boar:5
6129,hunt_start,Sectid,84,165,9,134,1,target:Turtle:184
6129,hunt_start,Sectid,752,248,5,172,6,target:Boar:5
6130,hunt_start,Sectid,84,165,9,134,1,target:Turtle:184
6130,hunt_start,Sectid,752,248,6,172,5,target:Boar:5
6131,hunt_start,Sectid,27,191,8,221,7,target:Boar:777
6131,hunt_start,Sectid,84,165,9,134,1,target:Turtle:184
6131,hunt_start,Sectid,752,248,6,172,5,target:Boar:5
6132,hunt_start,Sectid,27,191,8,221,7,target:Boar:777
6132,hunt_start,Sectid,84,165,9,134,1,target:Turtle:184
6132,hunt_start,Sectid,752,248,7,172,5,target:Boar:5
6133,hunt_start,Sectid,16,221,2,229,7,target:Frog:587
6133,hunt_start,Sectid,27,191,8,221,7,target:Boar:777
6133,hunt_start,Sectid,84,165,9,134,1,target:Turtle:184
6133,hunt_start,Wolf,430,162,4,127,4,target:Turtle:184
6133,hunt_start,Sectid,752,248,8,172,4,target:Boar:5
6134,hunt_start,Sectid,16,221,1,229,7,target:Frog:587
6134,hunt_start,Sectid,27,191,8,221,7,target:Boar:777
6134,hunt_start,Sectid,84,165,9,134,1,target:Turtle:184
6134,hunt_start,Sectid,752,248,9,172,4,target:Boar:5
6135,hunt_start,Sectid,27,191,8,221,7,target:Boar:777
6135,hunt_start,Sectid,84,165,9,134,1,target:Turtle:184
6135,hunt_start,Sectid,752,249,0,172,3,target:Boar:5
6136,hunt_start,Sectid,27,191,8,221,7,target:Boar:777
6136,hunt_start,Sectid,84,165,9,134,1,target:Turtle:184
6136,hunt_start,Sectid,752,249,1,172,3,target:Boar:5
6137,hunt_start,Sectid,27,191,8,221,7,target:Boar:777
6137,hunt_start,Sectid,84,165,9,133,9,target:Turtle:184
6137,hunt_fail,Jaguar,485,74,6,213,0,discomfort
6137,hunt_start,Sectid,752,249,2,172,2,target:Boar:5
6138,hunt_start,Sectid,27,191,8,221,7,target:Boar:777
6138,hunt_start,Sectid,84,165,6,133,9,target:Turtle:184
6138,hunt_start,Sectid,752,249,3,172,2,target:Boar:5
6139,hunt_start,Sectid,27,191,8,221,7,target:Boar:777
6139,hunt_start,Sectid,84,165,8,134,0,target:Turtle:184
6139,hunt_start,Sectid,752,249,3,172,1,target:Boar:5
6140,hunt_start,Sectid,27,191,8,221,7,target:Boar:777
6140,hunt_start,Sectid,84,165,7,134,3,target:Turtle:184
6140,hunt_start,Sectid,752,249,4,172,1,target:Boar:5
6141,hunt_start,Sectid,27,191,8,221,7,target:Boar:777
6141,hunt_start,Sectid,84,165,7,134,3,target:Turtle:184
6141,hunt_start,Sectid,752,249,5,172,0,target:Boar:5
6141,kill,Shroomer,1131,134,0,165,8,killed_by:Sectid:977
6142,hunt_start,Sectid,27,191,8,221,7,target:Boar:777
6142,hunt_start,Sectid,84,165,9,134,4,target:Turtle:184
6142,hunt_fail,Sectid,105,133,7,164,3,target_died
6142,hunt_start,Sectid,105,133,7,164,3,target:Shroomer:398
6142,hunt_fail,Sectid,705,133,9,164,8,target_died
6142,hunt_start,Sectid,752,249,6,172,0,target:Boar:5
6142,hunt_fail,Sectid,1019,131,7,154,7,target_died
6142,hunt_start,Sectid,1019,131,7,154,7,target:Monkey:823
6142,hunt_fail,Sectid,1039,131,6,154,1,target_died
6142,hunt_fail,Sectid,1149,131,2,150,9,target_died
6143,hunt_start,Sectid,27,191,8,221,7,target:Boar:777
6143,hunt_start,Sectid,84,165,9,134,4,target:Turtle:184
6143,hunt_start,Sectid,489,258,4,142,6,target:Rabbit:704
6143,hunt_start,Sectid,752,249,7,171,9,target:Boar:5
6144,hunt_start,Sectid,84,165,9,134,4,target:Turtle:184
6144,hunt_start,Sectid,752,249,8,171,9,target:Boar:5
6144,reproduce,Elk,384,14,9,184,8,offspring:1
6144,reproduce,Elk,514,12,8,188,2,offspring:1
6145,hunt_start,Sectid,84,165,9,134,4,target:Turtle:184
6145,hunt_start,Sectid,752,249,9,171,9,target:Boar:5
6146,hunt_start,Sectid,27,191,8,221,7,target:Boar:777
6146,hunt_start,Sectid,84,165,9,134,4,target:Turtle:184
6146,hunt_start,Sectid,752,250,0,171,8,target:Boar:5
6146,reproduce,Musk Ox,292,233,4,196,9,offspring:1
6147,hunt_start,Sectid,27,191,8,221,7,target:Boar:777
6147,hunt_start,Sectid,84,165,9,134,4,target:Turtle:184
6147,hunt_fail,Sectid,705,133,8,164,4,discomfort
6147,hunt_start,Sectid,752,250,0,171,8,target:Boar:5
6147,hunt_fail,Sectid,977,133,9,164,8,discomfort
6148,hunt_start,Sectid,84,165,9,134,2,target:Turtle:184
6148,hunt_start,Sectid,752,250,1,171,7,target:Boar:5
6149,hunt_start,Sectid,27,191,8,221,7,target:Boar:777
6149,hunt_start,Sectid,84,166,1,134,2,target:Turtle:184
6149,hunt_start,Sectid,752,250,2,171,7,target:Boar:5
6150,hunt_start,Sectid,27,191,8,221,7,target:Boar:777
6150,hunt_start,Sectid,84,166,1,134,0,target:Turtle:184
6150,hunt_start,Sectid,752,250,3,171,6,target:Boar:5
6151,hunt_start,Sectid,27,191,8,221,7,target:Boar:777
6151,hunt_start,Sectid,84,165,9,133,9,target:Turtle:184
6151,hunt_start,Sectid,752,250,4,171,6,target:Boar:5
6152,hunt_start,Sectid,27,191,8,221,7,target:Boar:777
6152,hunt_start,Sectid,84,165,7,134,0,target:Turtle:184
6152,hunt_start,Sectid,752,250,5,171,5,target:Boar:5
6152,kill,Penguin,121,43,0,36,2,killed_by:Hawk:1209
6153,hunt_start,Sectid,27,191,8,221,7,target:Boar:777
6153,hunt_start,Sectid,84,165,9,134,0,target:Turtle:184
6153,hunt_fail,Hawk,464,43,2,36,0,target_died
6153,hunt_start,Hawk,464,43,2,36,0,target:Penguin:1005
6153,hunt_start,Sectid,752,250,6,171,5,target:Boar:5
6153,hunt_start,Hawk,1209,43,2,36,4,target:Penguin:1005
6154,environment_death,Sectid,25,94,4,120,2,drowning
6154,hunt_start,Sectid,27,191,8,221,7,target:Boar:777
6154,hunt_start,Sectid,84,165,7,134,1,target:Turtle:184
6154,hunt_start,Sectid,752,250,7,171,4,target:Boar:5
6155,hunt_start,Sectid,27,191,8,221,7,target:Boar:777
6155,hunt_start,Sectid,84,165,8,133,9,target:Turtle:184
6155,hunt_start,Sectid,752,250,7,171,4,target:Boar:5
6156,hunt_start,Sectid,27,191,8,221,7,target:Boar:777
6156,hunt_start,Sectid,84,166,0,134,0,target:Turtle:184
6156,hunt_start,Sectid,752,250,8,171,3,target:Boar:5
6157,hunt_start,Sectid,27,191,8,221,7,target:Boar:777
6157,hunt_start,Sectid,84,166,1,133,7,target:Turtle:184
6157,hunt_start,Sectid,752,250,9,171,3,target:Boar:5
6158,hunt_start,Sectid,84,166,0,133,5,target:Turtle:184
6158,hunt_start,Sectid,752,251,0,171,2,target:Boar:5
6158,hunt_fail,Sectid,992,195,9,217,8,discomfort
6159,hunt_start,Sectid,27,191,8,221,7,target:Boar:777
6159,hunt_start,Sectid,84,166,0,133,7,target:Turtle:184
6159,hunt_start,Sectid,752,251,1,171,2,target:Boar:5
6160,hunt_start,Sectid,27,191,8,221,7,target:Boar:777
6160,hunt_start,Sectid,84,166,0,133,5,target:Turtle:184
6160,hunt_start,Sectid,752,251,2,171,2,target:Boar:5
6161,hunt_start,Sectid,27,191,8,221,7,target:Boar:777
6161,hunt_start,Sectid,84,166,2,133,7,target:Turtle:184
6161,hunt_start,Sectid,752,251,3,171,1,target:Boar:5
6161,reproduce,Parrot,95,56,8,55,3,offspring:1
6162,hunt_start,Sectid,27,191,8,221,7,target:Boar:777
6162,hunt_start,Sectid,84,166,2,133,4,target:Turtle:184
6162,hunt_start,Sectid,752,251,4,171,1,target:Boar:5
6163,hunt_start,Sectid,27,191,8,221,7,target:Boar:777
6163,hunt_start,Sectid,84,166,1,133,2,target:Turtle:184
6163,kill,Musk Ox,1140,115,4,211,6,killed_by:Bear:462
6163,hunt_start,Sectid,752,251,4,171,0,target:Boar:5
6164,hunt_start,Sectid,27,191,8,221,7,target:Boar:777
6164,hunt_start,Sectid,84,166,4,133,2,target:Turtle:184
6164,hunt_start,Sectid,752,251,5,171,0,target:Boar:5
6165,hunt_start,Sectid,27,191,8,221,7,target:Boar:777
6165,hunt_start,Sectid,84,166,5,133,5,target:Turtle:184
6165,hunt_start,Sectid,752,251,6,170,9,target:Boar:5
6165,reproduce,Tapir,710,58,0,93,5,offspring:1
6166,hunt_start,Sectid,27,191,8,221,7,target:Boar:777
6166,hunt_start,Sectid,84,166,4,133,7,target:Turtle:184
6166,hunt_start,Sectid,752,251,7,170,9,target:Boar:5
6166,reproduce,Frog,163,182,7,66,3,offspring:2
6167,hunt_start,Sectid,27,191,8,221,7,target:Boar:777
6167,hunt_start,Sectid,84,166,2,133,7,target:Turtle:184
6167,hunt_start,Sectid,752,251,8,170,8,target:Boar:5
6168,hunt_start,Sectid,27,191,8,221,7,target:Boar:777
6168,hunt_start,Sectid,84,166,1,133,9,target:Turtle:184
6168,hunt_start,Sectid,752,251,9,170,8,target:Boar:5
6169,hunt_start,Sectid,27,191,8,221,7,target:Boar:777
6169,hunt_start,Sectid,84,166,3,133,8,target:Turtle:184
6169,hunt_start,Sectid,752,252,0,170,7,target:Boar:5
6170,hunt_start,Sectid,27,191,8,221,7,target:Boar:777
6170,hunt_start,Sectid,84,166,5,133,8,target:Turtle:184
6170,hunt_start,Sectid,752,252,1,170,7,target:Boar:5
6171,hunt_start,Sectid,27,191,8,221,7,target:Boar:777
6171,hunt_start,Sectid,84,166,7,133,9,target:Turtle:184
6171,hunt_start,Sectid,752,252,1,170,6,target:Boar:5
6172,hunt_start,Sectid,27,191,8,221,7,target:Boar:777
6172,hunt_start,Sectid,752,252,2,170,6,target:Boar:5
6173,hunt_start,Sectid,27,191,8,221,7,target:Boar:777
6173,hunt_start,Sectid,84,166,3,133,7,target:Turtle:184
6173,hunt_start,Sectid,752,252,3,170,5,target:Boar:5
6173,reproduce,Camel,367,27,6,112,3,offspring:1
6174,hunt_start,Sectid,27,191,8,221,7,target:Boar:777
6174,hunt_start,Sectid,84,166,1,133,7,target:Turtle:184
6174,hunt_start,Sectid,752,252,4,170,5,target:Boar:5
6175,hunt_start,Sectid,27,191,8,221,7,target:Boar:777
6175,hunt_start,Sectid,84,166,0,133,5,target:Turtle:184
6175,hunt_start,Sectid,752,252,5,170,4,target:Boar:5
6176,hunt_start,Sectid,27,191,8,221,7,target:Boar:777
6176,hunt_start,Sectid,84,166,1,133,7,target:Turtle:184
6176,hunt_start,Sectid,752,252,6,170,4,target:Boar:5
6177,hunt_start,Sectid,27,191,8,221,7,target:Boar:777
6177,hunt_start,Sectid,84,166,2,133,9,target:Turtle:184
6177,hunt_start,Sectid,752,252,7,170,3,target:Boar:5
6178,hunt_start,Sectid,27,191,8,221,7,target:Boar:777
6178,hunt_start,Sectid,752,252,8,170,3,target:Boar:5
6179,hunt_start,Sectid,27,191,8,221,7,target:Boar:777
6179,hunt_start,Sectid,752,252,9,170,2,target:Boar:5
6180,hunt_start,Sectid,27,191,8,221,7,target:Boar:777
6180,hunt_start,Sectid,84,166,1,133,2,target:Turtle:184
6180,hunt_start,Sectid,752,253,0,170,2,target:Boar:5
6181,hunt_start,Sectid,27,191,8,221,7,target:Boar:777
6181,hunt_start,Sectid,84,166,2,133,4,target:Turtle:184
6181,hunt_start,Sectid,752,253,1,170,1,target:Boar:5
6182,hunt_start,Sectid,27,191,8,221,7,target:Boar:777
6182,hunt_start,Sectid,84,166,1,133,2,target:Turtle:184
6183,hunt_start,Sectid,27,191,8,221,7,target:Boar:777
6183,hunt_start,Sectid,84,166,0,133,0,target:Turtle:184
6184,hunt_start,Sectid,27,191,8,221,7,target:Boar:777
6185,hunt_start,Sectid,27,191,8,221,7,target:Boar:777
6185,hunt_start,Sectid,84,166,0,133,1,target:Turtle:184
6187,hunt_start,Sectid,27,191,8,221,7,target:Boar:777
6187,hunt_start,Sectid,84,165,7,133,3,target:Turtle:184
6188,hunt_start,Sectid,27,191,8,221,7,target:Boar:777
6189,hunt_start,Sectid,27,191,8,221,7,target:Boar:777
6189,hunt_start,Sectid,84,165,8,133,3,target:Turtle:184
6190,hunt_start,Sectid,27,191,8,221,7,target:Boar:777
6190,hunt_start,Sectid,84,165,8,133,5,target:Turtle:184
6192,hunt_start,Sectid,84,166,0,133,7,target:Turtle:184
6193,hunt_start,Sectid,27,191,8,221,7,target:Boar:777
6194,hunt_start,Sectid,27,191,8,221,7,target:Boar:777
6195,hunt_start,Sectid,27,191,8,221,7,target:Boar:777
6195,hunt_start,Sectid,84,165,7,133,7,target:Turtle:184
6196,hunt_start,Sectid,27,191,8,221,7,target:Boar:777
6196,hunt_start,Sectid,84,166,0,133,7,target:Turtle:184
6197,hunt_start,Sectid,27,191,8,221,7,target:Boar:777
6197,hunt_start,Sectid,84,166,0,133,4,target:Turtle:184
6198,hunt_start,Sectid,27,191,8,221,7,target:Boar:777
6198,hunt_start,Sectid,84,165,7,133,5,target:Turtle:184
6198,reproduce,Monkey,171,64,0,174,9,offspring:1
6199,hunt_start,Sectid,27,191,8,221,7,target:Boar:777
6200,hunt_start,Sectid,27,191,8,221,7,target:Boar:777
6201,hunt_start,Sectid,27,191,8,221,7,target:Boar:777
6201,hunt_start,Sectid,84,165,2,133,3,target:Turtle:184
6202,hunt_start,Sectid,27,191,8,221,7,target:Boar:777
6202,hunt_start,Sectid,84,164,9,133,4,target:Turtle:184
6203,environment_death,Monkey,333,62,8,33,9,drowning
6203,hunt_start,Sectid,27,191,8,221,7,target:Boar:777
6203,hunt_start,Sectid,84,164,7,133,3,target:Turtle:184
6203,kill,Penguin,1005,37,8,37,3,killed_by:Hawk:464
6203,reproduce,Monkey,1072,50,6,40,8,offspring:1
6204,hunt_start,Sectid,27,191,8,221,7,target:Boar:777
6204,hunt_start,Sectid,84,164,9,133,2,target:Turtle:184
6204,hunt_start,Hawk,464,37,9,37,0,target:Penguin:879
6204,hunt_fail,Hawk,1209,38,1,37,4,target_died
6204,hunt_start,Hawk,1209,38,1,37,4,target:Penguin:879
6205,hunt_start,Sectid,27,191,8,221,7,target:Boar:777
6205,hunt_start,Sectid,84,165,1,133,1,target:Turtle:184
6206,hunt_start,Sectid,27,191,8,221,7,target:Boar:777
6206,hunt_start,Sectid,84,165,1,133,3,target:Turtle:184
6207,hunt_start,Sectid,27,191,8,221,7,target:Boar:777
6207,hunt_start,Sectid,84,165,0,133,1,target:Turtle:184
6208,hunt_start,Sectid,27,191,8,221,7,target:Boar:777
6208,hunt_start,Sectid,84,164,9,133,3,target:Turtle:184
6209,hunt_start,Sectid,27,191,8,221,7,target:Boar:777
6209,hunt_start,Sectid,84,165,1,133,4,target:Turtle:184
6210,hunt_start,Sectid,27,191,8,221,7,target:Boar:777
6210,hunt_start,Sectid,84,165,1,133,2,target:Turtle:184
6211,hunt_start,Sectid,84,164,9,133,4,target:Turtle:184
6211,reproduce,Parrot,1135,101,7,230,5,offspring:1
6212,hunt_start,Sectid,84,164,8,133,5,target:Turtle:184
6212,kill,Rabbit,200,86,7,21,0,killed_by:Hawk:967
6213,hunt_start,Sectid,84,165,0,133,7,target:Turtle:184
6213,hunt_start,Hawk,967,86,5,21,1,target:Rabbit:872
6214,hunt_start,Sectid,84,165,0,133,9,target:Turtle:184
6215,hunt_start,Sectid,84,165,1,134,1,target:Turtle:184
6216,hunt_start,Sectid,84,165,3,134,2,target:Turtle:184
6217,hunt_start,Sectid,84,165,2,134,4,target:Turtle:184
6218,hunt_start,Sectid,84,165,3,134,1,target:Turtle:184
6219,starvation,Elk,892,28,9,165,8,
6219,hunt_start,Sectid,84,165,1,134,0,target:Turtle:184
6220,hunt_start,Sectid,84,164,9,133,9,target:Turtle:184
6220,reproduce,Monkey,857,62,9,168,5,offspring:1
6221,hunt_start,Sectid,84,164,6,133,9,target:Turtle:184
6222,hunt_start,Sectid,84,164,4,133,9,target:Turtle:184
6223,hunt_start,Sectid,84,164,4,133,7,target:Turtle:184
6223,kill,Penguin,284,271,7,44,5,killed_by:Hawk:824
6224,hunt_start,Sectid,84,164,2,133,6,target:Turtle:184
6225,hunt_start,Sectid,84,164,2,133,4,target:Turtle:184
6226,hunt_start,Sectid,84,164,4,133,6,target:Turtle:184
6227,hunt_start,Sectid,27,192,0,218,7,target:Boar:777
6227,hunt_start,Sectid,84,164,2,133,5,target:Turtle:184
6227,kill,Tapir,1171,62,3,212,9,killed_by:Jaguar:796
6228,hunt_start,Sectid,27,192,0,218,9,target:Boar:777
6228,hunt_start,Sectid,84,164,3,133,7,target:Turtle:184
6228,hunt_start,Sectid,314,57,6,142,0,target:Shroomer:770
6228,hunt_start,Sectid,496,165,2,137,1,target:Turtle:184
6229,hunt_start,Sectid,27,191,8,219,0,target:Boar:777
6229,hunt_start,Sectid,84,164,4,133,9,target:Turtle:184
6230,hunt_start,Sectid,27,191,9,219,1,target:Boar:777
6230,hunt_start,Sectid,84,164,6,134,0,target:Turtle:184
6231,hunt_start,Sectid,27,192,1,219,2,target:Boar:777
6231,hunt_start,Sectid,84,164,5,134,2,target:Turtle:184
6231,reproduce,Elk,513,188,3,138,6,offspring:1
6231,reproduce,Elk,647,189,3,132,7,offspring:1
6232,hunt_start,Sectid,27,192,0,219,3,target:Boar:777
6232,hunt_start,Sectid,84,164,6,134,0,target:Turtle:184
6233,hunt_start,Sectid,84,164,6,133,8,target:Wolf:431
6234,hunt_start,Sectid,27,191,7,219,4,target:Boar:777
6234,hunt_start,Sectid,84,164,4,134,0,target:Wolf:431
6235,hunt_start,Sectid,27,191,6,219,6,target:Boar:777
6235,hunt_start,Sectid,84,164,2,134,1,target:Turtle:184
6236,hunt_start,Sectid,84,164,3,133,9,target:Turtle:184
6237,hunt_start,Sectid,27,191,6,219,9,target:Boar:777
6237,hunt_start,Sectid,84,164,4,134,1,target:Turtle:184
6238,hunt_start,Sectid,27,191,6,219,9,target:Boar:777
6238,hunt_start,Sectid,84,164,6,134,3,target:Turtle:184
6239,hunt_start,Sectid,27,191,6,219,9,target:Boar:777
6239,hunt_start,Sectid,84,164,6,134,5,target:Turtle:184
6240,hunt_start,Sectid,27,191,6,219,9,target:Boar:777
6240,hunt_start,Sectid,84,164,4,134,4,target:Turtle:184
6240,hunt_fail,Sectid,489,260,5,149,0,discomfort
6240,reproduce,Deer,557,209,8,89,2,offspring:1
6240,reproduce,Monkey,959,96,0,94,9,offspring:1
6241,hunt_start,Sectid,27,191,6,219,9,target:Boar:777
6241,hunt_start,Sectid,84,164,4,134,6,target:Turtle:184
6242,hunt_start,Sectid,84,164,6,134,6,target:Turtle:184
6243,hunt_start,Sectid,27,191,6,219,9,target:Boar:777
6243,hunt_start,Sectid,84,164,5,134,3,target:Turtle:184
6244,hunt_start,Sectid,27,191,5,220,1,target:Boar:777
6244,hunt_start,Sectid,84,164,7,134,2,target:Turtle:184
6244,kill,Monkey,653,74,1,26,0,killed_by:Hawk:926
6244,reproduce,Deer,881,24,6,46,0,offspring:1
6245,hunt_start,Sectid,27,191,5,220,1,target:Boar:777
6245,hunt_start,Sectid,84,164,9,134,0,target:Wolf:431
6245,hunt_start,Hawk,926,74,2,25,8,target:Rabbit:925
6246,hunt_start,Sectid,27,191,5,220,1,target:Boar:777
6246,hunt_start,Sectid,84,164,7,134,0,target:Wolf:430
6247,hunt_start,Sectid,27,191,5,220,1,target:Boar:777
6247,hunt_start,Sectid,84,164,7,134,2,target:Wolf:430
6248,hunt_start,Sectid,84,164,5,134,4,target:Wolf:430
6249,hunt_start,Sectid,27,191,5,220,1,target:Boar:777
6249,hunt_start,Sectid,84,164,8,134,3,target:Wolf:431
6249,hunt_start,Sectid,1232,128,1,137,7,target:Deer:650
6250,hunt_start,Sectid,27,191,4,220,2,target:Boar:777
6250,hunt_start,Sectid,84,164,5,134,3,target:Wolf:431
6250,hunt_fail,Sectid,314,53,4,139,3,discomfort
6251,hunt_start,Sectid,84,164,6,134,0,target:Wolf:431
6252,hunt_start,Sectid,27,191,4,220,2,target:Boar:777
6252,hunt_start,Sectid,84,164,6,133,8,target:Wolf:430
6253,hunt_start,Sectid,27,191,4,220,2,target:Boar:777
6253,hunt_start,Sectid,84,164,6,133,6,target:Wolf:430
6254,hunt_start,Sectid,27,191,4,220,2,target:Boar:777
6254,hunt_start,Sectid,84,164,4,133,5,target:Wolf:430
6255,hunt_start,Sectid,84,164,2,133,6,target:Wolf:430
6255,kill,Turtle,184,163,2,134,5,killed_by:Wolf:431
6256,hunt_start,Sectid,27,191,4,220,2,target:Boar:777
6256,hunt_start,Sectid,84,164,5,133,6,target:Wolf:431
6256,hunt_fail,Wolf,430,163,4,134,0,target_died
6257,hunt_start,Sectid,27,191,4,220,2,target:Boar:777
6257,hunt_start,Sectid,84,164,4,133,8,target:Wolf:431
6258,hunt_start,Sectid,27,191,4,220,4,target:Boar:777
6258,hunt_start,Sectid,84,164,2,133,7,target:Wolf:431
6259,hunt_start,Sectid,84,164,0,133,8,target:Wolf:430
6260,hunt_start,Sectid,27,191,4,220,4,target:Boar:777
6260,hunt_start,Sectid,84,164,2,133,6,target:Wolf:430
6261,hunt_start,Sectid,27,191,4,220,4,target:Boar:777
6261,hunt_start,Sectid,84,164,4,133,7,target:Wolf:430
6262,starvation,Frog,790,23,5,252,5,
6262,hunt_start,Sectid,25,274,4,143,9,target:Rabbit:683
6262,hunt_start,Sectid,27,191,4,220,4,target:Boar:777
6262,hunt_start,Sectid,84,164,3,133,9,target:Wolf:430
6263,hunt_start,Sectid,84,164,1,133,8,target:Wolf:430
6264,hunt_start,Sectid,27,191,4,220,3,target:Boar:777
6264,hunt_start,Sectid,84,164,0,133,6,target:Wolf:430
6265,hunt_start,Sectid,27,191,5,220,5,target:Boar:777
6265,hunt_start,Sectid,84,163,9,133,4,target:Wolf:430
6266,hunt_start,Sectid,84,164,0,133,2,target:Wolf:430
6267,hunt_start,Sectid,27,191,7,220,4,target:Boar:777
6267,hunt_start,Sectid,84,163,8,133,2,target:Wolf:430
6268,hunt_start,Sectid,27,191,6,220,5,target:Boar:777
6268,hunt_start,Sectid,84,164,1,133,2,target:Wolf:430
6268,hunt_fail,Sectid,1202,123,7,158,2,discomfort
6269,hunt_start,Sectid,27,191,6,220,7,target:Boar:777
6269,hunt_start,Sectid,84,164,0,133,5,target:Wolf:430
6270,hunt_start,Sectid,84,163,9,133,7,target:Wolf:430
6271,hunt_start,Sectid,84,164,1,133,8,target:Wolf:430
6272,hunt_start,Sectid,27,191,5,220,5,target:Boar:777
6272,hunt_start,Sectid,84,164,2,133,6,target:Wolf:430
6273,hunt_start,Sectid,27,191,4,220,6,target:Boar:777
6273,hunt_start,Sectid,84,164,0,133,7,target:Wolf:430
6274,hunt_start,Sectid,27,191,3,220,7,target:Boar:777
6274,hunt_start,Sectid,84,164,2,133,6,target:Wolf:430
6275,hunt_start,Sectid,84,164,2,133,8,target:Wolf:431
6275,kill,Rabbit,683,261,5,140,8,killed_by:Hawk:548
6276,hunt_fail,Sectid,25,271,3,143,0,target_died
6276,hunt_start,Sectid,25,271,3,143,0,target:Hawk:548
6276,hunt_start,Sectid,27,191,4,220,6,target:Boar:777
6276,hunt_start,Sectid,84,164,3,133,6,target:Wolf:430
6276,hunt_start,Sectid,522,85,3,165,6,target:Boar:836
6276,hunt_start,Hawk,548,261,5,140,5,target:Rabbit:704
6276,reproduce,Elk,137,236,0,137,5,offspring:1
6276,reproduce,Elk,204,236,3,129,5,offspring:1
6277,hunt_start,Sectid,27,191,3,220,8,target:Boar:777
6277,hunt_start,Sectid,84,164,5,133,7,target:Wolf:431
6277,hunt_start,Sectid,522,85,3,165,6,target:Boar:836
6278,environment_death,Lizard,236,186,8,246,3,drowning
6278,hunt_start,Sectid,84,164,5,133,5,target:Wolf:431
6278,hunt_start,Sectid,522,85,3,165,6,target:Boar:836
6278,hunt_fail,Wolf,749,180,6,245,0,target_died
6278,hunt_start,Wolf,749,180,6,245,0,target:Lizard:520
6279,hunt_start,Sectid,27,191,2,220,6,target:Boar:777
6279,hunt_start,Sectid,84,164,7,133,4,target:Wolf:431
6279,hunt_start,Sectid,522,85,3,165,6,target:Boar:836
6280,hunt_start,Sectid,27,191,3,220,8,target:Boar:777
6280,hunt_start,Sectid,84,164,5,133,4,target:Wolf:431
6280,hunt_start,Sectid,522,85,3,165,6,target:Boar:836
6281,hunt_start,Sectid,27,191,1,220,8,target:Boar:777
6281,hunt_start,Sectid,84,164,6,133,2,target:Wolf:430
6281,kill,Penguin,879,45,4,39,9,killed_by:Hawk:464
6281,hunt_start,Sectid,522,85,3,165,6,target:Boar:836
6282,hunt_start,Sectid,27,191,0,220,9,target:Boar:777
6282,hunt_start,Sectid,84,164,4,133,1,target:Wolf:430
6282,kill,Monkey,556,246,9,43,0,killed_by:Hawk:442
6282,hunt_start,Sectid,522,85,3,165,6,target:Boar:836
6282,hunt_fail,Hawk,1209,45,5,40,2,target_died
6282,hunt_start,Hawk,1209,45,5,40,2,target:Penguin:1187
6283,hunt_start,Sectid,27,191,0,220,9,target:Boar:777
6283,hunt_start,Sectid,84,164,6,133,0,target:Wolf:430
6283,hunt_start,Hawk,442,246,9,42,7,target:Rabbit:1125
6284,hunt_start,Sectid,27,191,0,220,9,target:Boar:777
6284,hunt_start,Sectid,84,164,4,133,0,target:Wolf:430
6285,hunt_start,Sectid,27,190,8,220,9,target:Boar:777
6285,hunt_start,Sectid,84,164,6,133,1,target:Wolf:430
6285,hunt_fail,Sectid,1214,123,9,158,6,discomfort
6286,hunt_start,Sectid,84,164,5,132,9,target:Wolf:430
6286,reproduce,Turtle,188,41,3,212,1,offspring:1
6287,hunt_start,Sectid,27,190,9,220,9,target:Boar:777
6287,hunt_start,Sectid,84,164,6,133,1,target:Wolf:430
6288,hunt_start,Sectid,27,190,8,221,0,target:Boar:777
6288,hunt_start,Sectid,84,164,5,133,3,target:Wolf:431
6289,hunt_start,Sectid,27,190,7,221,1,target:Boar:777
6289,hunt_start,Sectid,84,164,3,133,3,target:Wolf:430
6290,hunt_fail,Sectid,834,221,0,187,9,prey_escaped
6290,hunt_start,Sectid,834,221,0,187,9,target:Boar:461
6291,hunt_start,Sectid,27,190,8,221,0,target:Boar:777
6291,reproduce,Jaguar,206,28,2,221,6,offspring:1
6292,hunt_start,Sectid,27,190,7,221,2,target:Boar:777
6292,hunt_start,Jaguar,1149,26,4,220,0,target:Tapir:248
6294,hunt_start,Sectid,27,190,6,221,0,target:Boar:777
6295,hunt_start,Sectid,27,190,5,221,1,target:Boar:777
6297,hunt_start,Sectid,27,190,5,221,1,target:Boar:777
6298,environment_death,Sectid,489,261,3,151,4,drowning
6298,hunt_start,Sectid,27,190,5,221,2,target:Boar:777
6300,hunt_start,Sectid,27,190,7,221,1,target:Boar:777
6301,hunt_start,Sectid,27,190,6,221,3,target:Boar:777
6302,hunt_start,Sectid,27,190,7,221,3,target:Boar:777
6303,hunt_start,Sectid,27,190,7,221,5,target:Boar:777
6304,hunt_start,Sectid,27,190,7,221,5,target:Lizard:1021
6306,hunt_start,Sectid,236,66,2,153,4,target:Parrot:300
6307,hunt_start,Sectid,27,190,2,221,3,target:Lizard:1021
6307,kill,Monkey,1110,263,3,22,1,killed_by:Hawk:766
6308,hunt_start,Sectid,27,190,2,221,5,target:Lizard:1021
6308,hunt_start,Hawk,766,263,1,21,9,target:Rabbit:633
6308,hunt_fail,Hawk,1022,261,5,20,9,target_died
6308,hunt_start,Hawk,1022,261,5,20,9,target:Monkey:805
6308,reproduce,Deer,955,9,9,29,4,offspring:1
6311,hunt_start,Sectid,27,189,6,221,3,target:Lizard:1021
6312,kill,Rabbit,872,91,7,10,1,killed_by:Hawk:967
6315,hunt_start,Sectid,27,188,9,220,9,target:Lizard:1021
6318,hunt_start,Jaguar,370,22,0,201,6,target:Boar:1080
6318,reproduce,Monkey,1144,19,4,131,3,offspring:1
6319,hunt_start,Jaguar,485,80,1,213,0,target:Parrot:903
6320,reproduce,Monkey,482,19,4,128,0,offspring:1
6322,hunt_start,Sectid,977,33,7,102,5,target:Parrot:541
6323,hunt_start,Sectid,543,255,5,168,7,target:Boar:5
6324,hunt_start,Sectid,543,255,6,168,6,target:Boar:5
6325,hunt_start,Sectid,543,255,7,168,3,target:Boar:5
6326,hunt_start,Sectid,543,255,8,168,6,target:Boar:5
6326,reproduce,Boar,479,13,1,129,9,offspring:2
6327,hunt_start,Boar,35,15,1,129,6,target:Monkey:36
6327,hunt_start,Sectid,543,255,8,168,3,target:Boar:5
6327,hunt_start,Boar,1096,15,1,129,6,target:Monkey:36
6328,hunt_start,Sectid,543,256,0,168,1,target:Boar:5
6329,hunt_start,Sectid,543,256,1,168,3,target:Boar:5
6330,hunt_start,Sectid,543,256,1,168,1,target:Boar:5
6331,hunt_start,Sectid,543,256,1,168,3,target:Boar:5
6332,hunt_start,Sectid,543,256,1,168,1,target:Boar:5
6333,hunt_start,Sectid,543,255,9,167,9,target:Boar:5
6334,hunt_start,Sectid,543,256,0,168,1,target:Boar:5
6334,hunt_fail,Sectid,977,33,4,104,7,discomfort
6335,hunt_start,Sectid,543,255,7,168,1,target:Boar:5
6336,hunt_start,Sectid,543,255,6,168,3,target:Boar:5
6337,hunt_start,Sectid,543,255,8,168,2,target:Boar:5
6338,hunt_start,Sectid,543,256,0,168,3,target:Boar:5
6339,hunt_start,Sectid,543,256,1,168,5,target:Boar:5
6340,hunt_start,Sectid,543,256,3,168,5,target:Boar:5
6341,hunt_start,Sectid,543,256,4,168,2,target:Boar:5
6342,hunt_start,Sectid,543,256,2,168,4,target:Boar:5
6343,hunt_start,Sectid,543,256,3,168,6,target:Boar:5
6344,hunt_start,Sectid,543,256,4,168,8,target:Boar:5
6345,hunt_start,Sectid,543,256,6,168,7,target:Boar:5
6346,hunt_start,Sectid,543,256,6,168,5,target:Boar:5
6347,hunt_fail,Jaguar,487,68,8,209,3,discomfort
6347,hunt_start,Sectid,543,256,9,168,5,target:Boar:5
6348,hunt_start,Sectid,543,256,8,168,3,target:Boar:5
6349,hunt_start,Sectid,543,256,6,168,4,target:Boar:5
6350,hunt_start,Sectid,543,256,6,168,7,target:Boar:5
6351,hunt_start,Sectid,543,256,6,168,4,target:Boar:331
6352,hunt_start,Sectid,543,256,8,168,3,target:Boar:331
6353,hunt_start,Sectid,543,256,5,168,3,target:Boar:331
6354,hunt_start,Sectid,543,256,3,168,2,target:Boar:331
6355,hunt_start,Sectid,543,256,4,168,0,target:Boar:331
6356,hunt_start,Sectid,543,256,2,167,9,target:Boar:331
6357,hunt_start,Sectid,543,256,4,167,9,target:Boar:331
6358,environment_death,Monkey,332,86,6,28,4,drowning
6358,hunt_start,Sectid,543,256,4,168,1,target:Boar:331
6359,starvation,Scorpion,471,276,6,70,0,
6359,hunt_start,Sectid,543,256,6,168,0,target:Boar:331
6359,reproduce,Parrot,594,20,1,143,1,offspring:1
6359,reproduce,Parrot,732,20,4,135,9,offspring:1
6360,hunt_start,Sectid,543,256,3,168,1,target:Boar:331
6361,hunt_start,Sectid,543,256,3,167,9,target:Boar:331
6362,hunt_start,Sectid,543,256,4,168,1,target:Boar:331
6363,hunt_start,Sectid,543,256,5,168,3,target:Boar:331
6364,hunt_start,Sectid,543,256,5,168,1,target:Boar:331
6365,hunt_start,Sectid,543,256,3,167,9,target:Boar:331
6366,hunt_start,Sectid,543,256,4,167,7,target:Boar:331
6367,hunt_start,Sectid,543,256,2,167,7,target:Boar:331
6367,kill,Penguin,1187,47,1,31,6,killed_by:Hawk:1209
6367,reproduce,Penguin,272,49,8,57,9,offspring:1
6367,reproduce,Penguin,665,41,5,44,5,offspring:1
6367,reproduce,Penguin,773,43,0,51,6,offspring:1
6367,reproduce,Penguin,814,42,6,28,6,offspring:1
6367,reproduce,Penguin,976,51,6,47,5,offspring:1
6367,reproduce,Penguin,1098,41,5,50,0,offspring:1
6367,reproduce,Penguin,1100,49,4,60,6,offspring:1
6368,hunt_start,Sectid,543,256,4,167,6,target:Boar:331
6369,hunt_start,Sectid,543,256,4,167,4,target:Boar:331
6370,hunt_start,Sectid,543,256,3,167,2,target:Boar:331
6371,hunt_start,Sectid,543,256,3,167,4,target:Boar:331
6372,hunt_start,Sectid,543,256,5,167,2,target:Boar:331
6373,hunt_start,Sectid,543,256,7,167,3,target:Boar:5
6374,hunt_start,Sectid,543,256,5,167,2,target:Boar:5
6375,hunt_start,Sectid,543,256,3,167,2,target:Boar:5
6376,hunt_start,Sectid,543,256,1,167,1,target:Boar:5
6377,hunt_start,Sectid,543,256,2,167,3,target:Boar:5
6378,hunt_start,Sectid,543,256,2,167,5,target:Boar:5
6379,hunt_start,Sectid,543,256,1,167,6,target:Boar:5
6380,hunt_start,Sectid,543,256,0,167,8,target:Boar:331
6381,hunt_start,Sectid,543,255,8,167,8,target:Boar:5
6382,hunt_start,Sectid,543,255,7,167,7,target:Boar:5
6383,hunt_start,Sectid,543,255,9,167,6,target:Boar:5
6383,hunt_start,Hawk,824,262,7,42,4,target:Rabbit:633
6384,hunt_start,Sectid,543,255,9,167,5,target:Boar:5
6385,hunt_start,Sectid,543,255,9,167,6,target:Boar:5
6386,hunt_start,Sectid,25,257,7,129,1,target:Hawk:548
6386,hunt_start,Sectid,543,255,7,167,6,target:Boar:5
6387,hunt_start,Sectid,25,257,9,129,1,target:Hawk:548
6387,hunt_start,Sectid,543,255,6,167,5,target:Boar:5
6388,hunt_start,Sectid,25,258,1,129,1,target:Hawk:548
6388,hunt_start,Sectid,543,255,8,167,5,target:Boar:5
6389,hunt_start,Sectid,25,258,3,129,2,target:Hawk:548
6389,hunt_start,Sectid,543,255,6,167,6,target:Boar:5
6390,hunt_start,Sectid,25,258,2,129,4,target:Hawk:548
6390,hunt_start,Sectid,543,255,5,167,7,target:Boar:5
6391,hunt_start,Sectid,25,258,2,129,4,target:Hawk:548
6391,hunt_start,Sectid,543,255,3,167,7,target:Boar:5
6392,hunt_start,Sectid,25,258,2,129,4,target:Hawk:548
6392,hunt_start,Sectid,543,255,4,167,5,target:Boar:5
6393,hunt_start,Sectid,25,258,2,129,4,target:Hawk:548
6393,hunt_start,Sectid,543,255,3,167,5,target:Boar:5
6394,hunt_start,Sectid,25,258,2,129,4,target:Hawk:548
6394,hunt_start,Sectid,543,255,2,167,7,target:Boar:5
6395,hunt_start,Sectid,25,258,2,129,4,target:Hawk:548
6395,hunt_start,Sectid,543,255,1,167,5,target:Boar:5
6396,hunt_start,Sectid,25,258,2,129,4,target:Hawk:548
6396,hunt_start,Sectid,543,255,0,167,5,target:Boar:5
6397,hunt_start,Sectid,25,258,2,129,4,target:Hawk:548
6397,hunt_start,Sectid,543,254,9,167,7,target:Boar:331
6398,hunt_start,Sectid,25,258,2,129,4,target:Hawk:548
6398,hunt_start,Sectid,543,254,8,167,5,target:Boar:331
6399,hunt_start,Sectid,25,258,2,129,4,target:Hawk:548
6399,hunt_start,Sectid,543,254,8,167,7,target:Boar:331
6400,hunt_start,Sectid,25,258,2,129,4,target:Hawk:548
6400,hunt_start,Sectid,543,254,9,167,9,target:Boar:331
6401,hunt_start,Sectid,25,258,2,129,4,target:Hawk:548
6401,hunt_start,Sectid,543,254,9,168,2,target:Boar:331
6402,hunt_start,Sectid,25,258,2,129,4,target:Hawk:548
6402,hunt_start,Sectid,543,255,1,168,1,target:Boar:331
6403,hunt_start,Sectid,25,258,2,129,4,target:Hawk:548
6403,hunt_start,Sectid,543,255,2,167,9,target:Boar:331
6404,hunt_start,Sectid,25,258,2,129,4,target:Hawk:548
6404,hunt_start,Sectid,543,255,4,168,0,target:Boar:331
6405,hunt_start,Sectid,25,258,2,129,4,target:Hawk:548
6405,hunt_start,Sectid,543,255,3,167,8,target:Boar:331
6406,hunt_start,Sectid,25,258,2,129,4,target:Hawk:548
6406,hunt_start,Sectid,543,255,4,168,0,target:Boar:331
6407,hunt_start,Sectid,543,255,5,168,1,target:Boar:331
6408,kill,Sectid,752,255,5,165,9,killed_by:Boar:331
6408,hunt_start,Sectid,543,255,6,167,9,target:Boar:331
6409,hunt_fail,Boar,5,255,6,165,2,target_died
6409,hunt_start,Boar,5,255,6,165,2,target:Sectid:999
6409,hunt_start,Boar,331,255,2,166,3,target:Sectid:543
6409,hunt_start,Sectid,543,255,5,168,0,target:Boar:331
6410,hunt_start,Sectid,543,255,3,167,9,target:Boar:331
6411,hunt_start,Sectid,543,255,2,167,8,target:Boar:331
6412,hunt_start,Sectid,543,255,1,167,7,target:Boar:331
6413,hunt_start,Sectid,543,254,9,167,6,target:Boar:331
6413,kill,Rabbit,925,95,5,19,2,killed_by:Hawk:926
6414,hunt_start,Sectid,543,255,1,167,7,target:Boar:331
6414,hunt_start,Hawk,926,95,3,19,3,target:Shroomer:889
6414,reproduce,Hawk,926,95,3,19,3,offspring:1
6415,hunt_start,Hawk,105,93,0,17,2,target:Shroomer:889
6415,hunt_start,Sectid,543,255,2,167,6,target:Boar:331
6416,hunt_start,Sectid,543,255,3,167,5,target:Boar:331
6417,hunt_start,Sectid,543,255,4,167,6,target:Boar:331
6417,reproduce,Rabbit,99,283,7,53,2,offspring:2
6417,reproduce,Rabbit,1129,280,5,51,5,offspring:2
6418,hunt_start,Sectid,543,255,3,167,5,target:Boar:331
6419,hunt_start,Hawk,464,46,7,35,1,target:Penguin:521
6419,hunt_start,Sectid,543,255,2,167,4,target:Boar:331
6420,hunt_fail,Jaguar,485,79,6,222,6,discomfort
6420,hunt_start,Sectid,543,255,1,167,5,target:Boar:5
6421,hunt_start,Sectid,543,255,2,167,5,target:Boar:5
6422,hunt_start,Sectid,543,255,1,167,4,target:Boar:5
6423,starvation,Deer,72,203,5,281,5,
6423,hunt_start,Sectid,543,255,0,167,3,target:Boar:5
6424,hunt_start,Sectid,543,255,0,167,5,target:Boar:5
6425,hunt_start,Sectid,543,254,8,167,5,target:Boar:5
6425,hunt_fail,Sectid,1039,80,9,158,9,discomfort
6426,hunt_start,Sectid,543,254,6,167,3,target:Boar:5
6427,hunt_start,Sectid,543,254,4,167,3,target:Boar:5
6428,hunt_start,Sectid,543,254,5,167,1,target:Boar:5
6428,reproduce,Boar,468,18,5,130,5,offspring:2
6429,hunt_start,Sectid,543,254,4,167,3,target:Boar:331
6429,hunt_start,Boar,834,20,8,130,9,target:Monkey:1144
6429,hunt_start,Boar,910,20,8,130,9,target:Monkey:1144
6430,hunt_start,Sectid,543,254,6,167,3,target:Boar:331
6431,hunt_start,Sectid,543,254,7,167,5,target:Boar:331
6432,hunt_start,Sectid,543,254,7,167,4,target:Boar:331
6433,hunt_start,Sectid,543,254,8,167,6,target:Boar:331
6434,hunt_start,Sectid,543,254,6,167,5,target:Boar:331
6435,hunt_start,Sectid,543,254,7,167,7,target:Boar:331
6436,hunt_start,Sectid,543,254,7,167,6,target:Boar:331
6436,kill,Shroomer,889,91,2,19,2,killed_by:Hawk:926
6437,hunt_fail,Hawk,105,91,3,19,1,target_died
6437,hunt_start,Hawk,105,91,3,19,1,target:Shroomer:222
6437,hunt_start,Sectid,543,254,9,167,5,target:Boar:331
6437,hunt_start,Hawk,926,91,8,19,0,target:Shroomer:222
6438,hunt_start,Sectid,543,254,9,167,8,target:Boar:331
6439,hunt_start,Sectid,543,254,9,167,6,target:Boar:331
6440,hunt_start,Sectid,543,255,1,167,7,target:Boar:331
6441,hunt_start,Sectid,543,255,2,167,8,target:Boar:331
6441,reproduce,Deer,991,22,1,54,6,offspring:1
6442,hunt_start,Sectid,543,255,3,167,6,target:Boar:331
6443,hunt_start,Sectid,543,255,5,167,5,target:Boar:331
6444,hunt_start,Sectid,25,254,6,121,4,target:Hawk:548
6444,hunt_start,Sectid,543,255,6,167,6,target:Boar:331
6445,hunt_start,Sectid,25,254,5,121,6,target:Hawk:548
6445,hunt_start,Wolf,430,165,4,135,8,target:Deer:720
6445,hunt_start,Sectid,543,255,6,167,8,target:Boar:331
6446,hunt_start,Sectid,25,254,4,121,8,target:Hawk:548
6446,hunt_start,Sectid,543,255,4,167,8,target:Boar:331
6446,reproduce,Rabbit,1122,68,9,20,9,offspring:2
6447,hunt_start,Sectid,25,254,4,121,9,target:Hawk:548
6447,hunt_start,Sectid,543,255,6,167,7,target:Boar:331
6448,hunt_start,Sectid,25,254,4,121,9,target:Hawk:548
6448,hunt_start,Sectid,543,255,5,167,8,target:Boar:331
6449,hunt_start,Sectid,25,254,4,121,9,target:Hawk:548
6449,hunt_start,Sectid,543,255,6,168,0,target:Boar:331
6450,hunt_start,Sectid,25,254,4,121,9,target:Hawk:548
6450,hunt_start,Sectid,543,255,5,167,9,target:Boar:331
6451,hunt_start,Sectid,25,254,4,121,9,target:Hawk:548
6451,hunt_start,Sectid,543,255,4,167,8,target:Boar:331
6452,hunt_start,Sectid,25,254,4,121,9,target:Hawk:548
6452,hunt_start,Sectid,543,255,6,167,9,target:Boar:331
6453,hunt_start,Sectid,25,254,4,121,9,target:Hawk:548
6453,hunt_start,Sectid,543,255,7,167,8,target:Boar:331
6454,hunt_start,Sectid,25,254,4,121,9,target:Hawk:548
6454,hunt_start,Sectid,543,255,6,167,9,target:Boar:331
6455,hunt_start,Sectid,25,254,4,121,9,target:Hawk:548
6455,hunt_start,Sectid,543,255,7,167,8,target:Boar:331
6455,reproduce,Tapir,660,96,0,129,9,offspring:1
6456,hunt_start,Sectid,25,254,4,121,9,target:Hawk:548
6456,hunt_start,Sectid,543,255,9,167,7,target:Boar:331
6457,hunt_start,Sectid,25,254,4,121,9,target:Hawk:548
6457,hunt_start,Sectid,543,256,1,167,8,target:Boar:331
6458,hunt_start,Sectid,25,254,4,121,9,target:Hawk:548
6458,hunt_start,Sectid,543,256,2,167,9,target:Boar:331
6458,kill,Rabbit,633,253,2,38,2,killed_by:Hawk:824
6459,hunt_start,Sectid,543,256,0,168,0,target:Boar:331
6459,hunt_fail,Hawk,766,253,4,38,2,target_died
6459,hunt_start,Hawk,766,253,4,38,2,target:Rabbit:1125
6460,hunt_start,Sectid,543,255,9,167,9,target:Boar:331
6460,kill,Boar,331,255,5,167,7,killed_by:Sectid:543
6461,hunt_start,Sectid,999,258,4,163,4,target:Boar:5
6462,hunt_start,Sectid,999,258,5,163,4,target:Boar:5
6463,hunt_start,Sectid,999,258,6,163,4,target:Boar:5
6464,hunt_start,Sectid,999,258,7,163,4,target:Boar:5
6465,hunt_start,Sectid,999,258,8,163,4,target:Boar:5
6466,hunt_start,Sectid,999,258,9,163,4,target:Boar:5
6467,hunt_start,Sectid,999,259,0,163,4,target:Boar:5
6468,hunt_start,Sectid,999,259,1,163,4,target:Boar:5
6469,hunt_start,Sectid,999,259,2,163,4,target:Boar:5
6470,hunt_start,Sectid,999,259,3,163,4,target:Boar:5
6471,hunt_start,Sectid,999,259,4,163,4,target:Boar:5
6472,hunt_fail,Boar,5,258,0,163,5,target_died
6472,hunt_start,Boar,5,258,0,163,5,target:Sectid:1101
6472,hunt_start,Hawk,967,92,7,4,6,target:Shroomer:222
6476,reproduce,Tapir,728,37,4,139,1,offspring:1
6476,reproduce,Tapir,860,40,5,141,7,offspring:1
6477,hunt_start,Sectid,25,253,1,118,0,target:Hawk:548
6477,reproduce,Tapir,353,96,0,134,8,offspring:1
6478,hunt_start,Sectid,25,253,2,118,0,target:Hawk:548
6479,hunt_start,Sectid,25,253,1,118,2,target:Hawk:548
6479,kill,Tapir,248,27,9,233,8,killed_by:Jaguar:1149
6479,reproduce,Tapir,362,27,7,247,9,offspring:1
6480,hunt_start,Sectid,25,253,1,118,2,target:Hawk:548
6481,hunt_start,Sectid,25,253,1,118,2,target:Hawk:548
6481,hunt_start,Sectid,559,257,5,172,2,target:Boar:5
6482,hunt_start,Sectid,25,253,1,118,2,target:Hawk:548
6482,hunt_fail,Hawk,105,91,7,11,6,target_died
6482,hunt_start,Hawk,105,91,7,11,6,target:Monkey:662
6482,hunt_start,Sectid,559,257,5,172,2,target:Boar:5
6482,hunt_fail,Hawk,926,92,0,12,0,target_died
6482,hunt_start,Hawk,926,92,0,12,0,target:Monkey:662
6482,hunt_fail,Hawk,967,92,3,6,0,target_died
6482,hunt_start,Hawk,967,92,3,6,0,target:Monkey:662
6483,hunt_start,Sectid,25,253,1,118,2,target:Hawk:548
6483,hunt_start,Sectid,559,257,6,172,1,target:Boar:5
6484,hunt_start,Sectid,559,257,7,172,0,target:Boar:5
6485,hunt_start,Sectid,559,257,7,172,0,target:Boar:5
6491,reproduce,Monkey,396,94,7,91,2,offspring:1
6493,hunt_start,Sectid,25,252,3,116,3,target:Hawk:548
6494,hunt_start,Sectid,25,252,5,116,3,target:Hawk:548
6495,hunt_start,Sectid,25,252,4,116,5,target:Hawk:548
6496,hunt_start,Sectid,25,252,4,116,5,target:Hawk:548
6497,hunt_start,Sectid,25,252,4,116,5,target:Hawk:548
6497,reproduce,Deer,583,256,1,112,2,offspring:1
6498,hunt_start,Sectid,25,252,4,116,5,target:Hawk:548
6499,hunt_start,Sectid,25,252,4,116,5,target:Hawk:548
6499,hunt_start,Sectid,559,258,7,170,9,target:Boar:5
6500,hunt_start,Sectid,559,258,8,170,8,target:Boar:5
6501,hunt_start,Sectid,559,258,8,170,7,target:Boar:5
6501,kill,Monkey,805,255,0,-0,0,killed_by:Hawk:1022
6501,reproduce,Rabbit,825,137,5,217,4,offspring:2
6502,hunt_start,Sectid,559,258,9,170,6,target:Boar:5
6502,hunt_start,Hawk,1022,255,3,0,4,target:Monkey:1111
6503,hunt_start,Sectid,559,259,0,170,5,target:Boar:5
6504,kill,Rabbit,704,249,9,109,2,killed_by:Hawk:548
6504,hunt_start,Sectid,559,259,0,170,5,target:Boar:5
6505,hunt_start,Hawk,548,250,0,109,4,target:Rabbit:995
6505,hunt_start,Sectid,559,259,1,170,4,target:Boar:5
6511,reproduce,Monkey,1027,196,8,127,5,offspring:1
6513,reproduce,Parrot,1180,31,4,220,7,offspring:1
6519,starvation,Fish,1067,205,0,18,8,
6520,reproduce,Lizard,38,192,0,202,6,offspring:2
6527,hunt_start,Hawk,1209,47,0,31,8,target:Penguin:883
6531,reproduce,Deer,51,80,9,58,9,offspring:1
6532,hunt_fail,Snake,476,10,9,70,7,discomfort
6539,reproduce,Parrot,1106,161,4,9,1,offspring:1
6539,reproduce,Parrot,1120,170,6,18,6,offspring:1
6540,hunt_start,Sectid,559,261,4,167,8,target:Boar:5
6540,kill,Boar,1079,0,6,203,6,killed_by:Jaguar:1035
6540,reproduce,Boar,792,12,7,199,4,offspring:2
6541,hunt_start,Sectid,559,261,4,167,7,target:Boar:5
6542,hunt_start,Sectid,559,261,5,167,7,target:Boar:5
6543,hunt_start,Sectid,559,261,5,167,6,target:Boar:5
6544,hunt_start,Sectid,559,261,6,167,6,target:Boar:5
6545,hunt_start,Sectid,559,261,7,167,5,target:Boar:5
6546,starvation,Fish,1055,254,9,20,6,
6546,hunt_start,Sectid,559,261,7,167,5,target:Boar:5
6547,hunt_start,Sectid,559,261,8,167,4,target:Boar:5
6547,reproduce,Hawk,967,82,9,9,1,offspring:1
6548,hunt_start,Sectid,559,261,8,167,3,target:Boar:5
6548,hunt_start,Hawk,1191,83,9,6,6,target:Monkey:662
6549,hunt_start,Sectid,559,261,9,167,3,target:Boar:5
6549,hunt_start,Jaguar,1149,27,7,233,1,target:Lizard:693
6549,reproduce,Monkey,44,136,0,86,0,offspring:1
6549,reproduce,Monkey,565,141,5,73,1,offspring:1
6550,hunt_start,Sectid,559,261,9,167,2,target:Boar:5
6551,hunt_start,Sectid,559,262,0,167,2,target:Boar:5
6552,hunt_start,Sectid,559,262,0,167,1,target:Boar:5
6553,hunt_start,Sectid,559,262,1,167,0,target:Boar:5
6554,starvation,Fish,1053,214,5,10,3,
6554,hunt_start,Sectid,559,262,1,167,0,target:Boar:5
6555,hunt_start,Sectid,559,262,2,166,9,target:Boar:5
6556,hunt_start,Sectid,559,262,3,166,8,target:Boar:5
6557,hunt_start,Sectid,559,262,4,166,7,target:Boar:5
6558,hunt_start,Sectid,559,262,4,166,6,target:Boar:5
6559,hunt_start,Sectid,559,262,5,166,6,target:Boar:5
6560,hunt_start,Sectid,559,262,6,166,5,target:Boar:5
6561,hunt_start,Sectid,559,262,6,166,4,target:Boar:5
6562,hunt_start,Sectid,559,262,7,166,3,target:Boar:5
6563,hunt_start,Sectid,559,262,9,166,2,target:Boar:5
6564,hunt_start,Sectid,559,263,0,166,0,target:Boar:5
6565,hunt_start,Sectid,559,263,0,166,3,target:Boar:5
6566,hunt_start,Sectid,559,262,9,166,5,target:Boar:5
6567,hunt_start,Sectid,559,262,7,166,6,target:Boar:5
6568,hunt_start,Sectid,559,262,8,166,4,target:Boar:5
6569,hunt_start,Sectid,559,262,6,166,3,target:Boar:5
6570,hunt_start,Sectid,559,262,7,166,1,target:Boar:5
6571,hunt_start,Sectid,559,263,0,166,1,target:Boar:5
6572,hunt_start,Sectid,559,263,0,166,3,target:Boar:5
6573,hunt_start,Sectid,559,262,8,166,4,target:Boar:5
6574,hunt_start,Sectid,559,262,8,166,2,target:Boar:5
6575,hunt_start,Sectid,559,262,9,165,9,target:Boar:5
6576,hunt_start,Snake,476,11,7,70,3,target:Rabbit:1124
6576,hunt_start,Sectid,559,262,7,166,0,target:Boar:5
6577,hunt_start,Bear,462,108,7,212,2,target:Musk Ox:166
6577,hunt_start,Sectid,559,262,5,166,1,target:Boar:5
6578,hunt_start,Sectid,559,262,6,165,9,target:Boar:5
6579,hunt_start,Sectid,559,262,5,165,7,target:Boar:5
6580,starvation,Frog,164,140,7,27,8,
6580,hunt_start,Sectid,559,262,3,165,6,target:Boar:5
6580,reproduce,Tapir,954,250,0,131,4,offspring:1
6581,hunt_start,Sectid,559,262,2,165,4,target:Boar:5
6582,hunt_start,Sectid,559,262,2,165,6,target:Boar:5
6583,hunt_start,Sectid,559,262,2,165,4,target:Boar:5
6584,hunt_start,Sectid,559,262,2,165,2,target:Boar:5
6585,hunt_start,Sectid,559,262,5,165,2,target:Boar:5
6586,hunt_start,Sectid,559,262,6,165,3,target:Boar:5
6587,hunt_start,Sectid,559,262,6,165,1,target:Boar:5
6588,starvation,Arctic Fox,484,61,0,15,4,
6588,hunt_start,Sectid,559,262,4,165,1,target:Boar:5
6589,hunt_start,Sectid,559,262,6,165,1,target:Boar:5
6590,hunt_start,Sectid,559,262,7,165,3,target:Boar:5
6590,reproduce,Penguin,784,166,5,64,0,offspring:1
6591,hunt_start,Sectid,559,262,5,165,3,target:Boar:5
6592,hunt_fail,Boar,5,264,6,162,0,target_died
6592,hunt_start,Boar,5,264,6,162,0,target:Sectid:620
6597,reproduce,Deer,41,119,0,149,3,offspring:1
6598,reproduce,Penguin,412,117,8,45,9,offspring:1
6599,hunt_start,Jaguar,796,65,1,203,2,target:Tapir:907
6602,reproduce,Penguin,286,161,2,27,9,offspring:1
6604,kill,Deer,720,158,1,124,6,killed_by:Wolf:430
6618,hunt_start,Hawk,824,247,2,36,8,target:Monkey:1113
6619,hunt_fail,Snake,476,10,9,70,0,discomfort
6624,reproduce,Monkey,853,36,1,12,4,offspring:1
6627,reproduce,Monkey,743,115,4,224,0,offspring:1
6632,hunt_fail,Boar,5,263,1,163,0,target_died
6642,reproduce,Parrot,871,32,0,208,2,offspring:1
6651,kill,Penguin,883,58,0,22,3,killed_by:Hawk:1209
6653,starvation,Elk,37,255,8,264,4,
6656,hunt_start,Jaguar,487,73,4,213,0,target:Tapir:907
6657,kill,Rabbit,995,228,7,109,7,killed_by:Hawk:548
6657,reproduce,Hawk,548,229,0,109,7,offspring:1
6658,hunt_fail,Jaguar,487,73,4,213,0,discomfort
6658,hunt_start,Hawk,548,228,9,109,7,target:Rabbit:1203
6658,hunt_start,Hawk,752,227,4,107,8,target:Rabbit:1203
6659,reproduce,Turtle,182,134,2,250,0,offspring:1
6663,hunt_start,Jaguar,487,73,6,213,0,target:Tapir:907
6664,hunt_start,Snake,476,10,9,69,9,target:Rabbit:1124
6665,kill,Monkey,662,62,6,11,2,killed_by:Hawk:105
6665,hunt_fail,Jaguar,487,73,6,213,0,discomfort
6666,hunt_start,Hawk,105,62,8,11,3,target:Rabbit:1121
6666,hunt_fail,Hawk,926,63,3,11,5,target_died
6666,hunt_start,Hawk,926,63,3,11,5,target:Rabbit:1121
6666,hunt_fail,Hawk,967,64,1,11,2,target_died
6666,hunt_start,Hawk,967,64,1,11,2,target:Rabbit:1121
6666,hunt_fail,Hawk,1191,64,9,11,1,target_died
6666,hunt_start,Hawk,1191,64,9,11,1,target:Rabbit:1121
6669,hunt_start,Jaguar,487,73,8,213,0,target:Tapir:907
6670,hunt_fail,Jaguar,487,73,8,213,0,discomfort
6675,hunt_start,Jaguar,487,73,9,213,0,target:Tapir:907
6677,hunt_fail,Jaguar,487,74,0,213,0,discomfort
6682,hunt_start,Jaguar,487,74,1,213,0,target:Tapir:907
6683,hunt_fail,Jaguar,487,74,2,213,0,discomfort
6683,reproduce,Lizard,1150,107,6,170,2,offspring:2
6688,hunt_start,Jaguar,487,74,3,213,0,target:Tapir:907
6690,hunt_fail,Jaguar,487,74,4,213,0,discomfort
6691,reproduce,Jaguar,370,21,9,199,5,offspring:1
6692,hunt_start,Jaguar,633,21,7,196,8,target:Boar:792
6692,reproduce,Lizard,1006,118,5,120,7,offspring:2
6695,hunt_start,Jaguar,487,74,5,213,0,target:Tapir:907
6697,hunt_fail,Jaguar,487,74,6,213,0,discomfort
6698,reproduce,Turtle,190,67,9,263,4,offspring:1
6712,reproduce,Parrot,95,52,5,58,0,offspring:1
6726,reproduce,Musk Ox,972,258,3,128,4,offspring:1
6742,hunt_start,Boar,5,263,1,163,0,target:Sectid:25
6750,kill,Musk Ox,166,117,2,218,1,killed_by:Bear:462
6755,reproduce,Turtle,544,183,2,133,9,offspring:1
6774,reproduce,Penguin,1159,282,6,107,1,offspring:1
6779,reproduce,Tapir,139,149,7,100,4,offspring:1
6787,reproduce,Deer,400,266,2,115,1,offspring:1
6800,kill,Elk,198,55,4,189,8,killed_by:Jaguar:1169
6811,hunt_start,Hawk,1209,57,8,22,5,target:Rabbit:21
6814,hunt_start,Wolf,430,164,4,126,6,target:Turtle:1157
6825,kill,Boar,792,12,1,199,3,killed_by:Jaguar:633
6826,hunt_start,Jaguar,633,12,7,199,1,target:Boar:522
6832,reproduce,Elk,1085,75,3,140,7,offspring:1
6834,kill,Tapir,907,76,8,211,9,killed_by:Jaguar:796
6835,starvation,Elk,205,205,6,158,7,
6835,kill,Rabbit,1203,252,8,123,6,killed_by:Hawk:752
6836,hunt_fail,Hawk,548,252,7,123,5,target_died
6836,hunt_start,Hawk,548,252,7,123,5,target:Rabbit:269
6836,hunt_start,Hawk,752,252,3,123,3,target:Rabbit:269
6845,reproduce,Deer,881,21,4,51,0,offspring:1
6872,hunt_fail,Boar,5,269,5,163,1,target_died
6873,hunt_start,Jaguar,487,79,9,213,1,target:Tapir:666
6874,hunt_start,Jaguar,485,89,1,223,4,target:Rabbit:98
6874,reproduce,Monkey,768,123,8,242,5,offspring:1
6876,starvation,Parrot,863,98,2,110,5,
6876,hunt_fail,Wolf,430,168,1,127,2,discomfort
6876,kill,Monkey,1113,220,1,28,3,killed_by:Hawk:824
6882,reproduce,Elk,194,222,2,253,5,offspring:1
6884,kill,Rabbit,98,92,6,223,1,killed_by:Jaguar:485
6885,hunt_start,Jaguar,485,91,8,223,1,target:Rabbit:1118
6885,reproduce,Hawk,824,220,7,28,0,offspring:1
6886,hunt_start,Hawk,37,222,8,25,5,target:Shroomer:720
6886,hunt_start,Hawk,824,220,8,27,9,target:Shroomer:720
6888,hunt_fail,Snake,473,142,0,158,9,discomfort
6888,reproduce,Elk,101,64,0,96,0,offspring:1
6888,reproduce,Parrot,619,32,0,220,9,offspring:1
6889,hunt_start,Jaguar,1169,52,4,190,4,target:Parrot:78
6897,starvation,Parrot,1178,114,9,108,5,
6897,reproduce,Boar,461,229,5,178,3,offspring:2
6910,reproduce,Deer,955,8,1,21,8,offspring:1
6912,hunt_start,Jaguar,1035,14,5,203,4,target:Boar:522
6914,reproduce,Monkey,857,58,7,176,3,offspring:1
6915,starvation,Shroomer,756,226,4,23,4,
6920,reproduce,Monkey,649,14,6,129,8,offspring:1
6923,kill,Boar,522,17,0,203,9,killed_by:Jaguar:633
6924,hunt_fail,Jaguar,1035,15,5,203,5,target_died
6924,hunt_start,Jaguar,1035,15,5,203,5,target:Boar:435
6931,starvation,Snake,475,128,7,200,2,
6932,kill,Deer,70,53,1,287,5,killed_by:Jaguar:369
6933,hunt_start,Jaguar,369,53,6,287,3,target:Lizard:244
6933,hunt_fail,Jaguar,486,60,9,284,9,target_died
6933,hunt_start,Jaguar,486,60,9,284,9,target:Parrot:232
6933,reproduce,Lizard,611,20,5,264,1,offspring:2
6933,reproduce,Lizard,934,30,9,272,6,offspring:2
6935,starvation,Deer,54,13,4,33,3,
6941,reproduce,Jaguar,796,78,6,213,0,offspring:1
6942,hunt_start,Jaguar,796,78,6,213,0,target:Tapir:666
6942,hunt_start,Jaguar,805,79,3,215,4,target:Tapir:666
6945,reproduce,Elk,384,14,1,183,9,offspring:1
6945,reproduce,Elk,514,17,8,191,1,offspring:1
6947,reproduce,Boar,1080,27,9,192,0,offspring:2
6949,reproduce,Camel,260,131,6,85,8,offspring:1
6951,hunt_fail,Wolf,434,198,2,288,0,discomfort
6956,hunt_fail,Wolf,432,197,3,288,0,discomfort
6957,hunt_start,Snake,473,140,4,162,2,target:Monkey:317
6960,reproduce,Deer,40,128,0,153,5,offspring:1
6961,kill,Tapir,666,86,6,214,1,killed_by:Jaguar:487
6962,hunt_start,Jaguar,487,86,0,214,1,target:Parrot:446
6962,hunt_fail,Jaguar,796,79,0,213,0,target_died
6962,hunt_start,Jaguar,796,79,0,213,0,target:Rabbit:1118
6962,hunt_fail,Jaguar,805,81,0,215,2,target_died
6963,reproduce,Tapir,158,70,2,199,4,offspring:1
6966,reproduce,Monkey,1144,49,4,160,0,offspring:1
6967,hunt_fail,Hawk,37,232,9,34,4,target_died
6967,hunt_start,Hawk,37,232,9,34,4,target:Monkey:1111
6967,hunt_fail,Wolf,433,196,7,287,9,discomfort
6967,hunt_start,Jaguar,805,81,1,215,2,target:Rabbit:1118
6967,hunt_fail,Hawk,824,231,2,33,7,target_died
6967,hunt_start,Hawk,824,231,2,33,7,target:Monkey:1111
6977,kill,Rabbit,21,73,8,19,1,killed_by:Hawk:1209
6985,kill,Rabbit,269,276,5,123,7,killed_by:Hawk:752
6986,hunt_fail,Hawk,548,276,3,123,7,target_died
6986,hunt_start,Hawk,548,276,3,123,7,target:Penguin:1146
6986,hunt_start,Hawk,752,275,8,123,7,target:Penguin:1146
6995,starvation,Snake,474,57,5,12,0,
7000,starvation,Boar,776,167,1,224,5,
7005,reproduce,Deer,480,256,0,131,2,offspring:1
7008,starvation,Fish,837,240,4,285,9,
7008,reproduce,Musk Ox,970,249,7,128,0,offspring:1
7018,starvation,Rabbit,905,201,9,281,5,
7026,reproduce,Parrot,864,165,5,5,1,offspring:1
7030,reproduce,Parrot,594,4,7,136,4,offspring:1
7030,reproduce,Parrot,609,11,2,147,2,offspring:1
7032,reproduce,Elk,647,187,3,135,2,offspring:1
7038,reproduce,Turtle,183,125,7,243,3,offspring:1
7046,reproduce,Rabbit,1124,3,2,62,1,offspring:2
7047,reproduce,Musk Ox,292,231,1,198,0,offspring:1
7049,hunt_fail,Snake,476,4,1,64,4,discomfort
7055,reproduce,Penguin,886,128,0,80,5,offspring:1
7058,kill,Boar,435,20,8,210,9,killed_by:Jaguar:1035
7068,starvation,Rabbit,550,202,8,283,7,
7068,reproduce,Monkey,918,60,0,7,4,offspring:1
7077,starvation,Lizard,712,119,3,251,2,
7079,kill,Turtle,1157,182,5,134,9,killed_by:Wolf:431
7080,hunt_fail,Wolf,430,181,4,134,2,target_died
7083,hunt_fail,Snake,473,137,5,162,5,discomfort
7086,hunt_fail,Jaguar,485,85,6,220,5,discomfort
7097,reproduce,Parrot,1120,173,3,20,1,offspring:1
7098,reproduce,Camel,953,129,4,175,3,offspring:1
7106,hunt_start,Jaguar,485,86,2,220,5,target:Rabbit:1118
7111,kill,Penguin,1146,274,4,105,7,killed_by:Hawk:548
7112,hunt_start,Hawk,548,274,4,105,9,target:Rabbit:1205
7112,hunt_fail,Hawk,752,274,4,106,4,target_died
7112,hunt_start,Hawk,752,274,4,106,4,target:Rabbit:1205
7122,reproduce,Rabbit,610,90,1,181,6,offspring:2
7122,reproduce,Rabbit,984,78,4,166,6,offspring:2
7129,starvation,Shroomer,405,184,5,150,9,
7131,reproduce,Elk,137,227,2,129,0,offspring:1
7137,hunt_start,Hawk,1209,74,2,19,7,target:Rabbit:24
7147,reproduce,Deer,1143,15,9,21,0,offspring:1
7161,reproduce,Parrot,121,55,7,53,6,offspring:1
7162,starvation,Rabbit,497,245,3,53,6,
7162,hunt_fail,Hawk,1095,216,3,64,2,target_died
7164,starvation,Parrot,733,107,1,101,5,
7164,hunt_start,Bear,462,115,9,219,5,target:Musk Ox:534
7166,reproduce,Penguin,533,277,1,32,0,offspring:1
7171,reproduce,Camel,1038,3,0,148,1,offspring:1
7172,reproduce,Tapir,353,96,0,145,0,offspring:1
7174,reproduce,Camel,367,30,2,119,8,offspring:1
7185,reproduce,Lizard,85,35,4,217,7,offspring:2
7185,reproduce,Lizard,694,55,0,199,5,offspring:2
7185,reproduce,Lizard,1212,59,1,203,7,offspring:2
7190,reproduce,Camel,254,128,0,175,7,offspring:1
7191,reproduce,Penguin,784,172,4,69,7,offspring:1
7193,starvation,Hawk,1095,216,2,67,8,
7193,reproduce,Parrot,871,29,9,221,3,offspring:1
7194,reproduce,Monkey,569,171,9,140,9,offspring:1
7194,reproduce,Monkey,1027,188,3,134,7,offspring:1
7214,reproduce,Lizard,28,203,2,96,0,offspring:2
7225,reproduce,Monkey,853,35,2,11,1,offspring:1
7225,reproduce,Monkey,956,46,3,24,7,offspring:1
7228,reproduce,Monkey,743,114,9,232,4,offspring:1
7238,reproduce,Jaguar,487,88,4,191,9,offspring:1
7239,hunt_start,Jaguar,1262,88,7,190,1,target:Tapir:1025
7243,kill,Musk Ox,534,115,5,215,4,killed_by:Bear:462
7243,kill,Rabbit,1205,288,0,107,8,killed_by:Hawk:752
7243,reproduce,Rabbit,505,261,5,103,4,offspring:2
7243,reproduce,Rabbit,1206,259,7,113,4,offspring:2
7243,reproduce,Rabbit,1207,273,4,116,9,offspring:2
7244,hunt_start,Hawk,752,287,7,108,1,target:Penguin:1055
7245,reproduce,Frog,800,161,1,25,5,offspring:2
7245,reproduce,Frog,801,159,9,21,8,offspring:2
7258,reproduce,Turtle,809,57,0,258,1,offspring:1
7260,reproduce,Musk Ox,971,237,6,128,0,offspring:1
7263,reproduce,Parrot,95,53,9,59,9,offspring:1
7269,hunt_start,Wolf,430,176,0,140,2,target:Deer:1198
7272,starvation,Lizard,141,141,5,163,7,
7293,reproduce,Musk Ox,703,99,7,224,0,offspring:1
7295,hunt_start,Jaguar,633,23,7,195,3,target:Elk:863
7296,reproduce,Deer,41,103,1,140,2,offspring:1
7296,reproduce,Deer,1119,127,1,154,8,offspring:1
7304,reproduce,Rabbit,483,74,6,25,2,offspring:2
7331,kill,Elk,863,19,4,196,7,killed_by:Jaguar:633
7335,reproduce,Elk,204,256,0,124,7,offspring:1
7344,kill,Rabbit,24,51,0,25,1,killed_by:Hawk:1209
7348,starvation,Rabbit,904,65,4,40,4,
7348,hunt_fail,Hawk,495,57,6,38,0,target_died
7348,hunt_start,Hawk,495,57,6,38,0,target:Rabbit:721
7349,starvation,Lizard,525,176,5,231,8,
7350,kill,Tapir,1025,85,9,181,9,killed_by:Jaguar:1262
7358,starvation,Monkey,624,158,8,190,9,
7365,starvation,Crocodile,450,150,0,185,9,
7373,reproduce,Parrot,663,128,0,171,6,offspring:1
7374,reproduce,Monkey,171,64,0,174,1,offspring:1
7375,kill,Penguin,1055,278,4,93,8,killed_by:Hawk:752
7376,hunt_start,Hawk,752,278,5,94,0,target:Rabbit:1204
7376,reproduce,Penguin,1159,280,7,113,6,offspring:1
7398,reproduce,Monkey,1230,63,4,175,1,offspring:1
7400,reproduce,Jaguar,1035,24,9,204,2,offspring:1
7401,hunt_start,Jaguar,450,24,9,203,3,target:Elk:514
7401,hunt_start,Jaguar,1035,24,8,204,2,target:Elk:514
7412,reproduce,Camel,258,96,0,93,4,offspring:1
7417,reproduce,Boar,625,108,5,155,5,offspring:2
7418,hunt_start,Boar,1233,111,3,157,2,target:Monkey:509
7418,hunt_start,Boar,1280,111,3,157,2,target:Monkey:509
7418,reproduce,Deer,79,88,0,266,7,offspring:1
7418,reproduce,Deer,82,92,5,251,9,offspring:1
7418,reproduce,Deer,378,67,1,247,5,offspring:1
7418,reproduce,Deer,535,87,8,264,9,offspring:1
7418,reproduce,Deer,672,72,8,255,4,offspring:1
7418,reproduce,Deer,835,73,7,263,1,offspring:1
7424,starvation,Monkey,538,32,4,75,2,
7435,reproduce,Lizard,1150,118,0,155,4,offspring:2
7443,reproduce,Lizard,1006,120,4,113,6,offspring:2
7447,starvation,Hawk,467,148,3,208,0,
7450,kill,Deer,1198,190,2,143,6,killed_by:Wolf:430
7475,reproduce,Monkey,768,125,4,234,7,offspring:1
7485,kill,Rabbit,721,34,2,34,2,killed_by:Hawk:495
7486,hunt_start,Hawk,495,34,4,34,2,target:Penguin:920
7496,hunt_start,Jaguar,1262,82,7,183,3,target:Parrot:1217
7497,reproduce,Deer,753,82,1,63,2,offspring:1
7498,starvation,Wolf,76,210,2,278,7,
7504,hunt_start,Hawk,1209,48,7,19,5,target:Monkey:956
7511,hunt_fail,Jaguar,796,82,4,223,7,prey_escaped
7511,hunt_start,Jaguar,796,82,4,223,7,target:Boar:120
7518,reproduce,Monkey,556,11,7,139,0,offspring:1
7520,reproduce,Monkey,36,58,9,88,6,offspring:1
7522,reproduce,Monkey,649,12,6,121,1,offspring:1
7537,reproduce,Monkey,1072,32,0,43,4,offspring:1
7540,kill,Rabbit,1205,243,1,94,7,killed_by:Hawk:548
7541,hunt_start,Hawk,548,243,3,94,8,target:Rabbit:869
7549,reproduce,Boar,1076,224,0,226,3,offspring:2
7550,hunt_start,Boar,1076,223,8,226,3,target:Frog:945
7550,hunt_start,Boar,1205,224,7,226,3,target:Frog:945
7550,hunt_start,Boar,1299,224,1,226,3,target:Frog:945
7563,hunt_fail,Jaguar,485,84,9,232,0,discomfort
7563,kill,Rabbit,1204,278,0,72,0,killed_by:Hawk:752
7568,hunt_fail,Boar,910,41,1,152,5,prey_escaped
7570,kill,Elk,514,11,8,202,2,killed_by:Jaguar:450
7571,hunt_fail,Jaguar,1035,21,4,204,0,target_died
7571,hunt_start,Jaguar,1035,21,4,204,0,target:Boar:203
7572,reproduce,Elk,754,24,5,180,3,offspring:1
7586,hunt_fail,Jaguar,486,56,7,239,3,discomfort
7598,hunt_start,Jaguar,485,86,2,232,0,target:Rabbit:127
7598,kill,Penguin,920,35,7,50,3,killed_by:Hawk:495
7599,hunt_start,Hawk,495,35,7,50,1,target:Penguin:6
7613,hunt_start,Boar,625,114,8,152,8,target:Lizard:1150
7613,reproduce,Deer,955,8,0,31,8,offspring:1
7613,reproduce,Deer,1123,18,4,64,0,offspring:1
7624,reproduce,Tapir,673,16,1,143,1,offspring:1
7624,reproduce,Tapir,1181,23,8,132,9,offspring:1
7627,reproduce,Musk Ox,972,250,1,120,4,offspring:1
7633,reproduce,Elk,1085,85,8,138,3,offspring:1
7633,reproduce,Elk,1148,72,3,122,0,offspring:1
7636,reproduce,Deer,1010,86,3,133,8,offspring:1
7640,hunt_start,Wolf,430,187,1,142,7,target:Turtle:544
7652,hunt_fail,Jaguar,485,86,7,233,2,discomfort
7657,hunt_start,Bear,462,115,1,215,8,target:Lizard:604
7664,reproduce,Tapir,158,71,7,203,2,offspring:1
7666,reproduce,Elk,194,227,3,253,8,offspring:1
7673,reproduce,Boar,479,29,5,128,0,offspring:2
7674,hunt_start,Boar,1313,26,7,128,8,target:Parrot:732
7674,hunt_start,Boar,1314,26,7,128,8,target:Parrot:732
7689,reproduce,Elk,101,73,9,83,7,offspring:1
7700,kill,Penguin,6,48,7,47,1,killed_by:Hawk:495
7701,hunt_start,Hawk,495,48,5,47,2,target:Penguin:283
7702,hunt_start,Jaguar,485,86,3,232,0,target:Parrot:78
7703,hunt_start,Jaguar,633,25,7,183,7,target:Elk:754
7707,reproduce,Deer,480,256,0,129,7,offspring:1
7711,reproduce,Monkey,27,200,8,109,7,offspring:1
7711,reproduce,Boar,243,216,2,256,0,offspring:2
7712,reproduce,Parrot,248,50,3,58,6,offspring:1
7723,hunt_start,Hawk,752,278,9,72,7,target:Penguin:1091
7724,kill,Monkey,956,35,2,-0,1,killed_by:Hawk:1209
7734,kill,Elk,754,21,2,183,3,killed_by:Jaguar:633
7747,reproduce,Elk,384,3,7,200,8,offspring:1
7768,reproduce,Monkey,157,89,5,88,2,offspring:1
7776,hunt_fail,Jaguar,485,83,3,231,0,discomfort
7782,reproduce,Elk,96,18,8,177,8,offspring:1
7784,environment_death,Shroomer,1295,222,1,17,5,drowning
7784,starvation,Shroomer,376,246,5,277,3,
7784,kill,Turtle,544,189,0,136,4,killed_by:Wolf:430
7796,reproduce,Monkey,1027,198,5,137,8,offspring:1
7814,reproduce,Parrot,95,51,2,60,6,offspring:1
7814,reproduce,Elk,1164,241,5,268,6,offspring:1
7826,reproduce,Monkey,853,25,7,8,5,offspring:1
7828,reproduce,Boar,1096,42,5,106,1,offspring:2
7829,reproduce,Hawk,1209,31,9,5,5,offspring:1
7830,hunt_start,Hawk,1209,31,9,5,5,target:Monkey:853
7830,hunt_start,Hawk,1326,33,1,5,3,target:Monkey:1257
7837,starvation,Monkey,1210,65,5,163,2,
7847,reproduce,Rabbit,1124,14,0,51,6,offspring:2
7852,kill,Penguin,1091,287,9,61,6,killed_by:Hawk:752
7854,reproduce,Tapir,353,99,7,142,0,offspring:1
7881,kill,Frog,945,222,4,205,1,killed_by:Boar:1299
7882,hunt_fail,Boar,1205,222,0,205,9,target_died
7882,hunt_start,Boar,1205,222,0,205,9,target:Monkey:607
7882,hunt_start,Boar,1299,222,0,205,0,target:Monkey:607
7884,kill,Lizard,520,219,3,201,7,killed_by:Wolf:749
7884,reproduce,Lizard,38,184,8,197,1,offspring:2
7885,hunt_start,Wolf,749,219,0,202,1,target:Monkey:607
7896,hunt_fail,Boar,1280,125,4,162,8,prey_escaped
7898,hunt_fail,Boar,1233,124,7,162,1,prey_escaped
7898,hunt_start,Boar,1280,125,4,162,8,target:Lizard:1287
7904,reproduce,Penguin,246,32,0,21,3,offspring:1
7905,reproduce,Deer,41,85,4,135,4,offspring:1
7908,reproduce,Musk Ox,228,152,2,32,0,offspring:1
7908,reproduce,Musk Ox,308,183,4,71,2,offspring:1
7909,reproduce,Musk Ox,970,256,5,128,0,offspring:1
7910,hunt_start,Boar,1325,42,6,107,3,target:Frog:605
7911,kill,Rabbit,1087,27,0,271,4,killed_by:Jaguar:206
7912,hunt_start,Jaguar,206,26,8,271,0,target:Deer:725
7913,starvation,Rabbit,97,286,6,67,8,
7921,reproduce,Rabbit,1122,77,2,19,4,offspring:2
7922,starvation,Crocodile,451,238,5,131,0,
7933,starvation,Wolf,434,194,0,286,9,
7941,starvation,Parrot,1173,77,8,279,9,
7942,hunt_start,Jaguar,450,8,5,201,6,target:Elk:1303
7943,reproduce,Penguin,278,281,3,53,4,offspring:1
7943,reproduce,Penguin,282,282,9,53,1,offspring:1
7943,reproduce,Penguin,1092,282,0,53,3,offspring:1
7944,reproduce,Penguin,126,256,6,96,0,offspring:1
7948,hunt_start,Polar Bear,477,176,0,44,8,target:Penguin:849
7950,reproduce,Musk Ox,310,122,8,224,0,offspring:1
7952,hunt_start,Jaguar,486,62,2,242,0,target:Deer:1283
7953,starvation,Shroomer,397,22,5,252,9,
7957,kill,Boar,1080,43,1,200,1,killed_by:Jaguar:370
7958,hunt_start,Jaguar,370,42,7,199,5,target:Boar:458
7969,hunt_start,Boar,1233,124,6,162,1,target:Lizard:1287
7974,hunt_start,Wolf,430,183,6,136,6,target:Deer:59
7978,reproduce,Penguin,1159,282,1,114,5,offspring:1
7983,reproduce,Turtle,111,126,6,232,5,offspring:1
7985,starvation,Bear,894,195,8,264,3,
7994,starvation,Hawk,1116,284,9,80,1,
7994,reproduce,Hawk,752,281,6,59,8,offspring:1
7995,hunt_start,Hawk,752,281,6,59,9,target:Rabbit:99
7995,hunt_start,Hawk,1328,281,4,56,8,target:Penguin:1092
7998,kill,Elk,1303,3,0,203,2,killed_by:Jaguar:450
8001,environment_death,Rabbit,127,89,6,245,6,drowning
8003,hunt_start,Boar,1319,218,1,257,2,target:Lizard:508
8022,reproduce,Elk,204,264,1,122,3,offspring:1
8024,kill,Monkey,1257,3,3,-0,0,killed_by:Hawk:1326
8040,starvation,Crocodile,449,257,0,222,5,
8044,reproduce,Boar,5,274,0,163,2,offspring:2
8045,starvation,Snake,473,137,5,162,5,
8046,reproduce,Rabbit,776,2,4,69,7,offspring:2
8046,reproduce,Rabbit,837,2,4,64,1,offspring:2
8062,reproduce,Boar,35,40,5,94,7,offspring:2
8065,reproduce,Monkey,1037,288,0,46,6,offspring:1
8081,kill,Penguin,849,172,3,56,9,killed_by:Polar Bear:477
8082,hunt_start,Polar Bear,477,172,5,56,2,target:Penguin:784
8083,kill,Deer,725,14,3,259,5,killed_by:Jaguar:206
8084,hunt_start,Jaguar,206,14,6,259,9,target:Deer:74
8090,hunt_fail,Bear,462,96,8,211,7,discomfort
8093,starvation,Parrot,880,1,8,275,5,
8098,starvation,Wolf,812,211,7,272,6,
8098,reproduce,Deer,1220,53,1,148,4,offspring:1
8100,kill,Penguin,1092,283,0,43,9,killed_by:Hawk:1328
8101,hunt_start,Hawk,1328,283,0,44,2,target:Rabbit:496
8101,reproduce,Musk Ox,312,122,2,225,3,offspring:1
8101,reproduce,Parrot,663,128,1,177,2,offspring:1
8106,hunt_start,Jaguar,633,32,2,186,0,target:Boar:98
8110,reproduce,Penguin,803,171,0,30,3,offspring:1
8113,kill,Boar,98,31,6,183,4,killed_by:Jaguar:633
8114,hunt_start,Jaguar,485,87,7,231,9,target:Musk Ox:703
8121,reproduce,Monkey,792,1,4,124,7,offspring:1
8122,reproduce,Monkey,556,9,2,133,7,offspring:1
8123,reproduce,Monkey,649,8,7,127,1,offspring:1
8129,kill,Rabbit,99,287,5,51,9,killed_by:Hawk:752
8130,hunt_start,Hawk,752,287,2,52,2,target:Penguin:1173
8135,kill,Boar,458,31,0,206,9,killed_by:Jaguar:370
8135,reproduce,Jaguar,370,31,6,206,6,offspring:1
8135,reproduce,Parrot,732,2,5,160,0,offspring:1
8136,hunt_start,Jaguar,99,28,8,207,9,target:Boar:1113
8136,hunt_start,Jaguar,370,31,5,206,6,target:Tapir:361
8138,reproduce,Monkey,1072,27,9,47,8,offspring:1
8140,kill,Deer,59,183,0,121,7,killed_by:Wolf:431
8140,reproduce,Deer,40,129,4,152,7,offspring:1
8140,reproduce,Musk Ox,311,121,2,224,5,offspring:1
8140,reproduce,Deer,1119,142,1,137,8,offspring:1
8141,hunt_fail,Wolf,430,183,5,123,5,prey_escaped
8142,starvation,Monkey,320,139,4,172,4,
8158,reproduce,Turtle,185,209,8,97,5,offspring:1
8162,reproduce,Parrot,1239,40,8,61,6,offspring:1
8163,reproduce,Deer,881,17,3,64,0,offspring:1
8172,reproduce,Camel,172,2,8,132,2,offspring:1
8194,reproduce,Musk Ox,703,94,0,226,8,offspring:1
8196,starvation,Monkey,316,141,6,26,6,
8198,hunt_start,Bear,462,98,4,211,8,target:Musk Ox:1273
8216,reproduce,Camel,254,144,4,182,1,offspring:1
8220,kill,Rabbit,496,288,0,39,0,killed_by:Hawk:1328
8221,hunt_start,Hawk,1328,287,3,39,0,target:Monkey:808
8226,reproduce,Camel,260,122,2,83,3,offspring:1
8238,reproduce,Parrot,1135,128,0,238,9,offspring:1
8241,kill,Penguin,1173,288,0,46,2,killed_by:Hawk:752
8242,hunt_start,Hawk,752,287,3,46,6,target:Penguin:282
8247,kill,Rabbit,1118,76,1,283,3,killed_by:Jaguar:805
8248,hunt_start,Jaguar,805,75,4,283,6,target:Camel:530
8256,reproduce,Camel,924,78,5,64,0,offspring:1
8266,starvation,Parrot,9,119,7,127,2,
8283,hunt_start,Boar,127,41,0,96,6,target:Frog:511
8285,kill,Penguin,784,170,9,72,2,killed_by:Polar Bear:477
8286,hunt_start,Polar Bear,477,170,9,71,5,target:Frog:168
8290,hunt_fail,Jaguar,485,91,2,229,0,discomfort
8290,hunt_start,Boar,1341,41,0,94,6,target:Frog:511
8293,reproduce,Parrot,446,113,2,127,7,offspring:1
8295,reproduce,Frog,605,56,1,128,0,offspring:2
8295,reproduce,Penguin,1103,176,5,67,4,offspring:1
8307,starvation,Rabbit,271,254,1,150,3,
8309,reproduce,Deer,11,198,0,279,4,offspring:1
8309,reproduce,Deer,196,160,0,273,8,offspring:1
8309,reproduce,Deer,493,193,0,275,5,offspring:1
8310,hunt_start,Boar,1325,55,8,127,4,target:Frog:605
8311,kill,Deer,74,0,0,246,8,killed_by:Jaguar:206
8312,reproduce,Monkey,27,200,7,105,0,offspring:1
8319,starvation,Polar Bear,478,243,5,136,7,
8320,starvation,Deer,648,0,6,274,1,
8322,kill,Musk Ox,1273,105,9,211,3,killed_by:Bear:462
8329,hunt_start,Jaguar,485,90,2,229,9,target:Musk Ox:1353
8330,hunt_start,Wolf,430,181,2,117,6,target:Turtle:676
8331,kill,Boar,1113,21,9,194,8,killed_by:Jaguar:99
8332,hunt_start,Jaguar,99,22,1,195,4,target:Elk:96
8333,reproduce,Penguin,533,281,5,31,9,offspring:1
8334,kill,Monkey,808,288,0,37,9,killed_by:Hawk:1328
8337,kill,Camel,530,80,7,281,6,killed_by:Jaguar:805
8337,reproduce,Camel,146,72,2,263,6,offspring:1
8337,reproduce,Camel,230,62,7,252,8,offspring:1
8337,reproduce,Camel,251,86,5,262,0,offspring:1
8337,reproduce,Camel,682,40,3,251,6,offspring:1
8337,reproduce,Camel,807,44,4,243,2,offspring:1
8338,hunt_fail,Jaguar,487,111,7,131,3,discomfort
8338,reproduce,Rabbit,993,236,0,131,7,offspring:2
8339,reproduce,Parrot,248,54,8,58,1,offspring:1
8339,reproduce,Parrot,1272,59,1,59,6,offspring:1
8342,kill,Penguin,282,288,0,43,3,killed_by:Hawk:752
8348,reproduce,Boar,203,4,6,192,0,offspring:2
8354,hunt_start,Hawk,1328,287,5,38,0,target:Monkey:1037
8359,kill,Frog,168,171,0,70,5,killed_by:Polar Bear:477
8360,hunt_start,Polar Bear,477,171,1,69,8,target:Shroomer:89
8367,age_death,Frog,163,174,1,72,6,
8370,hunt_start,Jaguar,450,10,7,200,3,target:Elk:384
8383,reproduce,Rabbit,869,224,0,88,7,offspring:2
8387,reproduce,Rabbit,697,96,1,261,0,offspring:2
8391,reproduce,Jaguar,206,0,5,249,0,offspring:1
8392,hunt_start,Jaguar,206,0,5,249,0,target:Deer:897
8392,hunt_start,Jaguar,1371,3,4,246,6,target:Deer:896
8394,hunt_fail,Jaguar,486,59,7,242,0,discomfort
8394,reproduce,Monkey,1254,197,8,127,5,offspring:1
8397,reproduce,Monkey,1027,208,6,140,2,offspring:1
8403,hunt_start,Jaguar,486,60,0,242,0,target:Parrot:769
8407,age_death,Lizard,233,251,1,223,0,
8409,reproduce,Turtle,900,27,4,234,3,offspring:1
8417,hunt_start,Jaguar,487,112,9,132,0,target:Parrot:784
8426,reproduce,Monkey,1258,30,3,33,9,offspring:1
8427,reproduce,Monkey,853,10,8,24,6,offspring:1
8428,reproduce,Monkey,620,129,6,241,2,offspring:1
8428,reproduce,Monkey,683,101,5,230,6,offspring:1
8428,reproduce,Monkey,743,133,3,240,9,offspring:1
8428,reproduce,Monkey,768,123,6,231,9,offspring:1
8428,reproduce,Monkey,1259,124,7,230,9,offspring:1
8432,reproduce,Penguin,1098,17,4,64,0,offspring:1
8435,reproduce,Elk,1085,91,4,125,7,offspring:1
8439,reproduce,Elk,1148,66,0,120,5,offspring:1
8450,reproduce,Elk,194,230,4,253,8,offspring:1
8451,starvation,Monkey,963,66,0,176,7,
8455,reproduce,Musk Ox,1141,105,2,176,3,offspring:1
8455,reproduce,Musk Ox,1142,116,9,189,3,offspring:1
8462,kill,Monkey,1037,288,0,38,5,killed_by:Hawk:1328
8470,kill,Shroomer,89,174,2,64,6,killed_by:Polar Bear:477
8470,hunt_fail,Jaguar,485,91,1,229,9,discomfort
8471,hunt_start,Polar Bear,477,173,8,65,4,target:Penguin:1356
8474,reproduce,Deer,1215,108,6,161,0,offspring:1
8475,hunt_fail,Jaguar,487,112,1,127,1,discomfort
8475,kill,Lizard,693,-0,1,288,2,killed_by:Jaguar:1149
8484,hunt_start,Jaguar,485,90,6,230,0,target:Musk Ox:703
8485,hunt_start,Jaguar,633,19,3,181,0,target:Elk:96
8490,reproduce,Elk,101,79,6,84,4,offspring:1
8498,kill,Turtle,676,192,2,121,2,killed_by:Wolf:430
8499,hunt_fail,Boar,1205,213,4,198,0,prey_escaped
8502,hunt_start,Hawk,752,281,7,47,7,target:Penguin:562
8503,reproduce,Boar,599,128,4,224,0,offspring:2
8508,reproduce,Monkey,198,59,0,176,6,offspring:1
8508,reproduce,Monkey,1144,48,1,170,9,offspring:1
8512,kill,Elk,96,13,2,184,2,killed_by:Jaguar:99
8513,hunt_fail,Jaguar,633,16,5,183,0,target_died
8513,hunt_start,Jaguar,633,16,5,183,0,target:Elk:25
8521,reproduce,Turtle,188,45,2,224,0,offspring:1
8523,hunt_fail,Boar,1319,216,3,264,0,prey_escaped
8532,reproduce,Tapir,1170,15,0,231,0,offspring:1
8537,reproduce,Rabbit,456,111,4,95,3,offspring:2
8548,reproduce,Elk,384,5,9,209,2,offspring:1
8560,kill,Boar,203,2,0,195,0,killed_by:Jaguar:1035
8561,hunt_start,Jaguar,1035,2,6,194,7,target:Boar:1366
8566,starvation,Hawk,1191,70,2,33,6,
8569,hunt_fail,Jaguar,485,91,0,229,7,discomfort
8574,reproduce,Rabbit,757,277,2,32,0,offspring:2
8579,reproduce,Penguin,1159,275,3,120,0,offspring:1
8582,starvation,Hawk,766,256,9,45,9,
8583,hunt_start,Jaguar,485,90,7,230,0,target:Musk Ox:703
8595,kill,Deer,896,15,0,251,5,killed_by:Jaguar:1371
8596,hunt_start,Jaguar,1371,14,1,251,6,target:Deer:897
8596,reproduce,Deer,75,0,9,253,7,offspring:1
8596,reproduce,Deer,499,30,4,286,2,offspring:1
8596,reproduce,Deer,632,16,9,257,7,offspring:1
8596,reproduce,Deer,897,7,7,251,8,offspring:1
8598,environment_death,Shroomer,239,249,9,41,7,drowning
8598,reproduce,Elk,1219,224,8,249,4,offspring:1
8614,kill,Elk,25,12,0,179,9,killed_by:Jaguar:633
8614,reproduce,Boar,243,221,3,256,5,offspring:2
8615,reproduce,Elk,1164,236,0,263,5,offspring:1
8621,kill,Penguin,562,280,9,61,8,killed_by:Hawk:752
8622,hunt_start,Hawk,1328,284,6,39,5,target:Rabbit:758
8626,reproduce,Musk Ox,299,192,0,139,0,offspring:1
8634,reproduce,Penguin,280,286,9,96,0,offspring:1
8635,kill,Boar,1366,5,2,201,0,killed_by:Jaguar:1035
8635,reproduce,Jaguar,1035,4,9,200,4,offspring:1
8636,hunt_start,Jaguar,1035,5,0,200,5,target:Elk:384
8636,hunt_start,Jaguar,1366,5,3,201,9,target:Elk:384
8643,reproduce,Parrot,1105,128,0,239,5,offspring:1
8644,reproduce,Elk,1131,26,9,188,6,offspring:1
8644,reproduce,Elk,1221,27,7,191,7,offspring:1
8645,kill,Tapir,361,69,4,216,4,killed_by:Jaguar:370
8647,hunt_fail,Polar Bear,477,187,6,66,6,discomfort
8648,hunt_start,Jaguar,487,113,5,130,0,target:Camel:707
8650,reproduce,Elk,221,187,7,86,4,offspring:1
8652,kill,Deer,897,9,2,251,2,killed_by:Jaguar:206
8652,reproduce,Parrot,663,131,9,173,9,offspring:1
8653,hunt_fail,Jaguar,1371,13,0,251,6,prey_escaped
8653,hunt_start,Jaguar,1371,13,0,251,6,target:Lizard:907
8659,age_death,Frog,169,246,4,217,7,
8667,reproduce,Penguin,1242,278,9,28,9,offspring:1
8668,hunt_fail,Jaguar,485,91,0,229,6,discomfort
8669,starvation,Lizard,508,190,6,259,8,
8675,reproduce,Lizard,763,193,0,280,2,offspring:2
8685,hunt_start,Jaguar,485,90,6,229,9,target:Musk Ox:703
8686,reproduce,Tapir,158,79,5,199,8,offspring:1
8688,hunt_start,Wolf,430,193,4,127,6,target:Deer:199
8693,reproduce,Jaguar,633,13,4,180,6,offspring:1
8694,hunt_start,Jaguar,633,13,4,180,6,target:Elk:1322
8694,hunt_start,Jaguar,1416,10,8,180,4,target:Elk:1322
8699,reproduce,Deer,1220,53,2,149,7,offspring:1
8702,kill,Camel,707,108,7,127,9,killed_by:Jaguar:487
8702,reproduce,Jaguar,487,109,4,128,2,offspring:1
8703,hunt_start,Jaguar,487,109,3,128,2,target:Deer:1274
8703,hunt_start,Jaguar,707,112,1,127,4,target:Deer:1274
8704,starvation,Deer,151,22,7,252,2,
8709,hunt_start,Jaguar,805,71,6,282,9,target:Deer:874
8710,reproduce,Elk,204,273,8,119,8,offspring:1
8711,reproduce,Camel,1038,24,6,151,3,offspring:1
8717,reproduce,Penguin,1093,278,4,99,0,offspring:1
8719,environment_death,Lizard,229,194,9,168,8,drowning
8722,starvation,Snake,476,19,7,70,8,
8722,reproduce,Monkey,792,8,5,117,0,offspring:1
8722,reproduce,Monkey,1297,6,2,120,3,offspring:1
8729,kill,Frog,511,68,9,94,2,killed_by:Boar:127
8729,hunt_fail,Jaguar,485,91,1,229,2,discomfort
8730,hunt_start,Boar,127,68,5,94,2,target:Frog:175
8730,hunt_fail,Boar,1341,66,8,94,3,prey_escaped
8730,hunt_start,Boar,1341,66,8,94,3,target:Frog:175
8734,reproduce,Parrot,24,128,0,180,2,offspring:1
8734,reproduce,Parrot,989,95,4,177,5,offspring:1
8735,reproduce,Musk Ox,275,111,4,160,0,offspring:1
8736,hunt_start,Bear,462,113,1,212,2,target:Musk Ox:759
8737,reproduce,Turtle,182,140,5,251,5,offspring:1
8739,hunt_start,Boar,1205,213,3,198,6,target:Monkey:91
8765,hunt_start,Jaguar,485,90,1,230,0,target:Musk Ox:703
8770,kill,Elk,384,5,4,212,4,killed_by:Jaguar:1366
8771,hunt_fail,Jaguar,450,9,6,202,3,target_died
8771,hunt_start,Jaguar,450,9,6,202,3,target:Elk:1395
8771,hunt_fail,Jaguar,1035,5,1,204,3,target_died
8771,hunt_start,Jaguar,1035,5,1,204,3,target:Elk:1395
8779,starvation,Parrot,609,13,2,162,7,
8781,hunt_start,Hawk,752,286,4,57,6,target:Monkey:1342
8787,reproduce,Deer,164,279,8,88,6,offspring:1
8806,starvation,Scorpion,469,79,5,12,9,
8809,starvation,Hawk,926,68,2,32,5,
8809,starvation,Rabbit,1121,67,3,41,1,
8809,hunt_fail,Hawk,105,68,8,33,2,target_died
8809,hunt_start,Hawk,105,68,8,33,2,target:Monkey:148
8809,hunt_fail,Hawk,967,68,0,32,9,target_died
8809,hunt_start,Hawk,967,68,0,32,9,target:Rabbit:1276
8811,starvation,Hawk,967,68,1,32,5,
8811,reproduce,Rabbit,1276,71,9,21,8,offspring:2
8818,kill,Rabbit,758,261,4,25,3,killed_by:Hawk:1328
8824,kill,Frog,175,66,2,97,4,killed_by:Boar:1341
8825,hunt_fail,Boar,127,66,4,97,1,target_died
8825,hunt_start,Boar,127,66,4,97,1,target:Frog:438
8832,starvation,Shroomer,1189,230,9,274,3,
8848,kill,Musk Ox,759,115,4,217,9,killed_by:Bear:462
8849,reproduce,Musk Ox,1137,118,0,229,3,offspring:1
8852,starvation,Fish,830,195,7,24,5,
8853,reproduce,Tapir,459,25,0,223,3,offspring:1
8863,starvation,Hawk,442,254,0,45,9,
8866,starvation,Monkey,1101,42,4,160,4,
8866,reproduce,Monkey,624,32,9,172,7,offspring:1
8883,hunt_start,Polar Bear,477,184,9,68,6,target:Penguin:1252
8884,hunt_start,Jaguar,99,19,1,191,7,target:Elk:1407
8884,kill,Deer,199,201,2,115,1,killed_by:Wolf:430
8904,starvation,Hawk,37,223,8,23,7,
8906,reproduce,Parrot,1135,128,0,235,1,offspring:1
8907,kill,Elk,1322,12,3,192,4,killed_by:Jaguar:1416
8908,hunt_fail,Jaguar,633,13,2,181,2,target_died
8910,reproduce,Deer,196,155,8,272,9,offspring:1
8913,starvation,Hawk,105,82,3,17,5,
8916,kill,Deer,1274,98,2,143,0,killed_by:Jaguar:487
8917,hunt_start,Jaguar,487,98,5,142,6,target:Deer:1331
8917,hunt_fail,Jaguar,707,100,0,140,8,target_died
8917,hunt_start,Jaguar,707,100,0,140,8,target:Deer:1331
8917,reproduce,Monkey,27,209,3,109,1,offspring:1
8933,kill,Elk,1407,23,8,190,2,killed_by:Jaguar:99
8941,hunt_start,Jaguar,1149,1,6,285,3,target:Lizard:611
8941,reproduce,Jaguar,805,70,1,278,0,offspring:1
8942,starvation,Shark,453,160,5,103,0,
8942,hunt_start,Jaguar,37,68,9,277,0,target:Deer:874
8947,reproduce,Boar,5,278,7,164,1,offspring:2
8953,starvation,Wolf,432,193,5,288,0,
8963,reproduce,Boar,35,42,0,95,3,offspring:2
8969,hunt_start,Jaguar,206,3,2,257,8,target:Deer:1397
8970,reproduce,Rabbit,84,267,0,32,0,offspring:2
8978,starvation,Hawk,1022,214,2,14,9,
8978,hunt_start,Hawk,1328,267,6,18,1,target:Penguin:285
8980,environment_death,Musk Ox,288,193,0,175,8,drowning
8987,reproduce,Deer,881,17,6,72,2,offspring:1
8994,kill,Monkey,1342,262,0,39,4,killed_by:Hawk:752
8994,reproduce,Monkey,17,276,0,20,8,offspring:1
8994,reproduce,Monkey,336,277,5,6,9,offspring:1
8994,reproduce,Monkey,337,272,3,9,3,offspring:1
8994,reproduce,Monkey,363,284,9,15,4,offspring:1
8994,reproduce,Monkey,626,277,4,8,7,offspring:1
8994,reproduce,Monkey,914,283,0,3,1,offspring:1
8994,reproduce,Monkey,1108,268,6,4,7,offspring:1
8994,reproduce,Monkey,1109,274,4,12,2,offspring:1
8996,reproduce,Monkey,1254,205,8,125,1,offspring:1
8997,reproduce,Hawk,752,262,2,39,5,offspring:1
8998,hunt_start,Hawk,752,262,3,39,4,target:Rabbit:1129
8998,hunt_start,Hawk,1440,263,6,40,6,target:Rabbit:1129
9017,hunt_start,Jaguar,370,79,1,219,1,target:Boar:120
9032,kill,Elk,1395,12,0,211,3,killed_by:Jaguar:1035
9033,hunt_fail,Jaguar,450,9,9,203,9,target_died
9033,reproduce,Penguin,1098,16,4,70,5,offspring:1
9037,kill,Boar,120,77,1,215,3,killed_by:Jaguar:796
9038,hunt_fail,Jaguar,370,78,8,218,9,target_died
9038,hunt_start,Jaguar,370,78,8,218,9,target:Lizard:1251
9038,hunt_start,Jaguar,796,77,6,215,6,target:Lizard:604
9054,hunt_fail,Jaguar,486,94,0,271,9,discomfort
9057,reproduce,Deer,1202,256,1,94,6,offspring:1
9059,kill,Penguin,1252,170,3,71,2,killed_by:Polar Bear:477
9060,hunt_start,Polar Bear,477,171,0,71,1,target:Penguin:1103
9060,reproduce,Rabbit,716,29,7,223,9,offspring:2
9074,hunt_start,Wolf,430,200,2,114,8,target:Deer:119
9086,hunt_start,Jaguar,633,19,3,183,6,target:Elk:1406
9094,reproduce,Camel,366,128,0,208,8,offspring:1
9099,kill,Deer,1331,108,0,155,9,killed_by:Jaguar:487
9100,hunt_fail,Jaguar,707,105,7,153,5,target_died
9100,hunt_start,Jaguar,707,105,7,153,5,target:Deer:1215
9103,kill,Deer,874,74,1,265,8,killed_by:Jaguar:37
9104,hunt_start,Jaguar,37,73,7,266,3,target:Camel:808
9104,hunt_fail,Jaguar,805,70,9,274,8,target_died
9104,hunt_start,Jaguar,805,70,9,274,8,target:Turtle:543
9105,kill,Penguin,285,283,1,13,3,killed_by:Hawk:1328
9109,kill,Deer,1397,0,0,246,6,killed_by:Jaguar:206
9112,hunt_start,Jaguar,486,92,5,272,0,target:Deer:79
9141,kill,Musk Ox,703,102,2,223,3,killed_by:Jaguar:485
9141,reproduce,Jaguar,485,101,4,223,6,offspring:1
9142,hunt_start,Jaguar,485,101,5,223,6,target:Musk Ox:1353
9142,hunt_start,Jaguar,874,98,7,223,0,target:Musk Ox:1353
9144,kill,Rabbit,1129,278,4,23,3,killed_by:Hawk:1440
9145,hunt_fail,Hawk,752,278,0,23,7,target_died
9145,hunt_start,Hawk,752,278,0,23,7,target:Penguin:1242
9145,hunt_start,Hawk,1440,278,3,23,4,target:Penguin:1242
9147,kill,Deer,79,88,6,271,4,killed_by:Jaguar:486
9148,hunt_start,Jaguar,486,89,5,271,5,target:Deer:1284
9150,reproduce,Penguin,278,283,3,43,9,offspring:1
9150,reproduce,Penguin,525,282,5,96,0,offspring:1
9173,reproduce,Monkey,786,114,5,136,8,offspring:1
9175,reproduce,Camel,172,1,9,143,3,offspring:1
9180,reproduce,Boar,1233,126,3,110,8,offspring:2
9181,hunt_start,Boar,1022,124,2,109,0,target:Lizard:1287
9181,hunt_start,Boar,1438,124,2,109,0,target:Lizard:1287
9184,reproduce,Frog,605,52,9,128,0,offspring:2
9184,reproduce,Rabbit,869,223,8,95,3,offspring:2
9189,kill,Camel,808,79,3,264,9,killed_by:Jaguar:37
9195,kill,Penguin,1242,273,0,22,2,killed_by:Hawk:752
9195,reproduce,Penguin,533,272,4,41,3,offspring:1
9195,reproduce,Hawk,1328,281,8,9,3,offspring:1
9196,hunt_start,Hawk,752,273,2,22,4,target:Rabbit:203
9196,hunt_start,Hawk,1242,281,2,10,5,target:Rabbit:203
9196,hunt_start,Hawk,1328,281,7,9,2,target:Rabbit:203
9208,reproduce,Parrot,799,128,0,235,0,offspring:1
9212,reproduce,Boar,1319,225,9,260,4,offspring:2
9218,reproduce,Musk Ox,970,273,9,118,1,offspring:1
9218,reproduce,Musk Ox,1196,271,2,123,2,offspring:1
9235,reproduce,Elk,194,235,2,256,0,offspring:1
9236,reproduce,Elk,1085,93,5,130,9,offspring:1
9241,starvation,Penguin,521,67,2,38,5,
9241,hunt_fail,Hawk,464,67,8,32,5,target_died
9241,hunt_start,Hawk,464,67,8,32,5,target:Rabbit:1409
9256,kill,Musk Ox,1353,100,3,216,7,killed_by:Jaguar:874
9256,reproduce,Musk Ox,310,136,3,229,7,offspring:1
9256,reproduce,Musk Ox,311,134,8,232,0,offspring:1
9257,hunt_fail,Jaguar,485,101,0,216,7,target_died
9257,hunt_start,Jaguar,485,101,0,216,7,target:Monkey:1379
9260,reproduce,Tapir,484,75,7,193,7,offspring:1
9262,hunt_start,Bear,462,122,9,219,2,target:Musk Ox:725
9276,reproduce,Deer,400,256,1,93,4,offspring:1
9277,kill,Penguin,1103,170,8,87,3,killed_by:Polar Bear:477
9278,reproduce,Boar,1280,125,8,111,3,offspring:2
9279,hunt_start,Boar,521,123,6,111,2,target:Lizard:1006
9279,hunt_start,Boar,1103,123,6,111,2,target:Lizard:1006
9279,hunt_start,Jaguar,1416,10,2,191,2,target:Boar:282
9286,reproduce,Parrot,24,132,2,186,2,offspring:1
9288,starvation,Lizard,917,166,4,210,8,
9288,kill,Deer,119,177,9,117,1,killed_by:Wolf:430
9290,reproduce,Lizard,1021,192,0,219,3,offspring:2
9293,starvation,Monkey,982,137,4,170,0,
9293,reproduce,Elk,101,87,9,86,8,offspring:1
9297,hunt_start,Jaguar,450,18,0,198,7,target:Elk:1406
9300,reproduce,Deer,1220,56,3,148,0,offspring:1
9300,reproduce,Lizard,1289,119,5,95,9,offspring:2
9305,hunt_start,Jaguar,99,12,4,184,5,target:Boar:282
9312,kill,Boar,282,12,3,187,2,killed_by:Jaguar:99
9313,kill,Rabbit,203,263,6,9,3,killed_by:Hawk:752
9313,hunt_fail,Jaguar,1416,10,7,190,6,target_died
9313,reproduce,Boar,263,39,7,197,4,offspring:2
9314,hunt_start,Boar,203,39,3,197,8,target:Lizard:85
9314,hunt_start,Boar,263,39,7,197,4,target:Lizard:1249
9314,hunt_start,Boar,282,39,3,197,8,target:Lizard:85
9314,hunt_fail,Hawk,1242,263,8,9,3,prey_escaped
9314,hunt_start,Hawk,1242,263,8,9,3,target:Monkey:539
9314,hunt_fail,Hawk,1328,264,6,9,7,prey_escaped
9314,hunt_start,Hawk,1328,264,6,9,7,target:Monkey:539
9325,kill,Lizard,907,-0,0,288,0,killed_by:Jaguar:1371
9330,kill,Deer,1284,81,7,260,6,killed_by:Jaguar:486
9354,hunt_start,Hawk,752,265,0,7,7,target:Monkey:1436
9375,starvation,Hawk,824,225,0,23,3,
9376,kill,Rabbit,1409,75,0,9,6,killed_by:Hawk:464
9377,hunt_start,Hawk,464,74,9,9,8,target:Rabbit:483
9382,reproduce,Elk,883,233,4,263,3,offspring:1
9387,starvation,Fish,815,200,6,23,0,
9389,kill,Musk Ox,725,130,4,218,5,killed_by:Bear:462
9389,reproduce,Deer,164,276,4,87,1,offspring:1
9398,reproduce,Elk,204,276,6,125,5,offspring:1
9399,reproduce,Parrot,720,169,0,41,4,offspring:1
9399,reproduce,Parrot,1000,177,0,11,4,offspring:1
9399,reproduce,Parrot,1120,177,7,20,4,offspring:1
9399,reproduce,Elk,1219,226,7,248,9,offspring:1
9416,reproduce,Elk,1164,245,0,270,4,offspring:1
9418,reproduce,Deer,1283,48,8,218,7,offspring:1
9431,reproduce,Rabbit,993,223,9,136,9,offspring:2
9436,kill,Monkey,539,249,4,-0,1,killed_by:Hawk:1242
9437,hunt_start,Hawk,1242,249,3,0,3,target:Monkey:1109
9437,hunt_fail,Hawk,1328,249,6,-0,0,target_died
9437,hunt_start,Hawk,1328,249,6,-0,0,target:Monkey:1109
9445,reproduce,Rabbit,992,276,8,30,5,offspring:2
9445,reproduce,Elk,1131,23,0,183,6,offspring:1
9453,kill,Elk,1406,24,8,195,0,killed_by:Jaguar:633
9453,reproduce,Elk,1221,31,6,182,9,offspring:1
9468,starvation,Tapir,348,258,4,140,7,
9471,reproduce,Tapir,997,258,3,128,9,offspring:1
9475,reproduce,Monkey,1144,32,0,188,8,offspring:1
9477,hunt_start,Jaguar,487,113,2,162,1,target:Camel:255
9478,hunt_start,Wolf,430,178,2,114,7,target:Shroomer:404
9478,hunt_start,Boar,1341,70,3,97,2,target:Frog:1020
9481,hunt_start,Jaguar,206,0,7,251,6,target:Frog:791
9486,kill,Hawk,1242,256,8,1,7,killed_by:Hawk:1440
9487,hunt_start,Hawk,1440,256,5,1,6,target:Monkey:1109
9491,kill,Frog,791,0,3,248,1,killed_by:Jaguar:206
9505,kill,Camel,255,116,6,160,9,killed_by:Jaguar:487
9505,reproduce,Parrot,446,128,1,155,4,offspring:1
9506,kill,Rabbit,483,95,0,18,1,killed_by:Hawk:464
9507,hunt_start,Hawk,464,94,9,18,0,target:Rabbit:1122
9507,reproduce,Rabbit,97,78,1,23,8,offspring:2
9514,kill,Turtle,543,68,2,262,2,killed_by:Jaguar:805
9534,reproduce,Rabbit,1368,220,9,91,0,offspring:2
9536,reproduce,Monkey,556,12,4,122,3,offspring:1
9536,reproduce,Monkey,649,19,4,120,1,offspring:1
9536,reproduce,Monkey,1092,8,3,114,8,offspring:1
9536,reproduce,Monkey,1116,6,0,112,1,offspring:1
9544,reproduce,Boar,449,277,1,159,1,offspring:2
9544,reproduce,Boar,1337,273,0,161,0,offspring:2
9559,reproduce,Lizard,1287,96,0,96,0,offspring:2
9561,hunt_start,Jaguar,37,78,7,265,2,target:Deer:1285
9562,starvation,Monkey,452,117,1,6,2,
9562,reproduce,Monkey,134,130,7,24,4,offspring:1
9562,reproduce,Monkey,445,130,9,17,9,offspring:1
9562,reproduce,Monkey,981,133,1,5,7,offspring:1
9562,reproduce,Monkey,1177,130,0,28,1,offspring:1
9587,reproduce,Monkey,823,125,8,154,0,offspring:1
9587,reproduce,Monkey,979,111,2,131,5,offspring:1
9590,age_death,Frog,156,71,1,80,0,
9593,kill,Monkey,1436,288,0,0,3,killed_by:Hawk:752
9598,reproduce,Penguin,245,250,5,97,4,offspring:1
9598,reproduce,Penguin,280,287,0,107,0,offspring:1
9598,reproduce,Penguin,1093,274,3,105,4,offspring:1
9598,reproduce,Penguin,1159,276,7,121,2,offspring:1
9604,hunt_fail,Jaguar,485,115,3,242,5,discomfort
9613,starvation,Wolf,433,193,5,287,1,
9623,reproduce,Musk Ox,54,235,1,197,1,offspring:1
9623,reproduce,Musk Ox,292,241,0,207,0,offspring:1
9623,reproduce,Musk Ox,1223,236,3,196,1,offspring:1
9628,hunt_start,Jaguar,874,100,0,217,4,target:Boar:1089
9631,reproduce,Musk Ox,299,179,9,144,5,offspring:1
9636,reproduce,Musk Ox,275,104,3,152,7,offspring:1
9643,reproduce,Parrot,1405,138,8,241,8,offspring:1
9652,hunt_start,Jaguar,206,0,4,248,8,target:Deer:75
9654,reproduce,Rabbit,1394,115,2,94,7,offspring:2
9660,starvation,Hawk,495,55,5,46,8,
9661,starvation,Parrot,732,0,6,178,3,
9661,hunt_fail,Boar,1313,6,9,168,3,target_died
9661,hunt_fail,Boar,1314,8,0,168,5,target_died
9665,hunt_start,Jaguar,1366,11,9,209,0,target:Parrot:78
9670,kill,Rabbit,1122,66,6,22,7,killed_by:Hawk:464
9671,hunt_start,Hawk,464,66,8,22,7,target:Rabbit:469
9672,reproduce,Deer,1123,20,1,65,3,offspring:1
9672,reproduce,Deer,1292,14,8,68,8,offspring:1
9675,hunt_start,Jaguar,486,73,0,265,5,target:Deer:1285
9683,reproduce,Elk,783,15,9,160,1,offspring:1
9684,hunt_start,Jaguar,99,21,9,193,7,target:Monkey:1144
9687,reproduce,Parrot,897,128,0,176,1,offspring:1
9689,kill,Shroomer,404,188,4,105,9,killed_by:Wolf:431
9690,hunt_fail,Wolf,430,187,8,106,4,target_died
9691,hunt_start,Polar Bear,477,169,6,86,9,target:Shroomer:755
9695,reproduce,Tapir,318,64,0,56,8,offspring:1
9697,kill,Monkey,1109,288,0,11,2,killed_by:Hawk:1328
9698,hunt_start,Hawk,1328,287,4,11,4,target:Monkey:1342
9698,hunt_fail,Hawk,1440,286,9,11,3,target_died
9698,hunt_start,Hawk,1440,286,9,11,3,target:Monkey:1342
9706,reproduce,Penguin,443,49,8,64,6,offspring:1
9714,hunt_start,Jaguar,485,117,6,242,0,target:Monkey:1382
9717,reproduce,Rabbit,1236,128,6,178,7,offspring:2
9734,environment_death,Deer,47,100,4,61,3,drowning
9738,starvation,Parrot,232,67,4,235,7,
9738,reproduce,Deer,666,274,2,93,0,offspring:1
9738,reproduce,Deer,1202,259,0,87,7,offspring:1
9743,starvation,Monkey,1111,217,1,12,6,
9747,reproduce,Boar,599,147,2,229,4,offspring:2
9753,hunt_start,Hawk,752,283,0,2,7,target:Monkey:1431
9774,reproduce,Camel,807,32,0,232,8,offspring:1
9780,kill,Boar,1089,111,7,224,8,killed_by:Jaguar:874
9790,starvation,Penguin,957,264,9,65,5,
9803,hunt_start,Bear,462,129,1,211,6,target:Camel:1442
9808,reproduce,Penguin,278,283,3,47,1,offspring:1
9810,environment_death,Shroomer,543,244,3,36,6,drowning
9819,kill,Deer,1285,67,3,262,7,killed_by:Jaguar:486
9820,hunt_fail,Jaguar,37,77,2,265,0,target_died
9820,hunt_start,Jaguar,37,77,2,265,0,target:Deer:672
9825,starvation,Hawk,548,236,4,95,8,
9825,hunt_start,Jaguar,633,21,8,184,9,target:Monkey:1144
9826,starvation,Parrot,1239,32,4,71,9,
9829,hunt_start,Boar,1233,91,6,100,3,target:Rabbit:86
9829,hunt_start,Jaguar,1416,20,6,196,4,target:Parrot:78
9833,reproduce,Penguin,478,281,5,29,5,offspring:1
9835,reproduce,Elk,863,274,6,103,4,offspring:1
9838,reproduce,Camel,854,106,6,151,3,offspring:1
9838,reproduce,Camel,953,96,1,156,5,offspring:1
9840,reproduce,Parrot,1398,128,6,178,0,offspring:1
9844,starvation,Monkey,933,74,4,55,1,
9854,reproduce,Lizard,28,214,7,96,0,offspring:2
9855,starvation,Monkey,621,71,3,55,4,
9855,kill,Monkey,1342,288,0,35,2,killed_by:Hawk:1440
9856,hunt_fail,Hawk,1328,288,0,35,0,target_died
9856,hunt_start,Hawk,1328,288,0,35,0,target:Penguin:1239
9856,hunt_start,Hawk,1440,287,3,35,6,target:Penguin:1239
9864,kill,Shroomer,755,163,7,79,6,killed_by:Polar Bear:477
9865,hunt_start,Polar Bear,477,164,3,80,3,target:Shroomer:15
9874,reproduce,Jaguar,487,114,5,147,0,offspring:1
9875,hunt_start,Jaguar,487,114,5,147,0,target:Deer:1215
9875,hunt_start,Jaguar,621,117,5,147,0,target:Deer:1215
9879,hunt_start,Wolf,430,193,5,113,1,target:Deer:1197
9881,kill,Deer,1215,114,0,149,2,killed_by:Jaguar:487
9882,hunt_fail,Jaguar,621,117,1,147,3,target_died
9882,hunt_start,Jaguar,621,117,1,147,3,target:Deer:332
9882,hunt_fail,Jaguar,707,109,0,154,7,target_died
9882,hunt_start,Jaguar,707,109,0,154,7,target:Camel:854
9886,hunt_start,Jaguar,805,67,8,254,3,target:Camel:230
9895,reproduce,Monkey,1372,194,1,96,0,offspring:1
9901,reproduce,Deer,1220,48,5,148,3,offspring:1
9903,hunt_start,Jaguar,1035,8,4,207,0,target:Parrot:424
9918,kill,Camel,854,108,6,151,4,killed_by:Jaguar:707
9918,kill,Camel,230,69,0,258,1,killed_by:Jaguar:805
9919,reproduce,Camel,254,157,9,190,7,offspring:1
9923,hunt_start,Jaguar,1371,0,7,277,0,target:Frog:794
9935,reproduce,Frog,605,44,7,136,1,offspring:2
9938,reproduce,Deer,69,159,0,275,5,offspring:1
9944,hunt_start,Boar,1233,91,4,100,4,target:Rabbit:86
9952,reproduce,Camel,704,136,2,77,9,offspring:1
9953,kill,Camel,1442,138,8,210,1,killed_by:Bear:462
9953,reproduce,Camel,1218,135,5,176,5,offspring:1
9964,kill,Penguin,1239,275,1,25,7,killed_by:Hawk:1328
9965,hunt_start,Hawk,1328,275,5,26,3,target:Penguin:1411
9965,hunt_fail,Hawk,1440,275,2,25,9,target_died
9965,hunt_start,Hawk,1440,275,2,25,9,target:Penguin:1411
9982,reproduce,Penguin,533,271,5,42,9,offspring:1
10000,age_death,Fish,503,199,5,258,1,
10000,age_death,Fish,504,196,2,256,5,
10000,reproduce,Camel,260,128,0,73,4,offspring:1
10019,reproduce,Deer,1283,52,8,210,6,offspring:1
10020,reproduce,Elk,194,239,7,260,2,offspring:1
10023,kill,Shroomer,15,172,1,78,6,killed_by:Polar Bear:477
10024,hunt_start,Polar Bear,477,171,3,78,8,target:Shroomer:1344
10028,kill,Rabbit,469,78,9,16,7,killed_by:Hawk:464
10028,reproduce,Rabbit,1087,72,7,10,2,offspring:2
10029,hunt_start,Hawk,464,78,7,16,7,target:Monkey:148
10030,kill,Penguin,1411,272,8,17,1,killed_by:Hawk:1440
10031,hunt_fail,Hawk,1328,272,9,17,8,target_died
10031,hunt_start,Hawk,1328,272,9,17,8,target:Monkey:17
10031,hunt_start,Hawk,1440,272,8,17,3,target:Monkey:1430
10032,starvation,Turtle,186,221,3,267,7,
10036,age_death,Fish,150,194,3,253,9,
10036,age_death,Fish,564,198,0,255,6,
10037,hunt_fail,Jaguar,485,103,3,238,6,discomfort
10043,kill,Deer,672,72,9,259,2,killed_by:Jaguar:37
10047,kill,Deer,332,110,0,134,6,killed_by:Jaguar:621
10048,hunt_start,Jaguar,621,110,3,135,1,target:Deer:1310
10061,kill,Deer,1197,202,0,124,4,killed_by:Wolf:431
10062,hunt_fail,Wolf,430,201,6,124,5,target_died
10062,hunt_start,Boar,1438,88,2,100,5,target:Rabbit:86
10063,reproduce,Penguin,1080,260,3,128,0,offspring:1
10069,starvation,Jaguar,466,0,1,36,3,
10073,hunt_start,Jaguar,487,114,6,143,0,target:Monkey:79
10073,kill,Rabbit,86,89,2,101,4,killed_by:Boar:1233
10074,hunt_fail,Boar,1438,88,5,100,9,target_died
10088,reproduce,Elk,204,278,9,130,9,offspring:1
10094,reproduce,Elk,101,88,9,85,4,offspring:1
10100,reproduce,Deer,849,48,7,139,0,offspring:1
10100,reproduce,Lizard,1463,135,4,82,9,offspring:2
10102,reproduce,Deer,196,160,0,280,5,offspring:1
10109,reproduce,Monkey,1373,224,0,134,3,offspring:1
10117,reproduce,Monkey,199,198,7,95,9,offspring:1
10132,reproduce,Parrot,1364,48,1,59,6,offspring:1
10143,reproduce,Deer,931,66,6,64,0,offspring:1
10147,hunt_start,Jaguar,485,107,2,238,6,target:Boar:163
10151,age_death,Fish,581,109,4,34,1,
10151,age_death,Fish,582,109,7,33,0,
10152,hunt_start,Jaguar,874,103,1,231,5,target:Rabbit:1115
10155,kill,Monkey,148,97,5,12,7,killed_by:Hawk:464
10156,hunt_start,Hawk,464,97,3,12,8,target:Parrot:701
10160,age_death,Fish,585,106,5,34,9,
10160,age_death,Fish,586,106,5,33,5,
10162,kill,Shroomer,1344,171,5,71,4,killed_by:Polar Bear:477
10164,hunt_start,Jaguar,486,74,1,267,4,target:Deer:641
10169,reproduce,Elk,1312,237,6,258,7,offspring:1
10183,reproduce,Elk,883,239,5,262,2,offspring:1
10186,reproduce,Elk,1085,79,3,135,6,offspring:1
10186,reproduce,Elk,1308,78,1,138,1,offspring:1
10187,hunt_fail,Jaguar,487,116,8,133,3,discomfort
10188,reproduce,Deer,41,83,7,166,1,offspring:1
10191,age_death,Fish,256,111,4,30,4,
10191,age_death,Fish,589,112,8,28,9,
10191,reproduce,Elk,514,35,1,192,1,offspring:1
10192,reproduce,Elk,1317,52,1,60,5,offspring:1
10200,reproduce,Deer,11,196,4,280,0,offspring:1
10200,reproduce,Deer,1175,194,1,276,2,offspring:1
10201,reproduce,Elk,1219,229,4,245,9,offspring:1
10213,kill,Monkey,17,288,0,12,4,killed_by:Hawk:1328
10214,hunt_start,Hawk,1328,287,4,12,6,target:Rabbit:1191
10215,reproduce,Elk,995,64,0,86,1,offspring:1
10217,reproduce,Hawk,1328,287,4,13,0,offspring:1
10219,hunt_start,Hawk,1540,288,0,12,2,target:Rabbit:1191
10219,reproduce,Monkey,624,38,2,192,1,offspring:1
10223,starvation,Hawk,1209,1,4,15,9,
10234,kill,Deer,1310,104,0,125,0,killed_by:Jaguar:621
10238,kill,Monkey,1430,287,7,0,0,killed_by:Hawk:1440
10239,reproduce,Parrot,897,130,9,171,7,offspring:1
10239,reproduce,Hawk,1440,287,5,0,3,offspring:1
10240,hunt_start,Hawk,1310,284,9,-0,1,target:Monkey:1431
10240,hunt_start,Hawk,1440,287,5,0,3,target:Monkey:1431
10251,hunt_start,Wolf,430,201,5,122,3,target:Deer:939
10278,kill,Elk,1406,38,2,192,5,killed_by:Jaguar:450
10287,reproduce,Elk,1131,20,3,177,0,offspring:1
10290,hunt_start,Jaguar,707,112,5,147,8,target:Tapir:1244
10290,hunt_start,Jaguar,805,63,5,261,7,target:Tapir:709
10292,starvation,Parrot,1348,64,5,53,1,
10292,reproduce,Turtle,185,219,2,89,9,offspring:1
10292,reproduce,Parrot,1315,50,3,61,1,offspring:1
10298,starvation,Penguin,358,253,5,76,1,
10298,kill,Monkey,1431,288,0,0,0,killed_by:Hawk:1440
10299,hunt_fail,Hawk,752,287,4,0,4,target_died
10299,hunt_start,Hawk,752,287,4,0,4,target:Monkey:1435
10299,hunt_fail,Hawk,1310,286,8,0,9,target_died
10299,hunt_start,Hawk,1310,286,8,0,9,target:Monkey:1435
10299,hunt_start,Hawk,1440,287,6,0,0,target:Monkey:1435
10328,starvation,Hawk,1326,7,4,6,1,
10336,reproduce,Deer,59,131,2,160,0,offspring:1
10345,kill,Rabbit,1191,284,6,32,9,killed_by:Hawk:1328
10345,reproduce,Monkey,74,203,1,96,0,offspring:1
10346,hunt_start,Hawk,1328,284,6,32,7,target:Rabbit:1428
10346,hunt_fail,Hawk,1540,284,7,32,3,target_died
10346,hunt_start,Hawk,1540,284,7,32,3,target:Rabbit:1428
10350,reproduce,Elk,686,25,8,163,6,offspring:1
10360,reproduce,Lizard,1492,86,1,89,9,offspring:2
10365,reproduce,Penguin,278,279,0,45,0,offspring:1
10367,hunt_start,Bear,462,140,5,203,1,target:Musk Ox:1138
10403,environment_death,Shroomer,398,141,0,170,9,drowning
10415,hunt_start,Jaguar,37,79,5,259,6,target:Deer:535
10416,reproduce,Jaguar,805,64,0,259,4,offspring:1
10417,kill,Deer,641,91,4,263,0,killed_by:Jaguar:486
10417,hunt_start,Jaguar,1551,62,3,261,7,target:Tapir:709
10418,environment_death,Shroomer,1430,142,9,99,0,drowning
10428,kill,Deer,939,205,7,134,6,killed_by:Wolf:431
10429,hunt_fail,Wolf,430,205,2,134,5,target_died
10434,reproduce,Penguin,478,277,7,25,8,offspring:1
10440,hunt_fail,Jaguar,1366,26,8,209,6,prey_escaped
10446,kill,Tapir,709,65,9,256,2,killed_by:Jaguar:805
10446,age_death,Fish,615,111,6,32,0,
10446,age_death,Fish,616,112,3,31,1,
10446,reproduce,Fish,642,91,0,31,7,offspring:2
10447,hunt_fail,Jaguar,1551,63,1,260,4,prey_escaped
10447,hunt_start,Jaguar,1551,63,1,260,4,target:Camel:1350
10447,reproduce,Fish,645,130,9,39,5,offspring:2
10453,starvation,Monkey,806,137,0,169,8,
10453,kill,Boar,163,118,5,241,4,killed_by:Jaguar:485
10454,hunt_start,Jaguar,485,117,9,241,2,target:Monkey:743
10455,kill,Musk Ox,1138,143,5,206,7,killed_by:Bear:462
10465,starvation,Shroomer,414,4,2,117,9,
10476,kill,Tapir,1244,97,4,143,6,killed_by:Jaguar:707
10491,kill,Rabbit,1428,261,9,31,3,killed_by:Hawk:1328
10492,hunt_start,Hawk,1328,262,6,31,3,target:Rabbit:757
10492,hunt_fail,Hawk,1540,262,1,31,3,target_died
10492,hunt_start,Hawk,1540,262,1,31,3,target:Rabbit:757
10502,reproduce,Deer,1220,50,3,144,1,offspring:1
10506,hunt_start,Boar,1103,73,6,138,3,target:Lizard:1006
10516,hunt_fail,Jaguar,1169,31,2,214,5,prey_escaped
10516,hunt_start,Jaguar,1169,31,2,214,5,target:Tapir:362
10517,age_death,Lizard,237,198,0,285,7,
10519,reproduce,Rabbit,757,265,7,27,0,offspring:2
10525,kill,Frog,794,19,0,278,4,killed_by:Jaguar:1371
10526,kill,Monkey,1435,250,8,8,0,killed_by:Hawk:1310
10526,hunt_start,Jaguar,1371,18,5,278,4,target:Deer:766
10526,reproduce,Monkey,336,265,2,0,0,offspring:1
10526,reproduce,Monkey,337,249,6,0,0,offspring:1
10526,reproduce,Monkey,363,264,9,16,5,offspring:1
10526,reproduce,Monkey,730,262,9,14,7,offspring:1
10526,reproduce,Monkey,1433,261,5,12,7,offspring:1
10527,hunt_start,Hawk,1310,251,1,7,9,target:Monkey:794
10529,reproduce,Elk,1303,274,1,137,5,offspring:1
10532,reproduce,Boar,448,27,4,192,1,offspring:2
10534,reproduce,Elk,1221,37,2,192,0,offspring:1
10537,reproduce,Musk Ox,275,100,6,158,8,offspring:1
10539,kill,Rabbit,757,266,7,24,8,killed_by:Hawk:1328
10540,hunt_start,Hawk,1328,266,7,25,0,target:Rabbit:1428
10540,hunt_fail,Hawk,1540,266,5,25,3,target_died
10540,hunt_start,Hawk,1540,266,5,25,3,target:Rabbit:1428
10545,reproduce,Parrot,446,128,0,139,9,offspring:1
10562,starvation,Shroomer,72,216,6,47,6,
10568,environment_death,Shroomer,1544,150,7,107,2,drowning
10569,kill,Camel,1350,59,4,252,2,killed_by:Jaguar:1551
10592,reproduce,Rabbit,993,217,1,143,7,offspring:2
10599,kill,Rabbit,1428,272,7,32,0,killed_by:Hawk:1540
10600,hunt_fail,Hawk,1328,272,3,31,5,target_died
10600,hunt_start,Hawk,1328,272,3,31,5,target:Rabbit:1431
10600,hunt_start,Hawk,1540,272,5,31,8,target:Rabbit:1431
10600,age_death,Fish,628,193,9,254,7,
10600,age_death,Fish,629,193,4,252,2,
10600,age_death,Fish,630,192,5,252,7,
10600,age_death,Fish,631,195,0,255,6,
10606,hunt_start,Jaguar,621,98,4,133,5,target:Monkey:979
10607,hunt_start,Boar,1111,155,2,243,6,target:Lizard:242
10620,reproduce,Deer,1283,41,3,214,7,offspring:1
10624,age_death,Fish,173,206,9,9,3,
10624,age_death,Fish,634,205,9,9,7,
10625,hunt_start,Boar,1313,12,2,150,4,target:Parrot:269
10631,hunt_start,Polar Bear,477,169,5,78,3,target:Musk Ox:307
10633,environment_death,Shroomer,410,245,8,33,2,drowning
10636,starvation,Shroomer,1204,218,9,245,0,
10636,age_death,Fish,637,196,6,253,9,
10636,age_death,Fish,638,194,9,254,6,
10636,reproduce,Elk,863,269,4,88,8,offspring:1
10641,age_death,Fish,642,91,1,31,7,
10641,reproduce,Musk Ox,1346,106,5,224,1,offspring:1
10644,reproduce,Parrot,1508,186,7,249,8,offspring:1
10646,reproduce,Deer,1037,114,6,160,4,offspring:1
10648,reproduce,Boar,599,153,0,241,9,offspring:2
10650,hunt_start,Jaguar,450,33,1,195,3,target:Elk:564
10656,reproduce,Camel,70,128,0,197,3,offspring:1
10658,environment_death,Shroomer,406,223,8,59,4,drowning
10659,environment_death,Deer,45,99,0,79,3,drowning
10659,reproduce,Penguin,1356,183,5,71,1,offspring:1
10664,reproduce,Lizard,1006,64,0,143,2,offspring:2
10672,age_death,Fish,104,199,1,256,7,
10672,age_death,Fish,170,197,1,256,9,
10672,reproduce,Fish,833,195,6,253,6,offspring:2
10672,reproduce,Fish,843,195,9,255,6,offspring:2
10672,reproduce,Fish,845,198,6,260,4,offspring:2
10672,reproduce,Fish,852,201,4,261,0,offspring:2
10672,reproduce,Fish,855,200,6,260,4,offspring:2
10672,reproduce,Fish,856,202,3,261,7,offspring:2
10675,reproduce,Monkey,348,16,0,194,2,offspring:1
10681,reproduce,Boar,1438,96,1,89,2,offspring:2
10682,hunt_start,Boar,1438,96,1,89,2,target:Frog:155
10682,hunt_start,Boar,1573,98,2,90,7,target:Frog:155
10682,hunt_start,Boar,1574,98,2,90,7,target:Frog:155
10684,kill,Monkey,794,231,5,-0,0,killed_by:Hawk:1310
10685,hunt_start,Hawk,1310,231,8,0,0,target:Monkey:729
10687,kill,Rabbit,1431,261,0,24,7,killed_by:Hawk:1328
10687,age_death,Fish,231,112,4,30,1,
10687,age_death,Fish,645,136,2,44,2,
10688,hunt_fail,Hawk,1540,261,5,25,0,target_died
10688,hunt_start,Hawk,1540,261,5,25,0,target:Penguin:377
10700,reproduce,Deer,1417,24,3,135,4,offspring:1
10701,environment_death,Shroomer,398,232,5,65,4,drowning
10701,environment_death,Shroomer,1550,218,6,58,1,drowning
10702,reproduce,Jaguar,707,96,2,135,7,offspring:1
10703,hunt_start,Jaguar,231,95,9,134,9,target:Tapir:1091
10703,hunt_start,Jaguar,707,96,2,135,7,target:Tapir:1091
10705,kill,Elk,564,37,1,198,2,killed_by:Jaguar:450
10710,hunt_start,Boar,637,155,2,241,4,target:Lizard:242
10710,hunt_start,Boar,1204,155,2,241,4,target:Lizard:242
10712,starvation,Turtle,187,240,2,286,8,
10714,kill,Deer,766,12,2,262,7,killed_by:Jaguar:1371
10718,reproduce,Jaguar,1371,12,5,263,3,offspring:1
10719,hunt_start,Jaguar,398,15,3,261,9,target:Deer:1400
10719,hunt_start,Jaguar,1371,12,6,263,4,target:Deer:1400
10737,kill,Frog,155,99,3,89,0,killed_by:Boar:1573
10737,kill,Frog,155,99,3,89,0,killed_by:Boar:1574
10738,hunt_fail,Boar,1438,98,9,89,0,target_died
10738,hunt_start,Boar,1573,99,3,89,5,target:Frog:510
10738,hunt_start,Boar,1574,99,6,89,0,target:Frog:510
10750,environment_death,Deer,75,3,5,215,0,drowning
10750,hunt_fail,Jaguar,206,6,2,218,5,target_died
10750,hunt_start,Jaguar,206,6,2,218,5,target:Rabbit:1441
10751,age_death,Fish,656,111,9,33,5,
10751,age_death,Fish,657,110,9,34,0,
10751,age_death,Fish,658,107,3,34,2,
10751,age_death,Fish,659,107,7,33,1,
10751,reproduce,Fish,106,109,9,30,8,offspring:2
10751,reproduce,Fish,734,105,2,34,4,offspring:2
10751,reproduce,Fish,735,105,4,33,2,offspring:2
10751,reproduce,Fish,736,104,6,32,4,offspring:2
10751,reproduce,Fish,737,105,7,31,8,offspring:2
10751,reproduce,Fish,740,111,0,32,8,offspring:2
10751,reproduce,Fish,741,110,1,32,1,offspring:2
10755,reproduce,Lizard,1109,224,1,79,2,offspring:2
10762,hunt_start,Jaguar,486,96,4,258,6,target:Deer:835
10770,kill,Monkey,1435,285,9,26,5,killed_by:Hawk:1440
10771,hunt_fail,Hawk,752,285,3,26,1,target_died
10771,hunt_start,Hawk,752,285,3,26,1,target:Monkey:1434
10771,hunt_start,Hawk,1440,285,7,26,4,target:Monkey:1434
10771,age_death,Frog,167,123,0,78,4,
10771,reproduce,Musk Ox,299,179,3,147,1,offspring:1
10773,reproduce,Tapir,898,126,4,22,6,offspring:1
10773,reproduce,Tapir,930,112,9,14,2,offspring:1
10776,reproduce,Camel,807,24,4,233,1,offspring:1
10803,kill,Penguin,377,248,9,32,3,killed_by:Hawk:1540
10803,reproduce,Deer,491,154,4,5,2,offspring:1
10803,reproduce,Deer,492,175,8,6,1,offspring:1
10803,reproduce,Penguin,808,276,8,52,3,offspring:1
10803,reproduce,Deer,1156,166,9,21,9,offspring:1
10804,hunt_start,Hawk,1540,249,1,32,2,target:Penguin:108
10811,starvation,Monkey,1345,35,5,45,2,
10811,reproduce,Monkey,853,9,3,30,0,offspring:1
10811,reproduce,Monkey,918,60,9,7,4,offspring:1
10811,reproduce,Monkey,1377,53,2,18,2,offspring:1
10818,hunt_start,Jaguar,805,58,6,248,5,target:Camel:287
10820,kill,Musk Ox,307,169,6,68,2,killed_by:Polar Bear:477
10825,hunt_start,Hawk,1328,266,6,19,7,target:Monkey:1554
10826,kill,Tapir,362,41,0,215,9,killed_by:Jaguar:1169
10827,hunt_start,Jaguar,1169,40,5,215,7,target:Deer:630
10829,reproduce,Tapir,1170,21,7,238,6,offspring:1
10833,starvation,Bear,463,191,5,286,9,
10842,reproduce,Frog,512,69,1,63,0,offspring:2
10848,reproduce,Tapir,1181,6,1,142,4,offspring:1
10848,reproduce,Tapir,1306,12,1,113,8,offspring:1
10855,reproduce,Monkey,1373,224,2,125,5,offspring:1
10882,reproduce,Camel,260,137,6,81,9,offspring:1
10891,kill,Deer,1400,23,4,276,2,killed_by:Jaguar:398
10891,reproduce,Deer,1399,25,3,268,0,offspring:1
10892,hunt_start,Jaguar,398,23,2,275,7,target:Frog:507
10892,hunt_fail,Jaguar,1371,19,1,270,2,target_died
10892,hunt_start,Jaguar,1371,19,1,270,2,target:Deer:632
10901,kill,Tapir,1091,110,6,143,0,killed_by:Jaguar:231
10901,kill,Deer,630,45,0,212,8,killed_by:Jaguar:1169
10902,hunt_fail,Jaguar,707,100,8,138,7,target_died
10902,hunt_start,Jaguar,707,100,8,138,7,target:Monkey:1499
10902,hunt_start,Jaguar,1366,21,7,208,4,target:Monkey:1572
10910,kill,Monkey,1434,282,7,47,9,killed_by:Hawk:1440
10911,hunt_fail,Hawk,752,282,8,47,3,target_died
10911,hunt_start,Hawk,752,282,8,47,3,target:Rabbit:1125
10917,hunt_start,Bear,462,136,3,205,7,target:Rabbit:603
10918,hunt_fail,Jaguar,485,147,1,217,9,discomfort
10940,reproduce,Turtle,901,71,9,261,5,offspring:1
10941,hunt_start,Jaguar,1551,64,5,253,0,target:Tapir:360
10954,starvation,Jaguar,875,148,2,155,8,
10955,reproduce,Camel,704,152,7,87,7,offspring:1
10956,kill,Camel,287,54,9,239,8,killed_by:Jaguar:805
10960,hunt_start,Jaguar,231,110,1,142,7,target:Musk Ox:1505
10963,reproduce,Deer,46,71,0,59,1,offspring:1
10973,kill,Monkey,729,258,3,33,4,killed_by:Hawk:1310
10974,hunt_start,Hawk,1310,258,1,33,2,target:Rabbit:1472
10979,kill,Penguin,108,267,2,46,2,killed_by:Hawk:1540
10979,reproduce,Penguin,278,286,3,52,7,offspring:1
10979,reproduce,Penguin,533,272,6,39,6,offspring:1
10979,reproduce,Lizard,1213,31,9,172,9,offspring:2
10979,reproduce,Penguin,1437,285,0,57,6,offspring:1
10980,hunt_start,Hawk,1540,267,0,46,0,target:Rabbit:489
10989,reproduce,Boar,282,50,6,224,0,offspring:2
10990,hunt_start,Boar,1598,49,0,222,0,target:Parrot:977
10990,hunt_start,Boar,1599,49,0,222,0,target:Parrot:977
10993,reproduce,Elk,514,34,7,206,7,offspring:1
11008,reproduce,Rabbit,1473,217,4,147,4,offspring:2
11010,starvation,Parrot,1082,16,6,250,7,
11021,starvation,Lizard,570,6,5,38,5,
11025,reproduce,Deer,341,96,0,262,7,offspring:1
11026,reproduce,Turtle,1034,184,8,111,6,offspring:1
11029,starvation,Wolf,749,201,2,170,2,
11032,reproduce,Deer,59,129,3,160,1,offspring:1
11034,reproduce,Deer,1294,90,0,63,6,offspring:1
11035,reproduce,Penguin,478,280,7,24,0,offspring:1
11038,hunt_start,Hawk,1440,283,8,49,0,target:Penguin:1434
11039,reproduce,Rabbit,1509,128,4,97,7,offspring:2
11042,kill,Rabbit,1125,272,1,62,6,killed_by:Hawk:752
11043,hunt_start,Hawk,752,272,2,62,4,target:Rabbit:489
11046,starvation,Parrot,424,0,6,228,4,
11046,hunt_fail,Jaguar,1035,0,1,225,0,target_died
11046,reproduce,Jaguar,487,117,1,135,5,offspring:1
11047,hunt_start,Jaguar,1125,114,0,134,3,target:Lizard:999
11047,reproduce,Parrot,31,19,4,224,0,offspring:1
11058,kill,Monkey,1554,256,1,-0,0,killed_by:Hawk:1328
11059,reproduce,Monkey,1432,247,0,7,2,offspring:1
11070,kill,Deer,632,22,9,263,6,killed_by:Jaguar:1371
11071,hunt_start,Jaguar,1371,22,8,264,2,target:Deer:1399
11077,hunt_start,Jaguar,450,38,2,209,0,target:Elk:514
11085,kill,Elk,514,35,7,208,0,killed_by:Jaguar:450
11090,starvation,Monkey,965,209,2,195,7,
11091,kill,Frog,507,31,0,288,0,killed_by:Jaguar:398
11091,reproduce,Frog,160,37,2,267,0,offspring:2
11091,reproduce,Frog,506,32,8,268,9,offspring:2
11091,reproduce,Frog,797,54,4,283,2,offspring:2
11092,hunt_start,Jaguar,398,30,3,287,9,target:Frog:798
11095,kill,Frog,510,124,3,98,1,killed_by:Boar:1574
11096,hunt_fail,Boar,1573,122,3,97,3,target_died
11097,reproduce,Parrot,446,130,4,159,4,offspring:1
11101,starvation,Parrot,911,0,7,275,5,
11104,starvation,Monkey,1194,208,8,195,6,
11108,reproduce,Elk,1317,60,0,58,9,offspring:1
11118,starvation,Monkey,91,209,4,196,2,
11118,hunt_fail,Boar,1205,213,5,198,0,target_died
11118,hunt_start,Boar,1205,213,5,198,0,target:Monkey:241
11120,reproduce,Monkey,241,214,0,191,0,offspring:1
11127,kill,Rabbit,489,283,4,54,2,killed_by:Hawk:1540
11128,hunt_fail,Hawk,752,282,3,54,7,target_died
11128,hunt_start,Hawk,752,282,3,54,7,target:Penguin:451
11128,hunt_start,Hawk,1540,283,2,54,3,target:Penguin:451
11129,reproduce,Musk Ox,562,191,8,129,0,offspring:1
11146,reproduce,Musk Ox,1132,229,5,224,1,offspring:1
11161,starvation,Parrot,880,139,6,169,5,
11161,kill,Deer,1399,27,7,270,9,killed_by:Jaguar:1371
11161,kill,Penguin,1434,285,5,63,3,killed_by:Hawk:1440
11174,starvation,Penguin,595,264,4,55,7,
11175,reproduce,Lizard,1239,135,9,64,0,offspring:2
11186,kill,Rabbit,1472,285,3,48,4,killed_by:Hawk:1310
11186,reproduce,Rabbit,84,283,3,36,7,offspring:2
11186,reproduce,Rabbit,539,281,1,32,9,offspring:2
11186,reproduce,Rabbit,1128,284,3,40,7,offspring:2
11186,reproduce,Rabbit,1429,288,0,62,9,offspring:2
11187,hunt_start,Hawk,1310,285,1,48,3,target:Rabbit:1624
11187,reproduce,Musk Ox,222,274,8,141,3,offspring:1
11188,hunt_fail,Jaguar,99,36,8,163,2,prey_escaped
11190,reproduce,Camel,1243,15,8,186,1,offspring:1
11203,reproduce,Parrot,623,134,9,233,6,offspring:1
11203,reproduce,Parrot,1105,138,1,231,0,offspring:1
11203,reproduce,Parrot,1135,130,4,235,9,offspring:1
11203,reproduce,Parrot,1405,134,3,247,6,offspring:1
11204,kill,Penguin,451,288,0,56,3,killed_by:Hawk:752
11205,hunt_start,Hawk,752,287,2,56,4,target:Rabbit:1429
11205,hunt_fail,Hawk,1540,287,6,56,3,target_died
11205,hunt_start,Hawk,1540,287,6,56,3,target:Rabbit:1429
11208,hunt_start,Jaguar,99,36,9,163,0,target:Elk:789
11211,reproduce,Elk,151,272,9,88,6,offspring:1
11218,hunt_start,Hawk,1328,252,7,2,1,target:Monkey:1432
11219,reproduce,Hawk,1328,252,6,2,2,offspring:1
11220,hunt_start,Hawk,1635,252,7,1,8,target:Monkey:237
11221,age_death,Fish,106,110,4,30,9,
11221,age_death,Fish,145,111,1,31,4,
11221,age_death,Fish,734,105,2,34,4,
11221,age_death,Fish,735,105,4,33,2,
11221,age_death,Fish,736,104,6,32,3,
11221,age_death,Fish,737,105,7,31,8,
11221,age_death,Fish,738,110,8,28,9,
11221,age_death,Fish,739,111,5,29,7,
11221,age_death,Fish,740,111,0,32,8,
11221,age_death,Fish,741,110,1,32,0,
11221,reproduce,Fish,709,89,2,32,3,offspring:2
11223,hunt_fail,Bear,462,147,2,213,7,discomfort
11224,age_death,Fish,744,205,3,11,9,
11224,age_death,Fish,745,205,6,10,4,
11224,age_death,Fish,746,205,3,8,3,
11224,age_death,Fish,747,201,8,6,4,
11227,reproduce,Camel,496,130,3,90,3,offspring:1
11231,starvation,Turtle,178,252,4,41,6,
11235,reproduce,Camel,254,158,5,197,0,offspring:1
11241,reproduce,Hawk,1440,284,6,61,0,offspring:1
11242,hunt_start,Hawk,736,285,7,60,5,target:Rabbit:1429
11242,hunt_start,Hawk,1440,284,6,60,9,target:Penguin:1437
11270,age_death,Rabbit,113,43,9,255,7,
11273,hunt_start,Jaguar,1169,48,6,222,7,target:Boar:282
11278,kill,Boar,282,50,6,222,6,killed_by:Jaguar:1169
11287,reproduce,Turtle,16,50,0,217,3,offspring:1
11289,hunt_start,Polar Bear,477,175,6,75,0,target:Penguin:642
11293,reproduce,Turtle,179,236,1,56,3,offspring:1
11298,kill,Frog,798,24,7,269,9,killed_by:Jaguar:398
11299,hunt_start,Jaguar,398,24,9,270,3,target:Deer:1594
11314,kill,Tapir,360,51,1,250,2,killed_by:Jaguar:1551
11314,reproduce,Tapir,758,26,2,240,2,offspring:1
11327,reproduce,Deer,1417,22,4,126,5,offspring:1
11328,hunt_start,Jaguar,805,53,0,246,7,target:Parrot:439
11330,reproduce,Elk,1303,267,6,137,6,offspring:1
11332,kill,Rabbit,1624,279,1,28,8,killed_by:Hawk:1310
11338,reproduce,Elk,1221,41,9,200,1,offspring:1
11356,kill,Penguin,1437,271,5,63,9,killed_by:Hawk:1440
11357,hunt_start,Hawk,1440,271,8,63,8,target:Penguin:1549
11358,reproduce,Penguin,1516,278,6,57,7,offspring:1
11359,hunt_start,Hawk,1310,279,2,29,0,target:Rabbit:1128
11366,hunt_start,Bear,462,145,4,214,6,target:Boar:168
11366,reproduce,Parrot,998,27,2,222,9,offspring:1
11371,age_death,Frog,174,87,2,96,8,
11377,starvation,Shroomer,1113,249,5,57,4,
11379,starvation,Rabbit,1338,0,0,40,6,
11395,reproduce,Boar,127,82,7,64,0,offspring:2
11404,reproduce,Monkey,914,260,4,7,7,offspring:1
11404,reproduce,Monkey,1108,276,3,11,6,offspring:1
11419,environment_death,Camel,254,158,2,197,2,drowning
11419,reproduce,Monkey,1066,256,1,199,1,offspring:1
11439,reproduce,Elk,863,274,8,83,1,offspring:1
11442,reproduce,Hawk,1310,287,2,36,9,offspring:1
11443,hunt_start,Hawk,1338,284,9,37,5,target:Rabbit:1128
11445,reproduce,Penguin,1395,16,4,67,8,offspring:1
11447,kill,Monkey,1432,230,4,27,3,killed_by:Hawk:1328
11448,hunt_start,Hawk,1328,230,6,27,1,target:Shroomer:1619
11448,kill,Monkey,237,218,4,11,0,killed_by:Hawk:1635
11449,starvation,Monkey,322,219,5,202,2,
11449,hunt_start,Hawk,1635,218,6,11,0,target:Monkey:1606
11457,hunt_start,Jaguar,450,42,4,219,6,target:Tapir:1392
11458,reproduce,Monkey,1373,229,0,126,0,offspring:1
11469,hunt_fail,Polar Bear,477,185,5,68,0,discomfort
11486,kill,Penguin,1549,286,2,56,7,killed_by:Hawk:1440
11486,reproduce,Penguin,808,276,2,45,4,offspring:1
11503,kill,Rabbit,1128,288,0,34,7,killed_by:Hawk:1338
11504,hunt_fail,Hawk,1310,287,7,34,7,target_died
11504,hunt_start,Hawk,1310,287,7,34,7,target:Rabbit:84
11504,hunt_start,Hawk,1338,287,3,34,8,target:Rabbit:1625
11529,environment_death,Tapir,355,183,0,80,6,drowning
11529,age_death,Rabbit,129,102,3,230,3,
11529,reproduce,Rabbit,1441,6,2,191,9,offspring:2
11533,hunt_start,Jaguar,1371,38,1,280,8,target:Deer:138
11540,hunt_start,Boar,740,85,6,66,2,target:Lizard:1491
11540,reproduce,Musk Ox,1196,270,9,96,0,offspring:1
11549,kill,Tapir,1392,40,6,227,3,killed_by:Jaguar:450
11552,reproduce,Tapir,1170,17,3,238,8,offspring:1
11559,starvation,Elk,789,29,9,164,6,
11559,hunt_fail,Jaguar,99,36,0,163,2,target_died
11571,starvation,Jaguar,574,190,0,245,5,
11574,hunt_start,Jaguar,99,35,9,163,0,target:Lizard:1213
11579,kill,Deer,1594,36,8,258,8,killed_by:Jaguar:398
11580,reproduce,Deer,378,26,4,237,8,offspring:1
11587,kill,Shroomer,1619,228,6,38,2,killed_by:Hawk:1328
11593,starvation,Boar,1314,10,1,155,6,
11623,reproduce,Penguin,1356,171,7,66,7,offspring:1
11623,reproduce,Camel,1361,32,0,242,0,offspring:1
11628,hunt_fail,Bear,462,139,7,221,3,discomfort
11639,reproduce,Penguin,533,275,7,35,8,offspring:1
11640,reproduce,Penguin,478,278,2,22,8,offspring:1
11646,hunt_start,Hawk,1440,284,5,62,4,target:Rabbit:1625
11650,hunt_start,Jaguar,1169,40,5,222,1,target:Turtle:632
11659,reproduce,Camel,1218,129,8,203,4,offspring:1
11662,kill,Deer,138,39,5,273,3,killed_by:Jaguar:1371
11662,reproduce,Boar,1111,151,2,245,3,offspring:2
11668,hunt_fail,Boar,1598,27,8,213,8,prey_escaped
11668,hunt_start,Boar,1598,27,8,213,8,target:Lizard:73
11671,kill,Rabbit,1625,284,0,58,8,killed_by:Hawk:1338
11672,hunt_start,Hawk,1338,284,2,58,6,target:Penguin:278
11672,hunt_fail,Hawk,1440,284,2,59,0,target_died
11672,hunt_start,Hawk,1440,284,2,59,0,target:Penguin:278
11678,kill,Rabbit,84,281,9,9,5,killed_by:Hawk:1310
11679,hunt_start,Hawk,1310,281,9,9,8,target:Rabbit:539
11680,reproduce,Camel,1173,66,3,63,9,offspring:1
11686,hunt_start,Jaguar,1551,56,0,241,2,target:Camel:682
11687,reproduce,Frog,512,61,3,64,0,offspring:2
11694,reproduce,Rabbit,1115,31,9,190,0,offspring:2
11699,reproduce,Rabbit,1277,31,8,2,6,offspring:2
11699,reproduce,Musk Ox,1346,91,2,224,0,offspring:1
11713,reproduce,Lizard,28,231,0,89,0,offspring:2
11713,reproduce,Lizard,933,233,9,86,7,offspring:2
11713,reproduce,Lizard,1578,230,6,90,9,offspring:2
11719,reproduce,Musk Ox,1454,256,1,86,2,offspring:1
11722,reproduce,Parrot,1430,128,1,146,8,offspring:1
11728,reproduce,Musk Ox,1334,253,5,96,0,offspring:1
11742,starvation,Monkey,607,188,4,160,5,
11742,starvation,Shroomer,693,227,5,22,4,
11747,hunt_start,Hawk,1328,229,6,34,8,target:Shroomer:1660
11751,kill,Monkey,1606,265,6,10,6,killed_by:Hawk:1635
11751,reproduce,Monkey,336,287,0,2,7,offspring:1
11751,reproduce,Monkey,363,275,9,24,8,offspring:1
11751,reproduce,Monkey,1433,273,0,16,1,offspring:1
11752,hunt_start,Hawk,1635,265,4,10,6,target:Penguin:939
11755,reproduce,Turtle,1067,184,0,140,8,offspring:1
11758,reproduce,Parrot,446,128,2,152,7,offspring:1
11764,hunt_start,Polar Bear,477,183,1,71,4,target:Musk Ox:305
11766,reproduce,Camel,260,132,5,93,4,offspring:1
11766,reproduce,Boar,461,287,0,195,2,offspring:2
11770,kill,Turtle,632,48,6,217,8,killed_by:Jaguar:1169
11772,kill,Penguin,278,288,0,49,1,killed_by:Hawk:1338
11772,reproduce,Tapir,954,251,3,128,9,offspring:1
11773,hunt_start,Hawk,1338,287,6,48,9,target:Penguin:808
11773,hunt_fail,Hawk,1440,287,3,49,5,target_died
11773,hunt_start,Hawk,1440,287,3,49,5,target:Penguin:808
11776,reproduce,Parrot,1315,32,0,54,3,offspring:1
11777,reproduce,Camel,807,27,4,233,1,offspring:1
11789,reproduce,Elk,154,207,5,160,0,offspring:1
11793,hunt_start,Bear,462,137,2,222,0,target:Musk Ox:310
11793,hunt_start,Jaguar,485,141,3,218,9,target:Deer:56
11793,reproduce,Elk,982,77,4,63,2,offspring:1
11795,reproduce,Lizard,1213,31,9,174,1,offspring:2
11809,starvation,Rabbit,1340,8,1,35,1,
11820,kill,Rabbit,539,288,0,12,8,killed_by:Hawk:1310
11821,hunt_start,Hawk,1310,287,4,12,8,target:Monkey:336
11823,reproduce,Boar,696,152,8,191,0,offspring:2
11823,reproduce,Boar,878,137,1,178,0,offspring:2
11824,hunt_start,Boar,1678,136,2,180,2,target:Rabbit:1236
11824,hunt_start,Boar,1679,136,2,180,2,target:Rabbit:1236
11824,age_death,Fish,816,206,1,11,2,
11824,age_death,Fish,817,202,0,4,1,
11824,age_death,Fish,818,202,6,3,3,
11824,age_death,Fish,819,202,0,7,4,
11824,age_death,Fish,820,201,0,7,9,
11826,reproduce,Camel,172,13,4,160,0,offspring:1
11826,reproduce,Musk Ox,310,137,4,230,9,offspring:1
11833,starvation,Penguin,283,63,5,52,4,
11835,reproduce,Monkey,74,224,4,87,1,offspring:1
11836,kill,Shroomer,1660,241,3,30,9,killed_by:Hawk:1328
11837,hunt_start,Hawk,1328,241,2,31,1,target:Shroomer:1661
11839,reproduce,Penguin,1185,62,1,68,2,offspring:1
11847,hunt_fail,Hawk,1328,241,4,32,3,target_died
11847,hunt_start,Hawk,1328,241,4,32,3,target:Shroomer:1665
11869,starvation,Hawk,464,125,9,46,1,
11871,reproduce,Musk Ox,972,270,3,128,9,offspring:1
11875,reproduce,Monkey,1572,0,0,218,7,offspring:1
11877,kill,Musk Ox,305,181,0,65,1,killed_by:Polar Bear:477
11881,reproduce,Boar,868,17,6,193,7,offspring:2
11885,kill,Penguin,939,281,6,14,5,killed_by:Hawk:1635
11886,hunt_start,Hawk,1635,281,3,14,4,target:Monkey:1638
11888,hunt_fail,Hawk,1328,236,6,28,5,target_died
11900,kill,Penguin,808,269,9,49,0,killed_by:Hawk:1440
11901,hunt_fail,Hawk,1338,270,4,49,2,target_died
11901,hunt_start,Hawk,1338,270,4,49,2,target:Penguin:1583
11912,reproduce,Elk,1317,65,9,62,5,offspring:1
11914,reproduce,Parrot,977,10,1,208,2,offspring:1
11921,hunt_start,Jaguar,450,39,9,230,8,target:Tapir:357
11925,age_death,Fish,829,204,0,11,2,
11925,age_death,Fish,831,204,9,11,0,
11925,age_death,Fish,832,203,1,11,6,
11935,age_death,Parrot,352,103,1,149,7,
11935,reproduce,Tapir,356,180,3,48,3,offspring:1
11935,reproduce,Tapir,997,257,4,128,4,offspring:1
11951,hunt_start,Jaguar,398,35,7,265,2,target:Frog:160
11952,kill,Deer,56,145,5,214,0,killed_by:Jaguar:485
11955,reproduce,Jaguar,485,145,0,214,4,offspring:1
11956,hunt_start,Jaguar,56,145,7,213,7,target:Monkey:125
11956,hunt_fail,Bear,462,136,2,224,2,discomfort
11956,hunt_start,Jaguar,485,145,0,214,4,target:Monkey:125
11956,reproduce,Deer,1037,112,9,170,4,offspring:1
11958,reproduce,Camel,704,160,5,82,5,offspring:1
11960,kill,Frog,160,37,0,267,1,killed_by:Jaguar:398
11963,kill,Tapir,357,38,8,234,8,killed_by:Jaguar:450
11963,reproduce,Tapir,158,78,5,196,3,offspring:1
11963,reproduce,Tapir,1311,80,6,195,5,offspring:1
11970,age_death,Fish,639,197,9,253,9,
11970,age_death,Fish,833,196,8,254,6,
11970,age_death,Fish,838,197,2,254,3,
11970,age_death,Fish,839,196,1,254,9,
11970,age_death,Fish,841,198,1,256,6,
11970,age_death,Fish,842,198,0,254,8,
11970,age_death,Fish,843,196,0,255,9,
11970,age_death,Fish,844,195,7,255,2,
11970,age_death,Fish,845,197,9,260,8,
11970,age_death,Fish,846,199,1,255,6,
11970,age_death,Fish,847,197,0,255,2,
11970,age_death,Fish,848,198,1,254,2,
11970,age_death,Fish,852,201,1,261,5,
11970,age_death,Fish,855,200,6,260,8,
11970,age_death,Fish,856,201,8,262,3,
11970,age_death,Fish,858,197,0,256,0,
11970,reproduce,Fish,1564,198,9,259,9,offspring:2
11970,reproduce,Fish,1569,198,8,260,6,offspring:2
11971,reproduce,Fish,104,197,2,254,6,offspring:2
11971,reproduce,Fish,170,196,4,255,1,offspring:2
11971,reproduce,Fish,1565,199,6,260,6,offspring:2
11971,reproduce,Fish,1566,202,9,262,5,offspring:2
11971,reproduce,Fish,1568,200,2,260,1,offspring:2
11971,reproduce,Fish,1571,201,5,260,5,offspring:2
11973,reproduce,Camel,1351,87,4,256,4,offspring:1
11978,kill,Monkey,336,285,3,-0,1,killed_by:Hawk:1310
11979,hunt_start,Hawk,1310,285,0,0,2,target:Monkey:607
11991,reproduce,Rabbit,1510,136,3,110,9,offspring:2
11998,hunt_start,Bear,462,135,7,223,7,target:Monkey:1381
12000,age_death,Frog,506,37,8,261,9,
12000,age_death,Frog,512,58,8,64,5,
12000,age_death,Lizard,523,70,3,250,0,
12000,age_death,Lizard,527,201,3,134,0,
12005,reproduce,Parrot,1217,192,1,51,4,offspring:1
12010,kill,Penguin,1583,277,9,59,5,killed_by:Hawk:1338
12012,reproduce,Elk,151,276,0,94,1,offspring:1
12018,reproduce,Tapir,758,24,0,239,3,offspring:1
12020,reproduce,Deer,504,56,2,216,4,offspring:1
12021,reproduce,Monkey,1066,263,3,205,1,offspring:1
12034,hunt_start,Jaguar,1371,48,3,276,8,target:Rabbit:401
12034,reproduce,Musk Ox,562,190,5,120,9,offspring:1
12042,environment_death,Shroomer,1664,88,0,30,9,drowning
12044,kill,Rabbit,1441,7,7,187,4,killed_by:Jaguar:206
12045,hunt_start,Jaguar,206,7,8,188,3,target:Monkey:348
12047,reproduce,Monkey,1030,160,0,1,7,offspring:1
12048,reproduce,Penguin,1395,23,0,64,8,offspring:1
12060,hunt_start,Hawk,1440,278,3,49,1,target:Penguin:1630
12076,hunt_start,Hawk,1328,238,8,24,7,target:Shroomer:1688
12077,age_death,Frog,165,52,0,74,9,
12089,starvation,Rabbit,776,15,5,36,4,
12092,reproduce,Monkey,1541,31,8,208,4,offspring:1
12109,reproduce,Tapir,598,167,3,43,8,offspring:1
12113,reproduce,Frog,1228,171,9,72,3,offspring:2
12114,reproduce,Parrot,510,137,7,160,0,offspring:1
12122,hunt_start,Jaguar,398,36,1,269,9,target:Deer:895
12122,reproduce,Musk Ox,1132,232,2,228,9,offspring:1
12125,kill,Monkey,1638,283,3,50,1,killed_by:Hawk:1635
12136,reproduce,Musk Ox,1505,92,5,130,8,offspring:1
12138,reproduce,Elk,1303,273,7,148,0,offspring:1
12139,hunt_start,Hawk,1635,283,3,49,9,target:Penguin:1549
12141,reproduce,Elk,1221,39,9,204,1,offspring:1
12142,hunt_start,Jaguar,1169,53,2,223,6,target:Lizard:1212
12145,reproduce,Musk Ox,1332,156,2,32,0,offspring:1
12153,starvation,Lizard,29,181,2,199,0,
12156,reproduce,Deer,1462,32,0,146,1,offspring:1
12162,kill,Camel,682,46,0,249,6,killed_by:Jaguar:1551
12166,hunt_fail,Bear,462,134,1,225,0,discomfort
12170,hunt_start,Hawk,1338,277,7,59,2,target:Penguin:1549
12171,kill,Shroomer,1688,231,3,36,1,killed_by:Hawk:1328
12172,hunt_start,Hawk,1328,231,4,36,0,target:Shroomer:1687
12172,reproduce,Musk Ox,1501,238,2,225,9,offspring:1
12173,age_death,Frog,587,208,3,232,9,
12173,age_death,Frog,588,215,8,219,2,
12183,starvation,Parrot,358,201,5,239,3,
12184,kill,Penguin,1630,287,4,59,8,killed_by:Hawk:1440
12185,reproduce,Penguin,1516,285,0,55,9,offspring:1
12196,hunt_fail,Hawk,1328,233,4,39,2,target_died
12201,reproduce,Deer,378,28,5,231,3,offspring:1
12207,reproduce,Penguin,1503,271,4,128,1,offspring:1
12211,kill,Monkey,607,250,1,1,8,killed_by:Hawk:1310
12211,reproduce,Monkey,914,257,8,9,8,offspring:1
12211,reproduce,Monkey,1108,278,4,20,4,offspring:1
12223,kill,Penguin,1549,282,2,60,1,killed_by:Hawk:1338
12224,hunt_fail,Hawk,1635,282,5,60,1,target_died
12224,hunt_start,Hawk,1635,282,5,60,1,target:Penguin:1516
12237,age_death,Lizard,131,181,3,147,8,
12240,reproduce,Penguin,533,279,5,30,4,offspring:1
12241,hunt_start,Hawk,1328,234,2,39,7,target:Shroomer:682
12242,reproduce,Penguin,478,275,9,26,0,offspring:1
12267,starvation,Fish,1552,168,5,87,7,
12273,reproduce,Parrot,1430,133,5,148,5,offspring:1
12276,reproduce,Deer,1417,15,2,118,8,offspring:1
12277,reproduce,Parrot,1321,31,8,58,4,offspring:1
12296,reproduce,Lizard,1491,64,0,84,7,offspring:2
12305,age_death,Lizard,604,223,9,280,5,
12306,hunt_fail,Jaguar,796,218,9,282,0,target_died
12311,hunt_fail,Jaguar,56,136,2,213,4,prey_escaped
12311,hunt_start,Jaguar,56,136,2,213,4,target:Camel:1218
12314,hunt_fail,Hawk,1328,240,7,48,9,target_died
12314,hunt_start,Hawk,1328,240,7,48,9,target:Shroomer:1705
12314,reproduce,Parrot,446,129,5,155,1,offspring:1
12319,hunt_start,Hawk,1310,250,3,2,1,target:Monkey:335
12320,hunt_fail,Hawk,1328,240,4,49,8,target_died
12320,hunt_start,Hawk,1328,240,4,49,8,target:Shroomer:1706
12320,reproduce,Monkey,1600,209,4,191,3,offspring:1
12326,starvation,Parrot,1508,184,6,236,5,
12330,reproduce,Parrot,1315,27,2,51,3,offspring:1
12335,hunt_start,Jaguar,450,48,0,231,2,target:Tapir:655
12344,starvation,Jaguar,369,197,5,245,9,
12344,hunt_start,Hawk,1440,281,8,59,3,target:Rabbit:1627
12346,hunt_start,Polar Bear,477,177,4,70,8,target:Musk Ox:308
12355,hunt_fail,Boar,1313,15,9,101,6,prey_escaped
12355,kill,Penguin,1516,288,0,51,1,killed_by:Hawk:1635
12368,kill,Camel,1218,130,6,213,0,killed_by:Jaguar:56
12383,kill,Shroomer,1706,243,4,41,5,killed_by:Hawk:1328
12383,hunt_start,Hawk,1338,282,5,59,0,target:Penguin:587
12384,hunt_start,Hawk,1328,243,4,41,7,target:Shroomer:1707
12387,hunt_start,Bear,462,135,5,223,0,target:Musk Ox:1447
12387,age_death,Lizard,193,80,4,239,1,
12387,age_death,Lizard,611,91,4,222,6,
12388,hunt_fail,Jaguar,1149,76,4,227,3,target_died
12388,reproduce,Rabbit,573,79,9,19,7,offspring:2
12388,reproduce,Rabbit,1276,77,0,12,7,offspring:2
12391,kill,Deer,895,53,0,263,7,killed_by:Jaguar:398
12391,reproduce,Deer,1283,31,9,251,1,offspring:1
12397,reproduce,Rabbit,1434,275,0,31,3,offspring:2
12404,starvation,Boar,1205,214,1,198,0,
12405,hunt_start,Jaguar,1149,76,5,227,2,target:Boar:719
12423,kill,Shroomer,1707,238,3,42,1,killed_by:Hawk:1328
12424,hunt_start,Hawk,1328,238,5,42,1,target:Shroomer:895
12428,reproduce,Turtle,185,226,1,87,0,offspring:1
12440,reproduce,Penguin,1080,256,4,128,0,offspring:1
12443,reproduce,Hawk,1310,231,7,0,2,offspring:1
12449,reproduce,Monkey,626,261,0,16,0,offspring:1
12451,reproduce,Parrot,705,11,0,128,6,offspring:1
12463,kill,Shroomer,895,242,9,39,9,killed_by:Hawk:1328
12464,hunt_start,Hawk,1328,242,7,40,0,target:Shroomer:1715
12464,reproduce,Rabbit,825,131,8,204,7,offspring:2
12470,kill,Deer,535,70,2,247,1,killed_by:Jaguar:37
12470,reproduce,Camel,1257,128,0,204,0,offspring:1
12472,hunt_start,Hawk,1714,235,1,0,3,target:Monkey:337
12473,reproduce,Tapir,318,63,9,57,3,offspring:1
12474,reproduce,Lizard,928,96,1,256,6,offspring:2
12475,reproduce,Tapir,954,249,4,128,2,offspring:1
12476,hunt_fail,Polar Bear,477,183,1,75,3,discomfort
12481,starvation,Penguin,1527,261,4,42,6,
12483,reproduce,Penguin,875,269,4,22,7,offspring:1
12489,reproduce,Boar,1598,22,5,226,8,offspring:2
12490,hunt_start,Boar,1527,24,5,225,5,target:Rabbit:115
12490,hunt_start,Boar,1726,24,5,225,5,target:Rabbit:115
12495,reproduce,Parrot,350,64,0,129,5,offspring:1
12495,reproduce,Parrot,761,72,2,131,4,offspring:1
12509,kill,Shroomer,1715,240,7,45,6,killed_by:Hawk:1328
12510,hunt_start,Hawk,1328,240,8,45,4,target:Shroomer:611
12511,kill,Penguin,587,288,0,55,4,killed_by:Hawk:1338
12515,hunt_fail,Hawk,1328,241,1,46,1,target_died
12515,hunt_start,Hawk,1328,241,1,46,1,target:Shroomer:1724
12515,hunt_start,Hawk,1635,280,8,49,0,target:Rabbit:595
12518,starvation,Shroomer,375,237,5,274,6,
12526,hunt_start,Boar,1598,23,6,226,7,target:Rabbit:115
12534,hunt_start,Jaguar,1551,50,0,241,7,target:Tapir:655
12535,reproduce,Penguin,1609,275,3,24,1,offspring:1
12540,hunt_fail,Jaguar,1416,68,5,221,9,prey_escaped
12550,hunt_fail,Jaguar,485,96,7,211,0,discomfort
12560,starvation,Rabbit,1613,138,3,102,3,
12564,kill,Shroomer,1724,235,0,43,6,killed_by:Hawk:1328
12565,hunt_start,Hawk,1328,235,2,43,7,target:Shroomer:1731
12566,hunt_start,Boar,1313,16,5,105,6,target:Parrot:136
12566,reproduce,Boar,1111,157,3,259,0,offspring:2
12567,starvation,Rabbit,1612,137,6,92,6,
12568,kill,Tapir,655,43,8,247,3,killed_by:Jaguar:450
12568,hunt_fail,Bear,462,136,3,224,2,discomfort
12568,reproduce,Tapir,1170,24,2,235,1,offspring:1
12569,hunt_fail,Jaguar,1551,49,4,242,1,target_died
12569,hunt_start,Jaguar,1551,49,4,242,1,target:Lizard:240
12570,reproduce,Deer,1470,35,0,223,9,offspring:1
12581,kill,Rabbit,115,27,2,227,7,killed_by:Boar:1598
12582,hunt_fail,Boar,1527,27,4,227,4,target_died
12582,hunt_fail,Boar,1726,27,7,228,0,target_died
12583,kill,Monkey,1572,0,0,224,4,killed_by:Jaguar:1366
12596,reproduce,Rabbit,595,282,6,31,9,offspring:2
12600,reproduce,Musk Ox,1346,82,5,225,4,offspring:1
12609,starvation,Tapir,1353,77,4,189,8,
12613,starvation,Monkey,1379,118,8,243,5,
12617,hunt_start,Bear,462,135,8,223,7,target:Musk Ox:1447
12620,hunt_start,Jaguar,485,98,9,211,0,target:Monkey:441
12621,reproduce,Musk Ox,1454,258,8,89,3,offspring:1
12622,starvation,Fish,616,175,2,77,4,
12622,reproduce,Deer,504,51,8,199,5,offspring:1
12625,kill,Shroomer,1731,238,1,36,0,killed_by:Hawk:1328
12626,hunt_start,Hawk,1328,238,1,36,2,target:Shroomer:1732
12627,reproduce,Monkey,1066,271,4,200,9,offspring:1
12629,hunt_start,Boar,305,16,3,202,1,target:Lizard:1212
12633,reproduce,Hawk,1635,282,7,31,3,offspring:1
12634,hunt_start,Hawk,1731,282,6,30,3,target:Rabbit:115
12637,reproduce,Tapir,997,263,7,129,3,offspring:1
12640,hunt_start,Polar Bear,477,181,5,74,0,target:Musk Ox:308
12641,environment_death,Monkey,335,212,8,0,0,drowning
12641,hunt_fail,Hawk,1310,221,7,2,9,target_died
12643,environment_death,Monkey,337,213,2,0,0,drowning
12643,hunt_fail,Hawk,1714,220,9,3,7,target_died
12650,reproduce,Monkey,1030,168,4,2,1,offspring:1
12655,reproduce,Musk Ox,433,256,0,204,8,offspring:1
12660,hunt_start,Boar,1724,157,4,260,6,target:Shroomer:1301
12662,starvation,Rabbit,1626,288,0,78,2,
12665,reproduce,Parrot,510,135,8,142,8,offspring:1
12671,hunt_start,Hawk,1338,283,0,55,1,target:Rabbit:1472
12673,hunt_fail,Polar Bear,477,183,1,75,2,discomfort
12677,starvation,Lizard,520,182,1,201,1,
12682,reproduce,Camel,1173,63,4,57,8,offspring:1
12686,reproduce,Elk,586,107,7,142,0,offspring:1
12700,hunt_start,Jaguar,37,64,9,245,5,target:Camel:529
12700,reproduce,Deer,1431,5,4,129,3,offspring:1
12714,kill,Rabbit,115,288,0,26,2,killed_by:Hawk:1731
12715,hunt_start,Jaguar,1416,69,0,221,1,target:Lizard:1248
12715,hunt_start,Hawk,1731,287,4,26,3,target:Rabbit:1572
12718,starvation,Boar,1313,23,0,115,7,
12720,reproduce,Lizard,1239,132,7,63,9,offspring:2
12722,kill,Rabbit,595,279,3,19,6,killed_by:Hawk:1635
12723,hunt_start,Hawk,1635,279,5,19,8,target:Penguin:1689
12731,starvation,Fish,658,92,5,43,5,
12731,reproduce,Fish,628,110,1,27,6,offspring:2
12731,reproduce,Fish,1576,109,2,29,9,offspring:2
12736,age_death,Frog,144,127,1,92,2,
12736,age_death,Frog,149,153,0,72,9,
12737,reproduce,Frog,438,110,0,100,5,offspring:2
12740,hunt_start,Jaguar,56,142,3,217,2,target:Parrot:1539
12740,hunt_fail,Bear,462,135,2,224,5,discomfort
12741,reproduce,Rabbit,1399,275,7,32,0,offspring:2
12748,age_death,Lizard,244,187,0,234,9,
12748,age_death,Lizard,654,92,0,279,8,
12762,reproduce,Deer,1462,27,1,152,9,offspring:1
12763,hunt_start,Jaguar,398,46,9,274,7,target:Parrot:267
12782,reproduce,Camel,807,23,9,236,3,offspring:1
12795,starvation,Rabbit,1509,137,0,102,5,
12800,kill,Rabbit,1627,275,7,101,1,killed_by:Hawk:1440
12800,age_death,Lizard,668,183,6,141,1,
12800,age_death,Lizard,669,185,7,141,3,
12800,age_death,Lizard,670,174,1,129,3,
12800,age_death,Lizard,671,177,5,116,6,
12801,hunt_start,Bear,462,135,1,223,6,target:Musk Ox:1447
12801,hunt_start,Hawk,1440,275,6,100,9,target:Rabbit:534
12801,reproduce,Hawk,1440,275,6,100,9,offspring:1
12802,hunt_start,Hawk,1509,275,4,100,9,target:Rabbit:534
12803,hunt_start,Polar Bear,477,181,5,74,0,target:Musk Ox:308
12813,reproduce,Penguin,1395,19,7,64,0,offspring:1
12817,kill,Shroomer,1732,226,7,21,7,killed_by:Hawk:1328
12820,reproduce,Hawk,1328,227,2,22,3,offspring:1
12821,hunt_start,Hawk,1328,227,2,22,3,target:Shroomer:668
12821,hunt_start,Hawk,1732,225,4,23,1,target:Shroomer:668
12822,kill,Penguin,1689,288,0,20,9,killed_by:Hawk:1635
12823,hunt_start,Hawk,1635,287,4,21,3,target:Penguin:1642
12823,kill,Shroomer,668,226,4,22,7,killed_by:Hawk:1732
12824,hunt_fail,Hawk,1328,226,8,22,5,target_died
12824,hunt_start,Hawk,1328,226,8,22,5,target:Shroomer:1741
12824,hunt_start,Hawk,1732,225,8,22,9,target:Shroomer:1741
12835,reproduce,Boar,468,31,8,115,0,offspring:2
12836,hunt_fail,Polar Bear,477,183,1,75,2,discomfort
12836,hunt_start,Boar,671,30,5,114,4,target:Monkey:792
12836,hunt_start,Boar,1756,30,5,114,4,target:Monkey:792
12839,reproduce,Rabbit,993,198,4,128,7,offspring:2
12839,reproduce,Elk,1164,247,8,260,6,offspring:1
12839,reproduce,Rabbit,1560,215,8,137,6,offspring:2
12842,reproduce,Frog,1544,59,0,60,8,offspring:2
12843,reproduce,Penguin,533,286,5,35,1,offspring:1
12852,hunt_start,Hawk,1714,231,4,12,3,target:Monkey:607
12853,kill,Camel,529,72,5,235,4,killed_by:Jaguar:37
12855,reproduce,Elk,1466,239,2,223,5,offspring:1
12855,reproduce,Boar,1573,128,1,80,6,offspring:2
12856,hunt_start,Boar,1573,128,1,80,5,target:Penguin:274
12856,hunt_start,Boar,1765,126,0,78,5,target:Monkey:1114
12856,hunt_start,Boar,1766,126,0,78,5,target:Monkey:1114
12866,reproduce,Monkey,74,227,8,91,8,offspring:1
12873,hunt_start,Hawk,1310,230,4,8,1,target:Monkey:607
12879,age_death,Frog,679,241,8,246,0,
12879,age_death,Frog,680,241,0,213,5,
12881,hunt_fail,Hawk,1328,234,2,26,9,target_died
12881,hunt_fail,Hawk,1732,233,7,26,8,target_died
12883,reproduce,Parrot,1315,21,8,46,7,offspring:1
12887,hunt_fail,Bear,462,134,1,223,6,discomfort
12892,kill,Rabbit,1472,261,3,33,2,killed_by:Hawk:1338
12901,reproduce,Rabbit,473,3,2,65,7,offspring:2
12904,hunt_start,Jaguar,1035,1,1,227,4,target:Monkey:464
12911,kill,Rabbit,1572,270,0,48,0,killed_by:Hawk:1731
12912,hunt_start,Hawk,1731,270,1,47,8,target:Rabbit:1749
12915,starvation,Shroomer,957,216,5,47,5,
12918,kill,Shroomer,1301,157,6,271,3,killed_by:Boar:1724
12926,reproduce,Penguin,1503,276,0,128,2,offspring:1
12940,hunt_start,Jaguar,450,42,6,239,5,target:Tapir:601
12942,hunt_start,Boar,1726,24,4,228,0,target:Lizard:73
12942,reproduce,Elk,1221,37,1,206,8,offspring:1
12944,reproduce,Musk Ox,562,184,9,115,1,offspring:1
12947,kill,Rabbit,534,283,6,120,4,killed_by:Hawk:1440
12948,hunt_start,Hawk,1440,283,2,119,9,target:Penguin:276
12948,hunt_fail,Hawk,1509,283,3,119,5,target_died
12948,hunt_start,Hawk,1509,283,3,119,5,target:Penguin:276
12952,reproduce,Jaguar,398,31,6,280,0,offspring:1
12953,hunt_start,Jaguar,534,33,0,278,4,target:Frog:793
12953,reproduce,Camel,1529,165,9,78,6,offspring:1
12957,kill,Penguin,1642,276,0,8,9,killed_by:Hawk:1635
12958,reproduce,Camel,1442,139,2,180,3,offspring:1
12963,reproduce,Elk,883,233,9,262,1,offspring:1
12963,reproduce,Elk,1458,237,5,261,7,offspring:1
12968,reproduce,Elk,896,246,9,223,9,offspring:1
12975,hunt_start,Polar Bear,477,181,5,74,0,target:Deer:454
12987,starvation,Rabbit,1429,288,0,69,4,
12987,hunt_fail,Hawk,736,285,5,70,0,target_died
12987,hunt_start,Hawk,736,285,5,70,0,target:Penguin:613
12987,hunt_fail,Hawk,752,285,4,70,5,target_died
12987,hunt_start,Hawk,752,285,4,70,5,target:Penguin:613
12987,hunt_fail,Hawk,1540,286,4,68,8,target_died
12987,hunt_start,Hawk,1540,286,4,68,8,target:Penguin:613
12990,reproduce,Musk Ox,866,84,7,159,9,offspring:1
12996,age_death,Lizard,689,139,3,147,1,
12996,age_death,Lizard,694,30,8,193,9,
12996,age_death,Lizard,695,184,6,236,4,
12998,hunt_fail,Jaguar,485,113,5,242,5,discomfort
13002,reproduce,Rabbit,336,139,3,120,7,offspring:2
13008,kill,Penguin,276,287,5,112,0,killed_by:Hawk:1509
13009,hunt_fail,Hawk,1440,286,8,112,3,target_died
13009,hunt_start,Hawk,1440,286,8,112,3,target:Rabbit:1265
13009,hunt_start,Hawk,1509,287,2,112,1,target:Rabbit:1265
13011,hunt_start,Bear,462,135,4,223,0,target:Monkey:1380
13023,hunt_start,Boar,1527,27,6,231,7,target:Rabbit:116
13033,environment_death,Shroomer,1024,247,9,39,9,drowning
13034,reproduce,Elk,1558,38,4,211,1,offspring:1
13041,reproduce,Monkey,818,226,4,91,7,offspring:1
13047,hunt_start,Hawk,1328,234,8,24,6,target:Shroomer:1782
13047,hunt_start,Hawk,1732,232,9,20,6,target:Shroomer:1782
13051,reproduce,Musk Ox,1332,159,1,29,7,offspring:1
13052,hunt_start,Hawk,1338,252,2,34,4,target:Rabbit:1399
13058,age_death,Frog,371,162,3,53,0,
13058,age_death,Frog,708,158,0,34,1,
13063,kill,Penguin,613,273,7,76,9,killed_by:Hawk:752
13064,hunt_fail,Hawk,736,273,8,76,7,target_died
13064,hunt_start,Hawk,736,273,8,76,7,target:Penguin:321
13064,hunt_start,Hawk,752,274,1,77,0,target:Penguin:321
13064,hunt_fail,Hawk,1540,274,3,76,6,target_died
13064,hunt_start,Hawk,1540,274,3,76,6,target:Penguin:321
13080,kill,Musk Ox,1505,93,8,133,1,killed_by:Jaguar:231
13083,starvation,Shroomer,407,225,4,58,6,
13085,reproduce,Musk Ox,1559,113,6,142,8,offspring:1
13087,reproduce,Penguin,875,274,6,30,8,offspring:1
13092,kill,Monkey,607,265,3,-0,1,killed_by:Hawk:1310
13092,reproduce,Monkey,1606,281,3,28,2,offspring:1
13092,reproduce,Monkey,1637,271,8,12,0,offspring:1
13093,starvation,Rabbit,100,154,4,220,4,
13093,hunt_start,Hawk,1310,264,9,0,6,target:Monkey:1553
13096,reproduce,Jaguar,231,94,5,133,3,offspring:1
13097,hunt_start,Jaguar,100,91,9,136,2,target:Tapir:314
13097,hunt_start,Jaguar,231,94,5,133,2,target:Tapir:314
13099,environment_death,Shroomer,669,220,6,19,2,drowning
13104,kill,Rabbit,1265,288,0,102,5,killed_by:Hawk:1509
13105,hunt_fail,Hawk,1440,287,3,102,7,target_died
13105,hunt_start,Hawk,1440,287,3,102,7,target:Penguin:280
13105,hunt_start,Hawk,1509,287,6,102,3,target:Penguin:280
13105,age_death,Frog,723,130,7,74,3,
13106,reproduce,Frog,1691,169,8,69,9,offspring:2
13110,reproduce,Parrot,1634,140,6,256,0,offspring:1
13117,hunt_start,Hawk,1635,271,7,4,3,target:Monkey:1553
13123,starvation,Shroomer,1054,183,4,155,9,
13123,hunt_start,Jaguar,485,116,0,242,0,target:Musk Ox:1336
13124,starvation,Fish,1575,110,2,19,2,
13124,kill,Shroomer,1782,243,6,30,7,killed_by:Hawk:1328
13125,kill,Tapir,601,47,3,244,5,killed_by:Jaguar:450
13125,hunt_start,Hawk,1328,243,4,30,6,target:Shroomer:1781
13125,hunt_fail,Hawk,1732,242,1,29,4,target_died
13125,hunt_start,Hawk,1732,242,1,29,4,target:Shroomer:1781
13126,reproduce,Tapir,307,11,9,215,3,offspring:1
13138,starvation,Deer,271,203,6,281,5,
13138,reproduce,Penguin,1609,277,1,17,1,offspring:1
13140,reproduce,Elk,173,266,8,92,1,offspring:1
13141,kill,Rabbit,1749,271,9,15,2,killed_by:Hawk:1731
13142,hunt_start,Hawk,1731,271,9,15,5,target:Penguin:1773
13142,reproduce,Penguin,1641,269,1,31,1,offspring:1
13145,kill,Penguin,321,273,5,90,8,killed_by:Hawk:1540
13146,hunt_fail,Hawk,736,273,4,90,2,target_died
13146,hunt_start,Hawk,736,273,4,90,2,target:Penguin:703
13146,hunt_fail,Hawk,752,273,2,90,6,target_died
13146,hunt_start,Hawk,752,273,2,90,6,target:Penguin:703
13146,hunt_start,Hawk,1540,273,6,90,6,target:Penguin:703
13152,kill,Frog,793,43,5,267,2,killed_by:Jaguar:534
13153,hunt_start,Jaguar,534,43,2,267,5,target:Turtle:435
13153,kill,Shroomer,1781,242,3,35,0,killed_by:Hawk:1732
13154,hunt_fail,Hawk,1328,242,3,34,8,target_died
13154,hunt_start,Hawk,1328,242,3,34,8,target:Shroomer:321
13154,hunt_start,Hawk,1732,242,3,34,4,target:Shroomer:321
13169,hunt_fail,Bear,462,140,5,220,9,discomfort
13174,kill,Penguin,280,282,8,93,3,killed_by:Hawk:1509
13175,hunt_fail,Hawk,1440,283,1,93,9,target_died
13175,hunt_start,Hawk,1440,283,1,93,9,target:Penguin:108
13183,reproduce,Monkey,236,10,5,21,6,offspring:1
13184,reproduce,Monkey,1541,31,0,196,0,offspring:1
13185,kill,Rabbit,116,22,9,237,8,killed_by:Boar:1527
13188,starvation,Shroomer,531,227,4,22,6,
13191,reproduce,Rabbit,674,31,9,246,1,offspring:2
13206,kill,Penguin,703,278,6,99,9,killed_by:Hawk:736
13207,hunt_start,Hawk,736,278,4,100,0,target:Penguin:1093
13207,hunt_fail,Hawk,752,278,1,99,6,target_died
13207,hunt_start,Hawk,752,278,1,99,6,target:Penguin:1093
13207,hunt_fail,Hawk,1540,278,6,99,6,target_died
13207,hunt_start,Hawk,1540,278,6,99,6,target:Penguin:1093
13223,reproduce,Monkey,744,256,2,213,8,offspring:1
13224,reproduce,Monkey,1680,264,4,202,4,offspring:1
13225,hunt_start,Jaguar,37,74,6,250,3,target:Rabbit:388
13234,hunt_start,Bear,462,139,5,220,8,target:Monkey:1381
13235,kill,Tapir,314,81,7,130,0,killed_by:Jaguar:100
13236,kill,Rabbit,388,76,0,246,9,killed_by:Jaguar:37
13236,hunt_fail,Jaguar,231,91,0,132,7,target_died
13236,hunt_start,Jaguar,231,91,0,132,7,target:Camel:1519
13240,kill,Musk Ox,1336,121,8,236,5,killed_by:Jaguar:485
13241,reproduce,Penguin,1080,256,4,128,1,offspring:1
13242,kill,Rabbit,1399,275,7,21,8,killed_by:Hawk:1338
13244,kill,Shroomer,321,250,8,47,3,killed_by:Hawk:1732
13245,starvation,Parrot,799,180,4,219,6,
13245,hunt_fail,Hawk,1328,250,8,47,2,target_died
13247,reproduce,Penguin,478,279,2,22,9,offspring:1
13249,kill,Penguin,1773,284,5,18,7,killed_by:Hawk:1731
13249,reproduce,Turtle,1034,180,4,100,7,offspring:1
13250,reproduce,Tapir,1305,16,3,160,2,offspring:1
13251,reproduce,Monkey,1030,161,8,4,2,offspring:1
13256,kill,Turtle,435,44,6,273,1,killed_by:Jaguar:534
13256,reproduce,Elk,892,160,0,130,0,offspring:1
13258,kill,Monkey,1553,287,7,0,0,killed_by:Hawk:1635
13258,reproduce,Monkey,626,248,9,11,3,offspring:1
13258,reproduce,Monkey,914,253,5,2,2,offspring:1
13259,reproduce,Tapir,1181,18,2,125,5,offspring:1
13261,kill,Penguin,1093,278,1,108,9,killed_by:Hawk:1540
13262,hunt_fail,Hawk,736,278,3,109,0,target_died
13262,hunt_start,Hawk,736,278,3,109,0,target:Penguin:1419
13262,hunt_fail,Hawk,752,278,2,108,6,target_died
13262,hunt_start,Hawk,752,278,2,108,6,target:Penguin:1419
13262,hunt_start,Hawk,1540,278,6,108,5,target:Penguin:1419
13265,kill,Deer,454,179,9,52,9,killed_by:Polar Bear:477
13266,age_death,Lizard,238,123,5,287,0,
13268,kill,Camel,1519,86,9,131,2,killed_by:Jaguar:231
13268,reproduce,Elk,1545,35,2,192,0,offspring:1
13273,kill,Monkey,607,288,0,9,2,killed_by:Hawk:1714
13274,hunt_start,Hawk,1714,287,2,9,3,target:Monkey:730
13278,environment_death,Shroomer,1736,246,9,79,5,drowning
13279,starvation,Penguin,1511,32,5,45,4,
13280,reproduce,Penguin,1185,70,9,72,8,offspring:1
13281,hunt_start,Hawk,1509,282,4,93,3,target:Penguin:108
13282,reproduce,Parrot,523,44,1,23,8,offspring:1
13296,reproduce,Tapir,1053,132,4,128,1,offspring:1
13299,hunt_start,Hawk,1328,248,3,46,8,target:Shroomer:1793
13299,hunt_start,Hawk,1732,246,7,46,5,target:Shroomer:1793
13306,kill,Penguin,108,280,6,80,6,killed_by:Hawk:1440
13307,hunt_fail,Hawk,1509,281,7,89,4,target_died
13313,hunt_start,Hawk,1440,280,4,80,5,target:Penguin:277
13313,hunt_start,Hawk,1731,280,5,18,6,target:Penguin:1609
13315,reproduce,Penguin,1330,12,1,16,1,offspring:1
13320,kill,Penguin,1419,275,7,118,3,killed_by:Hawk:736
13320,reproduce,Penguin,1502,254,1,120,4,offspring:1
13320,reproduce,Penguin,1523,255,5,122,5,offspring:1
13321,hunt_start,Hawk,736,275,5,118,2,target:Penguin:1700
13323,starvation,Fish,657,97,9,46,6,
13323,starvation,Shroomer,1406,145,9,103,9,
13326,starvation,Monkey,241,214,1,190,6,
13326,starvation,Rabbit,603,157,5,219,4,
13326,hunt_fail,Bear,462,137,9,222,5,discomfort
13341,reproduce,Lizard,928,96,1,261,9,offspring:2
13341,reproduce,Parrot,1508,14,2,60,6,offspring:1
13342,starvation,Parrot,269,1,2,76,6,
13354,hunt_start,Jaguar,100,82,0,131,9,target:Parrot:761
13358,kill,Shroomer,1793,240,5,39,9,killed_by:Hawk:1328
13359,hunt_start,Hawk,1328,241,0,40,3,target:Shroomer:1265
13359,hunt_fail,Hawk,1732,240,6,40,0,target_died
13359,hunt_start,Hawk,1732,240,6,40,0,target:Shroomer:1265
13362,environment_death,Shroomer,1777,248,7,77,2,drowning
13365,reproduce,Deer,1462,19,0,155,5,offspring:1
13377,kill,Monkey,730,288,0,3,3,killed_by:Hawk:1714
13378,kill,Shroomer,1265,243,1,38,3,killed_by:Hawk:1328
13378,hunt_start,Hawk,1714,287,5,3,4,target:Monkey:1701
13379,hunt_start,Hawk,1328,243,0,38,7,target:Shroomer:1798
13379,hunt_fail,Hawk,1732,242,9,38,2,target_died
13379,hunt_start,Hawk,1732,242,9,38,2,target:Shroomer:1798
13402,hunt_start,Hawk,1338,278,6,29,7,target:Rabbit:1750
13403,reproduce,Rabbit,1709,262,3,18,9,offspring:2
13404,starvation,Parrot,506,192,6,23,5,
13408,hunt_start,Bear,462,136,8,222,8,target:Musk Ox:310
13418,hunt_start,Hawk,1635,285,4,5,6,target:Monkey:1701
13420,kill,Penguin,1700,270,5,108,1,killed_by:Hawk:736
13421,hunt_start,Hawk,736,270,5,108,4,target:Penguin:1396
13428,kill,Penguin,1609,267,3,14,5,killed_by:Hawk:1731
13435,reproduce,Parrot,1315,27,9,48,7,offspring:1
13437,hunt_fail,Bear,462,136,4,223,4,discomfort
13442,reproduce,Rabbit,1207,262,4,128,1,offspring:2
13448,reproduce,Penguin,533,286,6,36,9,offspring:1
13458,hunt_start,Hawk,1509,280,0,92,1,target:Penguin:1396
13468,hunt_start,Jaguar,1366,1,8,226,9,target:Monkey:464
13472,reproduce,Monkey,1701,288,0,-0,0,offspring:1
13492,hunt_start,Bear,462,135,7,223,0,target:Musk Ox:310
13492,reproduce,Frog,438,113,7,99,5,offspring:2
13495,reproduce,Elk,1585,26,0,200,1,offspring:1
13497,hunt_start,Jaguar,450,46,9,233,3,target:Boar:1598
13502,reproduce,Musk Ox,1346,93,0,228,0,offspring:1
13520,kill,Penguin,1396,282,7,105,0,killed_by:Hawk:736
13520,reproduce,Penguin,245,247,6,96,3,offspring:1
13520,reproduce,Penguin,1159,277,5,113,7,offspring:1
13521,hunt_start,Hawk,736,282,5,105,0,target:Penguin:1821
13521,kill,Penguin,1419,242,3,122,9,killed_by:Hawk:1540
13522,hunt_fail,Hawk,752,242,5,122,8,target_died
13522,hunt_start,Hawk,752,242,5,122,8,target:Rabbit:505
13522,hunt_start,Hawk,1540,243,0,122,8,target:Rabbit:505
13522,kill,Monkey,1701,288,0,0,0,killed_by:Hawk:1635
13523,hunt_fail,Hawk,1714,286,8,0,8,target_died
13523,hunt_start,Hawk,1714,286,8,0,8,target:Monkey:1814
13523,reproduce,Hawk,1338,287,3,43,0,offspring:1
13524,hunt_start,Hawk,1419,286,2,40,5,target:Rabbit:1750
13529,reproduce,Penguin,1503,271,9,139,6,offspring:1
13529,reproduce,Rabbit,1719,141,7,209,7,offspring:2
13536,reproduce,Deer,60,188,8,132,1,offspring:1
13537,kill,Shroomer,1798,223,5,36,2,killed_by:Hawk:1328
13538,hunt_start,Hawk,1328,223,7,35,7,target:Shroomer:1812
13538,hunt_fail,Hawk,1732,223,3,35,9,target_died
13538,hunt_start,Hawk,1732,223,3,35,9,target:Shroomer:1812
13541,reproduce,Deer,916,257,1,128,1,offspring:1
13545,starvation,Penguin,665,31,5,45,5,
13545,reproduce,Penguin,976,16,9,17,1,offspring:1
13554,environment_death,Tapir,356,191,2,53,0,drowning
13558,reproduce,Deer,1281,103,7,259,5,offspring:1
13561,reproduce,Musk Ox,433,264,4,208,8,offspring:1
13563,kill,Shroomer,1812,224,3,40,2,killed_by:Hawk:1328
13563,hunt_start,Boar,1527,26,0,245,5,target:Lizard:1246
13564,hunt_start,Hawk,1328,224,2,39,6,target:Shroomer:1828
13575,kill,Rabbit,1750,288,0,41,6,killed_by:Hawk:1419
13576,hunt_fail,Hawk,1338,287,7,41,7,target_died
13576,hunt_start,Hawk,1338,287,7,41,7,target:Penguin:1811
13576,hunt_start,Hawk,1419,287,2,41,8,target:Penguin:1811
13579,starvation,Shroomer,994,246,6,277,5,
13579,reproduce,Monkey,776,12,1,219,4,offspring:1
13584,hunt_fail,Hawk,1732,222,3,37,2,target_died
13584,hunt_start,Hawk,1732,222,3,37,2,target:Shroomer:1828
13584,reproduce,Monkey,1066,261,8,197,5,offspring:1
13586,reproduce,Musk Ox,1454,264,8,94,9,offspring:1
13588,hunt_start,Hawk,1731,267,6,15,6,target:Rabbit:1802
13594,kill,Monkey,1553,230,5,8,0,killed_by:Hawk:1310
13594,reproduce,Monkey,1433,286,5,27,0,offspring:1
13595,hunt_start,Hawk,1310,230,8,7,9,target:Monkey:626
13604,kill,Shroomer,1828,220,3,33,8,killed_by:Hawk:1328
13605,hunt_start,Hawk,1328,220,7,34,3,target:Shroomer:1834
13605,hunt_fail,Hawk,1732,220,3,34,0,target_died
13605,hunt_start,Hawk,1732,220,3,34,0,target:Shroomer:1834
13608,hunt_start,Jaguar,37,78,4,241,8,target:Lizard:1722
13608,reproduce,Elk,1194,67,4,60,0,offspring:1
13609,hunt_fail,Bear,462,136,7,223,7,discomfort
13610,hunt_start,Jaguar,485,119,0,232,5,target:Monkey:1290
13611,starvation,Parrot,24,164,2,193,3,
13618,kill,Boar,1598,37,5,236,9,killed_by:Jaguar:450
13621,reproduce,Rabbit,837,10,0,64,1,offspring:2
13628,hunt_start,Jaguar,534,42,3,270,9,target:Frog:507
13629,reproduce,Musk Ox,489,186,2,124,4,offspring:1
13636,reproduce,Hawk,1635,284,5,1,2,offspring:1
13640,hunt_start,Jaguar,231,86,7,135,7,target:Rabbit:1238
13650,kill,Penguin,1811,276,8,44,2,killed_by:Hawk:1419
13651,hunt_fail,Hawk,1338,277,5,44,1,target_died
13651,hunt_start,Hawk,1338,277,5,44,1,target:Monkey:363
13651,hunt_start,Hawk,1419,277,1,44,2,target:Monkey:363
13659,reproduce,Elk,1466,249,1,221,4,offspring:1
13662,hunt_start,Hawk,1835,284,3,0,0,target:Monkey:1637
13664,kill,Penguin,1821,268,5,118,3,killed_by:Hawk:736
13664,age_death,Frog,795,21,2,277,9,
13664,age_death,Frog,797,56,1,281,6,
13665,hunt_start,Hawk,736,268,7,118,1,target:Rabbit:1363
13665,reproduce,Parrot,1634,140,7,257,2,offspring:1
13667,reproduce,Frog,514,56,9,277,6,offspring:2
13669,starvation,Rabbit,716,74,6,194,7,
13670,reproduce,Boar,1671,283,4,192,3,offspring:2
13678,starvation,Parrot,1217,202,3,58,4,
13678,hunt_fail,Jaguar,1262,197,7,55,4,target_died
13680,reproduce,Deer,590,32,0,275,6,offspring:1
13691,kill,Rabbit,505,267,1,105,7,killed_by:Hawk:752
13691,reproduce,Penguin,875,281,5,33,4,offspring:1
13692,hunt_start,Hawk,752,267,0,105,8,target:Penguin:525
13692,hunt_fail,Hawk,1540,264,3,107,7,prey_escaped
13692,hunt_start,Hawk,1540,264,3,107,7,target:Penguin:525
13694,hunt_start,Bear,462,135,7,223,0,target:Musk Ox:310
13705,hunt_start,Hawk,1635,286,5,1,6,target:Monkey:1637
13705,reproduce,Rabbit,1263,278,2,130,8,offspring:2
13707,kill,Shroomer,1834,228,7,48,9,killed_by:Hawk:1732
13708,hunt_fail,Hawk,1328,228,3,48,1,target_died
13708,hunt_start,Hawk,1328,228,3,48,1,target:Shroomer:1839
13708,hunt_start,Hawk,1732,228,6,48,7,target:Shroomer:1839
13716,kill,Monkey,1814,261,5,-0,0,killed_by:Hawk:1714
13716,reproduce,Monkey,693,281,6,19,8,offspring:1
13716,reproduce,Monkey,1108,279,4,25,2,offspring:1
13716,reproduce,Monkey,1637,272,6,10,3,offspring:1
13716,reproduce,Monkey,1717,265,8,27,3,offspring:1
13717,hunt_start,Hawk,1714,261,8,0,0,target:Monkey:1637
13734,hunt_start,Polar Bear,477,181,7,53,0,target:Musk Ox:228
13740,reproduce,Penguin,1183,48,0,15,8,offspring:1
13741,kill,Frog,507,36,1,268,5,killed_by:Jaguar:534
13744,reproduce,Elk,1221,51,5,210,9,offspring:1
13748,reproduce,Penguin,1641,268,1,35,4,offspring:1
13750,reproduce,Parrot,1659,150,0,127,6,offspring:1
13756,reproduce,Boar,1573,140,3,65,0,offspring:2
13757,hunt_start,Boar,1573,140,3,65,0,target:Lizard:115
13757,hunt_start,Boar,1856,137,3,66,0,target:Lizard:115
13757,hunt_start,Boar,1857,137,3,66,0,target:Lizard:115
13759,kill,Shroomer,1839,236,6,49,6,killed_by:Hawk:1328
13759,kill,Rabbit,1802,251,3,31,6,killed_by:Hawk:1731
13759,kill,Shroomer,1839,236,6,49,6,killed_by:Hawk:1732
13760,hunt_start,Hawk,1328,235,9,49,5,target:Shroomer:1838
13760,hunt_start,Hawk,1732,236,5,49,6,target:Shroomer:1838
13766,hunt_fail,Hawk,1328,235,8,48,6,target_died
13766,hunt_fail,Hawk,1732,236,3,48,5,target_died
13766,hunt_start,Hawk,1732,236,3,48,5,target:Shroomer:1844
13767,hunt_start,Hawk,1328,235,8,48,4,target:Shroomer:1844
13771,environment_death,Shroomer,1826,142,3,168,1,drowning
13771,reproduce,Elk,896,238,8,213,8,offspring:1
13772,reproduce,Camel,1351,79,2,262,6,offspring:1
13772,reproduce,Deer,1431,13,5,124,0,offspring:1
13775,starvation,Monkey,464,0,0,246,0,
13775,hunt_fail,Jaguar,1035,0,0,243,4,target_died
13775,hunt_start,Jaguar,1035,0,0,243,4,target:Lizard:73
13775,hunt_fail,Jaguar,1366,1,0,233,4,target_died
13775,hunt_start,Jaguar,1366,1,0,233,4,target:Boar:1726
13785,reproduce,Camel,807,17,6,236,3,offspring:1
13799,hunt_start,Jaguar,534,35,4,267,9,target:Frog:965
13800,reproduce,Camel,924,64,2,63,9,offspring:1
13807,starvation,Fish,659,99,1,96,0,
13807,kill,Monkey,363,266,5,65,5,killed_by:Hawk:1419
13808,hunt_fail,Hawk,1338,266,8,64,9,target_died
13808,hunt_start,Hawk,1338,266,8,64,9,target:Rabbit:992
13812,environment_death,Shroomer,1822,220,8,55,0,drowning
13812,kill,Penguin,1396,239,7,98,1,killed_by:Hawk:1509
13812,reproduce,Penguin,1404,265,0,120,6,offspring:1
13816,kill,Monkey,626,259,5,26,4,killed_by:Hawk:1310
13817,hunt_start,Hawk,1310,259,3,26,3,target:Rabbit:1803
13819,kill,Penguin,525,250,3,94,9,killed_by:Hawk:752
13819,age_death,Lizard,810,177,7,269,9,
13820,hunt_start,Hawk,752,250,4,95,0,target:Rabbit:1264
13820,hunt_fail,Hawk,1540,250,8,95,3,target_died
13820,hunt_start,Hawk,1540,250,8,95,3,target:Rabbit:1264
13823,reproduce,Penguin,126,249,5,101,4,offspring:1
13825,hunt_fail,Hawk,1328,241,6,41,8,target_died
13825,hunt_fail,Hawk,1732,243,2,40,2,target_died
13825,hunt_start,Hawk,1732,243,2,40,2,target:Shroomer:1851
13829,age_death,Lizard,821,192,7,281,1,
13831,hunt_fail,Hawk,1732,242,7,39,2,target_died
13838,hunt_start,Hawk,1732,242,3,38,5,target:Shroomer:1841
13839,reproduce,Elk,1558,39,5,204,7,offspring:1
13846,reproduce,Penguin,1080,248,8,131,8,offspring:1
13848,hunt_start,Jaguar,1262,197,9,58,1,target:Penguin:642
13850,reproduce,Penguin,478,280,2,25,9,offspring:1
13851,kill,Rabbit,1363,241,7,120,1,killed_by:Hawk:736
13852,hunt_fail,Bear,462,136,6,223,8,discomfort
13852,hunt_start,Hawk,736,242,0,120,1,target:Penguin:1713
13854,reproduce,Parrot,523,28,7,20,8,offspring:1
13855,environment_death,Lizard,240,0,0,265,3,drowning
13855,hunt_fail,Jaguar,1551,0,8,261,6,target_died
13855,hunt_start,Jaguar,1551,0,8,261,6,target:Lizard:73
13857,hunt_fail,Hawk,1732,244,0,35,5,target_died
13857,hunt_start,Hawk,1732,244,0,35,5,target:Shroomer:1859
13858,age_death,Frog,800,161,7,35,7,
13858,age_death,Frog,801,154,2,3,0,
13858,reproduce,Musk Ox,562,177,7,124,5,offspring:1
13861,reproduce,Monkey,335,178,8,3,9,offspring:1
13862,starvation,Monkey,743,184,4,205,5,
13871,kill,Musk Ox,228,173,6,52,2,killed_by:Polar Bear:477
13881,hunt_start,Hawk,1509,237,8,101,6,target:Penguin:245
13881,reproduce,Lizard,763,192,0,273,9,offspring:2
13882,reproduce,Musk Ox,306,135,4,31,7,offspring:1
13882,reproduce,Elk,1317,60,8,63,8,offspring:1
13883,hunt_start,Hawk,1419,264,1,66,7,target:Rabbit:992
13893,reproduce,Musk Ox,866,83,7,155,4,offspring:1
13893,reproduce,Deer,1201,165,8,140,8,offspring:1
13897,starvation,Rabbit,1648,8,8,165,9,
13904,reproduce,Parrot,977,11,0,204,3,offspring:1
13906,kill,Monkey,1637,260,5,29,5,killed_by:Hawk:1835
13907,hunt_fail,Hawk,1635,263,7,23,6,target_died
13907,hunt_start,Hawk,1635,263,7,23,6,target:Penguin:1205
13907,hunt_fail,Hawk,1714,260,8,28,7,target_died
13907,hunt_start,Hawk,1714,260,8,28,7,target:Rabbit:1803
13907,hunt_start,Hawk,1835,260,6,29,3,target:Rabbit:1803
13914,kill,Frog,965,29,1,270,4,killed_by:Jaguar:534
13916,reproduce,Frog,1616,53,2,284,3,offspring:2
13919,hunt_start,Hawk,1731,260,8,33,3,target:Rabbit:1803
13922,hunt_start,Bear,462,135,8,223,1,target:Musk Ox:310
13922,reproduce,Penguin,1523,257,8,128,3,offspring:1
13927,kill,Lizard,73,0,0,256,6,killed_by:Jaguar:1035
13927,kill,Lizard,73,0,0,256,6,killed_by:Jaguar:1551
13928,hunt_start,Jaguar,1035,0,0,255,9,target:Boar:1726
13928,hunt_start,Jaguar,1551,0,0,257,1,target:Boar:1726
13928,hunt_fail,Boar,1726,0,9,249,4,target_died
13934,reproduce,Deer,849,32,0,130,5,offspring:1
13937,reproduce,Camel,250,80,8,257,3,offspring:1
13940,reproduce,Tapir,575,160,1,1,1,offspring:1
13945,kill,Rabbit,1803,272,9,37,0,killed_by:Hawk:1310
13946,hunt_start,Hawk,1310,272,7,36,9,target:Penguin:1505
13946,hunt_fail,Hawk,1714,266,2,32,4,target_died
13946,hunt_start,Hawk,1714,266,2,32,4,target:Penguin:1205
13946,hunt_fail,Hawk,1731,264,7,34,4,target_died
13946,hunt_start,Hawk,1731,264,7,34,4,target:Penguin:1641
13946,hunt_fail,Hawk,1835,265,8,32,6,target_died
13946,hunt_start,Hawk,1835,265,8,32,6,target:Penguin:1641
13947,reproduce,Monkey,616,264,8,191,9,offspring:1
13951,kill,Shroomer,1859,232,6,25,4,killed_by:Hawk:1732
13951,reproduce,Monkey,171,51,1,225,1,offspring:1
13952,hunt_start,Hawk,1732,232,8,25,5,target:Shroomer:1844
13959,hunt_fail,Hawk,1732,233,8,24,6,target_died
13959,hunt_start,Hawk,1732,233,8,24,6,target:Shroomer:1363
13971,hunt_start,Jaguar,534,28,5,269,4,target:Deer:1217
13973,starvation,Jaguar,1149,78,8,221,7,
13975,hunt_fail,Hawk,1732,230,8,24,6,target_died
13976,hunt_start,Hawk,1328,235,3,43,8,target:Shroomer:1363
13990,hunt_start,Jaguar,450,44,9,240,1,target:Rabbit:674
13997,kill,Shroomer,1363,236,2,45,9,killed_by:Hawk:1328
13998,kill,Penguin,1713,259,4,128,1,killed_by:Hawk:736
13998,hunt_start,Hawk,1328,236,1,45,7,target:Shroomer:1871
14007,starvation,Shroomer,794,79,5,32,6,
14009,reproduce,Tapir,1053,132,1,131,5,offspring:1
14012,kill,Penguin,245,253,3,106,5,killed_by:Hawk:1509
14012,reproduce,Rabbit,1115,18,3,148,4,offspring:2
14013,kill,Penguin,1641,269,4,41,6,killed_by:Hawk:1731
14013,reproduce,Deer,504,59,3,216,1,offspring:1
14014,hunt_fail,Bear,462,136,9,223,6,discomfort
14014,kill,Penguin,1205,276,8,29,8,killed_by:Hawk:1714
14014,hunt_fail,Hawk,1835,269,1,41,3,target_died
14014,hunt_start,Hawk,1835,269,1,41,3,target:Penguin:507
14015,hunt_fail,Hawk,1635,276,6,29,7,target_died
14015,hunt_start,Hawk,1635,276,6,29,7,target:Penguin:375
14015,hunt_start,Hawk,1714,276,1,29,7,target:Penguin:375
14019,reproduce,Monkey,1378,136,5,237,1,offspring:1
14035,reproduce,Camel,1529,180,2,64,4,offspring:1
14038,reproduce,Penguin,375,278,2,34,1,offspring:1
14044,reproduce,Monkey,768,133,3,237,8,offspring:1
14048,kill,Boar,1726,1,4,249,0,killed_by:Jaguar:1035
14049,hunt_start,Jaguar,1035,1,2,249,6,target:Rabbit:3
14049,hunt_fail,Jaguar,1366,1,0,234,0,target_died
14049,hunt_fail,Jaguar,1551,0,2,256,6,target_died
14049,hunt_start,Jaguar,1551,0,2,256,6,target:Parrot:267
14051,reproduce,Penguin,533,284,2,33,0,offspring:1
14059,kill,Penguin,1505,282,5,46,5,killed_by:Hawk:1310
14059,reproduce,Rabbit,1710,286,1,39,2,offspring:2
14060,hunt_start,Hawk,1310,282,3,46,3,target:Penguin:1094
14064,kill,Shroomer,1871,229,3,51,4,killed_by:Hawk:1328
14091,reproduce,Deer,400,271,3,128,1,offspring:1
14092,hunt_start,Hawk,1732,235,6,18,9,target:Monkey:914
14093,reproduce,Musk Ox,310,140,1,225,1,offspring:1
14098,hunt_start,Hawk,1328,231,0,52,5,target:Shroomer:1888
14099,kill,Penguin,375,280,6,40,7,killed_by:Hawk:1635
14099,reproduce,Boar,1574,128,1,103,3,offspring:2
14100,hunt_start,Hawk,1635,280,5,40,5,target:Penguin:1879
14100,hunt_fail,Hawk,1714,280,4,40,1,prey_escaped
14100,hunt_start,Hawk,1714,280,4,40,1,target:Penguin:1879
14107,kill,Penguin,507,267,1,51,0,killed_by:Hawk:1835
14107,reproduce,Penguin,1335,258,7,71,9,offspring:1
14108,hunt_start,Hawk,1835,267,2,50,7,target:Penguin:1094
14115,reproduce,Parrot,723,144,5,265,5,offspring:1
14117,hunt_start,Bear,462,135,6,223,0,target:Musk Ox:310
14121,hunt_start,Hawk,736,255,6,126,6,target:Rabbit:1810
14130,reproduce,Rabbit,1086,29,3,223,4,offspring:2
14146,kill,Rabbit,1264,241,7,67,0,killed_by:Hawk:752
14147,hunt_start,Hawk,752,241,8,67,2,target:Lizard:1657
14147,hunt_fail,Hawk,1540,246,6,71,8,target_died
14147,hunt_start,Hawk,1540,246,6,71,8,target:Lizard:1657
14152,reproduce,Rabbit,717,8,6,261,6,offspring:2
14168,reproduce,Deer,1281,96,7,255,1,offspring:1
14170,kill,Penguin,1879,271,7,35,4,killed_by:Hawk:1714
14171,hunt_start,Hawk,1714,272,0,35,5,target:Penguin:1764
14172,hunt_start,Hawk,1509,250,2,113,5,target:Rabbit:1810
14173,hunt_start,Hawk,1731,278,0,45,5,target:Rabbit:1710
14178,kill,Penguin,1094,278,9,60,0,killed_by:Hawk:1310
14179,hunt_fail,Hawk,1835,276,6,56,5,target_died
14180,reproduce,Penguin,156,243,5,93,7,offspring:1
14193,kill,Deer,1217,33,1,273,8,killed_by:Jaguar:534
14206,age_death,Parrot,349,11,4,117,7,
14210,reproduce,Boar,1320,226,1,258,7,offspring:2
14211,kill,Shroomer,1888,247,3,54,5,killed_by:Hawk:1328
14212,hunt_start,Hawk,1328,247,1,54,4,target:Shroomer:1887
14213,kill,Rabbit,1115,11,3,144,7,killed_by:Jaguar:874
14214,hunt_start,Jaguar,874,11,8,144,7,target:Elk:783
14217,age_death,Fish,813,204,3,12,1,
14217,age_death,Fish,1041,203,4,12,5,
14217,age_death,Fish,1042,207,8,7,6,
14217,age_death,Fish,1043,206,9,8,1,
14217,age_death,Fish,1044,206,1,7,7,
14217,age_death,Fish,1045,206,2,8,8,
14217,age_death,Fish,1046,206,1,12,2,
14217,age_death,Fish,1047,206,6,10,3,
14217,age_death,Fish,1048,200,2,8,8,
14217,age_death,Fish,1049,199,9,7,8,
14217,age_death,Fish,1050,201,8,5,2,
14217,age_death,Fish,1051,202,8,5,2,
14217,age_death,Fish,1052,207,1,11,4,
14217,age_death,Fish,1056,202,8,1,7,
14217,age_death,Fish,1057,202,3,0,8,
14217,age_death,Fish,1058,208,1,2,9,
14217,age_death,Fish,1059,205,0,1,2,
14217,age_death,Fish,1060,202,4,12,2,
14217,age_death,Fish,1061,201,5,12,7,
14217,age_death,Fish,1062,207,7,5,9,
14217,age_death,Fish,1063,206,6,5,7,
14217,age_death,Fish,1064,205,2,9,3,
14217,age_death,Fish,1065,204,6,10,1,
14217,age_death,Fish,1068,203,7,10,6,
14217,age_death,Fish,1069,201,2,9,2,
14217,age_death,Fish,1070,206,5,6,7,
14217,age_death,Fish,1071,205,5,7,6,
14218,hunt_fail,Hawk,1328,247,9,54,5,target_died
14218,hunt_start,Hawk,1328,247,9,54,5,target:Shroomer:1875
14232,hunt_fail,Bear,462,136,5,223,9,discomfort
14232,reproduce,Turtle,96,52,8,203,4,offspring:1
14233,reproduce,Boar,910,13,6,134,5,offspring:2
14237,reproduce,Rabbit,1709,257,7,19,6,offspring:2
14242,reproduce,Monkey,914,255,9,-0,0,offspring:1
14253,reproduce,Penguin,1436,271,1,92,7,offspring:1
14265,kill,Shroomer,1875,249,2,49,0,killed_by:Hawk:1328
14266,hunt_start,Hawk,1328,249,1,49,1,target:Shroomer:1888
14266,reproduce,Boar,1527,40,9,256,1,offspring:2
14274,hunt_start,Boar,1527,41,2,256,3,target:Lizard:934
14276,hunt_start,Boar,1059,39,8,255,4,target:Frog:1614
14276,hunt_start,Boar,1060,39,8,255,4,target:Frog:1614
14280,reproduce,Jaguar,450,64,5,251,3,offspring:1
14281,hunt_start,Jaguar,1064,67,2,251,1,target:Rabbit:674
14282,reproduce,Deer,590,26,7,274,5,offspring:1
14283,environment_death,Shroomer,187,250,6,42,4,drowning
14283,reproduce,Parrot,1511,30,3,6,8,offspring:1
14287,reproduce,Deer,1686,36,7,224,0,offspring:1
14288,kill,Elk,783,9,2,139,8,killed_by:Jaguar:874
14288,reproduce,Jaguar,874,9,6,140,3,offspring:1
14289,hunt_start,Jaguar,874,9,6,140,3,target:Shroomer:415
14289,hunt_start,Jaguar,1070,12,3,141,8,target:Shroomer:415
14289,reproduce,Penguin,829,14,7,69,1,offspring:1
14291,hunt_fail,Hawk,1635,263,6,51,9,target_died
14292,kill,Monkey,914,263,7,-0,0,killed_by:Hawk:1732
14293,hunt_start,Hawk,1732,263,5,0,3,target:Monkey:1056
14294,kill,Penguin,1764,286,5,33,6,killed_by:Hawk:1714
14302,hunt_start,Bear,462,135,7,223,1,target:Musk Ox:310
14305,kill,Lizard,1657,226,6,89,2,killed_by:Hawk:1540
14305,reproduce,Monkey,407,288,0,27,5,offspring:1
14306,hunt_fail,Hawk,752,227,0,88,8,target_died
14306,hunt_start,Hawk,752,227,0,88,8,target:Rabbit:869
14306,hunt_start,Hawk,1540,226,7,89,1,target:Rabbit:869
14313,kill,Rabbit,1810,271,0,106,6,killed_by:Hawk:736
14314,hunt_fail,Hawk,1509,270,1,107,1,target_died
14314,hunt_start,Hawk,1509,270,1,107,1,target:Rabbit:1266
14314,hunt_start,Hawk,1635,263,6,53,3,target:Shroomer:1871
14315,starvation,Wolf,430,228,5,135,9,
14317,reproduce,Penguin,875,280,5,28,5,offspring:1
14319,reproduce,Musk Ox,312,139,2,227,1,offspring:1
14322,reproduce,Penguin,1627,18,3,71,2,offspring:1
14332,hunt_fail,Hawk,1328,246,1,39,8,target_died
14332,hunt_start,Hawk,1328,246,1,39,8,target:Shroomer:1051
14334,hunt_fail,Hawk,1635,260,8,51,9,target_died
14334,reproduce,Camel,1629,15,7,181,5,offspring:1
14338,hunt_start,Hawk,1310,286,1,55,8,target:Penguin:505
14340,hunt_start,Polar Bear,477,175,1,45,1,target:Penguin:286
14351,kill,Rabbit,1710,288,0,32,2,killed_by:Hawk:1731
14364,kill,Shroomer,415,9,0,142,9,killed_by:Jaguar:874
14365,hunt_fail,Jaguar,1070,9,7,143,6,target_died
14365,hunt_start,Jaguar,1070,9,7,143,6,target:Deer:1744
14365,reproduce,Penguin,1503,276,5,137,1,offspring:1
14371,starvation,Rabbit,1636,15,3,174,9,
14397,starvation,Monkey,979,0,3,76,9,
14397,hunt_fail,Jaguar,621,6,1,84,7,target_died
14400,reproduce,Musk Ox,1651,93,1,224,2,offspring:1
14404,hunt_fail,Bear,462,137,9,222,5,discomfort
14407,hunt_fail,Jaguar,485,142,3,174,9,discomfort
14407,reproduce,Parrot,523,35,9,15,6,offspring:1
14412,reproduce,Elk,1194,61,4,63,4,offspring:1
14414,kill,Shroomer,1051,237,8,47,2,killed_by:Hawk:1328
14415,hunt_start,Hawk,1328,238,0,47,1,target:Shroomer:1897
14416,reproduce,Elk,808,57,6,59,2,offspring:1
14429,hunt_start,Jaguar,485,142,8,175,4,target:Shroomer:1130
14443,reproduce,Tapir,353,128,1,140,8,offspring:1
14449,reproduce,Parrot,1659,135,0,112,6,offspring:1
14454,hunt_start,Hawk,1714,280,0,36,6,target:Monkey:1854
14454,reproduce,Monkey,1773,162,0,0,9,offspring:1
14458,reproduce,Penguin,478,283,0,20,7,offspring:1
14460,reproduce,Elk,1466,241,5,221,7,offspring:1
14464,kill,Shroomer,1897,236,3,40,7,killed_by:Hawk:1328
14464,reproduce,Monkey,335,177,6,6,1,offspring:1
14465,hunt_start,Hawk,1328,236,4,40,9,target:Shroomer:1896
14473,hunt_start,Hawk,736,268,1,108,4,target:Rabbit:1809
14482,reproduce,Monkey,1767,227,5,79,6,offspring:1
14485,reproduce,Tapir,1720,58,8,60,7,offspring:1
14489,hunt_start,Bear,462,136,8,222,8,target:Musk Ox:1869
14489,kill,Monkey,1056,233,8,16,4,killed_by:Hawk:1732
14490,hunt_start,Hawk,1732,234,0,16,3,target:Shroomer:1900
14490,age_death,Penguin,274,145,5,64,9,
14494,kill,Rabbit,1266,267,3,81,8,killed_by:Hawk:1509
14498,reproduce,Penguin,1619,181,0,70,9,offspring:1
14505,starvation,Parrot,1321,14,1,73,8,
14509,hunt_start,Jaguar,1366,4,1,232,7,target:Parrot:998
14511,hunt_start,Hawk,1731,281,4,36,0,target:Penguin:505
14515,hunt_fail,Bear,462,136,4,223,5,discomfort
14517,hunt_fail,Hawk,1328,232,4,46,4,target_died
14517,hunt_start,Hawk,1328,232,4,46,4,target:Shroomer:914
14522,hunt_fail,Polar Bear,477,169,0,35,4,discomfort
14523,starvation,Rabbit,355,1,3,143,6,
14525,kill,Penguin,505,288,0,35,7,killed_by:Hawk:1310
14525,reproduce,Elk,1303,267,0,136,5,offspring:1
14526,hunt_fail,Hawk,1731,283,7,35,9,target_died
14526,hunt_start,Hawk,1731,283,7,35,9,target:Penguin:533
14532,hunt_fail,Jaguar,485,142,5,175,0,discomfort
14532,reproduce,Elk,204,273,5,130,1,offspring:1
14552,hunt_start,Jaguar,485,142,9,175,4,target:Boar:152
14560,hunt_fail,Jaguar,485,143,1,175,5,discomfort
14565,hunt_start,Jaguar,534,36,1,279,1,target:Parrot:932
14569,hunt_start,Bear,462,135,7,223,0,target:Musk Ox:310
14572,hunt_start,Hawk,1509,272,0,82,0,target:Penguin:1436
14573,reproduce,Monkey,171,45,2,237,0,offspring:1
14581,age_death,Parrot,340,79,7,214,1,
14582,reproduce,Frog,1525,31,9,131,4,offspring:2
14589,reproduce,Elk,896,236,6,222,9,offspring:1
14597,reproduce,Lizard,205,23,3,262,1,offspring:2
14608,starvation,Rabbit,1339,16,2,32,4,
14608,reproduce,Tapir,357,99,9,200,0,offspring:1
14611,starvation,Shroomer,551,221,7,49,5,
14611,hunt_start,Hawk,1835,271,2,59,4,target:Penguin:1335
14616,reproduce,Musk Ox,1346,86,6,224,1,offspring:1
14619,age_death,Lizard,242,179,1,266,1,
14627,hunt_start,Jaguar,485,144,1,177,1,target:Boar:152
14629,starvation,Shroomer,555,244,3,204,6,
14629,age_death,Lizard,279,183,4,267,5,
14638,reproduce,Penguin,1549,273,8,17,2,offspring:1
14643,reproduce,Musk Ox,1695,84,8,134,4,offspring:1
14645,reproduce,Monkey,1499,37,1,224,2,offspring:1
14648,reproduce,Hawk,1714,254,8,26,8,offspring:1
14648,reproduce,Penguin,1749,266,9,27,8,offspring:1
14649,hunt_start,Hawk,1930,256,5,24,4,target:Monkey:1854
14651,kill,Monkey,1854,254,0,26,5,killed_by:Hawk:1714
14652,hunt_start,Hawk,1714,254,3,26,6,target:Shroomer:1912
14656,reproduce,Monkey,1717,273,9,14,5,offspring:1
14663,kill,Shroomer,1900,243,3,33,8,killed_by:Hawk:1732
14664,hunt_start,Hawk,1732,243,1,33,5,target:Shroomer:1854
14665,age_death,Parrot,343,121,6,12,4,
14665,reproduce,Penguin,1330,8,4,22,8,offspring:1
14667,kill,Rabbit,1809,287,6,125,5,killed_by:Hawk:736
14668,kill,Penguin,642,182,6,62,8,killed_by:Jaguar:1262
14669,hunt_start,Jaguar,1262,183,4,62,8,target:Camel:1878
14676,kill,Penguin,533,277,1,17,9,killed_by:Hawk:1731
14683,reproduce,Parrot,909,-0,0,125,2,offspring:1
14684,reproduce,Elk,1317,55,6,58,7,offspring:1
14685,hunt_start,Hawk,1310,283,1,32,1,target:Penguin:1726
14713,kill,Shroomer,914,236,4,24,6,killed_by:Hawk:1328
14719,kill,Penguin,1436,266,7,99,9,killed_by:Hawk:1509
14725,reproduce,Monkey,1373,232,5,128,1,offspring:1
14729,hunt_fail,Boar,1756,25,3,88,0,prey_escaped
14733,reproduce,Elk,1384,96,3,128,7,offspring:1
14734,starvation,Parrot,1101,181,4,197,5,
14736,hunt_start,Jaguar,874,5,7,128,3,target:Monkey:1297
14743,kill,Camel,1878,181,9,70,3,killed_by:Jaguar:1262
14744,hunt_start,Jaguar,1262,182,0,69,7,target:Deer:67
14750,starvation,Shroomer,1428,123,2,17,3,
14755,reproduce,Penguin,1399,284,2,17,7,offspring:1
14756,environment_death,Monkey,315,191,1,72,4,drowning
14757,reproduce,Boar,127,63,9,63,3,offspring:2
14758,hunt_start,Boar,127,63,9,63,3,target:Frog:1762
14758,hunt_start,Boar,315,65,4,63,9,target:Frog:1544
14758,hunt_start,Boar,1937,65,4,63,9,target:Frog:1544
14761,starvation,Shroomer,374,255,8,264,7,
14770,hunt_fail,Boar,671,24,1,84,3,prey_escaped
14770,kill,Shroomer,1854,251,5,42,5,killed_by:Hawk:1732
14771,kill,Shroomer,1912,244,5,23,6,killed_by:Hawk:1714
14771,hunt_start,Hawk,1732,251,0,42,3,target:Shroomer:1933
14771,hunt_fail,Hawk,1930,251,6,42,1,target_died
14771,hunt_start,Hawk,1930,251,6,42,1,target:Shroomer:1933
14772,kill,Boar,152,146,7,183,9,killed_by:Jaguar:485
14772,hunt_fail,Hawk,1732,251,0,42,2,target_died
14772,hunt_fail,Hawk,1930,251,5,42,0,target_died
14773,reproduce,Jaguar,485,146,5,183,3,offspring:1
14774,hunt_start,Jaguar,485,146,6,183,3,target:Boar:718
14774,hunt_start,Jaguar,1854,143,7,185,2,target:Boar:718
14775,reproduce,Monkey,1144,205,8,60,5,offspring:1
14782,kill,Musk Ox,310,141,6,232,5,killed_by:Bear:462
14786,age_death,Rabbit,103,65,1,245,9,
14790,kill,Penguin,1335,259,1,80,6,killed_by:Hawk:1835
14791,hunt_start,Hawk,1835,259,2,80,4,target:Penguin:507
14795,reproduce,Rabbit,1647,19,0,176,6,offspring:2
14802,hunt_start,Hawk,1635,266,2,58,5,target:Penguin:507
14802,reproduce,Parrot,584,95,8,11,4,offspring:1
14804,reproduce,Penguin,156,249,8,94,0,offspring:1
14809,reproduce,Musk Ox,866,86,2,159,2,offspring:1
14811,hunt_fail,Jaguar,398,9,4,267,2,prey_escaped
14811,hunt_start,Jaguar,398,9,4,267,2,target:Parrot:619
14811,reproduce,Parrot,899,-0,0,114,9,offspring:1
14813,reproduce,Penguin,1502,249,8,128,2,offspring:1
14816,kill,Penguin,1726,270,6,21,8,killed_by:Hawk:1310
14827,hunt_start,Hawk,736,279,2,122,1,target:Rabbit:1850
14832,reproduce,Penguin,272,104,0,96,1,offspring:1
14836,hunt_start,Hawk,1731,278,1,12,8,target:Rabbit:1049
14851,reproduce,Hawk,1731,275,9,12,7,offspring:1
14852,hunt_start,Hawk,1940,277,0,13,4,target:Rabbit:1049
14860,hunt_start,Boar,375,124,2,108,2,target:Lizard:1313
14866,kill,Rabbit,869,251,7,109,7,killed_by:Hawk:752
14867,hunt_start,Hawk,752,251,5,109,6,target:Penguin:126
14867,hunt_fail,Hawk,1540,235,4,90,3,target_died
14867,hunt_start,Hawk,1540,235,4,90,3,target:Lizard:1655
14869,reproduce,Deer,400,279,4,131,5,offspring:1
14873,hunt_start,Hawk,1328,234,6,27,8,target:Shroomer:1941
14879,hunt_start,Hawk,1509,272,3,100,5,target:Rabbit:1206
14886,kill,Boar,718,141,6,194,7,killed_by:Jaguar:1854
14887,hunt_fail,Jaguar,485,142,6,191,7,target_died
14887,hunt_start,Jaguar,485,142,6,191,7,target:Boar:696
14887,hunt_start,Jaguar,1854,141,8,194,1,target:Camel:854
14887,age_death,Lizard,919,85,9,206,1,
14889,hunt_start,Hawk,1930,253,5,41,1,target:Shroomer:718
14893,reproduce,Monkey,1541,31,9,224,1,offspring:1
14901,starvation,Tapir,1392,18,5,250,6,
14902,kill,Penguin,507,255,1,66,8,killed_by:Hawk:1635
14902,reproduce,Tapir,1612,22,0,235,5,offspring:1
14903,hunt_start,Hawk,1635,255,4,66,7,target:Penguin:434
14903,hunt_fail,Hawk,1835,255,2,67,1,target_died
14903,hunt_start,Hawk,1835,255,2,67,1,target:Penguin:434
14911,hunt_start,Jaguar,796,222,4,281,9,target:Boar:349
14916,reproduce,Deer,1686,27,1,220,7,offspring:1
14919,age_death,Lizard,928,90,4,258,3,
14919,age_death,Lizard,929,98,5,279,8,
14920,reproduce,Deer,590,13,0,277,8,offspring:1
14923,starvation,Shroomer,1014,225,5,58,6,
14924,reproduce,Boar,1573,128,6,80,6,offspring:2
14925,hunt_start,Boar,1014,131,6,81,9,target:Shroomer:1624
14925,hunt_start,Boar,1573,128,6,80,5,target:Shroomer:1624
14925,hunt_start,Boar,1878,131,6,81,9,target:Shroomer:1624
14931,hunt_start,Hawk,1714,244,6,16,3,target:Rabbit:1050
14935,environment_death,Shroomer,555,247,6,245,0,drowning
14938,reproduce,Monkey,616,257,3,192,0,offspring:1
14941,reproduce,Hawk,736,264,6,130,8,offspring:1
14942,hunt_fail,Jaguar,1125,171,7,193,2,prey_escaped
14942,hunt_start,Hawk,1947,264,2,131,7,target:Rabbit:1850
14942,age_death,Lizard,934,70,2,272,0,
14942,age_death,Lizard,935,45,9,278,8,
14942,age_death,Lizard,936,64,8,271,8,
14949,reproduce,Monkey,1092,-0,0,103,4,offspring:1
14956,environment_death,Deer,67,178,2,81,1,drowning
14956,hunt_fail,Jaguar,1262,178,8,77,4,target_died
14956,hunt_start,Jaguar,1262,178,8,77,4,target:Shroomer:88
14966,reproduce,Hawk,1328,222,0,29,3,offspring:1
14967,hunt_start,Hawk,935,221,9,31,5,target:Shroomer:1941
14970,starvation,Shroomer,1665,201,3,239,3,
14970,kill,Shroomer,1941,221,4,29,4,killed_by:Hawk:1328
14971,hunt_fail,Hawk,935,221,7,30,9,target_died
14971,hunt_start,Hawk,935,221,7,30,9,target:Shroomer:1946
14971,hunt_start,Hawk,1328,221,6,29,4,target:Shroomer:1946
14971,kill,Camel,854,144,3,199,4,killed_by:Jaguar:1854
14971,reproduce,Camel,1684,169,4,85,1,offspring:1
14973,starvation,Jaguar,796,222,6,281,4,
14976,hunt_start,Hawk,1310,264,6,15,8,target:Penguin:279
14981,kill,Rabbit,1049,256,3,9,4,killed_by:Hawk:1731
14982,kill,Penguin,126,265,5,118,2,killed_by:Hawk:752
14982,hunt_start,Hawk,1731,256,4,9,5,target:Rabbit:1050
14982,hunt_fail,Hawk,1940,256,9,9,6,target_died
14982,hunt_start,Hawk,1940,256,9,9,6,target:Rabbit:1050
14983,hunt_start,Hawk,752,265,3,118,1,target:Penguin:1864
14983,kill,Rabbit,1850,263,5,127,1,killed_by:Hawk:1947
14983,reproduce,Parrot,523,28,8,15,8,offspring:1
14984,hunt_fail,Hawk,736,263,1,127,6,target_died
14984,hunt_start,Hawk,736,263,1,127,6,target:Rabbit:1263
14984,hunt_start,Hawk,1947,263,4,127,3,target:Rabbit:1263
14986,starvation,Rabbit,1032,73,1,270,7,
14987,reproduce,Hawk,1310,263,5,17,0,offspring:1
14988,hunt_start,Hawk,796,261,3,19,3,target:Penguin:279
14990,kill,Shroomer,1946,223,4,27,7,killed_by:Hawk:1328
14991,hunt_fail,Hawk,935,223,1,28,1,target_died
15000,age_death,Rabbit,502,88,6,276,2,
15007,kill,Penguin,434,242,1,72,4,killed_by:Hawk:1835
15008,hunt_fail,Hawk,1635,242,5,72,5,target_died
15008,hunt_start,Hawk,1635,242,5,72,5,target:Lizard:28
15008,hunt_start,Hawk,1835,242,1,72,8,target:Lizard:28
15009,kill,Boar,696,152,6,192,7,killed_by:Jaguar:485
15009,hunt_fail,Hawk,1930,250,9,41,6,target_died
15010,starvation,Elk,1478,8,2,168,5,
15010,reproduce,Elk,1545,33,9,202,2,offspring:1
15015,kill,Lizard,1655,216,0,74,7,killed_by:Hawk:1540
15016,hunt_start,Hawk,1540,216,2,74,8,target:Lizard:1656
15025,kill,Shroomer,1624,135,9,79,0,killed_by:Boar:1014
15026,hunt_fail,Boar,1573,134,3,79,4,target_died
15026,hunt_fail,Boar,1878,135,3,78,8,target_died
15028,hunt_start,Hawk,935,221,7,29,0,target:Shroomer:502
15028,hunt_start,Hawk,1328,224,6,28,9,target:Shroomer:502
15029,reproduce,Penguin,1823,271,6,128,9,offspring:1
15030,hunt_start,Boar,1014,135,5,79,4,target:Lizard:1617
15033,kill,Penguin,279,266,0,20,8,killed_by:Hawk:796
15033,kill,Penguin,279,266,0,20,8,killed_by:Hawk:1310
15034,hunt_start,Hawk,796,265,6,20,8,target:Penguin:1931
15034,hunt_start,Hawk,1310,265,9,20,4,target:Penguin:1931
15034,hunt_fail,Boar,1765,103,1,74,8,prey_escaped
15034,hunt_fail,Boar,1766,104,6,76,2,prey_escaped
15034,hunt_start,Boar,1766,104,6,76,2,target:Lizard:880
15038,kill,Shroomer,502,220,6,26,9,killed_by:Hawk:935
15038,reproduce,Rabbit,1709,256,8,0,4,offspring:2
15039,hunt_start,Hawk,935,220,8,27,4,target:Shroomer:1946
15039,hunt_fail,Hawk,1328,223,2,28,1,target_died
15039,hunt_start,Hawk,1328,223,2,28,1,target:Shroomer:1946
15047,reproduce,Camel,1173,65,0,63,7,offspring:1
15048,hunt_fail,Hawk,935,219,5,28,0,target_died
15048,hunt_fail,Hawk,1328,221,8,28,5,target_died
15052,kill,Deer,1744,4,5,138,1,killed_by:Jaguar:1070
15053,hunt_start,Jaguar,1070,4,9,138,6,target:Monkey:229
15060,reproduce,Deer,29,15,7,141,2,offspring:1
15061,reproduce,Penguin,478,278,9,18,7,offspring:1
15067,kill,Rabbit,1050,246,0,-0,0,killed_by:Hawk:1940
15067,reproduce,Turtle,185,224,0,94,4,offspring:1
15068,hunt_fail,Hawk,1714,246,1,0,1,target_died
15068,hunt_start,Hawk,1714,246,1,0,1,target:Rabbit:1709
15068,hunt_fail,Hawk,1731,246,1,0,6,target_died
15068,hunt_start,Hawk,1731,246,1,0,6,target:Rabbit:1709
15068,hunt_start,Hawk,1940,246,5,0,4,target:Rabbit:1709
15074,reproduce,Lizard,119,205,1,199,1,offspring:2
15077,reproduce,Camel,1529,180,0,58,7,offspring:1
15078,hunt_start,Hawk,1732,250,6,34,2,target:Shroomer:1950
15078,hunt_start,Hawk,1930,253,5,37,8,target:Shroomer:1950
15082,kill,Penguin,1864,257,6,127,5,killed_by:Hawk:752
15083,hunt_start,Hawk,752,257,7,127,3,target:Penguin:1939
15088,age_death,Frog,253,219,8,211,1,
15088,age_death,Frog,750,219,3,228,9,
15088,age_death,Frog,942,211,7,218,4,
15088,age_death,Frog,943,243,5,212,4,
15088,age_death,Frog,944,244,9,230,6,
15088,age_death,Frog,946,240,3,245,9,
15088,age_death,Frog,947,242,5,235,0,
15088,age_death,Frog,948,245,3,250,7,
15088,age_death,Frog,949,240,4,239,5,
15098,hunt_fail,Hawk,1732,252,0,37,0,target_died
15098,hunt_fail,Hawk,1930,254,8,41,0,target_died
15098,hunt_start,Hawk,1930,254,8,41,0,target:Shroomer:1949
15099,age_death,Rabbit,573,73,9,21,7,
15101,kill,Rabbit,1206,288,0,122,4,killed_by:Hawk:1509
15104,reproduce,Musk Ox,1725,87,2,225,6,offspring:1
15109,reproduce,Penguin,471,125,0,31,9,offspring:1
15109,reproduce,Penguin,1619,182,3,75,7,offspring:1
15111,hunt_start,Hawk,935,217,8,30,2,target:Shroomer:946
15111,hunt_start,Hawk,1328,221,4,31,0,target:Shroomer:946
15114,reproduce,Rabbit,717,15,8,259,1,offspring:2
15121,kill,Shroomer,946,220,1,30,2,killed_by:Hawk:935
15122,kill,Frog,1544,48,7,79,5,killed_by:Boar:315
15122,hunt_start,Hawk,935,219,6,30,3,target:Shroomer:947
15122,hunt_fail,Hawk,1328,220,2,30,3,target_died
15122,hunt_start,Hawk,1328,220,2,30,3,target:Shroomer:947
15123,hunt_fail,Boar,1937,50,3,77,5,target_died
15123,hunt_start,Boar,1937,50,3,77,5,target:Frog:1763
15123,kill,Rabbit,1263,282,5,117,6,killed_by:Hawk:1947
15124,hunt_fail,Hawk,736,282,0,118,0,target_died
15124,hunt_start,Hawk,736,282,0,118,0,target:Rabbit:1849
15124,hunt_start,Hawk,1947,282,4,117,7,target:Rabbit:1849
15126,reproduce,Lizard,1212,30,2,138,7,offspring:2
15130,kill,Penguin,1931,272,3,32,2,killed_by:Hawk:1310
15131,hunt_fail,Hawk,796,272,1,32,2,target_died
15131,hunt_start,Hawk,796,272,1,32,2,target:Penguin:1749
15134,hunt_start,Hawk,1732,250,8,35,8,target:Shroomer:253
15134,reproduce,Rabbit,1881,285,3,6,8,offspring:2
15147,environment_death,Shroomer,1941,221,0,22,4,drowning
15159,reproduce,Frog,1625,48,3,62,9,offspring:2
15166,kill,Shroomer,947,225,7,25,2,killed_by:Hawk:935
15167,hunt_fail,Hawk,1328,225,5,25,3,target_died
15173,reproduce,Boar,1527,63,1,267,1,offspring:2
15174,hunt_start,Boar,1527,63,1,267,1,target:Frog:514
15174,hunt_start,Boar,1959,63,7,267,1,target:Frog:514
15174,hunt_start,Boar,1960,63,7,267,1,target:Frog:514
15179,kill,Frog,1762,40,8,69,9,killed_by:Boar:127
15179,reproduce,Turtle,1067,164,7,138,0,offspring:1
15180,hunt_start,Boar,127,41,1,69,8,target:Penguin:1019
15180,kill,Lizard,28,223,9,90,3,killed_by:Hawk:1835
15181,hunt_fail,Hawk,1635,224,3,89,8,target_died
15181,hunt_start,Hawk,1635,224,3,89,8,target:Rabbit:1482
15181,hunt_start,Hawk,1835,224,0,90,1,target:Rabbit:1482
15191,reproduce,Parrot,444,13,0,267,2,offspring:1
15195,reproduce,Lizard,966,82,1,285,0,offspring:2
15196,hunt_start,Bear,462,143,0,232,8,target:Musk Ox:1869
15196,reproduce,Tapir,575,160,5,8,1,offspring:1
15202,starvation,Shroomer,1638,218,5,44,3,
15202,hunt_fail,Jaguar,450,78,7,268,1,prey_escaped
15202,hunt_start,Jaguar,450,78,7,268,1,target:Rabbit:697
15208,kill,Penguin,1939,243,3,132,4,killed_by:Hawk:752
15209,hunt_start,Hawk,752,243,5,132,3,target:Penguin:1502
15213,kill,Shroomer,253,247,8,46,0,killed_by:Hawk:1732
15214,hunt_start,Hawk,1732,247,9,45,9,target:Shroomer:1206
15216,hunt_start,Boar,1878,135,7,80,6,target:Lizard:1239
15217,hunt_start,Boar,1756,29,0,100,2,target:Shroomer:1804
15217,reproduce,Penguin,875,281,1,16,6,offspring:1
15220,kill,Rabbit,1849,276,5,132,1,killed_by:Hawk:736
15221,hunt_start,Hawk,736,276,6,131,9,target:Penguin:1052
15221,hunt_fail,Hawk,1947,276,7,131,5,target_died
15221,hunt_start,Hawk,1947,276,7,131,5,target:Penguin:1052
15223,hunt_start,Boar,315,51,7,78,6,target:Lizard:1289
15225,kill,Rabbit,1709,270,8,2,8,killed_by:Hawk:1731
15226,hunt_fail,Hawk,1714,269,7,2,7,target_died
15226,hunt_start,Hawk,1714,269,7,2,7,target:Rabbit:696
15226,hunt_start,Hawk,1731,270,1,2,7,target:Rabbit:696
15226,hunt_fail,Hawk,1940,270,6,2,8,target_died
15226,hunt_start,Hawk,1940,270,6,2,8,target:Rabbit:696
15227,reproduce,Elk,808,53,6,57,0,offspring:1
15228,kill,Penguin,1749,279,9,40,0,killed_by:Hawk:796
15228,age_death,Lizard,966,84,0,286,4,
15229,hunt_start,Hawk,796,279,7,39,8,target:Rabbit:1505
15237,reproduce,Camel,924,62,1,62,3,offspring:1
15241,kill,Deer,835,73,4,263,0,killed_by:Jaguar:486
15242,hunt_start,Jaguar,486,73,2,262,1,target:Camel:1351
15247,reproduce,Elk,1674,63,5,63,6,offspring:1
15252,reproduce,Monkey,1499,17,0,257,2,offspring:1
15254,starvation,Penguin,1182,34,3,87,7,
15254,hunt_fail,Hawk,1732,246,2,51,2,target_died
15254,hunt_start,Hawk,1732,246,2,51,2,target:Shroomer:947
15259,reproduce,Penguin,1549,266,3,10,3,offspring:1
15261,hunt_start,Hawk,1509,285,5,122,0,target:Penguin:1503
15261,reproduce,Penguin,1627,15,8,69,5,offspring:1
15271,kill,Penguin,1052,280,1,135,0,killed_by:Hawk:1947
15271,reproduce,Penguin,1404,278,5,111,6,offspring:1
15272,hunt_fail,Hawk,736,280,1,134,7,target_died
15272,hunt_start,Hawk,736,280,1,134,7,target:Penguin:1503
15272,hunt_start,Hawk,1947,280,4,134,9,target:Penguin:1503
15283,kill,Musk Ox,1869,144,8,229,0,killed_by:Bear:462
15286,reproduce,Musk Ox,1448,146,5,224,7,offspring:1
15290,hunt_start,Hawk,1310,267,7,31,1,target:Monkey:1852
15292,hunt_fail,Hawk,1732,241,4,50,5,target_died
15299,kill,Shroomer,1949,239,1,61,3,killed_by:Hawk:1930
15309,kill,Frog,1614,15,7,284,1,killed_by:Boar:1059
15310,hunt_start,Boar,1059,15,9,283,8,target:Lizard:606
15310,hunt_fail,Boar,1060,20,5,278,6,target_died
15314,reproduce,Parrot,720,182,7,64,1,offspring:1
15336,hunt_start,Hawk,1732,240,3,50,3,target:Shroomer:1965
15336,hunt_start,Hawk,1930,237,8,61,7,target:Shroomer:1965
15342,kill,Rabbit,696,252,2,0,0,killed_by:Hawk:1714
15343,kill,Penguin,1502,254,7,119,3,killed_by:Hawk:752
15343,hunt_start,Hawk,1714,252,4,0,0,target:Rabbit:1942
15343,hunt_fail,Hawk,1731,252,8,-0,0,target_died
15343,hunt_start,Hawk,1731,252,8,-0,0,target:Rabbit:1942
15343,hunt_start,Jaguar,1854,143,5,196,4,target:Monkey:1380
15343,hunt_fail,Hawk,1940,253,2,0,0,target_died
15343,hunt_start,Hawk,1940,253,2,0,0,target:Rabbit:1942
15344,reproduce,Penguin,659,259,7,119,5,offspring:1
15346,reproduce,Parrot,619,25,5,286,6,offspring:1
15351,age_death,Rabbit,202,110,8,188,6,
15356,reproduce,Penguin,33,29,1,7,3,offspring:1
15356,reproduce,Penguin,1851,277,8,24,7,offspring:1
15361,age_death,Rabbit,610,80,7,216,9,
15363,hunt_start,Hawk,935,232,7,25,9,target:Shroomer:610
15363,kill,Rabbit,674,114,8,288,0,killed_by:Jaguar:1064
15363,hunt_start,Hawk,1328,231,5,26,2,target:Shroomer:610
15364,hunt_start,Jaguar,1064,114,9,287,3,target:Tapir:764
15366,kill,Penguin,1503,270,9,124,1,killed_by:Hawk:736
15367,hunt_start,Hawk,736,270,9,124,4,target:Penguin:434
15367,hunt_fail,Hawk,1509,271,1,124,0,target_died
15367,hunt_start,Hawk,1509,271,1,124,0,target:Penguin:434
15367,hunt_fail,Hawk,1947,271,3,124,4,target_died
15367,hunt_start,Hawk,1947,271,3,124,4,target:Penguin:434
15367,reproduce,Penguin,235,237,4,102,7,offspring:1
15373,reproduce,Elk,529,239,4,224,0,offspring:1
15379,hunt_start,Jaguar,485,150,1,200,6,target:Monkey:1259
15388,kill,Camel,1351,83,0,263,4,killed_by:Jaguar:486
15389,kill,Rabbit,1942,245,4,0,0,killed_by:Hawk:1731
15389,reproduce,Elk,1466,236,3,215,8,offspring:1
15390,hunt_fail,Hawk,1714,245,6,0,0,target_died
15390,hunt_start,Hawk,1714,245,6,0,0,target:Monkey:314
15390,hunt_start,Hawk,1731,246,0,-0,0,target:Monkey:314
15390,hunt_fail,Hawk,1940,246,5,0,0,target_died
15390,hunt_start,Hawk,1940,246,5,0,0,target:Monkey:314
15390,reproduce,Penguin,1834,258,2,128,1,offspring:1
15401,reproduce,Hawk,1509,270,8,128,3,offspring:1
15402,hunt_start,Hawk,1973,270,8,129,4,target:Penguin:434
15402,kill,Penguin,434,271,0,129,0,killed_by:Hawk:1973
15403,hunt_fail,Hawk,736,270,6,128,9,target_died
15403,hunt_start,Hawk,736,270,6,128,9,target:Penguin:1823
15403,hunt_fail,Hawk,1509,270,9,128,6,target_died
15403,hunt_start,Hawk,1509,270,9,128,6,target:Penguin:1823
15403,hunt_fail,Hawk,1947,271,1,128,9,target_died
15403,hunt_start,Hawk,1947,271,1,128,9,target:Penguin:1823
15403,hunt_start,Hawk,1973,270,8,129,4,target:Penguin:1823
15406,kill,Rabbit,1505,288,0,25,9,killed_by:Hawk:796
15409,kill,Shroomer,610,224,4,25,7,killed_by:Hawk:935
15410,hunt_start,Hawk,935,225,1,25,7,target:Shroomer:1970
15410,hunt_fail,Hawk,1328,224,6,25,7,target_died
15410,hunt_start,Hawk,1328,224,6,25,7,target:Shroomer:1970
15422,environment_death,Shroomer,1471,244,8,26,3,drowning
15424,reproduce,Monkey,1323,8,5,23,5,offspring:1
15429,hunt_start,Boar,1765,110,1,73,7,target:Penguin:905
15433,kill,Shroomer,1965,252,0,60,9,killed_by:Hawk:1732
15434,hunt_start,Hawk,1732,251,4,60,7,target:Shroomer:434
15434,hunt_fail,Hawk,1930,251,8,60,9,target_died
15434,hunt_start,Hawk,1930,251,8,60,9,target:Shroomer:434
15437,kill,Lizard,1248,0,0,280,8,killed_by:Jaguar:1416
15438,hunt_start,Jaguar,1416,0,0,280,0,target:Deer:590
15441,reproduce,Camel,856,73,1,257,3,offspring:1
15446,reproduce,Penguin,976,4,9,27,3,offspring:1
15447,reproduce,Lizard,205,14,7,262,6,offspring:2
15447,reproduce,Lizard,1921,6,4,269,1,offspring:2
15448,starvation,Shroomer,907,221,7,26,3,
15448,kill,Shroomer,1970,223,7,32,6,killed_by:Hawk:1328
15449,hunt_fail,Hawk,935,224,0,32,2,target_died
15451,kill,Shroomer,1804,41,0,106,3,killed_by:Boar:1756
15459,reproduce,Rabbit,962,101,1,288,0,offspring:2
15462,reproduce,Penguin,1822,256,7,92,9,offspring:1
15467,hunt_start,Hawk,796,287,3,25,9,target:Penguin:1894
15470,kill,Shroomer,434,246,1,62,6,killed_by:Hawk:1930
15471,hunt_fail,Hawk,1732,246,3,62,6,target_died
15471,hunt_start,Hawk,1732,246,3,62,6,target:Shroomer:1974
15471,hunt_start,Hawk,1930,246,7,62,4,target:Shroomer:1974
15475,kill,Penguin,1823,263,3,120,8,killed_by:Hawk:736
15476,hunt_fail,Hawk,1509,263,5,120,6,target_died
15476,hunt_start,Hawk,1509,263,5,120,6,target:Penguin:1336
15476,hunt_fail,Hawk,1947,263,9,120,8,target_died
15476,hunt_start,Hawk,1947,263,9,120,8,target:Penguin:1336
15476,hunt_fail,Hawk,1973,263,9,121,2,target_died
15476,hunt_start,Hawk,1973,263,9,121,2,target:Penguin:1336
15483,hunt_fail,Jaguar,485,147,8,205,0,discomfort
15501,hunt_start,Hawk,935,221,9,34,5,target:Monkey:1144
15503,hunt_start,Hawk,752,251,2,121,4,target:Penguin:659
15509,reproduce,Rabbit,1434,277,5,4,0,offspring:2
15515,starvation,Shroomer,422,227,3,246,5,
15524,hunt_fail,Hawk,1732,244,0,70,7,target_died
15524,hunt_fail,Hawk,1930,244,1,70,3,target_died
15524,reproduce,Musk Ox,1346,85,7,225,5,offspring:1
15527,hunt_start,Hawk,1732,243,8,70,8,target:Monkey:1767
15528,age_death,Monkey,327,182,5,220,2,
15534,reproduce,Monkey,768,137,7,235,8,offspring:1
15535,starvation,Shroomer,1353,218,5,43,5,
15540,environment_death,Shroomer,1550,250,9,42,3,drowning
15540,hunt_start,Hawk,1328,225,6,33,3,target:Monkey:1144
15544,kill,Monkey,1852,288,0,11,4,killed_by:Hawk:1310
15544,kill,Penguin,1336,255,0,115,2,killed_by:Hawk:1509
15544,hunt_start,Hawk,1930,243,1,70,5,target:Monkey:1767
15544,reproduce,Penguin,156,256,3,103,4,offspring:1
15544,reproduce,Penguin,1794,260,6,109,9,offspring:1
15545,hunt_start,Hawk,1509,255,1,115,3,target:Penguin:1080
15545,hunt_fail,Hawk,1947,255,5,115,6,target_died
15545,hunt_start,Hawk,1947,255,5,115,6,target:Penguin:1080
15545,hunt_fail,Hawk,1973,255,8,115,9,target_died
15545,hunt_start,Hawk,1973,255,8,115,9,target:Penguin:1080
15548,starvation,Jaguar,487,117,1,135,5,
15548,reproduce,Monkey,407,278,6,3,5,offspring:1
15555,reproduce,Penguin,272,108,8,96,8,offspring:1
15563,reproduce,Deer,1686,27,5,221,9,offspring:1
15578,reproduce,Tapir,832,160,0,29,1,offspring:1
15587,kill,Penguin,1080,254,6,121,8,killed_by:Hawk:1947
15588,hunt_fail,Hawk,1509,254,5,121,2,prey_escaped
15588,hunt_start,Hawk,1509,254,5,121,2,target:Penguin:126
15588,hunt_fail,Hawk,1973,254,3,121,6,prey_escaped
15588,hunt_start,Hawk,1973,254,3,121,6,target:Penguin:126
15598,kill,Penguin,1894,271,7,21,4,killed_by:Hawk:796
15599,starvation,Shroomer,756,250,7,45,3,
15600,hunt_start,Jaguar,621,14,5,82,9,target:Turtle:180
15603,reproduce,Lizard,1703,69,2,63,0,offspring:2
15605,hunt_start,Boar,1060,27,8,273,1,target:Lizard:1203
15620,kill,Penguin,659,263,6,127,2,killed_by:Hawk:752
15620,hunt_start,Boar,1756,45,1,109,1,target:Shroomer:1809
15627,hunt_start,Hawk,736,259,4,113,2,target:Penguin:1794
15627,reproduce,Penguin,654,280,7,114,1,offspring:1
15637,reproduce,Musk Ox,1695,70,2,122,9,offspring:1
15642,starvation,Jaguar,1125,176,4,196,3,
15645,kill,Penguin,126,258,1,126,9,killed_by:Hawk:1509
15646,hunt_fail,Hawk,1973,257,9,126,6,target_died
15646,hunt_start,Hawk,1973,257,9,126,6,target:Penguin:1942
15650,kill,Deer,590,18,5,272,0,killed_by:Jaguar:1416
15651,hunt_start,Jaguar,1416,18,0,272,2,target:Lizard:1979
15661,hunt_start,Hawk,1509,257,5,126,2,target:Penguin:1942
15662,kill,Frog,1763,46,1,46,3,killed_by:Boar:1937
15663,hunt_start,Boar,1937,46,2,46,6,target:Penguin:532
15681,reproduce,Musk Ox,311,139,5,226,7,offspring:1
15684,environment_death,Shroomer,1971,287,1,70,8,drowning
15685,reproduce,Monkey,1606,284,9,3,0,offspring:1
15686,environment_death,Shroomer,166,246,4,38,5,drowning
15691,starvation,Lizard,999,185,3,157,7,
15696,environment_death,Tapir,373,134,0,97,9,drowning
15697,hunt_start,Bear,462,141,0,226,6,target:Musk Ox:311
15701,reproduce,Penguin,1094,246,9,87,7,offspring:1
15704,hunt_start,Hawk,1310,285,8,9,8,target:Rabbit:1881
15715,starvation,Shroomer,1715,248,7,43,5,
15726,starvation,Wolf,431,238,5,132,0,
15733,hunt_start,Jaguar,486,82,0,259,5,target:Lizard:1796
15735,kill,Musk Ox,311,138,4,226,8,killed_by:Bear:462
15739,kill,Penguin,1942,257,1,136,7,killed_by:Hawk:1973
15740,hunt_fail,Hawk,1509,257,6,136,0,target_died
15740,hunt_start,Hawk,1509,257,6,136,0,target:Penguin:1834
15740,hunt_start,Hawk,1973,257,5,136,4,target:Penguin:1834
15741,starvation,Hawk,1338,244,8,76,3,
15742,reproduce,Penguin,1523,248,9,121,9,offspring:1
15747,hunt_start,Hawk,1947,255,1,120,3,target:Penguin:1523
15756,kill,Penguin,1794,259,9,97,2,killed_by:Hawk:736
15758,hunt_start,Hawk,796,264,4,16,3,target:Penguin:1549
15769,starvation,Rabbit,794,0,0,168,7,
15774,kill,Monkey,1767,212,8,95,7,killed_by:Hawk:1732
15775,hunt_start,Hawk,1732,213,0,95,6,target:Rabbit:1368
15775,hunt_fail,Hawk,1930,214,7,94,7,target_died
15775,hunt_start,Hawk,1930,214,7,94,7,target:Lizard:1654
15780,hunt_start,Hawk,752,269,7,129,2,target:Penguin:1834
15798,age_death,Boar,461,286,9,200,6,
15799,starvation,Shroomer,1410,248,5,49,5,
15804,reproduce,Boar,1059,42,2,285,2,offspring:2
15805,hunt_start,Boar,431,44,5,287,6,target:Frog:1616
15805,hunt_start,Boar,1059,42,2,285,2,target:Frog:1616
15805,hunt_start,Boar,1969,44,5,287,6,target:Frog:1616
15805,reproduce,Penguin,1071,17,4,73,6,offspring:1
15814,reproduce,Monkey,314,219,4,19,0,offspring:1
15815,starvation,Boar,671,26,5,92,7,
15826,kill,Shroomer,88,170,3,81,2,killed_by:Jaguar:1262
15827,hunt_start,Jaguar,1262,171,0,80,8,target:Shroomer:1660
15827,kill,Frog,514,28,1,282,6,killed_by:Boar:1960
15828,hunt_fail,Boar,1959,30,3,282,8,target_died
15832,hunt_start,Polar Bear,477,176,1,45,1,target:Penguin:524
15834,starvation,Shroomer,234,249,7,57,0,
15836,kill,Penguin,1834,261,8,124,1,killed_by:Hawk:1509
15837,hunt_fail,Hawk,752,262,7,125,6,target_died
15837,kill,Shroomer,1809,55,0,109,4,killed_by:Boar:1756
15837,hunt_fail,Hawk,1973,261,9,124,7,target_died
15837,hunt_start,Hawk,1973,261,9,124,7,target:Rabbit:1446
15838,reproduce,Parrot,1847,20,7,16,8,offspring:1
15870,reproduce,Parrot,720,175,7,72,4,offspring:1
15880,kill,Penguin,1523,239,4,124,6,killed_by:Hawk:1947
15890,kill,Penguin,1549,275,7,4,4,killed_by:Hawk:796
15901,age_death,Parrot,342,135,5,2,5,
15902,reproduce,Penguin,875,275,0,22,3,offspring:1
15910,starvation,Shroomer,1279,93,1,23,9,
15914,hunt_start,Hawk,752,266,6,123,4,target:Penguin:1404
15915,hunt_start,Boar,1756,56,6,110,2,target:Lizard:1464
15916,hunt_start,Hawk,736,260,3,93,2,target:Penguin:1970
15920,reproduce,Frog,1615,55,6,273,0,offspring:2
15926,kill,Shroomer,1660,171,3,85,0,killed_by:Jaguar:1262
15930,starvation,Monkey,792,1,3,76,2,
15931,kill,Rabbit,1881,264,5,0,0,killed_by:Hawk:1310
15933,environment_death,Shroomer,1794,224,8,64,1,drowning
15935,environment_death,Shroomer,1125,222,2,23,1,drowning
15935,reproduce,Monkey,1880,132,5,229,7,offspring:1
15942,reproduce,Tapir,364,143,5,288,0,offspring:1
15946,reproduce,Elk,892,159,3,132,8,offspring:1
15957,starvation,Shroomer,132,249,8,47,9,
15969,kill,Lizard,1654,243,8,89,9,killed_by:Hawk:1930
15970,hunt_start,Hawk,1930,243,6,89,9,target:Penguin:1094
15971,reproduce,Penguin,1875,274,4,40,0,offspring:1
15991,kill,Rabbit,1368,189,7,118,5,killed_by:Hawk:1732
15992,hunt_start,Hawk,1732,189,8,118,3,target:Monkey:199
15996,hunt_start,Hawk,1509,252,8,122,2,target:Penguin:1976
16000,age_death,Rabbit,697,102,0,241,3,
16000,age_death,Rabbit,698,71,0,246,7,
16001,hunt_fail,Jaguar,450,98,6,244,8,target_died
16011,starvation,Monkey,441,104,4,256,9,
16011,starvation,Parrot,1340,1,9,178,4,
16012,age_death,Lizard,293,150,2,272,3,
16012,age_death,Lizard,614,149,3,247,7,
16012,age_death,Lizard,763,186,1,286,5,
16012,age_death,Lizard,890,188,9,281,5,
16014,reproduce,Jaguar,1262,170,3,83,0,offspring:1
16015,hunt_start,Jaguar,698,173,2,80,2,target:Shroomer:1138
16015,hunt_start,Jaguar,1262,170,2,82,9,target:Shroomer:1879
16015,reproduce,Lizard,1413,190,1,280,0,offspring:2
16018,hunt_start,Jaguar,450,98,7,244,4,target:Musk Ox:1447
16031,reproduce,Monkey,1378,134,7,234,8,offspring:1
16038,kill,Penguin,1970,270,5,83,5,killed_by:Hawk:736
16040,hunt_start,Hawk,1947,234,4,116,7,target:Lizard:1578
16043,reproduce,Elk,1317,71,0,62,2,offspring:1
16044,starvation,Jaguar,707,1,7,263,7,
16048,kill,Shroomer,1879,172,7,80,6,killed_by:Jaguar:1262
16049,hunt_start,Jaguar,1262,172,2,81,0,target:Shroomer:1138
16050,hunt_start,Hawk,796,267,2,7,3,target:Rabbit:1983
16056,reproduce,Monkey,1904,27,1,230,2,offspring:1
16058,starvation,Shroomer,1507,93,6,23,8,
16058,kill,Rabbit,1446,235,3,106,5,killed_by:Hawk:1973
16059,hunt_start,Hawk,1973,235,5,106,6,target:Lizard:1578
16059,reproduce,Penguin,187,16,8,70,0,offspring:1
16060,reproduce,Penguin,478,275,2,7,7,offspring:1
16062,kill,Penguin,524,162,5,52,4,killed_by:Polar Bear:477
16063,hunt_fail,Jaguar,56,151,0,144,5,prey_escaped
16063,hunt_start,Polar Bear,477,163,1,52,1,target:Penguin:330
16068,hunt_start,Jaguar,56,151,0,144,5,target:Deer:749
16080,age_death,Rabbit,717,19,7,265,3,
16083,starvation,Hawk,1440,287,1,67,8,
16090,kill,Shroomer,1138,175,5,76,6,killed_by:Jaguar:698
16091,starvation,Shroomer,1024,225,1,59,7,
16091,hunt_start,Jaguar,698,175,2,77,2,target:Camel:1684
16091,hunt_fail,Jaguar,1262,173,5,79,3,target_died
16091,hunt_start,Jaguar,1262,173,5,79,3,target:Shroomer:414
16091,hunt_start,Hawk,1310,270,3,7,9,target:Penguin:1951
16098,kill,Penguin,1404,280,0,102,6,killed_by:Hawk:752
16100,reproduce,Penguin,1627,15,8,70,3,offspring:1
16105,reproduce,Penguin,235,231,2,103,8,offspring:1
16113,reproduce,Lizard,743,190,5,286,6,offspring:2
16117,starvation,Shroomer,1738,241,3,25,9,
16121,reproduce,Elk,1674,47,1,60,8,offspring:1
16123,reproduce,Penguin,1851,270,1,15,4,offspring:1
16128,kill,Turtle,180,21,2,74,6,killed_by:Jaguar:621
16129,hunt_start,Jaguar,621,20,6,74,6,target:Penguin:1071
16149,hunt_start,Bear,462,141,4,232,9,target:Musk Ox:312
16154,kill,Penguin,1976,234,9,113,2,killed_by:Hawk:1509
16171,kill,Camel,1684,172,8,72,1,killed_by:Jaguar:698
16177,kill,Shroomer,414,170,7,75,3,killed_by:Jaguar:1262
16198,hunt_start,Hawk,736,270,6,81,9,target:Penguin:1058
16207,starvation,Shroomer,544,250,6,44,8,
16212,starvation,Jaguar,370,175,0,57,2,
16221,kill,Penguin,1951,275,0,23,2,killed_by:Hawk:1310
16228,starvation,Turtle,181,16,5,80,4,
16230,kill,Rabbit,1983,247,8,22,6,killed_by:Hawk:796
16232,reproduce,Rabbit,1936,30,4,191,2,offspring:2
16234,starvation,Rabbit,1719,166,9,192,3,
16239,starvation,Parrot,761,3,1,178,3,
16239,hunt_fail,Jaguar,100,1,7,174,8,target_died
16249,starvation,Rabbit,895,178,8,218,5,
16252,hunt_start,Jaguar,485,142,5,217,5,target:Rabbit:1824
16253,starvation,Shroomer,1685,188,3,226,7,
16258,hunt_start,Hawk,752,280,9,107,2,target:Penguin:659
16260,kill,Rabbit,1482,224,4,105,7,killed_by:Hawk:1835
16261,kill,Musk Ox,312,135,2,232,8,killed_by:Bear:462
16261,hunt_fail,Hawk,1635,224,0,97,9,target_died
16261,hunt_start,Hawk,1635,224,0,97,9,target:Rabbit:1445
16289,reproduce,Tapir,158,96,6,207,2,offspring:1
16295,age_death,Rabbit,401,167,9,213,3,
16295,reproduce,Tapir,968,111,9,265,8,offspring:1
16296,environment_death,Shroomer,404,247,5,39,5,drowning
16296,hunt_fail,Jaguar,1371,166,8,211,3,prey_escaped
16303,hunt_fail,Polar Bear,477,170,7,40,6,discomfort
16307,kill,Penguin,1071,12,9,73,5,killed_by:Jaguar:621
16308,hunt_start,Jaguar,621,13,5,72,9,target:Deer:1123
16314,hunt_start,Hawk,1509,225,8,111,3,target:Monkey:322
16324,starvation,Penguin,277,285,1,67,9,
16327,kill,Penguin,1058,284,5,88,5,killed_by:Hawk:736
16341,reproduce,Penguin,156,248,2,97,0,offspring:1
16354,kill,Rabbit,3,108,4,284,2,killed_by:Jaguar:1035
16355,hunt_start,Jaguar,1035,108,0,283,8,target:Tapir:964
16356,starvation,Hawk,1540,212,1,107,2,
16363,kill,Frog,1616,60,8,260,0,killed_by:Boar:1969
16364,hunt_fail,Boar,431,59,5,261,7,target_died
16364,hunt_start,Boar,431,59,5,261,7,target:Frog:1279
16371,starvation,Parrot,1938,0,7,76,2,
16372,reproduce,Deer,1408,236,9,61,3,offspring:1
16378,reproduce,Penguin,1822,254,2,93,8,offspring:1
16381,hunt_start,Hawk,1310,279,5,31,3,target:Penguin:875
16387,kill,Penguin,659,268,3,116,9,killed_by:Hawk:752
16388,reproduce,Penguin,1266,174,0,69,4,offspring:1
16390,hunt_start,Hawk,796,247,3,19,9,target:Monkey:693
16398,age_death,Monkey,326,226,0,216,1,
16402,hunt_start,Jaguar,100,1,7,174,9,target:Monkey:229
16406,starvation,Shroomer,1007,232,2,60,8,
16407,starvation,Rabbit,1824,147,6,215,6,
16407,hunt_fail,Jaguar,485,143,4,217,1,target_died
16407,hunt_start,Jaguar,485,143,4,217,1,target:Parrot:623
16413,kill,Rabbit,1445,235,0,74,3,killed_by:Hawk:1635
16414,hunt_start,Hawk,1635,234,9,74,5,target:Rabbit:992
16428,starvation,Shroomer,192,109,5,18,2,
16432,starvation,Shroomer,1806,251,0,60,0,
16436,reproduce,Musk Ox,306,137,0,19,4,offspring:1
16446,environment_death,Shroomer,1976,221,0,52,5,drowning
16452,hunt_fail,Jaguar,486,81,6,234,3,discomfort
16454,reproduce,Penguin,1335,261,3,98,7,offspring:1
16455,starvation,Shroomer,1533,249,5,48,6,
16460,starvation,Shroomer,148,243,9,28,7,
16462,kill,Penguin,1094,243,9,76,6,killed_by:Hawk:1930
16463,hunt_start,Hawk,1930,243,6,76,3,target:Rabbit:992
16467,reproduce,Lizard,880,166,7,37,4,offspring:2
16487,hunt_start,Hawk,736,279,3,96,3,target:Penguin:654
16497,kill,Rabbit,992,237,3,66,5,killed_by:Hawk:1635
16498,hunt_fail,Hawk,1419,237,4,66,7,target_died
16498,hunt_fail,Hawk,1930,241,1,72,2,target_died
16502,kill,Penguin,875,269,5,41,6,killed_by:Hawk:1310
16505,hunt_start,Polar Bear,477,173,2,42,0,target:Penguin:330
16512,starvation,Shroomer,1813,216,7,47,4,
16522,kill,Tapir,964,97,4,288,0,killed_by:Jaguar:1035
16524,reproduce,Turtle,188,42,9,223,8,offspring:1
16525,hunt_start,Hawk,1419,236,8,64,2,target:Shroomer:1938
16526,hunt_fail,Polar Bear,477,173,8,40,8,discomfort
16526,hunt_start,Jaguar,1035,96,7,287,6,target:Tapir:1013
16528,starvation,Parrot,1900,0,7,76,7,
16540,kill,Tapir,764,111,2,277,1,killed_by:Jaguar:1064
16541,hunt_start,Jaguar,1064,111,6,277,7,target:Rabbit:1033
16543,hunt_start,Jaguar,698,175,4,71,1,target:Shroomer:1477
16544,environment_death,Shroomer,1357,233,7,62,1,drowning
16547,hunt_start,Hawk,752,262,5,124,0,target:Rabbit:1362
16549,hunt_start,Jaguar,1262,171,7,66,3,target:Penguin:659
16549,reproduce,Frog,1953,47,6,61,0,offspring:2
16557,starvation,Rabbit,1825,168,5,209,4,
16557,kill,Deer,1123,11,6,62,8,killed_by:Jaguar:621
16557,kill,Penguin,659,169,0,66,5,killed_by:Jaguar:1262
16558,reproduce,Turtle,113,226,1,58,8,offspring:1
16560,kill,Deer,749,140,9,152,5,killed_by:Jaguar:56
16561,hunt_start,Jaguar,56,141,5,152,1,target:Deer:1119
16563,age_death,Lizard,209,198,1,128,3,
16563,age_death,Lizard,359,178,7,141,9,
16563,age_death,Lizard,526,181,3,114,3,
16564,reproduce,Jaguar,621,11,7,63,2,offspring:1
16565,hunt_start,Jaguar,621,11,7,63,1,target:Deer:1349
16565,hunt_start,Jaguar,1123,13,9,61,3,target:Monkey:1345
16567,reproduce,Boar,1766,167,0,43,3,offspring:2
16568,hunt_start,Boar,1766,167,0,43,3,target:Lizard:1094
16568,reproduce,Tapir,1016,111,5,267,9,offspring:1
16573,reproduce,Penguin,869,286,3,5,0,offspring:1
16574,reproduce,Boar,1490,259,7,119,8,offspring:2
16581,kill,Monkey,322,206,5,139,5,killed_by:Hawk:1509
16583,reproduce,Elk,1194,44,6,59,2,offspring:1
16594,kill,Shroomer,1477,172,2,73,4,killed_by:Jaguar:698
16598,environment_death,Deer,41,78,4,177,5,drowning
16602,environment_death,Shroomer,414,77,9,35,7,drowning
16603,reproduce,Lizard,1963,102,9,275,3,offspring:2
16612,kill,Monkey,693,280,1,18,2,killed_by:Hawk:796
16613,reproduce,Boar,1670,264,7,199,1,offspring:2
16619,starvation,Parrot,1493,154,4,139,7,
16619,hunt_start,Polar Bear,477,174,3,42,3,target:Boar:749
16626,starvation,Shroomer,721,96,5,23,6,
16629,reproduce,Monkey,1606,273,1,3,5,offspring:1
16640,environment_death,Shroomer,3,230,7,19,6,drowning
16640,age_death,Lizard,38,219,9,217,4,
16640,age_death,Lizard,1021,184,6,204,9,
16643,hunt_start,Jaguar,486,83,9,237,9,target:Rabbit:1370
16651,kill,Deer,1119,134,7,153,8,killed_by:Jaguar:56
16653,reproduce,Lizard,917,203,5,182,8,offspring:2
16655,starvation,Shroomer,425,141,1,164,9,
16662,hunt_start,Hawk,1310,276,5,46,8,target:Penguin:1809
16663,kill,Penguin,654,281,7,119,2,killed_by:Hawk:736
16664,reproduce,Musk Ox,1448,153,3,231,6,offspring:1
16664,reproduce,Deer,1728,29,7,193,1,offspring:1
16670,starvation,Parrot,899,1,6,75,6,
16672,reproduce,Lizard,1212,21,6,103,3,offspring:2
16672,reproduce,Monkey,1859,42,9,256,9,offspring:1
16675,starvation,Monkey,1912,204,5,58,4,
16675,hunt_start,Bear,462,133,2,237,1,target:Boar:599
16690,reproduce,Rabbit,1207,260,5,107,3,offspring:2
16697,hunt_start,Boar,659,165,5,44,7,target:Lizard:880
16736,kill,Musk Ox,1447,109,0,228,7,killed_by:Jaguar:450
16741,hunt_start,Hawk,1509,199,8,133,2,target:Rabbit:993
16742,hunt_start,Hawk,1635,236,1,63,5,target:Shroomer:1493
16742,hunt_start,Hawk,1930,241,4,71,6,target:Shroomer:1493
16757,kill,Boar,749,165,7,47,4,killed_by:Polar Bear:477
16762,reproduce,Deer,59,108,5,169,8,offspring:1
16770,environment_death,Shroomer,956,235,4,64,1,drowning
16771,environment_death,Shroomer,609,234,6,62,3,drowning
16772,hunt_start,Hawk,796,283,8,17,6,target:Rabbit:1434
16781,kill,Shroomer,1493,242,8,64,3,killed_by:Hawk:1930
16782,hunt_fail,Hawk,1635,242,2,64,1,target_died
16782,hunt_start,Hawk,1635,242,2,64,1,target:Shroomer:1447
16782,hunt_start,Hawk,1930,242,7,64,8,target:Shroomer:1447
16790,environment_death,Shroomer,1938,220,9,51,8,drowning
16790,hunt_fail,Hawk,1419,221,1,50,3,target_died
16793,kill,Rabbit,1362,238,7,98,5,killed_by:Hawk:752
16793,kill,Tapir,1013,104,5,281,5,killed_by:Jaguar:1035
16815,kill,Penguin,1809,277,3,27,3,killed_by:Hawk:1310
16820,kill,Shroomer,1447,249,7,63,7,killed_by:Hawk:1930
16821,hunt_fail,Hawk,1635,249,6,63,7,target_died
16823,hunt_start,Hawk,736,277,7,117,2,target:Penguin:1852
16826,hunt_start,Hawk,1419,223,5,49,3,target:Shroomer:1938
16830,starvation,Tapir,951,90,4,41,6,
16834,age_death,Rabbit,825,131,8,188,7,
16834,age_death,Rabbit,826,124,7,236,0,
16835,reproduce,Boar,1959,19,7,269,2,offspring:2
16836,hunt_start,Boar,951,19,4,269,0,target:Lizard:1922
16836,hunt_start,Hawk,1835,223,2,110,0,target:Lizard:1579
16836,hunt_start,Boar,1959,19,9,269,3,target:Lizard:1922
16843,starvation,Shroomer,174,249,2,53,1,
16844,reproduce,Musk Ox,1886,159,9,250,9,offspring:1
16849,starvation,Monkey,934,2,4,74,8,
16857,reproduce,Rabbit,116,76,3,259,4,offspring:2
16879,starvation,Jaguar,99,123,8,127,6,
16881,hunt_start,Boar,1969,60,6,260,3,target:Lizard:1246
16896,hunt_start,Hawk,1635,245,7,64,5,target:Shroomer:1447
16912,starvation,Shroomer,1285,249,8,57,1,
16921,hunt_fail,Hawk,1419,239,6,35,8,target_died
16921,hunt_start,Hawk,1419,239,6,35,8,target:Shroomer:1447
16929,hunt_start,Jaguar,1262,166,4,59,4,target:Camel:1529
16930,reproduce,Jaguar,56,125,2,149,9,offspring:1
16931,hunt_start,Jaguar,56,125,1,149,8,target:Musk Ox:963
16931,hunt_start,Jaguar,1938,122,8,147,8,target:Musk Ox:1559
16944,kill,Rabbit,993,179,4,112,6,killed_by:Hawk:1509
16945,kill,Boar,599,136,2,251,6,killed_by:Bear:462
16947,hunt_start,Hawk,752,233,2,105,5,target:Penguin:1138
16947,hunt_fail,Hawk,1419,236,8,41,0,target_died
16947,hunt_fail,Hawk,1635,237,5,59,3,target_died
16953,kill,Penguin,1852,261,6,116,6,killed_by:Hawk:736
16966,hunt_start,Jaguar,698,174,9,74,3,target:Shroomer:1476
16967,hunt_start,Boar,526,253,5,119,1,target:Penguin:1503
16967,kill,Rabbit,1434,272,9,-0,0,killed_by:Hawk:796
16968,starvation,Monkey,324,226,7,212,7,
16972,reproduce,Parrot,999,183,1,66,1,offspring:1
16975,hunt_start,Hawk,1310,271,8,31,5,target:Penguin:311
16986,reproduce,Hawk,1509,177,6,111,3,offspring:1
16987,hunt_start,Hawk,1362,176,6,113,7,target:Lizard:1255
16987,hunt_start,Hawk,1509,177,6,111,3,target:Monkey:1254
17006,kill,Musk Ox,963,122,7,154,6,killed_by:Jaguar:56
17007,starvation,Parrot,1398,184,5,182,5,
17014,kill,Camel,1529,170,0,54,9,killed_by:Jaguar:1262
17014,kill,Musk Ox,1559,118,9,144,5,killed_by:Jaguar:1938
17018,kill,Shroomer,1476,173,6,78,3,killed_by:Jaguar:698
17019,starvation,Shroomer,73,233,5,19,4,
17019,reproduce,Parrot,720,177,3,69,8,offspring:1
17020,starvation,Jaguar,633,191,0,75,0,
17022,starvation,Hawk,1419,242,5,43,1,
17022,hunt_start,Hawk,1635,242,4,55,9,target:Shroomer:1529
17022,hunt_start,Hawk,1930,249,3,66,7,target:Shroomer:1529
17023,starvation,Jaguar,1366,52,3,267,1,
17029,reproduce,Tapir,455,163,4,69,8,offspring:1
17034,reproduce,Tapir,201,98,9,279,4,offspring:1
17041,reproduce,Parrot,1405,160,4,266,7,offspring:1
17044,reproduce,Tapir,457,117,4,287,1,offspring:1
17044,reproduce,Elk,1848,73,0,58,1,offspring:1
17059,kill,Shroomer,1529,240,6,61,5,killed_by:Hawk:1635
17060,hunt_fail,Hawk,1930,244,2,63,2,target_died
17061,kill,Lizard,1579,199,4,137,8,killed_by:Hawk:1835
17062,hunt_start,Hawk,1835,199,6,137,6,target:Rabbit:1473
17064,reproduce,Penguin,487,108,0,100,6,offspring:1
17066,reproduce,Hawk,736,262,4,117,1,offspring:1
17067,hunt_start,Hawk,736,262,4,117,0,target:Rabbit:1207
17067,hunt_start,Hawk,1579,261,5,115,2,target:Rabbit:1207
17074,kill,Penguin,1138,245,3,115,0,killed_by:Hawk:752
17074,reproduce,Lizard,1653,253,9,91,8,offspring:2
17088,starvation,Shroomer,1801,240,3,255,7,
17089,starvation,Deer,47,257,4,63,6,
17097,age_death,Penguin,270,56,5,107,0,
17099,environment_death,Deer,62,212,6,117,7,drowning
17101,reproduce,Turtle,111,115,8,211,9,offspring:1
17103,kill,Deer,1349,0,0,69,2,killed_by:Jaguar:621
17103,reproduce,Hawk,796,275,7,5,3,offspring:1
17103,reproduce,Penguin,1550,241,1,93,9,offspring:1
17104,hunt_start,Hawk,270,275,5,6,2,target:Penguin:1879
17104,hunt_start,Hawk,796,275,7,5,3,target:Rabbit:1544
17104,reproduce,Penguin,1503,241,8,121,3,offspring:1
17108,hunt_start,Jaguar,450,121,5,231,3,target:Monkey:1880
17112,kill,Penguin,311,261,3,18,3,killed_by:Hawk:1310
17120,reproduce,Tapir,364,209,0,288,0,offspring:1
17130,starvation,Parrot,1718,3,7,74,6,
17133,reproduce,Camel,1173,47,9,62,2,offspring:1
17139,age_death,Lizard,1150,138,8,121,3,
17144,reproduce,Rabbit,946,247,7,3,7,offspring:2
17165,hunt_start,Jaguar,1035,115,8,279,4,target:Tapir:968
17180,environment_death,Shroomer,1782,243,1,76,0,drowning
17207,age_death,Frog,133,75,0,107,1,
17207,age_death,Frog,438,120,6,99,4,
17207,age_death,Frog,605,45,8,115,1,
17207,age_death,Frog,1020,85,2,68,8,
17212,starvation,Parrot,1365,34,5,86,6,
17214,reproduce,Penguin,1875,278,2,32,9,offspring:1
17215,hunt_start,Jaguar,621,3,8,69,0,target:Deer:465
17217,kill,Penguin,1879,268,5,19,0,killed_by:Hawk:270
17218,hunt_start,Hawk,270,268,6,18,7,target:Monkey:1533
17219,reproduce,Monkey,818,226,0,90,0,offspring:1
17220,kill,Rabbit,1473,180,8,120,2,killed_by:Hawk:1835
17221,starvation,Penguin,1019,22,5,83,0,
17221,hunt_fail,Boar,127,17,2,84,5,target_died
17221,kill,Deer,465,4,8,67,1,killed_by:Jaguar:621
17221,hunt_start,Hawk,1835,181,0,120,3,target:Rabbit:1757
17226,hunt_start,Polar Bear,477,172,5,47,1,target:Penguin:1356
17229,kill,Rabbit,1207,241,3,101,7,killed_by:Hawk:1579
17230,hunt_fail,Hawk,736,241,8,102,1,target_died
17230,hunt_start,Hawk,736,241,8,102,1,target:Penguin:156
17230,hunt_start,Hawk,1579,241,4,101,8,target:Penguin:156
17231,reproduce,Penguin,1428,278,0,12,6,offspring:1
17232,reproduce,Penguin,1159,258,1,106,8,offspring:1
17234,hunt_start,Hawk,752,251,2,119,2,target:Penguin:956
17236,hunt_start,Boar,431,67,2,287,1,target:Frog:1279
17246,reproduce,Camel,146,26,3,243,7,offspring:1
17256,age_death,Frog,724,163,5,22,0,
17256,age_death,Frog,1158,140,1,50,7,
17269,kill,Rabbit,1544,288,0,2,4,killed_by:Hawk:796
17270,starvation,Hawk,1940,210,5,16,5,
17270,hunt_start,Hawk,796,287,4,2,8,target:Monkey:1553
17270,reproduce,Penguin,1864,282,4,113,1,offspring:1
17271,reproduce,Deer,150,99,5,197,0,offspring:1
17272,hunt_start,Hawk,1310,268,4,18,2,target:Monkey:1606
17272,reproduce,Musk Ox,222,278,7,163,9,offspring:1
17282,kill,Penguin,156,236,9,106,3,killed_by:Hawk:736
17283,hunt_start,Hawk,736,237,2,106,4,target:Penguin:235
17283,hunt_fail,Hawk,1579,237,1,106,0,target_died
17283,hunt_start,Hawk,1579,237,1,106,0,target:Penguin:235
17302,starvation,Monkey,1486,6,6,167,6,
17305,starvation,Hawk,935,215,8,48,3,
17307,environment_death,Shroomer,1150,233,5,70,7,drowning
17310,reproduce,Frog,1786,166,6,66,9,offspring:2
17342,kill,Penguin,235,233,8,113,4,killed_by:Hawk:736
17343,hunt_fail,Hawk,1579,234,3,113,1,target_died
17343,hunt_start,Hawk,1579,234,3,113,1,target:Rabbit:1474
17346,reproduce,Penguin,1851,277,9,20,6,offspring:1
17358,kill,Penguin,905,84,0,76,9,killed_by:Boar:1765
17359,hunt_start,Bear,462,137,7,244,1,target:Musk Ox:750
17359,hunt_start,Boar,1765,84,4,77,0,target:Penguin:1519
17370,kill,Tapir,968,117,8,265,6,killed_by:Jaguar:1035
17378,hunt_start,Jaguar,56,133,4,153,5,target:Tapir:1053
17380,starvation,Monkey,1290,180,2,190,1,
17385,kill,Penguin,956,237,7,132,4,killed_by:Hawk:752
17386,kill,Tapir,1053,134,4,156,1,killed_by:Jaguar:56
17386,hunt_start,Jaguar,1262,165,1,44,5,target:Penguin:938
17386,hunt_start,Jaguar,1938,127,9,142,1,target:Deer:1178
17390,hunt_start,Jaguar,698,169,6,68,0,target:Tapir:455
17391,kill,Deer,1178,129,9,141,6,killed_by:Jaguar:1938
17396,starvation,Parrot,1539,193,6,143,2,
17399,hunt_start,Hawk,1635,240,3,39,5,target:Shroomer:905
17399,reproduce,Boar,431,68,6,286,3,offspring:2
17400,hunt_start,Boar,431,68,6,286,2,target:Frog:1637
17401,starvation,Monkey,683,146,5,155,4,
17402,environment_death,Shroomer,1839,247,5,39,9,drowning
17403,starvation,Shroomer,1784,243,1,38,5,
17409,kill,Rabbit,1757,167,7,146,8,killed_by:Hawk:1835
17410,hunt_start,Hawk,1835,167,6,146,2,target:Monkey:1538
17419,starvation,Jaguar,206,40,7,129,2,
17422,reproduce,Penguin,478,279,6,2,3,offspring:1
17422,reproduce,Elk,1221,19,0,232,0,offspring:1
17424,reproduce,Penguin,202,284,7,11,4,offspring:1
17429,hunt_start,Hawk,1930,239,4,38,0,target:Shroomer:905
17452,starvation,Hawk,1328,216,7,48,4,
17456,kill,Monkey,1533,283,1,50,6,killed_by:Hawk:270
17457,hunt_start,Hawk,270,283,1,50,3,target:Penguin:1875
17457,age_death,Monkey,334,53,6,20,3,
17458,reproduce,Monkey,1853,273,9,27,4,offspring:1
17464,reproduce,Rabbit,1117,143,9,215,1,offspring:2
17469,kill,Rabbit,1474,221,4,123,0,killed_by:Hawk:1579
17470,starvation,Shroomer,1450,243,6,32,6,
17470,hunt_start,Hawk,1579,221,6,122,9,target:Lizard:1255
17470,reproduce,Penguin,1399,278,0,14,6,offspring:1
17472,hunt_start,Boar,127,16,5,80,6,target:Penguin:1440
17480,hunt_fail,Hawk,1635,227,4,28,7,target_died
17480,hunt_fail,Hawk,1930,232,0,32,3,target_died
17481,hunt_fail,Polar Bear,477,178,4,62,6,discomfort
17481,kill,Monkey,1606,254,9,-0,1,killed_by:Hawk:1310
17482,reproduce,Rabbit,1369,92,2,258,6,offspring:2
17502,hunt_start,Hawk,736,233,1,105,1,target:Penguin:62
17522,starvation,Shroomer,1914,246,4,59,0,
17522,hunt_start,Polar Bear,477,179,2,62,7,target:Shroomer:1788
17523,reproduce,Elk,1743,81,5,165,6,offspring:1
17528,kill,Penguin,1519,81,2,63,5,killed_by:Boar:1765
17529,hunt_start,Boar,1765,81,3,63,9,target:Frog:463
17531,starvation,Monkey,1144,185,8,76,2,
17545,hunt_start,Hawk,752,247,4,132,3,target:Penguin:1503
17546,hunt_start,Hawk,1635,232,0,29,4,target:Monkey:1336
17566,kill,Musk Ox,750,139,4,233,6,killed_by:Bear:462
17571,age_death,Parrot,351,25,6,147,3,
17583,hunt_start,Hawk,1930,237,5,36,0,target:Shroomer:351
17593,hunt_start,Jaguar,621,3,9,58,5,target:Deer:991
17599,kill,Penguin,938,157,9,49,8,killed_by:Jaguar:1262
17600,kill,Shroomer,1788,181,4,65,9,killed_by:Polar Bear:477
17600,reproduce,Musk Ox,1927,57,4,137,1,offspring:1
17604,hunt_fail,Jaguar,486,42,2,262,0,discomfort
17608,hunt_fail,Jaguar,100,3,7,179,8,prey_escaped
17608,hunt_start,Jaguar,100,3,7,179,8,target:Camel:1243
17618,environment_death,Tapir,364,214,4,288,0,drowning
17628,starvation,Shroomer,124,90,3,23,7,
17639,kill,Penguin,1875,278,1,26,0,killed_by:Hawk:270
17641,hunt_start,Hawk,1310,251,1,5,3,target:Rabbit:1398
17649,reproduce,Monkey,1971,277,5,8,3,offspring:1
17655,starvation,Rabbit,907,196,3,286,7,
17661,reproduce,Penguin,1335,247,8,88,7,offspring:1
17663,hunt_start,Hawk,270,278,0,26,2,target:Penguin:1851
17664,reproduce,Penguin,1822,257,1,104,3,offspring:1
17683,starvation,Rabbit,837,3,5,74,5,
17687,kill,Shroomer,351,225,6,50,2,killed_by:Hawk:1930
17688,hunt_start,Hawk,1930,225,7,50,1,target:Shroomer:1718
17689,environment_death,Shroomer,683,68,4,36,2,drowning
17691,environment_death,Shroomer,1473,258,7,262,3,drowning
17691,environment_death,Shroomer,1784,253,1,273,1,drowning
17691,kill,Frog,1637,81,3,282,8,killed_by:Boar:431
17692,hunt_start,Boar,431,81,0,283,0,target:Frog:1279
17694,kill,Penguin,62,254,7,91,6,killed_by:Hawk:736
17696,age_death,Lizard,85,89,3,195,8,
17698,starvation,Shroomer,152,109,9,4,8,
17698,reproduce,Frog,1942,60,4,279,1,offspring:2
17703,starvation,Shroomer,757,249,5,55,3,
17703,hunt_fail,Hawk,1930,223,5,48,4,target_died
17704,reproduce,Penguin,1356,175,1,68,4,offspring:1
17708,kill,Penguin,1503,229,1,122,6,killed_by:Hawk:752
17708,reproduce,Parrot,267,171,3,287,2,offspring:1
17708,reproduce,Tapir,1909,49,6,62,5,offspring:1
17709,hunt_start,Jaguar,486,44,8,261,7,target:Lizard:1203
17711,starvation,Shroomer,274,243,7,29,7,
17714,starvation,Monkey,1996,215,3,21,9,
17714,hunt_start,Hawk,1930,222,9,48,0,target:Shroomer:757
17722,starvation,Shroomer,381,227,2,62,5,
17736,hunt_start,Boar,1178,67,1,283,5,target:Frog:797
17738,reproduce,Penguin,1738,266,0,5,8,offspring:1
17742,hunt_start,Jaguar,1035,113,6,263,5,target:Tapir:401
17744,starvation,Tapir,372,145,8,103,8,
17746,kill,Monkey,1254,151,7,83,1,killed_by:Hawk:1509
17747,hunt_start,Hawk,1509,152,0,83,1,target:Monkey:90
17748,reproduce,Parrot,1941,182,9,73,3,offspring:1
17751,kill,Tapir,401,110,5,264,4,killed_by:Jaguar:1035
17758,hunt_start,Jaguar,56,138,1,152,5,target:Deer:410
17761,kill,Monkey,1336,264,0,3,6,killed_by:Hawk:1635
17762,hunt_start,Hawk,1635,263,8,3,7,target:Penguin:1738
17763,kill,Penguin,1440,15,4,61,0,killed_by:Boar:127
17763,hunt_start,Jaguar,1938,127,4,145,1,target:Monkey:1017
17764,hunt_start,Boar,127,15,5,61,4,target:Penguin:707
17770,kill,Shroomer,757,226,3,39,0,killed_by:Hawk:1930
17771,hunt_start,Hawk,1930,226,2,39,2,target:Shroomer:1718
17771,reproduce,Penguin,1183,68,2,8,5,offspring:1
17783,kill,Deer,991,0,0,47,5,killed_by:Jaguar:621
17793,kill,Penguin,1851,267,6,14,1,killed_by:Hawk:270
17796,reproduce,Elk,1384,104,3,145,4,offspring:1
17804,reproduce,Jaguar,1035,112,9,265,1,offspring:1
17805,starvation,Shroomer,1043,85,4,24,5,
17805,hunt_start,Jaguar,1035,112,9,265,1,target:Tapir:1016
17805,hunt_start,Jaguar,1851,115,6,262,7,target:Tapir:1016
17806,kill,Tapir,455,176,3,71,1,killed_by:Jaguar:698
17806,reproduce,Monkey,1108,281,3,36,1,offspring:1
17807,reproduce,Penguin,869,271,4,10,8,offspring:1
17818,starvation,Shroomer,1591,248,8,48,8,
17819,environment_death,Shroomer,1875,102,6,7,1,drowning
17827,starvation,Shroomer,269,214,0,39,7,
17829,reproduce,Rabbit,1967,275,2,8,7,offspring:2
17843,kill,Penguin,1738,273,8,11,0,killed_by:Hawk:1635
17844,hunt_start,Hawk,1635,273,6,10,9,target:Penguin:869
17847,kill,Rabbit,1398,225,6,0,0,killed_by:Hawk:1310
17854,hunt_start,Hawk,736,247,9,94,9,target:Penguin:1335
17868,hunt_start,Hawk,752,231,0,123,1,target:Monkey:1027
17875,age_death,Penguin,286,182,5,16,0,
17879,age_death,Parrot,345,133,6,61,8,
17891,starvation,Shroomer,1293,235,0,44,3,
17891,age_death,Lizard,1006,85,0,151,6,
17892,reproduce,Penguin,253,282,5,15,4,offspring:1
17894,age_death,Parrot,344,121,7,47,1,
17899,starvation,Deer,929,0,5,275,4,
17899,kill,Tapir,1016,115,2,272,1,killed_by:Jaguar:1035
17900,hunt_fail,Jaguar,1851,115,0,269,4,target_died
17900,hunt_start,Jaguar,1851,115,0,269,4,target:Tapir:457
17907,reproduce,Frog,1625,51,1,56,5,offspring:2
17924,kill,Monkey,90,127,9,72,6,killed_by:Hawk:1509
17925,hunt_start,Hawk,1509,128,0,72,8,target:Lizard:331
17928,reproduce,Penguin,373,240,6,91,4,offspring:1
17931,reproduce,Monkey,1814,222,0,0,0,offspring:1
17943,kill,Penguin,869,267,2,21,7,killed_by:Hawk:1635
17944,hunt_start,Hawk,1635,267,3,21,5,target:Monkey:1853
17946,starvation,Shroomer,1943,231,5,15,6,
17953,hunt_start,Hawk,270,267,5,5,3,target:Penguin:1996
17959,starvation,Jaguar,398,111,5,236,4,
17962,reproduce,Deer,1426,135,6,222,0,offspring:1
17963,starvation,Shroomer,9,283,6,2,2,
17963,reproduce,Musk Ox,433,259,9,207,6,offspring:1
17969,reproduce,Rabbit,1860,12,8,145,4,offspring:2
17971,hunt_start,Jaguar,1262,153,2,46,3,target:Musk Ox:191
17980,hunt_start,Bear,462,139,5,233,3,target:Boar:168
17984,kill,Penguin,1335,238,8,83,3,killed_by:Hawk:736
17988,reproduce,Monkey,407,258,9,18,8,offspring:1
17999,environment_death,Shroomer,1718,216,3,50,6,drowning
17999,hunt_fail,Hawk,1930,217,1,48,3,target_died
18000,age_death,Parrot,540,140,6,218,6,
18000,age_death,Parrot,541,3,2,129,4,
18007,hunt_start,Hawk,1310,230,1,4,1,target:Rabbit:946
18014,hunt_start,Hawk,1930,216,9,47,3,target:Shroomer:1398
18015,age_death,Parrot,560,156,8,6,8,
18026,age_death,Lizard,1212,2,5,134,5,
18026,age_death,Lizard,1213,117,5,114,1,
18026,reproduce,Lizard,1963,122,6,285,8,offspring:2
18027,hunt_fail,Jaguar,1169,8,2,108,1,target_died
18027,hunt_start,Jaguar,1169,8,2,108,1,target:Monkey:476
18027,reproduce,Parrot,705,5,2,120,0,offspring:1
18038,reproduce,Penguin,1627,16,2,65,8,offspring:1
18040,hunt_fail,Jaguar,486,55,9,238,3,discomfort
18041,kill,Frog,797,73,2,270,7,killed_by:Boar:1178
18042,reproduce,Penguin,943,122,1,18,1,offspring:1
18043,reproduce,Penguin,829,12,9,64,4,offspring:1
18050,kill,Penguin,707,7,9,47,0,killed_by:Boar:127
18050,reproduce,Lizard,1138,256,1,102,3,offspring:2
18064,reproduce,Penguin,1719,244,2,89,1,offspring:1
18069,hunt_start,Polar Bear,477,180,6,62,0,target:Shroomer:475
18070,kill,Penguin,1996,253,7,3,9,killed_by:Hawk:270
18070,kill,Monkey,1027,210,6,144,2,killed_by:Hawk:752
18072,age_death,Parrot,470,69,5,69,9,
18075,starvation,Monkey,314,219,2,19,8,
18075,hunt_fail,Hawk,1714,223,9,23,9,target_died
18075,hunt_start,Hawk,1714,223,9,23,9,target:Monkey:1934
18075,hunt_fail,Hawk,1731,216,0,14,0,target_died
18075,hunt_start,Hawk,1731,216,0,14,0,target:Monkey:1814
18085,age_death,Rabbit,941,25,5,225,4,
18092,reproduce,Parrot,963,175,3,70,1,offspring:1
18104,kill,Shroomer,1398,231,9,52,9,killed_by:Hawk:1930
18106,starvation,Shroomer,1762,255,5,267,6,
18118,environment_death,Shroomer,1343,112,9,86,1,drowning
18119,reproduce,Penguin,1266,180,7,68,8,offspring:1
18126,kill,Musk Ox,191,159,0,42,1,killed_by:Jaguar:1262
18131,kill,Monkey,1853,288,0,39,1,killed_by:Hawk:1635
18132,hunt_start,Hawk,1635,287,5,39,6,target:Monkey:1108
18135,kill,Lizard,331,157,7,80,6,killed_by:Hawk:1509
18136,hunt_start,Hawk,1509,157,5,80,5,target:Lizard:1313
18142,starvation,Deer,262,202,8,152,2,
18144,hunt_start,Hawk,736,232,5,87,1,target:Penguin:1550
18145,reproduce,Elk,1846,28,5,225,1,offspring:1
18149,hunt_start,Hawk,1930,233,0,49,4,target:Shroomer:1853
18155,hunt_start,Jaguar,621,8,2,51,9,target:Boar:127
18157,environment_death,Shroomer,1063,245,6,32,1,drowning
18159,age_death,Parrot,584,97,3,13,1,
18162,hunt_start,Jaguar,486,56,8,240,8,target:Monkey:1859
18162,age_death,Rabbit,961,83,3,269,0,
18162,age_death,Rabbit,962,221,8,286,5,
18164,reproduce,Parrot,1434,163,5,65,7,offspring:1
18166,hunt_start,Boar,1047,9,5,151,9,target:Monkey:1483
18166,age_death,Frog,1227,178,9,55,1,
18166,age_death,Frog,1228,185,6,56,5,
18166,reproduce,Turtle,1329,161,1,240,4,offspring:1
18166,reproduce,Musk Ox,1332,161,4,25,1,offspring:1
18167,reproduce,Parrot,1106,112,8,16,7,offspring:1
18169,hunt_fail,Hawk,1930,230,2,46,5,target_died
18169,hunt_start,Hawk,1930,230,2,46,5,target:Shroomer:331
18169,reproduce,Monkey,899,30,6,262,9,offspring:1
18171,reproduce,Boar,105,261,1,118,6,offspring:2
18172,hunt_start,Boar,105,261,1,118,6,target:Shroomer:695
18172,hunt_start,Boar,961,263,4,119,4,target:Shroomer:695
18172,hunt_start,Boar,962,263,4,119,4,target:Shroomer:695
18174,hunt_start,Boar,138,176,1,268,1,target:Shroomer:454
18178,hunt_start,Jaguar,698,173,6,75,3,target:Parrot:381
18180,kill,Boar,168,147,8,223,2,killed_by:Bear:462
18180,kill,Shroomer,475,185,2,61,1,killed_by:Polar Bear:477
18192,reproduce,Camel,1948,181,5,53,5,offspring:1
18212,starvation,Shroomer,1052,249,6,47,8,
18216,kill,Rabbit,946,256,0,16,7,killed_by:Hawk:1310
18216,reproduce,Monkey,1433,284,4,18,4,offspring:1
18227,kill,Lizard,1255,194,3,97,5,killed_by:Hawk:1579
18228,hunt_fail,Hawk,1362,194,6,97,9,target_died
18228,hunt_start,Hawk,1362,194,6,97,9,target:Rabbit:1367
18228,hunt_start,Hawk,1579,194,4,97,6,target:Rabbit:1367
18229,starvation,Shroomer,1949,247,7,248,2,
18229,starvation,Shroomer,1958,232,7,271,7,
18230,hunt_start,Hawk,270,256,7,3,5,target:Monkey:1335
18230,hunt_start,Hawk,752,215,1,144,4,target:Rabbit:1760
18237,reproduce,Musk Ox,1785,165,2,23,3,offspring:1
18242,reproduce,Penguin,1159,268,4,100,2,offspring:1
18261,kill,Shroomer,331,220,0,32,4,killed_by:Hawk:1930
18262,hunt_start,Hawk,1930,220,1,32,5,target:Shroomer:1958
18267,kill,Monkey,1934,256,2,27,4,killed_by:Hawk:1714
18268,hunt_start,Hawk,1714,256,0,27,3,target:Monkey:407
18270,kill,Tapir,457,113,8,279,7,killed_by:Jaguar:1851
18271,hunt_start,Jaguar,1035,108,3,267,0,target:Tapir:209
18271,hunt_start,Jaguar,1851,114,1,279,0,target:Tapir:201
18277,reproduce,Penguin,1864,280,2,108,8,offspring:1
18289,hunt_fail,Hawk,1930,216,9,35,5,target_died
18289,reproduce,Boar,1766,174,8,10,9,offspring:2
18290,hunt_start,Boar,457,175,7,12,5,target:Lizard:1094
18290,hunt_start,Boar,1766,174,8,10,9,target:Lizard:1094
18290,hunt_start,Boar,1934,175,7,12,5,target:Lizard:1094
18304,starvation,Penguin,461,33,4,80,6,
18304,kill,Boar,127,4,6,43,9,killed_by:Jaguar:621
18305,kill,Monkey,1108,282,7,13,2,killed_by:Hawk:1635
18306,hunt_start,Hawk,1635,282,7,13,4,target:Penguin:1428
18307,kill,Shroomer,695,259,7,112,6,killed_by:Boar:105
18308,hunt_fail,Boar,961,259,7,113,7,target_died
18308,hunt_fail,Boar,962,259,8,113,1,target_died
18308,hunt_start,Boar,962,259,8,113,1,target:Shroomer:1779
18309,kill,Penguin,1550,252,8,92,3,killed_by:Hawk:736
18309,kill,Tapir,209,111,0,264,3,killed_by:Jaguar:1035
18318,reproduce,Tapir,870,89,7,277,8,offspring:1
18319,hunt_start,Hawk,1930,219,7,37,3,target:Shroomer:127
18322,reproduce,Musk Ox,1989,81,3,123,0,offspring:1
18341,kill,Lizard,1313,153,4,50,6,killed_by:Hawk:1509
18342,hunt_start,Hawk,1509,153,5,50,8,target:Frog:1692
18356,kill,Deer,410,153,6,159,0,killed_by:Jaguar:56
18362,reproduce,Penguin,359,272,2,5,3,offspring:1
18363,kill,Tapir,201,108,0,277,3,killed_by:Jaguar:1851
18364,kill,Shroomer,127,225,4,32,1,killed_by:Hawk:1930
18368,kill,Shroomer,454,176,2,274,2,killed_by:Boar:138
18375,starvation,Hawk,1731,221,8,2,9,
18376,hunt_start,Hawk,1310,261,0,10,4,target:Penguin:359
18400,starvation,Shroomer,1823,245,0,39,5,
18408,starvation,Hawk,1732,163,1,117,8,
18412,kill,Penguin,1428,274,0,22,0,killed_by:Hawk:1635
18413,hunt_start,Hawk,1635,274,2,21,8,target:Penguin:1474
18414,kill,Monkey,476,0,0,145,7,killed_by:Jaguar:1169
18414,kill,Monkey,407,272,5,28,8,killed_by:Hawk:1714
18415,hunt_start,Jaguar,1169,0,0,145,3,target:Boar:1047
18415,hunt_start,Hawk,1714,272,5,28,6,target:Penguin:133
18416,reproduce,Parrot,1405,170,3,264,9,offspring:1
18417,reproduce,Penguin,1399,275,7,16,5,offspring:1
18419,starvation,Shroomer,806,251,1,44,3,
18422,kill,Rabbit,1760,240,9,136,6,killed_by:Hawk:752
18427,starvation,Rabbit,1975,210,7,288,0,
18432,reproduce,Tapir,1125,166,2,282,5,offspring:1
18438,starvation,Shroomer,1850,228,9,49,8,
18454,age_death,Parrot,617,78,4,114,6,
18460,age_death,Penguin,272,116,6,109,2,
18463,age_death,Parrot,618,114,5,54,7,
18465,reproduce,Lizard,573,29,5,128,8,offspring:2
18469,hunt_start,Hawk,736,250,2,90,6,target:Lizard:1653
18472,reproduce,Penguin,487,99,8,84,9,offspring:1
18480,kill,Monkey,1335,282,1,4,5,killed_by:Hawk:270
18481,age_death,Rabbit,93,80,8,108,1,
18481,age_death,Rabbit,456,109,4,72,6,
18481,age_death,Rabbit,984,67,7,140,1,
18484,hunt_start,Hawk,1930,218,0,37,2,target:Shroomer:1335
18485,age_death,Parrot,619,111,7,242,3,
18488,reproduce,Hawk,752,240,8,132,8,offspring:1
18489,hunt_start,Hawk,456,239,4,133,7,target:Monkey:672
18489,hunt_start,Hawk,752,240,8,132,7,target:Monkey:672
18489,kill,Boar,1047,0,0,151,6,killed_by:Jaguar:1169
18490,hunt_start,Jaguar,1169,0,0,151,0,target:Monkey:1116
18490,reproduce,Hawk,1310,274,9,2,1,offspring:1
18491,hunt_start,Hawk,1047,276,0,4,9,target:Penguin:359
18498,hunt_start,Jaguar,1262,159,6,54,3,target:Tapir:1559
18498,kill,Frog,1692,161,0,69,8,killed_by:Hawk:1509
18499,hunt_start,Hawk,1509,161,0,69,6,target:Frog:935
18508,age_death,Parrot,347,167,5,38,4,
18514,kill,Penguin,133,285,9,28,6,killed_by:Hawk:1714
18515,hunt_start,Hawk,1714,285,7,28,6,target:Penguin:235
18520,age_death,Lizard,664,198,9,192,6,
18523,starvation,Jaguar,805,103,5,249,2,
18525,reproduce,Turtle,1423,140,8,256,5,offspring:1
18528,kill,Penguin,359,276,3,-0,1,killed_by:Hawk:1310
18529,hunt_fail,Hawk,1047,276,2,0,2,target_died
18529,hunt_start,Hawk,1047,276,2,0,2,target:Rabbit:1967
18529,hunt_start,Hawk,1310,276,6,0,0,target:Rabbit:1967
18533,reproduce,Frog,1270,177,9,2,9,offspring:2
18535,kill,Penguin,1474,281,3,8,5,killed_by:Hawk:1635
18546,reproduce,Monkey,1717,285,4,16,7,offspring:1
18549,kill,Shroomer,1779,264,8,103,0,killed_by:Boar:962
18566,kill,Shroomer,1335,231,3,45,4,killed_by:Hawk:1930
18567,hunt_start,Hawk,1930,231,2,45,3,target:Shroomer:1779
18577,hunt_fail,Jaguar,486,34,5,256,0,discomfort
18578,starvation,Shroomer,1923,249,5,53,9,
18594,hunt_start,Bear,462,143,1,226,1,target:Musk Ox:992
18599,kill,Rabbit,1967,286,7,-0,0,killed_by:Hawk:1310
18600,hunt_fail,Hawk,1047,286,5,0,3,target_died
18600,hunt_start,Hawk,1047,286,5,0,3,target:Rabbit:1875
18600,hunt_start,Hawk,1310,286,1,0,5,target:Rabbit:1875
18602,reproduce,Frog,795,62,3,263,2,offspring:2
18604,environment_death,Shroomer,1850,215,6,43,0,drowning
18606,environment_death,Shroomer,461,75,3,37,6,drowning
18609,reproduce,Parrot,1941,182,3,73,0,offspring:1
18610,reproduce,Penguin,478,288,2,0,0,offspring:1
18618,age_death,Parrot,300,59,8,61,2,
18619,reproduce,Boar,1937,44,8,37,4,offspring:2
18620,hunt_start,Boar,300,44,2,39,9,target:Penguin:254
18620,hunt_start,Boar,1937,44,8,37,4,target:Penguin:532
18622,starvation,Shroomer,1321,229,5,35,8,
18623,kill,Rabbit,1033,184,3,287,3,killed_by:Jaguar:1064
18624,hunt_start,Jaguar,1064,183,9,286,4,target:Deer:77
18625,starvation,Shroomer,1151,243,5,28,7,
18635,kill,Penguin,235,279,8,12,6,killed_by:Hawk:1714
18636,hunt_start,Hawk,1714,279,9,12,9,target:Penguin:1996
18636,kill,Shroomer,1779,234,9,57,6,killed_by:Hawk:1930
18637,kill,Frog,935,177,7,76,1,killed_by:Hawk:1509
18637,hunt_start,Hawk,1930,234,9,57,4,target:Shroomer:1923
18638,hunt_start,Hawk,1509,177,5,76,0,target:Frog:1691
18640,hunt_start,Hawk,270,285,2,6,9,target:Penguin:1539
18641,reproduce,Jaguar,698,170,9,37,1,offspring:1
18641,reproduce,Penguin,1976,270,7,93,1,offspring:1
18642,hunt_start,Jaguar,347,173,7,38,1,target:Musk Ox:1333
18649,hunt_start,Polar Bear,477,180,6,58,2,target:Penguin:1619
18655,age_death,Parrot,644,115,8,11,1,
18656,reproduce,Boar,1960,16,5,258,7,offspring:2
18669,starvation,Monkey,1499,2,2,275,5,
18671,hunt_start,Jaguar,486,36,0,255,0,target:Deer:1069
18676,kill,Deer,1069,34,9,253,2,killed_by:Jaguar:486
18676,hunt_start,Jaguar,621,5,4,52,4,target:Deer:881
18676,kill,Shroomer,1923,238,7,60,8,killed_by:Hawk:1930
18677,hunt_start,Jaguar,486,35,4,253,9,target:Camel:464
18683,age_death,Lizard,889,83,7,164,9,
18683,age_death,Lizard,1039,111,9,156,4,
18685,kill,Monkey,1380,37,9,0,0,killed_by:Jaguar:1854
18686,hunt_start,Jaguar,1854,38,5,0,0,target:Penguin:1845
18687,environment_death,Shroomer,1731,141,6,96,6,drowning
18688,kill,Rabbit,1875,287,9,0,1,killed_by:Hawk:1047
18689,hunt_start,Hawk,1047,287,3,0,0,target:Monkey:1328
18689,hunt_fail,Hawk,1310,286,8,0,8,target_died
18689,hunt_start,Hawk,1310,286,8,0,8,target:Monkey:1328
18689,reproduce,Monkey,733,10,9,116,4,offspring:1
18690,reproduce,Monkey,1020,225,7,94,6,offspring:1
18692,kill,Monkey,672,207,9,128,7,killed_by:Hawk:456
18693,hunt_start,Hawk,456,208,1,128,8,target:Rabbit:1561
18693,hunt_fail,Hawk,752,209,3,128,9,target_died
18693,hunt_start,Hawk,752,209,3,128,9,target:Rabbit:1602
18694,starvation,Shroomer,536,249,9,57,3,
18695,hunt_start,Hawk,1635,276,5,10,2,target:Penguin:1399
18707,kill,Deer,77,182,8,288,0,killed_by:Jaguar:1064
18708,hunt_start,Jaguar,1064,183,6,287,7,target:Shroomer:1447
18709,starvation,Shroomer,1080,229,6,52,8,
18714,reproduce,Musk Ox,942,88,2,227,0,offspring:1
18735,kill,Penguin,1996,288,0,8,5,killed_by:Hawk:1714
18735,hunt_start,Jaguar,1851,108,4,276,1,target:Parrot:338
18736,hunt_start,Hawk,1714,287,5,8,8,target:Penguin:1539
18736,age_death,Parrot,339,123,1,264,1,
18736,age_death,Parrot,652,91,4,70,8,
18741,hunt_start,Jaguar,1035,110,5,268,0,target:Camel:249
18743,reproduce,Lizard,1288,128,7,137,7,offspring:2
18745,kill,Penguin,1539,288,0,5,9,killed_by:Hawk:270
18746,hunt_fail,Hawk,1714,287,4,7,3,target_died
18746,hunt_start,Hawk,1714,287,4,7,3,target:Penguin:984
18760,kill,Penguin,1845,33,4,0,0,killed_by:Jaguar:1854
18760,reproduce,Parrot,937,10,8,124,4,offspring:1
18761,hunt_start,Jaguar,1854,33,9,0,0,target:Rabbit:755
18764,kill,Lizard,1653,249,9,134,7,killed_by:Hawk:736
18764,age_death,Parrot,661,163,1,13,5,
18765,hunt_start,Hawk,736,249,9,134,5,target:Rabbit:1912
18766,kill,Monkey,1553,288,0,1,2,killed_by:Hawk:796
18767,hunt_start,Hawk,796,287,5,1,8,target:Monkey:1042
18768,kill,Musk Ox,992,139,9,235,6,killed_by:Bear:462
18769,environment_death,Shroomer,93,218,5,50,7,drowning
18776,reproduce,Rabbit,1602,209,1,143,6,offspring:2
18782,kill,Musk Ox,1333,165,3,38,2,killed_by:Jaguar:347
18782,reproduce,Lizard,1094,188,9,1,2,offspring:2
18788,kill,Monkey,1328,288,0,0,3,killed_by:Hawk:1047
18789,hunt_start,Hawk,1047,287,7,0,6,target:Penguin:478
18789,hunt_fail,Hawk,1310,287,1,1,0,target_died
18789,hunt_start,Hawk,1310,287,1,1,0,target:Penguin:478
18798,environment_death,Shroomer,1151,231,9,63,5,drowning
18800,environment_death,Shroomer,1692,94,9,25,3,drowning
18802,hunt_start,Boar,644,15,6,260,4,target:Lizard:1722
18806,reproduce,Musk Ox,593,180,1,72,9,offspring:1
18810,kill,Camel,464,45,6,254,0,killed_by:Jaguar:486
18811,kill,Frog,1691,185,8,54,9,killed_by:Hawk:1509
18812,hunt_start,Hawk,1509,185,5,55,1,target:Frog:1772
18812,reproduce,Turtle,809,33,8,269,1,offspring:1
18823,hunt_start,Boar,962,264,7,103,6,target:Shroomer:1992
18825,kill,Shroomer,1447,177,4,285,3,killed_by:Jaguar:1064
18826,kill,Penguin,1399,268,5,24,1,killed_by:Hawk:1635
18828,starvation,Shroomer,342,246,0,40,5,
18828,starvation,Shroomer,1767,248,6,50,4,
18831,starvation,Shroomer,1118,243,6,33,6,
18835,environment_death,Shroomer,1499,224,0,65,4,drowning
18835,hunt_fail,Polar Bear,477,178,4,46,4,discomfort
18838,starvation,Shroomer,1146,254,8,62,4,
18840,reproduce,Penguin,1147,168,5,7,0,offspring:1
18844,kill,Rabbit,1602,209,8,151,3,killed_by:Hawk:752
18845,hunt_start,Boar,637,162,6,275,4,target:Shroomer:88
18845,hunt_start,Hawk,752,209,7,151,1,target:Rabbit:992
18846,reproduce,Monkey,556,15,4,124,9,offspring:1
18847,reproduce,Penguin,724,273,3,121,0,offspring:1
18848,kill,Penguin,984,288,0,4,5,killed_by:Hawk:1714
18849,hunt_start,Hawk,1714,287,2,4,5,target:Monkey:1042
18852,reproduce,Penguin,465,258,5,95,2,offspring:1
18862,reproduce,Monkey,1859,33,2,259,4,offspring:1
18866,kill,Monkey,1042,288,0,1,6,killed_by:Hawk:796
18867,hunt_start,Hawk,796,287,5,1,8,target:Rabbit:1591
18867,hunt_fail,Hawk,1714,287,1,1,9,target_died
18867,hunt_start,Hawk,1714,287,1,1,9,target:Rabbit:1591
18868,hunt_fail,Jaguar,100,6,5,181,3,prey_escaped
18871,starvation,Lizard,654,16,5,101,4,
18871,starvation,Lizard,764,16,6,102,3,
18874,kill,Rabbit,1561,196,5,104,7,killed_by:Hawk:456
18875,hunt_start,Hawk,456,196,6,104,9,target:Lizard:1109
18875,reproduce,Hawk,270,279,6,4,3,offspring:1
18876,hunt_start,Hawk,270,279,6,4,3,target:Penguin:202
18876,hunt_start,Hawk,984,280,3,4,8,target:Rabbit:1591
18877,hunt_start,Hawk,1930,245,6,70,1,target:Shroomer:1731
18880,reproduce,Frog,1269,176,0,19,3,offspring:2
18888,kill,Penguin,478,288,0,0,0,killed_by:Hawk:1047
18889,hunt_start,Hawk,1047,287,5,0,0,target:Rabbit:1591
18889,hunt_fail,Hawk,1310,286,8,1,0,target_died
18889,hunt_start,Hawk,1310,286,8,1,0,target:Rabbit:1591
18895,kill,Penguin,254,39,6,54,7,killed_by:Boar:300
18909,kill,Deer,881,12,6,66,9,killed_by:Jaguar:621
18912,hunt_start,Boar,1574,110,0,67,7,target:Frog:144
18913,reproduce,Parrot,85,198,7,277,0,offspring:1
18924,starvation,Monkey,1749,10,6,247,6,
18925,reproduce,Rabbit,334,137,4,206,3,offspring:2
18926,starvation,Rabbit,24,0,3,39,2,
18931,environment_death,Shroomer,391,73,1,33,1,drowning
18932,starvation,Lizard,1656,211,2,108,4,
18933,age_death,Lizard,205,9,2,274,8,
18933,age_death,Lizard,606,47,7,274,7,
18933,age_death,Lizard,1203,57,9,233,1,
18934,reproduce,Rabbit,1479,203,2,98,3,offspring:2
18938,kill,Frog,1772,190,2,69,5,killed_by:Hawk:1509
18939,hunt_start,Hawk,1509,190,2,69,1,target:Parrot:1850
18949,reproduce,Penguin,1726,107,6,98,4,offspring:1
18952,hunt_start,Jaguar,100,7,2,181,4,target:Lizard:1676
18962,kill,Rabbit,1912,259,2,111,2,killed_by:Hawk:736
18966,starvation,Shroomer,402,187,8,159,8,
18970,kill,Shroomer,1731,260,5,79,6,killed_by:Hawk:1930
18971,hunt_start,Hawk,1930,260,4,79,6,target:Shroomer:205
18982,starvation,Parrot,1461,144,6,155,6,
18983,environment_death,Deer,64,182,4,43,8,drowning
18983,reproduce,Monkey,1590,234,1,128,2,offspring:1
18984,starvation,Deer,1535,88,4,40,3,
18986,environment_death,Shroomer,1923,245,6,32,1,drowning
18986,hunt_start,Hawk,1635,277,9,26,1,target:Monkey:1971
18988,reproduce,Monkey,124,281,8,26,0,offspring:1
18988,reproduce,Deer,400,282,5,158,5,offspring:1
18988,reproduce,Monkey,482,30,6,125,8,offspring:1
18989,starvation,Jaguar,1416,36,7,160,7,
18992,environment_death,Shroomer,1447,132,8,254,6,drowning
18999,reproduce,Monkey,1433,288,0,19,6,offspring:1
19000,age_death,Parrot,699,59,1,273,1,
19005,starvation,Hawk,1362,203,9,87,8,
19006,kill,Shroomer,88,164,1,279,2,killed_by:Boar:637
19008,reproduce,Jaguar,621,14,5,68,6,offspring:1
19009,kill,Penguin,202,263,5,9,7,killed_by:Hawk:270
19009,hunt_start,Jaguar,621,14,6,68,6,target:Penguin:1213
19009,hunt_start,Jaguar,1042,16,3,70,8,target:Penguin:797
19010,hunt_start,Hawk,270,263,8,9,6,target:Penguin:1313
19010,kill,Shroomer,205,254,8,83,2,killed_by:Hawk:1930
19011,hunt_start,Boar,300,38,9,55,3,target:Frog:1357
19011,hunt_start,Hawk,1930,254,9,83,1,target:Penguin:1719
19013,reproduce,Musk Ox,192,115,7,13,9,offspring:1
19014,kill,Camel,249,98,1,267,1,killed_by:Jaguar:1035
19015,age_death,Parrot,701,181,2,13,4,
19015,reproduce,Frog,1279,105,8,273,5,offspring:2
19018,starvation,Parrot,932,240,3,286,6,
19018,hunt_fail,Jaguar,534,228,5,284,0,target_died
19018,hunt_start,Jaguar,534,228,5,284,0,target:Parrot:267
19018,kill,Penguin,1213,17,3,68,2,killed_by:Jaguar:621
19019,hunt_start,Jaguar,621,16,6,68,4,target:Penguin:829
19020,starvation,Hawk,1973,236,0,96,6,
19020,kill,Tapir,1559,173,9,60,5,killed_by:Jaguar:1262
19022,kill,Rabbit,1591,286,2,27,4,killed_by:Hawk:984
19023,hunt_fail,Hawk,796,286,0,26,8,target_died
19023,hunt_start,Hawk,796,286,0,26,8,target:Monkey:946
19023,hunt_start,Hawk,984,286,2,27,3,target:Monkey:407
19023,hunt_fail,Hawk,1047,285,7,20,2,target_died
19023,hunt_start,Hawk,1047,285,7,20,2,target:Monkey:1433
19023,hunt_fail,Hawk,1310,285,6,21,9,target_died
19023,hunt_start,Hawk,1310,285,6,21,9,target:Monkey:1433
19023,hunt_fail,Hawk,1714,285,8,25,8,target_died
19023,hunt_start,Hawk,1714,285,8,25,8,target:Monkey:407
19027,reproduce,Lizard,707,249,7,111,8,offspring:2
19029,kill,Rabbit,1238,146,2,60,7,killed_by:Jaguar:231
19029,hunt_start,Hawk,736,259,7,111,9,target:Lizard:932
19030,hunt_start,Jaguar,231,145,6,60,9,target:Shroomer:1836
19031,reproduce,Musk Ox,1695,56,0,126,4,offspring:1
19032,reproduce,Monkey,899,32,3,261,9,offspring:1
19033,reproduce,Penguin,1183,67,3,10,5,offspring:1
19041,age_death,Rabbit,147,48,2,25,6,
19041,age_death,Rabbit,1018,67,0,43,8,
19054,starvation,Shroomer,135,218,3,27,3,
19059,starvation,Shroomer,1397,247,5,41,5,
19071,starvation,Shroomer,283,252,0,41,0,
19071,reproduce,Rabbit,1860,0,8,133,9,offspring:2
19076,hunt_start,Polar Bear,477,179,9,49,4,target:Camel:475
19077,environment_death,Shroomer,1328,218,9,51,9,drowning
19079,reproduce,Parrot,73,170,0,264,1,offspring:1
19084,starvation,Shroomer,717,243,7,30,0,
19084,reproduce,Camel,1173,45,7,59,0,offspring:1
19088,kill,Monkey,1971,276,9,36,4,killed_by:Hawk:1635
19093,kill,Penguin,829,21,9,67,9,killed_by:Jaguar:621
19094,hunt_start,Jaguar,621,21,4,68,0,target:Deer:1506
19094,reproduce,Monkey,1254,276,4,43,1,offspring:1
19094,reproduce,Penguin,1529,117,0,97,4,offspring:1
19107,kill,Monkey,1433,288,0,13,5,killed_by:Hawk:1310
19108,hunt_fail,Hawk,1047,287,7,13,6,target_died
19108,hunt_start,Hawk,1047,287,7,13,6,target:Monkey:1321
19108,hunt_start,Hawk,1310,287,2,13,7,target:Monkey:1321
19115,age_death,Rabbit,602,32,6,205,5,
19115,age_death,Rabbit,1028,109,5,145,8,
19115,reproduce,Rabbit,1560,227,9,140,1,offspring:2
19122,kill,Monkey,946,288,0,24,6,killed_by:Hawk:796
19123,hunt_start,Hawk,796,287,3,24,6,target:Monkey:1717
19123,kill,Penguin,797,11,5,73,0,killed_by:Jaguar:1042
19124,hunt_start,Jaguar,1042,12,3,73,2,target:Deer:495
19128,kill,Penguin,1719,248,4,101,0,killed_by:Hawk:1930
19129,hunt_start,Hawk,1930,248,5,100,8,target:Penguin:837
19134,kill,Penguin,1313,272,9,-0,1,killed_by:Hawk:270
19135,age_death,Parrot,726,111,5,52,6,
19137,environment_death,Shroomer,1731,218,2,57,8,drowning
19139,reproduce,Penguin,373,241,8,98,8,offspring:1
19143,kill,Shroomer,1836,137,6,62,2,killed_by:Jaguar:231
19144,hunt_start,Jaguar,231,138,2,62,1,target:Deer:52
19146,kill,Monkey,407,267,7,22,3,killed_by:Hawk:1714
19146,reproduce,Penguin,1879,268,7,15,6,offspring:1
19147,hunt_fail,Hawk,984,268,3,22,6,target_died
19147,hunt_start,Hawk,984,268,3,22,6,target:Penguin:1043
19148,starvation,Monkey,1297,0,1,35,9,
19148,hunt_fail,Jaguar,874,0,0,38,7,target_died
19150,reproduce,Elk,1032,47,8,226,5,offspring:1
19154,hunt_start,Jaguar,347,160,9,38,4,target:Tapir:832
19155,hunt_start,Jaguar,486,44,8,255,8,target:Camel:1581
19157,hunt_start,Jaguar,874,0,0,38,8,target:Deer:1241
19163,kill,Tapir,832,161,0,35,6,killed_by:Jaguar:347
19171,hunt_start,Hawk,1714,266,5,23,0,target:Penguin:1043
19178,environment_death,Shroomer,202,78,5,33,5,drowning
19179,starvation,Hawk,1947,236,1,96,1,
19181,kill,Camel,1581,44,0,259,0,killed_by:Jaguar:486
19182,hunt_start,Bear,462,133,6,230,8,target:Monkey:1881
19185,age_death,Lizard,1246,39,0,273,0,
19185,age_death,Lizard,1247,66,2,195,7,
19185,age_death,Lizard,1249,37,6,253,1,
19185,age_death,Lizard,1250,85,4,183,6,
19185,age_death,Lizard,1251,170,5,39,7,
19187,reproduce,Jaguar,1064,181,0,283,2,offspring:1
19188,hunt_start,Jaguar,407,183,2,280,6,target:Deer:589
19188,hunt_start,Jaguar,1064,181,0,283,2,target:Deer:589
19193,kill,Deer,589,182,0,281,6,killed_by:Jaguar:1064
19194,hunt_fail,Jaguar,407,183,1,280,8,target_died
19194,hunt_start,Jaguar,407,183,1,280,8,target:Deer:862
19195,reproduce,Rabbit,398,17,7,130,5,offspring:2
19200,reproduce,Penguin,1864,280,9,105,9,offspring:1
19211,starvation,Lizard,1239,157,6,104,8,
19211,hunt_fail,Boar,1878,156,0,99,0,target_died
19211,hunt_start,Boar,1878,156,0,99,0,target:Shroomer:664
19211,reproduce,Penguin,1502,31,4,7,4,offspring:1
19214,age_death,Lizard,1256,204,7,96,2,
19214,reproduce,Parrot,1000,124,0,29,4,offspring:1
19217,kill,Parrot,1850,146,7,71,4,killed_by:Hawk:1509
19218,hunt_start,Hawk,1509,146,9,71,3,target:Frog:1786
19226,age_death,Monkey,325,251,4,229,0,
19227,reproduce,Turtle,474,124,5,218,5,offspring:1
19228,kill,Penguin,837,236,1,96,6,killed_by:Hawk:1930
19229,starvation,Jaguar,1371,166,5,211,1,
19229,hunt_start,Hawk,1930,236,5,96,5,target:Lizard:1652
19230,kill,Monkey,1321,288,0,0,3,killed_by:Hawk:1047
19231,hunt_fail,Hawk,1310,287,0,0,8,target_died
19231,hunt_start,Hawk,1310,287,0,0,8,target:Penguin:253
19234,reproduce,Deer,1426,132,2,210,5,offspring:1
19243,kill,Camel,475,171,2,55,8,killed_by:Polar Bear:477
19245,age_death,Frog,1267,132,4,14,1,
19245,age_death,Frog,1268,153,8,6,9,
19245,age_death,Frog,1269,172,9,14,7,
19245,age_death,Frog,1270,175,0,1,6,
19246,reproduce,Tapir,633,113,0,284,1,offspring:1
19248,hunt_start,Hawk,1635,284,2,33,3,target:Monkey:124
19250,reproduce,Rabbit,694,140,0,118,1,offspring:2
19267,starvation,Shroomer,102,115,4,25,6,
19268,kill,Penguin,1043,268,1,7,0,killed_by:Hawk:984
19269,hunt_start,Hawk,984,268,1,7,2,target:Monkey:1717
19269,hunt_fail,Hawk,1714,268,1,8,5,target_died
19269,hunt_start,Hawk,1714,268,1,8,5,target:Penguin:1879
19270,starvation,Shroomer,181,246,9,41,4,
19270,starvation,Shroomer,643,255,5,267,5,
19270,reproduce,Tapir,1476,93,3,280,3,offspring:1
19286,reproduce,Tapir,598,160,9,30,6,offspring:1
19294,hunt_start,Hawk,270,273,1,4,9,target:Monkey:1717
19330,hunt_start,Hawk,1047,288,0,0,4,target:Penguin:253
19337,kill,Frog,1786,158,5,81,0,killed_by:Hawk:1509
19338,hunt_start,Hawk,1509,158,3,80,9,target:Monkey:1145
19340,starvation,Boar,1765,71,7,55,0,
19340,kill,Deer,495,9,9,57,6,killed_by:Jaguar:1042
19344,reproduce,Frog,1150,168,0,61,0,offspring:2
19346,kill,Monkey,1717,282,9,-0,0,killed_by:Hawk:796
19347,hunt_fail,Hawk,270,280,2,1,4,target_died
19347,hunt_start,Hawk,270,280,2,1,4,target:Penguin:253
19347,hunt_start,Hawk,796,283,2,0,4,target:Penguin:253
19347,hunt_fail,Hawk,984,279,4,1,8,target_died
19347,hunt_start,Hawk,984,279,4,1,8,target:Penguin:253
19362,kill,Deer,1506,13,6,51,9,killed_by:Jaguar:621
19363,age_death,Rabbit,1086,15,1,230,2,
19369,reproduce,Monkey,584,38,1,267,6,offspring:1
19371,kill,Shroomer,664,148,0,99,7,killed_by:Boar:1878
19372,hunt_start,Boar,1878,148,5,99,7,target:Shroomer:1101
19373,starvation,Shroomer,1712,225,2,25,0,
19374,reproduce,Monkey,42,204,5,232,3,offspring:1
19386,hunt_start,Jaguar,1035,98,7,265,2,target:Parrot:1083
19392,hunt_start,Jaguar,1262,175,6,65,3,target:Monkey:313
19395,kill,Penguin,253,288,0,-0,0,killed_by:Hawk:1310
19396,hunt_fail,Hawk,270,286,7,1,0,prey_escaped
19396,hunt_start,Hawk,270,286,7,1,0,target:Monkey:124
19396,hunt_fail,Hawk,796,287,1,0,8,prey_escaped
19396,hunt_start,Hawk,796,287,1,0,8,target:Monkey:124
19396,hunt_fail,Hawk,984,286,3,0,9,prey_escaped
19396,hunt_start,Hawk,984,286,3,0,9,target:Monkey:124
19396,hunt_fail,Hawk,1047,287,7,0,0,prey_escaped
19396,hunt_start,Hawk,1047,287,7,0,0,target:Monkey:124
19400,age_death,Parrot,136,3,1,178,3,
19402,kill,Penguin,1879,278,4,21,6,killed_by:Hawk:1714
19402,reproduce,Elk,1384,116,8,147,8,offspring:1
19402,reproduce,Turtle,1400,82,9,265,0,offspring:1
19410,kill,Deer,862,177,2,271,4,killed_by:Jaguar:407
19411,hunt_start,Jaguar,407,177,2,272,0,target:Shroomer:1336
19418,environment_death,Deer,52,123,6,62,9,drowning
19418,hunt_fail,Jaguar,231,126,2,62,3,target_died
19419,reproduce,Penguin,1330,16,5,25,3,offspring:1
19424,starvation,Shroomer,875,243,5,27,5,
19433,kill,Monkey,124,288,0,7,0,killed_by:Hawk:270
19434,hunt_fail,Hawk,796,287,5,6,4,target_died
19434,hunt_start,Hawk,796,287,5,6,4,target:Penguin:1757
19434,hunt_fail,Hawk,984,287,1,6,3,target_died
19434,hunt_start,Hawk,984,287,1,6,3,target:Penguin:1757
19434,hunt_fail,Hawk,1047,287,6,5,7,target_died
19434,hunt_start,Hawk,1047,287,6,5,7,target:Penguin:1757
19434,hunt_fail,Hawk,1635,288,0,7,2,target_died
19434,hunt_start,Hawk,1635,288,0,7,2,target:Penguin:345
19435,age_death,Lizard,538,84,7,158,1,
19435,age_death,Lizard,1287,96,2,152,2,
19435,reproduce,Tapir,691,152,1,92,4,offspring:1
19437,starvation,Shroomer,1136,245,9,40,1,
19443,age_death,Lizard,1288,118,5,143,7,
19443,age_death,Lizard,1289,57,5,58,9,
19445,reproduce,Tapir,870,88,7,280,3,offspring:1
19455,starvation,Hawk,1835,203,1,141,0,
19455,age_death,Parrot,78,20,9,241,9,
19456,reproduce,Musk Ox,1927,45,8,142,8,offspring:1
19462,reproduce,Tapir,751,145,9,81,0,offspring:1
19467,reproduce,Penguin,907,262,0,106,6,offspring:1
19468,reproduce,Elk,1221,27,1,239,9,offspring:1
19481,hunt_fail,Bear,462,126,7,246,2,discomfort
19483,hunt_start,Jaguar,1064,184,9,283,6,target:Deer:1097
19485,age_death,Parrot,769,101,4,286,2,
19499,kill,Monkey,1145,144,6,97,4,killed_by:Hawk:1509
19500,hunt_start,Hawk,1509,145,0,97,5,target:Monkey:1188
19510,kill,Shroomer,1336,173,7,271,3,killed_by:Jaguar:407
19515,reproduce,Rabbit,1117,139,8,205,9,offspring:2
19518,hunt_start,Boar,1856,112,5,71,0,target:Lizard:86
19526,hunt_start,Jaguar,486,47,5,258,9,target:Deer:1984
19533,starvation,Turtle,804,218,7,263,2,
19535,hunt_start,Jaguar,347,157,2,41,5,target:Boar:659
19535,reproduce,Musk Ox,1725,92,6,225,5,offspring:1
19539,starvation,Deer,1799,55,7,155,5,
19540,reproduce,Penguin,345,279,4,20,5,offspring:1
19548,age_death,Rabbit,440,94,3,115,3,
19551,hunt_start,Jaguar,1042,6,3,59,3,target:Parrot:1768
19551,kill,Lizard,1652,243,0,64,0,killed_by:Hawk:1930
19552,hunt_start,Hawk,1930,243,0,64,2,target:Shroomer:124
19562,starvation,Rabbit,1882,0,6,275,6,
19562,kill,Penguin,1757,271,9,17,1,killed_by:Hawk:1047
19562,hunt_start,Hawk,1714,277,8,26,3,target:Penguin:345
19562,kill,Shroomer,1101,152,2,93,8,killed_by:Boar:1878
19563,hunt_fail,Hawk,796,272,2,16,9,target_died
19563,hunt_start,Hawk,796,272,2,16,9,target:Penguin:1799
19563,hunt_fail,Hawk,984,271,7,16,9,target_died
19563,hunt_start,Hawk,984,271,7,16,9,target:Penguin:1799
19563,hunt_start,Boar,1878,151,7,94,2,target:Shroomer:1057
19567,reproduce,Parrot,1434,167,7,73,9,offspring:1
19579,kill,Penguin,345,276,7,23,4,killed_by:Hawk:1714
19580,hunt_fail,Hawk,1635,277,0,23,2,target_died
19580,hunt_start,Hawk,1635,277,0,23,2,target:Penguin:1799
19580,reproduce,Penguin,1159,278,1,114,4,offspring:1
19586,kill,Frog,1357,73,3,71,0,killed_by:Boar:300
19587,hunt_start,Boar,300,73,0,70,9,target:Shroomer:642
19589,kill,Deer,1241,8,5,38,7,killed_by:Jaguar:874
19589,reproduce,Camel,1091,169,1,51,4,offspring:1
19590,hunt_start,Jaguar,874,8,3,38,0,target:Deer:22
19593,hunt_start,Hawk,270,278,8,11,1,target:Penguin:1799
19601,reproduce,Elk,1303,265,7,138,6,offspring:1
19605,reproduce,Jaguar,1035,100,4,254,5,offspring:1
19614,kill,Penguin,1799,273,3,23,4,killed_by:Hawk:1635
19615,hunt_fail,Hawk,270,277,6,14,1,target_died
19615,hunt_start,Hawk,270,277,6,14,1,target:Penguin:1731
19615,hunt_fail,Hawk,796,273,3,23,0,target_died
19615,hunt_start,Hawk,796,273,3,23,0,target:Monkey:1461
19615,hunt_fail,Hawk,984,273,7,23,0,target_died
19615,hunt_start,Hawk,984,273,7,23,0,target:Monkey:1461
19617,starvation,Shroomer,409,239,6,23,5,
19620,reproduce,Penguin,1398,179,4,73,7,offspring:1
19622,hunt_start,Bear,462,128,8,246,3,target:Turtle:183
19629,environment_death,Shroomer,1289,222,7,15,2,drowning
19629,hunt_start,Hawk,1310,274,0,3,2,target:Shroomer:1241
19631,reproduce,Musk Ox,1989,79,9,122,9,offspring:1
19651,hunt_fail,Bear,462,127,8,245,5,discomfort
19668,kill,Boar,659,148,2,39,0,killed_by:Jaguar:347
19675,starvation,Lizard,1578,229,4,96,8,
19679,reproduce,Penguin,665,13,3,16,4,offspring:1
19722,hunt_start,Hawk,1047,266,8,15,0,target:Penguin:1731
19724,kill,Monkey,1188,173,4,81,4,killed_by:Hawk:1509
19725,hunt_start,Hawk,1509,173,2,81,6,target:Parrot:1941
19729,kill,Shroomer,124,266,8,64,8,killed_by:Hawk:1930
19731,hunt_start,Bear,462,128,7,246,0,target:Turtle:183
19732,hunt_fail,Bear,462,128,7,246,0,discomfort
19734,hunt_start,Jaguar,621,12,4,53,5,target:Deer:1292
19735,reproduce,Penguin,929,242,6,102,7,offspring:1
19739,hunt_start,Hawk,1714,275,4,24,1,target:Penguin:1731
19744,kill,Shroomer,1241,258,1,7,6,killed_by:Hawk:1310
19745,kill,Deer,1292,9,5,52,2,killed_by:Jaguar:621
19745,hunt_start,Hawk,1310,258,3,7,5,target:Penguin:1731
19756,hunt_start,Jaguar,231,125,9,61,3,target:Monkey:1107
19766,kill,Shroomer,642,79,7,72,7,killed_by:Boar:300
19766,hunt_start,Boar,675,221,9,180,3,target:Lizard:38
19770,hunt_start,Hawk,1930,268,7,65,4,target:Shroomer:642
19776,starvation,Monkey,199,154,4,123,3,
19781,kill,Deer,1097,198,6,288,0,killed_by:Jaguar:1064
19789,starvation,Rabbit,1218,104,1,24,1,
19790,kill,Deer,22,6,6,22,5,killed_by:Jaguar:874
19790,reproduce,Lizard,1617,143,7,92,9,offspring:2
19791,hunt_start,Jaguar,874,6,6,23,1,target:Monkey:1323
19792,kill,Penguin,1731,256,4,22,2,killed_by:Hawk:270
19793,environment_death,Shroomer,1411,236,5,67,0,drowning
19793,hunt_fail,Hawk,1047,258,5,21,4,target_died
19793,hunt_fail,Hawk,1310,258,1,14,8,target_died
19793,hunt_fail,Hawk,1714,267,4,22,9,target_died
19814,environment_death,Shroomer,926,183,0,273,5,drowning
19822,starvation,Shroomer,1342,254,9,259,9,
19823,environment_death,Elk,226,91,0,117,7,drowning
19827,reproduce,Rabbit,1983,27,3,207,6,offspring:2
19828,kill,Monkey,1461,278,8,55,8,killed_by:Hawk:796
19829,hunt_start,Hawk,796,278,8,55,6,target:Monkey:1254
19829,hunt_fail,Hawk,984,278,7,55,2,target_died
19829,hunt_start,Hawk,984,278,7,55,2,target:Monkey:1254
19831,starvation,Monkey,555,265,9,210,2,
19831,starvation,Monkey,991,209,4,0,0,
19832,hunt_fail,Jaguar,485,135,6,203,4,prey_escaped
19832,hunt_start,Jaguar,485,135,6,203,4,target:Musk Ox:239
19835,kill,Shroomer,1057,162,8,92,3,killed_by:Boar:1878
19837,reproduce,Lizard,1058,157,0,26,3,offspring:2
19841,starvation,Shroomer,1285,251,1,41,6,
19853,reproduce,Deer,978,3,3,28,2,offspring:1
19855,starvation,Shroomer,362,250,6,45,4,
19856,reproduce,Tapir,575,161,6,11,2,offspring:1
19864,kill,Deer,1984,56,5,253,1,killed_by:Jaguar:486
19867,kill,Shroomer,642,255,2,71,5,killed_by:Hawk:1930
19868,hunt_start,Hawk,1930,255,4,71,4,target:Penguin:761
19871,reproduce,Lizard,45,142,8,139,0,offspring:2
19879,hunt_start,Boar,1878,161,9,91,2,target:Shroomer:1108
19882,hunt_start,Jaguar,407,172,2,270,1,target:Shroomer:1071
19884,age_death,Lizard,945,195,2,211,2,
19886,hunt_start,Bear,462,130,9,246,0,target:Turtle:183
19889,hunt_start,Hawk,1047,259,7,17,8,target:Shroomer:1241
19889,hunt_start,Hawk,1714,264,9,22,0,target:Shroomer:1241
19890,environment_death,Deer,51,172,8,86,1,drowning
19890,kill,Musk Ox,239,136,2,209,5,killed_by:Jaguar:485
19898,starvation,Deer,71,201,5,276,4,
19900,starvation,Shroomer,186,249,9,44,6,
19900,reproduce,Deer,622,40,3,12,6,offspring:1
19905,starvation,Shroomer,1715,239,9,24,7,
19910,reproduce,Lizard,1744,204,4,183,2,offspring:2
19912,kill,Shroomer,1071,175,5,270,0,killed_by:Jaguar:407
19913,age_death,Monkey,313,143,6,65,2,
19914,hunt_fail,Jaguar,1262,149,7,62,8,target_died
19914,hunt_start,Jaguar,1262,149,7,62,8,target:Monkey:68
19918,hunt_start,Hawk,1635,279,8,28,4,target:Monkey:1971
19944,starvation,Shroomer,1396,247,5,41,5,
19958,starvation,Jaguar,1551,232,5,287,1,
19963,hunt_fail,Bear,462,127,6,244,8,discomfort
19966,kill,Shroomer,1241,259,9,31,6,killed_by:Hawk:1714
19967,hunt_fail,Hawk,1047,260,2,29,8,target_died
19967,hunt_start,Hawk,1047,260,2,29,8,target:Monkey:1254
19967,hunt_start,Hawk,1714,260,0,31,4,target:Monkey:1254
19968,reproduce,Deer,879,15,8,15,6,offspring:1
19970,age_death,Parrot,840,56,7,263,9,
19977,reproduce,Monkey,1298,21,2,21,0,offspring:1
19984,age_death,Rabbit,128,123,3,185,2,
19984,age_death,Rabbit,1117,143,1,207,7,
19992,kill,Monkey,1254,260,4,37,8,killed_by:Hawk:984
19993,hunt_fail,Hawk,796,261,0,38,1,target_died
19993,hunt_start,Hawk,796,261,0,38,1,target:Monkey:1971
19993,hunt_start,Hawk,984,260,7,37,9,target:Monkey:1971
19993,hunt_fail,Hawk,1047,260,8,33,7,target_died
19993,hunt_start,Hawk,1047,260,8,33,7,target:Monkey:1971
19993,hunt_fail,Hawk,1714,260,8,35,3,target_died
19993,hunt_start,Hawk,1714,260,8,35,3,target:Monkey:1971
20011,starvation,Shroomer,543,235,2,46,0,
20023,starvation,Shroomer,47,247,3,248,3,
20036,age_death,Parrot,871,26,6,238,2,
20036,reproduce,Deer,1291,52,5,12,4,offspring:1
20040,starvation,Frog,463,71,9,55,5,
20040,hunt_start,Jaguar,347,144,7,35,6,target:Deer:65
20044,age_death,Rabbit,1124,5,6,46,5,
20045,starvation,Frog,144,103,6,60,3,
20045,starvation,Hawk,1579,214,0,103,0,
20045,hunt_fail,Boar,1574,106,4,64,5,target_died
20045,reproduce,Tapir,1125,172,0,287,0,offspring:1
20049,kill,Penguin,761,245,6,94,5,killed_by:Hawk:1930
20050,hunt_start,Hawk,1930,245,6,94,3,target:Penguin:1822
20054,reproduce,Frog,359,178,1,5,6,offspring:2
20062,reproduce,Camel,260,128,6,142,7,offspring:1
20067,age_death,Parrot,338,195,6,288,0,
20068,hunt_fail,Jaguar,1851,186,0,287,7,prey_escaped
20068,hunt_start,Jaguar,1851,186,0,287,7,target:Deer:493
20069,age_death,Rabbit,1133,62,8,103,2,
20069,age_death,Rabbit,1134,131,2,161,9,
20073,starvation,Shroomer,1951,250,8,45,9,
20080,hunt_start,Bear,462,126,1,244,0,target:Turtle:183
20081,starvation,Shroomer,163,254,6,39,6,
20085,reproduce,Parrot,95,3,3,67,8,offspring:1
20095,reproduce,Lizard,1548,56,6,54,9,offspring:2
20110,environment_death,Shroomer,1212,242,4,77,0,drowning
20114,kill,Monkey,1971,274,1,52,2,killed_by:Hawk:1635
20115,hunt_fail,Hawk,796,273,9,51,6,target_died
20115,hunt_fail,Hawk,984,273,7,51,1,target_died
20115,hunt_fail,Hawk,1047,272,3,48,8,target_died
20115,hunt_start,Hawk,1047,272,3,48,8,target:Shroomer:1134
20115,hunt_fail,Hawk,1714,272,8,49,6,target_died
20115,hunt_start,Hawk,1714,272,8,49,6,target:Shroomer:1134
20117,hunt_start,Jaguar,621,0,4,56,5,target:Monkey:1377
20120,starvation,Shroomer,1130,140,4,169,9,
20120,reproduce,Parrot,1449,193,3,285,8,offspring:1
20122,kill,Shroomer,1108,155,8,83,8,killed_by:Boar:1878
20123,hunt_start,Boar,1878,156,1,84,2,target:Shroomer:199
20123,reproduce,Monkey,1602,40,7,270,9,offspring:1
20127,reproduce,Penguin,1183,69,1,12,8,offspring:1
20140,reproduce,Lizard,1996,149,4,130,0,offspring:2
20146,kill,Turtle,183,123,4,243,8,killed_by:Bear:462
20153,hunt_start,Jaguar,1064,198,3,286,9,target:Deer:1536
20160,hunt_start,Hawk,984,274,9,50,6,target:Shroomer:1134
20161,kill,Penguin,1822,236,1,103,0,killed_by:Hawk:1930
20162,hunt_start,Hawk,1930,236,3,102,8,target:Penguin:1188
20163,starvation,Shroomer,645,237,6,39,9,
20174,starvation,Parrot,439,111,1,258,4,
20175,starvation,Monkey,1814,222,5,0,0,
20181,reproduce,Deer,1873,274,5,160,1,offspring:1
20187,reproduce,Parrot,705,10,3,198,1,offspring:1
20206,hunt_start,Boar,1178,62,2,269,7,target:Frog:1615
20207,age_death,Penguin,591,143,7,48,7,
20207,age_death,Penguin,592,142,0,52,1,
20208,kill,Shroomer,1134,274,3,34,4,killed_by:Hawk:1714
20209,hunt_start,Jaguar,486,53,3,248,6,target:Deer:1861
20209,hunt_fail,Hawk,984,274,6,42,8,target_died
20209,hunt_fail,Hawk,1047,274,3,34,6,target_died
20209,reproduce,Tapir,1909,51,1,62,1,offspring:1
20215,age_death,Parrot,350,12,2,153,2,
20221,starvation,Parrot,267,242,9,286,1,
20221,hunt_fail,Jaguar,534,237,8,286,0,target_died
20221,hunt_start,Jaguar,534,237,8,286,0,target:Tapir:1349
20221,reproduce,Parrot,1026,24,9,146,3,offspring:1
20242,starvation,Shroomer,790,253,9,62,4,
20260,hunt_start,Jaguar,485,128,4,211,7,target:Tapir:1339
20266,starvation,Shroomer,1876,250,3,258,3,
20267,kill,Deer,65,141,4,41,9,killed_by:Jaguar:347
20271,kill,Lizard,1722,-0,0,288,0,killed_by:Jaguar:37
20272,hunt_start,Jaguar,37,0,3,287,6,target:Boar:644
20272,hunt_fail,Boar,644,0,8,286,6,target_died
20273,starvation,Shroomer,895,220,2,4,9,
20280,reproduce,Monkey,1377,3,0,73,6,offspring:1
20284,hunt_start,Jaguar,407,169,8,271,3,target:Boar:138
20287,reproduce,Lizard,707,269,7,110,6,offspring:2
20293,kill,Penguin,1188,252,3,105,9,killed_by:Hawk:1930
20294,kill,Tapir,1339,125,0,208,2,killed_by:Jaguar:485
20295,age_death,Frog,1354,52,8,115,0,
20295,age_death,Frog,1355,70,6,140,1,
20295,reproduce,Deer,1426,139,1,217,3,offspring:1
20297,age_death,Monkey,317,125,9,140,0,
20297,reproduce,Penguin,1099,73,8,75,2,offspring:1
20299,reproduce,Lizard,1547,92,2,149,7,offspring:2
20301,reproduce,Monkey,1859,48,0,258,4,offspring:1
20302,kill,Tapir,1349,240,8,280,7,killed_by:Jaguar:534
20303,hunt_start,Jaguar,534,240,5,281,3,target:Elk:585
20305,kill,Shroomer,199,159,8,78,5,killed_by:Boar:1878
20314,reproduce,Jaguar,485,125,7,209,4,offspring:1
20315,hunt_start,Jaguar,485,125,7,209,4,target:Monkey:1382
20315,hunt_start,Jaguar,1349,125,2,211,0,target:Camel:70
20320,reproduce,Monkey,1559,41,6,271,4,offspring:1
20324,hunt_start,Boar,644,2,4,284,1,target:Lizard:1921
20336,age_death,Monkey,608,199,4,236,3,
20338,starvation,Rabbit,1276,66,9,31,0,
20338,reproduce,Frog,1279,110,2,276,6,offspring:2
20346,kill,Boar,644,2,6,282,6,killed_by:Jaguar:37
20347,hunt_start,Jaguar,37,2,6,283,2,target:Lizard:1921
20351,starvation,Elk,1899,31,5,92,9,
20353,reproduce,Penguin,724,267,8,110,9,offspring:1
20368,starvation,Rabbit,992,194,4,142,4,
20368,starvation,Rabbit,1779,193,6,143,4,
20368,hunt_fail,Hawk,752,201,8,152,2,target_died
20368,hunt_start,Hawk,752,201,8,152,2,target:Rabbit:1761
20396,kill,Camel,70,121,3,216,5,killed_by:Jaguar:1349
20405,kill,Deer,1861,39,5,246,9,killed_by:Jaguar:486
20408,reproduce,Deer,400,279,0,165,7,offspring:1
20425,hunt_start,Boar,1178,60,3,275,9,target:Frog:965
20435,kill,Elk,585,244,5,287,1,killed_by:Jaguar:534
20437,age_death,Rabbit,257,91,4,74,0,
20437,age_death,Rabbit,1176,54,8,137,7,
20444,starvation,Shroomer,1839,84,3,35,6,
20446,age_death,Fish,615,88,9,33,4,
20446,age_death,Fish,709,89,2,32,2,
20453,hunt_start,Hawk,1930,260,7,109,9,target:Lizard:895
20459,reproduce,Tapir,633,107,8,284,7,offspring:1
20465,hunt_start,Boar,1178,58,5,275,7,target:Frog:965
20465,reproduce,Deer,269,135,9,214,6,offspring:1
20472,kill,Boar,138,165,0,275,6,killed_by:Jaguar:407
20473,reproduce,Musk Ox,228,122,5,30,1,offspring:1
20476,reproduce,Rabbit,1237,94,6,130,9,offspring:2
20488,starvation,Shroomer,1699,249,5,53,1,
20488,reproduce,Frog,1916,42,3,130,5,offspring:2
20494,starvation,Parrot,444,0,5,269,1,
20501,kill,Deer,493,177,2,269,9,killed_by:Jaguar:1851
20504,reproduce,Lizard,1138,239,5,99,2,offspring:2
20526,kill,Rabbit,1761,226,0,139,2,killed_by:Hawk:752
20527,hunt_start,Hawk,752,225,8,139,2,target:Rabbit:602
20528,starvation,Shroomer,1820,214,7,39,8,
20528,reproduce,Frog,1875,97,1,280,0,offspring:2
20537,hunt_fail,Jaguar,698,192,8,0,3,prey_escaped
20549,starvation,Jaguar,100,65,4,161,3,
20555,starvation,Rabbit,949,0,4,271,7,
20559,starvation,Shroomer,1363,139,5,167,0,
20559,reproduce,Monkey,853,19,0,19,5,offspring:1
20559,reproduce,Monkey,1590,238,7,128,4,offspring:1
20560,hunt_start,Bear,462,128,0,238,6,target:Musk Ox:634
20584,starvation,Parrot,864,204,6,19,4,
20591,reproduce,Fish,155,107,9,35,4,offspring:2
20609,hunt_start,Jaguar,1357,100,5,253,3,target:Deer:83
20610,starvation,Monkey,1538,195,5,141,3,
20631,reproduce,Turtle,901,83,4,273,9,offspring:1
20639,hunt_start,Jaguar,347,142,6,36,5,target:Monkey:445
20656,starvation,Shroomer,1209,244,9,240,9,
20657,hunt_start,Boar,1320,246,6,275,7,target:Shroomer:28
20667,kill,Lizard,895,288,0,111,6,killed_by:Hawk:1930
20668,hunt_start,Hawk,1930,287,2,111,6,target:Penguin:331
20669,reproduce,Lizard,1024,185,5,275,9,offspring:2
20672,age_death,Fish,104,197,4,254,7,
20672,age_death,Fish,170,196,4,255,1,
20672,age_death,Fish,1562,195,4,255,5,
20672,age_death,Fish,1563,194,2,256,0,
20672,age_death,Fish,1564,198,3,260,6,
20672,age_death,Fish,1565,199,1,261,4,
20672,age_death,Fish,1566,202,5,263,3,
20672,age_death,Fish,1567,202,7,262,3,
20672,age_death,Fish,1568,200,9,261,5,
20672,age_death,Fish,1569,197,3,260,4,
20672,age_death,Fish,1570,200,8,262,5,
20672,age_death,Fish,1571,201,5,260,7,
20672,reproduce,Fish,841,193,1,252,8,offspring:2
20672,reproduce,Monkey,1397,208,4,245,7,offspring:1
20675,age_death,Lizard,1413,189,6,277,0,
20675,age_death,Lizard,1414,240,5,286,0,
20676,reproduce,Elk,276,65,4,195,2,offspring:1
20676,reproduce,Penguin,1976,271,3,94,2,offspring:1
20678,reproduce,Musk Ox,54,247,5,225,1,offspring:1
20679,kill,Musk Ox,634,127,3,232,0,killed_by:Bear:462
20680,reproduce,Musk Ox,1695,61,0,120,5,offspring:1
20683,reproduce,Penguin,331,286,1,106,1,offspring:1
20684,reproduce,Musk Ox,1332,165,2,19,3,offspring:1
20685,reproduce,Boar,1878,168,2,78,6,offspring:2
20686,hunt_start,Boar,1413,166,8,81,0,target:Lizard:1617
20686,hunt_start,Boar,1571,166,8,81,0,target:Lizard:1617
20686,hunt_start,Boar,1878,168,2,78,5,target:Penguin:1799
20686,reproduce,Boar,431,101,8,277,1,offspring:2
20687,starvation,Shroomer,1711,251,0,61,0,
20687,hunt_start,Boar,431,101,8,277,2,target:Frog:478
20687,hunt_start,Boar,634,104,1,276,3,target:Frog:478
20687,hunt_start,Boar,1414,104,1,276,3,target:Frog:478
20693,starvation,Shroomer,1450,232,0,39,0,
20697,reproduce,Monkey,818,226,1,95,8,offspring:1
20715,starvation,Parrot,1508,4,1,48,5,
20750,hunt_start,Jaguar,486,35,3,245,4,target:Rabbit:531
20751,age_death,Fish,72,104,1,33,7,
20751,age_death,Fish,75,107,7,30,9,
20751,age_death,Fish,155,107,7,35,3,
20751,age_death,Fish,628,110,4,27,8,
20751,age_death,Fish,629,107,5,34,4,
20751,age_death,Fish,631,103,8,32,6,
20751,age_death,Fish,656,106,5,30,9,
20751,age_death,Fish,766,109,5,28,4,
20751,age_death,Fish,1576,109,3,29,8,
20751,age_death,Fish,1577,109,5,31,0,
20756,age_death,Parrot,176,29,2,240,1,
20756,age_death,Parrot,891,56,6,241,2,
20756,reproduce,Fish,145,91,5,34,8,offspring:2
20756,reproduce,Deer,1360,194,0,279,3,offspring:1
20760,kill,Rabbit,531,37,3,248,0,killed_by:Jaguar:486
20761,reproduce,Monkey,550,25,5,8,0,offspring:1
20762,reproduce,Rabbit,1393,85,5,99,6,offspring:2
20765,reproduce,Rabbit,1369,103,2,258,8,offspring:2
20766,reproduce,Musk Ox,1662,263,4,94,7,offspring:1
20768,hunt_start,Jaguar,1349,127,6,217,1,target:Musk Ox:1651
20768,kill,Penguin,331,284,3,99,5,killed_by:Hawk:1930
20769,hunt_start,Hawk,1047,260,0,37,1,target:Shroomer:331
20769,hunt_start,Hawk,1310,258,6,14,6,target:Shroomer:331
20784,age_death,Monkey,368,123,3,141,5,
20786,reproduce,Penguin,672,166,8,15,5,offspring:1
20789,hunt_fail,Hawk,1047,258,9,34,0,target_died
20789,hunt_fail,Hawk,1310,257,5,17,8,target_died
20793,reproduce,Frog,149,96,6,88,1,offspring:2
20796,age_death,Penguin,667,164,7,44,9,
20804,hunt_start,Hawk,1310,257,2,18,7,target:Shroomer:1567
20807,hunt_start,Jaguar,534,244,8,278,2,target:Elk:1774
20826,starvation,Shroomer,1666,84,6,26,6,
20839,reproduce,Elk,206,16,8,228,0,offspring:1
20843,kill,Musk Ox,1651,129,5,220,1,killed_by:Jaguar:1349
20844,hunt_start,Jaguar,407,166,2,277,7,target:Deer:69
20846,starvation,Shroomer,76,246,5,36,0,
20849,age_death,Parrot,594,73,4,105,9,
20849,age_death,Parrot,646,129,9,187,0,
20849,age_death,Parrot,909,32,1,34,3,
20851,kill,Deer,69,165,2,279,6,killed_by:Jaguar:407
20854,reproduce,Penguin,1864,282,5,116,2,offspring:1
20858,starvation,Shroomer,364,252,2,41,1,
20859,reproduce,Tapir,160,97,6,196,4,offspring:1
20860,reproduce,Deer,196,130,7,276,5,offspring:1
20860,reproduce,Elk,322,41,2,28,5,offspring:1
20865,reproduce,Fish,1747,109,6,32,9,offspring:2
20873,hunt_start,Jaguar,1851,177,7,277,1,target:Shroomer:439
20884,starvation,Monkey,1483,2,9,178,4,
20905,kill,Shroomer,439,180,7,278,8,killed_by:Jaguar:1851
20907,reproduce,Penguin,803,183,0,13,0,offspring:1
20908,reproduce,Fish,106,90,8,35,7,offspring:2
20928,hunt_start,Hawk,1930,276,3,97,7,target:Lizard:707
20931,kill,Shroomer,28,242,6,264,5,killed_by:Boar:1320
20933,reproduce,Deer,1531,112,5,284,1,offspring:1
20937,age_death,Penguin,688,149,4,51,6,
20942,starvation,Lizard,1094,192,5,0,0,
20942,hunt_fail,Boar,457,186,9,8,1,target_died
20942,hunt_start,Boar,457,186,9,8,1,target:Frog:144
20942,hunt_fail,Boar,1766,185,4,6,3,target_died
20942,hunt_start,Boar,1766,185,4,6,3,target:Penguin:1508
20942,hunt_fail,Boar,1934,186,4,7,7,target_died
20942,hunt_start,Boar,1934,186,4,7,7,target:Frog:144
20945,starvation,Shroomer,129,208,2,40,0,
20951,reproduce,Parrot,1648,31,5,202,3,offspring:1
20953,age_death,Parrot,346,151,6,1,2,
20965,reproduce,Penguin,34,59,3,71,0,offspring:1
20981,starvation,Lizard,93,193,5,0,0,
20981,starvation,Lizard,1033,192,1,0,0,
20987,age_death,Parrot,281,81,7,61,7,
20998,kill,Shroomer,1567,233,9,25,8,killed_by:Hawk:1310
21022,starvation,Shroomer,15,240,8,257,6,
21024,hunt_start,Hawk,796,287,3,59,0,target:Shroomer:15
21036,starvation,Monkey,1092,5,5,72,6,
21036,starvation,Shroomer,1751,227,4,22,7,
21036,reproduce,Tapir,1476,96,9,285,4,offspring:1
21079,starvation,Shroomer,1358,237,1,53,0,
21079,reproduce,Penguin,935,119,0,103,4,offspring:1
21093,hunt_start,Bear,462,127,4,237,4,target:Turtle:1801
21105,hunt_start,Jaguar,486,37,9,254,4,target:Deer:341
21105,kill,Rabbit,755,12,0,64,8,killed_by:Jaguar:1854
21106,hunt_start,Jaguar,1854,12,5,65,3,target:Monkey:183
21107,reproduce,Elk,191,17,3,239,9,offspring:1
21111,kill,Penguin,1799,164,9,57,3,killed_by:Boar:1878
21112,hunt_start,Boar,1878,165,3,57,5,target:Frog:1150
21113,kill,Lizard,707,262,4,75,8,killed_by:Hawk:1930
21126,starvation,Parrot,1135,120,5,252,1,
21129,kill,Shroomer,15,278,1,75,2,killed_by:Hawk:796
21132,reproduce,Boar,1667,30,1,189,4,offspring:2
21133,hunt_start,Boar,1567,30,4,190,8,target:Lizard:406
21133,hunt_start,Boar,1667,30,1,189,4,target:Lizard:406
21134,kill,Deer,1536,182,1,285,1,killed_by:Jaguar:1064
21135,hunt_start,Hawk,1930,262,0,76,9,target:Penguin:373
21160,starvation,Jaguar,1123,117,3,9,5,
21161,age_death,Parrot,960,85,1,133,2,
21163,kill,Frog,144,171,4,19,6,killed_by:Boar:1934
21164,hunt_fail,Boar,457,172,6,18,5,target_died
21164,hunt_start,Boar,457,172,6,18,5,target:Frog:764
21164,hunt_start,Boar,1934,171,6,19,4,target:Frog:764
21164,reproduce,Monkey,1906,164,6,19,4,offspring:1
21170,starvation,Jaguar,1070,173,3,212,5,
21170,reproduce,Penguin,812,161,9,18,9,offspring:1
21175,reproduce,Elk,1221,22,5,225,5,offspring:1
21176,hunt_start,Hawk,984,269,9,8,2,target:Shroomer:1070
21181,starvation,Deer,544,204,5,37,4,
21184,age_death,Frog,1443,37,2,98,9,
21184,age_death,Frog,1444,46,4,133,6,
21189,hunt_start,Boar,1878,163,5,53,8,target:Frog:1150
21196,hunt_fail,Hawk,984,269,5,12,0,target_died
21196,reproduce,Penguin,659,12,5,23,8,offspring:1
21196,reproduce,Rabbit,1236,141,1,193,5,offspring:2
21202,hunt_start,Boar,1320,238,8,269,4,target:Shroomer:589
21203,reproduce,Tapir,1975,170,7,288,0,offspring:1
21214,age_death,Parrot,494,66,6,57,9,
21214,reproduce,Lizard,991,153,9,12,3,offspring:2
21215,hunt_start,Jaguar,1349,127,2,210,0,target:Turtle:325
21221,age_death,Fish,106,90,8,35,7,
21221,age_death,Fish,145,91,5,34,8,
21223,hunt_start,Jaguar,407,165,2,285,6,target:Tapir:463
21224,hunt_start,Hawk,1310,223,1,25,5,target:Shroomer:145
21226,age_death,Monkey,748,122,6,139,7,
21228,age_death,Monkey,396,120,2,77,0,
21228,reproduce,Penguin,1440,64,8,18,0,offspring:1
21229,starvation,Shroomer,697,250,6,45,6,
21231,starvation,Shroomer,1507,55,5,35,5,
21231,hunt_start,Boar,1959,54,9,272,1,target:Frog:965
21232,reproduce,Monkey,42,205,4,238,2,offspring:1
21266,kill,Turtle,325,131,0,208,3,killed_by:Jaguar:1349
21268,kill,Turtle,1801,136,3,233,2,killed_by:Bear:462
21271,reproduce,Penguin,1100,52,1,76,9,offspring:1
21272,hunt_start,Hawk,796,274,1,66,9,target:Shroomer:1801
21277,hunt_start,Jaguar,1851,183,9,281,7,target:Deer:1360
21286,kill,Deer,1360,185,6,280,2,killed_by:Jaguar:1851
21290,age_death,Lizard,119,184,1,218,5,
21290,age_death,Lizard,917,186,8,196,4,
21291,starvation,Parrot,381,193,3,23,5,
21300,age_death,Lizard,1463,107,0,90,0,
21300,age_death,Lizard,1464,53,7,97,0,
21300,reproduce,Penguin,618,108,6,98,3,offspring:1
21302,kill,Shroomer,145,234,3,27,0,killed_by:Hawk:1310
21307,age_death,Parrot,850,46,1,253,6,
21307,reproduce,Fish,1748,110,0,31,8,offspring:2
21312,reproduce,Turtle,111,144,4,212,7,offspring:1
21313,reproduce,Rabbit,1028,237,8,133,0,offspring:2
21328,kill,Penguin,373,260,0,102,0,killed_by:Hawk:1930
21330,kill,Lizard,1109,187,2,59,2,killed_by:Hawk:456
21331,hunt_start,Hawk,456,187,6,59,6,target:Lizard:880
21332,kill,Shroomer,1801,265,2,71,9,killed_by:Hawk:796
21334,kill,Deer,341,49,9,262,9,killed_by:Jaguar:486
21335,hunt_start,Hawk,796,265,1,71,8,target:Shroomer:373
21338,reproduce,Parrot,1315,31,4,7,3,offspring:1
21339,kill,Tapir,463,170,6,288,0,killed_by:Jaguar:407
21355,age_death,Monkey,268,245,2,228,4,
21356,reproduce,Rabbit,1860,1,5,137,3,offspring:2
21385,age_death,Penguin,114,139,2,48,8,
21401,environment_death,Shroomer,1507,212,7,48,1,drowning
21403,hunt_start,Hawk,270,251,6,9,9,target:Shroomer:114
21408,starvation,Shroomer,1998,97,5,23,5,
21410,reproduce,Jaguar,407,169,9,285,9,offspring:1
21411,hunt_start,Jaguar,407,169,9,285,9,target:Tapir:1070
21411,hunt_start,Jaguar,1998,171,7,286,8,target:Tapir:1070
21430,kill,Shroomer,589,229,9,268,9,killed_by:Boar:1320
21434,hunt_start,Hawk,1635,279,2,53,5,target:Shroomer:589
21442,kill,Shroomer,373,279,7,83,0,killed_by:Hawk:796
21443,hunt_start,Hawk,796,279,4,82,9,target:Shroomer:1109
21449,kill,Tapir,1070,172,0,288,0,killed_by:Jaguar:407
21450,hunt_fail,Jaguar,1998,172,7,287,3,target_died
21450,hunt_start,Jaguar,1998,172,7,287,3,target:Deer:778
21456,starvation,Monkey,98,0,7,162,9,
21461,starvation,Deer,1226,16,8,34,7,
21462,starvation,Rabbit,1264,1,1,265,5,
21465,reproduce,Elk,1384,130,1,146,9,offspring:1
21467,starvation,Shroomer,806,244,3,75,5,
21468,age_death,Monkey,765,92,1,211,9,
21470,reproduce,Elk,1846,47,8,255,8,offspring:1
21479,starvation,Shroomer,264,253,5,42,1,
21488,hunt_start,Hawk,1930,258,8,100,7,target:Penguin:1976
21498,kill,Shroomer,1109,274,0,89,0,killed_by:Hawk:796
21499,hunt_start,Hawk,796,274,1,88,9,target:Penguin:724
21500,age_death,Penguin,773,68,3,60,7,
21501,kill,Lizard,880,165,6,33,8,killed_by:Hawk:456
21501,age_death,Rabbit,988,85,0,171,8,
21502,hunt_start,Hawk,456,165,7,33,9,target:Penguin:330
21506,hunt_start,Jaguar,1064,176,5,281,5,target:Shroomer:862
21507,hunt_fail,Hawk,270,235,0,4,8,target_died
21509,environment_death,Shroomer,106,225,5,16,4,drowning
21509,reproduce,Penguin,1266,174,1,78,6,offspring:1
21518,reproduce,Lizard,1999,189,0,286,2,offspring:2
21523,starvation,Shroomer,1041,255,8,63,3,
21531,kill,Deer,778,178,5,286,6,killed_by:Jaguar:1998
21532,hunt_start,Jaguar,1998,178,0,286,7,target:Tapir:1975
21538,age_death,Parrot,989,35,9,208,8,
21539,starvation,Rabbit,310,57,2,162,7,
21546,reproduce,Camel,1642,135,1,186,2,offspring:1
21548,kill,Shroomer,589,282,9,71,1,killed_by:Hawk:1635
21549,hunt_start,Hawk,1635,282,9,70,9,target:Shroomer:1507
21551,reproduce,Boar,962,250,4,92,6,offspring:2
21552,hunt_start,Boar,310,249,9,93,7,target:Penguin:929
21552,hunt_start,Boar,962,250,4,92,6,target:Penguin:726
21552,hunt_start,Boar,989,249,9,93,7,target:Penguin:929
21554,hunt_fail,Hawk,1635,282,1,70,8,target_died
21554,hunt_start,Hawk,1635,282,1,70,8,target:Shroomer:1109
21555,kill,Elk,1774,242,9,286,6,killed_by:Jaguar:534
21557,reproduce,Monkey,1020,225,6,88,7,offspring:1
21559,age_death,Lizard,1491,72,3,57,0,
21559,age_death,Lizard,1492,60,6,64,6,
21561,reproduce,Parrot,446,68,8,128,9,offspring:1
21562,age_death,Monkey,786,93,6,135,4,
21566,reproduce,Deer,11,191,6,275,2,offspring:1
21568,environment_death,Shroomer,88,265,8,0,4,drowning
21569,starvation,Rabbit,1367,217,8,98,7,
21571,reproduce,Penguin,235,267,0,107,6,offspring:1
21571,reproduce,Tapir,575,173,1,22,8,offspring:1
21572,starvation,Rabbit,1394,98,3,75,3,
21573,starvation,Shroomer,1300,248,6,249,5,
21585,starvation,Shroomer,1572,252,5,79,0,
21588,reproduce,Deer,879,28,1,14,6,offspring:1
21590,reproduce,Deer,1433,131,9,216,3,offspring:1
21599,kill,Shroomer,862,180,1,277,0,killed_by:Jaguar:1064
21612,age_death,Monkey,329,120,5,60,8,
21613,starvation,Lizard,1404,239,4,281,7,
21613,kill,Penguin,330,175,5,21,0,killed_by:Hawk:456
21614,hunt_start,Hawk,456,175,5,21,2,target:Frog:1561
21614,kill,Deer,83,77,1,260,5,killed_by:Jaguar:1357
21615,hunt_start,Jaguar,1357,77,7,260,0,target:Deer:82
21615,kill,Tapir,1975,175,9,288,0,killed_by:Jaguar:1998
21618,reproduce,Musk Ox,1132,216,3,241,4,offspring:1
21619,kill,Penguin,1976,271,9,108,6,killed_by:Hawk:1930
21619,reproduce,Penguin,907,264,9,107,4,offspring:1
21621,kill,Penguin,724,259,8,100,4,killed_by:Hawk:796
21621,hunt_fail,Hawk,1635,270,9,69,4,target_died
21621,reproduce,Penguin,1726,109,6,97,2,offspring:1
21622,hunt_start,Hawk,796,259,9,100,3,target:Penguin:1564
21623,reproduce,Lizard,444,247,4,105,2,offspring:2
21626,reproduce,Turtle,113,227,7,59,5,offspring:1
21626,reproduce,Penguin,929,248,6,102,0,offspring:1
21638,hunt_start,Jaguar,1349,136,7,207,4,target:Monkey:1259
21658,hunt_start,Jaguar,1851,183,2,280,0,target:Shroomer:560
21666,starvation,Shroomer,867,249,5,48,6,
21672,reproduce,Lizard,38,224,1,183,2,offspring:2
21682,hunt_start,Bear,462,128,1,235,2,target:Camel:638
21707,age_death,Penguin,142,175,9,7,3,
21707,age_death,Penguin,803,173,9,15,6,
21709,hunt_start,Hawk,1635,268,6,70,1,target:Shroomer:803
21720,hunt_start,Boar,1059,61,6,272,1,target:Lizard:1922
21721,starvation,Hawk,752,229,7,144,3,
21721,reproduce,Deer,400,278,2,172,3,offspring:1
21725,kill,Frog,1561,185,8,7,3,killed_by:Hawk:456
21726,hunt_start,Hawk,456,185,7,7,4,target:Penguin:672
21744,kill,Penguin,1564,275,7,93,5,killed_by:Hawk:796
21745,hunt_start,Hawk,796,275,5,93,6,target:Penguin:701
21752,starvation,Shroomer,670,96,3,162,8,
21755,reproduce,Lizard,22,143,6,71,6,offspring:2
21756,kill,Shroomer,560,180,3,283,7,killed_by:Jaguar:1851
21770,reproduce,Penguin,1184,61,3,88,5,offspring:1
21779,hunt_start,Hawk,1930,273,6,100,3,target:Penguin:1159
21782,starvation,Shroomer,1375,100,6,6,6,
21783,reproduce,Penguin,1099,62,8,87,1,offspring:1
21787,kill,Penguin,929,244,2,109,5,killed_by:Boar:310
21788,hunt_start,Boar,310,244,4,109,1,target:Penguin:1109
21788,hunt_fail,Boar,989,245,3,107,8,target_died
21788,hunt_start,Boar,989,245,3,107,8,target:Penguin:1109
21790,reproduce,Penguin,465,254,2,95,3,offspring:1
21808,age_death,Monkey,558,123,9,37,8,
21821,hunt_start,Jaguar,407,172,0,285,7,target:Shroomer:1549
21828,kill,Shroomer,803,274,1,86,0,killed_by:Hawk:1635
21828,reproduce,Rabbit,9,17,4,125,2,offspring:2
21829,hunt_start,Hawk,1635,274,1,85,8,target:Penguin:1080
21832,starvation,Shroomer,881,249,6,56,3,
21833,reproduce,Elk,1914,102,1,176,8,offspring:1
21843,kill,Camel,638,120,8,242,8,killed_by:Bear:462
21845,kill,Penguin,672,167,1,6,5,killed_by:Hawk:456
21846,hunt_start,Hawk,456,167,3,6,5,target:Frog:1124
21854,age_death,Lizard,933,200,0,112,6,
21858,age_death,Parrot,1004,51,3,258,5,
21861,reproduce,Frog,359,172,0,16,5,offspring:2
21883,hunt_fail,Boar,1567,18,2,220,2,prey_escaped
21900,age_death,Monkey,118,107,3,202,8,
21913,hunt_start,Boar,1724,172,3,279,3,target:Shroomer:956
21913,kill,Penguin,1159,286,7,110,6,killed_by:Hawk:1930
21918,hunt_start,Jaguar,698,182,9,0,7,target:Monkey:335
21920,kill,Shroomer,1549,176,6,286,6,killed_by:Jaguar:407
21927,hunt_start,Jaguar,534,241,7,276,5,target:Elk:1759
21931,reproduce,Penguin,1118,281,6,110,1,offspring:1
21932,reproduce,Monkey,335,169,2,2,9,offspring:1
21934,age_death,Monkey,12,89,3,157,3,
21935,age_death,Frog,1089,17,2,135,9,
21935,age_death,Frog,1525,46,4,144,7,
21937,kill,Penguin,1109,246,9,118,5,killed_by:Boar:310
21937,reproduce,Deer,51,24,0,0,8,offspring:1
21937,reproduce,Deer,1175,163,6,280,2,offspring:1
21938,hunt_fail,Boar,989,247,0,116,5,target_died
21947,kill,Penguin,726,256,4,113,7,killed_by:Boar:962
21950,age_death,Monkey,13,70,6,124,2,
21952,reproduce,Camel,735,142,9,176,7,offspring:1
21957,kill,Frog,1124,174,3,21,2,killed_by:Hawk:456
21958,hunt_start,Hawk,456,174,2,21,1,target:Frog:359
21967,starvation,Shroomer,1486,70,8,32,8,
21970,age_death,Fish,639,198,2,261,6,
21970,age_death,Fish,833,197,1,261,5,
21970,age_death,Fish,1681,198,0,257,5,
21970,age_death,Fish,1682,198,9,256,9,
21971,hunt_start,Jaguar,1064,184,7,279,5,target:Deer:1492
21971,age_death,Fish,838,197,1,256,6,
21971,age_death,Fish,839,198,0,256,3,
21971,age_death,Fish,841,193,1,252,8,
21971,age_death,Fish,842,194,0,253,5,
21971,age_death,Fish,843,200,0,261,1,
21971,age_death,Fish,844,200,7,260,4,
21971,age_death,Fish,845,203,4,263,3,
21971,age_death,Fish,846,203,9,264,2,
21971,age_death,Fish,847,199,9,262,1,
21971,age_death,Fish,848,199,3,260,5,
21971,age_death,Fish,852,201,9,261,7,
21971,age_death,Fish,855,201,7,262,7,
21971,reproduce,Deer,269,137,2,218,2,offspring:1
21972,reproduce,Parrot,705,12,0,225,2,offspring:1
21972,reproduce,Parrot,963,184,0,68,6,offspring:1
21974,environment_death,Shroomer,1596,224,3,12,1,drowning
21974,age_death,Penguin,859,135,6,40,8,
21974,reproduce,Lizard,555,169,7,30,1,offspring:2
21975,starvation,Parrot,1768,16,3,80,8,
21975,hunt_fail,Jaguar,1042,4,4,91,7,target_died
21976,reproduce,Camel,260,142,1,148,7,offspring:1
21976,reproduce,Fish,381,108,8,32,2,offspring:2
21979,kill,Deer,1492,186,9,279,3,killed_by:Jaguar:1064
21979,reproduce,Camel,430,25,9,201,1,offspring:1
21983,reproduce,Tapir,4,220,3,133,8,offspring:1
21986,reproduce,Frog,1699,50,8,133,5,offspring:2
21987,hunt_start,Jaguar,1998,177,5,284,8,target:Shroomer:237
21988,hunt_start,Hawk,984,272,3,27,0,target:Shroomer:1596
21992,starvation,Shroomer,683,243,5,27,6,
21994,environment_death,Shroomer,142,288,0,79,7,drowning
21994,reproduce,Elk,136,148,4,144,5,offspring:1
21999,kill,Penguin,1080,252,6,97,7,killed_by:Hawk:1635
22000,hunt_start,Hawk,1635,252,8,97,6,target:Penguin:465
22000,age_death,Boar,545,207,6,187,4,
22000,age_death,Boar,546,190,7,202,5,
22009,starvation,Boar,457,177,0,36,2,
22011,reproduce,Musk Ox,192,120,1,11,3,offspring:1
22024,kill,Shroomer,1596,269,2,21,7,killed_by:Hawk:984
22025,hunt_start,Hawk,984,269,3,21,8,target:Shroomer:859
22032,hunt_start,Hawk,1047,225,2,59,7,target:Shroomer:1596
22032,hunt_start,Hawk,1310,244,0,38,7,target:Shroomer:1596
22055,starvation,Fish,72,92,2,42,5,
22056,hunt_start,Jaguar,486,54,9,270,6,target:Frog:1784
22057,kill,Frog,359,176,1,7,6,killed_by:Hawk:456
22058,hunt_start,Hawk,456,176,0,7,8,target:Frog:805
22059,kill,Elk,1759,235,4,274,1,killed_by:Jaguar:534
22059,reproduce,Tapir,1125,183,6,288,0,offspring:1
22064,kill,Shroomer,237,181,3,283,5,killed_by:Jaguar:1998
22064,reproduce,Tapir,475,129,0,281,9,offspring:1
22071,reproduce,Parrot,1174,24,2,234,8,offspring:1
22073,hunt_start,Boar,1724,171,7,277,7,target:Shroomer:956
22073,hunt_start,Hawk,1930,282,4,110,5,target:Penguin:1651
22081,kill,Shroomer,859,258,9,21,8,killed_by:Hawk:984
22086,starvation,Shroomer,820,243,6,30,7,
22091,hunt_start,Hawk,984,260,1,21,7,target:Shroomer:820
22096,starvation,Monkey,229,183,4,214,8,
22099,kill,Penguin,465,259,8,106,4,killed_by:Hawk:1635
22100,hunt_start,Hawk,1635,259,6,106,4,target:Penguin:235
22100,age_death,Lizard,86,110,0,112,1,
22101,hunt_fail,Boar,1856,114,3,107,4,target_died
22108,age_death,Parrot,399,92,8,222,6,
22108,reproduce,Parrot,1609,20,8,19,2,offspring:1
22108,reproduce,Camel,1867,63,3,263,1,offspring:1
22112,kill,Shroomer,1596,237,5,49,8,killed_by:Hawk:1047
22113,hunt_fail,Hawk,1310,237,6,49,7,target_died
22115,reproduce,Fish,69,111,9,31,5,offspring:2
22115,reproduce,Camel,1948,169,3,52,5,offspring:1
22122,age_death,Rabbit,1235,96,3,206,6,
22122,age_death,Rabbit,1236,134,0,180,5,
22122,age_death,Rabbit,1237,98,0,133,7,
22128,hunt_start,Jaguar,1851,179,3,286,3,target:Shroomer:1135
22129,starvation,Monkey,1773,182,5,0,0,
22130,age_death,Monkey,157,58,8,89,2,
22132,hunt_start,Hawk,1714,281,6,0,0,target:Shroomer:1237
22133,environment_death,Shroomer,1089,218,3,22,3,drowning
22134,starvation,Boar,1934,179,2,29,9,
22136,reproduce,Parrot,1168,88,3,194,3,offspring:1
22138,reproduce,Deer,196,135,6,278,9,offspring:1
22145,reproduce,Lizard,1396,42,1,59,2,offspring:2
22150,hunt_start,Hawk,270,239,7,14,2,target:Shroomer:820
22152,hunt_fail,Hawk,1714,280,0,3,7,target_died
22152,hunt_start,Hawk,1714,280,0,3,7,target:Shroomer:1236
22154,reproduce,Monkey,980,113,0,150,7,offspring:1
22159,hunt_start,Boar,1856,115,3,107,1,target:Penguin:1358
22160,kill,Shroomer,1135,177,0,288,0,killed_by:Jaguar:1851
22165,reproduce,Jaguar,1851,176,7,287,3,offspring:1
22166,hunt_start,Jaguar,1135,177,6,284,4,target:Shroomer:1388
22166,hunt_start,Jaguar,1851,176,7,287,3,target:Shroomer:668
22168,starvation,Hawk,736,235,6,98,0,
22168,hunt_fail,Jaguar,485,95,4,230,4,discomfort
22170,hunt_fail,Hawk,270,243,2,12,4,target_died
22170,hunt_fail,Hawk,984,267,0,20,8,target_died
22170,hunt_start,Hawk,984,267,0,20,8,target:Shroomer:1236
22171,kill,Frog,805,189,3,14,2,killed_by:Hawk:456
22171,age_death,Deer,57,214,3,88,7,
22172,starvation,Parrot,1941,189,0,24,1,
22172,hunt_start,Hawk,456,189,1,14,5,target:Frog:933
22172,hunt_fail,Hawk,1509,180,8,25,0,target_died
22172,hunt_start,Hawk,1509,180,8,25,0,target:Frog:933
22176,reproduce,Jaguar,534,238,0,272,4,offspring:1
22177,hunt_start,Jaguar,534,238,0,272,4,target:Boar:1452
22177,hunt_start,Jaguar,736,235,6,272,2,target:Boar:1452
22185,reproduce,Monkey,1562,223,6,242,4,offspring:1
22187,reproduce,Fish,104,191,8,253,6,offspring:2
22199,reproduce,Penguin,1519,233,1,119,2,offspring:1
22200,starvation,Shroomer,1874,184,4,255,3,
22200,kill,Penguin,1651,268,5,117,3,killed_by:Hawk:1930
22201,reproduce,Elk,1743,104,6,190,9,offspring:1
22202,age_death,Monkey,482,21,3,154,3,
22216,hunt_fail,Boar,431,106,8,268,4,prey_escaped
22216,hunt_fail,Boar,1414,104,2,266,4,prey_escaped
22224,kill,Frog,1784,51,2,283,5,killed_by:Jaguar:486
22225,hunt_start,Jaguar,486,51,2,283,1,target:Deer:715
22228,hunt_fail,Hawk,984,277,8,19,2,target_died
22228,hunt_fail,Hawk,1714,277,5,18,5,target_died
22231,reproduce,Fish,170,192,7,254,1,offspring:2
22232,kill,Penguin,235,269,2,92,7,killed_by:Hawk:1635
22233,hunt_start,Hawk,1635,269,0,92,9,target:Penguin:644
22241,starvation,Deer,822,180,6,230,5,
22246,starvation,Fish,75,93,4,37,5,
22255,starvation,Shroomer,1933,110,5,4,5,
22257,hunt_start,Bear,462,120,8,239,0,target:Boar:1514
22267,kill,Frog,933,171,8,12,1,killed_by:Hawk:456
22267,reproduce,Penguin,1918,22,6,28,8,offspring:1
22268,hunt_start,Hawk,456,172,3,12,4,target:Frog:1004
22268,hunt_fail,Hawk,1509,171,9,12,2,prey_escaped
22268,hunt_start,Hawk,1509,171,9,12,2,target:Frog:1004
22278,environment_death,Shroomer,848,70,6,37,9,drowning
22292,hunt_start,Jaguar,407,174,0,285,9,target:Shroomer:1782
22304,age_death,Rabbit,1277,46,9,10,8,
22308,age_death,Penguin,886,142,3,48,9,
22308,age_death,Penguin,887,144,8,61,5,
22310,age_death,Parrot,387,95,7,275,6,
22310,reproduce,Fish,1747,110,7,33,0,offspring:2
22314,hunt_start,Boar,1178,49,3,266,9,target:Frog:1335
22319,starvation,Rabbit,1087,73,5,30,5,
22320,kill,Shroomer,1388,176,0,278,2,killed_by:Jaguar:1135
22322,starvation,Shroomer,384,227,6,23,2,
22325,hunt_fail,Boar,634,98,8,267,5,prey_escaped
22327,starvation,Parrot,941,181,6,48,3,
22327,age_death,Parrot,1081,83,2,260,6,
22327,age_death,Parrot,1083,152,9,262,0,
22328,hunt_fail,Jaguar,1035,144,0,263,7,target_died
22328,hunt_start,Jaguar,1035,144,0,263,7,target:Turtle:1423
22335,kill,Penguin,644,259,2,98,7,killed_by:Hawk:1635
22336,reproduce,Tapir,591,56,3,62,7,offspring:1
22338,kill,Frog,1004,182,9,13,2,killed_by:Hawk:456
22339,hunt_start,Hawk,456,182,7,13,3,target:Lizard:1058
22339,hunt_fail,Hawk,1509,183,0,13,0,target_died
22339,hunt_start,Hawk,1509,183,0,13,0,target:Lizard:1058
22340,reproduce,Penguin,1835,269,6,98,7,offspring:1
22344,kill,Shroomer,1782,170,3,286,0,killed_by:Jaguar:407
22347,reproduce,Boar,526,207,6,153,1,offspring:2
22347,reproduce,Parrot,1409,165,5,15,4,offspring:1
22351,hunt_start,Jaguar,1064,183,9,281,1,target:Shroomer:599
22352,reproduce,Musk Ox,205,112,8,14,8,offspring:1
22360,hunt_start,Hawk,1930,262,1,110,5,target:Penguin:1864
22360,age_death,Lizard,1547,76,7,158,1,
22360,age_death,Lizard,1548,65,4,75,1,
22362,reproduce,Parrot,1845,195,5,269,8,offspring:1
22365,starvation,Penguin,1008,106,1,52,5,
22366,hunt_start,Jaguar,485,100,4,230,0,target:Musk Ox:942
22366,reproduce,Lizard,1702,30,4,122,8,offspring:2
22366,reproduce,Deer,1873,271,8,162,0,offspring:1
22368,reproduce,Frog,340,36,8,137,2,offspring:2
22369,starvation,Boar,1937,57,0,36,8,
22372,kill,Shroomer,668,172,2,283,3,killed_by:Jaguar:1851
22373,reproduce,Deer,645,262,5,162,8,offspring:1
22380,kill,Boar,1452,225,5,269,5,killed_by:Jaguar:736
22381,hunt_fail,Jaguar,534,234,7,271,4,prey_escaped
22381,hunt_start,Jaguar,534,234,7,271,4,target:Boar:1320
22381,hunt_start,Jaguar,736,226,1,269,7,target:Elk:194
22384,reproduce,Monkey,1123,173,4,24,0,offspring:1
22385,starvation,Monkey,1881,126,2,251,9,
22387,hunt_start,Boar,1840,258,5,167,3,target:Monkey:616
22389,kill,Turtle,1423,148,9,263,1,killed_by:Jaguar:1035
22390,hunt_start,Jaguar,1035,148,3,263,2,target:Shroomer:862
22395,starvation,Boar,1766,181,3,24,8,
22408,age_death,Monkey,328,247,3,220,2,
22415,age_death,Deer,82,94,4,279,8,
22416,hunt_fail,Jaguar,1357,93,7,280,0,target_died
22416,hunt_start,Jaguar,1357,93,7,280,0,target:Tapir:1092
22422,kill,Musk Ox,942,103,9,225,5,killed_by:Jaguar:485
22423,kill,Boar,1514,118,5,228,3,killed_by:Bear:462
22426,age_death,Monkey,509,130,5,133,9,
22426,reproduce,Lizard,1058,163,7,16,8,offspring:2
22428,age_death,Monkey,39,85,3,125,4,
22436,hunt_start,Jaguar,1998,181,7,280,8,target:Shroomer:525
22437,age_death,Penguin,412,121,3,47,5,
22443,starvation,Hawk,1509,161,2,17,2,
22444,kill,Shroomer,599,181,8,284,6,killed_by:Jaguar:1064
22446,starvation,Monkey,1116,11,1,247,9,
22446,hunt_fail,Jaguar,1169,4,7,228,4,target_died
22446,hunt_start,Jaguar,1169,4,7,228,4,target:Tapir:459
22452,reproduce,Monkey,42,211,9,245,5,offspring:1
22452,reproduce,Monkey,1397,215,2,243,8,offspring:1
22459,age_death,Parrot,937,11,2,167,5,
22462,starvation,Elk,1467,264,4,275,8,
22462,kill,Deer,715,35,4,288,0,killed_by:Jaguar:486
22462,reproduce,Rabbit,850,243,1,136,3,offspring:2
22464,kill,Shroomer,862,147,7,265,8,killed_by:Jaguar:1035
22465,hunt_start,Jaguar,1035,147,8,265,2,target:Shroomer:718
22465,reproduce,Camel,252,103,0,256,1,offspring:1
22467,reproduce,Deer,1285,9,9,26,8,offspring:1
22472,environment_death,Deer,48,108,7,103,5,drowning
22472,reproduce,Musk Ox,1989,79,7,110,3,offspring:1
22475,reproduce,Penguin,944,168,3,62,1,offspring:1
22481,kill,Lizard,1058,156,5,18,0,killed_by:Hawk:456
22482,hunt_start,Hawk,456,156,6,17,9,target:Lizard:1514
22485,kill,Penguin,1358,121,6,86,9,killed_by:Boar:1856
22490,reproduce,Frog,1150,153,1,48,9,offspring:2
22493,reproduce,Penguin,187,0,7,65,0,offspring:1
22495,hunt_start,Hawk,1635,259,3,104,1,target:Lizard:1138
22498,kill,Tapir,1092,88,2,277,8,killed_by:Jaguar:1357
22499,hunt_start,Jaguar,1357,88,8,278,0,target:Tapir:1270
22507,kill,Penguin,1864,279,6,113,5,killed_by:Hawk:1930
22507,reproduce,Lizard,642,129,5,151,7,offspring:2
22514,starvation,Shroomer,1203,248,6,249,5,
22514,age_death,Monkey,266,125,0,19,2,
22522,hunt_start,Boar,1856,122,0,86,1,target:Shroomer:455
22523,starvation,Shroomer,345,203,5,281,6,
22525,starvation,Parrot,95,22,8,109,5,
22530,age_death,Monkey,823,131,4,127,9,
22534,starvation,Hawk,984,287,2,21,1,
22535,age_death,Monkey,811,102,6,201,5,
22536,starvation,Parrot,278,6,8,105,9,
22536,kill,Shroomer,525,177,7,281,9,killed_by:Jaguar:1998
22536,reproduce,Penguin,1757,270,0,115,6,offspring:1
22538,age_death,Parrot,767,123,6,149,5,
22538,reproduce,Rabbit,391,213,1,94,8,offspring:2
22542,reproduce,Hawk,1635,252,5,103,2,offspring:1
22543,hunt_start,Hawk,525,253,2,101,3,target:Lizard:1138
22545,hunt_start,Boar,1724,173,5,276,3,target:Shroomer:956
22547,reproduce,Fish,658,107,4,29,0,offspring:2
22555,hunt_start,Jaguar,1135,175,2,277,6,target:Shroomer:266
22559,kill,Shroomer,266,175,8,279,4,killed_by:Jaguar:1135
22561,starvation,Parrot,538,159,5,97,3,
22564,environment_death,Shroomer,848,258,6,264,6,drowning
22565,hunt_start,Jaguar,56,151,7,155,3,target:Camel:1682
22574,starvation,Deer,567,116,4,118,6,
22575,hunt_start,Boar,1724,172,3,276,2,target:Shroomer:956
22589,kill,Tapir,1270,82,7,279,4,killed_by:Jaguar:1357
22590,age_death,Monkey,44,122,9,57,3,
22594,starvation,Jaguar,1169,5,6,227,4,
22595,reproduce,Frog,1637,29,2,278,4,offspring:2
22608,kill,Shroomer,718,148,1,271,0,killed_by:Jaguar:1035
22609,kill,Elk,194,217,0,265,5,killed_by:Jaguar:736
22610,hunt_start,Boar,1299,217,7,220,8,target:Shroomer:592
22610,hunt_start,Boar,1724,171,4,276,5,target:Shroomer:956
22616,hunt_start,Boar,774,214,9,228,8,target:Shroomer:1134
22622,kill,Lizard,1514,171,0,36,1,killed_by:Hawk:456
22623,hunt_start,Hawk,456,170,9,35,9,target:Lizard:1681
22623,reproduce,Penguin,943,122,0,8,2,offspring:1
22628,hunt_start,Hawk,270,268,9,21,7,target:Shroomer:1116
22657,starvation,Shroomer,415,238,1,261,6,
22659,age_death,Parrot,1105,89,8,237,0,
22662,reproduce,Frog,1916,31,9,128,1,offspring:2
22664,age_death,Lizard,45,134,8,137,1,
22664,age_death,Lizard,406,41,3,237,1,
22665,kill,Lizard,1138,233,8,100,9,killed_by:Hawk:1635
22666,hunt_fail,Hawk,525,234,4,101,2,target_died
22666,hunt_start,Hawk,525,234,4,101,2,target:Lizard:1975
22666,hunt_start,Hawk,1635,234,3,100,8,target:Lizard:1975
22667,hunt_start,Hawk,1930,274,6,106,0,target:Penguin:1118
22669,hunt_start,Jaguar,1135,175,7,278,8,target:Shroomer:337
22671,reproduce,Tapir,633,112,4,284,6,offspring:1
22684,starvation,Monkey,1373,189,5,153,4,
22686,hunt_start,Hawk,1047,251,9,56,9,target:Shroomer:1373
22695,starvation,Lizard,932,224,8,97,8,
22697,starvation,Shroomer,626,231,8,24,6,
22716,hunt_start,Jaguar,407,174,3,285,6,target:Shroomer:181
22726,starvation,Monkey,1377,7,7,105,5,
22726,hunt_fail,Jaguar,621,6,2,90,9,target_died
22731,age_death,Fish,658,107,4,29,0,
22731,age_death,Fish,1746,107,3,30,0,
22731,age_death,Fish,1747,110,8,32,8,
22731,age_death,Fish,1748,109,9,31,8,
22732,reproduce,Rabbit,1370,31,9,270,4,offspring:2
22733,starvation,Shroomer,393,68,5,31,7,
22736,hunt_start,Boar,774,214,6,229,5,target:Shroomer:1134
22736,reproduce,Jaguar,1357,86,3,283,1,offspring:1
22737,hunt_start,Jaguar,1357,86,3,283,1,target:Lizard:1962
22737,hunt_start,Jaguar,1748,89,3,285,7,target:Rabbit:905
22738,reproduce,Hawk,1930,266,2,112,3,offspring:1
22739,hunt_start,Hawk,194,266,2,109,8,target:Penguin:1118
22740,reproduce,Elk,1194,46,2,28,5,offspring:1
22743,reproduce,Monkey,959,134,0,134,5,offspring:1
22744,kill,Lizard,1962,87,1,285,4,killed_by:Jaguar:1357
22744,hunt_start,Jaguar,1851,178,4,280,8,target:Deer:11
22745,hunt_start,Jaguar,1357,87,0,284,6,target:Rabbit:905
22748,hunt_fail,Hawk,270,287,2,24,9,target_died
22749,kill,Shroomer,181,172,1,287,5,killed_by:Jaguar:407
22758,kill,Shroomer,956,171,9,280,6,killed_by:Boar:1724
22758,reproduce,Penguin,1187,175,3,64,9,offspring:1
22758,reproduce,Lizard,1218,140,8,90,9,offspring:2
22760,starvation,Rabbit,1983,0,5,237,4,
22763,kill,Camel,1682,138,2,148,2,killed_by:Jaguar:56
22767,hunt_start,Hawk,1310,252,0,56,3,target:Shroomer:1983
22769,starvation,Shroomer,168,257,3,64,5,
22776,kill,Shroomer,337,174,5,273,8,killed_by:Jaguar:1135
22786,starvation,Shroomer,1984,248,6,49,1,
22789,kill,Penguin,1118,262,6,116,9,killed_by:Hawk:194
22790,hunt_start,Hawk,194,263,0,116,5,target:Rabbit:1028
22790,hunt_fail,Hawk,1930,262,8,116,9,target_died
22790,hunt_start,Hawk,1930,262,8,116,9,target:Monkey:1295
22792,hunt_start,Jaguar,485,115,0,229,5,target:Boar:625
22794,starvation,Shroomer,828,233,5,39,2,
22794,kill,Rabbit,905,91,6,281,3,killed_by:Jaguar:1357
22795,hunt_start,Jaguar,1357,91,0,281,7,target:Turtle:1538
22795,hunt_fail,Jaguar,1748,88,9,284,7,target_died
22795,hunt_start,Jaguar,1748,88,9,284,7,target:Turtle:1538
22797,reproduce,Monkey,1205,145,0,212,6,offspring:1
22797,reproduce,Fish,1941,191,0,252,1,offspring:2
22802,kill,Shroomer,1373,262,3,77,6,killed_by:Hawk:1047
22802,reproduce,Boar,1878,151,4,47,2,offspring:2
22803,hunt_start,Hawk,1047,262,4,77,5,target:Shroomer:1983
22803,hunt_start,Boar,1138,148,9,47,8,target:Frog:1150
22803,hunt_start,Boar,1373,148,9,47,8,target:Frog:1150
22803,hunt_start,Boar,1878,151,4,47,2,target:Frog:1150
22807,hunt_start,Jaguar,486,36,2,276,2,target:Boar:1959
22816,hunt_start,Jaguar,1064,184,0,281,0,target:Deer:11
22824,starvation,Shroomer,1128,110,5,1,5,
22824,kill,Boar,625,111,5,232,4,killed_by:Jaguar:485
22824,kill,Deer,11,186,1,280,8,killed_by:Jaguar:1064
22825,starvation,Shroomer,1592,255,8,63,4,
22825,hunt_fail,Jaguar,1851,179,3,278,4,target_died
22825,hunt_start,Jaguar,1851,179,3,278,4,target:Shroomer:1483
22825,reproduce,Fish,1463,109,5,32,8,offspring:2
22825,reproduce,Deer,1531,96,6,280,6,offspring:1
22827,kill,Lizard,1975,241,8,125,9,killed_by:Hawk:1635
22828,hunt_fail,Hawk,525,241,7,125,7,target_died
22828,hunt_start,Hawk,525,241,7,125,7,target:Lizard:1976
22828,hunt_start,Hawk,1635,241,6,125,3,target:Lizard:1976
22836,kill,Boar,1959,40,0,276,0,killed_by:Jaguar:486
22837,hunt_start,Bear,462,117,6,236,4,target:Camel:1442
22838,reproduce,Musk Ox,1973,49,5,145,6,offspring:1
22842,reproduce,Parrot,1272,108,1,72,9,offspring:1
22846,hunt_start,Boar,774,214,5,229,3,target:Shroomer:1134
22847,age_death,Rabbit,1210,21,0,47,4,
22847,age_death,Rabbit,1327,54,1,58,1,
22849,starvation,Parrot,1161,93,4,43,5,
22853,starvation,Shroomer,1539,247,5,36,2,
22854,reproduce,Deer,1275,132,1,145,6,offspring:1
22855,environment_death,Shroomer,356,237,0,69,4,drowning
22856,reproduce,Jaguar,485,112,4,233,2,offspring:1
22857,hunt_start,Jaguar,266,110,0,230,1,target:Camel:1157
22857,hunt_start,Jaguar,485,112,4,233,2,target:Camel:1157
22858,reproduce,Lizard,1795,117,3,280,2,offspring:2
22861,age_death,Boar,675,216,5,179,4,
22863,hunt_start,Boar,414,271,0,198,6,target:Monkey:1803
22863,kill,Turtle,1538,92,8,283,5,killed_by:Jaguar:1748
22864,hunt_fail,Jaguar,1357,91,7,283,0,target_died
22864,hunt_start,Jaguar,1357,91,7,283,0,target:Deer:11
22867,reproduce,Tapir,1719,170,1,84,1,offspring:1
22878,kill,Shroomer,1983,267,2,64,5,killed_by:Hawk:1047
22878,reproduce,Deer,1012,193,2,268,0,offspring:1
22879,hunt_start,Hawk,1047,267,3,64,5,target:Shroomer:1682
22879,hunt_fail,Hawk,1310,252,0,56,3,target_died
22880,reproduce,Lizard,1796,103,3,220,3,offspring:2
22883,age_death,Tapir,354,120,3,145,8,
22885,age_death,Penguin,915,144,6,46,3,
22887,hunt_fail,Hawk,1047,267,7,66,2,target_died
22888,reproduce,Deer,501,142,5,84,4,offspring:1
22890,kill,Shroomer,1483,177,0,273,7,killed_by:Jaguar:1851
22891,starvation,Shroomer,1241,236,1,61,7,
22892,environment_death,Camel,252,103,8,254,6,drowning
22895,hunt_start,Hawk,270,287,4,24,2,target:Shroomer:252
22900,age_death,Monkey,42,207,1,248,1,
22904,hunt_start,Hawk,1047,268,4,64,8,target:Shroomer:42
22908,hunt_start,Jaguar,1998,181,3,278,9,target:Tapir:1125
22909,age_death,Penguin,921,156,8,6,0,
22915,hunt_fail,Hawk,270,283,8,21,6,target_died
22916,hunt_start,Hawk,1310,252,0,56,3,target:Shroomer:1241
22917,starvation,Monkey,1231,33,5,79,9,
22917,reproduce,Musk Ox,1695,57,5,117,2,offspring:1
22921,kill,Camel,1157,112,9,226,1,killed_by:Jaguar:266
22921,age_death,Rabbit,97,51,6,48,5,
22922,hunt_fail,Jaguar,485,112,4,232,9,target_died
22934,starvation,Shroomer,1261,134,5,104,5,
22974,kill,Rabbit,1028,285,8,128,3,killed_by:Hawk:194
22975,hunt_start,Hawk,194,285,6,128,2,target:Penguin:1757
22978,reproduce,Boar,1048,17,1,137,3,offspring:2
22979,age_death,Lizard,287,56,1,218,2,
22979,age_death,Lizard,729,80,8,196,2,
22980,hunt_start,Jaguar,1035,140,7,272,3,target:Shroomer:1666
22981,hunt_start,Jaguar,736,220,5,262,7,target:Elk:1458
22987,age_death,Parrot,1120,146,7,5,6,
22992,kill,Camel,1442,124,6,243,4,killed_by:Bear:462
22992,reproduce,Monkey,565,63,9,74,6,offspring:1
22993,kill,Lizard,1976,244,9,99,0,killed_by:Hawk:1635
22993,reproduce,Elk,322,43,1,8,8,offspring:1
22994,hunt_fail,Hawk,525,245,0,99,2,prey_escaped
22994,hunt_start,Hawk,525,245,0,99,2,target:Penguin:329
22994,hunt_start,Hawk,1635,245,1,99,6,target:Penguin:907
23002,kill,Shroomer,42,286,7,57,9,killed_by:Hawk:1047
23003,hunt_start,Hawk,1047,286,7,58,0,target:Shroomer:1261
23003,reproduce,Frog,1006,20,0,53,9,offspring:2
23006,kill,Shroomer,1666,140,6,275,0,killed_by:Jaguar:1035
23009,starvation,Shroomer,911,146,4,103,6,
23014,kill,Boar,1320,235,3,257,4,killed_by:Jaguar:534
23015,hunt_start,Jaguar,534,235,2,258,0,target:Shroomer:1643
23024,starvation,Fish,864,139,7,24,5,
23029,age_death,Monkey,565,62,9,74,9,
23030,reproduce,Parrot,623,140,2,167,6,offspring:1
23030,reproduce,Rabbit,948,23,9,281,5,offspring:2
23038,starvation,Hawk,1714,246,7,29,8,
23040,reproduce,Penguin,1949,253,1,99,8,offspring:1
23046,age_death,Rabbit,473,29,7,56,6,
23054,starvation,Shroomer,1493,243,5,35,5,
23058,hunt_fail,Hawk,1047,279,9,67,7,target_died
23058,hunt_start,Hawk,1047,279,9,67,7,target:Shroomer:911
23062,starvation,Shroomer,770,14,5,143,8,
23075,reproduce,Monkey,697,219,3,236,2,offspring:1
23084,reproduce,Lizard,444,248,3,111,5,offspring:2
23089,age_death,Parrot,663,142,8,240,9,
23089,age_death,Boar,719,114,9,188,0,
23091,starvation,Hawk,270,287,1,10,6,
23091,age_death,Frog,1615,64,8,283,8,
23091,reproduce,Musk Ox,77,87,9,226,4,offspring:1
23091,reproduce,Deer,1175,166,4,270,1,offspring:1
23094,age_death,Monkey,952,135,0,30,5,
23098,reproduce,Parrot,279,59,4,269,7,offspring:1
23105,reproduce,Parrot,1626,142,0,117,1,offspring:1
23112,kill,Penguin,329,249,3,83,5,killed_by:Hawk:525
23113,hunt_start,Hawk,525,249,3,83,7,target:Penguin:929
23114,kill,Shroomer,911,269,6,64,6,killed_by:Hawk:1047
23114,reproduce,Monkey,584,31,3,262,2,offspring:1
23115,hunt_start,Hawk,1047,269,7,64,6,target:Shroomer:473
23117,starvation,Lizard,1950,46,3,153,6,
23121,hunt_start,Jaguar,407,175,5,286,4,target:Shroomer:823
23124,kill,Penguin,907,259,5,92,2,killed_by:Hawk:1635
23124,reproduce,Turtle,1400,81,1,270,2,offspring:1
23125,hunt_start,Hawk,1635,259,3,92,3,target:Penguin:88
23127,reproduce,Fish,439,90,0,35,2,offspring:2
23128,starvation,Shroomer,1192,225,3,23,4,
23135,hunt_start,Jaguar,56,129,9,149,0,target:Deer:1161
23148,hunt_start,Jaguar,1135,175,3,274,4,target:Deer:155
23150,age_death,Monkey,959,135,0,134,0,
23153,reproduce,Fish,767,105,5,31,0,offspring:2
23154,kill,Shroomer,823,179,2,286,3,killed_by:Jaguar:407
23154,reproduce,Camel,1257,140,3,218,7,offspring:1
23156,starvation,Shroomer,1044,81,5,33,5,
23160,kill,Penguin,1757,273,7,105,8,killed_by:Hawk:194
23166,starvation,Shroomer,1915,248,6,50,2,
23167,kill,Deer,1161,128,9,152,8,killed_by:Jaguar:56
23171,environment_death,Shroomer,273,215,1,46,8,drowning
23175,age_death,Lizard,1617,156,9,151,4,
23175,reproduce,Monkey,200,136,8,220,3,offspring:1
23177,hunt_fail,Hawk,1047,269,5,76,7,target_died
23177,hunt_start,Hawk,1047,269,5,76,7,target:Shroomer:1044
23180,reproduce,Parrot,1163,177,7,20,2,offspring:1
23181,hunt_start,Jaguar,486,38,9,279,3,target:Frog:965
23185,kill,Frog,965,37,4,280,2,killed_by:Jaguar:486
23196,hunt_start,Jaguar,1064,188,7,276,3,target:Deer:1012
23207,age_death,Penguin,323,142,6,41,7,
23207,age_death,Penguin,690,138,2,47,5,
23211,kill,Deer,11,95,6,275,4,killed_by:Jaguar:1357
23214,reproduce,Lizard,339,89,9,140,3,offspring:2
23218,hunt_start,Hawk,194,273,8,106,1,target:Penguin:1569
23228,hunt_start,Jaguar,485,119,8,235,1,target:Camel:366
23230,starvation,Shroomer,1146,228,1,62,6,
23235,hunt_start,Jaguar,1748,96,2,282,5,target:Frog:1279
23236,starvation,Hawk,1047,275,1,67,1,
23237,kill,Penguin,929,239,8,96,1,killed_by:Hawk:525
23238,hunt_start,Hawk,525,240,0,96,0,target:Lizard:493
23238,kill,Frog,1279,97,9,282,6,killed_by:Jaguar:1748
23239,reproduce,Elk,1384,119,1,139,5,offspring:1
23245,reproduce,Frog,1820,109,0,279,0,offspring:2
23251,age_death,Parrot,446,74,5,124,6,
23251,age_death,Parrot,903,166,6,228,6,
23253,kill,Elk,1458,224,5,255,6,killed_by:Jaguar:736
23254,reproduce,Rabbit,1249,172,3,245,5,offspring:2
23255,reproduce,Deer,64,280,3,161,3,offspring:1
23258,kill,Penguin,88,263,1,108,5,killed_by:Hawk:1635
23260,kill,Shroomer,1643,238,2,249,4,killed_by:Jaguar:534
23262,hunt_start,Jaguar,1851,181,1,281,8,target:Boar:1724
23266,hunt_start,Boar,1028,14,0,138,2,target:Lizard:617
23279,kill,Tapir,1125,186,3,287,4,killed_by:Jaguar:1998
23279,reproduce,Boar,1413,136,3,146,6,offspring:2
23281,age_death,Musk Ox,289,205,5,177,2,
23299,environment_death,Shroomer,664,268,6,77,8,drowning
23312,age_death,Parrot,1162,123,7,36,2,
23312,age_death,Parrot,1163,173,6,23,4,
23313,reproduce,Fish,104,191,8,253,7,offspring:2
23317,starvation,Shroomer,52,240,5,24,9,
23326,hunt_start,Boar,88,133,8,145,0,target:Lizard:1933
23326,hunt_start,Boar,1458,133,8,145,0,target:Lizard:1933
23336,starvation,Rabbit,602,254,4,138,7,
