tick,event,species,entity_id,x,y,detail
0,hunt_start,Sectid,14,8,0,286,3,target:Penguin:561
0,hunt_start,Sectid,47,359,5,34,8,target:Snake:948
0,hunt_start,Sectid,48,357,2,28,2,target:Snake:948
0,hunt_start,Sectid,50,358,5,31,4,target:Snake:948
0,hunt_start,Sectid,51,353,8,31,2,target:Snake:948
0,hunt_start,Sectid,59,388,0,494,8,target:Rabbit:189
0,hunt_start,Sectid,60,392,3,492,3,target:Rabbit:189
0,hunt_start,Wolf,862,140,4,448,5,target:Lizard:469
0,hunt_start,Wolf,867,482,3,180,5,target:Rabbit:168
0,hunt_start,Wolf,877,346,5,461,5,target:Shroomer:774
0,hunt_start,Fox,884,187,5,212,5,target:Lizard:496
0,hunt_start,Fox,891,421,5,445,5,target:Lizard:457
0,hunt_start,Fox,895,277,5,195,5,target:Frog:329
0,hunt_start,Boar,920,346,5,390,5,target:Tapir:715
0,hunt_start,Hawk,928,151,5,91,5,target:Sectid:43
0,hunt_start,Hawk,929,23,5,292,5,target:Penguin:562
0,hunt_start,Hawk,932,66,5,253,4,target:Frog:349
0,hunt_start,Hawk,936,302,5,62,5,target:Frog:337
0,hunt_start,Snake,948,355,5,32,5,target:Sectid:51
0,hunt_start,Polar Bear,957,504,5,257,5,target:Penguin:536
0,hunt_start,Arctic Fox,959,244,5,112,5,target:Rabbit:215
0,hunt_start,Arctic Fox,961,507,5,263,5,target:Penguin:538
0,hunt_start,Arctic Fox,962,134,5,93,5,target:Sectid:45
0,reproduce,Deer,99,110,3,28,1,offspring:1
0,reproduce,Deer,105,287,5,455,5,offspring:1
0,reproduce,Deer,112,339,5,38,5,offspring:1
0,reproduce,Deer,115,339,1,37,9,offspring:1
0,reproduce,Deer,116,337,8,36,5,offspring:1
0,reproduce,Deer,127,49,5,363,7,offspring:1
0,reproduce,Deer,149,325,9,380,7,offspring:1
0,reproduce,Deer,156,412,5,426,4,offspring:1
0,reproduce,Deer,164,301,5,499,5,offspring:1
0,reproduce,Rabbit,215,246,7,117,6,offspring:2
0,reproduce,Rabbit,239,306,8,35,4,offspring:2
0,reproduce,Fish,265,97,7,189,1,offspring:2
0,reproduce,Fish,291,31,5,322,5,offspring:2
0,reproduce,Fish,294,32,2,322,6,offspring:2
0,reproduce,Fish,296,33,1,320,1,offspring:2
0,reproduce,Fish,298,350,9,285,0,offspring:2
0,reproduce,Fish,301,352,6,286,4,offspring:2
0,reproduce,Frog,313,77,5,463,5,offspring:2
0,reproduce,Frog,327,282,8,61,4,offspring:2
0,reproduce,Frog,334,142,9,470,1,offspring:2
0,reproduce,Frog,338,293,8,55,8,offspring:2
0,reproduce,Frog,340,352,0,160,8,offspring:2
0,reproduce,Frog,346,5,5,351,5,offspring:2
0,reproduce,Frog,348,58,5,259,5,offspring:2
0,reproduce,Turtle,357,380,2,360,7,offspring:1
0,reproduce,Turtle,381,80,6,174,4,offspring:1
0,reproduce,Elk,386,190,9,75,3,offspring:1
0,reproduce,Elk,396,459,5,501,0,offspring:1
0,reproduce,Elk,402,219,1,80,7,offspring:1
0,reproduce,Elk,405,221,0,81,8,offspring:1
0,reproduce,Elk,411,231,7,163,6,offspring:1
0,reproduce,Elk,420,56,2,211,7,offspring:1
0,reproduce,Elk,442,20,5,320,5,offspring:1
0,reproduce,Elk,443,19,7,321,2,offspring:1
0,reproduce,Elk,454,472,6,310,6,offspring:1
0,reproduce,Lizard,456,435,6,274,4,offspring:2
0,reproduce,Lizard,457,415,5,441,5,offspring:2
0,reproduce,Lizard,466,402,5,129,4,offspring:2
0,reproduce,Lizard,467,402,5,129,6,offspring:2
0,reproduce,Lizard,470,131,3,440,5,offspring:2
0,reproduce,Lizard,474,471,2,286,1,offspring:2
0,reproduce,Lizard,481,356,5,18,5,offspring:2
0,reproduce,Lizard,483,124,5,79,4,offspring:2
0,reproduce,Lizard,486,387,0,369,5,offspring:2
0,reproduce,Lizard,490,247,7,126,2,offspring:2
0,reproduce,Lizard,492,2,6,379,4,offspring:2
0,reproduce,Lizard,493,110,5,224,5,offspring:2
0,reproduce,Lizard,496,193,5,207,5,offspring:2
0,reproduce,Camel,503,198,3,175,9,offspring:1
0,reproduce,Camel,505,64,6,364,8,offspring:1
0,reproduce,Camel,509,66,5,365,3,offspring:1
0,reproduce,Camel,511,62,5,365,2,offspring:1
0,reproduce,Camel,533,337,5,111,5,offspring:1
0,reproduce,Penguin,543,510,9,254,8,offspring:1
0,reproduce,Penguin,549,226,7,268,4,offspring:1
0,reproduce,Penguin,554,229,3,264,2,offspring:1
0,reproduce,Penguin,562,22,7,290,2,offspring:1
0,reproduce,Penguin,569,385,5,277,5,offspring:1
0,reproduce,Musk Ox,578,98,4,21,1,offspring:1
0,reproduce,Musk Ox,584,96,1,22,5,offspring:1
0,reproduce,Musk Ox,597,34,8,93,5,offspring:1
0,reproduce,Musk Ox,607,143,2,104,5,offspring:1
0,reproduce,Musk Ox,611,145,0,103,0,offspring:1
0,reproduce,Musk Ox,613,15,2,84,5,offspring:1
0,reproduce,Musk Ox,625,5,6,22,5,offspring:1
0,reproduce,Monkey,635,409,9,246,7,offspring:1
0,reproduce,Monkey,649,449,7,392,0,offspring:1
0,reproduce,Monkey,656,288,6,105,4,offspring:1
0,reproduce,Monkey,658,289,8,104,6,offspring:1
0,reproduce,Monkey,675,257,2,179,5,offspring:1
0,reproduce,Parrot,677,97,8,407,1,offspring:1
0,reproduce,Parrot,679,100,5,408,5,offspring:1
0,reproduce,Parrot,682,139,0,328,0,offspring:1
0,reproduce,Parrot,689,52,6,239,6,offspring:1
0,reproduce,Parrot,692,52,3,239,1,offspring:1
0,reproduce,Parrot,693,52,4,239,5,offspring:1
0,reproduce,Parrot,701,477,2,53,6,offspring:1
0,reproduce,Parrot,704,333,6,479,9,offspring:1
0,reproduce,Tapir,711,31,7,287,6,offspring:1
0,reproduce,Tapir,713,348,5,386,5,offspring:1
0,reproduce,Tapir,728,114,9,499,3,offspring:1
0,reproduce,Tapir,738,240,5,126,5,offspring:1
0,reproduce,Wolf,859,177,3,162,7,offspring:1
0,reproduce,Wolf,868,481,7,180,8,offspring:1
0,reproduce,Wolf,870,42,5,2,5,offspring:1
0,reproduce,Fox,882,67,5,469,5,offspring:1
0,reproduce,Crocodile,898,165,5,16,5,offspring:1
0,reproduce,Crocodile,902,160,5,292,5,offspring:1
0,reproduce,Shark,906,180,5,198,5,offspring:1
0,reproduce,Boar,917,317,5,31,5,offspring:2
0,reproduce,Hawk,927,42,5,97,5,offspring:1
0,reproduce,Hawk,934,45,5,430,5,offspring:1
0,reproduce,Snake,950,379,5,471,5,offspring:1
0,reproduce,Polar Bear,957,504,5,257,5,offspring:1
0,reproduce,Arctic Fox,962,134,5,93,5,offspring:1
1,hunt_start,Sectid,35,206,9,218,0,target:Lizard:1051
1,hunt_start,Sectid,44,133,7,90,8,target:Arctic Fox:1100
1,hunt_start,Crocodile,902,160,5,292,5,target:Sectid:32
1,hunt_start,Wolf,1088,481,6,181,8,target:Rabbit:168
1,hunt_start,Crocodile,1092,162,5,292,8,target:Sectid:32
1,hunt_start,Hawk,1096,45,0,96,8,target:Rabbit:229
1,hunt_start,Polar Bear,1099,503,5,255,2,target:Penguin:536
1,hunt_start,Arctic Fox,1100,135,7,90,1,target:Sectid:45
1,reproduce,Penguin,570,386,0,276,3,offspring:1
1,reproduce,Penguin,573,384,2,276,4,offspring:1
1,reproduce,Musk Ox,605,145,6,103,6,offspring:1
5,hunt_start,Sectid,51,354,0,31,6,target:Snake:948
5,reproduce,Elk,449,20,2,319,4,offspring:1
5,reproduce,Boar,914,12,4,374,5,offspring:2
6,hunt_start,Sectid,51,354,1,31,4,target:Snake:948
6,reproduce,Penguin,555,225,6,265,5,offspring:1
7,hunt_start,Sectid,51,354,0,31,2,target:Snake:948
8,hunt_start,Sectid,51,354,1,31,1,target:Snake:948
8,reproduce,Elk,444,17,8,320,5,offspring:1
9,hunt_start,Sectid,51,354,0,31,2,target:Snake:948
9,reproduce,Tapir,731,114,1,499,0,offspring:1
10,hunt_start,Sectid,51,353,8,31,3,target:Snake:948
10,spore_created,Shroomer,-1,519,7,155,2,
10,spore_created,Shroomer,-1,511,2,159,4,
11,hunt_start,Sectid,47,358,3,34,0,target:Snake:948
11,hunt_start,Sectid,51,353,8,31,2,target:Snake:948
12,hunt_start,Sectid,50,358,0,31,4,target:Snake:948
12,hunt_start,Sectid,51,353,6,31,2,target:Snake:948
13,hunt_start,Sectid,51,353,5,31,1,target:Snake:948
13,reproduce,Elk,453,470,7,308,4,offspring:1
14,hunt_start,Sectid,51,353,3,31,0,target:Snake:948
15,hunt_start,Sectid,51,353,1,31,0,target:Snake:948
15,hunt_start,Sectid,72,444,1,11,2,target:Fox:889
16,hunt_start,Sectid,51,353,3,30,9,target:Snake:948
17,hunt_start,Sectid,51,353,2,30,7,target:Snake:948
17,reproduce,Elk,395,460,5,502,5,offspring:1
17,reproduce,Parrot,678,98,4,406,7,offspring:1
18,hunt_start,Sectid,51,353,3,30,5,target:Snake:948
19,hunt_start,Sectid,51,353,3,30,4,target:Snake:948
19,reproduce,Parrot,685,9,6,413,9,offspring:1
20,hunt_start,Sectid,51,353,2,30,5,target:Snake:948
20,reproduce,Fish,264,96,8,190,7,offspring:2
20,reproduce,Elk,391,459,4,501,7,offspring:1
21,hunt_start,Sectid,51,353,0,30,5,target:Snake:948
22,hunt_start,Sectid,51,352,8,30,4,target:Snake:948
22,hunt_start,Fox,889,438,9,2,3,target:Sectid:72
22,reproduce,Fish,284,241,6,411,7,offspring:2
23,hunt_start,Sectid,51,352,8,30,6,target:Snake:948
24,hunt_start,Sectid,51,352,8,30,8,target:Snake:948
25,hunt_start,Sectid,51,352,6,30,9,target:Snake:948
25,reproduce,Penguin,576,385,3,276,7,offspring:1
25,reproduce,Tapir,706,76,9,185,5,offspring:1
26,hunt_start,Sectid,51,352,5,31,0,target:Snake:948
27,hunt_start,Sectid,51,352,4,31,1,target:Snake:948
27,reproduce,Deer,126,46,2,364,4,offspring:1
28,hunt_start,Sectid,51,352,3,31,0,target:Snake:948
28,reproduce,Elk,409,230,2,164,3,offspring:1
29,hunt_start,Sectid,51,352,3,31,2,target:Snake:948
30,hunt_start,Sectid,51,352,3,31,4,target:Snake:948
31,hunt_start,Sectid,51,352,2,31,3,target:Snake:948
31,reproduce,Penguin,563,20,2,287,8,offspring:1
32,hunt_start,Sectid,51,352,0,31,4,target:Snake:948
32,reproduce,Rabbit,220,459,5,144,5,offspring:2
33,hunt_start,Sectid,51,351,8,31,5,target:Snake:948
34,hunt_start,Sectid,51,352,0,31,6,target:Snake:948
34,reproduce,Deer,117,140,8,311,4,offspring:1
34,reproduce,Elk,452,471,3,310,4,offspring:1
35,hunt_start,Sectid,51,351,8,31,6,target:Snake:948
36,hunt_start,Sectid,51,351,7,31,4,target:Snake:948
37,hunt_start,Sectid,51,351,5,31,5,target:Snake:948
37,reproduce,Musk Ox,598,36,9,92,5,offspring:1
38,hunt_start,Sectid,51,351,7,31,7,target:Snake:948
39,hunt_start,Sectid,51,351,6,31,5,target:Snake:948
39,reproduce,Tapir,741,241,5,125,7,offspring:1
40,hunt_start,Sectid,51,351,4,31,5,target:Snake:948
41,hunt_start,Sectid,51,351,3,31,7,target:Snake:948
42,hunt_start,Sectid,51,351,1,31,8,target:Snake:948
43,hunt_start,Sectid,51,351,0,31,9,target:Snake:948
44,hunt_start,Sectid,51,350,8,31,8,target:Snake:948
44,reproduce,Frog,351,157,7,386,7,offspring:2
44,reproduce,Musk Ox,626,4,8,22,8,offspring:1
45,hunt_start,Sectid,51,350,7,32,0,target:Snake:948
46,hunt_start,Sectid,51,350,6,32,0,target:Snake:948
46,reproduce,Monkey,650,449,3,394,1,offspring:1
47,hunt_start,Sectid,51,350,4,32,0,target:Snake:948
47,spore_created,Shroomer,-1,46,2,163,8,
47,spore_created,Shroomer,-1,46,8,167,7,
48,hunt_start,Sectid,51,350,3,32,2,target:Snake:948
48,hunt_fail,Fox,884,190,4,210,1,discomfort
48,hunt_start,Snake,946,125,5,433,5,target:Lizard:470
48,reproduce,Lizard,479,511,3,480,9,offspring:2
49,hunt_start,Sectid,51,350,4,32,3,target:Snake:948
50,hunt_start,Sectid,51,350,4,32,5,target:Snake:948
51,hunt_start,Sectid,48,357,5,27,9,target:Snake:948
51,hunt_start,Sectid,51,350,2,32,5,target:Snake:948
51,reproduce,Elk,436,127,9,392,5,offspring:1
52,hunt_start,Sectid,51,350,0,32,5,target:Snake:948
53,hunt_start,Sectid,51,349,8,32,5,target:Snake:948
54,hunt_start,Sectid,51,349,8,32,7,target:Snake:948
55,hunt_start,Sectid,51,349,7,32,9,target:Snake:948
55,reproduce,Elk,451,470,9,310,0,offspring:1
56,hunt_start,Sectid,51,349,8,33,1,target:Snake:948
57,hunt_start,Sectid,51,349,8,32,9,target:Snake:948
58,hunt_start,Sectid,51,349,6,33,1,target:Snake:948
58,hunt_start,Sectid,66,22,9,227,1,target:Wolf:876
59,hunt_start,Sectid,51,349,6,33,3,target:Snake:948
59,hunt_fail,Fox,895,281,2,192,7,discomfort
60,hunt_start,Sectid,51,349,4,33,3,target:Snake:948
60,spore_created,Shroomer,-1,484,5,66,4,
60,spore_created,Shroomer,-1,477,7,70,7,
61,hunt_start,Sectid,51,349,2,33,2,target:Snake:948
61,reproduce,Deer,155,415,7,425,3,offspring:1
61,reproduce,Musk Ox,604,355,2,185,3,offspring:1
61,reproduce,Monkey,648,452,8,393,9,offspring:1
62,hunt_start,Sectid,51,349,0,33,1,target:Snake:948
62,reproduce,Monkey,636,164,8,253,5,offspring:1
63,hunt_start,Sectid,51,349,1,33,3,target:Snake:948
63,reproduce,Tapir,748,126,5,224,5,offspring:1
64,hunt_start,Sectid,51,349,1,33,1,target:Snake:948
65,hunt_start,Sectid,51,349,0,33,2,target:Snake:948
65,reproduce,Fish,295,35,6,322,4,offspring:2
66,hunt_start,Sectid,51,348,8,33,3,target:Snake:948
67,hunt_start,Sectid,42,130,0,97,0,target:Rabbit:223
67,hunt_start,Sectid,51,348,9,33,5,target:Snake:948
67,spore_created,Shroomer,-1,493,3,-0,8,
67,spore_created,Shroomer,-1,499,6,2,7,
68,hunt_start,Sectid,51,348,7,33,5,target:Snake:948
69,hunt_start,Sectid,51,348,8,33,7,target:Snake:948
69,reproduce,Lizard,478,288,0,486,3,offspring:2
70,hunt_start,Sectid,51,348,8,33,9,target:Snake:948
71,hunt_start,Sectid,51,348,6,33,8,target:Snake:948
72,hunt_start,Sectid,51,348,4,33,8,target:Snake:948
72,reproduce,Tapir,724,298,0,107,8,offspring:1
73,hunt_start,Sectid,51,348,4,34,0,target:Snake:948
73,hunt_fail,Crocodile,902,159,9,289,7,discomfort
73,reproduce,Parrot,698,72,6,396,7,offspring:1
74,hunt_start,Sectid,51,348,3,34,1,target:Snake:948
75,hunt_start,Sectid,51,348,2,33,9,target:Snake:948
76,hunt_start,Sectid,51,348,1,33,8,target:Snake:948
77,hunt_start,Sectid,51,347,9,33,8,target:Snake:948
78,hunt_start,Sectid,51,347,9,34,0,target:Snake:948
78,reproduce,Elk,419,56,1,208,9,offspring:1
78,reproduce,Monkey,627,28,8,284,2,offspring:1
79,hunt_start,Sectid,51,347,9,33,8,target:Snake:948
79,reproduce,Deer,124,45,7,365,4,offspring:1
80,hunt_start,Sectid,51,347,7,33,8,target:Snake:948
80,hunt_start,Sectid,71,441,8,12,4,target:Fox:889
81,hunt_start,Sectid,51,347,6,34,0,target:Snake:948
81,kill,Sectid,45,142,6,91,6,killed_by:Arctic Fox:1100
82,hunt_start,Sectid,51,347,4,34,0,target:Snake:948
82,hunt_start,Hawk,927,42,9,97,7,target:Rabbit:229
82,hunt_fail,Arctic Fox,962,141,7,92,3,target_died
82,hunt_start,Arctic Fox,962,141,7,92,3,target:Sectid:43
82,hunt_start,Arctic Fox,1100,142,2,91,9,target:Sectid:43
83,hunt_start,Sectid,51,347,4,33,8,target:Snake:948
83,hunt_start,Sectid,73,440,6,10,5,target:Fox:889
83,reproduce,Monkey,645,425,8,337,2,offspring:1
83,reproduce,Parrot,690,51,6,236,2,offspring:1
84,hunt_start,Sectid,51,347,3,33,7,target:Snake:948
84,reproduce,Tapir,716,351,0,385,9,offspring:1
85,hunt_start,Sectid,51,347,3,33,9,target:Snake:948
85,hunt_start,Sectid,74,441,2,10,4,target:Fox:889
86,hunt_start,Sectid,51,347,1,33,9,target:Snake:948
87,hunt_start,Sectid,51,346,9,33,8,target:Snake:948
87,reproduce,Deer,154,414,5,426,2,offspring:1
88,hunt_start,Sectid,51,347,0,33,6,target:Snake:948
89,hunt_start,Sectid,51,346,9,33,4,target:Snake:948
89,kill,Penguin,562,21,0,280,8,killed_by:Hawk:929
89,reproduce,Hawk,929,20,9,281,1,offspring:1
90,hunt_start,Sectid,51,346,7,33,3,target:Snake:948
90,hunt_start,Hawk,562,21,1,279,7,target:Penguin:1125
90,hunt_start,Hawk,929,20,9,281,0,target:Penguin:1125
90,reproduce,Lizard,458,410,4,435,2,offspring:2
91,hunt_start,Sectid,50,358,1,31,4,target:Snake:948
91,hunt_start,Sectid,51,346,6,33,1,target:Snake:948
92,hunt_start,Sectid,51,346,6,33,3,target:Snake:948
93,hunt_start,Sectid,51,346,5,33,2,target:Snake:948
93,reproduce,Crocodile,900,430,8,292,6,offspring:1
94,hunt_start,Sectid,51,346,4,33,0,target:Snake:948
95,hunt_start,Sectid,51,346,2,33,0,target:Snake:948
96,hunt_start,Sectid,51,346,2,33,2,target:Snake:948
97,hunt_start,Sectid,51,346,3,33,0,target:Snake:948
98,hunt_start,Sectid,51,346,3,32,8,target:Snake:948
99,hunt_start,Sectid,51,346,1,32,8,target:Snake:948
100,hunt_start,Sectid,51,346,0,32,7,target:Snake:948
100,kill,Rabbit,215,248,0,115,5,killed_by:Arctic Fox:959
100,reproduce,Arctic Fox,959,248,1,115,9,offspring:1
101,hunt_start,Sectid,51,346,0,32,5,target:Snake:948
101,hunt_start,Arctic Fox,215,248,2,113,6,target:Rabbit:214
101,hunt_start,Arctic Fox,959,248,1,115,8,target:Rabbit:214
102,hunt_start,Sectid,51,345,8,32,5,target:Snake:948
103,hunt_start,Sectid,51,345,9,32,3,target:Snake:948
104,hunt_start,Sectid,51,345,7,32,3,target:Snake:948
105,hunt_start,Sectid,51,345,5,32,3,target:Snake:948
105,kill,Rabbit,189,402,0,498,6,killed_by:Sectid:60
106,hunt_start,Sectid,51,345,5,32,5,target:Snake:948
106,hunt_fail,Sectid,59,401,4,497,9,target_died
106,hunt_start,Sectid,59,401,4,497,9,target:Rabbit:188
106,hunt_fail,Sectid,61,401,7,498,2,target_died
106,hunt_fail,Sectid,63,402,1,498,3,target_died
107,hunt_start,Sectid,51,345,5,32,3,target:Snake:948
108,hunt_start,Sectid,51,345,4,32,5,target:Snake:948
109,hunt_start,Sectid,51,345,2,32,6,target:Snake:948
109,hunt_fail,Polar Bear,957,510,7,253,9,discomfort
110,hunt_start,Sectid,51,345,1,32,7,target:Snake:948
111,hunt_start,Sectid,51,344,9,32,8,target:Snake:948
112,hunt_start,Sectid,51,344,8,32,6,target:Snake:948
112,hunt_start,Jaguar,971,97,8,420,6,target:Parrot:678
113,hunt_start,Sectid,51,344,7,32,4,target:Snake:948
113,reproduce,Tapir,709,73,9,185,8,offspring:1
114,hunt_start,Sectid,13,18,8,288,1,target:Penguin:561
114,hunt_fail,Sectid,39,197,2,207,3,discomfort
114,hunt_start,Sectid,51,344,5,32,4,target:Snake:948
114,reproduce,Rabbit,210,245,1,117,8,offspring:2
115,hunt_start,Sectid,51,344,5,32,2,target:Snake:948
116,hunt_start,Sectid,51,344,3,32,0,target:Snake:948
116,kill,Sectid,43,138,7,97,3,killed_by:Hawk:928
117,hunt_start,Sectid,51,344,3,32,2,target:Snake:948
117,hunt_start,Hawk,928,138,5,97,5,target:Sectid:41
117,hunt_fail,Arctic Fox,962,139,9,95,8,target_died
117,hunt_start,Arctic Fox,962,139,9,95,8,target:Sectid:41
117,hunt_fail,Arctic Fox,1100,140,4,95,1,target_died
117,hunt_start,Arctic Fox,1100,140,4,95,1,target:Sectid:41
117,reproduce,Monkey,640,168,6,255,3,offspring:1
118,hunt_start,Sectid,51,344,2,32,1,target:Snake:948
119,hunt_start,Sectid,51,344,0,32,0,target:Snake:948
120,hunt_start,Sectid,51,344,1,32,2,target:Snake:948
120,hunt_fail,Wolf,878,352,0,469,6,discomfort
121,hunt_start,Sectid,51,344,2,32,0,target:Snake:948
121,reproduce,Deer,131,200,7,15,0,offspring:1
122,hunt_start,Sectid,51,344,1,32,2,target:Snake:948
123,hunt_start,Sectid,51,344,0,32,1,target:Snake:948
123,hunt_fail,Wolf,865,133,4,439,9,discomfort
123,reproduce,Fish,293,32,6,322,9,offspring:2
124,environment_death,Fish,302,356,6,286,0,suffocation
124,hunt_start,Sectid,51,343,8,32,2,target:Snake:948
125,hunt_start,Sectid,51,343,6,32,3,target:Snake:948
125,hunt_start,Fox,896,244,3,299,9,target:Frog:324
126,hunt_start,Sectid,51,343,7,32,5,target:Snake:948
126,hunt_start,Fox,882,68,0,468,6,target:Frog:313
127,hunt_start,Sectid,51,343,6,32,3,target:Snake:948
128,hunt_start,Sectid,51,343,7,32,1,target:Snake:948
128,reproduce,Camel,523,415,6,362,9,offspring:1
129,hunt_start,Sectid,51,343,7,31,9,target:Snake:948
129,hunt_fail,Wolf,864,134,1,440,6,discomfort
130,hunt_start,Sectid,51,343,5,31,9,target:Snake:948
130,kill,Rabbit,168,468,7,175,5,killed_by:Wolf:868
130,spore_matured,Shroomer,-1,519,7,155,2,
130,reproduce,Shroomer,-1,519,7,155,2,offspring:1
131,hunt_start,Sectid,51,343,4,32,1,target:Snake:948
131,hunt_fail,Wolf,866,470,4,175,7,prey_escaped
131,hunt_start,Wolf,866,470,4,175,7,target:Rabbit:171
131,hunt_fail,Wolf,867,469,2,175,5,prey_escaped
131,hunt_fail,Wolf,869,468,8,175,0,prey_escaped
131,hunt_fail,Wolf,1088,469,8,176,1,prey_escaped
131,hunt_start,Wolf,1088,469,8,176,1,target:Rabbit:171
131,reproduce,Monkey,630,30,5,283,4,offspring:1
132,hunt_start,Sectid,51,343,3,32,3,target:Snake:948
132,hunt_fail,Wolf,877,351,9,469,4,discomfort
133,hunt_start,Sectid,51,343,3,32,1,target:Snake:948
133,reproduce,Frog,319,109,4,266,4,offspring:2
134,hunt_start,Sectid,51,343,4,31,9,target:Snake:948
135,hunt_start,Sectid,51,343,2,32,0,target:Snake:948
135,hunt_fail,Wolf,862,134,7,439,7,discomfort
136,hunt_start,Sectid,51,343,1,31,9,target:Snake:948
136,kill,Rabbit,214,246,6,113,6,killed_by:Arctic Fox:959
137,environment_death,Fish,304,152,0,389,6,suffocation
137,hunt_start,Sectid,51,343,1,32,1,target:Snake:948
137,hunt_fail,Arctic Fox,215,247,1,113,6,target_died
137,hunt_start,Arctic Fox,215,247,1,113,6,target:Rabbit:212
137,hunt_start,Arctic Fox,959,246,8,113,8,target:Rabbit:212
138,environment_death,Fish,274,358,4,347,3,suffocation
138,hunt_start,Sectid,51,343,0,31,9,target:Snake:948
138,reproduce,Frog,331,353,6,407,8,offspring:2
139,hunt_start,Sectid,51,343,1,31,7,target:Snake:948
140,environment_death,Fish,278,357,4,348,2,suffocation
140,hunt_start,Sectid,51,343,0,31,9,target:Snake:948
140,hunt_fail,Wolf,863,133,2,439,7,discomfort
140,reproduce,Fish,268,391,5,351,8,offspring:2
140,reproduce,Fish,273,392,9,352,2,offspring:2
140,reproduce,Fish,275,358,6,349,0,offspring:2
140,reproduce,Fish,276,360,9,347,1,offspring:2
141,environment_death,Fish,284,242,5,413,2,suffocation
141,environment_death,Fish,306,152,0,388,6,suffocation
141,hunt_start,Sectid,51,343,0,31,7,target:Snake:948
141,hunt_start,Jaguar,973,346,9,351,7,target:Fish:1174
141,reproduce,Lizard,472,395,7,508,4,offspring:2
142,environment_death,Fish,300,356,3,287,2,suffocation
142,hunt_start,Sectid,51,342,8,31,8,target:Snake:948
142,reproduce,Elk,397,459,2,496,8,offspring:1
143,hunt_start,Sectid,51,342,7,31,9,target:Snake:948
143,kill,Sectid,72,447,8,10,5,killed_by:Fox:889
144,hunt_start,Sectid,51,342,6,31,8,target:Snake:948
144,hunt_start,Fox,889,447,6,10,1,target:Sectid:75
145,hunt_start,Sectid,35,196,6,205,1,target:Fox:884
145,hunt_start,Sectid,51,342,6,31,6,target:Snake:948
145,reproduce,Fish,288,243,3,412,8,offspring:2
146,hunt_start,Sectid,36,198,4,208,2,target:Fox:884
146,hunt_start,Sectid,51,342,5,31,8,target:Snake:948
147,hunt_start,Sectid,51,342,6,31,6,target:Snake:948
147,hunt_start,Sectid,66,15,8,229,7,target:Wolf:876
147,reproduce,Fish,308,155,9,383,8,offspring:2
148,hunt_start,Sectid,51,342,4,31,5,target:Snake:948
148,hunt_start,Sectid,69,17,0,229,2,target:Wolf:876
148,kill,Frog,349,62,7,262,0,killed_by:Hawk:932
149,hunt_start,Sectid,51,342,3,31,4,target:Snake:948
149,hunt_start,Hawk,932,62,5,261,8,target:Frog:348
150,hunt_start,Sectid,51,342,2,31,6,target:Snake:948
151,hunt_start,Sectid,51,342,1,31,7,target:Snake:948
152,hunt_start,Sectid,51,342,0,31,9,target:Snake:948
153,environment_death,Fish,289,243,5,414,0,suffocation
153,hunt_start,Sectid,11,18,7,288,8,target:Penguin:561
153,hunt_start,Sectid,51,341,8,31,8,target:Snake:948
153,reproduce,Elk,392,459,9,501,4,offspring:1
154,hunt_start,Sectid,14,17,3,285,9,target:Penguin:561
154,hunt_start,Sectid,51,341,7,31,7,target:Snake:948
154,reproduce,Fish,286,245,5,409,9,offspring:2
154,reproduce,Lizard,471,394,0,509,6,offspring:2
155,hunt_start,Sectid,51,341,5,31,7,target:Snake:948
155,kill,Penguin,1125,21,7,286,7,killed_by:Hawk:929
156,hunt_start,Sectid,51,341,5,31,9,target:Snake:948
156,hunt_fail,Hawk,562,21,3,286,8,target_died
156,hunt_start,Hawk,562,21,3,286,8,target:Sectid:13
156,hunt_start,Hawk,929,21,7,287,0,target:Sectid:13
157,hunt_start,Sectid,51,341,4,31,9,target:Snake:948
157,kill,Frog,337,291,3,54,5,killed_by:Hawk:936
158,hunt_start,Sectid,51,341,2,32,0,target:Snake:948
158,kill,Rabbit,171,467,8,178,2,killed_by:Wolf:867
158,hunt_start,Hawk,936,291,5,54,5,target:Frog:338
159,hunt_start,Sectid,51,341,3,32,2,target:Snake:948
159,hunt_fail,Wolf,866,468,3,176,8,target_died
159,hunt_fail,Wolf,868,467,1,177,8,target_died
159,hunt_start,Wolf,868,467,1,177,8,target:Rabbit:169
159,hunt_fail,Wolf,869,467,3,177,3,target_died
159,hunt_fail,Wolf,1088,467,9,177,2,target_died
159,hunt_start,Wolf,1088,467,9,177,2,target:Rabbit:169
160,hunt_start,Sectid,51,341,2,32,0,target:Snake:948
161,hunt_start,Sectid,51,341,0,32,0,target:Snake:948
161,reproduce,Tapir,732,266,7,258,1,offspring:1
162,environment_death,Fish,287,244,8,414,0,suffocation
162,hunt_start,Sectid,51,341,1,32,2,target:Snake:948
162,reproduce,Jaguar,972,272,1,468,4,offspring:1
163,hunt_start,Sectid,51,341,2,32,4,target:Snake:948
163,kill,Rabbit,229,40,5,111,0,killed_by:Hawk:927
163,reproduce,Elk,440,131,1,393,7,offspring:1
164,environment_death,Fish,305,152,3,388,2,suffocation
164,hunt_start,Sectid,51,341,1,32,5,target:Snake:948
164,hunt_start,Hawk,927,40,0,110,3,target:Rabbit:230
164,hunt_start,Polar Bear,958,264,9,424,7,target:Lizard:487
164,hunt_fail,Hawk,1096,40,0,110,8,target_died
164,hunt_start,Hawk,1096,40,0,110,8,target:Rabbit:230
165,hunt_start,Sectid,51,341,1,32,7,target:Snake:948
166,hunt_start,Sectid,51,341,0,32,9,target:Snake:948
167,hunt_start,Sectid,51,340,8,32,9,target:Snake:948
167,reproduce,Deer,130,200,0,15,7,offspring:1
168,hunt_start,Sectid,51,340,8,33,1,target:Snake:948
169,hunt_start,Sectid,51,340,7,33,3,target:Snake:948
170,hunt_start,Sectid,51,340,6,33,4,target:Snake:948
171,hunt_start,Sectid,48,357,6,28,3,target:Lizard:481
171,hunt_start,Sectid,51,340,4,33,3,target:Snake:948
171,reproduce,Frog,323,235,4,303,2,offspring:2
172,hunt_start,Sectid,51,340,2,33,3,target:Snake:948
172,kill,Sectid,41,133,8,94,0,killed_by:Arctic Fox:1100
173,hunt_start,Sectid,51,340,2,33,5,target:Snake:948
173,hunt_fail,Hawk,928,133,6,94,1,target_died
173,hunt_start,Hawk,928,133,6,94,1,target:Sectid:44
173,hunt_fail,Arctic Fox,962,134,0,94,1,target_died
173,hunt_start,Arctic Fox,962,134,0,94,1,target:Sectid:44
173,hunt_start,Arctic Fox,1100,134,4,94,0,target:Sectid:44
173,hunt_start,Boar,1105,10,0,374,6,target:Lizard:1048
174,hunt_start,Sectid,51,340,3,33,6,target:Snake:948
174,reproduce,Lizard,488,246,3,416,7,offspring:2
175,environment_death,Fish,303,355,3,285,9,suffocation
175,hunt_start,Sectid,51,340,3,33,8,target:Snake:948
175,reproduce,Boar,913,491,4,423,8,offspring:2
176,hunt_start,Sectid,51,340,2,34,0,target:Snake:948
176,kill,Rabbit,169,467,1,175,9,killed_by:Wolf:867
176,hunt_fail,Snake,948,341,8,32,5,discomfort
177,environment_death,Fish,301,356,0,276,6,suffocation
177,hunt_start,Sectid,51,340,1,33,8,target:Snake:948
177,hunt_fail,Wolf,866,467,4,175,5,target_died
177,hunt_start,Wolf,866,467,4,175,5,target:Rabbit:170
177,hunt_fail,Wolf,868,467,1,177,2,target_died
177,hunt_fail,Wolf,869,466,9,175,9,target_died
177,hunt_fail,Wolf,1088,467,5,176,1,target_died
177,hunt_start,Wolf,1088,467,5,176,1,target:Rabbit:170
177,reproduce,Musk Ox,614,14,4,83,0,offspring:1
178,hunt_start,Sectid,51,340,2,34,0,target:Snake:948
179,hunt_start,Sectid,51,340,1,34,1,target:Snake:948
179,reproduce,Elk,410,227,8,165,2,offspring:1
180,hunt_start,Sectid,51,339,9,34,1,target:Snake:948
181,hunt_start,Sectid,51,339,8,33,9,target:Snake:948
182,hunt_start,Sectid,51,339,6,34,0,target:Snake:948
182,hunt_start,Hawk,931,489,7,474,2,target:Frog:317
182,spore_matured,Shroomer,-1,511,8,159,9,
182,reproduce,Shroomer,-1,511,8,159,9,offspring:1
183,environment_death,Fish,275,358,3,348,9,suffocation
183,hunt_start,Sectid,51,339,5,33,9,target:Snake:948
184,hunt_start,Sectid,51,339,3,33,8,target:Snake:948
184,hunt_fail,Arctic Fox,962,133,7,93,2,discomfort
184,kill,Penguin,536,512,0,248,3,killed_by:Polar Bear:1099
184,reproduce,Wolf,861,180,8,160,0,offspring:1
185,hunt_start,Sectid,51,339,1,33,9,target:Snake:948
185,kill,Rabbit,212,248,0,115,7,killed_by:Arctic Fox:215
185,hunt_start,Polar Bear,1099,511,7,248,9,target:Penguin:543
186,hunt_start,Sectid,51,339,0,34,0,target:Snake:948
186,hunt_start,Arctic Fox,215,247,7,115,5,target:Rabbit:211
186,hunt_fail,Arctic Fox,959,247,5,115,8,target_died
186,hunt_start,Arctic Fox,959,247,5,115,8,target:Rabbit:210
187,hunt_start,Sectid,51,338,9,34,2,target:Snake:948
187,hunt_start,Sectid,68,17,3,227,1,target:Wolf:876
187,kill,Sectid,13,19,0,287,5,killed_by:Hawk:562
188,environment_death,Shroomer,774,351,4,469,9,drowning
188,hunt_start,Sectid,51,338,7,34,3,target:Snake:948
188,hunt_start,Hawk,562,19,2,287,5,target:Sectid:14
188,hunt_fail,Hawk,929,19,3,287,1,target_died
188,hunt_start,Hawk,929,19,3,287,1,target:Sectid:14
189,hunt_start,Sectid,51,338,7,34,5,target:Snake:948
190,hunt_start,Sectid,51,338,7,34,3,target:Snake:948
191,hunt_start,Sectid,51,338,8,34,5,target:Snake:948
191,reproduce,Rabbit,238,307,8,37,8,offspring:2
192,hunt_start,Sectid,51,338,6,34,5,target:Snake:948
193,hunt_start,Sectid,51,338,5,34,3,target:Snake:948
194,hunt_start,Sectid,51,338,3,34,3,target:Snake:948
194,reproduce,Elk,426,68,7,259,1,offspring:1
195,hunt_start,Sectid,51,338,3,34,1,target:Snake:948
196,hunt_start,Sectid,51,338,2,34,3,target:Snake:948
197,hunt_start,Sectid,51,338,0,34,3,target:Snake:948
197,hunt_start,Jaguar,970,422,1,131,4,target:Shroomer:845
198,kill,Rabbit,223,127,3,105,7,killed_by:Sectid:42
198,hunt_start,Sectid,51,337,9,34,4,target:Snake:948
199,hunt_start,Sectid,42,127,1,105,3,target:Rabbit:226
199,hunt_start,Sectid,51,337,7,34,6,target:Snake:948
199,hunt_start,Hawk,1097,39,7,432,2,target:Sectid:56
199,reproduce,Tapir,733,269,7,257,6,offspring:1
200,environment_death,Lizard,495,193,2,198,1,drowning
200,hunt_start,Sectid,51,337,7,34,6,target:Snake:948
200,hunt_start,Sectid,71,441,2,11,7,target:Fox:889
201,hunt_start,Sectid,51,337,7,34,6,target:Snake:948
201,hunt_start,Sectid,74,437,5,11,3,target:Fox:889
202,hunt_start,Sectid,51,337,7,34,6,target:Snake:948
202,reproduce,Parrot,686,8,8,412,4,offspring:1
203,hunt_start,Sectid,51,337,7,34,6,target:Snake:948
204,hunt_start,Sectid,51,337,7,34,6,target:Snake:948
205,hunt_start,Sectid,51,337,7,34,6,target:Snake:948
206,hunt_start,Sectid,51,337,7,34,6,target:Snake:948
206,reproduce,Deer,147,330,6,382,8,offspring:1
207,hunt_start,Sectid,51,337,7,34,6,target:Snake:948
208,hunt_start,Sectid,51,337,7,34,6,target:Snake:948
209,environment_death,Lizard,496,191,2,203,1,drowning
209,hunt_start,Sectid,51,337,7,34,6,target:Snake:948
209,reproduce,Monkey,634,411,9,246,3,offspring:1
210,environment_death,Fish,279,359,7,347,1,suffocation
210,hunt_start,Sectid,51,337,7,34,6,target:Snake:948
210,kill,Rabbit,230,40,3,111,8,killed_by:Hawk:1096
210,reproduce,Lizard,480,509,4,481,6,offspring:2
211,environment_death,Fish,290,242,9,414,0,suffocation
211,hunt_start,Sectid,51,337,7,34,6,target:Snake:948
211,hunt_start,Wolf,878,354,8,469,4,target:Shroomer:773
211,hunt_fail,Hawk,927,40,1,111,5,prey_escaped
212,environment_death,Fish,282,361,0,345,6,suffocation
212,hunt_start,Sectid,51,337,7,34,6,target:Snake:948
213,hunt_start,Sectid,51,337,7,34,6,target:Snake:948
214,environment_death,Fish,281,356,1,349,0,suffocation
214,hunt_start,Sectid,51,337,7,34,6,target:Snake:948
215,hunt_start,Sectid,51,337,7,34,6,target:Snake:948
215,hunt_start,Crocodile,1091,166,8,15,4,target:Shroomer:857
216,hunt_start,Sectid,51,337,7,34,6,target:Snake:948
217,hunt_start,Sectid,51,337,7,34,6,target:Snake:948
217,reproduce,Frog,314,76,4,459,4,offspring:2
218,hunt_start,Sectid,51,337,7,34,6,target:Snake:948
218,hunt_start,Fox,892,479,9,397,5,target:Frog:345
219,hunt_start,Sectid,51,337,7,34,6,target:Snake:948
219,spore_matured,Shroomer,-1,46,2,163,8,
219,reproduce,Shroomer,-1,46,2,163,8,offspring:1
219,spore_matured,Shroomer,-1,46,7,167,7,
219,reproduce,Shroomer,-1,46,7,167,7,offspring:1
220,hunt_start,Sectid,51,337,7,34,6,target:Snake:948
221,hunt_start,Sectid,51,337,7,34,6,target:Snake:948
221,kill,Sectid,14,19,6,287,8,killed_by:Hawk:929
221,reproduce,Lizard,494,112,0,230,1,offspring:2
221,reproduce,Monkey,643,425,2,333,9,offspring:1
222,hunt_start,Sectid,51,337,7,34,6,target:Snake:948
222,hunt_fail,Hawk,562,19,7,287,7,prey_escaped
222,hunt_start,Hawk,562,19,7,287,7,target:Sectid:11
222,hunt_start,Hawk,929,19,5,287,4,target:Sectid:11
223,environment_death,Fish,298,351,1,285,0,suffocation
223,hunt_start,Sectid,51,337,7,34,6,target:Snake:948
223,hunt_start,Sectid,57,24,6,438,9,target:Hawk:1097
224,hunt_start,Sectid,51,337,7,34,6,target:Snake:948
225,hunt_start,Sectid,51,337,7,34,6,target:Snake:948
225,hunt_start,Sectid,53,20,0,434,9,target:Hawk:1097
225,hunt_start,Wolf,862,138,3,440,1,target:Lizard:469
225,hunt_start,Wolf,876,14,6,234,3,target:Sectid:69
225,reproduce,Monkey,637,168,2,250,9,offspring:1
226,hunt_start,Sectid,51,337,7,34,6,target:Snake:948
227,hunt_start,Sectid,51,337,7,34,6,target:Snake:948
227,hunt_start,Sectid,69,16,1,230,0,target:Wolf:876
228,hunt_start,Sectid,51,337,7,34,6,target:Snake:948
229,hunt_start,Sectid,51,337,7,34,6,target:Snake:948
230,hunt_start,Sectid,51,337,7,34,6,target:Snake:948
231,environment_death,Fish,307,151,9,388,9,suffocation
231,hunt_start,Sectid,51,337,7,34,6,target:Snake:948
231,kill,Rabbit,170,470,7,171,9,killed_by:Wolf:869
232,hunt_start,Sectid,51,337,7,34,6,target:Snake:948
232,hunt_fail,Wolf,866,468,9,173,6,target_died
232,hunt_fail,Wolf,867,470,6,172,2,target_died
232,hunt_fail,Wolf,868,470,0,172,3,target_died
232,hunt_fail,Wolf,1088,470,6,171,5,target_died
232,spore_matured,Shroomer,-1,484,6,66,4,
232,reproduce,Shroomer,-1,484,6,66,4,offspring:1
233,hunt_start,Sectid,51,337,7,34,6,target:Snake:948
234,hunt_start,Sectid,51,337,7,34,6,target:Snake:948
235,hunt_start,Sectid,51,337,7,34,6,target:Snake:948
236,hunt_start,Sectid,51,337,7,34,6,target:Snake:948
237,hunt_start,Sectid,51,337,7,34,6,target:Snake:948
238,hunt_start,Sectid,51,337,7,34,6,target:Snake:948
239,hunt_start,Sectid,51,337,7,34,6,target:Snake:948
239,reproduce,Fish,285,247,9,409,9,offspring:2
239,spore_matured,Shroomer,-1,492,8,0,0,
239,reproduce,Shroomer,-1,492,8,0,0,offspring:1
239,spore_matured,Shroomer,-1,500,0,2,8,
239,reproduce,Shroomer,-1,500,0,2,8,offspring:1
240,hunt_start,Sectid,51,337,7,34,6,target:Snake:948
240,hunt_start,Sectid,73,440,4,12,2,target:Fox:889
241,hunt_start,Sectid,51,337,7,34,6,target:Snake:948
242,hunt_start,Sectid,51,337,7,34,6,target:Snake:948
242,reproduce,Musk Ox,602,357,4,185,5,offspring:1
243,hunt_start,Sectid,51,337,7,34,6,target:Snake:948
244,hunt_start,Sectid,51,337,7,34,6,target:Snake:948
245,hunt_start,Sectid,51,337,7,34,6,target:Snake:948
245,kill,Frog,324,238,6,303,7,killed_by:Fox:896
246,hunt_start,Sectid,51,337,7,34,6,target:Snake:948
247,hunt_start,Sectid,51,337,7,34,6,target:Snake:948
247,kill,Sectid,11,18,2,288,0,killed_by:Hawk:562
248,hunt_start,Sectid,51,337,7,34,6,target:Snake:948
248,hunt_start,Hawk,562,18,4,288,2,target:Penguin:560
248,kill,Sectid,44,128,5,90,4,killed_by:Hawk:928
248,hunt_fail,Hawk,929,18,6,287,9,target_died
248,hunt_start,Hawk,929,18,6,287,9,target:Penguin:560
249,hunt_start,Sectid,51,337,7,34,6,target:Snake:948
249,hunt_start,Hawk,928,128,8,90,3,target:Lizard:483
249,hunt_start,Hawk,934,39,3,422,0,target:Sectid:55
249,hunt_fail,Arctic Fox,1100,129,6,90,7,target_died
249,hunt_start,Arctic Fox,1100,129,6,90,7,target:Lizard:483
250,hunt_start,Sectid,51,337,7,34,6,target:Snake:948
251,hunt_start,Sectid,51,337,7,34,6,target:Snake:948
251,kill,Rabbit,210,248,0,114,9,killed_by:Arctic Fox:959
252,hunt_start,Arctic Fox,959,247,8,114,6,target:Rabbit:211
252,reproduce,Monkey,673,258,9,182,5,offspring:1
254,environment_death,Fish,288,245,1,414,0,suffocation
254,kill,Penguin,543,512,0,251,2,killed_by:Polar Bear:1099
255,hunt_start,Sectid,57,28,9,436,6,target:Hawk:1097
255,hunt_start,Polar Bear,1099,512,0,250,5,target:Penguin:535
256,reproduce,Fish,262,97,9,191,2,offspring:2
258,reproduce,Parrot,700,474,8,55,5,offspring:1
260,reproduce,Boar,915,197,3,358,6,offspring:2
261,reproduce,Elk,385,191,6,74,5,offspring:1
263,kill,Frog,348,56,3,259,3,killed_by:Hawk:932
263,kill,Rabbit,211,247,3,113,0,killed_by:Arctic Fox:959
264,hunt_start,Sectid,55,28,1,435,2,target:Hawk:1097
264,hunt_fail,Arctic Fox,215,247,2,112,8,target_died
264,hunt_start,Hawk,932,56,1,259,3,target:Frog:1015
265,kill,Frog,338,293,5,53,5,killed_by:Hawk:936
266,environment_death,Fish,297,355,7,286,5,suffocation
266,hunt_start,Hawk,936,293,7,53,6,target:Frog:1008
267,hunt_start,Sectid,66,19,1,231,1,target:Wolf:876
267,hunt_fail,Fox,889,437,2,13,0,discomfort
268,hunt_start,Sectid,69,14,7,229,2,target:Wolf:876
270,reproduce,Monkey,651,448,6,395,7,offspring:1
270,reproduce,Tapir,744,385,3,257,8,offspring:1
274,environment_death,Fish,260,92,9,193,2,suffocation
275,hunt_start,Arctic Fox,962,137,3,93,7,target:Sectid:42
278,kill,Frog,313,77,3,463,8,killed_by:Fox:882
278,reproduce,Deer,122,46,8,371,9,offspring:1
279,hunt_start,Fox,882,77,1,463,6,target:Frog:315
280,hunt_start,Sectid,74,435,7,9,2,target:Fox:889
282,kill,Shroomer,773,355,1,470,0,killed_by:Wolf:878
283,hunt_fail,Wolf,877,354,6,470,2,target_died
283,hunt_start,Wolf,878,354,7,469,6,target:Shroomer:772
283,hunt_start,Fox,884,197,8,210,1,target:Sectid:37
283,reproduce,Parrot,702,474,3,54,7,offspring:1
286,reproduce,Rabbit,237,410,2,335,4,offspring:2
288,reproduce,Rabbit,257,223,7,450,3,offspring:2
288,reproduce,Tapir,739,241,6,123,1,offspring:1
293,environment_death,Lizard,481,362,3,17,5,drowning
293,hunt_fail,Sectid,48,357,7,20,8,target_died
293,hunt_fail,Sectid,50,358,3,22,0,target_died
293,reproduce,Frog,336,477,5,3,2,offspring:2
294,hunt_fail,Wolf,876,15,1,229,2,discomfort
297,reproduce,Penguin,566,29,0,286,7,offspring:1
302,kill,Frog,317,492,0,466,9,killed_by:Hawk:931
303,kill,Rabbit,188,402,0,497,0,killed_by:Sectid:60
303,kill,Rabbit,188,402,0,497,0,killed_by:Sectid:61
303,kill,Rabbit,188,402,0,497,0,killed_by:Sectid:63
303,hunt_start,Hawk,931,491,7,466,9,target:Frog:318
304,environment_death,Fish,299,356,3,285,9,suffocation
304,hunt_start,Sectid,57,29,4,435,6,target:Hawk:1097
304,hunt_fail,Sectid,59,402,3,497,0,target_died
304,hunt_start,Sectid,59,402,3,497,0,target:Rabbit:191
304,hunt_fail,Sectid,62,396,0,489,2,target_died
306,reproduce,Musk Ox,601,354,4,186,2,offspring:1
308,reproduce,Tapir,743,385,9,254,8,offspring:1
310,hunt_fail,Fox,891,403,7,430,8,discomfort
311,hunt_start,Arctic Fox,959,247,4,113,8,target:Rabbit:1165
313,reproduce,Frog,330,358,5,409,0,offspring:2
314,spore_created,Shroomer,-1,296,6,461,3,
314,spore_created,Shroomer,-1,286,1,456,9,
316,reproduce,Rabbit,205,320,0,145,6,offspring:2
317,hunt_start,Fox,896,236,4,301,7,target:Frog:323
317,reproduce,Lizard,489,243,9,121,5,offspring:2
318,environment_death,Lizard,482,357,1,14,1,drowning
319,hunt_start,Sectid,42,130,6,96,6,target:Rabbit:224
320,hunt_start,Sectid,42,130,8,96,6,target:Rabbit:224
320,hunt_start,Sectid,71,439,6,12,4,target:Fox:889
320,hunt_fail,Arctic Fox,962,133,0,95,8,discomfort
320,reproduce,Elk,398,463,1,505,1,offspring:1
321,hunt_start,Sectid,42,131,1,96,6,target:Rabbit:226
322,hunt_start,Sectid,42,131,1,96,4,target:Rabbit:224
323,hunt_start,Sectid,42,131,3,96,5,target:Rabbit:226
324,hunt_start,Sectid,42,131,3,96,7,target:Rabbit:226
324,kill,Penguin,535,512,0,252,3,killed_by:Polar Bear:1099
325,hunt_start,Sectid,42,131,1,96,6,target:Rabbit:226
325,hunt_start,Polar Bear,1099,512,0,251,7,target:Penguin:540
326,hunt_start,Sectid,42,131,1,96,7,target:Rabbit:226
326,hunt_fail,Jaguar,973,354,8,349,5,discomfort
327,hunt_start,Sectid,42,131,2,96,9,target:Rabbit:226
327,reproduce,Camel,514,348,4,502,9,offspring:1
328,hunt_start,Sectid,42,131,4,96,9,target:Rabbit:226
329,hunt_start,Sectid,42,131,6,96,8,target:Rabbit:226
330,hunt_start,Sectid,42,131,5,96,6,target:Rabbit:226
330,kill,Sectid,37,201,0,209,1,killed_by:Fox:884
331,environment_death,Sectid,68,17,0,222,5,drowning
331,hunt_start,Sectid,42,131,4,96,5,target:Rabbit:226
331,hunt_start,Fox,884,200,7,209,1,target:Sectid:39
332,hunt_start,Sectid,42,131,4,96,7,target:Rabbit:226
332,reproduce,Deer,166,304,6,498,1,offspring:1
333,hunt_start,Sectid,42,131,6,96,6,target:Rabbit:226
333,hunt_start,Jaguar,974,393,9,413,1,target:Lizard:457
334,hunt_start,Sectid,42,131,8,96,5,target:Rabbit:226
335,hunt_start,Sectid,42,131,6,96,4,target:Rabbit:224
336,hunt_start,Sectid,42,131,4,96,4,target:Rabbit:224
337,hunt_start,Sectid,42,131,2,96,3,target:Rabbit:224
338,hunt_start,Sectid,42,131,4,96,3,target:Rabbit:224
339,hunt_start,Sectid,42,131,5,96,5,target:Rabbit:226
340,hunt_start,Sectid,42,131,3,96,6,target:Rabbit:226
341,hunt_start,Sectid,42,131,4,96,8,target:Rabbit:226
342,hunt_start,Sectid,42,131,5,96,6,target:Rabbit:226
343,hunt_start,Sectid,42,131,3,96,8,target:Rabbit:226
343,reproduce,Penguin,575,391,3,278,4,offspring:1
344,hunt_start,Sectid,42,131,1,96,9,target:Rabbit:226
345,hunt_start,Sectid,42,131,3,96,9,target:Rabbit:226
345,hunt_start,Sectid,53,27,9,434,2,target:Hawk:934
346,hunt_start,Sectid,42,131,1,97,0,target:Rabbit:226
347,hunt_start,Sectid,42,131,2,96,8,target:Rabbit:226
348,hunt_start,Sectid,42,131,4,97,0,target:Rabbit:226
349,environment_death,Fish,308,159,5,385,0,suffocation
349,hunt_start,Sectid,42,131,2,97,1,target:Rabbit:226
349,kill,Penguin,560,33,1,290,6,killed_by:Hawk:562
349,reproduce,Camel,525,300,3,425,0,offspring:1
350,hunt_start,Sectid,42,131,4,97,3,target:Rabbit:226
350,hunt_start,Hawk,562,32,5,290,3,target:Penguin:567
350,hunt_fail,Hawk,929,32,9,290,5,target_died
350,hunt_start,Hawk,929,32,9,290,5,target:Penguin:567
350,reproduce,Musk Ox,615,14,8,85,2,offspring:1
351,hunt_start,Sectid,42,131,6,97,3,target:Rabbit:226
352,hunt_start,Sectid,42,131,7,97,5,target:Rabbit:226
353,hunt_start,Sectid,42,131,7,97,7,target:Rabbit:226
354,hunt_start,Sectid,42,131,8,97,8,target:Rabbit:226
355,hunt_start,Sectid,42,131,8,98,0,target:Rabbit:226
356,hunt_start,Sectid,42,131,6,98,1,target:Rabbit:226
357,hunt_start,Sectid,42,131,4,98,2,target:Rabbit:226
358,hunt_start,Sectid,42,131,6,98,2,target:Rabbit:226
359,hunt_start,Sectid,42,131,6,98,0,target:Rabbit:226
360,environment_death,Deer,127,50,4,365,7,drowning
360,hunt_start,Sectid,42,131,6,97,7,target:Rabbit:226
360,hunt_start,Sectid,73,438,1,12,4,target:Fox:889
360,reproduce,Rabbit,175,219,2,205,1,offspring:2
361,hunt_start,Sectid,42,131,3,97,7,target:Rabbit:226
362,hunt_start,Sectid,42,131,4,97,5,target:Rabbit:226
363,hunt_start,Sectid,42,131,2,97,5,target:Rabbit:226
364,hunt_start,Sectid,42,131,2,97,3,target:Rabbit:226
365,hunt_start,Sectid,42,131,2,97,5,target:Rabbit:226
365,kill,Frog,345,473,2,393,7,killed_by:Fox:892
366,hunt_start,Sectid,42,131,1,97,6,target:Rabbit:226
366,hunt_start,Fox,892,473,4,393,9,target:Frog:344
366,reproduce,Monkey,654,287,1,108,8,offspring:1
367,hunt_start,Sectid,42,131,1,97,8,target:Rabbit:226
368,hunt_start,Sectid,42,131,3,97,8,target:Rabbit:226
368,kill,Frog,315,74,1,464,5,killed_by:Fox:882
369,hunt_start,Sectid,42,131,2,97,6,target:Rabbit:226
369,hunt_start,Fox,882,74,3,464,6,target:Frog:1002
370,hunt_start,Sectid,42,131,1,97,7,target:Rabbit:226
371,hunt_start,Sectid,42,130,9,97,5,target:Rabbit:226
372,hunt_start,Sectid,42,131,0,97,3,target:Rabbit:226
373,hunt_start,Sectid,42,131,0,97,1,target:Rabbit:226
374,hunt_start,Sectid,42,130,8,97,2,target:Rabbit:226
375,environment_death,Sectid,74,436,1,8,4,drowning
375,hunt_start,Sectid,42,130,8,97,0,target:Rabbit:226
376,hunt_start,Sectid,42,131,0,97,0,target:Rabbit:226
377,hunt_start,Sectid,42,131,1,96,8,target:Rabbit:226
377,kill,Frog,323,238,6,300,4,killed_by:Fox:896
377,spore_created,Shroomer,-1,327,9,326,9,
377,spore_created,Shroomer,-1,315,6,329,3,
378,hunt_start,Sectid,42,131,0,96,6,target:Rabbit:226
379,hunt_start,Sectid,42,131,0,96,4,target:Rabbit:226
380,hunt_start,Sectid,42,130,8,96,4,target:Rabbit:226
381,hunt_start,Sectid,42,130,7,96,6,target:Rabbit:226
382,hunt_start,Sectid,42,130,9,96,5,target:Rabbit:226
383,hunt_start,Sectid,42,131,1,96,4,target:Rabbit:226
384,hunt_start,Sectid,42,131,3,96,3,target:Rabbit:226
384,hunt_start,Sectid,55,28,3,438,6,target:Hawk:934
385,hunt_start,Sectid,42,131,5,96,3,target:Rabbit:226
386,hunt_start,Sectid,42,131,7,96,5,target:Rabbit:226
386,kill,Sectid,39,200,7,209,4,killed_by:Fox:884
387,hunt_start,Sectid,42,131,7,96,3,target:Rabbit:226
387,hunt_start,Sectid,66,20,3,233,4,target:Wolf:876
387,hunt_start,Fox,884,200,9,209,7,target:Sectid:35
387,reproduce,Musk Ox,588,367,9,49,1,offspring:1
387,reproduce,Monkey,646,422,9,335,0,offspring:1
388,hunt_start,Sectid,42,131,8,96,5,target:Rabbit:226
389,hunt_start,Sectid,42,131,8,96,7,target:Rabbit:226
390,hunt_start,Sectid,36,208,4,208,5,target:Rabbit:177
390,hunt_start,Sectid,42,131,7,96,9,target:Rabbit:226
391,hunt_start,Sectid,42,131,7,96,6,target:Rabbit:226
392,hunt_start,Sectid,42,131,7,96,8,target:Rabbit:226
392,spore_created,Shroomer,-1,493,9,5,0,
392,spore_created,Shroomer,-1,488,4,-1,4,
393,hunt_start,Sectid,42,131,8,97,0,target:Rabbit:226
394,hunt_start,Sectid,42,131,7,96,8,target:Rabbit:226
394,kill,Penguin,540,512,0,253,7,killed_by:Polar Bear:1099
395,hunt_start,Sectid,42,131,5,96,9,target:Rabbit:226
395,hunt_start,Polar Bear,1099,512,0,253,1,target:Penguin:546
396,hunt_start,Sectid,42,131,5,96,7,target:Rabbit:226
396,reproduce,Frog,350,162,4,384,7,offspring:2
397,hunt_start,Sectid,42,131,3,96,8,target:Rabbit:226
397,kill,Frog,1015,41,3,251,6,killed_by:Hawk:932
398,hunt_start,Sectid,42,131,4,96,6,target:Rabbit:226
398,hunt_start,Hawk,932,41,4,251,7,target:Frog:1014
399,hunt_start,Sectid,42,131,2,96,5,target:Rabbit:226
399,hunt_start,Arctic Fox,962,131,3,97,3,target:Rabbit:226
400,environment_death,Fish,294,34,7,331,4,suffocation
400,hunt_start,Sectid,42,131,1,96,3,target:Rabbit:226
401,hunt_start,Sectid,42,131,1,96,5,target:Rabbit:226
401,hunt_start,Sectid,65,24,0,224,8,target:Wolf:876
401,kill,Sectid,55,28,6,438,1,killed_by:Hawk:934
402,hunt_start,Sectid,42,131,0,96,3,target:Rabbit:226
402,hunt_start,Hawk,934,28,4,437,9,target:Sectid:57
402,reproduce,Camel,521,416,5,363,0,offspring:1
402,reproduce,Penguin,564,22,1,295,1,offspring:1
403,hunt_start,Sectid,42,130,9,96,5,target:Rabbit:226
404,hunt_start,Sectid,42,131,0,96,5,target:Rabbit:226
405,hunt_start,Sectid,42,130,8,96,8,target:Rabbit:226
406,hunt_start,Sectid,42,131,0,96,9,target:Rabbit:226
407,hunt_start,Sectid,42,130,8,96,8,target:Rabbit:226
407,reproduce,Elk,448,21,4,317,8,offspring:1
408,hunt_start,Sectid,42,131,0,96,8,target:Rabbit:226
409,hunt_start,Sectid,42,130,9,96,7,target:Rabbit:226
410,environment_death,Lizard,483,119,3,79,3,drowning
410,hunt_start,Sectid,42,131,0,96,9,target:Rabbit:226
410,hunt_fail,Hawk,928,125,0,79,2,target_died
410,hunt_start,Hawk,928,125,0,79,2,target:Lizard:1041
410,hunt_fail,Arctic Fox,1100,125,5,78,7,target_died
410,hunt_start,Arctic Fox,1100,125,5,78,7,target:Lizard:1041
411,hunt_start,Sectid,42,131,2,96,9,target:Rabbit:226
412,hunt_start,Sectid,42,131,4,96,9,target:Rabbit:226
412,kill,Frog,318,498,2,472,7,killed_by:Hawk:931
413,hunt_start,Sectid,42,131,4,97,1,target:Rabbit:226
413,kill,Frog,1008,283,2,68,3,killed_by:Hawk:936
414,hunt_start,Sectid,42,131,3,96,9,target:Rabbit:226
414,hunt_start,Hawk,936,283,4,68,2,target:Frog:1004
414,kill,Sectid,56,11,3,446,3,killed_by:Hawk:1097
415,hunt_start,Sectid,42,131,4,97,1,target:Rabbit:226
415,hunt_start,Hawk,1097,11,6,446,4,target:Sectid:54
416,hunt_start,Sectid,42,131,2,97,0,target:Rabbit:226
417,hunt_start,Sectid,42,131,4,97,0,target:Rabbit:226
418,hunt_start,Sectid,42,131,6,97,1,target:Rabbit:226
418,hunt_start,Hawk,931,498,1,472,2,target:Lizard:479
419,hunt_start,Sectid,42,131,5,97,3,target:Rabbit:226
420,hunt_start,Sectid,42,131,4,97,4,target:Rabbit:226
421,hunt_start,Sectid,42,131,5,97,6,target:Rabbit:226
421,hunt_start,Arctic Fox,215,247,4,112,3,target:Rabbit:986
421,reproduce,Rabbit,256,223,9,452,0,offspring:2
422,hunt_start,Sectid,42,131,6,97,8,target:Rabbit:226
422,hunt_start,Fox,891,406,7,432,6,target:Lizard:1029
422,reproduce,Boar,918,360,4,341,8,offspring:2
423,hunt_start,Sectid,42,131,6,97,6,target:Rabbit:226
424,hunt_start,Sectid,42,131,8,97,5,target:Rabbit:226
424,reproduce,Parrot,689,47,3,237,4,offspring:1
425,hunt_start,Sectid,42,131,8,97,3,target:Rabbit:226
425,hunt_start,Sectid,50,356,2,20,4,target:Snake:948
426,hunt_start,Sectid,42,131,7,97,1,target:Rabbit:226
427,hunt_start,Sectid,42,131,6,96,9,target:Rabbit:226
428,hunt_start,Sectid,42,131,4,96,8,target:Rabbit:226
429,hunt_start,Sectid,42,131,3,96,6,target:Rabbit:226
429,reproduce,Lizard,477,288,8,489,3,offspring:2
429,reproduce,Parrot,681,150,7,337,5,offspring:1
430,hunt_start,Sectid,31,145,4,292,4,target:Deer:120
430,hunt_start,Sectid,42,131,1,96,5,target:Rabbit:226
431,hunt_start,Sectid,42,131,4,96,4,target:Rabbit:226
432,environment_death,Fish,296,35,5,330,5,suffocation
432,hunt_start,Sectid,42,131,4,96,2,target:Rabbit:226
433,hunt_start,Sectid,42,131,5,96,4,target:Rabbit:226
433,hunt_fail,Wolf,865,126,6,423,2,discomfort
433,hunt_fail,Jaguar,970,419,7,127,1,discomfort
434,hunt_start,Sectid,42,131,7,96,6,target:Rabbit:226
435,hunt_start,Sectid,42,131,5,96,5,target:Rabbit:226
436,hunt_start,Sectid,42,131,3,96,6,target:Rabbit:226
436,hunt_fail,Wolf,864,129,3,427,9,discomfort
436,hunt_fail,Polar Bear,958,250,6,412,8,discomfort
437,hunt_start,Sectid,42,131,5,96,6,target:Rabbit:226
438,hunt_start,Sectid,42,131,4,96,8,target:Rabbit:226
438,hunt_start,Sectid,69,14,6,232,2,target:Wolf:876
439,hunt_start,Sectid,42,131,5,97,0,target:Rabbit:226
440,hunt_start,Sectid,42,131,3,97,1,target:Rabbit:226
440,hunt_start,Sectid,71,439,2,14,5,target:Fox:889
441,hunt_start,Sectid,42,131,3,96,9,target:Rabbit:226
442,hunt_start,Sectid,42,131,1,96,9,target:Rabbit:226
442,kill,Rabbit,191,396,9,494,9,killed_by:Sectid:63
443,hunt_start,Sectid,42,130,9,97,0,target:Rabbit:226
443,hunt_fail,Sectid,59,395,5,494,6,target_died
443,hunt_start,Sectid,59,395,5,494,6,target:Lizard:472
443,hunt_fail,Sectid,60,397,0,495,1,target_died
443,hunt_fail,Sectid,61,396,0,494,8,target_died
443,hunt_fail,Sectid,62,397,3,495,0,target_died
443,kill,Rabbit,226,130,6,96,4,killed_by:Arctic Fox:962
444,hunt_start,Sectid,42,130,7,96,9,target:Rabbit:224
444,hunt_start,Arctic Fox,962,130,3,96,5,target:Sectid:42
445,hunt_start,Sectid,42,130,6,96,8,target:Rabbit:224
446,hunt_start,Sectid,42,130,7,96,6,target:Rabbit:224
446,reproduce,Parrot,687,10,6,411,5,offspring:1
447,hunt_start,Sectid,42,130,7,96,8,target:Rabbit:224
448,hunt_start,Sectid,42,130,9,96,7,target:Rabbit:224
448,hunt_start,Snake,949,413,2,121,0,target:Lizard:467
449,hunt_start,Sectid,42,131,1,96,8,target:Rabbit:224
450,hunt_start,Sectid,42,131,0,96,7,target:Rabbit:224
451,hunt_start,Sectid,42,131,0,96,9,target:Rabbit:224
451,kill,Penguin,567,25,9,278,7,killed_by:Hawk:562
451,kill,Penguin,567,25,9,278,7,killed_by:Hawk:929
451,reproduce,Deer,121,145,3,309,0,offspring:1
452,hunt_start,Sectid,42,131,1,96,8,target:Rabbit:224
452,hunt_start,Hawk,929,26,2,278,7,target:Penguin:559
453,hunt_start,Sectid,42,131,3,96,9,target:Rabbit:224
454,hunt_start,Sectid,42,131,3,97,1,target:Rabbit:224
455,hunt_start,Sectid,42,131,5,97,1,target:Rabbit:224
456,hunt_start,Sectid,42,131,5,97,3,target:Rabbit:224
457,hunt_start,Sectid,42,131,4,97,5,target:Rabbit:224
458,hunt_start,Sectid,42,131,2,97,5,target:Rabbit:224
458,hunt_fail,Arctic Fox,959,234,3,119,1,discomfort
459,hunt_start,Sectid,30,146,2,295,8,target:Deer:191
459,hunt_start,Sectid,42,131,2,97,7,target:Rabbit:224
460,hunt_start,Sectid,42,131,0,97,6,target:Rabbit:224
461,hunt_start,Sectid,42,131,1,97,8,target:Rabbit:224
461,reproduce,Camel,532,293,1,119,1,offspring:1
462,hunt_start,Sectid,42,131,3,97,9,target:Rabbit:224
463,hunt_start,Sectid,42,131,5,97,8,target:Rabbit:224
464,hunt_start,Sectid,42,131,7,97,9,target:Rabbit:224
464,kill,Penguin,546,512,0,255,4,killed_by:Polar Bear:1099
465,hunt_start,Sectid,42,131,9,97,8,target:Rabbit:224
465,hunt_start,Sectid,53,28,3,432,2,target:Hawk:934
466,hunt_start,Sectid,42,132,0,98,0,target:Rabbit:224
467,hunt_start,Sectid,42,132,1,98,2,target:Rabbit:224
467,kill,Sectid,57,28,7,436,2,killed_by:Hawk:934
468,hunt_start,Sectid,42,132,3,98,1,target:Rabbit:224
468,hunt_start,Hawk,934,28,8,435,9,target:Sectid:53
469,hunt_start,Sectid,42,132,2,98,0,target:Rabbit:224
470,hunt_start,Sectid,42,132,0,98,2,target:Rabbit:224
470,kill,Frog,344,468,6,393,8,killed_by:Fox:892
471,hunt_start,Sectid,42,132,1,98,4,target:Rabbit:224
472,hunt_start,Sectid,42,131,9,98,5,target:Rabbit:224
473,hunt_start,Sectid,42,132,1,98,5,target:Rabbit:224
474,hunt_start,Sectid,42,132,2,98,2,target:Rabbit:224
475,hunt_start,Sectid,42,132,3,98,4,target:Rabbit:224
476,hunt_start,Sectid,42,132,2,98,2,target:Rabbit:224
477,hunt_start,Sectid,42,132,0,98,1,target:Rabbit:224
477,hunt_start,Sectid,66,20,3,233,4,target:Wolf:876
477,kill,Shroomer,772,351,7,469,5,killed_by:Wolf:878
477,kill,Sectid,35,204,2,205,2,killed_by:Fox:884
477,reproduce,Wolf,877,353,7,470,2,offspring:1
478,hunt_start,Sectid,42,132,2,98,0,target:Rabbit:224
478,hunt_start,Wolf,567,354,5,467,6,target:Shroomer:771
478,hunt_start,Wolf,877,353,7,470,2,target:Shroomer:771
478,hunt_start,Fox,884,203,8,205,3,target:Sectid:38
479,hunt_start,Sectid,42,132,3,98,3,target:Rabbit:224
480,environment_death,Lizard,487,245,2,408,2,drowning
480,hunt_start,Sectid,42,132,2,98,5,target:Rabbit:224
480,hunt_start,Sectid,73,438,0,15,5,target:Fox:889
480,reproduce,Lizard,469,123,5,414,6,offspring:2
481,hunt_start,Sectid,42,132,3,98,6,target:Rabbit:224
481,kill,Sectid,42,132,3,98,6,killed_by:Arctic Fox:962
482,hunt_start,Arctic Fox,962,132,2,98,3,target:Rabbit:224
484,reproduce,Fish,263,97,0,194,9,offspring:2
486,hunt_start,Polar Bear,1099,512,0,254,4,target:Penguin:538
486,reproduce,Elk,424,54,0,210,4,offspring:1
497,reproduce,Boar,916,388,1,104,5,offspring:2
498,reproduce,Fish,292,36,4,322,0,offspring:2
499,reproduce,Faeling,0,284,5,42,5,offspring:1
499,reproduce,Faeling,1,355,5,94,5,offspring:1
499,reproduce,Faeling,2,335,5,212,5,offspring:1
499,reproduce,Faeling,3,215,5,218,5,offspring:1
503,hunt_start,Fox,883,53,8,271,8,target:Frog:1014
504,hunt_fail,Arctic Fox,962,130,9,98,4,discomfort
505,hunt_start,Sectid,5,220,1,253,5,target:Penguin:1060
512,spore_matured,Shroomer,-1,488,4,-1,4,
512,reproduce,Shroomer,-1,488,4,-1,4,offspring:1
513,reproduce,Monkey,635,414,0,246,5,offspring:1
514,hunt_start,Fox,892,470,2,392,2,target:Monkey:652
516,reproduce,Musk Ox,606,148,3,101,0,offspring:1
517,hunt_start,Sectid,69,14,5,230,2,target:Wolf:876
519,reproduce,Rabbit,251,264,4,227,5,offspring:2
520,reproduce,Rabbit,186,407,7,489,2,offspring:2
521,hunt_start,Sectid,65,17,8,226,2,target:Wolf:876
521,reproduce,Rabbit,235,262,2,506,4,offspring:2
523,kill,Shroomer,771,353,5,469,5,killed_by:Wolf:567
524,hunt_start,Wolf,567,353,2,469,0,target:Shroomer:769
524,hunt_fail,Wolf,877,354,3,469,9,target_died
524,hunt_fail,Wolf,878,352,8,469,6,target_died
524,hunt_start,Jaguar,973,351,4,349,5,target:Fish:1174
526,kill,Rabbit,177,218,1,216,9,killed_by:Sectid:36
527,hunt_start,Sectid,36,218,3,216,9,target:Faeling:1209
528,reproduce,Deer,106,280,7,448,0,offspring:1
530,kill,Frog,1002,71,7,449,2,killed_by:Fox:882
532,hunt_fail,Fox,891,397,0,435,9,discomfort
533,kill,Sectid,53,27,9,431,8,killed_by:Hawk:934
534,hunt_start,Hawk,934,27,7,432,1,target:Sectid:54
534,kill,Penguin,538,512,0,256,6,killed_by:Polar Bear:1099
534,reproduce,Parrot,682,140,3,323,8,offspring:1
535,hunt_fail,Arctic Fox,961,511,3,256,7,target_died
537,hunt_start,Wolf,878,353,4,469,9,target:Shroomer:769
538,hunt_start,Sectid,65,17,8,226,1,target:Wolf:876
539,hunt_start,Sectid,69,14,6,230,5,target:Wolf:876
541,hunt_start,Fox,888,223,8,412,2,target:Fish:72
545,hunt_start,Sectid,50,350,1,31,4,target:Snake:948
545,reproduce,Penguin,574,393,4,278,5,offspring:1
550,hunt_start,Wolf,872,32,2,411,4,target:Sectid:54
550,reproduce,Camel,526,302,8,428,2,offspring:1
551,reproduce,Deer,164,306,0,503,0,offspring:1
551,reproduce,Parrot,701,469,7,59,0,offspring:1
553,hunt_start,Fox,895,292,4,191,9,target:Frog:328
554,reproduce,Rabbit,216,410,1,265,0,offspring:2
554,reproduce,Monkey,642,419,4,331,4,offspring:1
555,kill,Frog,1004,271,9,55,6,killed_by:Hawk:936
556,hunt_start,Hawk,936,272,1,55,7,target:Frog:1005
560,hunt_start,Sectid,71,438,3,15,1,target:Fox:889
562,kill,Frog,1014,58,6,265,1,killed_by:Hawk:932
562,reproduce,Parrot,685,13,1,408,0,offspring:1
562,spore_created,Shroomer,-1,272,1,54,0,
562,spore_created,Shroomer,-1,282,5,54,6,
563,hunt_fail,Wolf,862,131,4,426,0,discomfort
563,hunt_fail,Fox,883,55,9,266,6,prey_escaped
564,reproduce,Parrot,704,335,9,485,9,offspring:1
564,spore_matured,Shroomer,-1,493,8,5,1,
564,reproduce,Shroomer,-1,493,8,5,1,offspring:1
565,hunt_start,Sectid,48,349,0,30,7,target:Snake:948
565,hunt_start,Snake,947,261,5,132,4,target:Lizard:1046
565,reproduce,Monkey,675,258,8,187,4,offspring:1
567,reproduce,Elk,447,19,2,321,0,offspring:1
569,hunt_start,Hawk,562,23,9,276,6,target:Sectid:15
569,hunt_fail,Fox,892,465,6,392,1,discomfort
569,reproduce,Tapir,711,41,2,285,0,offspring:1
570,reproduce,Penguin,571,391,4,275,8,offspring:1
572,reproduce,Fish,264,103,8,198,8,offspring:2
572,reproduce,Monkey,652,458,8,396,1,offspring:1
574,kill,Penguin,559,36,5,290,3,killed_by:Hawk:929
575,hunt_start,Hawk,929,36,4,290,2,target:Penguin:1061
578,hunt_start,Sectid,66,19,9,233,9,target:Wolf:876
583,hunt_start,Arctic Fox,962,132,0,99,6,target:Rabbit:224
587,reproduce,Rabbit,245,501,9,298,2,offspring:2
587,spore_created,Shroomer,-1,86,3,244,7,
587,spore_created,Shroomer,-1,87,3,239,5,
589,reproduce,Deer,126,41,5,357,0,offspring:1
590,kill,Sectid,38,204,4,199,6,killed_by:Fox:884
592,reproduce,Camel,504,205,2,178,8,offspring:1
594,hunt_fail,Crocodile,1092,148,0,295,9,prey_escaped
594,reproduce,Monkey,650,456,5,395,8,offspring:1
596,reproduce,Deer,124,45,8,361,7,offspring:1
597,hunt_start,Fox,1090,65,6,463,8,target:Frog:290
598,hunt_start,Jaguar,970,424,6,127,6,target:Lizard:468
600,hunt_start,Sectid,73,437,6,15,0,target:Fox:889
600,reproduce,Tapir,720,103,0,158,5,offspring:1
600,reproduce,Fish,992,31,0,323,9,offspring:2
600,reproduce,Fish,993,30,2,324,5,offspring:2
600,reproduce,Fish,994,29,3,321,0,offspring:2
600,reproduce,Fish,995,30,2,320,6,offspring:2
600,reproduce,Fish,996,31,6,321,4,offspring:2
600,reproduce,Fish,997,31,2,320,5,offspring:2
603,reproduce,Musk Ox,580,96,6,22,7,offspring:1
605,hunt_start,Sectid,50,349,9,31,8,target:Snake:948
606,kill,Deer,191,155,9,314,3,killed_by:Sectid:30
607,hunt_start,Sectid,30,155,6,314,0,target:Deer:118
607,hunt_fail,Sectid,32,155,3,313,7,target_died
607,hunt_fail,Sectid,33,154,0,312,3,target_died
607,reproduce,Deer,105,280,3,445,7,offspring:1
609,hunt_start,Boar,483,361,0,337,8,target:Fish:1174
610,hunt_fail,Sectid,29,142,0,319,2,discomfort
610,kill,Sectid,54,24,6,419,7,killed_by:Hawk:934
610,reproduce,Lizard,491,5,8,381,0,offspring:2
611,hunt_fail,Wolf,872,30,5,414,2,prey_escaped
611,hunt_fail,Wolf,873,31,9,413,6,prey_escaped
611,hunt_start,Hawk,934,24,6,420,3,target:Parrot:1004
611,reproduce,Sectid,-1,389,4,492,8,offspring:1
614,kill,Frog,328,290,2,190,8,killed_by:Fox:895
615,hunt_start,Fox,895,290,5,190,8,target:Frog:329
617,kill,Deer,120,141,4,320,4,killed_by:Sectid:31
617,reproduce,Tapir,708,64,0,188,1,offspring:1
618,hunt_start,Sectid,69,15,1,231,0,target:Wolf:876
622,reproduce,Rabbit,184,389,0,172,4,offspring:2
626,reproduce,Deer,83,70,0,243,2,offspring:1
626,reproduce,Deer,84,76,4,243,5,offspring:1
626,reproduce,Deer,85,73,2,240,3,offspring:1
626,reproduce,Deer,86,71,7,242,8,offspring:1
626,reproduce,Deer,87,69,4,245,1,offspring:1
626,reproduce,Deer,159,128,0,210,0,offspring:1
627,kill,Shroomer,769,350,5,474,4,killed_by:Wolf:567
628,hunt_fail,Wolf,877,351,3,472,2,target_died
628,hunt_start,Wolf,877,351,3,472,2,target:Shroomer:770
628,hunt_fail,Wolf,878,351,7,470,6,target_died
628,reproduce,Monkey,632,412,9,248,3,offspring:1
628,spore_created,Shroomer,-1,504,0,2,1,
628,spore_created,Shroomer,-1,500,2,10,1,
630,hunt_start,Crocodile,1164,432,8,284,5,target:Lizard:1027
633,hunt_fail,Sectid,61,401,4,510,9,discomfort
636,kill,Rabbit,224,131,6,98,3,killed_by:Arctic Fox:962
636,reproduce,Rabbit,219,404,3,259,9,offspring:2
636,reproduce,Elk,399,465,0,508,4,offspring:1
637,hunt_start,Arctic Fox,962,131,5,98,0,target:Rabbit:227
637,reproduce,Tapir,738,239,7,127,2,offspring:1
638,hunt_fail,Sectid,59,402,0,511,1,discomfort
638,hunt_start,Fox,889,437,1,14,8,target:Sectid:71
638,reproduce,Deer,149,322,7,390,1,offspring:1
639,hunt_fail,Wolf,864,135,0,428,5,prey_escaped
639,hunt_start,Wolf,872,29,5,413,6,target:Parrot:1115
640,hunt_fail,Sectid,5,226,2,266,5,discomfort
641,hunt_fail,Sectid,60,401,3,510,6,discomfort
641,hunt_start,Sectid,75,426,0,8,2,target:Shroomer:823
643,hunt_fail,Fox,889,437,2,14,6,discomfort
643,reproduce,Monkey,647,457,0,394,5,offspring:1
647,reproduce,Penguin,569,390,5,272,0,offspring:1
648,reproduce,Lizard,463,23,4,140,2,offspring:2
649,hunt_fail,Sectid,63,401,7,510,8,discomfort
651,kill,Sectid,15,18,8,271,5,killed_by:Hawk:562
651,hunt_start,Wolf,864,135,4,428,9,target:Parrot:678
651,reproduce,Parrot,693,46,3,235,5,offspring:1
652,hunt_start,Boar,914,12,0,377,2,target:Lizard:491
652,reproduce,Penguin,576,393,4,274,5,offspring:1
652,reproduce,Monkey,636,173,7,256,9,offspring:1
653,hunt_start,Polar Bear,955,238,6,92,6,target:Elk:406
655,reproduce,Tapir,731,118,5,496,1,offspring:1
656,environment_death,Lizard,467,408,1,139,9,drowning
656,hunt_fail,Snake,949,408,0,133,9,target_died
656,reproduce,Lizard,462,43,0,155,1,offspring:2
656,reproduce,Lizard,466,395,0,142,5,offspring:2
656,reproduce,Lizard,468,419,7,130,8,offspring:2
658,hunt_start,Sectid,65,16,1,227,7,target:Wolf:876
658,hunt_start,Sectid,73,436,3,15,6,target:Fox:889
659,hunt_start,Sectid,69,15,0,230,6,target:Wolf:876
662,hunt_fail,Arctic Fox,962,130,7,100,5,discomfort
663,hunt_start,Boar,1106,4,8,373,0,target:Lizard:1232
663,reproduce,Arctic Fox,962,130,7,100,5,offspring:1
664,hunt_fail,Sectid,62,401,3,510,8,discomfort
664,hunt_start,Arctic Fox,1277,131,7,100,0,target:Rabbit:227
664,reproduce,Elk,431,71,2,258,0,offspring:1
665,reproduce,Elk,411,237,3,166,7,offspring:1
666,reproduce,Deer,146,242,2,266,8,offspring:1
666,reproduce,Parrot,690,51,7,230,9,offspring:1
666,reproduce,Tapir,713,357,9,384,2,offspring:1
667,reproduce,Lizard,490,236,9,113,9,offspring:2
667,reproduce,Penguin,563,21,4,296,2,offspring:1
669,hunt_fail,Jaguar,973,361,2,345,1,discomfort
671,hunt_start,Wolf,1087,170,6,159,3,target:Rabbit:200
671,reproduce,Rabbit,254,219,7,287,6,offspring:2
671,reproduce,Parrot,692,47,1,229,5,offspring:1
676,kill,Frog,1005,286,1,57,0,killed_by:Hawk:936
676,reproduce,Monkey,631,405,1,252,4,offspring:1
676,reproduce,Tapir,748,134,7,219,5,offspring:1
677,hunt_start,Hawk,936,285,9,56,9,target:Shroomer:1222
678,reproduce,Lizard,458,405,5,426,0,offspring:2
679,reproduce,Elk,427,78,6,256,0,offspring:1
682,reproduce,Fish,286,251,1,411,3,offspring:2
682,spore_matured,Shroomer,-1,272,1,54,0,
682,reproduce,Shroomer,-1,272,1,54,0,offspring:1
682,spore_matured,Shroomer,-1,282,5,54,6,
682,reproduce,Shroomer,-1,282,5,54,6,offspring:1
685,hunt_start,Sectid,48,349,7,31,5,target:Snake:948
685,hunt_start,Fox,882,75,7,449,3,target:Frog:290
685,hunt_start,Hawk,932,59,0,267,4,target:Monkey:627
685,reproduce,Monkey,658,295,4,77,3,offspring:1
689,reproduce,Camel,500,208,5,174,7,offspring:1
691,reproduce,Turtle,368,199,2,183,0,offspring:1
691,reproduce,Camel,528,299,2,432,6,offspring:1
692,kill,Shroomer,770,351,7,474,2,killed_by:Wolf:877
693,hunt_start,Wolf,877,351,6,473,6,target:Parrot:703
693,hunt_fail,Wolf,878,352,2,474,1,target_died
694,kill,Shroomer,857,174,4,15,8,killed_by:Crocodile:1091
695,reproduce,Penguin,565,27,4,286,0,offspring:1
696,reproduce,Deer,112,348,1,42,0,offspring:1
696,reproduce,Deer,117,140,2,308,5,offspring:1
696,reproduce,Penguin,570,388,7,273,0,offspring:1
697,reproduce,Deer,115,348,9,39,6,offspring:1
698,hunt_start,Sectid,66,20,9,234,4,target:Wolf:876
698,hunt_start,Sectid,71,438,2,13,8,target:Fox:889
698,reproduce,Elk,436,133,1,388,0,offspring:1
700,reproduce,Crocodile,901,492,6,169,1,offspring:1
703,reproduce,Deer,116,345,9,42,3,offspring:1
703,reproduce,Rabbit,187,406,1,477,0,offspring:2
704,environment_death,Shark,905,389,4,440,0,suffocation
705,reproduce,Deer,155,416,3,438,8,offspring:1
705,reproduce,Lizard,486,381,9,375,8,offspring:2
707,spore_matured,Shroomer,-1,87,3,239,5,
707,reproduce,Shroomer,-1,87,3,239,5,offspring:1
708,reproduce,Deer,156,414,3,437,6,offspring:1
714,reproduce,Elk,452,473,4,313,1,offspring:1
714,reproduce,Tapir,706,79,7,192,6,offspring:1
715,reproduce,Elk,443,21,8,319,5,offspring:1
718,kill,Penguin,1061,20,2,296,9,killed_by:Hawk:929
720,reproduce,Fish,265,96,9,196,1,offspring:2
721,hunt_start,Fox,884,208,5,196,0,target:Sectid:36
723,hunt_start,Crocodile,1092,148,7,297,5,target:Sectid:33
724,reproduce,Lizard,465,373,8,320,0,offspring:2
725,reproduce,Arctic Fox,959,240,5,118,9,offspring:1
726,hunt_fail,Sectid,8,226,4,269,1,discomfort
726,hunt_start,Arctic Fox,1316,242,5,118,3,target:Rabbit:987
729,hunt_start,Sectid,50,350,6,33,1,target:Snake:948
729,kill,Lizard,470,143,1,485,2,killed_by:Snake:946
731,hunt_fail,Boar,914,8,7,379,8,discomfort
732,hunt_start,Polar Bear,958,254,5,413,4,target:Fish:289
733,spore_created,Shroomer,-1,100,5,162,7,
733,spore_created,Shroomer,-1,106,8,158,7,
735,kill,Frog,329,291,2,185,8,killed_by:Fox:895
735,reproduce,Monkey,656,284,2,109,7,offspring:1
738,hunt_start,Sectid,69,15,4,231,9,target:Wolf:876
738,hunt_start,Sectid,71,438,5,13,2,target:Fox:889
739,spore_created,Shroomer,-1,501,6,-3,4,
739,spore_created,Shroomer,-1,500,4,2,6,
740,reproduce,Parrot,686,6,5,398,5,offspring:1
741,reproduce,Elk,409,237,9,159,8,offspring:1
741,reproduce,Camel,517,352,3,498,8,offspring:1
742,reproduce,Boar,911,61,5,498,1,offspring:2
746,hunt_start,Hawk,930,477,8,272,9,target:Lizard:1038
747,reproduce,Fish,1179,153,8,383,5,offspring:2
747,reproduce,Fish,1180,152,8,383,8,offspring:2
748,hunt_start,Sectid,71,438,5,13,1,target:Fox:889
748,reproduce,Monkey,633,409,0,243,9,offspring:1
749,hunt_start,Sectid,75,433,1,13,1,target:Fox:889
749,reproduce,Deer,154,422,0,427,8,offspring:1
750,reproduce,Frog,312,189,0,68,0,offspring:2
754,reproduce,Elk,444,21,8,323,5,offspring:1
756,reproduce,Elk,454,476,5,314,4,offspring:1
756,reproduce,Tapir,732,270,6,255,3,offspring:1
757,hunt_start,Sectid,36,217,2,195,4,target:Rabbit:308
758,hunt_start,Sectid,36,217,2,195,2,target:Rabbit:308
758,spore_created,Shroomer,-1,227,7,108,1,
758,spore_created,Shroomer,-1,225,3,108,3,
759,hunt_start,Sectid,36,217,3,195,0,target:Rabbit:308
760,hunt_start,Sectid,36,217,4,194,8,target:Rabbit:308
760,hunt_fail,Sectid,1251,401,1,506,2,discomfort
761,hunt_start,Sectid,36,217,6,194,8,target:Rabbit:308
762,hunt_start,Sectid,36,217,7,195,0,target:Rabbit:308
763,hunt_start,Sectid,36,217,7,194,8,target:Rabbit:308
763,hunt_start,Arctic Fox,962,131,7,102,3,target:Rabbit:227
763,reproduce,Monkey,640,172,1,255,1,offspring:1
764,hunt_start,Sectid,36,217,8,194,9,target:Rabbit:308
765,hunt_start,Sectid,36,217,9,195,1,target:Rabbit:308
765,hunt_start,Hawk,1096,29,4,108,9,target:Rabbit:242
766,hunt_start,Sectid,36,218,1,195,0,target:Rabbit:308
767,hunt_start,Sectid,36,218,1,194,8,target:Rabbit:308
768,hunt_start,Sectid,36,218,3,194,7,target:Rabbit:308
768,reproduce,Tapir,730,119,1,495,9,offspring:1
769,hunt_start,Sectid,36,218,5,194,6,target:Rabbit:308
769,hunt_start,Hawk,562,20,8,268,0,target:Sectid:12
770,hunt_start,Sectid,36,218,7,194,5,target:Rabbit:308
771,hunt_start,Sectid,36,218,6,194,3,target:Rabbit:308
772,hunt_start,Sectid,36,218,5,194,4,target:Rabbit:308
772,reproduce,Parrot,700,477,4,56,1,offspring:1
773,hunt_start,Sectid,36,218,5,194,2,target:Rabbit:172
773,hunt_start,Arctic Fox,966,463,6,57,0,target:Parrot:1218
773,reproduce,Turtle,358,359,2,323,7,offspring:1
774,hunt_start,Sectid,36,218,7,194,3,target:Rabbit:172
775,hunt_start,Sectid,36,218,5,194,3,target:Rabbit:172
775,reproduce,Tapir,724,303,8,112,4,offspring:1
776,hunt_start,Sectid,36,218,3,194,4,target:Rabbit:172
777,hunt_start,Sectid,36,218,5,194,6,target:Rabbit:308
778,hunt_start,Sectid,36,218,6,194,5,target:Rabbit:308
778,hunt_start,Sectid,65,16,6,229,0,target:Wolf:876
779,hunt_start,Sectid,36,218,7,194,7,target:Rabbit:308
779,reproduce,Camel,520,388,6,173,0,offspring:1
780,hunt_start,Sectid,36,218,6,194,9,target:Rabbit:308
781,hunt_start,Sectid,36,218,4,195,0,target:Rabbit:308
782,hunt_start,Sectid,36,218,5,195,2,target:Rabbit:308
783,hunt_start,Sectid,36,218,5,195,4,target:Rabbit:175
783,reproduce,Musk Ox,608,147,2,99,5,offspring:1
784,hunt_start,Sectid,36,218,6,195,7,target:Rabbit:175
784,reproduce,Monkey,645,423,1,333,3,offspring:1
785,environment_death,Shark,907,10,8,448,0,suffocation
785,hunt_start,Sectid,36,218,6,195,4,target:Rabbit:175
786,hunt_start,Sectid,36,218,9,195,5,target:Rabbit:175
786,kill,Rabbit,227,128,7,103,5,killed_by:Arctic Fox:962
787,hunt_start,Sectid,36,219,1,195,4,target:Rabbit:175
787,kill,Lizard,479,512,0,512,0,killed_by:Hawk:931
787,hunt_start,Arctic Fox,962,129,1,103,7,target:Rabbit:228
787,hunt_fail,Arctic Fox,1277,128,6,103,7,target_died
787,hunt_start,Arctic Fox,1277,128,6,103,7,target:Rabbit:228
788,hunt_start,Sectid,36,219,1,195,7,target:Rabbit:175
788,hunt_start,Sectid,73,437,3,15,1,target:Fox:889
789,hunt_start,Sectid,36,219,2,195,4,target:Rabbit:175
790,hunt_start,Sectid,36,219,0,195,6,target:Rabbit:175
791,hunt_start,Sectid,36,219,0,195,3,target:Rabbit:175
792,hunt_start,Sectid,36,219,1,195,6,target:Rabbit:175
793,hunt_start,Sectid,36,219,3,195,7,target:Rabbit:175
794,hunt_start,Sectid,36,219,3,196,0,target:Rabbit:175
795,hunt_start,Sectid,36,219,5,196,0,target:Rabbit:175
795,reproduce,Tapir,741,226,9,112,1,offspring:1
796,hunt_start,Sectid,36,219,6,196,3,target:Rabbit:172
797,hunt_start,Sectid,36,219,5,196,1,target:Rabbit:175
798,hunt_start,Sectid,36,219,7,195,9,target:Rabbit:172
799,hunt_start,Sectid,36,219,6,196,1,target:Rabbit:172
799,reproduce,Lizard,455,416,0,259,3,offspring:2
800,hunt_start,Sectid,36,219,8,196,0,target:Rabbit:172
800,reproduce,Frog,1003,75,9,461,8,offspring:2
800,reproduce,Frog,1006,145,8,465,1,offspring:2
800,reproduce,Frog,1007,144,9,465,5,offspring:2
800,reproduce,Lizard,1035,127,7,461,8,offspring:2
800,reproduce,Lizard,1036,126,9,445,4,offspring:2
800,reproduce,Lizard,1047,15,8,388,1,offspring:2
800,reproduce,Lizard,1048,3,2,415,4,offspring:2
800,reproduce,Lizard,1050,104,4,233,6,offspring:2
800,spore_matured,Shroomer,-1,504,0,2,1,
800,reproduce,Shroomer,-1,504,0,2,1,offspring:1
800,spore_matured,Shroomer,-1,500,2,10,1,
800,reproduce,Shroomer,-1,500,2,10,1,offspring:1
801,hunt_start,Sectid,36,219,9,196,2,target:Rabbit:172
801,reproduce,Frog,1011,344,9,169,4,offspring:2
802,hunt_start,Sectid,36,220,0,196,0,target:Rabbit:172
802,reproduce,Rabbit,232,266,2,490,5,offspring:2
803,hunt_start,Sectid,36,219,8,195,9,target:Rabbit:172
804,hunt_start,Sectid,36,219,9,195,6,target:Rabbit:172
805,hunt_start,Sectid,36,220,0,195,4,target:Rabbit:172
806,hunt_start,Sectid,36,220,2,195,3,target:Rabbit:172
807,environment_death,Fish,295,45,0,322,5,suffocation
807,hunt_start,Sectid,36,220,5,195,2,target:Rabbit:172
807,kill,Shroomer,1222,275,9,49,9,killed_by:Hawk:936
807,kill,Frog,290,82,6,456,9,killed_by:Fox:1090
807,reproduce,Hawk,936,276,3,50,1,offspring:1
807,spore_created,Shroomer,-1,278,3,62,1,
807,spore_created,Shroomer,-1,270,1,55,3,
808,hunt_start,Sectid,36,220,7,195,1,target:Rabbit:172
808,hunt_start,Hawk,295,276,2,52,2,target:Shroomer:290
808,hunt_fail,Fox,882,82,6,456,7,prey_escaped
808,hunt_start,Fox,882,82,6,456,7,target:Frog:282
808,hunt_start,Hawk,936,276,2,50,1,target:Shroomer:290
808,hunt_start,Fox,1090,82,2,456,6,target:Frog:282
809,hunt_start,Sectid,29,150,2,300,5,target:Deer:1299
809,hunt_start,Sectid,36,220,5,195,3,target:Rabbit:172
810,hunt_start,Sectid,36,220,4,195,1,target:Rabbit:172
811,hunt_start,Sectid,36,220,6,194,9,target:Rabbit:172
811,reproduce,Boar,917,308,6,34,4,offspring:2
812,hunt_start,Sectid,36,220,4,194,8,target:Rabbit:172
812,hunt_fail,Sectid,59,403,0,511,7,discomfort
813,hunt_start,Sectid,36,220,5,194,6,target:Rabbit:172
814,hunt_start,Sectid,36,220,4,194,8,target:Rabbit:172
815,hunt_start,Sectid,36,220,6,194,6,target:Rabbit:172
815,reproduce,Monkey,634,407,0,239,9,offspring:1
816,hunt_start,Sectid,36,220,5,194,4,target:Rabbit:172
817,hunt_start,Sectid,36,220,7,194,6,target:Rabbit:172
818,hunt_start,Sectid,36,220,7,194,8,target:Rabbit:172
818,hunt_start,Fox,891,396,1,432,0,target:Lizard:1163
818,reproduce,Deer,147,322,0,384,1,offspring:1
818,reproduce,Frog,316,497,8,477,2,offspring:2
819,hunt_start,Sectid,36,220,9,194,9,target:Rabbit:172
820,hunt_start,Sectid,36,221,2,194,9,target:Rabbit:172
821,hunt_start,Sectid,36,221,4,195,0,target:Rabbit:172
821,hunt_start,Sectid,66,19,6,235,0,target:Wolf:876
822,hunt_start,Sectid,36,221,6,195,0,target:Rabbit:172
822,hunt_start,Sectid,69,17,7,233,5,target:Wolf:876
823,hunt_start,Sectid,36,221,8,194,8,target:Rabbit:172
823,hunt_fail,Wolf,873,24,3,391,9,discomfort
824,environment_death,Fish,286,253,7,415,3,suffocation
824,hunt_start,Sectid,36,222,0,195,0,target:Rabbit:172
824,hunt_fail,Jaguar,971,111,7,425,2,discomfort
825,hunt_start,Sectid,36,221,8,194,8,target:Rabbit:172
826,hunt_start,Sectid,36,222,0,194,7,target:Rabbit:172
826,reproduce,Tapir,709,74,9,194,3,offspring:1
827,hunt_start,Sectid,36,222,0,194,9,target:Rabbit:172
828,hunt_start,Sectid,36,222,1,194,7,target:Rabbit:172
828,hunt_start,Sectid,75,432,1,11,9,target:Fox:889
829,hunt_start,Sectid,36,222,4,194,7,target:Rabbit:172
829,kill,Sectid,12,20,5,270,2,killed_by:Hawk:562
830,hunt_start,Sectid,36,222,6,194,8,target:Rabbit:172
830,reproduce,Penguin,575,389,7,274,1,offspring:1
831,hunt_start,Sectid,36,222,3,194,7,target:Rabbit:172
831,kill,Rabbit,228,130,4,106,2,killed_by:Arctic Fox:1277
831,reproduce,Deer,143,245,5,268,2,offspring:1
831,reproduce,Penguin,573,397,8,277,1,offspring:1
832,hunt_start,Sectid,36,222,4,194,5,target:Rabbit:172
832,hunt_fail,Arctic Fox,962,130,2,106,3,prey_escaped
833,hunt_start,Sectid,36,222,3,194,3,target:Rabbit:172
833,hunt_fail,Wolf,864,119,5,428,4,discomfort
833,reproduce,Fish,285,249,0,406,1,offspring:2
834,hunt_start,Sectid,36,222,1,194,1,target:Rabbit:172
834,hunt_start,Fox,883,63,3,265,5,target:Parrot:1080
835,hunt_start,Sectid,36,222,2,193,8,target:Rabbit:172
835,reproduce,Parrot,702,472,9,64,8,offspring:1
836,hunt_start,Sectid,36,222,4,194,0,target:Rabbit:172
836,reproduce,Monkey,627,31,9,287,1,offspring:1
837,hunt_start,Sectid,36,222,2,193,9,target:Rabbit:172
838,hunt_start,Sectid,36,222,3,194,1,target:Rabbit:172
838,hunt_fail,Wolf,872,24,5,392,2,discomfort
839,hunt_start,Sectid,36,222,1,193,9,target:Rabbit:172
840,hunt_start,Sectid,36,222,3,193,9,target:Rabbit:172
841,hunt_start,Sectid,36,222,5,193,9,target:Rabbit:172
841,hunt_start,Arctic Fox,1277,129,9,105,9,target:Rabbit:225
841,reproduce,Monkey,673,260,8,192,8,offspring:1
842,hunt_start,Sectid,36,222,4,193,7,target:Rabbit:172
843,hunt_start,Sectid,36,222,5,193,9,target:Rabbit:172
843,reproduce,Monkey,628,37,1,288,0,offspring:1
844,hunt_start,Sectid,36,222,7,193,8,target:Rabbit:172
844,reproduce,Frog,1132,162,2,384,5,offspring:2
844,reproduce,Frog,1133,163,5,383,4,offspring:2
845,hunt_start,Sectid,36,222,5,193,8,target:Rabbit:172
846,hunt_start,Sectid,36,222,5,194,0,target:Rabbit:172
846,hunt_start,Snake,954,97,7,374,7,target:Lizard:469
847,hunt_start,Sectid,36,222,5,194,2,target:Rabbit:172
847,hunt_fail,Sectid,60,402,6,511,4,discomfort
848,hunt_start,Sectid,36,222,4,194,4,target:Rabbit:172
849,hunt_start,Sectid,36,222,2,194,3,target:Rabbit:175
849,hunt_start,Sectid,50,352,8,33,1,target:Snake:948
850,hunt_start,Sectid,36,222,1,194,0,target:Rabbit:175
850,reproduce,Deer,166,293,9,509,9,offspring:1
850,reproduce,Lizard,488,243,3,435,8,offspring:2
851,hunt_start,Sectid,36,222,2,194,3,target:Rabbit:175
851,reproduce,Elk,425,77,0,256,8,offspring:1
852,hunt_start,Sectid,36,222,0,194,5,target:Rabbit:175
852,hunt_start,Hawk,931,509,0,510,3,target:Lizard:1138
852,hunt_fail,Jaguar,970,415,7,132,0,discomfort
852,reproduce,Elk,451,477,2,312,5,offspring:1
853,hunt_start,Sectid,36,221,9,194,2,target:Rabbit:175
853,hunt_start,Arctic Fox,959,245,7,119,4,target:Rabbit:1165
853,spore_matured,Shroomer,-1,100,5,162,7,
853,reproduce,Shroomer,-1,100,5,162,7,offspring:1
854,environment_death,Rabbit,225,123,5,109,3,drowning
854,hunt_start,Sectid,36,221,7,194,2,target:Rabbit:175
854,hunt_fail,Arctic Fox,1277,128,7,106,6,target_died
854,reproduce,Monkey,630,36,8,288,2,offspring:1
855,hunt_start,Sectid,36,221,9,194,2,target:Rabbit:175
856,hunt_start,Sectid,36,221,7,194,1,target:Rabbit:172
856,kill,Sectid,36,221,7,194,1,killed_by:Fox:884
856,hunt_start,Fox,892,468,2,391,0,target:Monkey:1071
857,environment_death,Lizard,472,410,8,512,0,drowning
857,hunt_start,Fox,884,221,4,194,4,target:Rabbit:172
859,reproduce,Parrot,687,9,5,415,5,offspring:1
859,spore_matured,Shroomer,-1,501,6,-3,4,
859,reproduce,Shroomer,-1,501,6,-3,4,offspring:1
860,hunt_start,Sectid,65,18,0,228,9,target:Wolf:876
865,reproduce,Camel,512,351,3,504,3,offspring:1
866,kill,Shroomer,290,269,0,56,4,killed_by:Hawk:295
866,reproduce,Rabbit,239,304,3,51,2,offspring:2
867,hunt_start,Hawk,295,269,1,56,2,target:Shroomer:1222
868,hunt_start,Sectid,71,438,0,14,4,target:Fox:889
869,hunt_start,Sectid,65,18,2,229,4,target:Wolf:876
869,reproduce,Lizard,1153,278,8,493,8,offspring:2
869,reproduce,Lizard,1154,284,6,501,2,offspring:2
870,hunt_start,Sectid,67,22,1,223,3,target:Wolf:876
871,hunt_start,Sectid,69,17,8,234,1,target:Wolf:876
873,environment_death,Shroomer,1233,87,9,238,7,drowning
876,hunt_start,Sectid,73,437,7,14,5,target:Fox:889
876,kill,Fox,889,437,5,15,0,killed_by:Sectid:73
876,reproduce,Lizard,471,389,9,507,3,offspring:2
877,kill,Rabbit,200,167,4,142,5,killed_by:Wolf:1087
877,reproduce,Tapir,721,306,8,114,2,offspring:1
878,hunt_start,Wolf,1087,167,7,142,8,target:Rabbit:196
878,reproduce,Elk,453,476,8,314,4,offspring:1
878,spore_matured,Shroomer,-1,227,7,108,1,
878,reproduce,Shroomer,-1,227,7,108,1,offspring:1
879,reproduce,Elk,412,234,3,157,1,offspring:1
882,hunt_start,Hawk,929,24,3,306,9,target:Penguin:561
900,hunt_start,Sectid,66,19,5,235,3,target:Wolf:876
901,hunt_start,Sectid,69,17,1,234,3,target:Wolf:876
904,environment_death,Deer,104,119,5,31,8,drowning
907,environment_death,Lizard,468,409,6,134,9,drowning
908,reproduce,Elk,440,133,2,389,0,offspring:1
911,hunt_fail,Arctic Fox,959,242,5,125,8,discomfort
911,spore_matured,Shroomer,-1,501,6,4,1,
911,reproduce,Shroomer,-1,501,6,4,1,offspring:1
914,hunt_start,Snake,949,404,6,129,1,target:Lizard:1034
920,hunt_start,Snake,946,140,5,483,1,target:Frog:334
920,hunt_start,Jaguar,971,110,2,423,4,target:Parrot:677
922,kill,Parrot,1004,0,0,382,0,killed_by:Hawk:934
922,kill,Lizard,54,0,0,372,7,killed_by:Hawk:1097
922,reproduce,Turtle,359,365,2,332,0,offspring:1
923,hunt_fail,Wolf,863,101,9,371,7,discomfort
923,hunt_start,Hawk,934,0,0,382,2,target:Lizard:1232
923,hunt_start,Hawk,1097,0,0,373,2,target:Lizard:491
927,spore_matured,Shroomer,-1,278,3,62,1,
927,reproduce,Shroomer,-1,278,3,62,1,offspring:1
928,hunt_fail,Hawk,295,277,6,61,7,target_died
928,hunt_start,Hawk,295,277,6,61,7,target:Frog:327
929,reproduce,Deer,109,288,0,446,0,offspring:1
933,kill,Rabbit,242,17,0,99,3,killed_by:Hawk:1096
934,hunt_start,Hawk,1096,16,8,99,5,target:Rabbit:243
937,hunt_fail,Snake,954,98,6,373,3,discomfort
937,spore_created,Shroomer,-1,117,0,203,8,
937,spore_created,Shroomer,-1,112,8,211,3,
939,reproduce,Monkey,637,168,5,254,3,offspring:1
940,hunt_start,Sectid,67,22,1,223,3,target:Wolf:876
940,kill,Rabbit,172,220,7,194,8,killed_by:Fox:884
942,hunt_fail,Polar Bear,955,232,2,79,5,discomfort
942,reproduce,Rabbit,220,465,0,143,5,offspring:2
942,reproduce,Monkey,654,285,3,108,9,offspring:1
944,hunt_start,Jaguar,973,358,1,344,6,target:Boar:918
954,kill,Frog,282,99,1,456,4,killed_by:Fox:882
955,hunt_fail,Fox,1090,98,5,456,6,target_died
957,kill,Rabbit,196,169,0,139,9,killed_by:Wolf:1087
958,hunt_start,Wolf,1087,169,3,139,5,target:Rabbit:197
960,reproduce,Deer,121,155,0,312,5,offspring:1
963,reproduce,Camel,533,325,0,96,4,offspring:1
964,kill,Rabbit,987,270,6,119,5,killed_by:Arctic Fox:1316
964,reproduce,Deer,122,43,0,373,5,offspring:1
968,reproduce,Elk,415,236,6,165,5,offspring:1
968,reproduce,Monkey,643,409,2,340,0,offspring:1
970,hunt_start,Sectid,71,439,0,14,7,target:Parrot:1081
971,reproduce,Frog,229,228,9,311,1,offspring:2
971,reproduce,Frog,305,235,9,299,6,offspring:2
972,reproduce,Monkey,674,259,1,186,1,offspring:1
974,reproduce,Lizard,41,246,7,427,4,offspring:2
974,reproduce,Lizard,1184,236,3,414,8,offspring:2
975,kill,Lizard,1027,429,3,275,8,killed_by:Crocodile:1164
976,hunt_start,Crocodile,1164,429,6,276,7,target:Lizard:456
976,reproduce,Parrot,681,147,6,350,0,offspring:1
979,reproduce,Elk,410,235,7,158,0,offspring:1
980,hunt_start,Sectid,69,18,1,236,0,target:Wolf:876
982,reproduce,Musk Ox,625,6,5,18,0,offspring:1
983,reproduce,Camel,522,417,5,364,0,offspring:1
984,reproduce,Deer,95,447,9,115,0,offspring:1
986,hunt_fail,Snake,946,138,4,481,0,target_died
989,hunt_start,Sectid,65,16,7,229,5,target:Wolf:876
990,hunt_start,Sectid,69,18,1,236,0,target:Wolf:876
998,hunt_fail,Wolf,865,103,8,375,5,discomfort
1000,reproduce,Rabbit,988,303,5,46,4,offspring:2
1000,reproduce,Parrot,1077,133,9,343,4,offspring:1
1000,reproduce,Parrot,1081,451,4,20,6,offspring:1
1000,reproduce,Parrot,1082,342,9,491,1,offspring:1
1001,reproduce,Boar,913,480,8,422,2,offspring:2
1003,hunt_fail,Fox,888,261,8,439,1,discomfort
1003,reproduce,Elk,441,133,7,391,3,offspring:1
1010,hunt_fail,Arctic Fox,966,490,2,48,6,discomfort
1014,hunt_start,Sectid,50,353,4,33,3,target:Snake:948
1014,reproduce,Monkey,655,281,9,107,9,offspring:1
1015,environment_death,Lizard,469,99,3,366,4,drowning
1015,hunt_fail,Wolf,862,104,0,375,6,target_died
1016,hunt_fail,Crocodile,1092,149,6,297,5,prey_escaped
1016,hunt_start,Crocodile,1092,149,6,297,5,target:Sectid:31
1017,environment_death,Shark,903,278,3,355,8,suffocation
1018,hunt_fail,Fox,892,464,0,383,0,discomfort
1018,reproduce,Camel,515,356,2,505,7,offspring:1
1020,hunt_start,Sectid,67,20,4,225,2,target:Wolf:876
1020,hunt_fail,Fox,883,75,0,252,9,discomfort
1020,reproduce,Fish,11,101,5,189,2,offspring:2
1020,reproduce,Fish,44,100,6,188,5,offspring:2
1020,reproduce,Fish,262,97,0,197,5,offspring:2
1020,reproduce,Parrot,1115,22,8,383,6,offspring:1
1023,reproduce,Lizard,484,126,0,47,7,offspring:2
1023,reproduce,Monkey,646,426,2,332,3,offspring:1
1025,kill,Boar,918,356,9,339,5,killed_by:Jaguar:973
1026,hunt_start,Jaguar,973,357,1,340,1,target:Fish:276
1026,reproduce,Monkey,635,407,0,248,3,offspring:1
1026,reproduce,Jaguar,973,357,1,340,1,offspring:1
1027,hunt_start,Jaguar,1427,359,0,343,2,target:Boar:483
1029,hunt_start,Sectid,66,19,0,234,8,target:Wolf:876
1030,hunt_start,Sectid,69,18,2,236,0,target:Wolf:876
1030,reproduce,Musk Ox,604,358,7,187,1,offspring:1
1031,hunt_start,Arctic Fox,961,497,5,252,3,target:Penguin:537
1033,kill,Rabbit,243,18,2,99,1,killed_by:Hawk:1096
1033,reproduce,Rabbit,1127,462,7,143,8,offspring:2
1034,hunt_start,Hawk,1096,18,5,99,2,target:Rabbit:240
1034,reproduce,Musk Ox,584,104,0,32,0,offspring:1
1037,reproduce,Camel,503,217,1,177,3,offspring:1
1038,hunt_start,Fox,896,247,0,299,8,target:Frog:305
1042,kill,Rabbit,197,171,1,142,0,killed_by:Wolf:1087
1043,hunt_start,Hawk,935,321,3,421,3,target:Frog:332
1043,hunt_start,Wolf,1087,170,8,142,3,target:Rabbit:199
1043,reproduce,Camel,523,418,5,365,1,offspring:1
1049,hunt_start,Wolf,275,174,9,156,6,target:Rabbit:199
1049,hunt_fail,Polar Bear,958,236,2,416,7,discomfort
1050,hunt_start,Arctic Fox,959,240,8,126,3,target:Rabbit:1166
1050,reproduce,Turtle,363,131,6,99,1,offspring:1
1052,kill,Penguin,561,4,8,297,1,killed_by:Hawk:929
1055,hunt_start,Wolf,567,341,9,469,8,target:Parrot:1223
1057,spore_matured,Shroomer,-1,117,2,203,8,
1057,reproduce,Shroomer,-1,117,2,203,8,offspring:1
1058,environment_death,Lizard,491,-0,1,361,1,drowning
1058,hunt_start,Wolf,872,24,5,396,7,target:Lizard:1047
1058,hunt_fail,Hawk,1097,1,2,367,4,target_died
1058,hunt_start,Hawk,1097,1,2,367,4,target:Parrot:1320
1058,reproduce,Rabbit,247,70,0,56,4,offspring:2
1060,reproduce,Tapir,744,387,2,254,3,offspring:1
1062,reproduce,Boar,914,13,7,378,2,offspring:2
1063,hunt_start,Snake,1098,385,7,478,1,target:Rabbit:208
1067,hunt_fail,Arctic Fox,959,241,4,128,0,discomfort
1068,hunt_start,Sectid,17,224,6,481,8,target:Scorpion:938
1068,kill,Deer,118,150,5,321,8,killed_by:Sectid:33
1068,hunt_start,Wolf,1089,48,7,14,5,target:Shroomer:759
1069,hunt_fail,Sectid,30,151,0,320,4,target_died
1069,hunt_start,Sectid,30,151,0,320,4,target:Deer:282
1069,hunt_fail,Sectid,32,151,5,319,1,target_died
1069,hunt_start,Sectid,67,21,1,224,5,target:Wolf:876
1069,reproduce,Parrot,682,142,1,330,6,offspring:1
1075,reproduce,Rabbit,205,339,7,147,6,offspring:2
1076,reproduce,Elk,418,54,4,202,9,offspring:1
1076,reproduce,Elk,419,57,8,198,5,offspring:1
1076,reproduce,Elk,422,59,3,194,9,offspring:1
1077,hunt_start,Polar Bear,1099,506,2,255,9,target:Penguin:537
1081,hunt_start,Scorpion,938,223,2,474,8,target:Sectid:17
1082,kill,Frog,327,281,3,75,7,killed_by:Hawk:295
1082,reproduce,Elk,426,78,7,259,0,offspring:1
1082,spore_created,Shroomer,-1,468,3,11,1,
1082,spore_created,Shroomer,-1,466,3,25,7,
1083,hunt_start,Hawk,295,281,2,75,5,target:Frog:325
1084,reproduce,Hawk,929,5,9,299,0,offspring:1
1085,hunt_start,Hawk,929,5,9,299,1,target:Penguin:563
1085,kill,Lizard,1138,491,4,479,8,killed_by:Hawk:931
1085,hunt_start,Hawk,1443,7,0,299,8,target:Penguin:563
1085,reproduce,Lizard,230,507,2,484,4,offspring:2
1085,reproduce,Lizard,459,484,1,493,9,offspring:2
1085,reproduce,Lizard,480,511,0,500,4,offspring:2
1085,reproduce,Lizard,1139,508,6,484,4,offspring:2
1086,hunt_start,Hawk,931,491,6,480,0,target:Frog:1368
1086,reproduce,Deer,142,245,0,275,3,offspring:1
1093,reproduce,Frog,481,476,9,1,6,offspring:2
1094,hunt_start,Hawk,933,431,9,237,8,target:Monkey:496
1095,reproduce,Frog,1191,480,9,2,7,offspring:2
1098,reproduce,Camel,516,349,2,497,2,offspring:1
1100,reproduce,Penguin,549,249,3,276,4,offspring:1
1102,reproduce,Parrot,701,472,1,66,8,offspring:1
1105,reproduce,Parrot,685,8,9,417,3,offspring:1
1107,hunt_fail,Sectid,21,216,1,482,9,discomfort
1108,hunt_start,Sectid,17,223,5,476,8,target:Scorpion:938
1109,hunt_start,Sectid,65,14,9,228,2,target:Wolf:876
1110,hunt_start,Sectid,67,22,1,224,7,target:Wolf:876
1113,reproduce,Deer,124,39,8,363,6,offspring:1
1117,hunt_start,Sectid,5,252,4,273,6,target:Penguin:549
1117,reproduce,Deer,164,300,3,506,3,offspring:1
1120,hunt_start,Sectid,69,18,0,234,7,target:Wolf:876
1120,reproduce,Parrot,1078,81,9,246,1,offspring:1
1121,environment_death,Fish,291,45,0,322,5,suffocation
1122,kill,Sectid,17,223,5,476,0,killed_by:Scorpion:938
1122,kill,Rabbit,199,169,9,145,6,killed_by:Wolf:1087
1123,environment_death,Fish,276,360,0,344,0,suffocation
1123,hunt_fail,Wolf,275,172,4,149,9,target_died
1123,hunt_start,Wolf,275,172,4,149,9,target:Rabbit:198
1123,hunt_fail,Jaguar,973,359,1,344,7,target_died
1123,hunt_start,Jaguar,973,359,1,344,7,target:Boar:483
1123,hunt_start,Wolf,1087,170,0,145,2,target:Rabbit:198
1124,hunt_start,Jaguar,970,424,1,132,0,target:Lizard:1276
1126,hunt_start,Jaguar,337,262,9,472,2,target:Rabbit:1362
1128,reproduce,Parrot,704,337,0,482,3,offspring:1
1128,spore_created,Shroomer,-1,224,3,50,7,
1128,spore_created,Shroomer,-1,222,9,63,7,
1130,reproduce,Monkey,675,256,5,189,3,offspring:1
1131,hunt_fail,Crocodile,1092,149,2,297,7,prey_escaped
1132,kill,Boar,483,361,6,345,6,killed_by:Jaguar:1427
1133,hunt_fail,Jaguar,973,359,2,344,6,target_died
1133,kill,Rabbit,240,15,3,100,4,killed_by:Hawk:1096
1134,hunt_start,Sectid,50,355,0,34,1,target:Snake:948
1134,hunt_start,Hawk,1096,15,4,100,2,target:Rabbit:241
1136,hunt_start,Fox,894,439,6,390,6,target:Monkey:1230
1136,reproduce,Musk Ox,587,370,0,57,1,offspring:1
1138,reproduce,Tapir,711,42,3,283,4,offspring:1
1149,hunt_start,Sectid,66,18,9,234,8,target:Wolf:876
1149,hunt_start,Snake,950,402,0,478,1,target:Rabbit:209
1150,hunt_start,Sectid,69,18,1,235,9,target:Wolf:876
1151,kill,Deer,1299,132,0,309,3,killed_by:Sectid:29
1152,hunt_fail,Sectid,31,132,3,309,0,target_died
1152,hunt_start,Sectid,31,132,3,309,0,target:Deer:119
1153,environment_death,Deer,78,451,2,108,4,drowning
1154,hunt_start,Fox,1090,87,5,459,3,target:Frog:314
1161,hunt_fail,Snake,949,408,6,127,5,prey_escaped
1162,reproduce,Turtle,379,433,8,269,3,offspring:1
1167,kill,Parrot,1320,0,0,385,5,killed_by:Hawk:1097
1168,hunt_fail,Sectid,29,133,6,308,2,discomfort
1168,hunt_start,Hawk,1097,0,0,385,3,target:Lizard:1355
1171,environment_death,Fish,264,113,1,204,7,suffocation
1180,reproduce,Penguin,554,245,1,260,1,offspring:1
1181,environment_death,Lizard,485,401,6,373,0,drowning
1182,kill,Frog,325,284,6,72,7,killed_by:Hawk:295
1183,hunt_start,Hawk,295,284,9,72,8,target:Frog:326
1187,kill,Penguin,549,244,6,281,2,killed_by:Sectid:5
1189,hunt_start,Sectid,67,22,0,223,5,target:Wolf:876
1200,reproduce,Deer,144,244,1,271,2,offspring:1
1200,reproduce,Rabbit,237,420,9,333,1,offspring:2
1200,reproduce,Monkey,1074,250,8,174,2,offspring:1
1201,hunt_start,Fox,883,81,0,256,8,target:Monkey:672
1201,reproduce,Turtle,370,106,3,400,4,offspring:1
1201,kill,Sectid,48,355,6,35,0,killed_by:Faeling:1206
1202,hunt_start,Fox,884,221,0,194,4,target:Rabbit:175
1203,hunt_start,Fox,892,466,7,386,3,target:Monkey:1265
1203,reproduce,Parrot,223,10,9,419,0,offspring:1
1205,reproduce,Penguin,542,506,5,241,6,offspring:1
1206,hunt_fail,Wolf,877,384,2,512,0,discomfort
1208,environment_death,Fish,293,45,1,323,6,suffocation
1208,kill,Rabbit,198,174,0,142,6,killed_by:Wolf:1087
1209,kill,Parrot,1081,473,6,29,7,killed_by:Sectid:71
1209,hunt_fail,Wolf,275,173,7,143,0,target_died
1209,hunt_start,Crocodile,1092,149,0,298,8,target:Sectid:32
1210,hunt_start,Sectid,71,473,2,29,5,target:Shroomer:850
1210,hunt_fail,Sectid,73,472,9,29,4,target_died
1210,hunt_fail,Sectid,75,471,5,28,8,target_died
1212,environment_death,Deer,121,158,2,314,3,drowning
1217,environment_death,Deer,76,451,4,106,7,drowning
1218,kill,Rabbit,209,400,9,474,5,killed_by:Snake:950
1219,hunt_start,Snake,950,400,9,474,8,target:Rabbit:208
1220,reproduce,Rabbit,175,222,0,192,3,offspring:2
1221,kill,Rabbit,290,321,5,47,4,killed_by:Hawk:936
1222,hunt_start,Hawk,936,321,3,47,4,target:Rabbit:536
1225,reproduce,Penguin,564,21,0,300,5,offspring:1
1226,hunt_start,Fox,888,270,1,440,6,target:Fish:72
1226,hunt_start,Scorpion,938,224,2,478,6,target:Sectid:21
1229,hunt_start,Sectid,65,16,2,229,0,target:Wolf:876
1230,hunt_start,Sectid,67,22,2,223,5,target:Wolf:876
1232,kill,Frog,305,227,9,297,9,killed_by:Fox:896
1233,hunt_start,Fox,896,228,2,297,9,target:Frog:1400
1233,kill,Rabbit,241,14,8,102,8,killed_by:Hawk:1096
1234,hunt_fail,Arctic Fox,961,511,3,243,5,discomfort
1235,kill,Frog,1368,510,5,479,3,killed_by:Hawk:931
1236,hunt_start,Hawk,931,510,3,479,5,target:Frog:316
1237,hunt_start,Sectid,5,240,0,278,8,target:Penguin:1457
1237,hunt_start,Sectid,69,18,0,235,0,target:Wolf:876
1245,reproduce,Lizard,473,472,6,288,4,offspring:2
1248,spore_matured,Shroomer,-1,224,3,50,7,
1248,reproduce,Shroomer,-1,224,3,50,7,offspring:1
1248,spore_matured,Shroomer,-1,222,9,63,7,
1248,reproduce,Shroomer,-1,222,9,63,7,offspring:1
1249,reproduce,Lizard,456,415,8,255,9,offspring:2
1250,kill,Rabbit,175,221,9,191,9,killed_by:Fox:884
1251,kill,Frog,332,343,7,410,7,killed_by:Hawk:935
1251,reproduce,Frog,214,351,6,400,9,offspring:2
1251,reproduce,Frog,299,364,2,404,3,offspring:2
1251,reproduce,Frog,304,357,2,403,5,offspring:2
1251,reproduce,Frog,331,358,4,406,8,offspring:2
1251,reproduce,Frog,1193,357,2,417,5,offspring:2
1252,hunt_start,Hawk,935,344,0,410,7,target:Frog:1466
1253,reproduce,Musk Ox,588,372,0,55,0,offspring:1
1254,hunt_start,Sectid,50,356,1,34,7,target:Snake:948
1254,spore_matured,Shroomer,-1,468,3,11,1,
1254,reproduce,Shroomer,-1,468,3,11,1,offspring:1
1256,kill,Penguin,563,32,8,292,9,killed_by:Hawk:1443
1257,hunt_fail,Hawk,929,32,1,293,0,target_died
1257,hunt_start,Hawk,929,32,1,293,0,target:Monkey:1374
1257,hunt_start,Hawk,1443,32,5,292,9,target:Monkey:1374
1258,hunt_start,Wolf,858,183,0,164,1,target:Lizard:1052
1259,reproduce,Parrot,210,478,6,68,5,offspring:1
1260,hunt_start,Sectid,9,180,2,254,4,target:Monkey:43
1262,reproduce,Monkey,1147,148,5,249,2,offspring:1
1266,reproduce,Penguin,545,504,7,239,6,offspring:1
1269,hunt_start,Sectid,66,18,6,234,8,target:Wolf:876
1270,hunt_start,Sectid,69,18,9,235,5,target:Wolf:876
1272,reproduce,Parrot,687,10,5,417,9,offspring:1
1280,reproduce,Lizard,57,130,6,400,5,offspring:2
1280,reproduce,Parrot,686,0,0,356,2,offspring:1
1282,kill,Rabbit,208,400,8,475,7,killed_by:Snake:950
1282,reproduce,Fish,1293,249,2,407,3,offspring:2
1282,reproduce,Fish,1294,249,6,408,2,offspring:2
1283,hunt_start,Snake,950,401,0,475,7,target:Rabbit:207
1283,hunt_fail,Snake,1098,391,6,476,7,prey_escaped
1283,reproduce,Parrot,297,478,2,41,5,offspring:1
1283,reproduce,Monkey,1143,406,3,332,7,offspring:1
1284,reproduce,Musk Ox,626,9,2,19,2,offspring:1
1285,reproduce,Camel,521,423,5,366,5,offspring:1
1287,environment_death,Shark,904,119,6,196,0,suffocation
1287,reproduce,Camel,525,290,4,436,4,offspring:1
1288,reproduce,Rabbit,260,413,1,331,2,offspring:2
1289,reproduce,Tapir,748,145,0,214,0,offspring:1
1290,kill,Frog,326,289,3,67,1,killed_by:Hawk:295
1291,hunt_start,Hawk,295,289,4,67,3,target:Frog:1009
1292,kill,Monkey,496,397,6,241,2,killed_by:Hawk:933
1292,reproduce,Monkey,631,385,0,251,9,offspring:1
1292,reproduce,Monkey,633,405,7,250,1,offspring:1
1293,hunt_start,Hawk,933,397,9,241,1,target:Monkey:1005
1298,kill,Shroomer,759,59,7,30,2,killed_by:Wolf:1089
1298,reproduce,Monkey,627,0,0,333,6,offspring:1
1299,starvation,Fish,998,350,2,248,6,
1299,starvation,Fish,1000,365,2,267,3,
1299,hunt_start,Wolf,1089,59,3,29,9,target:Shroomer:758
1300,reproduce,Monkey,659,50,8,205,1,offspring:1
1300,reproduce,Monkey,664,64,0,210,7,offspring:1
1304,reproduce,Penguin,550,244,6,262,2,offspring:1
1305,spore_created,Shroomer,-1,115,4,203,6,
1305,spore_created,Shroomer,-1,115,6,201,2,
1306,reproduce,Rabbit,254,214,1,288,6,offspring:2
1306,reproduce,Boar,915,181,0,346,3,offspring:2
1306,reproduce,Lizard,1163,351,9,387,4,offspring:2
1306,kill,Sectid,51,367,9,46,7,killed_by:Faeling:1206
1309,hunt_start,Sectid,67,21,6,223,3,target:Wolf:876
1309,hunt_fail,Wolf,861,190,1,164,6,discomfort
1309,hunt_start,Boar,1094,312,8,30,4,target:Rabbit:536
1310,hunt_fail,Fox,892,466,1,389,4,discomfort
1312,environment_death,Camel,508,65,4,368,2,drowning
1312,reproduce,Rabbit,216,408,3,265,0,offspring:2
1313,kill,Sectid,21,222,7,480,3,killed_by:Scorpion:938
1316,hunt_fail,Jaguar,971,121,8,395,4,discomfort
1319,kill,Frog,1400,226,9,305,8,killed_by:Fox:896
1320,hunt_start,Fox,896,226,9,305,5,target:Frog:229
1320,reproduce,Penguin,565,28,4,290,3,offspring:1
1321,starvation,Fish,1119,214,5,423,5,
1321,starvation,Fish,1120,248,4,447,0,
1322,reproduce,Turtle,371,109,3,397,9,offspring:1
1322,reproduce,Monkey,672,96,1,245,9,offspring:1
1329,hunt_fail,Arctic Fox,1100,133,4,67,1,prey_escaped
1331,hunt_start,Arctic Fox,961,511,6,240,2,target:Penguin:537
1331,reproduce,Monkey,663,63,1,211,9,offspring:1
1331,reproduce,Monkey,668,96,1,246,8,offspring:1
1332,hunt_fail,Fox,883,91,0,248,8,discomfort
1333,hunt_fail,Wolf,860,190,5,164,1,discomfort
1335,hunt_fail,Wolf,858,189,2,164,6,discomfort
1337,environment_death,Fish,292,44,7,322,1,suffocation
1342,starvation,Frog,346,4,6,348,5,
1342,reproduce,Parrot,692,31,3,230,4,offspring:1
1344,hunt_start,Scorpion,938,222,9,481,3,target:Sectid:20
1346,kill,Rabbit,207,402,4,474,9,killed_by:Snake:950
1347,reproduce,Snake,950,402,2,474,7,offspring:1
1347,reproduce,Fish,1325,154,8,385,6,offspring:2
1347,reproduce,Fish,1326,154,2,384,5,offspring:2
1349,hunt_start,Sectid,65,16,4,229,2,target:Wolf:876
1349,reproduce,Deer,155,413,7,434,1,offspring:1
1350,hunt_start,Sectid,69,18,8,235,5,target:Wolf:876
1350,kill,Frog,316,509,3,482,9,killed_by:Hawk:931
1350,spore_created,Shroomer,-1,159,5,99,8,
1350,spore_created,Shroomer,-1,163,9,99,4,
1351,hunt_start,Hawk,931,509,2,483,1,target:Lizard:1449
1355,reproduce,Elk,431,78,0,260,5,offspring:1
1358,reproduce,Deer,117,143,5,304,4,offspring:1
1359,hunt_start,Sectid,67,20,9,224,0,target:Wolf:876
1359,reproduce,Deer,166,296,8,496,5,offspring:1
1360,hunt_start,Sectid,69,18,8,235,5,target:Wolf:876
1363,reproduce,Boar,916,394,2,106,3,offspring:2
1364,starvation,Fish,999,361,9,252,3,
1365,reproduce,Elk,427,84,3,262,0,offspring:1
1374,hunt_start,Sectid,50,357,5,35,3,target:Snake:948
1379,starvation,Fish,1001,363,5,268,4,
1381,hunt_start,Crocodile,1303,501,3,166,1,target:Shroomer:793
1384,kill,Rabbit,536,322,0,31,4,killed_by:Hawk:936
1384,reproduce,Parrot,45,32,0,233,7,offspring:1
1385,hunt_start,Hawk,936,321,8,31,5,target:Rabbit:212
1385,hunt_fail,Boar,1094,316,1,31,8,target_died
1385,reproduce,Deer,146,256,5,272,0,offspring:1
1386,kill,Parrot,703,398,1,512,0,killed_by:Wolf:877
1387,hunt_start,Wolf,877,397,8,511,4,target:Sectid:62
1387,hunt_fail,Wolf,878,398,3,511,2,target_died
1389,hunt_start,Sectid,66,19,2,233,1,target:Wolf:876
1390,kill,Sectid,47,371,8,54,5,killed_by:Faeling:1206
1392,hunt_fail,Jaguar,970,441,1,141,7,discomfort
1392,reproduce,Deer,112,356,5,42,3,offspring:1
1394,reproduce,Deer,115,362,9,40,6,offspring:1
1394,reproduce,Elk,452,471,5,318,0,offspring:1
1396,hunt_start,Sectid,69,18,5,234,8,target:Wolf:876
1397,reproduce,Tapir,720,104,9,158,0,offspring:1
1399,hunt_start,Sectid,20,223,7,485,4,target:Scorpion:938
1399,hunt_start,Jaguar,971,124,9,395,3,target:Elk:438
1399,kill,Sectid,71,454,9,22,0,killed_by:Shroomer:823
1399,kill,Sectid,75,453,1,21,3,killed_by:Shroomer:823
1399,kill,Sectid,73,454,6,21,9,killed_by:Shroomer:823
1399,spore_created,Shroomer,-1,422,7,406,0,
1399,spore_created,Shroomer,-1,426,6,408,4,
1400,reproduce,Rabbit,560,220,2,201,1,offspring:2
1403,hunt_start,Arctic Fox,1316,275,0,116,6,target:Monkey:1417
1405,environment_death,Deer,100,119,6,32,0,drowning
1406,kill,Frog,1466,365,3,424,6,killed_by:Hawk:935
1407,hunt_start,Hawk,935,365,1,424,5,target:Frog:330
1410,reproduce,Elk,433,89,9,260,9,offspring:1
1411,reproduce,Deer,154,419,9,437,8,offspring:1
1412,starvation,Frog,1009,285,3,83,3,
1412,hunt_fail,Hawk,295,285,4,83,0,target_died
1412,hunt_start,Hawk,295,285,4,83,0,target:Monkey:653
1413,environment_death,Monkey,669,99,3,251,3,drowning
1415,kill,Shroomer,758,60,7,22,9,killed_by:Wolf:1089
1416,reproduce,Deer,156,417,7,435,2,offspring:1
1416,reproduce,Monkey,1158,40,7,288,0,offspring:1
1417,reproduce,Elk,424,47,0,191,6,offspring:1
1417,reproduce,Rabbit,989,299,4,45,0,offspring:2
1419,reproduce,Rabbit,187,408,2,482,3,offspring:2
1422,kill,Monkey,1374,38,9,269,4,killed_by:Hawk:1443
1423,hunt_fail,Hawk,929,38,7,270,0,target_died
1423,hunt_start,Hawk,929,38,7,270,0,target:Monkey:1110
1423,hunt_start,Hawk,1443,38,8,269,6,target:Monkey:1110
1424,hunt_start,Jaguar,975,229,6,388,5,target:Fish:1178
1425,spore_matured,Shroomer,-1,115,3,203,5,
1425,reproduce,Shroomer,-1,115,3,203,5,offspring:1
1426,reproduce,Elk,436,136,2,398,1,offspring:1
1427,reproduce,Fish,285,255,7,406,2,offspring:2
1429,hunt_start,Sectid,6,180,2,255,2,target:Monkey:636
1429,hunt_start,Sectid,67,22,5,223,0,target:Wolf:876
1429,reproduce,Parrot,1203,140,9,334,8,offspring:1
1432,kill,Elk,438,129,0,393,7,killed_by:Jaguar:971
1432,reproduce,Monkey,673,257,9,187,0,offspring:1
1433,reproduce,Jaguar,971,128,4,393,9,offspring:1
1434,hunt_start,Jaguar,971,128,4,393,9,target:Elk:1416
1434,hunt_start,Jaguar,1512,129,6,392,4,target:Elk:1416
1439,environment_death,Monkey,667,91,8,257,5,drowning
1439,reproduce,Monkey,1110,47,2,272,0,offspring:1
1442,hunt_fail,Fox,891,348,1,383,7,discomfort
1444,reproduce,Rabbit,245,505,1,304,7,offspring:2
1446,kill,Sectid,62,400,5,510,0,killed_by:Wolf:878
1446,reproduce,Parrot,296,6,2,417,4,offspring:1
1447,hunt_start,Sectid,66,20,8,233,5,target:Wolf:876
1447,hunt_fail,Wolf,877,398,6,511,0,prey_escaped
1447,hunt_start,Wolf,877,398,6,511,0,target:Lizard:306
1448,hunt_start,Sectid,69,18,8,235,5,target:Wolf:876
1448,reproduce,Fish,1180,152,7,384,0,offspring:2
1448,reproduce,Lizard,1268,27,1,153,4,offspring:2
1449,hunt_fail,Wolf,878,400,0,510,0,discomfort
1450,reproduce,Fish,1179,154,0,383,3,offspring:2
1451,reproduce,Musk Ox,602,363,2,186,4,offspring:1
1453,starvation,Fish,289,205,4,391,5,
1453,reproduce,Monkey,324,260,8,191,2,offspring:1
1453,reproduce,Fish,1371,248,5,408,1,offspring:2
1453,reproduce,Fish,1372,248,1,409,0,offspring:2
1455,kill,Monkey,1005,397,0,267,9,killed_by:Hawk:933
1456,hunt_start,Hawk,933,397,0,267,7,target:Penguin:1266
1456,reproduce,Lizard,1273,373,8,141,8,offspring:2
1457,hunt_fail,Fox,896,231,4,316,4,discomfort
1458,hunt_fail,Wolf,877,398,6,510,6,discomfort
1459,starvation,Fish,1178,223,4,391,6,
1459,hunt_fail,Jaguar,975,229,5,388,5,target_died
1463,reproduce,Monkey,628,39,1,295,2,offspring:1
1464,hunt_start,Fox,886,82,3,245,3,target:Monkey:670
1464,hunt_fail,Arctic Fox,961,511,4,234,7,discomfort
1470,hunt_start,Jaguar,972,270,5,475,4,target:Lizard:1153
1472,reproduce,Penguin,544,504,6,241,3,offspring:1
1474,reproduce,Deer,143,258,3,271,0,offspring:1
1474,kill,Sectid,49,370,5,56,1,killed_by:Faeling:1206
1478,reproduce,Musk Ox,601,364,0,184,7,offspring:1
1481,reproduce,Deer,79,437,6,114,9,offspring:1
1486,hunt_start,Sectid,65,15,5,228,6,target:Wolf:876
1487,reproduce,Monkey,656,286,3,102,4,offspring:1
1487,reproduce,Monkey,658,320,0,81,5,offspring:1
1489,spore_created,Shroomer,-1,152,9,106,2,
1490,hunt_fail,Sectid,5,220,7,269,7,discomfort
1491,reproduce,Penguin,537,512,0,232,5,offspring:1
1492,reproduce,Monkey,1146,480,0,396,7,offspring:1
1493,reproduce,Monkey,651,444,5,399,0,offspring:1
1495,environment_death,Fish,271,410,8,352,2,suffocation
1496,hunt_start,Sectid,66,20,0,234,1,target:Wolf:876
1496,hunt_start,Hawk,562,13,5,261,1,target:Penguin:315
1497,hunt_start,Sectid,69,18,2,234,5,target:Wolf:876
1499,kill,Monkey,627,0,0,346,6,killed_by:Hawk:932
1500,hunt_start,Fox,892,471,9,391,7,target:Monkey:1265
1500,hunt_start,Hawk,932,0,0,345,9,target:Frog:347
1500,reproduce,Penguin,1058,501,4,236,2,offspring:1
1500,reproduce,Penguin,1059,214,8,273,9,offspring:1
1500,reproduce,Boar,1095,307,7,39,1,offspring:2
1501,kill,Elk,1416,133,2,395,3,killed_by:Jaguar:1512
1501,reproduce,Penguin,1060,213,0,273,5,offspring:1
1502,hunt_fail,Jaguar,971,129,3,394,0,prey_escaped
1502,hunt_start,Jaguar,971,129,3,394,0,target:Elk:441
1503,reproduce,Boar,912,62,6,502,1,offspring:2
1503,spore_created,Shroomer,-1,96,9,152,6,
1503,spore_created,Shroomer,-1,92,0,154,5,
1504,hunt_start,Snake,950,401,5,476,8,target:Rabbit:1306
1505,reproduce,Musk Ox,583,105,6,33,8,offspring:1
1507,reproduce,Boar,1105,14,2,410,9,offspring:2
1512,hunt_start,Snake,346,399,7,476,6,target:Rabbit:1306
1512,reproduce,Elk,454,485,8,313,3,offspring:1
1516,hunt_fail,Fox,886,87,0,244,5,discomfort
1517,reproduce,Deer,159,168,0,213,5,offspring:1
1519,hunt_start,Sectid,20,224,2,487,7,target:Scorpion:938
1519,kill,Frog,330,366,7,416,1,killed_by:Hawk:935
1520,hunt_start,Hawk,935,366,6,416,2,target:Frog:1193
1521,reproduce,Penguin,539,506,5,231,8,offspring:1
1522,hunt_start,Arctic Fox,1100,129,8,67,4,target:Lizard:484
1522,spore_matured,Shroomer,-1,159,5,99,8,
1522,reproduce,Shroomer,-1,159,5,99,8,offspring:1
1522,spore_matured,Shroomer,-1,164,2,99,1,
1522,reproduce,Shroomer,-1,164,2,99,1,offspring:1
1523,reproduce,Parrot,681,156,8,347,3,offspring:1
1526,reproduce,Lizard,1314,371,6,314,5,offspring:2
1527,hunt_fail,Fox,888,285,5,410,0,discomfort
1528,spore_created,Shroomer,-1,503,1,163,0,
1528,spore_created,Shroomer,-1,502,7,158,1,
1534,reproduce,Parrot,177,138,7,319,3,offspring:1
1535,hunt_start,Sectid,65,14,4,228,4,target:Wolf:876
1536,hunt_start,Sectid,67,22,9,224,7,target:Wolf:876
1540,environment_death,Monkey,638,161,5,264,1,drowning
1540,reproduce,Monkey,298,168,4,246,3,offspring:1
1545,kill,Penguin,1266,392,9,277,5,killed_by:Hawk:933
1545,reproduce,Penguin,1062,399,5,276,1,offspring:1
1545,reproduce,Penguin,1101,387,1,277,7,offspring:1
1545,reproduce,Penguin,1102,391,8,275,8,offspring:1
1545,reproduce,Penguin,1121,386,9,275,7,offspring:1
1546,hunt_start,Wolf,877,398,1,510,5,target:Lizard:306
1546,hunt_start,Hawk,933,393,0,277,3,target:Penguin:1102
1547,environment_death,Deer,86,85,8,237,8,drowning
1547,reproduce,Deer,82,80,3,239,9,offspring:1
1547,reproduce,Deer,83,78,2,239,0,offspring:1
1549,reproduce,Lizard,455,416,0,251,4,offspring:2
1550,reproduce,Frog,1332,183,9,67,2,offspring:2
1551,reproduce,Lizard,1035,126,3,470,2,offspring:2
1551,reproduce,Parrot,1082,343,5,478,2,offspring:1
1552,environment_death,Monkey,639,161,1,263,7,drowning
1553,starvation,Fish,1181,212,8,393,9,
1553,hunt_fail,Crocodile,1092,150,1,298,7,prey_escaped
1553,hunt_start,Crocodile,1092,150,1,298,7,target:Sectid:29
1554,environment_death,Monkey,641,159,7,263,3,drowning
1554,environment_death,Sectid,1251,403,7,508,4,drowning
1554,reproduce,Frog,1003,69,7,463,7,offspring:2
1559,hunt_start,Wolf,864,137,6,431,9,target:Lizard:1036
1560,hunt_start,Fox,883,84,3,252,6,target:Monkey:665
1560,kill,Lizard,1449,512,0,495,7,killed_by:Hawk:931
1561,environment_death,Monkey,640,158,8,260,8,drowning
1561,hunt_start,Hawk,931,511,4,495,7,target:Lizard:1138
1564,reproduce,Elk,420,46,3,192,0,offspring:1
1571,reproduce,Sectid,-1,156,7,285,3,offspring:1
1572,hunt_fail,Jaguar,972,271,1,475,4,discomfort
1573,kill,Rabbit,212,315,7,57,6,killed_by:Hawk:936
1574,hunt_start,Hawk,936,315,7,57,4,target:Rabbit:1386
1575,hunt_start,Sectid,66,20,0,234,1,target:Wolf:876
1576,hunt_start,Sectid,69,19,0,235,5,target:Wolf:876
1576,hunt_start,Bear,926,80,1,478,2,target:Boar:1324
1577,reproduce,Monkey,630,41,9,293,1,offspring:1
1581,reproduce,Deer,95,444,0,103,9,offspring:1
1583,environment_death,Fish,266,410,9,352,0,suffocation
1585,kill,Monkey,1110,63,5,276,3,killed_by:Hawk:929
1586,hunt_start,Hawk,929,63,3,276,2,target:Monkey:667
1586,hunt_fail,Hawk,1443,62,9,276,1,target_died
1586,hunt_start,Hawk,1443,62,9,276,1,target:Monkey:667
1587,reproduce,Rabbit,559,499,7,303,3,offspring:2
1588,reproduce,Rabbit,1231,505,2,298,5,offspring:2
1588,reproduce,Frog,1331,187,5,68,0,offspring:2
1590,hunt_start,Wolf,1088,490,6,172,4,target:Shroomer:1550
1597,hunt_fail,Wolf,872,4,8,387,6,discomfort
1599,reproduce,Parrot,677,128,0,388,1,offspring:1
1599,reproduce,Parrot,698,76,6,395,8,offspring:1
1599,reproduce,Parrot,1076,83,3,396,7,offspring:1
1599,reproduce,Parrot,1156,81,2,393,5,offspring:1
1601,reproduce,Camel,532,305,4,119,5,offspring:1
1601,reproduce,Frog,1344,71,1,451,2,offspring:2
1601,reproduce,Frog,1345,71,5,458,1,offspring:2
1602,hunt_start,Fox,884,229,5,193,3,target:Rabbit:308
1605,starvation,Frog,1013,4,0,350,5,
1606,environment_death,Camel,505,61,8,369,1,drowning
1609,hunt_start,Fox,891,352,7,385,4,target:Lizard:1492
1609,spore_matured,Shroomer,-1,152,9,106,2,
1609,reproduce,Shroomer,-1,152,9,106,2,offspring:1
1611,reproduce,Lizard,474,480,0,299,8,offspring:2
1615,hunt_start,Sectid,67,23,8,224,7,target:Parrot:691
1615,reproduce,Camel,526,317,6,435,0,offspring:1
1616,hunt_fail,Hawk,928,131,6,77,9,prey_escaped
1617,kill,Penguin,1102,387,7,270,6,killed_by:Hawk:933
1618,reproduce,Frog,1369,505,8,485,1,offspring:2
1619,kill,Frog,347,6,8,343,6,killed_by:Hawk:932
1620,hunt_fail,Wolf,873,3,8,386,7,discomfort
1620,hunt_start,Hawk,932,6,6,343,4,target:Frog:1012
1621,reproduce,Boar,917,309,0,45,9,offspring:2
1622,hunt_start,Boar,347,306,8,47,2,target:Rabbit:238
1622,hunt_start,Boar,1577,306,8,47,2,target:Rabbit:238
1629,hunt_fail,Crocodile,1092,149,9,298,9,prey_escaped
1634,kill,Frog,1193,349,0,415,7,killed_by:Hawk:935
1634,spore_created,Shroomer,-1,49,2,159,1,
1634,spore_created,Shroomer,-1,50,4,158,0,
1635,hunt_start,Hawk,935,349,2,415,7,target:Frog:331
1636,environment_death,Fish,273,411,2,351,9,suffocation
1636,reproduce,Fish,268,404,2,352,0,offspring:2
1636,reproduce,Fish,270,408,8,352,9,offspring:2
1636,reproduce,Fish,278,391,5,350,6,offspring:2
1636,reproduce,Fish,283,376,6,351,0,offspring:2
1636,reproduce,Fish,1174,366,1,351,2,offspring:2
1636,reproduce,Fish,1175,359,9,355,3,offspring:2
1636,reproduce,Fish,1176,362,5,353,7,offspring:2
1639,hunt_start,Sectid,20,223,1,490,6,target:Scorpion:938
1645,starvation,Fish,1117,51,5,135,3,
1647,reproduce,Deer,142,247,0,272,9,offspring:1
1648,reproduce,Parrot,685,7,5,417,3,offspring:1
1649,hunt_start,Wolf,862,119,4,387,9,target:Elk:441
1649,hunt_start,Fox,887,472,6,307,9,target:Lizard:474
1649,reproduce,Elk,451,477,2,312,2,offspring:1
1653,reproduce,Elk,440,136,8,398,7,offspring:1
1659,reproduce,Lizard,492,8,7,417,2,offspring:2
1659,reproduce,Lizard,1047,0,0,384,0,offspring:2
1659,reproduce,Lizard,1356,4,3,420,9,offspring:2
1659,reproduce,Lizard,1357,2,9,418,0,offspring:2
1660,hunt_start,Arctic Fox,961,507,8,241,4,target:Penguin:544
1660,hunt_start,Boar,1543,16,1,416,8,target:Lizard:1595
1660,hunt_start,Boar,1544,16,6,415,7,target:Lizard:1595
1664,hunt_fail,Sectid,29,133,7,315,1,discomfort
1665,hunt_start,Snake,949,407,2,128,9,target:Lizard:1034
1667,hunt_start,Fox,896,238,7,315,5,target:Frog:1399
1668,hunt_start,Hawk,933,390,2,272,1,target:Penguin:574
1669,hunt_start,Fox,890,72,5,90,7,target:Rabbit:246
1670,starvation,Fish,991,80,8,169,7,
1671,reproduce,Rabbit,1286,220,0,286,1,offspring:2
1671,reproduce,Rabbit,1287,236,3,289,9,offspring:2
1672,hunt_fail,Sectid,31,132,8,316,3,discomfort
1674,reproduce,Deer,114,371,5,42,7,offspring:1
1674,reproduce,Deer,116,357,5,42,5,offspring:1
1674,reproduce,Lizard,465,383,2,320,0,offspring:2
1675,reproduce,Boar,303,490,2,417,6,offspring:2
1675,reproduce,Boar,1185,472,8,433,6,offspring:2
1675,spore_matured,Shroomer,-1,96,8,152,5,
1675,reproduce,Shroomer,-1,96,8,152,5,offspring:1
1675,spore_matured,Shroomer,-1,92,0,154,5,
1675,reproduce,Shroomer,-1,92,0,154,5,offspring:1
1678,kill,Penguin,315,11,4,285,8,killed_by:Hawk:562
1678,reproduce,Hawk,562,11,4,285,4,offspring:1
1679,hunt_start,Hawk,315,12,2,288,1,target:Penguin:21
1679,hunt_start,Hawk,562,11,4,285,6,target:Penguin:21
1681,hunt_fail,Wolf,864,131,3,441,1,discomfort
1681,hunt_start,Snake,946,134,9,470,6,target:Lizard:1560
1681,reproduce,Rabbit,120,387,3,164,5,offspring:2
1682,environment_death,Monkey,636,167,8,263,7,drowning
1682,hunt_fail,Sectid,5,202,6,261,2,target_died
1682,hunt_start,Sectid,5,202,6,261,2,target:Penguin:1416
1682,hunt_fail,Sectid,6,167,7,257,9,target_died
1682,hunt_start,Sectid,6,167,7,257,9,target:Monkey:298
1682,hunt_fail,Sectid,8,197,0,257,5,target_died
1682,hunt_fail,Sectid,9,167,3,257,9,target_died
1682,hunt_start,Crocodile,1092,149,3,299,5,target:Deer:117
1685,reproduce,Parrot,687,5,5,417,4,offspring:1
1686,reproduce,Elk,394,442,1,501,7,offspring:1
1691,environment_death,Fish,269,411,1,353,2,suffocation
1691,hunt_fail,Fox,883,72,1,247,0,discomfort
1692,reproduce,Parrot,704,342,5,484,7,offspring:1
1695,hunt_start,Fox,888,282,8,407,1,target:Fish:72
1696,reproduce,Elk,441,125,3,392,2,offspring:1
1697,reproduce,Monkey,674,263,0,192,4,offspring:1
1700,reproduce,Hawk,936,296,6,59,0,offspring:1
1700,spore_matured,Shroomer,-1,502,6,163,1,
1700,reproduce,Shroomer,-1,502,6,163,1,offspring:1
1701,hunt_start,Wolf,872,3,7,387,1,target:Lizard:1047
1701,hunt_start,Hawk,1619,294,9,58,1,target:Rabbit:1386
1706,hunt_start,Arctic Fox,966,485,5,61,2,target:Parrot:701
1707,hunt_fail,Wolf,873,3,2,384,9,discomfort
1708,reproduce,Tapir,711,41,4,280,9,offspring:1
1717,hunt_fail,Sectid,32,150,7,335,7,discomfort
1717,kill,Elk,441,125,4,392,1,killed_by:Jaguar:971
1718,hunt_fail,Wolf,862,124,1,390,8,target_died
1719,environment_death,Shroomer,782,231,0,116,8,drowning
1719,spore_created,Shroomer,-1,94,0,156,8,
1719,spore_created,Shroomer,-1,95,2,157,5,
1722,hunt_fail,Sectid,67,40,4,231,3,discomfort
1725,reproduce,Lizard,484,120,3,37,8,offspring:2
1728,hunt_start,Hawk,928,128,8,90,9,target:Lizard:1042
1732,reproduce,Parrot,702,474,5,64,0,offspring:1
1737,kill,Rabbit,238,303,8,48,8,killed_by:Boar:347
1737,reproduce,Rabbit,239,299,6,51,3,offspring:2
1738,hunt_start,Boar,347,304,3,49,1,target:Rabbit:239
1738,kill,Rabbit,1386,294,5,62,5,killed_by:Hawk:936
1739,hunt_start,Hawk,936,294,7,62,3,target:Rabbit:1624
1739,hunt_fail,Hawk,1619,294,3,62,5,target_died
1739,hunt_start,Hawk,1619,294,3,62,5,target:Rabbit:1624
1741,hunt_fail,Fox,884,242,2,193,1,discomfort
1743,hunt_fail,Wolf,873,1,7,382,3,discomfort
1743,reproduce,Elk,453,488,2,315,9,offspring:1
1744,starvation,Frog,1010,354,5,164,0,
1744,reproduce,Frog,1011,343,1,164,8,offspring:2
1744,reproduce,Frog,1360,350,9,178,8,offspring:2
1745,kill,Frog,314,78,5,463,2,killed_by:Fox:1090
1746,hunt_start,Fox,1090,78,1,463,2,target:Frog:639
1748,kill,Deer,282,152,7,338,7,killed_by:Sectid:30
1748,kill,Frog,1012,18,3,356,7,killed_by:Hawk:932
1749,hunt_fail,Sectid,33,152,7,338,2,target_died
1750,hunt_fail,Fox,891,361,2,373,0,discomfort
1754,reproduce,Parrot,223,5,4,422,9,offspring:1
1754,spore_matured,Shroomer,-1,49,0,159,5,
1754,reproduce,Shroomer,-1,49,0,159,5,offspring:1
1754,spore_matured,Shroomer,-1,50,8,157,8,
1754,reproduce,Shroomer,-1,50,8,157,8,offspring:1
1757,environment_death,Monkey,668,96,9,249,3,drowning
1758,environment_death,Fish,270,410,5,352,2,suffocation
1759,hunt_start,Sectid,20,221,7,493,5,target:Scorpion:938
1760,reproduce,Boar,288,190,0,352,5,offspring:2
1761,hunt_fail,Fox,896,230,5,316,7,discomfort
1761,reproduce,Boar,543,201,9,363,3,offspring:2
1763,kill,Lizard,1138,490,4,474,3,killed_by:Hawk:931
1764,hunt_start,Hawk,931,490,6,474,4,target:Lizard:459
1764,kill,Penguin,574,385,7,271,7,killed_by:Hawk:933
1764,reproduce,Boar,911,65,1,499,7,offspring:2
1765,hunt_fail,Fox,890,77,2,82,0,discomfort
1768,hunt_start,Wolf,862,127,1,390,1,target:Elk:437
1770,hunt_fail,Sectid,69,44,8,233,9,discomfort
1771,kill,Frog,331,357,0,406,5,killed_by:Hawk:935
1771,reproduce,Monkey,659,54,8,197,9,offspring:1
1771,reproduce,Frog,1401,240,1,293,3,offspring:2
1772,hunt_start,Hawk,935,357,2,406,7,target:Frog:332
1774,hunt_start,Sectid,33,152,9,335,5,target:Parrot:681
1774,reproduce,Rabbit,247,69,0,67,5,offspring:2
1775,hunt_fail,Sectid,66,44,4,233,8,discomfort
1776,hunt_start,Sectid,65,15,6,229,8,target:Wolf:876
1777,reproduce,Monkey,1070,416,0,236,8,offspring:1
1783,reproduce,Camel,528,294,9,441,9,offspring:1
1785,reproduce,Monkey,649,448,0,408,9,offspring:1
1785,reproduce,Monkey,1230,512,0,406,7,offspring:1
1792,reproduce,Lizard,494,160,0,214,0,offspring:2
1793,reproduce,Elk,419,51,3,186,9,offspring:1
1794,hunt_fail,Wolf,872,0,8,382,0,discomfort
1799,kill,Penguin,544,493,0,246,6,killed_by:Arctic Fox:961
1800,hunt_start,Arctic Fox,961,493,2,246,5,target:Penguin:542
1802,kill,Boar,1324,84,4,492,7,killed_by:Bear:926
1807,environment_death,Deer,84,93,7,238,4,drowning
1808,kill,Monkey,667,37,6,254,3,killed_by:Hawk:1443
1808,reproduce,Monkey,348,448,0,387,3,offspring:1
1809,environment_death,Monkey,672,99,8,249,3,drowning
1809,hunt_fail,Hawk,929,38,1,254,7,target_died
1809,hunt_start,Hawk,929,38,1,254,7,target:Parrot:1281
1809,kill,Shroomer,1550,506,3,161,6,killed_by:Wolf:1088
1809,hunt_start,Hawk,1443,37,8,254,5,target:Parrot:1281
1810,hunt_start,Wolf,1088,505,8,161,8,target:Shroomer:1111
1813,hunt_start,Hawk,932,17,8,350,2,target:Monkey:759
1823,kill,Penguin,21,31,8,294,8,killed_by:Hawk:315
1824,hunt_start,Hawk,315,31,6,294,7,target:Penguin:1285
1824,hunt_fail,Hawk,562,31,1,294,5,target_died
1824,hunt_start,Hawk,562,31,1,294,5,target:Penguin:1285
1835,hunt_start,Arctic Fox,959,239,1,122,9,target:Lizard:490
1839,reproduce,Musk Ox,585,369,0,58,4,offspring:1
1839,spore_matured,Shroomer,-1,93,7,156,7,
1839,reproduce,Shroomer,-1,93,7,156,7,offspring:1
1839,spore_matured,Shroomer,-1,95,6,157,7,
1839,reproduce,Shroomer,-1,95,6,157,7,offspring:1
1840,starvation,Rabbit,249,61,5,81,0,
1840,hunt_fail,Wolf,865,122,4,387,1,discomfort
1846,kill,Monkey,298,162,6,232,2,killed_by:Sectid:9
1846,reproduce,Monkey,43,154,5,251,3,offspring:1
1846,reproduce,Monkey,637,148,0,265,0,offspring:1
1847,hunt_fail,Sectid,5,188,2,252,9,target_died
1847,hunt_fail,Sectid,6,162,8,232,9,target_died
1847,hunt_fail,Sectid,8,176,5,245,4,target_died
1849,hunt_fail,Fox,894,509,4,406,9,discomfort
1853,hunt_start,Fox,883,73,7,243,6,target:Monkey:665
1854,kill,Rabbit,1624,290,2,47,3,killed_by:Hawk:1619
1855,hunt_fail,Hawk,936,290,8,47,5,target_died
1855,hunt_start,Hawk,936,290,8,47,5,target:Rabbit:238
1855,hunt_start,Hawk,1619,290,4,47,4,target:Rabbit:238
1870,environment_death,Monkey,653,291,2,137,9,drowning
1870,hunt_fail,Hawk,295,293,8,131,3,target_died
1870,hunt_start,Hawk,295,293,8,131,3,target:Monkey:1073
1870,reproduce,Monkey,654,283,3,105,9,offspring:1
1872,environment_death,Shroomer,1013,153,7,106,1,drowning
1873,hunt_start,Jaguar,1512,130,7,396,9,target:Lizard:546
1876,hunt_start,Wolf,1089,65,5,34,0,target:Rabbit:1222
1876,hunt_start,Boar,1537,300,2,35,4,target:Rabbit:1508
1879,reproduce,Musk Ox,595,-0,1,82,7,offspring:1
1880,kill,Frog,332,368,1,394,4,killed_by:Hawk:935
1880,spore_created,Shroomer,-1,277,1,68,2,
1880,spore_created,Shroomer,-1,277,3,56,8,
1881,hunt_start,Hawk,935,367,9,394,5,target:Frog:304
1883,kill,Frog,639,62,3,466,4,killed_by:Fox:1090
1883,kill,Lizard,546,128,5,399,0,killed_by:Jaguar:1512
1884,hunt_start,Fox,1090,62,5,466,4,target:Frog:1003
1886,kill,Penguin,1285,40,2,295,6,killed_by:Hawk:562
1886,reproduce,Penguin,564,14,8,300,3,offspring:1
1887,hunt_fail,Hawk,315,40,0,295,7,target_died
1887,hunt_start,Hawk,315,40,0,295,7,target:Monkey:630
1887,hunt_start,Hawk,562,39,6,295,6,target:Monkey:630
1887,reproduce,Penguin,542,500,8,259,3,offspring:1
1890,hunt_start,Wolf,872,0,6,382,5,target:Lizard:1597
1893,hunt_fail,Wolf,873,1,4,383,9,discomfort
1896,hunt_start,Sectid,65,16,4,229,1,target:Wolf:876
1900,hunt_fail,Wolf,877,382,8,498,8,discomfort
1901,kill,Rabbit,239,300,3,49,1,killed_by:Boar:347
1902,reproduce,Tapir,748,159,1,216,9,offspring:1
1905,hunt_fail,Wolf,872,0,6,382,1,discomfort
1909,kill,Shroomer,1111,499,9,161,7,killed_by:Wolf:1088
1910,hunt_start,Wolf,1088,500,5,161,8,target:Shroomer:793
1914,reproduce,Tapir,710,46,2,283,3,offspring:1
1916,hunt_fail,Wolf,878,382,7,499,0,discomfort
1916,hunt_start,Hawk,933,393,6,273,1,target:Penguin:1269
1918,hunt_fail,Sectid,32,153,7,318,1,prey_escaped
1918,hunt_start,Sectid,32,153,7,318,1,target:Parrot:680
1922,reproduce,Boar,318,359,8,326,8,offspring:2
1923,hunt_start,Jaguar,973,357,3,338,0,target:Boar:332
1926,reproduce,Rabbit,251,259,3,247,5,offspring:2
1928,reproduce,Camel,533,323,8,104,4,offspring:1
1930,reproduce,Parrot,701,447,9,64,0,offspring:1
1931,hunt_fail,Sectid,30,153,9,319,0,prey_escaped
1931,hunt_start,Sectid,30,153,9,319,0,target:Parrot:680
1931,reproduce,Camel,527,293,3,431,2,offspring:1
1932,kill,Rabbit,238,298,4,39,6,killed_by:Hawk:1619
1933,hunt_fail,Hawk,936,298,3,39,8,target_died
1933,hunt_start,Hawk,936,298,3,39,8,target:Rabbit:1508
1933,hunt_fail,Boar,1577,296,5,45,2,target_died
1933,hunt_start,Hawk,1619,298,2,40,2,target:Rabbit:1508
1933,reproduce,Penguin,1107,242,9,275,2,offspring:1
1934,environment_death,Lizard,484,117,2,22,2,drowning
1934,hunt_fail,Arctic Fox,1100,114,0,27,3,target_died
1934,hunt_start,Arctic Fox,1100,114,0,27,3,target:Lizard:1622
1935,reproduce,Camel,522,423,9,373,5,offspring:1
1940,kill,Shroomer,783,233,1,108,7,killed_by:Faeling:1209
1944,reproduce,Camel,529,316,5,120,1,offspring:1
1945,starvation,Frog,351,159,3,386,7,
1945,reproduce,Penguin,565,41,0,285,0,offspring:1
1947,reproduce,Fish,1496,150,5,378,3,offspring:2
1949,reproduce,Fish,1497,149,5,378,1,offspring:2
1953,hunt_fail,Wolf,863,122,1,387,5,discomfort
1954,spore_created,Shroomer,-1,413,6,136,4,
1954,spore_created,Shroomer,-1,424,9,132,6,
1955,hunt_start,Jaguar,970,431,4,138,3,target:Shroomer:1645
1958,reproduce,Camel,523,426,0,373,0,offspring:1
1960,reproduce,Penguin,1192,30,8,285,3,offspring:1
1961,kill,Monkey,1417,285,2,54,7,killed_by:Arctic Fox:1316
1961,reproduce,Penguin,545,500,1,237,9,offspring:1
1962,hunt_start,Arctic Fox,1316,285,2,55,0,target:Shroomer:249
1964,reproduce,Musk Ox,625,9,8,15,8,offspring:1
1966,reproduce,Lizard,462,64,0,176,6,offspring:2
1967,hunt_fail,Snake,949,408,8,106,3,discomfort
1971,hunt_fail,Wolf,862,128,3,387,2,discomfort
1972,environment_death,Lizard,475,114,1,20,9,drowning
1972,reproduce,Lizard,1424,120,1,49,3,offspring:2
1974,starvation,Fish,1142,252,6,453,3,
1981,reproduce,Parrot,1027,160,1,353,7,offspring:1
1981,reproduce,Lizard,1051,184,5,227,4,offspring:2
1988,reproduce,Monkey,127,288,0,103,7,offspring:1
1990,reproduce,Deer,106,281,2,446,9,offspring:1
1990,reproduce,Deer,108,261,8,444,1,offspring:1
1990,reproduce,Deer,147,303,6,384,0,offspring:1
1997,reproduce,Boar,487,390,7,110,5,offspring:2
1999,reproduce,Boar,42,382,6,108,3,offspring:2
1999,reproduce,Musk Ox,604,364,2,180,0,offspring:1
1999,reproduce,Fish,1476,255,6,416,0,offspring:2
2000,reproduce,Monkey,663,62,8,211,2,offspring:1
2000,reproduce,Parrot,1077,128,0,340,6,offspring:1
2000,reproduce,Tapir,1083,45,4,275,8,offspring:1
2000,spore_matured,Shroomer,-1,277,5,56,5,
2000,reproduce,Shroomer,-1,277,5,56,5,offspring:1
2000,spore_matured,Shroomer,-1,277,1,68,2,
2000,reproduce,Shroomer,-1,277,1,68,2,offspring:1
2001,kill,Frog,1003,60,5,452,0,killed_by:Fox:1090
2001,reproduce,Tapir,1085,91,6,503,6,offspring:1
2002,hunt_start,Bear,926,82,6,494,6,target:Tapir:1003
2002,hunt_start,Fox,1090,60,5,452,2,target:Frog:1181
2002,reproduce,Deer,980,313,8,57,2,offspring:1
2002,reproduce,Parrot,1412,451,6,24,7,offspring:1
2002,reproduce,Parrot,1413,343,4,491,5,offspring:1
2003,kill,Frog,304,370,0,413,6,killed_by:Hawk:935
2004,hunt_start,Hawk,935,370,0,413,4,target:Frog:299
2005,reproduce,Tapir,730,128,0,504,0,offspring:1
2006,hunt_start,Fox,894,506,9,405,6,target:Monkey:1146
2008,reproduce,Lizard,490,251,9,95,7,offspring:2
2009,hunt_start,Wolf,872,0,7,382,7,target:Lizard:1598
2014,hunt_start,Fox,893,146,9,406,0,target:Fish:207
2016,hunt_start,Sectid,65,16,4,229,0,target:Wolf:876
2017,reproduce,Monkey,1158,41,3,280,9,offspring:1
2020,starvation,Sectid,9,172,4,240,6,
2021,reproduce,Deer,117,148,5,308,4,offspring:1
2021,reproduce,Elk,402,256,0,74,6,offspring:1
2022,hunt_fail,Wolf,873,1,7,383,9,discomfort
2025,environment_death,Fish,285,263,6,407,1,suffocation
2031,reproduce,Lizard,57,119,4,401,5,offspring:2
2034,reproduce,Deer,1128,138,7,323,6,offspring:1
2035,hunt_fail,Wolf,872,1,2,382,6,discomfort
2035,kill,Penguin,1269,408,4,273,5,killed_by:Hawk:933
2036,hunt_fail,Wolf,873,1,7,383,9,discomfort
2037,hunt_fail,Arctic Fox,966,442,4,63,2,discomfort
2039,hunt_start,Fox,896,237,2,315,0,target:Frog:1399
2040,reproduce,Musk Ox,587,368,0,63,9,offspring:1
2043,reproduce,Monkey,1376,47,3,297,1,offspring:1
2045,kill,Penguin,542,508,9,272,7,killed_by:Arctic Fox:961
2046,hunt_start,Wolf,865,128,1,388,2,target:Elk:437
2046,hunt_start,Arctic Fox,961,508,7,272,5,target:Lizard:474
2048,environment_death,Deer,81,463,6,113,2,drowning
2048,reproduce,Deer,79,435,0,120,2,offspring:1
2049,hunt_fail,Fox,883,67,6,236,1,discomfort
2052,hunt_start,Scorpion,939,427,5,353,7,target:Fish:1580
2053,reproduce,Penguin,541,507,4,235,3,offspring:1
2054,reproduce,Monkey,225,38,1,303,9,offspring:1
2055,reproduce,Rabbit,1252,384,0,154,3,offspring:2
2059,reproduce,Rabbit,491,68,9,49,3,offspring:2
2062,starvation,Sectid,27,136,9,195,7,
2063,kill,Shroomer,793,509,3,163,9,killed_by:Wolf:1088
2063,reproduce,Wolf,1088,508,6,163,7,offspring:1
2063,reproduce,Tapir,1148,152,3,221,8,offspring:1
2064,hunt_start,Wolf,27,505,9,161,3,target:Shroomer:168
2064,hunt_start,Wolf,1088,508,7,163,8,target:Shroomer:792
2064,hunt_fail,Crocodile,1303,503,5,165,2,prey_escaped
2064,hunt_start,Crocodile,1303,503,5,165,2,target:Shroomer:792
2066,kill,Parrot,1281,60,1,226,8,killed_by:Hawk:1443
2067,hunt_fail,Hawk,929,60,1,227,0,target_died
2067,hunt_start,Hawk,929,60,1,227,0,target:Parrot:691
2067,hunt_start,Hawk,1443,60,2,227,4,target:Parrot:691
2069,reproduce,Parrot,118,106,8,313,0,offspring:1
2070,hunt_start,Fox,882,85,8,458,9,target:Frog:1573
2073,reproduce,Elk,436,136,4,409,8,offspring:1
2074,hunt_fail,Wolf,862,131,8,385,9,discomfort
2074,hunt_start,Jaguar,972,279,7,479,9,target:Lizard:1388
2074,reproduce,Elk,452,484,3,319,3,offspring:1
2074,spore_matured,Shroomer,-1,413,6,136,4,
2074,reproduce,Shroomer,-1,413,6,136,4,offspring:1
2076,kill,Monkey,1073,288,9,95,8,killed_by:Hawk:295
2076,kill,Lizard,1042,140,2,73,4,killed_by:Hawk:928
2077,hunt_start,Hawk,295,289,0,96,1,target:Monkey:655
2077,reproduce,Deer,148,337,4,399,2,offspring:1
2077,reproduce,Deer,149,320,8,390,1,offspring:1
2077,reproduce,Deer,151,338,7,392,8,offspring:1
2080,reproduce,Penguin,539,508,0,234,3,offspring:1
2081,hunt_start,Wolf,878,385,0,499,5,target:Lizard:1182
2084,kill,Monkey,630,60,0,272,9,killed_by:Hawk:315
2084,reproduce,Monkey,628,41,0,302,8,offspring:1
2085,hunt_start,Hawk,315,59,8,273,1,target:Penguin:558
2085,hunt_start,Jaguar,971,132,1,393,8,target:Elk:1302
2087,hunt_start,Fox,895,312,3,175,3,target:Rabbit:206
2101,hunt_start,Jaguar,1512,126,5,402,5,target:Shroomer:766
2101,reproduce,Penguin,1059,213,7,272,5,offspring:1
2102,reproduce,Deer,102,126,1,58,9,offspring:1
2102,reproduce,Penguin,1058,502,6,245,7,offspring:1
2102,reproduce,Penguin,1060,214,3,272,0,offspring:1
2103,reproduce,Parrot,1082,341,4,473,7,offspring:1
2107,hunt_fail,Wolf,863,129,1,386,9,discomfort
2111,spore_created,Shroomer,-1,55,8,161,6,
2111,spore_created,Shroomer,-1,57,1,173,7,
2117,environment_death,Fish,272,410,5,352,3,suffocation
2117,kill,Frog,299,355,2,404,2,killed_by:Hawk:935
2118,hunt_start,Hawk,935,355,3,404,3,target:Frog:175
2119,reproduce,Boar,914,2,0,369,6,offspring:2
2120,hunt_start,Boar,272,4,8,371,1,target:Lizard:1047
2120,hunt_start,Boar,299,4,8,371,1,target:Lizard:1047
2120,hunt_start,Boar,914,2,0,369,6,target:Lizard:1047
2121,hunt_fail,Fox,888,248,7,370,1,discomfort
2123,spore_created,Shroomer,-1,59,6,242,7,
2123,spore_created,Shroomer,-1,52,7,240,9,
2126,spore_matured,Shroomer,-1,424,9,132,6,
2126,reproduce,Shroomer,-1,424,9,132,6,offspring:1
2127,hunt_fail,Snake,946,133,1,447,1,discomfort
2127,hunt_start,Polar Bear,958,245,5,419,3,target:Lizard:1404
2127,spore_created,Shroomer,-1,237,9,106,2,
2127,spore_created,Shroomer,-1,241,1,114,0,
2129,hunt_fail,Wolf,878,384,4,498,4,discomfort
2129,reproduce,Parrot,291,353,9,482,6,offspring:1
2130,hunt_fail,Fox,896,229,9,317,3,discomfort
2131,kill,Shroomer,249,273,8,57,1,killed_by:Arctic Fox:1316
2134,hunt_start,Boar,1659,390,6,116,0,target:Lizard:1031
2136,hunt_start,Sectid,65,16,7,228,3,target:Wolf:876
2139,kill,Frog,1181,70,5,466,4,killed_by:Fox:1090
2140,hunt_start,Fox,1090,70,4,466,2,target:Frog:1572
2142,reproduce,Monkey,1395,287,2,105,5,offspring:1
2143,hunt_start,Arctic Fox,966,448,5,65,7,target:Parrot:210
2150,kill,Shroomer,784,234,5,110,9,killed_by:Faeling:1209
2151,kill,Rabbit,1362,252,7,500,3,killed_by:Jaguar:337
2152,hunt_start,Jaguar,337,253,1,500,1,target:Rabbit:232
2153,spore_created,Shroomer,-1,495,0,2,4,
2153,spore_created,Shroomer,-1,499,8,5,6,
2155,hunt_fail,Wolf,865,132,2,385,3,discomfort
2157,spore_created,Shroomer,-1,499,5,63,9,
2157,spore_created,Shroomer,-1,497,0,61,8,
2162,reproduce,Boar,909,368,7,171,4,offspring:2
2163,hunt_start,Boar,1699,372,1,173,8,target:Frog:340
2163,hunt_start,Boar,1700,372,1,173,8,target:Frog:340
2164,kill,Shroomer,792,509,9,159,6,killed_by:Wolf:1088
2165,hunt_fail,Crocodile,1303,503,7,165,0,target_died
2168,hunt_start,Arctic Fox,968,476,1,69,2,target:Parrot:699
2171,starvation,Sectid,23,138,9,196,5,
2172,reproduce,Monkey,658,328,4,88,4,offspring:1
2175,kill,Shroomer,168,511,2,159,7,killed_by:Wolf:27
2176,hunt_start,Wolf,27,510,6,159,9,target:Shroomer:791
2179,hunt_fail,Sectid,69,39,9,231,9,discomfort
2180,hunt_start,Sectid,65,16,3,228,3,target:Wolf:876
2180,hunt_start,Fox,884,250,8,199,8,target:Rabbit:308
2180,reproduce,Parrot,692,31,7,236,6,offspring:1
2181,spore_created,Shroomer,-1,218,5,54,8,
2181,spore_created,Shroomer,-1,226,3,57,3,
2182,reproduce,Monkey,1270,160,0,251,4,offspring:1
2187,hunt_start,Hawk,933,412,7,271,7,target:Rabbit:219
2188,hunt_fail,Fox,893,140,9,384,8,discomfort
2189,hunt_start,Fox,886,107,2,243,0,target:Monkey:670
2189,hunt_start,Hawk,928,138,7,60,9,target:Lizard:1425
2192,hunt_fail,Fox,887,504,1,257,2,discomfort
2194,reproduce,Tapir,720,98,9,156,2,offspring:1
2195,hunt_start,Fox,890,79,3,89,6,target:Rabbit:246
2195,reproduce,Penguin,770,37,2,285,5,offspring:1
2197,hunt_start,Wolf,873,1,2,383,0,target:Lizard:1047
2199,starvation,Lizard,1039,355,5,0,0,
2199,starvation,Lizard,1040,354,5,0,0,
2199,starvation,Lizard,1043,393,9,360,6,
2199,starvation,Lizard,1045,248,5,126,5,
2199,reproduce,Lizard,489,261,8,142,0,offspring:2
2199,reproduce,Lizard,1198,261,8,142,9,offspring:2
2202,hunt_fail,Wolf,873,1,3,383,0,discomfort
2202,hunt_fail,Jaguar,971,135,1,393,2,discomfort
2202,kill,Shroomer,766,121,9,399,3,killed_by:Jaguar:1512
2203,hunt_start,Fox,883,71,0,239,7,target:Monkey:665
2203,kill,Shroomer,1645,424,0,131,9,killed_by:Jaguar:970
2204,hunt_start,Jaguar,970,424,4,132,3,target:Shroomer:845
2206,hunt_fail,Fox,882,76,8,454,4,discomfort
2210,reproduce,Lizard,306,378,2,495,5,offspring:2
2210,reproduce,Lizard,1182,377,9,500,7,offspring:2
2212,environment_death,Fish,268,410,9,352,1,suffocation
2213,hunt_fail,Arctic Fox,959,261,1,75,9,discomfort
2219,kill,Frog,175,350,9,390,1,killed_by:Hawk:935
2220,hunt_start,Hawk,935,351,0,390,3,target:Frog:199
2223,hunt_fail,Scorpion,938,221,4,505,4,discomfort
2226,hunt_fail,Fox,892,510,4,379,8,discomfort
2231,spore_matured,Shroomer,-1,55,7,161,9,
2231,reproduce,Shroomer,-1,55,7,161,9,offspring:1
2233,reproduce,Rabbit,1219,382,0,288,0,offspring:2
2234,hunt_fail,Fox,890,79,3,89,0,discomfort
2238,hunt_start,Fox,888,254,3,370,8,target:Fish:72
2240,reproduce,Rabbit,1222,96,1,39,2,offspring:2
2242,reproduce,Boar,1323,69,6,509,5,offspring:2
2243,hunt_start,Wolf,862,133,9,389,3,target:Elk:104
2243,spore_matured,Shroomer,-1,59,3,242,5,
2243,reproduce,Shroomer,-1,59,3,242,5,offspring:1
2243,spore_matured,Shroomer,-1,52,7,240,9,
2243,reproduce,Shroomer,-1,52,7,240,9,offspring:1
2250,kill,Rabbit,232,256,7,494,3,killed_by:Jaguar:337
2251,hunt_start,Jaguar,337,256,8,495,1,target:Rabbit:231
2252,hunt_start,Crocodile,1303,504,1,163,8,target:Shroomer:790
2253,hunt_start,Snake,953,14,5,164,9,target:Lizard:1268
2254,spore_matured,Shroomer,-1,237,9,106,2,
2254,reproduce,Shroomer,-1,237,9,106,2,offspring:1
2255,reproduce,Monkey,655,306,8,63,4,offspring:1
2256,reproduce,Parrot,704,337,1,473,9,offspring:1
2257,hunt_start,Wolf,864,142,8,441,6,target:Lizard:1560
2257,hunt_fail,Arctic Fox,966,459,9,74,0,discomfort
2259,kill,Frog,1572,75,9,454,6,killed_by:Fox:1090
2260,hunt_start,Fox,1090,75,9,454,9,target:Frog:1574
2265,environment_death,Deer,80,474,5,119,4,drowning
2265,reproduce,Parrot,1114,128,0,431,7,offspring:1
2269,hunt_start,Wolf,872,2,6,384,9,target:Lizard:1047
2269,hunt_start,Wolf,1088,509,4,164,8,target:Shroomer:790
2269,kill,Frog,340,368,8,172,8,killed_by:Boar:1699
2270,hunt_fail,Boar,1700,368,5,172,9,target_died
2273,spore_matured,Shroomer,-1,499,8,5,6,
2273,reproduce,Shroomer,-1,499,8,5,6,offspring:1
2275,kill,Shroomer,791,511,1,155,1,killed_by:Wolf:27
2275,kill,Rabbit,219,410,3,272,2,killed_by:Hawk:933
2277,hunt_start,Wolf,878,387,1,499,3,target:Lizard:1233
2281,reproduce,Musk Ox,626,12,9,14,9,offspring:1
2283,reproduce,Parrot,1478,480,7,31,8,offspring:1
2283,spore_matured,Shroomer,-1,57,1,173,7,
2283,reproduce,Shroomer,-1,57,1,173,7,offspring:1
2286,starvation,Sectid,69,43,8,231,9,
2288,hunt_fail,Fox,883,74,1,231,1,discomfort
2289,kill,Penguin,558,30,6,281,6,killed_by:Hawk:315
2289,hunt_start,Wolf,879,183,7,409,7,target:Fish:170
2290,hunt_start,Hawk,315,30,9,281,5,target:Penguin:1192
2290,hunt_fail,Boar,914,0,1,379,6,discomfort
2290,reproduce,Turtle,360,18,4,450,7,offspring:1
2299,starvation,Sectid,50,369,7,34,4,
2300,hunt_start,Sectid,65,16,0,228,6,target:Parrot:23
2300,kill,Shroomer,845,419,2,132,9,killed_by:Jaguar:970
2300,reproduce,Jaguar,970,419,9,132,8,offspring:1
2301,hunt_start,Jaguar,970,419,9,132,8,target:Lizard:1275
2301,hunt_start,Jaguar,1693,421,6,129,8,target:Lizard:1275
2301,spore_matured,Shroomer,-1,218,5,54,8,
2301,reproduce,Shroomer,-1,218,5,54,8,offspring:1
2301,spore_matured,Shroomer,-1,226,3,57,3,
2301,reproduce,Shroomer,-1,226,3,57,3,offspring:1
2302,starvation,Fish,990,60,7,151,4,
2306,reproduce,Camel,519,388,5,172,5,offspring:1
2307,spore_matured,Shroomer,-1,495,2,2,7,
2307,reproduce,Shroomer,-1,495,2,2,7,offspring:1
2308,hunt_fail,Wolf,865,137,1,389,4,discomfort
2312,reproduce,Rabbit,51,428,9,268,7,offspring:2
2316,reproduce,Elk,409,256,0,152,6,offspring:1
2324,reproduce,Lizard,456,385,2,208,4,offspring:2
2325,kill,Lizard,459,466,4,512,0,killed_by:Hawk:931
2329,hunt_start,Snake,952,6,3,343,1,target:Monkey:759
2329,spore_matured,Shroomer,-1,499,5,63,9,
2329,reproduce,Shroomer,-1,499,5,63,9,offspring:1
2329,spore_matured,Shroomer,-1,497,0,61,8,
2329,reproduce,Shroomer,-1,497,0,61,8,offspring:1
2330,hunt_fail,Wolf,878,389,4,497,8,discomfort
2335,hunt_fail,Fox,894,510,1,379,1,discomfort
2335,kill,Tapir,1003,97,1,504,8,killed_by:Bear:926
2339,hunt_fail,Fox,888,248,6,371,2,discomfort
2339,spore_created,Shroomer,-1,325,5,308,0,
2339,spore_created,Shroomer,-1,323,6,315,8,
2341,kill,Rabbit,206,299,6,154,7,killed_by:Fox:895
2342,hunt_start,Fox,895,299,1,154,5,target:Rabbit:202
2342,kill,Frog,199,366,9,401,1,killed_by:Hawk:935
2343,hunt_start,Hawk,935,366,7,401,0,target:Frog:1463
2343,hunt_start,Scorpion,942,17,9,327,9,target:Fish:994
2348,hunt_start,Jaguar,971,134,3,398,1,target:Elk:439
2351,starvation,Fish,1116,91,0,163,9,
2352,kill,Lizard,1622,96,4,74,9,killed_by:Arctic Fox:1100
2352,reproduce,Frog,1344,68,1,460,4,offspring:2
2355,hunt_fail,Wolf,873,2,6,385,4,discomfort
2355,reproduce,Elk,394,430,2,506,6,offspring:1
2359,hunt_fail,Wolf,863,135,1,395,0,discomfort
2360,reproduce,Tapir,724,320,0,121,7,offspring:1
2362,starvation,Lizard,1052,196,5,174,6,
2365,spore_created,Shroomer,-1,67,5,247,9,
2365,spore_created,Shroomer,-1,58,2,238,1,
2366,hunt_start,Fox,890,79,0,90,0,target:Rabbit:246
2367,hunt_fail,Wolf,864,131,7,441,5,discomfort
2369,reproduce,Frog,1369,508,4,487,2,offspring:2
2373,reproduce,Lizard,474,506,2,229,7,offspring:2
2379,hunt_start,Boar,1658,398,5,119,0,target:Lizard:1034
2380,reproduce,Elk,454,497,4,316,3,offspring:1
2382,starvation,Sectid,26,137,7,195,0,
2385,kill,Lizard,1425,101,8,54,4,killed_by:Hawk:928
2385,hunt_fail,Polar Bear,958,231,8,433,5,discomfort
2386,hunt_start,Hawk,928,101,9,54,4,target:Rabbit:1707
2386,reproduce,Deer,101,125,5,55,4,offspring:1
2388,reproduce,Parrot,1373,446,0,64,0,offspring:1
2391,hunt_fail,Wolf,863,135,5,396,3,discomfort
2393,hunt_fail,Wolf,872,2,2,386,4,discomfort
2394,hunt_fail,Wolf,873,2,5,385,1,discomfort
2398,reproduce,Elk,440,140,2,410,4,offspring:1
2399,hunt_fail,Snake,952,4,5,344,0,discomfort
2400,reproduce,Lizard,889,416,0,505,7,offspring:2
2402,hunt_fail,Fox,886,132,7,234,1,discomfort
2405,kill,Rabbit,246,79,3,88,6,killed_by:Fox:890
2408,reproduce,Boar,1105,4,5,413,9,offspring:2
2409,hunt_start,Boar,246,5,7,413,0,target:Lizard:1356
2409,hunt_start,Boar,1105,4,6,414,0,target:Lizard:1356
2409,hunt_start,Boar,1720,5,7,413,0,target:Lizard:1356
2417,reproduce,Rabbit,1507,290,8,48,4,offspring:2
2417,spore_created,Shroomer,-1,498,4,11,8,
2417,spore_created,Shroomer,-1,500,8,13,5,
2418,reproduce,Frog,1102,506,4,485,0,offspring:2
2418,reproduce,Frog,1576,505,9,487,7,offspring:2
2419,starvation,Parrot,1423,18,9,385,0,
2419,reproduce,Parrot,685,4,5,424,4,offspring:1
2419,reproduce,Parrot,1471,5,2,422,9,offspring:1
2420,hunt_start,Sectid,65,16,0,228,9,target:Parrot:23
2420,kill,Penguin,1192,25,4,296,7,killed_by:Hawk:315
2420,kill,Monkey,630,50,4,320,1,killed_by:Hawk:562
2421,kill,Elk,104,148,6,391,3,killed_by:Wolf:865
2422,hunt_fail,Wolf,862,148,6,391,8,target_died
2422,hunt_start,Wolf,862,148,6,391,8,target:Elk:435
2422,hunt_fail,Wolf,863,136,6,397,7,target_died
2422,reproduce,Sectid,-1,157,2,289,3,offspring:1
2423,hunt_fail,Wolf,863,136,7,397,8,discomfort
2423,kill,Shroomer,781,233,5,110,1,killed_by:Faeling:1209
2424,reproduce,Rabbit,989,282,9,46,4,offspring:2
2427,hunt_start,Hawk,933,417,6,268,5,target:Lizard:227
2432,kill,Shroomer,790,508,0,155,5,killed_by:Wolf:1088
2432,reproduce,Penguin,552,222,3,260,2,offspring:1
2433,kill,Frog,1574,57,5,456,6,killed_by:Fox:1090
2433,hunt_fail,Crocodile,1303,505,4,161,8,target_died
2433,reproduce,Frog,1571,66,1,452,8,offspring:2
2434,hunt_start,Fox,1090,57,8,456,5,target:Frog:790
2435,starvation,Hawk,930,460,7,273,7,
2436,hunt_fail,Sectid,32,131,7,317,1,discomfort
2440,spore_created,Shroomer,-1,434,3,413,7,
2440,spore_created,Shroomer,-1,431,4,415,5,
2443,hunt_fail,Wolf,863,137,6,398,4,discomfort
2443,hunt_start,Fox,896,239,9,316,9,target:Frog:1398
2444,kill,Rabbit,231,264,2,508,2,killed_by:Jaguar:337
2445,starvation,Fish,1173,391,4,367,2,
2445,hunt_start,Jaguar,337,264,3,507,7,target:Rabbit:235
2445,reproduce,Rabbit,235,256,7,509,8,offspring:2
2445,reproduce,Rabbit,1363,284,1,492,9,offspring:2
2447,reproduce,Monkey,43,160,5,252,2,offspring:1
2448,starvation,Rabbit,55,225,7,465,0,
2449,starvation,Fish,170,208,0,405,6,
2449,hunt_fail,Wolf,879,201,1,406,0,target_died
2449,hunt_start,Wolf,879,201,1,406,0,target:Lizard:1405
2449,reproduce,Monkey,654,286,5,97,5,offspring:1
2450,environment_death,Monkey,665,76,4,224,9,drowning
2450,reproduce,Monkey,664,62,1,210,4,offspring:1
2452,kill,Rabbit,202,302,7,158,2,killed_by:Fox:895
2453,hunt_start,Fox,895,302,6,158,5,target:Rabbit:201
2454,reproduce,Monkey,671,126,5,244,0,offspring:1
2457,hunt_start,Fox,892,509,0,381,0,target:Monkey:1265
2459,hunt_start,Scorpion,944,100,4,315,2,target:Parrot:1281
2462,spore_matured,Shroomer,-1,325,4,307,5,
2462,reproduce,Shroomer,-1,325,4,307,5,offspring:1
2463,reproduce,Tapir,718,336,6,398,2,offspring:1
2466,hunt_fail,Sectid,30,128,9,320,4,discomfort
2467,kill,Frog,1463,353,7,415,6,killed_by:Hawk:935
2467,reproduce,Frog,17,341,6,396,2,offspring:2
2467,reproduce,Frog,214,350,7,398,2,offspring:2
2467,reproduce,Frog,1368,355,6,400,2,offspring:2
2467,reproduce,Frog,1464,361,5,415,8,offspring:2
2467,reproduce,Frog,1467,351,6,422,5,offspring:2
2468,hunt_start,Hawk,935,353,9,415,5,target:Frog:1467
2468,reproduce,Fish,72,246,4,373,1,offspring:2
2469,hunt_start,Fox,888,254,2,373,0,target:Fish:1743
2470,hunt_start,Sectid,29,154,3,314,2,target:Deer:9
2474,hunt_fail,Snake,950,423,3,467,1,discomfort
2477,starvation,Fish,1328,156,2,388,0,
2478,environment_death,Shark,906,196,5,199,8,suffocation
2480,hunt_fail,Sectid,33,127,5,321,7,discomfort
2482,reproduce,Parrot,701,433,7,65,1,offspring:1
2485,hunt_fail,Fox,892,507,9,379,3,discomfort
2485,spore_matured,Shroomer,-1,67,5,247,9,
2485,reproduce,Shroomer,-1,67,5,247,9,offspring:1
2487,reproduce,Parrot,1115,18,7,357,7,offspring:1
2496,hunt_start,Arctic Fox,960,218,5,175,2,target:Rabbit:293
2500,hunt_fail,Fox,884,264,8,174,1,discomfort
2500,hunt_fail,Arctic Fox,968,439,6,55,5,discomfort
2500,reproduce,Monkey,1000,54,8,188,6,offspring:1
2500,reproduce,Elk,1019,487,2,507,8,offspring:1
2500,reproduce,Elk,1020,167,2,86,7,offspring:1
2500,reproduce,Elk,1026,481,3,283,6,offspring:1
2500,reproduce,Musk Ox,1063,70,6,21,2,offspring:1
2500,reproduce,Musk Ox,1069,6,9,29,1,offspring:1
2503,hunt_start,Sectid,1251,166,0,290,7,target:Parrot:1552
2507,kill,Shroomer,20,240,9,107,3,killed_by:Faeling:1209
2511,hunt_start,Wolf,873,2,7,384,0,target:Boar:914
2511,spore_matured,Shroomer,-1,323,4,315,7,
2511,reproduce,Shroomer,-1,323,4,315,7,offspring:1
2520,reproduce,Fish,1326,156,4,384,0,offspring:2
2524,starvation,Lizard,1041,179,6,74,2,
2526,kill,Rabbit,201,301,2,162,0,killed_by:Fox:895
2526,reproduce,Lizard,1621,113,6,50,0,offspring:2
2528,hunt_start,Jaguar,975,218,1,374,1,target:Boar:270
2529,reproduce,Elk,1124,218,7,174,5,offspring:1
2530,kill,Rabbit,1707,119,2,46,5,killed_by:Hawk:928
2531,hunt_start,Hawk,928,119,0,46,4,target:Lizard:475
2532,reproduce,Parrot,1027,169,4,355,6,offspring:1
2536,starvation,Rabbit,773,226,8,445,6,
2537,starvation,Sectid,60,407,5,511,7,
2537,reproduce,Elk,405,256,0,74,3,offspring:1
2539,starvation,Hawk,1097,25,1,390,3,
2540,hunt_start,Sectid,65,16,9,228,0,target:Parrot:23
2543,spore_created,Shroomer,-1,276,7,56,8,
2543,spore_created,Shroomer,-1,279,0,54,8,
2544,hunt_start,Arctic Fox,1316,282,9,58,9,target:Shroomer:1097
2544,reproduce,Musk Ox,1134,10,2,26,0,offspring:1
2545,reproduce,Monkey,1329,406,9,224,0,offspring:1
2545,reproduce,Lizard,1382,271,2,413,3,offspring:2
2547,hunt_fail,Fox,896,230,4,316,8,discomfort
2547,reproduce,Penguin,564,15,9,300,1,offspring:1
2551,reproduce,Elk,1140,147,3,401,6,offspring:1
2551,reproduce,Parrot,1562,367,6,489,7,offspring:1
2552,reproduce,Parrot,1218,499,7,49,7,offspring:1
2556,reproduce,Parrot,1203,123,6,312,5,offspring:1
2557,environment_death,Camel,506,61,8,369,2,drowning
2557,reproduce,Tapir,748,166,9,217,1,offspring:1
2558,reproduce,Parrot,1552,160,2,302,5,offspring:1
2559,starvation,Sectid,63,407,5,511,0,
2560,hunt_start,Wolf,878,395,4,500,5,target:Rabbit:1305
2560,spore_matured,Shroomer,-1,434,3,413,7,
2560,reproduce,Shroomer,-1,434,3,413,7,offspring:1
2562,reproduce,Boar,1434,10,4,376,1,offspring:2
2563,hunt_start,Arctic Fox,1100,105,9,62,8,target:Lizard:1424
2566,hunt_start,Fox,884,267,7,174,1,target:Rabbit:308
2566,hunt_fail,Arctic Fox,961,506,8,215,5,discomfort
2567,environment_death,Fish,261,112,0,207,6,suffocation
2567,starvation,Fish,1327,161,0,378,7,
2570,reproduce,Penguin,565,45,7,289,0,offspring:1
2571,hunt_fail,Fox,888,248,5,372,5,discomfort
2571,kill,Frog,1467,348,2,430,8,killed_by:Hawk:935
2572,hunt_start,Hawk,935,348,3,430,6,target:Frog:1742
2574,hunt_start,Jaguar,1512,127,0,395,4,target:Elk:1617
2576,hunt_start,Fox,892,504,9,376,4,target:Monkey:1265
2577,reproduce,Deer,79,431,8,123,1,offspring:1
2578,starvation,Rabbit,986,270,0,141,2,
2578,hunt_fail,Arctic Fox,215,271,9,123,9,target_died
2578,reproduce,Parrot,1412,447,9,24,8,offspring:1
2579,kill,Frog,790,72,8,446,4,killed_by:Fox:1090
2580,hunt_start,Hawk,315,25,5,296,5,target:Penguin:1647
2580,hunt_start,Fox,1090,72,6,446,5,target:Frog:1571
2589,spore_matured,Shroomer,-1,498,8,11,0,
2589,reproduce,Shroomer,-1,498,8,11,0,offspring:1
2589,spore_matured,Shroomer,-1,500,8,13,5,
2589,reproduce,Shroomer,-1,500,8,13,5,offspring:1
2591,kill,Deer,9,155,3,297,5,killed_by:Sectid:29
2592,hunt_start,Arctic Fox,968,443,1,51,5,target:Parrot:1623
2600,reproduce,Penguin,1457,265,7,271,2,offspring:1
2601,reproduce,Tapir,1237,89,2,152,5,offspring:1
2602,hunt_fail,Wolf,865,148,1,384,0,discomfort
2604,hunt_fail,Jaguar,971,139,0,400,4,discomfort
2604,reproduce,Deer,980,315,6,63,2,offspring:1
2606,kill,Lizard,227,431,3,247,1,killed_by:Hawk:933
2607,hunt_fail,Wolf,873,4,2,381,0,discomfort
2607,hunt_start,Hawk,933,431,2,247,3,target:Lizard:1557
2611,spore_created,Shroomer,-1,232,0,129,5,
2611,spore_created,Shroomer,-1,229,2,127,7,
2612,spore_matured,Shroomer,-1,431,6,415,6,
2612,reproduce,Shroomer,-1,431,6,415,6,offspring:1
2615,hunt_start,Arctic Fox,215,273,1,121,2,target:Monkey:1654
2616,starvation,Frog,1399,227,3,320,1,
2616,hunt_fail,Arctic Fox,968,445,8,49,6,discomfort
2616,reproduce,Monkey,669,44,1,280,5,offspring:1
2624,reproduce,Fish,207,138,3,378,6,offspring:2
2624,reproduce,Fish,1180,156,1,382,7,offspring:2
2628,hunt_fail,Wolf,862,149,1,382,3,discomfort
2630,hunt_fail,Sectid,66,32,3,236,7,discomfort
2631,hunt_start,Sectid,65,16,9,228,4,target:Parrot:23
2632,reproduce,Elk,435,150,9,379,1,offspring:1
2635,reproduce,Deer,1128,148,4,329,2,offspring:1
2639,starvation,Arctic Fox,963,476,8,124,0,
2639,kill,Rabbit,235,252,0,511,7,killed_by:Jaguar:337
2640,hunt_start,Jaguar,337,251,5,511,5,target:Rabbit:234
2642,kill,Shroomer,1097,278,1,53,9,killed_by:Arctic Fox:1316
2642,reproduce,Elk,300,481,3,509,7,offspring:1
2643,hunt_fail,Wolf,878,389,6,495,7,discomfort
2643,hunt_start,Arctic Fox,1316,278,3,54,0,target:Shroomer:60
2645,reproduce,Monkey,1376,37,6,303,9,offspring:1
2647,kill,Rabbit,1508,286,5,32,2,killed_by:Hawk:936
2648,hunt_fail,Boar,1537,298,5,34,1,target_died
2648,hunt_fail,Hawk,1619,297,0,36,0,target_died
2648,hunt_start,Hawk,1619,297,0,36,0,target:Rabbit:1507
2649,starvation,Wolf,859,183,1,170,9,
2650,spore_created,Shroomer,-1,288,8,47,2,
2650,spore_created,Shroomer,-1,277,6,48,7,
2653,reproduce,Lizard,1388,223,8,494,7,offspring:2
2655,reproduce,Penguin,545,501,9,235,4,offspring:1
2656,kill,Elk,1617,121,6,396,7,killed_by:Jaguar:1512
2657,environment_death,Fish,267,410,3,352,0,suffocation
2657,spore_created,Shroomer,-1,499,1,19,9,
2657,spore_created,Shroomer,-1,496,8,27,2,
2659,hunt_start,Boar,1699,366,9,171,6,target:Frog:341
2660,hunt_fail,Wolf,865,147,3,384,0,discomfort
2663,spore_created,Shroomer,-1,240,9,59,9,
2663,spore_created,Shroomer,-1,242,6,70,0,
2663,spore_matured,Shroomer,-1,276,6,56,6,
2663,reproduce,Shroomer,-1,276,6,56,6,offspring:1
2664,hunt_fail,Arctic Fox,1316,277,2,55,6,prey_escaped
2664,hunt_start,Arctic Fox,1316,277,2,55,6,target:Shroomer:1508
2664,reproduce,Elk,171,115,8,414,1,offspring:1
2666,reproduce,Turtle,368,210,3,182,3,offspring:1
2672,kill,Lizard,475,142,4,53,6,killed_by:Hawk:928
2676,reproduce,Lizard,490,266,8,71,0,offspring:2
2677,hunt_fail,Jaguar,970,437,3,111,6,discomfort
2677,reproduce,Penguin,547,267,4,271,7,offspring:1
2677,reproduce,Tapir,1289,127,2,227,7,offspring:1
2679,reproduce,Camel,526,330,5,435,5,offspring:1
2680,reproduce,Rabbit,1514,500,5,287,3,offspring:2
2683,reproduce,Deer,117,146,3,305,5,offspring:1
2687,reproduce,Monkey,1531,325,8,100,3,offspring:1
2689,kill,Deer,117,145,9,305,4,killed_by:Crocodile:1092
2689,spore_created,Shroomer,-1,232,6,67,8,
2689,spore_created,Shroomer,-1,224,6,66,0,
2690,hunt_start,Crocodile,1092,146,7,304,8,target:Sectid:31
2700,hunt_start,Scorpion,945,59,2,422,3,target:Parrot:695
2703,kill,Frog,1742,364,6,417,3,killed_by:Hawk:935
2703,reproduce,Penguin,1059,209,4,267,2,offspring:1
2703,reproduce,Tapir,1085,89,4,507,8,offspring:1
2704,environment_death,Monkey,655,326,9,17,1,drowning
2704,hunt_fail,Hawk,295,330,1,22,5,target_died
2704,hunt_start,Hawk,935,364,5,417,5,target:Frog:1739
2704,reproduce,Penguin,1058,505,1,248,3,offspring:1
2705,reproduce,Penguin,1060,217,0,273,6,offspring:1
2707,environment_death,Lizard,492,4,8,430,4,drowning
2707,reproduce,Lizard,461,66,4,177,9,offspring:2
2710,hunt_start,Hawk,928,137,8,54,0,target:Lizard:1651
2710,hunt_fail,Scorpion,942,19,1,326,0,prey_escaped
2711,reproduce,Penguin,1462,493,5,234,9,offspring:1
2713,starvation,Hawk,934,5,4,364,2,
2714,kill,Rabbit,234,253,0,512,0,killed_by:Jaguar:337
2714,kill,Rabbit,293,237,2,180,2,killed_by:Arctic Fox:960
2714,reproduce,Rabbit,560,203,7,205,6,offspring:2
2715,hunt_start,Jaguar,337,252,7,512,0,target:Rabbit:1173
2717,kill,Frog,1571,62,6,460,1,killed_by:Fox:1090
2717,reproduce,Frog,1345,69,1,459,3,offspring:2
2717,reproduce,Frog,1573,65,5,461,9,offspring:2
2718,hunt_start,Fox,1090,62,7,460,0,target:Frog:1573
2720,kill,Elk,435,154,2,375,6,killed_by:Wolf:863
2720,hunt_start,Polar Bear,956,141,9,32,1,target:Lizard:476
2720,reproduce,Elk,436,135,5,408,7,offspring:1
2723,reproduce,Lizard,1424,120,4,44,0,offspring:2
2724,starvation,Parrot,1474,0,5,357,8,
2724,kill,Penguin,1647,43,7,297,8,killed_by:Hawk:315
2724,hunt_fail,Snake,953,47,1,156,2,discomfort
2725,hunt_fail,Wolf,865,147,4,384,4,discomfort
2729,reproduce,Monkey,1265,500,3,352,0,offspring:1
2732,spore_created,Shroomer,-1,120,0,213,4,
2732,spore_created,Shroomer,-1,135,1,211,8,
2733,hunt_start,Sectid,29,157,5,292,4,target:Deer:1782
2733,reproduce,Camel,525,288,0,435,5,offspring:1
2734,reproduce,Lizard,473,490,4,295,1,offspring:2
2740,reproduce,Deer,102,126,5,63,9,offspring:1
2740,reproduce,Lizard,1275,448,0,103,0,offspring:2
2742,hunt_start,Jaguar,971,136,8,405,1,target:Elk:440
2744,spore_created,Shroomer,-1,88,2,261,6,
2744,spore_created,Shroomer,-1,81,7,249,6,
2745,starvation,Sectid,5,184,8,255,9,
2746,reproduce,Penguin,12,416,0,276,9,offspring:1
2748,reproduce,Musk Ox,595,-0,1,90,9,offspring:1
2751,hunt_start,Sectid,65,15,5,227,5,target:Parrot:23
2752,hunt_start,Fox,888,254,5,375,4,target:Fish:72
2754,hunt_fail,Arctic Fox,1316,277,7,48,1,target_died
2754,hunt_start,Arctic Fox,1316,277,7,48,1,target:Rabbit:104
2755,starvation,Sectid,59,407,5,512,0,
2762,kill,Faeling,1209,234,9,106,8,killed_by:Shroomer:786
2764,hunt_start,Fox,893,150,5,389,1,target:Frog:1377
2764,reproduce,Tapir,1148,161,0,223,0,offspring:1
2766,reproduce,Deer,1257,64,0,251,1,offspring:1
2767,reproduce,Penguin,1470,506,1,240,8,offspring:1
2769,reproduce,Monkey,1535,447,6,404,9,offspring:1
2771,reproduce,Rabbit,260,383,9,331,4,offspring:2
2777,hunt_start,Fox,883,78,2,240,7,target:Shroomer:1800
2782,kill,Elk,440,138,0,409,6,killed_by:Jaguar:971
2782,reproduce,Jaguar,971,137,7,409,0,offspring:1
2783,hunt_start,Jaguar,440,136,8,408,5,target:Elk:436
2783,hunt_start,Jaguar,971,137,7,409,0,target:Elk:436
2783,hunt_start,Jaguar,1427,353,8,338,4,target:Turtle:358
2783,spore_matured,Shroomer,-1,232,0,129,5,
2783,reproduce,Shroomer,-1,232,0,129,5,offspring:1
2783,spore_matured,Shroomer,-1,229,2,127,7,
2783,reproduce,Shroomer,-1,229,2,127,7,offspring:1
2785,starvation,Sectid,65,16,1,227,8,
2796,hunt_start,Wolf,27,509,6,166,4,target:Penguin:537
2796,reproduce,Penguin,770,27,7,291,7,offspring:1
2796,reproduce,Rabbit,1630,68,1,59,1,offspring:2
2799,hunt_start,Bear,924,287,5,273,7,target:Shroomer:807
2800,starvation,Parrot,1461,87,2,244,6,
2800,reproduce,Elk,425,78,2,259,6,offspring:1
2800,reproduce,Elk,426,80,5,263,4,offspring:1
2800,reproduce,Elk,431,79,7,268,0,offspring:1
2800,reproduce,Elk,434,87,0,258,8,offspring:1
2809,spore_matured,Shroomer,-1,232,4,68,1,
2809,reproduce,Shroomer,-1,232,4,68,1,offspring:1
2809,spore_matured,Shroomer,-1,224,9,65,7,
2809,reproduce,Shroomer,-1,224,9,65,7,offspring:1
2812,kill,Frog,1739,363,5,400,9,killed_by:Hawk:935
2813,starvation,Sectid,8,185,5,257,0,
2813,hunt_start,Hawk,935,363,5,401,1,target:Frog:1737
2813,kill,Frog,341,362,5,170,2,killed_by:Boar:1699
2814,hunt_start,Boar,1699,362,4,169,8,target:Frog:1627
2817,kill,Frog,1573,72,4,466,7,killed_by:Fox:1090
2818,hunt_start,Fox,1090,72,2,466,6,target:Frog:199
2822,spore_matured,Shroomer,-1,288,8,47,2,
2822,reproduce,Shroomer,-1,288,8,47,2,offspring:1
2823,starvation,Sectid,67,52,5,231,0,
2823,hunt_start,Shark,1093,184,6,211,2,target:Rabbit:560
2823,reproduce,Boar,318,372,3,327,6,offspring:2
2826,hunt_fail,Polar Bear,956,138,5,31,1,discomfort
2828,kill,Lizard,1424,125,8,37,1,killed_by:Arctic Fox:1100
2829,hunt_start,Arctic Fox,1100,125,6,37,2,target:Lizard:1621
2829,spore_created,Shroomer,-1,319,1,328,2,
2829,spore_created,Shroomer,-1,322,4,331,9,
2829,spore_matured,Shroomer,-1,499,1,19,9,
2829,reproduce,Shroomer,-1,499,1,19,9,offspring:1
2830,reproduce,Musk Ox,585,367,9,66,6,offspring:1
2831,hunt_start,Wolf,872,2,9,384,4,target:Boar:914
2833,hunt_fail,Wolf,863,147,1,382,3,discomfort
2833,kill,Lizard,1557,401,6,234,2,killed_by:Hawk:933
2834,hunt_start,Hawk,933,401,8,234,3,target:Rabbit:218
2835,reproduce,Elk,1157,44,8,180,5,offspring:1
2835,spore_matured,Shroomer,-1,242,6,70,0,
2835,reproduce,Shroomer,-1,242,6,70,0,offspring:1
2836,kill,Rabbit,1507,287,7,63,3,killed_by:Hawk:1619
2837,hunt_start,Hawk,1619,287,8,63,1,target:Rabbit:1721
2838,reproduce,Parrot,1478,483,7,22,2,offspring:1
2839,hunt_start,Fox,894,505,8,390,5,target:Monkey:1534
2840,reproduce,Parrot,45,26,4,238,5,offspring:1
2840,reproduce,Parrot,1008,64,0,215,6,offspring:1
2843,reproduce,Lizard,1651,112,4,64,1,offspring:2
2851,hunt_fail,Jaguar,972,210,9,494,9,discomfort
2852,spore_matured,Shroomer,-1,120,0,213,4,
2852,reproduce,Shroomer,-1,120,0,213,4,offspring:1
2852,spore_matured,Shroomer,-1,135,1,211,8,
2852,reproduce,Shroomer,-1,135,1,211,8,offspring:1
2853,hunt_start,Sectid,29,149,9,297,4,target:Deer:1782
2858,reproduce,Monkey,658,332,7,91,6,offspring:1
2861,kill,Shroomer,1800,81,9,250,2,killed_by:Fox:883
2862,hunt_start,Fox,883,81,8,250,1,target:Monkey:666
2863,hunt_fail,Fox,888,248,7,369,1,discomfort
2864,hunt_start,Hawk,936,282,1,36,1,target:Rabbit:1722
2866,kill,Elk,436,130,2,409,8,killed_by:Jaguar:440
2867,hunt_fail,Jaguar,971,136,9,409,1,target_died
2867,hunt_start,Jaguar,971,136,9,409,1,target:Elk:1712
2868,reproduce,Monkey,276,254,1,193,6,offspring:1
2868,reproduce,Monkey,675,258,8,200,6,offspring:1
2870,reproduce,Lizard,1037,468,0,254,4,offspring:2
2871,reproduce,Rabbit,1410,293,8,46,2,offspring:2
2874,kill,Monkey,1654,284,8,84,2,killed_by:Arctic Fox:215
2875,environment_death,Lizard,466,388,2,179,3,drowning
2875,hunt_start,Arctic Fox,215,284,7,84,4,target:Monkey:127
2876,starvation,Sectid,19,221,1,500,5,
2876,kill,Boar,332,359,0,314,2,killed_by:Jaguar:973
2876,reproduce,Camel,528,286,4,439,2,offspring:1
2879,reproduce,Hawk,315,40,9,296,8,offspring:1
2880,hunt_start,Hawk,315,40,8,296,8,target:Monkey:235
2880,hunt_start,Hawk,466,41,0,295,1,target:Penguin:261
2882,hunt_start,Jaguar,973,358,6,314,6,target:Lizard:1314
2884,hunt_fail,Scorpion,939,408,9,352,0,discomfort
2887,starvation,Parrot,684,0,6,357,2,
2887,reproduce,Musk Ox,74,357,0,57,3,offspring:1
2892,starvation,Parrot,686,0,5,358,6,
2894,kill,Lizard,1651,105,0,67,8,killed_by:Hawk:928
2895,hunt_start,Hawk,928,105,2,67,7,target:Lizard:1811
2896,spore_created,Shroomer,-1,105,9,417,4,
2896,spore_created,Shroomer,-1,113,9,423,2,
2900,hunt_fail,Wolf,872,3,7,382,1,discomfort
2902,environment_death,Camel,519,384,1,174,5,drowning
2910,reproduce,Elk,1118,440,7,501,7,offspring:1
2911,environment_death,Lizard,476,134,5,25,8,drowning
2913,starvation,Lizard,497,421,5,75,6,
2918,kill,Frog,1737,352,5,389,7,killed_by:Hawk:935
2919,hunt_start,Hawk,935,352,6,389,8,target:Lizard:1308
2919,hunt_start,Arctic Fox,960,241,7,188,9,target:Rabbit:173
2921,kill,Frog,199,71,2,454,5,killed_by:Fox:1090
2922,hunt_start,Fox,1090,71,2,454,8,target:Frog:293
2925,hunt_fail,Fox,893,153,6,387,8,discomfort
2925,hunt_start,Hawk,931,480,5,476,8,target:Lizard:1139
2929,hunt_start,Arctic Fox,968,454,4,55,2,target:Parrot:1339
2935,starvation,Fish,1581,423,0,357,9,
2935,reproduce,Penguin,556,263,5,267,0,offspring:1
2935,reproduce,Rabbit,1436,318,9,124,7,offspring:2
2943,reproduce,Musk Ox,587,366,1,68,7,offspring:1
2944,kill,Monkey,1265,495,1,325,7,killed_by:Fox:892
2945,hunt_start,Fox,892,495,1,326,0,target:Lizard:121
2945,reproduce,Camel,534,354,6,127,0,offspring:1
2946,reproduce,Musk Ox,625,11,9,12,1,offspring:1
2947,environment_death,Camel,511,65,8,368,1,drowning
2949,kill,Turtle,358,359,2,327,3,killed_by:Jaguar:1427
2949,reproduce,Turtle,359,361,2,330,7,offspring:1
2954,hunt_fail,Wolf,863,147,2,382,1,discomfort
2956,kill,Boar,270,207,8,366,1,killed_by:Jaguar:975
2956,reproduce,Boar,288,192,6,351,6,offspring:2
2956,reproduce,Boar,543,193,3,361,9,offspring:2
2956,reproduce,Boar,915,175,9,347,3,offspring:2
2956,reproduce,Boar,1491,187,1,348,5,offspring:2
2957,hunt_start,Boar,270,193,1,363,1,target:Frog:1201
2957,hunt_start,Boar,358,193,1,363,1,target:Frog:1201
2957,hunt_start,Boar,543,193,3,361,9,target:Frog:1201
2957,hunt_start,Boar,915,175,9,347,2,target:Fish:1520
2957,hunt_start,Jaguar,975,208,3,366,3,target:Fish:1497
2958,reproduce,Parrot,1458,480,1,69,4,offspring:1
2961,reproduce,Camel,527,287,3,434,6,offspring:1
2963,kill,Penguin,537,512,0,175,6,killed_by:Wolf:27
2964,hunt_fail,Polar Bear,1099,512,0,177,4,target_died
2964,hunt_start,Polar Bear,1099,512,0,177,4,target:Penguin:1533
2965,reproduce,Penguin,554,263,4,271,4,offspring:1
2967,hunt_start,Boar,341,374,1,323,7,target:Lizard:1548
2968,hunt_start,Scorpion,938,222,8,505,5,target:Sectid:18
2969,reproduce,Camel,533,333,7,95,9,offspring:1
2972,reproduce,Penguin,1527,490,3,246,2,offspring:1
2973,hunt_start,Sectid,29,151,9,297,8,target:Deer:1782
2973,kill,Rabbit,218,395,8,243,6,killed_by:Hawk:933
2977,environment_death,Camel,518,391,3,176,9,drowning
2977,environment_death,Camel,520,387,1,176,8,drowning
2979,starvation,Sectid,25,136,5,194,5,
2979,starvation,Deer,977,108,0,27,0,
2980,starvation,Sectid,66,43,5,237,0,
2984,reproduce,Turtle,379,428,5,272,9,offspring:1
2989,starvation,Sectid,18,219,5,501,9,
2989,hunt_fail,Scorpion,938,222,4,505,1,target_died
2993,starvation,Sectid,6,187,9,253,0,
2993,starvation,Frog,311,210,7,91,4,
2994,hunt_fail,Wolf,879,259,0,431,5,discomfort
2999,kill,Penguin,1533,512,0,175,5,killed_by:Polar Bear:1099
3000,hunt_fail,Fox,883,89,8,258,4,discomfort
3001,reproduce,Penguin,271,504,4,234,0,offspring:1
3001,reproduce,Penguin,1416,208,6,255,9,offspring:1
3001,spore_matured,Shroomer,-1,322,4,331,9,
3001,reproduce,Shroomer,-1,322,4,331,9,offspring:1
3002,reproduce,Penguin,627,213,1,272,3,offspring:1
3002,reproduce,Parrot,1670,361,5,473,5,offspring:1
3003,reproduce,Parrot,1669,444,2,24,3,offspring:1
3004,reproduce,Parrot,1411,160,0,357,2,offspring:1
3005,hunt_fail,Wolf,863,148,1,381,1,discomfort
3005,hunt_fail,Wolf,865,137,9,395,5,discomfort
3005,reproduce,Camel,1057,316,2,142,5,offspring:1
3006,kill,Penguin,261,45,4,279,1,killed_by:Hawk:466
3007,hunt_start,Hawk,466,45,4,279,4,target:Monkey:1399
3009,starvation,Hawk,927,0,4,91,5,
3011,hunt_start,Fox,893,150,6,391,5,target:Frog:1377
3022,reproduce,Penguin,330,501,0,242,0,offspring:1
3026,hunt_fail,Wolf,863,148,6,381,0,discomfort
3027,reproduce,Jaguar,1427,361,2,325,6,offspring:1
3028,hunt_start,Jaguar,1097,364,0,326,0,target:Turtle:1340
3028,hunt_start,Jaguar,1427,361,2,325,6,target:Turtle:1340
3028,hunt_start,Jaguar,1512,125,0,392,1,target:Turtle:371
3033,hunt_fail,Wolf,863,148,3,381,1,discomfort
3033,hunt_start,Jaguar,972,213,9,497,0,target:Lizard:1388
3033,reproduce,Penguin,552,218,5,264,0,offspring:1
3036,kill,Frog,293,59,3,448,2,killed_by:Fox:1090
3037,hunt_start,Fox,1090,59,5,448,4,target:Frog:1574
3039,reproduce,Parrot,1115,23,8,361,5,offspring:1
3043,hunt_fail,Fox,884,253,6,129,3,discomfort
3043,hunt_fail,Boar,1105,18,2,417,0,prey_escaped
3044,hunt_start,Polar Bear,958,240,5,434,1,target:Lizard:41
3046,spore_matured,Shroomer,-1,113,9,423,2,
3046,reproduce,Shroomer,-1,113,9,423,2,offspring:1
3047,reproduce,Turtle,361,26,0,453,5,offspring:1
3048,reproduce,Parrot,1111,441,2,32,0,offspring:1
3049,kill,Elk,1712,140,7,412,8,killed_by:Jaguar:971
3049,reproduce,Turtle,371,119,9,398,7,offspring:1
3050,starvation,Fish,1476,219,5,423,3,
3053,hunt_fail,Wolf,863,148,4,381,1,discomfort
3057,reproduce,Turtle,362,134,0,108,2,offspring:1
3062,kill,Shroomer,807,282,4,290,5,killed_by:Bear:924
3062,kill,Lizard,1811,126,0,44,1,killed_by:Hawk:928
3063,hunt_fail,Boar,915,177,6,350,9,discomfort
3063,hunt_start,Hawk,928,125,9,44,2,target:Lizard:1790
3065,starvation,Fish,1520,176,1,357,8,
3067,hunt_fail,Wolf,863,148,4,381,1,discomfort
3068,spore_matured,Shroomer,-1,106,0,417,3,
3068,reproduce,Shroomer,-1,106,0,417,3,offspring:1
3069,environment_death,Monkey,666,97,3,254,8,drowning
3069,reproduce,Parrot,1281,94,3,321,2,offspring:1
3072,starvation,Fish,1496,141,4,403,2,
3072,kill,Lizard,1308,375,5,378,1,killed_by:Hawk:935
3073,hunt_start,Hawk,935,375,3,378,0,target:Lizard:1044
3081,hunt_fail,Wolf,863,148,5,381,1,discomfort
3083,kill,Rabbit,1722,294,1,67,9,killed_by:Hawk:936
3083,reproduce,Turtle,354,28,1,113,8,offspring:1
3084,hunt_start,Hawk,936,294,1,67,7,target:Lizard:490
3085,hunt_start,Fox,888,250,6,374,5,target:Fish:1744
3085,hunt_start,Fox,891,371,3,374,5,target:Lizard:1492
3085,kill,Turtle,1340,363,9,329,6,killed_by:Jaguar:1427
3086,hunt_fail,Jaguar,1097,363,5,326,8,target_died
3086,hunt_start,Jaguar,1097,363,5,326,8,target:Boar:639
3093,hunt_start,Sectid,29,151,8,296,6,target:Deer:1782
3094,hunt_fail,Wolf,863,148,4,381,1,discomfort
3099,starvation,Parrot,1078,88,6,244,2,
3100,starvation,Deer,1167,198,5,19,5,
3101,kill,Monkey,127,267,5,65,0,killed_by:Arctic Fox:215
3101,kill,Rabbit,173,230,5,191,8,killed_by:Arctic Fox:960
3101,reproduce,Monkey,654,281,3,91,9,offspring:1
3101,reproduce,Monkey,1530,287,7,91,2,offspring:1
3102,kill,Elk,435,124,1,409,6,killed_by:Wolf:862
3102,hunt_start,Arctic Fox,960,230,5,191,5,target:Rabbit:198
3103,hunt_start,Wolf,862,124,6,409,4,target:Shroomer:764
3103,hunt_fail,Wolf,864,127,0,409,6,target_died
3103,hunt_fail,Wolf,865,137,6,395,3,target_died
3104,environment_death,Deer,82,93,0,253,0,drowning
3108,hunt_fail,Wolf,863,148,5,381,0,discomfort
3109,hunt_start,Hawk,562,55,0,317,1,target:Monkey:629
3109,hunt_fail,Wolf,865,137,5,395,1,discomfort
3111,hunt_start,Wolf,873,13,9,378,2,target:Boar:1435
3117,spore_created,Shroomer,-1,463,4,347,0,
3117,spore_created,Shroomer,-1,456,0,357,3,
3118,reproduce,Tapir,1086,245,4,134,4,offspring:1
3118,reproduce,Tapir,1263,249,1,134,6,offspring:1
3122,starvation,Frog,339,359,3,168,4,
3122,hunt_fail,Wolf,863,148,3,381,2,discomfort
3122,kill,Boar,639,360,0,326,6,killed_by:Jaguar:1097
3123,hunt_start,Jaguar,1097,360,6,326,6,target:Turtle:359
3125,hunt_start,Hawk,933,401,6,238,5,target:Lizard:479
3128,hunt_fail,Wolf,865,138,1,395,0,discomfort
3129,hunt_start,Snake,946,142,7,448,4,target:Frog:1347
3133,reproduce,Monkey,1070,416,5,223,9,offspring:1
3134,kill,Lizard,1139,512,0,491,0,killed_by:Hawk:931
3135,hunt_start,Hawk,931,511,5,491,0,target:Frog:1713
3141,kill,Sectid,31,157,2,285,4,killed_by:Crocodile:1092
3146,starvation,Deer,287,196,5,20,5,
3149,hunt_fail,Wolf,863,148,4,381,2,discomfort
3150,spore_created,Shroomer,-1,95,4,158,6,
3150,spore_created,Shroomer,-1,106,9,162,1,
3153,hunt_start,Fox,896,244,1,311,0,target:Rabbit:1287
3154,reproduce,Rabbit,251,257,9,254,5,offspring:2
3155,kill,Frog,1574,46,2,450,0,killed_by:Fox:1090
3156,hunt_fail,Arctic Fox,968,473,2,74,8,discomfort
3156,reproduce,Frog,206,62,2,457,8,offspring:2
3156,reproduce,Frog,1344,65,1,464,5,offspring:2
3157,starvation,Arctic Fox,959,280,1,87,0,
3157,reproduce,Lizard,1051,192,0,222,2,offspring:2
3159,starvation,Parrot,688,0,5,356,8,
3159,hunt_fail,Jaguar,972,206,8,501,7,discomfort
3159,reproduce,Turtle,363,129,8,97,2,offspring:1
3161,starvation,Deer,131,200,0,16,0,
3163,hunt_fail,Snake,946,139,3,449,6,target_died
3163,hunt_start,Snake,946,139,3,449,6,target:Rabbit:178
3163,reproduce,Frog,1006,148,8,462,1,offspring:2
3163,reproduce,Frog,1348,147,4,460,3,offspring:2
3164,hunt_start,Arctic Fox,215,265,6,68,2,target:Lizard:1777
3167,starvation,Fish,994,49,4,361,5,
3167,starvation,Fish,1497,220,9,391,0,
3167,hunt_fail,Jaguar,975,213,8,381,0,target_died
3168,reproduce,Deer,1253,64,0,265,7,offspring:1
3168,reproduce,Fish,1743,239,1,382,1,offspring:2
3169,starvation,Sectid,61,407,5,511,0,
3170,hunt_fail,Wolf,863,148,6,381,0,discomfort
3172,reproduce,Lizard,456,352,0,166,5,offspring:2
3173,kill,Monkey,1399,42,2,256,1,killed_by:Hawk:466
3173,reproduce,Lizard,1716,499,4,229,8,offspring:2
3174,hunt_start,Hawk,466,42,2,256,4,target:Parrot:692
3174,reproduce,Monkey,628,46,8,302,6,offspring:1
3174,reproduce,Monkey,1158,51,2,272,0,offspring:1
3175,hunt_start,Fox,884,257,5,131,9,target:Rabbit:213
3175,hunt_fail,Fox,893,153,5,387,9,discomfort
3176,hunt_fail,Wolf,863,148,2,381,2,discomfort
3182,starvation,Wolf,861,181,7,170,7,
3183,reproduce,Turtle,370,118,7,409,0,offspring:1
3183,reproduce,Penguin,1370,384,0,280,3,offspring:1
3185,reproduce,Boar,1094,314,0,29,2,offspring:2
3186,reproduce,Boar,1095,300,2,64,0,offspring:2
3190,kill,Shroomer,764,121,2,406,0,killed_by:Wolf:862
3191,hunt_start,Wolf,862,121,7,406,3,target:Turtle:861
3191,hunt_fail,Wolf,864,121,1,406,5,target_died
3191,hunt_fail,Wolf,865,137,3,393,4,target_died
3191,reproduce,Parrot,1471,26,0,448,1,offspring:1
3198,reproduce,Lizard,305,383,6,246,9,offspring:2
3198,spore_created,Shroomer,-1,325,2,316,2,
3198,spore_created,Shroomer,-1,334,4,311,9,
3199,reproduce,Elk,1302,150,3,394,4,offspring:1
3201,starvation,Deer,99,109,7,28,8,
3202,reproduce,Penguin,1457,260,1,270,9,offspring:1
3205,reproduce,Parrot,118,115,3,288,0,offspring:1
3207,kill,Frog,1201,178,7,371,1,killed_by:Boar:358
3207,reproduce,Deer,980,316,2,54,2,offspring:1
3208,hunt_fail,Boar,270,179,0,371,0,prey_escaped
3208,hunt_start,Boar,270,179,0,371,0,target:Frog:1380
3208,hunt_start,Boar,358,179,0,371,0,target:Frog:1380
3208,hunt_fail,Boar,543,180,9,370,7,prey_escaped
3208,reproduce,Penguin,564,20,7,295,0,offspring:1
3215,hunt_fail,Fox,894,474,0,374,8,discomfort
3217,kill,Rabbit,178,138,3,449,9,killed_by:Snake:946
3218,hunt_start,Snake,946,138,6,449,9,target:Lizard:1561
3221,reproduce,Camel,516,384,0,474,0,offspring:1
3223,starvation,Fish,1524,243,3,442,0,
3224,hunt_fail,Wolf,863,147,1,382,0,discomfort
3231,kill,Lizard,1044,404,4,375,6,killed_by:Hawk:935
3233,kill,Lizard,1790,94,0,44,3,killed_by:Hawk:928
3234,hunt_start,Hawk,928,94,2,44,3,target:Lizard:1791
3238,hunt_start,Jaguar,440,130,9,408,9,target:Turtle:861
3238,reproduce,Deer,1128,151,8,313,9,offspring:1
3242,hunt_fail,Snake,946,136,7,449,3,discomfort
3246,starvation,Fish,1640,159,2,386,7,
3246,starvation,Fish,1641,117,5,333,3,
3247,kill,Monkey,235,38,8,317,7,killed_by:Hawk:315
3248,starvation,Fox,885,183,5,27,9,
3248,starvation,Fish,1642,147,4,370,4,
3248,starvation,Fish,1643,155,2,372,4,
3249,hunt_start,Fox,1090,52,5,452,7,target:Frog:339
3249,kill,Turtle,359,362,0,335,1,killed_by:Jaguar:1097
3249,reproduce,Fish,1765,136,2,378,7,offspring:2
3249,reproduce,Fish,1766,137,2,379,0,offspring:2
3254,hunt_start,Boar,1699,344,6,165,3,target:Frog:1627
3257,starvation,Monkey,1494,102,5,250,2,
3257,hunt_start,Fox,893,149,7,390,9,target:Fish:1516
3257,reproduce,Elk,391,481,5,477,9,offspring:1
3259,reproduce,Elk,1333,460,5,364,5,offspring:1
3261,reproduce,Faeling,3,215,4,218,5,offspring:1
3267,reproduce,Camel,512,352,0,511,2,offspring:1
3268,kill,Boar,1435,7,7,370,4,killed_by:Wolf:873
3268,kill,Frog,1713,512,0,488,0,killed_by:Hawk:931
3269,hunt_start,Wolf,873,7,6,370,8,target:Boar:1434
3269,hunt_start,Hawk,931,511,4,488,0,target:Frog:1102
3270,hunt_fail,Fox,888,241,3,384,1,discomfort
3270,spore_matured,Shroomer,-1,106,9,162,1,
3270,reproduce,Shroomer,-1,106,9,162,1,offspring:1
3270,spore_matured,Shroomer,-1,95,4,158,6,
3270,reproduce,Shroomer,-1,95,4,158,6,offspring:1
3273,hunt_fail,Wolf,863,147,7,381,2,discomfort
3277,kill,Turtle,861,126,8,405,3,killed_by:Wolf:864
3277,reproduce,Lizard,1621,123,8,75,6,offspring:2
3278,hunt_fail,Jaguar,440,130,8,408,8,target_died
3278,hunt_fail,Wolf,862,126,4,405,1,target_died
3278,hunt_start,Wolf,864,126,8,404,8,target:Lizard:285
3279,starvation,Parrot,1080,103,5,251,4,
3279,reproduce,Musk Ox,626,10,5,16,0,offspring:1
3289,spore_matured,Shroomer,-1,456,1,357,6,
3289,reproduce,Shroomer,-1,456,1,357,6,offspring:1
3291,starvation,Fox,883,85,6,264,9,
3295,reproduce,Boar,1503,387,5,95,9,offspring:2
3298,starvation,Fish,1663,262,4,406,3,
3298,starvation,Fish,1664,225,7,478,6,
3301,reproduce,Elk,1026,479,3,275,6,offspring:1
3302,reproduce,Lizard,457,319,9,410,2,offspring:2
3304,hunt_start,Boar,1833,299,6,61,2,target:Shroomer:1739
3304,reproduce,Penguin,1059,202,6,259,4,offspring:1
3305,reproduce,Elk,1020,172,3,98,3,offspring:1
3307,reproduce,Penguin,1060,213,6,273,9,offspring:1
3310,starvation,Fish,1519,156,2,372,4,
3310,reproduce,Frog,309,160,0,250,7,offspring:2
3310,reproduce,Penguin,565,39,0,282,1,offspring:1
3311,kill,Rabbit,560,230,2,190,3,killed_by:Shark:1093
3312,hunt_start,Shark,1093,229,8,190,6,target:Camel:1296
3313,starvation,Fish,1515,159,4,382,5,
3313,spore_created,Shroomer,-1,241,9,197,2,
3313,spore_created,Shroomer,-1,240,4,187,0,
3315,hunt_start,Fox,894,479,0,377,9,target:Monkey:650
3319,hunt_start,Fox,880,386,9,170,9,target:Rabbit:183
3320,hunt_start,Jaguar,440,130,8,408,8,target:Elk:1775
3321,reproduce,Parrot,685,26,6,453,7,offspring:1
3321,reproduce,Monkey,1329,398,7,223,9,offspring:1
3325,hunt_fail,Wolf,873,7,3,370,8,discomfort
3327,hunt_fail,Fox,880,386,3,170,3,discomfort
3329,hunt_fail,Polar Bear,958,262,2,438,1,discomfort
3333,hunt_fail,Arctic Fox,960,207,2,173,2,discomfort
3334,hunt_fail,Wolf,863,147,8,381,5,discomfort
3334,kill,Lizard,479,394,5,268,7,killed_by:Hawk:933
3335,hunt_start,Hawk,933,394,5,268,5,target:Rabbit:1692
3338,reproduce,Elk,1279,256,0,169,3,offspring:1
3339,kill,Rabbit,213,264,5,141,9,killed_by:Fox:884
3340,hunt_start,Fox,884,264,3,142,2,target:Rabbit:1166
3340,reproduce,Rabbit,1165,255,6,137,6,offspring:2
3346,hunt_start,Bear,924,277,1,288,6,target:Shroomer:805
3347,reproduce,Tapir,718,348,1,399,7,offspring:1
3348,starvation,Wolf,868,490,7,197,4,
3350,starvation,Arctic Fox,966,459,5,74,1,
3350,hunt_fail,Jaguar,973,377,6,283,8,discomfort
3354,spore_matured,Shroomer,-1,324,3,316,3,
3354,reproduce,Shroomer,-1,324,3,316,3,offspring:1
3356,reproduce,Elk,1140,145,7,401,5,offspring:1
3359,environment_death,Deer,102,129,1,63,6,drowning
3359,reproduce,Deer,1501,111,1,316,2,offspring:1
3367,reproduce,Parrot,1572,128,0,427,6,offspring:1
3368,starvation,Lizard,1272,65,8,164,8,
3369,reproduce,Parrot,1339,480,2,80,6,offspring:1
3370,hunt_start,Fox,888,244,8,382,8,target:Fish:72
3374,hunt_start,Sectid,29,151,9,312,1,target:Parrot:681
3375,spore_created,Shroomer,-1,490,2,24,0,
3375,spore_created,Shroomer,-1,483,3,16,6,
3377,kill,Lizard,121,479,1,265,1,killed_by:Fox:892
3378,reproduce,Lizard,505,497,8,293,6,offspring:2
3378,reproduce,Lizard,1181,383,5,209,2,offspring:2
3378,reproduce,Lizard,1711,373,3,205,4,offspring:2
3381,starvation,Frog,1398,229,0,317,3,
3381,reproduce,Frog,1628,238,0,298,9,offspring:2
3381,reproduce,Frog,1629,239,4,294,9,offspring:2
3383,reproduce,Penguin,547,269,3,273,4,offspring:1
3386,reproduce,Penguin,298,15,2,304,5,offspring:1
3389,kill,Frog,1102,494,9,482,9,killed_by:Hawk:931
3390,hunt_start,Hawk,931,495,1,482,9,target:Frog:1576
3390,spore_created,Shroomer,-1,79,2,138,0,
3390,spore_created,Shroomer,-1,92,4,143,6,
3396,hunt_start,Snake,951,498,6,221,4,target:Lizard:1826
3397,reproduce,Penguin,770,26,6,293,1,offspring:1
3398,starvation,Arctic Fox,962,130,5,97,1,
3399,reproduce,Musk Ox,619,9,8,320,0,offspring:1
3399,reproduce,Monkey,637,123,8,273,7,offspring:1
3401,reproduce,Parrot,679,128,0,427,8,offspring:1
3404,kill,Frog,339,69,7,460,5,killed_by:Fox:1090
3404,reproduce,Tapir,1085,91,2,507,7,offspring:1
3405,hunt_start,Fox,1090,69,5,460,4,target:Frog:1345
3405,reproduce,Musk Ox,1069,9,3,25,5,offspring:1
3405,reproduce,Lizard,1388,207,2,499,6,offspring:2
3410,starvation,Fish,1421,91,5,207,6,
3410,reproduce,Fish,44,98,4,187,4,offspring:2
3410,reproduce,Fish,263,109,3,206,2,offspring:2
3410,reproduce,Fish,344,98,7,196,1,offspring:2
3410,reproduce,Monkey,792,343,5,102,3,offspring:1
3410,reproduce,Fish,1061,98,8,195,1,offspring:2
3410,reproduce,Fish,1228,101,9,200,3,offspring:2
3410,reproduce,Fish,1229,102,1,199,3,offspring:2
3410,reproduce,Fish,1418,97,6,189,4,offspring:2
3413,kill,Camel,1296,223,1,186,4,killed_by:Shark:1093
3413,reproduce,Deer,125,41,2,365,1,offspring:1
3413,reproduce,Camel,500,226,2,184,0,offspring:1
3413,reproduce,Camel,502,230,7,172,6,offspring:1
3413,reproduce,Camel,503,224,2,184,6,offspring:1
3413,reproduce,Camel,504,221,2,188,4,offspring:1
3413,reproduce,Deer,982,20,3,356,9,offspring:1
3413,reproduce,Camel,1053,214,2,204,7,offspring:1
3413,reproduce,Shark,1093,223,9,186,7,offspring:1
3413,reproduce,Deer,1123,23,5,360,0,offspring:1
3413,reproduce,Deer,1234,42,4,363,4,offspring:1
3413,reproduce,Deer,1236,39,5,360,4,offspring:1
3414,hunt_start,Shark,1093,223,8,186,6,target:Camel:503
3414,hunt_start,Shark,1884,224,5,187,2,target:Camel:503
3415,reproduce,Deer,987,2,9,319,9,offspring:1
3416,hunt_fail,Wolf,863,147,0,381,6,discomfort
3420,reproduce,Monkey,1210,417,9,256,5,offspring:1
3421,reproduce,Monkey,918,383,9,262,2,offspring:1
3421,reproduce,Parrot,1729,30,6,457,1,offspring:1
3423,hunt_fail,Fox,896,247,7,294,4,discomfort
3424,starvation,Arctic Fox,968,475,5,74,0,
3426,hunt_fail,Fox,888,247,4,377,7,discomfort
3428,starvation,Arctic Fox,969,55,5,48,0,
3432,reproduce,Penguin,556,268,6,271,9,offspring:1
3433,starvation,Wolf,275,191,5,162,6,
3433,reproduce,Jaguar,1512,116,0,398,5,offspring:1
3434,starvation,Frog,1377,158,4,387,0,
3434,hunt_fail,Fox,893,153,4,387,8,discomfort
3434,hunt_start,Jaguar,969,113,1,400,9,target:Turtle:371
3435,hunt_fail,Wolf,863,146,9,381,0,discomfort
3440,hunt_start,Snake,1098,398,5,469,2,target:Rabbit:1305
3446,hunt_fail,Wolf,863,146,8,381,0,discomfort
3446,hunt_start,Wolf,873,9,8,376,1,target:Boar:914
3446,reproduce,Penguin,351,39,6,285,7,offspring:1
3447,reproduce,Lizard,285,130,3,384,0,offspring:2
3451,hunt_start,Jaguar,971,137,1,414,2,target:Elk:1775
3453,starvation,Lizard,1232,0,0,355,8,
3453,hunt_fail,Boar,1106,1,2,349,9,target_died
3456,reproduce,Lizard,859,205,1,498,7,offspring:2
3456,reproduce,Monkey,1677,37,0,305,7,offspring:1
3456,reproduce,Monkey,1678,39,2,302,2,offspring:1
3457,kill,Turtle,371,114,7,399,1,killed_by:Jaguar:969
3457,hunt_start,Jaguar,1427,368,1,320,4,target:Lizard:465
3458,hunt_fail,Jaguar,1512,115,2,398,8,target_died
3458,hunt_start,Jaguar,1512,115,2,398,8,target:Elk:1683
3462,starvation,Arctic Fox,965,374,5,72,6,
3462,hunt_fail,Wolf,863,146,7,381,0,discomfort
3463,hunt_start,Boar,1106,1,2,350,0,target:Monkey:759
3466,reproduce,Elk,171,121,7,416,1,offspring:1
3468,reproduce,Elk,1396,257,7,164,0,offspring:1
3472,reproduce,Lizard,1404,224,0,447,9,offspring:2
3476,hunt_start,Arctic Fox,960,208,2,176,6,target:Rabbit:198
3478,starvation,Hawk,932,1,1,346,3,
3479,hunt_fail,Fox,894,468,8,395,8,discomfort
3480,hunt_fail,Sectid,29,144,8,328,9,discomfort
3484,hunt_fail,Wolf,862,130,8,382,7,discomfort
3485,reproduce,Lizard,1041,110,8,64,1,offspring:2
3486,hunt_fail,Wolf,863,146,2,381,0,discomfort
3489,reproduce,Parrot,1052,40,7,349,5,offspring:1
3494,reproduce,Rabbit,175,366,5,272,0,offspring:2
3501,kill,Frog,1345,71,8,471,0,killed_by:Fox:1090
3502,hunt_fail,Wolf,864,130,8,382,9,discomfort
3502,hunt_start,Fox,1090,71,5,470,9,target:Frog:1139
3503,kill,Camel,503,226,2,180,0,killed_by:Shark:1093
3504,hunt_fail,Shark,1884,225,6,181,2,target_died
3504,hunt_start,Shark,1884,225,6,181,2,target:Camel:1296
3506,reproduce,Elk,1392,220,6,177,4,offspring:1
3506,reproduce,Lizard,1672,268,2,89,8,offspring:2
3507,hunt_start,Hawk,935,414,3,394,6,target:Lizard:1290
3509,starvation,Deer,140,510,8,131,5,
3509,hunt_start,Fox,896,245,0,296,7,target:Frog:1854
3509,reproduce,Elk,409,256,1,158,6,offspring:1
3509,reproduce,Lizard,1596,18,5,448,1,offspring:2
3511,kill,Rabbit,1692,405,7,291,1,killed_by:Hawk:933
3512,hunt_start,Wolf,865,140,3,390,3,target:Fish:1495
3516,kill,Shroomer,1739,296,6,52,1,killed_by:Boar:1833
3517,reproduce,Deer,1546,154,0,223,9,offspring:1
3519,hunt_fail,Wolf,863,147,3,381,2,discomfort
3519,hunt_start,Jaguar,973,375,9,287,7,target:Lizard:1314
3521,reproduce,Parrot,1027,163,5,352,9,offspring:1
3523,starvation,Wolf,876,16,5,228,7,
3526,hunt_fail,Wolf,863,147,3,381,0,discomfort
3529,hunt_start,Fox,893,152,1,392,6,target:Fish:1495
3529,kill,Frog,1576,512,0,481,4,killed_by:Hawk:931
3529,reproduce,Frog,1727,499,7,496,9,offspring:2
3530,hunt_start,Hawk,931,511,5,481,4,target:Frog:1725
3530,hunt_fail,Jaguar,974,304,1,405,4,discomfort
3531,kill,Lizard,1777,227,8,89,3,killed_by:Arctic Fox:215
3532,starvation,Rabbit,294,225,5,460,2,
3534,hunt_start,Fox,880,387,6,170,8,target:Rabbit:183
3538,reproduce,Rabbit,1217,270,1,506,6,offspring:2
3539,hunt_fail,Wolf,863,147,1,381,6,discomfort
3544,reproduce,Lizard,1791,110,9,20,0,offspring:2
3546,hunt_fail,Fox,880,387,3,170,6,discomfort
3547,spore_matured,Shroomer,-1,490,2,24,0,
3547,reproduce,Shroomer,-1,490,2,24,0,offspring:1
3547,spore_matured,Shroomer,-1,483,3,16,6,
3547,reproduce,Shroomer,-1,483,3,16,6,offspring:1
3549,starvation,Arctic Fox,1100,126,3,75,0,
3550,hunt_fail,Arctic Fox,960,199,5,171,2,discomfort
3552,hunt_fail,Fox,884,271,2,162,4,discomfort
3553,hunt_start,Snake,954,124,2,394,8,target:Lizard:1473
3554,starvation,Fox,888,250,1,374,5,
3556,reproduce,Lizard,1184,220,0,415,9,offspring:2
3560,hunt_fail,Wolf,863,147,0,381,3,discomfort
3562,spore_matured,Shroomer,-1,92,4,143,6,
3562,reproduce,Shroomer,-1,92,4,143,6,offspring:1
3570,reproduce,Monkey,325,257,0,156,6,offspring:1
3570,reproduce,Parrot,689,50,9,191,9,offspring:1
3576,reproduce,Parrot,1669,438,9,32,0,offspring:1
3577,hunt_fail,Wolf,863,146,9,381,5,discomfort
3578,hunt_start,Fox,882,77,2,455,7,target:Frog:639
3579,kill,Shroomer,805,264,0,288,0,killed_by:Bear:924
3581,kill,Camel,1296,230,9,178,6,killed_by:Shark:1884
3582,hunt_fail,Fox,882,77,0,456,0,discomfort
3582,reproduce,Monkey,638,170,4,233,6,offspring:1
3582,reproduce,Monkey,1270,160,3,252,6,offspring:1
3585,starvation,Elk,404,209,3,98,4,
3585,starvation,Shroomer,849,506,1,370,3,
3587,hunt_start,Scorpion,942,22,1,342,0,target:Parrot:927
3590,starvation,Deer,97,120,3,35,6,
3590,hunt_fail,Wolf,873,13,8,383,0,discomfort
3594,hunt_fail,Wolf,863,147,1,381,0,discomfort
3596,spore_created,Shroomer,-1,307,1,436,6,
3596,spore_created,Shroomer,-1,307,3,443,4,
3597,starvation,Arctic Fox,967,14,5,14,0,
3600,hunt_fail,Wolf,863,147,0,381,2,discomfort
3603,reproduce,Boar,303,474,8,434,3,offspring:2
3603,reproduce,Boar,1612,460,9,428,2,offspring:2
3603,reproduce,Boar,1613,474,2,428,1,offspring:2
3604,reproduce,Boar,1610,475,6,384,0,offspring:2
3605,hunt_start,Boar,1610,475,6,383,9,target:Shroomer:846
3605,hunt_start,Boar,1914,477,7,384,9,target:Shroomer:846
3605,hunt_start,Boar,1915,477,7,384,9,target:Shroomer:846
3609,spore_created,Shroomer,-1,488,0,-1,6,
3609,spore_created,Shroomer,-1,488,6,6,7,
3611,starvation,Hawk,928,111,4,26,1,
3611,hunt_fail,Wolf,863,147,0,381,1,discomfort
3614,starvation,Sectid,7,183,0,254,5,
3616,environment_death,Fish,265,112,1,206,7,suffocation
3617,reproduce,Parrot,297,483,0,64,8,offspring:1
3617,reproduce,Penguin,575,416,0,255,7,offspring:1
3619,starvation,Parrot,1566,147,5,372,9,
3620,reproduce,Boar,272,38,7,437,7,offspring:2
3621,hunt_start,Boar,272,38,7,437,7,target:Lizard:1047
3621,hunt_fail,Wolf,863,146,9,381,3,discomfort
3621,hunt_start,Jaguar,1097,366,1,338,1,target:Turtle:1581
3624,hunt_start,Fox,894,476,6,393,5,target:Monkey:1230
3625,spore_created,Shroomer,-1,154,9,107,6,
3625,spore_created,Shroomer,-1,152,8,99,4,
3626,hunt_start,Wolf,1087,159,1,120,0,target:Shroomer:1566
3626,hunt_start,Arctic Fox,1277,144,0,108,0,target:Shroomer:1566
3630,kill,Frog,1854,232,2,300,2,killed_by:Fox:896
3631,hunt_start,Fox,896,232,4,300,1,target:Frog:1401
3636,reproduce,Musk Ox,483,378,3,66,4,offspring:1
3637,hunt_fail,Wolf,863,147,0,381,3,discomfort
3637,reproduce,Parrot,62,25,7,410,1,offspring:1
3637,reproduce,Parrot,296,21,5,407,2,offspring:1
3639,kill,Frog,1725,498,9,473,7,killed_by:Hawk:931
3640,hunt_start,Hawk,931,499,1,473,8,target:Frog:1369
3643,kill,Frog,1139,57,7,460,9,killed_by:Fox:1090
3644,hunt_start,Fox,1090,57,9,461,0,target:Frog:1344
3650,starvation,Deer,98,112,5,31,5,
3654,hunt_fail,Wolf,863,147,0,381,3,discomfort
3658,reproduce,Monkey,1550,125,2,267,6,offspring:1
3662,reproduce,Boar,1699,343,0,172,5,offspring:2
3663,hunt_start,Hawk,933,408,3,287,8,target:Penguin:571
3663,reproduce,Boar,1700,378,3,177,7,offspring:2
3665,hunt_fail,Snake,951,510,3,232,5,discomfort
3666,hunt_fail,Wolf,863,147,0,381,0,discomfort
3670,hunt_start,Polar Bear,956,141,7,32,0,target:Rabbit:1222
3671,starvation,Monkey,759,-0,0,346,3,
3671,hunt_fail,Wolf,863,146,9,381,2,discomfort
3671,hunt_fail,Boar,1106,0,0,348,0,target_died
3673,reproduce,Boar,1434,5,9,373,9,offspring:2
3677,reproduce,Elk,300,499,0,506,7,offspring:1
3679,starvation,Arctic Fox,964,348,1,124,3,
3679,hunt_start,Boar,98,343,4,173,5,target:Frog:1011
3679,reproduce,Rabbit,1708,107,3,42,2,offspring:2
3681,hunt_start,Fox,884,267,9,165,0,target:Rabbit:195
3681,reproduce,Turtle,369,214,1,185,8,offspring:1
3681,reproduce,Monkey,1479,384,0,322,3,offspring:1
3681,reproduce,Deer,1606,386,0,26,0,offspring:1
3685,starvation,Monkey,1635,508,5,457,5,
3685,hunt_fail,Wolf,863,147,0,381,2,discomfort
3689,hunt_start,Fox,880,388,3,172,3,target:Rabbit:183
3695,reproduce,Penguin,1704,29,5,287,8,offspring:1
3696,hunt_fail,Wolf,863,147,0,381,2,discomfort
3696,reproduce,Camel,1298,334,6,431,2,offspring:1
3699,reproduce,Frog,1559,181,9,59,3,offspring:2
3704,hunt_start,Snake,950,442,2,479,9,target:Rabbit:187
3704,kill,Elk,1775,130,4,420,6,killed_by:Jaguar:971
3705,hunt_fail,Jaguar,440,130,3,410,9,target_died
3705,hunt_start,Jaguar,440,130,3,410,9,target:Fish:1495
3706,reproduce,Penguin,627,214,7,271,0,offspring:1
3706,reproduce,Penguin,1687,208,1,260,5,offspring:1
3706,reproduce,Penguin,1690,214,4,272,8,offspring:1
3707,hunt_fail,Wolf,863,147,0,381,1,discomfort
3709,starvation,Lizard,279,483,6,459,6,
3712,starvation,Fox,880,389,3,172,2,
3713,kill,Lizard,1290,391,2,427,9,killed_by:Hawk:935
3713,reproduce,Tapir,188,371,8,264,9,offspring:1
3713,reproduce,Tapir,211,377,5,254,0,offspring:1
3714,hunt_start,Hawk,935,391,3,427,7,target:Lizard:1291
3714,reproduce,Tapir,745,416,0,234,4,offspring:1
3717,hunt_start,Snake,946,142,5,457,4,target:Frog:688
3719,environment_death,Fish,262,112,0,207,0,suffocation
3720,hunt_fail,Wolf,863,146,8,381,4,discomfort
3720,kill,Shroomer,846,478,7,378,7,killed_by:Boar:1914
3721,hunt_fail,Boar,1610,478,4,379,2,target_died
3721,hunt_fail,Boar,1915,479,3,378,9,target_died
3722,hunt_start,Wolf,869,492,6,207,0,target:Lizard:1399
3723,environment_death,Fish,263,111,8,207,5,suffocation
3724,reproduce,Boar,318,359,9,338,7,offspring:2
3725,hunt_start,Fox,882,75,0,462,6,target:Frog:639
3729,spore_matured,Shroomer,-1,488,0,-1,6,
3729,reproduce,Shroomer,-1,488,0,-1,6,offspring:1
3731,reproduce,Monkey,658,352,2,93,2,offspring:1
3736,hunt_fail,Wolf,865,140,6,403,4,discomfort
3739,hunt_fail,Polar Bear,956,140,6,29,8,discomfort
3742,kill,Frog,1401,223,4,307,6,killed_by:Fox:896
3742,reproduce,Camel,1322,396,1,482,3,offspring:1
3743,starvation,Fish,1325,156,1,387,8,
3743,hunt_start,Fox,896,223,6,307,4,target:Rabbit:1605
3744,reproduce,Fish,207,139,2,378,4,offspring:2
3745,spore_matured,Shroomer,-1,152,8,99,4,
3745,reproduce,Shroomer,-1,152,8,99,4,offspring:1
3746,starvation,Hawk,295,358,9,61,5,
3748,hunt_start,Scorpion,939,401,0,334,4,target:Lizard:1315
3750,reproduce,Monkey,1754,385,4,220,1,offspring:1
3752,spore_matured,Shroomer,-1,154,9,107,6,
3752,reproduce,Shroomer,-1,154,9,107,6,offspring:1
3753,kill,Elk,1683,127,4,392,9,killed_by:Jaguar:1512
3753,reproduce,Musk Ox,1468,388,9,60,1,offspring:1
3754,starvation,Fox,886,138,8,213,9,
3755,environment_death,Musk Ox,587,366,1,69,8,drowning
3759,hunt_fail,Fox,884,270,2,162,0,discomfort
3760,reproduce,Parrot,118,131,1,280,4,offspring:1
3761,spore_created,Shroomer,-1,478,8,465,3,
3761,spore_created,Shroomer,-1,483,9,458,7,
3763,reproduce,Monkey,1230,486,4,416,3,offspring:1
3766,spore_created,Shroomer,-1,290,0,42,3,
3766,spore_created,Shroomer,-1,280,8,45,1,
3768,spore_matured,Shroomer,-1,307,1,436,6,
3768,reproduce,Shroomer,-1,307,1,436,6,offspring:1
3769,hunt_start,Jaguar,974,310,7,405,7,target:Lizard:1308
3769,reproduce,Parrot,45,31,6,224,9,offspring:1
3769,reproduce,Parrot,292,12,2,238,7,offspring:1
3769,reproduce,Camel,521,421,9,374,4,offspring:1
3769,reproduce,Camel,522,428,2,368,5,offspring:1
3769,reproduce,Camel,524,424,0,382,4,offspring:1
3769,reproduce,Camel,1015,416,3,369,0,offspring:1
3770,reproduce,Rabbit,1215,421,6,487,2,offspring:2
3772,hunt_fail,Fox,893,141,4,404,3,discomfort
3780,reproduce,Camel,1336,386,2,162,6,offspring:1
3781,spore_matured,Shroomer,-1,488,5,6,7,
3781,reproduce,Shroomer,-1,488,5,6,7,offspring:1
3783,kill,Frog,1369,511,1,491,9,killed_by:Hawk:931
3784,hunt_start,Hawk,931,511,0,491,7,target:Frog:1728
3784,reproduce,Frog,1726,510,4,483,5,offspring:2
3787,kill,Frog,1344,63,5,477,0,killed_by:Fox:1090
3787,reproduce,Frog,1571,55,5,473,9,offspring:2
3787,reproduce,Frog,1789,64,0,456,6,offspring:2
3788,hunt_start,Fox,1090,63,4,476,8,target:Frog:1571
3788,reproduce,Parrot,1413,349,2,483,5,offspring:1
3788,reproduce,Parrot,1698,375,0,482,9,offspring:1
3789,reproduce,Musk Ox,74,349,2,47,3,offspring:1
3798,starvation,Rabbit,1615,414,3,188,5,
3798,hunt_start,Wolf,863,150,1,379,8,target:Elk:1769
3798,hunt_fail,Fox,896,219,7,304,5,discomfort
3806,hunt_start,Fox,895,314,6,146,4,target:Rabbit:1196
3809,environment_death,Tapir,738,268,5,123,2,drowning
3809,reproduce,Deer,980,317,2,47,3,offspring:1
3809,reproduce,Tapir,1131,253,7,134,0,offspring:1
3811,starvation,Frog,229,224,9,316,9,
3812,starvation,Arctic Fox,1277,144,0,107,7,
3812,kill,Frog,688,145,3,463,5,killed_by:Snake:946
3813,hunt_start,Snake,946,145,2,463,3,target:Frog:1574
3814,reproduce,Lizard,306,352,0,489,4,offspring:2
3814,reproduce,Jaguar,971,127,2,421,6,offspring:1
3815,hunt_start,Jaguar,688,127,3,423,3,target:Parrot:1861
3815,hunt_start,Jaguar,971,127,2,421,6,target:Parrot:1861
3816,starvation,Deer,130,197,2,19,5,
3816,starvation,Fish,1495,140,3,411,8,
3816,hunt_fail,Jaguar,440,130,8,410,8,target_died
3816,hunt_start,Jaguar,440,130,8,410,8,target:Lizard:1473
3817,kill,Penguin,571,415,0,267,1,killed_by:Hawk:933
3819,hunt_start,Boar,920,316,5,394,0,target:Shroomer:821
3822,kill,Turtle,1581,361,8,330,0,killed_by:Jaguar:1097
3823,starvation,Parrot,678,113,8,442,4,
3824,hunt_start,Arctic Fox,215,220,7,96,9,target:Frog:312
3825,hunt_fail,Snake,1098,401,6,473,3,prey_escaped
3829,hunt_start,Jaguar,969,115,3,402,6,target:Elk:371
3831,hunt_start,Fox,884,267,9,163,1,target:Rabbit:195
3833,spore_created,Shroomer,-1,492,5,5,3,
3833,spore_created,Shroomer,-1,501,5,7,3,
3837,reproduce,Tapir,747,416,0,233,1,offspring:1
3838,hunt_start,Bear,924,263,9,288,1,target:Frog:343
3839,reproduce,Deer,1128,152,4,310,9,offspring:1
3841,starvation,Wolf,870,117,0,46,4,
3843,environment_death,Monkey,629,15,5,217,7,drowning
3843,hunt_fail,Hawk,562,12,4,222,8,target_died
3843,hunt_start,Hawk,562,12,4,222,8,target:Parrot:1940
3843,kill,Frog,639,66,5,474,7,killed_by:Fox:882
3843,hunt_fail,Jaguar,973,377,5,286,8,discomfort
3844,hunt_start,Fox,882,66,7,474,5,target:Frog:82
3850,reproduce,Fish,1640,142,5,390,5,offspring:2
3852,hunt_start,Fox,893,145,0,407,1,target:Lizard:1473
3858,kill,Rabbit,195,269,0,161,8,killed_by:Fox:884
3859,environment_death,Shroomer,1566,154,6,107,9,drowning
3859,hunt_start,Fox,884,268,9,161,5,target:Lizard:1045
3859,hunt_fail,Wolf,1087,155,2,107,5,target_died
3859,hunt_start,Wolf,1087,155,2,107,5,target:Shroomer:819
3861,reproduce,Elk,1018,256,0,68,9,offspring:1
3864,hunt_start,Jaguar,975,217,5,391,8,target:Fish:1744
3865,reproduce,Parrot,685,18,0,451,5,offspring:1
3873,reproduce,Penguin,564,21,2,298,2,offspring:1
3880,reproduce,Elk,1025,23,2,352,0,offspring:1
3882,reproduce,Tapir,1084,352,0,390,9,offspring:1
3885,starvation,Arctic Fox,960,208,2,174,0,
3886,kill,Lizard,1291,361,0,443,1,killed_by:Hawk:935
3886,hunt_fail,Snake,946,144,2,469,4,discomfort
3887,hunt_start,Hawk,935,361,2,443,1,target:Lizard:1030
3889,environment_death,Shark,908,465,5,249,0,suffocation
3892,reproduce,Deer,640,416,0,107,8,offspring:1
3892,reproduce,Lizard,1162,392,6,411,4,offspring:2
3893,reproduce,Monkey,1535,448,0,419,2,offspring:1
3895,hunt_fail,Jaguar,974,310,8,404,9,discomfort
3896,reproduce,Penguin,566,47,0,291,5,offspring:1
3902,starvation,Wolf,871,118,0,54,5,
3902,reproduce,Tapir,653,161,0,219,2,offspring:1
3903,starvation,Monkey,1337,155,8,263,7,
3905,kill,Frog,1728,493,4,493,2,killed_by:Hawk:931
3906,hunt_start,Hawk,931,493,6,493,2,target:Frog:876
3908,hunt_fail,Snake,950,436,9,484,3,target_died
3914,spore_created,Shroomer,-1,132,4,218,2,
3914,spore_created,Shroomer,-1,129,4,212,8,
3916,starvation,Wolf,860,183,0,170,9,
3916,hunt_start,Arctic Fox,961,510,4,245,9,target:Penguin:539
3918,starvation,Sectid,33,138,5,325,0,
3921,starvation,Fox,893,145,6,408,5,
3923,starvation,Fish,1767,152,2,365,6,
3923,starvation,Fish,1768,129,9,342,5,
3924,reproduce,Monkey,1329,394,8,221,4,offspring:1
3930,kill,Frog,1571,48,6,470,7,killed_by:Fox:1090
3931,hunt_start,Fox,1090,48,9,470,8,target:Frog:1937
3931,reproduce,Elk,75,153,4,402,9,offspring:1
3935,hunt_start,Boar,920,316,8,393,2,target:Shroomer:821
3936,hunt_start,Jaguar,973,375,9,289,1,target:Penguin:1829
3936,reproduce,Elk,394,416,0,507,9,offspring:1
3936,reproduce,Parrot,679,138,8,434,6,offspring:1
3938,spore_matured,Shroomer,-1,280,8,45,1,
3938,reproduce,Shroomer,-1,280,8,45,1,offspring:1
3940,starvation,Deer,103,118,5,27,5,
3940,starvation,Sectid,1251,158,2,309,9,
3940,reproduce,Elk,401,256,0,82,3,offspring:1
3942,starvation,Parrot,701,434,4,50,5,
3943,reproduce,Parrot,1281,95,9,319,0,offspring:1
3945,starvation,Wolf,875,177,5,295,9,
3945,kill,Monkey,1230,489,1,431,9,killed_by:Fox:894
3946,starvation,Rabbit,334,285,6,6,0,
3946,hunt_fail,Snake,954,140,1,420,9,discomfort
3948,reproduce,Rabbit,989,282,2,50,2,offspring:2
3956,environment_death,Rabbit,259,217,9,462,0,drowning
3957,starvation,Parrot,1762,211,1,288,0,
3960,reproduce,Deer,1501,101,5,324,2,offspring:1
3966,hunt_start,Snake,950,432,8,485,9,target:Rabbit:1945
3966,reproduce,Musk Ox,623,22,7,320,0,offspring:1
3966,reproduce,Musk Ox,624,35,8,367,5,offspring:1
3968,hunt_start,Snake,1098,398,9,470,1,target:Lizard:766
3969,hunt_start,Hawk,933,415,0,269,3,target:Lizard:455
3969,spore_created,Shroomer,-1,274,5,58,1,
3969,spore_created,Shroomer,-1,285,9,60,9,
3970,reproduce,Tapir,725,323,8,96,0,offspring:1
3975,reproduce,Lizard,1797,431,6,96,0,offspring:2
3979,kill,Elk,1769,147,5,368,0,killed_by:Wolf:863
3979,spore_created,Shroomer,-1,113,1,199,0,
3979,spore_created,Shroomer,-1,113,1,198,4,
3980,starvation,Tapir,741,206,4,91,6,
3984,reproduce,Camel,1408,380,1,395,1,offspring:1
3986,kill,Frog,82,68,8,456,4,killed_by:Fox:882
3987,kill,Frog,312,209,4,97,6,killed_by:Arctic Fox:215
3987,hunt_start,Fox,882,68,8,456,6,target:Frog:1789
3987,hunt_start,Fox,896,220,0,300,4,target:Rabbit:1605
3988,reproduce,Rabbit,257,224,0,458,6,offspring:2
3989,kill,Shroomer,819,156,0,98,8,killed_by:Wolf:1087
3989,reproduce,Penguin,298,22,4,307,8,offspring:1
3990,hunt_start,Wolf,1087,155,9,99,4,target:Shroomer:1918
3991,reproduce,Camel,196,330,5,93,0,offspring:1
3992,hunt_start,Bear,926,110,0,506,0,target:Tapir:1271
3992,reproduce,Deer,1656,250,4,443,6,offspring:1
3993,starvation,Fish,1516,156,2,387,7,
3993,reproduce,Fish,1044,138,0,377,7,offspring:2
3993,reproduce,Fish,1524,137,1,377,4,offspring:2
3993,reproduce,Fish,1765,136,6,376,6,offspring:2
3993,reproduce,Fish,1790,140,1,379,9,offspring:2
4000,reproduce,Penguin,770,23,7,296,7,offspring:1
4001,reproduce,Elk,1302,157,1,403,7,offspring:1
4002,reproduce,Parrot,66,354,0,444,8,offspring:1
4002,reproduce,Elk,391,493,6,482,5,offspring:1
4002,reproduce,Deer,1668,318,9,59,2,offspring:1
4005,spore_matured,Shroomer,-1,492,5,5,3,
4005,reproduce,Shroomer,-1,492,5,5,3,offspring:1
4005,spore_matured,Shroomer,-1,500,2,6,4,
4005,reproduce,Shroomer,-1,500,2,6,4,offspring:1
4010,hunt_fail,Hawk,1443,38,3,205,9,prey_escaped
4010,hunt_start,Hawk,1443,38,3,205,9,target:Parrot:690
4015,hunt_start,Fox,894,490,0,426,6,target:Monkey:1936
4015,kill,Frog,876,492,7,508,8,killed_by:Hawk:931
4016,hunt_start,Hawk,931,492,7,508,6,target:Lizard:1446
4018,hunt_fail,Fox,895,336,2,151,2,discomfort
4018,reproduce,Deer,987,1,0,310,4,offspring:1
4018,reproduce,Frog,1714,506,1,494,3,offspring:2
4019,starvation,Hawk,1096,53,2,81,6,
4023,kill,Lizard,1030,369,9,467,3,killed_by:Hawk:935
4024,hunt_start,Hawk,935,369,9,467,2,target:Parrot:1670
4024,reproduce,Turtle,355,33,2,103,3,offspring:1
4024,spore_created,Shroomer,-1,83,0,240,0,
4024,spore_created,Shroomer,-1,74,4,249,0,
4027,reproduce,Musk Ox,1430,96,0,29,3,offspring:1
4028,starvation,Wolf,866,452,9,161,0,
4029,hunt_start,Hawk,315,41,7,316,0,target:Monkey:628
4030,spore_created,Shroomer,-1,131,5,224,9,
4030,spore_created,Shroomer,-1,137,5,223,0,
4034,spore_matured,Shroomer,-1,132,2,218,6,
4034,reproduce,Shroomer,-1,132,2,218,6,offspring:1
4034,spore_matured,Shroomer,-1,129,6,212,7,
4034,reproduce,Shroomer,-1,129,6,212,7,offspring:1
4037,kill,Lizard,1399,508,1,248,6,killed_by:Wolf:867
4037,hunt_start,Snake,946,148,2,472,5,target:Frog:1346
4037,reproduce,Rabbit,476,332,5,117,6,offspring:2
4038,hunt_start,Wolf,867,508,0,248,3,target:Penguin:271
4038,hunt_fail,Wolf,869,507,5,247,1,prey_escaped
4038,reproduce,Deer,1676,134,5,330,0,offspring:1
4039,reproduce,Parrot,927,13,5,332,1,offspring:1
4041,reproduce,Rabbit,1197,323,6,160,2,offspring:2
4042,reproduce,Parrot,1572,128,0,420,4,offspring:1
4045,reproduce,Parrot,1052,29,7,352,0,offspring:1
4052,hunt_start,Boar,1139,339,6,180,8,target:Frog:1360
4053,starvation,Penguin,570,384,9,272,0,
4053,kill,Frog,1937,51,0,481,8,killed_by:Fox:1090
4053,reproduce,Penguin,12,421,1,271,3,offspring:1
4053,reproduce,Frog,206,59,2,459,0,offspring:2
4053,reproduce,Penguin,573,402,7,295,3,offspring:1
4053,reproduce,Frog,1788,63,0,462,7,offspring:2
4055,starvation,Fish,1326,159,8,379,3,
4056,starvation,Deer,138,510,5,132,4,
4058,reproduce,Monkey,1792,353,2,92,5,offspring:1
4061,reproduce,Rabbit,224,417,4,247,5,offspring:2
4064,hunt_start,Shark,1093,222,3,191,0,target:Turtle:369
4067,kill,Penguin,539,499,8,258,6,killed_by:Arctic Fox:961
4067,reproduce,Penguin,541,512,0,252,9,offspring:1
4067,reproduce,Penguin,1470,505,8,235,9,offspring:1
4067,reproduce,Penguin,1527,487,4,236,1,offspring:1
4068,hunt_start,Arctic Fox,961,500,0,258,6,target:Penguin:1686
4069,hunt_fail,Snake,946,150,0,475,3,target_died
4072,reproduce,Camel,1318,348,3,510,2,offspring:1
4073,reproduce,Camel,514,384,1,511,3,offspring:1
4073,reproduce,Parrot,1811,90,2,336,8,offspring:1
4076,reproduce,Frog,1011,362,7,192,0,offspring:2
4079,hunt_fail,Fox,896,212,2,296,5,discomfort
4082,reproduce,Penguin,1062,416,0,250,0,offspring:1
4087,hunt_start,Snake,946,148,9,475,0,target:Frog:1574
4089,kill,Shroomer,1918,151,8,100,1,killed_by:Wolf:1087
4089,spore_matured,Shroomer,-1,285,8,60,9,
4089,reproduce,Shroomer,-1,285,8,60,9,offspring:1
4089,spore_matured,Shroomer,-1,274,5,58,1,
4089,reproduce,Shroomer,-1,274,5,58,1,offspring:1
4090,hunt_start,Wolf,1087,152,3,99,8,target:Shroomer:818
4098,starvation,Lizard,458,409,6,422,5,
4098,reproduce,Monkey,1449,17,0,320,0,offspring:1
4099,starvation,Fox,891,366,5,367,1,
4099,spore_matured,Shroomer,-1,113,1,200,1,
4099,reproduce,Shroomer,-1,113,1,200,1,offspring:1
4099,spore_matured,Shroomer,-1,113,2,197,3,
4099,reproduce,Shroomer,-1,113,2,197,3,offspring:1
4102,reproduce,Deer,1688,105,9,58,9,offspring:1
4104,reproduce,Monkey,1673,30,8,286,2,offspring:1
4105,starvation,Lizard,1163,343,5,386,5,
4106,reproduce,Elk,1020,174,6,102,3,offspring:1
4107,hunt_fail,Snake,346,444,9,452,5,prey_escaped
4110,reproduce,Frog,1842,167,2,255,0,offspring:2
4111,reproduce,Monkey,331,45,7,171,5,offspring:1
4111,reproduce,Monkey,1000,43,4,177,0,offspring:1
4113,hunt_start,Wolf,865,149,8,378,6,target:Fish:870
4113,kill,Frog,1789,53,3,454,6,killed_by:Fox:882
4114,hunt_start,Fox,882,53,5,454,6,target:Frog:1344
4115,hunt_fail,Bear,924,260,4,290,1,discomfort
4116,kill,Penguin,271,498,6,250,1,killed_by:Wolf:869
4117,hunt_fail,Wolf,867,499,7,249,7,target_died
4117,hunt_start,Wolf,867,499,7,249,7,target:Penguin:1209
4118,reproduce,Deer,1546,161,5,227,4,offspring:1
4121,starvation,Deer,139,510,5,132,0,
4125,hunt_start,Jaguar,1512,127,5,393,8,target:Turtle:1712
4127,reproduce,Lizard,1358,108,1,261,2,offspring:2
4130,reproduce,Frog,309,168,5,254,3,offspring:2
4140,kill,Elk,371,122,4,409,3,killed_by:Jaguar:969
4142,hunt_start,Shark,1884,224,1,174,2,target:Turtle:368
4142,reproduce,Frog,1378,165,7,386,0,offspring:2
4144,spore_matured,Shroomer,-1,83,0,240,0,
4144,reproduce,Shroomer,-1,83,0,240,0,offspring:1
4144,spore_matured,Shroomer,-1,74,4,249,0,
4144,reproduce,Shroomer,-1,74,4,249,0,offspring:1
4147,reproduce,Frog,1380,162,3,351,9,offspring:2
4151,reproduce,Parrot,690,64,4,227,8,offspring:1
4153,reproduce,Elk,1594,157,7,398,1,offspring:1
4157,reproduce,Elk,1140,155,3,409,7,offspring:1
4160,starvation,Fish,1003,159,2,386,7,
4163,starvation,Hawk,929,39,6,204,6,
4166,hunt_fail,Wolf,862,136,0,396,5,discomfort
4168,hunt_start,Snake,954,134,1,424,0,target:Parrot:1572
4172,kill,Parrot,1670,378,2,494,5,killed_by:Hawk:935
4173,hunt_start,Hawk,935,378,2,494,3,target:Lizard:1183
4176,starvation,Rabbit,988,283,7,1,6,
4178,hunt_fail,Snake,946,146,6,474,7,discomfort
4179,kill,Penguin,1209,492,7,248,1,killed_by:Wolf:869
4180,kill,Parrot,1940,2,1,275,3,killed_by:Hawk:562
4180,hunt_fail,Wolf,867,494,4,248,0,target_died
4180,hunt_start,Wolf,867,494,4,248,0,target:Penguin:1689
4182,hunt_start,Bear,924,261,4,289,4,target:Frog:343
4187,hunt_fail,Wolf,862,136,3,396,9,discomfort
4187,kill,Penguin,1686,486,0,254,8,killed_by:Arctic Fox:961
4187,reproduce,Penguin,545,507,5,230,1,offspring:1
4187,reproduce,Penguin,1058,494,3,242,1,offspring:1
4187,reproduce,Penguin,1417,504,3,240,6,offspring:1
4187,reproduce,Penguin,1462,499,4,244,4,offspring:1
4187,reproduce,Penguin,1624,500,9,241,6,offspring:1
4188,hunt_start,Arctic Fox,961,486,2,254,9,target:Penguin:1689
4197,reproduce,Deer,978,320,0,459,4,offspring:1
4198,kill,Lizard,1446,471,8,483,0,killed_by:Hawk:931
4199,starvation,Lizard,1355,40,0,375,0,
4202,spore_matured,Shroomer,-1,131,5,224,9,
4202,reproduce,Shroomer,-1,131,5,224,9,offspring:1
4202,spore_matured,Shroomer,-1,137,5,224,0,
4202,reproduce,Shroomer,-1,137,5,224,0,offspring:1
4203,hunt_start,Polar Bear,956,141,7,32,3,target:Rabbit:1222
4204,hunt_start,Hawk,931,471,9,483,7,target:Lizard:1445
4206,environment_death,Rabbit,193,246,9,153,4,drowning
4206,reproduce,Deer,1502,283,0,489,4,offspring:1
4208,hunt_fail,Wolf,865,142,5,385,1,discomfort
4208,hunt_start,Jaguar,1097,356,4,320,7,target:Turtle:1319
4208,spore_created,Shroomer,-1,229,7,58,8,
4208,spore_created,Shroomer,-1,226,7,61,2,
4211,reproduce,Parrot,700,482,1,67,3,offspring:1
4212,hunt_fail,Jaguar,975,229,4,394,2,discomfort
4214,hunt_fail,Arctic Fox,961,487,3,252,0,discomfort
4217,reproduce,Parrot,1562,350,1,494,3,offspring:1
4217,reproduce,Parrot,1696,354,5,491,3,offspring:1
4219,hunt_fail,Bear,926,109,0,497,1,discomfort
4220,reproduce,Parrot,269,352,0,447,8,offspring:1
4225,reproduce,Lizard,883,317,8,384,0,offspring:2
4229,hunt_start,Hawk,562,6,2,279,3,target:Penguin:1757
4235,hunt_fail,Wolf,862,136,4,396,9,discomfort
4246,hunt_start,Fox,896,215,8,292,7,target:Rabbit:991
4253,kill,Turtle,369,214,6,181,8,killed_by:Shark:1093
4254,kill,Lizard,490,274,0,69,3,killed_by:Hawk:936
4255,hunt_start,Hawk,936,274,0,69,4,target:Lizard:1672
4256,hunt_fail,Arctic Fox,1316,302,6,30,5,prey_escaped
4259,reproduce,Turtle,366,252,1,328,5,offspring:1
4260,kill,Frog,1344,71,8,458,1,killed_by:Fox:882
4261,hunt_start,Fox,882,71,6,458,0,target:Parrot:48
4262,starvation,Sectid,24,136,6,194,5,
4262,reproduce,Parrot,23,21,3,239,2,offspring:1
4262,reproduce,Parrot,689,52,9,192,0,offspring:1
4263,reproduce,Lizard,1596,25,9,453,3,offspring:2
4264,hunt_fail,Fox,884,243,1,135,6,discomfort
4265,environment_death,Shroomer,891,115,1,197,2,drowning
4265,starvation,Crocodile,898,168,5,19,9,
4268,reproduce,Elk,171,122,3,416,7,offspring:1
4269,kill,Penguin,1689,484,2,249,5,killed_by:Wolf:869
4270,hunt_fail,Wolf,867,485,2,249,5,target_died
4270,hunt_start,Wolf,867,485,2,249,5,target:Penguin:1533
4271,kill,Shroomer,818,163,6,103,0,killed_by:Wolf:1087
4276,reproduce,Elk,407,191,9,91,8,offspring:1
4277,starvation,Rabbit,248,74,9,66,4,
4277,reproduce,Rabbit,1630,61,8,59,9,offspring:2
4282,reproduce,Deer,1606,391,6,23,6,offspring:1
4283,hunt_fail,Wolf,862,136,4,396,9,discomfort
4285,hunt_start,Snake,946,146,5,470,9,target:Frog:1006
4287,reproduce,Turtle,360,26,2,457,6,offspring:1
4294,starvation,Sectid,30,136,5,325,0,
4294,hunt_fail,Wolf,863,145,7,376,1,discomfort
4294,hunt_fail,Polar Bear,956,140,1,29,3,discomfort
4297,starvation,Deer,160,122,3,193,1,
4301,hunt_fail,Wolf,865,141,6,385,5,discomfort
4311,reproduce,Lizard,1184,218,8,408,7,offspring:2
4312,reproduce,Parrot,118,130,6,279,1,offspring:1
4314,kill,Turtle,368,219,8,184,4,killed_by:Shark:1884
4314,spore_created,Shroomer,-1,242,3,82,1,
4314,spore_created,Shroomer,-1,239,4,70,0,
4315,starvation,Fish,1751,160,2,380,5,
4315,hunt_fail,Snake,950,424,7,493,4,discomfort
4315,reproduce,Wolf,1087,164,7,104,0,offspring:1
4316,hunt_start,Wolf,1087,164,7,104,1,target:Shroomer:1499
4316,hunt_start,Wolf,1751,167,6,105,4,target:Shroomer:1499
4320,starvation,Fox,892,470,4,282,1,
4321,starvation,Parrot,1552,207,2,280,4,
4323,reproduce,Boar,8,368,4,336,1,offspring:2
4324,reproduce,Boar,341,360,7,300,0,offspring:2
4326,hunt_fail,Jaguar,973,377,5,287,5,discomfort
4328,starvation,Parrot,677,142,9,361,8,
4328,reproduce,Parrot,1027,161,5,373,1,offspring:1
4328,reproduce,Parrot,1142,161,4,363,9,offspring:1
4328,spore_matured,Shroomer,-1,230,0,58,9,
4328,reproduce,Shroomer,-1,230,0,58,9,offspring:1
4328,spore_matured,Shroomer,-1,226,4,61,2,
4328,reproduce,Shroomer,-1,226,4,61,2,offspring:1
4331,hunt_fail,Wolf,862,136,4,396,9,discomfort
4331,kill,Lizard,1183,381,5,512,0,killed_by:Hawk:935
4332,starvation,Monkey,1393,154,4,259,9,
4332,kill,Penguin,1533,486,3,240,7,killed_by:Wolf:869
4332,hunt_start,Hawk,935,381,5,511,3,target:Lizard:471
4333,hunt_fail,Wolf,867,486,0,242,3,target_died
4333,hunt_start,Wolf,867,486,0,242,3,target:Penguin:1787
4337,environment_death,Lizard,455,371,5,239,2,drowning
4337,hunt_fail,Hawk,933,374,7,233,4,target_died
4337,hunt_start,Hawk,933,374,7,233,4,target:Monkey:295
4340,starvation,Parrot,699,433,6,49,3,
4340,spore_created,Shroomer,-1,148,5,217,5,
4340,spore_created,Shroomer,-1,133,3,211,6,
4343,reproduce,Rabbit,1515,239,5,126,1,offspring:2
4351,hunt_start,Polar Bear,958,273,2,439,1,target:Deer:54
4352,reproduce,Monkey,1754,383,1,220,2,offspring:1
4358,hunt_start,Fox,884,247,0,134,9,target:Rabbit:1165
4358,hunt_fail,Fox,896,214,8,281,1,discomfort
4361,hunt_fail,Wolf,865,143,9,386,0,discomfort
4363,hunt_fail,Wolf,864,135,1,384,8,discomfort
4365,hunt_fail,Wolf,865,144,0,386,0,discomfort
4367,reproduce,Parrot,102,137,0,426,7,offspring:1
4371,environment_death,Monkey,628,54,9,290,3,drowning
4371,hunt_fail,Hawk,315,48,5,293,9,target_died
4371,hunt_start,Hawk,315,48,5,293,9,target:Penguin:566
4373,hunt_fail,Wolf,862,136,3,397,2,discomfort
4373,hunt_fail,Wolf,865,143,7,385,8,discomfort
4373,hunt_start,Snake,952,13,9,308,6,target:Fish:995
4375,hunt_start,Arctic Fox,961,491,3,246,2,target:Penguin:929
4384,reproduce,Lizard,1308,317,6,381,9,offspring:2
4386,reproduce,Deer,26,113,1,52,0,offspring:1
4394,hunt_start,Boar,341,362,4,301,6,target:Lizard:1609
4398,kill,Shroomer,1499,160,8,104,7,killed_by:Wolf:1751
4398,reproduce,Musk Ox,619,5,5,315,8,offspring:1
4399,hunt_start,Jaguar,974,308,7,410,3,target:Lizard:457
4399,hunt_fail,Wolf,1087,161,1,104,1,prey_escaped
4399,hunt_start,Wolf,1087,161,1,104,1,target:Shroomer:820
4399,hunt_start,Wolf,1751,161,6,104,6,target:Shroomer:820
4400,kill,Lizard,1672,275,1,89,8,killed_by:Hawk:936
4401,hunt_start,Hawk,936,275,0,89,7,target:Lizard:1902
4405,starvation,Lizard,1038,443,3,286,0,
4405,kill,Penguin,1757,28,7,298,9,killed_by:Hawk:562
4405,reproduce,Penguin,65,26,8,310,8,offspring:1
4405,reproduce,Frog,1010,329,8,151,6,offspring:2
4406,hunt_start,Hawk,562,28,5,298,7,target:Penguin:564
4407,reproduce,Parrot,1861,157,3,466,0,offspring:1
4409,kill,Penguin,1787,493,0,236,6,killed_by:Wolf:869
4409,hunt_start,Snake,950,423,7,488,8,target:Rabbit:1946
4410,hunt_fail,Wolf,867,492,1,237,7,target_died
4410,hunt_start,Wolf,867,492,1,237,7,target:Penguin:330
4412,reproduce,Deer,980,314,0,48,3,offspring:1
4415,hunt_fail,Scorpion,945,84,5,389,9,discomfort
4417,reproduce,Monkey,658,353,5,88,5,offspring:1
4418,hunt_start,Jaguar,973,376,7,288,1,target:Penguin:68
4420,kill,Frog,1006,143,7,463,7,killed_by:Snake:946
4421,hunt_start,Snake,946,143,7,463,9,target:Frog:333
4421,spore_created,Shroomer,-1,318,4,316,2,
4421,spore_created,Shroomer,-1,323,9,310,3,
4423,spore_created,Shroomer,-1,79,0,244,4,
4423,spore_created,Shroomer,-1,86,3,249,5,
4424,kill,Lizard,1445,481,4,512,0,killed_by:Hawk:931
4425,hunt_start,Hawk,931,481,3,511,5,target:Lizard:1448
4430,starvation,Parrot,1001,16,8,167,4,
4433,kill,Deer,54,280,4,441,2,killed_by:Polar Bear:958
4433,reproduce,Monkey,637,120,6,288,2,offspring:1
4434,hunt_start,Polar Bear,958,279,9,441,0,target:Camel:1821
4435,kill,Turtle,1319,346,9,317,7,killed_by:Jaguar:1097
4436,reproduce,Tapir,1289,124,0,224,0,offspring:1
4437,spore_created,Shroomer,-1,97,6,138,7,
4437,spore_created,Shroomer,-1,98,4,141,3,
4440,reproduce,Deer,1128,142,6,319,9,offspring:1
4440,spore_created,Shroomer,-1,255,3,184,4,
4440,spore_created,Shroomer,-1,249,3,176,2,
4441,reproduce,Frog,1360,341,6,195,1,offspring:2
4444,hunt_start,Wolf,865,147,2,386,1,target:Elk:437
4451,kill,Turtle,1712,117,3,396,6,killed_by:Jaguar:1512
4454,kill,Monkey,1936,450,3,381,9,killed_by:Fox:894
4455,hunt_start,Fox,894,450,5,382,2,target:Monkey:544
4455,spore_created,Shroomer,-1,310,3,306,3,
4455,spore_created,Shroomer,-1,309,9,302,2,
4456,reproduce,Lizard,61,335,2,138,3,offspring:2
4457,reproduce,Lizard,456,315,6,96,0,offspring:2
4460,spore_matured,Shroomer,-1,133,3,211,6,
4460,reproduce,Shroomer,-1,133,3,211,6,offspring:1
4461,reproduce,Parrot,1839,109,9,287,8,offspring:1
4469,reproduce,Elk,345,32,0,288,0,offspring:1
4469,reproduce,Monkey,672,172,1,254,7,offspring:1
4469,reproduce,Monkey,1702,169,8,255,1,offspring:1
4470,reproduce,Parrot,679,152,3,471,6,offspring:1
4477,spore_created,Shroomer,-1,329,7,311,2,
4477,spore_created,Shroomer,-1,334,4,312,6,
4486,kill,Frog,333,143,7,460,9,killed_by:Snake:946
4486,reproduce,Frog,1007,181,3,491,9,offspring:2
4486,spore_matured,Shroomer,-1,242,3,82,1,
4486,reproduce,Shroomer,-1,242,3,82,1,offspring:1
4486,spore_matured,Shroomer,-1,239,1,70,1,
4486,reproduce,Shroomer,-1,239,1,70,1,offspring:1
4487,hunt_start,Snake,946,143,5,460,9,target:Frog:131
4492,kill,Penguin,929,501,1,239,4,killed_by:Arctic Fox:961
4493,hunt_start,Arctic Fox,961,500,9,239,4,target:Penguin:1670
4493,reproduce,Deer,640,408,7,114,1,offspring:1
4494,kill,Penguin,566,30,2,299,0,killed_by:Hawk:315
4494,hunt_start,Polar Bear,1099,504,8,176,6,target:Lizard:474
4494,reproduce,Monkey,1535,444,3,421,5,offspring:1
4495,hunt_start,Hawk,315,30,5,299,0,target:Monkey:225
4495,kill,Shroomer,820,166,2,100,3,killed_by:Wolf:1087
4495,reproduce,Penguin,351,42,7,288,7,offspring:1
4495,reproduce,Penguin,1704,28,2,289,9,offspring:1
4496,hunt_fail,Wolf,1751,166,1,100,9,prey_escaped
4496,hunt_start,Wolf,1751,166,1,100,9,target:Shroomer:316
4497,reproduce,Parrot,1899,22,3,350,1,offspring:1
4503,reproduce,Parrot,1281,83,2,316,8,offspring:1
4505,hunt_fail,Wolf,869,489,1,230,9,discomfort
4505,hunt_start,Fox,896,214,2,279,4,target:Rabbit:255
4509,starvation,Rabbit,1306,449,7,433,4,
4512,hunt_start,Jaguar,969,123,2,419,6,target:Elk:891
4512,spore_matured,Shroomer,-1,148,5,217,5,
4512,reproduce,Shroomer,-1,148,5,217,5,offspring:1
4514,spore_created,Shroomer,-1,62,6,175,4,
4514,spore_created,Shroomer,-1,55,4,181,3,
4516,hunt_start,Boar,1611,493,3,396,0,target:Shroomer:848
4518,kill,Lizard,471,415,4,499,5,killed_by:Hawk:935
4519,hunt_start,Hawk,935,415,2,499,5,target:Rabbit:1945
4520,hunt_fail,Wolf,867,489,1,231,1,discomfort
4522,starvation,Wolf,874,176,5,297,0,
4525,environment_death,Tapir,727,114,7,489,8,drowning
4526,hunt_fail,Bear,924,255,6,292,6,discomfort
4527,kill,Penguin,564,37,2,282,2,killed_by:Hawk:562
4527,reproduce,Tapir,730,128,5,507,2,offspring:1
4528,hunt_start,Hawk,562,37,1,282,5,target:Penguin:1843
4530,reproduce,Parrot,1223,282,2,406,2,offspring:1
4534,starvation,Fish,1180,156,0,387,9,
4535,reproduce,Deer,149,352,0,400,7,offspring:1
4541,hunt_fail,Fox,882,36,0,452,9,discomfort
4541,reproduce,Musk Ox,1269,339,5,74,2,offspring:1
4541,spore_matured,Shroomer,-1,318,4,316,2,
4541,reproduce,Shroomer,-1,318,4,316,2,offspring:1
4544,kill,Lizard,1902,291,1,71,3,killed_by:Hawk:936
4545,hunt_start,Hawk,936,291,0,71,5,target:Monkey:666
4547,kill,Elk,891,119,9,419,2,killed_by:Jaguar:969
4550,kill,Rabbit,255,214,5,279,1,killed_by:Fox:896
4551,hunt_start,Fox,896,214,6,279,4,target:Rabbit:254
4552,starvation,Parrot,1328,445,3,69,5,
4553,reproduce,Parrot,66,360,8,443,3,offspring:1
4559,reproduce,Tapir,506,175,1,234,8,offspring:1
4561,reproduce,Deer,1501,96,0,327,6,offspring:1
4564,hunt_start,Wolf,872,30,2,408,4,target:Boar:1105
4564,reproduce,Boar,1700,375,7,193,3,offspring:2
4565,hunt_start,Boar,1700,375,7,193,2,target:Monkey:295
4566,kill,Camel,1821,272,6,445,4,killed_by:Polar Bear:958
4566,reproduce,Camel,53,279,3,430,3,offspring:1
4566,reproduce,Camel,1194,272,2,449,7,offspring:1
4567,hunt_start,Polar Bear,958,273,3,445,0,target:Camel:1194
4568,reproduce,Polar Bear,958,273,3,445,0,offspring:1
4569,hunt_start,Polar Bear,1821,274,3,448,0,target:Camel:1194
4571,reproduce,Parrot,1908,60,4,187,8,offspring:1
4574,hunt_fail,Jaguar,1693,460,0,96,0,prey_escaped
4576,kill,Elk,437,143,6,392,9,killed_by:Wolf:863
4576,hunt_start,Jaguar,975,223,6,401,5,target:Lizard:160
4576,spore_matured,Shroomer,-1,78,7,245,2,
4576,reproduce,Shroomer,-1,78,7,245,2,offspring:1
4577,hunt_fail,Wolf,862,137,6,398,3,prey_escaped
4577,hunt_start,Wolf,862,137,6,398,3,target:Fish:1640
4579,hunt_fail,Jaguar,974,304,8,407,9,discomfort
4590,reproduce,Parrot,927,2,4,325,3,offspring:1
4592,kill,Lizard,1448,508,0,497,8,killed_by:Hawk:931
4592,reproduce,Lizard,230,488,5,496,0,offspring:2
4592,reproduce,Lizard,1450,507,8,491,9,offspring:2
4593,hunt_start,Hawk,931,507,8,497,9,target:Frog:1714
4593,spore_matured,Shroomer,-1,323,8,310,2,
4593,reproduce,Shroomer,-1,323,8,310,2,offspring:1
4595,hunt_fail,Fox,896,214,5,279,5,discomfort
4595,spore_matured,Shroomer,-1,86,3,249,5,
4595,reproduce,Shroomer,-1,86,3,249,5,offspring:1
4597,hunt_fail,Jaguar,973,377,6,288,0,discomfort
4598,starvation,Deer,159,170,5,213,7,
4599,kill,Monkey,295,381,9,195,6,killed_by:Hawk:933
4600,hunt_start,Hawk,933,381,7,195,5,target:Lizard:1850
4600,hunt_fail,Boar,1700,377,6,194,4,target_died
4600,reproduce,Monkey,1860,122,5,286,4,offspring:1
4601,environment_death,Fish,277,393,9,357,8,suffocation
4602,starvation,Deer,134,199,5,14,4,
4603,reproduce,Tapir,653,163,7,207,7,offspring:1
4605,hunt_start,Snake,951,493,6,234,2,target:Lizard:1813
4608,reproduce,Deer,1668,318,1,61,8,offspring:1
4608,spore_created,Shroomer,-1,500,5,16,9,
4608,spore_created,Shroomer,-1,494,1,14,4,
4609,spore_matured,Shroomer,-1,98,4,141,4,
4609,reproduce,Shroomer,-1,98,4,141,4,offspring:1
4611,hunt_fail,Wolf,862,136,8,397,5,discomfort
4612,spore_matured,Shroomer,-1,255,3,184,4,
4612,reproduce,Shroomer,-1,255,3,184,4,offspring:1
4612,spore_matured,Shroomer,-1,249,3,176,2,
4612,reproduce,Shroomer,-1,249,3,176,2,offspring:1
4613,environment_death,Fish,280,411,3,351,9,suffocation
4613,kill,Penguin,1670,492,0,233,2,killed_by:Arctic Fox:961
4613,reproduce,Penguin,81,506,7,235,6,offspring:1
4613,reproduce,Penguin,655,505,6,247,0,offspring:1
4613,reproduce,Penguin,1772,507,7,240,0,offspring:1
4614,hunt_start,Arctic Fox,961,492,3,233,3,target:Penguin:1058
4615,starvation,Deer,137,510,5,131,5,
4618,kill,Frog,131,150,6,449,8,killed_by:Snake:946
4618,hunt_fail,Snake,954,132,2,431,2,discomfort
4618,reproduce,Tapir,745,423,7,223,9,offspring:1
4619,hunt_start,Snake,946,150,4,450,0,target:Rabbit:181
4621,hunt_start,Bear,924,256,9,293,6,target:Frog:343
4622,starvation,Wolf,879,265,5,433,0,
4624,reproduce,Parrot,1811,90,1,330,6,offspring:1
4630,kill,Camel,1194,270,5,451,4,killed_by:Polar Bear:1821
4631,hunt_fail,Polar Bear,958,272,1,448,2,target_died
4631,hunt_start,Polar Bear,958,272,1,448,2,target:Shroomer:856
4633,hunt_start,Snake,346,444,7,471,6,target:Rabbit:190
4635,starvation,Rabbit,1721,265,8,37,7,
4635,hunt_fail,Hawk,1619,272,8,47,3,target_died
4635,hunt_start,Hawk,1619,272,8,47,3,target:Rabbit:1814
4635,reproduce,Rabbit,1814,279,3,52,1,offspring:2
4637,reproduce,Jaguar,1512,113,6,399,5,offspring:1
4638,kill,Penguin,1843,51,2,280,6,killed_by:Hawk:562
4638,hunt_start,Jaguar,1512,113,6,399,6,target:Parrot:696
4638,hunt_start,Jaguar,1721,113,0,399,2,target:Parrot:696
4638,reproduce,Penguin,298,26,8,312,7,offspring:1
4639,hunt_start,Hawk,562,51,0,280,6,target:Penguin:565
4639,reproduce,Deer,1676,131,1,336,1,offspring:1
4641,reproduce,Monkey,1530,282,9,90,9,offspring:1
4647,kill,Rabbit,1945,434,3,486,2,killed_by:Hawk:935
4648,hunt_start,Hawk,935,434,1,486,3,target:Rabbit:1946
4648,reproduce,Rabbit,186,397,5,480,7,offspring:2
4648,reproduce,Rabbit,1214,418,5,508,6,offspring:2
4650,reproduce,Elk,47,485,2,287,9,offspring:1
4653,starvation,Rabbit,104,284,8,2,2,
4660,reproduce,Musk Ox,1468,390,8,64,4,offspring:1
4661,reproduce,Tapir,1484,127,0,224,3,offspring:1
4662,hunt_fail,Fox,884,271,0,155,5,discomfort
4662,reproduce,Camel,1054,33,4,356,3,offspring:1
4663,starvation,Fox,887,510,5,259,0,
4665,hunt_start,Jaguar,974,306,3,407,6,target:Lizard:457
4665,reproduce,Monkey,1792,357,4,91,9,offspring:1
4666,reproduce,Monkey,1146,497,8,366,8,offspring:1
4666,reproduce,Monkey,1474,486,1,356,4,offspring:1
4667,hunt_start,Bear,923,67,0,103,4,target:Musk Ox:597
4671,hunt_start,Fox,896,213,9,278,9,target:Rabbit:254
4674,kill,Shroomer,316,176,0,106,6,killed_by:Wolf:1751
4674,reproduce,Parrot,1572,128,0,427,8,offspring:1
4675,starvation,Deer,132,199,5,18,5,
4684,reproduce,Frog,959,142,8,448,0,offspring:2
4684,reproduce,Elk,1025,17,5,362,4,offspring:1
4686,hunt_fail,Snake,1098,407,4,489,2,target_died
4686,hunt_start,Snake,1098,407,4,489,2,target:Lizard:1233
4686,reproduce,Lizard,1718,425,6,504,9,offspring:2
4686,spore_matured,Shroomer,-1,62,6,175,4,
4686,reproduce,Shroomer,-1,62,6,175,4,offspring:1
4687,reproduce,Elk,408,256,6,132,8,offspring:1
4691,kill,Monkey,225,13,5,326,5,killed_by:Hawk:315
4692,hunt_start,Hawk,315,13,6,326,3,target:Parrot:1978
4693,reproduce,Musk Ox,74,337,5,45,5,offspring:1
4695,starvation,Lizard,1046,276,6,124,7,
4695,hunt_fail,Snake,947,265,7,131,3,target_died
4695,hunt_start,Snake,947,265,7,131,3,target:Lizard:1039
4697,hunt_fail,Fox,894,429,8,379,9,discomfort
4699,hunt_start,Jaguar,973,374,6,290,2,target:Rabbit:1901
4699,reproduce,Elk,1386,478,6,288,0,offspring:1
4701,kill,Rabbit,254,215,2,277,9,killed_by:Fox:896
4702,hunt_start,Fox,896,214,9,278,1,target:Rabbit:1603
4702,reproduce,Turtle,378,408,7,270,1,offspring:1
4704,kill,Frog,1714,512,0,492,5,killed_by:Hawk:931
4704,reproduce,Deer,1688,107,1,57,4,offspring:1
4705,hunt_start,Hawk,931,511,4,492,9,target:Frog:1917
4709,starvation,Fish,1866,114,1,213,7,
4709,starvation,Fish,1867,124,5,194,0,
4709,kill,Monkey,666,296,0,93,3,killed_by:Hawk:936
4709,reproduce,Monkey,1449,8,5,321,9,offspring:1
4710,hunt_start,Hawk,936,296,0,92,9,target:Lizard:2034
4713,reproduce,Boar,299,22,2,454,5,offspring:2
4714,hunt_start,Boar,299,22,2,454,5,target:Lizard:24
4714,hunt_start,Boar,666,21,0,455,1,target:Lizard:24
4714,hunt_start,Boar,1867,21,0,455,1,target:Lizard:24
4716,reproduce,Rabbit,1802,383,0,323,9,offspring:2
4719,kill,Shroomer,856,270,8,451,2,killed_by:Polar Bear:958
4719,reproduce,Elk,409,269,4,171,1,offspring:1
4719,reproduce,Deer,1546,174,5,226,4,offspring:1
4720,hunt_start,Polar Bear,958,270,4,450,5,target:Camel:1654
4720,reproduce,Boar,1185,446,9,404,1,offspring:2
4721,hunt_start,Boar,2067,446,9,401,7,target:Monkey:1634
4721,hunt_start,Boar,2068,446,9,401,7,target:Monkey:1634
4722,reproduce,Penguin,1555,384,0,286,1,offspring:1
4723,starvation,Rabbit,1222,136,5,22,6,
4723,hunt_fail,Jaguar,975,221,8,404,0,discomfort
4723,hunt_fail,Wolf,1089,129,0,29,5,target_died
4725,starvation,Deer,135,510,5,131,6,
4731,hunt_start,Boar,2016,362,4,297,4,target:Lizard:1609
4735,reproduce,Elk,75,160,1,400,5,offspring:1
4737,hunt_fail,Wolf,872,34,6,412,9,discomfort
4738,kill,Frog,343,252,0,298,8,killed_by:Bear:924
4738,reproduce,Frog,1855,235,0,295,6,offspring:2
4741,kill,Rabbit,1814,282,9,62,9,killed_by:Hawk:1619
4742,hunt_start,Hawk,1619,282,9,62,7,target:Rabbit:103
4744,reproduce,Deer,987,11,1,311,0,offspring:1
4744,reproduce,Deer,1796,124,5,61,4,offspring:1
4746,reproduce,Monkey,1479,379,8,320,0,offspring:1
4746,spore_matured,Shroomer,-1,493,5,13,6,
4746,reproduce,Shroomer,-1,493,5,13,6,offspring:1
4752,kill,Rabbit,181,160,7,445,2,killed_by:Snake:946
4755,reproduce,Rabbit,989,283,1,44,2,offspring:2
4758,hunt_fail,Fox,896,215,2,280,7,discomfort
4759,hunt_start,Wolf,878,400,2,493,7,target:Rabbit:1510
4760,reproduce,Rabbit,1732,288,1,501,9,offspring:2
4763,kill,Shroomer,848,484,2,387,3,killed_by:Boar:1611
4765,kill,Penguin,565,43,7,295,3,killed_by:Hawk:562
4766,hunt_start,Hawk,562,43,9,295,1,target:Penguin:351
4766,hunt_start,Crocodile,1092,153,8,288,4,target:Deer:1581
4766,reproduce,Penguin,770,29,4,285,5,offspring:1
4766,reproduce,Penguin,1840,17,2,307,7,offspring:1
4767,kill,Rabbit,1901,366,3,285,5,killed_by:Jaguar:973
4768,hunt_start,Jaguar,973,366,8,285,7,target:Tapir:188
4768,spore_created,Shroomer,-1,485,3,69,2,
4768,spore_created,Shroomer,-1,497,0,60,9,
4769,reproduce,Parrot,886,140,2,270,3,offspring:1
4771,hunt_start,Scorpion,945,79,2,390,7,target:Parrot:1568
4771,reproduce,Parrot,269,343,6,444,9,offspring:1
4772,reproduce,Elk,1129,478,2,288,0,offspring:1
4774,kill,Penguin,1058,493,4,250,3,killed_by:Arctic Fox:961
4775,hunt_start,Arctic Fox,961,493,4,250,0,target:Penguin:539
4776,reproduce,Lizard,1762,436,8,95,2,offspring:2
4778,hunt_start,Fox,884,267,9,157,9,target:Lizard:1198
4780,spore_matured,Shroomer,-1,500,1,18,0,
4780,reproduce,Shroomer,-1,500,1,18,0,offspring:1
4781,spore_created,Shroomer,-1,97,7,144,4,
4781,spore_created,Shroomer,-1,99,6,147,4,
4783,reproduce,Camel,1336,386,3,159,8,offspring:1
4785,hunt_start,Snake,946,158,5,445,8,target:Parrot:893
4791,starvation,Sectid,1192,169,4,291,8,
4796,environment_death,Musk Ox,603,367,3,168,8,drowning
4796,kill,Rabbit,1946,416,4,466,8,killed_by:Hawk:935
4796,reproduce,Musk Ox,49,363,2,174,0,offspring:1
4796,reproduce,Musk Ox,1428,334,3,163,8,offspring:1
4796,reproduce,Musk Ox,1521,337,7,182,8,offspring:1
4797,hunt_start,Hawk,935,416,5,466,9,target:Lizard:889
4797,hunt_fail,Snake,950,425,2,478,0,target_died
4799,starvation,Arctic Fox,215,190,1,112,6,
4800,reproduce,Elk,401,263,5,83,0,offspring:1
4801,hunt_start,Snake,950,424,9,477,9,target:Lizard:889
4805,starvation,Sectid,32,133,5,320,9,
4805,hunt_start,Wolf,867,495,0,239,3,target:Penguin:1470
4805,reproduce,Elk,1302,166,3,403,5,offspring:1
4807,reproduce,Turtle,379,436,9,267,8,offspring:1
4814,hunt_start,Shark,1093,224,3,189,0,target:Camel:504
4816,hunt_start,Wolf,872,29,6,413,8,target:Lizard:1597
4818,reproduce,Rabbit,1286,235,6,300,3,offspring:2
4819,starvation,Fish,1179,156,1,387,2,
4819,hunt_fail,Wolf,865,136,9,394,4,prey_escaped
4822,hunt_start,Wolf,1089,124,9,31,8,target:Rabbit:1708
4823,starvation,Hawk,1443,89,9,257,8,
4826,starvation,Wolf,877,388,5,496,8,
4826,kill,Frog,1917,494,2,488,2,killed_by:Hawk:931
4826,reproduce,Frog,1727,493,9,495,3,offspring:2
4827,hunt_start,Hawk,931,494,4,488,3,target:Frog:1179
4832,environment_death,Deer,107,263,4,449,4,drowning
4833,reproduce,Camel,516,407,4,477,7,offspring:1
4833,reproduce,Camel,1322,408,6,480,2,offspring:1
4833,reproduce,Deer,1656,255,9,439,5,offspring:1
4839,hunt_start,Fox,894,430,8,380,4,target:Monkey:544
4846,hunt_start,Boar,891,373,2,195,3,target:Lizard:1852
4854,kill,Camel,1654,278,5,448,0,killed_by:Polar Bear:958
4855,kill,Rabbit,103,275,4,48,4,killed_by:Hawk:1619
4855,reproduce,Elk,394,416,0,492,0,offspring:1
4855,reproduce,Camel,904,282,8,435,5,offspring:1
4856,hunt_start,Hawk,1619,275,6,48,4,target:Rabbit:181
4858,starvation,Parrot,691,6,9,174,8,
4861,starvation,Parrot,1339,510,7,124,1,
4869,kill,Lizard,2034,323,8,90,5,killed_by:Hawk:936
4870,starvation,Fox,881,229,4,122,0,
4870,hunt_start,Hawk,936,323,7,90,5,target:Monkey:1531
4871,reproduce,Fish,1486,256,3,407,1,offspring:2
4875,kill,Penguin,351,31,0,292,4,killed_by:Hawk:562
4875,hunt_start,Shark,1884,216,9,183,1,target:Turtle:1926
4875,spore_created,Shroomer,-1,56,6,167,0,
4875,spore_created,Shroomer,-1,49,7,160,0,
4876,reproduce,Boar,1611,480,5,384,0,offspring:2
4877,hunt_start,Jaguar,975,225,2,403,5,target:Fish:1744
4878,hunt_start,Polar Bear,956,141,8,32,2,target:Lizard:1905
4879,hunt_start,Jaguar,1097,348,8,318,2,target:Boar:262
4879,reproduce,Hawk,562,31,1,292,3,offspring:1
4880,hunt_start,Boar,351,479,8,384,5,target:Shroomer:847
4880,hunt_start,Hawk,562,31,1,292,2,target:Penguin:2041
4880,hunt_start,Boar,2085,479,8,384,5,target:Shroomer:847
4880,hunt_start,Hawk,2086,30,2,294,2,target:Penguin:1704
4881,kill,Parrot,1978,-0,0,346,3,killed_by:Hawk:315
4882,hunt_start,Hawk,315,0,0,345,9,target:Fish:1242
4883,kill,Musk Ox,597,57,1,106,5,killed_by:Bear:923
4885,reproduce,Deer,1606,384,1,25,4,offspring:1
4888,kill,Fish,1744,222,8,401,2,killed_by:Jaguar:975
4889,hunt_start,Jaguar,975,223,4,401,7,target:Lizard:888
4903,spore_created,Shroomer,-1,245,9,64,6,
4903,spore_created,Shroomer,-1,239,7,66,1,
4904,hunt_start,Wolf,865,138,4,393,0,target:Lizard:1892
4904,hunt_fail,Jaguar,974,304,9,407,0,discomfort
4905,hunt_start,Snake,954,136,8,426,6,target:Parrot:1981
4908,reproduce,Lizard,57,105,0,383,7,offspring:2
4909,hunt_fail,Fox,894,431,0,380,7,discomfort
4916,reproduce,Boar,1106,9,2,337,2,offspring:2
4916,reproduce,Deer,1782,134,1,273,2,offspring:1
4917,hunt_start,Boar,2089,9,8,335,5,target:Parrot:2025
4917,hunt_start,Boar,2090,9,8,335,5,target:Parrot:2025
4919,hunt_start,Jaguar,969,113,3,421,5,target:Shroomer:293
4919,reproduce,Parrot,102,140,9,441,8,offspring:1
4924,hunt_fail,Jaguar,971,183,5,496,9,discomfort
4924,reproduce,Boar,1323,96,0,502,9,offspring:2
4925,kill,Penguin,1470,502,3,241,7,killed_by:Wolf:867
4926,hunt_start,Wolf,867,502,4,241,2,target:Penguin:1624
4926,hunt_fail,Wolf,869,502,6,241,8,target_died
4928,reproduce,Parrot,292,1,7,248,2,offspring:1
4929,kill,Penguin,539,509,2,250,8,killed_by:Arctic Fox:961
4929,reproduce,Penguin,518,507,8,239,9,offspring:1
4931,reproduce,Arctic Fox,961,508,9,250,8,offspring:1
4932,hunt_start,Arctic Fox,961,509,0,250,8,target:Penguin:1417
4932,hunt_start,Arctic Fox,2094,511,1,253,7,target:Penguin:541
4936,reproduce,Parrot,893,152,3,448,5,offspring:1
4940,spore_matured,Shroomer,-1,497,1,60,9,
4940,reproduce,Shroomer,-1,497,1,60,9,offspring:1
4944,reproduce,Parrot,1571,92,1,321,3,offspring:1
4944,spore_created,Shroomer,-1,312,1,377,9,
4944,spore_created,Shroomer,-1,310,3,369,7,
4946,starvation,Wolf,858,183,0,170,7,
4946,reproduce,Camel,783,285,7,111,0,offspring:1
4947,reproduce,Deer,93,480,1,126,9,offspring:1
4949,kill,Tapir,188,359,7,271,9,killed_by:Jaguar:973
4950,hunt_start,Jaguar,973,360,5,272,1,target:Rabbit:175
4952,kill,Frog,1179,485,2,504,9,killed_by:Hawk:931
4952,spore_created,Shroomer,-1,508,8,65,9,
4952,spore_created,Shroomer,-1,502,4,66,2,
4953,hunt_start,Hawk,931,485,3,504,8,target:Frog:1576
4953,spore_matured,Shroomer,-1,97,7,144,8,
4953,reproduce,Shroomer,-1,97,7,144,8,offspring:1
4953,spore_matured,Shroomer,-1,99,6,147,4,
4953,reproduce,Shroomer,-1,99,6,147,4,offspring:1
4954,environment_death,Tapir,740,276,9,156,5,drowning
4955,reproduce,Jaguar,973,360,6,272,1,offspring:1
4956,hunt_start,Jaguar,740,363,0,269,2,target:Rabbit:175
4957,reproduce,Parrot,689,53,1,179,0,offspring:1
4957,reproduce,Elk,1594,150,5,399,1,offspring:1
4958,starvation,Fox,890,50,9,105,7,
4958,reproduce,Parrot,1861,187,9,503,6,offspring:1
4959,reproduce,Elk,1140,150,2,415,1,offspring:1
4960,kill,Camel,504,233,3,197,1,killed_by:Shark:1093
4961,reproduce,Monkey,665,111,5,237,8,offspring:1
4961,reproduce,Monkey,1119,121,3,235,6,offspring:1
4964,hunt_fail,Snake,950,422,3,481,2,prey_escaped
4964,reproduce,Deer,1770,135,7,320,7,offspring:1
4965,hunt_fail,Polar Bear,956,140,5,29,1,discomfort
4968,reproduce,Parrot,1939,24,6,224,1,offspring:1
4970,kill,Lizard,889,419,5,497,6,killed_by:Hawk:935
4971,hunt_start,Hawk,935,419,6,497,4,target:Lizard:1718
4973,hunt_start,Jaguar,974,305,8,406,9,target:Deer:147
4974,reproduce,Tapir,774,288,0,265,7,offspring:1
4974,reproduce,Deer,1451,244,9,245,7,offspring:1
4978,reproduce,Elk,1020,177,5,96,0,offspring:1
4981,kill,Penguin,1704,20,5,302,3,killed_by:Hawk:2086
4981,reproduce,Penguin,275,36,8,296,1,offspring:1
4982,hunt_start,Hawk,2086,20,7,302,1,target:Fish:995
4983,kill,Penguin,2041,20,6,287,0,killed_by:Hawk:562
4983,reproduce,Penguin,1857,22,1,310,3,offspring:1
4983,reproduce,Penguin,1859,36,5,287,5,offspring:1
4984,hunt_start,Hawk,562,20,9,287,0,target:Penguin:195
4984,reproduce,Deer,1280,236,5,288,3,offspring:1
4985,hunt_fail,Wolf,863,136,8,393,9,prey_escaped
4987,reproduce,Parrot,1891,24,4,480,2,offspring:1
4988,reproduce,Deer,26,114,8,65,8,offspring:1
4993,hunt_start,Wolf,863,137,2,393,9,target:Elk:966
4995,starvation,Shroomer,1644,419,1,135,9,
4995,reproduce,Camel,196,335,2,92,6,offspring:1
4995,spore_matured,Shroomer,-1,49,7,160,0,
4995,reproduce,Shroomer,-1,49,7,160,0,offspring:1
4995,spore_matured,Shroomer,-1,56,4,166,9,
4995,reproduce,Shroomer,-1,56,4,166,9,offspring:1
4996,kill,Turtle,1926,210,5,180,0,killed_by:Shark:1884
4998,reproduce,Parrot,639,27,4,480,0,offspring:1
5000,reproduce,Boar,318,352,0,339,4,offspring:2
5002,reproduce,Parrot,1968,345,0,447,5,offspring:1
5004,hunt_fail,Jaguar,975,219,5,402,0,discomfort
5007,hunt_start,Fox,894,432,0,378,1,target:Monkey:348
5009,reproduce,Lizard,1652,205,9,248,8,offspring:2
5010,hunt_start,Snake,950,418,4,480,9,target:Rabbit:1509
5014,kill,Lizard,1597,2,3,412,1,killed_by:Wolf:872
5015,hunt_start,Wolf,872,2,6,412,1,target:Lizard:1354
5015,hunt_fail,Arctic Fox,961,511,4,246,1,discomfort
5017,reproduce,Deer,980,319,8,51,7,offspring:1
5031,reproduce,Jaguar,1097,352,6,319,6,offspring:1
5032,hunt_start,Jaguar,2115,353,0,318,0,target:Boar:262
5033,reproduce,Parrot,1052,20,9,367,6,offspring:1
5036,hunt_fail,Wolf,864,95,8,398,5,discomfort
5040,hunt_fail,Jaguar,1512,107,6,405,7,prey_escaped
5040,hunt_start,Jaguar,1512,107,6,405,7,target:Parrot:1075
5045,kill,Penguin,1624,506,9,252,6,killed_by:Wolf:869
5045,reproduce,Penguin,1417,512,0,245,3,offspring:1
5045,reproduce,Penguin,1462,508,8,241,4,offspring:1
5045,reproduce,Penguin,1527,487,1,248,6,offspring:1
5045,reproduce,Parrot,1982,31,3,347,7,offspring:1
5046,reproduce,Parrot,1981,135,5,419,1,offspring:1
5050,hunt_fail,Snake,947,240,1,168,9,target_died
5050,hunt_start,Snake,947,240,1,168,9,target:Lizard:1198
5051,reproduce,Lizard,489,265,8,174,0,offspring:2
5052,reproduce,Parrot,1899,18,2,346,0,offspring:1
5054,starvation,Parrot,1729,30,7,459,1,
5056,kill,Monkey,1531,341,2,117,2,killed_by:Hawk:936
5057,hunt_start,Hawk,936,341,1,117,1,target:Rabbit:1976
5057,hunt_start,Boar,1105,32,3,413,3,target:Lizard:1357
5057,kill,Monkey,1634,436,6,389,8,killed_by:Boar:2067
5058,hunt_fail,Boar,2068,437,0,390,7,target_died
5059,reproduce,Tapir,744,374,9,254,3,offspring:1
5060,hunt_start,Boar,1544,19,2,392,2,target:Lizard:1048
5064,spore_matured,Shroomer,-1,310,3,369,7,
5064,reproduce,Shroomer,-1,310,3,369,7,offspring:1
5066,hunt_start,Jaguar,971,179,8,498,4,target:Frog:333
5069,reproduce,Parrot,679,160,0,469,2,offspring:1
5070,kill,Rabbit,1510,370,7,471,8,killed_by:Wolf:878
5070,reproduce,Camel,1057,317,3,131,2,offspring:1
5071,hunt_start,Wolf,878,371,0,472,0,target:Parrot:2008
5071,hunt_fail,Snake,952,20,3,307,2,prey_escaped
5073,hunt_fail,Snake,1098,408,2,511,7,target_died
5073,reproduce,Parrot,1991,89,5,338,5,offspring:1
5074,reproduce,Elk,171,109,3,410,8,offspring:1
5075,starvation,Parrot,702,442,8,95,3,
5076,kill,Frog,333,176,6,496,9,killed_by:Jaguar:971
5077,hunt_start,Jaguar,971,177,3,497,3,target:Frog:1007
5078,reproduce,Monkey,1754,383,8,221,3,offspring:1
5080,reproduce,Lizard,456,297,4,58,1,offspring:2
5081,reproduce,Parrot,1223,289,9,337,1,offspring:1
5083,kill,Shroomer,847,469,2,388,7,killed_by:Boar:2085
5084,hunt_fail,Boar,351,469,7,388,2,target_died
5085,starvation,Deer,1258,170,5,211,2,
5088,hunt_start,Snake,952,20,2,308,5,target:Monkey:1866
5090,kill,Frog,1576,504,3,495,2,killed_by:Hawk:931
5090,reproduce,Penguin,575,420,6,254,2,offspring:1
5091,hunt_start,Hawk,931,504,1,495,3,target:Frog:1972
5091,reproduce,Penguin,1002,384,0,284,2,offspring:1
5092,reproduce,Frog,1726,505,1,487,4,offspring:2
5093,spore_created,Shroomer,-1,224,8,50,0,
5093,spore_created,Shroomer,-1,216,7,51,7,
5095,reproduce,Deer,640,410,2,111,8,offspring:1
5096,hunt_start,Bear,923,57,6,102,5,target:Musk Ox:596
5101,reproduce,Turtle,362,131,5,111,0,offspring:1
5102,kill,Lizard,1718,430,6,512,0,killed_by:Hawk:935
5103,hunt_start,Hawk,935,430,1,511,4,target:Rabbit:2054
5103,spore_created,Shroomer,-1,497,7,20,2,
5103,spore_created,Shroomer,-1,487,9,16,0,
5106,reproduce,Monkey,658,354,0,93,2,offspring:1
5111,environment_death,Fish,283,410,9,352,0,suffocation
5114,kill,Penguin,195,19,8,303,2,killed_by:Hawk:562
5116,spore_matured,Shroomer,-1,312,8,377,3,
5116,reproduce,Shroomer,-1,312,8,377,3,offspring:1
5118,spore_created,Shroomer,-1,243,4,73,7,
5118,spore_created,Shroomer,-1,242,2,74,2,
5119,kill,Rabbit,190,447,5,480,5,killed_by:Snake:346
5119,hunt_start,Snake,1098,406,9,511,4,target:Lizard:1706
5120,hunt_start,Snake,346,447,7,480,3,target:Rabbit:1305
5124,spore_matured,Shroomer,-1,508,8,65,9,
5124,reproduce,Shroomer,-1,508,8,65,9,offspring:1
5127,starvation,Wolf,873,20,6,412,2,
5138,kill,Fish,1242,37,8,361,1,killed_by:Hawk:315
5139,hunt_start,Hawk,315,37,6,361,0,target:Parrot:2042
5139,hunt_start,Fox,896,219,7,287,2,target:Rabbit:1488
5140,starvation,Fish,1640,78,7,405,2,
5140,hunt_fail,Wolf,862,79,4,405,1,target_died
5140,hunt_start,Wolf,862,79,4,405,1,target:Parrot:1076
5141,reproduce,Parrot,927,8,7,310,9,offspring:1
5142,starvation,Penguin,576,382,6,276,6,
5145,hunt_fail,Wolf,869,511,4,244,0,discomfort
5146,reproduce,Rabbit,247,96,8,41,0,offspring:2
5148,hunt_fail,Jaguar,974,304,9,406,1,discomfort
5149,spore_created,Shroomer,-1,70,4,259,5,
5149,spore_created,Shroomer,-1,74,8,264,7,
5156,reproduce,Elk,411,213,2,192,1,offspring:1
5165,hunt_start,Arctic Fox,1316,304,7,41,5,target:Rabbit:989
5165,reproduce,Turtle,370,125,2,416,9,offspring:1
5165,reproduce,Tapir,1784,82,4,497,5,offspring:1
5167,hunt_fail,Wolf,867,510,9,244,0,discomfort
5173,hunt_start,Polar Bear,1821,273,9,447,2,target:Camel:1712
5175,hunt_fail,Fox,884,234,5,181,5,discomfort
5176,starvation,Jaguar,972,210,5,501,8,
5178,reproduce,Deer,149,352,3,399,9,offspring:1
5187,starvation,Penguin,555,257,8,264,1,
5187,reproduce,Penguin,547,280,7,276,5,offspring:1
5187,reproduce,Penguin,550,274,6,274,5,offspring:1
5187,reproduce,Penguin,1778,257,2,276,7,offspring:1
5187,reproduce,Penguin,1856,284,8,271,8,offspring:1
5188,hunt_fail,Snake,947,233,0,182,4,discomfort
5189,reproduce,Elk,403,256,0,80,2,offspring:1
5193,reproduce,Monkey,1535,441,0,416,0,offspring:1
5194,kill,Fish,995,-0,1,305,3,killed_by:Hawk:2086
5195,hunt_start,Hawk,2086,0,2,305,6,target:Monkey:1178
5201,kill,Frog,1007,172,5,486,3,killed_by:Jaguar:971
5202,hunt_start,Jaguar,971,172,6,486,7,target:Rabbit:180
5203,kill,Elk,966,156,9,405,6,killed_by:Wolf:865
5203,kill,Frog,1972,501,8,511,2,killed_by:Hawk:931
5203,kill,Boar,262,367,3,322,4,killed_by:Jaguar:2115
5204,starvation,Snake,947,233,4,182,5,
5204,hunt_fail,Wolf,863,156,0,404,9,target_died
5204,hunt_start,Hawk,931,502,0,511,0,target:Lizard:2045
5204,hunt_fail,Jaguar,1097,356,8,320,7,target_died
5204,hunt_start,Jaguar,2115,366,8,322,3,target:Rabbit:313
5205,reproduce,Monkey,1860,125,9,304,2,offspring:1
5206,reproduce,Boar,1658,417,1,102,0,offspring:2
5213,hunt_fail,Wolf,872,0,0,428,4,discomfort
5213,spore_matured,Shroomer,-1,224,8,49,9,
5213,reproduce,Shroomer,-1,224,8,49,9,offspring:1
5215,reproduce,Lizard,1162,397,5,403,4,offspring:2
5216,hunt_start,Jaguar,974,305,5,406,5,target:Deer:147
5230,environment_death,Shroomer,1531,310,7,370,4,drowning
5236,kill,Rabbit,1976,311,9,119,4,killed_by:Hawk:936
5237,hunt_start,Hawk,936,312,1,119,4,target:Monkey:55
5237,hunt_start,Jaguar,975,224,8,403,5,target:Lizard:160
5237,reproduce,Monkey,249,278,0,92,5,offspring:1
5246,hunt_start,Scorpion,938,241,1,507,3,target:Lizard:1863
5250,hunt_start,Wolf,869,508,4,243,2,target:Penguin:1624
5250,reproduce,Boar,8,393,9,330,6,offspring:2
5251,hunt_start,Boar,1531,393,4,329,9,target:Lizard:1608
5251,hunt_start,Boar,1976,393,4,329,9,target:Lizard:1608
5255,reproduce,Turtle,352,331,1,26,6,offspring:1
5257,kill,Rabbit,1708,88,1,53,7,killed_by:Wolf:1089
5258,hunt_start,Wolf,1089,88,4,53,5,target:Rabbit:1805
5258,kill,Penguin,541,512,0,252,5,killed_by:Arctic Fox:2094
5258,reproduce,Turtle,361,23,0,464,0,offspring:1
5259,starvation,Lizard,1275,512,0,103,0,
5267,starvation,Wolf,872,0,0,430,5,
5267,kill,Rabbit,180,174,2,489,1,killed_by:Jaguar:971
5268,reproduce,Monkey,1792,357,2,92,6,offspring:1
5270,reproduce,Elk,345,31,6,276,5,offspring:1
5273,reproduce,Elk,1018,261,3,84,2,offspring:1
5274,hunt_start,Hawk,562,10,3,302,1,target:Monkey:1866
5274,hunt_fail,Jaguar,973,367,4,269,9,prey_escaped
5274,reproduce,Monkey,1178,7,3,320,1,offspring:1
5275,spore_matured,Shroomer,-1,497,6,20,2,
5275,reproduce,Shroomer,-1,497,6,20,2,offspring:1
5275,spore_matured,Shroomer,-1,487,9,15,8,
5275,reproduce,Shroomer,-1,487,9,15,8,offspring:1
5278,reproduce,Turtle,354,19,1,102,8,offspring:1
5278,reproduce,Turtle,363,132,5,103,9,offspring:1
5280,reproduce,Tapir,200,278,7,96,0,offspring:1
5281,starvation,Rabbit,257,225,5,460,0,
5281,reproduce,Tapir,1722,247,5,148,3,offspring:1
5284,reproduce,Rabbit,256,220,7,479,2,offspring:2
5286,spore_created,Shroomer,-1,509,2,11,8,
5286,spore_created,Shroomer,-1,500,1,7,2,
5290,spore_matured,Shroomer,-1,241,7,74,0,
5290,reproduce,Shroomer,-1,241,7,74,0,offspring:1
5290,spore_matured,Shroomer,-1,244,0,73,4,
5290,reproduce,Shroomer,-1,244,0,73,4,offspring:1
5302,spore_created,Shroomer,-1,276,9,72,4,
5302,spore_created,Shroomer,-1,275,5,82,0,
5303,reproduce,Camel,239,321,5,93,2,offspring:1
5306,reproduce,Deer,1688,117,7,48,3,offspring:1
5307,reproduce,Camel,50,373,3,168,2,offspring:1
5310,kill,Musk Ox,596,45,8,97,3,killed_by:Bear:923
5311,starvation,Snake,950,412,4,474,4,
5312,reproduce,Parrot,2014,113,1,275,1,offspring:1
5314,hunt_fail,Jaguar,974,304,9,406,3,discomfort
5318,hunt_fail,Wolf,867,510,6,244,0,discomfort
5318,reproduce,Tapir,1160,380,3,416,0,offspring:1
5319,reproduce,Turtle,356,397,5,376,0,offspring:1
5321,reproduce,Deer,1546,166,8,231,2,offspring:1
5321,spore_matured,Shroomer,-1,70,4,259,5,
5321,reproduce,Shroomer,-1,70,4,259,5,offspring:1
5321,spore_matured,Shroomer,-1,74,8,264,7,
5321,reproduce,Shroomer,-1,74,8,264,7,offspring:1
5323,reproduce,Penguin,1555,381,9,288,9,offspring:1
5325,hunt_fail,Snake,346,421,2,480,4,target_died
5325,reproduce,Parrot,269,355,1,434,8,offspring:1
5325,reproduce,Rabbit,1509,412,5,471,8,offspring:2
5327,starvation,Rabbit,308,258,6,126,1,
5327,kill,Camel,1712,279,7,454,5,killed_by:Polar Bear:1821
5331,reproduce,Musk Ox,1424,393,6,96,6,offspring:1
5332,reproduce,Parrot,886,128,3,271,6,offspring:1
5337,hunt_start,Jaguar,973,366,7,271,7,target:Rabbit:237
5339,hunt_start,Boar,1658,420,5,102,0,target:Lizard:1058
5340,starvation,Lizard,1600,0,7,467,3,
5340,hunt_start,Snake,346,420,6,481,5,target:Rabbit:1945
5343,kill,Lizard,2045,512,0,512,0,killed_by:Hawk:931
5345,reproduce,Deer,987,21,3,302,9,offspring:1
5345,reproduce,Deer,1796,119,1,54,1,offspring:1
5346,hunt_start,Hawk,931,511,7,511,3,target:Lizard:1444
5362,spore_created,Shroomer,-1,354,9,399,0,
5362,spore_created,Shroomer,-1,345,3,392,2,
5365,hunt_fail,Snake,951,467,4,251,6,target_died
5365,hunt_start,Snake,951,467,4,251,6,target:Lizard:1037
5366,reproduce,Monkey,1895,30,7,285,8,offspring:1
5368,hunt_fail,Scorpion,942,10,7,313,2,target_died
5368,hunt_start,Scorpion,942,10,7,313,2,target:Parrot:190
5368,reproduce,Monkey,1449,9,1,320,2,offspring:1
5375,hunt_start,Polar Bear,958,284,9,444,8,target:Camel:1793
5376,reproduce,Musk Ox,1324,351,9,40,7,offspring:1
5377,reproduce,Musk Ox,585,384,0,62,0,offspring:1
5379,starvation,Snake,1098,404,1,510,6,
5381,hunt_start,Jaguar,974,305,6,406,3,target:Deer:147
5384,hunt_fail,Wolf,867,510,5,243,8,discomfort
5386,kill,Rabbit,989,280,2,49,9,killed_by:Arctic Fox:1316
5387,hunt_start,Arctic Fox,1316,280,4,49,8,target:Rabbit:1938
5388,spore_created,Shroomer,-1,325,7,313,1,
5388,spore_created,Shroomer,-1,330,8,316,2,
5389,spore_created,Shroomer,-1,244,7,67,2,
5389,spore_created,Shroomer,-1,245,0,71,5,
5393,starvation,Fish,72,249,4,368,2,
5394,reproduce,Musk Ox,619,4,1,315,8,offspring:1
5396,reproduce,Tapir,1622,322,4,152,4,offspring:1
5397,hunt_start,Boar,8,394,3,335,2,target:Lizard:1549
5403,hunt_fail,Jaguar,975,224,3,407,0,discomfort
5404,hunt_fail,Wolf,878,335,3,489,4,discomfort
5406,spore_matured,Shroomer,-1,509,3,12,0,
5406,reproduce,Shroomer,-1,509,3,12,0,offspring:1
5407,starvation,Parrot,1471,35,0,460,1,
5407,reproduce,Camel,526,364,5,438,9,offspring:1
5409,kill,Monkey,348,478,2,400,7,killed_by:Fox:894
5409,reproduce,Parrot,2022,154,8,483,0,offspring:1
5410,hunt_start,Fox,894,477,9,400,7,target:Monkey:650
5413,starvation,Deer,101,130,9,74,2,
5413,hunt_start,Arctic Fox,2094,507,4,250,9,target:Penguin:655
5416,hunt_fail,Fox,896,229,4,317,5,discomfort
5417,reproduce,Shark,1093,224,2,192,4,offspring:1
5418,hunt_start,Shark,348,225,5,194,1,target:Elk:576
5418,hunt_start,Shark,1093,224,2,192,4,target:Camel:502
5418,hunt_start,Jaguar,1097,362,8,326,1,target:Boar:1552
5420,hunt_start,Fox,884,243,4,186,0,target:Monkey:436
5422,spore_matured,Shroomer,-1,276,9,72,3,
5422,reproduce,Shroomer,-1,276,9,72,3,offspring:1
5425,hunt_start,Wolf,863,158,4,415,1,target:Elk:2102
5434,reproduce,Deer,1656,255,2,438,8,offspring:1
5437,spore_created,Shroomer,-1,509,2,22,2,
5437,spore_created,Shroomer,-1,498,7,11,4,
5438,hunt_start,Wolf,865,157,1,413,1,target:Elk:1967
5438,hunt_fail,Wolf,867,510,7,243,5,discomfort
5443,starvation,Crocodile,900,432,5,317,9,
5451,kill,Monkey,1178,17,3,340,3,killed_by:Hawk:2086
5452,hunt_start,Hawk,2086,17,1,340,0,target:Parrot:2122
5458,spore_matured,Shroomer,-1,500,1,7,2,
5458,reproduce,Shroomer,-1,500,1,7,2,offspring:1
5466,hunt_start,Bear,924,254,4,314,9,target:Turtle:369
5467,kill,Monkey,1866,20,8,328,3,killed_by:Hawk:562
5468,starvation,Lizard,1276,452,0,146,5,
5468,hunt_fail,Snake,952,14,8,313,8,target_died
5468,hunt_start,Snake,952,14,8,313,8,target:Monkey:1230
5470,reproduce,Parrot,2039,163,0,472,9,offspring:1
5474,reproduce,Monkey,652,484,9,416,1,offspring:1
5476,starvation,Lizard,1494,120,4,64,4,
5476,hunt_start,Wolf,878,339,7,488,2,target:Parrot:1698
5479,reproduce,Deer,1501,95,9,322,2,offspring:1
5484,reproduce,Monkey,650,485,7,417,1,offspring:1
5484,spore_created,Shroomer,-1,502,8,23,8,
5484,spore_created,Shroomer,-1,499,8,21,7,
5487,reproduce,Lizard,766,422,3,499,5,offspring:2
5487,reproduce,Elk,1025,29,1,355,9,offspring:1
5488,reproduce,Deer,1606,396,0,25,7,offspring:1
5499,kill,Lizard,1444,512,0,497,2,killed_by:Hawk:931
5499,reproduce,Lizard,1850,411,6,213,0,offspring:2
5500,hunt_start,Hawk,931,511,5,497,3,target:Lizard:2047
5501,hunt_start,Polar Bear,956,141,8,32,4,target:Lizard:1905
5501,reproduce,Elk,1386,473,1,280,8,offspring:1
5501,reproduce,Parrot,1393,109,2,287,7,offspring:1
5502,reproduce,Camel,1408,380,8,384,0,offspring:1
5508,starvation,Parrot,1272,477,3,124,4,
5508,reproduce,Monkey,1474,497,5,355,5,offspring:1
5508,spore_matured,Shroomer,-1,325,6,313,2,
5508,reproduce,Shroomer,-1,325,6,313,2,offspring:1
5509,kill,Elk,2102,154,0,422,7,killed_by:Wolf:863
5512,reproduce,Wolf,864,111,2,399,0,offspring:1
5512,reproduce,Elk,1758,151,2,395,0,offspring:1
5513,kill,Camel,1793,289,7,438,0,killed_by:Polar Bear:958
5513,hunt_fail,Jaguar,974,304,9,405,9,discomfort
5513,hunt_start,Wolf,2102,113,5,398,2,target:Shroomer:807
5517,starvation,Penguin,577,385,7,271,0,
5517,reproduce,Rabbit,964,99,6,29,7,offspring:2
5518,hunt_start,Fox,882,32,2,448,5,target:Parrot:1919
5519,reproduce,Deer,1692,165,8,229,5,offspring:1
5521,reproduce,Monkey,637,125,9,288,1,offspring:1
5525,reproduce,Elk,394,408,0,494,2,offspring:1
5531,spore_created,Shroomer,-1,238,3,56,9,
5531,spore_created,Shroomer,-1,234,3,60,0,
5532,reproduce,Parrot,874,287,9,395,4,offspring:1
5534,spore_created,Shroomer,-1,314,3,380,7,
5534,spore_created,Shroomer,-1,317,2,372,5,
5534,spore_matured,Shroomer,-1,345,1,392,1,
5534,reproduce,Shroomer,-1,345,1,392,1,offspring:1
5537,reproduce,Elk,75,162,1,404,8,offspring:1
5537,reproduce,Penguin,1062,422,5,242,7,offspring:1
5538,spore_created,Shroomer,-1,498,3,62,7,
5538,spore_created,Shroomer,-1,504,1,60,3,
5552,reproduce,Penguin,554,288,1,276,3,offspring:1
5557,hunt_start,Shark,1884,214,7,179,8,target:Turtle:1297
5557,reproduce,Monkey,1395,267,0,92,0,offspring:1
5558,hunt_start,Wolf,864,110,7,400,5,target:Elk:171
5561,kill,Penguin,1624,512,0,240,8,killed_by:Wolf:869
5561,spore_matured,Shroomer,-1,246,9,72,0,
5561,reproduce,Shroomer,-1,246,9,72,0,offspring:1
5562,hunt_fail,Wolf,867,510,9,241,6,target_died
5562,hunt_start,Wolf,867,510,9,241,6,target:Penguin:988
5563,kill,Rabbit,1805,65,1,32,3,killed_by:Wolf:1089
5567,kill,Camel,502,226,1,180,8,killed_by:Shark:1093
5573,reproduce,Camel,53,277,3,426,6,offspring:1
5574,kill,Shroomer,293,96,1,423,0,killed_by:Jaguar:969
5576,reproduce,Jaguar,969,96,7,422,9,offspring:1
5577,hunt_start,Jaguar,969,96,7,422,9,target:Parrot:1569
5577,hunt_start,Jaguar,2160,94,5,422,7,target:Parrot:1114
5579,environment_death,Musk Ox,604,368,1,168,9,drowning
5582,reproduce,Elk,1188,256,0,81,8,offspring:1
5584,spore_created,Shroomer,-1,94,4,141,4,
5584,spore_created,Shroomer,-1,84,9,139,0,
5585,hunt_start,Jaguar,974,305,6,406,4,target:Deer:147
5586,kill,Penguin,655,489,2,256,1,killed_by:Arctic Fox:2094
5586,reproduce,Penguin,1989,481,2,248,8,offspring:1
5587,hunt_start,Arctic Fox,2094,489,5,256,0,target:Penguin:2118
5588,reproduce,Parrot,1669,440,8,23,0,offspring:1
5589,reproduce,Parrot,1052,19,4,348,2,offspring:1
5591,starvation,Lizard,1621,127,1,70,3,
5594,hunt_fail,Polar Bear,956,140,4,29,0,discomfort
5594,reproduce,Lizard,1810,103,5,83,4,offspring:2
5595,reproduce,Deer,26,115,9,59,7,offspring:1
5596,reproduce,Parrot,1982,16,7,346,1,offspring:1
5597,reproduce,Elk,1129,479,4,288,0,offspring:1
5600,kill,Parrot,1076,42,4,456,3,killed_by:Wolf:862
5601,hunt_start,Wolf,862,42,5,455,7,target:Frog:1983
5602,starvation,Penguin,569,387,1,272,1,
5602,reproduce,Penguin,575,419,7,251,6,offspring:1
5603,reproduce,Parrot,2025,11,1,285,2,offspring:1
5604,reproduce,Parrot,679,165,7,479,5,offspring:1
5606,kill,Elk,576,208,7,193,5,killed_by:Shark:348
5609,spore_matured,Shroomer,-1,509,2,22,2,
5609,reproduce,Shroomer,-1,509,2,22,2,offspring:1
5609,spore_matured,Shroomer,-1,498,9,12,2,
5609,reproduce,Shroomer,-1,498,9,12,2,offspring:1
5610,starvation,Scorpion,939,393,5,311,8,
5615,reproduce,Monkey,656,356,5,126,9,offspring:1
5617,hunt_start,Jaguar,975,225,8,412,1,target:Lizard:1100
5617,reproduce,Elk,1302,167,9,404,7,offspring:1
5620,reproduce,Deer,162,114,8,255,9,offspring:1
5620,reproduce,Tapir,721,328,9,144,5,offspring:1
5623,reproduce,Camel,525,288,0,419,4,offspring:1
5623,reproduce,Rabbit,1515,241,3,119,3,offspring:2
5624,starvation,Parrot,693,7,9,174,0,
5625,kill,Lizard,1100,223,2,410,6,killed_by:Jaguar:975
5626,hunt_start,Jaguar,975,223,9,411,0,target:Lizard:160
5627,hunt_start,Hawk,562,11,2,327,2,target:Monkey:927
5637,reproduce,Parrot,15,48,7,181,1,offspring:1
5640,hunt_start,Bear,923,46,0,97,8,target:Turtle:1096
5644,reproduce,Deer,93,484,0,131,1,offspring:1
5646,kill,Rabbit,237,359,2,279,4,killed_by:Jaguar:973
5647,hunt_start,Jaguar,973,359,8,279,0,target:Boar:2016
5651,spore_matured,Shroomer,-1,238,3,56,9,
5651,reproduce,Shroomer,-1,238,3,56,9,offspring:1
5652,kill,Lizard,2047,484,9,504,4,killed_by:Hawk:931
5653,hunt_start,Hawk,931,485,1,504,3,target:Frog:1727
5653,reproduce,Monkey,1445,121,6,302,6,offspring:1
5656,spore_matured,Shroomer,-1,503,3,23,4,
5656,reproduce,Shroomer,-1,503,3,23,4,offspring:1
5656,spore_matured,Shroomer,-1,499,8,21,5,
5656,reproduce,Shroomer,-1,499,8,21,5,offspring:1
5660,reproduce,Camel,1575,363,6,412,0,offspring:1
5662,reproduce,Elk,401,270,1,83,9,offspring:1
5663,reproduce,Camel,1054,28,7,347,4,offspring:1
5668,starvation,Lizard,1492,318,6,370,5,
5671,reproduce,Parrot,893,143,1,430,0,offspring:1
5672,reproduce,Tapir,339,81,2,500,0,offspring:1
5673,hunt_fail,Fox,884,263,0,202,6,discomfort
5677,reproduce,Parrot,1623,438,8,21,4,offspring:1
5683,spore_created,Shroomer,-1,320,8,337,0,
5683,spore_created,Shroomer,-1,322,1,326,6,
5692,reproduce,Penguin,1002,383,9,285,2,offspring:1
5695,hunt_fail,Scorpion,942,0,1,296,0,discomfort
5697,reproduce,Lizard,1548,403,9,332,7,offspring:2
5700,reproduce,Lizard,465,351,6,295,9,offspring:2
5704,reproduce,Rabbit,2052,371,0,480,7,offspring:2
5705,kill,Shroomer,807,121,9,410,3,killed_by:Wolf:2102
5706,hunt_start,Wolf,2102,121,6,409,9,target:Parrot:316
5706,spore_matured,Shroomer,-1,314,3,380,7,
5706,reproduce,Shroomer,-1,314,3,380,7,offspring:1
5709,kill,Elk,171,95,8,409,1,killed_by:Wolf:864
5709,reproduce,Musk Ox,317,334,1,224,1,offspring:1
5709,reproduce,Tapir,745,432,3,200,5,offspring:1
5710,hunt_fail,Wolf,567,291,9,326,8,prey_escaped
5710,hunt_start,Wolf,864,96,3,408,9,target:Parrot:1569
5710,spore_matured,Shroomer,-1,498,1,62,5,
5710,reproduce,Shroomer,-1,498,1,62,5,offspring:1
5711,hunt_start,Wolf,1088,495,8,157,1,target:Rabbit:1126
5717,starvation,Rabbit,1938,263,6,65,8,
5717,hunt_fail,Arctic Fox,1316,266,0,58,0,target_died
5717,reproduce,Parrot,2044,45,5,169,0,offspring:1
5719,starvation,Hawk,1619,283,8,38,6,
5719,kill,Turtle,1297,204,2,179,9,killed_by:Shark:1884
5719,reproduce,Deer,1668,304,8,77,2,offspring:1
5721,kill,Penguin,988,496,7,237,8,killed_by:Wolf:869
5721,hunt_fail,Wolf,878,371,1,497,2,discomfort
5722,hunt_fail,Wolf,867,498,0,238,2,target_died
5722,hunt_start,Wolf,867,498,0,238,2,target:Penguin:518
5722,reproduce,Penguin,1988,496,8,242,7,offspring:1
5725,kill,Turtle,369,250,1,329,2,killed_by:Bear:924
5726,hunt_start,Bear,924,250,7,328,9,target:Turtle:366
5729,reproduce,Camel,226,309,7,130,9,offspring:1
5731,reproduce,Lizard,2088,95,9,383,1,offspring:2
5732,reproduce,Deer,640,403,0,111,4,offspring:1
5736,hunt_fail,Fox,882,9,0,426,8,discomfort
5736,hunt_start,Arctic Fox,1316,267,0,58,3,target:Rabbit:1410
5742,kill,Frog,1983,57,1,452,2,killed_by:Wolf:862
5742,hunt_start,Fox,896,240,4,314,2,target:Rabbit:1286
5743,starvation,Lizard,1905,137,5,21,5,
5743,starvation,Lizard,1906,138,6,18,5,
5743,hunt_start,Wolf,862,56,8,452,3,target:Parrot:1592
5746,kill,Penguin,2118,492,5,239,0,killed_by:Arctic Fox:2094
5746,reproduce,Penguin,518,501,4,236,8,offspring:1
5746,reproduce,Penguin,545,496,4,230,6,offspring:1
5746,reproduce,Penguin,1772,501,8,234,8,offspring:1
5747,hunt_start,Arctic Fox,2094,492,5,239,3,target:Penguin:1297
5753,hunt_start,Jaguar,971,170,1,505,5,target:Parrot:1861
5754,starvation,Tapir,907,222,9,67,4,
5755,hunt_fail,Crocodile,1092,150,9,289,1,prey_escaped
5756,spore_matured,Shroomer,-1,94,2,141,6,
5756,reproduce,Shroomer,-1,94,2,141,6,offspring:1
5758,hunt_fail,Snake,951,469,1,235,2,prey_escaped
5760,reproduce,Elk,235,468,1,355,6,offspring:1
5766,kill,Turtle,1096,51,5,101,8,killed_by:Bear:923
5767,starvation,Elk,428,31,1,275,7,
5767,reproduce,Tapir,880,383,2,250,0,offspring:1
5772,reproduce,Parrot,2076,135,0,259,7,offspring:1
5774,hunt_start,Wolf,567,291,8,330,1,target:Parrot:2124
5774,kill,Rabbit,2054,413,2,512,0,killed_by:Hawk:935
5774,reproduce,Deer,86,63,7,249,5,offspring:1
5775,hunt_start,Hawk,935,413,6,511,6,target:Rabbit:1214
5777,kill,Frog,1727,492,7,487,1,killed_by:Hawk:931
5777,reproduce,Frog,132,154,8,442,4,offspring:2
5777,reproduce,Frog,1443,489,5,499,6,offspring:2
5777,reproduce,Frog,1935,507,5,488,7,offspring:2
5778,hunt_start,Hawk,931,492,7,487,2,target:Lizard:1448
5778,reproduce,Camel,516,417,5,483,9,offspring:1
5782,reproduce,Parrot,1458,485,3,64,0,offspring:1
5783,kill,Monkey,55,308,3,117,0,killed_by:Hawk:936
5784,hunt_start,Hawk,936,308,0,117,1,target:Rabbit:519
5784,reproduce,Camel,1336,384,8,152,8,offspring:1
5786,reproduce,Rabbit,234,201,2,173,8,offspring:2
5789,starvation,Rabbit,1166,294,2,158,8,
5789,reproduce,Penguin,1856,289,8,263,4,offspring:1
5792,reproduce,Elk,419,70,4,183,9,offspring:1
5796,reproduce,Monkey,658,353,2,89,7,offspring:1
5797,reproduce,Monkey,1535,445,7,418,2,offspring:1
5797,reproduce,Rabbit,1679,391,8,162,8,offspring:2
5802,reproduce,Monkey,159,144,0,299,4,offspring:1
5802,reproduce,Rabbit,2053,421,9,503,7,offspring:2
5803,starvation,Lizard,1706,398,4,509,0,
5807,kill,Boar,2016,361,9,293,6,killed_by:Jaguar:973
5808,starvation,Shroomer,841,311,2,316,5,
5809,reproduce,Monkey,1860,116,2,304,9,offspring:1
5818,starvation,Parrot,210,443,9,96,3,
5819,reproduce,Boar,1106,1,2,326,9,offspring:2
5824,starvation,Shroomer,840,313,2,314,2,
5824,hunt_fail,Fox,894,477,2,446,4,discomfort
5825,hunt_fail,Jaguar,974,305,0,405,0,discomfort
5830,spore_created,Shroomer,-1,260,2,62,8,
5830,spore_created,Shroomer,-1,258,6,66,4,
5838,starvation,Snake,952,25,3,311,2,
5838,spore_created,Shroomer,-1,234,3,127,4,
5838,spore_created,Shroomer,-1,233,2,124,5,
5846,hunt_start,Fox,882,4,6,423,9,target:Parrot:1919
5848,starvation,Deer,136,510,5,131,5,
5855,spore_matured,Shroomer,-1,322,1,326,6,
5855,reproduce,Shroomer,-1,322,1,326,6,offspring:1
5860,reproduce,Deer,1888,0,0,319,9,offspring:1
5861,reproduce,Parrot,764,20,4,457,3,offspring:1
5862,kill,Penguin,1297,497,9,247,7,killed_by:Arctic Fox:2094
5865,starvation,Fish,1419,56,7,146,5,
5865,hunt_fail,Bear,924,254,4,328,7,discomfort
5869,starvation,Shroomer,836,305,8,318,8,
5870,hunt_start,Polar Bear,1821,276,5,445,6,target:Deer:108
5873,reproduce,Monkey,2059,496,3,349,2,offspring:1
5875,reproduce,Penguin,1266,403,5,253,0,offspring:1
5876,starvation,Fox,882,2,5,421,1,
5876,kill,Penguin,518,507,6,232,8,killed_by:Wolf:869
5876,spore_created,Shroomer,-1,90,8,143,3,
5876,spore_created,Shroomer,-1,99,0,139,9,
5877,hunt_fail,Wolf,867,506,4,233,7,target_died
5877,hunt_start,Wolf,867,506,4,233,7,target:Penguin:280
5879,reproduce,Camel,533,320,0,93,4,offspring:1
5881,kill,Monkey,927,6,7,289,9,killed_by:Hawk:562
5881,reproduce,Lizard,1058,448,2,118,0,offspring:2
5883,reproduce,Lizard,333,303,5,55,8,offspring:2
5888,reproduce,Hawk,562,6,4,290,2,offspring:1
5889,hunt_start,Hawk,562,6,4,290,2,target:Penguin:1966
5889,hunt_start,Hawk,2229,6,5,289,0,target:Penguin:1966
5890,spore_created,Shroomer,-1,76,3,245,3,
5890,spore_created,Shroomer,-1,81,9,247,2,
5892,hunt_start,Jaguar,974,305,1,406,2,target:Deer:147
5897,reproduce,Parrot,689,64,2,192,0,offspring:1
5900,reproduce,Musk Ox,962,13,0,312,3,offspring:1
5905,reproduce,Elk,403,259,9,82,8,offspring:1
5906,reproduce,Penguin,1994,416,1,252,0,offspring:1
5907,starvation,Lizard,1791,109,0,1,4,
5907,reproduce,Parrot,2014,128,2,268,4,offspring:1
5909,reproduce,Deer,1688,116,2,51,6,offspring:1
5918,hunt_start,Polar Bear,957,510,6,290,0,target:Rabbit:1514
5918,reproduce,Boar,318,345,1,343,4,offspring:2
5922,environment_death,Monkey,650,476,2,454,3,drowning
5922,starvation,Boar,917,307,5,50,0,
5923,environment_death,Monkey,652,477,7,454,4,drowning
5927,spore_created,Shroomer,-1,248,5,70,6,
5927,spore_created,Shroomer,-1,240,0,80,8,
5928,hunt_fail,Scorpion,944,83,6,321,7,prey_escaped
5928,hunt_start,Scorpion,944,83,6,321,7,target:Parrot:1936
5928,reproduce,Monkey,249,286,9,93,8,offspring:1
5931,hunt_start,Wolf,863,148,0,431,6,target:Parrot:1492
5931,hunt_start,Crocodile,901,496,5,216,9,target:Penguin:545
5933,reproduce,Arctic Fox,2094,494,7,246,2,offspring:1
5934,hunt_start,Arctic Fox,2094,494,6,246,2,target:Penguin:1527
5934,hunt_start,Arctic Fox,2238,492,7,246,0,target:Penguin:1527
5935,reproduce,Penguin,1209,482,7,265,1,offspring:1
5938,reproduce,Deer,1546,172,9,230,7,offspring:1
5941,kill,Penguin,1966,1,0,293,1,killed_by:Hawk:562
5941,reproduce,Penguin,65,20,1,316,0,offspring:1
5941,reproduce,Deer,149,368,8,403,8,offspring:1
5941,reproduce,Rabbit,1286,256,9,293,4,offspring:2
5941,reproduce,Penguin,1859,44,1,289,0,offspring:1
5942,hunt_start,Hawk,562,1,4,293,0,target:Parrot:190
5946,reproduce,Elk,963,487,8,496,5,offspring:1
5946,reproduce,Elk,1113,481,5,484,1,offspring:1
5946,reproduce,Boar,1710,99,2,473,3,offspring:2
5947,starvation,Boar,909,369,5,172,0,
5947,hunt_fail,Jaguar,974,304,9,406,0,discomfort
5947,reproduce,Boar,1699,338,3,168,9,offspring:2
5948,hunt_start,Boar,909,338,4,169,7,target:Rabbit:205
5948,hunt_start,Boar,1699,338,3,168,7,target:Rabbit:205
5948,hunt_start,Boar,2249,338,4,169,3,target:Rabbit:205
5950,spore_matured,Shroomer,-1,260,2,62,8,
5950,reproduce,Shroomer,-1,260,2,62,8,offspring:1
5951,hunt_start,Crocodile,1091,191,3,13,1,target:Deer:129
5951,reproduce,Camel,783,280,0,101,1,offspring:1
5957,reproduce,Parrot,1470,5,7,256,2,offspring:1
5961,reproduce,Parrot,2022,153,7,501,2,offspring:1
5962,hunt_fail,Snake,954,124,8,422,5,discomfort
5962,reproduce,Camel,500,240,4,200,0,offspring:1
5963,reproduce,Camel,1053,192,0,217,6,offspring:1
5972,reproduce,Rabbit,224,383,8,248,7,offspring:2
5973,reproduce,Camel,1822,355,3,92,1,offspring:1
5975,reproduce,Deer,1796,114,4,46,5,offspring:1
5977,starvation,Wolf,567,293,6,358,2,
5977,kill,Rabbit,519,336,8,129,1,killed_by:Hawk:936
5977,spore_created,Shroomer,-1,100,6,150,7,
5977,spore_created,Shroomer,-1,108,5,156,3,
5978,starvation,Hawk,466,16,1,211,6,
5978,hunt_start,Hawk,936,336,6,129,1,target:Lizard:1526
5979,hunt_start,Wolf,27,504,0,188,2,target:Lizard:1715
5979,reproduce,Deer,960,411,9,106,3,offspring:1
5980,reproduce,Tapir,259,313,4,94,2,offspring:1
5986,kill,Rabbit,1410,293,1,64,2,killed_by:Arctic Fox:1316
5987,hunt_start,Arctic Fox,1316,292,9,64,1,target:Rabbit:630
5988,reproduce,Rabbit,82,220,5,484,7,offspring:2
5993,reproduce,Deer,1958,252,3,444,0,offspring:1
5994,kill,Rabbit,1214,428,1,485,9,killed_by:Hawk:935
5995,hunt_start,Hawk,935,428,1,486,1,target:Rabbit:2155
5997,starvation,Scorpion,940,469,6,393,3,
6000,reproduce,Lizard,2062,420,8,496,1,offspring:2
6002,hunt_start,Boar,1106,4,1,321,4,target:Penguin:1840
6003,hunt_start,Crocodile,1092,149,5,291,4,target:Monkey:2222
6007,kill,Rabbit,205,341,4,168,2,killed_by:Boar:2249
6008,hunt_fail,Boar,909,340,4,168,3,target_died
6008,hunt_fail,Boar,1699,340,6,167,5,target_died
6010,starvation,Lizard,285,144,4,381,9,
6010,spore_matured,Shroomer,-1,234,3,127,4,
6010,reproduce,Shroomer,-1,234,3,127,4,offspring:1
6010,spore_matured,Shroomer,-1,233,2,124,5,
6010,reproduce,Shroomer,-1,233,2,124,5,offspring:1
6010,spore_matured,Shroomer,-1,81,8,247,2,
6010,reproduce,Shroomer,-1,81,8,247,2,offspring:1
6013,reproduce,Tapir,1784,75,1,495,1,offspring:1
6020,hunt_start,Jaguar,974,305,6,406,2,target:Lizard:457
6024,reproduce,Boar,341,388,7,328,5,offspring:2
6024,reproduce,Boar,846,385,3,328,3,offspring:2
6025,starvation,Rabbit,1604,212,1,352,3,
6025,hunt_start,Boar,341,388,7,328,5,target:Rabbit:236
6025,hunt_start,Boar,846,385,3,328,3,target:Rabbit:236
6025,hunt_start,Wolf,865,155,0,427,0,target:Parrot:2092
6025,hunt_start,Boar,2225,390,0,331,0,target:Rabbit:236
6025,hunt_start,Boar,2231,390,0,331,0,target:Rabbit:236
6025,hunt_start,Boar,2262,383,2,327,0,target:Rabbit:236
6025,hunt_start,Boar,2263,383,2,327,0,target:Rabbit:236
6025,reproduce,Deer,987,31,9,295,2,offspring:1
6028,starvation,Rabbit,1173,197,0,445,6,
6028,hunt_fail,Jaguar,337,201,7,462,0,target_died
6031,reproduce,Penguin,1121,383,8,290,1,offspring:1
6034,hunt_start,Polar Bear,958,292,8,437,4,target:Shroomer:855
6035,spore_created,Shroomer,-1,477,1,-0,1,
6035,spore_created,Shroomer,-1,486,6,1,3,
6036,reproduce,Lizard,262,416,2,401,4,offspring:2
6040,kill,Penguin,280,499,2,223,4,killed_by:Wolf:869
6041,hunt_fail,Wolf,867,500,2,224,6,target_died
6041,hunt_start,Wolf,867,500,2,224,6,target:Penguin:1906
6046,starvation,Rabbit,1605,187,0,327,5,
6048,environment_death,Musk Ox,599,367,2,168,9,drowning
6048,starvation,Sectid,29,147,0,329,4,
6048,spore_matured,Shroomer,-1,90,8,143,3,
6048,reproduce,Shroomer,-1,90,8,143,3,offspring:1
6053,spore_created,Shroomer,-1,81,6,240,6,
6053,spore_created,Shroomer,-1,85,2,253,6,
6057,kill,Penguin,1527,482,3,237,2,killed_by:Arctic Fox:2238
6057,reproduce,Lizard,2114,224,1,247,3,offspring:2
6058,hunt_fail,Arctic Fox,2094,482,8,237,5,target_died
6058,hunt_start,Arctic Fox,2094,482,8,237,5,target:Lizard:1716
6058,hunt_start,Arctic Fox,2238,482,5,237,3,target:Lizard:1716
6062,reproduce,Penguin,1823,485,4,249,1,offspring:1
6062,spore_matured,Shroomer,-1,76,3,245,3,
6062,reproduce,Shroomer,-1,76,3,245,3,offspring:1
6064,reproduce,Boar,255,386,9,203,8,offspring:2
6065,hunt_start,Boar,255,386,9,203,7,target:Lizard:1181
6067,hunt_fail,Fox,896,256,9,291,6,discomfort
6067,hunt_start,Bear,924,252,1,327,7,target:Turtle:367
6067,hunt_fail,Jaguar,975,185,9,425,0,discomfort
6075,kill,Rabbit,236,386,2,326,1,killed_by:Boar:846
6076,hunt_fail,Boar,341,386,4,326,4,target_died
6076,hunt_fail,Boar,2225,387,3,327,9,target_died
6076,hunt_fail,Boar,2231,388,2,329,0,target_died
6076,hunt_fail,Boar,2262,385,4,326,0,target_died
6076,hunt_fail,Boar,2263,385,6,325,4,target_died
6080,reproduce,Elk,1018,265,9,81,4,offspring:1
6081,reproduce,Parrot,2124,294,5,364,4,offspring:1
6084,starvation,Rabbit,879,267,6,75,4,
6084,starvation,Fish,903,82,4,164,8,
6084,spore_created,Shroomer,-1,243,4,70,7,
6084,spore_created,Shroomer,-1,231,3,77,5,
6085,reproduce,Parrot,874,300,3,394,1,offspring:1
6086,starvation,Snake,953,74,1,167,0,
6087,hunt_fail,Wolf,864,89,4,438,4,discomfort
6096,hunt_start,Bear,923,48,3,106,1,target:Musk Ox:598
6097,reproduce,Deer,1606,393,0,28,6,offspring:1
6099,spore_matured,Shroomer,-1,248,5,70,6,
6099,reproduce,Shroomer,-1,248,5,70,6,offspring:1
6099,spore_matured,Shroomer,-1,240,0,80,8,
6099,reproduce,Shroomer,-1,240,0,80,8,offspring:1
6100,starvation,Fish,870,145,4,380,8,
6100,hunt_fail,Crocodile,901,495,9,219,0,discomfort
6103,starvation,Fox,895,330,5,164,0,
6104,hunt_start,Boar,1699,342,2,166,3,target:Lizard:1852
6108,reproduce,Deer,980,306,1,68,1,offspring:1
6112,hunt_fail,Wolf,864,90,0,439,7,discomfort
6113,reproduce,Turtle,355,35,8,98,6,offspring:1
6114,hunt_fail,Jaguar,971,177,7,509,6,discomfort
6116,environment_death,Shroomer,210,259,7,60,6,drowning
6119,reproduce,Deer,1789,175,1,226,5,offspring:1
6121,reproduce,Deer,1692,172,7,238,5,offspring:1
6126,hunt_fail,Wolf,862,90,2,439,4,discomfort
6128,hunt_start,Wolf,1089,70,6,33,8,target:Rabbit:1682
6128,hunt_start,Shark,1093,221,3,172,6,target:Elk:1345
6129,spore_created,Shroomer,-1,508,0,21,1,
6129,spore_created,Shroomer,-1,497,2,20,5,
6132,spore_matured,Shroomer,-1,100,9,153,3,
6132,reproduce,Shroomer,-1,100,9,153,3,offspring:1
6136,starvation,Monkey,651,460,4,382,1,
6141,reproduce,Parrot,1052,15,1,335,2,offspring:1
6142,reproduce,Musk Ox,74,349,4,56,7,offspring:1
6144,reproduce,Boar,1552,351,8,343,3,offspring:2
6145,starvation,Lizard,1435,123,2,104,6,
6147,reproduce,Deer,164,288,5,499,6,offspring:1
6147,reproduce,Deer,985,313,5,508,8,offspring:1
6148,spore_created,Shroomer,-1,250,1,72,7,
6148,spore_created,Shroomer,-1,260,9,68,7,
6151,reproduce,Monkey,1235,447,8,416,5,offspring:1
6151,reproduce,Parrot,1982,23,6,346,0,offspring:1
6152,kill,Penguin,1906,494,1,226,1,killed_by:Wolf:869
6152,reproduce,Penguin,1417,509,6,244,0,offspring:1
6157,reproduce,Parrot,2025,5,2,275,7,offspring:1
6158,starvation,Deer,1256,110,1,221,2,
6163,reproduce,Parrot,190,26,6,265,6,offspring:1
6163,reproduce,Turtle,1299,398,6,277,2,offspring:1
6164,kill,Rabbit,2155,402,8,471,1,killed_by:Hawk:935
6165,hunt_start,Hawk,935,403,0,471,2,target:Rabbit:1945
6165,reproduce,Tapir,1622,319,7,160,0,offspring:1
6166,starvation,Monkey,1534,466,5,377,5,
6167,hunt_start,Shark,348,216,4,187,9,target:Rabbit:174
6172,reproduce,Penguin,1954,59,5,266,7,offspring:1
6177,hunt_fail,Bear,924,254,7,326,8,discomfort
6177,hunt_start,Jaguar,973,373,4,287,8,target:Penguin:1121
6178,starvation,Boar,246,64,0,390,9,
6182,spore_created,Shroomer,-1,233,0,70,7,
6182,spore_created,Shroomer,-1,234,0,77,1,
6183,kill,Shroomer,855,285,6,436,4,killed_by:Polar Bear:958
6183,reproduce,Monkey,1474,493,0,364,8,offspring:1
6187,hunt_start,Fox,896,255,0,294,5,target:Rabbit:2243
6188,starvation,Scorpion,945,85,5,403,2,
6188,hunt_fail,Wolf,869,496,9,228,7,discomfort
6193,hunt_fail,Jaguar,974,306,0,405,3,discomfort
6195,reproduce,Elk,394,397,6,484,5,offspring:1
6197,hunt_start,Jaguar,975,188,8,424,1,target:Elk:860
6197,reproduce,Jaguar,973,374,0,287,8,offspring:1
6198,hunt_start,Jaguar,2285,373,0,286,0,target:Penguin:1121
6199,reproduce,Polar Bear,958,286,6,436,4,offspring:1
6200,hunt_start,Polar Bear,958,286,7,436,4,target:Deer:109
6200,hunt_start,Polar Bear,2286,288,5,439,3,target:Camel:1633
6203,reproduce,Turtle,549,96,8,383,9,offspring:1
6204,starvation,Deer,158,170,5,216,3,
6204,spore_matured,Shroomer,-1,231,3,77,5,
6204,reproduce,Shroomer,-1,231,3,77,5,offspring:1
6205,kill,Penguin,1966,26,6,322,3,killed_by:Hawk:2229
6206,hunt_start,Hawk,2229,26,2,322,2,target:Penguin:65
6207,hunt_start,Boar,2268,382,0,203,2,target:Lizard:1851
6207,spore_matured,Shroomer,-1,477,0,0,0,
6207,reproduce,Shroomer,-1,477,0,0,0,offspring:1
6207,spore_matured,Shroomer,-1,486,6,1,3,
6207,reproduce,Shroomer,-1,486,6,1,3,offspring:1
6210,reproduce,Lizard,2087,92,8,383,6,offspring:2
6214,spore_matured,Shroomer,-1,83,3,256,8,
6214,reproduce,Shroomer,-1,83,3,256,8,offspring:1
6220,starvation,Musk Ox,579,108,5,27,4,
6220,kill,Rabbit,630,284,2,88,0,killed_by:Arctic Fox:1316
6220,reproduce,Musk Ox,1064,87,4,18,5,offspring:1
6220,reproduce,Musk Ox,1250,90,4,23,1,offspring:1
6221,hunt_start,Arctic Fox,1316,284,0,87,9,target:Lizard:1671
6221,reproduce,Monkey,1953,440,2,416,0,offspring:1
6225,hunt_fail,Hawk,933,393,7,207,1,prey_escaped
6226,hunt_start,Hawk,933,393,6,207,1,target:Lizard:1181
6226,reproduce,Penguin,1651,288,3,282,9,offspring:1
6229,hunt_start,Boar,1185,447,6,400,8,target:Monkey:1071
6232,reproduce,Musk Ox,1424,399,7,102,5,offspring:1
6234,reproduce,Deer,96,480,4,134,8,offspring:1
6239,hunt_start,Snake,954,125,7,421,6,target:Parrot:1981
6239,spore_created,Shroomer,-1,491,4,26,0,
6239,spore_created,Shroomer,-1,497,4,24,8,
6249,reproduce,Camel,196,317,9,90,6,offspring:1
6251,starvation,Monkey,645,443,3,327,7,
6251,kill,Rabbit,174,212,4,188,3,killed_by:Shark:348
6251,reproduce,Camel,311,318,5,149,8,offspring:1
6253,reproduce,Musk Ox,1683,394,3,45,5,offspring:1
6256,starvation,Elk,773,268,5,76,5,
6256,reproduce,Lizard,2123,312,3,51,8,offspring:2
6256,spore_matured,Shroomer,-1,243,4,70,6,
6256,reproduce,Shroomer,-1,243,4,70,6,offspring:1
6264,reproduce,Penguin,1989,498,8,256,1,offspring:1
6265,hunt_fail,Snake,954,125,2,421,6,discomfort
6265,reproduce,Musk Ox,601,381,0,170,7,offspring:1
6265,reproduce,Musk Ox,1145,382,5,200,8,offspring:1
6265,reproduce,Musk Ox,1187,375,3,186,2,offspring:1
6265,reproduce,Musk Ox,1662,377,7,190,9,offspring:1
6267,kill,Musk Ox,598,52,6,96,9,killed_by:Bear:923
6267,reproduce,Musk Ox,1065,60,0,100,1,offspring:1
6268,reproduce,Musk Ox,1428,320,0,175,5,offspring:1
6268,spore_matured,Shroomer,-1,250,1,72,7,
6268,reproduce,Shroomer,-1,250,1,72,7,offspring:1
6268,spore_matured,Shroomer,-1,260,9,68,7,
6268,reproduce,Shroomer,-1,260,9,68,7,offspring:1
6270,hunt_fail,Wolf,863,123,5,445,7,discomfort
6271,reproduce,Lizard,1199,224,0,155,8,offspring:2
6273,starvation,Deer,129,199,4,14,4,
6273,hunt_fail,Crocodile,1091,192,0,13,2,target_died
6273,hunt_start,Crocodile,1091,192,0,13,2,target:Deer:128
6280,hunt_start,Shark,1884,209,7,175,0,target:Camel:1431
6284,starvation,Crocodile,902,167,5,291,9,
6287,kill,Elk,1345,226,2,161,2,killed_by:Shark:1093
6299,reproduce,Elk,1025,34,3,352,8,offspring:1
6301,spore_matured,Shroomer,-1,509,0,21,2,
6301,reproduce,Shroomer,-1,509,0,21,2,offspring:1
6301,spore_matured,Shroomer,-1,497,5,21,1,
6301,reproduce,Shroomer,-1,497,5,21,1,offspring:1
6307,reproduce,Elk,1386,483,6,281,1,offspring:1
6308,starvation,Fish,44,87,8,172,0,
6309,kill,Boar,1552,347,9,340,7,killed_by:Jaguar:1097
6310,hunt_start,Jaguar,1097,348,7,340,9,target:Boar:2236
6311,spore_matured,Shroomer,-1,233,0,70,7,
6311,reproduce,Shroomer,-1,233,0,70,7,offspring:1
6312,kill,Camel,1633,295,6,441,0,killed_by:Polar Bear:2286
6312,reproduce,Monkey,1754,376,8,219,2,offspring:1
6313,hunt_start,Bear,924,252,5,327,8,target:Turtle:366
6314,spore_created,Shroomer,-1,493,5,14,5,
6314,spore_created,Shroomer,-1,489,2,14,8,
6316,spore_created,Shroomer,-1,500,2,25,8,
6316,spore_created,Shroomer,-1,498,4,25,4,
6317,reproduce,Lizard,456,233,5,88,0,offspring:2
6324,starvation,Rabbit,181,283,2,0,8,
6324,reproduce,Musk Ox,1269,348,3,65,1,offspring:1
6328,starvation,Rabbit,2072,289,5,0,0,
6329,reproduce,Boar,265,48,4,433,6,offspring:2
6333,reproduce,Turtle,1400,101,8,378,9,offspring:1
6341,reproduce,Tapir,1237,111,9,144,2,offspring:1
6342,reproduce,Deer,640,403,3,111,7,offspring:1
6344,starvation,Parrot,1920,34,4,402,5,
6346,kill,Monkey,2222,152,9,300,1,killed_by:Crocodile:1092
6348,hunt_start,Boar,841,1,6,320,8,target:Penguin:65
6351,hunt_start,Boar,2016,4,7,324,9,target:Penguin:65
6352,reproduce,Monkey,656,362,5,131,0,offspring:1
6354,spore_matured,Shroomer,-1,233,7,76,9,
6354,reproduce,Shroomer,-1,233,7,76,9,offspring:1
6355,kill,Penguin,1840,5,2,298,9,killed_by:Boar:1106
6355,kill,Penguin,65,6,8,319,1,killed_by:Hawk:2229
6355,reproduce,Penguin,848,27,3,293,7,offspring:1
6355,reproduce,Penguin,1635,26,4,292,8,offspring:1
6355,reproduce,Penguin,1857,24,8,312,9,offspring:1
6356,hunt_fail,Boar,841,2,0,320,7,prey_escaped
6356,hunt_fail,Boar,2016,4,8,324,7,prey_escaped
6356,hunt_start,Hawk,2229,7,1,319,1,target:Penguin:1843
6357,starvation,Parrot,890,197,6,500,5,
6361,reproduce,Parrot,679,174,1,480,8,offspring:1
6362,hunt_start,Boar,1007,416,1,105,4,target:Lizard:1797
6362,reproduce,Penguin,550,292,8,270,2,offspring:1
6363,kill,Rabbit,1945,396,5,506,7,killed_by:Hawk:935
6364,hunt_fail,Snake,346,400,5,491,1,target_died
6364,hunt_start,Snake,346,400,5,491,1,target:Lizard:2164
6364,hunt_start,Hawk,935,396,5,506,5,target:Rabbit:186
6373,starvation,Boar,1720,69,0,382,1,
6383,reproduce,Elk,1566,36,6,364,1,offspring:1
6388,reproduce,Elk,1188,268,6,94,6,offspring:1
6394,spore_created,Shroomer,-1,503,8,20,6,
6394,spore_created,Shroomer,-1,502,6,25,1,
6397,starvation,Parrot,2034,24,1,493,6,
6398,kill,Parrot,190,43,7,240,0,killed_by:Hawk:562
6398,reproduce,Parrot,2120,144,2,433,1,offspring:1
6400,reproduce,Penguin,1856,290,2,267,3,offspring:1
6401,reproduce,Elk,1129,478,9,287,8,offspring:1
6402,environment_death,Deer,110,247,8,451,6,drowning
6403,kill,Boar,2236,347,3,332,8,killed_by:Jaguar:1097
6405,kill,Rabbit,2243,225,5,298,6,killed_by:Fox:896
6406,hunt_start,Fox,896,225,8,298,6,target:Rabbit:2084
6406,reproduce,Monkey,159,145,0,306,6,offspring:1
6406,reproduce,Rabbit,2084,224,2,306,5,offspring:2
6408,hunt_fail,Bear,924,254,7,328,0,discomfort
6409,hunt_fail,Jaguar,973,378,0,289,2,discomfort
6409,reproduce,Jaguar,1097,347,5,333,5,offspring:1
6410,hunt_start,Jaguar,1097,347,6,333,6,target:Boar:1926
6411,spore_matured,Shroomer,-1,491,4,26,0,
6411,reproduce,Shroomer,-1,491,4,26,0,offspring:1
6411,spore_matured,Shroomer,-1,497,4,25,1,
6411,reproduce,Shroomer,-1,497,4,25,1,offspring:1
6413,kill,Lizard,1181,382,4,237,4,killed_by:Hawk:933
6413,hunt_start,Crocodile,1092,151,4,301,0,target:Deer:1770
6414,hunt_fail,Boar,255,386,4,223,6,target_died
6414,hunt_start,Boar,255,386,4,223,6,target:Lizard:1711
6414,hunt_start,Hawk,933,382,4,237,3,target:Monkey:1889
6415,reproduce,Shark,1884,204,5,183,4,offspring:1
6416,hunt_start,Shark,1181,202,1,185,6,target:Elk:414
6417,reproduce,Rabbit,1509,416,4,482,9,offspring:2
6417,reproduce,Boar,2089,12,5,281,4,offspring:2
6422,reproduce,Boar,1167,388,4,91,6,offspring:2
6424,reproduce,Boar,2090,20,7,277,3,offspring:2
6425,reproduce,Boar,1658,448,1,115,6,offspring:2
6426,hunt_start,Boar,2324,450,4,117,7,target:Lizard:1955
6426,hunt_start,Boar,2325,450,4,117,7,target:Lizard:1955
6426,reproduce,Rabbit,1515,238,8,120,9,offspring:2
6428,reproduce,Tapir,200,266,7,95,8,offspring:1
6429,reproduce,Camel,50,384,0,167,4,offspring:1
6429,reproduce,Parrot,314,-0,1,383,0,offspring:1
6431,hunt_start,Jaguar,974,311,8,405,5,target:Lizard:457
6432,hunt_start,Boar,1658,448,3,115,5,target:Lizard:2079
6438,starvation,Parrot,62,34,5,407,5,
6438,kill,Camel,1431,203,6,185,0,killed_by:Shark:1884
6440,hunt_start,Hawk,562,41,8,242,0,target:Parrot:1256
6442,starvation,Fox,1090,82,0,511,3,
6445,hunt_fail,Boar,1976,399,3,311,8,prey_escaped
6445,reproduce,Lizard,76,484,1,336,8,offspring:2
6448,kill,Penguin,1121,385,3,289,5,killed_by:Jaguar:2285
6449,hunt_start,Jaguar,2285,384,9,289,3,target:Penguin:2148
6449,reproduce,Parrot,2092,151,1,486,6,offspring:1
6450,reproduce,Elk,33,407,4,494,6,offspring:1
6453,reproduce,Monkey,1146,485,4,378,0,offspring:1
6457,hunt_start,Jaguar,2315,345,3,330,7,target:Boar:2237
6461,starvation,Scorpion,944,88,1,315,4,
6461,kill,Penguin,1906,512,0,244,1,killed_by:Wolf:867
6461,reproduce,Parrot,269,384,2,436,2,offspring:1
6462,hunt_start,Wolf,867,511,5,244,2,target:Penguin:1417
6462,hunt_fail,Wolf,869,510,9,243,9,target_died
6464,reproduce,Lizard,1601,0,6,383,5,offspring:2
6469,kill,Rabbit,186,396,8,499,9,killed_by:Hawk:935
6470,hunt_start,Hawk,935,396,5,499,7,target:Rabbit:2154
6475,spore_created,Shroomer,-1,506,2,22,6,
6475,spore_created,Shroomer,-1,501,8,20,2,
6484,starvation,Lizard,1356,70,0,371,6,
6486,spore_matured,Shroomer,-1,489,2,14,7,
6486,reproduce,Shroomer,-1,489,2,14,7,offspring:1
6486,spore_matured,Shroomer,-1,494,1,15,0,
6486,reproduce,Shroomer,-1,494,1,15,0,offspring:1
6488,hunt_start,Boar,1106,7,1,295,6,target:Penguin:1843
6488,spore_matured,Shroomer,-1,500,5,26,1,
6488,reproduce,Shroomer,-1,500,5,26,1,offspring:1
6488,spore_matured,Shroomer,-1,498,5,25,8,
6488,reproduce,Shroomer,-1,498,5,25,8,offspring:1
6492,starvation,Parrot,1891,22,6,491,5,
6494,starvation,Parrot,639,27,4,495,6,
6495,reproduce,Parrot,1114,29,7,468,9,offspring:1
6497,reproduce,Parrot,1698,386,7,501,5,offspring:1
6499,kill,Penguin,1843,7,8,300,6,killed_by:Hawk:2229
6500,hunt_fail,Boar,1106,7,2,296,3,target_died
6501,reproduce,Parrot,764,22,1,464,8,offspring:1
6501,reproduce,Boar,2111,349,3,350,3,offspring:2
6502,reproduce,Lizard,2205,350,2,318,4,offspring:2
6509,starvation,Crocodile,1164,229,2,90,8,
6509,reproduce,Rabbit,2052,369,7,489,0,offspring:2
6513,hunt_fail,Wolf,867,511,5,244,7,discomfort
6517,reproduce,Deer,248,408,3,27,6,offspring:1
6519,reproduce,Monkey,2058,493,8,382,0,offspring:1
6519,reproduce,Monkey,2059,499,2,359,6,offspring:1
6520,starvation,Frog,1558,216,5,60,3,
6520,reproduce,Deer,93,481,5,134,2,offspring:1
6520,reproduce,Lizard,1851,359,2,215,9,offspring:2
6525,hunt_start,Boar,265,43,1,430,4,target:Lizard:1357
6529,reproduce,Parrot,676,64,2,454,0,offspring:1
6536,hunt_fail,Fox,896,223,4,313,0,discomfort
6537,reproduce,Parrot,2178,298,1,393,8,offspring:1
6541,starvation,Rabbit,1489,175,5,276,5,
6543,reproduce,Deer,1546,171,7,227,8,offspring:1
6546,hunt_fail,Polar Bear,957,454,9,312,9,discomfort
6550,kill,Monkey,1889,382,1,261,0,killed_by:Hawk:933
6551,hunt_start,Hawk,933,382,1,260,7,target:Lizard:1834
6551,hunt_fail,Jaguar,974,311,4,404,9,discomfort
6551,reproduce,Elk,1969,480,8,468,5,offspring:1
6555,hunt_start,Jaguar,971,167,2,501,9,target:Parrot:1090
6557,hunt_start,Bear,926,126,5,503,6,target:Tapir:728
6561,starvation,Parrot,2109,23,6,492,5,
6561,spore_created,Shroomer,-1,84,1,248,2,
6561,spore_created,Shroomer,-1,85,2,248,0,
6562,reproduce,Deer,1255,73,0,236,6,offspring:1
6564,hunt_start,Wolf,864,87,7,440,7,target:Parrot:1592
6566,starvation,Jaguar,974,311,7,405,2,
6566,spore_matured,Shroomer,-1,503,9,20,9,
6566,reproduce,Shroomer,-1,503,9,20,9,offspring:1
6566,spore_matured,Shroomer,-1,502,5,25,1,
6566,reproduce,Shroomer,-1,502,5,25,1,offspring:1
6568,hunt_start,Hawk,2229,4,2,298,9,target:Monkey:1449
6569,kill,Elk,414,207,6,196,5,killed_by:Shark:1181
6571,reproduce,Camel,904,271,3,406,7,offspring:1
6575,kill,Boar,1926,357,2,343,0,killed_by:Jaguar:1097
6575,reproduce,Camel,1879,256,1,160,1,offspring:1
6580,hunt_start,Boar,2225,395,4,318,0,target:Lizard:2202
6582,reproduce,Camel,1322,416,7,492,9,offspring:1
6589,kill,Penguin,2148,395,3,285,1,killed_by:Jaguar:2285
6590,hunt_start,Jaguar,2285,394,9,285,3,target:Penguin:1002
6590,spore_created,Shroomer,-1,488,8,459,9,
6590,spore_created,Shroomer,-1,491,4,463,8,
6592,starvation,Parrot,692,0,7,178,4,
6593,starvation,Parrot,1861,196,8,512,0,
6593,hunt_fail,Jaguar,688,190,3,512,0,target_died
6593,spore_created,Shroomer,-1,305,4,45,1,
6593,spore_created,Shroomer,-1,316,6,49,5,
6594,reproduce,Monkey,1070,432,7,223,6,offspring:1
6597,hunt_start,Bear,923,51,7,102,1,target:Musk Ox:598
6598,reproduce,Elk,391,487,7,468,2,offspring:1
6600,hunt_start,Jaguar,973,377,7,293,9,target:Lizard:1315
6601,starvation,Polar Bear,957,455,4,312,9,
6604,hunt_fail,Wolf,864,91,4,441,6,discomfort
6604,reproduce,Penguin,1988,499,0,256,0,offspring:1
6607,reproduce,Parrot,569,6,4,276,5,offspring:1
6611,starvation,Hawk,931,474,7,474,0,
6612,reproduce,Rabbit,2053,433,6,502,4,offspring:2
6616,hunt_fail,Polar Bear,958,259,8,443,8,discomfort
6620,hunt_fail,Snake,346,412,3,481,5,target_died
6620,hunt_start,Snake,346,412,3,481,5,target:Rabbit:2316
6632,spore_created,Shroomer,-1,502,9,4,5,
6632,spore_created,Shroomer,-1,492,5,4,3,
6638,reproduce,Elk,301,216,6,160,8,offspring:1
6639,starvation,Fish,1580,430,7,339,1,
6645,reproduce,Parrot,874,279,2,401,0,offspring:1
6647,spore_matured,Shroomer,-1,508,4,23,5,
6647,reproduce,Shroomer,-1,508,4,23,5,offspring:1
6647,spore_matured,Shroomer,-1,501,4,20,1,
6647,reproduce,Shroomer,-1,501,4,20,1,offspring:1
6649,spore_created,Shroomer,-1,145,9,224,8,
6649,spore_created,Shroomer,-1,140,6,227,0,
6650,reproduce,Deer,1656,251,7,428,5,offspring:1
6656,starvation,Scorpion,938,256,7,489,2,
6663,starvation,Parrot,690,102,6,250,1,
6664,hunt_start,Wolf,862,89,9,442,4,target:Parrot:1592
6664,reproduce,Parrot,2124,282,9,358,3,offspring:1
6666,reproduce,Camel,1054,27,4,369,4,offspring:1
6667,hunt_start,Bear,924,252,1,327,6,target:Turtle:367
6667,hunt_start,Snake,954,129,8,421,0,target:Parrot:102
6670,spore_created,Shroomer,-1,241,6,157,6,
6670,spore_created,Shroomer,-1,237,7,148,1,
6676,kill,Rabbit,2154,421,7,488,0,killed_by:Hawk:935
6677,hunt_start,Hawk,935,421,2,488,6,target:Rabbit:2317
6678,reproduce,Monkey,1326,359,5,91,8,offspring:1
6681,spore_matured,Shroomer,-1,83,8,248,1,
6681,reproduce,Shroomer,-1,83,8,248,1,offspring:1
6684,hunt_fail,Wolf,862,91,7,442,9,discomfort
6695,hunt_start,Boar,1106,5,6,294,2,target:Monkey:1449
6699,hunt_start,Boar,921,327,9,395,2,target:Frog:1463
6699,kill,Tapir,728,127,0,512,0,killed_by:Bear:926
6700,hunt_start,Bear,926,125,8,510,9,target:Tapir:304
6701,kill,Penguin,1002,394,0,276,4,killed_by:Jaguar:2285
6701,reproduce,Tapir,731,145,9,494,8,offspring:1
6702,hunt_start,Jaguar,2285,394,1,276,9,target:Turtle:2283
6702,reproduce,Penguin,68,399,2,288,0,offspring:1
6702,reproduce,Penguin,1227,394,2,293,8,offspring:1
6702,reproduce,Penguin,1829,402,7,299,0,offspring:1
6703,reproduce,Deer,1606,385,6,26,7,offspring:1
6704,kill,Elk,860,180,6,410,5,killed_by:Jaguar:975
6705,hunt_start,Jaguar,975,180,6,411,1,target:Elk:75
6706,reproduce,Rabbit,2206,377,3,482,2,offspring:2
6707,reproduce,Elk,75,177,1,412,1,offspring:1
6708,starvation,Rabbit,1815,270,5,69,9,
6710,reproduce,Parrot,2025,3,9,273,1,offspring:1
6710,spore_matured,Shroomer,-1,488,8,459,9,
6710,reproduce,Shroomer,-1,488,8,459,9,offspring:1
6714,reproduce,Deer,86,64,5,241,4,offspring:1
6717,reproduce,Monkey,1272,488,4,350,4,offspring:1
6718,reproduce,Camel,267,320,0,410,4,offspring:1
6718,reproduce,Musk Ox,875,5,9,394,4,offspring:1
6719,reproduce,Monkey,2138,447,4,426,9,offspring:1
6723,kill,Musk Ox,598,55,0,96,1,killed_by:Bear:923
6723,kill,Deer,1770,147,4,323,7,killed_by:Crocodile:1092
6723,reproduce,Musk Ox,441,8,7,81,7,offspring:1
6724,hunt_start,Crocodile,1092,147,5,323,1,target:Deer:1836
6728,starvation,Wolf,878,383,5,503,0,
6733,reproduce,Camel,516,423,9,481,6,offspring:1
6733,spore_matured,Shroomer,-1,86,1,248,2,
6733,reproduce,Shroomer,-1,86,1,248,2,offspring:1
6734,reproduce,Deer,2066,166,4,223,6,offspring:1
6736,reproduce,Tapir,1703,109,2,127,8,offspring:1
6737,starvation,Snake,954,131,6,420,9,
6745,kill,Monkey,1449,-0,0,297,9,killed_by:Hawk:2229
6746,hunt_fail,Boar,1106,2,8,294,6,target_died
6747,hunt_start,Fox,896,227,0,310,4,target:Rabbit:2236
6747,reproduce,Monkey,1230,14,3,290,3,offspring:1
6750,kill,Rabbit,1682,94,5,80,2,killed_by:Wolf:1089
6751,hunt_start,Wolf,1089,94,3,79,9,target:Lizard:1810
6752,spore_matured,Shroomer,-1,502,9,4,5,
6752,reproduce,Shroomer,-1,502,9,4,5,offspring:1
6765,spore_matured,Shroomer,-1,305,4,45,1,
6765,reproduce,Shroomer,-1,305,4,45,1,offspring:1
6765,spore_matured,Shroomer,-1,316,6,49,5,
6765,reproduce,Shroomer,-1,316,6,49,5,offspring:1
6766,hunt_fail,Snake,346,430,1,471,3,target_died
6766,hunt_start,Snake,346,430,1,471,3,target:Rabbit:2317
6769,reproduce,Elk,402,307,5,52,6,offspring:1
6771,starvation,Rabbit,1533,234,4,116,4,
6774,spore_created,Shroomer,-1,139,9,227,0,
6774,spore_created,Shroomer,-1,131,8,236,3,
6778,kill,Boar,2237,344,0,337,7,killed_by:Jaguar:2315
6779,hunt_start,Jaguar,2315,344,0,337,0,target:Boar:318
6780,hunt_fail,Bear,924,254,6,326,7,discomfort
6798,reproduce,Rabbit,2199,357,9,478,4,offspring:2
6800,kill,Elk,75,173,1,413,1,killed_by:Jaguar:975
6800,reproduce,Elk,1302,165,5,405,5,offspring:1
6800,reproduce,Camel,1481,423,3,416,5,offspring:1
6801,starvation,Scorpion,941,248,0,327,5,
6801,kill,Turtle,2283,399,4,279,5,killed_by:Jaguar:2285
6801,reproduce,Jaguar,975,173,7,413,0,offspring:1
6802,starvation,Shroomer,808,22,6,349,1,
6802,hunt_start,Jaguar,941,172,9,411,4,target:Elk:2162
6802,hunt_start,Jaguar,975,173,8,412,9,target:Elk:2361
6802,reproduce,Turtle,379,434,5,270,4,offspring:1
6803,reproduce,Lizard,262,429,8,394,4,offspring:2
6803,reproduce,Rabbit,2223,420,7,508,1,offspring:2
6804,spore_matured,Shroomer,-1,492,5,4,3,
6804,reproduce,Shroomer,-1,492,5,4,3,offspring:1
6810,hunt_start,Boar,841,4,5,320,1,target:Penguin:1081
6810,hunt_start,Boar,2068,437,0,390,7,target:Lizard:262
6812,hunt_start,Shark,348,226,4,187,3,target:Camel:498
6814,hunt_fail,Fox,896,221,0,307,0,discomfort
6817,kill,Rabbit,2317,439,6,478,5,killed_by:Hawk:935
6818,hunt_fail,Snake,346,434,8,476,0,target_died
6818,hunt_start,Snake,346,434,8,476,0,target:Rabbit:1509
6818,hunt_start,Hawk,935,439,3,478,5,target:Rabbit:1509
6819,reproduce,Boar,318,342,0,341,5,offspring:2
6820,reproduce,Elk,396,415,6,508,3,offspring:1
6821,reproduce,Monkey,887,361,9,82,6,offspring:1
6821,spore_matured,Shroomer,-1,141,2,227,3,
6821,reproduce,Shroomer,-1,141,2,227,3,offspring:1
6823,reproduce,Parrot,1634,160,5,445,5,offspring:1
6824,starvation,Tapir,719,91,5,159,4,
6825,reproduce,Parrot,1492,127,2,466,1,offspring:1
6830,reproduce,Tapir,1006,192,2,242,2,offspring:1
6833,reproduce,Monkey,2147,358,3,130,3,offspring:1
6836,reproduce,Lizard,1810,93,7,96,3,offspring:2
6839,reproduce,Lizard,1041,115,5,46,3,offspring:2
6839,reproduce,Elk,1752,206,4,176,4,offspring:1
6842,spore_matured,Shroomer,-1,241,6,157,6,
6842,reproduce,Shroomer,-1,241,6,157,6,offspring:1
6842,spore_matured,Shroomer,-1,237,7,148,1,
6842,reproduce,Shroomer,-1,237,7,148,1,offspring:1
6844,reproduce,Monkey,1235,443,8,416,3,offspring:1
6846,reproduce,Parrot,2014,128,2,284,5,offspring:1
6847,reproduce,Boar,1531,415,6,287,9,offspring:2
6848,hunt_start,Shark,1093,233,3,157,9,target:Shroomer:1764
6848,hunt_start,Boar,1531,415,6,287,9,target:Penguin:570
6848,hunt_start,Boar,2385,412,7,287,8,target:Penguin:570
6848,hunt_start,Boar,2386,412,7,287,8,target:Penguin:570
6850,starvation,Crocodile,1303,505,3,143,8,
6850,hunt_fail,Bear,926,131,1,510,0,discomfort
6855,hunt_start,Polar Bear,2286,293,0,444,7,target:Camel:1639
6865,kill,Parrot,2092,158,4,512,0,killed_by:Wolf:865
6865,spore_created,Shroomer,-1,419,5,17,5,
6865,spore_created,Shroomer,-1,429,1,23,2,
6867,starvation,Snake,951,509,2,263,2,
6874,reproduce,Penguin,330,496,5,213,9,offspring:1
6876,kill,Boar,318,341,1,343,7,killed_by:Jaguar:2315
6876,reproduce,Penguin,1989,499,5,270,1,offspring:1
6878,hunt_start,Wolf,862,90,5,443,0,target:Parrot:1592
6878,reproduce,Parrot,1142,176,0,384,8,offspring:1
6890,starvation,Lizard,1377,143,6,406,5,
6896,starvation,Jaguar,1693,447,2,91,5,
6896,reproduce,Deer,1657,287,8,382,2,offspring:1
6898,hunt_fail,Wolf,862,91,3,443,6,discomfort
6904,hunt_start,Polar Bear,955,285,5,90,3,target:Elk:401
6905,hunt_start,Hawk,2229,8,4,302,2,target:Penguin:1672
6907,hunt_fail,Wolf,864,91,2,442,2,discomfort
6907,reproduce,Boar,358,146,0,341,2,offspring:2
6908,hunt_start,Boar,358,145,9,341,2,target:Frog:1380
6908,hunt_start,Boar,1377,147,1,340,1,target:Frog:1380
6908,hunt_start,Boar,1693,147,1,340,1,target:Frog:1380
6910,hunt_start,Bear,924,252,5,327,7,target:Turtle:366
6910,reproduce,Musk Ox,1854,386,0,96,2,offspring:1
6915,reproduce,Camel,1639,287,7,449,0,offspring:1
6920,reproduce,Parrot,2100,38,6,159,5,offspring:1
6924,starvation,Rabbit,1165,294,5,151,5,
6925,starvation,Penguin,557,265,0,268,1,
6928,starvation,Penguin,551,257,0,263,1,
6928,reproduce,Penguin,554,289,6,287,1,offspring:1
6929,reproduce,Deer,1556,64,0,243,6,offspring:1
6938,hunt_fail,Wolf,869,510,5,237,0,discomfort
6939,reproduce,Elk,394,401,8,492,5,offspring:1
6940,reproduce,Monkey,1754,378,9,220,2,offspring:1
6941,starvation,Monkey,646,444,2,326,5,
6941,spore_matured,Shroomer,-1,139,8,226,8,
6941,reproduce,Shroomer,-1,139,8,226,8,offspring:1
6945,kill,Camel,498,226,9,177,5,killed_by:Shark:348
6946,spore_matured,Shroomer,-1,131,8,236,3,
6946,reproduce,Shroomer,-1,131,8,236,3,offspring:1
6947,hunt_start,Jaguar,1097,352,1,337,1,target:Boar:2334
6955,kill,Boar,2334,350,3,339,4,killed_by:Jaguar:1097
6960,reproduce,Camel,500,236,5,202,8,offspring:1
6960,reproduce,Camel,783,277,3,88,3,offspring:1
6963,kill,Elk,2361,183,3,422,3,killed_by:Jaguar:975
6965,reproduce,Elk,1838,163,5,396,4,offspring:1
6969,reproduce,Boar,255,397,8,222,1,offspring:2
6970,kill,Elk,2162,183,1,400,9,killed_by:Jaguar:941
6973,hunt_start,Wolf,865,153,4,509,4,target:Parrot:2022
6980,kill,Camel,1639,285,8,450,2,killed_by:Polar Bear:2286
6985,spore_matured,Shroomer,-1,429,1,23,2,
6985,reproduce,Shroomer,-1,429,1,23,2,offspring:1
6989,kill,Shroomer,1764,239,5,151,7,killed_by:Shark:1093
6994,kill,Penguin,570,402,2,290,6,killed_by:Boar:2386
6995,hunt_fail,Boar,1531,405,4,289,8,target_died
6995,hunt_fail,Boar,2385,402,6,290,5,target_died
6995,hunt_start,Boar,2385,402,6,290,5,target:Lizard:1609
6995,hunt_start,Boar,2386,402,5,290,5,target:Lizard:1609
6996,starvation,Rabbit,1194,270,0,76,9,
6999,hunt_start,Shark,1884,214,2,175,0,target:Camel:1880
7003,hunt_start,Crocodile,901,490,6,221,1,target:Penguin:545
7003,kill,Lizard,1671,326,5,118,3,killed_by:Arctic Fox:1316
7004,hunt_start,Arctic Fox,1316,326,3,118,3,target:Rabbit:1399
7005,reproduce,Elk,2006,166,6,413,1,offspring:1
7006,reproduce,Penguin,1081,19,1,320,1,offspring:1
7008,hunt_fail,Bear,924,254,8,328,2,discomfort
7008,reproduce,Parrot,2185,19,5,349,1,offspring:1
7010,hunt_start,Fox,896,221,8,300,9,target:Rabbit:1603
7010,reproduce,Tapir,774,290,6,266,1,offspring:1
7017,starvation,Lizard,1043,294,6,160,0,
7018,hunt_start,Polar Bear,958,264,8,443,8,target:Deer:109
7024,reproduce,Penguin,1856,294,5,271,0,offspring:1
7024,reproduce,Rabbit,2242,256,1,300,5,offspring:2
7027,reproduce,Parrot,269,388,9,431,9,offspring:1
7027,spore_created,Shroomer,-1,479,6,31,9,
7027,spore_created,Shroomer,-1,486,4,24,9,
7033,starvation,Crocodile,901,490,2,221,3,
7033,reproduce,Parrot,1178,160,4,447,4,offspring:1
7042,hunt_start,Bear,926,128,9,510,5,target:Tapir:729
7044,kill,Elk,401,275,9,83,8,killed_by:Polar Bear:955
7045,hunt_start,Polar Bear,955,276,5,84,2,target:Elk:1720
7046,kill,Deer,1836,131,0,326,8,killed_by:Crocodile:1092
7047,starvation,Parrot,1223,284,6,291,7,
7047,hunt_start,Crocodile,1092,132,0,326,7,target:Deer:1837
7050,kill,Penguin,1672,26,5,304,8,killed_by:Hawk:2229
7052,reproduce,Penguin,298,27,7,286,3,offspring:1
7060,hunt_start,Wolf,869,509,8,241,9,target:Penguin:1772
7060,kill,Rabbit,1509,418,7,500,4,killed_by:Hawk:935
7061,hunt_fail,Snake,346,419,6,497,7,target_died
7061,hunt_start,Snake,346,419,6,497,7,target:Lizard:2165
7061,hunt_start,Hawk,935,418,8,500,2,target:Lizard:1214
7061,reproduce,Parrot,1114,0,0,480,1,offspring:1
7064,reproduce,Elk,1020,175,6,112,3,offspring:1
7065,starvation,Shroomer,1030,81,5,239,3,
7065,reproduce,Penguin,2107,31,7,286,7,offspring:1
7067,reproduce,Penguin,1954,64,1,271,3,offspring:1
7070,starvation,Snake,948,371,5,41,9,
7076,reproduce,Deer,108,219,5,475,8,offspring:1
7083,reproduce,Crocodile,1092,131,3,327,7,offspring:1
7084,hunt_start,Crocodile,948,128,5,329,0,target:Deer:1837
7087,reproduce,Parrot,685,7,9,488,7,offspring:1
7088,reproduce,Monkey,656,363,5,131,0,offspring:1
7089,reproduce,Musk Ox,610,161,7,87,0,offspring:1
7089,reproduce,Elk,898,178,7,97,8,offspring:1
7091,reproduce,Parrot,2270,275,0,372,4,offspring:1
7093,reproduce,Parrot,2178,300,6,396,7,offspring:1
7095,starvation,Bear,925,458,2,118,7,
7097,hunt_fail,Polar Bear,958,260,8,446,5,discomfort
7104,reproduce,Rabbit,2194,245,6,114,2,offspring:2
7105,reproduce,Parrot,1698,395,3,502,3,offspring:1
7105,reproduce,Hawk,2229,27,7,302,0,offspring:1
7106,starvation,Fish,678,138,0,358,4,
7106,hunt_start,Hawk,2229,27,7,301,9,target:Penguin:1635
7106,hunt_start,Hawk,2404,25,5,303,8,target:Penguin:819
7106,reproduce,Fish,1962,133,8,377,5,offspring:2
7110,reproduce,Elk,1025,19,5,353,1,offspring:1
7110,spore_created,Shroomer,-1,299,4,305,6,
7110,spore_created,Shroomer,-1,300,3,308,9,
7112,reproduce,Lizard,836,250,4,256,3,offspring:2
7112,reproduce,Elk,1386,483,6,287,7,offspring:1
7121,hunt_start,Fox,894,463,8,429,9,target:Monkey:2366
7123,starvation,Fox,894,463,5,429,9,
7125,reproduce,Deer,248,416,1,19,0,offspring:1
7126,hunt_start,Boar,1531,402,0,289,3,target:Penguin:2357
7130,hunt_start,Shark,1181,199,6,197,6,target:Lizard:1051
7134,reproduce,Monkey,544,415,8,402,2,offspring:1
7140,reproduce,Musk Ox,1424,400,4,101,4,offspring:1
7143,starvation,Hawk,315,43,5,379,3,
7143,hunt_fail,Arctic Fox,2094,473,8,230,6,prey_escaped
7145,spore_created,Shroomer,-1,237,9,60,2,
7145,spore_created,Shroomer,-1,242,4,72,8,
7149,kill,Camel,1880,221,7,183,7,killed_by:Shark:1884
7149,reproduce,Turtle,370,135,3,420,6,offspring:1
7151,environment_death,Shroomer,2162,427,7,22,7,drowning
7151,starvation,Scorpion,937,380,5,173,0,
7153,kill,Parrot,1114,0,0,481,7,killed_by:Jaguar:2160
7153,reproduce,Elk,2055,488,1,282,4,offspring:1
7154,hunt_start,Jaguar,2160,0,0,480,9,target:Parrot:696
7156,reproduce,Musk Ox,611,160,1,90,5,offspring:1
7159,reproduce,Frog,1627,310,2,149,1,offspring:2
7160,reproduce,Parrot,651,18,6,341,9,offspring:1
7160,reproduce,Musk Ox,1683,394,9,41,3,offspring:1
7162,starvation,Rabbit,1215,450,4,482,4,
7162,kill,Parrot,696,0,0,481,8,killed_by:Jaguar:1721
7163,hunt_start,Jaguar,1721,0,0,482,7,target:Lizard:24
7163,hunt_fail,Jaguar,2160,0,0,480,9,target_died
7163,hunt_start,Jaguar,2160,0,0,480,9,target:Parrot:1836
7163,reproduce,Rabbit,2224,436,5,505,7,offspring:2
7163,spore_created,Shroomer,-1,130,0,225,5,
7163,spore_created,Shroomer,-1,142,2,223,3,
7165,hunt_start,Boar,1613,465,1,437,4,target:Shroomer:1730
7167,reproduce,Musk Ox,104,394,1,56,1,offspring:1
7168,kill,Rabbit,1399,348,1,124,6,killed_by:Arctic Fox:1316
7169,hunt_fail,Wolf,865,137,8,504,0,discomfort
7169,hunt_start,Arctic Fox,1316,347,9,124,6,target:Lizard:1005
7169,spore_created,Shroomer,-1,467,9,356,0,
7169,spore_created,Shroomer,-1,461,6,348,6,
7170,reproduce,Musk Ox,1428,314,2,179,9,offspring:1
7173,hunt_start,Jaguar,2285,401,3,270,0,target:Penguin:1553
7173,reproduce,Parrot,2039,169,8,482,9,offspring:1
7173,spore_created,Shroomer,-1,143,7,218,8,
7173,spore_created,Shroomer,-1,137,7,216,3,
7174,reproduce,Tapir,339,63,6,487,2,offspring:1
7174,reproduce,Elk,1664,159,7,124,9,offspring:1
7178,kill,Penguin,1553,399,1,270,0,killed_by:Jaguar:2285
7183,kill,Lizard,1810,90,8,138,5,killed_by:Wolf:1089
7183,hunt_start,Boar,2322,25,3,279,5,target:Penguin:401
7184,kill,Elk,1720,269,3,89,8,killed_by:Polar Bear:955
7184,hunt_start,Wolf,1089,90,8,138,2,target:Shroomer:84
7185,hunt_start,Polar Bear,955,269,9,89,4,target:Camel:2316
7185,reproduce,Elk,2061,15,4,352,6,offspring:1
7191,reproduce,Camel,1053,196,2,210,5,offspring:1
7198,hunt_fail,Fox,896,221,2,276,2,discomfort
7198,hunt_start,Scorpion,942,19,4,309,4,target:Parrot:1052
7199,spore_matured,Shroomer,-1,479,4,31,9,
7199,reproduce,Shroomer,-1,479,4,31,9,offspring:1
7199,spore_matured,Shroomer,-1,486,5,24,7,
7199,reproduce,Shroomer,-1,486,5,24,7,offspring:1
7204,hunt_start,Arctic Fox,2094,474,8,234,3,target:Penguin:1823
7204,reproduce,Parrot,874,277,2,395,9,offspring:1
7207,reproduce,Elk,1163,159,7,113,4,offspring:1
7212,hunt_start,Boar,2361,400,5,226,0,target:Lizard:1711
7219,reproduce,Elk,1046,495,3,286,2,offspring:1
7222,reproduce,Deer,1073,354,2,395,7,offspring:1
7223,reproduce,Deer,149,363,3,417,7,offspring:1
7226,reproduce,Turtle,374,420,4,477,3,offspring:1
7230,reproduce,Parrot,2124,294,5,350,8,offspring:1
7232,starvation,Lizard,475,263,5,76,1,
7232,reproduce,Lizard,2295,318,5,58,7,offspring:2
7236,kill,Penguin,1635,15,4,291,6,killed_by:Hawk:2229
7236,reproduce,Deer,1255,72,2,240,5,offspring:1
7237,kill,Penguin,1772,495,2,245,0,killed_by:Wolf:869
7237,hunt_start,Hawk,2229,15,6,291,7,target:Penguin:1840
7238,hunt_start,Wolf,869,495,6,244,9,target:Penguin:1988
7239,hunt_fail,Polar Bear,955,272,8,90,5,discomfort
7241,reproduce,Lizard,1826,489,9,247,1,offspring:2
7243,reproduce,Parrot,1096,118,8,255,8,offspring:1
7243,reproduce,Frog,1788,66,6,447,6,offspring:2
7244,kill,Deer,1837,129,0,336,2,killed_by:Crocodile:948
7245,hunt_fail,Crocodile,1092,129,5,333,4,target_died
7245,reproduce,Deer,1789,170,6,223,6,offspring:1
7248,hunt_start,Jaguar,2315,346,3,339,1,target:Boar:1843
7251,reproduce,Frog,1380,137,6,319,5,offspring:2
7257,reproduce,Frog,1369,31,3,450,7,offspring:2
7258,reproduce,Camel,311,333,3,161,6,offspring:1
7273,reproduce,Deer,2108,223,9,297,7,offspring:1
7275,starvation,Deer,59,30,3,274,4,
7275,reproduce,Elk,33,399,4,480,1,offspring:1
7277,reproduce,Deer,2050,140,4,337,1,offspring:1
7287,hunt_start,Crocodile,1092,129,5,333,6,target:Parrot:1077
7288,hunt_start,Bear,924,252,0,327,9,target:Shroomer:806
7291,environment_death,Lizard,474,407,3,182,9,drowning
7291,hunt_fail,Polar Bear,1099,412,5,186,9,target_died
7291,kill,Frog,1380,136,6,317,3,killed_by:Boar:1693
7291,reproduce,Turtle,219,45,2,433,0,offspring:1
7292,hunt_fail,Boar,358,138,1,320,5,target_died
7292,hunt_start,Boar,358,138,1,320,5,target:Frog:2436
7292,hunt_fail,Boar,1377,137,3,318,9,target_died
7292,hunt_start,Boar,1377,137,3,318,9,target:Frog:2436
7292,hunt_start,Boar,1693,136,7,317,6,target:Frog:2436
7292,reproduce,Turtle,356,414,8,376,1,offspring:1
7293,spore_matured,Shroomer,-1,143,7,218,8,
7293,reproduce,Shroomer,-1,143,7,218,8,offspring:1
7303,hunt_start,Crocodile,948,129,0,335,3,target:Parrot:1077
7303,kill,Shroomer,84,95,5,130,0,killed_by:Wolf:1089
7303,spore_matured,Shroomer,-1,141,8,223,2,
7303,reproduce,Shroomer,-1,141,8,223,2,offspring:1
7304,hunt_start,Wolf,1089,95,1,130,5,target:Shroomer:2118
7306,hunt_start,Wolf,865,143,7,504,0,target:Parrot:2022
7306,hunt_fail,Jaguar,973,371,8,341,5,discomfort
7317,spore_matured,Shroomer,-1,242,9,72,2,
7317,reproduce,Shroomer,-1,242,9,72,2,offspring:1
7321,reproduce,Boar,841,11,8,321,9,offspring:2
7321,reproduce,Boar,2016,9,7,327,3,offspring:2
7322,hunt_start,Boar,2412,14,5,321,3,target:Penguin:2092
7322,hunt_start,Boar,2442,14,5,321,3,target:Penguin:2092
7326,reproduce,Boar,2090,15,6,263,9,offspring:2
7327,hunt_start,Jaguar,1097,357,0,338,0,target:Boar:2111
7327,hunt_start,Polar Bear,1099,412,8,187,2,target:Lizard:1444
7334,starvation,Frog,2040,201,9,475,2,
7335,spore_matured,Shroomer,-1,130,0,225,5,
7335,reproduce,Shroomer,-1,130,0,225,5,offspring:1
7341,spore_matured,Shroomer,-1,467,9,356,0,
7341,reproduce,Shroomer,-1,467,9,356,0,offspring:1
7342,hunt_start,Jaguar,941,182,6,401,3,target:Elk:439
7342,spore_created,Shroomer,-1,495,7,16,5,
7342,spore_created,Shroomer,-1,483,7,9,8,
7345,kill,Shroomer,806,248,0,326,5,killed_by:Bear:924
7345,spore_matured,Shroomer,-1,137,7,216,3,
7345,reproduce,Shroomer,-1,137,7,216,3,offspring:1
7346,hunt_start,Wolf,862,85,2,439,6,target:Parrot:296
7346,hunt_start,Bear,924,249,3,326,9,target:Turtle:367
7347,reproduce,Lizard,24,1,5,506,5,offspring:2
7347,spore_created,Shroomer,-1,222,5,120,4,
7347,spore_created,Shroomer,-1,222,7,125,0,
7348,starvation,Elk,405,267,5,73,5,
7351,hunt_start,Jaguar,975,194,5,409,9,target:Elk:439
7352,kill,Parrot,2122,33,0,262,4,killed_by:Hawk:2086
7353,hunt_start,Hawk,2086,33,0,262,6,target:Monkey:1828
7354,reproduce,Monkey,1272,480,6,344,9,offspring:1
7355,kill,Penguin,1840,28,7,287,6,killed_by:Hawk:2229
7355,reproduce,Turtle,365,249,2,117,6,offspring:1
7362,spore_created,Shroomer,-1,333,0,300,6,
7362,spore_created,Shroomer,-1,326,1,301,4,
7366,kill,Penguin,1823,476,6,252,8,killed_by:Arctic Fox:2094
7367,reproduce,Penguin,565,17,9,286,5,offspring:1
7367,spore_created,Shroomer,-1,233,3,70,6,
7367,spore_created,Shroomer,-1,234,1,73,9,
7368,reproduce,Deer,536,281,1,288,0,offspring:1
7372,hunt_fail,Snake,346,458,0,512,0,target_died
7372,reproduce,Penguin,1209,481,3,268,1,offspring:1
7373,hunt_fail,Bear,926,134,0,493,6,discomfort
7382,hunt_fail,Bear,924,250,6,326,4,discomfort
7382,hunt_start,Arctic Fox,2094,476,4,252,0,target:Penguin:1988
7389,reproduce,Monkey,1395,255,0,95,1,offspring:1
7400,starvation,Crocodile,899,423,5,21,9,
7404,kill,Penguin,1988,483,6,250,3,killed_by:Wolf:869
7405,hunt_start,Wolf,869,483,9,250,1,target:Lizard:2431
7405,hunt_fail,Arctic Fox,2094,478,4,251,5,target_died
7417,kill,Shroomer,2118,88,2,136,8,killed_by:Wolf:1089
7418,hunt_start,Wolf,1089,88,5,136,5,target:Shroomer:1540
7423,reproduce,Monkey,1230,27,5,293,8,offspring:1
7425,reproduce,Shark,1093,231,9,154,0,offspring:1
7426,hunt_start,Shark,1093,231,9,154,0,target:Lizard:1040
7426,hunt_start,Shark,1988,234,5,155,1,target:Shroomer:815
7430,kill,Lizard,1005,367,3,155,3,killed_by:Arctic Fox:1316
7430,reproduce,Camel,50,387,7,164,8,offspring:1
7431,hunt_start,Arctic Fox,1316,367,2,155,1,target:Rabbit:1252
7433,hunt_fail,Wolf,869,484,4,251,0,discomfort
7434,reproduce,Boar,347,352,5,61,1,offspring:2
7436,reproduce,Deer,191,320,3,449,8,offspring:1
7437,reproduce,Frog,2030,319,7,200,5,offspring:2
7440,reproduce,Frog,1626,360,7,196,2,offspring:2
7440,reproduce,Monkey,2147,359,4,129,0,offspring:1
7442,hunt_start,Snake,346,453,7,508,5,target:Rabbit:696
7443,reproduce,Lizard,1851,346,8,221,2,offspring:2
7445,hunt_start,Polar Bear,955,275,6,92,2,target:Camel:2316
7445,kill,Elk,439,190,1,405,7,killed_by:Jaguar:975
7446,hunt_fail,Jaguar,941,183,2,401,7,target_died
7447,reproduce,Tapir,1703,96,2,123,6,offspring:1
7448,reproduce,Penguin,2239,487,7,262,7,offspring:1
7456,starvation,Shroomer,71,112,7,205,3,
7462,spore_matured,Shroomer,-1,495,7,16,5,
7462,reproduce,Shroomer,-1,495,7,16,5,offspring:1
7464,hunt_start,Jaguar,973,370,0,340,9,target:Boar:2111
7466,kill,Boar,2111,364,2,345,3,killed_by:Jaguar:1097
7467,hunt_fail,Jaguar,973,369,9,340,9,target_died
7467,hunt_start,Jaguar,973,369,9,340,9,target:Turtle:1016
7467,spore_created,Shroomer,-1,76,5,270,1,
7467,spore_created,Shroomer,-1,84,9,263,8,
7467,spore_matured,Shroomer,-1,222,5,120,4,
7467,reproduce,Shroomer,-1,222,5,120,4,offspring:1
7469,hunt_fail,Wolf,865,132,8,509,1,discomfort
7471,hunt_start,Bear,924,252,6,326,3,target:Turtle:367
7473,spore_created,Shroomer,-1,76,4,253,6,
7473,spore_created,Shroomer,-1,81,3,253,7,
7478,reproduce,Elk,1188,266,5,91,9,offspring:1
7482,spore_matured,Shroomer,-1,333,0,300,6,
7482,reproduce,Shroomer,-1,333,0,300,6,offspring:1
7483,starvation,Elk,349,466,2,474,5,
7487,spore_matured,Shroomer,-1,234,1,73,9,
7487,reproduce,Shroomer,-1,234,1,73,9,offspring:1
7492,reproduce,Parrot,2022,125,1,509,6,offspring:1
7493,starvation,Parrot,2042,56,4,397,5,
7494,starvation,Rabbit,2215,197,1,167,4,
7496,reproduce,Turtle,354,25,6,99,2,offspring:1
7501,reproduce,Parrot,2100,42,1,156,5,offspring:1
7503,reproduce,Elk,2005,162,4,393,3,offspring:1
7506,hunt_start,Shark,348,232,0,173,2,target:Elk:1321
7508,reproduce,Elk,402,309,7,55,0,offspring:1
7508,reproduce,Deer,1657,287,0,374,3,offspring:1
7510,reproduce,Parrot,1891,409,2,490,1,offspring:1
7512,reproduce,Turtle,352,345,4,25,9,offspring:1
7512,reproduce,Lizard,2226,480,1,131,8,offspring:2
7513,reproduce,Elk,1654,404,9,481,1,offspring:1
7514,spore_matured,Shroomer,-1,484,4,10,0,
7514,reproduce,Shroomer,-1,484,4,10,0,offspring:1
7515,hunt_start,Hawk,2229,35,1,291,2,target:Penguin:298
7515,reproduce,Parrot,890,172,4,496,4,offspring:1
7517,kill,Camel,2316,278,5,89,8,killed_by:Polar Bear:955
7518,kill,Monkey,1828,43,8,290,2,killed_by:Hawk:2086
7519,hunt_start,Hawk,2086,43,7,290,0,target:Monkey:1677
7519,spore_matured,Shroomer,-1,222,7,125,0,
7519,reproduce,Shroomer,-1,222,7,125,0,offspring:1
7520,environment_death,Rabbit,256,212,7,480,0,drowning
7521,reproduce,Lizard,160,178,2,447,2,offspring:2
7523,hunt_start,Polar Bear,2286,275,7,449,4,target:Camel:2389
7526,starvation,Snake,346,451,2,507,7,
7530,spore_created,Shroomer,-1,502,8,10,7,
7530,spore_created,Shroomer,-1,505,8,16,7,
7531,reproduce,Rabbit,2216,210,1,170,6,offspring:2
7532,reproduce,Monkey,44,379,6,221,7,offspring:1
7533,spore_matured,Shroomer,-1,233,0,70,6,
7533,reproduce,Shroomer,-1,233,0,70,6,offspring:1
7537,spore_created,Shroomer,-1,496,7,29,5,
7537,spore_created,Shroomer,-1,502,9,31,2,
7539,reproduce,Monkey,1895,28,4,297,8,offspring:1
7540,hunt_fail,Wolf,27,479,7,222,8,prey_escaped
7540,hunt_start,Wolf,27,479,7,222,8,target:Penguin:545
7541,kill,Shroomer,1540,84,0,142,8,killed_by:Wolf:1089
7544,spore_created,Shroomer,-1,501,2,21,2,
7544,spore_created,Shroomer,-1,497,8,20,0,
7546,environment_death,Lizard,465,313,9,321,6,drowning
7546,hunt_fail,Jaguar,1427,319,0,320,4,target_died
7546,hunt_start,Jaguar,1427,319,0,320,4,target:Shroomer:136
7546,reproduce,Polar Bear,955,278,3,90,6,offspring:1
7546,reproduce,Monkey,1754,367,4,218,1,offspring:1
7547,hunt_start,Polar Bear,465,278,4,92,7,target:Camel:858
7547,hunt_start,Polar Bear,955,278,3,90,6,target:Camel:858
7547,hunt_fail,Boar,1007,417,2,138,3,prey_escaped
7550,hunt_start,Jaguar,2285,403,8,271,4,target:Monkey:634
7551,spore_created,Shroomer,-1,493,4,7,2,
7551,spore_created,Shroomer,-1,500,9,11,5,
7553,spore_created,Shroomer,-1,163,4,229,6,
7553,spore_created,Shroomer,-1,167,4,219,5,
7554,hunt_start,Polar Bear,958,266,0,446,0,target:Deer:109
7556,reproduce,Parrot,2304,13,1,491,8,offspring:1
7561,reproduce,Monkey,1224,259,6,196,1,offspring:1
7570,starvation,Parrot,2008,311,6,495,4,
7571,environment_death,Deer,108,200,3,488,5,drowning
7571,hunt_fail,Polar Bear,1821,204,4,485,8,target_died
7571,hunt_start,Polar Bear,1821,204,4,485,8,target:Rabbit:258
7571,reproduce,Parrot,2344,296,5,401,5,offspring:1
7575,hunt_start,Jaguar,941,183,2,401,7,target:Elk:2006
7584,kill,Lizard,1214,412,7,512,0,killed_by:Hawk:935
7584,reproduce,Elk,1233,115,1,398,6,offspring:1
7585,hunt_start,Hawk,935,413,0,511,6,target:Rabbit:2053
7591,reproduce,Lizard,1037,465,4,205,5,offspring:2
7592,spore_created,Shroomer,-1,52,3,172,6,
7592,spore_created,Shroomer,-1,47,5,180,4,
7593,hunt_fail,Bear,924,255,7,323,6,discomfort
7593,spore_matured,Shroomer,-1,76,4,253,4,
7593,reproduce,Shroomer,-1,76,4,253,4,offspring:1
7598,kill,Shroomer,815,235,7,165,9,killed_by:Shark:1988
7599,hunt_start,Shark,1988,235,6,165,1,target:Elk:1321
7609,hunt_start,Bear,926,137,5,493,6,target:Tapir:728
7612,kill,Penguin,298,45,9,289,8,killed_by:Hawk:2229
7615,starvation,Jaguar,337,205,5,470,7,
7618,hunt_start,Wolf,869,493,9,251,1,target:Penguin:604
7618,reproduce,Elk,394,407,4,486,7,offspring:1
7620,reproduce,Penguin,1989,490,5,269,8,offspring:1
7622,hunt_fail,Polar Bear,958,262,7,448,1,discomfort
7622,reproduce,Rabbit,1979,301,8,160,7,offspring:2
7639,spore_matured,Shroomer,-1,76,9,270,3,
7639,reproduce,Shroomer,-1,76,9,270,3,offspring:1
7643,reproduce,Boar,265,30,8,417,8,offspring:2
7644,kill,Camel,858,274,6,99,3,killed_by:Polar Bear:465
7645,hunt_fail,Polar Bear,955,276,4,95,8,target_died
7645,hunt_start,Polar Bear,955,276,4,95,8,target:Monkey:249
7645,hunt_fail,Jaguar,973,371,1,341,2,discomfort
7645,spore_matured,Shroomer,-1,81,1,254,2,
7645,reproduce,Shroomer,-1,81,1,254,2,offspring:1
7646,spore_created,Shroomer,-1,496,1,18,2,
7646,spore_created,Shroomer,-1,491,5,8,5,
7648,kill,Rabbit,1252,379,7,131,6,killed_by:Arctic Fox:1316
7648,reproduce,Penguin,604,498,6,256,3,offspring:1
7650,reproduce,Monkey,1927,367,6,306,8,offspring:1
7650,spore_matured,Shroomer,-1,502,8,10,5,
7650,reproduce,Shroomer,-1,502,8,10,5,offspring:1
7653,spore_created,Shroomer,-1,483,4,1,1,
7653,spore_created,Shroomer,-1,475,2,11,2,
7656,kill,Monkey,1677,49,6,312,1,killed_by:Hawk:2086
7657,hunt_start,Hawk,2086,49,5,311,8,target:Monkey:1894
7657,spore_matured,Shroomer,-1,502,9,31,2,
7657,reproduce,Shroomer,-1,502,9,31,2,offspring:1
7658,kill,Elk,1321,241,1,166,0,killed_by:Shark:348
7658,spore_created,Shroomer,-1,304,1,57,4,
7658,spore_created,Shroomer,-1,317,0,51,7,
7659,hunt_fail,Shark,1988,239,5,166,3,prey_escaped
7659,hunt_start,Shark,1988,239,5,166,3,target:Elk:413
7665,hunt_fail,Wolf,864,53,9,409,0,discomfort
7671,spore_matured,Shroomer,-1,493,5,7,1,
7671,reproduce,Shroomer,-1,493,5,7,1,offspring:1
7680,hunt_fail,Wolf,862,53,6,406,8,discomfort
7681,reproduce,Lizard,29,244,3,269,7,offspring:2
7684,reproduce,Tapir,1226,33,8,306,5,offspring:1
7692,hunt_fail,Boar,299,6,6,510,4,prey_escaped
7692,hunt_start,Boar,299,6,6,510,4,target:Lizard:2448
7701,kill,Penguin,545,497,8,223,2,killed_by:Wolf:27
7702,hunt_start,Wolf,27,497,5,223,2,target:Penguin:2117
7702,spore_matured,Shroomer,-1,505,7,16,7,
7702,reproduce,Shroomer,-1,505,7,16,7,offspring:1
7710,hunt_start,Shark,1884,211,6,172,0,target:Elk:1392
7716,hunt_start,Jaguar,973,371,0,340,9,target:Turtle:1016
7716,spore_matured,Shroomer,-1,501,3,21,3,
7716,reproduce,Shroomer,-1,501,3,21,3,offspring:1
7716,spore_matured,Shroomer,-1,497,5,20,2,
7716,reproduce,Shroomer,-1,497,5,20,2,offspring:1
7717,spore_created,Shroomer,-1,487,7,57,6,
7723,spore_matured,Shroomer,-1,500,6,11,6,
7723,reproduce,Shroomer,-1,500,6,11,6,offspring:1
7725,spore_matured,Shroomer,-1,167,5,219,6,
7725,reproduce,Shroomer,-1,167,5,219,6,offspring:1
7732,hunt_start,Wolf,865,142,2,510,8,target:Parrot:2453
7732,hunt_start,Bear,924,253,5,324,8,target:Turtle:367
7735,kill,Camel,2389,289,3,453,6,killed_by:Polar Bear:2286
7736,spore_created,Shroomer,-1,236,4,72,9,
7764,spore_matured,Shroomer,-1,52,3,172,6,
7764,reproduce,Shroomer,-1,52,3,172,6,offspring:1
7772,hunt_start,Hawk,2229,39,1,290,0,target:Penguin:401
7773,spore_matured,Shroomer,-1,483,4,1,1,
7773,reproduce,Shroomer,-1,483,4,1,1,offspring:1
7782,starvation,Wolf,1088,493,6,153,8,
7784,kill,Penguin,604,503,6,261,3,killed_by:Wolf:869
7785,hunt_start,Wolf,869,503,4,261,0,target:Penguin:1252
7787,reproduce,Wolf,1089,74,4,136,3,offspring:1
7798,spore_created,Shroomer,-1,476,9,28,9,
7801,kill,Turtle,367,256,4,323,5,killed_by:Bear:924
7802,hunt_fail,Jaguar,973,371,5,341,0,discomfort
7806,hunt_fail,Wolf,869,503,1,260,2,discomfort
7809,starvation,Deer,128,199,5,16,0,
7809,hunt_fail,Crocodile,1091,194,9,14,3,target_died
7809,hunt_start,Crocodile,1091,194,9,14,3,target:Deer:133
7809,reproduce,Camel,516,421,5,483,3,offspring:1
7818,starvation,Scorpion,943,483,3,132,2,
7818,spore_matured,Shroomer,-1,495,9,18,2,
7818,reproduce,Shroomer,-1,495,9,18,2,offspring:1
7818,spore_matured,Shroomer,-1,491,4,8,3,
7818,reproduce,Shroomer,-1,491,4,8,3,offspring:1
7822,hunt_fail,Crocodile,1092,128,9,334,2,prey_escaped
7822,hunt_start,Crocodile,1092,128,9,334,2,target:Parrot:681
7823,environment_death,Shroomer,1677,504,2,31,2,drowning
7825,spore_matured,Shroomer,-1,475,4,11,3,
7825,reproduce,Shroomer,-1,475,4,11,3,offspring:1
7827,reproduce,Parrot,944,369,6,443,8,offspring:1
7828,starvation,Parrot,2330,0,5,381,1,
7829,spore_matured,Shroomer,-1,317,2,54,8,
7829,reproduce,Shroomer,-1,317,2,54,8,offspring:1
7830,spore_matured,Shroomer,-1,304,1,57,4,
7830,reproduce,Shroomer,-1,304,1,57,4,offspring:1
7837,spore_matured,Shroomer,-1,487,7,57,6,
7837,reproduce,Shroomer,-1,487,7,57,6,offspring:1
7838,hunt_start,Jaguar,1097,358,0,333,6,target:Boar:2317
7842,hunt_fail,Wolf,865,137,9,504,5,discomfort
7844,kill,Tapir,728,151,9,490,8,killed_by:Bear:926
7845,hunt_start,Bear,926,151,2,490,9,target:Tapir:731
7847,kill,Shroomer,136,326,5,324,9,killed_by:Jaguar:1427
7848,hunt_start,Jaguar,1427,325,9,324,7,target:Shroomer:2024
7850,kill,Elk,413,254,4,166,4,killed_by:Shark:1988
7855,starvation,Rabbit,2236,193,6,279,3,
7855,starvation,Rabbit,2243,218,5,348,2,
7855,reproduce,Tapir,171,448,1,204,8,offspring:1
7856,spore_matured,Shroomer,-1,236,4,72,8,
7856,reproduce,Shroomer,-1,236,4,72,8,offspring:1
7861,starvation,Shroomer,2075,507,5,80,6,
7866,reproduce,Tapir,730,131,4,500,7,offspring:1
7869,hunt_start,Arctic Fox,1316,391,5,130,5,target:Lizard:1032
7875,kill,Boar,2317,354,7,335,9,killed_by:Jaguar:1097
7876,kill,Monkey,1894,18,9,296,0,killed_by:Hawk:2086
7876,kill,Penguin,401,31,8,299,3,killed_by:Hawk:2229
7876,reproduce,Lizard,2379,96,2,100,5,offspring:2
7877,hunt_start,Hawk,2086,19,1,296,0,target:Monkey:2481
7877,hunt_fail,Boar,2322,33,7,295,2,target_died
7877,hunt_start,Boar,2322,33,7,295,2,target:Penguin:848
7877,reproduce,Musk Ox,1130,28,2,105,5,offspring:1
7877,reproduce,Penguin,1527,484,9,262,1,offspring:1
7880,starvation,Fox,884,263,5,202,9,
7880,kill,Elk,1392,221,9,163,7,killed_by:Shark:1884
7884,reproduce,Boar,2275,346,1,339,3,offspring:2
7886,spore_created,Shroomer,-1,127,4,224,7,
7886,spore_created,Shroomer,-1,122,6,228,2,
7887,reproduce,Monkey,180,12,2,284,3,offspring:1
7887,reproduce,Parrot,269,385,9,424,2,offspring:1
7887,reproduce,Camel,1879,259,9,145,7,offspring:1
7890,starvation,Jaguar,970,440,5,111,9,
7893,hunt_start,Wolf,862,61,7,407,8,target:Lizard:1357
7897,hunt_start,Boar,1106,6,9,296,1,target:Monkey:2481
7897,reproduce,Musk Ox,1064,84,4,18,1,offspring:1
7897,spore_created,Shroomer,-1,152,2,218,2,
7897,spore_created,Shroomer,-1,161,0,221,2,
7900,starvation,Parrot,639,0,0,459,2,
7909,starvation,Crocodile,1091,195,1,14,3,
7921,hunt_fail,Jaguar,971,123,7,389,8,discomfort
7926,hunt_start,Jaguar,973,369,8,340,7,target:Turtle:1016
7931,spore_created,Shroomer,-1,309,5,61,4,
7931,spore_created,Shroomer,-1,314,3,61,2,
7935,starvation,Boar,2068,437,0,390,7,
7943,hunt_fail,Jaguar,1721,11,5,497,2,prey_escaped
7943,hunt_start,Jaguar,1721,11,5,497,2,target:Parrot:2396
7947,kill,Shroomer,2024,326,8,329,7,killed_by:Jaguar:1427
7948,hunt_start,Jaguar,1427,326,7,329,0,target:Shroomer:25
7950,hunt_start,Boar,1577,296,0,61,8,target:Lizard:2227
7953,spore_created,Shroomer,-1,511,1,23,8,
7953,spore_created,Shroomer,-1,513,8,19,2,
7957,kill,Rabbit,2053,433,1,471,0,killed_by:Hawk:935
7957,hunt_start,Arctic Fox,2094,483,5,236,7,target:Penguin:1462
7959,spore_created,Shroomer,-1,504,5,21,9,
7961,starvation,Rabbit,175,434,2,245,9,
7961,hunt_fail,Jaguar,740,445,9,250,5,target_died
7962,hunt_start,Wolf,1089,71,8,132,5,target:Shroomer:1858
7963,spore_created,Shroomer,-1,498,9,21,2,
7967,hunt_fail,Wolf,864,62,1,408,6,discomfort
7972,kill,Parrot,1075,171,2,395,5,killed_by:Jaguar:1512
7973,hunt_start,Jaguar,1512,171,0,394,9,target:Elk:2005
7978,reproduce,Boar,2276,348,9,338,7,offspring:2
7979,hunt_start,Jaguar,688,185,2,500,3,target:Parrot:2475
7981,hunt_fail,Wolf,862,58,5,414,0,discomfort
7982,hunt_start,Hawk,935,430,9,473,2,target:Parrot:2111
7993,hunt_fail,Jaguar,973,371,2,341,1,discomfort
8006,starvation,Lizard,457,308,6,401,6,
8017,hunt_start,Jaguar,971,127,8,389,8,target:Lizard:1472
8019,kill,Monkey,2481,2,5,310,2,killed_by:Hawk:2086
8020,hunt_fail,Boar,1106,7,7,303,0,target_died
8025,spore_created,Shroomer,-1,300,1,72,7,
8025,spore_created,Shroomer,-1,308,8,84,0,
8033,starvation,Elk,1262,463,6,474,5,
8036,hunt_start,Hawk,2229,30,4,300,6,target:Penguin:65
8038,hunt_start,Wolf,1088,69,2,142,5,target:Lizard:461
8040,starvation,Fox,896,223,6,276,0,
8041,hunt_start,Wolf,862,58,4,416,7,target:Lizard:1357
8042,spore_created,Shroomer,-1,135,5,232,9,
8042,spore_created,Shroomer,-1,145,5,226,2,
8044,hunt_fail,Wolf,864,62,6,408,1,discomfort
8048,starvation,Lizard,456,228,1,108,8,
8053,hunt_fail,Wolf,864,62,5,408,0,discomfort
8053,reproduce,Monkey,544,402,6,390,8,offspring:1
8058,spore_matured,Shroomer,-1,122,4,228,3,
8058,reproduce,Shroomer,-1,122,4,228,3,offspring:1
8058,spore_matured,Shroomer,-1,128,0,224,3,
8058,reproduce,Shroomer,-1,128,0,224,3,offspring:1
8060,hunt_fail,Wolf,864,62,4,408,1,discomfort
8067,reproduce,Elk,1141,480,8,352,5,offspring:1
8069,hunt_fail,Wolf,864,62,4,408,0,discomfort
8069,spore_matured,Shroomer,-1,160,6,221,1,
8069,reproduce,Shroomer,-1,160,6,221,1,offspring:1
8069,spore_matured,Shroomer,-1,153,0,217,4,
8069,reproduce,Shroomer,-1,153,0,217,4,offspring:1
8070,starvation,Hawk,933,369,3,254,3,
8073,spore_matured,Shroomer,-1,513,8,19,2,
8073,reproduce,Shroomer,-1,513,8,19,2,offspring:1
8078,hunt_fail,Wolf,864,62,3,408,1,discomfort
8085,kill,Shroomer,25,319,9,332,6,killed_by:Jaguar:1427
8085,reproduce,Jaguar,1427,320,6,332,3,offspring:1
8086,hunt_start,Jaguar,933,321,6,332,8,target:Shroomer:835
8086,kill,Penguin,848,20,2,291,2,killed_by:Boar:2322
8087,hunt_fail,Wolf,864,62,2,408,0,discomfort
8087,hunt_start,Jaguar,973,370,3,340,7,target:Turtle:1016
8087,reproduce,Frog,1931,188,2,71,2,offspring:2
8087,reproduce,Camel,2057,32,2,365,8,offspring:1
8091,kill,Elk,2005,159,3,395,4,killed_by:Jaguar:1512
8092,hunt_start,Jaguar,1512,159,9,395,6,target:Elk:2334
8094,hunt_fail,Wolf,864,62,2,408,1,discomfort
8094,reproduce,Elk,2175,379,6,484,1,offspring:1
8103,spore_matured,Shroomer,-1,309,5,61,4,
8103,reproduce,Shroomer,-1,309,5,61,4,offspring:1
8103,spore_matured,Shroomer,-1,314,7,60,4,
8103,reproduce,Shroomer,-1,314,7,60,4,offspring:1
8105,hunt_start,Hawk,2086,5,1,311,1,target:Parrot:1052
8106,hunt_fail,Wolf,864,62,0,408,1,discomfort
8115,environment_death,Monkey,634,437,3,245,9,drowning
8115,hunt_fail,Jaguar,2285,433,2,247,9,target_died
8116,hunt_start,Boar,2491,28,4,410,5,target:Lizard:1595
8117,starvation,Rabbit,2084,186,6,325,7,
8117,kill,Penguin,1462,501,8,237,4,killed_by:Arctic Fox:2094
8118,hunt_start,Arctic Fox,2094,501,6,237,4,target:Penguin:81
8119,reproduce,Parrot,2178,302,8,398,9,offspring:1
8120,starvation,Shroomer,2015,234,6,90,6,
8121,hunt_fail,Wolf,864,62,0,408,1,discomfort
8121,reproduce,Parrot,938,290,2,349,5,offspring:1
8122,hunt_start,Jaguar,2285,433,1,247,9,target:Boar:2361
8123,reproduce,Monkey,1920,364,4,128,2,offspring:1
8125,spore_matured,Shroomer,-1,511,1,23,8,
8125,reproduce,Shroomer,-1,511,1,23,8,offspring:1
8130,hunt_start,Jaguar,1427,319,4,332,4,target:Shroomer:835
8131,hunt_fail,Wolf,864,61,8,408,1,discomfort
8131,spore_matured,Shroomer,-1,504,3,21,9,
8131,reproduce,Shroomer,-1,504,3,21,9,offspring:1
8135,spore_matured,Shroomer,-1,498,7,21,5,
8135,reproduce,Shroomer,-1,498,7,21,5,offspring:1
8139,starvation,Hawk,936,351,3,105,2,
8142,reproduce,Elk,1838,175,7,402,2,offspring:1
8145,spore_matured,Shroomer,-1,300,1,72,7,
8145,reproduce,Shroomer,-1,300,1,72,7,offspring:1
8146,hunt_fail,Wolf,864,61,7,408,1,discomfort
8155,hunt_fail,Wolf,864,61,6,408,1,discomfort
8161,kill,Shroomer,1858,87,1,125,3,killed_by:Wolf:1089
8162,hunt_start,Wolf,1089,86,6,125,5,target:Shroomer:359
8164,spore_created,Shroomer,-1,66,1,179,4,
8164,spore_created,Shroomer,-1,64,0,187,5,
8165,hunt_fail,Wolf,864,61,4,408,1,discomfort
8167,kill,Penguin,65,22,8,314,8,killed_by:Hawk:2229
8168,spore_created,Shroomer,-1,496,7,23,4,
8171,kill,Lizard,1032,380,7,166,7,killed_by:Arctic Fox:1316
8172,hunt_start,Arctic Fox,1316,380,8,166,5,target:Rabbit:183
8173,hunt_fail,Jaguar,971,135,9,391,0,discomfort
8178,starvation,Frog,1930,231,0,61,6,
8180,starvation,Parrot,314,18,8,380,1,
8180,hunt_fail,Wolf,864,61,2,408,1,discomfort
8181,reproduce,Monkey,331,40,8,155,2,offspring:1
8187,hunt_start,Polar Bear,465,275,1,98,8,target:Elk:2467
8187,kill,Elk,2334,157,2,403,0,killed_by:Jaguar:1512
8188,starvation,Parrot,1256,66,0,309,3,
8188,hunt_fail,Hawk,562,59,2,304,2,target_died
8188,hunt_start,Hawk,562,59,2,304,2,target:Monkey:1376
8192,reproduce,Boar,1139,309,3,222,9,offspring:2
8192,reproduce,Penguin,2049,504,5,243,7,offspring:1
8196,hunt_fail,Wolf,864,61,0,408,1,discomfort
8197,hunt_start,Bear,924,252,2,318,9,target:Turtle:366
8197,spore_matured,Shroomer,-1,308,8,84,0,
8197,reproduce,Shroomer,-1,308,8,84,0,offspring:1
8211,hunt_fail,Wolf,864,60,9,408,1,discomfort
8218,hunt_fail,Wolf,864,60,8,408,1,discomfort
8218,spore_created,Shroomer,-1,304,2,41,2,
8219,hunt_start,Shark,348,231,0,153,9,target:Shroomer:2356
8227,hunt_fail,Wolf,864,60,7,408,1,discomfort
8230,hunt_start,Polar Bear,958,268,4,447,0,target:Deer:1655
8231,starvation,Parrot,687,0,6,380,4,
8231,hunt_fail,Jaguar,973,371,2,341,0,discomfort
8234,hunt_start,Boar,922,316,9,389,1,target:Shroomer:283
8236,hunt_fail,Wolf,864,60,6,408,1,discomfort
8240,starvation,Crocodile,897,393,0,147,8,
8244,hunt_fail,Scorpion,942,21,9,310,8,prey_escaped
8246,hunt_fail,Wolf,864,60,4,408,1,discomfort
8246,reproduce,Rabbit,1671,263,3,293,9,offspring:2
8247,hunt_start,Jaguar,1097,347,0,333,3,target:Boar:2372
8248,kill,Parrot,2111,393,6,501,8,killed_by:Hawk:935
8249,hunt_start,Hawk,935,393,7,501,7,target:Rabbit:2360
8256,kill,Lizard,1357,31,4,434,0,killed_by:Wolf:862
8257,hunt_start,Wolf,862,31,6,433,8,target:Frog:2438
8257,spore_created,Shroomer,-1,498,2,12,4,
8257,spore_created,Shroomer,-1,507,5,16,6,
8259,environment_death,Shroomer,1718,510,4,29,2,drowning
8260,hunt_fail,Wolf,864,60,3,408,0,discomfort
8261,reproduce,Elk,2172,169,3,394,2,offspring:1
8267,hunt_fail,Wolf,864,60,3,408,1,discomfort
8268,starvation,Musk Ox,608,150,0,102,5,
8268,reproduce,Parrot,2100,34,0,154,2,offspring:1
8278,hunt_start,Polar Bear,2286,288,6,451,2,target:Lizard:41
8279,hunt_fail,Wolf,864,60,2,408,1,discomfort
8284,spore_matured,Shroomer,-1,64,0,187,5,
8284,reproduce,Shroomer,-1,64,0,187,5,offspring:1
8288,spore_matured,Shroomer,-1,496,7,23,3,
8288,reproduce,Shroomer,-1,496,7,23,3,offspring:1
8292,hunt_fail,Wolf,864,60,1,408,1,discomfort
8301,kill,Penguin,81,512,0,239,0,killed_by:Arctic Fox:2094
8302,hunt_start,Arctic Fox,2094,511,5,239,0,target:Penguin:2049
8304,hunt_fail,Wolf,864,60,2,408,1,discomfort
8306,kill,Shroomer,835,324,3,320,6,killed_by:Jaguar:933
8307,hunt_start,Jaguar,933,324,1,321,3,target:Shroomer:868
8307,hunt_fail,Jaguar,1427,320,8,329,1,target_died
8313,hunt_fail,Wolf,864,60,1,408,1,discomfort
8316,reproduce,Elk,1747,157,5,103,5,offspring:1
8320,hunt_fail,Wolf,864,60,1,408,1,discomfort
8320,kill,Shroomer,359,92,9,116,0,killed_by:Wolf:1089
8321,reproduce,Rabbit,138,380,5,251,6,offspring:2
8322,hunt_start,Jaguar,973,370,4,340,7,target:Boar:2262
8324,starvation,Scorpion,942,21,3,307,0,
8327,starvation,Elk,395,452,0,486,0,
8327,hunt_start,Hawk,2229,24,5,319,1,target:Penguin:1081
8329,hunt_fail,Wolf,864,60,0,408,2,discomfort
8331,kill,Rabbit,183,390,0,173,1,killed_by:Arctic Fox:1316
8332,hunt_start,Arctic Fox,1316,389,8,173,1,target:Rabbit:185
8332,kill,Parrot,1052,12,0,336,4,killed_by:Hawk:2086
8333,hunt_start,Hawk,2086,12,1,336,2,target:Parrot:2414
8334,reproduce,Elk,1641,497,8,500,0,offspring:1
8336,reproduce,Penguin,1905,495,1,241,8,offspring:1
8336,spore_matured,Shroomer,-1,66,7,178,7,
8336,reproduce,Shroomer,-1,66,7,178,7,offspring:1
8338,kill,Shroomer,2356,237,0,159,0,killed_by:Shark:348
8342,starvation,Parrot,2198,435,3,32,7,
8342,hunt_fail,Wolf,864,60,0,408,2,discomfort
8342,reproduce,Parrot,1698,384,5,501,7,offspring:1
8342,reproduce,Parrot,2304,2,0,486,3,offspring:1
8348,kill,Boar,2372,354,7,335,4,killed_by:Jaguar:1097
8348,reproduce,Parrot,1899,15,1,349,3,offspring:1
8348,reproduce,Monkey,2377,361,5,129,0,offspring:1
8354,hunt_fail,Wolf,864,60,1,408,1,discomfort
8363,hunt_fail,Wolf,864,60,1,408,1,discomfort
8370,hunt_fail,Wolf,864,60,1,408,1,discomfort
8371,kill,Penguin,2117,512,0,220,7,killed_by:Wolf:27
8372,hunt_start,Wolf,27,511,4,220,6,target:Penguin:1417
8373,reproduce,Boar,2386,391,9,281,9,offspring:2
8379,hunt_fail,Wolf,864,60,1,408,2,discomfort
8388,starvation,Penguin,539,506,6,181,4,
8389,kill,Rabbit,2360,397,8,512,0,killed_by:Hawk:935
8390,hunt_start,Hawk,935,397,2,511,4,target:Parrot:2403
8390,spore_matured,Shroomer,-1,304,2,41,2,
8390,reproduce,Shroomer,-1,304,2,41,2,offspring:1
8392,hunt_fail,Wolf,864,60,1,408,1,discomfort
8400,reproduce,Parrot,2281,31,3,340,4,offspring:1
8401,hunt_fail,Wolf,864,60,1,408,1,discomfort
8403,hunt_start,Boar,2386,391,1,281,6,target:Penguin:1555
8406,spore_created,Shroomer,-1,301,7,43,8,
8410,starvation,Jaguar,688,181,1,503,0,
8410,hunt_fail,Wolf,864,60,1,408,1,discomfort
8411,hunt_start,Shark,1988,253,5,173,0,target:Monkey:1402
8413,kill,Monkey,1376,18,7,291,0,killed_by:Hawk:562
8414,hunt_start,Hawk,562,18,9,291,1,target:Penguin:1823
8416,reproduce,Elk,1752,221,5,170,1,offspring:1
8420,hunt_fail,Wolf,864,60,1,408,2,discomfort
8422,kill,Rabbit,185,387,2,174,0,killed_by:Arctic Fox:1316
8424,kill,Frog,2438,46,2,438,6,killed_by:Wolf:862
8425,hunt_start,Wolf,862,46,0,438,6,target:Turtle:474
8426,kill,Elk,2467,258,7,98,1,killed_by:Polar Bear:465
8428,reproduce,Monkey,2147,357,7,129,6,offspring:1
8429,reproduce,Lizard,2410,267,3,273,0,offspring:2
8429,spore_matured,Shroomer,-1,507,5,16,5,
8429,reproduce,Shroomer,-1,507,5,16,5,offspring:1
8429,spore_matured,Shroomer,-1,498,0,11,3,
8429,reproduce,Shroomer,-1,498,0,11,3,offspring:1
8431,reproduce,Penguin,847,430,9,223,8,offspring:1
8434,hunt_start,Boar,1106,15,6,304,2,target:Penguin:565
8438,hunt_fail,Wolf,864,60,3,408,2,discomfort
8438,kill,Boar,2262,376,1,338,8,killed_by:Jaguar:973
8439,hunt_start,Jaguar,973,375,5,338,9,target:Boar:1843
8441,hunt_start,Shark,1884,227,4,161,6,target:Elk:301
8446,hunt_start,Jaguar,1427,322,5,328,7,target:Shroomer:760
8454,hunt_start,Boar,841,4,5,296,8,target:Monkey:2317
8455,spore_created,Shroomer,-1,81,9,254,5,
8456,hunt_fail,Wolf,864,60,3,408,1,discomfort
8459,starvation,Rabbit,1488,241,7,307,1,
8459,hunt_start,Jaguar,971,136,3,397,8,target:Lizard:1472
8462,kill,Turtle,366,247,4,330,1,killed_by:Bear:924
8469,hunt_fail,Wolf,864,60,2,408,0,discomfort
8469,reproduce,Camel,1053,201,6,210,2,offspring:1
8469,reproduce,Parrot,2022,122,7,502,6,offspring:1
8471,starvation,Lizard,461,85,3,177,7,
8471,hunt_fail,Wolf,1088,83,0,173,2,target_died
8471,hunt_start,Wolf,1088,83,0,173,2,target:Shroomer:268
8478,hunt_fail,Wolf,864,60,3,408,1,discomfort
8478,kill,Penguin,2049,499,4,250,0,killed_by:Arctic Fox:2094
8478,reproduce,Deer,147,261,4,382,8,offspring:1
8478,reproduce,Penguin,1417,509,0,232,6,offspring:1
8479,hunt_start,Arctic Fox,2094,499,6,249,8,target:Penguin:1252
8491,starvation,Tapir,720,86,5,154,5,
8491,hunt_fail,Wolf,864,60,2,408,1,discomfort
8491,kill,Parrot,2414,-0,0,346,2,killed_by:Hawk:2086
8491,reproduce,Deer,980,301,3,85,0,offspring:1
8492,hunt_start,Hawk,2086,0,0,345,9,target:Parrot:1764
8495,kill,Penguin,819,47,7,309,6,killed_by:Hawk:2404
8496,hunt_start,Hawk,2404,47,5,309,6,target:Penguin:568
8501,hunt_fail,Bear,926,178,9,511,4,discomfort
8503,hunt_fail,Wolf,864,60,2,408,2,discomfort
8507,starvation,Tapir,739,227,1,110,1,
8510,reproduce,Rabbit,2337,365,6,486,4,offspring:2
8511,reproduce,Penguin,1704,44,5,269,4,offspring:1
8513,kill,Deer,1655,282,9,430,7,killed_by:Polar Bear:958
8514,hunt_start,Polar Bear,958,282,5,431,2,target:Camel:1624
8514,spore_created,Shroomer,-1,507,4,35,9,
8517,kill,Penguin,1823,8,6,300,3,killed_by:Hawk:562
8518,hunt_start,Hawk,562,8,8,300,2,target:Penguin:565
8519,starvation,Elk,1946,265,5,78,6,
8519,hunt_fail,Wolf,864,60,3,408,1,discomfort
8526,reproduce,Deer,2338,423,8,22,2,offspring:1
8529,kill,Shroomer,868,324,6,308,6,killed_by:Jaguar:933
8531,hunt_fail,Wolf,864,60,2,408,1,discomfort
8533,kill,Penguin,1417,508,4,235,8,killed_by:Wolf:27
8534,starvation,Parrot,316,74,9,360,8,
8534,hunt_start,Wolf,27,508,5,235,3,target:Penguin:2049
8534,hunt_fail,Wolf,2102,84,2,372,8,target_died
8534,hunt_start,Wolf,2102,84,2,372,8,target:Parrot:695
8535,hunt_start,Wolf,869,509,6,281,4,target:Rabbit:1781
8539,reproduce,Penguin,2041,29,4,288,0,offspring:1
8540,reproduce,Tapir,1006,204,2,243,1,offspring:1
8541,reproduce,Lizard,2342,344,1,215,3,offspring:2
8544,hunt_fail,Wolf,864,60,2,408,2,discomfort
8559,hunt_start,Jaguar,1512,154,8,399,6,target:Elk:1639
8561,starvation,Parrot,236,302,6,340,2,
8561,reproduce,Rabbit,2199,351,4,481,6,offspring:2
8563,hunt_fail,Wolf,864,60,3,408,2,discomfort
8568,kill,Penguin,1252,498,5,258,0,killed_by:Arctic Fox:2094
8578,spore_matured,Shroomer,-1,301,6,43,8,
8578,reproduce,Shroomer,-1,301,6,43,8,offspring:1
8583,hunt_start,Wolf,1089,98,9,113,9,target:Shroomer:667
8585,hunt_fail,Wolf,864,60,3,408,3,discomfort
8593,spore_created,Shroomer,-1,453,5,371,5,
8596,hunt_start,Boar,2117,400,3,285,2,target:Lizard:1028
8597,hunt_fail,Jaguar,971,139,0,398,2,discomfort
8607,kill,Boar,1843,374,6,324,3,killed_by:Jaguar:973
8608,hunt_fail,Jaguar,2315,353,4,336,2,target_died
8608,hunt_start,Jaguar,2315,353,4,336,2,target:Boar:2276
8611,kill,Shroomer,268,89,5,173,0,killed_by:Wolf:1088
8612,hunt_start,Wolf,1088,88,8,173,1,target:Fish:1421
8613,starvation,Elk,386,220,5,110,1,
8613,hunt_fail,Wolf,864,60,5,408,2,discomfort
8613,kill,Elk,301,218,8,151,0,killed_by:Shark:1884
8613,reproduce,Monkey,1230,17,5,276,4,offspring:1
8619,reproduce,Monkey,110,126,5,320,6,offspring:1
8621,kill,Penguin,565,17,3,290,3,killed_by:Hawk:562
8621,reproduce,Musk Ox,1854,389,4,102,8,offspring:1
8622,hunt_start,Hawk,562,17,1,290,5,target:Penguin:1946
8622,hunt_fail,Boar,1106,13,4,294,1,target_died
8622,reproduce,Camel,1054,23,9,364,3,offspring:1
8623,environment_death,Musk Ox,611,166,8,79,5,drowning
8624,spore_created,Shroomer,-1,331,6,312,3,
8624,spore_created,Shroomer,-1,331,2,310,1,
8627,spore_created,Shroomer,-1,119,6,419,6,
8630,kill,Parrot,2403,361,9,504,3,killed_by:Hawk:935
8631,hunt_start,Hawk,935,362,1,504,2,target:Lizard:1182
8632,reproduce,Bear,924,248,5,327,5,offspring:1
8634,spore_matured,Shroomer,-1,507,4,35,9,
8634,reproduce,Shroomer,-1,507,4,35,9,offspring:1
8635,hunt_fail,Wolf,864,60,5,408,2,discomfort
8638,kill,Rabbit,258,273,2,475,5,killed_by:Polar Bear:1821
8638,kill,Penguin,568,32,4,290,6,killed_by:Hawk:2404
8639,hunt_start,Polar Bear,1821,272,6,475,6,target:Lizard:1771
8639,hunt_start,Hawk,2404,32,6,290,8,target:Penguin:2041
8644,age_death,Lizard,494,144,5,226,0,
8646,reproduce,Lizard,1040,192,1,261,3,offspring:2
8646,spore_created,Shroomer,-1,75,3,247,9,
8657,hunt_fail,Wolf,864,60,6,408,2,discomfort
8663,starvation,Snake,949,408,8,123,7,
8664,hunt_start,Jaguar,975,190,8,424,0,target:Elk:2006
8665,kill,Turtle,474,64,8,427,7,killed_by:Wolf:862
8666,hunt_start,Wolf,862,64,5,427,9,target:Frog:1788
8669,spore_created,Shroomer,-1,145,0,216,9,
8669,spore_created,Shroomer,-1,150,3,219,3,
8681,kill,Camel,1624,275,7,423,1,killed_by:Polar Bear:958
8681,reproduce,Deer,2240,154,5,221,3,offspring:1
8682,hunt_fail,Wolf,864,60,8,408,1,discomfort
8682,spore_created,Shroomer,-1,479,1,31,6,
8689,hunt_start,Boar,1658,424,3,112,7,target:Lizard:2079
8695,hunt_fail,Wolf,864,60,8,408,1,discomfort
8710,hunt_fail,Wolf,864,60,9,408,1,discomfort
8712,starvation,Lizard,1352,124,4,441,8,
8717,hunt_fail,Polar Bear,955,349,0,101,9,discomfort
8720,hunt_start,Jaguar,1097,353,8,337,1,target:Boar:2236
8721,reproduce,Parrot,1891,409,0,484,1,offspring:1
8722,kill,Penguin,2049,512,0,226,6,killed_by:Wolf:27
8722,hunt_fail,Wolf,864,60,9,408,1,discomfort
8723,hunt_start,Wolf,27,511,2,226,5,target:Penguin:1983
8725,hunt_start,Jaguar,971,137,2,401,3,target:Elk:1233
8728,reproduce,Polar Bear,958,277,1,423,6,offspring:1
8729,hunt_fail,Wolf,864,61,0,408,1,discomfort
8729,hunt_start,Polar Bear,958,277,1,423,6,target:Camel:2313
8729,hunt_start,Jaguar,973,371,7,322,5,target:Monkey:1927
8729,hunt_start,Polar Bear,2049,275,3,423,0,target:Deer:771
8732,kill,Boar,2276,359,5,334,2,killed_by:Jaguar:2315
8739,starvation,Shroomer,804,414,5,435,0,
8741,hunt_fail,Wolf,864,61,0,408,1,discomfort
8741,kill,Penguin,2041,25,0,281,3,killed_by:Hawk:2404
8742,hunt_start,Hawk,2404,25,1,281,5,target:Penguin:2244
8743,reproduce,Tapir,733,261,3,221,7,offspring:1
8744,spore_matured,Shroomer,-1,332,0,312,5,
8744,reproduce,Shroomer,-1,332,0,312,5,offspring:1
8752,hunt_start,Wolf,1751,176,0,84,4,target:Frog:1931
8753,starvation,Deer,428,39,2,248,1,
8753,hunt_fail,Wolf,864,61,1,408,2,discomfort
8757,reproduce,Monkey,1673,19,0,280,6,offspring:1
8757,reproduce,Parrot,2270,251,7,362,1,offspring:1
8760,reproduce,Boar,846,343,3,312,1,offspring:2
8765,spore_matured,Shroomer,-1,453,6,371,5,
8765,reproduce,Shroomer,-1,453,6,371,5,offspring:1
8766,spore_matured,Shroomer,-1,75,3,247,9,
8766,reproduce,Shroomer,-1,75,3,247,9,offspring:1
8775,kill,Penguin,1946,23,8,285,5,killed_by:Hawk:562
8775,hunt_fail,Wolf,864,61,2,408,2,discomfort
8776,hunt_start,Hawk,562,24,2,285,5,target:Penguin:2244
8776,kill,Shroomer,667,102,4,126,9,killed_by:Wolf:1089
8777,spore_matured,Shroomer,-1,119,6,419,6,
8777,reproduce,Shroomer,-1,119,6,419,6,offspring:1
8781,hunt_start,Arctic Fox,2094,491,8,252,9,target:Lizard:1772
8789,spore_matured,Shroomer,-1,150,4,219,2,
8789,reproduce,Shroomer,-1,150,4,219,2,offspring:1
8791,reproduce,Parrot,874,286,2,416,6,offspring:1
8799,hunt_fail,Wolf,864,61,3,408,2,discomfort
8800,environment_death,Shroomer,1655,508,7,35,9,drowning
8802,starvation,Parrot,764,7,4,469,4,
8802,spore_matured,Shroomer,-1,479,1,31,6,
8802,reproduce,Shroomer,-1,479,1,31,6,offspring:1
8804,spore_created,Shroomer,-1,256,6,83,9,
8804,spore_created,Shroomer,-1,253,8,80,7,
8806,kill,Lizard,1182,334,5,504,9,killed_by:Hawk:935
8807,hunt_start,Hawk,935,334,7,504,9,target:Lizard:1645
8809,reproduce,Musk Ox,875,4,9,401,2,offspring:1
8817,kill,Elk,1639,163,2,392,2,killed_by:Jaguar:1512
8818,hunt_fail,Wolf,864,61,3,408,1,discomfort
8820,starvation,Rabbit,313,431,0,251,0,
8820,hunt_fail,Jaguar,2115,438,5,258,4,target_died
8822,reproduce,Deer,1381,252,0,498,5,offspring:1
8826,spore_created,Shroomer,-1,246,3,77,0,
8826,spore_created,Shroomer,-1,249,1,84,2,
8830,hunt_fail,Wolf,864,61,3,408,1,discomfort
8832,kill,Frog,1788,67,1,446,4,killed_by:Wolf:862
8833,hunt_start,Wolf,862,67,0,446,2,target:Parrot:36
8834,kill,Penguin,2244,33,5,288,9,killed_by:Hawk:562
8835,kill,Rabbit,1781,479,8,297,3,killed_by:Wolf:869
8835,kill,Boar,2236,347,7,344,8,killed_by:Jaguar:1097
8835,hunt_fail,Hawk,2404,33,3,288,8,target_died
8835,hunt_start,Hawk,2404,33,3,288,8,target:Penguin:275
8836,starvation,Lizard,1797,401,6,205,5,
8836,hunt_start,Wolf,869,480,1,297,1,target:Lizard:473
8837,reproduce,Musk Ox,2274,341,2,28,9,offspring:1
8838,reproduce,Parrot,2124,288,0,337,2,offspring:1
8840,hunt_fail,Wolf,864,61,3,408,1,discomfort
8841,spore_matured,Shroomer,-1,145,3,216,5,
8841,reproduce,Shroomer,-1,145,3,216,5,offspring:1
8842,reproduce,Penguin,1989,492,6,264,6,offspring:1
8844,reproduce,Boar,2090,2,8,251,2,offspring:2
8849,hunt_fail,Wolf,864,61,4,408,0,discomfort
8850,environment_death,Tapir,731,188,8,512,0,drowning
8850,spore_created,Shroomer,-1,229,1,56,7,
8858,hunt_fail,Wolf,864,61,4,408,1,discomfort
8865,hunt_start,Jaguar,2115,438,7,259,0,target:Rabbit:217
8870,hunt_fail,Wolf,864,61,4,408,1,discomfort
8874,kill,Deer,771,267,3,414,2,killed_by:Polar Bear:2049
8875,hunt_start,Polar Bear,2049,267,7,414,7,target:Camel:103
8880,hunt_fail,Wolf,864,61,4,408,1,discomfort
8881,hunt_start,Hawk,562,31,6,291,1,target:Penguin:2284
8882,kill,Parrot,1764,48,3,357,3,killed_by:Hawk:2086
8883,hunt_start,Hawk,2086,48,1,357,3,target:Parrot:1115
8885,reproduce,Parrot,269,395,0,414,0,offspring:1
8886,hunt_fail,Polar Bear,958,281,1,414,6,discomfort
8891,hunt_start,Wolf,865,134,8,510,5,target:Parrot:2453
8892,hunt_fail,Wolf,864,61,4,408,1,discomfort
8893,reproduce,Elk,402,318,6,49,3,offspring:1
8894,kill,Elk,2006,181,6,421,3,killed_by:Jaguar:975
8895,hunt_fail,Jaguar,941,180,1,407,9,target_died
8895,hunt_start,Jaguar,941,180,1,407,9,target:Elk:1302
8899,hunt_start,Shark,348,231,5,154,3,target:Monkey:438
8901,hunt_fail,Wolf,864,61,4,408,2,discomfort
8901,hunt_start,Jaguar,933,323,1,308,9,target:Shroomer:762
8905,kill,Elk,1233,131,1,407,2,killed_by:Jaguar:971
8905,spore_created,Shroomer,-1,307,8,61,4,
8905,spore_created,Shroomer,-1,312,3,57,7,
8906,environment_death,Musk Ox,601,378,7,174,7,drowning
8906,hunt_start,Jaguar,971,131,6,406,8,target:Elk:108
8910,reproduce,Parrot,2077,365,1,415,4,offspring:1
8919,kill,Shroomer,760,328,9,315,6,killed_by:Jaguar:1427
8920,hunt_fail,Wolf,864,61,3,408,1,discomfort
8920,hunt_start,Jaguar,1427,328,6,316,3,target:Shroomer:763
8924,spore_matured,Shroomer,-1,253,7,80,8,
8924,reproduce,Shroomer,-1,253,7,80,8,offspring:1
8926,hunt_start,Arctic Fox,1316,373,2,168,2,target:Frog:1992
8926,reproduce,Elk,2101,151,9,421,6,offspring:1
8932,hunt_fail,Wolf,864,61,3,408,1,discomfort
8936,starvation,Musk Ox,583,117,5,34,5,
8941,reproduce,Monkey,1530,254,6,87,4,offspring:1
8944,hunt_fail,Wolf,864,61,3,408,2,discomfort
8947,kill,Penguin,1983,492,0,224,9,killed_by:Wolf:27
8948,hunt_start,Wolf,27,492,1,224,4,target:Lizard:1772
8949,kill,Penguin,275,40,7,276,6,killed_by:Hawk:2404
8950,hunt_start,Hawk,2404,40,6,276,8,target:Penguin:1704
8953,hunt_fail,Wolf,865,132,8,509,2,discomfort
8960,reproduce,Penguin,2107,33,4,280,5,offspring:1
8963,hunt_fail,Wolf,864,61,2,408,1,discomfort
8963,reproduce,Parrot,938,293,9,350,4,offspring:1
8969,hunt_start,Polar Bear,465,267,0,98,2,target:Elk:2233
8970,spore_matured,Shroomer,-1,229,3,56,6,
8970,reproduce,Shroomer,-1,229,3,56,6,offspring:1
8973,starvation,Arctic Fox,961,508,5,250,2,
8975,hunt_fail,Wolf,864,61,1,408,2,discomfort
8976,spore_matured,Shroomer,-1,256,8,84,4,
8976,reproduce,Shroomer,-1,256,8,84,4,offspring:1
8980,hunt_start,Bear,923,63,4,102,0,target:Lizard:728
8983,reproduce,Frog,1937,76,2,484,2,offspring:2
8985,kill,Camel,103,260,2,414,2,killed_by:Polar Bear:2049
8990,kill,Frog,1931,192,6,68,9,killed_by:Wolf:1751
8991,hunt_start,Wolf,1751,192,4,69,1,target:Frog:2024
8994,hunt_fail,Wolf,864,61,0,408,1,discomfort
8998,spore_matured,Shroomer,-1,249,1,84,2,
8998,reproduce,Shroomer,-1,249,1,84,2,offspring:1
8998,spore_matured,Shroomer,-1,246,7,77,1,
8998,reproduce,Shroomer,-1,246,7,77,1,offspring:1
9001,spore_created,Shroomer,-1,517,0,19,2,
9001,spore_created,Shroomer,-1,506,6,15,0,
9007,hunt_fail,Wolf,864,60,9,408,3,discomfort
9008,kill,Lizard,1645,360,6,512,0,killed_by:Hawk:935
9009,hunt_start,Hawk,935,360,1,511,4,target:Lizard:1705
9016,reproduce,Penguin,957,491,2,263,7,offspring:1
9021,kill,Penguin,2284,40,4,306,3,killed_by:Hawk:562
9023,reproduce,Penguin,2296,486,1,239,1,offspring:1
9032,hunt_fail,Wolf,864,60,8,408,1,discomfort
9033,hunt_fail,Wolf,869,470,5,282,2,discomfort
9039,hunt_start,Wolf,1089,114,6,131,5,target:Shroomer:1319
9044,hunt_fail,Wolf,864,60,7,408,2,discomfort
9055,age_death,Frog,342,253,3,282,5,
9060,hunt_fail,Wolf,864,60,5,408,1,discomfort
9062,kill,Shroomer,763,335,6,316,7,killed_by:Jaguar:1427
9063,reproduce,Musk Ox,1065,83,1,99,2,offspring:1
9069,hunt_fail,Wolf,864,60,5,408,1,discomfort
9072,spore_created,Shroomer,-1,230,6,82,9,
9077,kill,Penguin,1704,56,0,273,5,killed_by:Hawk:2404
9077,spore_matured,Shroomer,-1,312,3,57,8,
9077,reproduce,Shroomer,-1,312,3,57,8,offspring:1
9077,spore_matured,Shroomer,-1,307,9,61,3,
9077,reproduce,Shroomer,-1,307,9,61,3,offspring:1
9078,hunt_fail,Wolf,864,60,4,408,1,discomfort
9078,hunt_start,Hawk,2404,55,7,273,5,target:Penguin:1509
9082,hunt_start,Boar,2492,37,7,420,8,target:Parrot:36
9083,kill,Shroomer,762,329,0,305,4,killed_by:Jaguar:933
9083,reproduce,Musk Ox,1749,68,7,21,5,offspring:1
9084,kill,Elk,108,122,8,397,6,killed_by:Jaguar:971
9086,spore_created,Shroomer,-1,484,9,43,7,
9086,spore_created,Shroomer,-1,491,6,44,9,
9087,kill,Parrot,36,41,6,424,7,killed_by:Wolf:862
9087,hunt_fail,Wolf,864,60,3,408,1,discomfort
9087,hunt_fail,Bear,923,67,9,97,6,discomfort
9088,hunt_start,Wolf,862,41,7,425,0,target:Turtle:219
9088,hunt_fail,Boar,2492,37,9,421,1,target_died
9089,kill,Frog,1992,361,1,173,6,killed_by:Arctic Fox:1316
9091,reproduce,Elk,1758,142,3,389,9,offspring:1
9099,hunt_fail,Wolf,864,60,2,408,1,discomfort
9099,hunt_fail,Crocodile,1092,130,2,336,5,prey_escaped
9099,hunt_start,Crocodile,1092,130,2,336,5,target:Deer:2050
9100,hunt_start,Wolf,869,472,9,280,3,target:Lizard:473
9100,reproduce,Monkey,1754,372,6,211,5,offspring:1
9104,hunt_start,Jaguar,2315,364,7,340,9,target:Lizard:2336
9105,kill,Deer,2050,132,0,337,5,killed_by:Crocodile:1092
9105,reproduce,Penguin,2165,499,5,277,0,offspring:1
9106,hunt_start,Crocodile,1092,131,1,337,0,target:Deer:1676
9108,hunt_fail,Wolf,864,60,1,408,1,discomfort
9115,hunt_fail,Wolf,864,60,1,408,0,discomfort
9121,hunt_fail,Wolf,864,60,0,408,1,discomfort
9121,spore_matured,Shroomer,-1,517,0,19,2,
9121,reproduce,Shroomer,-1,517,0,19,2,offspring:1
9121,spore_matured,Shroomer,-1,506,7,14,8,
9121,reproduce,Shroomer,-1,506,7,14,8,offspring:1
9126,reproduce,Deer,109,248,7,441,3,offspring:1
9127,hunt_fail,Wolf,864,60,0,408,0,discomfort
9134,hunt_fail,Wolf,864,60,0,408,1,discomfort
9137,kill,Frog,2024,180,5,61,3,killed_by:Wolf:1751
9138,hunt_start,Wolf,1751,180,8,61,5,target:Frog:1559
9143,hunt_fail,Wolf,864,60,0,408,0,discomfort
9146,starvation,Parrot,705,407,4,472,0,
9149,hunt_fail,Wolf,864,59,9,408,1,discomfort
9155,hunt_fail,Wolf,864,59,9,408,1,discomfort
9162,kill,Elk,2233,271,9,86,7,killed_by:Polar Bear:465
9162,hunt_fail,Wolf,864,59,8,408,1,discomfort
9163,reproduce,Elk,1124,218,8,199,4,offspring:1
9164,reproduce,Monkey,637,96,9,320,2,offspring:1
9166,spore_created,Shroomer,-1,330,7,303,1,
9169,hunt_start,Polar Bear,958,283,9,417,0,target:Lizard:1382
9173,kill,Shroomer,1319,115,3,123,9,killed_by:Wolf:1089
9174,hunt_fail,Wolf,864,59,7,408,1,discomfort
9174,hunt_start,Shark,1884,229,9,145,0,target:Shroomer:2353
9179,starvation,Turtle,1017,83,0,169,7,
9179,reproduce,Frog,1331,188,0,60,1,offspring:2
9181,hunt_start,Hawk,562,39,5,300,4,target:Penguin:1857
9184,hunt_fail,Wolf,864,59,6,408,1,discomfort
9188,reproduce,Monkey,642,393,0,341,5,offspring:1
9189,hunt_start,Jaguar,1512,170,2,392,2,target:Elk:1718
9192,spore_matured,Shroomer,-1,230,6,82,9,
9192,reproduce,Shroomer,-1,230,6,82,9,offspring:1
9193,hunt_fail,Wolf,864,59,6,408,1,discomfort
9199,hunt_fail,Wolf,864,59,6,408,0,discomfort
9205,environment_death,Shroomer,787,268,0,71,2,drowning
9205,hunt_fail,Wolf,864,59,5,408,0,discomfort
9206,spore_matured,Shroomer,-1,491,6,44,9,
9206,reproduce,Shroomer,-1,491,6,44,9,offspring:1
9207,hunt_start,Jaguar,1097,351,7,343,5,target:Boar:1075
9208,kill,Penguin,1509,71,4,275,4,killed_by:Hawk:2404
9208,reproduce,Boar,2361,434,6,231,2,offspring:2
9209,hunt_start,Boar,108,433,7,233,9,target:Penguin:2111
9209,hunt_fail,Wolf,864,59,4,408,0,discomfort
9209,hunt_start,Boar,1509,433,7,233,9,target:Penguin:2111
9209,hunt_start,Boar,2361,434,6,231,3,target:Penguin:2111
9215,hunt_fail,Wolf,864,59,3,408,0,discomfort
9221,hunt_fail,Wolf,864,59,2,408,1,discomfort
9221,hunt_start,Bear,923,68,4,96,6,target:Lizard:728
9223,kill,Elk,1718,174,9,393,0,killed_by:Jaguar:1512
9226,reproduce,Rabbit,234,205,5,195,6,offspring:2
9227,hunt_start,Boar,611,2,3,251,6,target:Parrot:569
9230,hunt_fail,Wolf,864,59,1,408,1,discomfort
9240,hunt_fail,Wolf,864,59,0,408,1,discomfort
9245,starvation,Lizard,2305,232,5,106,6,
9246,kill,Boar,1075,354,3,345,7,killed_by:Jaguar:1097
9249,hunt_fail,Wolf,864,59,0,408,0,discomfort
9249,reproduce,Elk,872,257,7,78,9,offspring:1
9249,reproduce,Parrot,1305,380,7,403,4,offspring:1
9255,hunt_fail,Wolf,864,58,9,408,1,discomfort
9255,kill,Frog,1559,190,3,55,3,killed_by:Wolf:1751
9256,hunt_start,Wolf,1751,190,0,55,5,target:Frog:1332
9256,kill,Rabbit,217,436,9,268,1,killed_by:Jaguar:2115
9257,hunt_start,Jaguar,2115,437,1,267,7,target:Turtle:2283
9259,reproduce,Deer,2261,251,5,440,1,offspring:1
9261,hunt_start,Arctic Fox,1316,359,1,184,8,target:Frog:2459
9267,hunt_start,Boar,2492,38,3,425,6,target:Lizard:1903
9268,hunt_fail,Wolf,864,59,0,408,1,discomfort
9277,hunt_fail,Wolf,864,59,0,408,0,discomfort
9280,hunt_fail,Wolf,862,39,1,418,2,discomfort
9281,hunt_fail,Wolf,864,58,9,408,0,discomfort
9289,starvation,Shroomer,458,120,5,194,5,
9291,reproduce,Monkey,2179,255,9,95,6,offspring:1
9293,starvation,Parrot,685,22,6,492,0,
9293,starvation,Lizard,2204,337,6,288,5,
9293,kill,Lizard,1705,375,8,463,2,killed_by:Hawk:935
9294,hunt_start,Hawk,935,375,7,463,4,target:Rabbit:2414
9296,reproduce,Tapir,1271,140,3,491,6,offspring:1
9300,reproduce,Camel,904,285,4,399,9,offspring:1
9300,spore_created,Shroomer,-1,283,4,76,0,
9300,spore_created,Shroomer,-1,288,4,76,7,
9307,kill,Shroomer,2353,236,3,138,8,killed_by:Shark:1884
9307,reproduce,Penguin,2464,494,0,268,4,offspring:1
9314,kill,Penguin,1857,23,4,303,1,killed_by:Hawk:562
9317,spore_created,Shroomer,-1,492,8,58,7,
9324,starvation,Boar,910,49,0,494,0,
9325,reproduce,Monkey,180,5,9,276,9,offspring:1
9332,starvation,Monkey,1276,512,0,424,7,
9332,starvation,Monkey,2146,512,0,426,5,
9332,starvation,Arctic Fox,2238,416,6,181,4,
9334,spore_created,Shroomer,-1,490,0,9,2,
9334,spore_created,Shroomer,-1,485,3,6,7,
9336,hunt_start,Polar Bear,955,343,4,105,2,target:Camel:1644
9340,environment_death,Lizard,473,456,6,274,6,drowning
9340,hunt_fail,Wolf,869,460,7,270,6,target_died
9340,hunt_start,Wolf,869,460,7,270,6,target:Lizard:1826
9344,hunt_fail,Wolf,869,460,7,270,6,discomfort
9348,starvation,Elk,427,28,9,271,1,
9351,reproduce,Lizard,2267,420,8,395,2,offspring:2
9356,kill,Turtle,2283,430,8,267,9,killed_by:Jaguar:2115
9356,reproduce,Deer,1030,227,0,488,5,offspring:1
9357,hunt_start,Jaguar,2115,431,3,267,9,target:Turtle:254
9362,reproduce,Parrot,2453,120,1,506,0,offspring:1
9368,hunt_start,Hawk,2404,66,6,276,6,target:Monkey:1158
9373,starvation,Penguin,951,505,3,183,1,
9374,spore_created,Shroomer,-1,494,1,481,2,
9386,kill,Frog,1332,195,8,66,3,killed_by:Wolf:1751
9387,hunt_start,Wolf,1751,195,7,66,0,target:Frog:1331
9392,reproduce,Deer,248,419,3,12,3,offspring:1
9394,environment_death,Deer,153,336,0,378,3,drowning
9394,reproduce,Lizard,1650,44,0,216,0,offspring:2
9409,starvation,Shroomer,1552,495,5,28,5,
9412,hunt_start,Wolf,864,63,4,408,0,target:Parrot:1156
9420,spore_created,Shroomer,-1,488,7,25,6,
9420,spore_created,Shroomer,-1,479,8,13,4,
9420,spore_matured,Shroomer,-1,288,4,76,7,
9420,reproduce,Shroomer,-1,288,4,76,7,offspring:1
9421,kill,Frog,2459,374,9,194,6,killed_by:Arctic Fox:1316
9422,hunt_start,Arctic Fox,1316,374,7,194,6,target:Frog:1011
9423,reproduce,Tapir,1226,29,5,292,0,offspring:1
9433,hunt_start,Wolf,869,465,6,270,7,target:Rabbit:266
9434,hunt_start,Jaguar,1427,340,9,325,6,target:Lizard:1549
9440,starvation,Parrot,1569,0,6,466,4,
9440,hunt_fail,Jaguar,969,2,4,452,8,target_died
9442,spore_created,Shroomer,-1,244,2,78,8,
9444,kill,Lizard,1549,343,8,327,6,killed_by:Jaguar:1427
9452,starvation,Lizard,1812,441,9,263,0,
9452,hunt_start,Jaguar,971,112,6,404,1,target:Parrot:1981
9453,hunt_fail,Wolf,864,66,3,408,1,discomfort
9453,kill,Camel,1644,346,4,97,6,killed_by:Polar Bear:955
9453,reproduce,Wolf,1089,119,5,129,9,offspring:1
9454,hunt_start,Polar Bear,955,346,1,98,3,target:Monkey:1326
9454,hunt_start,Wolf,1549,117,1,131,8,target:Shroomer:2080
9454,spore_matured,Shroomer,-1,490,0,9,1,
9454,reproduce,Shroomer,-1,490,0,9,1,offspring:1
9455,hunt_start,Jaguar,933,327,5,304,7,target:Shroomer:1180
9456,kill,Rabbit,2414,348,1,463,6,killed_by:Hawk:935
9456,reproduce,Jaguar,1097,357,1,342,5,offspring:1
9457,starvation,Turtle,381,88,9,176,8,
9457,hunt_start,Hawk,935,348,4,463,6,target:Parrot:1691
9457,hunt_start,Jaguar,1097,357,1,342,5,target:Boar:2243
9457,hunt_start,Jaguar,1644,355,4,342,7,target:Boar:2243
9458,reproduce,Musk Ox,1064,87,3,17,3,offspring:1
9458,reproduce,Musk Ox,1250,92,7,27,5,offspring:1
9462,starvation,Shroomer,470,111,5,111,3,
9462,starvation,Jaguar,1721,0,7,454,3,
9464,reproduce,Tapir,1703,94,4,119,6,offspring:1
9464,reproduce,Jaguar,2315,367,5,311,6,offspring:1
9465,hunt_start,Jaguar,470,366,8,313,0,target:Lizard:2336
9474,hunt_start,Hawk,562,23,8,293,6,target:Monkey:1230
9478,hunt_fail,Bear,923,77,9,84,0,discomfort
9479,starvation,Lizard,1596,39,4,461,7,
9480,reproduce,Monkey,2176,124,0,320,4,offspring:1
9483,spore_created,Shroomer,-1,87,4,245,2,
9487,kill,Turtle,254,423,3,267,6,killed_by:Jaguar:2115
9489,reproduce,Elk,692,339,6,64,0,offspring:1
9489,spore_matured,Shroomer,-1,492,8,58,7,
9489,reproduce,Shroomer,-1,492,8,58,7,offspring:1
9498,kill,Deer,1676,137,2,319,6,killed_by:Crocodile:1092
9498,reproduce,Turtle,1520,23,6,112,0,offspring:1
9499,hunt_start,Crocodile,1092,136,9,320,4,target:Deer:1128
9506,spore_matured,Shroomer,-1,485,6,5,3,
9506,reproduce,Shroomer,-1,485,6,5,3,offspring:1
9507,starvation,Parrot,704,389,6,492,7,
9510,reproduce,Parrot,2390,40,0,147,5,offspring:1
9515,spore_created,Shroomer,-1,255,3,74,6,
9517,hunt_start,Wolf,862,47,7,419,1,target:Turtle:219
9517,kill,Penguin,2111,415,8,219,3,killed_by:Boar:1509
9518,hunt_fail,Boar,108,416,4,220,2,target_died
9518,hunt_fail,Boar,2361,417,2,221,3,target_died
9522,hunt_start,Boar,2361,417,2,221,4,target:Penguin:847
9522,reproduce,Elk,2181,155,5,401,1,offspring:1
9528,hunt_start,Polar Bear,2049,266,4,420,4,target:Camel:1328
9540,spore_matured,Shroomer,-1,479,8,13,4,
9540,reproduce,Shroomer,-1,479,8,13,4,offspring:1
9546,spore_matured,Shroomer,-1,494,1,481,2,
9546,reproduce,Shroomer,-1,494,1,481,2,offspring:1
9549,kill,Frog,1331,180,2,65,5,killed_by:Wolf:1751
9550,hunt_start,Wolf,1751,180,5,65,5,target:Frog:1017
9551,starvation,Jaguar,740,438,2,244,4,
9551,kill,Frog,1011,362,8,184,0,killed_by:Arctic Fox:1316
9551,reproduce,Turtle,549,83,0,378,8,offspring:1
9559,kill,Boar,2243,347,3,346,0,killed_by:Jaguar:1644
9560,hunt_start,Boar,428,347,1,309,1,target:Lizard:2205
9560,hunt_fail,Jaguar,1097,355,1,343,2,target_died
9561,kill,Shroomer,1180,329,7,310,0,killed_by:Jaguar:933
9562,spore_matured,Shroomer,-1,244,4,78,8,
9562,reproduce,Shroomer,-1,244,4,78,8,offspring:1
9564,reproduce,Elk,1664,173,3,163,9,offspring:1
9570,spore_created,Shroomer,-1,511,4,5,1,
9570,spore_created,Shroomer,-1,508,3,-7,4,
9577,reproduce,Parrot,457,15,7,501,7,offspring:1
9581,kill,Monkey,1158,65,3,246,2,killed_by:Hawk:2404
9581,age_death,Lizard,478,231,7,492,6,
9581,reproduce,Monkey,1462,368,5,155,0,offspring:1
9581,reproduce,Penguin,1534,69,9,261,2,offspring:1
9592,spore_matured,Shroomer,-1,488,6,25,5,
9592,reproduce,Shroomer,-1,488,6,25,5,offspring:1
9595,hunt_start,Jaguar,1512,165,3,395,6,target:Elk:175
9597,hunt_fail,Wolf,864,58,8,411,3,discomfort
9606,starvation,Monkey,702,404,0,210,9,
9613,environment_death,Tapir,711,75,3,279,0,drowning
9616,reproduce,Tapir,745,462,2,227,2,offspring:1
9617,spore_created,Shroomer,-1,322,3,312,4,
9626,starvation,Polar Bear,956,140,9,33,1,
9626,reproduce,Turtle,1299,392,9,283,3,offspring:1
9633,hunt_fail,Wolf,869,466,5,290,4,discomfort
9635,spore_matured,Shroomer,-1,255,3,74,6,
9635,reproduce,Shroomer,-1,255,3,74,6,offspring:1
9641,kill,Frog,2436,134,0,351,7,killed_by:Boar:1377
9642,hunt_fail,Boar,1693,136,1,350,4,target_died
9645,hunt_start,Bear,2403,253,1,322,2,target:Rabbit:2242
9645,spore_created,Shroomer,-1,242,4,88,2,
9655,kill,Shroomer,2080,102,0,138,9,killed_by:Wolf:1549
9656,hunt_start,Wolf,1549,102,5,138,6,target:Shroomer:1643
9662,spore_created,Shroomer,-1,284,8,68,3,
9665,kill,Camel,1328,266,4,428,8,killed_by:Polar Bear:2049
9674,reproduce,Frog,1564,182,4,57,4,offspring:2
9690,spore_matured,Shroomer,-1,508,3,-7,4,
9690,reproduce,Shroomer,-1,508,3,-7,4,offspring:1
9696,age_death,Lizard,493,157,5,215,9,
9704,kill,Frog,1017,193,7,57,7,killed_by:Wolf:1751
9704,reproduce,Turtle,2013,22,9,427,5,offspring:1
9705,hunt_start,Polar Bear,465,279,4,88,5,target:Elk:403
9705,hunt_start,Wolf,1751,193,4,57,8,target:Frog:1319
9706,hunt_start,Boar,108,418,3,219,8,target:Penguin:847
9707,kill,Turtle,219,31,1,422,4,killed_by:Wolf:862
9708,hunt_start,Wolf,862,31,5,422,3,target:Lizard:1602
9712,hunt_fail,Polar Bear,955,350,1,82,2,discomfort
9716,hunt_start,Arctic Fox,1316,368,8,178,3,target:Frog:1993
9718,environment_death,Elk,450,32,9,317,7,drowning
9727,reproduce,Deer,1581,137,8,306,2,offspring:1
9729,reproduce,Parrot,2387,164,8,384,0,offspring:1
9734,reproduce,Deer,2440,221,4,288,2,offspring:1
9737,kill,Monkey,1230,0,8,266,8,killed_by:Hawk:562
9738,spore_created,Shroomer,-1,156,7,229,4,
9741,hunt_start,Hawk,2404,59,8,254,1,target:Penguin:1534
9742,spore_matured,Shroomer,-1,511,4,5,1,
9742,reproduce,Shroomer,-1,511,4,5,1,offspring:1
9746,hunt_start,Wolf,1089,115,6,130,1,target:Shroomer:280
9754,hunt_start,Wolf,869,471,2,291,0,target:Rabbit:1563
9758,starvation,Elk,1157,83,7,156,1,
9761,starvation,Penguin,330,499,1,174,9,
9763,environment_death,Monkey,644,399,0,344,6,drowning
9764,reproduce,Camel,2250,279,6,103,8,offspring:1
9765,spore_created,Shroomer,-1,488,4,24,2,
9765,spore_created,Shroomer,-1,478,6,16,2,
9765,spore_created,Shroomer,-1,255,8,68,4,
9767,environment_death,Elk,443,30,8,318,3,drowning
9769,reproduce,Boar,314,308,2,235,9,offspring:2
9781,environment_death,Rabbit,182,388,1,178,4,drowning
9782,reproduce,Lizard,1795,497,7,241,7,offspring:2
9782,spore_matured,Shroomer,-1,284,9,68,2,
9782,reproduce,Shroomer,-1,284,9,68,2,offspring:1
9789,spore_matured,Shroomer,-1,322,3,312,4,
9789,reproduce,Shroomer,-1,322,3,312,4,offspring:1
9802,environment_death,Elk,448,28,3,318,2,drowning
9809,kill,Elk,175,159,8,403,3,killed_by:Jaguar:1512
9814,reproduce,Musk Ox,1428,311,1,168,9,offspring:1
9817,spore_matured,Shroomer,-1,242,4,88,2,
9817,reproduce,Shroomer,-1,242,4,88,2,offspring:1
9819,age_death,Frog,320,112,6,251,8,
9820,starvation,Wolf,1087,174,2,166,0,
9820,reproduce,Frog,25,196,9,79,4,offspring:2
9821,environment_death,Rabbit,233,252,4,508,8,drowning
9823,reproduce,Rabbit,2221,390,9,154,5,offspring:2
9824,starvation,Lizard,1526,365,9,124,2,
9825,spore_created,Shroomer,-1,500,8,25,0,
9842,hunt_fail,Jaguar,470,363,7,303,3,prey_escaped
9842,hunt_start,Jaguar,470,363,7,303,3,target:Lizard:2205
9846,kill,Shroomer,1643,113,9,145,7,killed_by:Wolf:1549
9846,reproduce,Monkey,635,422,6,273,6,offspring:1
9848,hunt_start,Wolf,865,142,8,499,5,target:Parrot:890
9859,starvation,Parrot,296,34,5,407,5,
9859,hunt_start,Jaguar,2115,426,0,282,3,target:Lizard:1608
9864,reproduce,Musk Ox,2408,409,6,101,1,offspring:1
9866,kill,Frog,1319,177,4,57,2,killed_by:Wolf:1751
9867,hunt_fail,Jaguar,973,355,4,297,3,discomfort
9867,hunt_start,Wolf,1751,177,8,57,2,target:Frog:1328
9868,hunt_start,Shark,1884,232,3,148,3,target:Shroomer:519
9869,kill,Lizard,1608,429,4,282,6,killed_by:Jaguar:2115
9879,reproduce,Parrot,2022,110,9,500,1,offspring:1
9884,reproduce,Tapir,171,470,1,212,5,offspring:1
9885,spore_matured,Shroomer,-1,256,1,68,6,
9885,reproduce,Shroomer,-1,256,1,68,6,offspring:1
9894,kill,Penguin,1534,71,8,269,2,killed_by:Hawk:2404
9897,hunt_start,Hawk,562,1,4,264,6,target:Monkey:1895
9897,reproduce,Musk Ox,2398,169,4,93,9,offspring:1
9903,hunt_fail,Jaguar,2285,431,9,240,3,prey_escaped
9903,hunt_start,Jaguar,2285,431,9,240,3,target:Lizard:1711
9905,environment_death,Monkey,658,356,3,79,2,drowning
9909,age_death,Frog,335,462,6,6,0,
9910,reproduce,Deer,91,481,5,134,7,offspring:1
9911,reproduce,Elk,1967,187,7,442,4,offspring:1
9916,hunt_start,Jaguar,975,201,1,392,9,target:Boar:511
9933,hunt_start,Jaguar,933,328,6,308,6,target:Shroomer:20
9937,hunt_start,Boar,1106,20,3,295,0,target:Parrot:1077
9937,spore_matured,Shroomer,-1,478,5,16,3,
9937,reproduce,Shroomer,-1,478,5,16,3,offspring:1
9937,spore_matured,Shroomer,-1,488,8,23,3,
9937,reproduce,Shroomer,-1,488,8,23,3,offspring:1
9944,hunt_start,Boar,921,327,6,387,4,target:Frog:1463
9952,environment_death,Lizard,464,429,6,341,9,drowning
9952,kill,Shroomer,280,101,0,120,9,killed_by:Wolf:1089
9953,kill,Frog,1328,179,3,50,1,killed_by:Wolf:1751
9953,reproduce,Parrot,565,252,9,363,0,offspring:1
9954,hunt_start,Wolf,1751,179,2,50,4,target:Frog:1564
9958,starvation,Snake,946,165,0,471,6,
9964,reproduce,Deer,147,271,1,374,9,offspring:1
9964,reproduce,Monkey,1070,451,7,224,1,offspring:1
9967,spore_created,Shroomer,-1,483,3,27,8,
9971,kill,Lizard,1602,9,8,404,0,killed_by:Wolf:862
9972,hunt_start,Wolf,862,9,6,404,2,target:Lizard:1354
9973,reproduce,Monkey,1895,14,3,273,0,offspring:1
9982,spore_matured,Shroomer,-1,500,3,25,1,
9982,reproduce,Shroomer,-1,500,3,25,1,offspring:1
9994,kill,Shroomer,20,333,5,308,8,killed_by:Jaguar:933
9998,reproduce,Boar,2372,416,9,281,1,offspring:2
9999,hunt_start,Boar,2372,416,9,281,1,target:Penguin:1554
10000,age_death,Fish,992,34,7,322,2,
10000,age_death,Fish,993,33,4,323,3,
10000,age_death,Fish,996,32,7,321,0,
10000,age_death,Fish,997,33,3,320,2,
10000,reproduce,Musk Ox,2365,7,6,403,1,offspring:1
10000,spore_created,Shroomer,-1,518,5,-0,1,
10000,spore_created,Shroomer,-1,515,0,2,3,
10001,hunt_start,Jaguar,973,359,4,297,2,target:Monkey:1927
10002,starvation,Shroomer,866,237,8,58,9,
10002,hunt_start,Wolf,864,62,6,421,2,target:Boar:2307
10004,reproduce,Frog,2460,356,0,199,7,offspring:2
10005,environment_death,Monkey,643,430,1,343,4,drowning
10005,kill,Shroomer,519,224,2,143,5,killed_by:Shark:1884
10007,spore_created,Shroomer,-1,150,5,227,4,
10007,spore_created,Shroomer,-1,145,9,226,7,
10008,kill,Elk,403,296,8,90,3,killed_by:Polar Bear:465
10017,reproduce,Parrot,1894,385,1,399,1,offspring:1
10022,environment_death,Shroomer,1705,479,5,13,0,drowning
10024,spore_created,Shroomer,-1,466,0,18,3,
10025,starvation,Elk,1333,460,5,364,5,
10025,reproduce,Penguin,2239,495,5,253,1,offspring:1
10035,kill,Penguin,847,440,1,209,7,killed_by:Boar:108
10036,reproduce,Camel,2313,273,8,409,6,offspring:1
10054,starvation,Lizard,2306,233,5,106,6,
10054,hunt_start,Hawk,2404,70,1,271,1,target:Monkey:1956
10064,age_death,Lizard,489,269,2,177,0,
10064,spore_created,Shroomer,-1,238,1,89,1,
10064,spore_created,Shroomer,-1,235,3,82,0,
10065,age_death,Fish,1149,34,2,320,3,
10065,age_death,Fish,1150,34,2,321,2,
10065,reproduce,Elk,1438,60,8,171,9,offspring:1
10070,starvation,Tapir,1122,84,9,169,4,
10070,hunt_start,Wolf,1089,96,2,117,1,target:Shroomer:2081
10070,kill,Deer,1128,113,4,328,6,killed_by:Crocodile:1092
10072,hunt_start,Boar,443,312,3,233,1,target:Lizard:316
10072,reproduce,Parrot,1142,160,5,399,3,offspring:1
10075,reproduce,Parrot,2488,31,0,506,7,offspring:1
10087,hunt_start,Jaguar,2115,430,0,291,1,target:Monkey:1221
10090,reproduce,Camel,1298,346,1,413,0,offspring:1
10103,hunt_fail,Polar Bear,958,334,1,449,1,discomfort
10104,reproduce,Deer,2066,152,5,217,2,offspring:1
10110,spore_matured,Shroomer,-1,482,7,28,0,
10110,reproduce,Shroomer,-1,482,7,28,0,offspring:1
10116,starvation,Penguin,1107,222,7,275,4,
10120,kill,Lizard,1444,512,0,262,0,killed_by:Polar Bear:1099
10120,spore_matured,Shroomer,-1,518,5,-0,1,
10120,reproduce,Shroomer,-1,518,5,-0,1,offspring:1
10120,spore_matured,Shroomer,-1,515,0,2,3,
10120,reproduce,Shroomer,-1,515,0,2,3,offspring:1
10121,hunt_start,Polar Bear,1099,511,9,262,6,target:Lizard:505
10122,reproduce,Parrot,2401,276,9,420,8,offspring:1
10123,kill,Monkey,1895,22,0,287,7,killed_by:Hawk:562
10123,age_death,Fish,1168,33,1,322,1,
10123,age_death,Fish,1169,34,4,322,4,
10123,reproduce,Rabbit,1780,499,2,283,6,offspring:2
10124,reproduce,Musk Ox,225,318,4,66,6,offspring:1
10126,kill,Boar,2307,54,9,430,4,killed_by:Wolf:864
10127,hunt_start,Wolf,864,55,2,430,0,target:Turtle:684
10130,reproduce,Parrot,2124,292,1,339,3,offspring:1
10136,reproduce,Parrot,2215,22,7,145,1,offspring:1
10139,hunt_start,Jaguar,1097,362,3,326,4,target:Boar:2225
10140,age_death,Fish,274,390,5,351,6,
10140,age_death,Fish,278,391,5,350,8,
10140,age_death,Fish,1172,392,6,353,7,
10140,age_death,Fish,1174,366,3,352,0,
10140,age_death,Fish,1175,359,8,355,3,
10140,age_death,Fish,1176,362,7,353,7,
10140,age_death,Fish,1177,360,7,354,7,
10140,reproduce,Boar,1577,254,3,116,7,offspring:2
10141,reproduce,Monkey,699,425,4,205,1,offspring:1
10141,reproduce,Fish,1583,392,8,348,8,offspring:2
10144,reproduce,Turtle,373,192,2,72,2,offspring:1
10144,spore_created,Shroomer,-1,491,0,16,7,
10158,hunt_start,Boar,274,253,0,116,9,target:Lizard:1283
10158,hunt_start,Boar,278,253,0,116,9,target:Lizard:1283
10174,reproduce,Deer,2426,372,4,375,9,offspring:1
10175,hunt_start,Wolf,1549,105,0,136,7,target:Shroomer:1541
10179,spore_matured,Shroomer,-1,145,9,226,7,
10179,reproduce,Shroomer,-1,145,9,226,7,offspring:1
10179,spore_matured,Shroomer,-1,150,2,227,6,
10179,reproduce,Shroomer,-1,150,2,227,6,offspring:1
10181,hunt_start,Jaguar,1512,151,6,414,1,target:Lizard:1472
10184,starvation,Lizard,2448,0,0,512,0,
10184,hunt_fail,Boar,299,0,9,510,7,target_died
10184,hunt_start,Boar,299,0,9,510,7,target:Lizard:2422
10185,starvation,Rabbit,1261,384,0,272,7,
10186,reproduce,Fish,1582,391,7,349,8,offspring:2
10189,kill,Rabbit,1563,504,5,326,7,killed_by:Wolf:869
10189,reproduce,Rabbit,897,269,7,298,3,offspring:2
10190,hunt_start,Wolf,869,504,2,326,5,target:Rabbit:1110
10190,kill,Lizard,505,512,0,261,4,killed_by:Polar Bear:1099
10191,hunt_start,Polar Bear,1099,512,0,262,0,target:Penguin:318
10192,kill,Lizard,1472,148,8,416,7,killed_by:Jaguar:1512
10192,reproduce,Fish,1241,34,1,322,7,offspring:2
10196,spore_matured,Shroomer,-1,466,0,18,3,
10196,reproduce,Shroomer,-1,466,0,18,3,offspring:1
10203,hunt_start,Jaguar,1427,336,5,328,3,target:Shroomer:1098
10206,hunt_fail,Wolf,862,0,0,378,8,discomfort
10208,hunt_start,Polar Bear,2049,269,4,425,5,target:Deer:111
10236,hunt_fail,Jaguar,975,201,7,386,0,discomfort
10236,spore_matured,Shroomer,-1,235,2,82,1,
10236,reproduce,Shroomer,-1,235,2,82,1,offspring:1
10251,kill,Monkey,1956,79,4,245,1,killed_by:Hawk:2404
10256,age_death,Fish,11,101,4,189,3,
10258,reproduce,Fish,1238,33,6,323,1,offspring:2
10261,starvation,Elk,385,217,3,46,5,
10262,starvation,Rabbit,2216,200,6,135,4,
10263,hunt_fail,Wolf,865,178,8,466,5,discomfort
10263,spore_created,Shroomer,-1,507,1,3,7,
10263,spore_created,Shroomer,-1,504,9,15,9,
10274,kill,Shroomer,2081,85,7,129,5,killed_by:Wolf:1089
10275,starvation,Wolf,2102,184,5,489,2,
10278,reproduce,Monkey,2483,371,4,209,5,offspring:1
10283,hunt_start,Hawk,562,26,5,292,0,target:Penguin:1983
10289,reproduce,Monkey,656,396,6,139,9,offspring:1
10291,age_death,Lizard,480,506,1,506,7,
10294,kill,Turtle,684,72,6,432,6,killed_by:Wolf:864
10295,hunt_start,Wolf,864,72,2,432,5,target:Frog:2434
10296,hunt_start,Boar,2492,31,3,416,5,target:Lizard:2012
10298,spore_created,Shroomer,-1,502,6,17,9,
10298,spore_created,Shroomer,-1,491,5,20,1,
10301,reproduce,Elk,641,46,0,163,5,offspring:1
10302,hunt_start,Boar,1833,297,3,54,3,target:Shroomer:1091
10366,hunt_start,Jaguar,933,331,7,314,3,target:Shroomer:804
10366,age_death,Frog,319,114,5,262,1,
10366,reproduce,Lizard,1473,176,9,342,3,offspring:2
10372,hunt_start,Boar,1833,298,5,55,4,target:Shroomer:1091
10387,starvation,Arctic Fox,1316,381,3,181,2,
10387,reproduce,Elk,2424,154,2,142,9,offspring:1
10389,starvation,Turtle,364,229,9,114,9,
10389,reproduce,Rabbit,1110,480,9,338,3,offspring:2
10392,hunt_start,Jaguar,975,202,8,390,8,target:Boar:915
10392,hunt_start,Boar,1833,298,9,56,1,target:Shroomer:1091
10401,starvation,Jaguar,2160,125,5,479,9,
10402,reproduce,Monkey,899,16,9,291,9,offspring:1
10403,starvation,Shroomer,1840,330,7,301,9,
10409,hunt_start,Jaguar,1512,147,9,422,4,target:Elk:1222
10411,hunt_start,Hawk,2404,82,6,253,8,target:Penguin:478
10415,starvation,Parrot,2396,0,6,466,4,
10418,reproduce,Turtle,1776,198,2,205,6,offspring:1
10418,spore_created,Shroomer,-1,479,7,14,5,
10422,spore_matured,Shroomer,-1,493,3,21,4,
10422,reproduce,Shroomer,-1,493,3,21,4,offspring:1
10423,kill,Shroomer,1098,323,9,326,4,killed_by:Jaguar:1427
10423,reproduce,Frog,1171,117,7,261,4,offspring:2
10424,kill,Penguin,1983,34,6,276,6,killed_by:Hawk:562
10432,hunt_start,Bear,924,251,1,316,2,target:Frog:1855
10433,starvation,Jaguar,440,178,0,343,2,
10435,spore_matured,Shroomer,-1,505,2,15,8,
10435,reproduce,Shroomer,-1,505,2,15,8,offspring:1
10436,kill,Shroomer,1541,85,0,136,4,killed_by:Wolf:1549
10437,starvation,Rabbit,220,489,8,150,8,
10437,reproduce,Elk,898,164,7,92,2,offspring:1
10437,reproduce,Fish,1587,364,6,352,8,offspring:2
10439,spore_created,Shroomer,-1,250,0,76,9,
10439,spore_created,Shroomer,-1,251,8,84,1,
10458,starvation,Monkey,659,86,3,164,5,
10458,kill,Shroomer,804,336,5,312,3,killed_by:Jaguar:933
10460,reproduce,Boar,1503,387,9,94,9,offspring:2
10464,kill,Penguin,318,507,9,282,0,killed_by:Polar Bear:1099
10465,hunt_start,Polar Bear,1099,508,0,281,4,target:Rabbit:1895
10466,reproduce,Penguin,2296,505,7,243,1,offspring:1
10470,spore_matured,Shroomer,-1,502,1,17,5,
10470,reproduce,Shroomer,-1,502,1,17,5,offspring:1
10480,environment_death,Shroomer,576,509,7,29,3,drowning
10481,reproduce,Camel,2364,319,6,413,6,offspring:1
10482,kill,Faeling,1207,350,5,105,5,killed_by:Shroomer:1014
10484,age_death,Fish,344,98,9,196,0,
10484,age_death,Fish,772,97,6,198,3,
10488,kill,Frog,2434,79,0,444,6,killed_by:Wolf:864
10488,reproduce,Tapir,304,130,5,506,1,offspring:1
10489,hunt_start,Wolf,864,78,8,444,3,target:Boar:1709
10497,starvation,Shroomer,854,318,8,464,3,
10498,age_death,Fish,1204,35,3,320,9,
10498,age_death,Fish,1205,35,8,321,6,
10499,spore_created,Shroomer,-1,459,4,402,4,
10499,spore_created,Shroomer,-1,457,8,394,0,
10501,reproduce,Monkey,1843,15,3,269,1,offspring:1
10504,reproduce,Tapir,724,354,9,126,0,offspring:1
10504,reproduce,Shark,1884,225,6,143,6,offspring:1
10505,hunt_start,Shark,1204,223,2,146,3,target:Lizard:1045
10505,hunt_start,Shark,1884,225,5,143,7,target:Lizard:1045
10505,spore_created,Shroomer,-1,288,9,76,6,
10513,starvation,Rabbit,1987,363,1,216,2,
10522,reproduce,Camel,516,444,1,480,6,offspring:1
10524,reproduce,Penguin,739,47,7,277,9,offspring:1
10530,hunt_start,Boar,1094,293,3,60,3,target:Shroomer:1091
10537,hunt_start,Wolf,1089,82,4,117,1,target:Lizard:2379
10538,environment_death,Shroomer,750,94,8,165,0,drowning
10539,spore_created,Shroomer,-1,486,6,14,6,
10547,hunt_start,Wolf,862,14,9,377,8,target:Deer:1159
10549,starvation,Musk Ox,606,150,5,103,5,
10550,reproduce,Elk,1023,22,4,248,7,offspring:1
10551,hunt_start,Polar Bear,465,295,5,83,8,target:Shroomer:1256
10553,hunt_start,Jaguar,1644,349,6,331,4,target:Boar:846
10566,spore_matured,Shroomer,-1,249,9,77,3,
10566,reproduce,Shroomer,-1,249,9,77,3,offspring:1
10569,kill,Penguin,478,66,0,264,6,killed_by:Hawk:2404
10571,starvation,Lizard,2422,0,0,512,0,
10571,hunt_fail,Boar,299,0,9,510,7,target_died
10572,age_death,Fish,1228,101,8,200,2,
10572,age_death,Fish,1229,102,0,199,2,
10577,kill,Elk,1222,161,8,420,3,killed_by:Jaguar:1512
10577,reproduce,Elk,75,146,7,393,8,offspring:1
10580,reproduce,Elk,1747,176,2,87,7,offspring:1
10581,reproduce,Penguin,298,483,5,300,3,offspring:1
10584,hunt_start,Hawk,562,38,8,275,3,target:Penguin:770
10588,reproduce,Fish,1246,34,2,321,6,offspring:2
10595,hunt_start,Boar,2492,31,2,421,4,target:Lizard:2012
10598,starvation,Parrot,2190,191,5,512,0,
10599,age_death,Lizard,462,77,0,203,0,
10600,age_death,Fish,1238,33,6,323,0,
10600,age_death,Fish,1239,35,0,322,0,
10600,age_death,Fish,1240,32,9,323,0,
10600,age_death,Fish,1241,34,3,322,8,
10600,age_death,Fish,1243,32,4,320,1,
10600,age_death,Fish,1244,33,1,321,5,
10600,age_death,Fish,1245,34,1,322,1,
10600,age_death,Fish,1246,34,2,321,6,
10600,age_death,Fish,1247,33,1,322,3,
10600,age_death,Fish,1248,33,5,321,8,
10600,age_death,Fish,1249,33,5,320,8,
10600,reproduce,Musk Ox,1854,392,7,102,7,offspring:1
10603,reproduce,Tapir,868,210,2,244,0,offspring:1
10603,reproduce,Elk,2055,490,1,278,4,offspring:1
10605,reproduce,Elk,215,175,8,433,0,offspring:1
10606,reproduce,Camel,783,251,8,101,1,offspring:1
10606,reproduce,Parrot,2400,287,1,333,5,offspring:1
10609,reproduce,Turtle,370,145,1,430,6,offspring:1
10609,reproduce,Parrot,1305,400,8,390,7,offspring:1
10611,spore_matured,Shroomer,-1,251,2,83,6,
10611,reproduce,Shroomer,-1,251,2,83,6,offspring:1
10614,reproduce,Lizard,2431,497,2,256,0,offspring:2
10614,spore_created,Shroomer,-1,503,2,26,7,
10614,spore_created,Shroomer,-1,504,4,29,4,
10619,hunt_fail,Wolf,862,19,9,374,0,discomfort
10620,hunt_start,Bear,923,82,0,93,5,target:Musk Ox:342
10622,environment_death,Deer,111,248,2,406,8,drowning
10622,hunt_fail,Polar Bear,2049,251,2,409,4,target_died
10622,hunt_start,Polar Bear,2049,251,2,409,4,target:Fish:1525
10625,spore_matured,Shroomer,-1,288,9,76,6,
10625,reproduce,Shroomer,-1,288,9,76,6,offspring:1
10630,spore_created,Shroomer,-1,254,1,79,3,
10630,spore_created,Shroomer,-1,256,6,87,4,
10633,kill,Rabbit,1110,461,2,348,3,killed_by:Wolf:869
10634,hunt_start,Wolf,869,461,6,348,1,target:Monkey:1272
10640,spore_created,Shroomer,-1,468,2,357,5,
10645,hunt_fail,Jaguar,973,366,1,265,0,discomfort
10650,hunt_fail,Wolf,869,462,4,348,9,discomfort
10651,starvation,Boar,2442,36,8,329,6,
10651,reproduce,Musk Ox,2388,390,1,116,3,offspring:1
10667,hunt_start,Crocodile,1092,118,0,329,8,target:Parrot:683
10671,starvation,Boar,2412,38,1,328,4,
10671,spore_matured,Shroomer,-1,457,8,394,0,
10671,reproduce,Shroomer,-1,457,8,394,0,offspring:1
10673,kill,Shroomer,1256,290,2,81,2,killed_by:Polar Bear:465
10673,reproduce,Elk,1310,469,2,353,9,offspring:1
10677,reproduce,Parrot,1075,389,2,399,2,offspring:1
10678,kill,Boar,1709,82,6,458,5,killed_by:Wolf:864
10679,hunt_start,Wolf,864,82,4,458,1,target:Frog:1985
10681,starvation,Rabbit,1483,430,2,339,6,
10681,reproduce,Elk,1553,35,2,369,0,offspring:1
10682,age_death,Fish,1293,246,6,403,0,
10682,age_death,Fish,1294,244,7,404,2,
10682,reproduce,Boar,1007,429,3,133,2,offspring:2
10688,reproduce,Parrot,1891,405,7,480,7,offspring:1
10697,hunt_start,Jaguar,969,10,9,455,4,target:Turtle:361
10700,starvation,Wolf,865,177,2,478,0,
10703,spore_created,Shroomer,-1,235,9,74,8,
10706,kill,Penguin,770,43,5,261,6,killed_by:Hawk:562
10707,hunt_start,Boar,1293,426,1,135,9,target:Lizard:2079
10711,spore_matured,Shroomer,-1,486,6,14,4,
10711,reproduce,Shroomer,-1,486,6,14,4,offspring:1
10712,spore_created,Shroomer,-1,517,2,18,3,
10717,hunt_start,Boar,274,246,7,89,7,target:Shroomer:961
10720,age_death,Fish,1061,99,0,195,0,
10720,age_death,Fish,1313,97,6,196,5,
10724,reproduce,Monkey,2233,398,0,340,1,offspring:1
10726,kill,Musk Ox,342,85,3,99,9,killed_by:Bear:923
10728,reproduce,Turtle,1708,29,4,435,4,offspring:1
10729,hunt_start,Hawk,2404,70,2,272,6,target:Monkey:1827
10729,reproduce,Lizard,182,507,2,241,3,offspring:2
10730,kill,Boar,846,355,1,326,4,killed_by:Jaguar:1644
10734,spore_created,Shroomer,-1,498,6,-0,9,
10734,spore_created,Shroomer,-1,508,1,1,4,
10734,spore_matured,Shroomer,-1,503,3,26,7,
10734,reproduce,Shroomer,-1,503,3,26,7,offspring:1
10738,starvation,Hawk,2086,30,1,375,3,
10738,kill,Boar,2225,353,5,310,9,killed_by:Jaguar:1097
10738,spore_created,Shroomer,-1,81,3,249,0,
10738,spore_created,Shroomer,-1,83,8,259,3,
10739,hunt_start,Jaguar,1097,354,0,311,2,target:Shroomer:834
10741,hunt_fail,Jaguar,971,92,3,397,3,discomfort
10753,hunt_start,Wolf,869,460,0,351,4,target:Shroomer:2416
10760,reproduce,Fish,1420,98,6,184,8,offspring:2
10799,spore_matured,Shroomer,-1,254,1,80,0,
10799,reproduce,Shroomer,-1,254,1,80,0,offspring:1
10802,spore_matured,Shroomer,-1,257,1,87,7,
10802,reproduce,Shroomer,-1,257,1,87,7,offspring:1
10812,hunt_start,Jaguar,973,370,2,266,6,target:Boar:2017
10812,hunt_fail,Jaguar,975,203,3,389,4,discomfort
10812,spore_matured,Shroomer,-1,468,5,357,6,
10812,reproduce,Shroomer,-1,468,5,357,6,offspring:1
10813,hunt_fail,Wolf,864,74,9,452,8,discomfort
10818,kill,Boar,2017,372,0,265,0,killed_by:Jaguar:973
10819,hunt_start,Jaguar,973,371,5,265,5,target:Monkey:2071
10823,spore_created,Shroomer,-1,299,0,49,6,
10823,spore_created,Shroomer,-1,310,2,47,9,
10830,hunt_start,Jaguar,933,332,7,316,7,target:Shroomer:761
10832,spore_matured,Shroomer,-1,517,2,18,3,
10832,reproduce,Shroomer,-1,517,2,18,3,offspring:1
10833,age_death,Fish,1371,241,3,403,7,
10833,age_death,Fish,1372,239,1,406,2,
10840,hunt_start,Jaguar,1427,325,7,328,0,target:Shroomer:711
10840,reproduce,Deer,1866,102,3,322,2,offspring:1
10843,reproduce,Deer,1977,149,6,321,7,offspring:1
10845,environment_death,Monkey,642,406,5,346,3,drowning
10845,starvation,Lizard,258,197,4,335,7,
10845,starvation,Lizard,568,196,9,327,6,
10846,reproduce,Tapir,259,308,6,92,2,offspring:1
10848,reproduce,Deer,1381,239,4,488,8,offspring:1
10848,reproduce,Elk,2005,374,9,482,6,offspring:1
10848,reproduce,Elk,2175,345,0,480,2,offspring:1
10850,hunt_fail,Wolf,869,463,4,355,9,discomfort
10858,spore_matured,Shroomer,-1,81,3,249,0,
10858,reproduce,Shroomer,-1,81,3,249,0,offspring:1
10863,hunt_start,Jaguar,971,92,1,401,7,target:Parrot:1567
10866,hunt_start,Hawk,562,50,9,263,2,target:Penguin:1954
10874,starvation,Turtle,1016,375,4,342,7,
10892,reproduce,Tapir,1237,131,3,121,6,offspring:1
10904,hunt_start,Boar,1364,277,0,52,8,target:Lizard:2228
10906,spore_matured,Shroomer,-1,498,6,-0,9,
10906,reproduce,Shroomer,-1,498,6,-0,9,offspring:1
10906,spore_matured,Shroomer,-1,83,2,258,2,
10906,reproduce,Shroomer,-1,83,2,258,2,offspring:1
10907,hunt_start,Boar,274,247,0,86,6,target:Shroomer:961
10913,hunt_fail,Bear,924,244,2,294,7,discomfort
10917,kill,Shroomer,834,344,5,318,3,killed_by:Jaguar:1097
10918,age_death,Rabbit,247,127,5,98,2,
10919,reproduce,Frog,2437,26,1,444,1,offspring:2
10932,starvation,Lizard,1315,377,2,342,6,
10935,hunt_start,Wolf,862,25,1,368,5,target:Deer:1159
10937,hunt_start,Wolf,1549,76,0,109,6,target:Lizard:2378
10938,reproduce,Penguin,1266,414,8,252,1,offspring:1
10943,starvation,Monkey,436,265,4,209,6,
10949,hunt_start,Jaguar,1512,165,1,435,0,target:Elk:1302
10951,reproduce,Parrot,2304,8,8,478,9,offspring:1
10954,starvation,Musk Ox,581,119,5,36,5,
10967,kill,Monkey,1827,89,8,245,2,killed_by:Hawk:2404
10968,reproduce,Boar,1976,410,3,335,1,offspring:2
10969,hunt_start,Boar,1976,410,3,335,1,target:Lizard:2203
10971,environment_death,Shroomer,1494,509,8,29,1,drowning
10973,reproduce,Musk Ox,2157,341,5,231,8,offspring:1
10981,starvation,Penguin,2092,31,9,326,3,
10981,reproduce,Faeling,1,355,1,94,7,offspring:1
10986,hunt_fail,Jaguar,973,378,9,273,9,discomfort
10989,hunt_start,Wolf,869,464,8,359,1,target:Shroomer:1110
10992,starvation,Hawk,935,326,0,490,8,
10993,spore_created,Shroomer,-1,256,5,80,1,
10994,hunt_start,Wolf,864,72,8,450,6,target:Lizard:1904
10995,spore_matured,Shroomer,-1,299,1,49,9,
10995,reproduce,Shroomer,-1,299,1,49,9,offspring:1
10997,starvation,Musk Ox,1067,144,6,108,0,
11001,reproduce,Frog,2436,193,6,80,3,offspring:2
11005,hunt_start,Bear,924,244,1,295,4,target:Frog:1628
11018,kill,Penguin,1954,39,4,278,4,killed_by:Hawk:562
11020,age_death,Fish,1418,97,6,189,5,
11020,age_death,Fish,1420,98,6,184,8,
11020,age_death,Fish,1422,98,9,200,3,
11020,reproduce,Deer,1970,317,8,100,2,offspring:1
11021,reproduce,Elk,415,259,7,194,8,offspring:1
11021,reproduce,Camel,500,217,5,225,6,offspring:1
11039,hunt_start,Jaguar,975,200,4,397,1,target:Parrot:901
11050,spore_created,Shroomer,-1,500,9,17,5,
11052,age_death,Lizard,488,214,0,403,0,
11055,spore_created,Shroomer,-1,133,2,238,1,
11056,hunt_start,Bear,923,83,3,96,7,target:Lizard:2378
11072,kill,Deer,1159,15,9,356,6,killed_by:Wolf:862
11073,hunt_start,Wolf,862,16,2,356,9,target:Deer:982
11073,spore_created,Shroomer,-1,164,6,212,9,
11079,kill,Shroomer,1110,470,4,356,5,killed_by:Wolf:869
11080,hunt_start,Wolf,869,469,9,356,8,target:Shroomer:2416
11081,starvation,Lizard,1051,252,7,220,4,
11081,hunt_fail,Shark,1181,229,0,215,1,target_died
11081,hunt_start,Shark,1181,229,0,215,1,target:Camel:2253
11082,reproduce,Monkey,2339,500,6,419,4,offspring:1
11085,reproduce,Fish,208,245,9,402,4,offspring:2
11097,starvation,Parrot,1949,417,5,463,6,
11101,reproduce,Boar,108,450,0,201,1,offspring:2
11120,spore_matured,Shroomer,-1,256,6,79,7,
11120,reproduce,Shroomer,-1,256,6,79,7,offspring:1
11127,hunt_start,Hawk,2404,89,0,245,3,target:Lizard:14
11131,starvation,Lizard,1955,393,5,205,4,
11131,hunt_fail,Boar,2324,401,5,205,7,target_died
11131,hunt_fail,Boar,2325,401,0,208,8,target_died
11135,reproduce,Rabbit,687,257,9,298,9,offspring:2
11142,starvation,Jaguar,969,14,2,457,8,
11143,reproduce,Fish,1878,98,4,186,9,offspring:2
11150,kill,Shroomer,711,323,2,318,6,killed_by:Jaguar:1427
11158,spore_created,Shroomer,-1,78,0,253,5,
11165,starvation,Shroomer,307,509,6,39,3,
11170,spore_matured,Shroomer,-1,500,7,17,6,
11170,reproduce,Shroomer,-1,500,7,17,6,offspring:1
11177,hunt_start,Boar,274,245,3,85,9,target:Shroomer:961
11178,hunt_start,Hawk,562,41,8,280,5,target:Penguin:2107
11181,starvation,Lizard,1040,160,8,283,6,
11181,hunt_fail,Shark,1093,145,4,281,1,target_died
11181,hunt_start,Shark,1093,145,4,281,1,target:Parrot:2076
11181,reproduce,Rabbit,245,485,0,287,7,offspring:2
11187,age_death,Frog,321,126,2,250,6,
11187,reproduce,Monkey,289,257,7,194,1,offspring:1
11208,starvation,Parrot,651,56,0,398,1,
11214,kill,Shroomer,2416,465,0,349,2,killed_by:Wolf:869
11216,starvation,Parrot,1115,29,6,401,3,
11216,hunt_start,Polar Bear,465,296,3,77,7,target:Camel:2294
11216,reproduce,Frog,1369,31,8,443,7,offspring:2
11216,reproduce,Frog,1741,337,9,448,1,offspring:2
11222,kill,Camel,2253,216,7,217,9,killed_by:Shark:1181
11224,starvation,Wolf,1751,170,2,59,1,
11225,reproduce,Elk,2166,14,3,367,9,offspring:1
11227,reproduce,Elk,2406,40,4,360,9,offspring:1
11227,spore_matured,Shroomer,-1,133,2,238,1,
11227,reproduce,Shroomer,-1,133,2,238,1,offspring:1
11231,hunt_fail,Wolf,862,10,0,354,8,discomfort
11245,spore_matured,Shroomer,-1,164,5,212,6,
11245,reproduce,Shroomer,-1,164,5,212,6,offspring:1
11259,hunt_start,Boar,581,406,3,337,2,target:Lizard:2202
11266,kill,Frog,1628,223,8,295,5,killed_by:Bear:924
11267,hunt_start,Bear,924,224,6,295,5,target:Deer:2440
11269,starvation,Rabbit,546,223,5,276,5,
11270,starvation,Parrot,1572,103,5,443,5,
11278,spore_matured,Shroomer,-1,78,0,253,5,
11278,reproduce,Shroomer,-1,78,0,253,5,offspring:1
11282,age_death,Fish,208,246,0,402,4,
11282,age_death,Fish,1475,245,0,402,5,
11282,age_death,Fish,1477,236,8,420,8,
11282,reproduce,Jaguar,973,377,5,274,0,offspring:1
11283,hunt_start,Jaguar,546,374,9,273,4,target:Monkey:2071
11283,reproduce,Hawk,562,37,6,292,4,offspring:1
11283,reproduce,Musk Ox,1499,31,6,283,7,offspring:1
11283,reproduce,Turtle,2152,395,7,414,4,offspring:1
11284,hunt_start,Hawk,1572,36,1,291,1,target:Penguin:2107
11288,reproduce,Boar,351,446,2,418,1,offspring:2
11289,hunt_start,Jaguar,1097,349,2,303,8,target:Boar:428
11289,hunt_start,Boar,1475,443,4,420,2,target:Monkey:1953
11289,hunt_start,Boar,1477,443,4,420,2,target:Monkey:1953
11302,kill,Penguin,2107,37,1,294,7,killed_by:Hawk:562
11302,kill,Penguin,2107,37,1,294,7,killed_by:Hawk:1572
11303,hunt_start,Hawk,562,37,2,294,4,target:Penguin:1672
11303,hunt_start,Hawk,1572,37,1,294,0,target:Penguin:1672
11308,reproduce,Elk,1945,26,9,356,4,offspring:1
11328,kill,Elk,1302,167,8,421,6,killed_by:Jaguar:1512
11329,hunt_fail,Jaguar,941,173,1,422,1,target_died
11329,hunt_start,Jaguar,941,173,1,422,1,target:Frog:2060
11331,reproduce,Boar,2247,106,4,463,2,offspring:2
11332,starvation,Deer,1253,17,4,251,5,
11341,age_death,Lizard,477,263,5,507,3,
11344,starvation,Rabbit,312,225,5,460,6,
11345,reproduce,Tapir,2328,279,9,88,7,offspring:1
11347,age_death,Fish,207,139,5,378,5,
11347,reproduce,Fish,1374,255,1,405,5,offspring:2
11349,hunt_fail,Bear,923,71,8,84,5,discomfort
11351,age_death,Frog,336,493,5,19,5,
11355,reproduce,Elk,1163,173,6,139,2,offspring:1
11360,reproduce,Fish,1956,32,7,320,9,offspring:2
11389,hunt_start,Polar Bear,958,344,4,449,6,target:Frog:1741
11390,kill,Lizard,14,124,7,229,5,killed_by:Hawk:2404
11391,hunt_start,Hawk,2404,124,5,229,6,target:Monkey:670
11397,reproduce,Elk,2468,142,8,400,0,offspring:1
11403,kill,Camel,2294,298,2,68,7,killed_by:Polar Bear:465
11406,reproduce,Elk,1396,260,4,194,4,offspring:1
11407,kill,Boar,428,344,6,307,5,killed_by:Jaguar:1097
11408,reproduce,Fish,1868,100,4,194,4,offspring:2
11411,hunt_start,Wolf,862,17,3,360,3,target:Deer:338
11415,kill,Penguin,1672,39,4,310,0,killed_by:Hawk:562
11416,hunt_fail,Hawk,1572,39,3,309,3,target_died
11416,hunt_start,Hawk,1572,39,3,309,3,target:Monkey:1813
11417,spore_created,Shroomer,-1,157,8,207,5,
11427,age_death,Fish,1374,255,1,405,5,
11427,age_death,Fish,1486,257,0,406,6,
11428,reproduce,Turtle,378,401,9,302,8,offspring:1
11444,reproduce,Penguin,1932,212,4,271,7,offspring:1
11453,age_death,Fish,1522,242,3,402,5,
11453,age_death,Fish,1523,244,1,402,1,
11453,age_death,Fish,1525,211,9,420,2,
11454,hunt_fail,Polar Bear,2049,218,1,417,2,target_died
11454,hunt_start,Polar Bear,2049,218,1,417,2,target:Lizard:1184
11454,reproduce,Monkey,187,450,3,225,2,offspring:1
11466,starvation,Hawk,2229,34,0,330,8,
11468,reproduce,Frog,481,472,5,2,2,offspring:2
11469,reproduce,Elk,1391,499,2,380,6,offspring:1
11483,hunt_fail,Wolf,864,12,8,443,0,discomfort
11492,starvation,Shroomer,2333,492,8,29,6,
11492,reproduce,Jaguar,1644,369,7,334,3,offspring:1
11500,hunt_start,Wolf,869,481,3,345,4,target:Monkey:1272
11521,kill,Deer,2440,240,0,284,4,killed_by:Bear:924
11522,hunt_start,Bear,924,239,4,284,8,target:Penguin:1059
11522,hunt_start,Jaguar,1427,323,0,318,1,target:Shroomer:202
11522,reproduce,Penguin,1859,42,9,287,6,offspring:1
11525,hunt_start,Polar Bear,955,363,6,83,1,target:Deer:1304
11537,spore_matured,Shroomer,-1,157,8,207,5,
11537,reproduce,Shroomer,-1,157,8,207,5,offspring:1
11548,starvation,Frog,1565,223,8,75,0,
11548,reproduce,Elk,1664,150,8,143,0,offspring:1
11556,hunt_fail,Polar Bear,955,362,6,84,5,discomfort
11558,hunt_start,Jaguar,2333,370,9,335,8,target:Lizard:2202
11571,starvation,Frog,25,212,2,71,7,
11575,hunt_start,Hawk,562,35,6,305,5,target:Penguin:820
11578,reproduce,Fish,1743,234,5,381,0,offspring:2
11584,starvation,Turtle,377,217,1,302,1,
11589,spore_created,Shroomer,-1,315,8,56,2,
11592,kill,Parrot,901,181,6,393,0,killed_by:Jaguar:975
11592,spore_created,Shroomer,-1,62,1,277,6,
11593,hunt_start,Jaguar,975,182,1,393,1,target:Parrot:219
11594,kill,Frog,1741,329,9,455,4,killed_by:Polar Bear:958
11595,hunt_start,Polar Bear,958,330,6,455,1,target:Lizard:1382
11596,starvation,Parrot,2390,103,4,169,4,
11599,spore_created,Shroomer,-1,64,5,274,6,
11599,spore_created,Shroomer,-1,69,0,272,3,
11602,kill,Shroomer,202,326,9,316,4,killed_by:Jaguar:1427
11603,spore_created,Shroomer,-1,518,3,23,8,
11606,starvation,Elk,429,18,5,248,8,
11607,hunt_start,Boar,2325,408,2,209,2,target:Lizard:2205
11616,starvation,Turtle,380,92,8,171,0,
11616,reproduce,Rabbit,243,458,3,135,9,offspring:2
11624,reproduce,Lizard,2378,59,7,78,7,offspring:2
11625,kill,Deer,338,32,4,345,3,killed_by:Wolf:862
11626,hunt_start,Wolf,862,32,4,345,8,target:Deer:1885
11633,hunt_start,Jaguar,1644,367,5,332,4,target:Lizard:2202
11636,age_death,Fish,273,404,0,350,2,
11636,age_death,Fish,1579,404,7,353,5,
11636,age_death,Fish,1582,391,9,349,9,
11636,age_death,Fish,1583,392,8,348,7,
11636,age_death,Fish,1584,377,7,349,9,
11636,age_death,Fish,1585,376,6,349,6,
11636,age_death,Fish,1586,364,7,353,9,
11636,age_death,Fish,1587,364,7,352,8,
11636,age_death,Fish,1588,361,5,353,8,
11636,age_death,Fish,1589,362,0,352,9,
11636,age_death,Fish,1590,362,9,352,2,
11636,age_death,Fish,1591,364,0,352,1,
11636,reproduce,Monkey,180,24,7,281,4,offspring:1
11636,reproduce,Fish,1873,104,4,197,8,offspring:2
11636,reproduce,Monkey,1927,359,1,266,4,offspring:1
11636,reproduce,Fish,2216,361,8,350,0,offspring:2
11637,reproduce,Lizard,2114,210,5,265,9,offspring:2
11639,reproduce,Parrot,1413,309,2,459,4,offspring:1
11643,reproduce,Camel,2057,25,6,347,6,offspring:1
11648,reproduce,Wolf,869,476,4,358,3,offspring:1
11650,reproduce,Monkey,1678,28,5,268,5,offspring:1
11661,spore_created,Shroomer,-1,507,5,21,3,
11663,age_death,Lizard,460,452,7,489,4,
11671,reproduce,Musk Ox,622,13,5,392,5,offspring:1
11676,starvation,Fish,1261,395,4,300,2,
11676,spore_created,Shroomer,-1,305,9,75,1,
11700,hunt_start,Jaguar,1512,171,7,436,6,target:Frog:1727
11701,kill,Penguin,1059,246,0,274,5,killed_by:Bear:924
11702,hunt_start,Bear,924,245,6,275,1,target:Frog:1629
11703,starvation,Shroomer,2452,237,0,58,2,
11703,reproduce,Parrot,608,8,9,136,3,offspring:1
11705,spore_created,Shroomer,-1,74,9,244,3,
11707,kill,Frog,1727,173,8,435,1,killed_by:Jaguar:1512
11713,hunt_fail,Jaguar,971,59,3,395,5,discomfort
11720,starvation,Frog,1564,146,0,83,1,
11722,kill,Penguin,820,46,4,290,3,killed_by:Hawk:562
11723,reproduce,Deer,1958,250,3,440,4,offspring:1
11723,spore_matured,Shroomer,-1,518,3,23,8,
11723,reproduce,Shroomer,-1,518,3,23,8,offspring:1
11724,reproduce,Fish,11,32,3,321,8,offspring:2
11746,starvation,Monkey,1997,57,0,154,7,
11747,starvation,Monkey,329,345,0,116,0,
11748,reproduce,Camel,904,270,9,405,2,offspring:1
11749,spore_created,Shroomer,-1,312,2,78,7,
11750,starvation,Shroomer,1557,254,5,67,5,
11753,spore_matured,Shroomer,-1,67,4,271,8,
11753,reproduce,Shroomer,-1,67,4,271,8,offspring:1
11757,hunt_fail,Wolf,869,475,4,360,0,discomfort
11761,spore_matured,Shroomer,-1,315,5,56,3,
11761,reproduce,Shroomer,-1,315,5,56,3,offspring:1
11766,reproduce,Frog,1464,388,6,412,9,offspring:2
11770,spore_matured,Shroomer,-1,64,1,274,0,
11770,reproduce,Shroomer,-1,64,1,274,0,offspring:1
11781,spore_matured,Shroomer,-1,507,4,21,4,
11781,reproduce,Shroomer,-1,507,4,21,4,offspring:1
11783,hunt_start,Shark,1181,221,1,212,5,target:Turtle:1840
11788,starvation,Rabbit,264,429,5,339,5,
11791,hunt_fail,Wolf,862,43,8,340,1,discomfort
11792,hunt_start,Wolf,864,23,6,443,1,target:Frog:651
11800,kill,Shroomer,761,332,0,305,8,killed_by:Jaguar:933
11806,environment_death,Monkey,670,152,6,196,5,drowning
11806,hunt_fail,Hawk,2404,147,5,199,2,target_died
11808,spore_created,Shroomer,-1,478,7,47,9,
11808,spore_created,Shroomer,-1,477,1,49,4,
11811,hunt_fail,Polar Bear,958,322,9,468,4,discomfort
11814,reproduce,Monkey,1530,255,2,95,3,offspring:1
11815,age_death,Rabbit,251,259,3,249,3,
11817,hunt_start,Polar Bear,955,360,3,84,0,target:Monkey:2374
11820,reproduce,Parrot,1373,468,0,70,5,offspring:1
11825,spore_matured,Shroomer,-1,74,9,244,3,
11825,reproduce,Shroomer,-1,74,9,244,3,offspring:1
11837,starvation,Shroomer,917,245,1,136,6,
11840,hunt_start,Wolf,869,475,7,355,0,target:Lizard:1532
11841,age_death,Frog,309,194,5,256,4,
11842,reproduce,Deer,1332,420,0,5,0,offspring:1
11846,starvation,Parrot,1691,311,4,495,4,
11848,spore_matured,Shroomer,-1,305,9,75,1,
11848,reproduce,Shroomer,-1,305,9,75,1,offspring:1
11852,hunt_start,Jaguar,971,65,1,395,6,target:Parrot:1156
11853,hunt_start,Hawk,2404,145,7,200,6,target:Lizard:1637
11853,reproduce,Monkey,1328,450,7,201,9,offspring:1
11862,reproduce,Elk,402,344,7,53,2,offspring:1
11871,hunt_start,Jaguar,1512,175,0,441,7,target:Elk:335
11882,hunt_start,Hawk,562,40,8,283,1,target:Penguin:1859
11882,hunt_start,Wolf,1589,475,6,355,7,target:Lizard:1532
11892,starvation,Monkey,1032,74,7,171,5,
11896,spore_created,Shroomer,-1,235,1,63,1,
11903,age_death,Rabbit,194,267,2,149,5,
11909,hunt_fail,Wolf,864,28,8,452,6,discomfort
11914,reproduce,Fish,1175,382,0,351,8,offspring:2
11921,spore_matured,Shroomer,-1,312,3,76,1,
11921,reproduce,Shroomer,-1,312,3,76,1,offspring:1
11928,spore_matured,Shroomer,-1,479,0,47,8,
11928,reproduce,Shroomer,-1,479,0,47,8,offspring:1
11936,reproduce,Elk,692,341,2,67,9,offspring:1
11946,hunt_start,Polar Bear,465,305,2,71,1,target:Boar:1095
11968,kill,Lizard,2228,272,6,81,0,killed_by:Boar:1364
11970,spore_created,Shroomer,-1,81,2,261,4,
11971,hunt_start,Wolf,862,40,3,347,4,target:Deer:1886
11980,spore_created,Shroomer,-1,503,9,21,0,
11986,kill,Penguin,1859,33,1,275,4,killed_by:Hawk:562
11997,reproduce,Turtle,2139,333,9,43,6,offspring:1
11999,kill,Turtle,1840,207,3,201,6,killed_by:Shark:1181
12000,age_death,Lizard,1028,410,5,316,5,
12000,age_death,Lizard,1029,369,2,441,6,
12000,age_death,Lizard,1031,352,7,149,5,
12000,age_death,Lizard,1033,389,1,157,2,
12000,age_death,Lizard,1034,355,2,155,7,
12000,age_death,Lizard,1035,134,6,466,9,
12000,age_death,Lizard,1036,124,5,469,3,
12000,age_death,Lizard,1037,440,3,230,0,
12000,age_death,Lizard,1047,37,3,422,3,
12000,age_death,Lizard,1048,5,1,393,6,
12000,age_death,Lizard,1049,123,4,260,1,
12000,age_death,Lizard,1050,130,2,289,6,
12000,reproduce,Tapir,171,463,5,223,2,offspring:1
12000,reproduce,Parrot,1305,406,6,384,9,offspring:1
12001,reproduce,Camel,55,387,8,162,9,offspring:1
12001,reproduce,Parrot,1075,414,4,379,9,offspring:1
12001,reproduce,Frog,1985,72,2,446,6,offspring:2
12002,reproduce,Fish,994,235,1,379,4,offspring:2
12003,reproduce,Frog,1629,257,5,260,6,offspring:2
12005,reproduce,Parrot,882,11,6,285,6,offspring:1
12007,reproduce,Lizard,1548,381,2,335,8,offspring:2
12010,starvation,Shroomer,2487,165,4,243,2,
12011,kill,Elk,335,176,8,453,7,killed_by:Jaguar:1512
12011,reproduce,Monkey,637,84,8,320,4,offspring:1
12011,reproduce,Monkey,995,124,5,321,2,offspring:1
12044,age_death,Frog,1132,164,6,359,1,
12044,age_death,Frog,1133,151,4,378,8,
12044,reproduce,Boar,299,3,9,492,8,offspring:2
12062,starvation,Shroomer,844,414,5,123,5,
12062,hunt_start,Polar Bear,958,325,1,468,3,target:Lizard:1382
12063,starvation,Wolf,27,460,3,230,1,
12069,age_death,Lizard,1153,278,9,492,9,
12069,age_death,Lizard,1154,268,7,483,4,
12069,reproduce,Musk Ox,1624,3,4,393,6,offspring:1
12070,reproduce,Deer,894,420,2,10,1,offspring:1
12070,reproduce,Monkey,1706,153,9,322,3,offspring:1
12073,reproduce,Lizard,1390,301,5,502,9,offspring:2
12079,kill,Boar,1095,297,5,71,5,killed_by:Polar Bear:465
12081,reproduce,Monkey,1221,475,3,294,4,offspring:1
12086,hunt_start,Bear,923,77,5,88,9,target:Musk Ox:1130
12088,age_death,Frog,322,115,5,257,5,
12088,reproduce,Tapir,1703,77,1,127,1,offspring:1
12090,age_death,Lizard,1162,376,5,399,5,
12090,spore_created,Shroomer,-1,295,8,51,8,
12093,kill,Lizard,1637,136,4,234,0,killed_by:Hawk:2404
12094,hunt_start,Hawk,2404,136,5,233,8,target:Lizard:1358
12095,reproduce,Elk,1124,219,5,194,3,offspring:1
12102,hunt_fail,Polar Bear,958,322,7,467,9,discomfort
12110,hunt_start,Boar,1477,416,7,390,6,target:Lizard:2238
12110,spore_matured,Shroomer,-1,504,2,21,2,
12110,reproduce,Shroomer,-1,504,2,21,2,offspring:1
12133,age_death,Frog,1170,109,1,249,1,
12133,age_death,Frog,1171,112,4,260,3,
12137,starvation,Turtle,376,212,1,296,9,
12137,reproduce,Parrot,2488,19,2,501,6,offspring:1
12138,age_death,Frog,214,360,4,394,3,
12138,reproduce,Frog,1115,337,9,451,0,offspring:2
12139,hunt_fail,Bear,924,255,9,261,2,discomfort
12140,kill,Deer,1886,36,9,362,5,killed_by:Wolf:862
12141,age_death,Lizard,284,463,2,501,8,
12141,age_death,Lizard,306,409,0,488,4,
12141,age_death,Lizard,486,370,2,373,6,
12142,spore_created,Shroomer,-1,462,4,8,8,
12142,spore_created,Shroomer,-1,463,9,7,7,
12142,spore_created,Shroomer,-1,124,8,225,2,
12142,spore_created,Shroomer,-1,119,4,221,5,
12142,spore_matured,Shroomer,-1,83,0,261,4,
12142,reproduce,Shroomer,-1,83,0,261,4,offspring:1
12145,reproduce,Boar,1323,129,9,500,7,offspring:2
12146,hunt_start,Hawk,562,31,9,278,2,target:Parrot:2350
12174,age_death,Lizard,41,133,4,478,3,
12174,age_death,Lizard,1184,265,8,445,5,
12174,reproduce,Parrot,1122,26,6,508,9,offspring:1
12175,hunt_fail,Polar Bear,2049,260,5,442,8,target_died
12175,hunt_start,Polar Bear,2049,260,5,442,8,target:Deer:1559
12175,hunt_fail,Polar Bear,2286,139,0,480,3,target_died
12175,hunt_start,Polar Bear,2286,139,0,480,3,target:Parrot:1319
12175,reproduce,Musk Ox,1683,390,8,23,3,offspring:1
12178,reproduce,Elk,551,369,0,486,6,offspring:1
12204,starvation,Rabbit,485,452,0,324,1,
12208,spore_created,Shroomer,-1,290,8,48,7,
12208,spore_created,Shroomer,-1,297,0,45,7,
12210,age_death,Lizard,230,477,9,508,4,
12210,spore_matured,Shroomer,-1,296,3,51,8,
12210,reproduce,Shroomer,-1,296,3,51,8,offspring:1
12215,reproduce,Musk Ox,2408,415,7,109,4,offspring:1
12216,kill,Musk Ox,1130,71,4,94,5,killed_by:Bear:923
12217,starvation,Deer,133,200,5,15,0,
12217,reproduce,Lizard,503,241,6,116,8,offspring:2
12221,age_death,Lizard,1137,113,4,242,2,
12225,reproduce,Tapir,339,58,2,486,8,offspring:1
12258,hunt_start,Bear,924,255,6,263,5,target:Deer:141
12265,spore_matured,Shroomer,-1,465,9,6,6,
12265,reproduce,Shroomer,-1,465,9,6,6,offspring:1
12281,starvation,Lizard,1716,384,8,197,6,
12290,hunt_start,Wolf,864,36,3,448,9,target:Frog:1369
12290,reproduce,Fish,25,233,8,379,9,offspring:2
12293,age_death,Frog,481,474,1,1,4,
12293,age_death,Frog,1191,489,2,20,3,
12297,reproduce,Penguin,298,492,2,308,2,offspring:1
12297,reproduce,Camel,690,27,7,344,0,offspring:1
12314,spore_matured,Shroomer,-1,125,1,225,7,
12314,reproduce,Shroomer,-1,125,1,225,7,offspring:1
12317,age_death,Lizard,1198,195,3,199,6,
12317,age_death,Lizard,1199,229,5,200,3,
12319,reproduce,Elk,411,216,9,204,0,offspring:1
12319,reproduce,Fish,428,102,8,192,0,offspring:2
12321,starvation,Penguin,1081,41,4,327,4,
12322,spore_created,Shroomer,-1,57,9,267,9,
12328,spore_matured,Shroomer,-1,290,8,48,7,
12328,reproduce,Shroomer,-1,290,8,48,7,offspring:1
12345,hunt_start,Boar,1477,417,9,390,1,target:Lizard:2267
12354,starvation,Musk Ox,607,150,5,103,5,
12355,spore_created,Shroomer,-1,123,3,207,2,
12356,starvation,Frog,1993,414,4,186,8,
12364,reproduce,Boar,1658,411,7,86,4,offspring:2
12366,hunt_fail,Wolf,1589,459,8,365,3,prey_escaped
12366,hunt_start,Wolf,1589,459,8,365,3,target:Rabbit:260
12380,spore_matured,Shroomer,-1,296,2,45,9,
12380,reproduce,Shroomer,-1,296,2,45,9,offspring:1
12383,starvation,Parrot,893,182,5,488,4,
12383,hunt_start,Jaguar,1512,177,8,446,3,target:Elk:215
12385,reproduce,Jaguar,1427,323,8,313,8,offspring:1
12396,age_death,Frog,540,161,8,369,8,
12396,age_death,Parrot,694,112,4,401,0,
12398,reproduce,Penguin,1227,391,4,300,0,offspring:1
12400,reproduce,Penguin,1554,398,6,290,5,offspring:1
12413,kill,Elk,215,176,3,442,3,killed_by:Jaguar:1512
12415,starvation,Parrot,890,179,8,461,6,
12419,starvation,Shroomer,837,300,6,312,7,
12420,reproduce,Rabbit,1563,258,3,314,8,offspring:2
12421,hunt_start,Wolf,862,31,5,362,8,target:Deer:126
12428,spore_created,Shroomer,-1,467,9,9,5,
12429,kill,Frog,1369,24,6,438,5,killed_by:Wolf:864
12429,age_death,Lizard,56,253,1,494,4,
12429,age_death,Lizard,1202,269,6,481,4,
12430,hunt_start,Wolf,864,24,9,438,7,target:Frog:834
12430,reproduce,Rabbit,2083,217,4,288,6,offspring:2
12440,reproduce,Parrot,2304,13,0,486,7,offspring:1
12441,starvation,Deer,116,365,3,67,8,
12445,reproduce,Fish,2448,356,4,357,8,offspring:2
12446,starvation,Musk Ox,1063,73,2,36,5,
12451,starvation,Monkey,954,42,3,326,1,
12453,reproduce,Monkey,1110,488,3,424,6,offspring:1
12453,reproduce,Parrot,1352,422,7,468,0,offspring:1
12467,spore_created,Shroomer,-1,150,0,224,4,
12468,age_death,Fish,1743,234,5,381,0,
12468,spore_created,Shroomer,-1,485,3,19,9,
12469,hunt_fail,Boar,2325,401,6,209,8,prey_escaped
12475,spore_matured,Shroomer,-1,123,3,207,2,
12475,reproduce,Shroomer,-1,123,3,207,2,offspring:1
12477,hunt_start,Boar,920,334,7,392,3,target:Shroomer:807
12480,age_death,Lizard,57,105,0,393,3,
12482,kill,Deer,1559,251,8,459,1,killed_by:Polar Bear:2049
12485,reproduce,Elk,1188,290,4,112,0,offspring:1
12487,hunt_fail,Polar Bear,955,322,0,114,2,discomfort
12493,starvation,Monkey,438,271,3,139,0,
12493,hunt_fail,Shark,348,265,4,135,2,target_died
12493,hunt_start,Shark,348,265,4,135,2,target:Elk:990
12493,reproduce,Deer,450,233,1,297,7,offspring:1
12494,hunt_start,Polar Bear,2049,252,5,458,2,target:Lizard:1383
12494,spore_matured,Shroomer,-1,57,9,267,9,
12494,reproduce,Shroomer,-1,57,9,267,9,offspring:1
12495,hunt_start,Polar Bear,958,326,5,467,9,target:Lizard:1382
12503,kill,Parrot,2350,28,1,224,3,killed_by:Hawk:562
12503,reproduce,Deer,980,324,3,100,5,offspring:1
12503,reproduce,Deer,1639,251,4,445,2,offspring:1
12504,hunt_start,Hawk,562,28,1,224,5,target:Parrot:1939
12531,hunt_start,Jaguar,1097,339,4,321,3,target:Fish:1583
12550,hunt_fail,Polar Bear,958,322,7,468,4,discomfort
12560,hunt_start,Shark,1181,198,2,202,6,target:Camel:498
12565,starvation,Lizard,319,259,1,354,5,
12565,reproduce,Musk Ox,2398,174,1,89,8,offspring:1
12578,kill,Frog,834,19,1,454,5,killed_by:Wolf:864
12579,hunt_start,Wolf,864,19,2,454,2,target:Frog:247
12587,spore_matured,Shroomer,-1,149,7,224,4,
12587,reproduce,Shroomer,-1,149,7,224,4,offspring:1
12590,reproduce,Camel,1947,388,3,122,4,offspring:1
12617,hunt_fail,Wolf,869,434,2,387,7,discomfort
12622,kill,Elk,990,255,1,140,5,killed_by:Shark:348
12622,hunt_start,Polar Bear,465,297,1,78,9,target:Shroomer:2080
12624,age_death,Fish,1765,135,4,375,8,
12624,age_death,Fish,1766,138,0,378,2,
12624,reproduce,Musk Ox,136,15,5,102,1,offspring:1
12624,reproduce,Lizard,1447,455,8,504,3,offspring:2
12640,hunt_fail,Wolf,864,13,9,455,5,discomfort
12640,spore_matured,Shroomer,-1,485,5,20,0,
12640,reproduce,Shroomer,-1,485,5,20,0,offspring:1
12648,age_death,Lizard,1267,11,3,168,8,
12648,age_death,Lizard,1268,38,2,132,6,
12649,hunt_start,Boar,920,333,3,397,0,target:Frog:1734
12653,reproduce,Turtle,352,369,6,36,0,offspring:1
12655,kill,Deer,126,24,7,342,5,killed_by:Wolf:862
12656,age_death,Lizard,467,7,0,153,8,
12656,age_death,Lizard,1273,334,1,131,3,
12656,age_death,Lizard,1274,362,5,155,9,
12657,reproduce,Boar,2275,392,8,322,4,offspring:2
12658,reproduce,Fish,2405,133,9,378,3,offspring:2
12663,reproduce,Rabbit,294,289,7,496,8,offspring:2
12667,age_death,Lizard,1283,268,1,92,0,
12667,age_death,Lizard,1284,265,3,89,8,
12667,reproduce,Deer,277,308,4,101,3,offspring:1
12679,spore_created,Shroomer,-1,39,8,281,1,
12686,kill,Camel,498,206,8,200,2,killed_by:Shark:1181
12690,reproduce,Parrot,1634,166,0,499,3,offspring:1
12700,hunt_start,Wolf,869,434,8,388,0,target:Deer:1144
12705,age_death,Lizard,1307,400,8,411,2,
12705,reproduce,Camel,2257,361,0,83,0,offspring:1
12712,kill,Rabbit,1895,404,0,268,2,killed_by:Polar Bear:1099
12713,hunt_start,Polar Bear,1099,404,5,267,3,target:Penguin:1370
12714,reproduce,Deer,1657,266,2,366,9,offspring:1
12716,kill,Shroomer,2080,293,5,76,2,killed_by:Polar Bear:465
12721,reproduce,Fish,1051,247,4,405,4,offspring:2
12724,age_death,Lizard,1314,428,4,278,5,
12727,starvation,Parrot,719,126,5,482,6,
12728,reproduce,Fish,820,33,8,322,2,offspring:2
12730,age_death,Parrot,697,61,3,428,7,
12732,reproduce,Elk,1011,171,5,167,3,offspring:1
12745,environment_death,Deer,141,248,4,292,0,drowning
12745,hunt_fail,Bear,924,245,4,286,7,target_died
12745,hunt_start,Bear,924,245,4,286,7,target:Penguin:238
12753,reproduce,Polar Bear,465,294,1,77,3,offspring:1
12754,hunt_start,Polar Bear,141,297,0,74,6,target:Shroomer:798
12754,hunt_start,Polar Bear,465,294,1,77,3,target:Shroomer:798
12773,starvation,Shroomer,839,301,1,304,0,
12776,spore_created,Shroomer,-1,86,6,262,8,
12785,hunt_start,Jaguar,1512,172,5,428,7,target:Turtle:370
12786,hunt_start,Boar,2325,409,1,210,3,target:Monkey:1078
12800,age_death,Frog,1348,143,3,431,5,
12800,age_death,Frog,1349,151,2,450,9,
12800,age_death,Lizard,1350,115,6,464,2,
12800,age_death,Lizard,1351,131,3,456,2,
12800,age_death,Lizard,1353,121,7,464,8,
12800,age_death,Lizard,1354,16,9,395,8,
12800,age_death,Lizard,1358,139,8,247,2,
12800,age_death,Lizard,1359,115,4,256,1,
12800,reproduce,Deer,840,12,4,275,7,offspring:1
12800,reproduce,Camel,1642,332,4,509,6,offspring:1
12801,hunt_fail,Hawk,2404,133,2,244,2,target_died
12801,hunt_start,Hawk,2404,133,2,244,2,target:Monkey:1119
12801,age_death,Frog,1360,313,5,199,9,
12801,age_death,Frog,1361,313,1,161,6,
12801,reproduce,Tapir,2367,92,3,78,2,offspring:1
12802,reproduce,Lizard,24,58,9,485,9,offspring:2
12802,reproduce,Elk,896,505,9,356,0,offspring:1
12802,reproduce,Musk Ox,992,22,2,402,7,offspring:1
12802,reproduce,Fish,1876,102,2,196,8,offspring:2
12805,reproduce,Tapir,1341,267,2,87,5,offspring:1
12814,starvation,Shroomer,1744,39,5,210,5,
12814,spore_created,Shroomer,-1,237,3,91,9,
12823,kill,Penguin,1370,397,2,275,2,killed_by:Polar Bear:1099
12824,hunt_start,Polar Bear,1099,397,6,274,8,target:Penguin:1173
12825,reproduce,Elk,2024,220,7,217,4,offspring:1
12837,reproduce,Boar,358,124,1,342,7,offspring:2
12844,age_death,Frog,1378,146,6,362,0,
12844,age_death,Frog,1379,160,0,376,8,
12845,reproduce,Camel,1318,344,3,508,2,offspring:1
12850,age_death,Lizard,1382,314,3,467,9,
12850,age_death,Lizard,1383,268,4,440,5,
12850,spore_created,Shroomer,-1,305,0,83,3,
12850,spore_created,Shroomer,-1,306,9,77,6,
12851,hunt_fail,Polar Bear,2049,265,1,445,5,target_died
12851,hunt_start,Polar Bear,2049,265,1,445,5,target:Deer:1639
12851,spore_matured,Shroomer,-1,39,8,281,0,
12851,reproduce,Shroomer,-1,39,8,281,0,offspring:1
12852,reproduce,Fish,336,35,2,319,4,offspring:2
12853,kill,Deer,1144,421,7,394,7,killed_by:Wolf:869
12854,hunt_start,Wolf,869,422,1,394,6,target:Deer:905
12860,spore_created,Shroomer,-1,263,6,81,2,
12861,kill,Shroomer,798,298,7,79,0,killed_by:Polar Bear:465
12862,hunt_fail,Polar Bear,141,299,3,78,2,target_died
12862,hunt_start,Polar Bear,141,299,3,78,2,target:Shroomer:1014
12869,age_death,Lizard,1387,289,0,498,9,
12869,age_death,Lizard,1388,228,7,498,1,
12869,age_death,Lizard,1389,225,6,505,4,
12869,age_death,Lizard,1390,303,0,510,0,
12869,reproduce,Lizard,1518,15,9,145,6,offspring:2
12871,reproduce,Rabbit,696,454,8,495,9,offspring:2
12873,starvation,Frog,310,146,5,238,4,
12874,reproduce,Rabbit,1803,384,5,330,1,offspring:2
12875,hunt_start,Wolf,864,23,9,454,1,target:Frog:651
12882,age_death,Lizard,463,70,3,195,7,
12887,reproduce,Elk,2111,165,1,404,2,offspring:1
12896,spore_matured,Shroomer,-1,86,8,262,5,
12896,reproduce,Shroomer,-1,86,8,262,5,offspring:1
12915,hunt_start,Polar Bear,955,325,0,112,7,target:Rabbit:203
12918,starvation,Arctic Fox,2094,467,3,237,1,
12924,starvation,Wolf,1088,92,3,206,0,
12926,reproduce,Boar,443,319,0,238,1,offspring:2
12932,starvation,Lizard,1473,259,9,355,4,
12933,reproduce,Camel,2171,378,2,383,1,offspring:1
12936,hunt_start,Wolf,862,21,6,347,3,target:Deer:1236
12947,starvation,Parrot,569,0,0,357,8,
12947,hunt_fail,Jaguar,2285,419,2,254,2,prey_escaped
12947,hunt_start,Jaguar,2285,419,2,254,2,target:Rabbit:1701
12947,reproduce,Rabbit,2224,454,1,510,2,offspring:2
12954,kill,Frog,2060,183,2,431,6,killed_by:Jaguar:941
12954,hunt_fail,Polar Bear,955,326,3,114,2,discomfort
12954,reproduce,Parrot,1568,104,6,411,5,offspring:1
12955,hunt_start,Jaguar,941,182,6,431,2,target:Frog:2054
12956,starvation,Deer,96,489,7,150,9,
12959,reproduce,Lizard,333,328,5,63,9,offspring:2
12961,hunt_start,Polar Bear,958,328,9,469,1,target:Rabbit:2199
12964,hunt_fail,Wolf,864,30,3,448,6,discomfort
12970,kill,Penguin,1173,385,4,270,8,killed_by:Polar Bear:1099
12970,spore_matured,Shroomer,-1,306,9,77,6,
12970,reproduce,Shroomer,-1,306,9,77,6,offspring:1
12971,hunt_start,Polar Bear,1099,386,1,271,0,target:Penguin:2358
12974,age_death,Lizard,1403,233,6,428,1,
12974,age_death,Lizard,1404,279,1,494,3,
12974,age_death,Lizard,1405,260,8,414,6,
12974,age_death,Lizard,1406,293,9,428,2,
12975,reproduce,Deer,642,230,6,485,9,offspring:1
12975,reproduce,Frog,2054,182,5,438,6,offspring:2
12979,reproduce,Wolf,862,22,8,343,5,offspring:1
12980,hunt_start,Wolf,1405,22,4,343,0,target:Deer:1236
12980,spore_matured,Shroomer,-1,263,6,81,2,
12980,reproduce,Shroomer,-1,263,6,81,2,offspring:1
12984,kill,Turtle,370,163,7,430,0,killed_by:Jaguar:1512
12984,reproduce,Parrot,2307,11,6,135,0,offspring:1
12987,kill,Deer,905,409,8,398,2,killed_by:Wolf:869
12987,reproduce,Elk,1149,44,3,130,8,offspring:1
12990,starvation,Fish,1248,77,2,179,1,
12995,reproduce,Parrot,2185,13,7,339,8,offspring:1
12996,starvation,Deer,93,482,0,146,5,
13002,reproduce,Frog,959,154,1,476,5,offspring:2
13007,hunt_start,Boar,126,387,2,314,2,target:Lizard:2335
13011,starvation,Frog,320,230,0,71,4,
13014,reproduce,Penguin,1829,438,6,298,3,offspring:1
13022,spore_matured,Shroomer,-1,305,0,83,3,
13022,reproduce,Shroomer,-1,305,0,83,3,offspring:1
13030,age_death,Rabbit,192,258,1,201,4,
13034,reproduce,Frog,1171,345,1,451,6,offspring:2
13046,kill,Monkey,2071,379,4,274,2,killed_by:Jaguar:546
13046,hunt_fail,Bear,924,254,1,285,2,discomfort
13047,hunt_start,Jaguar,546,378,9,273,6,target:Monkey:326
13047,hunt_fail,Polar Bear,958,334,8,472,1,discomfort
13051,kill,Rabbit,1701,421,8,263,2,killed_by:Jaguar:2285
13051,reproduce,Parrot,1423,16,1,394,4,offspring:1
13052,hunt_start,Wolf,864,31,3,446,3,target:Frog:651
13052,hunt_start,Jaguar,2285,421,7,262,8,target:Turtle:218
13053,kill,Shroomer,1014,299,5,70,2,killed_by:Polar Bear:141
13053,reproduce,Deer,156,422,2,415,1,offspring:1
13053,reproduce,Musk Ox,448,302,8,148,3,offspring:1
13054,hunt_start,Polar Bear,141,299,5,71,2,target:Shroomer:936
13073,starvation,Fish,969,76,3,172,9,
13073,kill,Penguin,2358,382,8,278,5,killed_by:Polar Bear:1099
13073,reproduce,Deer,1977,155,2,353,4,offspring:1
13074,hunt_start,Polar Bear,1099,383,3,278,0,target:Boar:2117
13074,reproduce,Fish,1036,232,1,377,3,offspring:2
13079,starvation,Monkey,1366,413,1,192,0,
13081,spore_created,Shroomer,-1,163,4,229,3,
13085,kill,Deer,1236,30,7,336,0,killed_by:Wolf:1405
13085,age_death,Lizard,1447,446,9,502,5,
13085,age_death,Lizard,1450,482,9,493,4,
13086,hunt_fail,Wolf,862,29,1,336,8,target_died
13086,hunt_start,Wolf,862,29,1,336,8,target:Deer:1234
13086,reproduce,Penguin,2440,34,5,297,6,offspring:1
13090,spore_created,Shroomer,-1,173,2,233,9,
13090,spore_created,Shroomer,-1,183,0,229,3,
13093,age_death,Frog,1452,493,2,26,6,
13093,age_death,Frog,1453,486,7,17,2,
13095,age_death,Frog,1454,502,5,1,9,
13095,age_death,Frog,1455,500,7,16,9,
13097,reproduce,Boar,1577,252,6,110,9,offspring:2
13097,reproduce,Frog,2001,168,1,370,1,offspring:2
13098,hunt_start,Boar,1452,253,3,110,0,target:Monkey:670
13098,hunt_start,Boar,1453,253,3,110,0,target:Monkey:670
13108,kill,Frog,2054,182,6,446,8,killed_by:Jaguar:941
13108,reproduce,Elk,2469,306,7,70,1,offspring:1
13109,hunt_start,Jaguar,941,182,6,446,4,target:Frog:1404
13113,reproduce,Monkey,2102,396,1,139,8,offspring:1
13126,kill,Frog,651,23,1,441,8,killed_by:Wolf:864
13127,hunt_start,Wolf,864,23,4,441,9,target:Frog:2437
13127,reproduce,Musk Ox,1065,90,1,99,0,offspring:1
13142,hunt_start,Wolf,1405,29,4,337,0,target:Deer:1234
13153,kill,Turtle,218,419,0,270,0,killed_by:Jaguar:2285
13154,starvation,Parrot,1470,1,4,177,8,
13154,hunt_start,Jaguar,2285,419,2,269,5,target:Monkey:1632
13157,reproduce,Elk,1838,205,6,403,7,offspring:1
13159,hunt_fail,Crocodile,948,6,7,196,4,prey_escaped
13159,hunt_start,Crocodile,948,6,7,196,4,target:Monkey:910
13159,reproduce,Penguin,1932,213,0,272,7,offspring:1
13164,age_death,Penguin,572,411,3,258,9,
13168,age_death,Fish,994,235,0,379,4,
13168,age_death,Fish,1497,235,2,378,4,
13168,reproduce,Tapir,774,289,5,262,5,offspring:1
13177,kill,Boar,2117,389,5,283,8,killed_by:Polar Bear:1099
13177,age_death,Monkey,635,399,8,274,7,
13178,hunt_start,Polar Bear,1099,389,0,283,3,target:Boar:20
13179,reproduce,Penguin,68,378,1,261,5,offspring:1
13182,hunt_start,Bear,924,251,9,284,1,target:Penguin:968
13183,hunt_start,Shark,348,262,0,148,2,target:Rabbit:2193
13183,reproduce,Parrot,1028,401,2,376,9,offspring:1
13185,spore_created,Shroomer,-1,510,2,15,6,
13185,spore_created,Shroomer,-1,505,4,29,3,
13190,hunt_start,Boar,1364,273,0,81,0,target:Monkey:1530
13191,starvation,Parrot,683,106,3,351,8,
13191,hunt_fail,Crocodile,1092,107,9,349,7,target_died
13193,kill,Shroomer,936,305,1,69,8,killed_by:Polar Bear:141
13195,reproduce,Frog,1995,173,8,253,0,offspring:2
13206,starvation,Rabbit,260,439,9,334,4,
13206,hunt_fail,Wolf,1589,454,2,345,0,target_died
13206,reproduce,Parrot,2282,5,7,264,0,offspring:1
13219,hunt_start,Boar,1577,253,5,107,0,target:Shroomer:704
13219,kill,Deer,1639,242,7,443,7,killed_by:Polar Bear:2049
13221,reproduce,Fish,477,254,3,408,2,offspring:2
13241,starvation,Fish,1174,392,6,345,4,
13241,reproduce,Parrot,1048,5,9,283,3,offspring:1
13245,kill,Deer,1234,33,3,351,3,killed_by:Wolf:862
13245,age_death,Lizard,76,486,0,314,5,
13245,reproduce,Elk,1239,159,1,431,8,offspring:1
13246,hunt_fail,Wolf,1405,32,2,347,0,prey_escaped
13246,hunt_start,Wolf,1405,32,2,347,0,target:Deer:1885
13247,hunt_start,Shark,1181,203,4,203,2,target:Turtle:1776
13248,reproduce,Elk,129,19,7,359,9,offspring:1
13249,age_death,Lizard,241,361,4,264,9,
13249,age_death,Lizard,305,400,0,238,7,
13249,age_death,Fish,1044,136,8,376,8,
13249,age_death,Fish,1524,136,0,377,5,
13249,age_death,Fish,1790,140,5,378,0,
13249,reproduce,Elk,641,45,1,152,2,offspring:1
13249,reproduce,Lizard,1652,141,2,228,1,offspring:2
13250,hunt_fail,Jaguar,1644,371,1,343,9,prey_escaped
13250,hunt_start,Jaguar,1644,371,1,343,9,target:Boar:581
13251,age_death,Frog,17,363,7,404,8,
13251,age_death,Frog,1368,356,9,395,4,
13251,age_death,Frog,1464,379,8,428,3,
13251,age_death,Frog,1465,355,0,386,6,
13251,reproduce,Rabbit,364,493,6,320,7,offspring:2
13252,starvation,Fish,678,142,6,361,4,
13252,reproduce,Penguin,627,201,7,241,7,offspring:1
13253,reproduce,Deer,474,154,1,219,9,offspring:1
13253,reproduce,Parrot,1587,319,7,455,4,offspring:1
13253,spore_matured,Shroomer,-1,163,2,229,7,
13253,reproduce,Shroomer,-1,163,2,229,7,offspring:1
13256,reproduce,Turtle,379,416,3,295,3,offspring:1
13258,reproduce,Monkey,1078,451,0,199,8,offspring:1
13262,starvation,Shroomer,838,312,5,302,9,
13262,spore_matured,Shroomer,-1,183,0,229,3,
13262,reproduce,Shroomer,-1,183,0,229,3,offspring:1
13264,spore_created,Shroomer,-1,499,7,16,4,
13273,hunt_start,Wolf,869,416,2,405,2,target:Deer:1309
13278,kill,Frog,2437,14,4,427,3,killed_by:Wolf:864
13279,hunt_start,Wolf,864,14,3,427,6,target:Lizard:2332
13279,reproduce,Musk Ox,875,9,3,395,8,offspring:1
13283,kill,Frog,1404,193,9,442,4,killed_by:Jaguar:941
13284,hunt_start,Jaguar,941,193,1,442,0,target:Frog:1403
13284,reproduce,Shark,1181,205,5,201,2,offspring:1
13285,hunt_start,Shark,1404,204,0,199,9,target:Turtle:1776
13291,kill,Boar,20,391,9,291,6,killed_by:Polar Bear:1099
13292,hunt_start,Polar Bear,1099,391,7,290,9,target:Penguin:694
13293,reproduce,Fish,1956,33,2,322,2,offspring:2
13299,starvation,Parrot,2119,3,5,349,4,
13300,hunt_start,Polar Bear,465,296,5,85,8,target:Shroomer:2204
13301,reproduce,Penguin,781,188,1,243,6,offspring:1
13305,spore_matured,Shroomer,-1,505,4,29,5,
13305,reproduce,Shroomer,-1,505,4,29,5,offspring:1
13305,spore_matured,Shroomer,-1,510,5,15,6,
13305,reproduce,Shroomer,-1,510,5,15,6,offspring:1
13306,age_death,Lizard,1493,346,0,430,5,
13306,reproduce,Musk Ox,1428,315,8,173,8,offspring:1
13310,starvation,Frog,2436,207,3,90,1,
13310,reproduce,Fish,1963,134,5,377,6,offspring:2
13356,hunt_start,Jaguar,1512,160,1,418,1,target:Elk:764
13364,starvation,Camel,509,65,0,366,0,
13364,reproduce,Elk,2395,177,3,88,5,offspring:1
13382,kill,Shroomer,2204,299,3,83,4,killed_by:Polar Bear:465
13382,reproduce,Camel,2250,282,7,88,3,offspring:1
13389,starvation,Lizard,888,234,7,411,2,
13393,reproduce,Lizard,61,333,9,155,1,offspring:2
13397,kill,Turtle,1776,210,1,194,2,killed_by:Shark:1404
13398,hunt_fail,Shark,1181,210,5,194,7,target_died
13398,hunt_start,Shark,1181,210,5,194,7,target:Camel:1053
13399,reproduce,Jaguar,1512,160,1,417,0,offspring:1
13400,hunt_start,Jaguar,1776,161,2,414,6,target:Elk:764
13400,age_death,Monkey,675,262,0,196,5,
13400,reproduce,Camel,1157,253,0,98,7,offspring:1
13409,kill,Deer,1885,18,4,352,9,killed_by:Wolf:1405
13410,age_death,Fish,1421,98,8,206,4,
13410,age_death,Fish,1865,99,0,185,6,
13410,age_death,Fish,1868,100,7,194,4,
13410,age_death,Fish,1869,100,9,195,3,
13410,age_death,Fish,1871,101,3,196,2,
13410,age_death,Fish,1872,102,0,195,3,
13410,age_death,Fish,1873,104,3,197,7,
13410,age_death,Fish,1874,104,5,198,9,
13410,age_death,Fish,1875,103,0,195,8,
13410,age_death,Fish,1876,102,2,196,8,
13410,age_death,Fish,1877,97,7,187,9,
13410,age_death,Fish,1878,98,4,186,8,
13410,reproduce,Elk,568,345,7,478,9,offspring:1
13410,reproduce,Fish,1339,255,6,406,3,offspring:2
13410,reproduce,Parrot,1891,412,8,497,3,offspring:1
13410,reproduce,Fish,2080,249,2,406,7,offspring:2
13412,reproduce,Boar,1827,426,6,332,7,offspring:2
13413,reproduce,Parrot,1170,9,8,512,0,offspring:1
13414,reproduce,Turtle,2471,344,2,29,5,offspring:1
13417,reproduce,Lizard,1214,427,5,241,4,offspring:2
13417,reproduce,Camel,1881,213,1,180,7,offspring:1
13424,kill,Deer,1309,420,4,418,9,killed_by:Wolf:869
13430,kill,Penguin,968,237,2,273,4,killed_by:Bear:924
13431,hunt_start,Bear,924,237,7,273,8,target:Frog:1398
13431,spore_created,Shroomer,-1,115,9,251,0,
13431,spore_created,Shroomer,-1,112,2,248,2,
13436,spore_matured,Shroomer,-1,499,2,16,9,
13436,reproduce,Shroomer,-1,499,2,16,9,offspring:1
13438,hunt_start,Boar,278,229,7,82,0,target:Shroomer:763
13441,environment_death,Deer,113,412,9,78,4,drowning
13441,kill,Frog,1403,177,4,436,6,killed_by:Jaguar:941
13441,reproduce,Frog,377,394,9,414,9,offspring:2
13442,hunt_start,Jaguar,941,177,8,436,8,target:Elk:1967
13445,hunt_start,Polar Bear,955,328,4,111,9,target:Camel:1822
13448,age_death,Lizard,1517,5,3,171,7,
13448,age_death,Lizard,1518,24,3,144,7,
13450,reproduce,Monkey,2280,415,3,433,0,offspring:1
13453,reproduce,Boar,274,258,5,97,2,offspring:2
13454,hunt_start,Boar,274,258,5,97,2,target:Shroomer:704
13454,hunt_start,Boar,968,258,8,96,7,target:Shroomer:704
13454,hunt_start,Boar,1518,258,8,96,7,target:Shroomer:704
13470,kill,Elk,764,156,7,410,8,killed_by:Jaguar:1776
13471,hunt_fail,Jaguar,1512,159,5,415,2,target_died
13471,hunt_start,Jaguar,1512,159,5,415,2,target:Lizard:1560
13471,reproduce,Elk,1225,42,6,358,8,offspring:1
13472,reproduce,Frog,135,218,5,292,2,offspring:2
13492,starvation,Turtle,375,385,6,439,8,
13492,reproduce,Lizard,1561,120,1,473,2,offspring:2
13516,kill,Camel,1053,212,4,185,2,killed_by:Shark:1181
13526,hunt_start,Wolf,862,31,6,338,9,target:Deer:1123
13526,age_death,Lizard,1548,361,9,337,6,
13526,reproduce,Deer,87,29,9,270,7,offspring:1
13526,reproduce,Monkey,673,258,1,194,2,offspring:1
13536,hunt_fail,Jaguar,971,142,0,418,6,discomfort
13540,hunt_fail,Wolf,864,0,2,407,4,discomfort
13549,age_death,Lizard,1551,437,7,299,1,
13551,age_death,Lizard,1560,163,0,427,9,
13551,age_death,Lizard,1561,119,4,473,7,
13552,hunt_fail,Jaguar,1512,162,0,424,5,target_died
13552,hunt_start,Jaguar,1512,162,0,424,5,target:Elk:2181
13553,reproduce,Parrot,608,11,2,138,4,offspring:1
13553,reproduce,Fish,1961,137,2,378,9,offspring:2
13562,kill,Camel,1822,322,8,106,0,killed_by:Polar Bear:955
13563,hunt_start,Polar Bear,955,323,3,106,6,target:Deer:1283
13570,kill,Elk,1967,166,1,442,5,killed_by:Jaguar:941
13570,kill,Penguin,694,411,8,286,7,killed_by:Polar Bear:1099
13571,hunt_start,Jaguar,941,166,6,442,2,target:Parrot:2156
13571,hunt_start,Polar Bear,1099,411,2,286,8,target:Penguin:2201
13571,reproduce,Parrot,1425,471,0,65,8,offspring:1
13574,reproduce,Rabbit,2326,267,3,94,3,offspring:2
13587,hunt_start,Polar Bear,958,341,8,473,3,target:Elk:551
13604,hunt_start,Wolf,1589,458,3,355,5,target:Monkey:649
13606,kill,Shroomer,704,259,6,105,6,killed_by:Boar:968
13606,spore_created,Shroomer,-1,250,3,91,9,
13611,age_death,Lizard,1532,406,7,398,0,
13611,spore_created,Shroomer,-1,46,9,282,3,
13613,starvation,Wolf,863,127,5,447,0,
13618,reproduce,Frog,132,151,8,436,4,offspring:2
13628,hunt_start,Wolf,864,4,7,407,8,target:Lizard:2332
13655,starvation,Wolf,867,508,5,250,1,
13657,reproduce,Frog,1098,113,5,257,4,offspring:2
13659,age_death,Lizard,1595,16,4,392,8,
13659,age_death,Lizard,1598,20,2,390,0,
13659,age_death,Lizard,1599,26,5,402,4,
13659,age_death,Lizard,1601,15,5,412,8,
13660,reproduce,Boar,2324,455,4,221,6,offspring:2
13661,hunt_start,Boar,1595,458,1,219,0,target:Monkey:1070
13661,hunt_start,Boar,1598,458,1,219,0,target:Monkey:1070
13662,reproduce,Penguin,1984,433,0,313,8,offspring:1
13663,spore_created,Shroomer,-1,88,6,260,3,
13666,starvation,Shroomer,796,483,0,510,0,
13668,reproduce,Fish,1516,137,5,374,0,offspring:2
13672,hunt_start,Wolf,1405,13,2,356,5,target:Deer:1459
13673,hunt_fail,Wolf,862,42,2,337,9,discomfort
13674,age_death,Lizard,1609,425,4,282,1,
13679,kill,Elk,2181,152,3,429,6,killed_by:Jaguar:1512
13684,reproduce,Tapir,1160,390,8,430,3,offspring:1
13684,reproduce,Lizard,2302,222,2,157,0,offspring:2
13690,kill,Shroomer,763,238,2,85,6,killed_by:Boar:278
13692,reproduce,Lizard,2033,366,8,141,2,offspring:2
13710,hunt_start,Wolf,869,423,6,427,2,target:Deer:1466
13721,age_death,Frog,350,180,4,376,4,
13723,reproduce,Rabbit,168,419,4,238,3,offspring:2
13736,hunt_start,Polar Bear,141,302,0,65,2,target:Boar:1094
13736,kill,Elk,551,353,0,479,5,killed_by:Polar Bear:958
13737,hunt_start,Polar Bear,958,352,4,479,2,target:Elk:2175
13742,spore_created,Shroomer,-1,497,2,26,5,
13744,age_death,Frog,1010,325,9,158,5,
13744,age_death,Fish,1325,138,5,378,9,
13744,age_death,Frog,1625,317,5,141,8,
13744,age_death,Frog,1626,368,4,178,8,
13744,age_death,Frog,1627,297,8,150,7,
13744,age_death,Fish,1934,137,0,377,9,
13744,reproduce,Fish,1472,34,4,320,6,offspring:2
13744,reproduce,Lizard,1849,384,5,194,1,offspring:2
13745,reproduce,Monkey,1678,25,6,261,6,offspring:1
13747,reproduce,Camel,685,252,7,369,7,offspring:1
13757,kill,Monkey,1813,54,0,320,7,killed_by:Hawk:1572
13758,hunt_start,Hawk,1572,53,8,320,8,target:Parrot:1811
13762,hunt_start,Polar Bear,2049,243,3,434,8,target:Deer:2350
13764,reproduce,Musk Ox,1195,25,9,103,1,offspring:1
13765,starvation,Parrot,1077,22,9,215,4,
13766,reproduce,Lizard,62,477,9,325,7,offspring:2
13771,age_death,Frog,1629,264,5,258,2,
13773,spore_created,Shroomer,-1,486,1,25,2,
13778,spore_matured,Shroomer,-1,250,3,91,9,
13778,reproduce,Shroomer,-1,250,3,91,9,offspring:1
13781,starvation,Lizard,2378,31,5,75,5,
13781,hunt_fail,Wolf,1549,49,4,64,8,target_died
13781,hunt_start,Wolf,1549,49,4,64,8,target:Rabbit:491
13781,reproduce,Boar,108,448,5,210,8,offspring:2
13783,spore_matured,Shroomer,-1,46,2,281,6,
13783,reproduce,Shroomer,-1,46,2,281,6,offspring:1
13792,age_death,Lizard,1636,159,6,227,3,
13794,reproduce,Elk,1764,323,6,44,1,offspring:1
13804,kill,Frog,1398,244,5,249,1,killed_by:Bear:924
13804,reproduce,Frog,1038,315,6,132,6,offspring:2
13805,hunt_start,Bear,924,244,2,250,0,target:Deer:1280
13806,starvation,Fish,1584,343,1,336,0,
13806,spore_created,Shroomer,-1,240,3,171,1,
13808,starvation,Parrot,1815,1,9,177,7,
13811,reproduce,Elk,75,145,7,385,7,offspring:1
13823,starvation,Lizard,380,54,6,83,5,
13828,hunt_fail,Bear,924,244,9,248,8,discomfort
13834,reproduce,Lizard,30,258,0,432,0,offspring:2
13835,kill,Deer,1283,333,7,89,8,killed_by:Polar Bear:955
13839,reproduce,Musk Ox,225,306,8,57,5,offspring:1
13842,hunt_start,Jaguar,1776,162,5,408,0,target:Elk:2111
13845,kill,Deer,1459,22,2,368,7,killed_by:Wolf:1405
13847,reproduce,Fish,312,253,3,408,0,offspring:2
13848,kill,Deer,1466,426,1,440,9,killed_by:Wolf:869
13854,reproduce,Lizard,2207,87,4,381,8,offspring:2
13862,spore_matured,Shroomer,-1,497,1,26,4,
13862,reproduce,Shroomer,-1,497,1,26,4,offspring:1
13865,kill,Boar,1094,298,4,58,1,killed_by:Polar Bear:141
13870,reproduce,Elk,1026,487,5,367,2,offspring:1
13873,kill,Penguin,2201,405,2,265,3,killed_by:Polar Bear:1099
13874,hunt_start,Polar Bear,1099,405,4,266,0,target:Penguin:1994
13875,spore_created,Shroomer,-1,81,3,260,0,
13877,starvation,Parrot,1567,55,6,397,6,
13878,hunt_start,Boar,2324,462,0,224,5,target:Lizard:1772
13882,reproduce,Parrot,2215,11,3,136,7,offspring:1
13890,hunt_start,Bear,924,246,3,248,6,target:Deer:1280
13895,hunt_fail,Wolf,864,0,1,379,1,discomfort
13898,age_death,Rabbit,222,491,0,143,8,
13899,spore_created,Shroomer,-1,483,9,19,0,
13925,hunt_start,Polar Bear,465,300,9,90,8,target:Monkey:21
13931,spore_matured,Shroomer,-1,488,8,25,3,
13931,reproduce,Shroomer,-1,488,8,25,3,offspring:1
13942,starvation,Elk,1566,64,5,367,5,
13943,kill,Elk,2175,339,1,487,5,killed_by:Polar Bear:958
13943,reproduce,Rabbit,245,497,5,253,0,offspring:2
13944,hunt_start,Polar Bear,958,339,7,487,1,target:Camel:1770
13949,environment_death,Shroomer,346,500,3,29,5,drowning
13955,reproduce,Elk,254,322,3,67,5,offspring:1
13958,hunt_start,Shark,1404,213,1,211,9,target:Elk:411
13966,age_death,Lizard,1649,61,0,173,7,
13966,age_death,Lizard,1650,54,3,175,8,
13969,reproduce,Turtle,2122,253,5,115,3,offspring:1
13978,spore_matured,Shroomer,-1,240,3,171,1,
13978,reproduce,Shroomer,-1,240,3,171,1,offspring:1
13981,age_death,Lizard,1652,148,4,227,2,
13981,age_death,Lizard,1653,191,5,218,3,
13981,reproduce,Musk Ox,1276,96,7,30,5,offspring:1
13983,reproduce,Lizard,1448,493,2,476,2,offspring:2
13993,age_death,Fish,1516,137,5,374,0,
13993,age_death,Fish,1959,138,1,373,1,
13993,age_death,Fish,1960,136,4,375,9,
13993,age_death,Fish,1961,137,2,378,9,
13993,age_death,Fish,1962,131,8,377,5,
13993,age_death,Fish,1963,134,6,377,6,
13993,age_death,Fish,1964,135,2,376,8,
13993,age_death,Fish,1965,136,2,378,4,
13994,reproduce,Frog,1114,326,9,150,4,offspring:2
13994,reproduce,Lizard,1903,51,4,461,5,offspring:2
13994,reproduce,Rabbit,2199,332,4,483,3,offspring:2
13996,reproduce,Fish,1541,362,4,351,0,offspring:2
14001,starvation,Bear,926,183,5,511,4,
14001,spore_created,Shroomer,-1,147,9,223,9,
14013,kill,Monkey,21,297,9,94,0,killed_by:Polar Bear:465
14019,spore_matured,Shroomer,-1,483,4,18,8,
14019,reproduce,Shroomer,-1,483,4,18,8,offspring:1
14021,reproduce,Fish,273,106,0,199,9,offspring:2
14026,spore_matured,Shroomer,-1,81,5,259,9,
14026,reproduce,Shroomer,-1,81,5,259,9,offspring:1
14031,age_death,Lizard,1675,160,3,418,7,
14031,reproduce,Tapir,1271,160,3,504,6,offspring:1
14033,starvation,Deer,1123,37,5,334,0,
14035,kill,Deer,2350,250,5,451,2,killed_by:Polar Bear:2049
14037,reproduce,Elk,1020,179,8,95,5,offspring:1
14038,reproduce,Elk,2399,154,4,86,6,offspring:1
14051,hunt_start,Jaguar,1512,155,9,439,3,target:Frog:132
14060,starvation,Jaguar,470,357,6,263,6,
14061,starvation,Parrot,490,50,4,333,6,
14062,kill,Frog,132,154,8,442,4,killed_by:Jaguar:1512
14063,reproduce,Frog,1736,343,9,394,8,offspring:2
14077,hunt_start,Shark,1181,214,1,167,0,target:Elk:1752
14078,reproduce,Tapir,1016,131,3,121,4,offspring:1
14082,starvation,Bear,2403,223,2,315,0,
14082,reproduce,Fish,467,134,1,376,4,offspring:2
14095,hunt_fail,Bear,924,247,2,244,0,discomfort
14103,kill,Lizard,1771,96,1,512,0,killed_by:Polar Bear:1821
14104,starvation,Shroomer,842,415,0,129,5,
14104,hunt_start,Polar Bear,1821,94,8,512,0,target:Lizard:24
14105,reproduce,Lizard,160,167,5,476,6,offspring:2
14107,kill,Penguin,1994,389,2,267,5,killed_by:Polar Bear:1099
14107,spore_created,Shroomer,-1,483,4,32,1,
14108,hunt_start,Polar Bear,1099,390,0,267,3,target:Penguin:573
14108,hunt_start,Wolf,1405,25,9,356,9,target:Deer:1882
14113,kill,Elk,411,225,3,204,5,killed_by:Shark:1404
14115,spore_created,Shroomer,-1,505,1,22,7,
14118,kill,Camel,1770,347,8,496,3,killed_by:Polar Bear:958
14124,reproduce,Lizard,1834,361,0,264,9,offspring:2
14127,spore_matured,Shroomer,-1,149,3,222,9,
14127,reproduce,Shroomer,-1,149,3,222,9,offspring:1
14134,hunt_start,Wolf,869,419,5,433,4,target:Deer:1009
14186,kill,Monkey,649,441,6,408,2,killed_by:Wolf:1589
14187,hunt_start,Wolf,1589,442,0,408,0,target:Shroomer:2412
14189,age_death,Parrot,695,174,0,473,2,
14190,reproduce,Fish,719,32,7,323,8,offspring:2
14196,hunt_start,Bear,923,67,9,93,1,target:Musk Ox:614
14199,age_death,Lizard,1045,201,5,149,6,
14200,hunt_fail,Shark,1204,192,4,157,2,target_died
14200,hunt_fail,Shark,1884,192,1,155,1,target_died
14200,spore_created,Shroomer,-1,160,8,203,9,
14204,kill,Elk,1752,217,1,157,8,killed_by:Shark:1181
14209,reproduce,Tapir,171,468,4,213,1,offspring:1
14222,hunt_start,Jaguar,1512,151,4,438,1,target:Frog:863
14226,hunt_start,Bear,924,246,9,245,3,target:Deer:1451
14232,starvation,Tapir,725,351,5,118,5,
14235,spore_matured,Shroomer,-1,505,4,22,9,
14235,reproduce,Shroomer,-1,505,4,22,9,offspring:1
14236,reproduce,Monkey,1343,431,2,329,7,offspring:1
14241,age_death,Rabbit,176,231,8,213,7,
14244,reproduce,Penguin,739,42,1,273,4,offspring:1
14258,hunt_start,Boar,278,230,9,87,4,target:Shroomer:1931
14261,hunt_start,Boar,2378,445,8,198,2,target:Lizard:2168
14273,hunt_start,Jaguar,971,160,4,417,8,target:Parrot:1178
14279,spore_matured,Shroomer,-1,483,2,32,1,
14279,reproduce,Shroomer,-1,483,2,32,1,offspring:1
14280,hunt_start,Polar Bear,955,335,2,90,3,target:Monkey:2218
14300,starvation,Jaguar,2315,277,7,151,5,
14303,reproduce,Boar,1993,412,3,93,7,offspring:2
14306,kill,Deer,1882,27,5,339,9,killed_by:Wolf:1405
14311,reproduce,Parrot,223,14,4,395,3,offspring:1
14314,kill,Deer,1009,434,1,425,1,killed_by:Wolf:869
14318,reproduce,Tapir,1237,131,0,120,4,offspring:1
14320,spore_created,Shroomer,-1,336,8,57,1,
14324,age_death,Lizard,1711,419,1,273,9,
14325,hunt_start,Shark,1884,187,6,157,3,target:Elk:697
14326,starvation,Rabbit,236,454,0,481,8,
14326,kill,Shroomer,2412,446,0,399,6,killed_by:Wolf:1589
14327,hunt_start,Wolf,1589,445,7,400,2,target:Monkey:1135
14327,hunt_start,Boar,2492,34,1,416,8,target:Lizard:2012
14328,reproduce,Monkey,1061,379,0,332,9,offspring:1
14328,reproduce,Parrot,1202,15,3,497,0,offspring:1
14330,reproduce,Penguin,344,53,5,269,7,offspring:1
14340,hunt_fail,Bear,923,61,3,89,7,discomfort
14346,hunt_start,Shark,1204,190,1,158,9,target:Elk:697
14352,age_death,Frog,206,59,9,443,9,
14352,reproduce,Parrot,1899,22,0,321,8,offspring:1
14373,age_death,Lizard,1715,449,8,176,0,
14380,reproduce,Penguin,2357,418,3,294,4,offspring:1
14382,starvation,Hawk,1572,73,6,310,3,
14382,reproduce,Musk Ox,1192,312,2,155,4,offspring:1
14400,age_death,Lizard,1719,386,5,508,4,
14404,reproduce,Lizard,2332,7,4,382,7,offspring:2
14408,hunt_start,Polar Bear,141,300,2,58,0,target:Musk Ox:1283
14418,age_death,Frog,1726,495,3,505,6,
14420,hunt_start,Wolf,864,13,0,377,7,target:Boar:759
14422,reproduce,Boar,1744,118,7,339,1,offspring:2
14429,hunt_fail,Bear,924,248,3,246,1,discomfort
14442,kill,Rabbit,491,66,4,34,8,killed_by:Wolf:1549
14442,reproduce,Elk,1163,158,4,133,9,offspring:1
14443,hunt_start,Wolf,1549,66,6,35,1,target:Rabbit:1681
14458,starvation,Shroomer,1672,151,5,208,5,
14458,reproduce,Boar,1830,284,1,51,8,offspring:2
14467,age_death,Frog,1463,303,6,390,8,
14467,age_death,Frog,1734,339,2,392,6,
14467,age_death,Frog,1735,359,2,450,2,
14467,age_death,Frog,1736,342,9,393,7,
14467,age_death,Frog,1738,359,4,388,1,
14467,age_death,Frog,1740,344,9,423,8,
14467,reproduce,Deer,917,420,9,14,4,offspring:1
14467,reproduce,Monkey,1110,492,9,432,2,offspring:1
14469,reproduce,Frog,867,110,0,254,5,offspring:2
14469,reproduce,Penguin,1258,395,6,245,7,offspring:1
14469,reproduce,Fish,1360,99,9,194,3,offspring:2
14491,kill,Frog,863,171,3,433,0,killed_by:Jaguar:1512
14492,hunt_start,Jaguar,1512,170,9,433,1,target:Elk:1239
14492,spore_matured,Shroomer,-1,336,8,57,1,
14492,reproduce,Shroomer,-1,336,8,57,1,offspring:1
14498,starvation,Parrot,2076,57,4,358,2,
14498,hunt_fail,Shark,1093,67,3,346,1,target_died
14498,spore_created,Shroomer,-1,134,8,410,4,
14498,spore_created,Shroomer,-1,124,1,413,9,
14505,kill,Boar,581,369,4,335,9,killed_by:Jaguar:1644
14506,hunt_start,Jaguar,1644,369,7,336,4,target:Monkey:2494
14510,reproduce,Elk,1046,493,5,252,5,offspring:1
14526,age_death,Lizard,201,105,9,46,4,
14526,age_death,Lizard,1041,105,5,72,0,
14526,reproduce,Deer,277,331,1,110,0,offspring:1
14526,reproduce,Camel,2149,292,9,57,0,offspring:1
14528,kill,Parrot,1939,-0,0,242,4,killed_by:Hawk:562
14529,spore_created,Shroomer,-1,446,4,391,7,
14529,spore_created,Shroomer,-1,448,6,397,3,
14541,hunt_start,Bear,924,247,7,247,1,target:Deer:1280
14544,hunt_start,Hawk,562,1,8,243,0,target:Parrot:2025
14545,age_death,Lizard,1755,284,1,426,1,
14545,age_death,Lizard,1756,194,4,403,2,
14548,spore_created,Shroomer,-1,328,1,64,3,
14548,spore_created,Shroomer,-1,330,1,59,8,
14554,kill,Musk Ox,1283,305,2,53,8,killed_by:Polar Bear:141
14555,spore_created,Shroomer,-1,171,7,230,1,
14556,hunt_start,Polar Bear,465,297,7,87,2,target:Boar:1365
14570,kill,Elk,697,169,7,172,2,killed_by:Shark:1884
14571,hunt_fail,Shark,1204,171,3,171,1,target_died
14571,hunt_start,Shark,1204,171,3,171,1,target:Elk:1011
14576,kill,Boar,759,4,6,369,5,killed_by:Wolf:864
14577,hunt_start,Wolf,864,4,9,369,8,target:Boar:1923
14577,reproduce,Penguin,1227,370,1,296,6,offspring:1
14577,reproduce,Frog,2457,316,4,215,8,offspring:2
14578,hunt_start,Polar Bear,2049,250,8,442,5,target:Fish:1639
14586,starvation,Hawk,2404,93,7,240,9,
14587,spore_created,Shroomer,-1,161,2,229,4,
14596,hunt_start,Shark,1093,69,7,345,2,target:Parrot:1936
14600,hunt_start,Wolf,869,433,2,423,2,target:Deer:156
14605,hunt_start,Wolf,1405,30,8,347,8,target:Parrot:2116
14608,reproduce,Penguin,1419,378,9,251,7,offspring:1
14623,starvation,Monkey,910,45,3,193,6,
14623,hunt_fail,Crocodile,948,36,5,200,1,target_died
14625,reproduce,Boar,1138,24,1,505,6,offspring:2
14639,hunt_start,Polar Bear,958,357,6,495,7,target:Lizard:766
14639,hunt_start,Boar,2322,9,7,305,8,target:Parrot:2188
14649,spore_matured,Shroomer,-1,448,6,397,3,
14649,reproduce,Shroomer,-1,448,6,397,3,offspring:1
14653,age_death,Lizard,859,238,1,483,6,
14655,reproduce,Frog,93,147,6,469,6,offspring:2
14670,spore_matured,Shroomer,-1,134,8,410,4,
14670,reproduce,Shroomer,-1,134,8,410,4,offspring:1
14674,hunt_start,Shark,1404,229,8,201,5,target:Camel:1488
14678,hunt_fail,Wolf,869,434,1,417,0,discomfort
14685,kill,Elk,1239,159,6,422,3,killed_by:Jaguar:1512
14685,kill,Lizard,24,135,5,499,7,killed_by:Polar Bear:1821
14685,reproduce,Deer,1332,420,0,7,9,offspring:1
14685,spore_created,Shroomer,-1,166,2,213,1,
14686,hunt_start,Polar Bear,1821,134,9,500,1,target:Tapir:730
14689,hunt_fail,Jaguar,975,143,0,418,4,discomfort
14701,spore_matured,Shroomer,-1,446,4,391,7,
14701,reproduce,Shroomer,-1,446,4,391,7,offspring:1
14707,age_death,Lizard,492,35,6,168,3,
14707,age_death,Lizard,1786,74,9,188,3,
14708,reproduce,Musk Ox,1494,347,9,230,9,offspring:1
14709,reproduce,Lizard,1050,364,5,335,4,offspring:2
14716,kill,Rabbit,1681,86,5,29,2,killed_by:Wolf:1549
14717,hunt_start,Wolf,1549,86,1,29,3,target:Rabbit:1793
14720,spore_matured,Shroomer,-1,327,9,64,1,
14720,reproduce,Shroomer,-1,327,9,64,1,offspring:1
14720,spore_matured,Shroomer,-1,330,1,59,8,
14720,reproduce,Shroomer,-1,330,1,59,8,offspring:1
14728,hunt_fail,Bear,924,247,5,243,5,discomfort
14730,reproduce,Frog,376,336,2,452,4,offspring:2
14732,kill,Boar,1923,-0,0,373,4,killed_by:Wolf:864
14733,hunt_start,Wolf,864,0,5,373,3,target:Boar:930
14734,age_death,Lizard,1794,495,7,315,9,
14734,age_death,Lizard,1795,509,2,247,6,
14734,reproduce,Rabbit,2477,215,4,175,9,offspring:2
14736,reproduce,Parrot,2019,206,4,397,8,offspring:1
14739,age_death,Monkey,660,57,7,214,6,
14740,age_death,Lizard,1798,458,8,122,1,
14740,reproduce,Deer,2271,159,1,217,5,offspring:1
14741,hunt_start,Boar,1700,390,7,225,6,target:Frog:997
14742,reproduce,Lizard,1351,51,0,484,7,offspring:2
14754,starvation,Tapir,1362,337,9,383,5,
14755,kill,Tapir,730,135,1,499,2,killed_by:Polar Bear:1821
14756,hunt_start,Polar Bear,1821,135,0,500,0,target:Tapir:1207
14758,reproduce,Rabbit,310,373,4,333,8,offspring:2
14759,hunt_start,Boar,930,4,5,373,8,target:Lizard:2332
14765,hunt_start,Shark,1181,221,5,149,4,target:Lizard:2302
14772,kill,Boar,1365,308,2,80,9,killed_by:Polar Bear:465
14779,reproduce,Fish,2216,361,9,350,3,offspring:2
14786,hunt_start,Boar,1700,390,2,223,5,target:Frog:997
14787,kill,Monkey,2218,303,6,97,1,killed_by:Polar Bear:955
14788,hunt_start,Boar,930,5,1,373,9,target:Lizard:2332
14788,reproduce,Lizard,798,8,8,143,6,offspring:2
14792,starvation,Lizard,1772,462,6,230,6,
14793,kill,Parrot,2025,42,1,265,6,killed_by:Hawk:562
14793,reproduce,Camel,38,211,5,172,7,offspring:1
14794,hunt_start,Hawk,562,41,9,265,5,target:Penguin:176
14796,reproduce,Penguin,481,493,9,318,6,offspring:1
14813,kill,Elk,1011,152,3,157,1,killed_by:Shark:1204
14814,hunt_start,Shark,1204,152,7,157,7,target:Elk:207
14815,environment_death,Shroomer,293,507,7,29,0,drowning
14818,reproduce,Parrot,260,11,0,277,9,offspring:1
14821,reproduce,Elk,1316,152,1,146,3,offspring:1
14829,hunt_start,Wolf,869,434,7,423,3,target:Deer:1330
14844,hunt_start,Jaguar,975,149,7,418,7,target:Shroomer:1946
14852,starvation,Rabbit,184,379,5,172,7,
14852,starvation,Parrot,1352,450,0,482,4,
14853,reproduce,Camel,1015,383,4,383,2,offspring:1
14855,reproduce,Monkey,2407,409,9,384,8,offspring:1
14857,spore_matured,Shroomer,-1,166,2,212,7,
14857,reproduce,Shroomer,-1,166,2,212,7,offspring:1
14860,kill,Camel,1488,226,1,186,6,killed_by:Shark:1404
14862,reproduce,Deer,1102,16,9,358,1,offspring:1
14864,hunt_fail,Boar,1976,450,4,331,0,prey_escaped
14871,age_death,Fish,691,254,1,405,5,
14871,age_death,Fish,1339,255,7,407,2,
14871,reproduce,Elk,1664,150,2,142,6,offspring:1
14872,age_death,Rabbit,253,262,3,227,0,
14877,hunt_start,Crocodile,948,37,4,201,4,target:Monkey:1745
14878,reproduce,Fish,1869,249,5,406,5,offspring:2
14897,starvation,Elk,2217,85,0,189,0,
14898,hunt_start,Crocodile,1092,107,5,346,6,target:Parrot:1571
14901,hunt_start,Bear,924,247,6,246,1,target:Deer:1280
14901,spore_created,Shroomer,-1,336,3,385,1,
14902,kill,Boar,930,13,2,372,9,killed_by:Wolf:864
14903,hunt_start,Wolf,864,12,7,372,9,target:Boar:1434
14904,reproduce,Tapir,1361,254,8,92,6,offspring:1
14906,kill,Elk,207,146,3,158,0,killed_by:Shark:1204
14913,spore_created,Shroomer,-1,307,6,76,3,
14917,starvation,Monkey,1522,450,8,281,1,
14919,reproduce,Lizard,1906,13,0,396,3,offspring:2
14921,kill,Penguin,176,50,2,283,1,killed_by:Hawk:562
14922,hunt_start,Hawk,562,50,1,282,9,target:Penguin:739
14922,reproduce,Fish,222,108,5,203,4,offspring:2
14934,hunt_fail,Wolf,864,11,5,373,1,discomfort
14946,starvation,Boar,916,389,0,172,5,
14950,reproduce,Wolf,869,434,6,418,1,offspring:1
14951,hunt_start,Wolf,916,436,6,419,6,target:Deer:1330
14955,hunt_fail,Wolf,869,434,8,417,9,discomfort
14978,starvation,Fish,2448,404,1,337,1,
14980,hunt_start,Boar,910,23,2,505,9,target:Parrot:2304
14980,reproduce,Camel,2254,192,9,233,7,offspring:1
14981,starvation,Frog,247,0,0,453,5,
14991,spore_created,Shroomer,-1,142,9,201,1,
14998,hunt_fail,Jaguar,971,224,5,407,8,discomfort
15011,age_death,Rabbit,244,487,5,321,7,
15019,reproduce,Elk,1945,35,0,360,9,offspring:1
15021,starvation,Lizard,1904,0,1,432,9,
15021,reproduce,Monkey,2397,327,8,162,5,offspring:1
15031,starvation,Tapir,1724,78,1,158,7,
15031,reproduce,Camel,1810,217,3,184,7,offspring:1
15032,age_death,Rabbit,1126,453,4,146,7,
15032,age_death,Rabbit,1127,476,3,127,3,
15032,reproduce,Parrot,2304,24,3,512,0,offspring:1
15033,spore_created,Shroomer,-1,84,1,241,1,
15043,hunt_start,Wolf,864,12,2,376,6,target:Boar:1434
15052,kill,Penguin,739,37,9,268,8,killed_by:Hawk:562
15052,reproduce,Tapir,381,74,7,138,8,offspring:1
15053,hunt_start,Hawk,562,38,1,268,9,target:Monkey:1678
15055,hunt_fail,Polar Bear,958,331,4,485,7,discomfort
15057,hunt_start,Jaguar,1512,149,2,411,5,target:Elk:478
15060,starvation,Frog,1067,210,8,65,7,
15063,reproduce,Fish,116,354,7,355,1,offspring:2
15073,spore_matured,Shroomer,-1,336,3,385,1,
15073,reproduce,Shroomer,-1,336,3,385,1,offspring:1
15076,hunt_start,Boar,443,308,2,218,1,target:Frog:2458
15079,hunt_fail,Bear,924,249,8,250,7,discomfort
15085,spore_matured,Shroomer,-1,306,7,76,8,
15085,reproduce,Shroomer,-1,306,7,76,8,offspring:1
15097,hunt_start,Polar Bear,141,303,8,52,8,target:Shroomer:1252
15099,age_death,Parrot,681,134,3,284,8,
15102,reproduce,Elk,1140,208,9,414,8,offspring:1
15111,starvation,Lizard,2379,132,3,0,0,
15111,hunt_fail,Wolf,1089,138,4,0,0,target_died
15111,spore_matured,Shroomer,-1,142,9,201,1,
15111,reproduce,Shroomer,-1,142,9,201,1,offspring:1
15115,reproduce,Shark,1204,147,0,158,0,offspring:1
15116,hunt_start,Shark,247,148,4,155,6,target:Elk:2424
15116,hunt_start,Shark,1204,147,0,158,0,target:Elk:2424
15118,kill,Deer,1330,443,5,409,8,killed_by:Wolf:916
15119,hunt_start,Wolf,916,443,0,410,0,target:Deer:156
15119,reproduce,Lizard,2011,265,3,423,8,offspring:2
15128,hunt_start,Boar,611,3,4,311,2,target:Parrot:2116
15129,starvation,Shark,1093,94,9,299,5,
15132,spore_created,Shroomer,-1,499,3,-0,4,
15134,kill,Elk,478,149,5,405,2,killed_by:Jaguar:1512
15135,spore_created,Shroomer,-1,491,7,7,5,
15153,spore_matured,Shroomer,-1,84,2,241,0,
15153,reproduce,Shroomer,-1,84,2,241,0,offspring:1
15157,age_death,Lizard,31,187,5,239,1,
15157,age_death,Lizard,1496,171,4,231,3,
15158,reproduce,Musk Ox,319,168,1,95,0,offspring:1
15161,reproduce,Frog,490,332,0,398,1,offspring:2
15163,age_death,Frog,959,157,2,476,8,
15163,age_death,Frog,1574,135,8,470,6,
15164,kill,Rabbit,1793,55,4,4,9,killed_by:Wolf:1549
15164,reproduce,Tapir,709,62,3,217,4,offspring:1
15167,reproduce,Monkey,405,488,7,307,8,offspring:1
15167,reproduce,Turtle,1176,198,0,89,7,offspring:1
15172,age_death,Lizard,61,309,2,136,8,
15172,age_death,Lizard,1825,306,9,118,7,
15172,reproduce,Fish,1871,249,5,405,5,offspring:2
15173,age_death,Lizard,1826,466,3,307,1,
15176,spore_created,Shroomer,-1,506,0,15,6,
15179,kill,Faeling,1206,365,7,68,5,killed_by:Shroomer:2493
15181,reproduce,Deer,642,232,7,480,3,offspring:1
15196,kill,Rabbit,2193,133,6,213,8,killed_by:Shark:348
15197,hunt_start,Shark,348,134,8,214,0,target:Shroomer:519
15198,age_death,Lizard,1834,361,8,253,6,
15198,age_death,Lizard,1835,421,9,288,0,
15199,hunt_start,Jaguar,971,226,8,412,9,target:Parrot:2019
15200,reproduce,Camel,1570,303,5,162,0,offspring:1
15200,reproduce,Deer,2441,143,8,321,6,offspring:1
15202,kill,Shroomer,1252,307,4,53,4,killed_by:Polar Bear:141
15204,reproduce,Elk,482,481,2,497,4,offspring:1
15205,hunt_fail,Crocodile,948,37,9,201,8,prey_escaped
15207,kill,Boar,1434,0,8,372,5,killed_by:Wolf:864
15208,hunt_start,Wolf,864,1,2,372,7,target:Boar:1763
15208,reproduce,Rabbit,429,489,1,146,4,offspring:2
15218,age_death,Parrot,682,151,1,354,4,
15223,reproduce,Monkey,1120,56,0,204,0,offspring:1
15227,hunt_start,Crocodile,948,38,0,201,9,target:Elk:1439
15228,hunt_start,Wolf,869,436,3,413,7,target:Deer:156
15241,starvation,Rabbit,2255,377,3,235,0,
15241,kill,Elk,2424,150,3,146,0,killed_by:Shark:247
15241,reproduce,Elk,14,155,3,394,3,offspring:1
15242,hunt_fail,Shark,1204,149,7,148,8,target_died
15242,hunt_start,Shark,1204,149,7,148,8,target:Elk:1316
15243,spore_created,Shroomer,-1,239,6,71,6,
15244,environment_death,Shroomer,986,508,2,29,1,drowning
15249,reproduce,Lizard,1653,482,0,486,3,offspring:2
15255,spore_matured,Shroomer,-1,491,7,7,5,
15255,reproduce,Shroomer,-1,491,7,7,5,offspring:1
15256,starvation,Fish,1639,236,3,485,5,
15256,hunt_fail,Polar Bear,2049,241,7,481,2,target_died
15256,hunt_start,Polar Bear,2049,241,7,481,2,target:Deer:642
15262,hunt_start,Polar Bear,955,312,2,96,9,target:Deer:277
15265,starvation,Monkey,1272,475,5,358,9,
15265,reproduce,Lizard,1044,140,5,227,6,offspring:2
15267,hunt_start,Shark,1884,177,2,164,5,target:Lizard:2302
15280,environment_death,Shroomer,2222,265,9,75,4,drowning
15287,reproduce,Frog,113,391,3,407,8,offspring:2
15288,age_death,Rabbit,1189,247,1,500,0,
15289,reproduce,Deer,972,356,1,381,3,offspring:1
15296,spore_matured,Shroomer,-1,506,0,15,8,
15296,reproduce,Shroomer,-1,506,0,15,8,offspring:1
15300,kill,Deer,156,435,2,409,5,killed_by:Wolf:869
15301,hunt_start,Wolf,869,435,2,410,0,target:Lizard:2369
15301,hunt_fail,Wolf,916,441,0,410,0,target_died
15301,hunt_start,Wolf,916,441,0,410,0,target:Lizard:2369
15302,age_death,Lizard,883,311,5,379,3,
15302,age_death,Lizard,1308,290,7,387,0,
15302,reproduce,Lizard,1387,38,1,152,6,offspring:2
15303,reproduce,Frog,371,167,6,391,8,offspring:2
15304,spore_matured,Shroomer,-1,499,3,-0,4,
15304,reproduce,Shroomer,-1,499,3,-0,4,offspring:1
15310,age_death,Frog,1519,146,1,222,3,
15310,age_death,Frog,1842,161,8,252,5,
15315,hunt_start,Polar Bear,465,305,0,84,9,target:Shroomer:782
15315,kill,Monkey,1678,3,0,277,8,killed_by:Hawk:562
15315,hunt_fail,Jaguar,971,214,0,420,3,discomfort
15315,reproduce,Deer,1970,333,8,107,6,offspring:1
15316,hunt_start,Hawk,562,3,3,277,7,target:Parrot:1048
15316,age_death,Rabbit,1196,396,6,139,3,
15316,age_death,Rabbit,1197,298,4,104,4,
15316,reproduce,Lizard,133,235,9,115,6,offspring:2
15317,reproduce,Lizard,1765,448,0,497,6,offspring:2
15318,hunt_start,Boar,265,29,6,412,0,target:Lizard:2012
15319,hunt_start,Bear,923,72,3,90,3,target:Musk Ox:614
15349,kill,Elk,2111,162,5,421,4,killed_by:Jaguar:1776
15351,reproduce,Deer,840,14,9,285,1,offspring:1
15358,hunt_start,Bear,924,250,4,256,3,target:Deer:1280
15359,kill,Shroomer,1946,167,1,426,3,killed_by:Jaguar:975
15359,reproduce,Deer,107,222,0,424,5,offspring:1
15363,spore_matured,Shroomer,-1,239,6,71,6,
15363,reproduce,Shroomer,-1,239,6,71,6,offspring:1
15364,kill,Elk,1316,143,7,141,7,killed_by:Shark:1204
15366,reproduce,Penguin,1933,218,0,262,8,offspring:1
15373,hunt_start,Polar Bear,958,336,1,485,7,target:Parrot:1562
15377,kill,Shroomer,519,143,5,219,6,killed_by:Shark:348
15378,age_death,Lizard,121,489,6,292,0,
15378,age_death,Lizard,1848,481,1,276,6,
15378,age_death,Lizard,1849,383,2,193,8,
15378,age_death,Lizard,1850,418,7,219,1,
15378,age_death,Lizard,1851,327,0,221,8,
15378,age_death,Lizard,1852,387,6,146,0,
15378,reproduce,Parrot,905,9,8,338,0,offspring:1
15378,reproduce,Fish,1561,138,8,380,0,offspring:2
15380,reproduce,Lizard,271,139,9,314,1,offspring:2
15380,reproduce,Elk,692,335,0,77,3,offspring:1
15381,age_death,Frog,1853,233,0,303,1,
15381,age_death,Frog,1855,238,5,271,7,
15382,reproduce,Parrot,2034,104,1,392,6,offspring:1
15385,reproduce,Elk,1188,298,4,118,4,offspring:1
15386,reproduce,Fish,1583,314,2,266,5,offspring:2
15405,age_death,Lizard,1863,218,8,503,3,
15405,age_death,Lizard,1864,230,6,505,8,
15406,age_death,Rabbit,221,463,0,137,8,
15408,reproduce,Lizard,1766,446,7,507,1,offspring:2
15410,kill,Musk Ox,614,70,0,86,0,killed_by:Bear:923
15411,reproduce,Fish,2403,132,3,375,5,offspring:2
15413,hunt_start,Boar,1976,444,6,333,4,target:Monkey:1479
15414,hunt_start,Jaguar,975,169,1,424,9,target:Elk:2101
15415,kill,Parrot,1048,-0,0,271,7,killed_by:Hawk:562
15416,starvation,Rabbit,2242,185,5,326,7,
15416,hunt_start,Hawk,562,0,0,271,9,target:Parrot:2251
15416,reproduce,Monkey,2102,397,5,119,2,offspring:1
15417,starvation,Rabbit,835,369,4,252,6,
15417,hunt_fail,Wolf,864,1,7,367,6,discomfort
15417,reproduce,Parrot,1170,3,1,508,7,offspring:1
15421,hunt_start,Shark,1404,222,9,197,0,target:Lizard:2113
15422,reproduce,Boar,2094,306,1,232,8,offspring:2
15427,starvation,Deer,1257,31,1,275,1,
15427,reproduce,Penguin,2234,375,8,258,6,offspring:1
15431,starvation,Deer,720,270,5,69,4,
15433,reproduce,Rabbit,901,463,2,132,4,offspring:2
15447,age_death,Lizard,1892,84,6,391,8,
15447,reproduce,Lizard,153,52,0,213,2,offspring:2
15456,age_death,Lizard,1232,221,5,489,3,
15456,age_death,Lizard,1893,243,3,500,6,
15458,reproduce,Elk,560,252,5,198,2,offspring:1
15461,spore_created,Shroomer,-1,519,6,37,4,
15464,starvation,Musk Ox,588,368,5,65,5,
15464,reproduce,Boar,1133,15,3,496,8,offspring:2
15465,hunt_start,Boar,588,12,5,499,8,target:Parrot:1122
15467,kill,Shroomer,782,310,3,83,4,killed_by:Polar Bear:465
15467,reproduce,Lizard,842,174,5,488,5,offspring:2
15472,age_death,Lizard,1896,223,0,463,9,
15472,age_death,Lizard,1897,225,3,488,4,
15474,reproduce,Elk,258,366,7,473,6,offspring:1
15477,reproduce,Boar,2072,71,3,431,6,offspring:2
15478,hunt_start,Boar,1897,71,8,432,1,target:Frog:1034
15478,hunt_start,Boar,2072,71,3,431,5,target:Frog:1034
15485,age_death,Lizard,932,86,7,99,0,
15485,age_death,Lizard,1898,114,7,46,5,
15486,reproduce,Frog,1735,110,0,262,8,offspring:2
15495,hunt_start,Wolf,864,2,8,370,3,target:Lizard:2332
15506,hunt_start,Jaguar,1512,156,0,401,6,target:Parrot:2018
15506,age_death,Lizard,503,268,0,116,3,
15508,reproduce,Frog,859,144,1,466,3,offspring:2
15509,age_death,Lizard,1903,63,5,442,6,
15509,reproduce,Lizard,305,139,4,225,9,offspring:2
15519,age_death,Rabbit,1212,245,2,238,3,
15519,age_death,Rabbit,1213,260,4,220,5,
15521,age_death,Rabbit,1216,243,1,492,2,
15521,age_death,Rabbit,1217,267,9,467,8,
15521,reproduce,Rabbit,1410,211,5,497,6,offspring:2
15522,reproduce,Musk Ox,181,333,1,29,1,offspring:1
15522,reproduce,Deer,1701,415,4,419,0,offspring:1
15525,kill,Deer,277,331,2,101,2,killed_by:Polar Bear:955
15526,reproduce,Turtle,2013,25,8,432,4,offspring:1
15527,age_death,Monkey,664,56,3,206,9,
15528,reproduce,Penguin,540,361,9,290,8,offspring:1
15541,kill,Deer,642,220,7,482,2,killed_by:Polar Bear:2049
15541,spore_created,Shroomer,-1,488,5,26,1,
15554,age_death,Rabbit,1219,426,3,317,3,
15554,age_death,Rabbit,1220,398,2,287,3,
15554,reproduce,Frog,1403,407,0,413,4,offspring:2
15570,hunt_fail,Wolf,916,441,0,410,1,prey_escaped
15570,hunt_start,Wolf,916,441,0,410,1,target:Monkey:2366
15581,spore_matured,Shroomer,-1,519,6,37,4,
15581,reproduce,Shroomer,-1,519,6,37,4,offspring:1
15587,age_death,Rabbit,559,477,0,321,0,
15587,age_death,Rabbit,1231,492,6,265,8,
15597,reproduce,Boar,1518,269,0,102,9,offspring:2
15598,hunt_start,Boar,559,269,1,100,2,target:Shroomer:1406
15598,hunt_start,Boar,1231,269,1,100,2,target:Shroomer:1406
15598,hunt_start,Boar,1518,269,0,102,9,target:Shroomer:1406
15599,hunt_fail,Wolf,864,9,1,367,2,discomfort
15622,age_death,Rabbit,120,385,3,155,2,
15624,starvation,Wolf,1089,141,2,11,4,
15624,reproduce,Tapir,328,17,8,252,3,offspring:1
15627,reproduce,Tapir,1311,30,3,152,7,offspring:1
15636,age_death,Rabbit,224,413,1,242,9,
15645,spore_created,Shroomer,-1,491,2,-8,2,
15667,kill,Parrot,2251,20,9,279,0,killed_by:Hawk:562
15668,hunt_start,Hawk,562,21,1,279,0,target:Monkey:1673
15671,age_death,Rabbit,1286,260,9,278,5,
15671,age_death,Rabbit,1287,228,4,309,2,
15673,reproduce,Deer,1977,166,5,348,6,offspring:1
15677,reproduce,Monkey,998,45,1,180,2,offspring:1
15678,reproduce,Faeling,0,284,4,42,5,offspring:1
15683,spore_matured,Shroomer,-1,487,8,25,9,
15683,reproduce,Shroomer,-1,487,8,25,9,offspring:1
15688,age_death,Penguin,573,448,0,325,3,
15689,hunt_fail,Polar Bear,1099,441,7,326,2,target_died
15689,kill,Shroomer,1406,263,8,102,2,killed_by:Boar:1231
15689,reproduce,Elk,1370,232,7,204,3,offspring:1
15690,hunt_fail,Boar,559,265,0,102,0,target_died
15690,hunt_fail,Boar,1518,264,3,102,5,target_died
15691,reproduce,Lizard,1353,73,4,507,0,offspring:2
15704,kill,Deer,1280,264,1,241,0,killed_by:Bear:924
15705,hunt_start,Bear,924,263,2,241,4,target:Deer:536
15706,hunt_start,Boar,2094,312,3,230,5,target:Frog:2030
15706,reproduce,Deer,154,428,4,408,4,offspring:1
15721,hunt_start,Jaguar,1776,170,9,420,7,target:Elk:2101
15723,kill,Tapir,1207,152,2,506,6,killed_by:Polar Bear:1821
15724,hunt_start,Polar Bear,1821,151,5,506,5,target:Parrot:498
15725,spore_created,Shroomer,-1,304,6,45,4,
15729,starvation,Tapir,748,127,0,209,9,
15733,reproduce,Rabbit,1802,484,5,334,2,offspring:2
15740,hunt_start,Bear,923,74,4,88,3,target:Musk Ox:651
15740,hunt_start,Boar,1537,304,2,48,3,target:Shroomer:1207
15745,hunt_start,Polar Bear,141,306,6,51,3,target:Shroomer:2390
15760,hunt_start,Jaguar,971,226,8,421,1,target:Deer:1946
15765,spore_matured,Shroomer,-1,491,2,-8,2,
15765,reproduce,Shroomer,-1,491,2,-8,2,offspring:1
15766,kill,Deer,1946,226,7,423,4,killed_by:Jaguar:971
15766,spore_created,Shroomer,-1,75,3,242,7,
15767,hunt_start,Jaguar,971,226,8,422,8,target:Deer:107
15770,kill,Faeling,1287,291,5,50,1,killed_by:Shroomer:1173
15772,reproduce,Camel,904,269,2,418,2,offspring:1
15773,starvation,Rabbit,2256,369,4,253,8,
15773,reproduce,Elk,264,367,5,76,9,offspring:1
15784,age_death,Frog,1935,507,8,483,4,
15786,spore_created,Shroomer,-1,145,3,230,1,
15787,age_death,Frog,1948,64,6,469,5,
15792,reproduce,Deer,1954,322,9,98,2,offspring:1
15802,hunt_start,Shark,247,153,3,152,8,target:Elk:293
15802,age_death,Rabbit,1363,259,5,495,4,
15802,reproduce,Lizard,2381,114,5,53,0,offspring:2
15807,spore_created,Shroomer,-1,116,5,157,6,
15814,age_death,Lizard,229,337,8,445,6,
15814,age_death,Lizard,1277,375,1,476,2,
15814,spore_created,Shroomer,-1,290,6,47,2,
15814,spore_created,Shroomer,-1,298,2,47,2,
15832,hunt_start,Boar,1536,298,7,49,7,target:Shroomer:1277
15855,kill,Shroomer,2390,308,9,56,0,killed_by:Polar Bear:141
15859,reproduce,Elk,1129,486,0,242,4,offspring:1
15868,kill,Musk Ox,651,80,2,93,0,killed_by:Bear:923
15869,reproduce,Deer,125,39,7,367,9,offspring:1
15870,hunt_fail,Boar,611,13,9,302,3,prey_escaped
15875,kill,Monkey,1673,50,2,288,2,killed_by:Hawk:562
15875,reproduce,Elk,2253,38,3,360,4,offspring:1
15876,hunt_start,Hawk,562,49,6,287,9,target:Monkey:899
15876,hunt_fail,Wolf,869,395,6,372,2,discomfort
15884,hunt_start,Boar,559,268,4,106,6,target:Shroomer:935
15886,spore_matured,Shroomer,-1,75,3,242,7,
15886,reproduce,Shroomer,-1,75,3,242,7,offspring:1
15892,age_death,Lizard,908,411,5,380,0,
15892,age_death,Lizard,1291,328,6,443,5,
15897,hunt_fail,Polar Bear,958,374,6,491,2,discomfort
15897,spore_matured,Shroomer,-1,305,3,44,8,
15897,reproduce,Shroomer,-1,305,3,44,8,offspring:1
15898,reproduce,Monkey,1627,19,1,252,7,offspring:1
15899,starvation,Crocodile,948,38,9,202,6,
15901,starvation,Lizard,2336,299,1,176,0,
15901,reproduce,Fish,1067,352,8,356,6,offspring:2
15911,spore_created,Shroomer,-1,51,9,262,6,
15916,kill,Deer,107,241,7,417,6,killed_by:Jaguar:971
15917,hunt_start,Jaguar,971,241,2,417,8,target:Lizard:30
15917,spore_created,Shroomer,-1,181,7,235,8,
15925,hunt_start,Shark,1204,143,9,142,1,target:Elk:691
15927,spore_matured,Shroomer,-1,116,5,157,6,
15927,reproduce,Shroomer,-1,116,5,157,6,offspring:1
15938,hunt_start,Shark,348,155,7,224,2,target:Shroomer:926
15941,starvation,Deer,982,4,5,350,5,
15941,hunt_start,Boar,443,306,1,217,7,target:Frog:2457
15941,kill,Elk,2101,184,9,423,4,killed_by:Jaguar:975
15942,hunt_start,Jaguar,975,184,3,423,1,target:Parrot:1150
15942,hunt_start,Boar,1536,297,0,47,6,target:Shroomer:1277
15942,hunt_fail,Jaguar,1776,176,5,421,2,target_died
15942,age_death,Rabbit,172,465,0,127,4,
15942,age_death,Rabbit,1394,465,6,133,9,
15943,reproduce,Musk Ox,2159,396,3,29,5,offspring:1
15943,reproduce,Musk Ox,2398,175,0,86,1,offspring:1
15944,reproduce,Elk,2468,145,7,423,9,offspring:1
15945,spore_created,Shroomer,-1,84,7,272,4,
15966,reproduce,Musk Ox,1358,19,3,400,0,offspring:1
15970,hunt_start,Polar Bear,955,339,3,100,8,target:Lizard:2035
15975,age_death,Lizard,1762,459,7,131,3,
15975,spore_created,Shroomer,-1,307,2,40,6,
15977,age_death,Monkey,662,62,1,220,0,
15977,reproduce,Elk,57,290,7,112,7,offspring:1
15982,spore_matured,Shroomer,-1,298,5,47,0,
15982,reproduce,Shroomer,-1,298,5,47,0,offspring:1
15986,spore_matured,Shroomer,-1,290,6,47,2,
15986,reproduce,Shroomer,-1,290,6,47,2,offspring:1
15993,kill,Elk,293,153,8,138,9,killed_by:Shark:247
15998,spore_created,Shroomer,-1,505,4,19,7,
16002,kill,Deer,536,257,9,260,4,killed_by:Bear:924
16003,hunt_start,Bear,924,258,5,259,9,target:Deer:146
16010,hunt_start,Polar Bear,465,306,7,86,4,target:Shroomer:1379
16011,reproduce,Fish,614,129,4,372,5,offspring:2
16012,hunt_start,Wolf,869,396,7,377,9,target:Deer:984
16012,hunt_start,Boar,1536,297,3,47,0,target:Shroomer:1277
16016,kill,Monkey,1135,350,4,481,3,killed_by:Wolf:1589
16017,hunt_start,Wolf,1589,350,6,481,0,target:Rabbit:1963
16018,age_death,Frog,1971,455,1,495,3,
16018,reproduce,Penguin,2239,506,8,225,5,offspring:1
16022,reproduce,Frog,1115,347,1,461,2,offspring:2
16023,hunt_fail,Boar,1364,270,9,143,9,prey_escaped
16031,spore_matured,Shroomer,-1,51,9,262,6,
16031,reproduce,Shroomer,-1,51,9,262,6,offspring:1
16033,age_death,Rabbit,243,453,9,149,6,
16033,age_death,Rabbit,1429,466,8,134,8,
16043,reproduce,Monkey,656,389,0,172,5,offspring:1
16043,reproduce,Boar,1911,439,3,419,5,offspring:2
16053,age_death,Frog,1937,84,3,453,9,
16053,age_death,Frog,1985,69,8,450,9,
16053,age_death,Frog,1986,46,5,436,4,
16053,reproduce,Parrot,636,5,7,424,6,offspring:1
16053,reproduce,Musk Ox,937,162,7,109,8,offspring:1
16053,reproduce,Boar,1132,10,0,490,0,offspring:2
16060,kill,Shroomer,926,155,1,230,7,killed_by:Shark:348
16061,reproduce,Fish,1273,133,9,375,3,offspring:2
16075,age_death,Rabbit,1436,316,6,154,1,
16075,age_death,Rabbit,1437,329,1,141,6,
16077,reproduce,Musk Ox,598,15,6,104,3,offspring:1
16078,reproduce,Jaguar,1776,176,1,419,0,offspring:1
16084,hunt_start,Polar Bear,2049,221,2,472,0,target:Rabbit:82
16087,kill,Monkey,899,42,6,257,5,killed_by:Hawk:562
16088,starvation,Tapir,724,351,5,119,7,
16088,starvation,Jaguar,2333,311,7,477,6,
16088,hunt_start,Hawk,562,42,7,257,7,target:Penguin:344
16088,reproduce,Parrot,1891,427,9,505,6,offspring:1
16089,spore_matured,Shroomer,-1,181,7,235,8,
16089,reproduce,Shroomer,-1,181,7,235,8,offspring:1
16090,starvation,Monkey,1119,110,2,221,3,
16090,kill,Elk,691,147,1,129,0,killed_by:Shark:1204
16090,reproduce,Fish,121,138,1,381,0,offspring:2
16090,reproduce,Fish,796,134,7,374,2,offspring:2
16093,environment_death,Shroomer,1935,116,9,157,6,drowning
16098,spore_created,Shroomer,-1,509,8,7,2,
16110,age_death,Frog,1995,172,6,254,8,
16110,age_death,Frog,1996,156,0,251,6,
16112,reproduce,Deer,1348,12,1,276,9,offspring:1
16113,starvation,Parrot,1811,108,0,270,1,
16113,kill,Shroomer,1379,306,7,81,5,killed_by:Polar Bear:465
16114,hunt_start,Boar,1364,268,8,146,2,target:Monkey:2051
16115,hunt_fail,Jaguar,975,195,5,429,6,discomfort
16115,reproduce,Penguin,1829,425,8,295,3,offspring:1
16117,reproduce,Monkey,217,251,6,104,3,offspring:1
16118,spore_matured,Shroomer,-1,505,3,19,3,
16118,reproduce,Shroomer,-1,505,3,19,3,offspring:1
16119,reproduce,Monkey,699,489,5,177,1,offspring:1
16124,starvation,Parrot,436,17,5,476,5,
16127,age_death,Lizard,139,127,7,262,9,
16127,age_death,Lizard,271,140,8,321,2,
16129,reproduce,Lizard,2226,476,6,137,1,offspring:2
16130,age_death,Frog,1999,173,3,253,5,
16130,age_death,Frog,2000,166,9,245,9,
16130,reproduce,Penguin,1599,422,0,297,4,offspring:1
16130,reproduce,Rabbit,1630,62,6,58,6,offspring:2
16137,kill,Shroomer,1277,300,5,47,0,killed_by:Boar:1536
16142,kill,Shroomer,935,270,8,118,8,killed_by:Boar:559
16142,age_death,Frog,371,166,2,400,3,
16142,age_death,Frog,2001,174,4,364,6,
16142,reproduce,Rabbit,1087,389,9,136,1,offspring:2
16144,spore_created,Shroomer,-1,512,6,30,0,
16144,spore_created,Shroomer,-1,500,6,19,8,
16147,age_death,Frog,2002,177,4,357,7,
16147,age_death,Frog,2003,151,9,365,9,
16147,spore_matured,Shroomer,-1,307,2,40,6,
16147,reproduce,Shroomer,-1,307,2,40,6,offspring:1
16149,reproduce,Elk,218,209,5,400,3,offspring:1
16149,reproduce,Penguin,1333,498,0,290,0,offspring:1
16165,hunt_fail,Bear,924,259,7,262,2,discomfort
16181,hunt_fail,Polar Bear,955,333,5,113,2,discomfort
16183,starvation,Shroomer,838,209,8,241,6,
16184,reproduce,Rabbit,435,250,0,234,8,offspring:2
16190,hunt_fail,Jaguar,971,256,3,431,6,discomfort
16192,age_death,Rabbit,216,375,9,256,1,
16196,spore_created,Shroomer,-1,246,1,86,3,
16206,kill,Deer,984,381,4,388,0,killed_by:Wolf:869
16214,hunt_fail,Crocodile,1092,105,9,345,0,prey_escaped
16218,reproduce,Monkey,1426,430,0,309,9,offspring:1
16218,spore_matured,Shroomer,-1,509,7,7,3,
16218,reproduce,Shroomer,-1,509,7,7,3,offspring:1
16220,age_death,Rabbit,198,241,1,197,4,
16220,reproduce,Fish,1855,311,6,272,1,offspring:2
16225,age_death,Lizard,2010,359,7,379,7,
16225,age_death,Lizard,2011,265,9,408,8,
16226,reproduce,Fish,1365,360,5,352,9,offspring:2
16229,kill,Faeling,2092,377,5,46,5,killed_by:Shroomer:2493
16232,reproduce,Lizard,1058,454,0,123,1,offspring:2
16233,age_death,Monkey,656,388,9,172,6,
16234,starvation,Boar,1976,413,1,346,7,
16244,kill,Penguin,344,52,9,275,6,killed_by:Hawk:562
16244,reproduce,Elk,1545,492,1,361,6,offspring:1
16245,hunt_start,Hawk,562,52,8,275,4,target:Penguin:2412
16245,reproduce,Elk,568,361,3,479,8,offspring:1
16245,reproduce,Deer,983,417,4,401,6,offspring:1
16253,age_death,Penguin,575,436,8,230,6,
16253,reproduce,Parrot,457,1,3,498,5,offspring:1
16257,hunt_start,Bear,923,83,9,96,4,target:Musk Ox:1065
16263,age_death,Lizard,2012,32,3,397,0,
16264,hunt_fail,Boar,265,34,8,402,5,target_died
16264,spore_matured,Shroomer,-1,512,6,30,0,
16264,reproduce,Shroomer,-1,512,6,30,0,offspring:1
16264,spore_matured,Shroomer,-1,501,1,19,6,
16264,reproduce,Shroomer,-1,501,1,19,6,offspring:1
16265,hunt_start,Jaguar,975,193,2,427,5,target:Parrot:2387
16266,spore_created,Shroomer,-1,154,8,213,1,
16288,age_death,Rabbit,1482,412,2,294,2,
16292,reproduce,Tapir,702,435,4,187,9,offspring:1
16293,kill,Parrot,2116,0,7,347,3,killed_by:Wolf:1405
16293,reproduce,Monkey,180,45,5,294,1,offspring:1
16307,age_death,Parrot,676,95,3,408,0,
16307,reproduce,Elk,509,160,0,93,7,offspring:1
16311,age_death,Lizard,30,254,3,438,2,
16311,age_death,Lizard,160,146,4,497,6,
16311,reproduce,Musk Ox,315,418,6,56,8,offspring:1
16312,age_death,Rabbit,51,412,5,247,7,
16312,age_death,Rabbit,508,430,9,308,0,
16312,reproduce,Deer,149,381,4,381,9,offspring:1
16315,reproduce,Parrot,223,20,9,423,1,offspring:1
16315,reproduce,Tapir,718,356,5,453,4,offspring:1
16321,hunt_start,Bear,924,261,8,261,3,target:Deer:1117
16358,spore_matured,Shroomer,-1,244,3,86,9,
16358,reproduce,Shroomer,-1,244,3,86,9,offspring:1
16364,starvation,Monkey,1221,508,8,129,5,
16364,hunt_fail,Jaguar,2115,507,7,135,2,target_died
16365,reproduce,Tapir,1137,57,8,475,7,offspring:1
16366,hunt_start,Boar,2491,30,9,422,6,target:Lizard:1906
16380,kill,Penguin,2412,68,9,279,8,killed_by:Hawk:562
16380,reproduce,Tapir,439,39,8,119,6,offspring:1
16384,age_death,Lizard,628,392,8,414,0,
16384,age_death,Lizard,2020,294,5,380,0,
16386,reproduce,Lizard,1892,45,1,220,4,offspring:2
16386,spore_matured,Shroomer,-1,154,8,213,1,
16386,reproduce,Shroomer,-1,154,8,213,1,offspring:1
16388,hunt_start,Wolf,1405,5,3,346,1,target:Parrot:206
16394,hunt_start,Crocodile,1092,106,7,341,9,target:Parrot:677
16398,hunt_start,Polar Bear,141,305,4,52,2,target:Shroomer:800
16400,age_death,Rabbit,73,217,2,191,0,
16400,age_death,Rabbit,1506,226,7,173,0,
16401,reproduce,Elk,1223,154,0,123,5,offspring:1
16404,spore_created,Shroomer,-1,494,6,27,8,
16405,age_death,Frog,1038,314,1,139,7,
16405,age_death,Frog,1757,301,8,149,7,
16405,reproduce,Lizard,375,123,6,465,4,offspring:2
16430,environment_death,Shroomer,2012,511,3,29,4,drowning
16430,reproduce,Lizard,1154,298,9,506,0,offspring:2
16432,kill,Musk Ox,1065,91,9,102,2,killed_by:Bear:923
16441,age_death,Frog,2030,323,5,222,8,
16441,age_death,Frog,2031,332,6,207,5,
16442,reproduce,Parrot,1142,205,0,416,7,offspring:1
16443,reproduce,Lizard,156,39,8,147,3,offspring:2
16444,age_death,Rabbit,1513,498,9,301,1,
16444,age_death,Rabbit,1514,489,0,354,4,
16448,reproduce,Parrot,1126,68,7,510,5,offspring:1
16451,reproduce,Monkey,170,68,4,202,0,offspring:1
16456,age_death,Lizard,2032,331,9,139,3,
16456,age_death,Lizard,2033,385,3,137,3,
16457,age_death,Lizard,2035,328,0,122,6,
16461,reproduce,Boar,968,248,1,118,4,offspring:2
16461,reproduce,Monkey,1447,399,0,124,7,offspring:1
16462,hunt_start,Boar,968,248,1,118,4,target:Lizard:1842
16462,hunt_start,Boar,2032,245,5,116,2,target:Rabbit:2402
16462,hunt_start,Boar,2033,245,5,116,2,target:Rabbit:2402
16463,starvation,Musk Ox,600,369,9,171,1,
16463,reproduce,Frog,1047,251,7,264,0,offspring:2
16492,starvation,Deer,124,49,8,374,2,
16492,hunt_start,Wolf,869,370,1,397,7,target:Deer:972
16493,starvation,Parrot,2356,31,8,333,6,
16493,spore_created,Shroomer,-1,473,2,19,4,
16493,spore_created,Shroomer,-1,474,2,16,7,
16514,reproduce,Turtle,493,10,8,415,3,offspring:1
16522,hunt_fail,Bear,924,261,0,263,1,discomfort
16523,starvation,Elk,629,264,5,76,6,
16523,reproduce,Frog,1248,171,3,467,3,offspring:2
16524,spore_matured,Shroomer,-1,494,6,27,8,
16524,reproduce,Shroomer,-1,494,6,27,8,offspring:1
16534,age_death,Monkey,661,57,6,189,4,
16535,reproduce,Lizard,1719,10,9,392,9,offspring:2
16540,hunt_start,Hawk,562,67,1,278,4,target:Monkey:2160
16554,hunt_start,Shark,247,148,5,142,9,target:Elk:1664
16560,starvation,Elk,1674,195,0,117,0,
16563,reproduce,Deer,1161,420,0,426,5,offspring:1
16564,starvation,Jaguar,546,280,4,266,9,
16564,reproduce,Lizard,1798,59,3,488,9,offspring:2
16587,starvation,Jaguar,973,377,5,273,9,
16587,age_death,Rabbit,212,506,6,289,2,
16587,age_death,Rabbit,266,466,2,281,3,
16588,reproduce,Boar,1693,118,5,329,1,offspring:2
16590,hunt_start,Bear,924,261,7,262,2,target:Deer:228
16591,reproduce,Deer,2108,238,2,293,2,offspring:1
16592,age_death,Lizard,1448,504,0,498,5,
16592,age_death,Lizard,2046,497,3,479,2,
16592,reproduce,Monkey,331,16,8,149,5,offspring:1
16593,reproduce,Rabbit,1794,208,0,179,7,offspring:2
16594,kill,Shroomer,800,301,8,47,4,killed_by:Polar Bear:141
16596,reproduce,Rabbit,991,218,0,246,1,offspring:2
16600,starvation,Monkey,1734,491,5,463,4,
16602,reproduce,Fish,948,349,9,358,3,offspring:2
16613,spore_matured,Shroomer,-1,474,2,16,7,
16613,reproduce,Shroomer,-1,474,2,16,7,offspring:1
16614,starvation,Parrot,1919,42,9,379,5,
16617,spore_created,Shroomer,-1,247,8,89,7,
16621,hunt_start,Shark,348,151,7,222,4,target:Shroomer:806
16626,age_death,Rabbit,179,161,3,489,2,
16627,reproduce,Lizard,808,383,8,410,4,offspring:2
16629,age_death,Rabbit,252,268,8,254,9,
16630,reproduce,Turtle,2428,408,9,480,0,offspring:1
16640,hunt_start,Boar,920,307,0,378,5,target:Deer:150
16645,hunt_start,Polar Bear,955,334,4,111,3,target:Camel:239
16651,hunt_start,Shark,1204,150,3,134,3,target:Elk:1664
16652,environment_death,Deer,109,266,2,434,7,drowning
16652,hunt_start,Jaguar,1776,162,5,422,8,target:Elk:1234
16652,reproduce,Musk Ox,104,420,2,49,7,offspring:1
16656,hunt_start,Polar Bear,465,311,2,77,9,target:Shroomer:2164
16658,kill,Deer,972,368,7,383,3,killed_by:Wolf:869
16658,reproduce,Boar,347,332,0,25,6,offspring:2
16671,age_death,Rabbit,991,220,1,248,1,
16671,age_death,Rabbit,1603,207,9,255,0,
16673,spore_created,Shroomer,-1,287,6,46,5,
16673,spore_created,Shroomer,-1,286,4,48,4,
16681,age_death,Rabbit,1614,352,4,143,5,
16682,reproduce,Frog,1959,317,9,140,3,offspring:2
16686,age_death,Lizard,766,325,6,485,8,
16686,age_death,Lizard,2062,435,1,459,0,
16688,reproduce,Camel,50,393,1,120,7,offspring:1
16689,reproduce,Musk Ox,1103,126,7,97,2,offspring:1
16699,environment_death,Elk,426,72,4,282,7,drowning
16702,reproduce,Musk Ox,1014,315,5,144,0,offspring:1
16715,age_death,Rabbit,245,490,9,243,2,
16715,reproduce,Frog,2458,289,5,226,6,offspring:2
16738,age_death,Frog,135,217,0,288,2,
16738,age_death,Frog,343,226,6,300,3,
16742,environment_death,Elk,444,55,7,298,4,drowning
16743,reproduce,Lizard,475,347,0,49,9,offspring:2
16743,reproduce,Frog,1308,168,3,392,5,offspring:2
16745,environment_death,Tapir,712,68,5,286,9,drowning
16749,kill,Shroomer,806,156,1,226,3,killed_by:Shark:348
16750,reproduce,Deer,155,433,0,423,7,offspring:1
16750,reproduce,Boar,915,225,9,390,6,offspring:2
16751,kill,Monkey,2160,52,8,252,3,killed_by:Hawk:562
16751,reproduce,Parrot,1178,275,6,421,5,offspring:1
16763,starvation,Deer,1264,344,4,386,4,
16763,hunt_fail,Bear,924,261,4,263,4,discomfort
16765,reproduce,Musk Ox,41,417,7,9,1,offspring:1
16767,kill,Elk,1664,159,2,130,9,killed_by:Shark:247
16768,hunt_fail,Shark,1204,157,7,132,1,target_died
16768,hunt_start,Shark,1204,157,7,132,1,target:Elk:491
16772,reproduce,Lizard,1625,358,3,200,9,offspring:2
16774,age_death,Rabbit,1630,62,1,58,1,
16774,age_death,Rabbit,1631,68,6,62,1,
16776,age_death,Lizard,1058,459,8,123,1,
16776,age_death,Lizard,2079,352,4,135,8,
16776,reproduce,Musk Ox,711,31,2,285,4,offspring:1
16776,reproduce,Rabbit,1390,355,5,332,1,offspring:2
16776,reproduce,Rabbit,1803,381,5,336,6,offspring:2
16785,hunt_start,Jaguar,1437,173,3,418,7,target:Elk:75
16789,hunt_start,Boar,1949,506,5,197,2,target:Penguin:1135
16789,spore_matured,Shroomer,-1,247,4,89,9,
16789,reproduce,Shroomer,-1,247,4,89,9,offspring:1
16791,kill,Shroomer,2164,309,2,82,8,killed_by:Polar Bear:465
16791,reproduce,Parrot,2071,2,2,422,9,offspring:1
16793,spore_matured,Shroomer,-1,286,3,48,6,
16793,reproduce,Shroomer,-1,286,3,48,6,offspring:1
16799,hunt_start,Boar,835,310,4,221,2,target:Lizard:2341
16800,kill,Camel,239,332,7,100,7,killed_by:Polar Bear:955
16802,reproduce,Rabbit,1212,220,0,496,6,offspring:2
16812,starvation,Monkey,918,378,1,235,7,
16819,reproduce,Lizard,2088,100,3,380,0,offspring:2
16826,age_death,Frog,1443,490,5,484,2,
16833,reproduce,Elk,1838,198,5,397,3,offspring:1
16840,kill,Parrot,677,112,9,335,5,killed_by:Crocodile:1092
16841,hunt_start,Crocodile,1092,112,3,336,2,target:Parrot:1761
16842,reproduce,Boar,1537,305,5,45,8,offspring:2
16843,hunt_start,Boar,677,307,8,47,2,target:Shroomer:908
16843,hunt_start,Boar,1537,305,5,45,8,target:Shroomer:908
16845,spore_matured,Shroomer,-1,287,7,46,2,
16845,reproduce,Shroomer,-1,287,7,46,2,offspring:1
16854,hunt_start,Bear,924,261,7,261,8,target:Frog:1037
16879,kill,Elk,1234,158,0,431,6,killed_by:Jaguar:1776
16883,kill,Elk,491,160,6,123,9,killed_by:Shark:1204
16887,spore_created,Shroomer,-1,266,8,98,0,
16887,spore_created,Shroomer,-1,257,5,91,5,
16893,starvation,Musk Ox,610,173,0,81,2,
16896,reproduce,Rabbit,2194,248,1,113,4,offspring:2
16906,age_death,Rabbit,203,316,5,140,8,
16906,reproduce,Frog,1655,91,2,487,4,offspring:2
16908,age_death,Penguin,553,276,6,283,7,
16908,age_death,Lizard,2087,126,2,395,5,
16908,age_death,Lizard,2088,101,8,382,2,
16908,reproduce,Fish,2010,361,7,355,3,offspring:2
16910,reproduce,Lizard,1652,488,6,466,0,offspring:2
16926,age_death,Rabbit,1285,252,4,226,6,
16933,reproduce,Fish,1359,98,2,193,9,offspring:2
16944,hunt_start,Wolf,869,368,3,390,8,target:Deer:1189
16949,kill,Rabbit,82,257,4,512,0,killed_by:Polar Bear:2049
16950,hunt_start,Polar Bear,2049,257,2,511,4,target:Parrot:1319
16950,kill,Parrot,1319,256,9,512,0,killed_by:Polar Bear:2286
16951,hunt_fail,Polar Bear,2049,257,2,511,4,target_died
16951,hunt_start,Polar Bear,2049,257,2,511,4,target:Deer:1030
16951,hunt_start,Polar Bear,2286,258,0,512,0,target:Deer:1030
16952,reproduce,Parrot,2282,46,4,285,1,offspring:1
16952,reproduce,Deer,2454,297,0,280,7,offspring:1
16954,kill,Shroomer,908,306,2,41,7,killed_by:Boar:677
16955,hunt_start,Boar,677,306,3,42,3,target:Shroomer:2002
16955,hunt_fail,Boar,1537,305,7,42,0,target_died
16955,hunt_start,Boar,1537,305,7,42,0,target:Shroomer:2002
16961,reproduce,Parrot,2387,193,5,410,5,offspring:1
16974,starvation,Elk,396,414,4,505,5,
16978,spore_created,Shroomer,-1,306,4,51,6,
16981,starvation,Jaguar,893,329,1,308,6,
16981,reproduce,Elk,1885,343,2,480,0,offspring:1
16989,environment_death,Camel,532,393,7,169,6,drowning
16991,reproduce,Rabbit,873,100,3,79,4,offspring:2
17009,age_death,Lizard,2113,195,9,188,4,
17009,age_death,Lizard,2114,215,4,270,5,
17009,reproduce,Tapir,1083,53,0,305,5,offspring:1
17010,hunt_fail,Shark,1404,202,6,186,0,prey_escaped
17010,hunt_start,Shark,1404,202,6,186,0,target:Rabbit:2477
17010,reproduce,Elk,1396,258,4,194,0,offspring:1
17015,hunt_start,Hawk,562,51,7,249,2,target:Lizard:153
17020,spore_matured,Shroomer,-1,257,0,90,2,
17020,reproduce,Shroomer,-1,257,0,90,2,offspring:1
17035,hunt_start,Polar Bear,958,362,6,495,4,target:Elk:1976
17049,starvation,Parrot,1294,407,4,471,9,
17051,age_death,Lizard,1039,245,2,190,5,
17051,age_death,Lizard,2121,226,9,156,5,
17051,reproduce,Monkey,1110,485,5,437,7,offspring:1
17052,reproduce,Camel,1240,239,5,121,2,offspring:1
17052,reproduce,Frog,1576,489,7,499,5,offspring:2
17055,starvation,Monkey,1530,294,6,131,5,
17055,age_death,Rabbit,1679,380,1,171,2,
17055,age_death,Rabbit,1680,369,9,126,8,
17055,reproduce,Elk,1261,352,5,48,5,offspring:1
17060,reproduce,Tapir,132,141,1,108,1,offspring:1
17067,kill,Shroomer,2002,308,2,40,1,killed_by:Boar:1537
17069,reproduce,Rabbit,2337,347,8,490,3,offspring:2
17073,age_death,Monkey,633,432,6,276,8,
17073,reproduce,Camel,500,209,1,233,0,offspring:1
17080,age_death,Lizard,333,338,7,91,9,
17080,age_death,Lizard,2123,334,3,59,4,
17081,spore_created,Shroomer,-1,507,0,1,1,
17081,spore_created,Shroomer,-1,506,2,9,1,
17085,hunt_fail,Bear,924,256,8,259,3,discomfort
17092,age_death,Frog,1576,490,8,499,3,
17092,age_death,Frog,2125,502,3,490,1,
17092,reproduce,Turtle,356,428,1,414,8,offspring:1
17095,kill,Deer,1030,261,1,498,2,killed_by:Polar Bear:2286
17095,reproduce,Lizard,1130,274,5,104,8,offspring:2
17096,hunt_fail,Polar Bear,2049,259,4,503,1,prey_escaped
17096,hunt_start,Polar Bear,2049,259,4,503,1,target:Deer:538
17096,hunt_start,Polar Bear,2286,261,0,498,9,target:Rabbit:294
17106,age_death,Fish,2405,133,9,378,4,
17112,starvation,Parrot,1203,54,9,282,0,
17113,hunt_start,Boar,1536,305,7,43,7,target:Shroomer:230
17116,kill,Deer,1189,369,7,374,6,killed_by:Wolf:869
17118,reproduce,Tapir,1675,159,7,487,5,offspring:1
17119,reproduce,Fish,1360,99,9,194,3,offspring:2
17121,starvation,Fish,1583,307,7,321,5,
17121,hunt_fail,Jaguar,1097,302,6,296,7,target_died
17123,reproduce,Musk Ox,1428,301,8,148,4,offspring:1
17124,age_death,Penguin,556,295,1,283,3,
17125,reproduce,Deer,280,255,0,368,9,offspring:1
17130,starvation,Parrot,1936,94,1,302,1,
17132,spore_created,Shroomer,-1,168,2,228,6,
17137,hunt_start,Polar Bear,141,302,0,42,2,target:Shroomer:230
17139,starvation,Shroomer,768,234,2,58,3,
17141,reproduce,Frog,1523,484,7,3,5,offspring:2
17146,starvation,Monkey,496,369,5,252,6,
17149,starvation,Monkey,1343,417,9,343,8,
17150,spore_matured,Shroomer,-1,306,3,51,4,
17150,reproduce,Shroomer,-1,306,3,51,4,offspring:1
17155,reproduce,Deer,917,423,9,0,4,offspring:1
17155,reproduce,Parrot,1413,291,9,501,9,offspring:1
17157,reproduce,Penguin,664,361,6,293,9,offspring:1
17158,kill,Penguin,1135,512,0,216,2,killed_by:Boar:1949
17165,reproduce,Monkey,1582,363,6,283,7,offspring:1
17170,starvation,Jaguar,1427,332,5,317,1,
17170,reproduce,Elk,36,142,9,394,7,offspring:1
17180,hunt_start,Jaguar,933,344,6,317,5,target:Boar:8
17190,starvation,Shroomer,2048,510,5,27,5,
17192,kill,Elk,75,162,3,408,9,killed_by:Jaguar:1437
17193,reproduce,Turtle,1880,134,3,424,1,offspring:1
17194,reproduce,Boar,2444,7,5,320,0,offspring:2
17201,spore_matured,Shroomer,-1,507,0,0,9,
17201,reproduce,Shroomer,-1,507,0,0,9,offspring:1
17201,spore_matured,Shroomer,-1,506,3,9,2,
17201,reproduce,Shroomer,-1,506,3,9,2,offspring:1
17206,hunt_start,Jaguar,1097,303,3,296,2,target:Lizard:2409
17206,age_death,Rabbit,204,333,9,197,8,
17212,spore_created,Shroomer,-1,252,3,78,3,
17215,age_death,Lizard,262,419,0,391,1,
17215,age_death,Lizard,947,357,6,458,0,
17215,reproduce,Rabbit,364,504,7,326,1,offspring:2
17221,hunt_fail,Boar,2032,234,4,116,5,prey_escaped
17232,hunt_start,Bear,924,259,4,259,4,target:Deer:228
17233,kill,Elk,1976,372,3,485,0,killed_by:Polar Bear:958
17233,reproduce,Turtle,2308,94,7,382,0,offspring:1
17242,kill,Shroomer,230,305,2,44,2,killed_by:Polar Bear:141
17244,spore_created,Shroomer,-1,250,1,90,6,
17245,hunt_start,Polar Bear,955,335,7,94,0,target:Deer:1970
17270,kill,Lizard,153,42,2,211,7,killed_by:Hawk:562
17271,hunt_start,Hawk,562,42,3,211,9,target:Lizard:628
17271,spore_created,Shroomer,-1,142,8,222,3,
17282,hunt_start,Jaguar,1776,148,4,438,1,target:Parrot:2252
17283,starvation,Jaguar,2115,507,1,128,8,
17286,starvation,Wolf,1549,36,5,5,9,
17287,reproduce,Lizard,1050,387,8,326,8,offspring:2
17306,hunt_start,Wolf,862,37,1,350,7,target:Deer:651
17310,hunt_start,Shark,348,164,1,222,8,target:Shroomer:667
17312,age_death,Rabbit,168,420,8,248,8,
17318,reproduce,Tapir,1009,136,4,109,2,offspring:1
17332,spore_matured,Shroomer,-1,252,0,78,1,
17332,reproduce,Shroomer,-1,252,0,78,1,offspring:1
17334,starvation,Tapir,1226,55,7,252,2,
17334,hunt_start,Polar Bear,465,303,6,79,9,target:Deer:979
17339,spore_created,Shroomer,-1,474,2,73,8,
17340,starvation,Elk,1021,266,5,70,1,
17348,reproduce,Parrot,899,427,9,503,9,offspring:1
17360,reproduce,Lizard,1466,83,5,376,6,offspring:2
17381,starvation,Shroomer,488,132,5,244,6,
17383,reproduce,Frog,866,356,6,173,4,offspring:2
17389,starvation,Shroomer,2029,265,5,180,1,
17391,age_death,Parrot,679,110,2,452,7,
17391,spore_matured,Shroomer,-1,142,9,221,9,
17391,reproduce,Shroomer,-1,142,9,221,9,offspring:1
17393,reproduce,Lizard,2295,347,0,48,2,offspring:2
17394,age_death,Monkey,671,138,3,270,7,
17398,reproduce,Elk,1764,340,3,50,2,offspring:1
17402,hunt_start,Wolf,869,371,8,374,6,target:Frog:470
17416,spore_matured,Shroomer,-1,250,8,90,4,
17416,reproduce,Shroomer,-1,250,8,90,4,offspring:1
17430,hunt_start,Shark,247,165,1,144,6,target:Elk:1163
17444,hunt_start,Shark,1204,173,1,129,0,target:Elk:2399
17445,age_death,Rabbit,231,244,3,493,0,
17445,age_death,Rabbit,1731,254,1,474,6,
17445,age_death,Rabbit,1732,241,6,478,9,
17448,reproduce,Monkey,1158,388,7,141,9,offspring:1
17450,reproduce,Monkey,652,246,0,114,3,offspring:1
17450,reproduce,Frog,2435,148,2,345,9,offspring:2
17452,starvation,Fish,1855,333,7,274,3,
17452,reproduce,Fish,1579,105,6,200,9,offspring:2
17457,starvation,Monkey,1632,316,7,282,7,
17457,hunt_fail,Jaguar,2285,319,2,286,6,target_died
17459,kill,Shroomer,667,164,8,215,0,killed_by:Shark:348
17460,reproduce,Musk Ox,2408,428,3,115,5,offspring:1
17463,reproduce,Elk,463,189,1,408,7,offspring:1
17470,kill,Deer,538,246,1,482,0,killed_by:Polar Bear:2049
17470,reproduce,Fish,176,108,1,204,6,offspring:2
17474,hunt_fail,Bear,924,261,5,263,2,discomfort
17477,starvation,Parrot,1170,0,5,512,0,
17478,hunt_start,Jaguar,1437,165,8,405,1,target:Parrot:1156
17482,spore_created,Shroomer,-1,53,0,185,2,
17495,kill,Deer,651,43,0,366,0,killed_by:Wolf:862
17496,hunt_start,Wolf,862,42,8,365,7,target:Deer:1488
17499,age_death,Lizard,2168,468,9,195,8,
17500,spore_created,Shroomer,-1,263,1,92,4,
17500,spore_created,Shroomer,-1,257,8,90,5,
17505,reproduce,Monkey,187,491,1,189,2,offspring:1
17519,starvation,Fish,198,298,4,290,6,
17525,kill,Deer,1970,323,8,110,3,killed_by:Polar Bear:955
17526,reproduce,Parrot,1511,141,0,351,8,offspring:1
17526,spore_created,Shroomer,-1,228,1,185,7,
17542,kill,Lizard,628,80,9,197,6,killed_by:Hawk:562
17543,hunt_start,Hawk,562,80,7,197,7,target:Monkey:663
17550,reproduce,Parrot,565,291,1,346,5,offspring:1
17552,starvation,Parrot,2019,213,4,422,3,
17552,hunt_start,Bear,924,261,7,261,9,target:Deer:228
17553,reproduce,Turtle,360,50,7,457,7,offspring:1
17556,age_death,Penguin,548,282,6,283,5,
17564,reproduce,Monkey,2487,69,4,320,5,offspring:1
17594,age_death,Lizard,1621,103,5,87,6,
17594,age_death,Lizard,2186,103,8,73,6,
17594,reproduce,Lizard,2266,422,0,404,6,offspring:2
17596,kill,Frog,470,355,1,383,2,killed_by:Wolf:869
17597,hunt_start,Wolf,869,355,4,383,1,target:Parrot:1305
17601,reproduce,Parrot,1031,419,8,374,1,offspring:1
17620,spore_matured,Shroomer,-1,257,9,90,2,
17620,reproduce,Shroomer,-1,257,9,90,2,offspring:1
17622,kill,Elk,2399,178,1,117,5,killed_by:Shark:1204
17622,reproduce,Camel,226,310,9,166,1,offspring:1
17661,starvation,Monkey,1711,375,3,342,7,
17661,reproduce,Penguin,540,362,7,301,5,offspring:1
17667,starvation,Shroomer,494,95,5,245,4,
17671,reproduce,Deer,1182,247,4,491,5,offspring:1
17672,spore_created,Shroomer,-1,86,3,193,1,
17680,age_death,Rabbit,1780,474,7,286,0,
17682,reproduce,Lizard,2332,31,1,358,7,offspring:2
17683,hunt_fail,Wolf,862,41,5,351,1,discomfort
17697,age_death,Lizard,2202,302,6,487,3,
17697,age_death,Lizard,2203,483,3,297,9,
17698,spore_matured,Shroomer,-1,228,1,185,7,
17698,reproduce,Shroomer,-1,228,1,185,7,offspring:1
17699,reproduce,Elk,1046,490,2,248,5,offspring:1
17700,age_death,Lizard,2205,358,8,258,6,
17701,starvation,Parrot,1569,22,4,491,4,
17703,kill,Boar,8,353,8,305,8,killed_by:Jaguar:933
17704,hunt_start,Jaguar,933,353,6,306,6,target:Penguin:664
17705,kill,Elk,1163,167,4,165,2,killed_by:Shark:247
17705,reproduce,Rabbit,1040,484,4,272,2,offspring:2
17706,hunt_start,Jaguar,2285,318,2,284,0,target:Deer:2454
17706,reproduce,Deer,987,4,0,336,8,offspring:1
17706,reproduce,Monkey,2434,8,7,269,8,offspring:1
17707,reproduce,Lizard,918,106,5,383,6,offspring:2
17709,age_death,Rabbit,250,257,9,250,4,
17709,reproduce,Lizard,2218,21,3,146,7,offspring:2
17713,starvation,Wolf,1589,311,2,494,8,
17713,spore_created,Shroomer,-1,516,2,1,9,
17714,age_death,Rabbit,234,217,0,176,5,
17714,age_death,Rabbit,934,231,2,179,0,
17714,reproduce,Penguin,298,468,9,335,4,offspring:1
17717,reproduce,Monkey,1366,486,7,191,1,offspring:1
17720,kill,Deer,979,312,1,101,2,killed_by:Polar Bear:465
17722,reproduce,Deer,2456,365,4,469,7,offspring:1
17731,age_death,Lizard,369,124,8,391,0,
17731,age_death,Lizard,2207,114,6,408,3,
17734,hunt_fail,Bear,924,262,1,263,6,discomfort
17734,reproduce,Rabbit,748,494,0,343,2,offspring:2
17746,starvation,Parrot,2262,319,7,471,9,
17747,reproduce,Monkey,1078,468,4,209,5,offspring:1
17754,hunt_start,Polar Bear,958,374,9,476,2,target:Camel:469
17756,hunt_start,Wolf,862,36,7,351,0,target:Deer:125
17771,age_death,Rabbit,1802,489,1,333,9,
17771,age_death,Rabbit,1803,389,2,330,2,
17772,hunt_fail,Boar,1897,55,6,397,4,prey_escaped
17772,reproduce,Rabbit,687,222,2,295,5,offspring:2
17777,age_death,Frog,2209,507,1,481,7,
17777,age_death,Frog,2210,473,5,482,5,
17777,age_death,Frog,2211,489,3,498,6,
17777,age_death,Frog,2212,479,7,490,8,
17777,reproduce,Elk,581,492,2,250,2,offspring:1
17777,reproduce,Parrot,1065,196,2,414,4,offspring:1
17777,reproduce,Elk,2024,220,0,198,9,offspring:1
17782,reproduce,Monkey,1514,68,9,201,4,offspring:1
17785,hunt_start,Polar Bear,141,307,5,41,8,target:Turtle:353
17785,age_death,Boar,911,67,6,503,0,
17785,spore_created,Shroomer,-1,490,4,26,5,
17792,starvation,Elk,641,69,2,167,8,
17794,reproduce,Musk Ox,2157,321,7,227,2,offspring:1
17796,age_death,Rabbit,1804,84,2,52,3,
17797,spore_created,Shroomer,-1,271,1,106,3,
17798,age_death,Boar,914,7,6,419,9,
17801,reproduce,Fish,1965,363,9,352,1,offspring:2
17820,reproduce,Parrot,1981,77,7,381,6,offspring:1
17833,spore_matured,Shroomer,-1,516,2,1,9,
17833,reproduce,Shroomer,-1,516,2,1,9,offspring:1
17841,hunt_start,Bear,924,261,3,262,6,target:Deer:142
17877,starvation,Monkey,2391,402,6,210,6,
17881,age_death,Lizard,927,466,4,131,9,
17881,age_death,Lizard,2226,452,4,152,4,
17882,reproduce,Frog,376,337,3,453,5,offspring:2
17882,reproduce,Frog,1283,309,8,218,4,offspring:2
17883,age_death,Lizard,2227,270,5,97,3,
17889,reproduce,Tapir,2161,334,9,185,4,offspring:1
17892,kill,Penguin,664,367,3,297,0,killed_by:Jaguar:933
17893,hunt_start,Jaguar,933,367,1,297,4,target:Tapir:1433
17894,spore_created,Shroomer,-1,140,3,213,6,
17901,starvation,Parrot,1874,0,2,512,0,
17901,kill,Turtle,353,305,8,37,6,killed_by:Polar Bear:141
17902,reproduce,Polar Bear,2049,253,3,483,2,offspring:1
17903,hunt_start,Polar Bear,1874,252,6,481,7,target:Rabbit:2143
17903,hunt_start,Polar Bear,2049,253,3,483,2,target:Rabbit:2143
17905,starvation,Fish,107,83,7,403,8,
17905,spore_matured,Shroomer,-1,490,3,26,3,
17905,reproduce,Shroomer,-1,490,3,26,3,offspring:1
17908,spore_created,Shroomer,-1,475,6,35,3,
17908,spore_created,Shroomer,-1,475,2,37,3,
17916,kill,Camel,469,369,2,469,0,killed_by:Polar Bear:958
17920,reproduce,Polar Bear,958,369,7,469,6,offspring:1
17921,hunt_start,Polar Bear,469,370,5,469,6,target:Parrot:1562
17921,hunt_start,Polar Bear,958,369,5,469,5,target:Rabbit:819
17935,age_death,Rabbit,476,320,3,110,8,
17937,reproduce,Lizard,1850,100,1,322,0,offspring:2
17970,hunt_start,Polar Bear,955,331,7,104,2,target:Monkey:2131
17973,kill,Deer,125,19,3,341,3,killed_by:Wolf:862
17974,hunt_start,Wolf,862,19,6,341,1,target:Parrot:905
17976,reproduce,Fish,467,134,2,376,5,offspring:2
18000,age_death,Lizard,940,503,5,498,4,
18000,age_death,Parrot,1079,57,2,216,0,
18000,age_death,Parrot,1082,362,8,459,4,
18003,reproduce,Deer,2277,290,8,506,7,offspring:1
18004,reproduce,Deer,1887,18,1,360,0,offspring:1
18004,reproduce,Penguin,2404,378,8,254,9,offspring:1
18014,spore_matured,Shroomer,-1,140,3,213,6,
18014,reproduce,Shroomer,-1,140,3,213,6,offspring:1
18019,hunt_start,Boar,2385,389,3,242,4,target:Penguin:1002
18020,hunt_start,Shark,348,168,3,224,1,target:Shroomer:1781
18028,spore_matured,Shroomer,-1,475,6,35,1,
18028,reproduce,Shroomer,-1,475,6,35,1,offspring:1
18028,spore_matured,Shroomer,-1,475,1,37,7,
18028,reproduce,Shroomer,-1,475,1,37,7,offspring:1
18036,age_death,Lizard,2266,423,9,398,5,
18036,age_death,Lizard,2267,405,5,407,1,
18040,reproduce,Lizard,1330,262,4,414,7,offspring:2
18057,age_death,Lizard,29,236,6,253,1,
18057,age_death,Lizard,836,235,6,265,7,
18060,reproduce,Fish,428,102,8,191,9,offspring:2
18069,hunt_fail,Bear,924,260,8,263,0,discomfort
18073,age_death,Parrot,1156,145,4,454,9,
18074,starvation,Shroomer,1127,82,6,241,5,
18074,hunt_fail,Jaguar,1437,149,8,448,2,target_died
18074,hunt_start,Jaguar,1437,149,8,448,2,target:Elk:2468
18074,reproduce,Deer,1301,341,9,104,6,offspring:1
18074,spore_created,Shroomer,-1,359,7,63,8,
18077,starvation,Lizard,2335,341,0,385,8,
18077,reproduce,Fish,1740,101,4,191,3,offspring:2
18078,kill,Tapir,1433,373,0,282,7,killed_by:Jaguar:933
18081,spore_created,Shroomer,-1,348,5,74,5,
18083,age_death,Parrot,45,58,0,192,3,
18088,spore_created,Shroomer,-1,245,3,70,2,
18105,hunt_fail,Polar Bear,955,336,9,111,5,discomfort
18117,starvation,Monkey,1479,411,4,354,7,
18122,reproduce,Shark,348,167,2,217,2,offspring:1
18123,hunt_start,Shark,1479,164,5,215,7,target:Shroomer:1781
18128,starvation,Elk,2106,218,9,103,4,
18129,reproduce,Musk Ox,1162,426,6,108,8,offspring:1
18142,hunt_start,Bear,924,261,1,262,9,target:Deer:142
18143,starvation,Boar,912,94,5,511,0,
18143,spore_created,Shroomer,-1,499,9,9,5,
18144,starvation,Parrot,1587,292,5,488,6,
18146,reproduce,Frog,629,166,1,459,9,offspring:2
18154,age_death,Rabbit,173,278,6,257,6,
18154,age_death,Rabbit,435,249,9,230,0,
18156,reproduce,Deer,450,221,0,289,8,offspring:1
18156,reproduce,Elk,684,47,2,161,8,offspring:1
18173,kill,Shroomer,1781,167,5,215,0,killed_by:Shark:348
18174,hunt_fail,Shark,1479,166,6,215,2,target_died
18174,hunt_start,Shark,1479,166,6,215,2,target:Shroomer:84
18174,reproduce,Lizard,2115,387,1,312,5,offspring:2
18183,hunt_fail,Wolf,862,0,0,344,8,discomfort
18183,hunt_start,Shark,1204,175,6,120,1,target:Musk Ox:937
18191,starvation,Frog,1034,36,3,377,6,
18202,age_death,Parrot,223,20,7,426,3,
18207,age_death,Boar,922,318,6,375,7,
18207,reproduce,Lizard,380,249,4,436,0,offspring:2
18210,age_death,Lizard,2264,104,3,394,2,
18210,age_death,Lizard,2265,78,6,412,8,
18211,reproduce,Deer,870,285,0,104,3,offspring:1
18211,reproduce,Lizard,1626,385,4,207,5,offspring:2
18216,starvation,Shroomer,2127,240,0,60,0,
18218,starvation,Parrot,1122,0,0,512,0,
18218,hunt_fail,Boar,588,0,9,510,7,target_died
18219,reproduce,Lizard,883,71,1,139,1,offspring:2
18246,spore_matured,Shroomer,-1,359,8,63,9,
18246,reproduce,Shroomer,-1,359,8,63,9,offspring:1
18253,spore_created,Shroomer,-1,489,5,25,7,
18256,age_death,Lizard,773,327,4,58,2,
18256,age_death,Lizard,2295,329,6,37,9,
18258,kill,Elk,2468,163,8,450,9,killed_by:Jaguar:1437
18258,reproduce,Monkey,1063,482,8,436,0,offspring:1
18260,spore_matured,Shroomer,-1,245,4,71,9,
18260,reproduce,Shroomer,-1,245,4,71,9,offspring:1
18263,hunt_start,Polar Bear,465,306,8,102,1,target:Boar:274
18263,reproduce,Musk Ox,492,351,6,229,5,offspring:1
18263,reproduce,Rabbit,1515,284,7,90,1,offspring:2
18263,spore_matured,Shroomer,-1,499,8,9,3,
18263,reproduce,Shroomer,-1,499,8,9,3,offspring:1
18271,age_death,Lizard,2302,159,6,175,2,
18271,age_death,Lizard,2303,252,8,160,5,
18271,reproduce,Fish,1234,361,1,352,7,offspring:2
18272,hunt_fail,Shark,1181,158,4,165,7,prey_escaped
18272,hunt_fail,Shark,1884,162,0,168,4,prey_escaped
18273,hunt_fail,Wolf,869,388,3,440,1,discomfort
18283,age_death,Parrot,297,452,6,25,3,
18288,reproduce,Rabbit,1967,304,7,85,3,offspring:2
18310,starvation,Shroomer,472,506,5,27,6,
18310,reproduce,Musk Ox,1534,175,8,97,1,offspring:1
18312,hunt_start,Shark,348,167,6,216,9,target:Shroomer:1647
18340,age_death,Rabbit,479,261,9,159,9,
18340,age_death,Rabbit,1515,286,8,89,2,
18340,reproduce,Deer,1701,428,3,420,2,offspring:1
18342,reproduce,Turtle,1243,119,9,418,8,offspring:1
18352,kill,Shroomer,84,169,6,208,3,killed_by:Shark:1479
18353,hunt_start,Shark,1479,169,1,209,1,target:Shroomer:1647
18355,reproduce,Monkey,1061,393,6,324,7,offspring:1
18358,starvation,Fish,2436,136,6,357,6,
18358,reproduce,Musk Ox,2365,7,0,422,8,offspring:1
18369,hunt_fail,Bear,924,258,6,261,1,discomfort
18381,hunt_start,Wolf,862,9,3,341,6,target:Deer:987
18387,starvation,Tapir,1608,507,1,182,6,
18387,reproduce,Lizard,473,418,3,400,2,offspring:2
18389,starvation,Fish,1175,292,5,371,6,
18395,hunt_start,Boar,588,1,5,505,4,target:Parrot:575
18395,spore_created,Shroomer,-1,488,6,469,0,
18411,kill,Musk Ox,937,172,5,105,0,killed_by:Shark:1204
18412,kill,Boar,274,307,6,110,8,killed_by:Polar Bear:465
18412,reproduce,Monkey,2035,400,5,121,9,offspring:1
18417,reproduce,Turtle,1875,351,0,47,2,offspring:1
18424,age_death,Parrot,1008,69,5,202,2,
18425,spore_matured,Shroomer,-1,489,5,25,5,
18425,reproduce,Shroomer,-1,489,5,25,5,offspring:1
18426,reproduce,Tapir,1752,452,2,211,1,offspring:1
18428,starvation,Tapir,240,52,5,284,5,
18429,reproduce,Penguin,395,496,7,239,9,offspring:1
18444,hunt_start,Polar Bear,141,304,3,36,6,target:Boar:1537
18445,age_death,Lizard,62,476,6,314,6,
18445,age_death,Lizard,1431,500,5,301,5,
18446,spore_created,Shroomer,-1,133,5,412,3,
18446,spore_created,Shroomer,-1,129,6,415,0,
18448,age_death,Parrot,689,62,4,212,4,
18449,reproduce,Rabbit,532,109,9,76,7,offspring:2
18450,hunt_start,Jaguar,933,366,2,288,6,target:Tapir:279
18452,starvation,Rabbit,1963,310,9,495,5,
18457,reproduce,Lizard,1842,240,3,165,5,offspring:2
18459,kill,Tapir,279,366,2,285,4,killed_by:Jaguar:933
18459,spore_created,Shroomer,-1,49,3,202,1,
18464,age_death,Lizard,1906,39,8,429,1,
18464,age_death,Lizard,2332,39,0,358,7,
18464,reproduce,Boar,1105,4,3,392,6,offspring:2
18480,reproduce,Monkey,1517,413,3,427,8,offspring:1
18494,age_death,Rabbit,1900,406,5,309,2,
18494,reproduce,Lizard,135,368,4,43,5,offspring:2
18514,kill,Shroomer,1647,159,7,209,5,killed_by:Shark:1479
18515,hunt_fail,Shark,348,160,5,210,0,target_died
18515,hunt_start,Shark,348,160,5,210,0,target:Deer:660
18515,reproduce,Musk Ox,31,185,0,92,8,offspring:1
18517,environment_death,Shroomer,1847,484,9,39,9,drowning
18519,reproduce,Rabbit,569,480,7,472,8,offspring:2
18520,age_death,Lizard,2341,300,1,232,9,
18520,age_death,Lizard,2342,327,1,239,0,
18521,reproduce,Deer,1581,131,2,326,9,offspring:1
18521,reproduce,Lizard,1765,416,1,503,6,offspring:2
18527,kill,Deer,2454,300,4,286,6,killed_by:Jaguar:2285
18528,hunt_start,Jaguar,2285,300,9,286,0,target:Deer:1319
18528,spore_created,Shroomer,-1,304,1,86,1,
18534,age_death,Parrot,177,130,1,284,3,
18535,hunt_start,Bear,924,260,5,261,8,target:Deer:228
18538,hunt_fail,Polar Bear,958,328,0,455,9,discomfort
18538,age_death,Rabbit,294,322,5,404,2,
18538,age_death,Rabbit,1777,270,9,467,9,
18539,hunt_start,Boar,1763,3,6,372,8,target:Lizard:1719
18539,hunt_fail,Polar Bear,2286,319,9,407,7,target_died
18539,hunt_start,Polar Bear,2286,319,9,407,7,target:Parrot:1580
18539,reproduce,Tapir,1484,116,9,261,2,offspring:1
18539,reproduce,Monkey,2483,377,7,174,6,offspring:1
18540,reproduce,Penguin,697,360,2,292,4,offspring:1
18543,environment_death,Shroomer,1392,510,9,29,1,drowning
18548,reproduce,Monkey,682,72,0,194,4,offspring:1
18551,age_death,Parrot,1218,452,2,20,9,
18552,reproduce,Lizard,179,385,0,417,4,offspring:2
18566,spore_matured,Shroomer,-1,133,5,412,3,
18566,reproduce,Shroomer,-1,133,5,412,3,offspring:1
18567,spore_matured,Shroomer,-1,488,6,469,0,
18567,reproduce,Shroomer,-1,488,6,469,0,offspring:1
18576,kill,Deer,987,17,6,326,0,killed_by:Wolf:862
18577,starvation,Rabbit,2327,284,4,125,5,
18577,hunt_start,Wolf,862,17,4,326,4,target:Boar:75
18577,reproduce,Musk Ox,317,314,5,212,0,offspring:1
18577,reproduce,Lizard,1522,5,2,420,7,offspring:2
18599,kill,Boar,1537,309,9,29,4,killed_by:Polar Bear:141
18599,reproduce,Boar,966,442,1,130,7,offspring:2
18605,hunt_start,Polar Bear,955,334,5,110,8,target:Camel:2257
18606,starvation,Fish,2333,137,5,392,5,
18608,starvation,Rabbit,2220,428,6,155,9,
18609,reproduce,Deer,2235,107,6,46,7,offspring:1
18615,reproduce,Lizard,1363,107,0,77,8,offspring:2
18618,spore_matured,Shroomer,-1,129,7,415,0,
18618,reproduce,Shroomer,-1,129,7,415,0,offspring:1
18623,environment_death,Elk,452,484,0,363,6,drowning
18623,reproduce,Parrot,1144,16,8,154,2,offspring:1
18625,starvation,Shroomer,1004,297,5,36,9,
18630,hunt_start,Jaguar,1437,155,7,441,1,target:Parrot:2420
18635,reproduce,Parrot,2039,164,7,505,7,offspring:1
18651,age_death,Parrot,15,63,2,208,1,
18651,spore_created,Shroomer,-1,138,4,246,3,
18659,hunt_start,Polar Bear,1099,445,6,329,8,target:Elk:1593
18671,age_death,Parrot,1288,62,0,184,2,
18673,reproduce,Fish,125,134,4,373,6,offspring:2
18676,hunt_fail,Bear,924,258,8,263,3,discomfort
18679,age_death,Rabbit,964,114,9,50,0,
18679,age_death,Rabbit,1925,91,6,21,1,
18680,kill,Deer,660,148,7,210,3,killed_by:Shark:348
18681,spore_created,Shroomer,-1,515,6,19,3,
18681,spore_created,Shroomer,-1,512,7,20,8,
18687,reproduce,Parrot,1075,417,8,405,5,offspring:1
18700,spore_matured,Shroomer,-1,304,1,86,1,
18700,reproduce,Shroomer,-1,304,1,86,1,offspring:1
18721,hunt_fail,Jaguar,1097,299,1,292,9,prey_escaped
18750,starvation,Shroomer,1591,504,3,27,5,
18750,spore_created,Shroomer,-1,502,8,20,9,
18762,kill,Deer,1319,289,8,271,8,killed_by:Jaguar:2285
18763,hunt_start,Jaguar,2285,290,1,272,3,target:Tapir:572
18763,age_death,Penguin,552,267,0,275,1,
18764,reproduce,Rabbit,860,352,4,505,9,offspring:2
18771,spore_created,Shroomer,-1,500,1,7,0,
18772,kill,Camel,2257,344,1,104,4,killed_by:Polar Bear:955
18772,reproduce,Polar Bear,141,310,6,31,5,offspring:1
18773,hunt_start,Polar Bear,141,310,6,31,5,target:Boar:1536
18773,hunt_start,Polar Bear,2257,311,7,32,0,target:Boar:1536
18792,kill,Boar,75,-0,1,319,6,killed_by:Wolf:862
18793,hunt_start,Polar Bear,958,324,3,455,4,target:Frog:1756
18794,hunt_start,Boar,443,281,6,205,3,target:Lizard:2462
18794,spore_created,Shroomer,-1,451,6,16,2,
18801,spore_matured,Shroomer,-1,515,6,19,3,
18801,reproduce,Shroomer,-1,515,6,19,3,offspring:1
18801,spore_matured,Shroomer,-1,512,0,21,0,
18801,reproduce,Shroomer,-1,512,0,21,0,offspring:1
18803,age_death,Lizard,808,367,6,388,1,
18803,age_death,Lizard,2369,388,6,379,5,
18805,reproduce,Elk,1851,317,5,88,8,offspring:1
18809,reproduce,Camel,524,426,9,382,1,offspring:1
18818,reproduce,Elk,346,313,2,71,6,offspring:1
18822,starvation,Parrot,2170,159,6,335,4,
18829,reproduce,Parrot,2283,93,4,486,5,offspring:1
18831,hunt_start,Jaguar,933,367,5,291,5,target:Monkey:1582
18835,age_death,Parrot,1373,472,1,72,5,
18837,reproduce,Lizard,728,108,3,61,0,offspring:2
18839,age_death,Lizard,2380,84,0,45,3,
18839,age_death,Lizard,2381,98,4,83,8,
18839,reproduce,Parrot,6,142,2,357,5,offspring:1
18846,reproduce,Fish,1273,133,9,375,4,offspring:2
18859,age_death,Monkey,647,489,8,385,7,
18862,hunt_start,Wolf,869,378,4,446,0,target:Parrot:771
18864,starvation,Rabbit,1962,309,7,493,4,
18864,reproduce,Lizard,1417,317,8,222,4,offspring:2
18869,starvation,Jaguar,1644,468,7,459,1,
18869,reproduce,Monkey,1172,425,5,190,7,offspring:1
18870,spore_matured,Shroomer,-1,502,8,20,8,
18870,reproduce,Shroomer,-1,502,8,20,8,offspring:1
18881,hunt_start,Shark,247,171,0,144,7,target:Elk:1223
18926,spore_matured,Shroomer,-1,499,8,7,1,
18926,reproduce,Shroomer,-1,499,8,7,1,offspring:1
18936,hunt_start,Bear,924,261,1,267,7,target:Deer:1179
18955,hunt_start,Polar Bear,465,304,1,105,1,target:Tapir:721
18971,hunt_start,Boar,1949,503,5,218,3,target:Penguin:1670
18972,hunt_start,Shark,1204,177,5,108,2,target:Elk:1020
18974,starvation,Jaguar,1097,302,2,293,5,
18976,age_death,Parrot,1027,138,9,320,1,
18977,kill,Tapir,572,276,6,285,5,killed_by:Jaguar:2285
18978,hunt_start,Jaguar,2285,277,0,285,0,target:Penguin:1165
18979,reproduce,Elk,2255,167,5,423,9,offspring:1
18982,spore_created,Shroomer,-1,441,3,394,8,
18984,reproduce,Monkey,1352,413,1,378,1,offspring:1
18989,starvation,Turtle,372,180,5,54,6,
18993,reproduce,Deer,1304,334,0,106,7,offspring:1
18995,hunt_fail,Polar Bear,958,333,2,446,4,discomfort
19000,age_death,Parrot,1411,177,2,409,5,
19000,age_death,Parrot,1412,449,1,20,5,
19000,age_death,Parrot,1413,308,0,505,1,
19000,reproduce,Tapir,508,346,6,470,2,offspring:1
19003,reproduce,Elk,1815,131,7,394,2,offspring:1
19003,spore_created,Shroomer,-1,506,2,23,5,
19009,kill,Boar,1536,302,0,43,7,killed_by:Polar Bear:141
19009,reproduce,Parrot,1028,415,4,378,9,offspring:1
19010,hunt_start,Polar Bear,141,301,9,43,0,target:Shroomer:2017
19010,hunt_fail,Polar Bear,2257,304,1,40,8,prey_escaped
19010,hunt_start,Polar Bear,2257,304,1,40,8,target:Shroomer:2017
19021,starvation,Shroomer,1846,506,9,27,5,
19023,spore_created,Shroomer,-1,156,9,221,1,
19031,kill,Elk,1593,464,4,316,7,killed_by:Polar Bear:1099
19032,hunt_start,Polar Bear,1099,463,7,317,1,target:Elk:2169
19032,reproduce,Penguin,1236,37,8,289,3,offspring:1
19041,age_death,Rabbit,1979,304,1,136,5,
19041,age_death,Rabbit,1980,321,6,146,4,
19048,reproduce,Camel,1473,378,4,379,9,offspring:1
19051,hunt_fail,Crocodile,1092,55,6,308,5,prey_escaped
19051,hunt_start,Crocodile,1092,55,6,308,5,target:Tapir:1083
19053,reproduce,Lizard,436,462,4,128,9,offspring:2
19054,age_death,Parrot,698,128,9,427,8,
19060,reproduce,Lizard,1272,137,2,221,2,offspring:2
19061,age_death,Rabbit,138,360,7,250,9,
19062,reproduce,Parrot,1908,5,7,139,6,offspring:1
19069,age_death,Parrot,118,106,1,300,0,
19070,reproduce,Monkey,405,501,9,305,5,offspring:1
19073,environment_death,Elk,451,483,9,364,1,drowning
19073,hunt_start,Wolf,862,14,0,311,5,target:Monkey:2317
19075,hunt_start,Shark,1479,160,3,210,7,target:Shroomer:834
19076,starvation,Shroomer,970,150,4,231,6,
19076,spore_created,Shroomer,-1,76,9,270,4,
19076,spore_created,Shroomer,-1,81,2,265,6,
19079,kill,Shroomer,2017,303,9,43,4,killed_by:Polar Bear:141
19079,reproduce,Deer,969,166,8,362,9,offspring:1
19080,hunt_fail,Polar Bear,2257,304,1,42,5,prey_escaped
19080,hunt_start,Polar Bear,2257,304,1,42,5,target:Shroomer:1767
19094,hunt_start,Boar,2093,100,3,502,3,target:Lizard:1351
19102,age_death,Parrot,1458,462,5,23,2,
19103,spore_created,Shroomer,-1,513,0,5,8,
19103,spore_created,Shroomer,-1,512,3,15,1,
19105,age_death,Parrot,1442,16,8,427,6,
19112,age_death,Lizard,2409,263,5,290,0,
19112,age_death,Lizard,2410,260,0,278,6,
19112,reproduce,Lizard,185,244,8,276,7,offspring:2
19112,reproduce,Turtle,1380,400,9,376,6,offspring:1
19123,spore_matured,Shroomer,-1,506,2,23,6,
19123,reproduce,Shroomer,-1,506,2,23,6,offspring:1
19124,environment_death,Shroomer,850,494,3,31,1,drowning
19127,kill,Elk,1223,158,4,130,7,killed_by:Shark:247
19128,age_death,Parrot,291,422,3,477,9,
19128,age_death,Penguin,554,267,1,274,4,
19128,reproduce,Boar,443,283,4,210,4,offspring:2
19128,reproduce,Lizard,2450,173,6,490,5,offspring:2
19131,starvation,Parrot,2488,22,5,491,4,
19132,reproduce,Tapir,747,432,5,318,8,offspring:1
19135,starvation,Parrot,236,22,4,491,8,
19139,environment_death,Shroomer,128,507,5,29,3,drowning
19140,hunt_start,Boar,1537,451,7,129,1,target:Lizard:1980
19141,reproduce,Parrot,2281,30,6,351,1,offspring:1
19142,spore_created,Shroomer,-1,76,5,275,9,
19143,kill,Deer,1179,245,2,272,5,killed_by:Bear:924
19144,hunt_start,Bear,924,245,9,272,3,target:Tapir:734
19144,reproduce,Frog,503,146,8,464,0,offspring:2
19145,kill,Elk,2169,470,0,312,6,killed_by:Polar Bear:1099
19145,spore_created,Shroomer,-1,491,0,25,8,
19149,kill,Elk,1020,188,1,100,7,killed_by:Shark:1204
19150,starvation,Shroomer,724,197,7,243,1,
19150,spore_created,Shroomer,-1,473,3,26,2,
19150,spore_created,Shroomer,-1,474,7,15,7,
19154,spore_created,Shroomer,-1,474,6,-0,0,
19159,age_death,Frog,1114,326,5,151,9,
19159,age_death,Frog,2413,325,1,147,4,
19160,starvation,Parrot,306,23,5,492,4,
19160,starvation,Parrot,1202,22,6,491,8,
19160,spore_created,Shroomer,-1,466,2,38,6,
19160,spore_created,Shroomer,-1,472,9,49,9,
19161,reproduce,Elk,1140,224,7,422,7,offspring:1
19161,reproduce,Tapir,1840,460,4,227,2,offspring:1
19163,starvation,Shroomer,1633,508,0,28,0,
19165,reproduce,Parrot,396,267,8,508,7,offspring:1
19165,reproduce,Elk,1129,491,8,235,1,offspring:1
19172,reproduce,Monkey,2102,396,2,117,5,offspring:1
19181,reproduce,Tapir,2367,92,2,65,0,offspring:1
19186,kill,Penguin,1165,264,2,283,3,killed_by:Jaguar:2285
19187,reproduce,Lizard,842,167,1,499,0,offspring:2
19191,starvation,Shark,1988,258,1,202,1,
19195,spore_matured,Shroomer,-1,156,9,221,2,
19195,reproduce,Shroomer,-1,156,9,221,2,offspring:1
19196,spore_matured,Shroomer,-1,76,9,270,4,
19196,reproduce,Shroomer,-1,76,9,270,4,offspring:1
19199,reproduce,Parrot,1891,478,9,495,1,offspring:1
19203,age_death,Parrot,48,58,1,459,4,
19208,reproduce,Parrot,2307,27,6,155,0,offspring:1
19217,hunt_start,Polar Bear,955,343,1,95,7,target:Monkey:654
19223,starvation,Jaguar,941,132,5,436,5,
19223,spore_matured,Shroomer,-1,512,0,5,9,
19223,reproduce,Shroomer,-1,512,0,5,9,offspring:1
19223,spore_matured,Shroomer,-1,512,0,14,9,
19223,reproduce,Shroomer,-1,512,0,14,9,offspring:1
19227,reproduce,Parrot,470,418,6,383,5,offspring:1
19232,age_death,Lizard,475,329,7,53,7,
19232,age_death,Lizard,2430,334,3,50,0,
19232,reproduce,Boar,611,21,5,314,8,offspring:2
19240,kill,Penguin,1670,502,3,238,0,killed_by:Boar:1949
19241,hunt_start,Shark,348,137,9,217,4,target:Shroomer:664
19241,hunt_start,Boar,1949,502,3,237,6,target:Penguin:240
19241,age_death,Lizard,2431,493,9,294,4,
19241,reproduce,Polar Bear,465,298,5,120,2,offspring:1
19242,hunt_start,Polar Bear,1670,299,8,119,1,target:Musk Ox:1014
19243,age_death,Frog,2433,76,7,439,2,
19244,reproduce,Polar Bear,955,344,8,96,0,offspring:1
19245,hunt_start,Polar Bear,2431,346,4,97,6,target:Monkey:654
19245,reproduce,Tapir,2499,41,4,288,5,offspring:1
19246,starvation,Shroomer,2068,510,3,27,5,
19247,spore_created,Shroomer,-1,138,4,230,4,
19251,age_death,Frog,2435,157,4,353,4,
19252,reproduce,Elk,1184,338,9,478,2,offspring:1
19254,starvation,Shroomer,1107,500,9,24,6,
19259,age_death,Parrot,563,471,0,68,2,
19263,kill,Shroomer,1767,301,5,47,2,killed_by:Polar Bear:2257
19264,hunt_start,Polar Bear,2257,302,6,47,0,target:Shroomer:991
19265,kill,Shroomer,834,154,0,218,1,killed_by:Shark:1479
19265,reproduce,Lizard,763,336,1,132,3,offspring:2
19265,reproduce,Frog,1516,307,4,147,4,offspring:2
19265,spore_matured,Shroomer,-1,490,7,25,6,
19265,reproduce,Shroomer,-1,490,7,25,6,offspring:1
19267,spore_created,Shroomer,-1,511,2,-3,1,
19269,hunt_start,Boar,443,286,7,210,1,target:Frog:245
19270,spore_matured,Shroomer,-1,474,7,15,7,
19270,reproduce,Shroomer,-1,474,7,15,7,offspring:1
19274,spore_matured,Shroomer,-1,474,6,-0,0,
19274,reproduce,Shroomer,-1,474,6,-0,0,offspring:1
19277,age_death,Rabbit,818,95,9,44,7,
19277,age_death,Rabbit,1689,95,7,47,9,
19281,reproduce,Jaguar,933,381,1,257,9,offspring:1
19282,hunt_start,Jaguar,818,380,5,258,1,target:Monkey:1582
19282,reproduce,Rabbit,1970,496,4,267,3,offspring:2
19283,age_death,Parrot,1478,447,0,56,0,
19284,reproduce,Turtle,1859,347,4,65,5,offspring:1
19318,kill,Shroomer,664,141,4,217,7,killed_by:Shark:348
19319,reproduce,Rabbit,1923,233,3,189,3,offspring:2
19322,starvation,Shroomer,468,506,4,27,5,
19330,starvation,Shroomer,186,503,0,27,9,
19332,spore_matured,Shroomer,-1,472,9,49,9,
19332,reproduce,Shroomer,-1,472,9,49,9,offspring:1
19334,reproduce,Tapir,889,306,4,265,7,offspring:1
19334,reproduce,Elk,1080,507,6,237,2,offspring:1
19342,age_death,Parrot,292,44,5,281,2,
19343,age_death,Rabbit,455,263,5,166,6,
19344,reproduce,Rabbit,1434,482,3,137,4,offspring:2
19383,starvation,Shroomer,906,91,1,246,9,
19386,reproduce,Parrot,366,67,1,508,2,offspring:1
19387,spore_matured,Shroomer,-1,511,2,-3,1,
19387,reproduce,Shroomer,-1,511,2,-3,1,offspring:1
19395,kill,Tapir,1083,51,8,294,6,killed_by:Crocodile:1092
19396,hunt_start,Crocodile,1092,52,0,295,3,target:Deer:88
19396,kill,Musk Ox,1014,301,1,128,0,killed_by:Polar Bear:1670
19396,reproduce,Frog,490,315,2,386,5,offspring:2
19402,kill,Shroomer,991,296,5,47,0,killed_by:Polar Bear:2257
19403,spore_created,Shroomer,-1,233,7,88,5,
19405,hunt_fail,Polar Bear,955,354,5,95,1,discomfort
19429,age_death,Parrot,1511,143,3,357,3,
19430,reproduce,Deer,2271,136,2,210,3,offspring:1
19437,age_death,Frog,2457,319,5,186,5,
19437,age_death,Frog,2458,295,0,226,8,
19438,reproduce,Monkey,984,429,6,317,4,offspring:1
19439,reproduce,Lizard,1077,465,9,298,0,offspring:2
19440,age_death,Frog,2460,366,2,200,4,
19441,reproduce,Deer,149,357,6,380,1,offspring:1
19443,age_death,Lizard,2462,304,5,215,0,
19443,age_death,Lizard,2463,336,8,223,2,
19443,reproduce,Frog,444,166,8,401,9,offspring:2
19463,hunt_fail,Bear,924,227,9,279,9,discomfort
19474,starvation,Shroomer,1152,499,6,28,0,
19474,reproduce,Monkey,331,25,8,150,5,offspring:1
19483,kill,Tapir,721,294,1,134,8,killed_by:Polar Bear:465
19484,hunt_start,Polar Bear,465,294,4,133,8,target:Monkey:1376
19484,reproduce,Camel,201,299,6,42,0,offspring:1
19489,kill,Penguin,240,488,9,249,7,killed_by:Boar:1949
19490,hunt_start,Boar,1949,489,2,249,5,target:Penguin:2464
19492,reproduce,Elk,254,338,9,49,2,offspring:1
19498,hunt_fail,Wolf,862,0,0,345,9,discomfort
19512,age_death,Lizard,2472,442,4,162,6,
19512,age_death,Lizard,2473,461,4,134,5,
19512,reproduce,Parrot,1244,424,6,437,7,offspring:1
19512,reproduce,Rabbit,1362,345,8,344,0,offspring:2
19514,starvation,Shroomer,760,273,5,123,6,
19515,spore_created,Shroomer,-1,504,9,19,6,
19521,age_death,Lizard,1828,156,8,432,0,
19521,age_death,Lizard,2450,172,8,495,8,
19523,age_death,Parrot,1547,119,3,276,5,
19526,reproduce,Rabbit,239,241,0,507,8,offspring:2
19526,reproduce,Elk,509,154,3,90,0,offspring:1
19533,starvation,Shroomer,134,507,7,27,5,
19535,reproduce,Monkey,1627,20,5,244,7,offspring:1
19548,starvation,Tapir,171,470,5,217,4,
19548,hunt_start,Boar,2093,100,2,501,9,target:Lizard:1351
19551,age_death,Parrot,1562,355,2,364,5,
19551,reproduce,Lizard,1122,74,0,135,8,offspring:2
19552,starvation,Monkey,2051,277,3,165,0,
19552,hunt_fail,Polar Bear,469,354,0,372,4,prey_escaped
19552,hunt_start,Polar Bear,469,354,0,372,4,target:Deer:2460
19552,hunt_fail,Boar,1364,271,0,168,2,target_died
19552,hunt_start,Boar,1364,271,0,168,2,target:Monkey:324
19552,reproduce,Parrot,2185,5,7,338,2,offspring:1
19558,hunt_start,Jaguar,2285,269,4,286,3,target:Penguin:2136
19575,spore_matured,Shroomer,-1,233,7,88,5,
19575,reproduce,Shroomer,-1,233,7,88,5,offspring:1
19588,kill,Parrot,206,0,0,241,7,killed_by:Wolf:1405
19590,reproduce,Tapir,1271,164,1,505,7,offspring:1
19591,age_death,Lizard,1214,420,1,209,6,
19591,age_death,Lizard,2486,453,3,176,7,
19593,reproduce,Boar,1007,427,5,128,8,offspring:2
19595,starvation,Elk,76,55,5,371,3,
19597,reproduce,Monkey,699,500,4,166,1,offspring:1
19599,age_death,Parrot,1568,92,7,386,7,
19606,reproduce,Elk,898,150,8,90,4,offspring:1
19622,hunt_start,Polar Bear,141,304,5,37,8,target:Boar:1833
19635,spore_matured,Shroomer,-1,504,8,19,4,
19635,reproduce,Shroomer,-1,504,8,19,4,offspring:1
19646,hunt_fail,Wolf,869,364,2,370,6,discomfort
19648,age_death,Parrot,1592,125,4,446,2,
19648,age_death,Rabbit,2052,344,2,440,0,
19648,reproduce,Lizard,2092,467,0,132,7,offspring:2
19652,age_death,Boar,919,373,3,261,3,
19652,reproduce,Lizard,342,498,5,268,8,offspring:2
19666,environment_death,Monkey,654,373,8,89,8,drowning
19666,hunt_fail,Polar Bear,2431,368,6,91,9,target_died
19666,hunt_start,Polar Bear,2431,368,6,91,9,target:Elk:402
19670,hunt_start,Polar Bear,955,352,3,95,8,target:Camel:533
19677,spore_created,Shroomer,-1,462,9,365,3,
19681,age_death,Lizard,2497,258,1,270,7,
19681,age_death,Lizard,2498,260,6,268,5,
19682,reproduce,Parrot,908,201,6,418,7,offspring:1
19685,age_death,Parrot,636,62,4,428,2,
19685,reproduce,Frog,1398,314,6,120,3,offspring:2
19688,hunt_start,Shark,247,143,3,127,9,target:Elk:73
19688,hunt_start,Polar Bear,1099,479,1,315,1,target:Penguin:481
19688,hunt_start,Wolf,1405,5,8,240,7,target:Deer:1556
19691,hunt_start,Boar,1830,286,2,51,1,target:Shroomer:229
19692,age_death,Parrot,269,413,7,402,4,
19694,reproduce,Lizard,1247,477,4,236,5,offspring:2
19704,kill,Penguin,2136,283,2,286,6,killed_by:Jaguar:2285
19709,starvation,Parrot,23,78,2,233,6,
19710,hunt_start,Shark,1204,188,7,103,0,target:Musk Ox:1534
19710,reproduce,Lizard,1406,54,7,504,2,offspring:2
19716,age_death,Rabbit,2064,408,4,307,2,
19716,age_death,Rabbit,2065,362,2,285,1,
19716,reproduce,Parrot,2146,66,1,189,6,offspring:1
19716,reproduce,Parrot,2200,65,9,397,2,offspring:1
19730,age_death,Monkey,663,96,5,161,8,
19731,hunt_fail,Hawk,562,98,5,166,7,target_died
19732,age_death,Parrot,1623,443,0,5,5,
19733,reproduce,Lizard,1034,233,2,433,1,offspring:2
19736,age_death,Penguin,547,267,6,274,4,
19738,reproduce,Parrot,1773,503,7,0,6,offspring:1
19740,starvation,Elk,241,96,9,178,9,
19742,reproduce,Deer,1895,248,5,442,9,offspring:1
19760,age_death,Rabbit,2073,230,7,503,0,
19760,age_death,Rabbit,2074,287,7,502,0,
19760,reproduce,Parrot,944,396,5,381,0,offspring:1
19762,reproduce,Rabbit,350,419,1,223,9,offspring:2
19776,kill,Boar,1833,307,9,29,3,killed_by:Polar Bear:141
19783,spore_created,Shroomer,-1,46,2,234,1,
19790,kill,Penguin,2464,498,9,268,3,killed_by:Boar:1949
19791,hunt_start,Boar,1830,287,7,52,2,target:Shroomer:229
19791,hunt_start,Boar,1949,498,7,267,9,target:Penguin:2236
19797,spore_matured,Shroomer,-1,462,9,365,3,
19797,reproduce,Shroomer,-1,462,9,365,3,offspring:1
19798,reproduce,Rabbit,694,259,3,86,7,offspring:2
19806,hunt_start,Bear,924,229,8,279,9,target:Tapir:734
19818,age_death,Rabbit,2083,261,1,304,2,
19818,spore_created,Shroomer,-1,455,9,353,4,
19826,hunt_start,Shark,1479,167,1,218,0,target:Deer:1489
19841,hunt_start,Boar,1830,288,7,52,2,target:Shroomer:229
19841,hunt_start,Boar,2430,5,9,312,1,target:Parrot:2360
19849,hunt_fail,Bear,924,228,4,280,6,discomfort
19850,kill,Musk Ox,1534,187,2,94,8,killed_by:Shark:1204
19850,reproduce,Lizard,305,123,7,222,7,offspring:2
19866,kill,Camel,533,345,4,82,6,killed_by:Polar Bear:955
19870,reproduce,Parrot,2160,286,2,430,2,offspring:1
19871,hunt_start,Boar,1830,288,7,52,2,target:Shroomer:229
19873,hunt_start,Polar Bear,2257,300,9,46,9,target:Camel:721
19876,age_death,Lizard,728,111,5,46,3,
19876,age_death,Lizard,2482,99,3,81,8,
19876,reproduce,Parrot,1795,197,8,388,7,offspring:1
19876,spore_created,Shroomer,-1,269,6,91,4,
19879,hunt_start,Shark,348,128,6,221,0,target:Lizard:1534
19882,hunt_start,Wolf,862,17,1,343,4,target:Deer:1079
19892,kill,Deer,2460,363,6,391,1,killed_by:Polar Bear:469
19893,hunt_start,Polar Bear,469,363,3,390,5,target:Camel:741
19893,reproduce,Penguin,2357,421,8,316,3,offspring:1
19896,age_death,Parrot,680,152,9,311,7,
19901,reproduce,Parrot,1126,92,2,487,0,offspring:1
19905,reproduce,Elk,2003,204,5,405,8,offspring:1
19909,kill,Elk,73,131,9,115,6,killed_by:Shark:247
19914,reproduce,Musk Ox,1985,198,0,98,2,offspring:1
19927,starvation,Monkey,2494,470,7,452,9,
19930,age_death,Parrot,1111,469,3,63,5,
19930,reproduce,Parrot,198,136,8,351,1,offspring:1
19930,reproduce,Lizard,343,343,4,38,2,offspring:2
19938,spore_matured,Shroomer,-1,455,9,353,4,
19938,reproduce,Shroomer,-1,455,9,353,4,offspring:1
19939,hunt_start,Polar Bear,1670,301,5,128,5,target:Camel:2082
19941,starvation,Rabbit,45,296,8,55,7,
19945,reproduce,Tapir,1679,133,8,107,4,offspring:1
19946,hunt_start,Wolf,869,371,1,376,7,target:Deer:149
19952,kill,Shroomer,229,290,8,50,9,killed_by:Boar:1830
19955,spore_matured,Shroomer,-1,46,2,234,1,
19955,reproduce,Shroomer,-1,46,2,234,1,offspring:1
19957,reproduce,Penguin,2353,502,8,289,0,offspring:1
19959,starvation,Shroomer,900,497,3,20,9,
19962,reproduce,Parrot,1178,280,0,430,8,offspring:1
19981,age_death,Parrot,1142,196,2,422,2,
19981,reproduce,Deer,1796,88,9,103,6,offspring:1
19986,starvation,Parrot,2343,25,5,391,4,
19988,age_death,Boar,913,453,8,422,9,
19995,reproduce,Deer,1834,148,6,352,0,offspring:1
19995,spore_created,Shroomer,-1,237,0,71,3,
19997,kill,Camel,741,369,4,394,0,killed_by:Polar Bear:469
19998,reproduce,Musk Ox,1630,6,2,279,9,offspring:1
20000,age_death,Penguin,1060,209,3,258,8,
20000,age_death,Penguin,1062,423,7,275,4,
20000,age_death,Monkey,1070,480,2,196,4,
20000,age_death,Monkey,1071,501,6,351,7,
20000,age_death,Monkey,1072,310,7,131,2,
20000,age_death,Monkey,1074,222,9,198,9,
20000,age_death,Parrot,1666,60,1,323,9,
20000,reproduce,Frog,488,362,0,186,7,offspring:2
20000,reproduce,Lizard,2438,290,5,287,8,offspring:2
20001,hunt_start,Shark,1884,163,9,142,9,target:Musk Ox:319
20001,age_death,Penguin,1101,425,2,264,9,
20001,reproduce,Penguin,320,424,9,293,2,offspring:1
20001,reproduce,Rabbit,359,415,4,239,8,offspring:2
20001,reproduce,Lizard,1770,360,4,263,3,offspring:2
20002,age_death,Parrot,1669,465,9,0,6,
20005,reproduce,Parrot,1982,29,7,342,8,offspring:1
20022,kill,Camel,721,295,9,41,1,killed_by:Polar Bear:2257
20023,reproduce,Rabbit,1058,346,6,342,6,offspring:2
20037,kill,Penguin,481,483,7,337,9,killed_by:Polar Bear:1099
20041,kill,Deer,1489,172,3,233,6,killed_by:Shark:1479
20042,reproduce,Boar,1475,394,6,386,1,offspring:2
20043,hunt_start,Boar,481,397,5,384,1,target:Monkey:1953
20043,hunt_start,Boar,1489,397,5,384,1,target:Monkey:1953
20056,starvation,Wolf,1405,17,2,256,9,
20058,kill,Elk,402,371,3,73,3,killed_by:Polar Bear:2431
20058,reproduce,Parrot,2475,144,0,497,0,offspring:1
20059,hunt_start,Polar Bear,2431,370,8,73,9,target:Elk:2256
20061,age_death,Monkey,1146,477,4,368,1,
20061,reproduce,Rabbit,838,228,3,240,9,offspring:2
20062,age_death,Monkey,1147,150,5,248,9,
20069,age_death,Parrot,1281,79,2,324,1,
20075,kill,Deer,1079,26,7,332,8,killed_by:Wolf:862
20076,hunt_start,Wolf,862,26,5,333,3,target:Deer:1887
20076,hunt_start,Jaguar,2285,279,7,285,7,target:Penguin:238
20077,reproduce,Monkey,1078,494,4,204,3,offspring:1
20080,reproduce,Musk Ox,711,24,0,304,2,offspring:1
20080,reproduce,Frog,764,237,2,303,4,offspring:2
20081,kill,Penguin,238,280,1,287,8,killed_by:Jaguar:2285
20081,reproduce,Boar,677,335,1,48,1,offspring:2
20082,hunt_start,Boar,238,336,8,47,5,target:Lizard:679
20082,hunt_start,Boar,677,335,1,48,1,target:Lizard:679
20083,age_death,Monkey,1143,433,3,269,7,
20086,reproduce,Lizard,1608,426,2,406,9,offspring:2
20089,age_death,Hawk,562,107,4,161,8,
20090,reproduce,Boar,1897,81,4,390,0,offspring:2
20096,hunt_fail,Jaguar,1512,2,0,439,2,prey_escaped
20110,kill,Deer,149,361,1,392,2,killed_by:Wolf:869
20110,spore_created,Shroomer,-1,62,0,274,3,
20111,hunt_start,Wolf,869,361,4,391,8,target:Deer:1177
20116,spore_matured,Shroomer,-1,236,9,71,1,
20116,reproduce,Shroomer,-1,236,9,71,1,offspring:1
20117,age_death,Monkey,43,164,2,239,8,
20119,hunt_fail,Wolf,862,28,1,334,7,discomfort
20119,reproduce,Tapir,2328,251,3,117,6,offspring:1
20129,age_death,Parrot,1698,337,3,461,6,
20132,spore_created,Shroomer,-1,273,3,98,9,
20146,age_death,Rabbit,188,96,2,40,9,
20146,age_death,Rabbit,873,104,2,81,3,
20147,reproduce,Parrot,2394,320,1,384,6,offspring:1
20154,kill,Camel,2082,310,7,117,3,killed_by:Polar Bear:1670
20155,reproduce,Parrot,882,8,3,275,4,offspring:1
20156,reproduce,Boar,347,336,4,28,0,offspring:2
20169,kill,Elk,2256,367,9,70,7,killed_by:Polar Bear:2431
20169,reproduce,Deer,1559,219,3,289,7,offspring:1
20189,hunt_start,Wolf,862,30,1,337,5,target:Deer:1887
20192,age_death,Fish,505,35,8,322,1,
20192,age_death,Fish,1472,35,6,319,2,
20192,reproduce,Deer,1102,17,8,359,0,offspring:1
20193,reproduce,Penguin,413,509,2,251,2,offspring:1
20200,starvation,Wolf,916,419,8,349,0,
20200,reproduce,Wolf,869,352,8,393,0,offspring:1
20201,hunt_start,Wolf,916,350,4,391,4,target:Deer:1177
20221,age_death,Monkey,1186,477,0,304,4,
20224,spore_created,Shroomer,-1,263,5,84,6,
20227,starvation,Rabbit,577,63,1,41,3,
20228,reproduce,Elk,14,158,5,398,9,offspring:1
20252,age_death,Monkey,324,250,6,117,6,
20253,hunt_fail,Boar,1364,255,2,122,9,target_died
20256,age_death,Parrot,1696,372,4,482,2,
20258,age_death,Fish,11,33,1,323,7,
20258,age_death,Fish,1956,33,1,322,7,
20259,reproduce,Fish,1314,34,1,323,7,offspring:2
20260,reproduce,Camel,685,268,4,387,6,offspring:1
20263,reproduce,Penguin,190,267,0,298,3,offspring:1
20265,kill,Musk Ox,319,176,7,124,0,killed_by:Shark:1884
20266,reproduce,Tapir,1013,27,5,288,4,offspring:1
20271,hunt_start,Boar,1364,255,3,122,5,target:Monkey:1811
20282,spore_matured,Shroomer,-1,61,9,274,3,
20282,reproduce,Shroomer,-1,61,9,274,3,offspring:1
20283,age_death,Parrot,1697,469,6,59,7,
20284,age_death,Rabbit,2143,337,6,499,1,
20284,age_death,Rabbit,2144,266,5,492,1,
20285,hunt_fail,Polar Bear,1874,331,6,493,8,target_died
20285,hunt_start,Polar Bear,1874,331,6,493,8,target:Deer:979
20285,hunt_fail,Polar Bear,2049,323,9,490,0,target_died
20285,hunt_start,Polar Bear,2049,323,9,490,0,target:Deer:979
20285,reproduce,Polar Bear,1099,482,1,335,0,offspring:1
20285,reproduce,Monkey,2058,487,4,339,8,offspring:1
20286,hunt_start,Polar Bear,1099,482,1,335,0,target:Penguin:234
20286,hunt_start,Polar Bear,1697,482,2,338,0,target:Penguin:234
20287,reproduce,Monkey,672,167,0,253,6,offspring:1
20302,starvation,Shroomer,313,509,2,27,5,
20307,reproduce,Penguin,1777,376,2,298,9,offspring:1
20311,hunt_start,Polar Bear,955,344,9,87,2,target:Lizard:96
20319,hunt_start,Polar Bear,141,308,5,32,7,target:Camel:201
20321,kill,Deer,1177,342,3,398,3,killed_by:Wolf:916
20321,reproduce,Penguin,540,346,8,306,1,offspring:1
20322,hunt_fail,Wolf,869,343,2,397,3,prey_escaped
20322,hunt_start,Wolf,869,343,2,397,3,target:Shroomer:2217
20343,age_death,Penguin,68,399,6,250,2,
20343,reproduce,Fish,202,33,7,321,9,offspring:2
20344,spore_matured,Shroomer,-1,263,5,84,6,
20344,reproduce,Shroomer,-1,263,5,84,6,offspring:1
20349,age_death,Deer,162,101,8,299,2,
20354,reproduce,Lizard,2186,430,7,428,0,offspring:2
20363,hunt_start,Wolf,916,342,4,398,0,target:Shroomer:2217
20372,starvation,Fish,1848,138,2,391,1,
20374,spore_created,Shroomer,-1,242,7,70,2,
20387,age_death,Monkey,323,417,5,323,5,
20387,reproduce,Camel,633,209,5,242,2,offspring:1
20388,hunt_start,Shark,1181,172,6,152,5,target:Rabbit:2402
20388,age_death,Parrot,1425,484,1,41,2,
20388,reproduce,Lizard,661,0,7,383,6,offspring:2
20396,kill,Deer,1887,45,9,349,0,killed_by:Wolf:862
20398,reproduce,Penguin,1002,400,1,253,9,offspring:1
20402,starvation,Rabbit,2402,188,0,149,3,
20402,hunt_fail,Shark,1181,173,6,152,3,target_died
20402,hunt_fail,Boar,2033,191,3,141,9,target_died
20407,reproduce,Monkey,84,372,8,301,0,offspring:1
20411,starvation,Rabbit,1087,425,8,85,6,
20411,hunt_start,Shark,1204,192,4,111,4,target:Elk:1565
20415,reproduce,Tapir,502,351,3,273,6,offspring:1
20419,age_death,Parrot,1423,16,2,395,7,
20422,hunt_start,Boar,2082,338,8,26,7,target:Lizard:343
20428,reproduce,Musk Ox,2101,177,3,83,8,offspring:1
20429,age_death,Lizard,185,250,0,274,2,
20429,age_death,Lizard,2438,282,8,283,8,
20429,reproduce,Elk,1149,100,3,131,6,offspring:1
20429,reproduce,Elk,1594,217,1,408,3,offspring:1
20437,age_death,Fish,1541,362,7,351,7,
20437,age_death,Fish,2216,363,3,350,9,
20438,reproduce,Fish,649,35,0,322,8,offspring:2
20443,kill,Shroomer,2217,351,7,398,5,killed_by:Wolf:869
20444,hunt_start,Wolf,869,351,1,398,4,target:Deer:160
20444,hunt_fail,Wolf,916,349,1,398,3,target_died
20444,hunt_start,Wolf,916,349,1,398,3,target:Deer:160
20446,spore_created,Shroomer,-1,334,4,59,6,
20451,starvation,Rabbit,2477,277,9,138,7,
20451,hunt_fail,Shark,1404,270,4,141,7,target_died
20451,hunt_start,Shark,1404,270,4,141,7,target:Shroomer:227
20451,spore_created,Shroomer,-1,482,9,12,9,
20470,hunt_start,Shark,247,139,5,120,2,target:Musk Ox:1342
20473,reproduce,Parrot,451,483,9,483,2,offspring:1
20497,starvation,Penguin,2440,52,4,284,5,
20497,reproduce,Monkey,1366,490,4,174,0,offspring:1
20502,kill,Penguin,234,464,9,337,2,killed_by:Polar Bear:1697
20502,reproduce,Penguin,2119,167,5,227,7,offspring:1
20503,hunt_fail,Polar Bear,1099,468,8,337,0,prey_escaped
20503,hunt_start,Polar Bear,1099,468,8,337,0,target:Rabbit:947
20503,hunt_start,Polar Bear,1697,465,5,337,4,target:Rabbit:947
20513,age_death,Monkey,1210,396,9,279,7,
20518,spore_created,Shroomer,-1,146,2,214,8,
20519,kill,Camel,201,299,0,38,3,killed_by:Polar Bear:141
20519,spore_created,Shroomer,-1,502,1,33,1,
20521,hunt_start,Polar Bear,958,346,0,446,0,target:Camel:2163
20532,age_death,Parrot,1707,144,7,444,9,
20532,spore_created,Shroomer,-1,263,9,190,6,
20540,hunt_start,Polar Bear,469,366,2,390,9,target:Shroomer:803
20541,age_death,Lizard,316,338,1,201,6,
20541,age_death,Lizard,1417,314,7,219,4,
20542,reproduce,Musk Ox,564,318,8,51,4,offspring:1
20543,reproduce,Penguin,2289,309,2,278,9,offspring:1
20546,spore_matured,Shroomer,-1,242,7,70,2,
20546,reproduce,Shroomer,-1,242,7,70,2,offspring:1
20551,age_death,Parrot,1759,351,4,484,6,
20551,reproduce,Turtle,373,208,7,119,0,offspring:1
20552,age_death,Parrot,1760,469,4,70,9,
20554,reproduce,Parrot,1820,450,3,22,4,offspring:1
20556,starvation,Rabbit,1388,451,2,486,1,
20556,age_death,Parrot,1761,42,2,250,0,
20558,reproduce,Elk,2469,355,0,64,3,offspring:1
20561,starvation,Shroomer,943,497,9,27,7,
20561,hunt_start,Jaguar,2285,266,0,288,3,target:Rabbit:1043
20561,reproduce,Fish,1365,360,1,353,1,offspring:2
20562,starvation,Shroomer,2279,255,0,121,8,
20563,reproduce,Rabbit,337,302,2,145,3,offspring:2
20565,hunt_start,Polar Bear,2257,296,4,43,3,target:Shroomer:485
20565,age_death,Monkey,1224,235,0,165,0,
20565,reproduce,Parrot,906,66,9,510,6,offspring:1
20570,age_death,Penguin,1227,369,4,287,3,
20572,reproduce,Boar,1949,504,7,276,8,offspring:2
20573,hunt_start,Boar,1227,503,1,276,2,target:Rabbit:1970
20575,age_death,Wolf,862,47,0,353,9,
20575,reproduce,Penguin,1905,497,7,238,2,offspring:1
20578,age_death,Parrot,1467,475,3,41,9,
20578,reproduce,Parrot,128,261,3,488,0,offspring:1
20588,age_death,Fish,1222,35,5,320,1,
20588,age_death,Fish,1229,37,5,318,5,
20589,kill,Elk,1565,179,5,109,0,killed_by:Shark:1204
20590,reproduce,Parrot,660,418,0,412,9,offspring:1
20592,reproduce,Musk Ox,1211,124,5,96,2,offspring:1
20593,reproduce,Boar,108,448,0,193,0,offspring:2
20594,hunt_start,Boar,1565,446,9,193,3,target:Monkey:1328
20594,age_death,Monkey,1235,454,4,362,9,
20595,reproduce,Deer,1954,321,7,105,0,offspring:1
20599,kill,Musk Ox,1342,132,8,115,0,killed_by:Shark:247
20599,kill,Deer,160,361,4,410,3,killed_by:Wolf:869
20600,hunt_fail,Wolf,916,359,9,408,6,target_died
20600,reproduce,Parrot,1822,477,9,69,9,offspring:1
20602,hunt_start,Shark,1479,176,1,238,4,target:Shroomer:2421
20604,hunt_start,Boar,1949,504,5,275,9,target:Penguin:1989
20613,starvation,Shroomer,1994,502,2,27,7,
20613,reproduce,Frog,2416,51,4,460,5,offspring:2
20618,spore_matured,Shroomer,-1,334,4,59,6,
20618,reproduce,Shroomer,-1,334,4,59,6,offspring:1
20623,age_death,Rabbit,2194,257,1,120,6,
20623,reproduce,Frog,1033,48,0,458,2,offspring:2
20624,kill,Deer,979,349,5,482,0,killed_by:Polar Bear:1874
20624,reproduce,Lizard,1226,105,5,373,4,offspring:2
20625,hunt_start,Polar Bear,1874,348,9,482,3,target:Elk:1896
20625,hunt_fail,Polar Bear,2049,335,5,487,2,prey_escaped
20625,hunt_start,Polar Bear,2049,335,5,487,2,target:Tapir:1411
20628,age_death,Monkey,769,337,5,248,6,
20635,reproduce,Penguin,271,420,0,296,4,offspring:1
20638,spore_matured,Shroomer,-1,146,2,214,8,
20638,reproduce,Shroomer,-1,146,2,214,8,offspring:1
20639,spore_matured,Shroomer,-1,502,1,33,1,
20639,reproduce,Shroomer,-1,502,1,33,1,offspring:1
20650,hunt_fail,Polar Bear,955,340,0,109,6,discomfort
20650,kill,Camel,2163,355,2,446,3,killed_by:Polar Bear:958
20651,hunt_start,Polar Bear,958,354,5,446,3,target:Elk:2005
20652,age_death,Monkey,1270,150,8,248,5,
20654,reproduce,Musk Ox,1572,297,3,149,9,offspring:1
20657,reproduce,Tapir,880,430,6,312,7,offspring:1
20677,starvation,Shroomer,951,493,5,488,9,
20682,reproduce,Camel,954,397,0,125,2,offspring:1
20685,age_death,Monkey,1295,321,1,100,5,
20685,reproduce,Deer,1488,25,1,337,0,offspring:1
20696,age_death,Penguin,1300,408,9,246,6,
20697,hunt_start,Polar Bear,1670,315,6,123,2,target:Camel:2439
20698,reproduce,Rabbit,1533,347,5,433,8,offspring:2
20704,age_death,Rabbit,2199,380,5,487,5,
20704,age_death,Rabbit,2206,449,5,477,0,
20704,spore_matured,Shroomer,-1,263,9,190,6,
20704,reproduce,Shroomer,-1,263,9,190,6,offspring:1
20706,reproduce,Fish,926,131,5,375,2,offspring:2
20712,hunt_start,Polar Bear,2431,368,5,71,3,target:Shroomer:1681
20719,starvation,Elk,406,263,5,73,2,
20723,starvation,Shroomer,256,505,0,25,1,
20723,reproduce,Monkey,1447,386,8,92,3,offspring:1
20723,reproduce,Boar,1830,279,6,49,9,offspring:2
20739,kill,Shroomer,485,295,1,50,1,killed_by:Polar Bear:2257
20743,kill,Shroomer,803,374,1,391,4,killed_by:Polar Bear:469
20743,reproduce,Lizard,1639,136,5,218,9,offspring:2
20748,age_death,Monkey,1329,405,3,242,2,
20748,reproduce,Monkey,2233,364,2,316,9,offspring:1
20759,kill,Shroomer,227,257,1,127,1,killed_by:Shark:1404
20760,hunt_start,Shark,1404,258,2,127,0,target:Tapir:2328
20760,spore_created,Shroomer,-1,484,6,17,8,
20764,kill,Elk,1896,342,2,473,9,killed_by:Polar Bear:1874
20765,hunt_start,Polar Bear,1874,342,6,474,6,target:Elk:1184
20771,reproduce,Penguin,1829,416,2,308,6,offspring:1
20774,hunt_start,Boar,1830,280,9,49,7,target:Shroomer:1603
20779,kill,Tapir,1411,336,0,473,7,killed_by:Polar Bear:2049
20780,hunt_start,Polar Bear,2049,336,1,474,4,target:Elk:2435
20781,kill,Shroomer,2421,168,1,234,2,killed_by:Shark:1479
20782,reproduce,Fish,20,34,5,319,9,offspring:2
20796,starvation,Frog,768,491,3,16,8,
20797,age_death,Rabbit,2221,374,7,159,2,
20799,reproduce,Rabbit,455,489,0,138,3,offspring:2
20802,age_death,Rabbit,2223,406,7,478,3,
20802,age_death,Rabbit,2224,449,9,482,6,
20803,hunt_start,Boar,256,281,2,51,8,target:Shroomer:1603
20805,environment_death,Shroomer,201,503,4,33,1,drowning
20806,reproduce,Musk Ox,875,10,4,419,4,offspring:1
20806,reproduce,Boar,1504,325,8,117,0,offspring:2
20812,starvation,Rabbit,696,451,6,486,0,
20813,reproduce,Deer,1161,412,4,375,7,offspring:1
20816,kill,Deer,88,-0,0,251,0,killed_by:Crocodile:1092
20817,hunt_start,Crocodile,1092,0,0,251,6,target:Boar:1797
20817,reproduce,Jaguar,2285,263,2,292,2,offspring:1
20818,hunt_start,Jaguar,88,260,7,293,5,target:Rabbit:1043
20820,starvation,Monkey,2366,419,4,342,4,
20821,starvation,Frog,997,380,8,227,4,
20822,spore_created,Shroomer,-1,263,5,92,7,
20822,spore_created,Shroomer,-1,272,6,95,0,
20826,hunt_start,Shark,1884,166,4,115,5,target:Elk:1747
20830,kill,Camel,2439,307,5,122,4,killed_by:Polar Bear:1670
20830,age_death,Penguin,12,400,3,262,8,
20830,reproduce,Camel,1957,337,1,95,9,offspring:1
20838,age_death,Parrot,1773,497,4,1,1,
20839,reproduce,Monkey,1691,445,7,176,6,offspring:1
20840,age_death,Parrot,1507,20,0,252,6,
20840,age_death,Parrot,1809,51,2,218,0,
20841,age_death,Monkey,1375,250,3,164,3,
20841,reproduce,Camel,50,392,6,117,2,offspring:1
20841,reproduce,Turtle,1793,195,6,70,7,offspring:1
20841,reproduce,Lizard,1849,111,6,318,3,offspring:2
20846,hunt_start,Wolf,916,358,7,410,7,target:Deer:2427
20847,reproduce,Elk,1751,38,8,356,2,offspring:1
20853,starvation,Monkey,1402,265,4,209,5,
20853,reproduce,Lizard,1330,288,0,380,1,offspring:2
20866,kill,Elk,2005,347,7,460,3,killed_by:Polar Bear:958
20868,reproduce,Rabbit,1389,483,3,482,9,offspring:2
20871,hunt_start,Boar,1504,324,8,118,0,target:Frog:2498
20876,kill,Monkey,1376,240,8,102,0,killed_by:Polar Bear:465
20877,hunt_start,Polar Bear,465,241,4,102,3,target:Monkey:217
20878,spore_created,Shroomer,-1,170,5,220,8,
20880,spore_matured,Shroomer,-1,484,7,17,8,
20880,reproduce,Shroomer,-1,484,7,17,8,offspring:1
20884,kill,Elk,2435,331,6,472,3,killed_by:Polar Bear:2049
20886,reproduce,Deer,1888,0,0,247,4,offspring:1
20898,hunt_start,Wolf,869,365,2,395,7,target:Frog:2222
20898,spore_created,Shroomer,-1,144,5,220,9,
20907,kill,Shroomer,1681,367,4,64,6,killed_by:Polar Bear:2431
20910,reproduce,Monkey,325,216,6,174,5,offspring:1
20916,starvation,Parrot,1305,378,4,447,5,
20918,reproduce,Parrot,1031,428,7,383,3,offspring:1
20919,age_death,Boar,915,224,8,384,1,
20919,reproduce,Parrot,2073,382,6,376,5,offspring:1
20939,kill,Elk,1184,340,5,463,6,killed_by:Polar Bear:1874
20941,reproduce,Penguin,1996,425,5,310,2,offspring:1
20942,age_death,Monkey,1395,252,0,97,7,
20942,spore_matured,Shroomer,-1,263,5,92,7,
20942,reproduce,Shroomer,-1,263,5,92,7,offspring:1
20943,reproduce,Rabbit,2490,321,3,152,5,offspring:2
20958,age_death,Parrot,1820,452,9,21,4,
20960,spore_created,Shroomer,-1,500,0,8,2,
20968,age_death,Monkey,1397,400,0,326,2,
20970,reproduce,Parrot,193,477,4,67,1,offspring:1
20979,kill,Shroomer,1603,288,7,52,4,killed_by:Boar:1830
20980,hunt_fail,Boar,256,288,1,52,2,target_died
20983,age_death,Frog,1655,88,8,486,1,
20983,reproduce,Frog,2226,308,3,204,9,offspring:2
20986,hunt_start,Boar,278,228,6,77,6,target:Shroomer:913
20988,age_death,Rabbit,1410,240,9,475,9,
20988,age_death,Rabbit,2260,239,2,499,9,
20992,kill,Tapir,2328,255,0,109,0,killed_by:Shark:1404
20992,reproduce,Deer,1958,254,9,447,6,offspring:1
20992,reproduce,Parrot,2105,44,2,239,5,offspring:1
20993,reproduce,Lizard,554,169,5,506,3,offspring:2
20999,starvation,Parrot,575,0,0,455,5,
20999,hunt_fail,Boar,588,10,7,447,4,target_died
20999,hunt_start,Jaguar,1512,10,0,443,6,target:Boar:588
20999,age_death,Parrot,700,448,7,54,6,
21000,reproduce,Elk,1838,212,6,417,0,offspring:1
21002,age_death,Parrot,66,356,8,464,8,
21003,age_death,Parrot,18,471,5,10,2,
21004,age_death,Parrot,6,147,2,352,6,
21006,reproduce,Parrot,728,212,4,415,2,offspring:1
21010,age_death,Monkey,637,105,8,342,1,
21010,reproduce,Rabbit,297,304,8,81,9,offspring:2
21010,reproduce,Penguin,298,459,5,322,8,offspring:1
21010,reproduce,Penguin,2050,504,0,304,0,offspring:1
21018,spore_matured,Shroomer,-1,144,4,221,0,
21018,reproduce,Shroomer,-1,144,4,221,0,offspring:1
21020,starvation,Parrot,1150,184,7,427,3,
21022,reproduce,Lizard,1585,209,5,266,3,offspring:2
21023,age_death,Monkey,1426,422,3,273,3,
21024,kill,Elk,1747,180,8,114,6,killed_by:Shark:1884
21026,reproduce,Monkey,405,497,0,286,7,offspring:1
21027,reproduce,Monkey,187,487,0,182,3,offspring:1
21032,kill,Boar,1797,5,5,240,7,killed_by:Crocodile:1092
21032,spore_created,Shroomer,-1,511,8,7,5,
21033,hunt_start,Crocodile,1092,5,2,241,3,target:Deer:1888
21048,age_death,Parrot,1824,464,9,43,7,
21050,reproduce,Tapir,716,378,0,378,9,offspring:1
21059,kill,Deer,2427,379,9,410,3,killed_by:Wolf:916
21060,reproduce,Elk,1046,504,9,224,7,offspring:1
21062,hunt_start,Polar Bear,141,297,0,43,0,target:Shroomer:334
21064,hunt_start,Boar,2224,322,8,121,2,target:Lizard:96
21080,spore_matured,Shroomer,-1,500,0,8,3,
21080,reproduce,Shroomer,-1,500,0,8,3,offspring:1
21085,starvation,Shroomer,551,494,0,28,9,
21085,age_death,Fish,1051,249,0,407,1,
21085,reproduce,Monkey,321,252,0,199,5,offspring:1
21088,starvation,Monkey,805,181,8,175,9,
21088,reproduce,Tapir,774,305,9,266,3,offspring:1
21088,reproduce,Elk,1617,100,7,131,1,offspring:1
21100,age_death,Penguin,1457,255,3,267,9,
21100,reproduce,Elk,1853,335,8,123,0,offspring:1
21110,starvation,Shroomer,846,510,3,12,8,
21116,reproduce,Parrot,51,29,8,424,7,offspring:1
21130,age_death,Monkey,276,259,2,188,5,
21130,reproduce,Monkey,855,488,1,337,3,offspring:1
21143,age_death,Penguin,550,266,4,273,0,
21145,spore_created,Shroomer,-1,52,9,276,0,
21146,starvation,Shroomer,1151,506,6,27,6,
21150,hunt_start,Shark,1204,186,5,111,4,target:Musk Ox:472
21150,spore_created,Shroomer,-1,319,9,102,5,
21152,spore_matured,Shroomer,-1,512,0,7,5,
21152,reproduce,Shroomer,-1,512,0,7,5,offspring:1
21160,hunt_start,Shark,247,136,5,108,4,target:Turtle:2129
21170,reproduce,Lizard,2012,306,0,510,7,offspring:2
21173,age_death,Musk Ox,590,39,5,352,0,
21174,reproduce,Parrot,498,249,3,280,6,offspring:1
21175,reproduce,Musk Ox,1428,314,1,151,3,offspring:1
21180,age_death,Penguin,78,257,4,267,9,
21181,reproduce,Rabbit,364,502,1,334,0,offspring:2
21186,kill,Frog,2222,390,1,397,4,killed_by:Wolf:869
21187,hunt_start,Wolf,869,389,7,397,4,target:Deer:2241
21189,hunt_start,Polar Bear,955,337,4,109,7,target:Monkey:657
21189,reproduce,Deer,191,335,0,419,9,offspring:1
21192,age_death,Deer,142,264,6,270,5,
21193,starvation,Shroomer,749,103,0,155,5,
21197,kill,Boar,588,13,6,447,8,killed_by:Jaguar:1512
21197,reproduce,Deer,479,427,5,423,5,offspring:1
21197,spore_created,Shroomer,-1,506,6,54,3,
21197,spore_created,Shroomer,-1,508,6,44,4,
21198,hunt_start,Jaguar,1512,13,0,447,7,target:Boar:1544
21200,age_death,Monkey,325,209,0,172,8,
21204,reproduce,Monkey,2116,27,1,293,5,offspring:1
21205,age_death,Parrot,1839,93,0,338,4,
21205,reproduce,Monkey,2348,418,8,239,6,offspring:1
21212,kill,Shroomer,913,235,2,71,8,killed_by:Boar:278
21214,reproduce,Monkey,335,99,7,322,2,offspring:1
21221,reproduce,Rabbit,2370,441,9,498,0,offspring:2
21231,hunt_start,Boar,201,320,4,128,6,target:Lizard:888
21262,age_death,Monkey,1469,170,6,254,0,
21262,spore_created,Shroomer,-1,360,8,68,2,
21275,starvation,Jaguar,971,265,5,432,9,
21277,reproduce,Rabbit,2203,490,9,286,2,offspring:2
21282,hunt_start,Polar Bear,2257,295,7,48,0,target:Shroomer:334
21286,hunt_start,Polar Bear,469,380,4,396,3,target:Boar:1477
21292,age_death,Monkey,326,321,2,278,2,
21292,reproduce,Parrot,533,282,5,442,1,offspring:1
21300,age_death,Monkey,998,52,1,193,8,
21300,age_death,Monkey,1000,34,9,148,9,
21300,reproduce,Parrot,1804,118,6,399,0,offspring:1
21303,reproduce,Elk,1885,357,2,484,3,offspring:1
21304,age_death,Penguin,1485,260,7,271,4,
21305,starvation,Polar Bear,2286,198,8,248,5,
21305,reproduce,Lizard,153,368,0,52,2,offspring:2
21314,kill,Turtle,2129,127,0,103,6,killed_by:Shark:247
21315,reproduce,Tapir,213,427,1,365,8,offspring:1
21321,age_death,Parrot,1844,72,6,464,3,
21322,hunt_start,Wolf,916,390,9,420,0,target:Deer:2426
21331,age_death,Monkey,1120,61,8,220,4,
21332,reproduce,Frog,203,67,9,489,5,offspring:2
21342,hunt_start,Shark,1479,169,2,232,4,target:Shroomer:1573
21347,starvation,Shroomer,725,509,9,27,9,
21347,age_death,Fish,312,253,2,407,9,
21347,age_death,Fish,477,254,7,407,6,
21347,reproduce,Monkey,289,247,1,183,6,offspring:1
21347,reproduce,Rabbit,1146,229,3,233,0,offspring:2
21351,age_death,Lizard,473,430,2,345,0,
21351,age_death,Lizard,2238,417,5,367,4,
21351,reproduce,Lizard,156,101,0,132,9,offspring:2
21360,age_death,Fish,336,36,5,318,9,
21360,reproduce,Frog,1083,318,3,381,5,offspring:2
21366,kill,Musk Ox,472,182,5,97,6,killed_by:Shark:1204
21367,age_death,Parrot,102,149,0,472,3,
21367,reproduce,Boar,968,211,1,129,4,offspring:2
21369,spore_created,Shroomer,-1,238,4,79,8,
21372,kill,Deer,2241,377,3,385,1,killed_by:Wolf:869
21373,hunt_start,Polar Bear,1670,310,5,128,7,target:Frog:636
21377,spore_created,Shroomer,-1,464,8,29,3,
21381,kill,Boar,1544,23,2,435,9,killed_by:Jaguar:1512
21381,reproduce,Elk,671,348,6,42,2,offspring:1
21382,hunt_start,Jaguar,1512,22,8,436,4,target:Boar:272
21387,hunt_start,Polar Bear,958,353,1,455,6,target:Parrot:1950
21408,age_death,Fish,428,102,6,192,2,
21410,reproduce,Penguin,697,368,0,315,4,offspring:1
21416,age_death,Monkey,669,80,1,260,7,
21416,spore_created,Shroomer,-1,362,4,58,6,
21426,age_death,Rabbit,2326,285,4,99,9,
21427,hunt_start,Polar Bear,2049,329,3,468,8,target:Tapir:508
21434,kill,Boar,1477,372,5,401,3,killed_by:Polar Bear:469
21434,spore_matured,Shroomer,-1,360,6,68,4,
21434,reproduce,Shroomer,-1,360,6,68,4,offspring:1
21437,reproduce,Deer,1301,333,6,106,0,offspring:1
21441,spore_created,Shroomer,-1,454,7,19,2,
21448,age_death,Deer,115,419,5,60,0,
21448,spore_created,Shroomer,-1,49,2,210,2,
21450,hunt_start,Polar Bear,2431,365,4,60,6,target:Musk Ox:497
21453,age_death,Monkey,289,249,8,186,8,
21454,reproduce,Lizard,1586,223,7,252,5,offspring:2
21469,reproduce,Tapir,1609,402,2,418,8,offspring:1
21482,hunt_start,Polar Bear,1874,335,2,462,5,target:Parrot:1052
21485,environment_death,Shroomer,903,487,5,33,2,drowning
21487,kill,Shroomer,334,289,9,56,1,killed_by:Polar Bear:141
21488,hunt_fail,Polar Bear,2257,291,1,53,6,target_died
21488,hunt_start,Polar Bear,2257,291,1,53,6,target:Shroomer:1774
21488,spore_created,Shroomer,-1,56,2,280,4,
21488,spore_created,Shroomer,-1,62,1,273,5,
21489,age_death,Parrot,1899,22,6,354,7,
21489,spore_matured,Shroomer,-1,237,4,78,3,
21489,reproduce,Shroomer,-1,237,4,78,3,offspring:1
21490,kill,Deer,2426,389,4,436,7,killed_by:Wolf:916
21490,spore_created,Shroomer,-1,483,5,2,9,
21490,spore_created,Shroomer,-1,481,9,6,8,
21493,age_death,Monkey,1535,437,1,388,6,
21496,hunt_start,Boar,1598,507,0,225,7,target:Penguin:2296
21496,reproduce,Deer,969,180,1,362,9,offspring:1
21497,spore_matured,Shroomer,-1,464,7,29,2,
21497,reproduce,Shroomer,-1,464,7,29,2,offspring:1
21500,starvation,Monkey,934,498,5,197,3,
21500,age_death,Penguin,627,189,4,222,2,
21500,reproduce,Deer,978,348,2,444,3,offspring:1
21501,age_death,Penguin,1416,217,4,244,4,
21503,reproduce,Monkey,1326,325,2,56,0,offspring:1
21509,age_death,Rabbit,1164,346,5,492,9,
21509,age_death,Rabbit,2337,326,9,459,3,
21510,reproduce,Tapir,211,378,5,266,6,offspring:1
21510,reproduce,Parrot,873,10,8,280,0,offspring:1
21511,reproduce,Parrot,547,477,2,34,2,offspring:1
21520,reproduce,Penguin,99,290,3,271,4,offspring:1
21521,age_death,Parrot,1739,115,8,286,6,
21521,reproduce,Monkey,1514,76,3,191,9,offspring:1
21540,kill,Boar,272,24,9,450,0,killed_by:Jaguar:1512
21540,age_death,Monkey,638,164,2,212,8,
21540,reproduce,Deer,372,331,8,99,7,offspring:1
21541,reproduce,Elk,2024,214,1,225,7,offspring:1
21545,age_death,Penguin,1266,396,5,279,5,
21545,age_death,Penguin,1554,404,8,254,6,
21545,age_death,Penguin,1555,419,5,264,0,
21545,reproduce,Monkey,705,93,5,333,7,offspring:1
21549,spore_created,Shroomer,-1,130,0,223,3,
21549,spore_created,Shroomer,-1,125,4,217,3,
21553,hunt_start,Shark,1404,267,6,115,8,target:Shroomer:1205
21561,spore_matured,Shroomer,-1,454,7,19,2,
21561,reproduce,Shroomer,-1,454,7,19,2,offspring:1
21569,hunt_fail,Polar Bear,955,311,7,112,5,discomfort
21570,age_death,Parrot,1908,20,0,141,7,
21570,reproduce,Parrot,2210,206,2,405,4,offspring:1
21573,kill,Musk Ox,497,359,3,60,1,killed_by:Polar Bear:2431
21575,reproduce,Penguin,2311,299,5,263,6,offspring:1
21576,age_death,Parrot,1909,452,2,68,6,
21577,reproduce,Monkey,217,217,4,126,4,offspring:1
21578,age_death,Fish,25,233,7,379,9,
21581,kill,Shroomer,1573,166,0,220,9,killed_by:Shark:1479
21584,reproduce,Deer,1498,416,9,433,7,offspring:1
21585,hunt_start,Shark,1884,185,7,112,9,target:Elk:440
21586,spore_created,Shroomer,-1,489,8,25,6,
21588,spore_matured,Shroomer,-1,362,4,58,6,
21588,reproduce,Shroomer,-1,362,4,58,6,offspring:1
21605,age_death,Monkey,632,382,9,250,6,
21610,spore_created,Shroomer,-1,509,4,25,8,
21612,age_death,Rabbit,931,410,4,487,1,
21612,age_death,Rabbit,2347,378,4,469,4,
21613,reproduce,Penguin,1593,38,4,302,1,offspring:1
21616,reproduce,Jaguar,1512,25,0,451,8,offspring:1
21617,hunt_start,Jaguar,1512,24,9,451,8,target:Frog:2194
21617,hunt_start,Jaguar,2347,23,7,449,1,target:Turtle:1708
21617,age_death,Parrot,928,446,9,29,0,
21621,reproduce,Monkey,2402,367,4,294,6,offspring:1
21621,spore_matured,Shroomer,-1,483,5,3,1,
21621,reproduce,Shroomer,-1,483,5,3,1,offspring:1
21631,kill,Tapir,508,326,3,481,9,killed_by:Polar Bear:2049
21636,kill,Rabbit,947,437,9,398,6,killed_by:Polar Bear:1099
21636,age_death,Fish,273,106,0,199,8,
21636,age_death,Fish,1579,105,6,200,9,
21636,reproduce,Frog,1220,413,7,399,4,offspring:2
21636,reproduce,Boar,2444,9,4,341,1,offspring:2
21637,hunt_start,Polar Bear,1099,438,0,398,0,target:Shroomer:1939
21641,age_death,Boar,920,324,1,392,3,
21642,reproduce,Lizard,647,315,4,196,3,offspring:2
21646,spore_matured,Shroomer,-1,62,0,273,3,
21646,reproduce,Shroomer,-1,62,0,273,3,offspring:1
21652,hunt_start,Boar,472,215,9,134,6,target:Monkey:217
21656,starvation,Parrot,905,0,1,346,6,
21658,hunt_start,Wolf,869,368,4,393,2,target:Deer:983
21662,spore_matured,Shroomer,-1,481,9,6,8,
21662,reproduce,Shroomer,-1,481,9,6,8,offspring:1
21667,spore_created,Shroomer,-1,363,8,64,0,
21669,spore_matured,Shroomer,-1,125,4,217,3,
21669,reproduce,Shroomer,-1,125,4,217,3,offspring:1
21670,hunt_start,Boar,102,208,4,126,3,target:Monkey:217
21674,starvation,Shroomer,1686,112,8,206,6,
21678,reproduce,Parrot,2039,138,5,490,9,offspring:1
21693,age_death,Deer,92,488,3,139,3,
21697,age_death,Monkey,1618,264,8,156,4,
21697,reproduce,Rabbit,996,483,0,286,8,offspring:2
21701,starvation,Parrot,837,444,0,486,9,
21701,spore_created,Shroomer,-1,236,8,82,1,
21706,age_death,Rabbit,860,356,3,506,2,
21706,spore_matured,Shroomer,-1,489,8,25,8,
21706,reproduce,Shroomer,-1,489,8,25,8,offspring:1
21710,reproduce,Camel,783,268,2,85,9,offspring:1
21719,kill,Frog,636,289,2,120,6,killed_by:Polar Bear:1670
21720,hunt_start,Polar Bear,1670,290,4,121,1,target:Elk:662
21721,spore_matured,Shroomer,-1,130,0,223,3,
21721,reproduce,Shroomer,-1,130,0,223,3,offspring:1
21722,starvation,Shroomer,1925,510,5,23,5,
21722,reproduce,Boar,1986,12,1,486,7,offspring:2
21724,age_death,Fish,202,33,7,321,8,
21724,age_death,Fish,820,34,0,322,8,
21724,reproduce,Parrot,138,17,5,139,9,offspring:1
21724,reproduce,Penguin,1076,414,9,248,3,offspring:1
21729,kill,Shroomer,1205,278,9,116,5,killed_by:Shark:1404
21730,spore_matured,Shroomer,-1,509,3,25,6,
21730,reproduce,Shroomer,-1,509,3,25,6,offspring:1
21731,reproduce,Fish,1869,250,1,407,1,offspring:2
21740,starvation,Tapir,2459,48,1,253,3,
21741,reproduce,Frog,1037,250,7,258,5,offspring:2
21749,kill,Turtle,1708,22,8,439,3,killed_by:Jaguar:2347
21750,reproduce,Lizard,1592,459,1,122,1,offspring:2
21753,hunt_start,Wolf,916,389,3,433,9,target:Parrot:403
21760,age_death,Parrot,886,151,0,297,9,
21761,reproduce,Elk,2395,170,1,94,0,offspring:1
21766,kill,Deer,1888,12,3,218,1,killed_by:Crocodile:1092
21769,reproduce,Tapir,1952,335,7,394,6,offspring:1
21771,age_death,Monkey,331,16,8,153,6,
21772,reproduce,Penguin,1315,446,2,202,7,offspring:1
21776,kill,Shroomer,1939,438,8,394,5,killed_by:Polar Bear:1099
21776,reproduce,Lizard,1373,106,5,78,9,offspring:2
21777,hunt_start,Polar Bear,1099,439,4,395,2,target:Camel:524
21782,age_death,Lizard,182,503,9,287,9,
21784,reproduce,Lizard,1892,73,0,193,6,offspring:2
21788,age_death,Parrot,1950,339,8,424,2,
21788,reproduce,Deer,1217,430,6,420,1,offspring:1
21789,hunt_fail,Polar Bear,958,340,2,432,1,prey_escaped
21789,hunt_start,Polar Bear,958,340,2,432,1,target:Frog:1756
21792,hunt_start,Boar,443,296,2,212,8,target:Frog:1603
21798,age_death,Rabbit,1533,348,5,431,2,
21798,age_death,Rabbit,2237,412,4,478,1,
21798,reproduce,Deer,2456,343,2,491,9,offspring:1
21801,reproduce,Fish,1740,101,3,191,0,offspring:2
21803,age_death,Rabbit,2370,445,0,495,6,
21803,age_death,Rabbit,2371,449,8,482,1,
21803,reproduce,Fish,1284,33,5,320,9,offspring:2
21808,age_death,Monkey,544,415,9,362,2,
21808,reproduce,Lizard,1963,234,4,146,3,offspring:2
21809,starvation,Monkey,699,507,0,209,9,
21810,kill,Shroomer,1774,279,3,51,1,killed_by:Polar Bear:2257
21815,reproduce,Deer,228,257,2,265,3,offspring:1
21817,kill,Elk,440,200,6,104,7,killed_by:Shark:1884
21817,reproduce,Musk Ox,701,9,0,312,2,offspring:1
21821,spore_matured,Shroomer,-1,236,8,82,3,
21821,reproduce,Shroomer,-1,236,8,82,3,offspring:1
21823,spore_created,Shroomer,-1,495,0,1,0,
21829,age_death,Monkey,657,304,6,119,0,
21832,reproduce,Frog,1079,228,2,305,0,offspring:2
21837,kill,Deer,983,374,8,378,0,killed_by:Wolf:869
21839,reproduce,Monkey,1286,32,3,149,9,offspring:1
21839,spore_matured,Shroomer,-1,363,8,63,6,
21839,reproduce,Shroomer,-1,363,8,63,6,offspring:1
21841,hunt_start,Boar,273,4,9,342,7,target:Monkey:2317
21846,age_death,Monkey,672,167,1,243,5,
21846,age_death,Monkey,1550,150,4,297,1,
21846,reproduce,Parrot,2034,88,7,415,2,offspring:1
21848,reproduce,Turtle,2471,351,3,29,3,offspring:1
21875,hunt_start,Shark,247,133,9,113,2,target:Turtle:1476
21914,age_death,Fish,194,379,3,355,2,
21916,reproduce,Elk,172,131,6,407,1,offspring:1
21927,hunt_start,Shark,1204,177,6,95,9,target:Musk Ox:1423
21943,age_death,Parrot,1571,96,2,329,9,
21943,spore_matured,Shroomer,-1,495,0,1,0,
21943,reproduce,Shroomer,-1,495,0,1,0,offspring:1
21949,reproduce,Fish,61,250,5,404,6,offspring:2
21954,starvation,Shroomer,779,89,2,244,4,
21954,spore_created,Shroomer,-1,503,3,4,1,
21959,hunt_start,Boar,1538,99,2,503,0,target:Lizard:1351
21961,starvation,Shroomer,2312,510,1,27,6,
21961,reproduce,Crocodile,1092,9,7,219,6,offspring:1
21975,hunt_start,Shark,1181,169,6,162,6,target:Tapir:653
21977,hunt_start,Polar Bear,469,372,6,394,7,target:Shroomer:807
21995,kill,Elk,662,300,4,108,9,killed_by:Polar Bear:1670
21995,reproduce,Fish,538,105,6,204,5,offspring:2
22000,age_death,Monkey,1665,60,0,185,1,
22000,reproduce,Lizard,476,143,4,300,8,offspring:2
22002,age_death,Fish,1035,233,4,378,1,
22002,age_death,Fish,1036,232,9,377,2,
22002,age_death,Parrot,1968,354,8,472,6,
22004,age_death,Frog,866,341,6,167,6,
22004,reproduce,Monkey,1517,414,4,425,4,offspring:1
22005,age_death,Boar,1105,9,1,393,8,
22005,age_death,Boar,1106,21,7,310,8,
22005,reproduce,Frog,1060,362,1,191,0,offspring:2
22007,reproduce,Deer,1280,381,2,430,9,offspring:1
22010,reproduce,Shark,1404,267,6,115,9,offspring:1
22011,hunt_start,Shark,1105,270,1,114,5,target:Shroomer:103
22011,hunt_start,Shark,1404,267,6,115,9,target:Shroomer:1783
22012,reproduce,Elk,1097,165,6,452,8,offspring:1
22020,kill,Turtle,1476,128,4,105,0,killed_by:Shark:247
22021,kill,Monkey,2317,-0,2,346,4,killed_by:Boar:273
22021,reproduce,Penguin,1989,486,4,247,2,offspring:1
22023,reproduce,Monkey,180,34,9,301,3,offspring:1
22024,age_death,Rabbit,1043,275,8,320,0,
22024,age_death,Rabbit,1671,225,8,301,9,
22025,hunt_fail,Jaguar,88,272,3,319,4,target_died
22025,hunt_fail,Jaguar,2285,268,2,312,3,target_died
22026,reproduce,Monkey,583,339,2,164,6,offspring:1
22027,reproduce,Lizard,2327,0,6,420,7,offspring:2
22030,hunt_start,Polar Bear,141,284,2,52,4,target:Boar:1672
22042,starvation,Elk,1805,266,0,78,9,
22042,age_death,Parrot,1981,92,1,380,1,
22044,starvation,Shroomer,1413,506,8,27,7,
22045,age_death,Parrot,1982,43,1,366,1,
22045,reproduce,Boar,562,91,8,407,0,offspring:2
22045,reproduce,Parrot,1004,140,1,497,2,offspring:1
22045,reproduce,Parrot,1065,252,1,437,3,offspring:1
22046,hunt_start,Boar,1805,89,2,408,7,target:Parrot:672
22046,hunt_start,Boar,1981,89,2,408,7,target:Parrot:672
22073,age_death,Parrot,1991,84,0,312,0,
22074,spore_matured,Shroomer,-1,503,3,4,2,
22074,reproduce,Shroomer,-1,503,3,4,2,offspring:1
22077,kill,Musk Ox,1423,182,2,87,4,killed_by:Shark:1204
22077,reproduce,Deer,26,97,8,31,8,offspring:1
22087,reproduce,Parrot,236,20,3,334,3,offspring:1
22090,starvation,Boar,1763,57,5,370,2,
22093,spore_created,Shroomer,-1,474,0,25,5,
22101,age_death,Penguin,1687,217,7,243,7,
22102,age_death,Penguin,1690,219,7,247,8,
22102,reproduce,Rabbit,1274,264,2,493,2,offspring:2
22104,age_death,Rabbit,925,248,5,103,9,
22105,reproduce,Turtle,361,24,5,462,9,offspring:1
22116,hunt_start,Polar Bear,2431,360,2,57,0,target:Shroomer:669
22121,hunt_start,Jaguar,2347,35,6,438,7,target:Frog:2194
22123,hunt_start,Wolf,869,376,6,388,7,target:Parrot:2073
22129,kill,Frog,2194,32,8,439,0,killed_by:Jaguar:2347
22130,hunt_fail,Jaguar,1512,27,0,448,9,target_died
22130,hunt_start,Jaguar,1512,27,0,448,9,target:Boar:2491
22130,reproduce,Tapir,177,113,4,282,2,offspring:1
22139,hunt_fail,Jaguar,818,350,6,233,9,prey_escaped
22139,hunt_start,Jaguar,818,350,6,233,9,target:Musk Ox:2468
22142,hunt_start,Shark,1479,168,6,238,1,target:Penguin:2119
22142,age_death,Monkey,249,306,6,115,2,
22142,reproduce,Boar,973,123,0,331,0,offspring:2
22144,starvation,Shroomer,970,506,1,27,5,
22145,reproduce,Fish,1871,250,4,405,6,offspring:2
22151,age_death,Parrot,2004,38,8,144,0,
22152,kill,Shroomer,807,368,8,389,9,killed_by:Polar Bear:469
22152,reproduce,Elk,240,339,7,47,9,offspring:1
22154,reproduce,Rabbit,569,491,4,489,3,offspring:2
22163,age_death,Rabbit,1215,445,4,505,5,
22166,reproduce,Musk Ox,2468,343,6,229,7,offspring:1
22172,age_death,Monkey,792,254,4,92,3,
22174,hunt_start,Polar Bear,2049,326,9,473,9,target:Deer:1940
22174,spore_created,Shroomer,-1,165,9,229,1,
22175,age_death,Boar,303,497,1,334,7,
22175,age_death,Boar,1185,455,5,415,5,
22175,reproduce,Elk,692,309,8,105,7,offspring:1
22177,reproduce,Deer,280,289,2,345,2,offspring:1
22181,kill,Shroomer,103,263,9,106,0,killed_by:Shark:1105
22182,age_death,Monkey,1702,155,7,248,5,
22182,reproduce,Lizard,1652,500,3,483,8,offspring:2
22195,reproduce,Musk Ox,2398,178,7,90,5,offspring:1
22200,hunt_start,Shark,1105,264,5,106,8,target:Turtle:1649
22206,kill,Shroomer,1783,260,2,107,7,killed_by:Shark:1404
22207,kill,Frog,1756,361,9,414,2,killed_by:Polar Bear:958
22208,hunt_start,Polar Bear,958,361,1,414,9,target:Frog:1171
22209,reproduce,Lizard,1071,282,7,275,6,offspring:2
22211,age_death,Parrot,193,468,2,66,6,
22212,kill,Shroomer,669,363,8,59,5,killed_by:Polar Bear:2431
22213,reproduce,Musk Ox,72,15,9,315,7,offspring:1
22213,reproduce,Elk,2172,170,7,351,6,offspring:1
22217,age_death,Parrot,2007,347,7,418,9,
22217,reproduce,Fish,1716,236,2,378,3,offspring:2
22220,age_death,Parrot,2009,363,6,473,6,
22221,starvation,Lizard,1719,70,5,380,6,
22231,reproduce,Parrot,1795,208,4,415,5,offspring:1
22237,starvation,Tapir,747,436,8,325,8,
22237,reproduce,Boar,2492,28,8,412,1,offspring:2
22242,starvation,Fish,121,92,6,394,4,
22247,reproduce,Penguin,2404,383,6,248,5,offspring:1
22248,age_death,Wolf,864,16,7,364,9,
22253,kill,Boar,1672,286,1,40,3,killed_by:Polar Bear:141
22255,age_death,Monkey,232,299,4,100,7,
22256,reproduce,Frog,1971,349,7,485,4,offspring:2
22256,reproduce,Parrot,2384,90,4,334,5,offspring:1
22260,age_death,Boar,288,223,0,392,5,
22260,age_death,Boar,543,171,1,381,0,
22260,reproduce,Parrot,2077,365,3,449,4,offspring:1
22262,age_death,Parrot,1344,74,0,185,0,
22264,reproduce,Tapir,1784,32,1,429,6,offspring:1
22265,reproduce,Parrot,1090,92,9,380,3,offspring:1
22265,spore_matured,Shroomer,-1,474,0,25,5,
22265,reproduce,Shroomer,-1,474,0,25,5,offspring:1
22290,age_death,Fish,1716,236,2,378,3,
22292,hunt_start,Jaguar,2347,36,4,437,5,target:Tapir:1784
22292,reproduce,Fish,1825,249,5,406,3,offspring:2
22312,age_death,Parrot,2014,127,9,273,5,
22313,reproduce,Elk,2209,506,2,232,8,offspring:1
22319,age_death,Fish,1199,104,5,191,9,
22321,reproduce,Boar,2082,371,1,1,4,offspring:2
22322,hunt_start,Boar,1199,371,5,-0,3,target:Lizard:343
22322,kill,Penguin,2119,182,8,234,7,killed_by:Shark:1479
22322,hunt_start,Boar,2082,371,0,1,3,target:Lizard:343
22323,reproduce,Monkey,1792,351,7,55,4,offspring:1
22326,kill,Turtle,1649,265,5,115,6,killed_by:Shark:1105
22328,age_death,Parrot,2018,0,6,412,7,
22329,kill,Musk Ox,2468,344,6,227,6,killed_by:Jaguar:818
22329,reproduce,Parrot,1868,359,2,509,2,offspring:1
22331,reproduce,Monkey,1582,313,2,250,1,offspring:1
22332,reproduce,Monkey,2407,421,8,367,1,offspring:1
22353,hunt_start,Polar Bear,2257,283,1,45,3,target:Boar:256
22365,hunt_start,Boar,278,225,5,83,0,target:Shroomer:440
22378,hunt_start,Shark,1884,205,7,115,0,target:Turtle:1759
22387,starvation,Shroomer,2484,506,4,27,8,
22387,reproduce,Rabbit,312,226,0,234,8,offspring:2
22390,starvation,Shroomer,1591,505,5,27,5,
22390,reproduce,Monkey,1448,18,6,141,8,offspring:1
22391,kill,Frog,1603,318,1,183,8,killed_by:Boar:443
22392,hunt_start,Boar,443,318,0,184,1,target:Lizard:647
22395,hunt_fail,Boar,2430,3,9,212,1,prey_escaped
22395,spore_created,Shroomer,-1,478,3,26,3,
22396,hunt_start,Jaguar,818,344,9,228,5,target:Musk Ox:1215
22407,age_death,Parrot,2022,80,0,481,8,
22410,reproduce,Lizard,1363,100,8,87,0,offspring:2
22423,age_death,Frog,1098,118,5,260,5,
22423,reproduce,Monkey,1352,392,9,432,7,offspring:1
22432,age_death,Penguin,781,216,9,252,0,
22435,hunt_fail,Jaguar,975,189,4,411,1,prey_escaped
22435,hunt_start,Jaguar,975,189,4,411,1,target:Elk:681
22441,reproduce,Lizard,1070,281,2,289,9,offspring:2
22443,starvation,Lizard,1534,92,2,210,7,
22443,hunt_fail,Shark,348,112,1,205,9,target_died
22443,hunt_start,Shark,348,112,1,205,9,target:Tapir:1508
22445,age_death,Fish,116,354,7,355,0,
22445,reproduce,Fish,2302,361,5,354,2,offspring:2
22447,age_death,Monkey,1733,150,5,249,8,
22449,reproduce,Fish,2237,101,3,188,7,offspring:2
22450,age_death,Monkey,170,77,0,201,5,
22451,reproduce,Fish,2335,101,6,192,0,offspring:2
22454,age_death,Monkey,665,121,5,265,1,
22455,reproduce,Elk,772,489,1,416,9,offspring:1
22456,hunt_start,Polar Bear,955,321,5,111,8,target:Monkey:2023
22461,age_death,Parrot,1393,117,8,300,6,
22461,reproduce,Parrot,1580,188,5,227,3,offspring:1
22470,age_death,Parrot,2039,131,1,494,3,
22470,reproduce,Monkey,2144,156,1,250,7,offspring:1
22475,kill,Turtle,1759,207,8,110,4,killed_by:Shark:1884
22478,reproduce,Monkey,937,386,2,121,4,offspring:1
22486,starvation,Shroomer,1564,498,2,27,5,
22486,starvation,Shroomer,2292,493,9,29,9,
22487,reproduce,Elk,2195,319,0,120,5,offspring:1
22492,hunt_start,Jaguar,2285,266,0,308,0,target:Penguin:1956
22497,age_death,Boar,42,397,9,126,9,
22497,age_death,Boar,487,303,7,160,4,
22497,reproduce,Parrot,1669,23,9,338,4,offspring:1
22499,kill,Tapir,1784,29,9,422,3,killed_by:Jaguar:2347
22500,age_death,Monkey,1745,62,0,206,1,
22502,reproduce,Lizard,1960,51,6,446,3,offspring:2
22503,reproduce,Parrot,260,50,6,275,1,offspring:1
22503,reproduce,Camel,2448,224,5,238,8,offspring:1
22515,spore_matured,Shroomer,-1,478,3,26,4,
22515,reproduce,Shroomer,-1,478,3,26,4,offspring:1
22516,hunt_fail,Boar,1364,269,2,122,0,prey_escaped
22530,kill,Boar,256,293,0,48,6,killed_by:Polar Bear:2257
22530,age_death,Parrot,874,264,8,365,2,
22531,age_death,Rabbit,2476,253,8,139,7,
22534,reproduce,Penguin,313,362,0,292,7,offspring:1
22534,reproduce,Boar,2231,341,0,316,0,offspring:2
22538,hunt_start,Polar Bear,1670,298,6,112,4,target:Lizard:1030
22545,age_death,Monkey,1754,391,6,218,4,
22547,reproduce,Tapir,571,454,3,175,5,offspring:1
22553,age_death,Parrot,2043,351,0,463,5,
22554,starvation,Elk,370,55,5,149,2,
22554,reproduce,Parrot,1305,417,2,366,3,offspring:1
22556,starvation,Shroomer,760,507,3,16,0,
22556,age_death,Tapir,709,69,6,202,8,
22556,reproduce,Parrot,1075,423,4,421,2,offspring:1
22563,reproduce,Lizard,1111,330,4,34,1,offspring:2
22570,kill,Frog,1171,374,2,439,2,killed_by:Polar Bear:958
22571,hunt_start,Polar Bear,958,373,7,438,2,target:Parrot:1497
22571,age_death,Parrot,2044,44,5,214,5,
22572,reproduce,Turtle,2141,124,0,93,3,offspring:1
22572,spore_created,Shroomer,-1,489,5,7,4,
22574,starvation,Tapir,653,189,0,178,3,
22574,hunt_fail,Shark,1181,182,5,179,0,target_died
22576,kill,Deer,1940,307,4,456,9,killed_by:Polar Bear:2049
22576,reproduce,Boar,1088,317,5,224,9,offspring:2
22581,hunt_start,Shark,247,138,2,113,6,target:Tapir:168
22591,kill,Shroomer,440,234,7,84,1,killed_by:Boar:278
22595,hunt_start,Crocodile,2312,7,8,220,2,target:Deer:2435
22596,reproduce,Musk Ox,1103,126,5,97,6,offspring:1
22600,age_death,Penguin,1723,276,2,272,9,
22601,reproduce,Parrot,1021,421,5,484,4,offspring:1
22614,age_death,Lizard,1246,471,1,310,2,
22614,age_death,Lizard,1247,474,1,235,5,
22614,reproduce,Parrot,457,13,0,485,0,offspring:1
22614,reproduce,Lizard,679,399,2,32,2,offspring:2
22619,starvation,Shroomer,65,486,1,32,5,
22620,reproduce,Elk,254,344,7,40,9,offspring:1
22622,age_death,Rabbit,337,309,6,172,7,
22622,age_death,Rabbit,2490,319,7,156,6,
22622,reproduce,Tapir,439,34,6,119,4,offspring:1
22624,age_death,Parrot,131,129,9,304,2,
22624,reproduce,Elk,2255,153,0,394,6,offspring:1
22629,reproduce,Lizard,1780,34,3,362,8,offspring:2
22631,starvation,Shroomer,21,509,8,14,3,
22632,reproduce,Turtle,124,23,6,413,3,offspring:1
22638,hunt_start,Shark,1204,174,9,87,2,target:Musk Ox:2101
22641,hunt_start,Boar,1364,268,3,119,9,target:Lizard:133
22658,age_death,Deer,145,265,8,274,0,
22658,age_death,Fish,467,134,2,376,5,
22658,age_death,Monkey,648,455,1,378,5,
22658,age_death,Fish,1273,133,9,375,4,
22658,reproduce,Monkey,1731,228,1,127,7,offspring:1
22660,reproduce,Lizard,1601,201,9,199,1,offspring:2
22662,reproduce,Tapir,2330,423,2,185,9,offspring:1
22674,kill,Tapir,1508,123,1,196,1,killed_by:Shark:348
22674,reproduce,Rabbit,1794,225,2,177,3,offspring:2
22677,age_death,Penguin,1778,257,2,267,3,
22678,reproduce,Penguin,1841,219,6,268,3,offspring:1
22687,age_death,Monkey,60,305,0,88,7,
22688,spore_created,Shroomer,-1,145,4,240,9,
22690,hunt_start,Boar,874,344,3,317,7,target:Penguin:1936
22692,spore_matured,Shroomer,-1,489,3,7,4,
22692,reproduce,Shroomer,-1,489,3,7,4,offspring:1
22695,hunt_start,Polar Bear,469,377,9,387,8,target:Camel:1941
22703,age_death,Monkey,673,254,9,187,7,
22703,age_death,Penguin,1742,231,6,252,4,
22703,reproduce,Rabbit,1970,475,6,234,6,offspring:2
22705,age_death,Penguin,1785,231,5,245,8,
22713,spore_created,Shroomer,-1,61,9,285,1,
22721,age_death,Fish,2080,250,7,407,9,
22722,hunt_start,Boar,747,29,8,419,0,target:Lizard:1522
22722,hunt_start,Shark,1181,182,3,175,5,target:Monkey:217
22728,age_death,Fish,719,32,4,324,1,
22728,age_death,Fish,1314,34,0,323,9,
22729,age_death,Lizard,342,479,2,269,5,
22729,age_death,Monkey,1474,508,2,369,6,
22729,reproduce,Camel,877,347,8,491,7,offspring:1
22729,reproduce,Lizard,1150,218,7,272,9,offspring:2
22729,reproduce,Penguin,1777,380,4,296,4,offspring:1
22729,reproduce,Elk,2078,495,9,384,5,offspring:1
22742,age_death,Boar,1323,99,9,506,9,
22746,age_death,Penguin,5,393,2,328,1,
22746,reproduce,Elk,509,167,2,102,3,offspring:1
22746,reproduce,Elk,1080,505,0,235,8,offspring:1
22752,starvation,Penguin,1419,384,3,227,3,
22754,kill,Musk Ox,2101,172,9,93,5,killed_by:Shark:1204
22754,reproduce,Rabbit,819,299,6,460,5,offspring:2
22755,hunt_start,Polar Bear,2431,363,8,57,9,target:Shroomer:2426
22766,starvation,Parrot,771,366,4,367,9,
22767,hunt_start,Shark,1404,249,9,113,0,target:Shroomer:230
22767,reproduce,Parrot,2380,124,7,346,2,offspring:1
22769,age_death,Monkey,1799,417,0,365,8,
22769,reproduce,Elk,1439,47,7,182,8,offspring:1
22771,age_death,Parrot,2077,364,2,448,1,
22773,kill,Tapir,168,126,1,104,2,killed_by:Shark:247
22773,age_death,Monkey,674,265,8,149,4,
22775,reproduce,Monkey,682,67,1,190,2,offspring:1
22775,reproduce,Parrot,2260,30,7,243,8,offspring:1
22786,reproduce,Penguin,1762,509,6,290,3,offspring:1
22802,age_death,Fish,1359,96,2,193,4,
22802,age_death,Fish,1360,99,9,194,3,
22803,reproduce,Musk Ox,1499,56,7,270,5,offspring:1
22803,reproduce,Parrot,2283,90,3,504,3,offspring:1
22804,kill,Camel,1941,381,1,382,1,killed_by:Polar Bear:469
22808,kill,Penguin,2296,506,3,244,8,killed_by:Boar:1598
22808,spore_matured,Shroomer,-1,145,6,240,9,
22808,reproduce,Shroomer,-1,145,6,240,9,offspring:1
22809,hunt_start,Boar,1598,506,0,244,5,target:Penguin:318
22809,reproduce,Penguin,1663,212,3,268,5,offspring:1
22810,kill,Boar,2491,21,9,446,2,killed_by:Jaguar:1512
22810,reproduce,Parrot,899,427,0,480,1,offspring:1
22810,reproduce,Rabbit,1566,490,2,250,5,offspring:2
22811,age_death,Boar,1364,267,7,104,1,
22813,reproduce,Penguin,1486,192,9,232,6,offspring:1
22828,starvation,Shroomer,478,505,5,5,5,
22828,reproduce,Lizard,473,112,2,139,1,offspring:2
22830,kill,Shroomer,2426,361,0,59,3,killed_by:Polar Bear:2431
22833,spore_matured,Shroomer,-1,61,9,285,1,
22833,reproduce,Shroomer,-1,61,9,285,1,offspring:1
22834,hunt_start,Boar,2476,343,2,308,3,target:Penguin:1177
22841,reproduce,Fish,2421,38,6,322,6,offspring:2
22842,starvation,Deer,122,38,7,336,5,
22843,reproduce,Parrot,1836,157,4,487,3,offspring:1
22846,environment_death,Elk,415,267,5,181,0,drowning
22852,age_death,Fish,1284,33,3,320,9,
22852,reproduce,Deer,1511,122,7,215,7,offspring:1
22857,kill,Shroomer,230,254,7,113,8,killed_by:Shark:1404
22858,age_death,Monkey,1792,351,5,53,1,
22862,reproduce,Lizard,663,231,8,430,8,offspring:2
22862,reproduce,Rabbit,749,435,9,503,5,offspring:2
22868,age_death,Monkey,1800,256,4,166,9,
22870,reproduce,Fish,2358,233,2,376,4,offspring:2
22871,hunt_start,Jaguar,2347,20,7,429,4,target:Tapir:543
22874,starvation,Shroomer,2230,88,7,244,1,
22874,kill,Tapir,543,19,5,430,6,killed_by:Jaguar:2347
22874,reproduce,Monkey,725,244,0,184,9,offspring:1
22874,reproduce,Fish,2370,33,5,319,5,offspring:2
22875,hunt_fail,Boar,102,196,7,166,3,prey_escaped
22883,hunt_start,Shark,1479,189,6,230,2,target:Penguin:1486
22887,hunt_start,Shark,1105,268,0,116,5,target:Shroomer:489
22893,starvation,Parrot,2112,408,9,421,1,
22898,reproduce,Deer,2205,12,2,357,4,offspring:1
22913,hunt_start,Jaguar,1512,19,7,445,6,target:Lizard:1522
22935,age_death,Penguin,1651,287,1,278,5,
22936,age_death,Parrot,2095,132,1,450,9,
22936,reproduce,Monkey,1329,366,5,316,6,offspring:1
22942,reproduce,Deer,148,320,6,395,4,offspring:1
22944,age_death,Parrot,2096,102,4,301,2,
22944,reproduce,Parrot,128,290,1,499,2,offspring:1
22957,age_death,Parrot,2100,80,6,186,3,
22957,reproduce,Fish,1339,248,5,408,3,offspring:2
22963,age_death,Tapir,707,87,5,206,0,
22965,age_death,Penguin,537,272,6,272,6,
22965,reproduce,Parrot,944,420,8,364,2,offspring:1
22968,age_death,Parrot,2105,61,1,210,8,
22968,reproduce,Tapir,381,58,9,117,0,offspring:1
22968,reproduce,Parrot,498,274,7,151,7,offspring:1
22991,age_death,Deer,112,371,5,18,4,
22991,reproduce,Deer,1102,34,2,364,5,offspring:1
22993,starvation,Frog,1994,31,7,456,0,
22999,kill,Penguin,1956,264,1,295,4,killed_by:Jaguar:2285
22999,reproduce,Parrot,1151,258,3,276,0,offspring:1
23000,hunt_start,Jaguar,2285,264,1,296,2,target:Deer:266
23001,age_death,Penguin,520,237,5,236,7,
23001,age_death,Boar,1414,480,8,375,0,
23001,age_death,Boar,1415,476,9,422,7,
23001,reproduce,Fish,926,131,7,375,3,offspring:2
23002,age_death,Penguin,977,217,3,256,8,
23002,reproduce,Musk Ox,31,196,9,76,2,offspring:1
23002,reproduce,Monkey,984,421,0,306,8,offspring:1
23002,reproduce,Parrot,2477,472,7,497,0,offspring:1
23011,hunt_fail,Wolf,869,446,9,361,3,discomfort
23022,environment_death,Shroomer,1941,145,4,241,0,drowning
23025,reproduce,Deer,2017,165,2,361,6,offspring:1
23026,starvation,Jaguar,975,189,9,414,8,
23029,reproduce,Monkey,1392,53,2,208,6,offspring:1
23033,age_death,Penguin,261,233,9,274,9,
23036,hunt_start,Shark,1884,213,0,108,3,target:Musk Ox:1985
23036,reproduce,Tapir,471,166,0,498,3,offspring:1
23046,age_death,Parrot,2120,148,5,424,8,
23048,reproduce,Elk,808,332,1,105,9,offspring:1
23049,hunt_start,Boar,278,239,9,86,0,target:Shroomer:991
23069,age_death,Parrot,1634,158,0,478,0,
23069,reproduce,Monkey,631,428,2,233,0,offspring:1
23073,hunt_start,Polar Bear,2257,290,7,47,1,target:Camel:518
23073,age_death,Parrot,1510,132,8,263,5,
23073,reproduce,Monkey,2037,151,9,248,3,offspring:1
23074,kill,Shroomer,489,257,0,116,5,killed_by:Shark:1105
23074,kill,Penguin,1486,201,9,237,4,killed_by:Shark:1479
23074,age_death,Fish,2358,233,2,376,4,
23074,reproduce,Camel,2250,243,0,115,0,offspring:1
23074,reproduce,Elk,2406,6,6,400,4,offspring:1
23076,reproduce,Monkey,995,81,0,327,0,offspring:1
23081,age_death,Parrot,2124,264,2,367,6,
23082,starvation,Shroomer,220,249,2,60,9,
23082,reproduce,Deer,2251,167,4,373,5,offspring:1
23083,reproduce,Rabbit,1999,65,8,55,2,offspring:2
23101,age_death,Monkey,332,317,2,90,6,
23102,reproduce,Rabbit,2000,65,9,60,0,offspring:2
23106,hunt_start,Wolf,869,451,1,362,4,target:Shroomer:1041
23119,hunt_start,Polar Bear,2049,305,9,450,1,target:Camel:267
23121,starvation,Deer,123,68,6,363,1,
23125,starvation,Polar Bear,1821,274,0,153,1,
23126,reproduce,Elk,2003,234,9,428,0,offspring:1
23126,reproduce,Parrot,2393,369,9,487,1,offspring:1
23128,kill,Deer,266,270,0,301,6,killed_by:Jaguar:2285
23128,spore_created,Shroomer,-1,505,5,7,1,
23133,age_death,Monkey,1078,485,1,179,0,
23133,reproduce,Rabbit,1666,423,2,220,3,offspring:2
23139,hunt_start,Jaguar,2285,269,1,301,0,target:Penguin:190
23141,age_death,Deer,90,480,8,132,0,
23146,reproduce,Penguin,1333,504,8,300,0,offspring:1
23148,starvation,Rabbit,748,466,1,376,8,
23153,reproduce,Lizard,1402,283,9,360,0,offspring:2
23160,hunt_start,Crocodile,1092,7,4,217,0,target:Boar:2430
23168,starvation,Shroomer,790,510,5,28,3,
23172,reproduce,Elk,185,87,3,126,6,offspring:1
23181,starvation,Shroomer,823,448,9,10,9,
23181,reproduce,Penguin,555,241,3,263,4,offspring:1
23183,age_death,Penguin,1829,414,0,288,1,
23185,reproduce,Elk,2422,170,2,88,8,offspring:1
23202,age_death,Penguin,99,299,0,261,6,
23204,reproduce,Tapir,880,429,0,313,8,offspring:1
23213,starvation,Tapir,189,92,9,165,2,
23214,reproduce,Tapir,1311,44,7,165,3,offspring:1
23216,age_death,Frog,1115,352,1,463,3,
23216,age_death,Frog,2416,62,9,464,2,
23216,reproduce,Lizard,1876,430,2,312,0,offspring:2
23227,starvation,Bear,923,111,5,111,0,
23229,reproduce,Deer,696,403,5,376,0,offspring:1
23233,hunt_start,Boar,1199,404,7,0,7,target:Lizard:343
23236,hunt_start,Boar,1830,306,1,72,9,target:Shroomer:2454
23236,kill,Musk Ox,1985,201,8,103,2,killed_by:Shark:1884
23238,starvation,Shroomer,567,107,5,161,5,
23241,hunt_start,Boar,1199,404,6,0,5,target:Lizard:343
23243,reproduce,Parrot,1413,155,3,506,2,offspring:1
23244,kill,Camel,267,307,2,442,6,killed_by:Polar Bear:2049
23245,reproduce,Parrot,451,466,6,482,1,offspring:1
23246,hunt_start,Jaguar,2347,14,5,430,6,target:Turtle:2013
23246,age_death,Rabbit,687,253,6,295,3,
23246,age_death,Rabbit,897,267,8,272,5,
23246,reproduce,Parrot,1423,10,1,320,5,offspring:1
23246,reproduce,Lizard,1665,139,4,290,9,offspring:2
23248,spore_matured,Shroomer,-1,505,8,9,6,
23248,reproduce,Shroomer,-1,505,8,9,6,offspring:1
23262,kill,Shroomer,1041,458,2,363,1,killed_by:Wolf:869
23262,spore_created,Shroomer,-1,468,6,28,8,
23273,starvation,Monkey,1294,491,4,463,4,
23274,reproduce,Deer,210,256,4,239,6,offspring:1
23275,starvation,Monkey,1590,53,6,251,8,
23287,spore_created,Shroomer,-1,159,0,216,5,
23288,hunt_fail,Polar Bear,955,290,8,71,1,discomfort
23292,hunt_start,Boar,653,317,5,223,6,target:Lizard:1962
23293,age_death,Fish,20,34,7,319,8,
23293,reproduce,Lizard,661,40,2,369,5,offspring:2
23303,starvation,Monkey,76,505,2,205,2,
23304,age_death,Penguin,1663,215,6,273,7,
23306,age_death,Boar,1490,202,2,372,4,
23306,age_death,Boar,1491,202,3,367,3,
23307,age_death,Penguin,1841,212,7,273,8,
23307,reproduce,Camel,2057,38,2,357,4,offspring:1
23307,reproduce,Deer,2343,149,4,360,4,offspring:1
23309,reproduce,Fish,2216,35,6,321,6,offspring:2
23312,kill,Musk Ox,1215,354,2,222,4,killed_by:Jaguar:818
23312,age_death,Parrot,596,136,8,273,0,
23313,reproduce,Monkey,293,492,8,184,4,offspring:1
23314,reproduce,Monkey,2023,285,9,66,4,offspring:1
23315,hunt_start,Shark,1204,168,1,105,7,target:Elk:1323
23321,age_death,Rabbit,359,403,7,243,5,
23321,age_death,Monkey,1845,397,3,298,8,
23321,reproduce,Frog,864,348,8,487,5,offspring:2
23321,reproduce,Tapir,1350,107,1,63,2,offspring:1
23332,age_death,Parrot,1712,135,5,269,4,
23333,reproduce,Boar,2322,25,6,401,5,offspring:2
23334,hunt_start,Shark,247,134,9,108,5,target:Turtle:363
23344,hunt_start,Shark,348,119,3,198,3,target:Deer:1511
23347,hunt_start,Polar Bear,469,384,0,389,7,target:Camel:1646
23363,age_death,Boar,1503,372,4,63,2,
23363,age_death,Boar,1504,350,2,142,8,
23364,reproduce,Frog,1219,393,5,425,2,offspring:2
23365,starvation,Shroomer,307,496,6,27,9,
23365,reproduce,Boar,1227,486,3,266,5,offspring:2
23366,hunt_start,Boar,307,483,5,268,7,target:Penguin:1228
23370,age_death,Tapir,710,63,1,242,0,
23370,age_death,Tapir,713,383,3,400,2,
23370,reproduce,Rabbit,1300,344,5,449,6,offspring:2
23373,hunt_start,Polar Bear,2431,360,9,65,8,target:Shroomer:2326
23383,age_death,Penguin,1856,287,4,257,9,
23383,reproduce,Parrot,906,81,3,500,7,offspring:1
23391,kill,Penguin,190,249,7,307,7,killed_by:Jaguar:2285
23392,hunt_start,Jaguar,2285,250,2,307,5,target:Rabbit:1563
23393,reproduce,Elk,1547,152,3,92,7,offspring:1
23399,age_death,Monkey,1860,119,4,311,5,
23407,kill,Camel,518,304,5,54,3,killed_by:Polar Bear:2257
23408,kill,Turtle,2013,27,3,431,9,killed_by:Jaguar:2347
23408,reproduce,Elk,676,177,0,85,4,offspring:1
23408,reproduce,Tapir,950,350,6,388,4,offspring:1
23408,reproduce,Camel,2254,175,3,250,0,offspring:1
23409,age_death,Parrot,2156,126,0,399,6,
23410,age_death,Fish,1421,254,8,405,7,
23410,age_death,Fish,1865,255,6,406,5,
23410,age_death,Fish,1869,250,0,404,6,
23410,age_death,Monkey,1870,278,9,101,6,
23410,age_death,Fish,1871,250,6,405,0,
23410,reproduce,Frog,160,70,2,467,7,offspring:2
23410,reproduce,Monkey,1135,358,8,280,7,offspring:1
23410,spore_created,Shroomer,-1,258,6,201,4,
23410,spore_created,Shroomer,-1,263,9,207,0,
23411,spore_created,Shroomer,-1,76,9,187,1,
23418,hunt_start,Shark,1404,264,0,105,9,target:Shroomer:349
23421,age_death,Monkey,1890,405,6,263,7,
23426,reproduce,Parrot,693,89,9,206,2,offspring:1
23434,spore_matured,Shroomer,-1,468,6,28,8,
23434,reproduce,Shroomer,-1,468,6,28,8,offspring:1
23435,starvation,Shroomer,2169,510,5,23,6,
23438,reproduce,Penguin,1738,388,4,248,1,offspring:1
23442,spore_created,Shroomer,-1,147,6,227,3,
23444,kill,Camel,1646,384,7,395,3,killed_by:Polar Bear:469
23444,reproduce,Monkey,1110,481,2,443,9,offspring:1
23445,reproduce,Deer,1488,37,9,359,4,offspring:1
23459,spore_matured,Shroomer,-1,159,0,216,5,
23459,reproduce,Shroomer,-1,159,0,216,5,offspring:1
23463,kill,Turtle,363,129,6,102,0,killed_by:Shark:247
23465,reproduce,Parrot,366,89,6,506,3,offspring:1
23468,kill,Elk,1323,158,1,105,6,killed_by:Shark:1204
23468,age_death,Frog,1523,480,8,8,5,
23468,age_death,Frog,1525,480,0,3,0,
23469,reproduce,Penguin,1996,428,6,313,5,offspring:1
23470,age_death,Parrot,1178,288,8,447,4,
23472,reproduce,Elk,1412,133,2,387,8,offspring:1
23473,reproduce,Camel,529,390,2,167,0,offspring:1
23476,reproduce,Musk Ox,2163,295,7,159,1,offspring:1
23484,kill,Shroomer,2326,365,0,69,0,killed_by:Polar Bear:2431
23484,reproduce,Musk Ox,448,310,3,143,4,offspring:1
23498,starvation,Elk,2137,194,9,117,0,
23499,reproduce,Parrot,2494,124,6,346,9,offspring:1
23503,age_death,Boar,1538,98,7,507,2,
23503,age_death,Boar,1539,13,8,491,3,
23507,starvation,Parrot,2360,1,9,177,7,
23507,age_death,Boar,1543,9,9,415,7,
23508,reproduce,Lizard,2267,288,9,368,3,offspring:2
23510,age_death,Rabbit,819,300,9,461,5,
23510,reproduce,Penguin,2025,487,8,330,9,offspring:1
23510,reproduce,Penguin,2069,428,0,288,0,offspring:1
23514,starvation,Parrot,882,2,4,177,6,
23516,reproduce,Penguin,413,503,2,249,3,offspring:1
23516,reproduce,Parrot,1852,162,1,405,6,offspring:1
23530,age_death,Musk Ox,621,42,1,372,1,
23531,kill,Monkey,217,174,7,96,3,killed_by:Shark:1181
23531,reproduce,Camel,55,394,5,127,4,offspring:1
23531,reproduce,Frog,1614,300,5,118,2,offspring:2
23531,spore_matured,Shroomer,-1,76,9,187,1,
23531,reproduce,Shroomer,-1,76,9,187,1,offspring:1
23532,hunt_fail,Polar Bear,465,178,3,132,0,prey_escaped
23532,hunt_start,Shark,1181,174,7,97,1,target:Musk Ox:2398
23532,age_death,Parrot,2178,282,7,392,0,
23532,reproduce,Deer,505,27,7,366,5,offspring:1
23546,hunt_start,Boar,1227,491,3,269,3,target:Lizard:919
23548,hunt_start,Wolf,869,453,6,360,4,target:Parrot:2073
23553,age_death,Fish,1560,139,5,379,2,
23553,age_death,Fish,1561,138,6,380,0,
23554,reproduce,Frog,1454,140,0,351,2,offspring:2
23562,spore_matured,Shroomer,-1,147,6,227,4,
23562,reproduce,Shroomer,-1,147,6,227,4,offspring:1
23570,age_death,Monkey,1907,259,7,166,5,
23570,reproduce,Fish,253,249,2,404,9,offspring:2
23574,starvation,Shroomer,2015,507,7,27,5,
23579,spore_created,Shroomer,-1,134,4,233,0,
23582,age_death,Monkey,1296,159,1,251,5,
23583,age_death,Tapir,729,158,6,475,5,
23583,reproduce,Parrot,846,53,9,416,0,offspring:1
23585,reproduce,Jaguar,818,343,5,220,3,offspring:1
23586,hunt_start,Jaguar,729,341,5,219,0,target:Musk Ox:1494
23586,hunt_start,Jaguar,818,343,5,220,3,target:Musk Ox:1494
23588,age_death,Parrot,655,460,6,21,3,
23589,kill,Penguin,1228,487,0,283,1,killed_by:Boar:307
23589,age_death,Parrot,2185,16,0,312,9,
23589,reproduce,Boar,1906,18,0,411,3,offspring:2
23589,reproduce,Parrot,2073,460,8,351,5,offspring:1
23590,hunt_start,Boar,307,486,9,282,7,target:Penguin:1209
23596,age_death,Parrot,2188,1,4,371,6,
23598,reproduce,Monkey,1739,73,3,187,1,offspring:1
23600,reproduce,Monkey,1447,386,2,84,1,offspring:1
23617,kill,Shroomer,349,264,7,96,1,killed_by:Shark:1404
23617,age_death,Penguin,7,406,4,263,0,
23618,starvation,Shroomer,2053,508,8,15,6,
23618,reproduce,Elk,688,218,1,201,5,offspring:1
23618,reproduce,Deer,1382,211,6,486,8,offspring:1
23619,spore_created,Shroomer,-1,480,8,18,3,
23621,age_death,Boar,347,342,9,28,7,
23621,age_death,Boar,1577,242,9,115,9,
23622,reproduce,Parrot,608,27,1,148,0,offspring:1
23624,reproduce,Fish,125,134,3,373,5,offspring:2
23629,kill,Deer,1511,122,3,218,7,killed_by:Shark:348
23629,reproduce,Parrot,1342,479,6,50,9,offspring:1
23635,hunt_start,Shark,1105,254,1,113,9,target:Shroomer:961
23635,hunt_start,Shark,1479,208,0,251,1,target:Camel:323
23637,age_death,Parrot,693,90,4,207,7,
23637,age_death,Lizard,1585,208,0,258,5,
23637,age_death,Lizard,1586,219,6,271,8,
23637,reproduce,Penguin,331,446,2,197,3,offspring:1
23639,kill,Musk Ox,1494,344,3,225,4,killed_by:Jaguar:818
23639,reproduce,Parrot,1464,298,4,450,6,offspring:1
23640,hunt_fail,Jaguar,729,343,5,222,9,target_died
23641,reproduce,Monkey,2339,495,9,389,8,offspring:1
23644,reproduce,Parrot,1551,51,7,131,5,offspring:1
23647,starvation,Shroomer,1200,506,2,27,5,
23651,kill,Musk Ox,2398,167,0,99,9,killed_by:Shark:1181
23655,reproduce,Turtle,287,128,7,94,6,offspring:1
23656,reproduce,Fish,1459,254,5,406,9,offspring:2
23658,age_death,Monkey,1725,104,2,295,2,
23661,reproduce,Boar,1598,499,2,249,2,offspring:2
23662,hunt_start,Boar,1598,499,2,249,3,target:Penguin:318
23662,hunt_start,Boar,1725,497,8,248,6,target:Penguin:1472
23663,hunt_fail,Polar Bear,958,315,8,405,2,discomfort
23668,age_death,Fish,796,134,6,374,6,
23669,starvation,Shroomer,845,504,9,27,6,
23669,age_death,Tapir,734,222,8,290,2,
23670,reproduce,Parrot,547,468,9,33,6,offspring:1
23671,age_death,Parrot,1492,133,2,453,1,
23671,reproduce,Parrot,1723,426,8,501,2,offspring:1
23674,reproduce,Penguin,2334,493,3,306,9,offspring:1
23675,age_death,Boar,1610,485,1,403,8,
23675,age_death,Boar,1611,471,7,415,7,
23675,age_death,Boar,1612,461,3,414,4,
23675,age_death,Boar,1613,479,5,436,6,
23675,reproduce,Elk,1018,235,4,62,0,offspring:1
23676,reproduce,Tapir,1148,121,2,267,5,offspring:1
23677,reproduce,Lizard,269,503,6,242,8,offspring:2
23680,starvation,Rabbit,730,338,0,288,4,
23680,reproduce,Boar,806,225,6,379,4,offspring:2
23681,age_death,Monkey,1927,357,5,267,7,
23682,reproduce,Penguin,1257,382,0,249,7,offspring:1
23702,starvation,Monkey,1953,430,4,339,5,
23702,hunt_fail,Boar,481,429,2,350,5,target_died
23702,hunt_fail,Boar,1489,430,3,350,8,target_died
23702,reproduce,Penguin,1236,39,3,297,3,offspring:1
23706,age_death,Penguin,1775,235,1,227,7,
23706,age_death,Penguin,1932,203,7,260,6,
23706,age_death,Penguin,1933,212,5,254,4,
23706,reproduce,Penguin,1905,480,0,241,7,offspring:1
23707,reproduce,Rabbit,1687,248,3,497,5,offspring:2
23717,age_death,Parrot,1938,56,2,196,0,
23722,reproduce,Deer,1435,302,4,504,9,offspring:1
23726,hunt_start,Shark,1181,169,9,98,7,target:Elk:509
23729,age_death,Monkey,631,431,6,240,6,
23730,reproduce,Elk,1617,96,6,137,3,offspring:1
23731,age_death,Monkey,1916,319,0,104,7,
23731,reproduce,Penguin,1166,282,8,262,1,offspring:1
23734,starvation,Shroomer,2278,241,5,126,4,
23734,reproduce,Deer,2108,222,7,299,7,offspring:1
23744,age_death,Fish,1010,35,3,320,5,
23744,age_death,Fish,1325,34,4,320,9,
23744,reproduce,Parrot,51,48,3,417,1,offspring:1
23744,spore_matured,Shroomer,-1,480,4,20,3,
23744,reproduce,Shroomer,-1,480,4,20,3,offspring:1
23749,reproduce,Rabbit,2005,486,2,475,8,offspring:2
23754,starvation,Shroomer,2183,498,8,45,4,
23757,reproduce,Deer,105,296,8,348,1,offspring:1
23758,kill,Camel,323,215,0,243,5,killed_by:Shark:1479
23760,starvation,Bear,924,230,0,279,5,
23760,age_death,Boar,1193,191,0,356,2,
23760,age_death,Boar,1578,184,7,353,0,
23760,reproduce,Deer,1556,17,4,253,1,offspring:1
23760,reproduce,Fish,2371,34,3,318,9,offspring:2
23760,reproduce,Fish,2381,133,3,374,1,offspring:2
23761,age_death,Boar,668,162,2,356,1,
23764,age_death,Boar,574,83,9,454,1,
23764,age_death,Boar,1138,47,3,510,3,
23766,age_death,Frog,377,394,1,388,1,
23766,reproduce,Deer,1958,244,8,419,5,offspring:1
23767,hunt_start,Jaguar,729,342,6,223,3,target:Boar:314
23767,reproduce,Monkey,405,498,9,291,1,offspring:1
23767,reproduce,Deer,1255,31,5,242,4,offspring:1
23770,hunt_fail,Wolf,869,464,7,348,3,discomfort
23772,age_death,Parrot,1096,146,0,296,7,
23774,reproduce,Camel,1997,270,5,446,5,offspring:1
23778,reproduce,Turtle,1576,428,4,420,5,offspring:1
23780,hunt_start,Jaguar,2347,27,9,422,9,target:Musk Ox:1624
23782,age_death,Parrot,2214,475,4,71,6,
23783,reproduce,Monkey,44,427,8,246,0,offspring:1
23787,hunt_start,Polar Bear,2049,309,3,444,0,target:Camel:2192
23793,starvation,Shroomer,761,510,5,7,0,
23793,reproduce,Monkey,627,325,6,48,8,offspring:1
23797,hunt_start,Shark,1884,196,2,115,6,target:Elk:81
23815,hunt_start,Boar,481,427,0,350,4,target:Monkey:411
23820,hunt_fail,Crocodile,2312,6,5,221,4,prey_escaped
23820,hunt_start,Crocodile,2312,6,5,221,4,target:Boar:2430
23836,starvation,Rabbit,215,273,8,291,7,
23836,reproduce,Monkey,1843,20,2,249,8,offspring:1
23840,hunt_start,Wolf,869,468,5,347,8,target:Shroomer:2464
23847,age_death,Fish,1459,254,5,406,9,
23847,reproduce,Rabbit,807,501,1,500,9,offspring:2
23850,kill,Shroomer,961,254,4,99,9,killed_by:Shark:1105
23854,reproduce,Penguin,2357,431,7,313,0,offspring:1
23861,age_death,Parrot,2200,83,0,401,7,
23862,reproduce,Boar,1805,130,8,469,4,offspring:2
23863,kill,Musk Ox,1624,21,5,423,6,killed_by:Jaguar:2347
23870,reproduce,Parrot,565,294,9,350,5,offspring:1
23880,hunt_start,Boar,2200,128,5,472,4,target:Lizard:375
23907,age_death,Parrot,1791,120,5,297,3,
23908,starvation,Shroomer,1379,494,0,27,6,
23908,reproduce,Lizard,648,203,8,196,5,offspring:2
23924,age_death,Monkey,187,481,9,190,6,
23927,kill,Elk,509,173,2,84,1,killed_by:Shark:1181
23927,reproduce,Penguin,298,468,9,323,9,offspring:1
23930,kill,Boar,314,340,7,216,5,killed_by:Jaguar:729
23931,age_death,Tapir,736,241,9,263,3,
23932,reproduce,Penguin,2177,278,9,262,7,offspring:1
23935,reproduce,Fish,176,106,6,203,9,offspring:2
23937,hunt_start,Polar Bear,958,318,4,406,6,target:Parrot:993
23950,hunt_start,Polar Bear,2257,305,2,50,2,target:Shroomer:797
23961,age_death,Parrot,2252,76,9,356,2,
23962,hunt_fail,Jaguar,1776,65,3,370,2,target_died
23964,hunt_start,Jaguar,729,339,5,217,8,target:Boar:1699
23965,hunt_start,Boar,850,309,4,216,7,target:Lizard:1962
23965,reproduce,Elk,1000,341,5,478,4,offspring:1
23973,kill,Shroomer,2464,475,9,353,5,killed_by:Wolf:869
23975,spore_created,Shroomer,-1,255,9,86,8,
23987,hunt_start,Polar Bear,469,386,1,388,2,target:Camel:1942
23989,kill,Camel,2192,322,1,442,5,killed_by:Polar Bear:2049
23990,age_death,Deer,148,328,3,396,3,
23991,reproduce,Parrot,1891,467,8,482,9,offspring:1
23993,reproduce,Rabbit,2366,306,5,153,5,offspring:2
23996,age_death,Fish,1964,363,2,352,7,
23996,age_death,Fish,1965,364,0,352,1,
23997,age_death,Boar,1658,432,2,101,9,
23997,age_death,Boar,1659,391,1,125,1,
23997,reproduce,Parrot,2034,115,6,418,8,offspring:1
23997,reproduce,Polar Bear,2257,306,1,48,9,offspring:1
23998,hunt_start,Polar Bear,1965,307,9,46,0,target:Shroomer:797
23998,reproduce,Parrot,1090,102,9,392,1,offspring:1
23999,age_death,Boar,1660,369,4,150,0,
23999,age_death,Boar,1661,309,2,127,2,
24001,age_death,Frog,1033,60,2,469,4,
24003,age_death,Frog,1037,253,1,263,3,
24003,age_death,Frog,1047,258,9,270,9,
24003,reproduce,Tapir,718,319,5,436,1,offspring:1
24003,reproduce,Rabbit,1680,340,5,480,6,offspring:2
24003,reproduce,Lizard,2458,509,9,304,9,offspring:2
24004,reproduce,Deer,922,279,5,95,8,offspring:1
24007,age_death,Lizard,1049,350,3,351,5,
24007,age_death,Lizard,1050,391,7,309,1,
24007,spore_created,Shroomer,-1,170,4,225,4,
24007,spore_created,Shroomer,-1,175,1,230,7,
24009,kill,Penguin,1472,510,6,232,0,killed_by:Boar:1725
24010,reproduce,Monkey,1426,503,2,301,7,offspring:1
24013,hunt_start,Jaguar,1776,65,1,369,6,target:Camel:1056
24017,kill,Elk,81,200,3,100,3,killed_by:Shark:1884
24021,age_death,Fish,222,106,6,200,8,
24022,reproduce,Parrot,251,467,7,66,1,offspring:1
24022,reproduce,Monkey,411,405,8,352,3,offspring:1
24024,hunt_start,Shark,247,138,3,99,0,target:Elk:1568
24027,starvation,Jaguar,933,291,1,269,9,
24027,hunt_start,Polar Bear,2431,365,6,62,8,target:Shroomer:1127
24027,spore_created,Shroomer,-1,498,0,10,7,
24027,spore_created,Shroomer,-1,509,4,2,9,
24029,hunt_start,Shark,1204,151,5,90,1,target:Elk:898
24041,starvation,Shroomer,1983,508,3,13,7,
24041,reproduce,Fish,2100,249,6,404,9,offspring:2
24053,age_death,Penguin,1984,429,7,314,4,
24053,reproduce,Fish,1365,359,8,353,0,offspring:2
24058,age_death,Monkey,1326,328,0,53,4,
24060,reproduce,Fish,520,133,9,375,3,offspring:2
24067,age_death,Penguin,1989,493,5,235,4,
24067,reproduce,Frog,1844,58,9,502,4,offspring:2
24073,age_death,Lizard,1154,284,0,485,2,
24077,reproduce,Penguin,2289,297,9,286,7,offspring:1
24078,kill,Shroomer,797,307,8,48,1,killed_by:Polar Bear:1965
24079,hunt_fail,Polar Bear,2257,306,7,48,7,target_died
24079,hunt_start,Polar Bear,2257,306,7,48,7,target:Lizard:709
24080,reproduce,Rabbit,2046,214,4,191,2,offspring:2
24082,age_death,Fish,2403,132,7,374,2,
24085,age_death,Parrot,2270,311,5,386,7,
24087,reproduce,Boar,1579,16,1,347,8,offspring:2
24095,spore_matured,Shroomer,-1,255,9,86,8,
24095,reproduce,Shroomer,-1,255,9,86,8,offspring:1
24111,age_death,Monkey,1998,44,5,169,6,
24111,spore_created,Shroomer,-1,472,8,16,8,
24119,kill,Camel,1942,393,7,390,6,killed_by:Polar Bear:469
24119,age_death,Boar,299,66,8,499,5,
24121,spore_created,Shroomer,-1,371,5,60,8,
24121,spore_created,Shroomer,-1,360,9,58,9,
24123,hunt_fail,Polar Bear,958,307,5,412,5,discomfort
24132,kill,Boar,1699,328,2,208,8,killed_by:Jaguar:729
24132,kill,Shroomer,1127,362,5,60,5,killed_by:Polar Bear:2431
24132,spore_created,Shroomer,-1,74,4,254,6,
24132,spore_created,Shroomer,-1,86,8,266,3,
24138,age_death,Frog,376,337,9,434,6,
24138,reproduce,Monkey,321,257,9,167,3,offspring:1
24141,age_death,Boar,921,324,8,378,8,
24141,spore_created,Shroomer,-1,263,7,82,2,
24142,age_death,Tapir,742,418,1,259,1,
24142,reproduce,Elk,398,369,7,507,2,offspring:1
24147,age_death,Tapir,723,333,3,157,5,
24147,reproduce,Elk,684,34,9,159,2,offspring:1
24147,spore_created,Shroomer,-1,473,3,57,9,
24148,hunt_start,Jaguar,818,338,4,224,4,target:Boar:1940
24151,age_death,Parrot,2281,0,2,406,2,
24153,reproduce,Lizard,1671,7,5,422,3,offspring:2
24155,spore_matured,Shroomer,-1,496,9,10,2,
24155,reproduce,Shroomer,-1,496,9,10,2,offspring:1
24157,age_death,Parrot,2282,31,7,282,3,
24158,starvation,Shroomer,1495,508,3,27,6,
24160,reproduce,Monkey,1644,435,5,216,3,offspring:1
24162,age_death,Boar,1700,398,7,224,7,
24165,reproduce,Elk,1568,146,0,92,0,offspring:1
24166,reproduce,Deer,1053,68,9,243,8,offspring:1
24170,spore_created,Shroomer,-1,322,3,72,4,
24173,age_death,Musk Ox,615,67,9,70,5,
24174,reproduce,Lizard,1781,376,4,321,3,offspring:2
24178,hunt_start,Shark,1404,253,6,97,4,target:Monkey:670
24179,spore_matured,Shroomer,-1,170,1,225,4,
24179,reproduce,Shroomer,-1,170,1,225,4,offspring:1
24187,age_death,Penguin,1003,503,0,260,1,
24187,age_death,Penguin,1209,500,3,275,9,
24187,reproduce,Lizard,96,397,6,107,3,offspring:2
24190,hunt_start,Shark,348,120,8,224,3,target:Shroomer:1555
24190,age_death,Fish,649,34,6,323,2,
24190,age_death,Fish,695,34,6,321,9,
24190,reproduce,Penguin,540,351,3,321,3,offspring:1
24190,reproduce,Deer,1535,156,7,365,1,offspring:1
24217,kill,Elk,898,165,2,92,0,killed_by:Shark:1204
24217,age_death,Lizard,133,281,8,90,5,
24217,age_death,Lizard,1130,315,7,100,3,
24219,reproduce,Deer,2045,64,0,21,2,offspring:1
24220,hunt_start,Jaguar,88,266,2,301,7,target:Deer:1559
24221,age_death,Tapir,708,56,0,228,2,
24221,reproduce,Elk,1815,109,0,402,2,offspring:1
24221,reproduce,Tapir,2197,63,2,476,7,offspring:1
24221,spore_created,Shroomer,-1,248,6,96,2,
24226,age_death,Rabbit,1718,224,8,199,3,
24229,reproduce,Monkey,652,277,9,93,1,offspring:1
24231,spore_matured,Shroomer,-1,472,8,16,8,
24231,reproduce,Shroomer,-1,472,8,16,8,offspring:1
24241,spore_matured,Shroomer,-1,371,5,60,8,
24241,reproduce,Shroomer,-1,371,5,60,8,offspring:1
24242,age_death,Boar,1710,19,7,497,0,
24245,spore_created,Shroomer,-1,331,2,73,1,
24245,spore_created,Shroomer,-1,331,8,75,3,
24252,spore_matured,Shroomer,-1,74,2,254,3,
24252,reproduce,Shroomer,-1,74,2,254,3,offspring:1
24259,hunt_start,Wolf,869,475,4,341,4,target:Monkey:855
24261,spore_matured,Shroomer,-1,263,7,82,2,
24261,reproduce,Shroomer,-1,263,7,82,2,offspring:1
24263,hunt_start,Boar,1725,507,6,230,4,target:Lizard:1612
24267,starvation,Shroomer,246,503,2,23,7,
24267,reproduce,Parrot,700,239,6,428,7,offspring:1
24290,starvation,Shroomer,2123,502,2,16,6,
24293,spore_created,Shroomer,-1,232,9,141,9,
24293,spore_created,Shroomer,-1,241,3,135,2,
24300,starvation,Rabbit,654,263,5,75,4,
24300,reproduce,Penguin,637,480,3,298,7,offspring:1
24300,spore_matured,Shroomer,-1,87,6,264,7,
24300,reproduce,Shroomer,-1,87,6,264,7,offspring:1
24314,spore_created,Shroomer,-1,157,9,230,1,
24316,starvation,Monkey,1811,267,9,140,2,
24317,age_death,Deer,164,309,2,509,3,
24318,reproduce,Rabbit,1277,377,2,153,9,offspring:2
24319,hunt_start,Shark,1479,224,4,243,1,target:Camel:2448
24330,kill,Camel,1056,56,4,365,4,killed_by:Jaguar:1776
24331,hunt_start,Jaguar,1776,57,2,364,9,target:Camel:1055
24331,spore_created,Shroomer,-1,141,3,196,0,
24335,reproduce,Rabbit,689,109,0,80,0,offspring:2
24336,kill,Shroomer,1555,128,2,226,8,killed_by:Shark:348
24338,reproduce,Monkey,1170,483,0,191,4,offspring:1
24342,spore_matured,Shroomer,-1,322,3,72,4,
24342,reproduce,Shroomer,-1,322,3,72,4,offspring:1
24356,starvation,Elk,13,66,5,282,5,
24356,reproduce,Camel,525,282,3,449,1,offspring:1
24368,starvation,Shroomer,762,499,4,27,7,
24374,reproduce,Rabbit,310,365,9,340,4,offspring:2
24379,hunt_start,Polar Bear,1965,307,0,46,3,target:Musk Ox:2274
24381,kill,Boar,1940,329,9,227,1,killed_by:Jaguar:818
24382,reproduce,Fish,221,132,5,354,5,offspring:2
24389,starvation,Shroomer,811,508,5,39,4,
24398,age_death,Parrot,2034,118,5,408,4,
24399,reproduce,Tapir,43,245,0,95,2,offspring:1
24404,reproduce,Parrot,1994,253,9,273,4,offspring:1
24406,starvation,Parrot,498,270,4,145,1,
24410,reproduce,Camel,685,264,7,383,8,offspring:1
24411,hunt_start,Shark,1105,252,4,96,8,target:Shroomer:1919
24413,starvation,Shroomer,2467,492,1,6,3,
24415,reproduce,Parrot,2292,38,3,365,0,offspring:1
24417,age_death,Monkey,2023,307,0,65,7,
24417,reproduce,Monkey,2154,322,1,93,0,offspring:1
24417,spore_matured,Shroomer,-1,331,6,75,6,
24417,reproduce,Shroomer,-1,331,6,75,6,offspring:1
24417,spore_matured,Shroomer,-1,330,9,72,8,
24417,reproduce,Shroomer,-1,330,9,72,8,offspring:1
24420,spore_matured,Shroomer,-1,241,3,135,2,
24420,reproduce,Shroomer,-1,241,3,135,2,offspring:1
24422,kill,Camel,1055,62,6,366,5,killed_by:Jaguar:1776
24423,reproduce,Monkey,1548,244,9,187,7,offspring:1
24432,starvation,Shroomer,1450,495,5,28,5,
24433,age_death,Monkey,1445,113,8,304,7,
24433,reproduce,Deer,147,290,1,338,4,offspring:1
24433,reproduce,Rabbit,1967,311,3,95,8,offspring:2
24440,kill,Camel,2448,214,5,245,2,killed_by:Shark:1479
24440,reproduce,Elk,886,180,7,99,5,offspring:1
24446,hunt_start,Polar Bear,465,182,3,125,4,target:Elk:2350
24449,age_death,Parrot,1090,97,9,386,9,
24449,reproduce,Parrot,1649,344,3,508,2,offspring:1
24451,spore_created,Shroomer,-1,480,4,21,1,
24461,age_death,Parrot,944,405,3,384,7,
24463,spore_created,Shroomer,-1,502,1,5,9,
24469,age_death,Fish,1740,101,3,191,0,
24469,age_death,Monkey,2037,155,2,252,6,
24469,age_death,Monkey,2038,162,9,252,2,
24470,reproduce,Fish,29,103,4,191,8,offspring:2
24474,reproduce,Rabbit,233,386,7,154,7,offspring:2
24488,hunt_start,Shark,1181,176,3,94,6,target:Elk:1829
24490,starvation,Shroomer,1526,491,9,16,4,
24490,reproduce,Boar,102,204,2,178,4,offspring:2
24494,age_death,Monkey,566,467,7,419,8,
24494,reproduce,Polar Bear,2431,364,8,63,5,offspring:1
24495,hunt_start,Polar Bear,566,366,9,63,3,target:Shroomer:1682
24495,hunt_start,Polar Bear,2431,364,8,63,5,target:Shroomer:1682
24495,age_death,Parrot,2304,91,7,490,3,
24497,age_death,Parrot,1891,458,5,493,1,
24499,reproduce,Frog,932,107,2,244,9,offspring:2
24504,hunt_start,Jaguar,729,325,9,211,5,target:Musk Ox:492
24522,starvation,Shroomer,1532,52,4,284,6,
24522,reproduce,Parrot,1890,88,0,207,0,offspring:1
24527,starvation,Deer,960,453,1,144,8,
24527,reproduce,Tapir,1271,160,1,487,8,offspring:1
24532,hunt_start,Polar Bear,2049,312,6,448,7,target:Deer:2261
24537,age_death,Parrot,2344,300,2,397,7,
24540,reproduce,Parrot,60,426,9,485,0,offspring:1
24541,environment_death,Camel,510,59,5,370,5,drowning
24541,starvation,Lizard,289,249,2,251,3,
24541,age_death,Musk Ox,616,33,9,82,0,
24542,reproduce,Deer,1519,271,0,107,7,offspring:1
24543,reproduce,Deer,1161,396,0,377,7,offspring:1
24557,reproduce,Lizard,1664,416,5,259,1,offspring:2
24571,spore_matured,Shroomer,-1,480,5,21,1,
24571,reproduce,Shroomer,-1,480,5,21,1,offspring:1
24578,hunt_start,Shark,1884,212,1,91,4,target:Elk:1768
24578,age_death,Deer,77,377,0,108,5,
24580,reproduce,Fish,543,31,5,320,0,offspring:2
24583,spore_created,Shroomer,-1,234,3,115,9,
24600,age_death,Monkey,159,100,7,301,4,
24602,starvation,Camel,507,75,0,359,2,
24604,kill,Shroomer,1919,241,4,95,6,killed_by:Shark:1105
24605,reproduce,Monkey,456,411,9,439,4,offspring:1
24608,reproduce,Monkey,2363,491,1,309,8,offspring:1
24609,reproduce,Penguin,234,177,9,229,2,offspring:1
24624,age_death,Lizard,1765,414,2,491,8,
24624,age_death,Lizard,1766,451,8,495,4,
24626,reproduce,Rabbit,332,65,9,60,9,offspring:2
24628,kill,Shroomer,1682,366,9,68,2,killed_by:Polar Bear:566
24629,kill,Deer,1559,252,6,302,5,killed_by:Jaguar:88
24629,hunt_start,Polar Bear,566,368,0,67,8,target:Deer:114
24629,hunt_fail,Polar Bear,2431,366,4,67,2,target_died
24629,hunt_start,Polar Bear,2431,366,4,67,2,target:Deer:114
24629,reproduce,Elk,1457,362,9,162,7,offspring:1
24629,reproduce,Monkey,2440,489,5,191,5,offspring:1
24642,starvation,Boar,481,410,2,351,1,
24645,age_death,Parrot,1580,202,8,205,9,
24649,age_death,Deer,166,214,0,500,1,
24650,reproduce,Penguin,2404,380,3,252,3,offspring:1
24651,starvation,Shroomer,1205,509,4,27,5,
24651,reproduce,Musk Ox,296,430,6,126,1,offspring:1
24651,reproduce,Parrot,1246,5,9,491,5,offspring:1
24651,reproduce,Parrot,2105,249,6,131,2,offspring:1
24654,kill,Elk,1829,174,5,106,7,killed_by:Shark:1181
24655,kill,Musk Ox,2274,318,2,54,3,killed_by:Polar Bear:1965
24656,reproduce,Monkey,1035,412,8,438,3,offspring:1
24657,reproduce,Boar,849,79,5,407,8,offspring:2
24662,hunt_start,Polar Bear,469,392,8,386,8,target:Tapir:716
24664,age_death,Parrot,938,291,8,343,9,
24664,spore_created,Shroomer,-1,307,1,89,8,
24665,age_death,Monkey,887,275,1,91,6,
24666,age_death,Monkey,2058,496,8,361,3,
24666,age_death,Monkey,2059,495,2,347,3,
24666,reproduce,Parrot,2432,114,1,275,4,offspring:1
24668,reproduce,Lizard,467,219,4,196,9,offspring:2
24691,starvation,Shroomer,2351,508,4,27,6,
24691,reproduce,Penguin,820,422,9,243,4,offspring:1
24692,kill,Musk Ox,492,323,5,219,4,killed_by:Jaguar:729
24693,reproduce,Elk,218,202,0,392,4,offspring:1
24703,spore_matured,Shroomer,-1,234,3,115,9,
24703,reproduce,Shroomer,-1,234,3,115,9,offspring:1
24719,age_death,Tapir,745,404,5,237,7,
24722,age_death,Penguin,2069,417,4,290,4,
24722,reproduce,Penguin,1527,497,5,291,0,offspring:1
24726,hunt_start,Polar Bear,958,314,0,412,0,target:Camel:1128
24727,reproduce,Parrot,567,475,1,479,5,offspring:1
24752,age_death,Musk Ox,624,14,5,379,0,
24752,reproduce,Parrot,2394,291,5,336,7,offspring:1
24753,hunt_start,Jaguar,818,326,3,226,5,target:Boar:1088
24755,starvation,Deer,542,423,5,88,4,
24756,starvation,Shroomer,480,490,9,29,8,
24757,reproduce,Monkey,1095,489,3,354,5,offspring:1
24760,kill,Elk,1768,222,3,93,2,killed_by:Shark:1884
24760,reproduce,Shark,348,131,9,223,6,offspring:1
24761,hunt_start,Shark,348,131,9,223,6,target:Shroomer:636
24761,hunt_start,Shark,480,133,7,222,5,target:Shroomer:636
24762,reproduce,Parrot,1686,164,2,509,4,offspring:1
24778,hunt_start,Shark,1204,162,1,98,6,target:Elk:2395
24779,age_death,Fish,1365,359,8,352,9,
24780,reproduce,Tapir,1340,222,4,169,9,offspring:1
24781,starvation,Musk Ox,605,173,1,81,4,
24782,reproduce,Monkey,855,485,8,284,5,offspring:1
24794,hunt_start,Jaguar,1776,59,7,366,2,target:Lizard:131
24802,age_death,Lizard,1351,83,7,494,9,
24802,age_death,Lizard,1353,88,1,493,6,
24802,spore_created,Shroomer,-1,237,9,87,5,
24802,spore_created,Shroomer,-1,245,4,81,5,
24809,starvation,Parrot,168,46,2,248,0,
24809,reproduce,Lizard,748,277,1,371,3,offspring:2
24819,kill,Shroomer,636,134,0,226,3,killed_by:Shark:480
24820,hunt_fail,Shark,348,133,3,226,0,target_died
24820,hunt_start,Shark,348,133,3,226,0,target:Lizard:803
24820,hunt_start,Shark,480,134,1,225,6,target:Lizard:1639
24823,age_death,Rabbit,233,384,9,149,9,
24823,age_death,Boar,341,391,7,336,1,
24823,age_death,Parrot,2375,84,8,500,0,
24823,reproduce,Elk,692,325,8,100,0,offspring:1
24823,reproduce,Wolf,869,485,7,287,2,offspring:1
24824,hunt_start,Wolf,233,484,8,288,0,target:Penguin:2050
24826,kill,Deer,2261,308,7,469,0,killed_by:Polar Bear:2049
24826,reproduce,Camel,1054,2,8,313,0,offspring:1
24827,reproduce,Tapir,319,47,9,270,9,offspring:1
24828,reproduce,Fish,324,33,8,326,3,offspring:2
24835,starvation,Shroomer,2047,510,5,27,5,
24836,spore_matured,Shroomer,-1,307,1,89,8,
24836,reproduce,Shroomer,-1,307,1,89,8,offspring:1
24837,reproduce,Elk,671,357,7,24,2,offspring:1
24846,age_death,Parrot,2384,95,7,341,9,
24848,reproduce,Fish,837,253,2,406,4,offspring:2
24858,hunt_start,Jaguar,88,243,6,297,1,target:Deer:2278
24869,age_death,Lizard,798,6,0,155,7,
24869,age_death,Lizard,1387,7,9,138,4,
24869,spore_created,Shroomer,-1,486,5,474,8,
24869,spore_created,Shroomer,-1,488,6,480,8,
24870,hunt_start,Jaguar,2347,18,2,447,7,target:Boar:1719
24878,age_death,Fish,253,249,5,406,2,
24878,age_death,Fish,1339,247,0,403,4,
24878,age_death,Parrot,2387,144,9,399,4,
24878,reproduce,Penguin,318,512,0,240,0,offspring:1
24878,spore_created,Shroomer,-1,502,2,-0,5,
24878,spore_created,Shroomer,-1,504,3,-4,9,
24883,hunt_start,Boar,1725,477,6,243,6,target:Penguin:862
24891,starvation,Shroomer,127,486,8,406,2,
24893,reproduce,Frog,1036,361,7,201,0,offspring:2
24898,age_death,Elk,431,82,4,272,5,
24900,reproduce,Monkey,2188,71,1,182,3,offspring:1
24914,kill,Boar,1088,319,5,217,2,killed_by:Jaguar:818
24915,reproduce,Penguin,1417,293,8,286,1,offspring:1
24917,kill,Elk,2350,197,1,107,4,killed_by:Polar Bear:465
24918,hunt_start,Polar Bear,465,196,6,108,0,target:Elk:1123
24920,reproduce,Fish,1761,360,6,355,1,offspring:2
24921,kill,Tapir,716,378,5,375,6,killed_by:Polar Bear:469
24922,age_death,Fish,176,106,7,204,2,
24922,reproduce,Parrot,707,403,5,381,8,offspring:1
24922,spore_matured,Shroomer,-1,245,7,81,7,
24922,reproduce,Shroomer,-1,245,7,81,7,offspring:1
24923,reproduce,Monkey,1721,117,4,258,4,offspring:1
24947,spore_matured,Shroomer,-1,238,1,87,5,
24947,reproduce,Shroomer,-1,238,1,87,5,offspring:1
24950,kill,Penguin,2050,496,0,289,5,killed_by:Wolf:233
24951,hunt_start,Wolf,233,495,6,289,5,target:Penguin:1645
24956,age_death,Boar,270,191,6,371,6,
24956,age_death,Boar,358,150,1,347,4,
24956,age_death,Boar,511,181,5,374,6,
24956,age_death,Boar,1265,226,7,390,8,
24956,age_death,Boar,1816,207,2,370,6,
24956,age_death,Boar,1817,186,8,372,9,
24956,age_death,Boar,1818,182,9,370,8,
24956,age_death,Boar,1819,133,5,348,3,
24956,reproduce,Fish,1285,96,5,192,1,offspring:2
24956,reproduce,Monkey,2077,64,7,215,3,offspring:1
24956,spore_created,Shroomer,-1,268,7,93,3,
24956,spore_created,Shroomer,-1,265,0,82,3,
24957,reproduce,Parrot,796,469,2,65,1,offspring:1
24958,reproduce,Musk Ox,741,24,8,280,3,offspring:1
24959,age_death,Lizard,96,379,1,93,9,
24960,hunt_fail,Boar,2224,382,2,88,6,target_died
24961,starvation,Shroomer,545,508,0,27,6,
24961,age_death,Monkey,504,116,3,242,3,
24961,age_death,Monkey,2103,126,4,262,6,
24961,reproduce,Parrot,1393,215,1,264,6,offspring:1
24962,reproduce,Frog,359,354,1,483,2,offspring:2
24962,reproduce,Musk Ox,641,317,4,242,3,offspring:1
24963,reproduce,Frog,759,317,5,246,4,offspring:2
24986,starvation,Shroomer,67,493,5,15,5,
24987,reproduce,Monkey,1043,337,5,171,9,offspring:1
24989,spore_matured,Shroomer,-1,486,5,474,8,
24989,reproduce,Shroomer,-1,486,5,474,8,offspring:1
24989,spore_matured,Shroomer,-1,488,6,480,8,
24989,reproduce,Shroomer,-1,488,6,480,8,offspring:1
24992,hunt_start,Boar,2224,382,5,87,9,target:Lizard:1003
24995,starvation,Shroomer,1991,510,0,15,1,
24998,spore_matured,Shroomer,-1,502,2,-0,5,
24998,reproduce,Shroomer,-1,502,2,-0,5,offspring:1
24998,spore_matured,Shroomer,-1,504,3,-4,9,
24998,reproduce,Shroomer,-1,504,3,-4,9,offspring:1
24999,starvation,Shroomer,1357,506,2,27,6,
25000,kill,Elk,2395,151,2,100,8,killed_by:Shark:1204
25000,reproduce,Parrot,1344,115,5,388,3,offspring:1
25001,hunt_start,Shark,1479,216,5,248,6,target:Penguin:2296
25001,reproduce,Parrot,628,290,7,334,6,offspring:1
25002,age_death,Frog,93,145,9,455,7,
25002,age_death,Frog,1248,168,6,451,8,
25003,kill,Camel,1128,328,8,420,4,killed_by:Polar Bear:958
25003,reproduce,Monkey,1098,394,7,427,6,offspring:1
25005,reproduce,Musk Ox,1801,2,9,116,2,offspring:1
25014,spore_created,Shroomer,-1,52,7,267,4,
25014,spore_created,Shroomer,-1,59,3,256,7,
25023,starvation,Shroomer,1180,503,1,6,8,
25024,reproduce,Tapir,1273,420,2,174,1,offspring:1
25027,age_death,Parrot,2393,363,2,480,7,
25029,reproduce,Tapir,259,287,2,87,1,offspring:1
25033,hunt_fail,Crocodile,2312,6,1,223,5,prey_escaped
25034,age_death,Frog,192,344,5,445,0,
25035,spore_created,Shroomer,-1,252,1,171,5,
25061,age_death,Parrot,1836,152,1,496,0,
25061,reproduce,Boar,653,316,6,232,5,offspring:2
25063,kill,Deer,2278,228,4,285,1,killed_by:Jaguar:88
25063,age_death,Fish,1067,352,6,356,5,
25063,reproduce,Monkey,2407,419,3,377,3,offspring:1
25064,hunt_start,Jaguar,88,228,9,285,4,target:Deer:173
25064,hunt_start,Jaguar,729,322,4,215,0,target:Boar:2094
25064,reproduce,Frog,1308,194,6,389,0,offspring:2
25069,starvation,Deer,1977,245,5,350,0,
25073,reproduce,Boar,966,475,6,132,5,offspring:2
25074,kill,Boar,2094,319,6,214,0,killed_by:Jaguar:729
25075,reproduce,Monkey,1352,383,1,424,2,offspring:1
25076,spore_matured,Shroomer,-1,268,7,93,3,
25076,reproduce,Shroomer,-1,268,7,93,3,offspring:1
25076,spore_matured,Shroomer,-1,265,0,82,3,
25076,reproduce,Shroomer,-1,265,0,82,3,offspring:1
25091,age_death,Penguin,1258,419,1,256,6,
25091,age_death,Parrot,2400,274,1,365,8,
25091,reproduce,Lizard,1611,498,8,230,4,offspring:2
25093,age_death,Parrot,2401,336,6,440,0,
25093,spore_created,Shroomer,-1,240,9,80,0,
25097,age_death,Frog,1454,139,4,353,7,
25097,age_death,Frog,1455,153,8,362,7,
25097,reproduce,Monkey,2126,278,3,92,7,offspring:1
25102,reproduce,Rabbit,1661,339,1,485,5,offspring:2
25106,age_death,Monkey,2131,327,8,108,1,
25108,kill,Penguin,1645,504,0,299,2,killed_by:Wolf:233
25108,reproduce,Elk,1838,247,7,432,4,offspring:1
25108,reproduce,Boar,1930,306,6,197,0,offspring:2
25109,hunt_start,Wolf,233,503,8,298,9,target:Penguin:734
25109,hunt_start,Boar,1930,306,6,197,0,target:Frog:2226
25120,kill,Boar,1719,20,5,457,1,killed_by:Jaguar:2347
25120,reproduce,Deer,1327,439,7,175,1,offspring:1
25123,age_death,Rabbit,996,472,7,310,2,
25127,reproduce,Camel,1934,314,0,378,3,offspring:1
25134,spore_matured,Shroomer,-1,59,3,256,7,
25134,reproduce,Shroomer,-1,59,3,256,7,offspring:1
25149,spore_matured,Shroomer,-1,52,5,266,9,
25149,reproduce,Shroomer,-1,52,5,266,9,offspring:1
25165,hunt_start,Shark,1105,248,1,92,0,target:Shroomer:2295
25169,starvation,Shroomer,1797,506,0,5,2,
25169,reproduce,Deer,154,420,2,380,5,offspring:1
25172,age_death,Fish,61,250,8,404,1,
25172,age_death,Fish,1825,250,2,404,7,
25172,reproduce,Elk,2024,220,6,220,8,offspring:1
25173,age_death,Parrot,2420,114,7,371,2,
25174,hunt_fail,Jaguar,1437,117,6,373,0,target_died
25174,reproduce,Monkey,1514,72,3,181,7,offspring:1
25174,reproduce,Camel,1588,36,9,370,1,offspring:1
25185,age_death,Boar,1830,300,0,89,7,
25185,age_death,Boar,1831,326,8,72,1,
25185,reproduce,Elk,772,486,9,421,9,offspring:1
25185,reproduce,Monkey,2179,231,0,143,2,offspring:1
25186,hunt_start,Jaguar,1437,117,5,373,0,target:Lizard:979
25186,age_death,Boar,1832,328,1,40,7,
25186,reproduce,Elk,665,480,8,410,9,offspring:1
25187,age_death,Penguin,555,252,2,263,1,
25187,age_death,Penguin,2134,273,2,273,2,
25187,age_death,Penguin,2135,234,2,271,5,
25187,reproduce,Penguin,256,362,1,319,4,offspring:1
25187,reproduce,Penguin,1470,244,1,233,5,offspring:1
25188,reproduce,Penguin,931,33,1,280,8,offspring:1
25189,age_death,Rabbit,1563,220,3,344,0,
25190,hunt_fail,Jaguar,2285,224,4,337,1,target_died
25192,reproduce,Boar,249,118,5,338,6,offspring:2
25193,kill,Penguin,2296,214,5,265,2,killed_by:Shark:1479
25193,hunt_start,Boar,1563,119,3,340,7,target:Fish:1940
25193,age_death,Monkey,2138,412,7,427,0,
25193,reproduce,Parrot,2164,19,6,389,2,offspring:1
25194,reproduce,Rabbit,1660,353,2,480,6,offspring:2
25195,age_death,Frog,683,151,3,249,5,
25195,age_death,Frog,936,156,8,252,2,
25197,reproduce,Monkey,2383,381,1,415,6,offspring:1
25198,hunt_start,Polar Bear,1965,320,9,54,1,target:Boar:1698
25199,reproduce,Deer,2099,483,2,135,8,offspring:1
25204,age_death,Parrot,2394,287,1,340,3,
25204,reproduce,Penguin,1316,209,0,266,7,offspring:1
25205,age_death,Monkey,995,92,2,323,6,
25206,reproduce,Fish,970,252,0,405,6,offspring:2
25207,spore_matured,Shroomer,-1,252,1,171,5,
25207,reproduce,Shroomer,-1,252,1,171,5,offspring:1
25209,kill,Elk,1123,209,3,117,4,killed_by:Polar Bear:465
25213,spore_matured,Shroomer,-1,240,9,80,1,
25213,reproduce,Shroomer,-1,240,9,80,1,offspring:1
25214,starvation,Monkey,1215,276,1,75,9,
25215,hunt_start,Shark,1181,162,8,103,2,target:Elk:1547
25217,reproduce,Deer,173,223,7,296,9,offspring:1
25223,age_death,Deer,94,481,8,140,4,
25223,reproduce,Boar,1911,433,3,426,6,offspring:2
25224,hunt_start,Boar,94,430,5,428,5,target:Monkey:1517
25224,hunt_start,Boar,1215,430,5,428,5,target:Monkey:1517
25230,age_death,Parrot,2429,266,6,390,4,
25232,reproduce,Tapir,120,46,8,217,3,offspring:1
25237,age_death,Monkey,2126,278,3,96,1,
25240,reproduce,Tapir,1270,438,9,292,0,offspring:1
25243,age_death,Parrot,2432,123,1,289,5,
25244,reproduce,Monkey,2468,400,3,379,8,offspring:1
25249,age_death,Lizard,305,117,0,239,0,
25249,age_death,Lizard,1044,153,0,227,7,
25249,reproduce,Monkey,2015,400,1,83,7,offspring:1
25250,reproduce,Boar,1199,403,7,5,3,offspring:2
25259,kill,Deer,173,222,7,298,9,killed_by:Jaguar:88
25259,reproduce,Monkey,2081,383,7,249,9,offspring:1
25260,hunt_start,Jaguar,88,222,9,298,4,target:Deer:2401
25260,hunt_start,Boar,1977,479,5,131,8,target:Lizard:1980
25262,starvation,Shroomer,755,485,5,41,4,
25265,reproduce,Turtle,374,445,5,484,9,offspring:1
25268,age_death,Monkey,541,343,5,65,3,
25273,reproduce,Monkey,913,91,2,330,9,offspring:1
25274,age_death,Monkey,180,29,1,269,9,
25276,reproduce,Boar,1132,11,0,489,6,offspring:2
25286,hunt_start,Jaguar,818,333,5,213,3,target:Frog:1283
25290,kill,Shroomer,2295,254,1,93,8,killed_by:Shark:1105
25294,spore_created,Shroomer,-1,124,4,259,2,
25295,age_death,Boar,861,324,9,157,4,
25295,age_death,Boar,1167,385,6,58,6,
25295,spore_created,Shroomer,-1,80,7,271,4,
25295,spore_created,Shroomer,-1,88,0,265,3,
25316,reproduce,Frog,1014,316,1,390,1,offspring:2
25321,hunt_start,Shark,1884,221,6,93,1,target:Shroomer:1931
25324,starvation,Rabbit,18,276,8,83,0,
25327,starvation,Shroomer,459,496,7,75,7,
25328,reproduce,Rabbit,2053,481,0,465,4,offspring:2
25334,starvation,Elk,387,233,5,106,5,
25335,reproduce,Parrot,2380,129,5,350,2,offspring:1
25351,starvation,Shroomer,2418,493,8,29,8,
25353,kill,Boar,1698,329,1,49,6,killed_by:Polar Bear:1965
25356,reproduce,Monkey,574,489,3,296,0,offspring:1
25358,reproduce,Parrot,81,465,9,62,1,offspring:1
25369,hunt_start,Polar Bear,2049,303,3,464,3,target:Parrot:1464
25370,starvation,Shroomer,2447,508,7,5,7,
25371,reproduce,Tapir,774,288,2,288,6,offspring:1
25372,hunt_fail,Wolf,869,494,6,227,7,discomfort
25375,kill,Deer,2401,217,8,305,3,killed_by:Jaguar:88
25375,reproduce,Musk Ox,598,10,7,104,2,offspring:1
25384,age_death,Musk Ox,595,77,7,86,8,
25384,reproduce,Rabbit,713,351,2,447,8,offspring:2
25387,starvation,Rabbit,935,354,0,97,6,
25388,reproduce,Deer,89,417,6,189,9,offspring:1
25389,age_death,Rabbit,364,482,6,336,4,
25389,reproduce,Musk Ox,1630,23,2,271,3,offspring:1
25390,age_death,Musk Ox,620,27,3,361,0,
25390,reproduce,Parrot,771,140,8,348,6,offspring:1
25393,age_death,Lizard,888,309,0,161,6,
25395,spore_created,Shroomer,-1,152,7,216,1,
25411,age_death,Fish,221,132,2,354,6,
25411,age_death,Fish,614,129,3,372,3,
25414,reproduce,Lizard,1218,369,0,384,1,offspring:2
25415,spore_matured,Shroomer,-1,80,7,271,3,
25415,reproduce,Shroomer,-1,80,7,271,3,offspring:1
25417,age_death,Lizard,1876,436,2,285,4,
25417,age_death,Lizard,1877,397,3,256,9,
25418,reproduce,Parrot,1821,362,6,490,5,offspring:1
25418,spore_created,Shroomer,-1,70,1,260,0,
25441,age_death,Frog,113,412,4,399,6,
25441,age_death,Frog,1403,382,8,430,3,
25441,reproduce,Parrot,188,321,0,389,8,offspring:1
25441,reproduce,Penguin,1476,494,1,243,8,offspring:1
25446,hunt_start,Jaguar,729,326,3,222,7,target:Frog:1283
25447,environment_death,Shroomer,839,80,8,275,1,drowning
25448,spore_created,Shroomer,-1,121,5,238,8,
25453,kill,Elk,1547,150,0,92,1,killed_by:Shark:1181
25454,starvation,Lizard,131,55,6,371,2,
25454,hunt_fail,Jaguar,1776,51,4,374,2,target_died
25454,hunt_start,Jaguar,1776,51,4,374,2,target:Deer:1646
25456,hunt_start,Boar,1911,428,2,423,0,target:Lizard:1608
25459,reproduce,Monkey,118,493,3,315,6,offspring:1
25463,spore_created,Shroomer,-1,480,5,58,1,
25464,hunt_start,Polar Bear,469,382,4,382,7,target:Shroomer:63
25472,age_death,Frog,764,224,9,301,7,
25475,starvation,Deer,870,267,5,75,1,
25475,reproduce,Parrot,1804,94,4,413,8,offspring:1
25478,reproduce,Lizard,1549,350,0,343,1,offspring:2
25492,hunt_start,Jaguar,2347,22,4,451,1,target:Turtle:925
25492,age_death,Lizard,375,90,8,480,0,
25492,age_death,Parrot,2453,180,5,417,9,
25493,reproduce,Parrot,1882,1,6,371,1,offspring:1
25494,reproduce,Musk Ox,844,5,6,418,3,offspring:1
25497,starvation,Shroomer,964,500,7,27,6,
25498,reproduce,Parrot,845,456,5,506,2,offspring:1
25501,age_death,Parrot,2215,20,0,153,1,
25504,reproduce,Lizard,1115,435,7,283,8,offspring:2
25515,age_death,Parrot,2475,162,0,458,9,
25515,spore_matured,Shroomer,-1,152,8,216,1,
25515,reproduce,Shroomer,-1,152,8,216,1,offspring:1
25518,reproduce,Fish,2206,131,0,375,1,offspring:2
25521,age_death,Monkey,2174,107,6,288,1,
25524,hunt_start,Polar Bear,958,326,3,420,9,target:Elk:258
25524,reproduce,Parrot,452,11,7,142,9,offspring:1
25525,kill,Frog,1283,328,8,213,4,killed_by:Jaguar:818
25525,reproduce,Lizard,162,420,4,430,2,offspring:2
25526,hunt_fail,Jaguar,729,328,3,216,4,prey_escaped
25526,hunt_start,Jaguar,729,328,3,216,4,target:Frog:245
25534,age_death,Tapir,735,257,9,236,0,
25534,reproduce,Parrot,672,139,0,484,9,offspring:1
25537,age_death,Penguin,2182,380,6,252,0,
25538,reproduce,Penguin,1887,427,1,239,6,offspring:1
25548,hunt_start,Wolf,869,503,5,227,4,target:Rabbit:2491
25552,starvation,Lizard,1101,321,0,280,5,
25552,age_death,Penguin,2177,285,3,259,1,
25553,reproduce,Monkey,928,361,1,293,5,offspring:1
25553,reproduce,Boar,972,333,5,25,0,offspring:2
25557,age_death,Monkey,2179,233,4,142,3,
25558,reproduce,Musk Ox,317,300,6,196,5,offspring:1
25561,starvation,Elk,2305,265,5,77,5,
25561,hunt_start,Shark,1204,156,7,94,5,target:Elk:1495
25561,reproduce,Parrot,2096,308,7,510,3,offspring:1
25565,starvation,Deer,86,62,3,251,8,
25566,reproduce,Musk Ox,1359,45,2,272,4,offspring:1
25568,spore_matured,Shroomer,-1,121,5,238,8,
25568,reproduce,Shroomer,-1,121,5,238,8,offspring:1
25571,age_death,Parrot,2008,282,7,360,1,
25574,reproduce,Rabbit,710,339,6,445,2,offspring:2
25575,spore_matured,Shroomer,-1,69,6,259,9,
25575,reproduce,Shroomer,-1,69,6,259,9,offspring:1
25602,age_death,Penguin,1076,413,3,255,6,
25603,age_death,Boar,97,502,6,403,1,
25603,age_death,Boar,967,487,3,436,2,
25603,age_death,Boar,1910,490,7,364,7,
25603,age_death,Boar,1911,433,7,415,5,
25603,age_death,Boar,1912,455,0,406,1,
25603,age_death,Boar,1913,446,9,381,0,
25603,reproduce,Monkey,761,319,2,61,6,offspring:1
25603,reproduce,Fish,914,361,9,351,3,offspring:2
25603,reproduce,Elk,2438,227,5,414,0,offspring:1
25604,age_death,Boar,1914,488,7,386,9,
25604,age_death,Boar,1915,469,8,400,0,
25604,reproduce,Elk,805,92,6,135,4,offspring:1
25604,reproduce,Deer,1368,144,3,229,2,offspring:1
25604,spore_created,Shroomer,-1,496,9,-0,6,
25604,spore_created,Shroomer,-1,504,3,-2,7,
25607,starvation,Shroomer,281,95,5,184,4,
25607,reproduce,Monkey,705,55,9,323,3,offspring:1
25607,reproduce,Tapir,1703,108,3,132,3,offspring:1
25615,age_death,Monkey,2147,330,9,167,9,
25618,hunt_start,Boar,1489,420,5,359,0,target:Parrot:1536
25620,age_death,Boar,265,52,1,475,3,
25620,age_death,Boar,849,82,0,416,4,
25620,reproduce,Penguin,17,229,7,241,2,offspring:1
25620,reproduce,Rabbit,1794,237,7,175,1,offspring:2
25635,spore_matured,Shroomer,-1,480,5,58,1,
25635,reproduce,Shroomer,-1,480,5,58,1,offspring:1
25646,kill,Turtle,925,28,3,460,6,killed_by:Jaguar:2347
25650,kill,Monkey,670,231,3,182,6,killed_by:Shark:1404
25650,reproduce,Elk,1261,380,1,66,4,offspring:1
25651,hunt_start,Boar,972,334,1,24,4,target:Lizard:1485
25651,hunt_start,Shark,1404,231,0,181,9,target:Shroomer:780
25651,reproduce,Camel,196,332,5,92,3,offspring:1
25653,age_death,Monkey,2176,125,8,298,9,
25656,reproduce,Turtle,2410,419,4,368,2,offspring:1
25657,age_death,Frog,867,143,9,296,9,
25659,reproduce,Tapir,295,159,0,221,9,offspring:1
25662,age_death,Boar,98,357,6,198,5,
25662,age_death,Boar,1139,306,2,234,8,
25662,reproduce,Musk Ox,1229,133,4,100,0,offspring:1
25662,reproduce,Musk Ox,2157,328,0,230,4,offspring:1
25663,age_death,Boar,1921,377,1,202,0,
25663,age_death,Boar,1922,373,3,215,8,
25663,reproduce,Camel,1987,463,8,491,2,offspring:1
25664,reproduce,Parrot,2185,510,0,349,5,offspring:1
25669,kill,Deer,1646,46,8,368,7,killed_by:Jaguar:1776
25675,reproduce,Parrot,403,247,9,458,6,offspring:1
25681,starvation,Fish,1940,142,4,356,1,
25681,hunt_fail,Boar,1563,135,8,353,9,target_died
25681,hunt_start,Boar,1563,135,8,353,9,target:Frog:1561
25684,age_death,Lizard,1601,213,2,203,3,
25684,age_death,Lizard,2181,253,9,159,2,
25686,reproduce,Camel,1929,333,6,440,4,offspring:1
25686,reproduce,Jaguar,2347,26,9,459,8,offspring:1
25687,hunt_start,Jaguar,1601,26,3,462,5,target:Turtle:361
25687,hunt_start,Jaguar,2347,26,9,459,8,target:Turtle:361
25690,reproduce,Frog,2304,107,8,250,6,offspring:2
25692,age_death,Lizard,763,316,9,122,9,
25693,starvation,Elk,244,31,5,333,5,
25694,reproduce,Lizard,2264,380,9,231,5,offspring:2
25700,age_death,Musk Ox,602,368,6,172,0,
25701,hunt_fail,Wolf,869,511,6,215,6,discomfort
25702,reproduce,Elk,1673,42,3,365,1,offspring:1
25707,age_death,Musk Ox,589,45,9,375,3,
25716,reproduce,Turtle,1432,131,6,95,0,offspring:1
25724,spore_matured,Shroomer,-1,496,9,0,0,
25724,reproduce,Shroomer,-1,496,9,0,0,offspring:1
25724,spore_matured,Shroomer,-1,504,3,-2,7,
25724,reproduce,Shroomer,-1,504,3,-2,7,offspring:1
25729,kill,Shroomer,63,385,0,371,2,killed_by:Polar Bear:469
25731,reproduce,Parrot,1551,71,1,121,3,offspring:1
25732,kill,Elk,1495,158,2,82,7,killed_by:Shark:1204
25735,kill,Shroomer,1931,237,9,85,8,killed_by:Shark:1884
25735,reproduce,Boar,1693,116,7,305,7,offspring:2
25741,starvation,Elk,393,386,4,497,5,
25744,age_death,Lizard,1625,360,2,185,3,
25744,age_death,Lizard,1626,381,3,193,7,
25744,reproduce,Penguin,819,501,1,238,5,offspring:1
25745,reproduce,Boar,730,211,6,376,4,offspring:2
25746,age_death,Penguin,1905,496,9,245,9,
25747,hunt_start,Jaguar,88,226,1,298,1,target:Frog:1079
25748,reproduce,Parrot,1494,36,5,120,5,offspring:1
25752,hunt_start,Polar Bear,465,212,8,110,8,target:Boar:968
25754,hunt_start,Shark,1479,213,8,274,3,target:Lizard:1314
25766,age_death,Lizard,1077,508,1,278,4,
25769,reproduce,Parrot,1908,167,7,405,1,offspring:1
25773,kill,Penguin,734,495,4,324,1,killed_by:Wolf:233
25774,hunt_start,Wolf,233,495,6,323,7,target:Penguin:2025
25775,reproduce,Lizard,182,46,3,219,4,offspring:2
25781,kill,Frog,1079,230,1,298,9,killed_by:Jaguar:88
25781,reproduce,Monkey,84,373,4,295,7,offspring:1
25785,kill,Turtle,361,20,7,464,4,killed_by:Jaguar:1601
25785,reproduce,Elk,1853,333,5,157,9,offspring:1
25786,hunt_fail,Jaguar,2347,24,8,461,5,prey_escaped
25789,age_death,Penguin,1166,294,6,270,3,
25789,reproduce,Tapir,2330,415,4,192,3,offspring:1
25797,age_death,Monkey,2219,464,7,397,8,
25798,reproduce,Boar,1925,22,8,503,0,offspring:2
25804,age_death,Frog,1398,324,3,150,1,
25804,reproduce,Parrot,1937,32,2,439,4,offspring:1
25809,age_death,Monkey,1706,119,6,295,7,
25810,age_death,Tapir,737,260,5,266,5,
25810,reproduce,Deer,1502,221,4,487,4,offspring:1
25813,reproduce,Elk,656,487,4,397,4,offspring:1
25825,starvation,Jaguar,1437,111,7,380,4,
25827,age_death,Parrot,2466,377,9,438,6,
25827,reproduce,Camel,2313,294,8,342,3,offspring:1
25827,spore_created,Shroomer,-1,108,1,160,3,
25834,age_death,Lizard,380,256,9,440,3,
25836,kill,Frog,245,308,3,226,7,killed_by:Jaguar:729
25837,hunt_start,Jaguar,729,308,8,226,6,target:Boar:653
25838,reproduce,Elk,1530,342,3,31,5,offspring:1
25840,reproduce,Polar Bear,465,209,0,112,9,offspring:1
25841,hunt_start,Polar Bear,245,209,2,113,9,target:Boar:968
25845,starvation,Shroomer,1893,495,4,47,6,
25850,reproduce,Frog,444,141,0,393,1,offspring:2
25851,hunt_start,Shark,1105,256,6,100,6,target:Shroomer:1245
25854,age_death,Lizard,1466,95,7,393,9,
25854,reproduce,Parrot,1021,384,7,502,2,offspring:1
25857,kill,Elk,258,329,7,440,1,killed_by:Polar Bear:958
25861,age_death,Musk Ox,626,10,5,16,0,
25862,reproduce,Monkey,1555,497,6,173,1,offspring:1
25865,reproduce,Lizard,546,43,2,503,2,offspring:2
25873,age_death,Monkey,1297,505,1,374,0,
25877,reproduce,Rabbit,164,385,2,163,3,offspring:2
25887,age_death,Parrot,1894,275,5,416,0,
25887,reproduce,Parrot,2065,84,5,383,8,offspring:1
25896,hunt_start,Polar Bear,1965,332,3,46,5,target:Shroomer:1091
25901,age_death,Fish,948,349,6,357,7,
25901,age_death,Fish,1207,348,9,358,5,
25901,reproduce,Monkey,1739,75,8,185,6,offspring:1
25904,spore_created,Shroomer,-1,246,5,87,5,
25906,age_death,Penguin,2234,383,4,233,5,
25908,reproduce,Elk,57,333,0,150,2,offspring:1
25910,hunt_start,Boar,2270,32,2,364,2,target:Lizard:1780
25918,hunt_start,Jaguar,88,228,1,303,8,target:Deer:2256
25922,starvation,Monkey,222,392,6,357,5,
25924,reproduce,Tapir,865,340,8,94,2,offspring:1
25928,age_death,Monkey,652,278,1,95,7,
25931,kill,Penguin,2025,508,7,331,6,killed_by:Wolf:233
25931,reproduce,Monkey,2198,312,4,164,9,offspring:1
25933,reproduce,Monkey,1904,297,4,157,7,offspring:1
25935,age_death,Penguin,2239,475,1,250,3,
25936,reproduce,Parrot,267,15,1,305,9,offspring:1
25966,age_death,Tapir,733,237,0,232,0,
25970,hunt_start,Jaguar,818,332,2,211,8,target:Boar:443
25970,reproduce,Penguin,1916,280,0,260,3,offspring:1
25983,age_death,Lizard,1652,483,9,475,7,
25983,age_death,Lizard,1653,508,1,482,8,
25983,reproduce,Fish,1956,133,2,375,0,offspring:2
25986,hunt_start,Wolf,233,508,3,331,4,target:Penguin:2360
25994,age_death,Frog,1516,310,9,150,6,
25994,age_death,Frog,1959,338,2,147,2,
25994,age_death,Lizard,1960,52,7,443,2,
25994,age_death,Lizard,1961,61,0,457,4,
25994,reproduce,Monkey,983,43,6,154,8,offspring:1
25994,reproduce,Fish,1800,235,0,377,5,offspring:2
25994,reproduce,Penguin,2337,304,9,280,6,offspring:1
25999,starvation,Musk Ox,584,113,5,86,7,
26001,age_death,Musk Ox,578,113,5,84,1,
26001,reproduce,Boar,2085,471,0,416,3,offspring:2
26011,age_death,Fish,536,129,0,375,4,
26015,reproduce,Elk,638,223,0,196,4,offspring:1
26024,spore_matured,Shroomer,-1,246,7,87,4,
26024,reproduce,Shroomer,-1,246,7,87,4,offspring:1
26029,hunt_start,Shark,1181,155,7,103,0,target:Musk Ox:612
26035,kill,Shroomer,1245,261,0,110,5,killed_by:Shark:1105
26035,reproduce,Frog,1560,128,9,343,3,offspring:2
26036,hunt_start,Crocodile,2312,3,4,237,7,target:Boar:2323
26041,hunt_start,Jaguar,1776,40,4,366,9,target:Deer:1102
26059,hunt_start,Boar,1563,151,5,345,1,target:Frog:1561
26061,age_death,Fish,926,132,2,375,4,
26062,age_death,Penguin,1527,512,0,288,2,
26062,reproduce,Penguin,1762,508,1,298,0,offspring:1
26063,age_death,Frog,490,314,8,388,0,
26064,environment_death,Deer,95,473,4,146,8,drowning
26064,reproduce,Camel,1287,283,4,364,7,offspring:1
26067,reproduce,Turtle,360,65,5,478,0,offspring:1
26068,spore_created,Shroomer,-1,72,3,191,5,
26070,age_death,Deer,146,269,1,274,5,
26071,kill,Shroomer,1091,338,1,44,8,killed_by:Polar Bear:1965
26071,reproduce,Lizard,615,373,4,334,0,offspring:2
26072,kill,Boar,968,194,9,116,4,killed_by:Polar Bear:465
26073,hunt_fail,Polar Bear,245,198,0,115,8,target_died
26073,kill,Boar,653,325,1,229,9,killed_by:Jaguar:729
26074,hunt_start,Polar Bear,141,276,9,53,6,target:Tapir:2393
26074,reproduce,Fish,1119,135,3,376,4,offspring:2
26086,hunt_start,Boar,278,234,0,90,5,target:Shroomer:1351
26090,age_death,Fish,691,136,2,376,1,
26090,age_death,Fish,1119,135,3,376,4,
26090,reproduce,Fish,2302,361,6,354,1,offspring:2
26098,starvation,Monkey,1759,371,5,101,4,
26098,hunt_fail,Boar,1215,402,8,431,5,prey_escaped
26103,reproduce,Parrot,1205,259,6,154,5,offspring:1
26105,age_death,Lizard,842,168,5,451,2,
26105,age_death,Lizard,1771,152,9,509,7,
26108,reproduce,Boar,278,235,1,90,4,offspring:2
26109,hunt_start,Boar,842,236,9,92,4,target:Shroomer:1351
26109,hunt_start,Boar,1771,236,9,92,4,target:Shroomer:1351
26115,age_death,Deer,157,454,6,400,9,
26116,spore_created,Shroomer,-1,293,5,77,6,
26119,age_death,Parrot,634,268,0,390,3,
26121,starvation,Deer,415,171,6,212,8,
26121,age_death,Parrot,2084,290,5,359,3,
26122,reproduce,Rabbit,148,307,0,150,8,offspring:2
26124,age_death,Lizard,1770,349,1,264,3,
26124,reproduce,Lizard,919,501,8,243,7,offspring:2
26135,age_death,Rabbit,1955,237,0,287,6,
26138,reproduce,Tapir,2056,122,7,250,8,offspring:1
26151,age_death,Monkey,2280,417,1,395,8,
26154,kill,Deer,2256,238,1,315,0,killed_by:Jaguar:88
26154,reproduce,Frog,600,271,5,275,7,offspring:2
26156,kill,Penguin,2360,504,6,315,8,killed_by:Wolf:233
26161,reproduce,Fish,2007,235,8,380,6,offspring:2
26176,starvation,Shroomer,809,40,0,361,2,
26178,reproduce,Monkey,2478,369,4,218,7,offspring:1
26179,kill,Boar,443,348,5,219,3,killed_by:Jaguar:818
26181,age_death,Rabbit,1040,500,3,296,8,
26181,age_death,Rabbit,1422,493,4,366,9,
26181,reproduce,Parrot,1464,327,4,418,0,offspring:1
26181,reproduce,Rabbit,1566,493,7,248,3,offspring:2
26183,age_death,Monkey,855,489,8,211,0,
26188,reproduce,Tapir,1416,366,2,288,1,offspring:1
26188,spore_matured,Shroomer,-1,72,3,191,5,
26188,reproduce,Shroomer,-1,72,3,191,5,offspring:1
26204,kill,Shroomer,1351,238,0,87,7,killed_by:Boar:278
26205,hunt_fail,Boar,842,237,9,88,5,target_died
26205,hunt_fail,Boar,1771,238,3,88,1,target_died
26205,reproduce,Deer,1529,481,4,127,8,offspring:1
26216,hunt_start,Boar,1931,117,6,305,2,target:Lizard:1849
26221,age_death,Monkey,2288,444,6,365,8,
26226,age_death,Fish,2010,361,6,355,1,
26226,age_death,Fish,2011,362,6,355,6,
26226,age_death,Penguin,2289,303,9,280,1,
26227,reproduce,Parrot,1413,174,6,502,2,offspring:1
26227,reproduce,Lizard,1798,68,0,490,3,offspring:2
26232,reproduce,Parrot,1585,320,8,437,3,offspring:1
26236,spore_matured,Shroomer,-1,293,4,77,4,
26236,reproduce,Shroomer,-1,293,4,77,4,offspring:1
26241,hunt_start,Jaguar,1601,24,3,453,6,target:Parrot:1398
26254,kill,Deer,1102,24,6,372,1,killed_by:Jaguar:1776
26260,reproduce,Fish,1288,132,6,374,2,offspring:2
26262,hunt_start,Jaguar,2347,23,3,455,2,target:Parrot:1398
26264,starvation,Parrot,993,304,4,410,7,
26268,age_death,Parrot,608,17,4,157,4,
26268,age_death,Tapir,746,356,5,266,5,
26268,reproduce,Shark,1105,257,4,118,0,offspring:1
26269,hunt_start,Shark,993,260,3,117,6,target:Shroomer:491
26269,hunt_start,Shark,1105,257,4,118,0,target:Shroomer:491
26269,reproduce,Penguin,6,502,9,299,2,offspring:1
26270,reproduce,Camel,489,244,1,109,9,offspring:1
26272,hunt_start,Polar Bear,469,383,0,382,9,target:Monkey:2468
26292,starvation,Elk,1748,484,7,361,0,
26293,hunt_start,Shark,1204,154,6,100,6,target:Elk:190
26296,hunt_start,Shark,1884,229,4,84,4,target:Turtle:1507
26305,reproduce,Polar Bear,958,331,5,436,4,offspring:1
26306,hunt_start,Polar Bear,958,331,5,436,4,target:Camel:1940
26306,hunt_start,Polar Bear,1748,334,1,437,2,target:Camel:1940
26312,age_death,Monkey,44,408,7,254,4,
26313,spore_created,Shroomer,-1,461,0,10,9,
26323,age_death,Boar,892,383,3,321,4,
26324,reproduce,Monkey,335,133,1,295,6,offspring:1
26330,starvation,Shroomer,1820,494,0,2,5,
26331,kill,Shroomer,491,260,3,121,7,killed_by:Shark:1105
26332,hunt_fail,Shark,993,260,7,121,0,target_died
26332,hunt_start,Shark,993,260,7,121,0,target:Boar:1518
26334,reproduce,Boar,1993,460,4,120,1,offspring:2
26335,starvation,Shroomer,587,497,6,27,5,
26335,hunt_start,Boar,1993,460,4,120,1,target:Lizard:139
26336,spore_created,Shroomer,-1,171,3,234,9,
26336,spore_created,Shroomer,-1,177,6,233,3,
26342,age_death,Deer,151,356,7,384,8,
26342,age_death,Parrot,457,5,4,489,1,
26342,age_death,Parrot,1052,161,1,313,5,
26343,hunt_fail,Polar Bear,1874,167,6,318,1,target_died
26346,reproduce,Monkey,1353,110,7,262,1,offspring:1
26347,reproduce,Rabbit,797,221,9,175,6,offspring:2
26352,age_death,Monkey,1920,312,9,89,4,
26352,reproduce,Musk Ox,1162,435,2,100,4,offspring:1
26356,age_death,Deer,150,267,7,397,9,
26357,reproduce,Monkey,1909,227,0,133,3,offspring:1
26357,reproduce,Fish,1983,249,6,407,9,offspring:2
26360,hunt_start,Boar,1452,264,9,91,7,target:Shroomer:511
26362,age_death,Penguin,2311,281,2,264,4,
26364,reproduce,Boar,1005,345,1,44,5,offspring:2
26365,hunt_start,Boar,1005,345,1,44,5,target:Lizard:760
26366,starvation,Monkey,411,393,8,359,7,
26367,reproduce,Fish,1234,361,0,351,8,offspring:2
26369,environment_death,Shroomer,778,76,9,277,5,drowning
26369,starvation,Deer,2346,31,1,275,2,
26370,reproduce,Parrot,1760,444,7,53,7,offspring:1
26374,spore_created,Shroomer,-1,326,9,56,3,
26398,starvation,Shroomer,266,495,1,10,5,
26399,reproduce,Elk,1885,365,9,482,5,offspring:1
26406,age_death,Monkey,110,138,4,260,7,
26407,reproduce,Parrot,2472,448,9,423,4,offspring:1
26410,age_death,Tapir,726,369,0,156,7,
26411,reproduce,Parrot,2260,25,1,243,3,offspring:1
26413,starvation,Shroomer,1935,509,8,9,8,
26414,reproduce,Penguin,2165,486,0,242,7,offspring:1
26417,kill,Camel,1940,338,0,443,6,killed_by:Polar Bear:1748
26418,hunt_fail,Polar Bear,958,335,5,440,4,target_died
26418,hunt_start,Polar Bear,958,335,5,440,4,target:Camel:1929
26418,reproduce,Rabbit,1792,437,8,509,3,offspring:2
26419,hunt_start,Wolf,233,500,8,314,8,target:Monkey:118
26433,hunt_start,Polar Bear,465,197,0,117,4,target:Elk:676
26433,hunt_start,Polar Bear,1874,167,1,318,0,target:Deer:1251
26434,kill,Musk Ox,612,146,3,100,8,killed_by:Shark:1181
26435,spore_created,Shroomer,-1,62,6,201,7,
26438,starvation,Lizard,1708,511,6,122,7,
26438,reproduce,Boar,1293,377,8,134,6,offspring:2
26445,hunt_start,Jaguar,729,324,6,236,1,target:Frog:2103
26451,kill,Tapir,2393,294,0,62,6,killed_by:Polar Bear:141
26452,hunt_start,Polar Bear,141,293,3,62,3,target:Camel:2149
26452,kill,Frog,2103,324,5,238,7,killed_by:Jaguar:729
26453,age_death,Monkey,2331,459,7,403,8,
26454,reproduce,Elk,790,94,5,129,7,offspring:1
26457,reproduce,Lizard,2052,446,2,157,4,offspring:2
26469,age_death,Parrot,366,102,7,507,8,
26469,age_death,Frog,1735,141,3,294,4,
26469,age_death,Frog,1736,119,7,261,8,
26469,spore_created,Shroomer,-1,324,7,52,1,
26469,spore_created,Shroomer,-1,317,0,39,5,
26473,hunt_start,Polar Bear,245,200,4,115,9,target:Elk:676
26477,kill,Boar,1518,270,1,113,0,killed_by:Shark:993
26478,hunt_start,Shark,993,269,6,113,4,target:Shroomer:785
26478,reproduce,Boar,804,380,8,149,5,offspring:2
26479,hunt_start,Boar,1518,381,7,146,9,target:Rabbit:2038
26479,hunt_start,Boar,1736,381,7,146,9,target:Rabbit:2038
26485,kill,Turtle,1507,234,0,75,3,killed_by:Shark:1884
26486,environment_death,Deer,114,448,8,95,7,drowning
26486,hunt_fail,Polar Bear,566,444,5,93,8,target_died
26486,hunt_start,Polar Bear,566,444,5,93,8,target:Musk Ox:1162
26486,hunt_fail,Polar Bear,2431,441,3,92,4,target_died
26486,hunt_start,Polar Bear,2431,441,3,92,4,target:Musk Ox:1162
26486,reproduce,Deer,969,195,3,370,2,offspring:1
26490,reproduce,Tapir,1051,298,3,266,1,offspring:1
26492,reproduce,Deer,1047,277,0,87,7,offspring:1
26494,spore_matured,Shroomer,-1,326,9,56,3,
26494,reproduce,Shroomer,-1,326,9,56,3,offspring:1
26500,kill,Elk,190,158,6,86,3,killed_by:Shark:1204
26501,reproduce,Boar,1227,472,1,290,4,offspring:2
26502,hunt_start,Boar,190,473,9,289,4,target:Penguin:654
26502,hunt_start,Boar,1227,472,1,290,4,target:Penguin:654
26519,age_death,Monkey,2339,491,0,427,9,
26519,age_death,Monkey,2340,491,4,413,9,
26520,hunt_start,Boar,1820,458,1,122,3,target:Lizard:436
26520,reproduce,Lizard,1226,100,4,401,7,offspring:2
26552,hunt_start,Boar,1771,238,4,85,8,target:Shroomer:1123
26561,starvation,Shroomer,353,506,7,27,6,
26562,reproduce,Parrot,899,414,9,488,5,offspring:1
26564,age_death,Boar,255,364,1,203,5,
26564,age_death,Boar,891,372,1,195,9,
26565,reproduce,Deer,1700,65,7,253,7,offspring:1
26568,reproduce,Fish,2381,133,6,373,9,offspring:2
26571,age_death,Elk,399,446,7,478,9,
26577,age_death,Frog,759,321,6,246,0,
26577,reproduce,Tapir,889,281,3,288,4,offspring:1
26577,reproduce,Rabbit,2123,102,0,62,7,offspring:2
26586,age_death,Musk Ox,619,21,1,360,0,
26589,spore_created,Shroomer,-1,480,0,32,7,
26594,age_death,Monkey,2348,420,6,248,0,
26594,reproduce,Deer,1837,177,7,225,7,offspring:1
26602,age_death,Fish,1734,347,4,358,9,
26603,reproduce,Parrot,964,460,2,506,8,offspring:1
26604,age_death,Penguin,957,477,6,247,1,
26607,spore_matured,Shroomer,-1,62,6,201,7,
26607,reproduce,Shroomer,-1,62,6,201,7,offspring:1
26608,reproduce,Monkey,1869,489,4,431,6,offspring:1
26610,age_death,Deer,154,417,1,371,6,
26610,reproduce,Frog,1587,172,8,502,5,offspring:2
26612,kill,Camel,1929,342,0,429,6,killed_by:Polar Bear:958
26614,hunt_start,Polar Bear,1965,342,7,40,3,target:Musk Ox:316
26616,hunt_start,Jaguar,729,322,7,235,0,target:Musk Ox:545
26616,age_death,Rabbit,429,468,9,148,9,
26616,age_death,Rabbit,901,443,7,162,8,
26617,reproduce,Lizard,1196,412,5,489,1,offspring:2
26624,reproduce,Parrot,624,296,9,342,9,offspring:1
26626,hunt_start,Jaguar,1776,21,2,360,1,target:Lizard:1780
26636,kill,Lizard,1780,19,6,357,3,killed_by:Jaguar:1776
26636,age_death,Wolf,869,509,8,243,0,
26638,reproduce,Monkey,1591,25,0,149,6,offspring:1
26639,reproduce,Parrot,1994,254,9,266,0,offspring:1
26641,spore_matured,Shroomer,-1,324,8,52,1,
26641,reproduce,Shroomer,-1,324,8,52,1,offspring:1
26651,kill,Musk Ox,1162,435,0,99,5,killed_by:Polar Bear:2431
26652,hunt_fail,Polar Bear,566,438,0,97,3,target_died
26652,hunt_start,Polar Bear,566,438,0,97,3,target:Musk Ox:1920
26655,age_death,Frog,859,146,8,450,5,
26656,reproduce,Musk Ox,31,203,4,79,8,offspring:1
26657,reproduce,Tapir,1754,469,8,191,5,offspring:1
26664,starvation,Shroomer,635,503,7,27,9,
26667,reproduce,Monkey,2282,434,5,237,4,offspring:1
26678,age_death,Monkey,2154,325,1,106,7,
26678,reproduce,Lizard,1150,205,7,260,7,offspring:2
26694,kill,Boar,2430,2,2,240,5,killed_by:Crocodile:1092
26696,reproduce,Tapir,1155,329,2,197,8,offspring:1
26702,age_death,Penguin,1002,411,3,269,0,
26702,age_death,Penguin,2357,412,1,313,6,
26703,reproduce,Lizard,920,332,4,162,7,offspring:2
26709,age_death,Lizard,1786,415,2,286,7,
26709,spore_matured,Shroomer,-1,479,9,32,6,
26709,reproduce,Shroomer,-1,479,9,32,6,offspring:1
26712,starvation,Deer,640,405,1,135,9,
26712,reproduce,Camel,1957,338,6,87,0,offspring:1
26713,age_death,Boar,666,110,2,476,1,
26713,age_death,Boar,1867,71,2,394,7,
26716,reproduce,Elk,1000,346,5,474,5,offspring:1
26716,spore_created,Shroomer,-1,118,2,250,9,
26716,spore_created,Shroomer,-1,119,5,260,0,
26717,age_death,Monkey,2363,469,4,308,3,
26720,age_death,Boar,2067,445,1,414,5,
26720,reproduce,Parrot,1985,152,9,507,7,offspring:1
26721,reproduce,Parrot,1511,500,6,56,7,offspring:1
26727,age_death,Musk Ox,580,112,5,77,5,
26728,kill,Musk Ox,545,315,3,236,7,killed_by:Jaguar:729
26730,reproduce,Elk,684,41,6,156,5,offspring:1
26730,reproduce,Fish,691,361,1,356,9,offspring:2
26736,age_death,Camel,516,439,8,485,4,
26737,reproduce,Monkey,1061,432,8,329,5,offspring:1
26740,kill,Camel,2149,305,1,69,5,killed_by:Polar Bear:141
26740,reproduce,Elk,194,124,2,393,3,offspring:1
26742,age_death,Lizard,1798,74,0,473,3,
26743,reproduce,Frog,1968,384,1,201,3,offspring:2
26746,kill,Elk,676,183,2,105,0,killed_by:Polar Bear:465
26746,reproduce,Parrot,2292,11,9,353,1,offspring:1
26747,hunt_fail,Polar Bear,245,186,3,107,4,prey_escaped
26749,hunt_start,Polar Bear,245,186,3,107,4,target:Elk:886
26750,starvation,Parrot,2467,2,2,385,1,
26752,kill,Musk Ox,1920,436,6,101,5,killed_by:Polar Bear:566
26752,hunt_start,Jaguar,818,347,7,220,5,target:Musk Ox:1139
26752,spore_created,Shroomer,-1,68,0,253,0,
26752,spore_created,Shroomer,-1,79,9,254,4,
26757,age_death,Parrot,565,289,2,332,2,
26758,hunt_start,Crocodile,1092,2,2,242,5,target:Boar:2318
26762,reproduce,Penguin,413,495,1,250,2,offspring:1
26781,age_death,Musk Ox,618,27,4,359,9,
26782,reproduce,Jaguar,729,314,2,236,6,offspring:1
26783,hunt_start,Jaguar,618,311,4,234,0,target:Musk Ox:641
26783,hunt_start,Jaguar,729,314,1,236,6,target:Musk Ox:641
26788,age_death,Lizard,2218,68,8,131,9,
26788,reproduce,Deer,2435,26,3,236,7,offspring:1
26790,age_death,Musk Ox,594,46,5,373,9,
26795,age_death,Deer,155,424,4,438,7,
26800,reproduce,Monkey,1286,9,8,158,0,offspring:1
26800,reproduce,Frog,1898,112,3,236,5,offspring:2
26807,kill,Lizard,709,425,8,0,0,killed_by:Polar Bear:2257
26807,reproduce,Rabbit,1445,296,6,87,6,offspring:2
26808,hunt_start,Polar Bear,2257,424,5,0,2,target:Deer:1332
26809,kill,Shroomer,1123,245,0,79,5,killed_by:Boar:1771
26809,reproduce,Penguin,823,215,4,276,5,offspring:1
26810,hunt_start,Boar,1771,244,6,79,8,target:Shroomer:1899
26818,kill,Musk Ox,316,336,7,49,6,killed_by:Polar Bear:1965
26820,starvation,Rabbit,477,224,7,277,4,
26820,reproduce,Deer,2128,431,3,89,9,offspring:1
26821,age_death,Monkey,2374,306,3,154,1,
26821,reproduce,Deer,2205,10,6,374,5,offspring:1
26826,reproduce,Monkey,2023,331,1,91,5,offspring:1
26831,starvation,Rabbit,66,270,5,69,4,
26833,age_death,Monkey,2377,361,3,126,7,
26834,reproduce,Penguin,2134,253,9,242,9,offspring:1
26837,reproduce,Boar,1613,225,8,391,9,offspring:2
26838,age_death,Parrot,2244,255,9,382,2,
26839,reproduce,Boar,1725,491,6,246,0,offspring:2
26840,starvation,Wolf,916,256,9,502,5,
26840,hunt_start,Boar,1725,491,6,246,0,target:Penguin:565
26840,hunt_start,Boar,2244,490,7,246,8,target:Penguin:1935
26841,spore_created,Shroomer,-1,309,8,95,1,
26844,age_death,Monkey,2383,379,6,416,8,
26845,kill,Penguin,654,464,0,269,3,killed_by:Boar:190
26846,hunt_fail,Boar,1227,464,9,271,3,target_died
26848,hunt_start,Boar,94,387,4,403,3,target:Frog:1503
26849,hunt_fail,Jaguar,2347,31,6,447,2,prey_escaped
26849,hunt_start,Jaguar,2347,31,6,447,2,target:Boar:1228
26850,reproduce,Boar,2320,313,9,128,1,offspring:2
26854,hunt_start,Jaguar,1776,21,6,358,0,target:Deer:2178
26872,spore_matured,Shroomer,-1,68,0,253,0,
26872,reproduce,Shroomer,-1,68,0,253,0,offspring:1
26876,age_death,Boar,351,474,8,386,2,
26876,age_death,Boar,2085,480,4,427,1,
26880,reproduce,Lizard,1608,444,7,423,2,offspring:2
26885,hunt_start,Shark,1105,268,2,108,9,target:Boar:2032
26888,spore_matured,Shroomer,-1,118,2,250,9,
26888,reproduce,Shroomer,-1,118,2,250,9,offspring:1
26908,age_death,Fish,553,362,3,352,2,
26908,age_death,Fish,1234,361,1,351,8,
26908,reproduce,Parrot,2387,90,7,380,2,offspring:1
26910,age_death,Parrot,601,451,5,392,7,
26910,reproduce,Elk,185,51,5,116,9,offspring:1
26910,reproduce,Frog,504,323,1,245,9,offspring:2
26911,kill,Musk Ox,641,317,4,228,1,killed_by:Jaguar:618
26912,hunt_fail,Jaguar,729,314,7,233,8,target_died
26916,age_death,Boar,2089,23,8,302,4,
26916,age_death,Boar,2090,11,7,254,8,
26916,reproduce,Boar,2033,229,0,175,2,offspring:2
26917,hunt_start,Boar,641,227,7,173,3,target:Rabbit:457
26917,hunt_start,Boar,2089,227,7,173,3,target:Rabbit:457
26919,age_death,Lizard,1522,44,0,346,9,
26920,hunt_fail,Jaguar,1512,47,3,348,6,target_died
26920,hunt_start,Jaguar,1512,47,3,348,6,target:Camel:76
26920,age_death,Elk,416,264,9,194,2,
26920,reproduce,Tapir,1888,319,6,390,4,offspring:1
26921,environment_death,Shroomer,780,199,4,162,0,drowning
26921,hunt_fail,Shark,1404,200,6,162,7,target_died
26921,hunt_start,Shark,1404,200,6,162,7,target:Shroomer:826
26921,reproduce,Frog,2121,454,9,507,3,offspring:2
26924,age_death,Boar,597,119,9,500,4,
26924,age_death,Boar,2093,104,1,477,1,
26924,reproduce,Parrot,2160,272,7,425,8,offspring:1
26924,spore_matured,Shroomer,-1,79,9,254,4,
26924,reproduce,Shroomer,-1,79,9,254,4,offspring:1
26926,reproduce,Parrot,2146,58,2,223,9,offspring:1
26929,kill,Deer,1251,141,5,312,6,killed_by:Polar Bear:1874
26930,hunt_start,Polar Bear,1874,142,1,312,8,target:Lizard:1809
26930,reproduce,Monkey,2143,483,8,329,2,offspring:1
26933,age_death,Fish,1285,96,5,192,3,
26933,reproduce,Elk,1474,510,3,389,2,offspring:1
26933,reproduce,Deer,1488,29,3,359,0,offspring:1
26937,starvation,Shroomer,750,507,0,7,9,
26940,reproduce,Monkey,293,493,3,172,5,offspring:1
26960,hunt_start,Polar Bear,1748,341,8,438,7,target:Camel:1401
26963,age_death,Parrot,275,287,2,334,0,
26965,reproduce,Penguin,1072,428,3,290,5,offspring:1
26973,starvation,Shroomer,2068,498,3,6,4,
26981,reproduce,Tapir,880,440,8,303,8,offspring:1
26995,hunt_start,Shark,1181,129,0,105,1,target:Tapir:1237
26996,kill,Boar,2318,13,3,252,3,killed_by:Crocodile:1092
26997,hunt_start,Crocodile,1092,12,8,251,8,target:Boar:2323
27000,reproduce,Camel,377,269,2,448,8,offspring:1
27009,kill,Boar,2032,264,4,118,6,killed_by:Shark:1105
27013,reproduce,Parrot,1922,495,0,372,1,offspring:1
27013,spore_matured,Shroomer,-1,309,1,94,1,
27013,reproduce,Shroomer,-1,309,1,94,1,offspring:1
27017,kill,Deer,2178,32,8,353,6,killed_by:Jaguar:1776
27024,age_death,Penguin,1194,305,1,263,0,
27026,spore_created,Shroomer,-1,50,7,217,2,
27026,spore_created,Shroomer,-1,53,5,225,2,
27032,starvation,Parrot,672,138,7,485,0,
27037,spore_created,Shroomer,-1,484,7,42,0,
27042,kill,Shroomer,1899,245,3,86,8,killed_by:Boar:1771
27042,reproduce,Lizard,698,129,4,220,9,offspring:2
27043,kill,Deer,1332,408,2,1,3,killed_by:Polar Bear:2257
27044,hunt_start,Polar Bear,2257,408,9,1,3,target:Deer:27
27044,reproduce,Parrot,547,452,4,21,2,offspring:1
27046,hunt_start,Shark,1884,227,6,83,6,target:Shroomer:879
27053,kill,Elk,886,172,5,95,3,killed_by:Polar Bear:245
27053,kill,Camel,76,36,9,345,1,killed_by:Jaguar:1512
27054,hunt_start,Polar Bear,245,173,2,95,7,target:Musk Ox:792
27054,hunt_start,Jaguar,1512,37,5,345,3,target:Elk:602
27054,reproduce,Elk,349,217,1,218,6,offspring:1
27054,reproduce,Penguin,1403,497,3,235,1,offspring:1
27055,kill,Musk Ox,1139,335,8,223,1,killed_by:Jaguar:818
27056,reproduce,Musk Ox,2388,387,7,97,8,offspring:1
27061,hunt_start,Shark,1204,147,1,91,1,target:Musk Ox:609
27065,age_death,Elk,412,263,8,170,7,
27065,reproduce,Penguin,1936,356,7,328,2,offspring:1
27068,reproduce,Monkey,258,492,8,185,2,offspring:1
27079,kill,Camel,1401,345,8,432,5,killed_by:Polar Bear:1748
27082,reproduce,Lizard,1892,49,1,192,1,offspring:2
27088,age_death,Monkey,2397,364,9,147,4,
27089,reproduce,Deer,1727,321,7,436,2,offspring:1
27092,age_death,Camel,521,428,5,409,0,
27094,reproduce,Parrot,2494,148,3,345,5,offspring:1
27100,age_death,Deer,144,278,7,279,1,
27103,reproduce,Monkey,1426,509,6,303,0,offspring:1
27110,starvation,Shroomer,1589,504,7,4,8,
27110,reproduce,Monkey,1582,297,9,266,1,offspring:1
27119,age_death,Fish,1189,99,8,195,2,
27119,age_death,Fish,1203,100,6,195,9,
27119,age_death,Lizard,1330,278,6,364,4,
27120,reproduce,Boar,2372,418,5,291,3,offspring:2
27121,hunt_start,Boar,1189,418,2,293,8,target:Penguin:1599
27121,hunt_start,Boar,1203,418,2,293,8,target:Penguin:1599
27121,age_death,Elk,394,435,7,478,8,
27121,reproduce,Monkey,305,407,0,90,5,offspring:1
27121,reproduce,Elk,1564,331,2,104,5,offspring:1
27133,hunt_start,Polar Bear,958,340,4,425,0,target:Tapir:1282
27134,age_death,Monkey,2407,428,0,373,8,
27139,starvation,Shroomer,802,433,9,428,5,
27140,hunt_start,Boar,2372,418,4,292,0,target:Lizard:1115
27142,kill,Penguin,1935,498,1,266,9,killed_by:Boar:2244
27142,reproduce,Elk,1094,500,1,398,3,offspring:1
27142,reproduce,Camel,1883,192,7,226,7,offspring:1
27142,reproduce,Fish,2335,101,5,192,1,offspring:2
27146,spore_matured,Shroomer,-1,50,7,217,2,
27146,reproduce,Shroomer,-1,50,7,217,2,offspring:1
27151,age_death,Deer,119,138,4,317,0,
27153,kill,Elk,602,30,5,346,7,killed_by:Jaguar:1512
27154,reproduce,Elk,1106,164,7,471,6,offspring:1
27157,age_death,Deer,89,435,3,207,7,
27161,age_death,Frog,1496,341,0,387,8,
27161,reproduce,Elk,123,224,3,418,6,offspring:1
27163,reproduce,Fish,1534,361,9,353,2,offspring:2
27172,age_death,Tapir,717,437,5,377,0,
27172,reproduce,Deer,658,482,9,146,2,offspring:1
27179,kill,Boar,1228,29,9,435,6,killed_by:Jaguar:2347
27179,reproduce,Camel,2057,35,1,340,4,offspring:1
27180,hunt_start,Jaguar,2347,29,9,436,3,target:Turtle:21
27183,starvation,Shroomer,1741,89,9,260,9,
27191,reproduce,Shark,1181,125,1,114,1,offspring:1
27192,hunt_start,Shark,1741,124,0,111,4,target:Musk Ox:1229
27194,hunt_start,Polar Bear,2431,430,9,103,0,target:Deer:316
27198,kill,Boar,2323,16,6,244,2,killed_by:Crocodile:1092
27198,spore_matured,Shroomer,-1,53,5,225,2,
27198,reproduce,Shroomer,-1,53,5,225,2,offspring:1
27199,starvation,Shroomer,1008,482,8,38,2,
27199,hunt_start,Boar,278,239,0,84,6,target:Shroomer:1207
27199,hunt_fail,Crocodile,2312,4,9,241,4,prey_escaped
27199,reproduce,Monkey,937,397,2,120,0,offspring:1
27203,reproduce,Rabbit,749,445,1,506,5,offspring:2
27206,age_death,Boar,966,482,3,140,6,
27206,age_death,Boar,1007,457,5,129,5,
27207,reproduce,Fish,662,105,0,206,6,offspring:2
27216,kill,Musk Ox,792,180,9,91,4,killed_by:Polar Bear:245
27217,reproduce,Musk Ox,1499,45,1,266,4,offspring:1
27223,kill,Deer,27,414,6,11,3,killed_by:Polar Bear:2257
27224,hunt_start,Polar Bear,2257,414,0,10,9,target:Deer:894
27232,starvation,Monkey,1020,362,8,125,2,
27232,reproduce,Penguin,17,228,7,237,4,offspring:1
27237,age_death,Deer,85,23,4,264,1,
27238,reproduce,Parrot,232,77,6,325,0,offspring:1
27238,reproduce,Lizard,614,360,8,391,3,offspring:2
27249,age_death,Lizard,986,483,6,501,4,
27249,age_death,Parrot,1075,381,9,399,1,
27249,reproduce,Shark,1204,152,5,100,4,offspring:1
27249,reproduce,Monkey,1651,341,8,329,6,offspring:1
27250,hunt_start,Shark,986,155,2,98,7,target:Musk Ox:609
27250,age_death,Boar,1531,415,9,265,8,
27251,hunt_start,Boar,1771,242,0,84,6,target:Shroomer:1207
27254,reproduce,Elk,435,16,9,151,9,offspring:1
27258,hunt_start,Boar,273,27,4,365,7,target:Lizard:661
27260,hunt_start,Boar,654,309,0,133,5,target:Frog:2498
27265,age_death,Lizard,1272,129,7,219,5,
27265,age_death,Lizard,1639,169,3,194,7,
27266,hunt_fail,Shark,480,167,2,201,8,target_died
27266,hunt_start,Shark,480,167,2,201,8,target:Shroomer:1590
27266,reproduce,Lizard,2012,264,8,504,0,offspring:2
27279,kill,Turtle,21,23,7,437,0,killed_by:Jaguar:2347
27280,starvation,Shroomer,941,510,1,27,5,
27280,age_death,Tapir,744,361,2,255,3,
27280,reproduce,Penguin,1927,372,8,214,1,offspring:1
27281,reproduce,Musk Ox,73,272,3,89,3,offspring:1
27281,reproduce,Deer,228,271,5,279,9,offspring:1
27283,hunt_start,Polar Bear,141,310,8,68,5,target:Shroomer:2396
27283,hunt_start,Jaguar,618,328,3,227,4,target:Musk Ox:2157
27284,age_death,Musk Ox,593,47,0,361,7,
27288,reproduce,Deer,2150,96,3,97,7,offspring:1
27295,hunt_start,Polar Bear,566,435,4,101,9,target:Deer:2310
27302,age_death,Lizard,156,81,4,122,1,
27302,age_death,Lizard,883,101,0,107,7,
27303,age_death,Frog,1308,195,9,398,2,
27304,reproduce,Penguin,497,301,4,266,6,offspring:1
27304,reproduce,Lizard,550,239,2,506,9,offspring:2
27314,kill,Deer,894,418,9,15,4,killed_by:Polar Bear:2257
27315,reproduce,Parrot,567,484,0,479,6,offspring:1
27316,age_death,Lizard,1678,261,3,149,8,
27316,age_death,Lizard,1842,263,0,146,3,
27317,age_death,Lizard,1196,421,8,496,8,
27317,age_death,Lizard,1197,479,4,508,0,
27317,reproduce,Boar,180,18,6,505,0,offspring:2
27317,reproduce,Frog,1179,160,5,459,8,offspring:2
27335,starvation,Monkey,1328,401,9,209,1,
27335,reproduce,Parrot,2034,240,2,269,8,offspring:1
27336,hunt_start,Boar,1771,242,0,84,6,target:Shroomer:1207
27338,starvation,Shroomer,757,489,4,29,9,
27339,age_death,Camel,501,229,5,213,0,
27342,reproduce,Rabbit,1631,336,7,331,7,offspring:2
27343,starvation,Shroomer,329,492,9,74,9,
27343,reproduce,Monkey,1043,312,9,195,3,offspring:1
27344,kill,Penguin,1599,418,8,310,1,killed_by:Boar:1203
27345,hunt_fail,Boar,1189,418,8,309,7,target_died
27348,reproduce,Parrot,1646,229,3,488,1,offspring:1
27349,kill,Shroomer,879,239,9,87,4,killed_by:Shark:1884
27349,reproduce,Camel,226,329,3,161,0,offspring:1
27354,age_death,Monkey,405,505,9,296,1,
27356,reproduce,Penguin,994,356,9,281,5,offspring:1
27361,hunt_start,Polar Bear,1965,345,3,47,4,target:Deer:1597
27362,age_death,Parrot,2283,62,6,506,7,
27363,reproduce,Parrot,906,94,8,494,6,offspring:1
27372,age_death,Penguin,2165,487,6,247,1,
27373,reproduce,Lizard,244,403,3,250,4,offspring:2
27377,starvation,Penguin,253,507,9,204,0,
27380,age_death,Lizard,1849,95,8,287,9,
27380,age_death,Lizard,1850,91,7,328,6,
27381,hunt_fail,Boar,1931,102,8,290,0,target_died
27381,reproduce,Monkey,173,381,5,262,6,offspring:1
27382,age_death,Elk,420,64,4,220,5,
27382,reproduce,Penguin,693,459,9,200,9,offspring:1
27383,reproduce,Elk,346,309,6,56,0,offspring:1
27388,kill,Musk Ox,609,148,0,106,1,killed_by:Shark:1204
27388,reproduce,Lizard,2458,501,9,294,9,offspring:2
27389,hunt_fail,Shark,986,150,3,103,8,prey_escaped
27389,hunt_start,Jaguar,1776,39,6,360,8,target:Lizard:20
27389,age_death,Monkey,2451,263,1,119,4,
27390,reproduce,Boar,2455,350,7,70,6,offspring:2
27391,hunt_start,Boar,2451,351,9,73,0,target:Shroomer:1942
27391,hunt_start,Boar,2455,350,7,70,6,target:Shroomer:1942
27398,kill,Lizard,20,41,8,362,9,killed_by:Jaguar:1776
27402,reproduce,Frog,1891,110,8,239,6,offspring:2
27407,hunt_start,Boar,180,21,5,506,6,target:Lizard:626
27408,age_death,Lizard,1863,422,8,507,6,
27408,age_death,Lizard,1864,435,5,506,0,
27409,kill,Tapir,1282,357,1,421,7,killed_by:Polar Bear:958
27411,reproduce,Tapir,120,49,0,206,6,offspring:1
27413,reproduce,Parrot,1624,289,7,334,3,offspring:1
27413,reproduce,Monkey,2018,257,3,266,5,offspring:1
27420,kill,Musk Ox,2157,324,4,233,9,killed_by:Jaguar:618
27420,age_death,Rabbit,890,232,5,290,7,
27420,reproduce,Monkey,507,505,9,298,9,offspring:1
27426,kill,Shroomer,1590,164,7,211,0,killed_by:Shark:480
27427,hunt_start,Shark,480,164,9,210,3,target:Deer:474
27427,reproduce,Lizard,2092,488,5,147,2,offspring:2
27430,age_death,Rabbit,56,230,2,293,9,
27430,age_death,Rabbit,1369,232,5,293,2,
27430,reproduce,Boar,850,284,9,217,3,offspring:2
27432,kill,Musk Ox,1229,136,0,97,2,killed_by:Shark:1741
27432,reproduce,Musk Ox,1901,368,0,198,7,offspring:1
27440,age_death,Monkey,2461,320,6,103,1,
27443,reproduce,Lizard,626,26,3,512,0,offspring:2
27447,kill,Shroomer,1207,247,5,87,9,killed_by:Boar:278
27447,age_death,Lizard,1892,48,6,188,2,
27447,reproduce,Parrot,726,20,9,239,0,offspring:1
27450,reproduce,Parrot,219,93,3,402,0,offspring:1
27452,age_death,Fish,1855,103,9,202,3,
27453,reproduce,Boar,201,320,5,133,1,offspring:2
27467,age_death,Lizard,782,151,3,482,1,
27469,reproduce,Parrot,387,163,0,336,3,offspring:1
27470,age_death,Fish,538,105,7,204,9,
27470,reproduce,Camel,498,281,8,383,9,offspring:1
27486,age_death,Frog,932,110,6,232,4,
27486,age_death,Frog,1898,111,5,232,8,
27486,reproduce,Penguin,1316,211,0,252,5,offspring:1
27486,reproduce,Lizard,2327,4,0,403,8,offspring:2
27500,starvation,Shroomer,1383,4,5,315,1,
27503,reproduce,Boar,874,342,9,310,9,offspring:2
27508,age_death,Frog,503,175,1,444,6,
27509,age_death,Lizard,1903,110,5,332,8,
27510,age_death,Parrot,2146,52,0,219,3,
27512,reproduce,Lizard,1165,157,6,495,8,offspring:2
27514,kill,Shroomer,1942,346,1,73,8,killed_by:Boar:2451
27514,reproduce,Parrot,1357,287,8,360,7,offspring:1
27514,reproduce,Deer,2108,226,2,299,9,offspring:1
27515,hunt_fail,Boar,2455,346,6,73,4,prey_escaped
27521,hunt_start,Boar,2383,305,3,134,8,target:Frog:2498
27525,hunt_start,Jaguar,1512,34,2,337,1,target:Camel:1228
27529,starvation,Shroomer,974,506,9,17,5,
27529,reproduce,Rabbit,2074,420,0,199,6,offspring:2
27532,age_death,Monkey,2478,372,0,215,9,
27533,reproduce,Fish,2237,101,4,188,7,offspring:2
27546,age_death,Monkey,2483,367,8,152,4,
27548,reproduce,Tapir,213,439,9,364,5,offspring:1
27553,kill,Camel,1228,34,8,340,7,killed_by:Jaguar:1512
27554,age_death,Frog,1219,392,6,434,1,
27554,age_death,Frog,1220,387,6,401,9,
27557,reproduce,Parrot,2071,5,2,374,3,offspring:1
27558,kill,Shroomer,2396,303,0,73,7,killed_by:Polar Bear:141
27558,reproduce,Deer,479,414,0,373,5,offspring:1
27561,age_death,Monkey,2479,244,5,181,8,
27561,reproduce,Rabbit,1297,365,8,163,6,offspring:2
27561,reproduce,Musk Ox,2062,123,9,99,8,offspring:1
27570,hunt_start,Shark,1105,267,7,109,4,target:Shroomer:644
27578,hunt_start,Boar,1189,419,8,310,2,target:Penguin:961
27581,hunt_start,Jaguar,2285,240,7,316,4,target:Lizard:1030
27586,kill,Deer,316,425,8,82,8,killed_by:Polar Bear:2431
27586,reproduce,Lizard,1033,487,4,309,8,offspring:2
27587,hunt_start,Jaguar,729,317,2,233,7,target:Boar:1836
27587,hunt_start,Shark,986,147,8,100,6,target:Turtle:362
27588,hunt_start,Jaguar,88,242,7,314,9,target:Lizard:1030
27615,starvation,Parrot,60,435,4,452,4,
27615,reproduce,Camel,184,370,2,374,6,offspring:1
27617,hunt_start,Jaguar,1776,41,8,368,6,target:Deer:505
27618,kill,Deer,2310,436,0,84,6,killed_by:Polar Bear:566
27618,reproduce,Parrot,628,290,4,351,6,offspring:1
27620,age_death,Penguin,298,467,0,309,5,
27620,reproduce,Monkey,761,319,2,50,6,offspring:1
27622,hunt_start,Polar Bear,1748,354,1,435,4,target:Tapir:715
27633,hunt_start,Boar,1805,133,8,481,7,target:Lizard:1038
27663,hunt_start,Boar,874,341,1,308,5,target:Penguin:540
27663,age_death,Rabbit,1274,266,1,480,1,
27666,reproduce,Lizard,1783,302,1,264,0,offspring:2
27691,age_death,Elk,453,495,9,336,5,
27691,age_death,Lizard,1406,54,8,471,1,
27692,reproduce,Tapir,2126,431,8,294,1,offspring:1
27694,starvation,Shroomer,1345,500,0,27,6,
27695,reproduce,Camel,1944,452,1,412,2,offspring:1
27696,kill,Tapir,1237,133,1,108,2,killed_by:Shark:1181
27696,reproduce,Deer,450,220,4,296,5,offspring:1
27696,reproduce,Lizard,1623,205,8,404,5,offspring:2
27699,hunt_start,Crocodile,1092,19,3,248,6,target:Tapir:1667
27704,kill,Deer,474,160,5,230,3,killed_by:Shark:480
27708,reproduce,Monkey,1153,96,5,321,5,offspring:1
27728,hunt_start,Crocodile,2312,2,6,243,7,target:Boar:841
27729,age_death,Parrot,219,89,0,406,9,
27730,kill,Deer,1597,338,7,68,1,killed_by:Polar Bear:1965
27730,reproduce,Deer,1533,352,9,489,5,offspring:1
27731,reproduce,Parrot,1876,348,9,483,6,offspring:1
27743,age_death,Musk Ox,585,372,5,52,5,
27746,starvation,Fish,2360,220,8,400,9,
27747,reproduce,Frog,217,300,4,111,4,offspring:2
27749,starvation,Rabbit,768,494,4,160,1,
27752,reproduce,Boar,2269,370,4,201,4,offspring:2
27753,hunt_start,Boar,768,368,4,203,6,target:Frog:127
27753,hunt_start,Boar,2269,370,5,201,4,target:Frog:1798
27759,hunt_start,Polar Bear,245,180,2,91,8,target:Elk:2448
27772,hunt_start,Boar,1189,433,2,309,3,target:Penguin:961
27773,kill,Tapir,1667,22,6,250,2,killed_by:Crocodile:1092
27776,kill,Shroomer,644,268,8,120,8,killed_by:Shark:1105
27776,reproduce,Elk,1486,4,1,391,1,offspring:1
27778,spore_created,Shroomer,-1,488,5,30,3,
27795,hunt_start,Shark,1181,134,0,105,8,target:Turtle:362
27796,starvation,Shroomer,2180,369,4,403,8,
27797,starvation,Rabbit,2491,503,4,205,8,
27797,reproduce,Elk,1799,69,2,181,7,offspring:1
27799,reproduce,Elk,2209,508,6,243,6,offspring:1
27801,age_death,Fish,914,361,4,351,4,
27802,age_death,Lizard,1363,102,2,75,1,
27803,reproduce,Musk Ox,2300,361,0,199,3,offspring:1
27808,reproduce,Boar,2247,87,1,490,8,offspring:2
27809,hunt_start,Boar,1363,86,2,493,1,target:Lizard:2011
27809,hunt_start,Boar,2247,87,1,490,8,target:Lizard:2011
27816,hunt_start,Jaguar,818,329,7,210,3,target:Tapir:1155
27819,age_death,Boar,841,3,2,250,2,
27819,age_death,Boar,2016,41,8,294,8,
27819,reproduce,Parrot,470,392,2,412,6,offspring:1
27819,reproduce,Deer,1912,143,4,229,7,offspring:1
27820,hunt_fail,Crocodile,2312,2,6,244,0,prey_escaped
27828,kill,Turtle,362,128,4,105,6,killed_by:Shark:986
27829,hunt_fail,Shark,1181,131,2,105,5,target_died
27829,hunt_start,Shark,1181,131,2,105,5,target:Turtle:1200
27829,reproduce,Elk,2172,152,4,355,8,offspring:1
27835,starvation,Shroomer,831,444,5,398,9,
27838,reproduce,Boar,1526,229,1,164,9,offspring:2
27839,age_death,Tapir,706,67,3,162,7,
27839,reproduce,Parrot,1649,352,7,506,8,offspring:1
27855,starvation,Polar Bear,1697,438,0,394,1,
27855,reproduce,Parrot,464,255,8,369,3,offspring:1
27857,hunt_start,Polar Bear,2257,413,0,18,2,target:Musk Ox:1264
27865,kill,Deer,505,47,1,353,3,killed_by:Jaguar:1776
27866,reproduce,Rabbit,1074,405,7,265,1,offspring:2
27871,age_death,Rabbit,1389,451,3,486,1,
27872,reproduce,Elk,172,124,1,394,7,offspring:1
27874,age_death,Rabbit,310,362,7,338,9,
27874,age_death,Rabbit,1390,388,9,328,9,
27874,reproduce,Rabbit,1362,384,3,334,4,offspring:2
27877,age_death,Penguin,413,490,2,255,6,
27878,reproduce,Parrot,869,251,0,266,2,offspring:1
27898,spore_matured,Shroomer,-1,488,5,30,3,
27898,reproduce,Shroomer,-1,488,5,30,3,offspring:1
27910,hunt_start,Shark,1884,233,0,90,7,target:Shroomer:991
27914,hunt_start,Crocodile,2312,1,5,244,8,target:Deer:1556
27925,hunt_start,Jaguar,1512,34,2,347,9,target:Musk Ox:2232
27930,hunt_start,Polar Bear,958,366,7,422,7,target:Camel:2364
27946,age_death,Boar,2247,87,4,499,0,
27946,age_death,Boar,2248,91,3,490,8,
27947,age_death,Rabbit,569,505,1,509,0,
27947,age_death,Boar,909,388,3,222,4,
27947,age_death,Boar,2249,365,4,196,8,
27947,reproduce,Boar,1645,324,5,194,6,offspring:2
27948,reproduce,Parrot,771,135,1,334,8,offspring:1
27948,reproduce,Musk Ox,1103,132,3,93,6,offspring:1
27948,reproduce,Parrot,1759,266,8,144,6,offspring:1
27949,hunt_start,Shark,1204,143,3,100,4,target:Musk Ox:909
27953,age_death,Parrot,464,250,4,368,8,
27954,reproduce,Lizard,1702,490,9,484,5,offspring:2
27958,hunt_start,Boar,2361,392,1,239,3,target:Penguin:1738
27964,kill,Shroomer,991,235,7,88,1,killed_by:Shark:1884
27966,reproduce,Rabbit,350,444,7,213,8,offspring:2
27976,age_death,Fish,125,134,6,373,5,
27979,spore_created,Shroomer,-1,69,9,270,2,
27984,kill,Musk Ox,2232,33,5,342,1,killed_by:Jaguar:1512
27984,reproduce,Penguin,1919,197,1,230,4,offspring:1
27993,hunt_start,Shark,1741,129,8,97,7,target:Musk Ox:909
27993,kill,Musk Ox,1264,419,0,23,8,killed_by:Polar Bear:2257
27995,kill,Turtle,1200,130,6,94,5,killed_by:Shark:1181
27995,reproduce,Lizard,2416,438,0,297,9,offspring:2
28000,age_death,Tapir,1084,373,8,418,7,
28000,age_death,Tapir,1085,56,5,487,5,
28000,age_death,Tapir,1086,262,7,150,4,
28000,reproduce,Monkey,2358,76,7,330,0,offspring:1
28001,reproduce,Deer,2021,84,5,100,5,offspring:1
28002,starvation,Monkey,2041,51,7,252,5,
28005,reproduce,Lizard,42,28,6,427,7,offspring:2
28009,age_death,Tapir,1109,98,4,469,3,
28009,reproduce,Parrot,1467,227,2,504,3,offspring:1
28017,age_death,Parrot,403,292,0,498,5,
28019,reproduce,Deer,2258,88,6,101,1,offspring:1
28022,age_death,Frog,1971,344,6,491,9,
28022,reproduce,Lizard,1030,254,5,341,0,offspring:2
28024,age_death,Boar,2231,389,5,339,8,
28024,age_death,Boar,2263,402,2,330,3,
28024,reproduce,Boar,238,335,9,27,9,offspring:2
28028,kill,Elk,2448,167,8,83,5,killed_by:Polar Bear:245
28028,reproduce,Parrot,1905,56,7,111,0,offspring:1
28032,kill,Tapir,1155,321,9,207,4,killed_by:Jaguar:818
28035,reproduce,Musk Ox,1211,125,3,96,1,offspring:1
28036,age_death,Deer,83,45,6,301,7,
28039,age_death,Tapir,1131,259,3,165,5,
28039,reproduce,Boar,584,483,8,411,3,offspring:2
28046,age_death,Musk Ox,613,35,5,81,9,
28046,reproduce,Fish,44,250,4,408,8,offspring:2
28053,age_death,Monkey,456,421,2,424,7,
28053,reproduce,Deer,344,414,5,378,7,offspring:1
28060,age_death,Fish,29,103,4,191,8,
28060,age_death,Fish,836,103,4,190,8,
28060,reproduce,Parrot,1497,339,7,397,1,offspring:1
28063,age_death,Tapir,1148,129,6,287,2,
28063,reproduce,Parrot,1205,263,5,152,8,offspring:1
28064,starvation,Shroomer,2243,511,3,8,6,
28064,age_death,Boar,2268,382,1,210,8,
28064,age_death,Boar,2269,384,8,195,7,
28064,reproduce,Deer,1519,279,2,92,0,offspring:1
28065,reproduce,Fish,736,103,6,206,5,offspring:2
28065,reproduce,Boar,1489,359,0,407,6,offspring:2
28075,kill,Musk Ox,909,135,4,94,7,killed_by:Shark:1204
28076,hunt_fail,Shark,1741,134,8,95,3,target_died
28076,hunt_start,Shark,1741,134,8,95,3,target:Turtle:287
28077,age_death,Fish,2335,101,5,192,1,
28077,reproduce,Frog,155,109,4,231,5,offspring:2
28084,age_death,Tapir,1160,376,3,399,3,
28087,reproduce,Penguin,187,459,8,321,2,offspring:1
28094,kill,Camel,2364,364,1,433,1,killed_by:Polar Bear:958
28094,reproduce,Parrot,620,142,2,322,6,offspring:1
28101,hunt_start,Polar Bear,141,307,1,74,0,target:Shroomer:2454
28101,kill,Boar,1836,321,5,247,8,killed_by:Jaguar:729
28101,spore_created,Shroomer,-1,477,8,32,0,
28111,starvation,Crocodile,2312,1,8,245,4,
28111,reproduce,Penguin,1593,48,3,297,2,offspring:1
28113,hunt_fail,Jaguar,2285,243,0,318,2,prey_escaped
28123,age_death,Monkey,1462,376,3,169,4,
28126,reproduce,Monkey,1586,487,3,369,4,offspring:1
28128,age_death,Elk,419,47,8,255,5,
28129,hunt_start,Polar Bear,2431,425,1,88,6,target:Deer:2128
28129,age_death,Lizard,139,465,1,142,7,
28129,age_death,Lizard,436,457,2,149,6,
28130,hunt_start,Shark,986,130,5,103,0,target:Musk Ox:1103
28130,age_death,Parrot,1169,297,5,338,7,
28130,reproduce,Elk,133,106,2,407,8,offspring:1
28130,reproduce,Camel,530,331,0,162,9,offspring:1
28130,reproduce,Rabbit,1459,502,8,497,2,offspring:2
28136,age_death,Parrot,2307,37,7,167,0,
28140,reproduce,Monkey,1454,281,9,90,9,offspring:1
28144,age_death,Boar,2275,338,4,323,8,
28144,spore_created,Shroomer,-1,476,6,4,3,
28151,spore_matured,Shroomer,-1,69,9,270,2,
28151,reproduce,Shroomer,-1,69,9,270,2,offspring:1
28155,starvation,Monkey,1555,506,3,220,9,
28156,reproduce,Boar,1626,223,6,387,6,offspring:2
28157,hunt_start,Jaguar,729,323,3,247,4,target:Frog:504
28161,starvation,Parrot,443,327,6,402,5,
28161,hunt_start,Polar Bear,566,432,6,91,1,target:Deer:2128
28161,age_death,Tapir,1125,255,5,243,5,
28162,reproduce,Monkey,1841,491,2,175,9,offspring:1
28163,kill,Frog,127,378,7,228,5,killed_by:Boar:768
28163,reproduce,Tapir,2197,52,5,488,6,offspring:1
28166,reproduce,Monkey,1718,293,0,84,3,offspring:1
28188,age_death,Tapir,743,368,8,271,9,
28192,age_death,Penguin,2334,491,4,292,8,
28192,reproduce,Fish,891,136,3,375,9,offspring:2
28199,age_death,Tapir,774,288,4,286,9,
28199,spore_created,Shroomer,-1,352,0,81,4,
28206,kill,Shroomer,2454,307,1,77,3,killed_by:Polar Bear:141
28206,reproduce,Lizard,897,131,6,309,1,offspring:2
28214,hunt_start,Jaguar,2285,242,8,313,5,target:Lizard:719
28221,spore_matured,Shroomer,-1,477,8,32,0,
28221,reproduce,Shroomer,-1,477,8,32,0,offspring:1
28225,starvation,Shroomer,1444,495,0,28,7,
28225,reproduce,Tapir,1001,233,1,195,3,offspring:1
28226,kill,Turtle,287,124,4,94,1,killed_by:Shark:1741
28227,reproduce,Fish,2478,97,5,191,0,offspring:2
28232,age_death,Lizard,2092,483,2,135,6,
28235,reproduce,Lizard,1375,113,2,288,3,offspring:2
28237,hunt_start,Jaguar,1776,43,0,356,2,target:Deer:1488
28242,hunt_start,Jaguar,618,307,6,219,0,target:Boar:835
28244,hunt_start,Boar,831,232,8,162,9,target:Shroomer:299
28251,age_death,Rabbit,1524,486,9,340,5,
28251,age_death,Rabbit,1790,507,6,358,5,
28252,hunt_start,Polar Bear,465,192,5,109,1,target:Shroomer:290
28252,spore_created,Shroomer,-1,114,5,240,6,
28252,spore_created,Shroomer,-1,121,8,240,7,
28257,hunt_start,Jaguar,2347,16,5,440,4,target:Lizard:42
28264,spore_matured,Shroomer,-1,476,6,4,9,
28264,reproduce,Shroomer,-1,476,6,4,9,offspring:1
28265,hunt_start,Shark,480,159,2,226,2,target:Shroomer:2029
28270,age_death,Tapir,211,392,7,262,0,
28271,age_death,Fish,2302,361,6,354,2,
28271,age_death,Fish,2303,360,5,354,0,
28271,reproduce,Penguin,926,492,9,304,7,offspring:1
28272,reproduce,Frog,508,398,5,409,2,offspring:2
28273,hunt_start,Polar Bear,1965,342,0,69,9,target:Turtle:1478
28277,hunt_start,Boar,2322,27,6,423,2,target:Lizard:1086
28283,hunt_start,Boar,1726,126,2,330,9,target:Frog:1560
28288,age_death,Tapir,1190,252,3,167,8,
28289,starvation,Parrot,1818,198,3,257,3,
28289,reproduce,Elk,306,233,2,419,9,offspring:1
28289,reproduce,Lizard,734,46,8,225,7,offspring:2
28298,starvation,Penguin,318,512,0,198,9,
28298,hunt_fail,Boar,1598,511,2,199,0,target_died
28301,starvation,Shroomer,1991,503,4,23,5,
28302,reproduce,Parrot,2032,491,7,381,4,offspring:1
28306,reproduce,Camel,11,259,6,382,4,offspring:1
28318,kill,Musk Ox,1103,131,9,90,1,killed_by:Shark:986
28319,spore_matured,Shroomer,-1,352,0,81,4,
28319,reproduce,Shroomer,-1,352,0,81,4,offspring:1
28320,reproduce,Boar,806,197,6,376,3,offspring:2
28329,age_death,Boar,2072,91,1,425,7,
28330,reproduce,Deer,2338,421,2,22,1,offspring:1
28331,starvation,Shroomer,1973,71,5,279,6,
28332,reproduce,Monkey,1634,411,8,216,4,offspring:1
28334,starvation,Rabbit,552,446,5,488,5,
28334,reproduce,Parrot,1241,276,5,362,0,offspring:1
28336,age_death,Penguin,395,465,1,251,6,
28337,hunt_start,Shark,1105,272,7,105,6,target:Shroomer:158
28337,reproduce,Deer,280,291,4,342,5,offspring:1
28348,age_death,Monkey,2198,307,3,167,6,
28350,reproduce,Monkey,1681,211,4,188,7,offspring:1
28356,hunt_start,Jaguar,1512,25,4,354,8,target:Deer:1295
28357,age_death,Camel,525,280,3,440,5,
28358,reproduce,Deer,980,335,4,118,3,offspring:1
28386,age_death,Lizard,2020,34,8,167,1,
28389,reproduce,Parrot,1599,219,1,498,0,offspring:1
28396,kill,Turtle,1478,338,8,66,0,killed_by:Polar Bear:1965
28397,reproduce,Parrot,198,84,2,319,8,offspring:1
28404,starvation,Shroomer,646,141,3,241,8,
28404,hunt_start,Jaguar,818,326,9,207,1,target:Boar:2248
28404,reproduce,Tapir,328,51,6,263,6,offspring:1
28405,age_death,Lizard,1038,132,7,472,8,
28405,age_death,Lizard,1757,149,5,475,5,
28407,reproduce,Parrot,2105,262,6,145,6,offspring:1
28409,reproduce,Boar,562,102,1,421,3,offspring:2
28410,kill,Deer,1488,41,3,371,2,killed_by:Jaguar:1776
28414,age_death,Camel,512,351,5,511,9,
28416,reproduce,Turtle,1976,77,0,383,6,offspring:1
28417,age_death,Boar,2319,13,8,257,1,
28417,reproduce,Monkey,627,328,3,40,5,offspring:1
28417,reproduce,Camel,783,255,4,85,9,offspring:1
28419,kill,Shroomer,2029,162,9,220,2,killed_by:Shark:480
28419,reproduce,Camel,1745,241,3,278,7,offspring:1
28422,age_death,Boar,2320,308,9,129,7,
28422,age_death,Boar,2321,390,8,127,0,
28422,reproduce,Musk Ox,98,142,7,123,7,offspring:1
28422,reproduce,Rabbit,1742,486,2,242,8,offspring:2
28424,age_death,Boar,2322,28,2,422,6,
28424,reproduce,Deer,1606,424,4,14,1,offspring:1
28424,spore_matured,Shroomer,-1,114,4,240,6,
28424,reproduce,Shroomer,-1,114,4,240,6,offspring:1
28424,spore_matured,Shroomer,-1,121,8,240,7,
28424,reproduce,Shroomer,-1,121,8,240,7,offspring:1
28425,age_death,Boar,2324,439,5,205,1,
28425,age_death,Boar,2325,433,1,193,1,
28425,reproduce,Penguin,1417,287,0,287,3,offspring:1
28429,reproduce,Fish,1984,357,1,355,4,offspring:2
28430,age_death,Lizard,2012,270,5,505,9,
28431,age_death,Musk Ox,582,97,2,61,4,
28433,reproduce,Rabbit,1666,417,9,239,2,offspring:2
28434,kill,Frog,504,344,2,238,1,killed_by:Jaguar:729
28434,reproduce,Lizard,1539,293,6,389,3,offspring:2
28443,age_death,Lizard,2030,44,8,166,5,
28443,age_death,Lizard,2031,54,9,135,9,
28443,reproduce,Elk,2024,217,2,214,6,offspring:1
28444,hunt_start,Jaguar,729,344,0,238,0,target:Frog:601
28445,reproduce,Penguin,2353,500,1,302,8,offspring:1
28463,starvation,Parrot,1393,188,8,258,9,
28463,age_death,Frog,600,280,8,274,9,
28464,reproduce,Monkey,231,363,4,158,1,offspring:1
28476,spore_created,Shroomer,-1,477,1,20,9,
28490,kill,Shroomer,299,225,6,155,1,killed_by:Boar:831
28490,reproduce,Parrot,1065,252,5,446,7,offspring:1
28520,hunt_start,Boar,2263,334,8,29,4,target:Lizard:2286
28523,age_death,Frog,629,158,4,463,2,
28524,reproduce,Musk Ox,844,5,6,419,7,offspring:1
28525,hunt_start,Shark,1884,232,2,84,7,target:Boar:842
28535,hunt_start,Boar,562,98,2,420,6,target:Lizard:2340
28535,kill,Deer,2128,418,7,110,3,killed_by:Polar Bear:2431
28535,age_death,Lizard,661,56,7,378,6,
28536,hunt_fail,Boar,273,50,2,375,2,target_died
28536,hunt_fail,Polar Bear,566,420,7,105,6,target_died
28536,hunt_start,Polar Bear,566,420,7,105,6,target:Boar:1214
28536,hunt_start,Polar Bear,2257,419,3,13,2,target:Musk Ox:2159
28536,reproduce,Musk Ox,701,8,6,329,6,offspring:1
28539,reproduce,Monkey,2374,338,7,90,1,offspring:1
28556,hunt_start,Shark,1181,129,7,95,1,target:Musk Ox:2062
28564,age_death,Lizard,546,52,2,489,7,
28565,reproduce,Musk Ox,598,37,2,109,9,offspring:1
28566,kill,Boar,2248,330,5,194,7,killed_by:Jaguar:818
28566,reproduce,Boar,108,419,0,222,4,offspring:2
28570,starvation,Shroomer,2465,61,5,283,5,
28571,hunt_start,Polar Bear,245,168,7,88,2,target:Elk:1860
28574,age_death,Rabbit,694,241,3,81,0,
28574,age_death,Rabbit,1967,323,4,128,3,
28575,reproduce,Lizard,1425,3,9,370,4,offspring:2
28580,reproduce,Fish,1761,360,4,354,9,offspring:2
28603,spore_created,Shroomer,-1,507,3,63,9,
28606,age_death,Parrot,1241,273,5,367,3,
28606,reproduce,Parrot,51,93,3,480,7,offspring:1
28609,age_death,Parrot,1244,417,8,389,1,
28610,reproduce,Frog,947,423,4,389,0,offspring:2
28611,hunt_fail,Jaguar,88,251,3,331,5,prey_escaped
28613,age_death,Monkey,1843,56,2,248,6,
28615,hunt_start,Polar Bear,958,373,9,430,0,target:Camel:1408
28616,reproduce,Penguin,393,510,1,240,4,offspring:1
28617,age_death,Tapir,328,51,3,265,2,
28617,reproduce,Parrot,1937,70,7,432,1,offspring:1
28619,age_death,Monkey,268,113,0,285,0,
28620,starvation,Rabbit,455,500,8,128,5,
28620,reproduce,Parrot,1010,48,3,426,0,offspring:1
28620,reproduce,Polar Bear,1965,339,9,67,9,offspring:1
28621,hunt_start,Polar Bear,455,338,9,70,5,target:Musk Ox:1269
28621,hunt_start,Polar Bear,1965,339,9,67,9,target:Musk Ox:1788
28627,age_death,Lizard,179,429,5,402,2,
28629,reproduce,Monkey,335,135,8,283,9,offspring:1
28629,reproduce,Monkey,1721,120,8,245,9,offspring:1
28636,hunt_start,Shark,1204,131,8,97,9,target:Musk Ox:1066
28637,age_death,Tapir,1263,255,9,188,5,
28640,reproduce,Lizard,687,121,6,261,4,offspring:2
28649,kill,Boar,842,234,2,76,8,killed_by:Shark:1884
28650,kill,Frog,601,340,4,241,2,killed_by:Jaguar:729
28650,kill,Musk Ox,2159,414,1,17,1,killed_by:Polar Bear:2257
28650,reproduce,Penguin,412,365,6,345,5,offspring:1
28651,reproduce,Lizard,473,100,7,136,2,offspring:2
28652,age_death,Musk Ox,623,19,4,329,0,
28653,reproduce,Camel,1997,276,0,435,0,offspring:1
28655,kill,Shroomer,290,202,0,93,6,killed_by:Polar Bear:465
28655,age_death,Tapir,1271,159,7,488,3,
28655,reproduce,Monkey,1076,325,1,60,5,offspring:1
28655,reproduce,Camel,2196,2,0,312,7,offspring:1
28673,age_death,Fish,1288,132,7,374,4,
28675,reproduce,Frog,154,155,7,497,0,offspring:2
28676,starvation,Elk,1616,426,0,459,8,
28676,age_death,Tapir,1289,134,1,237,6,
28676,reproduce,Penguin,697,378,7,322,7,offspring:1
28677,age_death,Parrot,1256,408,9,391,7,
28678,reproduce,Deer,922,266,8,101,1,offspring:1
28680,reproduce,Lizard,679,385,5,22,5,offspring:2
28682,age_death,Frog,1614,329,3,119,1,
28682,reproduce,Frog,1167,312,7,389,2,offspring:2
28709,kill,Musk Ox,2062,124,2,104,3,killed_by:Shark:1181
28709,reproduce,Lizard,544,208,8,152,9,offspring:2
28714,age_death,Tapir,1311,43,0,166,4,
28714,reproduce,Lizard,1809,170,6,436,5,offspring:2
28720,kill,Musk Ox,1269,336,1,75,0,killed_by:Polar Bear:455
28721,reproduce,Parrot,1164,471,1,21,8,offspring:1
28723,age_death,Rabbit,350,430,9,215,7,
28724,starvation,Shroomer,752,107,9,156,5,
28726,spore_created,Shroomer,-1,470,0,50,5,
28726,spore_created,Shroomer,-1,465,7,62,1,
28743,age_death,Lizard,135,380,8,56,4,
28743,age_death,Lizard,343,424,0,18,7,
28743,age_death,Frog,444,145,7,387,3,
28744,reproduce,Parrot,2472,449,1,409,4,offspring:1
28745,reproduce,Boar,611,14,7,298,5,offspring:2
28746,hunt_start,Boar,343,16,6,301,4,target:Monkey:2434
28746,hunt_start,Boar,444,16,6,301,4,target:Monkey:2434
28749,hunt_start,Polar Bear,141,306,6,81,2,target:Shroomer:157
28756,age_death,Tapir,1334,244,1,229,0,
28760,reproduce,Penguin,428,383,2,324,8,offspring:1
28768,age_death,Tapir,1338,93,3,469,7,
28768,reproduce,Parrot,1207,37,9,245,3,offspring:1
28772,age_death,Lizard,1664,426,2,273,7,
28774,reproduce,Lizard,85,364,4,388,2,offspring:2
28775,hunt_start,Crocodile,1092,23,7,245,6,target:Deer:2218
28775,age_death,Tapir,1341,253,1,100,7,
28775,reproduce,Penguin,931,36,2,292,7,offspring:1
28782,hunt_start,Jaguar,1776,36,4,361,3,target:Deer:1295
28782,kill,Musk Ox,1788,333,6,61,3,killed_by:Polar Bear:1965
28783,reproduce,Monkey,1352,372,6,416,9,offspring:1
28787,kill,Boar,1214,433,2,111,7,killed_by:Polar Bear:566
28787,hunt_start,Shark,1741,127,0,90,9,target:Turtle:589
28789,reproduce,Rabbit,800,272,1,275,4,offspring:2
28792,kill,Musk Ox,1066,127,2,107,0,killed_by:Shark:1204
28795,spore_created,Shroomer,-1,86,9,278,3,
28802,kill,Camel,1408,362,6,436,6,killed_by:Polar Bear:958
28804,reproduce,Penguin,1996,430,9,318,2,offspring:1
28807,hunt_start,Boar,2451,339,6,66,6,target:Shroomer:1710
28815,starvation,Shroomer,830,473,8,326,0,
28817,reproduce,Parrot,1224,83,6,498,1,offspring:1
28818,age_death,Deer,105,278,0,365,1,
28819,hunt_fail,Shark,1479,221,2,320,0,prey_escaped
28819,age_death,Lizard,918,88,6,381,9,
28821,reproduce,Monkey,329,303,7,182,7,offspring:1
28821,reproduce,Lizard,1284,243,8,416,7,offspring:2
28826,hunt_fail,Boar,1005,348,9,21,2,prey_escaped
28826,age_death,Tapir,286,66,7,214,4,
28826,reproduce,Parrot,519,27,2,236,1,offspring:1
28833,starvation,Boar,1977,465,9,147,5,
28841,reproduce,Parrot,1856,52,3,484,5,offspring:1
28842,age_death,Deer,163,125,0,204,1,
28842,age_death,Penguin,2236,503,0,285,8,
28842,reproduce,Parrot,2067,502,2,64,1,offspring:1
28843,reproduce,Lizard,1003,397,2,84,3,offspring:2
28846,age_death,Fish,2381,133,6,373,9,
28846,reproduce,Tapir,1087,349,3,268,4,offspring:1
28847,age_death,Boar,2385,366,9,280,6,
28847,age_death,Boar,2386,401,7,260,7,
28847,reproduce,Elk,872,243,9,67,3,offspring:1
28850,reproduce,Parrot,1734,491,9,498,2,offspring:1
28858,kill,Deer,1295,31,3,355,0,killed_by:Jaguar:1512
28859,hunt_fail,Jaguar,1776,35,2,359,6,target_died
28859,hunt_start,Jaguar,1776,35,2,359,6,target:Musk Ox:591
28860,reproduce,Boar,307,506,3,307,8,offspring:2
28861,hunt_start,Boar,307,506,3,307,8,target:Penguin:608
28861,hunt_start,Boar,1295,507,5,307,8,target:Penguin:608
28870,kill,Elk,1860,159,7,102,3,killed_by:Polar Bear:245
28872,reproduce,Boar,1595,422,8,228,3,offspring:2
28877,age_death,Tapir,200,285,7,108,5,
28879,hunt_start,Shark,986,123,1,98,1,target:Turtle:2141
28880,spore_created,Shroomer,-1,241,4,95,6,
28881,hunt_start,Boar,278,241,3,90,3,target:Shroomer:200
28883,age_death,Musk Ox,591,38,8,353,3,
28884,hunt_fail,Jaguar,1776,35,5,359,1,target_died
28884,hunt_start,Jaguar,1776,35,5,359,1,target:Elk:1309
28885,kill,Turtle,589,122,5,91,8,killed_by:Shark:1741
28885,reproduce,Monkey,1075,325,1,324,0,offspring:1
28886,age_death,Tapir,732,239,9,283,1,
28887,reproduce,Deer,1558,431,2,135,0,offspring:1
28889,reproduce,Tapir,222,349,9,86,6,offspring:1
28898,spore_matured,Shroomer,-1,470,0,50,5,
28898,reproduce,Shroomer,-1,470,0,50,5,offspring:1
28898,spore_matured,Shroomer,-1,465,3,62,3,
28898,reproduce,Shroomer,-1,465,3,62,3,offspring:1
28901,hunt_fail,Boar,278,241,3,91,3,target_died
28901,reproduce,Musk Ox,72,19,9,341,4,offspring:1
28903,age_death,Camel,526,366,9,473,9,
28906,age_death,Frog,203,80,3,465,6,
28907,age_death,Boar,1377,130,2,287,9,
28907,age_death,Boar,1693,124,9,321,6,
28908,reproduce,Frog,1672,338,7,480,2,offspring:2
28908,reproduce,Deer,2112,10,3,326,4,offspring:1
28910,age_death,Lizard,2087,461,8,505,2,
28910,age_death,Lizard,2088,489,9,477,7,
28910,reproduce,Fish,1578,130,8,371,3,offspring:2
28910,reproduce,Tapir,2480,105,9,448,2,offspring:1
28915,spore_matured,Shroomer,-1,86,9,278,3,
28915,reproduce,Shroomer,-1,86,9,278,3,offspring:1
28923,starvation,Elk,432,82,5,241,5,
28923,starvation,Shroomer,1596,506,4,10,5,
28923,reproduce,Tapir,261,168,3,467,2,offspring:1
28923,reproduce,Turtle,1880,151,3,445,7,offspring:1
28934,kill,Shroomer,157,301,3,80,2,killed_by:Polar Bear:141
28937,hunt_start,Boar,2451,338,3,64,2,target:Shroomer:1710
28938,hunt_start,Jaguar,818,321,1,206,3,target:Monkey:1043
28941,age_death,Monkey,583,352,2,153,3,
28942,reproduce,Lizard,168,302,1,399,3,offspring:2
28943,age_death,Rabbit,1566,509,6,252,2,
28943,age_death,Rabbit,2175,505,7,281,4,
28943,reproduce,Parrot,660,455,2,421,7,offspring:1
28944,starvation,Polar Bear,955,304,0,82,1,
28944,hunt_start,Boar,1598,500,1,201,2,target:Monkey:1147
28944,reproduce,Boar,1726,127,1,322,1,offspring:2
28945,hunt_start,Boar,955,128,0,320,4,target:Lizard:2454
28945,hunt_start,Boar,2175,128,0,320,4,target:Lizard:2454
28955,starvation,Boar,1598,499,3,201,4,
28957,reproduce,Deer,1692,257,6,226,7,offspring:1
28969,age_death,Boar,2361,402,7,244,0,
28969,age_death,Boar,2392,388,0,228,2,
28971,reproduce,Tapir,1952,327,4,384,4,offspring:1
28975,reproduce,Boar,1855,321,0,139,2,offspring:2
28976,starvation,Elk,1568,141,5,57,5,
28976,hunt_fail,Shark,247,159,4,83,0,target_died
28977,starvation,Lizard,1980,467,2,146,0,
28977,reproduce,Lizard,1899,134,0,220,9,offspring:2
28979,starvation,Parrot,1423,33,5,332,6,
28980,hunt_start,Shark,480,161,2,220,2,target:Shroomer:24
28981,kill,Turtle,2141,124,3,92,0,killed_by:Shark:986
28982,reproduce,Turtle,1171,128,0,95,6,offspring:1
28985,reproduce,Monkey,1472,487,5,264,5,offspring:1
28997,starvation,Parrot,1669,25,8,324,8,
29000,reproduce,Penguin,820,421,7,250,9,offspring:1
29018,age_death,Musk Ox,625,12,5,15,0,
29020,spore_created,Shroomer,-1,485,3,4,4,
29023,age_death,Penguin,2284,475,8,276,6,
29024,reproduce,Lizard,2331,448,4,168,5,offspring:2
29052,age_death,Frog,2121,449,0,507,8,
29053,reproduce,Rabbit,721,345,9,351,1,offspring:2
29054,starvation,Shroomer,2083,499,7,344,4,
29056,reproduce,Tapir,1137,51,7,458,8,offspring:1
29081,environment_death,Shroomer,1066,85,3,278,8,drowning
29082,reproduce,Penguin,1236,45,3,290,9,offspring:1
29095,age_death,Lizard,1030,250,6,391,3,
29095,age_death,Lizard,2125,252,8,140,4,
29096,hunt_fail,Polar Bear,1670,250,7,387,2,target_died
29096,hunt_start,Polar Bear,1670,250,7,387,2,target:Camel:1991
29096,reproduce,Boar,1189,418,7,313,3,offspring:2
29097,hunt_start,Boar,1030,416,4,312,0,target:Penguin:2460
29097,hunt_start,Boar,1189,418,7,313,2,target:Penguin:2460
29097,hunt_start,Boar,2125,416,4,312,0,target:Penguin:2460
29100,starvation,Shroomer,385,490,7,14,8,
29100,age_death,Monkey,1992,373,2,233,4,
29100,reproduce,Deer,1368,130,5,223,7,offspring:1
29102,reproduce,Camel,685,271,3,379,8,offspring:1
29103,environment_death,Shroomer,107,484,1,39,2,drowning
29104,kill,Elk,1309,32,4,364,1,killed_by:Jaguar:1776
29104,reproduce,Lizard,23,58,9,487,8,offspring:2
29131,kill,Tapir,715,444,7,410,9,killed_by:Polar Bear:1748
29135,reproduce,Parrot,706,355,1,508,9,offspring:1
29140,spore_matured,Shroomer,-1,485,0,4,6,
29140,reproduce,Shroomer,-1,485,0,4,6,offspring:1
29153,starvation,Deer,112,37,4,329,5,
29160,age_death,Musk Ox,617,38,9,365,3,
29162,reproduce,Musk Ox,2179,294,5,192,8,offspring:1
29164,age_death,Monkey,705,73,1,319,4,
29164,reproduce,Penguin,2394,213,0,268,8,offspring:1
29164,spore_created,Shroomer,-1,493,8,57,8,
29172,starvation,Fish,1653,136,5,357,6,
29173,spore_created,Shroomer,-1,317,0,99,9,
29188,age_death,Monkey,2233,376,5,328,4,
29191,kill,Shroomer,24,172,1,224,3,killed_by:Shark:480
29191,reproduce,Monkey,2025,302,4,159,9,offspring:1
29191,spore_created,Shroomer,-1,70,6,261,7,
29193,hunt_start,Polar Bear,2257,413,2,18,2,target:Shroomer:824
29198,hunt_start,Polar Bear,465,200,2,88,0,target:Musk Ox:31
29206,reproduce,Parrot,2249,259,3,148,9,offspring:1
29210,hunt_start,Shark,1884,228,0,72,3,target:Shroomer:786
29213,starvation,Lizard,803,179,3,285,8,
29213,hunt_fail,Shark,348,179,2,291,8,target_died
29213,reproduce,Boar,1897,95,6,426,0,offspring:2
29216,starvation,Fish,1652,132,5,354,6,
29224,spore_created,Shroomer,-1,474,1,47,0,
29230,hunt_start,Jaguar,1512,24,3,354,3,target:Camel:2420
29239,starvation,Parrot,915,336,9,359,5,
29240,reproduce,Camel,301,23,5,314,0,offspring:1
29260,hunt_start,Boar,768,375,6,229,9,target:Penguin:1927
29263,hunt_start,Polar Bear,455,340,5,75,5,target:Boar:2455
29270,starvation,Deer,1409,431,0,83,0,
29270,hunt_start,Shark,1181,128,7,93,0,target:Musk Ox:1155
29272,reproduce,Boar,1805,141,8,476,8,offspring:2
29282,age_death,Camel,529,389,5,173,0,
29284,spore_matured,Shroomer,-1,493,8,57,8,
29284,reproduce,Shroomer,-1,493,8,57,8,offspring:1
29286,reproduce,Boar,1475,404,4,385,0,offspring:2
29287,age_death,Lizard,1549,368,6,341,6,
29287,age_death,Lizard,2115,399,6,321,5,
29289,age_death,Tapir,1484,107,8,252,0,
29290,reproduce,Camel,1346,342,6,508,3,offspring:1
29290,reproduce,Frog,2280,264,7,269,6,offspring:2
29299,starvation,Elk,423,78,5,203,6,
29301,kill,Camel,1991,260,0,379,9,killed_by:Polar Bear:1670
29301,reproduce,Tapir,2367,115,1,56,3,offspring:1
29302,hunt_start,Polar Bear,1670,259,4,380,4,target:Camel:11
29307,hunt_start,Polar Bear,2431,425,6,102,4,target:Boar:1483
29307,age_death,Penguin,2353,500,3,294,0,
29309,reproduce,Musk Ox,564,318,2,52,7,offspring:1
29309,reproduce,Musk Ox,1647,218,3,134,2,offspring:1
29311,spore_matured,Shroomer,-1,70,3,262,1,
29311,reproduce,Shroomer,-1,70,3,262,1,offspring:1
29321,age_death,Boar,2443,32,0,262,9,
29321,age_death,Boar,2444,19,9,302,6,
29322,spore_created,Shroomer,-1,262,2,153,8,
29322,spore_created,Shroomer,-1,258,6,158,7,
29325,hunt_start,Polar Bear,1965,335,6,61,0,target:Shroomer:1710
29326,age_death,Boar,2445,14,6,261,8,
29326,age_death,Boar,2446,20,9,273,7,
29327,hunt_start,Polar Bear,958,363,5,432,3,target:Parrot:2289
29330,hunt_start,Polar Bear,566,426,0,116,9,target:Musk Ox:1580
29330,reproduce,Musk Ox,2326,313,8,122,9,offspring:1
29331,reproduce,Penguin,819,503,0,252,0,offspring:1
29337,kill,Camel,2420,18,3,358,6,killed_by:Jaguar:1512
29337,reproduce,Elk,723,39,4,152,3,offspring:1
29343,reproduce,Lizard,883,250,2,496,7,offspring:2
29344,spore_created,Shroomer,-1,64,7,208,6,
29348,kill,Boar,835,293,1,205,0,killed_by:Jaguar:618
29351,starvation,Shroomer,263,509,9,21,6,
29353,hunt_start,Shark,1204,137,3,107,3,target:Musk Ox:2320
29353,reproduce,Elk,1830,468,0,427,0,offspring:1
29355,age_death,Tapir,714,409,6,403,1,
29355,reproduce,Frog,657,224,3,297,6,offspring:2
29360,age_death,Lizard,1226,76,2,399,5,
29362,reproduce,Fish,691,361,2,356,8,offspring:2
29383,age_death,Frog,488,370,4,202,1,
29388,reproduce,Deer,1047,281,0,96,9,offspring:1
29389,starvation,Shroomer,371,499,5,5,0,
29393,age_death,Lizard,153,360,3,59,4,
29393,age_death,Lizard,679,394,8,36,2,
29393,reproduce,Monkey,1330,412,4,91,8,offspring:1
29393,reproduce,Parrot,2185,467,5,337,8,offspring:1
29396,spore_created,Shroomer,-1,353,2,66,2,
29397,age_death,Tapir,1505,55,8,131,9,
29397,reproduce,Boar,1537,489,3,145,5,offspring:2
29398,hunt_start,Boar,1505,486,6,147,7,target:Lizard:890
29398,hunt_start,Boar,1537,489,3,145,5,target:Lizard:890
29408,age_death,Musk Ox,586,393,5,63,5,
29412,reproduce,Penguin,76,494,6,246,9,offspring:1
29414,starvation,Parrot,1328,248,8,251,6,
29414,reproduce,Turtle,124,24,6,409,0,offspring:1
29422,starvation,Shroomer,933,510,4,13,8,
29429,kill,Boar,2455,345,4,67,0,killed_by:Polar Bear:455
29429,reproduce,Tapir,950,354,9,392,6,offspring:1
29430,kill,Shroomer,1710,332,4,62,8,killed_by:Polar Bear:1965
29432,spore_created,Shroomer,-1,323,9,77,9,
29432,spore_created,Shroomer,-1,329,9,72,1,
29434,age_death,Boar,1005,348,6,27,4,
29436,reproduce,Monkey,1415,421,7,271,7,offspring:1
29437,starvation,Rabbit,1794,200,1,164,1,
29438,kill,Camel,11,258,2,373,5,killed_by:Polar Bear:1670
29438,reproduce,Parrot,841,388,2,411,9,offspring:1
29438,reproduce,Frog,1421,62,3,468,3,offspring:2
29440,kill,Musk Ox,1155,121,4,93,9,killed_by:Shark:1181
29440,reproduce,Parrot,894,507,7,486,7,offspring:1
29446,kill,Musk Ox,1580,420,9,114,9,killed_by:Polar Bear:566
29446,hunt_start,Shark,1741,126,5,99,8,target:Turtle:1432
29450,age_death,Frog,1732,156,9,365,5,
29450,reproduce,Elk,640,338,6,480,8,offspring:1
29450,reproduce,Monkey,1548,245,6,192,2,offspring:1
29456,kill,Shroomer,824,423,1,17,8,killed_by:Polar Bear:2257
29462,hunt_start,Shark,1479,224,3,315,8,target:Deer:1345
29464,reproduce,Fish,1326,134,2,376,0,offspring:2
29468,starvation,Rabbit,1040,512,0,260,3,
29468,reproduce,Penguin,565,507,4,244,3,offspring:1
29473,starvation,Penguin,1778,175,6,258,4,
29473,hunt_fail,Boar,2089,157,9,165,7,prey_escaped
29475,reproduce,Penguin,27,223,0,239,1,offspring:1
29476,hunt_fail,Boar,641,161,0,167,8,prey_escaped
29476,hunt_start,Jaguar,1776,24,8,357,8,target:Elk:1667
29477,hunt_start,Polar Bear,141,297,6,85,5,target:Shroomer:2168
29480,age_death,Monkey,1721,117,6,236,0,
29483,reproduce,Boar,102,223,8,160,5,offspring:2
29484,hunt_start,Boar,102,223,8,160,5,target:Lizard:2062
29484,hunt_start,Boar,1721,222,1,162,0,target:Lizard:2062
29486,age_death,Elk,392,395,2,507,1,
29486,reproduce,Boar,94,387,6,420,1,offspring:2
29487,hunt_start,Boar,94,387,6,420,1,target:Frog:927
29487,hunt_start,Boar,392,387,5,422,5,target:Frog:927
29493,age_death,Musk Ox,622,64,0,428,0,
29494,kill,Deer,2218,9,5,217,2,killed_by:Crocodile:1092
29495,reproduce,Parrot,1585,310,8,443,4,offspring:1
29497,reproduce,Tapir,738,250,2,146,2,offspring:1
29512,environment_death,Shroomer,785,362,0,78,6,drowning
29512,hunt_fail,Shark,993,362,5,79,9,target_died
29512,hunt_start,Shark,993,362,5,79,9,target:Elk:636
29516,spore_matured,Shroomer,-1,353,2,66,2,
29516,reproduce,Shroomer,-1,353,2,66,2,offspring:1
29516,spore_matured,Shroomer,-1,64,7,208,6,
29516,reproduce,Shroomer,-1,64,7,208,6,offspring:1
29520,reproduce,Elk,1018,236,8,60,9,offspring:1
29530,age_death,Camel,517,440,4,485,1,
29533,reproduce,Musk Ox,2415,388,4,28,2,offspring:1
29542,hunt_start,Shark,986,125,3,97,1,target:Turtle:1171
29545,kill,Musk Ox,2320,136,9,121,2,killed_by:Shark:1204
29545,reproduce,Monkey,1095,495,2,352,0,offspring:1
29548,kill,Turtle,1432,121,7,97,8,killed_by:Shark:1741
29552,spore_matured,Shroomer,-1,330,0,72,0,
29552,reproduce,Shroomer,-1,330,0,72,0,offspring:1
29552,spore_matured,Shroomer,-1,323,9,78,1,
29552,reproduce,Shroomer,-1,323,9,78,1,offspring:1
29555,reproduce,Parrot,882,172,7,413,7,offspring:1
29581,age_death,Monkey,1158,391,2,159,6,
29581,reproduce,Monkey,2039,159,8,251,6,offspring:1
29584,kill,Boar,1483,441,0,101,5,killed_by:Polar Bear:2431
29585,reproduce,Deer,1895,205,9,406,7,offspring:1
29594,age_death,Lizard,1621,389,1,394,6,
29594,age_death,Lizard,2186,432,5,404,5,
29594,reproduce,Monkey,2015,413,4,85,2,offspring:1
29596,reproduce,Parrot,726,30,5,223,2,offspring:1
29617,age_death,Elk,410,266,5,175,0,
29618,reproduce,Deer,2045,63,2,29,6,offspring:1
29624,hunt_start,Boar,973,128,7,328,0,target:Lizard:1665
29628,hunt_start,Jaguar,88,247,1,313,6,target:Deer:2108
29640,kill,Turtle,1171,124,8,95,9,killed_by:Shark:986
29641,reproduce,Monkey,913,84,5,340,2,offspring:1
29643,age_death,Boar,2492,7,0,395,1,
29643,reproduce,Tapir,718,309,0,410,6,offspring:1
29648,starvation,Jaguar,2285,242,7,280,0,
29649,kill,Elk,1667,28,0,364,6,killed_by:Jaguar:1776
29650,reproduce,Tapir,1609,427,0,375,0,offspring:1
29659,reproduce,Boar,2377,224,6,375,9,offspring:2
29661,age_death,Camel,513,334,8,507,6,
29663,reproduce,Tapir,399,275,6,290,1,offspring:1
29670,kill,Shroomer,2168,302,2,79,1,killed_by:Polar Bear:141
29673,kill,Musk Ox,31,207,0,65,4,killed_by:Polar Bear:465
29673,reproduce,Monkey,2023,334,9,89,9,offspring:1
29674,hunt_start,Polar Bear,1748,436,7,414,8,target:Camel:524
29674,reproduce,Monkey,809,360,0,203,5,offspring:1
29675,starvation,Shroomer,821,430,0,428,6,
29676,kill,Penguin,1927,366,1,206,1,killed_by:Boar:768
29676,reproduce,Parrot,521,148,7,346,4,offspring:1
29680,starvation,Elk,407,233,5,106,5,
29680,reproduce,Shark,480,167,0,225,0,offspring:1
29681,hunt_start,Shark,480,167,0,225,1,target:Shroomer:1049
29681,hunt_start,Shark,1927,167,4,223,9,target:Shroomer:1049
29681,reproduce,Parrot,128,298,7,508,2,offspring:1
29697,hunt_start,Boar,803,90,1,425,2,target:Lizard:487
29698,kill,Penguin,2460,391,7,324,9,killed_by:Boar:2125
29699,hunt_fail,Boar,1030,392,2,322,7,target_died
29699,hunt_fail,Boar,1189,401,3,312,6,target_died
29701,reproduce,Camel,1318,338,6,508,4,offspring:1
29703,age_death,Parrot,1059,30,2,139,1,
29705,starvation,Shroomer,1376,147,8,235,8,
29707,age_death,Lizard,8,88,9,376,9,
29707,age_death,Lizard,1163,121,4,403,9,
29707,reproduce,Crocodile,1092,8,9,219,6,offspring:1
29707,reproduce,Frog,2226,302,6,190,3,offspring:2
29708,age_death,Tapir,1620,47,5,268,7,
29708,reproduce,Boar,768,365,4,206,1,offspring:2
29709,hunt_start,Boar,1163,364,3,204,6,target:Monkey:809
29709,hunt_start,Jaguar,1512,23,8,360,4,target:Boar:2270
29709,hunt_start,Boar,1620,364,3,204,6,target:Monkey:809
29709,age_death,Lizard,250,38,8,174,4,
29710,reproduce,Parrot,29,335,9,401,3,offspring:1
29720,starvation,Elk,2107,0,0,359,1,
29720,hunt_start,Jaguar,618,289,7,207,1,target:Boar:1369
29720,reproduce,Monkey,1591,10,7,133,0,offspring:1
29728,kill,Boar,1369,288,6,205,0,killed_by:Jaguar:618
29731,reproduce,Tapir,2113,23,0,258,9,offspring:1
29734,age_death,Rabbit,1923,232,5,196,0,
29734,reproduce,Musk Ox,460,28,7,416,2,offspring:1
29739,kill,Deer,1345,218,7,292,3,killed_by:Shark:1479
29740,hunt_start,Shark,1479,218,9,292,8,target:Frog:714
29741,reproduce,Boar,1302,107,6,493,3,offspring:2
29746,hunt_start,Boar,2451,332,0,62,7,target:Shroomer:2346
29757,kill,Frog,927,379,6,440,7,killed_by:Boar:392
29758,age_death,Rabbit,1362,383,3,334,3,
29758,reproduce,Frog,1522,451,5,491,0,offspring:2
29764,kill,Shroomer,1049,171,1,221,6,killed_by:Shark:1927
29764,reproduce,Frog,2391,328,4,443,5,offspring:2
29765,hunt_fail,Shark,480,171,0,222,6,prey_escaped
29765,hunt_start,Shark,480,171,0,222,6,target:Shroomer:825
29765,hunt_start,Shark,1927,171,7,222,0,target:Shroomer:825
29789,age_death,Deer,87,48,9,299,9,
29792,age_death,Elk,417,58,7,222,0,
29793,reproduce,Turtle,379,424,1,276,5,offspring:1
29793,reproduce,Penguin,1364,193,5,233,4,offspring:1
29801,hunt_start,Boar,2451,331,7,61,3,target:Shroomer:2346
29804,starvation,Shroomer,2145,493,5,29,6,
29804,reproduce,Polar Bear,141,300,7,79,3,offspring:1
29805,hunt_start,Polar Bear,141,300,7,79,4,target:Tapir:259
29805,hunt_start,Polar Bear,2145,300,6,78,4,target:Tapir:259
29816,starvation,Parrot,2239,56,6,304,5,
29817,kill,Camel,524,440,7,409,5,killed_by:Polar Bear:1748
29818,hunt_fail,Polar Bear,1099,439,7,400,9,target_died
29818,hunt_start,Polar Bear,1099,439,7,400,9,target:Frog:1244
29818,reproduce,Monkey,1282,259,7,275,1,offspring:1
29820,age_death,Parrot,251,462,9,46,3,
29821,reproduce,Boar,1215,419,5,435,0,offspring:2
29822,hunt_start,Boar,251,421,0,437,1,target:Lizard:162
29822,hunt_start,Boar,524,421,0,437,1,target:Lizard:162
29842,age_death,Tapir,718,311,9,412,8,
29842,reproduce,Monkey,1353,119,8,252,0,offspring:1
29846,age_death,Monkey,1643,426,2,245,7,
29847,reproduce,Lizard,2286,350,8,56,8,offspring:2
29869,hunt_fail,Polar Bear,958,348,0,466,2,discomfort
29882,age_death,Frog,2226,305,3,189,3,
29882,age_death,Frog,2391,328,2,443,7,
29884,reproduce,Monkey,1152,30,0,153,4,offspring:1
29887,age_death,Deer,147,288,1,357,7,
29888,reproduce,Lizard,1107,346,4,126,9,offspring:2
29909,kill,Boar,2270,22,1,363,5,killed_by:Jaguar:1512
29910,reproduce,Deer,2076,350,0,31,2,offspring:1
29913,hunt_start,Boar,768,365,3,202,7,target:Frog:1036
29914,age_death,Tapir,1013,49,1,267,3,
29914,reproduce,Deer,1017,76,3,326,1,offspring:1
29937,age_death,Lizard,476,125,1,300,2,
29937,reproduce,Elk,1531,12,5,130,4,offspring:1
29938,kill,Frog,714,232,4,305,4,killed_by:Shark:1479
29939,hunt_start,Shark,1479,232,1,305,1,target:Frog:657
29941,reproduce,Monkey,127,284,7,95,1,offspring:1
29949,starvation,Lizard,1314,209,4,362,5,
29951,starvation,Shroomer,1449,510,5,27,5,
29951,hunt_start,Boar,2451,333,4,58,6,target:Shroomer:2346
29952,reproduce,Elk,1140,227,8,417,3,offspring:1
29954,reproduce,Boar,56,281,5,201,7,offspring:2
29970,starvation,Monkey,516,448,5,329,4,
29972,hunt_start,Polar Bear,455,345,1,75,0,target:Shroomer:496
29972,reproduce,Parrot,347,19,9,153,6,offspring:1
29973,hunt_start,Polar Bear,1965,335,9,64,9,target:Musk Ox:19
29973,age_death,Monkey,1602,0,7,232,8,
29973,reproduce,Elk,886,223,6,210,9,offspring:1
29981,hunt_start,Polar Bear,1670,258,8,381,0,target:Camel:1992
29982,kill,Deer,2108,248,1,302,0,killed_by:Jaguar:88
29984,spore_created,Shroomer,-1,140,0,248,0,
29989,hunt_start,Polar Bear,566,424,1,116,6,target:Musk Ox:2408
29999,hunt_start,Polar Bear,2257,417,4,13,4,target:Musk Ox:41
30000,age_death,Deer,978,330,5,438,8,
30000,age_death,Deer,980,332,2,117,5,
30000,age_death,Deer,981,322,7,48,3,
30000,age_death,Deer,985,257,1,507,6,
30000,age_death,Parrot,1028,450,4,407,9,
30000,age_death,Musk Ox,1064,94,7,25,4,
30000,age_death,Musk Ox,1068,53,5,95,5,
30000,age_death,Musk Ox,1069,2,9,14,4,
30000,reproduce,Lizard,351,452,3,406,8,offspring:2
30000,reproduce,Penguin,823,214,1,269,9,offspring:1
30000,reproduce,Monkey,2144,153,2,250,3,offspring:1
30001,hunt_start,Shark,1181,128,7,97,6,target:Turtle:1423
30001,age_death,Parrot,1031,416,3,370,2,
30001,spore_created,Shroomer,-1,299,4,93,6,
30001,spore_created,Shroomer,-1,308,5,85,3,
30004,kill,Tapir,259,292,1,90,1,killed_by:Polar Bear:141
30004,reproduce,Parrot,771,151,9,343,5,offspring:1
30005,hunt_fail,Polar Bear,2145,294,5,86,6,target_died
30005,hunt_start,Polar Bear,2145,294,5,86,6,target:Camel:2204
30005,age_death,Tapir,304,145,0,507,4,
30005,reproduce,Rabbit,369,495,9,346,7,offspring:2
30005,reproduce,Lizard,429,396,4,483,8,offspring:2
30021,hunt_start,Jaguar,1776,19,1,355,1,target:Musk Ox:72
30023,spore_created,Shroomer,-1,373,1,70,5,
30025,age_death,Penguin,1333,499,9,271,0,
30028,reproduce,Monkey,983,28,1,158,1,offspring:1
30040,age_death,Lizard,2266,259,2,455,7,
30040,age_death,Lizard,2267,315,0,379,8,
30040,reproduce,Elk,1370,210,7,209,1,offspring:1
30041,reproduce,Boar,1452,275,9,87,2,offspring:2
30042,hunt_start,Boar,1452,275,9,87,2,target:Shroomer:511
30042,hunt_start,Boar,2267,275,4,88,4,target:Shroomer:511
30044,hunt_start,Boar,655,0,9,417,8,target:Lizard:2281
30044,age_death,Musk Ox,1134,2,6,36,7,
30045,reproduce,Elk,185,57,7,116,4,offspring:1
30059,age_death,Elk,425,59,5,221,5,
30060,spore_created,Shroomer,-1,475,7,28,5,
30061,age_death,Musk Ox,1145,376,1,202,0,
30063,age_death,Tapir,793,159,2,254,7,
30063,reproduce,Elk,1275,24,7,221,5,offspring:1
30063,reproduce,Deer,2183,293,5,335,3,offspring:1
30084,age_death,Deer,143,302,7,277,2,
30086,reproduce,Parrot,547,458,1,30,2,offspring:1
30087,starvation,Shroomer,1540,504,9,21,2,
30087,age_death,Deer,1161,362,3,381,3,
30087,reproduce,Monkey,1447,386,8,83,6,offspring:1
30089,reproduce,Lizard,146,383,1,331,4,offspring:2
30095,kill,Turtle,1423,127,1,101,4,killed_by:Shark:1181
30095,reproduce,Elk,896,486,4,424,2,offspring:1
30100,hunt_start,Jaguar,618,295,1,205,2,target:Frog:1655
30104,spore_created,Shroomer,-1,76,8,272,3,
30109,hunt_start,Shark,1741,125,7,95,4,target:Musk Ox:440
30121,spore_matured,Shroomer,-1,308,5,85,3,
30121,reproduce,Shroomer,-1,308,5,85,3,offspring:1
30136,hunt_start,Boar,2451,330,9,58,2,target:Shroomer:2346
30141,age_death,Monkey,1172,447,1,212,8,
30141,spore_created,Shroomer,-1,475,2,20,2,
30146,age_death,Frog,1587,173,6,493,7,
30150,reproduce,Penguin,2134,256,6,223,4,offspring:1
30161,kill,Musk Ox,19,341,2,56,2,killed_by:Polar Bear:1965
30163,starvation,Parrot,2283,127,9,482,4,
30165,reproduce,Musk Ox,579,106,2,59,1,offspring:1
30165,spore_created,Shroomer,-1,334,6,63,0,
30167,starvation,Parrot,1338,79,7,247,9,
30167,kill,Frog,657,222,7,286,6,killed_by:Shark:1479
30168,hunt_start,Shark,1479,223,0,287,0,target:Frog:263
30168,reproduce,Monkey,937,412,4,129,5,offspring:1
30168,reproduce,Monkey,1063,448,4,416,2,offspring:1
30170,kill,Camel,2204,284,9,87,1,killed_by:Polar Bear:2145
30171,kill,Camel,1992,268,6,386,8,killed_by:Polar Bear:1670
30173,reproduce,Tapir,2430,366,3,180,5,offspring:1
30174,age_death,Lizard,1781,389,0,315,4,
30174,spore_created,Shroomer,-1,475,8,21,6,
30174,spore_created,Shroomer,-1,465,5,27,0,
30177,kill,Shroomer,496,352,4,79,3,killed_by:Polar Bear:455
30177,age_death,Musk Ox,169,0,3,74,6,
30178,reproduce,Musk Ox,1713,17,6,28,4,offspring:1
30178,reproduce,Deer,2124,149,1,381,5,offspring:1
30180,spore_matured,Shroomer,-1,476,0,28,9,
30180,reproduce,Shroomer,-1,476,0,28,9,offspring:1
30184,kill,Musk Ox,41,421,3,24,0,killed_by:Polar Bear:2257
30184,reproduce,Penguin,187,479,1,312,7,offspring:1
30192,starvation,Shroomer,2026,65,4,283,6,
30192,age_death,Boar,1930,291,6,186,0,
30192,reproduce,Elk,671,368,3,30,9,offspring:1
30192,reproduce,Monkey,948,66,8,191,9,offspring:1
30194,age_death,Tapir,1703,103,4,129,5,
30194,reproduce,Frog,1968,387,5,205,6,offspring:2
30195,spore_matured,Shroomer,-1,373,1,70,5,
30195,reproduce,Shroomer,-1,373,1,70,5,offspring:1
30201,hunt_start,Shark,986,124,4,99,4,target:Musk Ox:1211
30206,age_death,Deer,495,253,4,447,7,
30207,starvation,Shroomer,1946,73,5,277,5,
30207,age_death,Lizard,223,241,5,433,6,
30207,age_death,Lizard,1034,246,8,435,6,
30208,age_death,Rabbit,1252,453,6,173,7,
30208,age_death,Rabbit,1434,466,3,131,1,
30208,reproduce,Penguin,1849,439,5,201,8,offspring:1
30208,reproduce,Tapir,2056,126,4,254,9,offspring:1
30210,reproduce,Elk,1815,124,9,404,4,offspring:1
30210,reproduce,Lizard,2062,197,8,137,1,offspring:2
30211,age_death,Lizard,2264,370,6,255,1,
30211,age_death,Lizard,2265,376,0,219,0,
30213,hunt_start,Polar Bear,141,292,1,92,5,target:Monkey:714
30213,reproduce,Lizard,1311,181,2,445,8,offspring:2
30213,reproduce,Parrot,2020,224,5,503,1,offspring:1
30216,hunt_start,Polar Bear,465,207,2,74,2,target:Elk:2422
30219,age_death,Lizard,1122,68,0,117,3,
30219,age_death,Lizard,2127,90,2,106,4,
30219,reproduce,Parrot,1822,482,4,69,7,offspring:1
30221,starvation,Lizard,1971,251,6,336,6,
30223,kill,Shroomer,511,268,8,86,6,killed_by:Boar:1452
30223,reproduce,Elk,194,121,5,417,6,offspring:1
30224,hunt_fail,Boar,2267,268,6,87,2,target_died
30224,reproduce,Camel,178,339,2,481,0,offspring:1
30224,spore_matured,Shroomer,-1,76,8,272,3,
30224,reproduce,Shroomer,-1,76,8,272,3,offspring:1
30225,kill,Musk Ox,440,124,4,87,7,killed_by:Shark:1741
30225,reproduce,Penguin,509,274,9,261,7,offspring:1
30233,reproduce,Penguin,693,446,9,214,0,offspring:1
30240,age_death,Camel,514,442,1,474,1,
30240,reproduce,Frog,1655,301,1,195,8,offspring:2
30241,kill,Musk Ox,2408,434,7,125,2,killed_by:Polar Bear:566
30242,age_death,Musk Ox,1187,380,8,194,3,
30243,reproduce,Deer,7,219,6,496,5,offspring:1
30244,starvation,Lizard,760,349,8,0,0,
30244,reproduce,Boar,273,28,2,362,1,offspring:2
30259,age_death,Fish,324,33,8,326,2,
30259,age_death,Fish,1696,34,9,327,0,
30260,reproduce,Elk,1457,381,6,140,4,offspring:1
30261,spore_created,Shroomer,-1,480,1,9,5,
30263,starvation,Monkey,1627,46,0,250,1,
30264,reproduce,Elk,2245,410,8,485,4,offspring:1
30268,spore_created,Shroomer,-1,235,4,83,2,
30278,age_death,Monkey,2081,400,8,267,9,
30278,reproduce,Musk Ox,93,14,3,108,1,offspring:1
30281,hunt_start,Jaguar,1512,19,6,349,1,target:Musk Ox:200
30283,hunt_start,Boar,1771,237,9,88,9,target:Shroomer:1172
30289,age_death,Monkey,2102,388,7,146,9,
30289,reproduce,Penguin,649,347,0,340,1,offspring:1
30290,hunt_start,Shark,1204,134,4,108,3,target:Musk Ox:2479
30294,spore_matured,Shroomer,-1,475,8,22,1,
30294,reproduce,Shroomer,-1,475,8,22,1,offspring:1
30300,kill,Musk Ox,1211,120,4,100,8,killed_by:Shark:986
30300,reproduce,Camel,2013,165,5,247,0,offspring:1
30306,age_death,Musk Ox,317,316,6,203,2,
30308,age_death,Deer,152,287,3,369,2,
30308,reproduce,Parrot,2448,76,8,126,8,offspring:1
30310,reproduce,Musk Ox,603,382,1,204,9,offspring:1
30311,kill,Frog,1655,301,7,192,3,killed_by:Jaguar:618
30312,hunt_start,Jaguar,618,301,6,192,7,target:Frog:514
30312,reproduce,Musk Ox,136,9,7,114,8,offspring:1
30332,age_death,Deer,37,297,7,497,3,
30337,spore_matured,Shroomer,-1,334,6,63,0,
30337,reproduce,Shroomer,-1,334,6,63,0,offspring:1
30338,reproduce,Jaguar,1512,20,0,345,5,offspring:1
30339,hunt_start,Jaguar,2283,19,0,347,4,target:Musk Ox:200
30343,age_death,Fish,68,35,3,322,7,
30344,reproduce,Elk,361,318,4,194,5,offspring:1
30346,spore_created,Shroomer,-1,482,2,24,7,
30350,age_death,Musk Ox,1195,7,8,118,9,
30352,reproduce,Lizard,1538,287,8,345,3,offspring:2
30353,kill,Frog,263,239,1,291,7,killed_by:Shark:1479
30354,hunt_start,Shark,1479,238,6,291,5,target:Camel:2029
30356,reproduce,Deer,477,14,4,378,4,offspring:1
30360,hunt_start,Polar Bear,1748,439,9,411,4,target:Lizard:1608
30360,age_death,Tapir,1622,319,6,135,9,
30360,reproduce,Parrot,1151,264,3,270,3,offspring:1
30373,age_death,Boar,2372,411,5,298,3,
30373,reproduce,Monkey,761,325,8,47,6,offspring:1
30375,hunt_start,Shark,348,168,2,289,8,target:Parrot:569
30381,spore_matured,Shroomer,-1,479,5,9,2,
30381,reproduce,Shroomer,-1,479,5,9,2,offspring:1
30387,age_death,Musk Ox,74,340,9,40,7,
30387,age_death,Lizard,1608,435,8,417,7,
30388,kill,Musk Ox,200,19,4,342,3,killed_by:Jaguar:1512
30388,hunt_fail,Polar Bear,1748,439,1,412,7,target_died
30388,hunt_start,Polar Bear,1748,439,1,412,7,target:Turtle:1576
30388,reproduce,Boar,655,1,2,410,3,offspring:2
30388,spore_matured,Shroomer,-1,235,4,83,2,
30388,reproduce,Shroomer,-1,235,4,83,2,offspring:1
30389,starvation,Parrot,906,120,8,488,3,
30389,hunt_fail,Boar,1771,236,1,84,7,target_died
30389,hunt_start,Boar,1771,236,1,84,7,target:Shroomer:200
30389,hunt_fail,Jaguar,2283,19,5,345,5,prey_escaped
30389,hunt_start,Jaguar,2283,19,5,345,5,target:Boar:2403
30389,reproduce,Penguin,1334,371,0,326,6,offspring:1
30391,reproduce,Tapir,2433,47,8,261,2,offspring:1
30408,kill,Musk Ox,72,15,4,341,6,killed_by:Jaguar:1776
30408,reproduce,Lizard,1272,282,9,499,0,offspring:2
30412,hunt_start,Polar Bear,958,351,6,465,0,target:Frog:96
30433,age_death,Rabbit,720,500,0,161,8,
30438,age_death,Fish,1541,36,7,323,5,
30438,age_death,Fish,2216,35,3,321,4,
30440,kill,Frog,514,292,8,190,3,killed_by:Jaguar:618
30441,reproduce,Monkey,338,48,7,267,9,offspring:1
30442,reproduce,Musk Ox,1813,12,2,116,9,offspring:1
30442,reproduce,Lizard,2236,404,4,74,7,offspring:2
30443,hunt_start,Jaguar,618,293,2,190,5,target:Musk Ox:2179
30457,age_death,Lizard,1963,220,6,206,4,
30463,reproduce,Deer,1735,271,7,96,0,offspring:1
30466,spore_matured,Shroomer,-1,482,2,24,7,
30466,reproduce,Shroomer,-1,482,2,24,7,offspring:1
30481,starvation,Shroomer,1914,495,5,11,9,
30481,reproduce,Deer,1528,261,7,245,4,offspring:1
30483,hunt_fail,Boar,1505,489,1,150,8,prey_escaped
30487,age_death,Elk,409,237,9,147,0,
30487,reproduce,Deer,876,10,4,324,2,offspring:1
30494,age_death,Lizard,1900,354,4,56,9,
30496,hunt_fail,Boar,1537,490,2,150,5,prey_escaped
30497,reproduce,Monkey,2230,251,4,196,7,offspring:1
30498,kill,Elk,2422,221,6,73,0,killed_by:Polar Bear:465
30498,reproduce,Penguin,1961,294,2,282,3,offspring:1
30501,age_death,Monkey,2434,98,2,341,6,
30502,reproduce,Parrot,268,18,6,432,7,offspring:1
30516,kill,Shroomer,200,234,4,80,9,killed_by:Boar:1771
30519,reproduce,Monkey,173,396,2,243,5,offspring:1
30521,age_death,Rabbit,1212,247,3,474,0,
30521,age_death,Rabbit,1213,257,8,488,7,
30521,age_death,Lizard,2342,478,6,503,0,
30521,spore_created,Shroomer,-1,57,7,207,8,
30521,spore_created,Shroomer,-1,54,7,211,7,
30524,starvation,Deer,255,49,4,252,8,
30525,reproduce,Penguin,497,289,3,258,9,offspring:1
30527,reproduce,Elk,435,12,7,146,7,offspring:1
30544,kill,Musk Ox,2479,120,4,103,5,killed_by:Shark:1204
30551,reproduce,Camel,534,389,1,171,5,offspring:1
30552,age_death,Lizard,1218,339,5,423,2,
30553,starvation,Parrot,387,144,4,381,7,
30554,reproduce,Parrot,1994,254,2,269,6,offspring:1
30554,spore_created,Shroomer,-1,480,9,46,6,
30557,age_death,Tapir,506,198,9,242,0,
30557,reproduce,Deer,1519,273,8,100,1,offspring:1
30561,age_death,Fish,943,361,3,355,9,
30561,age_death,Fish,1761,361,3,354,7,
30564,kill,Musk Ox,2179,295,0,197,5,killed_by:Jaguar:618
30564,reproduce,Fish,1411,39,8,322,3,offspring:2
30564,spore_created,Shroomer,-1,478,1,71,3,
30569,kill,Camel,2029,239,6,273,2,killed_by:Shark:1479
30570,starvation,Frog,1844,27,5,496,0,
30570,reproduce,Elk,380,337,8,23,3,offspring:1
30570,reproduce,Monkey,542,491,9,384,5,offspring:1
30576,hunt_start,Polar Bear,2145,290,1,86,4,target:Rabbit:1445
30577,age_death,Lizard,2327,5,2,391,8,
30577,spore_created,Shroomer,-1,63,3,277,1,
30603,hunt_start,Jaguar,729,323,4,229,2,target:Tapir:2161
30603,age_death,Musk Ox,1250,94,8,27,1,
30604,reproduce,Tapir,177,112,1,239,6,offspring:1
30607,age_death,Deer,191,323,6,449,2,
30608,reproduce,Parrot,1205,258,8,178,5,offspring:1
30615,age_death,Lizard,2220,94,2,107,1,
30616,reproduce,Tapir,120,47,7,217,4,offspring:1
30626,age_death,Deer,1254,67,2,280,6,
30626,age_death,Deer,1255,51,6,239,3,
30626,reproduce,Monkey,145,226,9,123,3,offspring:1
30628,reproduce,Tapir,2090,313,1,394,3,offspring:1
30631,kill,Turtle,1576,428,6,420,4,killed_by:Polar Bear:1748
30633,reproduce,Monkey,253,375,9,254,5,offspring:1
30641,spore_matured,Shroomer,-1,54,7,211,7,
30641,reproduce,Shroomer,-1,54,7,211,7,offspring:1
30644,age_death,Elk,421,77,5,201,9,
30644,reproduce,Fish,97,364,9,350,7,offspring:2
30665,kill,Elk,636,353,2,65,8,killed_by:Shark:993
30666,reproduce,Lizard,2103,442,0,166,6,offspring:2
30677,age_death,Tapir,1779,174,1,234,6,
30678,reproduce,Parrot,2289,355,1,489,6,offspring:1
30684,spore_matured,Shroomer,-1,478,2,71,2,
30684,reproduce,Shroomer,-1,478,2,71,2,offspring:1
30696,age_death,Deer,857,353,6,38,2,
30697,age_death,Deer,1301,349,4,90,0,
30697,spore_matured,Shroomer,-1,63,3,277,1,
30697,reproduce,Shroomer,-1,63,3,277,1,offspring:1
30698,reproduce,Boar,1771,235,7,79,4,offspring:2
30702,spore_matured,Shroomer,-1,58,7,208,6,
30702,reproduce,Shroomer,-1,58,7,208,6,offspring:1
30703,age_death,Deer,1304,348,2,105,1,
30703,reproduce,Parrot,1038,264,0,159,8,offspring:1
30704,hunt_start,Polar Bear,1965,337,7,62,6,target:Shroomer:1755
30706,age_death,Fish,1707,131,8,374,7,
30706,age_death,Fish,2206,131,1,375,4,
30706,reproduce,Boar,83,493,1,392,9,offspring:2
30707,hunt_start,Boar,1707,492,1,391,5,target:Monkey:542
30707,hunt_start,Boar,2206,492,1,391,5,target:Monkey:542
30714,hunt_start,Polar Bear,1670,269,6,384,1,target:Camel:538
30720,hunt_start,Polar Bear,455,350,9,77,6,target:Shroomer:1103
30724,age_death,Monkey,1061,433,3,329,3,
30725,reproduce,Camel,1287,293,5,348,2,offspring:1
30726,spore_matured,Shroomer,-1,480,9,46,6,
30726,reproduce,Shroomer,-1,480,9,46,6,offspring:1
30727,hunt_start,Polar Bear,2257,412,9,18,9,target:Deer:2338
30748,hunt_start,Polar Bear,2431,439,2,103,0,target:Monkey:1194
30751,starvation,Monkey,118,501,6,431,2,
30751,hunt_fail,Wolf,233,494,6,431,6,target_died
30751,hunt_start,Wolf,233,494,6,431,6,target:Monkey:612
30751,reproduce,Tapir,960,165,8,505,2,offspring:1
30760,hunt_start,Jaguar,1512,24,3,345,6,target:Elk:1673
30780,hunt_start,Jaguar,1776,18,6,335,9,target:Elk:2166
30781,starvation,Rabbit,457,144,6,181,3,
30782,age_death,Fish,1411,39,8,322,3,
30782,age_death,Fish,2421,38,9,322,8,
30782,reproduce,Musk Ox,1584,122,9,58,2,offspring:1
30784,hunt_start,Polar Bear,566,437,6,123,5,target:Deer:1100
30784,reproduce,Penguin,1088,288,3,271,7,offspring:1
30785,reproduce,Musk Ox,1139,389,8,110,0,offspring:1
30786,hunt_start,Shark,1741,125,6,89,5,target:Tapir:132
30792,kill,Elk,1673,27,7,342,8,killed_by:Jaguar:1512
30801,reproduce,Lizard,1237,163,2,394,0,offspring:2
30802,age_death,Elk,400,444,8,470,2,
30804,reproduce,Elk,2252,382,9,477,7,offspring:1
30811,kill,Elk,2166,22,8,334,5,killed_by:Jaguar:1776
30813,starvation,Elk,2474,426,5,494,5,
30813,reproduce,Camel,1437,294,7,345,3,offspring:1
30814,hunt_start,Boar,1608,8,3,404,7,target:Lizard:1898
30815,spore_created,Shroomer,-1,82,1,280,9,
30817,kill,Shroomer,1103,353,5,80,5,killed_by:Polar Bear:455
30817,reproduce,Shark,986,126,2,90,2,offspring:1
30818,hunt_start,Shark,986,126,2,90,2,target:Tapir:132
30818,hunt_start,Shark,1103,125,2,87,5,target:Tapir:132
30818,age_death,Deer,1367,277,0,361,0,
30818,reproduce,Parrot,1360,84,8,483,7,offspring:1
30819,starvation,Shroomer,644,496,7,28,6,
30820,spore_created,Shroomer,-1,477,4,50,5,
30822,age_death,Camel,528,280,4,433,0,
30824,reproduce,Penguin,256,349,3,337,8,offspring:1
30831,age_death,Deer,228,245,4,284,4,
30832,reproduce,Fish,1693,132,9,374,0,offspring:2
30835,kill,Frog,96,361,2,494,1,killed_by:Polar Bear:958
30835,reproduce,Penguin,932,207,2,262,4,offspring:1
30836,hunt_start,Polar Bear,958,360,9,493,2,target:Frog:359
30837,kill,Tapir,2161,326,4,211,5,killed_by:Jaguar:729
30837,age_death,Lizard,1373,83,3,96,1,
30837,reproduce,Penguin,234,198,8,224,3,offspring:1
30840,reproduce,Tapir,1350,101,1,37,9,offspring:1
30841,environment_death,Shroomer,786,268,8,63,9,drowning
30841,hunt_start,Boar,1187,32,8,369,5,target:Lizard:42
30841,hunt_fail,Shark,1884,269,0,65,3,target_died
30841,reproduce,Tapir,439,8,8,134,3,offspring:1
30843,environment_death,Camel,500,211,7,236,3,drowning
30844,age_death,Boar,611,3,9,324,0,
30846,reproduce,Turtle,1176,252,5,95,0,offspring:1
30850,age_death,Deer,1381,243,8,494,1,
30852,reproduce,Monkey,243,412,4,128,3,offspring:1
30852,reproduce,Musk Ox,1750,8,1,29,9,offspring:1
30864,age_death,Lizard,647,307,0,155,3,
30864,age_death,Lizard,1962,300,3,192,4,
30864,reproduce,Boar,190,484,6,276,8,offspring:2
30865,hunt_start,Boar,647,482,7,277,4,target:Penguin:674
30865,hunt_start,Boar,1962,482,7,277,4,target:Penguin:674
30878,kill,Camel,538,266,7,394,8,killed_by:Polar Bear:1670
30878,reproduce,Tapir,855,378,1,309,6,offspring:1
30883,hunt_start,Jaguar,729,327,8,211,7,target:Boar:1620
30884,hunt_start,Shark,1884,268,5,66,3,target:Camel:1157
30906,starvation,Parrot,2242,0,5,466,5,
30906,age_death,Musk Ox,592,40,4,363,7,
30907,reproduce,Monkey,150,223,8,139,2,offspring:1
30907,reproduce,Deer,372,332,0,109,7,offspring:1
30914,kill,Shroomer,1755,330,9,59,1,killed_by:Polar Bear:1965
30921,reproduce,Monkey,1194,424,0,109,6,offspring:1
30926,hunt_start,Crocodile,1059,15,5,225,5,target:Elk:1275
30935,spore_matured,Shroomer,-1,82,1,280,9,
30935,reproduce,Shroomer,-1,82,1,280,9,offspring:1
30936,hunt_start,Jaguar,618,296,2,193,2,target:Monkey:1043
30938,age_death,Penguin,1315,423,1,249,7,
30938,reproduce,Elk,362,141,9,356,5,offspring:1
30940,spore_matured,Shroomer,-1,477,4,50,5,
30940,reproduce,Shroomer,-1,477,4,50,5,offspring:1
30954,age_death,Parrot,2060,143,4,452,9,
30954,reproduce,Fish,1119,360,3,356,9,offspring:2
30955,hunt_start,Boar,655,9,4,408,0,target:Lizard:1086
30959,kill,Deer,2338,425,5,25,9,killed_by:Polar Bear:2257
30961,spore_created,Shroomer,-1,369,9,67,6,
30982,age_death,Musk Ox,242,12,7,32,6,
30983,reproduce,Tapir,2361,314,4,389,3,offspring:1
30984,age_death,Parrot,1144,17,4,149,4,
30987,reproduce,Elk,1000,357,8,485,9,offspring:1
31013,age_death,Elk,408,268,5,175,0,
31015,starvation,Polar Bear,1099,437,1,392,9,
31015,reproduce,Deer,1606,431,8,11,8,offspring:1
31017,reproduce,Parrot,413,260,4,268,3,offspring:1
31027,kill,Tapir,132,131,3,72,5,killed_by:Shark:1741
31028,hunt_fail,Shark,986,130,8,76,4,target_died
31028,hunt_start,Shark,986,130,8,76,4,target:Tapir:1009
31028,hunt_fail,Shark,1103,131,1,73,9,target_died
31028,hunt_start,Shark,1103,131,1,73,9,target:Tapir:1009
31030,age_death,Musk Ox,1428,330,2,132,7,
31030,reproduce,Lizard,1665,126,1,346,8,offspring:2
31032,age_death,Elk,398,326,5,506,8,
31033,reproduce,Deer,2362,89,4,248,2,offspring:1
31034,age_death,Musk Ox,1430,63,3,57,2,
31038,reproduce,Parrot,2310,293,7,335,8,offspring:1
31040,starvation,Shroomer,1812,503,4,27,7,
31040,reproduce,Elk,790,102,8,109,3,offspring:1
31041,kill,Boar,1620,334,6,209,6,killed_by:Jaguar:729
31041,reproduce,Fish,968,134,6,376,9,offspring:2
31051,age_death,Parrot,2071,11,2,375,6,
31051,reproduce,Boar,2269,354,7,417,3,offspring:2
31059,hunt_fail,Polar Bear,958,345,2,498,2,discomfort
31060,age_death,Lizard,698,135,7,217,3,
31060,reproduce,Penguin,2312,39,1,304,1,offspring:1
31076,starvation,Parrot,2164,47,3,415,4,
31077,reproduce,Lizard,1111,345,5,45,7,offspring:2
31082,age_death,Monkey,1110,476,1,441,3,
31084,reproduce,Lizard,1898,11,4,382,0,offspring:2
31085,spore_matured,Shroomer,-1,370,0,67,7,
31085,reproduce,Shroomer,-1,370,0,67,7,offspring:1
31086,age_death,Deer,1451,263,8,252,9,
31088,reproduce,Lizard,1379,251,3,158,2,offspring:2
31101,environment_death,Shroomer,2474,80,9,280,3,drowning
31101,reproduce,Parrot,370,372,2,375,5,offspring:1
31112,age_death,Lizard,1442,256,6,269,3,
31112,age_death,Lizard,2409,233,7,257,5,
31112,reproduce,Tapir,518,318,8,395,0,offspring:1
31112,reproduce,Rabbit,673,481,4,242,5,offspring:2
31117,age_death,Deer,1460,219,4,480,6,
31117,reproduce,Penguin,1936,346,4,338,9,offspring:1
31118,age_death,Tapir,1340,238,4,141,2,
31118,age_death,Tapir,1722,267,7,146,9,
31121,reproduce,Parrot,1464,429,2,341,9,offspring:1
31121,reproduce,Boar,2315,388,9,91,2,offspring:2
31128,age_death,Lizard,291,145,6,494,3,
31128,age_death,Lizard,554,140,4,499,9,
31128,reproduce,Lizard,763,397,7,240,4,offspring:2
31130,hunt_start,Shark,1479,250,9,257,3,target:Camel:1745
31130,age_death,Rabbit,1999,63,7,64,0,
31130,age_death,Rabbit,2000,81,1,41,0,
31132,kill,Deer,1100,456,1,112,0,killed_by:Polar Bear:566
31132,reproduce,Musk Ox,1414,179,6,59,6,offspring:1
31133,reproduce,Jaguar,618,297,7,189,3,offspring:1
31134,hunt_start,Jaguar,2000,299,6,188,7,target:Frog:8
31135,reproduce,Monkey,1158,153,8,250,2,offspring:1
31136,age_death,Musk Ox,483,390,8,65,5,
31137,reproduce,Parrot,166,12,6,505,5,offspring:1
31142,age_death,Rabbit,1277,372,8,151,2,
31144,age_death,Frog,1179,154,8,465,6,
31146,spore_created,Shroomer,-1,471,9,31,2,
31146,spore_created,Shroomer,-1,478,0,22,6,
31154,environment_death,Shroomer,825,215,4,232,5,drowning
31154,hunt_fail,Shark,480,213,9,231,9,target_died
31154,hunt_start,Shark,480,213,9,231,9,target:Deer:2306
31154,hunt_fail,Shark,1927,213,1,231,7,target_died
31154,hunt_start,Shark,1927,213,1,231,7,target:Deer:2306
31154,reproduce,Rabbit,689,123,8,58,6,offspring:2
31164,hunt_start,Jaguar,1512,23,6,340,6,target:Parrot:267
31168,kill,Penguin,674,479,4,299,4,killed_by:Boar:1962
31168,reproduce,Monkey,1266,90,7,326,7,offspring:1
31169,hunt_fail,Boar,647,479,7,297,6,prey_escaped
31174,hunt_start,Polar Bear,1748,430,5,423,0,target:Turtle:1096
31177,kill,Camel,1157,253,0,77,7,killed_by:Shark:1884
31180,reproduce,Parrot,1458,391,2,398,8,offspring:1
31183,hunt_start,Jaguar,1776,22,5,342,7,target:Parrot:267
31183,age_death,Parrot,1497,331,9,386,8,
31184,age_death,Rabbit,838,256,4,263,6,
31184,reproduce,Parrot,1020,88,3,315,0,offspring:1
31186,reproduce,Lizard,1247,401,9,28,3,offspring:2
31187,kill,Tapir,1009,123,9,64,4,killed_by:Shark:1103
31187,age_death,Monkey,321,266,1,153,6,
31187,age_death,Lizard,1165,166,2,467,6,
31187,reproduce,Frog,1561,153,2,348,3,offspring:2
31188,hunt_fail,Shark,986,125,4,66,7,prey_escaped
31188,hunt_start,Shark,986,125,4,66,7,target:Rabbit:825
31188,hunt_start,Shark,1103,124,3,64,9,target:Rabbit:689
31190,reproduce,Parrot,2073,491,5,293,4,offspring:1
31193,kill,Camel,1745,252,5,256,3,killed_by:Shark:1479
31193,reproduce,Rabbit,1069,498,7,355,7,offspring:2
31194,kill,Frog,8,303,6,191,2,killed_by:Jaguar:2000
31195,hunt_start,Jaguar,2000,303,3,190,9,target:Monkey:329
31195,reproduce,Penguin,156,295,6,269,6,offspring:1
31199,kill,Parrot,569,76,5,315,4,killed_by:Shark:348
31200,hunt_start,Shark,348,76,8,315,7,target:Deer:1017
31200,age_death,Deer,1320,245,8,246,6,
31200,reproduce,Deer,385,132,9,219,2,offspring:1
31202,spore_created,Shroomer,-1,482,3,15,3,
31206,age_death,Parrot,260,38,6,304,6,
31207,reproduce,Frog,154,153,0,498,6,offspring:2
31208,age_death,Boar,108,440,1,198,6,
31208,age_death,Boar,1509,439,1,198,1,
31210,reproduce,Lizard,1401,51,2,209,2,offspring:2
31215,starvation,Deer,936,496,9,77,8,
31215,reproduce,Frog,1049,318,7,447,8,offspring:2
31226,hunt_start,Shark,993,358,9,68,0,target:Shroomer:1918
31229,starvation,Rabbit,292,460,6,152,3,
31233,reproduce,Penguin,2147,216,2,272,3,offspring:1
31238,hunt_start,Polar Bear,958,347,2,497,5,target:Frog:203
31240,starvation,Deer,2099,495,4,140,5,
31241,age_death,Parrot,1174,33,3,290,8,
31241,reproduce,Boar,654,330,4,125,2,offspring:2
31253,age_death,Parrot,1464,440,2,340,3,
31253,age_death,Musk Ox,1468,382,4,55,6,
31253,reproduce,Monkey,985,151,8,250,0,offspring:1
31253,reproduce,Monkey,2018,268,8,272,7,offspring:1
31254,hunt_fail,Polar Bear,2049,431,5,340,1,prey_escaped
31254,hunt_start,Polar Bear,2049,431,5,340,1,target:Parrot:1340
31265,kill,Monkey,612,488,6,367,9,killed_by:Wolf:233
31265,age_death,Lizard,563,338,1,155,2,
31265,age_death,Frog,834,312,3,149,1,
31265,age_death,Lizard,1107,350,8,139,7,
31265,age_death,Frog,1767,315,3,155,8,
31265,reproduce,Deer,456,404,9,381,7,offspring:1
31265,reproduce,Turtle,490,52,1,490,8,offspring:1
31265,reproduce,Deer,1085,80,1,96,5,offspring:1
31265,reproduce,Penguin,1953,43,8,271,8,offspring:1
31266,hunt_start,Wolf,233,488,7,368,3,target:Rabbit:1745
31266,spore_matured,Shroomer,-1,478,0,22,7,
31266,reproduce,Shroomer,-1,478,0,22,7,offspring:1
31266,spore_matured,Shroomer,-1,472,0,31,3,
31266,reproduce,Shroomer,-1,472,0,31,3,offspring:1
31267,reproduce,Parrot,286,23,5,235,4,offspring:1
31278,starvation,Shroomer,15,489,4,3,9,
31279,reproduce,Tapir,1659,319,0,463,1,offspring:1
31281,kill,Turtle,1096,431,3,426,6,killed_by:Polar Bear:1748
31284,age_death,Musk Ox,1480,13,2,27,3,
31284,reproduce,Polar Bear,1748,431,1,425,9,offspring:1
31285,hunt_start,Polar Bear,1096,432,9,427,9,target:Camel:523
31285,hunt_start,Polar Bear,1748,431,1,425,9,target:Camel:523
31285,reproduce,Parrot,1566,461,6,415,6,offspring:1
31290,starvation,Shroomer,1728,119,7,307,5,
31290,reproduce,Frog,864,385,9,485,8,offspring:2
31307,kill,Deer,2306,206,4,218,6,killed_by:Shark:1927
31307,reproduce,Frog,416,457,1,498,9,offspring:2
31308,hunt_fail,Shark,480,207,4,221,0,prey_escaped
31308,hunt_start,Shark,480,207,4,221,0,target:Camel:1883
31324,hunt_start,Boar,654,331,5,127,9,target:Lizard:2391
31327,kill,Deer,1017,62,3,313,3,killed_by:Shark:348
31328,hunt_start,Shark,348,62,9,313,4,target:Fish:1761
31330,reproduce,Tapir,43,258,2,83,2,offspring:1
31347,age_death,Tapir,213,453,6,372,4,
31348,reproduce,Tapir,854,352,7,91,0,offspring:1
31349,age_death,Deer,1498,425,6,431,0,
31350,hunt_start,Polar Bear,465,222,1,79,6,target:Boar:2327
31358,age_death,Deer,1501,98,8,289,5,
31358,reproduce,Fish,2371,34,4,318,9,offspring:2
31359,age_death,Deer,1502,241,9,479,6,
31360,hunt_start,Polar Bear,455,349,1,78,1,target:Deer:2359
31362,spore_created,Shroomer,-1,487,5,42,0,
31374,spore_matured,Shroomer,-1,482,2,14,0,
31374,reproduce,Shroomer,-1,482,2,14,0,offspring:1
31380,kill,Camel,523,437,8,432,6,killed_by:Polar Bear:1096
31380,reproduce,Rabbit,1765,83,4,45,7,offspring:2
31381,hunt_fail,Polar Bear,1748,434,6,429,4,prey_escaped
31381,hunt_start,Polar Bear,1748,434,6,429,4,target:Monkey:159
31392,age_death,Deer,703,327,2,77,3,
31394,age_death,Deer,1487,383,9,72,2,
31395,reproduce,Monkey,290,324,4,47,6,offspring:1
31396,age_death,Frog,1014,330,8,399,1,
31396,age_death,Frog,1083,308,8,392,7,
31396,reproduce,Shark,1479,251,1,260,2,offspring:1
31397,hunt_start,Shark,1479,251,1,260,2,target:Rabbit:2484
31397,hunt_start,Shark,1487,253,8,257,3,target:Rabbit:2484
31400,reproduce,Parrot,2174,24,9,145,3,offspring:1
31403,starvation,Shroomer,770,485,5,33,5,
31404,age_death,Tapir,339,75,4,473,9,
31404,reproduce,Lizard,734,46,3,205,7,offspring:2
31404,reproduce,Camel,1191,26,4,365,1,offspring:1
31410,age_death,Parrot,1868,375,3,478,5,
31410,reproduce,Boar,2247,325,1,200,3,offspring:2
31413,hunt_start,Jaguar,729,335,4,204,4,target:Elk:68
31421,hunt_start,Polar Bear,1670,275,5,397,3,target:Parrot:780
31427,starvation,Rabbit,721,391,4,357,5,
31427,reproduce,Camel,1987,480,8,482,1,offspring:1
31433,age_death,Jaguar,1512,40,9,355,3,
31438,reproduce,Lizard,2328,139,2,506,3,offspring:2
31439,hunt_start,Boar,1722,385,1,86,2,target:Lizard:1003
31439,age_death,Lizard,2458,504,7,362,1,
31439,reproduce,Musk Ox,1951,415,6,48,6,offspring:1
31443,age_death,Frog,2462,177,8,442,2,
31443,age_death,Frog,2463,153,8,393,9,
31443,reproduce,Parrot,716,410,0,384,6,offspring:1
31443,reproduce,Rabbit,2121,345,1,348,9,offspring:2
31451,age_death,Musk Ox,1521,368,0,189,7,
31453,reproduce,Parrot,1068,142,0,333,8,offspring:1
31456,kill,Camel,1883,201,0,208,7,killed_by:Shark:480
31456,reproduce,Camel,139,332,9,195,2,offspring:1
31457,hunt_start,Polar Bear,1965,326,4,53,7,target:Musk Ox:1991
31474,age_death,Deer,1528,254,6,247,0,
31478,age_death,Musk Ox,49,380,3,180,3,
31478,reproduce,Monkey,31,364,1,200,1,offspring:1
31478,reproduce,Deer,589,430,6,134,1,offspring:1
31481,age_death,Deer,1529,480,6,126,2,
31481,reproduce,Elk,893,366,6,479,5,offspring:1
31482,spore_matured,Shroomer,-1,487,6,41,8,
31482,reproduce,Shroomer,-1,487,6,41,8,offspring:1
31496,starvation,Elk,938,357,9,21,2,
31497,reproduce,Deer,142,417,6,372,4,offspring:1
31502,hunt_start,Polar Bear,2257,422,4,22,3,target:Deer:2322
31505,age_death,Musk Ox,1542,60,6,57,7,
31505,reproduce,Deer,2470,343,8,394,2,offspring:1
31515,kill,Frog,203,336,5,477,9,killed_by:Polar Bear:958
31516,hunt_start,Polar Bear,958,336,9,478,8,target:Camel:2080
31516,reproduce,Musk Ox,1216,335,1,42,3,offspring:1
31517,age_death,Deer,1546,212,3,273,2,
31523,starvation,Monkey,2116,30,4,313,6,
31524,reproduce,Deer,2095,332,8,392,5,offspring:1
31524,spore_created,Shroomer,-1,181,5,233,8,
31547,age_death,Deer,1556,4,6,259,8,
31547,reproduce,Penguin,1160,469,1,336,7,offspring:1
31551,age_death,Lizard,171,50,3,136,4,
31551,age_death,Lizard,1562,42,4,124,3,
31551,reproduce,Tapir,889,274,7,291,4,offspring:1
31551,spore_created,Shroomer,-1,477,3,29,4,
31553,age_death,Parrot,1551,48,1,132,4,
31555,reproduce,Parrot,2472,454,0,423,6,offspring:1
31571,kill,Rabbit,1745,507,6,331,9,killed_by:Wolf:233
31571,age_death,Parrot,1822,483,1,69,9,
31572,hunt_start,Wolf,233,507,4,332,2,target:Monkey:276
31572,reproduce,Frog,927,450,3,507,1,offspring:2
31575,hunt_start,Boar,655,33,2,422,6,target:Lizard:2041
31581,kill,Musk Ox,1991,329,7,59,1,killed_by:Polar Bear:1965
31582,reproduce,Elk,631,60,5,122,6,offspring:1
31585,starvation,Shroomer,333,488,8,15,8,
31586,reproduce,Frog,336,305,2,386,6,offspring:2
31589,kill,Elk,68,329,3,191,8,killed_by:Jaguar:729
31592,starvation,Parrot,353,444,9,485,9,
31593,age_death,Rabbit,2046,229,3,210,5,
31594,reproduce,Tapir,871,206,4,204,2,offspring:1
31596,age_death,Rabbit,800,261,9,269,3,
31596,reproduce,Tapir,2483,455,3,391,8,offspring:1
31596,reproduce,Monkey,2487,134,9,332,3,offspring:1
31604,reproduce,Tapir,868,213,1,273,7,offspring:1
31627,age_death,Deer,167,255,1,479,9,
31628,reproduce,Lizard,918,245,5,427,0,offspring:2
31629,kill,Camel,2080,344,5,477,5,killed_by:Polar Bear:958
31629,reproduce,Parrot,110,453,1,411,9,offspring:1
31634,starvation,Camel,1990,384,1,501,1,
31634,reproduce,Parrot,317,84,6,116,2,offspring:1
31636,age_death,Monkey,338,43,0,272,6,
31636,age_death,Monkey,1582,294,8,265,7,
31638,reproduce,Parrot,2093,63,7,220,0,offspring:1
31643,reproduce,Polar Bear,1670,275,3,412,4,offspring:1
31644,hunt_start,Polar Bear,1582,277,1,409,6,target:Lizard:230
31647,age_death,Deer,1117,225,0,238,6,
31648,age_death,Lizard,1592,464,6,136,5,
31648,age_death,Lizard,2052,440,6,143,7,
31649,reproduce,Boar,1449,284,0,207,7,offspring:2
31649,reproduce,Elk,1682,380,7,152,5,offspring:1
31652,age_death,Lizard,919,501,4,263,8,
31654,hunt_start,Boar,647,480,0,299,3,target:Penguin:41
31655,reproduce,Boar,491,480,0,137,9,offspring:2
31671,spore_matured,Shroomer,-1,477,2,29,5,
31671,reproduce,Shroomer,-1,477,2,29,5,offspring:1
31674,age_death,Deer,1606,430,0,7,7,
31674,age_death,Deer,1607,322,5,38,8,
31675,hunt_start,Polar Bear,566,450,7,119,6,target:Deer:2208
31675,reproduce,Deer,461,323,5,391,3,offspring:1
31677,spore_created,Shroomer,-1,468,7,54,3,
31685,age_death,Frog,2498,303,6,139,0,
31685,spore_created,Shroomer,-1,463,0,30,8,
31690,kill,Boar,2327,240,4,80,5,killed_by:Polar Bear:465
31694,age_death,Lizard,269,485,8,239,0,
31694,reproduce,Parrot,2105,261,9,143,8,offspring:1
31695,reproduce,Boar,2033,203,4,193,4,offspring:2
31696,spore_matured,Shroomer,-1,181,7,234,0,
31696,reproduce,Shroomer,-1,181,7,234,0,offspring:1
31697,hunt_start,Boar,269,206,2,195,9,target:Lizard:1791
31710,age_death,Lizard,23,74,2,491,9,
31710,age_death,Lizard,2136,103,8,463,7,
31710,reproduce,Parrot,1467,272,9,506,2,offspring:1
31711,reproduce,Penguin,331,430,6,189,7,offspring:1
31713,age_death,Tapir,880,439,6,295,2,
31714,age_death,Tapir,1290,403,1,231,0,
31714,reproduce,Camel,746,239,9,118,1,offspring:1
31714,reproduce,Lizard,1308,284,3,493,6,offspring:2
31731,age_death,Fish,632,253,0,405,5,
31731,reproduce,Lizard,259,367,5,462,2,offspring:2
31733,age_death,Lizard,663,191,2,398,8,
31733,age_death,Lizard,1623,194,9,409,5,
31733,reproduce,Frog,2466,165,1,395,7,offspring:2
31738,hunt_start,Shark,1884,261,5,75,3,target:Tapir:43
31776,age_death,Rabbit,1058,357,1,339,4,
31776,age_death,Rabbit,1631,367,4,296,9,
31776,age_death,Rabbit,2079,382,5,330,4,
31777,reproduce,Musk Ox,340,23,2,16,1,offspring:1
31777,reproduce,Deer,2072,418,7,21,2,offspring:1
31781,reproduce,Camel,1881,218,0,171,3,offspring:1
31793,environment_death,Camel,531,387,1,177,3,drowning
31795,reproduce,Penguin,2337,308,6,275,3,offspring:1
31801,age_death,Fish,2237,101,3,188,8,
31802,age_death,Rabbit,239,223,4,493,6,
31802,reproduce,Fish,1490,34,0,320,6,offspring:2
31803,age_death,Fish,2370,33,5,319,3,
31803,age_death,Fish,2371,34,4,318,9,
31803,reproduce,Tapir,722,328,3,164,0,offspring:1
31805,reproduce,Penguin,2102,343,5,341,0,offspring:1
31806,environment_death,Camel,534,392,6,168,7,drowning
31807,reproduce,Tapir,1365,231,4,129,2,offspring:1
31809,age_death,Tapir,738,261,8,137,5,
31810,kill,Deer,2322,420,3,3,0,killed_by:Polar Bear:2257
31812,reproduce,Fish,543,31,3,320,1,offspring:2
31822,kill,Deer,2359,324,4,72,4,killed_by:Polar Bear:455
31823,reproduce,Frog,1167,323,7,383,0,offspring:2
31837,age_death,Tapir,571,433,3,153,8,
31839,age_death,Musk Ox,1324,330,0,27,2,
31839,reproduce,Monkey,1035,448,5,421,9,offspring:1
31839,reproduce,Deer,2277,284,6,510,4,offspring:1
31849,spore_matured,Shroomer,-1,468,8,54,1,
31849,reproduce,Shroomer,-1,468,8,54,1,offspring:1
31853,age_death,Monkey,1691,433,9,178,4,
31854,hunt_start,Shark,1927,211,0,209,0,target:Shroomer:651
31854,reproduce,Penguin,617,218,7,253,9,offspring:1
31857,spore_matured,Shroomer,-1,463,0,30,8,
31857,reproduce,Shroomer,-1,463,0,30,8,offspring:1
31875,starvation,Boar,1295,507,8,322,8,
31877,hunt_start,Boar,2033,206,7,193,2,target:Lizard:2059
31879,age_death,Musk Ox,441,1,1,70,5,
31880,reproduce,Camel,623,275,9,429,1,offspring:1
31880,reproduce,Lizard,1939,101,5,66,3,offspring:2
31882,age_death,Parrot,1567,1,8,146,7,
31882,age_death,Tapir,1952,335,9,386,8,
31882,reproduce,Tapir,1125,88,1,483,3,offspring:1
31883,reproduce,Fish,1983,249,9,407,8,offspring:2
31887,starvation,Shroomer,2086,85,2,270,5,
31888,reproduce,Monkey,750,492,8,171,4,offspring:1
31896,age_death,Rabbit,610,253,4,167,6,
31896,reproduce,Penguin,1587,268,8,223,6,offspring:1
31902,age_death,Tapir,871,201,9,199,7,
31902,reproduce,Rabbit,759,100,0,65,4,offspring:2
31923,hunt_start,Polar Bear,1096,433,2,432,8,target:Camel:302
31930,starvation,Shroomer,80,509,8,7,3,
31930,age_death,Lizard,1111,346,1,49,4,
31930,reproduce,Monkey,1352,344,0,455,1,offspring:1
31936,spore_created,Shroomer,-1,488,6,48,2,
31941,age_death,Elk,446,104,1,327,7,
31948,kill,Deer,2208,460,1,134,9,killed_by:Polar Bear:566
31948,reproduce,Camel,1054,13,8,357,1,offspring:1
31949,age_death,Fish,837,253,5,406,5,
31949,reproduce,Parrot,1367,74,2,480,0,offspring:1
31956,reproduce,Shark,1884,256,8,88,2,offspring:1
31957,hunt_start,Shark,837,255,0,87,2,target:Tapir:43
31961,hunt_start,Jaguar,729,330,8,203,2,target:Boar:1868
31964,age_death,Musk Ox,1648,4,3,21,6,
31965,reproduce,Deer,717,492,0,141,7,offspring:1
31969,kill,Boar,1868,330,7,200,2,killed_by:Jaguar:729
31971,reproduce,Elk,2420,25,8,157,8,offspring:1
31990,age_death,Deer,1656,292,9,431,7,
31990,age_death,Deer,1657,288,3,367,4,
31991,starvation,Shroomer,437,77,4,274,9,
31991,kill,Tapir,43,256,4,90,3,killed_by:Shark:1884
31991,age_death,Rabbit,532,106,7,81,6,
31991,reproduce,Musk Ox,199,20,1,19,6,offspring:1
31991,reproduce,Tapir,295,166,2,220,5,offspring:1
31991,reproduce,Lizard,1590,467,9,122,2,offspring:2
31992,hunt_fail,Shark,837,256,0,89,1,prey_escaped
31992,hunt_start,Shark,837,256,0,89,1,target:Camel:783
31993,reproduce,Camel,498,294,5,383,0,offspring:1
31995,age_death,Fish,662,105,4,206,5,
31998,reproduce,Penguin,931,27,8,295,5,offspring:1
31999,age_death,Musk Ox,1662,378,0,188,2,
32000,age_death,Frog,1060,365,9,200,6,
32000,age_death,Frog,1062,323,7,156,4,
32000,age_death,Lizard,1070,261,7,277,5,
32000,age_death,Lizard,1071,281,2,282,0,
32000,reproduce,Musk Ox,296,421,4,129,2,offspring:1
32000,reproduce,Penguin,2404,379,5,250,4,offspring:1
32001,reproduce,Tapir,502,337,1,255,3,offspring:1
32002,age_death,Deer,1668,319,6,56,4,
32002,reproduce,Deer,2397,334,1,456,2,offspring:1
32007,reproduce,Boar,444,78,0,333,1,offspring:2
32011,age_death,Monkey,335,138,8,275,5,
32011,age_death,Monkey,2487,140,5,331,8,
32011,reproduce,Frog,1197,148,7,451,1,offspring:2
32017,hunt_start,Shark,480,208,1,218,4,target:Elk:2030
32033,starvation,Parrot,2260,59,3,249,5,
32033,reproduce,Boar,955,118,2,275,3,offspring:2
32034,hunt_start,Boar,955,118,2,275,3,target:Lizard:687
32034,hunt_start,Boar,2260,120,7,276,9,target:Lizard:687
32037,starvation,Shroomer,2117,497,2,8,1,
32038,reproduce,Penguin,1476,495,0,234,2,offspring:1
32044,kill,Shroomer,651,222,8,209,0,killed_by:Shark:1927
32045,reproduce,Boar,1505,484,3,142,0,offspring:2
32053,hunt_start,Shark,1181,139,3,122,0,target:Musk Ox:98
32056,spore_matured,Shroomer,-1,488,6,48,2,
32056,reproduce,Shroomer,-1,488,6,48,2,offspring:1
32065,kill,Camel,302,424,9,433,4,killed_by:Polar Bear:1096
32068,reproduce,Fish,1785,35,5,323,5,offspring:2
32069,age_death,Rabbit,1680,343,4,509,4,
32069,age_death,Rabbit,2002,346,4,481,3,
32069,reproduce,Monkey,892,148,7,295,2,offspring:1
32069,reproduce,Deer,1138,27,8,221,1,offspring:1
32070,age_death,Monkey,1153,77,6,342,2,
32073,reproduce,Penguin,1040,499,5,238,8,offspring:1
32077,age_death,Deer,1042,322,6,395,6,
32077,age_death,Deer,1073,401,7,415,5,
32077,age_death,Deer,1685,276,2,383,7,
32077,reproduce,Monkey,1844,486,2,382,0,offspring:1
32079,reproduce,Fish,966,104,8,207,5,offspring:2
32081,age_death,Monkey,1095,496,0,341,6,
32081,reproduce,Penguin,862,481,4,240,1,offspring:1
32086,age_death,Lizard,1143,448,1,390,3,
32086,reproduce,Monkey,1254,218,3,137,3,offspring:1
32100,kill,Camel,783,259,1,96,5,killed_by:Shark:837
32101,reproduce,Tapir,2218,249,7,146,9,offspring:1
32102,age_death,Deer,1688,109,8,78,5,
32104,reproduce,Parrot,1218,260,4,274,4,offspring:1
32124,hunt_start,Polar Bear,1965,323,1,54,6,target:Shroomer:1918
32125,environment_death,Shroomer,816,265,1,197,9,drowning
32131,reproduce,Boar,392,379,4,419,2,offspring:2
32132,hunt_start,Boar,816,378,3,420,7,target:Monkey:159
32140,age_death,Boar,278,232,9,89,0,
32140,reproduce,Lizard,1434,188,3,439,0,offspring:2
32143,starvation,Rabbit,501,320,2,315,7,
32145,age_death,Fish,970,252,0,405,6,
32145,reproduce,Parrot,771,155,2,305,2,offspring:1
32145,reproduce,Lizard,2154,220,3,266,5,offspring:2
32150,hunt_start,Polar Bear,958,341,1,472,5,target:Deer:2456
32159,age_death,Elk,391,511,0,500,6,
32161,reproduce,Monkey,474,112,6,317,8,offspring:1
32204,hunt_start,Crocodile,1092,14,8,224,8,target:Deer:2435
32205,starvation,Frog,1522,451,8,486,1,
32207,kill,Elk,2030,205,1,202,4,killed_by:Shark:480
32208,reproduce,Parrot,2069,490,0,508,2,offspring:1
32209,reproduce,Parrot,1882,19,7,401,2,offspring:1
32215,age_death,Rabbit,262,475,5,352,7,
32217,age_death,Fish,2007,235,8,380,5,
32217,reproduce,Lizard,2264,180,3,431,5,offspring:2
32227,starvation,Fish,1733,54,4,163,8,
32233,hunt_start,Polar Bear,465,239,7,76,0,target:Turtle:1793
32237,reproduce,Tapir,811,236,3,117,0,offspring:1
32256,starvation,Monkey,1681,143,5,186,7,
