tick,event,species,entity_id,x,y,detail
0,hunt_start,Sectid,6,204,5,251,9,target:Monkey:630
0,hunt_start,Sectid,8,209,7,252,7,target:Monkey:632
0,hunt_start,Sectid,20,189,0,369,3,target:Monkey:664
0,hunt_start,Sectid,35,190,6,252,5,target:Monkey:629
0,hunt_start,Sectid,36,181,6,258,0,target:Parrot:696
0,hunt_start,Sectid,43,415,5,353,6,target:Rabbit:171
0,hunt_start,Sectid,49,335,1,294,3,target:Frog:336
0,hunt_start,Sectid,59,104,9,378,6,target:Snake:953
0,hunt_start,Sectid,74,203,9,504,9,target:Hawk:927
0,hunt_start,Wolf,862,383,3,445,6,target:Parrot:686
0,hunt_start,Wolf,869,35,5,212,5,target:Deer:149
0,hunt_start,Fox,887,443,5,228,5,target:Frog:347
0,hunt_start,Fox,890,46,5,90,5,target:Sectid:29
0,hunt_start,Fox,892,376,5,249,5,target:Monkey:655
0,hunt_start,Crocodile,898,482,5,61,5,target:Tapir:742
0,hunt_start,Boar,917,170,6,40,3,target:Rabbit:179
0,hunt_start,Bear,924,321,5,29,5,target:Deer:100
0,hunt_start,Bear,926,333,5,428,5,target:Deer:127
0,hunt_start,Hawk,927,195,5,509,5,target:Sectid:74
0,hunt_start,Hawk,928,273,5,209,5,target:Lizard:464
0,hunt_start,Hawk,931,397,5,450,5,target:Parrot:686
0,hunt_start,Snake,953,98,5,379,5,target:Sectid:60
0,hunt_start,Polar Bear,955,260,5,2,5,target:Turtle:373
0,hunt_start,Polar Bear,956,451,5,227,5,target:Frog:348
0,hunt_start,Polar Bear,957,224,5,178,5,target:Lizard:492
0,hunt_start,Arctic Fox,963,92,5,150,5,target:Penguin:559
0,hunt_start,Arctic Fox,964,62,5,316,5,target:Penguin:568
0,hunt_start,Jaguar,972,385,5,286,5,target:Tapir:748
0,hunt_start,Jaguar,974,132,5,183,5,target:Shroomer:827
0,hunt_start,Jaguar,975,409,5,183,5,target:Shroomer:766
0,reproduce,Deer,87,315,9,78,2,offspring:1
0,reproduce,Deer,98,310,7,28,5,offspring:1
0,reproduce,Deer,99,311,4,28,4,offspring:1
0,reproduce,Deer,102,311,3,27,0,offspring:1
0,reproduce,Deer,118,264,7,181,7,offspring:1
0,reproduce,Deer,166,75,1,132,9,offspring:1
0,reproduce,Rabbit,169,86,6,122,6,offspring:2
0,reproduce,Rabbit,175,381,6,204,4,offspring:2
0,reproduce,Rabbit,184,49,0,361,4,offspring:2
0,reproduce,Rabbit,185,51,3,360,5,offspring:2
0,reproduce,Rabbit,198,467,5,323,4,offspring:2
0,reproduce,Fish,261,263,3,295,9,offspring:2
0,reproduce,Fish,265,259,8,294,3,offspring:2
0,reproduce,Fish,278,480,1,315,2,offspring:2
0,reproduce,Fish,286,330,5,220,7,offspring:2
0,reproduce,Fish,287,331,4,220,8,offspring:2
0,reproduce,Fish,292,331,8,219,4,offspring:2
0,reproduce,Fish,294,385,5,136,5,offspring:2
0,reproduce,Fish,296,385,8,134,9,offspring:2
0,reproduce,Fish,307,57,8,114,7,offspring:2
0,reproduce,Frog,320,238,3,443,0,offspring:2
0,reproduce,Frog,326,457,3,272,2,offspring:2
0,reproduce,Frog,328,291,2,212,9,offspring:2
0,reproduce,Frog,351,126,6,255,0,offspring:2
0,reproduce,Turtle,357,193,6,185,8,offspring:1
0,reproduce,Turtle,369,286,0,46,4,offspring:1
0,reproduce,Elk,382,48,3,401,3,offspring:1
0,reproduce,Elk,385,48,1,399,9,offspring:1
0,reproduce,Elk,394,232,0,220,0,offspring:1
0,reproduce,Elk,408,51,5,20,9,offspring:1
0,reproduce,Elk,418,366,4,160,4,offspring:1
0,reproduce,Elk,438,235,3,122,9,offspring:1
0,reproduce,Elk,447,281,7,276,6,offspring:1
0,reproduce,Lizard,456,89,6,199,7,offspring:2
0,reproduce,Lizard,462,282,5,332,5,offspring:2
0,reproduce,Lizard,468,84,5,262,5,offspring:2
0,reproduce,Lizard,470,173,5,500,6,offspring:2
0,reproduce,Lizard,479,253,5,438,5,offspring:2
0,reproduce,Lizard,486,50,5,128,5,offspring:2
0,reproduce,Camel,504,314,5,343,5,offspring:1
0,reproduce,Camel,509,83,7,324,9,offspring:1
0,reproduce,Camel,520,451,4,269,4,offspring:1
0,reproduce,Penguin,547,107,5,136,5,offspring:1
0,reproduce,Penguin,548,107,7,135,6,offspring:1
0,reproduce,Penguin,568,62,8,323,3,offspring:1
0,reproduce,Penguin,570,62,2,324,7,offspring:1
0,reproduce,Penguin,574,62,4,324,4,offspring:1
0,reproduce,Musk Ox,590,0,9,92,4,offspring:1
0,reproduce,Musk Ox,595,373,1,88,5,offspring:1
0,reproduce,Monkey,629,198,1,260,2,offspring:1
0,reproduce,Monkey,631,199,1,260,7,offspring:1
0,reproduce,Monkey,633,293,5,427,5,offspring:1
0,reproduce,Monkey,635,294,6,430,3,offspring:1
0,reproduce,Monkey,644,80,5,44,5,offspring:1
0,reproduce,Monkey,654,367,3,256,4,offspring:1
0,reproduce,Monkey,655,367,9,254,2,offspring:1
0,reproduce,Monkey,656,367,3,254,4,offspring:1
0,reproduce,Monkey,658,367,0,256,2,offspring:1
0,reproduce,Monkey,663,189,2,349,7,offspring:1
0,reproduce,Monkey,669,51,4,24,3,offspring:1
0,reproduce,Monkey,673,21,6,152,8,offspring:1
0,reproduce,Parrot,678,383,0,349,1,offspring:1
0,reproduce,Parrot,685,382,2,442,5,offspring:1
0,reproduce,Parrot,689,382,2,443,4,offspring:1
0,reproduce,Parrot,696,176,7,251,0,offspring:1
0,reproduce,Parrot,699,174,3,251,0,offspring:1
0,reproduce,Parrot,703,11,7,357,7,offspring:1
0,reproduce,Parrot,704,11,4,356,5,offspring:1
0,reproduce,Tapir,706,10,5,357,5,offspring:1
0,reproduce,Tapir,711,16,2,266,8,offspring:1
0,reproduce,Tapir,712,16,7,265,9,offspring:1
0,reproduce,Wolf,863,383,9,445,4,offspring:1
0,reproduce,Wolf,874,485,0,11,0,offspring:1
0,reproduce,Boar,922,292,1,294,5,offspring:2
0,reproduce,Hawk,930,508,5,113,5,offspring:1
0,reproduce,Hawk,935,380,5,72,5,offspring:1
0,reproduce,Scorpion,939,222,5,172,5,offspring:1
0,reproduce,Scorpion,941,486,5,310,5,offspring:1
0,reproduce,Scorpion,942,289,5,135,5,offspring:1
0,reproduce,Snake,948,276,5,284,5,offspring:1
0,reproduce,Snake,952,33,5,241,5,offspring:1
0,reproduce,Arctic Fox,959,167,5,179,5,offspring:1
0,reproduce,Arctic Fox,964,62,5,316,5,offspring:1
0,reproduce,Arctic Fox,965,389,5,209,5,offspring:1
0,reproduce,Arctic Fox,967,383,5,99,5,offspring:1
0,reproduce,Jaguar,974,132,5,183,5,offspring:1
1,hunt_start,Wolf,1072,385,5,446,7,target:Parrot:1063
1,hunt_start,Arctic Fox,1084,61,3,316,7,target:Penguin:1047
1,hunt_start,Arctic Fox,1085,388,6,208,0,target:Rabbit:985
17,reproduce,Elk,397,232,2,218,2,offspring:1
55,reproduce,Elk,440,284,1,279,7,offspring:1
56,reproduce,Elk,396,233,7,218,8,offspring:1
60,stat_kill,Frog,-1,336,0,304,0,count:1
90,stat_kill,Fish,-1,48,0,112,0,count:1
90,stat_kill,Parrot,-1,176,0,240,0,count:1
90,stat_starvation,Lizard,-1,368,0,432,0,count:1
90,stat_starvation,Parrot,-1,368,0,432,0,count:1
90,stat_birth,Fish,-1,400,0,144,0,count:1
120,stat_birth,Sectid,-1,48,0,80,0,count:1
120,stat_kill,Lizard,-1,48,0,144,0,count:1
120,stat_starvation,Rabbit,-1,48,0,368,0,count:1
120,stat_starvation,Frog,-1,144,0,240,0,count:1
120,stat_birth,Fish,-1,272,0,304,0,count:1
120,stat_kill,Rabbit,-1,336,0,336,0,count:1
120,stat_kill,Parrot,-1,368,0,336,0,count:1
120,stat_kill,Fish,-1,400,0,144,0,count:1
120,stat_kill,Frog,-1,400,0,208,0,count:1
121,hunt_fail,Hawk,928,261,1,195,0,target_died
121,hunt_start,Hawk,928,261,1,195,0,target:Lizard:465
150,stat_kill,Frog,-1,16,0,240,0,count:1
150,stat_starvation,Frog,-1,144,0,240,0,count:1
150,stat_starvation,Monkey,-1,144,0,240,0,count:1
150,stat_kill,Rabbit,-1,176,0,48,0,count:1
150,stat_kill,Lizard,-1,176,0,496,0,count:1
150,stat_kill,Frog,-1,336,0,304,0,count:1
150,stat_starvation,Parrot,-1,368,0,432,0,count:1
150,stat_kill,Lizard,-1,496,0,144,0,count:1
169,reproduce,Lizard,465,273,5,193,1,offspring:2
180,stat_kill,Fish,-1,48,0,112,0,count:1
180,stat_kill,Frog,-1,112,0,240,0,count:1
180,stat_starvation,Monkey,-1,144,0,240,0,count:1
180,stat_birth,Fish,-1,336,0,208,0,count:1
180,stat_starvation,Rabbit,-1,368,0,400,0,count:1
180,stat_starvation,Lizard,-1,368,0,432,0,count:1
180,stat_birth,Fish,-1,400,0,144,0,count:1
180,stat_kill,Parrot,-1,400,0,336,0,count:1
180,stat_kill,Frog,-1,432,0,240,0,count:1
180,stat_birth,Fish,-1,496,0,304,0,count:1
210,stat_birth,Fish,-1,48,0,112,0,count:1
210,stat_starvation,Rabbit,-1,48,0,368,0,count:1
210,stat_starvation,Lizard,-1,112,0,48,0,count:1
210,stat_kill,Lizard,-1,240,0,176,0,count:1
210,stat_kill,Frog,-1,304,0,368,0,count:1
210,stat_kill,Lizard,-1,368,0,80,0,count:1
210,stat_kill,Frog,-1,400,0,208,0,count:1
210,stat_starvation,Rabbit,-1,432,0,176,0,count:1
210,stat_birth,Fish,-1,496,0,304,0,count:1
210,stat_kill,Fish,-1,496,0,304,0,count:1
217,hunt_fail,Hawk,928,276,3,192,7,target_died
217,hunt_start,Hawk,928,276,3,192,7,target:Lizard:590
240,stat_kill,Fish,-1,48,0,112,0,count:1
240,stat_kill,Frog,-1,80,0,496,0,count:1
240,stat_starvation,Lizard,-1,112,0,208,0,count:1
240,stat_birth,Fish,-1,272,0,304,0,count:1
240,stat_kill,Fish,-1,272,0,304,0,count:1
240,stat_kill,Fish,-1,400,0,144,0,count:1
240,stat_starvation,Rabbit,-1,496,0,48,0,count:1
245,reproduce,Rabbit,192,279,8,248,0,offspring:2
270,stat_kill,Lizard,-1,48,0,144,0,count:1
270,stat_kill,Fish,-1,80,0,272,0,count:1
270,stat_starvation,Lizard,-1,112,0,48,0,count:1
270,stat_starvation,Rabbit,-1,112,0,368,0,count:1
270,stat_kill,Parrot,-1,176,0,240,0,count:1
270,stat_birth,Sectid,-1,176,0,368,0,count:1
270,stat_kill,Lizard,-1,176,0,496,0,count:1
270,stat_kill,Penguin,-1,208,0,240,0,count:1
270,stat_birth,Fish,-1,336,0,208,0,count:1
270,stat_kill,Frog,-1,336,0,304,0,count:1
270,stat_kill,Rabbit,-1,336,0,336,0,count:1
270,stat_starvation,Rabbit,-1,368,0,400,0,count:1
270,stat_starvation,Penguin,-1,400,0,16,0,count:1
270,stat_birth,Fish,-1,400,0,144,0,count:1
270,stat_kill,Monkey,-1,400,0,368,0,count:1
270,stat_kill,Lizard,-1,496,0,144,0,count:1
270,stat_birth,Fish,-1,496,0,304,0,count:1
288,reproduce,Elk,391,231,4,215,9,offspring:1
298,hunt_fail,Hawk,928,286,2,201,4,target_died
298,hunt_start,Hawk,928,286,2,201,4,target:Rabbit:243
300,stat_starvation,Parrot,-1,16,0,368,0,count:1
300,stat_kill,Frog,-1,80,0,80,0,count:1
300,stat_kill,Parrot,-1,368,0,336,0,count:1
300,stat_starvation,Rabbit,-1,432,0,176,0,count:1
300,stat_birth,Fish,-1,464,0,304,0,count:1
330,stat_kill,Fish,-1,48,0,112,0,count:1
330,stat_kill,Lizard,-1,80,0,208,0,count:1
330,stat_kill,Lizard,-1,80,0,272,0,count:1
330,stat_starvation,Lizard,-1,112,0,208,0,count:1
330,stat_kill,Rabbit,-1,208,0,16,0,count:1
330,stat_birth,Fish,-1,272,0,304,0,count:1
330,stat_kill,Monkey,-1,304,0,432,0,count:1
330,stat_birth,Fish,-1,336,0,208,0,count:1
330,stat_age_death,Fish,-1,336,0,208,0,count:1
330,stat_starvation,Rabbit,-1,496,0,48,0,count:1
330,stat_birth,Fish,-1,496,0,304,0,count:1
360,stat_starvation,Parrot,-1,16,0,368,0,count:1
360,stat_starvation,Elk,-1,48,0,400,0,count:1
360,stat_birth,Sectid,-1,80,0,112,0,count:1
360,stat_kill,Penguin,-1,80,0,144,0,count:1
360,stat_kill,Frog,-1,112,0,240,0,count:1
360,stat_kill,Frog,-1,112,0,272,0,count:1
360,stat_starvation,Rabbit,-1,112,0,368,0,count:1
360,stat_kill,Frog,-1,144,0,16,0,count:1
360,stat_kill,Lizard,-1,144,0,176,0,count:1
360,stat_kill,Monkey,-1,144,0,272,0,count:1
360,stat_starvation,Monkey,-1,208,0,272,0,count:1
360,stat_kill,Lizard,-1,272,0,336,0,count:1
360,stat_starvation,Penguin,-1,400,0,16,0,count:1
360,stat_birth,Fish,-1,400,0,144,0,count:1
360,stat_kill,Fish,-1,400,0,144,0,count:1
360,stat_starvation,Deer,-1,432,0,464,0,count:1
360,stat_birth,Fish,-1,496,0,304,0,count:1
372,reproduce,Elk,392,228,8,215,9,offspring:1
378,kill,Rabbit,243,282,3,202,8,killed_by:Hawk:928
378,reproduce,Rabbit,194,284,4,250,0,offspring:2
390,stat_kill,Frog,-1,16,0,240,0,count:1
390,stat_kill,Lizard,-1,48,0,144,0,count:1
390,stat_kill,Rabbit,-1,176,0,48,0,count:1
390,stat_birth,Fish,-1,336,0,208,0,count:1
390,stat_starvation,Rabbit,-1,400,0,336,0,count:1
420,stat_birth,Fish,-1,48,0,112,0,count:1
420,stat_kill,Fish,-1,48,0,112,0,count:1
420,stat_kill,Frog,-1,48,0,304,0,count:1
420,stat_starvation,Elk,-1,48,0,368,0,count:1
420,stat_kill,Rabbit,-1,80,0,112,0,count:1
420,stat_starvation,Deer,-1,112,0,80,0,count:1
420,stat_kill,Rabbit,-1,176,0,16,0,count:1
420,stat_kill,Lizard,-1,176,0,496,0,count:1
420,stat_birth,Fish,-1,272,0,304,0,count:1
420,stat_kill,Frog,-1,272,0,336,0,count:1
420,stat_birth,Fish,-1,496,0,304,0,count:1
420,stat_kill,Fish,-1,496,0,304,0,count:1
450,stat_birth,Fish,-1,48,0,272,0,count:1
450,stat_kill,Fish,-1,48,0,272,0,count:1
450,stat_starvation,Elk,-1,48,0,400,0,count:1
450,stat_kill,Lizard,-1,112,0,432,0,count:1
450,stat_starvation,Turtle,-1,176,0,176,0,count:1
450,stat_starvation,Elk,-1,176,0,176,0,count:1
450,stat_kill,Penguin,-1,208,0,240,0,count:1
450,stat_starvation,Monkey,-1,208,0,272,0,count:1
450,stat_kill,Frog,-1,240,0,432,0,count:1
450,stat_kill,Frog,-1,304,0,368,0,count:1
450,stat_starvation,Elk,-1,336,0,176,0,count:1
450,stat_birth,Fish,-1,336,0,208,0,count:1
450,stat_birth,Fish,-1,400,0,144,0,count:1
450,stat_kill,Fish,-1,400,0,144,0,count:1
450,stat_birth,Fish,-1,464,0,304,0,count:1
450,stat_birth,Fish,-1,496,0,304,0,count:1
480,stat_starvation,Penguin,-1,48,0,336,0,count:1
480,stat_starvation,Elk,-1,48,0,368,0,count:1
480,stat_starvation,Deer,-1,112,0,80,0,count:1
480,stat_kill,Sectid,-1,176,0,368,0,count:1
480,stat_kill,Lizard,-1,240,0,432,0,count:1
480,stat_kill,Fish,-1,272,0,304,0,count:1
480,stat_kill,Lizard,-1,272,0,496,0,count:1
480,stat_kill,Frog,-1,304,0,208,0,count:1
480,stat_starvation,Rabbit,-1,368,0,208,0,count:1
480,stat_birth,Fish,-1,400,0,144,0,count:1
480,stat_starvation,Rabbit,-1,400,0,336,0,count:1
480,stat_kill,Parrot,-1,400,0,336,0,count:1
480,stat_kill,Parrot,-1,400,0,432,0,count:1
480,stat_kill,Frog,-1,432,0,240,0,count:1
480,stat_kill,Rabbit,-1,432,0,368,0,count:1
480,stat_starvation,Deer,-1,432,0,464,0,count:1
480,stat_birth,Fish,-1,496,0,304,0,count:1
499,reproduce,Faeling,0,379,5,216,5,offspring:1
499,reproduce,Faeling,1,287,5,266,5,offspring:1
499,reproduce,Faeling,2,243,5,364,5,offspring:1
499,reproduce,Faeling,3,54,5,90,5,offspring:1
510,stat_kill,Fish,-1,48,0,112,0,count:1
510,stat_birth,Frog,-1,48,0,496,0,count:1
510,stat_kill,Monkey,-1,176,0,336,0,count:1
510,stat_birth,Fish,-1,272,0,304,0,count:1
510,stat_birth,Lizard,-1,304,0,144,0,count:1
510,stat_birth,Fish,-1,336,0,208,0,count:1
510,stat_birth,Fish,-1,400,0,144,0,count:1
510,stat_kill,Frog,-1,464,0,272,0,count:1
510,stat_birth,Fish,-1,496,0,304,0,count:1
540,stat_starvation,Monkey,-1,48,0,16,0,count:1
540,stat_birth,Fish,-1,48,0,112,0,count:1
540,stat_starvation,Penguin,-1,48,0,336,0,count:1
540,stat_starvation,Elk,-1,48,0,368,0,count:1
540,stat_starvation,Rabbit,-1,48,0,464,0,count:1
540,stat_kill,Fish,-1,80,0,272,0,count:1
540,stat_kill,Frog,-1,80,0,496,0,count:1
540,stat_kill,Rabbit,-1,144,0,176,0,count:1
540,stat_starvation,Rabbit,-1,144,0,368,0,count:1
540,stat_starvation,Elk,-1,176,0,176,0,count:1
540,stat_starvation,Monkey,-1,368,0,240,0,count:1
540,stat_starvation,Monkey,-1,368,0,272,0,count:1
540,stat_starvation,Deer,-1,368,0,432,0,count:1
540,stat_birth,Fish,-1,400,0,144,0,count:1
540,stat_kill,Monkey,-1,400,0,368,0,count:1
540,stat_kill,Monkey,-1,400,0,400,0,count:1
540,stat_birth,Fish,-1,496,0,304,0,count:1
570,stat_kill,Monkey,-1,16,0,144,0,count:1
570,stat_starvation,Tapir,-1,16,0,368,0,count:1
570,stat_starvation,Monkey,-1,48,0,16,0,count:1
570,stat_kill,Sectid,-1,48,0,80,0,count:1
570,stat_kill,Shroomer,-1,48,0,80,0,count:1
570,stat_kill,Lizard,-1,48,0,144,0,count:1
570,stat_kill,Deer,-1,48,0,208,0,count:1
570,stat_starvation,Rabbit,-1,80,0,496,0,count:1
570,stat_starvation,Deer,-1,112,0,80,0,count:1
570,stat_kill,Penguin,-1,112,0,144,0,count:1
570,stat_starvation,Turtle,-1,176,0,176,0,count:1
570,stat_starvation,Monkey,-1,176,0,336,0,count:1
570,stat_kill,Lizard,-1,240,0,176,0,count:1
570,stat_starvation,Lizard,-1,240,0,432,0,count:1
570,stat_birth,Fish,-1,272,0,304,0,count:1
570,stat_starvation,Boar,-1,304,0,304,0,count:1
570,stat_birth,Fish,-1,336,0,208,0,count:1
570,stat_starvation,Monkey,-1,368,0,272,0,count:1
570,stat_birth,Fish,-1,400,0,144,0,count:2
570,stat_kill,Fish,-1,400,0,144,0,count:1
570,stat_birth,Fish,-1,464,0,304,0,count:1
570,stat_birth,Fish,-1,496,0,304,0,count:1
600,stat_starvation,Tapir,-1,16,0,272,0,count:1
600,stat_starvation,Monkey,-1,48,0,16,0,count:1
600,stat_kill,Fish,-1,48,0,112,0,count:1
600,stat_starvation,Tapir,-1,48,0,112,0,count:1
600,stat_starvation,Penguin,-1,48,0,336,0,count:1
600,stat_starvation,Musk Ox,-1,48,0,336,0,count:1
600,stat_starvation,Monkey,-1,80,0,48,0,count:1
600,stat_starvation,Rabbit,-1,80,0,112,0,count:1
600,stat_kill,Tapir,-1,176,0,240,0,count:1
600,stat_starvation,Monkey,-1,176,0,336,0,count:1
600,stat_kill,Penguin,-1,208,0,240,0,count:1
600,stat_birth,Fish,-1,272,0,304,0,count:1
600,stat_starvation,Lizard,-1,272,0,336,0,count:1
600,stat_starvation,Monkey,-1,304,0,432,0,count:1
600,stat_birth,Fish,-1,336,0,208,0,count:1
600,stat_age_death,Fish,-1,336,0,208,0,count:1
600,stat_starvation,Monkey,-1,368,0,240,0,count:1
600,stat_birth,Fish,-1,400,0,144,0,count:1
600,stat_starvation,Deer,-1,400,0,464,0,count:1
600,stat_birth,Fish,-1,496,0,304,0,count:1
600,stat_kill,Fish,-1,496,0,304,0,count:1
630,stat_starvation,Tapir,-1,16,0,272,0,count:1
630,stat_starvation,Parrot,-1,16,0,496,0,count:1
630,stat_starvation,Monkey,-1,48,0,16,0,count:1
630,stat_starvation,Musk Ox,-1,48,0,336,0,count:1
630,stat_kill,Deer,-1,80,0,144,0,count:1
630,stat_starvation,Deer,-1,112,0,112,0,count:1
630,stat_kill,Frog,-1,112,0,240,0,count:1
630,stat_starvation,Rabbit,-1,144,0,176,0,count:1
630,stat_kill,Monkey,-1,144,0,272,0,count:1
630,stat_starvation,Deer,-1,144,0,304,0,count:1
630,stat_starvation,Rabbit,-1,144,0,368,0,count:1
630,stat_kill,Rabbit,-1,208,0,16,0,count:1
630,stat_starvation,Rabbit,-1,208,0,432,0,count:1
630,stat_starvation,Lizard,-1,240,0,432,0,count:1
630,stat_birth,Fish,-1,272,0,304,0,count:1
630,stat_birth,Fish,-1,336,0,208,0,count:1
630,stat_kill,Lizard,-1,368,0,80,0,count:1
630,stat_birth,Fish,-1,400,0,144,0,count:1
630,stat_starvation,Rabbit,-1,400,0,176,0,count:1
630,stat_starvation,Camel,-1,400,0,176,0,count:1
630,stat_birth,Fish,-1,496,0,304,0,count:1
660,stat_starvation,Tapir,-1,16,0,368,0,count:1
660,stat_birth,Fish,-1,48,0,112,0,count:1
660,stat_starvation,Tapir,-1,48,0,112,0,count:2
660,stat_birth,Fish,-1,48,0,272,0,count:1
660,stat_starvation,Elk,-1,48,0,368,0,count:1
660,stat_starvation,Rabbit,-1,48,0,464,0,count:1
660,stat_starvation,Monkey,-1,80,0,48,0,count:1
660,stat_starvation,Lizard,-1,80,0,272,0,count:1
660,stat_kill,Frog,-1,80,0,432,0,count:1
660,stat_starvation,Rabbit,-1,80,0,496,0,count:1
660,stat_starvation,Deer,-1,112,0,80,0,count:1
660,stat_starvation,Deer,-1,112,0,112,0,count:2
660,stat_starvation,Penguin,-1,112,0,144,0,count:1
660,stat_starvation,Deer,-1,144,0,304,0,count:1
660,stat_starvation,Boar,-1,176,0,48,0,count:1
660,stat_starvation,Monkey,-1,176,0,336,0,count:1
660,stat_starvation,Deer,-1,208,0,400,0,count:1
660,stat_starvation,Frog,-1,240,0,432,0,count:1
660,stat_starvation,Lizard,-1,240,0,432,0,count:1
660,stat_starvation,Deer,-1,272,0,176,0,count:1
660,stat_birth,Fish,-1,272,0,304,0,count:1
660,stat_starvation,Deer,-1,304,0,80,0,count:1
660,stat_starvation,Frog,-1,304,0,208,0,count:1
660,stat_starvation,Tapir,-1,304,0,272,0,count:1
660,stat_starvation,Boar,-1,304,0,304,0,count:1
660,stat_starvation,Monkey,-1,304,0,432,0,count:1
660,stat_starvation,Elk,-1,336,0,176,0,count:1
660,stat_birth,Fish,-1,336,0,208,0,count:2
660,stat_starvation,Boar,-1,336,0,336,0,count:1
660,stat_starvation,Monkey,-1,368,0,272,0,count:1
660,stat_starvation,Deer,-1,368,0,432,0,count:1
660,stat_birth,Fish,-1,400,0,144,0,count:2
660,stat_starvation,Monkey,-1,400,0,400,0,count:1
660,stat_starvation,Deer,-1,400,0,464,0,count:2
660,stat_starvation,Deer,-1,432,0,432,0,count:2
660,stat_starvation,Deer,-1,432,0,464,0,count:1
660,stat_birth,Fish,-1,464,0,304,0,count:1
660,stat_birth,Fish,-1,496,0,304,0,count:1
690,stat_starvation,Elk,-1,16,0,336,0,count:1
690,stat_starvation,Parrot,-1,16,0,496,0,count:1
690,stat_kill,Fish,-1,48,0,112,0,count:1
690,stat_starvation,Musk Ox,-1,48,0,336,0,count:1
690,stat_starvation,Rabbit,-1,80,0,208,0,count:1
690,stat_starvation,Deer,-1,112,0,112,0,count:2
690,stat_birth,Sectid,-1,112,0,112,0,count:1
690,stat_birth,Sectid,-1,112,0,144,0,count:1
690,stat_starvation,Deer,-1,144,0,112,0,count:1
690,stat_birth,Lizard,-1,144,0,176,0,count:1
690,stat_kill,Rabbit,-1,176,0,48,0,count:1
690,stat_birth,Sectid,-1,176,0,368,0,count:1
690,stat_starvation,Deer,-1,208,0,400,0,count:1
690,stat_starvation,Deer,-1,272,0,176,0,count:1
690,stat_birth,Fish,-1,272,0,304,0,count:2
690,stat_starvation,Deer,-1,304,0,16,0,count:1
690,stat_starvation,Deer,-1,304,0,80,0,count:1
690,stat_kill,Frog,-1,304,0,112,0,count:1
690,stat_starvation,Tapir,-1,304,0,272,0,count:1
690,stat_birth,Fish,-1,336,0,208,0,count:1
690,stat_starvation,Musk Ox,-1,368,0,80,0,count:1
690,stat_starvation,Elk,-1,368,0,144,0,count:1
690,stat_birth,Fish,-1,400,0,144,0,count:1
690,stat_kill,Fish,-1,400,0,144,0,count:1
690,stat_starvation,Elk,-1,400,0,144,0,count:1
690,stat_starvation,Camel,-1,400,0,176,0,count:1
690,stat_starvation,Deer,-1,400,0,464,0,count:1
690,stat_starvation,Deer,-1,432,0,432,0,count:1
690,stat_starvation,Rabbit,-1,464,0,336,0,count:1
690,stat_birth,Fish,-1,496,0,304,0,count:1
720,stat_starvation,Tapir,-1,16,0,272,0,count:1
720,stat_starvation,Lizard,-1,16,0,496,0,count:1
720,stat_starvation,Elk,-1,48,0,16,0,count:1
720,stat_starvation,Monkey,-1,48,0,16,0,count:1
720,stat_starvation,Musk Ox,-1,48,0,336,0,count:1
720,stat_starvation,Rabbit,-1,48,0,464,0,count:1
720,stat_kill,Frog,-1,80,0,80,0,count:1
720,stat_birth,Sectid,-1,80,0,80,0,count:1
720,stat_kill,Lizard,-1,80,0,208,0,count:1
720,stat_birth,Fish,-1,80,0,272,0,count:1
720,stat_starvation,Deer,-1,112,0,112,0,count:1
720,stat_starvation,Penguin,-1,112,0,144,0,count:1
720,stat_starvation,Deer,-1,144,0,112,0,count:1
720,stat_starvation,Rabbit,-1,176,0,16,0,count:1
720,stat_starvation,Boar,-1,176,0,48,0,count:1
720,stat_starvation,Frog,-1,240,0,432,0,count:1
720,stat_starvation,Deer,-1,272,0,176,0,count:2
720,stat_birth,Fish,-1,272,0,304,0,count:1
720,stat_starvation,Deer,-1,304,0,16,0,count:1
720,stat_starvation,Deer,-1,304,0,80,0,count:2
720,stat_birth,Fish,-1,336,0,208,0,count:2
720,stat_starvation,Boar,-1,336,0,336,0,count:1
720,stat_starvation,Deer,-1,336,0,432,0,count:1
720,stat_starvation,Elk,-1,368,0,144,0,count:2
720,stat_starvation,Elk,-1,368,0,176,0,count:1
720,stat_starvation,Monkey,-1,368,0,240,0,count:1
720,stat_birth,Fish,-1,400,0,144,0,count:1
720,stat_starvation,Monkey,-1,400,0,400,0,count:1
720,stat_birth,Tapir,-1,432,0,400,0,count:1
720,stat_starvation,Deer,-1,432,0,432,0,count:1
720,stat_starvation,Elk,-1,464,0,496,0,count:1
720,stat_birth,Fish,-1,496,0,304,0,count:2
726,reproduce,Elk,439,286,6,276,8,offspring:1
750,stat_starvation,Elk,-1,16,0,336,0,count:2
750,stat_starvation,Elk,-1,48,0,16,0,count:1
750,stat_kill,Fish,-1,48,0,112,0,count:1
750,stat_starvation,Tapir,-1,48,0,112,0,count:1
750,stat_starvation,Elk,-1,48,0,368,0,count:1
750,stat_kill,Rabbit,-1,80,0,112,0,count:1
750,stat_kill,Penguin,-1,80,0,144,0,count:1
750,stat_starvation,Penguin,-1,80,0,336,0,count:1
750,stat_starvation,Rabbit,-1,80,0,496,0,count:1
750,stat_birth,Frog,-1,112,0,16,0,count:1
750,stat_starvation,Deer,-1,112,0,80,0,count:1
750,stat_starvation,Elk,-1,112,0,80,0,count:1
750,stat_starvation,Penguin,-1,112,0,144,0,count:1
750,stat_starvation,Deer,-1,144,0,80,0,count:1
750,stat_starvation,Deer,-1,144,0,112,0,count:1
750,stat_starvation,Deer,-1,144,0,304,0,count:1
750,stat_starvation,Deer,-1,208,0,400,0,count:1
750,stat_starvation,Rabbit,-1,208,0,432,0,count:1
750,stat_birth,Fish,-1,272,0,304,0,count:1
750,stat_age_death,Fish,-1,272,0,304,0,count:1
750,stat_starvation,Deer,-1,304,0,16,0,count:1
750,stat_starvation,Deer,-1,304,0,80,0,count:1
750,stat_starvation,Frog,-1,304,0,208,0,count:1
750,stat_starvation,Monkey,-1,304,0,432,0,count:1
750,stat_birth,Fish,-1,336,0,208,0,count:2
750,stat_starvation,Musk Ox,-1,368,0,80,0,count:1
750,stat_kill,Rabbit,-1,368,0,208,0,count:1
750,stat_birth,Fish,-1,400,0,144,0,count:2
750,stat_starvation,Elk,-1,400,0,144,0,count:1
750,stat_kill,Shroomer,-1,400,0,208,0,count:1
750,stat_starvation,Deer,-1,400,0,464,0,count:1
750,stat_kill,Frog,-1,432,0,432,0,count:1
750,stat_birth,Fish,-1,464,0,304,0,count:1
750,stat_birth,Fish,-1,496,0,304,0,count:1
750,stat_kill,Fish,-1,496,0,304,0,count:1
755,reproduce,Elk,440,285,2,279,9,offspring:1
766,reproduce,Elk,394,237,0,214,8,offspring:1
780,stat_starvation,Monkey,-1,16,0,144,0,count:1
780,stat_starvation,Elk,-1,16,0,368,0,count:1
780,stat_starvation,Lizard,-1,16,0,496,0,count:1
780,stat_starvation,Elk,-1,48,0,16,0,count:1
780,stat_birth,Fish,-1,48,0,272,0,count:1
780,stat_starvation,Lizard,-1,48,0,336,0,count:1
780,stat_starvation,Elk,-1,48,0,400,0,count:1
780,stat_starvation,Monkey,-1,80,0,48,0,count:1
780,stat_starvation,Deer,-1,112,0,112,0,count:1
780,stat_starvation,Monkey,-1,176,0,336,0,count:1
780,stat_birth,Camel,-1,176,0,368,0,count:1
780,stat_starvation,Deer,-1,208,0,400,0,count:1
780,stat_starvation,Lizard,-1,240,0,432,0,count:1
780,stat_starvation,Deer,-1,272,0,176,0,count:1
780,stat_birth,Fish,-1,272,0,304,0,count:2
780,stat_starvation,Deer,-1,304,0,16,0,count:1
780,stat_kill,Lizard,-1,304,0,144,0,count:1
780,stat_starvation,Tapir,-1,304,0,272,0,count:1
780,stat_birth,Fish,-1,336,0,208,0,count:2
780,stat_starvation,Musk Ox,-1,368,0,80,0,count:1
780,stat_starvation,Elk,-1,368,0,144,0,count:1
780,stat_starvation,Elk,-1,368,0,176,0,count:1
780,stat_birth,Fish,-1,400,0,144,0,count:2
780,stat_kill,Fish,-1,400,0,144,0,count:1
780,stat_starvation,Deer,-1,432,0,432,0,count:1
780,stat_starvation,Frog,-1,464,0,272,0,count:1
780,stat_starvation,Rabbit,-1,464,0,336,0,count:1
780,stat_birth,Fish,-1,496,0,304,0,count:1
810,stat_starvation,Musk Ox,-1,16,0,80,0,count:1
810,stat_starvation,Elk,-1,16,0,336,0,count:1
810,stat_starvation,Parrot,-1,16,0,496,0,count:1
810,stat_starvation,Elk,-1,48,0,16,0,count:1
810,stat_starvation,Deer,-1,80,0,144,0,count:1
810,stat_starvation,Penguin,-1,80,0,336,0,count:1
810,stat_starvation,Deer,-1,112,0,112,0,count:1
810,stat_starvation,Deer,-1,144,0,80,0,count:1
810,stat_starvation,Deer,-1,144,0,112,0,count:1
810,stat_kill,Lizard,-1,144,0,176,0,count:1
810,stat_starvation,Boar,-1,176,0,48,0,count:1
810,stat_birth,Fish,-1,272,0,304,0,count:1
810,stat_starvation,Deer,-1,304,0,16,0,count:1
810,stat_starvation,Musk Ox,-1,304,0,16,0,count:1
810,stat_starvation,Deer,-1,304,0,80,0,count:1
810,stat_birth,Fish,-1,336,0,208,0,count:2
810,stat_starvation,Boar,-1,336,0,336,0,count:1
810,stat_starvation,Deer,-1,336,0,432,0,count:1
810,stat_starvation,Musk Ox,-1,368,0,80,0,count:1
810,stat_birth,Fish,-1,400,0,144,0,count:1
810,stat_starvation,Elk,-1,400,0,176,0,count:1
810,stat_birth,Fish,-1,464,0,304,0,count:1
810,stat_starvation,Elk,-1,464,0,496,0,count:1
810,stat_starvation,Tapir,-1,496,0,48,0,count:1
810,stat_birth,Fish,-1,496,0,304,0,count:2
838,reproduce,Elk,397,232,3,212,6,offspring:1
840,stat_starvation,Musk Ox,-1,16,0,80,0,count:1
840,stat_starvation,Elk,-1,16,0,336,0,count:1
840,stat_starvation,Elk,-1,48,0,16,0,count:1
840,stat_birth,Fish,-1,48,0,112,0,count:1
840,stat_kill,Fish,-1,48,0,112,0,count:1
840,stat_kill,Fish,-1,48,0,272,0,count:1
840,stat_starvation,Musk Ox,-1,48,0,336,0,count:1
840,stat_starvation,Elk,-1,48,0,368,0,count:1
840,stat_starvation,Deer,-1,80,0,144,0,count:1
840,stat_birth,Sectid,-1,80,0,176,0,count:1
840,stat_kill,Fish,-1,80,0,272,0,count:1
840,stat_starvation,Tapir,-1,80,0,368,0,count:1
840,stat_starvation,Elk,-1,112,0,80,0,count:1
840,stat_starvation,Elk,-1,112,0,112,0,count:1
840,stat_birth,Sectid,-1,112,0,112,0,count:1
840,stat_birth,Sectid,-1,112,0,144,0,count:1
840,stat_birth,Lizard,-1,112,0,432,0,count:1
840,stat_starvation,Deer,-1,144,0,80,0,count:1
840,stat_starvation,Tapir,-1,176,0,240,0,count:1
840,stat_birth,Camel,-1,176,0,336,0,count:1
840,stat_kill,Monkey,-1,176,0,368,0,count:1
840,stat_birth,Fish,-1,272,0,304,0,count:2
840,stat_starvation,Musk Ox,-1,304,0,16,0,count:2
840,stat_starvation,Deer,-1,304,0,48,0,count:1
840,stat_starvation,Deer,-1,304,0,80,0,count:1
840,stat_birth,Fish,-1,336,0,208,0,count:2
840,stat_age_death,Fish,-1,336,0,208,0,count:1
840,stat_starvation,Musk Ox,-1,368,0,80,0,count:1
840,stat_birth,Fish,-1,400,0,144,0,count:2
840,stat_starvation,Elk,-1,400,0,144,0,count:1
840,stat_starvation,Deer,-1,432,0,464,0,count:1
840,stat_birth,Fish,-1,496,0,304,0,count:2
870,stat_starvation,Musk Ox,-1,16,0,80,0,count:1
870,stat_starvation,Monkey,-1,16,0,144,0,count:1
870,stat_starvation,Elk,-1,16,0,368,0,count:1
870,stat_starvation,Lizard,-1,16,0,496,0,count:1
870,stat_birth,Fish,-1,48,0,272,0,count:1
870,stat_starvation,Deer,-1,80,0,144,0,count:1
870,stat_birth,Musk Ox,-1,80,0,336,0,count:1
870,stat_kill,Frog,-1,80,0,496,0,count:1
870,stat_starvation,Elk,-1,112,0,112,0,count:1
870,stat_starvation,Penguin,-1,112,0,144,0,count:1
870,stat_kill,Lizard,-1,112,0,432,0,count:1
870,stat_starvation,Deer,-1,144,0,80,0,count:1
870,stat_birth,Shroomer,-1,176,0,368,0,count:1
870,stat_starvation,Deer,-1,208,0,400,0,count:1
870,stat_starvation,Elk,-1,240,0,112,0,count:1
870,stat_kill,Frog,-1,240,0,432,0,count:1
870,stat_birth,Fish,-1,272,0,304,0,count:1
870,stat_starvation,Musk Ox,-1,304,0,16,0,count:1
870,stat_starvation,Deer,-1,304,0,48,0,count:2
870,stat_birth,Fish,-1,336,0,208,0,count:2
870,stat_starvation,Elk,-1,368,0,144,0,count:1
870,stat_starvation,Boar,-1,400,0,112,0,count:1
870,stat_birth,Fish,-1,400,0,144,0,count:2
870,stat_kill,Fish,-1,400,0,144,0,count:1
870,stat_birth,Fish,-1,464,0,304,0,count:1
870,stat_birth,Fish,-1,496,0,304,0,count:1
870,stat_starvation,Elk,-1,496,0,464,0,count:1
900,stat_starvation,Elk,-1,48,0,16,0,count:1
900,stat_starvation,Lizard,-1,48,0,336,0,count:1
900,stat_starvation,Penguin,-1,80,0,336,0,count:1
900,stat_starvation,Tapir,-1,80,0,368,0,count:1
900,stat_starvation,Elk,-1,112,0,112,0,count:1
900,stat_kill,Monkey,-1,144,0,272,0,count:1
900,stat_starvation,Turtle,-1,208,0,272,0,count:1
900,stat_starvation,Elk,-1,240,0,112,0,count:1
900,stat_birth,Fish,-1,272,0,304,0,count:2
900,stat_starvation,Deer,-1,304,0,16,0,count:1
900,stat_starvation,Musk Ox,-1,304,0,16,0,count:1
900,stat_starvation,Deer,-1,304,0,48,0,count:1
900,stat_birth,Fish,-1,336,0,208,0,count:3
900,stat_starvation,Musk Ox,-1,368,0,48,0,count:1
900,stat_starvation,Musk Ox,-1,368,0,80,0,count:1
900,stat_starvation,Elk,-1,368,0,176,0,count:1
900,stat_kill,Shroomer,-1,400,0,80,0,count:1
900,stat_birth,Fish,-1,400,0,144,0,count:2
900,stat_starvation,Deer,-1,400,0,464,0,count:1
900,stat_kill,Rabbit,-1,432,0,368,0,count:1
900,stat_starvation,Frog,-1,464,0,272,0,count:1
900,stat_starvation,Elk,-1,464,0,496,0,count:1
900,stat_starvation,Tapir,-1,496,0,48,0,count:1
900,stat_birth,Fish,-1,496,0,304,0,count:2
900,stat_kill,Fish,-1,496,0,304,0,count:1
930,stat_starvation,Musk Ox,-1,16,0,80,0,count:1
930,stat_kill,Fish,-1,48,0,112,0,count:1
930,stat_kill,Parrot,-1,48,0,464,0,count:1
930,stat_starvation,Deer,-1,80,0,144,0,count:1
930,stat_kill,Rabbit,-1,80,0,208,0,count:1
930,stat_starvation,Tapir,-1,80,0,368,0,count:1
930,stat_starvation,Deer,-1,112,0,48,0,count:1
930,stat_starvation,Elk,-1,112,0,80,0,count:1
930,stat_starvation,Tapir,-1,176,0,240,0,count:1
930,stat_kill,Sectid,-1,176,0,368,0,count:1
930,stat_starvation,Elk,-1,240,0,112,0,count:1
930,stat_starvation,Deer,-1,272,0,176,0,count:1
930,stat_birth,Fish,-1,272,0,304,0,count:2
930,stat_kill,Lizard,-1,272,0,496,0,count:1
930,stat_starvation,Musk Ox,-1,304,0,16,0,count:1
930,stat_starvation,Deer,-1,304,0,48,0,count:1
930,stat_kill,Monkey,-1,304,0,432,0,count:1
930,stat_starvation,Elk,-1,336,0,176,0,count:1
930,stat_birth,Fish,-1,336,0,208,0,count:2
930,stat_birth,Fish,-1,400,0,144,0,count:2
930,stat_starvation,Camel,-1,400,0,176,0,count:1
930,stat_starvation,Elk,-1,400,0,176,0,count:1
930,stat_birth,Fish,-1,464,0,304,0,count:1
930,stat_starvation,Snake,-1,496,0,16,0,count:1
930,stat_birth,Fish,-1,496,0,304,0,count:2
930,stat_starvation,Elk,-1,496,0,464,0,count:2
941,reproduce,Elk,396,231,5,212,5,offspring:1
960,stat_starvation,Elk,-1,16,0,336,0,count:1
960,stat_starvation,Elk,-1,48,0,16,0,count:1
960,stat_birth,Fish,-1,48,0,272,0,count:1
960,stat_birth,Frog,-1,48,0,304,0,count:1
960,stat_kill,Deer,-1,80,0,112,0,count:1
960,stat_starvation,Deer,-1,112,0,112,0,count:1
960,stat_starvation,Elk,-1,112,0,112,0,count:1
960,stat_birth,Sectid,-1,112,0,176,0,count:1
960,stat_kill,Shroomer,-1,176,0,368,0,count:1
960,stat_birth,Fish,-1,272,0,304,0,count:2
960,stat_starvation,Musk Ox,-1,304,0,16,0,count:1
960,stat_starvation,Deer,-1,304,0,48,0,count:1
960,stat_starvation,Rabbit,-1,304,0,208,0,count:1
960,stat_birth,Fish,-1,336,0,208,0,count:3
960,stat_starvation,Elk,-1,336,0,272,0,count:1
960,stat_starvation,Turtle,-1,336,0,432,0,count:1
960,stat_starvation,Musk Ox,-1,368,0,48,0,count:1
960,stat_birth,Fish,-1,400,0,144,0,count:3
960,stat_kill,Fish,-1,400,0,144,0,count:1
960,stat_starvation,Tapir,-1,400,0,304,0,count:1
960,stat_starvation,Hawk,-1,496,0,112,0,count:1
960,stat_birth,Fish,-1,496,0,304,0,count:2
960,stat_starvation,Elk,-1,496,0,464,0,count:1
990,stat_starvation,Parrot,-1,16,0,464,0,count:1
990,stat_starvation,Camel,-1,48,0,240,0,count:1
990,stat_birth,Fish,-1,80,0,272,0,count:1
990,stat_starvation,Deer,-1,144,0,112,0,count:1
990,stat_kill,Deer,-1,144,0,176,0,count:1
990,stat_starvation,Elk,-1,240,0,112,0,count:1
990,stat_starvation,Deer,-1,272,0,48,0,count:1
990,stat_birth,Fish,-1,272,0,304,0,count:2
990,stat_starvation,Rabbit,-1,304,0,208,0,count:1
990,stat_birth,Fish,-1,336,0,208,0,count:3
990,stat_birth,Fish,-1,400,0,144,0,count:2
990,stat_birth,Fish,-1,464,0,304,0,count:1
990,stat_starvation,Elk,-1,464,0,496,0,count:1
990,stat_birth,Fish,-1,496,0,304,0,count:2
990,stat_starvation,Turtle,-1,496,0,368,0,count:1
1014,hunt_start,Snake,948,279,6,266,2,target:Rabbit:591
1020,stat_starvation,Elk,-1,16,0,400,0,count:1
1020,stat_starvation,Elk,-1,48,0,368,0,count:1
1020,stat_starvation,Camel,-1,80,0,336,0,count:1
1020,stat_starvation,Deer,-1,112,0,80,0,count:1
1020,stat_starvation,Elk,-1,112,0,80,0,count:1
1020,stat_starvation,Deer,-1,144,0,80,0,count:1
1020,stat_kill,Rabbit,-1,144,0,176,0,count:1
1020,stat_starvation,Deer,-1,272,0,48,0,count:2
1020,stat_kill,Lizard,-1,272,0,176,0,count:1
1020,stat_birth,Fish,-1,272,0,304,0,count:2
1020,stat_age_death,Fish,-1,272,0,304,0,count:1
1020,stat_starvation,Musk Ox,-1,304,0,16,0,count:1
1020,stat_starvation,Deer,-1,304,0,48,0,count:1
1020,stat_birth,Fish,-1,336,0,208,0,count:3
1020,stat_age_death,Fish,-1,336,0,208,0,count:1
1020,stat_starvation,Boar,-1,400,0,112,0,count:1
1020,stat_birth,Fish,-1,400,0,144,0,count:2
1020,stat_birth,Fish,-1,464,0,304,0,count:1
1020,stat_age_death,Fish,-1,464,0,304,0,count:1
1020,stat_starvation,Hawk,-1,496,0,112,0,count:1
1020,stat_birth,Fish,-1,496,0,304,0,count:2
1020,stat_kill,Fish,-1,496,0,304,0,count:1
1020,stat_starvation,Elk,-1,496,0,464,0,count:1
1032,reproduce,Elk,391,236,1,213,2,offspring:1
1050,stat_starvation,Elk,-1,48,0,16,0,count:1
1050,stat_kill,Shroomer,-1,48,0,80,0,count:1
1050,stat_birth,Fish,-1,48,0,272,0,count:1
1050,stat_kill,Lizard,-1,80,0,208,0,count:1
1050,stat_kill,Deer,-1,112,0,144,0,count:1
1050,stat_starvation,Deer,-1,176,0,144,0,count:1
1050,stat_birth,Monkey,-1,176,0,368,0,count:1
1050,stat_starvation,Deer,-1,272,0,48,0,count:1
1050,stat_birth,Fish,-1,272,0,304,0,count:3
1050,stat_starvation,Deer,-1,304,0,48,0,count:1
1050,stat_starvation,Deer,-1,304,0,80,0,count:1
1050,stat_starvation,Musk Ox,-1,336,0,16,0,count:1
1050,stat_birth,Fish,-1,336,0,208,0,count:3
1050,stat_starvation,Elk,-1,336,0,240,0,count:1
1050,stat_starvation,Musk Ox,-1,368,0,48,0,count:1
1050,stat_birth,Fish,-1,400,0,144,0,count:3
1050,stat_kill,Fish,-1,400,0,144,0,count:1
1050,stat_starvation,Arctic Fox,-1,400,0,208,0,count:1
1050,stat_birth,Fish,-1,464,0,304,0,count:1
1050,stat_birth,Shroomer,-1,464,0,304,0,count:1
1050,stat_birth,Fish,-1,496,0,304,0,count:3
1080,stat_starvation,Elk,-1,16,0,48,0,count:1
1080,stat_kill,Shroomer,-1,16,0,80,0,count:1
1080,stat_birth,Sectid,-1,16,0,80,0,count:1
1080,stat_starvation,Parrot,-1,16,0,464,0,count:1
1080,stat_starvation,Elk,-1,48,0,16,0,count:1
1080,stat_starvation,Elk,-1,48,0,48,0,count:1
1080,stat_kill,Sectid,-1,48,0,80,0,count:1
1080,stat_kill,Fish,-1,48,0,112,0,count:1
1080,stat_kill,Deer,-1,48,0,208,0,count:1
1080,stat_starvation,Elk,-1,48,0,336,0,count:1
1080,stat_starvation,Parrot,-1,48,0,464,0,count:1
1080,stat_kill,Penguin,-1,80,0,144,0,count:1
1080,stat_birth,Fish,-1,80,0,272,0,count:1
1080,stat_starvation,Deer,-1,144,0,176,0,count:2
1080,stat_starvation,Sectid,-1,176,0,208,0,count:1
1080,stat_birth,Elk,-1,208,0,176,0,count:1
1080,stat_starvation,Sectid,-1,208,0,208,0,count:1
1080,stat_starvation,Deer,-1,272,0,48,0,count:2
1080,stat_birth,Fish,-1,272,0,304,0,count:2
1080,stat_starvation,Elk,-1,272,0,304,0,count:1
1080,stat_starvation,Deer,-1,304,0,16,0,count:2
1080,stat_starvation,Deer,-1,304,0,48,0,count:1
1080,stat_starvation,Rabbit,-1,304,0,208,0,count:1
1080,stat_starvation,Musk Ox,-1,336,0,16,0,count:1
1080,stat_kill,Lizard,-1,336,0,144,0,count:1
1080,stat_birth,Fish,-1,336,0,208,0,count:4
1080,stat_birth,Fish,-1,400,0,144,0,count:3
1080,stat_birth,Fish,-1,464,0,304,0,count:1
1080,stat_birth,Fish,-1,496,0,304,0,count:2
1080,stat_starvation,Elk,-1,496,0,464,0,count:1
1080,stat_birth,Lizard,-1,496,0,464,0,count:1
1098,reproduce,Rabbit,195,280,6,245,7,offspring:2
1110,stat_starvation,Elk,-1,16,0,48,0,count:1
1110,stat_starvation,Elk,-1,48,0,16,0,count:1
1110,stat_starvation,Elk,-1,48,0,48,0,count:1
1110,stat_starvation,Elk,-1,48,0,80,0,count:1
1110,stat_birth,Fish,-1,48,0,272,0,count:1
1110,stat_starvation,Elk,-1,48,0,336,0,count:1
1110,stat_kill,Shroomer,-1,80,0,80,0,count:1
1110,stat_birth,Sectid,-1,144,0,144,0,count:1
1110,stat_starvation,Deer,-1,176,0,144,0,count:1
1110,stat_starvation,Hawk,-1,208,0,496,0,count:1
1110,stat_birth,Fish,-1,272,0,304,0,count:3
1110,stat_starvation,Deer,-1,304,0,16,0,count:1
1110,stat_starvation,Musk Ox,-1,304,0,16,0,count:1
1110,stat_starvation,Musk Ox,-1,336,0,16,0,count:1
1110,stat_starvation,Deer,-1,336,0,48,0,count:1
1110,stat_birth,Fish,-1,336,0,208,0,count:3
1110,stat_starvation,Musk Ox,-1,368,0,48,0,count:1
1110,stat_starvation,Deer,-1,368,0,432,0,count:1
1110,stat_birth,Fish,-1,400,0,144,0,count:3
1110,stat_kill,Tapir,-1,400,0,304,0,count:1
1110,stat_starvation,Elk,-1,464,0,496,0,count:1
1110,stat_birth,Fish,-1,496,0,304,0,count:3
1140,stat_starvation,Elk,-1,16,0,48,0,count:1
1140,stat_starvation,Elk,-1,16,0,368,0,count:1
1140,stat_starvation,Elk,-1,48,0,16,0,count:1
1140,stat_starvation,Elk,-1,48,0,48,0,count:1
1140,stat_starvation,Monkey,-1,48,0,48,0,count:1
1140,stat_starvation,Elk,-1,48,0,80,0,count:1
1140,stat_starvation,Elk,-1,48,0,336,0,count:1
1140,stat_starvation,Elk,-1,80,0,48,0,count:1
1140,stat_kill,Lizard,-1,80,0,272,0,count:1
1140,stat_starvation,Elk,-1,112,0,80,0,count:1
1140,stat_kill,Elk,-1,112,0,112,0,count:1
1140,stat_birth,Sectid,-1,144,0,112,0,count:1
1140,stat_starvation,Deer,-1,144,0,176,0,count:1
1140,stat_starvation,Sectid,-1,176,0,208,0,count:1
1140,stat_starvation,Sectid,-1,208,0,208,0,count:1
1140,stat_starvation,Deer,-1,272,0,48,0,count:1
1140,stat_birth,Fish,-1,272,0,304,0,count:3
1140,stat_starvation,Deer,-1,304,0,16,0,count:1
1140,stat_starvation,Deer,-1,304,0,48,0,count:2
1140,stat_starvation,Musk Ox,-1,304,0,48,0,count:1
1140,stat_starvation,Fox,-1,304,0,464,0,count:1
1140,stat_starvation,Crocodile,-1,304,0,496,0,count:1
1140,stat_starvation,Musk Ox,-1,336,0,16,0,count:1
1140,stat_starvation,Deer,-1,336,0,48,0,count:1
1140,stat_birth,Fish,-1,336,0,208,0,count:4
1140,stat_age_death,Fish,-1,336,0,208,0,count:1
1140,stat_starvation,Elk,-1,336,0,272,0,count:1
1140,stat_starvation,Turtle,-1,336,0,432,0,count:1
1140,stat_starvation,Sectid,-1,336,0,464,0,count:1
1140,stat_starvation,Deer,-1,368,0,48,0,count:1
1140,stat_starvation,Fox,-1,368,0,368,0,count:1
1140,stat_birth,Fish,-1,400,0,144,0,count:3
1140,stat_kill,Fish,-1,400,0,144,0,count:1
1140,stat_starvation,Arctic Fox,-1,400,0,208,0,count:1
1140,stat_birth,Fish,-1,464,0,304,0,count:1
1140,stat_starvation,Wolf,-1,496,0,16,0,count:1
1140,stat_birth,Fish,-1,496,0,304,0,count:3
1140,stat_kill,Fish,-1,496,0,304,0,count:1
1170,stat_starvation,Elk,-1,16,0,48,0,count:1
1170,stat_birth,Musk Ox,-1,16,0,112,0,count:1
1170,stat_kill,Tapir,-1,16,0,144,0,count:1
1170,stat_starvation,Wolf,-1,16,0,176,0,count:1
1170,stat_starvation,Parrot,-1,16,0,496,0,count:1
1170,stat_starvation,Elk,-1,48,0,48,0,count:2
1170,stat_birth,Sectid,-1,48,0,48,0,count:1
1170,stat_birth,Fish,-1,48,0,272,0,count:1
1170,stat_kill,Fish,-1,48,0,272,0,count:1
1170,stat_kill,Frog,-1,48,0,304,0,count:1
1170,stat_starvation,Elk,-1,80,0,48,0,count:1
1170,stat_birth,Sectid,-1,80,0,48,0,count:1
1170,stat_kill,Deer,-1,80,0,144,0,count:1
1170,stat_kill,Fish,-1,80,0,272,0,count:1
1170,stat_birth,Shroomer,-1,80,0,368,0,count:1
1170,stat_starvation,Elk,-1,112,0,48,0,count:1
1170,stat_kill,Lizard,-1,144,0,176,0,count:1
1170,stat_kill,Monkey,-1,176,0,304,0,count:1
1170,stat_birth,Fish,-1,272,0,304,0,count:3
1170,stat_starvation,Deer,-1,304,0,16,0,count:1
1170,stat_starvation,Musk Ox,-1,304,0,48,0,count:1
1170,stat_birth,Lizard,-1,304,0,144,0,count:1
1170,stat_starvation,Musk Ox,-1,336,0,16,0,count:1
1170,stat_starvation,Deer,-1,336,0,48,0,count:2
1170,stat_birth,Fish,-1,336,0,208,0,count:4
1170,stat_starvation,Elk,-1,336,0,240,0,count:1
1170,stat_birth,Fish,-1,400,0,144,0,count:3
1170,stat_starvation,Shark,-1,432,0,16,0,count:1
1170,stat_birth,Fish,-1,464,0,304,0,count:1
1170,stat_birth,Fish,-1,496,0,304,0,count:3
1170,stat_starvation,Elk,-1,496,0,496,0,count:1
1200,stat_starvation,Elk,-1,16,0,48,0,count:1
1200,stat_starvation,Wolf,-1,16,0,432,0,count:1
1200,stat_starvation,Elk,-1,48,0,16,0,count:1
1200,stat_starvation,Elk,-1,48,0,48,0,count:1
1200,stat_starvation,Elk,-1,48,0,80,0,count:1
1200,stat_starvation,Elk,-1,48,0,336,0,count:1
1200,stat_starvation,Elk,-1,80,0,48,0,count:1
1200,stat_starvation,Elk,-1,112,0,48,0,count:1
1200,stat_birth,Camel,-1,208,0,368,0,count:1
1200,stat_starvation,Sectid,-1,208,0,496,0,count:1
1200,stat_starvation,Deer,-1,272,0,16,0,count:1
1200,stat_starvation,Deer,-1,272,0,48,0,count:1
1200,stat_birth,Fish,-1,272,0,304,0,count:3
1200,stat_age_death,Fish,-1,272,0,304,0,count:1
1200,stat_starvation,Elk,-1,272,0,304,0,count:1
1200,stat_starvation,Deer,-1,304,0,16,0,count:1
1200,stat_starvation,Deer,-1,304,0,48,0,count:1
1200,stat_starvation,Musk Ox,-1,304,0,48,0,count:1
1200,stat_starvation,Deer,-1,304,0,80,0,count:1
1200,stat_starvation,Musk Ox,-1,336,0,16,0,count:1
1200,stat_starvation,Deer,-1,336,0,16,0,count:2
1200,stat_starvation,Deer,-1,336,0,48,0,count:2
1200,stat_birth,Fish,-1,336,0,208,0,count:5
1200,stat_starvation,Deer,-1,368,0,48,0,count:1
1200,stat_kill,Monkey,-1,368,0,272,0,count:1
1200,stat_kill,Shroomer,-1,368,0,496,0,count:1
1200,stat_starvation,Musk Ox,-1,400,0,48,0,count:1
1200,stat_birth,Fish,-1,400,0,144,0,count:4
1200,stat_starvation,Elk,-1,432,0,464,0,count:1
1200,stat_starvation,Scorpion,-1,464,0,16,0,count:1
1200,stat_starvation,Fox,-1,464,0,240,0,count:1
1200,stat_birth,Fish,-1,464,0,304,0,count:1
1200,stat_birth,Fish,-1,496,0,304,0,count:3
1200,stat_starvation,Elk,-1,496,0,496,0,count:1
1230,stat_starvation,Elk,-1,16,0,16,0,count:1
1230,stat_starvation,Elk,-1,48,0,16,0,count:2
1230,stat_starvation,Elk,-1,48,0,48,0,count:1
1230,stat_birth,Fish,-1,48,0,272,0,count:1
1230,stat_starvation,Elk,-1,48,0,336,0,count:1
1230,stat_starvation,Elk,-1,48,0,368,0,count:1
1230,stat_starvation,Parrot,-1,48,0,464,0,count:1
1230,stat_starvation,Elk,-1,80,0,48,0,count:1
1230,stat_kill,Deer,-1,80,0,112,0,count:1
1230,stat_starvation,Elk,-1,112,0,80,0,count:1
1230,stat_starvation,Deer,-1,112,0,144,0,count:1
1230,stat_starvation,Deer,-1,144,0,48,0,count:1
1230,stat_starvation,Deer,-1,144,0,144,0,count:1
1230,stat_starvation,Deer,-1,176,0,112,0,count:1
1230,stat_starvation,Deer,-1,176,0,144,0,count:1
1230,stat_starvation,Deer,-1,272,0,16,0,count:1
1230,stat_birth,Fish,-1,272,0,304,0,count:3
1230,stat_starvation,Deer,-1,304,0,16,0,count:1
1230,stat_starvation,Deer,-1,304,0,48,0,count:1
1230,stat_starvation,Musk Ox,-1,304,0,48,0,count:1
1230,stat_starvation,Deer,-1,304,0,80,0,count:2
1230,stat_starvation,Deer,-1,336,0,16,0,count:1
1230,stat_starvation,Deer,-1,336,0,48,0,count:1
1230,stat_birth,Fish,-1,336,0,208,0,count:4
1230,stat_starvation,Sectid,-1,336,0,496,0,count:1
1230,stat_starvation,Musk Ox,-1,368,0,48,0,count:1
1230,stat_starvation,Sectid,-1,368,0,336,0,count:1
1230,stat_birth,Fish,-1,400,0,144,0,count:4
1230,stat_age_death,Fish,-1,400,0,144,0,count:1
1230,stat_starvation,Deer,-1,400,0,432,0,count:1
1230,stat_kill,Deer,-1,432,0,432,0,count:1
1230,stat_birth,Fish,-1,464,0,304,0,count:1
1230,stat_starvation,Wolf,-1,496,0,16,0,count:1
1230,stat_birth,Fish,-1,496,0,304,0,count:3
1241,hunt_start,Hawk,928,277,4,221,0,target:Rabbit:867
1252,environment_death,Camel,526,224,5,258,8,drowning
1260,stat_starvation,Elk,-1,16,0,16,0,count:1
1260,stat_starvation,Elk,-1,16,0,48,0,count:1
1260,stat_starvation,Wolf,-1,16,0,176,0,count:1
1260,stat_birth,Deer,-1,16,0,304,0,count:1
1260,stat_starvation,Fox,-1,16,0,400,0,count:1
1260,stat_starvation,Elk,-1,48,0,16,0,count:1
1260,stat_starvation,Elk,-1,48,0,48,0,count:1
1260,stat_kill,Tapir,-1,48,0,112,0,count:1
1260,stat_starvation,Parrot,-1,48,0,496,0,count:1
1260,stat_starvation,Elk,-1,80,0,48,0,count:1
1260,stat_kill,Deer,-1,80,0,80,0,count:1
1260,stat_kill,Sectid,-1,80,0,80,0,count:1
1260,stat_starvation,Camel,-1,80,0,336,0,count:1
1260,stat_starvation,Elk,-1,112,0,48,0,count:1
1260,stat_starvation,Deer,-1,112,0,144,0,count:1
1260,stat_starvation,Camel,-1,112,0,368,0,count:1
1260,stat_starvation,Deer,-1,144,0,144,0,count:1
1260,stat_kill,Deer,-1,144,0,176,0,count:1
1260,stat_birth,Sectid,-1,144,0,176,0,count:1
1260,stat_starvation,Deer,-1,176,0,112,0,count:1
1260,stat_starvation,Sectid,-1,176,0,272,0,count:1
1260,stat_birth,Camel,-1,176,0,368,0,count:1
1260,stat_starvation,Sectid,-1,208,0,496,0,count:1
1260,stat_starvation,Deer,-1,272,0,16,0,count:1
1260,stat_birth,Fish,-1,272,0,304,0,count:4
1260,stat_starvation,Deer,-1,304,0,48,0,count:1
1260,stat_starvation,Musk Ox,-1,304,0,48,0,count:1
1260,stat_starvation,Musk Ox,-1,336,0,16,0,count:1
1260,stat_starvation,Deer,-1,336,0,48,0,count:1
1260,stat_birth,Fish,-1,336,0,208,0,count:5
1260,stat_age_death,Fish,-1,336,0,208,0,count:1
1260,stat_starvation,Sectid,-1,336,0,496,0,count:1
1260,stat_birth,Fish,-1,400,0,144,0,count:3
1260,stat_starvation,Deer,-1,400,0,432,0,count:1
1260,stat_birth,Fish,-1,464,0,304,0,count:2
1260,stat_starvation,Elk,-1,464,0,496,0,count:1
1260,stat_starvation,Scorpion,-1,496,0,144,0,count:1
1260,stat_starvation,Fox,-1,496,0,208,0,count:1
1260,stat_birth,Fish,-1,496,0,304,0,count:4
1260,stat_age_death,Fish,-1,496,0,304,0,count:1
1260,stat_birth,Scorpion,-1,496,0,304,0,count:1
1264,reproduce,Elk,392,230,9,211,7,offspring:1
1290,stat_starvation,Elk,-1,16,0,48,0,count:1
1290,stat_starvation,Sectid,-1,16,0,208,0,count:1
1290,stat_starvation,Wolf,-1,16,0,432,0,count:1
1290,stat_starvation,Elk,-1,48,0,48,0,count:1
1290,stat_starvation,Elk,-1,48,0,80,0,count:1
1290,stat_birth,Fish,-1,48,0,272,0,count:1
1290,stat_starvation,Parrot,-1,48,0,496,0,count:1
1290,stat_kill,Elk,-1,80,0,80,0,count:1
1290,stat_starvation,Deer,-1,112,0,144,0,count:2
1290,stat_starvation,Camel,-1,112,0,368,0,count:1
1290,stat_starvation,Deer,-1,144,0,144,0,count:1
1290,stat_birth,Shroomer,-1,144,0,208,0,count:1
1290,stat_starvation,Sectid,-1,176,0,272,0,count:1
1290,stat_kill,Turtle,-1,208,0,272,0,count:1
1290,stat_starvation,Deer,-1,272,0,16,0,count:1
1290,stat_starvation,Deer,-1,272,0,48,0,count:1
1290,stat_birth,Fish,-1,272,0,304,0,count:4
1290,stat_starvation,Deer,-1,304,0,80,0,count:1
1290,stat_starvation,Deer,-1,336,0,16,0,count:1
1290,stat_birth,Fish,-1,336,0,208,0,count:5
1290,stat_starvation,Sectid,-1,336,0,496,0,count:1
1290,stat_starvation,Musk Ox,-1,368,0,48,0,count:1
1290,stat_starvation,Sectid,-1,368,0,336,0,count:1
1290,stat_birth,Fish,-1,400,0,144,0,count:5
1290,stat_starvation,Sectid,-1,400,0,368,0,count:1
1290,stat_birth,Fish,-1,464,0,304,0,count:1
1290,stat_birth,Fish,-1,496,0,304,0,count:3
1320,stat_starvation,Elk,-1,16,0,16,0,count:1
1320,stat_kill,Musk Ox,-1,16,0,112,0,count:1
1320,stat_starvation,Sectid,-1,16,0,208,0,count:1
1320,stat_starvation,Elk,-1,16,0,304,0,count:1
1320,stat_starvation,Parrot,-1,16,0,464,0,count:1
1320,stat_starvation,Elk,-1,48,0,16,0,count:1
1320,stat_starvation,Elk,-1,48,0,48,0,count:1
1320,stat_starvation,Musk Ox,-1,48,0,80,0,count:1
1320,stat_starvation,Elk,-1,48,0,336,0,count:1
1320,stat_starvation,Elk,-1,80,0,48,0,count:1
1320,stat_kill,Elk,-1,80,0,112,0,count:1
1320,stat_kill,Deer,-1,80,0,176,0,count:1
1320,stat_kill,Frog,-1,80,0,432,0,count:1
1320,stat_starvation,Deer,-1,112,0,80,0,count:1
1320,stat_starvation,Elk,-1,112,0,80,0,count:1
1320,stat_starvation,Deer,-1,112,0,144,0,count:1
1320,stat_kill,Lizard,-1,112,0,432,0,count:1
1320,stat_starvation,Deer,-1,144,0,112,0,count:1
1320,stat_starvation,Deer,-1,144,0,144,0,count:1
1320,stat_starvation,Deer,-1,176,0,112,0,count:1
1320,stat_starvation,Wolf,-1,176,0,208,0,count:1
1320,stat_starvation,Deer,-1,240,0,176,0,count:1
1320,stat_starvation,Deer,-1,272,0,16,0,count:1
1320,stat_birth,Lizard,-1,272,0,176,0,count:1
1320,stat_birth,Fish,-1,272,0,304,0,count:4
1320,stat_starvation,Elk,-1,272,0,304,0,count:1
1320,stat_starvation,Musk Ox,-1,304,0,48,0,count:1
1320,stat_starvation,Deer,-1,336,0,16,0,count:1
1320,stat_starvation,Deer,-1,336,0,48,0,count:1
1320,stat_birth,Fish,-1,336,0,208,0,count:6
1320,stat_starvation,Elk,-1,336,0,272,0,count:1
1320,stat_starvation,Deer,-1,368,0,48,0,count:1
1320,stat_kill,Deer,-1,368,0,464,0,count:1
1320,stat_birth,Fish,-1,400,0,144,0,count:4
1320,stat_age_death,Fish,-1,400,0,144,0,count:1
1320,stat_starvation,Elk,-1,432,0,464,0,count:1
1320,stat_birth,Fish,-1,464,0,304,0,count:1
1320,stat_birth,Fish,-1,496,0,304,0,count:4
1350,stat_starvation,Elk,-1,16,0,304,0,count:1
1350,stat_starvation,Elk,-1,16,0,368,0,count:1
1350,stat_starvation,Elk,-1,48,0,48,0,count:1
1350,stat_starvation,Elk,-1,48,0,80,0,count:1
1350,stat_birth,Fish,-1,48,0,272,0,count:1
1350,stat_kill,Frog,-1,48,0,496,0,count:1
1350,stat_starvation,Elk,-1,80,0,48,0,count:1
1350,stat_starvation,Elk,-1,112,0,48,0,count:1
1350,stat_kill,Deer,-1,112,0,176,0,count:1
1350,stat_starvation,Deer,-1,144,0,112,0,count:1
1350,stat_starvation,Deer,-1,144,0,144,0,count:1
1350,stat_starvation,Deer,-1,176,0,144,0,count:1
1350,stat_starvation,Sectid,-1,176,0,272,0,count:1
1350,stat_kill,Sectid,-1,176,0,368,0,count:1
1350,stat_birth,Fish,-1,272,0,304,0,count:4
1350,stat_age_death,Fish,-1,272,0,304,0,count:1
1350,stat_starvation,Deer,-1,304,0,48,0,count:1
1350,stat_starvation,Deer,-1,304,0,80,0,count:1
1350,stat_starvation,Musk Ox,-1,336,0,48,0,count:2
1350,stat_birth,Fish,-1,336,0,208,0,count:6
1350,stat_starvation,Elk,-1,336,0,240,0,count:1
1350,stat_starvation,Sectid,-1,336,0,496,0,count:1
1350,stat_starvation,Musk Ox,-1,368,0,16,0,count:1
1350,stat_birth,Fish,-1,400,0,144,0,count:5
1350,stat_kill,Turtle,-1,400,0,336,0,count:1
1350,stat_starvation,Sectid,-1,400,0,368,0,count:1
1350,stat_starvation,Deer,-1,400,0,432,0,count:1
1350,stat_birth,Fish,-1,464,0,304,0,count:2
1350,stat_starvation,Elk,-1,464,0,464,0,count:1
1350,stat_birth,Fish,-1,496,0,304,0,count:5
1350,stat_kill,Fish,-1,496,0,304,0,count:1
1350,stat_starvation,Elk,-1,496,0,496,0,count:1
1380,stat_starvation,Elk,-1,16,0,16,0,count:1
1380,stat_starvation,Elk,-1,16,0,48,0,count:1
1380,stat_starvation,Elk,-1,16,0,304,0,count:1
1380,stat_starvation,Elk,-1,16,0,336,0,count:1
1380,stat_starvation,Elk,-1,48,0,16,0,count:1
1380,stat_kill,Deer,-1,48,0,176,0,count:1
1380,stat_birth,Fish,-1,48,0,272,0,count:1
1380,stat_kill,Parrot,-1,48,0,464,0,count:1
1380,stat_starvation,Parrot,-1,48,0,496,0,count:1
1380,stat_kill,Frog,-1,112,0,16,0,count:1
1380,stat_starvation,Elk,-1,112,0,80,0,count:1
1380,stat_starvation,Deer,-1,112,0,144,0,count:1
1380,stat_starvation,Camel,-1,112,0,368,0,count:1
1380,stat_starvation,Deer,-1,144,0,144,0,count:1
1380,stat_starvation,Bear,-1,144,0,240,0,count:1
1380,stat_starvation,Snake,-1,176,0,208,0,count:1
1380,stat_starvation,Sectid,-1,176,0,272,0,count:1
1380,stat_birth,Sectid,-1,176,0,368,0,count:1
1380,stat_starvation,Sectid,-1,208,0,240,0,count:1
1380,stat_kill,Shroomer,-1,208,0,336,0,count:1
1380,stat_starvation,Deer,-1,240,0,176,0,count:1
1380,stat_birth,Turtle,-1,272,0,16,0,count:1
1380,stat_starvation,Deer,-1,272,0,16,0,count:1
1380,stat_starvation,Deer,-1,272,0,144,0,count:2
1380,stat_birth,Fish,-1,272,0,304,0,count:4
1380,stat_starvation,Musk Ox,-1,304,0,16,0,count:1
1380,stat_starvation,Musk Ox,-1,336,0,16,0,count:1
1380,stat_starvation,Musk Ox,-1,336,0,48,0,count:1
1380,stat_birth,Fish,-1,336,0,208,0,count:6
1380,stat_age_death,Fish,-1,336,0,208,0,count:1
1380,stat_starvation,Deer,-1,368,0,48,0,count:1
1380,stat_starvation,Fox,-1,368,0,400,0,count:1
1380,stat_birth,Fish,-1,400,0,144,0,count:5
1380,stat_starvation,Polar Bear,-1,464,0,240,0,count:1
1380,stat_birth,Fish,-1,464,0,304,0,count:1
1380,stat_starvation,Elk,-1,464,0,464,0,count:1
1380,stat_starvation,Elk,-1,464,0,496,0,count:1
1380,stat_birth,Fish,-1,496,0,304,0,count:4
1380,stat_starvation,Elk,-1,496,0,464,0,count:1
1410,stat_kill,Musk Ox,-1,16,0,80,0,count:1
1410,stat_starvation,Elk,-1,16,0,304,0,count:2
1410,stat_starvation,Elk,-1,16,0,336,0,count:2
1410,stat_birth,Turtle,-1,48,0,16,0,count:1
1410,stat_kill,Shroomer,-1,48,0,80,0,count:1
1410,stat_birth,Fish,-1,48,0,272,0,count:1
1410,stat_starvation,Elk,-1,80,0,48,0,count:1
1410,stat_birth,Turtle,-1,80,0,144,0,count:1
1410,stat_starvation,Deer,-1,112,0,112,0,count:1
1410,stat_starvation,Deer,-1,112,0,144,0,count:1
1410,stat_starvation,Deer,-1,176,0,112,0,count:1
1410,stat_starvation,Deer,-1,176,0,176,0,count:1
1410,stat_starvation,Wolf,-1,176,0,208,0,count:1
1410,stat_starvation,Sectid,-1,176,0,208,0,count:1
1410,stat_starvation,Deer,-1,240,0,176,0,count:1
1410,stat_starvation,Deer,-1,272,0,144,0,count:1
1410,stat_birth,Fish,-1,272,0,304,0,count:5
1410,stat_starvation,Musk Ox,-1,304,0,16,0,count:2
1410,stat_starvation,Musk Ox,-1,304,0,48,0,count:1
1410,stat_starvation,Musk Ox,-1,336,0,48,0,count:2
1410,stat_birth,Fish,-1,336,0,208,0,count:6
1410,stat_starvation,Musk Ox,-1,368,0,16,0,count:1
1410,stat_starvation,Musk Ox,-1,368,0,48,0,count:1
1410,stat_birth,Fish,-1,400,0,144,0,count:5
1410,stat_age_death,Fish,-1,400,0,144,0,count:1
1410,stat_birth,Snake,-1,400,0,176,0,count:1
1410,stat_birth,Fish,-1,464,0,304,0,count:2
1410,stat_age_death,Fish,-1,464,0,304,0,count:1
1410,stat_starvation,Elk,-1,464,0,464,0,count:2
1410,stat_starvation,Crocodile,-1,496,0,80,0,count:1
1410,stat_birth,Fish,-1,496,0,304,0,count:5
1410,stat_age_death,Fish,-1,496,0,304,0,count:1
1410,stat_starvation,Elk,-1,496,0,464,0,count:1
1439,kill,Rabbit,867,285,2,253,1,killed_by:Hawk:928
1440,stat_starvation,Elk,-1,16,0,336,0,count:1
1440,stat_starvation,Elk,-1,48,0,48,0,count:1
1440,stat_starvation,Musk Ox,-1,48,0,80,0,count:1
1440,stat_starvation,Elk,-1,48,0,80,0,count:1
1440,stat_starvation,Elk,-1,48,0,272,0,count:1
1440,stat_starvation,Elk,-1,48,0,368,0,count:1
1440,stat_starvation,Elk,-1,80,0,80,0,count:1
1440,stat_birth,Turtle,-1,80,0,176,0,count:1
1440,stat_starvation,Deer,-1,112,0,48,0,count:1
1440,stat_starvation,Elk,-1,112,0,48,0,count:1
1440,stat_starvation,Deer,-1,112,0,112,0,count:1
1440,stat_starvation,Deer,-1,144,0,112,0,count:1
1440,stat_starvation,Deer,-1,144,0,144,0,count:1
1440,stat_starvation,Sectid,-1,208,0,240,0,count:1
1440,stat_starvation,Deer,-1,240,0,176,0,count:1
1440,stat_birth,Shroomer,-1,240,0,464,0,count:1
1440,stat_starvation,Deer,-1,272,0,16,0,count:1
1440,stat_starvation,Deer,-1,272,0,144,0,count:1
1440,stat_birth,Fish,-1,272,0,304,0,count:5
1440,stat_starvation,Musk Ox,-1,304,0,16,0,count:1
1440,stat_birth,Hawk,-1,304,0,48,0,count:1
1440,stat_starvation,Deer,-1,304,0,80,0,count:1
1440,stat_starvation,Deer,-1,336,0,48,0,count:1
1440,stat_starvation,Musk Ox,-1,336,0,48,0,count:1
1440,stat_birth,Fish,-1,336,0,208,0,count:7
1440,stat_age_death,Fish,-1,336,0,208,0,count:1
1440,stat_starvation,Sectid,-1,368,0,336,0,count:1
1440,stat_starvation,Musk Ox,-1,400,0,48,0,count:1
1440,stat_birth,Fish,-1,400,0,144,0,count:5
1440,stat_birth,Fish,-1,464,0,304,0,count:2
1440,stat_birth,Fish,-1,496,0,304,0,count:5
1440,stat_starvation,Elk,-1,496,0,496,0,count:1
1440,hunt_start,Hawk,928,285,1,252,8,target:Rabbit:192
1470,stat_starvation,Elk,-1,16,0,304,0,count:1
1470,stat_kill,Deer,-1,48,0,208,0,count:1
1470,stat_birth,Fish,-1,48,0,272,0,count:1
1470,stat_kill,Fish,-1,48,0,272,0,count:1
1470,stat_starvation,Elk,-1,48,0,336,0,count:1
1470,stat_starvation,Elk,-1,80,0,80,0,count:1
1470,stat_starvation,Deer,-1,80,0,144,0,count:1
1470,stat_kill,Parrot,-1,80,0,496,0,count:1
1470,stat_kill,Shroomer,-1,144,0,208,0,count:1
1470,stat_starvation,Fox,-1,144,0,464,0,count:1
1470,stat_birth,Tapir,-1,240,0,80,0,count:1
1470,stat_starvation,Deer,-1,272,0,144,0,count:1
1470,stat_birth,Fish,-1,272,0,304,0,count:6
1470,stat_age_death,Fish,-1,272,0,304,0,count:1
1470,stat_starvation,Musk Ox,-1,304,0,48,0,count:1
1470,stat_birth,Fish,-1,336,0,208,0,count:7
1470,stat_starvation,Musk Ox,-1,368,0,16,0,count:1
1470,stat_birth,Fish,-1,400,0,144,0,count:6
1470,stat_age_death,Fish,-1,400,0,144,0,count:1
1470,stat_starvation,Elk,-1,432,0,464,0,count:1
1470,stat_starvation,Wolf,-1,464,0,112,0,count:1
1470,stat_birth,Fish,-1,464,0,304,0,count:2
1470,stat_starvation,Elk,-1,464,0,464,0,count:1
1470,stat_age_death,Fish,-1,496,0,304,0,count:1
1470,stat_starvation,Elk,-1,496,0,464,0,count:1
1500,stat_kill,Shroomer,-1,16,0,80,0,count:1
1500,stat_starvation,Elk,-1,16,0,304,0,count:1
1500,stat_starvation,Elk,-1,16,0,336,0,count:1
1500,stat_starvation,Elk,-1,48,0,16,0,count:1
1500,stat_kill,Monkey,-1,48,0,48,0,count:1
1500,stat_birth,Fish,-1,48,0,272,0,count:1
1500,stat_starvation,Elk,-1,48,0,272,0,count:1
1500,stat_birth,Frog,-1,48,0,496,0,count:1
1500,stat_kill,Shroomer,-1,80,0,80,0,count:1
1500,stat_kill,Deer,-1,80,0,112,0,count:1
1500,stat_starvation,Deer,-1,80,0,144,0,count:1
1500,stat_kill,Fish,-1,80,0,272,0,count:1
1500,stat_starvation,Elk,-1,112,0,80,0,count:1
1500,stat_starvation,Deer,-1,112,0,144,0,count:1
1500,stat_starvation,Camel,-1,112,0,368,0,count:1
1500,stat_starvation,Elk,-1,144,0,112,0,count:1
1500,stat_kill,Shroomer,-1,144,0,176,0,count:1
1500,stat_starvation,Deer,-1,176,0,176,0,count:1
1500,stat_birth,Turtle,-1,272,0,48,0,count:1
1500,stat_starvation,Deer,-1,272,0,144,0,count:1
1500,stat_birth,Fish,-1,272,0,304,0,count:5
1500,stat_starvation,Elk,-1,272,0,304,0,count:1
1500,stat_starvation,Musk Ox,-1,304,0,16,0,count:1
1500,stat_starvation,Deer,-1,304,0,48,0,count:1
1500,stat_starvation,Musk Ox,-1,304,0,48,0,count:1
1500,stat_starvation,Musk Ox,-1,336,0,48,0,count:1
1500,stat_birth,Fish,-1,336,0,208,0,count:8
1500,stat_starvation,Deer,-1,368,0,16,0,count:1
1500,stat_birth,Fish,-1,400,0,144,0,count:7
1500,stat_birth,Fish,-1,464,0,304,0,count:2
1500,stat_starvation,Elk,-1,464,0,464,0,count:1
1500,stat_starvation,Elk,-1,464,0,496,0,count:1
1500,stat_starvation,Elk,-1,496,0,432,0,count:1
1500,stat_starvation,Elk,-1,496,0,464,0,count:1
1507,hunt_fail,Snake,948,285,8,259,9,target_died
1507,reproduce,Rabbit,805,293,5,241,4,offspring:2
1517,environment_death,Shark,907,273,6,216,5,suffocation
1519,kill,Rabbit,192,281,7,250,9,killed_by:Hawk:928
1520,hunt_start,Hawk,928,281,7,251,3,target:Rabbit:195
1530,stat_starvation,Elk,-1,48,0,48,0,count:1
1530,stat_birth,Fish,-1,48,0,272,0,count:1
1530,stat_starvation,Elk,-1,48,0,336,0,count:1
1530,stat_starvation,Elk,-1,80,0,80,0,count:1
1530,stat_starvation,Deer,-1,80,0,144,0,count:1
1530,stat_starvation,Elk,-1,112,0,48,0,count:1
1530,stat_starvation,Deer,-1,112,0,80,0,count:1
1530,stat_starvation,Deer,-1,112,0,112,0,count:1
1530,stat_starvation,Deer,-1,112,0,176,0,count:1
1530,stat_starvation,Elk,-1,144,0,112,0,count:1
1530,stat_starvation,Musk Ox,-1,272,0,48,0,count:1
1530,stat_birth,Fish,-1,272,0,304,0,count:7
1530,stat_birth,Lizard,-1,304,0,208,0,count:1
1530,stat_birth,Shroomer,-1,304,0,272,0,count:1
1530,stat_starvation,Musk Ox,-1,336,0,48,0,count:1
1530,stat_starvation,Deer,-1,336,0,80,0,count:1
1530,stat_birth,Fish,-1,336,0,208,0,count:8
1530,stat_age_death,Fish,-1,336,0,208,0,count:1
1530,stat_starvation,Elk,-1,336,0,272,0,count:1
1530,stat_starvation,Musk Ox,-1,368,0,48,0,count:1
1530,stat_starvation,Deer,-1,368,0,48,0,count:1
1530,stat_kill,Musk Ox,-1,368,0,80,0,count:1
1530,stat_birth,Fish,-1,400,0,144,0,count:6
1530,stat_age_death,Fish,-1,400,0,144,0,count:1
1530,stat_birth,Musk Ox,-1,432,0,240,0,count:1
1530,stat_birth,Fish,-1,464,0,304,0,count:2
1530,stat_starvation,Elk,-1,496,0,432,0,count:1
1530,stat_starvation,Elk,-1,496,0,464,0,count:1
1560,stat_starvation,Sectid,-1,48,0,144,0,count:1
1560,stat_birth,Fish,-1,48,0,272,0,count:1
1560,stat_starvation,Elk,-1,48,0,272,0,count:1
1560,stat_birth,Arctic Fox,-1,48,0,304,0,count:1
1560,stat_starvation,Elk,-1,80,0,48,0,count:1
1560,stat_kill,Turtle,-1,80,0,144,0,count:1
1560,stat_kill,Elk,-1,80,0,144,0,count:1
1560,stat_starvation,Elk,-1,112,0,112,0,count:1
1560,stat_kill,Elk,-1,112,0,144,0,count:1
1560,stat_starvation,Elk,-1,144,0,112,0,count:1
1560,stat_kill,Deer,-1,144,0,176,0,count:1
1560,stat_starvation,Musk Ox,-1,272,0,16,0,count:1
1560,stat_starvation,Deer,-1,272,0,48,0,count:1
1560,stat_starvation,Musk Ox,-1,272,0,48,0,count:1
1560,stat_starvation,Deer,-1,272,0,144,0,count:1
1560,stat_birth,Fish,-1,272,0,304,0,count:6
1560,stat_age_death,Fish,-1,272,0,304,0,count:1
1560,stat_age_death,Deer,-1,304,0,16,0,count:1
1560,stat_starvation,Musk Ox,-1,304,0,16,0,count:1
1560,stat_birth,Arctic Fox,-1,304,0,48,0,count:1
1560,stat_starvation,Musk Ox,-1,304,0,48,0,count:1
1560,stat_starvation,Elk,-1,304,0,272,0,count:1
1560,stat_starvation,Deer,-1,336,0,80,0,count:1
1560,stat_birth,Fish,-1,336,0,208,0,count:8
1560,stat_starvation,Elk,-1,336,0,240,0,count:1
1560,stat_birth,Fish,-1,400,0,144,0,count:7
1560,stat_birth,Camel,-1,464,0,272,0,count:1
1560,stat_birth,Fish,-1,464,0,304,0,count:2
1560,stat_age_death,Fish,-1,496,0,304,0,count:1
1560,stat_starvation,Elk,-1,496,0,432,0,count:1
1590,stat_kill,Sectid,-1,16,0,80,0,count:1
1590,stat_starvation,Elk,-1,16,0,304,0,count:1
1590,stat_starvation,Elk,-1,16,0,336,0,count:1
1590,stat_kill,Shroomer,-1,48,0,112,0,count:1
1590,stat_kill,Deer,-1,48,0,112,0,count:1
1590,stat_kill,Deer,-1,48,0,144,0,count:1
1590,stat_birth,Fish,-1,48,0,272,0,count:1
1590,stat_birth,Sectid,-1,80,0,16,0,count:1
1590,stat_starvation,Deer,-1,80,0,144,0,count:1
1590,stat_kill,Turtle,-1,80,0,176,0,count:1
1590,stat_birth,Fish,-1,80,0,272,0,count:1
1590,stat_starvation,Elk,-1,112,0,80,0,count:1
1590,stat_starvation,Elk,-1,112,0,112,0,count:2
1590,stat_starvation,Deer,-1,112,0,176,0,count:2
1590,stat_starvation,Deer,-1,112,0,208,0,count:1
1590,stat_starvation,Camel,-1,112,0,368,0,count:1
1590,stat_starvation,Elk,-1,144,0,112,0,count:1
1590,stat_birth,Sectid,-1,176,0,368,0,count:1
1590,stat_birth,Turtle,-1,208,0,176,0,count:1
1590,stat_birth,Camel,-1,208,0,368,0,count:1
1590,stat_starvation,Fox,-1,208,0,464,0,count:1
1590,stat_starvation,Musk Ox,-1,272,0,16,0,count:2
1590,stat_starvation,Deer,-1,272,0,48,0,count:1
1590,stat_starvation,Musk Ox,-1,272,0,48,0,count:2
1590,stat_starvation,Deer,-1,272,0,176,0,count:1
1590,stat_birth,Fish,-1,272,0,304,0,count:7
1590,stat_starvation,Deer,-1,304,0,48,0,count:1
1590,stat_starvation,Musk Ox,-1,304,0,48,0,count:1
1590,stat_starvation,Deer,-1,304,0,80,0,count:2
1590,stat_starvation,Elk,-1,304,0,272,0,count:1
1590,stat_starvation,Deer,-1,336,0,80,0,count:1
1590,stat_birth,Fish,-1,336,0,208,0,count:9
1590,stat_age_death,Fish,-1,336,0,208,0,count:1
1590,stat_starvation,Elk,-1,336,0,272,0,count:1
1590,stat_starvation,Wolf,-1,368,0,432,0,count:1
1590,stat_birth,Fish,-1,400,0,144,0,count:7
1590,stat_age_death,Fish,-1,400,0,144,0,count:1
1590,stat_starvation,Elk,-1,432,0,464,0,count:1
1590,stat_birth,Fish,-1,464,0,304,0,count:3
1590,stat_starvation,Elk,-1,464,0,464,0,count:1
1590,stat_starvation,Elk,-1,496,0,432,0,count:1
1608,kill,Rabbit,195,278,8,244,5,killed_by:Hawk:928
1608,reproduce,Rabbit,808,289,4,251,6,offspring:2
1608,reproduce,Rabbit,809,287,3,251,0,offspring:2
1609,hunt_start,Hawk,928,279,0,244,2,target:Rabbit:197
1620,stat_starvation,Elk,-1,16,0,368,0,count:1
1620,stat_birth,Sectid,-1,48,0,16,0,count:1
1620,stat_starvation,Elk,-1,48,0,80,0,count:1
1620,stat_starvation,Sectid,-1,48,0,144,0,count:2
1620,stat_birth,Fish,-1,48,0,272,0,count:1
1620,stat_birth,Frog,-1,48,0,304,0,count:1
1620,stat_starvation,Elk,-1,48,0,304,0,count:1
1620,stat_kill,Shroomer,-1,80,0,48,0,count:1
1620,stat_starvation,Elk,-1,80,0,80,0,count:1
1620,stat_kill,Deer,-1,80,0,176,0,count:1
1620,stat_starvation,Elk,-1,112,0,48,0,count:1
1620,stat_starvation,Deer,-1,112,0,176,0,count:1
1620,stat_starvation,Deer,-1,112,0,208,0,count:1
1620,stat_kill,Elk,-1,144,0,80,0,count:1
1620,stat_starvation,Elk,-1,144,0,112,0,count:1
1620,stat_birth,Musk Ox,-1,144,0,144,0,count:1
1620,stat_starvation,Sectid,-1,176,0,240,0,count:1
1620,stat_kill,Monkey,-1,176,0,368,0,count:1
1620,stat_birth,Elk,-1,208,0,176,0,count:1
1620,stat_starvation,Sectid,-1,208,0,240,0,count:1
1620,stat_starvation,Musk Ox,-1,272,0,16,0,count:1
1620,stat_starvation,Deer,-1,272,0,48,0,count:1
1620,stat_starvation,Musk Ox,-1,272,0,48,0,count:1
1620,stat_starvation,Deer,-1,272,0,80,0,count:2
1620,stat_starvation,Deer,-1,272,0,144,0,count:1
1620,stat_starvation,Deer,-1,272,0,176,0,count:1
1620,stat_birth,Fish,-1,272,0,304,0,count:7
1620,stat_starvation,Elk,-1,272,0,304,0,count:1
1620,stat_starvation,Deer,-1,304,0,80,0,count:1
1620,stat_starvation,Elk,-1,304,0,272,0,count:1
1620,stat_starvation,Deer,-1,336,0,80,0,count:1
1620,stat_birth,Fish,-1,336,0,208,0,count:9
1620,stat_birth,Fish,-1,400,0,144,0,count:8
1620,stat_starvation,Elk,-1,432,0,496,0,count:1
1620,stat_birth,Fish,-1,464,0,304,0,count:2
1620,stat_age_death,Fish,-1,464,0,304,0,count:1
1620,stat_starvation,Elk,-1,464,0,496,0,count:1
1620,stat_age_death,Fish,-1,496,0,304,0,count:1
1650,stat_kill,Sectid,-1,48,0,80,0,count:1
1650,stat_starvation,Sectid,-1,48,0,144,0,count:1
1650,stat_birth,Fish,-1,48,0,272,0,count:1
1650,stat_starvation,Elk,-1,48,0,272,0,count:1
1650,stat_starvation,Elk,-1,48,0,336,0,count:1
1650,stat_starvation,Elk,-1,48,0,368,0,count:1
1650,stat_starvation,Deer,-1,80,0,80,0,count:1
1650,stat_kill,Penguin,-1,80,0,144,0,count:1
1650,stat_starvation,Camel,-1,80,0,336,0,count:1
1650,stat_starvation,Elk,-1,112,0,112,0,count:1
1650,stat_starvation,Camel,-1,112,0,368,0,count:1
1650,stat_kill,Elk,-1,144,0,144,0,count:1
1650,stat_kill,Deer,-1,176,0,80,0,count:1
1650,stat_starvation,Deer,-1,272,0,80,0,count:1
1650,stat_starvation,Deer,-1,272,0,144,0,count:1
1650,stat_starvation,Deer,-1,272,0,176,0,count:1
1650,stat_birth,Fish,-1,272,0,304,0,count:7
1650,stat_age_death,Fish,-1,272,0,304,0,count:1
1650,stat_starvation,Deer,-1,304,0,48,0,count:1
1650,stat_starvation,Deer,-1,304,0,80,0,count:1
1650,stat_starvation,Elk,-1,304,0,272,0,count:1
1650,stat_starvation,Musk Ox,-1,336,0,48,0,count:1
1650,stat_starvation,Deer,-1,336,0,80,0,count:1
1650,stat_birth,Fish,-1,336,0,208,0,count:10
1650,stat_age_death,Fish,-1,336,0,208,0,count:1
1650,stat_starvation,Deer,-1,368,0,16,0,count:1
1650,stat_starvation,Wolf,-1,368,0,432,0,count:1
1650,stat_birth,Fish,-1,400,0,144,0,count:8
1650,stat_age_death,Fish,-1,400,0,144,0,count:1
1650,stat_birth,Tapir,-1,432,0,400,0,count:1
1650,stat_birth,Fish,-1,464,0,304,0,count:3
1650,stat_birth,Scorpion,-1,496,0,304,0,count:1
1650,stat_starvation,Elk,-1,496,0,432,0,count:1
1680,stat_kill,Elk,-1,16,0,80,0,count:1
1680,stat_starvation,Elk,-1,48,0,48,0,count:1
1680,stat_starvation,Sectid,-1,48,0,144,0,count:2
1680,stat_birth,Fish,-1,48,0,272,0,count:1
1680,stat_starvation,Elk,-1,48,0,304,0,count:2
1680,stat_starvation,Camel,-1,80,0,336,0,count:1
1680,stat_starvation,Elk,-1,112,0,48,0,count:1
1680,stat_starvation,Elk,-1,112,0,112,0,count:1
1680,stat_birth,Turtle,-1,112,0,176,0,count:1
1680,stat_starvation,Deer,-1,112,0,176,0,count:1
1680,stat_starvation,Deer,-1,112,0,208,0,count:1
1680,stat_starvation,Sectid,-1,176,0,240,0,count:1
1680,stat_kill,Camel,-1,176,0,368,0,count:1
1680,stat_starvation,Musk Ox,-1,272,0,16,0,count:1
1680,stat_starvation,Deer,-1,272,0,48,0,count:1
1680,stat_starvation,Musk Ox,-1,272,0,48,0,count:1
1680,stat_starvation,Deer,-1,272,0,80,0,count:2
1680,stat_starvation,Deer,-1,272,0,176,0,count:1
1680,stat_birth,Fish,-1,272,0,304,0,count:8
1680,stat_starvation,Deer,-1,304,0,48,0,count:1
1680,stat_starvation,Musk Ox,-1,304,0,48,0,count:1
1680,stat_starvation,Deer,-1,304,0,80,0,count:1
1680,stat_starvation,Elk,-1,304,0,272,0,count:1
1680,stat_starvation,Deer,-1,336,0,176,0,count:1
1680,stat_birth,Fish,-1,336,0,208,0,count:11
1680,stat_starvation,Musk Ox,-1,368,0,48,0,count:1
1680,stat_birth,Fish,-1,400,0,144,0,count:8
1680,stat_starvation,Jaguar,-1,400,0,272,0,count:1
1680,stat_starvation,Elk,-1,464,0,432,0,count:1
1680,stat_kill,Fish,-1,496,0,304,0,count:1
1688,kill,Rabbit,197,279,6,243,3,killed_by:Hawk:928
1688,reproduce,Hawk,928,280,0,243,4,offspring:1
1689,hunt_start,Hawk,710,280,7,242,4,target:Rabbit:866
1689,hunt_start,Hawk,928,279,9,243,3,target:Rabbit:866
1710,stat_birth,Fish,-1,48,0,272,0,count:2
1710,stat_kill,Fish,-1,48,0,272,0,count:1
1710,stat_starvation,Elk,-1,48,0,272,0,count:1
1710,stat_starvation,Elk,-1,48,0,304,0,count:2
1710,stat_starvation,Camel,-1,48,0,368,0,count:1
1710,stat_starvation,Deer,-1,80,0,80,0,count:1
1710,stat_starvation,Deer,-1,80,0,112,0,count:1
1710,stat_starvation,Camel,-1,80,0,336,0,count:1
1710,stat_starvation,Deer,-1,112,0,80,0,count:1
1710,stat_starvation,Elk,-1,112,0,80,0,count:1
1710,stat_starvation,Deer,-1,112,0,144,0,count:1
1710,stat_starvation,Elk,-1,144,0,112,0,count:1
1710,stat_kill,Deer,-1,144,0,144,0,count:1
1710,stat_starvation,Deer,-1,176,0,144,0,count:1
1710,stat_birth,Shroomer,-1,176,0,368,0,count:1
1710,stat_starvation,Musk Ox,-1,272,0,16,0,count:1
1710,stat_starvation,Deer,-1,272,0,48,0,count:1
1710,stat_starvation,Musk Ox,-1,272,0,48,0,count:1
1710,stat_starvation,Deer,-1,272,0,80,0,count:1
1710,stat_starvation,Deer,-1,272,0,144,0,count:1
1710,stat_starvation,Deer,-1,272,0,176,0,count:1
1710,stat_birth,Fish,-1,272,0,304,0,count:8
1710,stat_age_death,Fish,-1,272,0,304,0,count:1
1710,stat_starvation,Hawk,-1,272,0,400,0,count:1
1710,stat_starvation,Deer,-1,304,0,80,0,count:1
1710,stat_starvation,Deer,-1,304,0,112,0,count:1
1710,stat_starvation,Deer,-1,336,0,80,0,count:1
1710,stat_birth,Fish,-1,336,0,208,0,count:10
1710,stat_age_death,Fish,-1,336,0,208,0,count:1
1710,stat_starvation,Elk,-1,336,0,240,0,count:1
1710,stat_starvation,Musk Ox,-1,368,0,16,0,count:1
1710,stat_birth,Fish,-1,400,0,144,0,count:9
1710,stat_age_death,Fish,-1,400,0,144,0,count:1
1710,stat_starvation,Elk,-1,432,0,464,0,count:1
1710,stat_starvation,Elk,-1,432,0,496,0,count:1
1710,stat_starvation,Elk,-1,464,0,432,0,count:1
1710,environment_death,Camel,525,248,9,230,2,drowning
1740,stat_kill,Elk,-1,16,0,16,0,count:1
1740,stat_starvation,Sectid,-1,16,0,208,0,count:1
1740,stat_starvation,Elk,-1,16,0,272,0,count:1
1740,stat_starvation,Elk,-1,48,0,48,0,count:1
1740,stat_starvation,Sectid,-1,48,0,144,0,count:1
1740,stat_birth,Fish,-1,48,0,272,0,count:1
1740,stat_starvation,Elk,-1,48,0,304,0,count:1
1740,stat_starvation,Elk,-1,48,0,336,0,count:1
1740,stat_starvation,Elk,-1,80,0,16,0,count:1
1740,stat_starvation,Camel,-1,80,0,336,0,count:1
1740,stat_starvation,Camel,-1,112,0,368,0,count:1
1740,stat_kill,Deer,-1,144,0,112,0,count:1
1740,stat_starvation,Sectid,-1,176,0,208,0,count:1
1740,stat_kill,Camel,-1,176,0,336,0,count:1
1740,stat_starvation,Sectid,-1,208,0,272,0,count:1
1740,stat_starvation,Deer,-1,240,0,144,0,count:1
1740,stat_starvation,Deer,-1,240,0,176,0,count:1
1740,stat_starvation,Deer,-1,272,0,48,0,count:1
1740,stat_starvation,Musk Ox,-1,272,0,48,0,count:1
1740,stat_starvation,Deer,-1,272,0,80,0,count:1
1740,stat_starvation,Deer,-1,272,0,112,0,count:1
1740,stat_starvation,Deer,-1,272,0,144,0,count:1
1740,stat_starvation,Deer,-1,272,0,176,0,count:1
1740,stat_birth,Fish,-1,272,0,304,0,count:9
1740,stat_starvation,Deer,-1,304,0,112,0,count:1
1740,stat_starvation,Deer,-1,336,0,176,0,count:1
1740,stat_birth,Fish,-1,336,0,208,0,count:12
1740,stat_starvation,Elk,-1,336,0,272,0,count:1
1740,stat_starvation,Deer,-1,368,0,48,0,count:1
1740,stat_kill,Shroomer,-1,368,0,80,0,count:1
1740,stat_birth,Fish,-1,400,0,144,0,count:9
1740,stat_age_death,Fish,-1,400,0,144,0,count:1
1740,stat_kill,Fish,-1,496,0,304,0,count:1
1740,stat_starvation,Elk,-1,496,0,432,0,count:1
1770,stat_starvation,Elk,-1,16,0,48,0,count:1
1770,stat_kill,Tapir,-1,16,0,144,0,count:1
1770,stat_starvation,Elk,-1,16,0,272,0,count:1
1770,stat_starvation,Elk,-1,16,0,304,0,count:1
1770,stat_starvation,Elk,-1,16,0,368,0,count:1
1770,stat_starvation,Elk,-1,48,0,48,0,count:1
1770,stat_starvation,Elk,-1,48,0,80,0,count:1
1770,stat_starvation,Sectid,-1,48,0,144,0,count:1
1770,stat_birth,Fish,-1,48,0,272,0,count:2
1770,stat_starvation,Elk,-1,48,0,272,0,count:1
1770,stat_starvation,Deer,-1,80,0,80,0,count:1
1770,stat_starvation,Deer,-1,80,0,112,0,count:2
1770,stat_starvation,Deer,-1,80,0,144,0,count:1
1770,stat_birth,Frog,-1,112,0,16,0,count:1
1770,stat_starvation,Deer,-1,112,0,112,0,count:1
1770,stat_starvation,Deer,-1,112,0,144,0,count:1
1770,stat_starvation,Elk,-1,176,0,176,0,count:1
1770,stat_kill,Sectid,-1,176,0,368,0,count:1
1770,stat_starvation,Sectid,-1,208,0,208,0,count:1
1770,stat_starvation,Sectid,-1,208,0,272,0,count:1
1770,stat_starvation,Deer,-1,240,0,144,0,count:1
1770,stat_starvation,Deer,-1,272,0,48,0,count:1
1770,stat_starvation,Deer,-1,272,0,80,0,count:1
1770,stat_starvation,Deer,-1,272,0,112,0,count:2
1770,stat_starvation,Deer,-1,272,0,176,0,count:1
1770,stat_birth,Fish,-1,272,0,304,0,count:9
1770,stat_starvation,Deer,-1,304,0,48,0,count:1
1770,stat_starvation,Deer,-1,304,0,112,0,count:2
1770,stat_starvation,Musk Ox,-1,336,0,16,0,count:1
1770,stat_kill,Deer,-1,336,0,16,0,count:1
1770,stat_birth,Fish,-1,336,0,208,0,count:12
1770,stat_age_death,Fish,-1,336,0,208,0,count:1
1770,stat_birth,Elk,-1,400,0,112,0,count:1
1770,stat_birth,Fish,-1,400,0,144,0,count:10
1770,stat_starvation,Elk,-1,464,0,432,0,count:1
1800,stat_birth,Shroomer,-1,16,0,80,0,count:1
1800,stat_starvation,Elk,-1,16,0,272,0,count:1
1800,stat_birth,Turtle,-1,16,0,496,0,count:1
1800,stat_starvation,Elk,-1,48,0,48,0,count:1
1800,stat_birth,Fish,-1,48,0,272,0,count:1
1800,stat_starvation,Elk,-1,48,0,304,0,count:1
1800,stat_starvation,Elk,-1,80,0,16,0,count:2
1800,stat_starvation,Elk,-1,80,0,48,0,count:1
1800,stat_starvation,Deer,-1,80,0,112,0,count:1
1800,stat_kill,Elk,-1,80,0,112,0,count:1
1800,stat_starvation,Camel,-1,80,0,336,0,count:1
1800,stat_starvation,Elk,-1,112,0,48,0,count:1
1800,stat_starvation,Elk,-1,112,0,80,0,count:1
1800,stat_starvation,Deer,-1,112,0,144,0,count:1
1800,stat_starvation,Deer,-1,112,0,176,0,count:1
1800,stat_birth,Sectid,-1,112,0,368,0,count:1
1800,stat_starvation,Camel,-1,112,0,368,0,count:1
1800,stat_kill,Deer,-1,144,0,176,0,count:1
1800,stat_kill,Deer,-1,144,0,208,0,count:1
1800,stat_starvation,Sectid,-1,176,0,240,0,count:1
1800,stat_starvation,Deer,-1,240,0,16,0,count:1
1800,stat_starvation,Deer,-1,240,0,144,0,count:2
1800,stat_starvation,Deer,-1,272,0,112,0,count:1
1800,stat_starvation,Deer,-1,272,0,144,0,count:1
1800,stat_birth,Fish,-1,272,0,304,0,count:10
1800,stat_age_death,Fish,-1,272,0,304,0,count:1
1800,stat_starvation,Elk,-1,272,0,304,0,count:1
1800,stat_starvation,Musk Ox,-1,304,0,48,0,count:1
1800,stat_starvation,Deer,-1,304,0,80,0,count:1
1800,stat_starvation,Deer,-1,304,0,112,0,count:1
1800,stat_starvation,Deer,-1,336,0,112,0,count:2
1800,stat_birth,Fish,-1,336,0,208,0,count:13
1800,stat_age_death,Fish,-1,336,0,208,0,count:1
1800,stat_birth,Fish,-1,400,0,144,0,count:10
1800,stat_age_death,Fish,-1,400,0,144,0,count:1
1800,stat_birth,Musk Ox,-1,400,0,240,0,count:1
1800,stat_age_death,Fish,-1,464,0,304,0,count:1
1800,stat_starvation,Elk,-1,464,0,432,0,count:1
1800,stat_starvation,Elk,-1,464,0,464,0,count:1
1800,stat_kill,Fish,-1,496,0,304,0,count:1
1830,stat_starvation,Elk,-1,48,0,80,0,count:1
1830,stat_starvation,Sectid,-1,48,0,144,0,count:1
1830,stat_kill,Deer,-1,48,0,176,0,count:1
1830,stat_kill,Deer,-1,48,0,208,0,count:1
1830,stat_birth,Fish,-1,48,0,272,0,count:2
1830,stat_starvation,Elk,-1,48,0,304,0,count:1
1830,stat_starvation,Elk,-1,48,0,336,0,count:1
1830,stat_starvation,Elk,-1,48,0,368,0,count:1
1830,stat_starvation,Camel,-1,48,0,368,0,count:1
1830,stat_starvation,Elk,-1,80,0,16,0,count:1
1830,stat_kill,Monkey,-1,80,0,16,0,count:1
1830,stat_starvation,Elk,-1,80,0,48,0,count:1
1830,stat_starvation,Deer,-1,80,0,144,0,count:1
1830,stat_birth,Fish,-1,80,0,272,0,count:1
1830,stat_kill,Frog,-1,112,0,16,0,count:1
1830,stat_starvation,Deer,-1,112,0,112,0,count:1
1830,stat_starvation,Elk,-1,144,0,112,0,count:1
1830,stat_kill,Shroomer,-1,144,0,208,0,count:1
1830,stat_starvation,Sectid,-1,208,0,272,0,count:1
1830,stat_starvation,Deer,-1,240,0,16,0,count:1
1830,stat_starvation,Deer,-1,240,0,48,0,count:1
1830,stat_starvation,Musk Ox,-1,272,0,16,0,count:1
1830,stat_starvation,Musk Ox,-1,272,0,48,0,count:1
1830,stat_starvation,Deer,-1,272,0,80,0,count:1
1830,stat_starvation,Deer,-1,272,0,112,0,count:1
1830,stat_starvation,Deer,-1,272,0,144,0,count:1
1830,stat_birth,Fish,-1,272,0,304,0,count:10
1830,stat_starvation,Deer,-1,336,0,112,0,count:1
1830,stat_starvation,Deer,-1,336,0,176,0,count:1
1830,stat_birth,Fish,-1,336,0,208,0,count:13
1830,stat_birth,Fish,-1,400,0,144,0,count:11
1830,stat_age_death,Fish,-1,400,0,144,0,count:1
1830,stat_starvation,Elk,-1,464,0,432,0,count:1
1830,stat_starvation,Elk,-1,464,0,496,0,count:1
1830,stat_starvation,Elk,-1,496,0,400,0,count:1
1830,stat_age_death,Elk,-1,496,0,464,0,count:1
1830,stat_starvation,Elk,-1,496,0,496,0,count:1
1860,stat_starvation,Elk,-1,16,0,304,0,count:1
1860,stat_kill,Shroomer,-1,48,0,80,0,count:1
1860,stat_age_death,Sectid,-1,48,0,112,0,count:1
1860,stat_starvation,Sectid,-1,48,0,176,0,count:1
1860,stat_birth,Fish,-1,48,0,272,0,count:1
1860,stat_kill,Fish,-1,48,0,272,0,count:1
1860,stat_starvation,Elk,-1,48,0,272,0,count:1
1860,stat_starvation,Elk,-1,80,0,48,0,count:1
1860,stat_starvation,Deer,-1,80,0,80,0,count:1
1860,stat_starvation,Deer,-1,80,0,176,0,count:1
1860,stat_birth,Sectid,-1,112,0,16,0,count:1
1860,stat_starvation,Elk,-1,112,0,48,0,count:1
1860,stat_starvation,Elk,-1,112,0,112,0,count:1
1860,stat_kill,Turtle,-1,112,0,176,0,count:1
1860,stat_starvation,Camel,-1,112,0,368,0,count:1
1860,stat_starvation,Deer,-1,240,0,16,0,count:1
1860,stat_starvation,Deer,-1,240,0,48,0,count:1
1860,stat_starvation,Deer,-1,240,0,144,0,count:1
1860,stat_starvation,Deer,-1,272,0,16,0,count:1
1860,stat_starvation,Deer,-1,272,0,48,0,count:1
1860,stat_starvation,Deer,-1,272,0,112,0,count:1
1860,stat_starvation,Deer,-1,272,0,176,0,count:1
1860,stat_birth,Fish,-1,272,0,304,0,count:11
1860,stat_age_death,Fish,-1,272,0,304,0,count:1
1860,stat_birth,Snake,-1,304,0,80,0,count:1
1860,stat_starvation,Deer,-1,304,0,112,0,count:1
1860,stat_starvation,Rabbit,-1,304,0,272,0,count:1
1860,stat_starvation,Elk,-1,304,0,304,0,count:1
1860,stat_starvation,Musk Ox,-1,336,0,16,0,count:1
1860,stat_starvation,Deer,-1,336,0,112,0,count:1
1860,stat_birth,Fish,-1,336,0,208,0,count:14
1860,stat_age_death,Fish,-1,336,0,208,0,count:1
1860,stat_starvation,Musk Ox,-1,368,0,48,0,count:1
1860,stat_birth,Fish,-1,368,0,176,0,count:1
1860,stat_birth,Fish,-1,400,0,144,0,count:11
1860,stat_starvation,Sectid,-1,400,0,368,0,count:1
1860,stat_kill,Fish,-1,496,0,304,0,count:1
1860,stat_starvation,Elk,-1,496,0,400,0,count:1
1875,reproduce,Elk,391,233,8,213,9,offspring:1
1875,reproduce,Elk,394,235,2,212,4,offspring:1
1875,reproduce,Elk,396,231,4,216,0,offspring:1
1875,reproduce,Elk,397,233,4,215,9,offspring:1
1890,stat_kill,Musk Ox,-1,16,0,112,0,count:1
1890,stat_starvation,Elk,-1,16,0,272,0,count:1
1890,stat_starvation,Elk,-1,48,0,16,0,count:1
1890,stat_starvation,Elk,-1,48,0,48,0,count:1
1890,stat_starvation,Sectid,-1,48,0,144,0,count:1
1890,stat_birth,Fish,-1,48,0,272,0,count:2
1890,stat_starvation,Elk,-1,48,0,304,0,count:1
1890,stat_starvation,Elk,-1,80,0,16,0,count:1
1890,stat_starvation,Elk,-1,80,0,48,0,count:1
1890,stat_starvation,Deer,-1,80,0,112,0,count:1
1890,stat_starvation,Deer,-1,80,0,176,0,count:1
1890,stat_starvation,Sectid,-1,80,0,208,0,count:1
1890,stat_starvation,Deer,-1,112,0,80,0,count:1
1890,stat_starvation,Elk,-1,112,0,80,0,count:1
1890,stat_starvation,Deer,-1,112,0,112,0,count:1
1890,stat_starvation,Deer,-1,112,0,208,0,count:1
1890,stat_starvation,Deer,-1,176,0,176,0,count:1
1890,stat_starvation,Deer,-1,240,0,16,0,count:1
1890,stat_starvation,Deer,-1,240,0,48,0,count:2
1890,stat_starvation,Deer,-1,240,0,144,0,count:1
1890,stat_starvation,Deer,-1,272,0,16,0,count:1
1890,stat_starvation,Deer,-1,272,0,112,0,count:1
1890,stat_starvation,Deer,-1,272,0,144,0,count:1
1890,stat_birth,Fish,-1,272,0,304,0,count:11
1890,stat_age_death,Fish,-1,272,0,304,0,count:1
1890,stat_starvation,Musk Ox,-1,304,0,16,0,count:1
1890,stat_starvation,Musk Ox,-1,304,0,48,0,count:1
1890,stat_starvation,Deer,-1,304,0,112,0,count:1
1890,stat_starvation,Elk,-1,304,0,304,0,count:1
1890,stat_starvation,Crocodile,-1,304,0,432,0,count:1
1890,stat_starvation,Deer,-1,336,0,176,0,count:1
1890,stat_birth,Fish,-1,336,0,208,0,count:15
1890,stat_age_death,Fish,-1,336,0,208,0,count:1
1890,stat_starvation,Elk,-1,336,0,272,0,count:1
1890,stat_birth,Arctic Fox,-1,368,0,112,0,count:1
1890,stat_birth,Fish,-1,400,0,144,0,count:12
1890,stat_age_death,Fish,-1,400,0,144,0,count:1
1890,stat_starvation,Elk,-1,432,0,464,0,count:1
1890,stat_birth,Shroomer,-1,464,0,304,0,count:1
1890,stat_starvation,Elk,-1,464,0,432,0,count:1
1890,stat_starvation,Elk,-1,464,0,464,0,count:1
1920,stat_starvation,Elk,-1,16,0,48,0,count:1
1920,stat_kill,Shroomer,-1,16,0,80,0,count:1
1920,stat_starvation,Elk,-1,48,0,16,0,count:1
1920,stat_starvation,Sectid,-1,48,0,176,0,count:1
1920,stat_birth,Fish,-1,48,0,272,0,count:2
1920,stat_starvation,Elk,-1,48,0,336,0,count:1
1920,stat_starvation,Deer,-1,80,0,176,0,count:1
1920,stat_kill,Deer,-1,80,0,208,0,count:1
1920,stat_starvation,Elk,-1,80,0,304,0,count:1
1920,stat_starvation,Camel,-1,112,0,304,0,count:1
1920,stat_starvation,Camel,-1,112,0,336,0,count:1
1920,stat_starvation,Camel,-1,112,0,368,0,count:1
1920,stat_kill,Deer,-1,144,0,80,0,count:1
1920,stat_starvation,Elk,-1,144,0,80,0,count:1
1920,stat_starvation,Snake,-1,176,0,48,0,count:1
1920,stat_starvation,Elk,-1,176,0,144,0,count:1
1920,stat_starvation,Sectid,-1,176,0,208,0,count:1
1920,stat_kill,Shroomer,-1,176,0,368,0,count:1
1920,stat_starvation,Deer,-1,240,0,48,0,count:1
1920,stat_starvation,Deer,-1,272,0,80,0,count:1
1920,stat_birth,Fish,-1,272,0,304,0,count:12
1920,stat_starvation,Deer,-1,304,0,176,0,count:1
1920,stat_starvation,Rabbit,-1,304,0,272,0,count:1
1920,stat_starvation,Deer,-1,336,0,112,0,count:1
1920,stat_birth,Fish,-1,336,0,208,0,count:16
1920,stat_starvation,Deer,-1,336,0,208,0,count:1
1920,stat_starvation,Deer,-1,368,0,48,0,count:1
1920,stat_starvation,Sectid,-1,368,0,336,0,count:1
1920,stat_birth,Fish,-1,400,0,144,0,count:13
1920,stat_age_death,Fish,-1,400,0,144,0,count:1
1920,stat_kill,Frog,-1,432,0,432,0,count:1
1920,stat_starvation,Elk,-1,464,0,464,0,count:1
1920,stat_kill,Fish,-1,496,0,304,0,count:1
1920,stat_starvation,Elk,-1,496,0,400,0,count:1
1950,stat_starvation,Wolf,-1,16,0,176,0,count:1
1950,stat_starvation,Sectid,-1,16,0,176,0,count:1
1950,stat_kill,Rabbit,-1,48,0,16,0,count:1
1950,stat_starvation,Elk,-1,48,0,16,0,count:2
1950,stat_starvation,Elk,-1,48,0,48,0,count:1
1950,stat_starvation,Elk,-1,48,0,80,0,count:1
1950,stat_starvation,Sectid,-1,48,0,144,0,count:1
1950,stat_starvation,Sectid,-1,48,0,176,0,count:1
1950,stat_birth,Fish,-1,48,0,272,0,count:2
1950,stat_starvation,Elk,-1,80,0,80,0,count:1
1950,stat_starvation,Deer,-1,80,0,176,0,count:1
1950,stat_starvation,Sectid,-1,80,0,208,0,count:1
1950,stat_kill,Fish,-1,80,0,272,0,count:1
1950,stat_starvation,Elk,-1,80,0,304,0,count:1
1950,stat_kill,Parrot,-1,80,0,464,0,count:1
1950,stat_starvation,Elk,-1,112,0,48,0,count:1
1950,stat_starvation,Elk,-1,112,0,112,0,count:1
1950,stat_starvation,Deer,-1,112,0,144,0,count:1
1950,stat_starvation,Camel,-1,112,0,304,0,count:1
1950,stat_starvation,Camel,-1,112,0,336,0,count:2
1950,stat_starvation,Camel,-1,144,0,368,0,count:1
1950,stat_birth,Sectid,-1,176,0,368,0,count:1
1950,stat_birth,Elk,-1,208,0,144,0,count:1
1950,stat_kill,Turtle,-1,208,0,176,0,count:1
1950,stat_starvation,Deer,-1,240,0,16,0,count:1
1950,stat_starvation,Deer,-1,240,0,144,0,count:1
1950,stat_starvation,Deer,-1,272,0,16,0,count:1
1950,stat_birth,Fish,-1,272,0,304,0,count:13
1950,stat_age_death,Fish,-1,272,0,304,0,count:1
1950,stat_starvation,Deer,-1,304,0,144,0,count:1
1950,stat_starvation,Deer,-1,304,0,176,0,count:1
1950,stat_starvation,Elk,-1,304,0,304,0,count:1
1950,stat_starvation,Musk Ox,-1,336,0,16,0,count:1
1950,stat_starvation,Deer,-1,336,0,80,0,count:1
1950,stat_starvation,Deer,-1,336,0,112,0,count:1
1950,stat_starvation,Deer,-1,336,0,176,0,count:1
1950,stat_birth,Fish,-1,336,0,208,0,count:16
1950,stat_age_death,Fish,-1,336,0,208,0,count:1
1950,stat_birth,Fish,-1,400,0,144,0,count:14
1950,stat_age_death,Fish,-1,400,0,144,0,count:1
1950,stat_birth,Snake,-1,400,0,176,0,count:1
1950,stat_age_death,Fish,-1,464,0,304,0,count:1
1950,stat_starvation,Crocodile,-1,496,0,48,0,count:1
1950,stat_birth,Fish,-1,496,0,304,0,count:1
1950,stat_birth,Scorpion,-1,496,0,304,0,count:1
1980,stat_starvation,Elk,-1,16,0,48,0,count:1
1980,stat_birth,Fish,-1,48,0,272,0,count:2
1980,stat_starvation,Elk,-1,48,0,272,0,count:1
1980,stat_starvation,Elk,-1,48,0,336,0,count:1
1980,stat_starvation,Elk,-1,48,0,368,0,count:1
1980,stat_starvation,Elk,-1,80,0,16,0,count:1
1980,stat_starvation,Elk,-1,80,0,48,0,count:1
1980,stat_kill,Shroomer,-1,80,0,80,0,count:1
1980,stat_starvation,Deer,-1,80,0,144,0,count:1
1980,stat_starvation,Elk,-1,80,0,304,0,count:1
1980,stat_starvation,Sectid,-1,112,0,80,0,count:1
1980,stat_starvation,Elk,-1,112,0,112,0,count:1
1980,stat_kill,Elk,-1,112,0,144,0,count:1
1980,stat_starvation,Camel,-1,112,0,368,0,count:1
1980,stat_starvation,Elk,-1,144,0,80,0,count:1
1980,stat_starvation,Camel,-1,144,0,368,0,count:1
1980,stat_starvation,Deer,-1,176,0,144,0,count:1
1980,stat_birth,Sectid,-1,176,0,336,0,count:1
1980,stat_birth,Sectid,-1,176,0,400,0,count:1
1980,stat_birth,Sectid,-1,208,0,336,0,count:1
1980,stat_starvation,Deer,-1,240,0,48,0,count:1
1980,stat_starvation,Deer,-1,272,0,16,0,count:1
1980,stat_starvation,Deer,-1,272,0,112,0,count:1
1980,stat_starvation,Deer,-1,272,0,144,0,count:1
1980,stat_birth,Fish,-1,272,0,304,0,count:13
1980,stat_starvation,Musk Ox,-1,304,0,48,0,count:1
1980,stat_starvation,Deer,-1,304,0,112,0,count:1
1980,stat_starvation,Deer,-1,304,0,144,0,count:1
1980,stat_starvation,Deer,-1,304,0,176,0,count:2
1980,stat_birth,Fish,-1,336,0,208,0,count:18
1980,stat_age_death,Fish,-1,336,0,208,0,count:1
1980,stat_birth,Fish,-1,368,0,176,0,count:1
1980,stat_birth,Fish,-1,400,0,144,0,count:14
1980,stat_age_death,Fish,-1,400,0,144,0,count:1
1980,stat_birth,Fish,-1,496,0,304,0,count:2
1980,stat_kill,Fish,-1,496,0,304,0,count:1
1980,stat_starvation,Elk,-1,496,0,496,0,count:1
2010,stat_starvation,Sectid,-1,16,0,176,0,count:1
2010,stat_starvation,Elk,-1,48,0,16,0,count:1
2010,stat_kill,Elk,-1,48,0,112,0,count:1
2010,stat_kill,Deer,-1,48,0,144,0,count:1
2010,stat_starvation,Sectid,-1,48,0,176,0,count:1
2010,stat_starvation,Sectid,-1,48,0,208,0,count:1
2010,stat_birth,Fish,-1,48,0,272,0,count:2
2010,stat_kill,Fish,-1,48,0,272,0,count:1
2010,stat_kill,Frog,-1,48,0,304,0,count:1
2010,stat_starvation,Camel,-1,48,0,368,0,count:1
2010,stat_starvation,Elk,-1,80,0,80,0,count:1
2010,stat_starvation,Sectid,-1,80,0,208,0,count:1
2010,stat_starvation,Elk,-1,80,0,304,0,count:1
2010,stat_starvation,Elk,-1,112,0,80,0,count:1
2010,stat_starvation,Sectid,-1,112,0,80,0,count:2
2010,stat_starvation,Elk,-1,112,0,112,0,count:1
2010,stat_starvation,Camel,-1,112,0,304,0,count:1
2010,stat_starvation,Camel,-1,112,0,336,0,count:2
2010,stat_starvation,Elk,-1,144,0,80,0,count:1
2010,stat_starvation,Elk,-1,144,0,112,0,count:1
2010,stat_kill,Musk Ox,-1,144,0,144,0,count:1
2010,stat_starvation,Deer,-1,176,0,112,0,count:1
2010,stat_starvation,Elk,-1,176,0,144,0,count:1
2010,stat_birth,Monkey,-1,176,0,368,0,count:1
2010,stat_birth,Sectid,-1,208,0,144,0,count:1
2010,stat_starvation,Deer,-1,240,0,48,0,count:1
2010,stat_starvation,Deer,-1,240,0,80,0,count:1
2010,stat_starvation,Deer,-1,272,0,48,0,count:1
2010,stat_birth,Fish,-1,272,0,304,0,count:14
2010,stat_age_death,Fish,-1,272,0,304,0,count:1
2010,stat_starvation,Deer,-1,304,0,48,0,count:1
2010,stat_starvation,Deer,-1,304,0,144,0,count:1
2010,stat_starvation,Deer,-1,304,0,176,0,count:1
2010,stat_starvation,Deer,-1,336,0,48,0,count:1
2010,stat_birth,Fish,-1,336,0,208,0,count:18
2010,stat_age_death,Fish,-1,336,0,208,0,count:1
2010,stat_starvation,Deer,-1,336,0,208,0,count:1
2010,stat_birth,Fish,-1,400,0,144,0,count:14
2010,stat_age_death,Fish,-1,400,0,144,0,count:1
2010,stat_starvation,Fox,-1,432,0,496,0,count:1
2010,stat_starvation,Elk,-1,464,0,464,0,count:1
2010,stat_starvation,Elk,-1,464,0,496,0,count:1
2010,stat_birth,Fish,-1,496,0,304,0,count:2
2010,stat_starvation,Elk,-1,496,0,432,0,count:1
2040,stat_starvation,Elk,-1,16,0,48,0,count:1
2040,stat_starvation,Elk,-1,48,0,80,0,count:1
2040,stat_birth,Fish,-1,48,0,272,0,count:3
2040,stat_starvation,Elk,-1,48,0,272,0,count:1
2040,stat_starvation,Deer,-1,80,0,176,0,count:1
2040,stat_birth,Sectid,-1,80,0,240,0,count:1
2040,stat_starvation,Elk,-1,80,0,304,0,count:1
2040,stat_birth,Shroomer,-1,80,0,368,0,count:1
2040,stat_starvation,Camel,-1,112,0,368,0,count:1
2040,stat_starvation,Elk,-1,144,0,80,0,count:1
2040,stat_starvation,Elk,-1,144,0,112,0,count:1
2040,stat_starvation,Camel,-1,144,0,368,0,count:1
2040,stat_starvation,Elk,-1,176,0,176,0,count:1
2040,stat_starvation,Deer,-1,240,0,16,0,count:1
2040,stat_starvation,Deer,-1,240,0,80,0,count:2
2040,stat_birth,Fish,-1,272,0,304,0,count:15
2040,stat_age_death,Fish,-1,272,0,304,0,count:1
2040,stat_birth,Arctic Fox,-1,304,0,48,0,count:1
2040,stat_starvation,Deer,-1,304,0,48,0,count:1
2040,stat_starvation,Deer,-1,304,0,144,0,count:1
2040,stat_starvation,Deer,-1,336,0,48,0,count:2
2040,stat_starvation,Deer,-1,336,0,80,0,count:1
2040,stat_starvation,Deer,-1,336,0,176,0,count:1
2040,stat_birth,Fish,-1,336,0,208,0,count:19
2040,stat_age_death,Fish,-1,336,0,208,0,count:1
2040,stat_starvation,Elk,-1,336,0,272,0,count:1
2040,stat_starvation,Musk Ox,-1,368,0,48,0,count:1
2040,stat_birth,Fish,-1,400,0,144,0,count:16
2040,stat_age_death,Fish,-1,400,0,144,0,count:1
2040,stat_kill,Fish,-1,496,0,304,0,count:1
2040,stat_starvation,Elk,-1,496,0,400,0,count:1
2070,stat_starvation,Elk,-1,16,0,304,0,count:1
2070,stat_starvation,Elk,-1,48,0,16,0,count:1
2070,stat_starvation,Elk,-1,48,0,48,0,count:1
2070,stat_starvation,Musk Ox,-1,48,0,80,0,count:1
2070,stat_kill,Deer,-1,48,0,112,0,count:1
2070,stat_starvation,Sectid,-1,48,0,208,0,count:1
2070,stat_birth,Fish,-1,48,0,272,0,count:2
2070,stat_starvation,Sectid,-1,80,0,208,0,count:1
2070,stat_starvation,Hawk,-1,80,0,496,0,count:1
2070,stat_kill,Frog,-1,112,0,16,0,count:1
2070,stat_starvation,Elk,-1,112,0,48,0,count:1
2070,stat_starvation,Elk,-1,112,0,80,0,count:1
2070,stat_starvation,Sectid,-1,112,0,80,0,count:2
2070,stat_starvation,Elk,-1,112,0,112,0,count:1
2070,stat_starvation,Camel,-1,112,0,304,0,count:1
2070,stat_starvation,Camel,-1,112,0,336,0,count:1
2070,stat_starvation,Camel,-1,112,0,368,0,count:1
2070,stat_starvation,Elk,-1,144,0,112,0,count:1
2070,stat_kill,Elk,-1,144,0,144,0,count:1
2070,stat_starvation,Camel,-1,144,0,368,0,count:1
2070,stat_starvation,Elk,-1,176,0,144,0,count:1
2070,stat_birth,Sectid,-1,208,0,112,0,count:1
2070,stat_kill,Camel,-1,208,0,368,0,count:1
2070,stat_starvation,Deer,-1,240,0,48,0,count:1
2070,stat_starvation,Deer,-1,240,0,80,0,count:1
2070,stat_starvation,Deer,-1,272,0,48,0,count:1
2070,stat_starvation,Deer,-1,272,0,144,0,count:1
2070,stat_starvation,Deer,-1,272,0,176,0,count:1
2070,stat_birth,Fish,-1,272,0,304,0,count:15
2070,stat_age_death,Fish,-1,272,0,304,0,count:1
2070,stat_kill,Tapir,-1,272,0,432,0,count:1
2070,stat_starvation,Musk Ox,-1,304,0,16,0,count:1
2070,stat_starvation,Musk Ox,-1,304,0,48,0,count:1
2070,stat_starvation,Deer,-1,304,0,144,0,count:1
2070,stat_starvation,Deer,-1,304,0,176,0,count:1
2070,stat_age_death,Lizard,-1,304,0,208,0,count:1
2070,stat_starvation,Elk,-1,304,0,304,0,count:1
2070,stat_starvation,Deer,-1,336,0,112,0,count:1
2070,stat_birth,Fish,-1,336,0,208,0,count:20
2070,stat_age_death,Fish,-1,336,0,208,0,count:1
2070,stat_starvation,Elk,-1,336,0,304,0,count:1
2070,stat_starvation,Deer,-1,368,0,48,0,count:1
2070,stat_birth,Fish,-1,368,0,176,0,count:1
2070,stat_birth,Fish,-1,400,0,144,0,count:16
2070,stat_age_death,Fish,-1,400,0,144,0,count:1
2070,stat_starvation,Elk,-1,496,0,432,0,count:1
2100,stat_starvation,Deer,-1,48,0,80,0,count:1
2100,stat_starvation,Sectid,-1,48,0,176,0,count:1
2100,stat_birth,Fish,-1,48,0,272,0,count:3
2100,stat_kill,Fish,-1,48,0,272,0,count:1
2100,stat_birth,Arctic Fox,-1,48,0,304,0,count:1
2100,stat_starvation,Elk,-1,48,0,336,0,count:1
2100,stat_starvation,Elk,-1,80,0,48,0,count:1
2100,stat_kill,Deer,-1,80,0,112,0,count:1
2100,stat_starvation,Deer,-1,80,0,144,0,count:1
2100,stat_kill,Elk,-1,80,0,144,0,count:1
2100,stat_birth,Sectid,-1,112,0,80,0,count:1
2100,stat_starvation,Camel,-1,112,0,304,0,count:1
2100,stat_starvation,Camel,-1,112,0,336,0,count:1
2100,stat_kill,Deer,-1,144,0,176,0,count:1
2100,stat_birth,Sectid,-1,176,0,336,0,count:1
2100,stat_birth,Sectid,-1,208,0,336,0,count:1
2100,stat_starvation,Deer,-1,272,0,16,0,count:1
2100,stat_birth,Fish,-1,272,0,304,0,count:16
2100,stat_starvation,Musk Ox,-1,304,0,16,0,count:1
2100,stat_starvation,Deer,-1,304,0,48,0,count:1
2100,stat_starvation,Musk Ox,-1,304,0,48,0,count:1
2100,stat_starvation,Deer,-1,336,0,48,0,count:1
2100,stat_starvation,Musk Ox,-1,336,0,48,0,count:1
2100,stat_starvation,Deer,-1,336,0,80,0,count:1
2100,stat_birth,Fish,-1,336,0,208,0,count:22
2100,stat_age_death,Fish,-1,336,0,208,0,count:1
2100,stat_starvation,Deer,-1,336,0,208,0,count:1
2100,stat_birth,Fish,-1,400,0,144,0,count:17
2100,stat_age_death,Fish,-1,400,0,144,0,count:1
2100,stat_birth,Fish,-1,464,0,272,0,count:1
2100,stat_age_death,Fish,-1,464,0,304,0,count:1
2100,stat_birth,Fish,-1,464,0,336,0,count:1
2100,stat_birth,Fish,-1,496,0,272,0,count:1
2100,stat_kill,Fish,-1,496,0,304,0,count:1
2100,stat_birth,Fish,-1,496,0,336,0,count:1
2130,stat_starvation,Elk,-1,16,0,48,0,count:1
2130,stat_starvation,Sectid,-1,16,0,176,0,count:1
2130,stat_starvation,Elk,-1,48,0,48,0,count:1
2130,stat_starvation,Elk,-1,48,0,80,0,count:1
2130,stat_starvation,Elk,-1,48,0,240,0,count:1
2130,stat_birth,Fish,-1,48,0,272,0,count:3
2130,stat_starvation,Elk,-1,48,0,368,0,count:1
2130,stat_starvation,Elk,-1,80,0,80,0,count:1
2130,stat_starvation,Elk,-1,80,0,304,0,count:1
2130,stat_starvation,Camel,-1,80,0,336,0,count:1
2130,stat_starvation,Elk,-1,112,0,48,0,count:1
2130,stat_starvation,Sectid,-1,112,0,80,0,count:2
2130,stat_starvation,Elk,-1,112,0,112,0,count:1
2130,stat_starvation,Deer,-1,112,0,144,0,count:1
2130,stat_starvation,Camel,-1,112,0,336,0,count:1
2130,stat_starvation,Camel,-1,112,0,368,0,count:1
2130,stat_starvation,Elk,-1,144,0,80,0,count:1
2130,stat_starvation,Elk,-1,144,0,112,0,count:1
2130,stat_kill,Sectid,-1,144,0,208,0,count:1
2130,stat_starvation,Camel,-1,144,0,368,0,count:1
2130,stat_starvation,Sectid,-1,176,0,208,0,count:1
2130,stat_starvation,Deer,-1,240,0,80,0,count:1
2130,stat_starvation,Deer,-1,272,0,112,0,count:1
2130,stat_birth,Fish,-1,272,0,304,0,count:17
2130,stat_age_death,Fish,-1,272,0,304,0,count:1
2130,stat_birth,Hawk,-1,304,0,48,0,count:1
2130,stat_starvation,Musk Ox,-1,304,0,48,0,count:1
2130,stat_starvation,Deer,-1,304,0,80,0,count:1
2130,stat_starvation,Deer,-1,304,0,176,0,count:1
2130,stat_birth,Fish,-1,304,0,176,0,count:1
2130,stat_birth,Fish,-1,304,0,208,0,count:1
2130,stat_starvation,Deer,-1,336,0,48,0,count:1
2130,stat_starvation,Musk Ox,-1,336,0,48,0,count:1
2130,stat_starvation,Deer,-1,336,0,144,0,count:1
2130,stat_birth,Fish,-1,336,0,176,0,count:1
2130,stat_starvation,Deer,-1,336,0,176,0,count:1
2130,stat_birth,Fish,-1,336,0,208,0,count:22
2130,stat_age_death,Fish,-1,336,0,208,0,count:1
2130,stat_birth,Fish,-1,336,0,240,0,count:1
2130,stat_starvation,Elk,-1,336,0,304,0,count:1
2130,stat_starvation,Musk Ox,-1,368,0,16,0,count:1
2130,stat_kill,Deer,-1,368,0,16,0,count:1
2130,stat_birth,Fish,-1,368,0,208,0,count:1
2130,stat_birth,Fish,-1,368,0,240,0,count:1
2130,stat_birth,Fish,-1,400,0,144,0,count:18
2130,stat_age_death,Fish,-1,400,0,144,0,count:1
2130,stat_starvation,Sectid,-1,400,0,336,0,count:1
2130,stat_starvation,Elk,-1,496,0,432,0,count:1
2160,stat_starvation,Sectid,-1,16,0,144,0,count:1
2160,stat_starvation,Deer,-1,48,0,80,0,count:1
2160,stat_birth,Fish,-1,48,0,272,0,count:3
2160,stat_starvation,Elk,-1,48,0,336,0,count:1
2160,stat_starvation,Camel,-1,48,0,368,0,count:1
2160,stat_birth,Monkey,-1,80,0,16,0,count:1
2160,stat_kill,Elk,-1,80,0,112,0,count:1
2160,stat_starvation,Camel,-1,80,0,336,0,count:1
2160,stat_age_death,Tapir,-1,80,0,368,0,count:1
2160,stat_starvation,Elk,-1,112,0,80,0,count:1
2160,stat_starvation,Sectid,-1,112,0,80,0,count:1
2160,stat_kill,Deer,-1,112,0,112,0,count:1
2160,stat_starvation,Elk,-1,112,0,112,0,count:1
2160,stat_starvation,Deer,-1,144,0,48,0,count:1
2160,stat_birth,Sectid,-1,144,0,336,0,count:1
2160,stat_starvation,Camel,-1,144,0,368,0,count:1
2160,stat_birth,Sectid,-1,144,0,368,0,count:1
2160,stat_birth,Sectid,-1,144,0,400,0,count:1
2160,stat_kill,Rabbit,-1,176,0,16,0,count:1
2160,stat_starvation,Arctic Fox,-1,176,0,176,0,count:1
2160,stat_kill,Sectid,-1,176,0,368,0,count:1
2160,stat_starvation,Deer,-1,240,0,112,0,count:1
2160,stat_starvation,Deer,-1,240,0,144,0,count:1
2160,stat_starvation,Deer,-1,272,0,48,0,count:1
2160,stat_starvation,Musk Ox,-1,272,0,48,0,count:1
2160,stat_starvation,Deer,-1,272,0,144,0,count:1
2160,stat_birth,Fish,-1,272,0,304,0,count:18
2160,stat_age_death,Fish,-1,272,0,304,0,count:1
2160,stat_starvation,Musk Ox,-1,304,0,16,0,count:1
2160,stat_starvation,Deer,-1,304,0,48,0,count:1
2160,stat_starvation,Deer,-1,304,0,80,0,count:1
2160,stat_starvation,Elk,-1,304,0,272,0,count:1
2160,stat_starvation,Musk Ox,-1,336,0,48,0,count:1
2160,stat_starvation,Deer,-1,336,0,80,0,count:1
2160,stat_starvation,Deer,-1,336,0,144,0,count:1
2160,stat_birth,Fish,-1,336,0,208,0,count:23
2160,stat_age_death,Fish,-1,336,0,208,0,count:1
2160,stat_starvation,Elk,-1,336,0,304,0,count:1
2160,stat_starvation,Bear,-1,336,0,432,0,count:1
2160,stat_starvation,Musk Ox,-1,368,0,48,0,count:1
2160,stat_birth,Fish,-1,368,0,176,0,count:1
2160,stat_birth,Fish,-1,400,0,144,0,count:19
2160,stat_age_death,Fish,-1,400,0,144,0,count:1
2160,stat_starvation,Elk,-1,432,0,464,0,count:1
2160,stat_starvation,Elk,-1,464,0,432,0,count:1
2160,stat_kill,Fish,-1,496,0,304,0,count:1
2190,stat_kill,Elk,-1,16,0,80,0,count:1
2190,stat_starvation,Elk,-1,48,0,16,0,count:1
2190,stat_starvation,Elk,-1,48,0,48,0,count:1
2190,stat_starvation,Elk,-1,48,0,80,0,count:1
2190,stat_starvation,Sectid,-1,48,0,176,0,count:1
2190,stat_birth,Fish,-1,48,0,272,0,count:3
2190,stat_kill,Fish,-1,48,0,272,0,count:1
2190,stat_starvation,Elk,-1,48,0,400,0,count:1
2190,stat_starvation,Elk,-1,80,0,336,0,count:1
2190,stat_starvation,Deer,-1,112,0,208,0,count:1
2190,stat_starvation,Camel,-1,112,0,304,0,count:1
2190,stat_starvation,Camel,-1,112,0,336,0,count:1
2190,stat_starvation,Elk,-1,144,0,112,0,count:1
2190,stat_kill,Shroomer,-1,144,0,208,0,count:1
2190,stat_starvation,Camel,-1,144,0,368,0,count:1
2190,stat_kill,Deer,-1,176,0,80,0,count:1
2190,stat_starvation,Elk,-1,176,0,112,0,count:1
2190,stat_starvation,Deer,-1,176,0,144,0,count:1
2190,stat_starvation,Sectid,-1,176,0,272,0,count:1
2190,stat_birth,Sectid,-1,208,0,80,0,count:1
2190,stat_starvation,Deer,-1,208,0,112,0,count:1
2190,stat_starvation,Deer,-1,240,0,80,0,count:1
2190,stat_starvation,Deer,-1,240,0,112,0,count:1
2190,stat_starvation,Deer,-1,240,0,176,0,count:1
2190,stat_starvation,Deer,-1,272,0,176,0,count:1
2190,stat_kill,Lizard,-1,272,0,176,0,count:1
2190,stat_birth,Fish,-1,272,0,304,0,count:19
2190,stat_age_death,Fish,-1,272,0,304,0,count:1
2190,stat_starvation,Musk Ox,-1,304,0,48,0,count:1
2190,stat_starvation,Deer,-1,304,0,80,0,count:1
2190,stat_starvation,Deer,-1,304,0,112,0,count:1
2190,stat_starvation,Musk Ox,-1,336,0,48,0,count:2
2190,stat_starvation,Musk Ox,-1,336,0,80,0,count:1
2190,stat_starvation,Deer,-1,336,0,144,0,count:1
2190,stat_birth,Fish,-1,336,0,208,0,count:25
2190,stat_age_death,Fish,-1,336,0,208,0,count:1
2190,stat_starvation,Elk,-1,336,0,272,0,count:1
2190,stat_starvation,Elk,-1,336,0,304,0,count:1
2190,stat_starvation,Deer,-1,368,0,112,0,count:1
2190,stat_birth,Fish,-1,368,0,176,0,count:1
2190,stat_starvation,Musk Ox,-1,400,0,48,0,count:1
2190,stat_birth,Fish,-1,400,0,144,0,count:20
2190,stat_age_death,Fish,-1,400,0,144,0,count:1
2190,stat_starvation,Sectid,-1,400,0,336,0,count:1
2190,stat_starvation,Elk,-1,464,0,432,0,count:1
2190,stat_starvation,Elk,-1,464,0,496,0,count:1
2190,stat_birth,Scorpion,-1,496,0,304,0,count:1
2220,stat_starvation,Elk,-1,16,0,16,0,count:1
2220,stat_starvation,Sectid,-1,16,0,208,0,count:1
2220,stat_starvation,Elk,-1,16,0,304,0,count:1
2220,stat_starvation,Elk,-1,48,0,48,0,count:1
2220,stat_starvation,Sectid,-1,48,0,208,0,count:1
2220,stat_birth,Fish,-1,48,0,272,0,count:3
2220,stat_starvation,Elk,-1,48,0,272,0,count:1
2220,stat_starvation,Elk,-1,48,0,304,0,count:1
2220,stat_starvation,Elk,-1,48,0,336,0,count:1
2220,stat_starvation,Elk,-1,48,0,368,0,count:1
2220,stat_starvation,Elk,-1,80,0,80,0,count:1
2220,stat_starvation,Deer,-1,80,0,144,0,count:1
2220,stat_starvation,Camel,-1,80,0,336,0,count:1
2220,stat_starvation,Elk,-1,80,0,336,0,count:1
2220,stat_starvation,Sectid,-1,112,0,80,0,count:1
2220,stat_starvation,Camel,-1,112,0,304,0,count:1
2220,stat_starvation,Camel,-1,112,0,368,0,count:1
2220,stat_kill,Deer,-1,144,0,144,0,count:1
2220,stat_starvation,Elk,-1,144,0,144,0,count:1
2220,stat_kill,Deer,-1,144,0,208,0,count:1
2220,stat_starvation,Deer,-1,176,0,112,0,count:1
2220,stat_starvation,Elk,-1,176,0,144,0,count:1
2220,stat_starvation,Scorpion,-1,176,0,176,0,count:1
2220,stat_starvation,Deer,-1,176,0,176,0,count:1
2220,stat_starvation,Deer,-1,208,0,80,0,count:1
2220,stat_starvation,Deer,-1,208,0,112,0,count:1
2220,stat_starvation,Deer,-1,240,0,112,0,count:2
2220,stat_starvation,Deer,-1,240,0,176,0,count:1
2220,stat_birth,Fish,-1,240,0,304,0,count:1
2220,stat_birth,Fish,-1,240,0,336,0,count:1
2220,stat_starvation,Deer,-1,272,0,48,0,count:1
2220,stat_starvation,Musk Ox,-1,272,0,48,0,count:1
2220,stat_starvation,Deer,-1,272,0,80,0,count:1
2220,stat_starvation,Deer,-1,272,0,144,0,count:1
2220,stat_birth,Fish,-1,272,0,304,0,count:20
2220,stat_age_death,Fish,-1,272,0,304,0,count:1
2220,stat_birth,Fish,-1,272,0,336,0,count:1
2220,stat_starvation,Deer,-1,304,0,80,0,count:1
2220,stat_starvation,Deer,-1,304,0,112,0,count:1
2220,stat_birth,Fish,-1,304,0,272,0,count:1
2220,stat_birth,Fish,-1,304,0,304,0,count:1
2220,stat_birth,Fish,-1,304,0,336,0,count:1
2220,stat_starvation,Musk Ox,-1,336,0,80,0,count:1
2220,stat_starvation,Deer,-1,336,0,112,0,count:2
2220,stat_birth,Elk,-1,336,0,144,0,count:1
2220,stat_starvation,Deer,-1,336,0,144,0,count:2
2220,stat_starvation,Deer,-1,336,0,176,0,count:1
2220,stat_birth,Fish,-1,336,0,208,0,count:26
2220,stat_age_death,Fish,-1,336,0,208,0,count:2
2220,stat_starvation,Deer,-1,368,0,48,0,count:1
2220,stat_starvation,Deer,-1,368,0,80,0,count:1
2220,stat_starvation,Deer,-1,368,0,112,0,count:1
2220,stat_birth,Fish,-1,368,0,176,0,count:2
2220,stat_birth,Arctic Fox,-1,400,0,112,0,count:1
2220,stat_birth,Fish,-1,400,0,144,0,count:21
2220,stat_age_death,Fish,-1,400,0,144,0,count:1
2220,stat_starvation,Elk,-1,432,0,496,0,count:1
2220,stat_starvation,Elk,-1,464,0,432,0,count:1
2220,stat_kill,Fish,-1,496,0,304,0,count:1
2220,stat_starvation,Elk,-1,496,0,464,0,count:1
2250,stat_starvation,Sectid,-1,16,0,144,0,count:1
2250,stat_starvation,Elk,-1,16,0,336,0,count:1
2250,stat_starvation,Fox,-1,48,0,80,0,count:1
2250,stat_starvation,Elk,-1,48,0,80,0,count:1
2250,stat_kill,Deer,-1,48,0,208,0,count:1
2250,stat_birth,Fish,-1,48,0,272,0,count:4
2250,stat_starvation,Elk,-1,48,0,304,0,count:1
2250,stat_starvation,Camel,-1,48,0,368,0,count:1
2250,stat_kill,Monkey,-1,80,0,16,0,count:1
2250,stat_kill,Deer,-1,80,0,176,0,count:1
2250,stat_starvation,Sectid,-1,80,0,208,0,count:1
2250,stat_starvation,Elk,-1,80,0,336,0,count:1
2250,stat_birth,Shroomer,-1,80,0,400,0,count:1
2250,stat_starvation,Elk,-1,112,0,48,0,count:1
2250,stat_starvation,Elk,-1,112,0,80,0,count:1
2250,stat_starvation,Sectid,-1,112,0,80,0,count:1
2250,stat_starvation,Elk,-1,112,0,112,0,count:1
2250,stat_starvation,Deer,-1,112,0,144,0,count:1
2250,stat_starvation,Deer,-1,112,0,176,0,count:1
2250,stat_starvation,Camel,-1,112,0,368,0,count:1
2250,stat_starvation,Elk,-1,144,0,48,0,count:1
2250,stat_starvation,Elk,-1,144,0,144,0,count:2
2250,stat_starvation,Camel,-1,144,0,368,0,count:1
2250,stat_starvation,Deer,-1,176,0,112,0,count:1
2250,stat_starvation,Elk,-1,176,0,112,0,count:1
2250,stat_starvation,Deer,-1,176,0,144,0,count:1
2250,stat_starvation,Arctic Fox,-1,176,0,176,0,count:1
2250,stat_starvation,Deer,-1,208,0,48,0,count:1
2250,stat_starvation,Deer,-1,208,0,112,0,count:1
2250,stat_birth,Sectid,-1,208,0,176,0,count:1
2250,stat_birth,Shroomer,-1,240,0,80,0,count:1
2250,stat_starvation,Deer,-1,240,0,112,0,count:1
2250,stat_starvation,Deer,-1,240,0,176,0,count:1
2250,stat_starvation,Musk Ox,-1,272,0,16,0,count:1
2250,stat_starvation,Musk Ox,-1,272,0,48,0,count:1
2250,stat_starvation,Deer,-1,272,0,80,0,count:1
2250,stat_starvation,Deer,-1,272,0,112,0,count:1
2250,stat_starvation,Deer,-1,272,0,176,0,count:1
2250,stat_birth,Fish,-1,272,0,304,0,count:21
2250,stat_age_death,Fish,-1,272,0,304,0,count:1
2250,stat_starvation,Elk,-1,272,0,304,0,count:1
2250,stat_starvation,Musk Ox,-1,304,0,48,0,count:1
2250,stat_starvation,Musk Ox,-1,304,0,80,0,count:1
2250,stat_starvation,Deer,-1,304,0,112,0,count:1
2250,stat_starvation,Deer,-1,304,0,176,0,count:1
2250,stat_birth,Fish,-1,304,0,176,0,count:1
2250,stat_birth,Fish,-1,304,0,208,0,count:1
2250,stat_starvation,Elk,-1,304,0,272,0,count:1
2250,stat_starvation,Musk Ox,-1,336,0,16,0,count:1
2250,stat_starvation,Deer,-1,336,0,48,0,count:1
2250,stat_starvation,Musk Ox,-1,336,0,48,0,count:1
2250,stat_starvation,Deer,-1,336,0,80,0,count:1
2250,stat_starvation,Musk Ox,-1,336,0,80,0,count:1
2250,stat_birth,Fish,-1,336,0,176,0,count:1
2250,stat_birth,Fish,-1,336,0,208,0,count:28
2250,stat_age_death,Fish,-1,336,0,208,0,count:1
2250,stat_starvation,Elk,-1,336,0,240,0,count:1
2250,stat_birth,Fish,-1,336,0,240,0,count:1
2250,stat_starvation,Elk,-1,336,0,304,0,count:1
2250,stat_starvation,Deer,-1,368,0,80,0,count:1
2250,stat_starvation,Deer,-1,368,0,112,0,count:2
2250,stat_birth,Fish,-1,368,0,176,0,count:1
2250,stat_age_death,Fish,-1,368,0,176,0,count:1
2250,stat_birth,Fish,-1,368,0,208,0,count:1
2250,stat_birth,Fish,-1,368,0,240,0,count:1
2250,stat_birth,Fish,-1,400,0,144,0,count:22
2250,stat_age_death,Fish,-1,400,0,144,0,count:1
2250,stat_age_death,Fish,-1,464,0,304,0,count:1
2250,stat_starvation,Elk,-1,464,0,464,0,count:1
2250,stat_kill,Fish,-1,496,0,304,0,count:1
2250,stat_starvation,Elk,-1,496,0,432,0,count:1
2250,stat_starvation,Elk,-1,496,0,464,0,count:1
2280,stat_starvation,Elk,-1,16,0,16,0,count:1
2280,stat_kill,Sectid,-1,16,0,80,0,count:1
2280,stat_starvation,Sectid,-1,16,0,176,0,count:1
2280,stat_birth,Deer,-1,16,0,304,0,count:1
2280,stat_starvation,Elk,-1,16,0,336,0,count:2
2280,stat_starvation,Elk,-1,16,0,368,0,count:1
2280,stat_starvation,Elk,-1,48,0,48,0,count:1
2280,stat_starvation,Elk,-1,48,0,240,0,count:1
2280,stat_birth,Fish,-1,48,0,272,0,count:3
2280,stat_kill,Fish,-1,48,0,272,0,count:1
2280,stat_starvation,Elk,-1,48,0,272,0,count:1
2280,stat_starvation,Elk,-1,48,0,304,0,count:1
2280,stat_starvation,Elk,-1,48,0,336,0,count:1
2280,stat_starvation,Elk,-1,48,0,368,0,count:1
2280,stat_starvation,Elk,-1,80,0,80,0,count:1
2280,stat_kill,Sectid,-1,80,0,80,0,count:1
2280,stat_birth,Sectid,-1,80,0,240,0,count:1
2280,stat_starvation,Elk,-1,80,0,304,0,count:1
2280,stat_starvation,Elk,-1,80,0,336,0,count:1
2280,stat_kill,Elk,-1,112,0,16,0,count:1
2280,stat_starvation,Deer,-1,112,0,80,0,count:1
2280,stat_starvation,Sectid,-1,112,0,80,0,count:1
2280,stat_starvation,Elk,-1,112,0,112,0,count:1
2280,stat_starvation,Deer,-1,112,0,144,0,count:1
2280,stat_starvation,Camel,-1,112,0,336,0,count:1
2280,stat_starvation,Deer,-1,144,0,112,0,count:1
2280,stat_birth,Sectid,-1,144,0,336,0,count:1
2280,stat_birth,Sectid,-1,144,0,400,0,count:1
2280,stat_starvation,Elk,-1,176,0,176,0,count:1
2280,stat_starvation,Sectid,-1,176,0,208,0,count:1
2280,stat_starvation,Deer,-1,208,0,48,0,count:2
2280,stat_starvation,Deer,-1,208,0,80,0,count:1
2280,stat_kill,Deer,-1,208,0,144,0,count:1
2280,stat_starvation,Deer,-1,240,0,112,0,count:1
2280,stat_starvation,Deer,-1,240,0,144,0,count:2
2280,stat_birth,Sectid,-1,240,0,336,0,count:1
2280,stat_starvation,Musk Ox,-1,272,0,48,0,count:1
2280,stat_starvation,Deer,-1,272,0,80,0,count:1
2280,stat_birth,Scorpion,-1,272,0,144,0,count:1
2280,stat_starvation,Deer,-1,272,0,176,0,count:1
2280,stat_birth,Fish,-1,272,0,304,0,count:23
2280,stat_age_death,Fish,-1,272,0,304,0,count:1
2280,stat_starvation,Deer,-1,304,0,16,0,count:1
2280,stat_starvation,Deer,-1,304,0,48,0,count:1
2280,stat_starvation,Musk Ox,-1,304,0,48,0,count:1
2280,stat_starvation,Musk Ox,-1,304,0,80,0,count:1
2280,stat_starvation,Elk,-1,304,0,272,0,count:1
2280,stat_starvation,Musk Ox,-1,336,0,48,0,count:1
2280,stat_starvation,Musk Ox,-1,336,0,80,0,count:2
2280,stat_starvation,Deer,-1,336,0,112,0,count:2
2280,stat_birth,Fish,-1,336,0,208,0,count:28
2280,stat_age_death,Fish,-1,336,0,208,0,count:1
2280,stat_birth,Sectid,-1,336,0,304,0,count:1
2280,stat_starvation,Musk Ox,-1,368,0,16,0,count:1
2280,stat_starvation,Musk Ox,-1,368,0,48,0,count:1
2280,stat_birth,Hawk,-1,368,0,80,0,count:1
2280,stat_starvation,Deer,-1,368,0,80,0,count:1
2280,stat_birth,Fish,-1,368,0,176,0,count:2
2280,stat_birth,Fish,-1,400,0,144,0,count:24
2280,stat_age_death,Fish,-1,400,0,144,0,count:2
2280,stat_birth,Jaguar,-1,400,0,176,0,count:1
2280,stat_birth,Fish,-1,464,0,272,0,count:1
2280,stat_birth,Fish,-1,464,0,336,0,count:1
2280,stat_starvation,Elk,-1,464,0,432,0,count:1
2280,stat_starvation,Elk,-1,464,0,464,0,count:1
2280,stat_birth,Fish,-1,496,0,272,0,count:1
2280,stat_birth,Fish,-1,496,0,336,0,count:1
2280,stat_starvation,Elk,-1,496,0,400,0,count:1
2280,stat_starvation,Elk,-1,496,0,464,0,count:1
2280,stat_starvation,Elk,-1,496,0,496,0,count:1
2286,starvation,Hawk,932,227,9,224,2,
2310,stat_starvation,Elk,-1,16,0,48,0,count:1
2310,stat_starvation,Sectid,-1,16,0,144,0,count:1
2310,stat_starvation,Elk,-1,16,0,304,0,count:1
2310,stat_starvation,Elk,-1,16,0,368,0,count:1
2310,stat_starvation,Elk,-1,16,0,400,0,count:1
2310,stat_starvation,Deer,-1,48,0,112,0,count:1
2310,stat_kill,Deer,-1,48,0,176,0,count:1
2310,stat_birth,Fish,-1,48,0,272,0,count:4
2310,stat_starvation,Elk,-1,48,0,304,0,count:1
2310,stat_starvation,Elk,-1,48,0,336,0,count:1
2310,stat_starvation,Elk,-1,80,0,48,0,count:1
2310,stat_starvation,Elk,-1,80,0,336,0,count:1
2310,stat_starvation,Camel,-1,112,0,304,0,count:1
2310,stat_starvation,Camel,-1,112,0,336,0,count:1
2310,stat_starvation,Camel,-1,112,0,368,0,count:1
2310,stat_starvation,Deer,-1,144,0,112,0,count:1
2310,stat_starvation,Elk,-1,144,0,112,0,count:1
2310,stat_starvation,Elk,-1,144,0,144,0,count:1
2310,stat_starvation,Deer,-1,176,0,112,0,count:1
2310,stat_starvation,Elk,-1,176,0,112,0,count:1
2310,stat_starvation,Elk,-1,176,0,144,0,count:1
2310,stat_starvation,Sectid,-1,176,0,176,0,count:1
2310,stat_kill,Camel,-1,176,0,368,0,count:1
2310,stat_starvation,Deer,-1,208,0,48,0,count:1
2310,stat_starvation,Deer,-1,208,0,80,0,count:1
2310,stat_starvation,Deer,-1,208,0,112,0,count:1
2310,stat_starvation,Musk Ox,-1,240,0,16,0,count:1
2310,stat_starvation,Deer,-1,240,0,80,0,count:1
2310,stat_kill,Fish,-1,240,0,336,0,count:1
2310,stat_starvation,Musk Ox,-1,272,0,16,0,count:1
2310,stat_starvation,Musk Ox,-1,272,0,48,0,count:1
2310,stat_starvation,Deer,-1,272,0,80,0,count:1
2310,stat_starvation,Deer,-1,272,0,112,0,count:1
2310,stat_starvation,Deer,-1,272,0,144,0,count:1
2310,stat_birth,Fish,-1,272,0,304,0,count:23
2310,stat_age_death,Fish,-1,272,0,304,0,count:1
2310,stat_starvation,Elk,-1,272,0,304,0,count:1
2310,stat_starvation,Deer,-1,304,0,16,0,count:2
2310,stat_starvation,Musk Ox,-1,304,0,80,0,count:1
2310,stat_starvation,Deer,-1,304,0,112,0,count:1
2310,stat_starvation,Elk,-1,304,0,272,0,count:1
2310,stat_starvation,Musk Ox,-1,336,0,16,0,count:1
2310,stat_starvation,Musk Ox,-1,336,0,48,0,count:1
2310,stat_starvation,Deer,-1,336,0,144,0,count:1
2310,stat_birth,Fish,-1,336,0,208,0,count:31
2310,stat_age_death,Fish,-1,336,0,208,0,count:2
2310,stat_starvation,Deer,-1,368,0,48,0,count:1
2310,stat_starvation,Deer,-1,368,0,80,0,count:1
2310,stat_starvation,Deer,-1,368,0,112,0,count:1
2310,stat_birth,Fish,-1,368,0,176,0,count:2
2310,stat_birth,Fish,-1,400,0,144,0,count:24
2310,stat_age_death,Fish,-1,400,0,144,0,count:1
2310,stat_birth,Snake,-1,400,0,176,0,count:1
2310,stat_starvation,Elk,-1,432,0,464,0,count:1
2310,stat_starvation,Elk,-1,464,0,464,0,count:1
2310,stat_birth,Fish,-1,496,0,304,0,count:2
2310,stat_kill,Fish,-1,496,0,304,0,count:1
2310,stat_starvation,Elk,-1,496,0,400,0,count:1
2340,stat_kill,Shroomer,-1,16,0,80,0,count:1
2340,stat_starvation,Elk,-1,16,0,272,0,count:1
2340,stat_starvation,Elk,-1,16,0,304,0,count:1
2340,stat_starvation,Elk,-1,16,0,336,0,count:1
2340,stat_kill,Sectid,-1,48,0,80,0,count:1
2340,stat_starvation,Elk,-1,48,0,80,0,count:1
2340,stat_starvation,Deer,-1,48,0,112,0,count:1
2340,stat_starvation,Elk,-1,48,0,112,0,count:1
2340,stat_birth,Fish,-1,48,0,272,0,count:4
2340,stat_kill,Fish,-1,48,0,272,0,count:1
2340,stat_age_death,Frog,-1,48,0,496,0,count:1
2340,stat_starvation,Elk,-1,80,0,80,0,count:1
2340,stat_starvation,Deer,-1,80,0,144,0,count:1
2340,stat_starvation,Sectid,-1,80,0,208,0,count:1
2340,stat_kill,Fish,-1,80,0,272,0,count:1
2340,stat_starvation,Elk,-1,112,0,48,0,count:1
2340,stat_starvation,Elk,-1,112,0,80,0,count:1
2340,stat_starvation,Sectid,-1,112,0,80,0,count:1
2340,stat_starvation,Elk,-1,112,0,112,0,count:1
2340,stat_kill,Elk,-1,112,0,144,0,count:1
2340,stat_starvation,Deer,-1,112,0,176,0,count:1
2340,stat_starvation,Sectid,-1,112,0,208,0,count:1
2340,stat_starvation,Camel,-1,112,0,304,0,count:1
2340,stat_starvation,Camel,-1,112,0,336,0,count:1
2340,stat_birth,Sectid,-1,112,0,368,0,count:1
2340,stat_starvation,Elk,-1,144,0,48,0,count:1
2340,stat_starvation,Deer,-1,144,0,144,0,count:1
2340,stat_starvation,Elk,-1,144,0,144,0,count:1
2340,stat_starvation,Camel,-1,144,0,368,0,count:1
2340,stat_starvation,Sectid,-1,176,0,176,0,count:1
2340,stat_birth,Sectid,-1,176,0,304,0,count:1
2340,stat_starvation,Deer,-1,208,0,48,0,count:1
2340,stat_starvation,Deer,-1,208,0,112,0,count:1
2340,stat_birth,Camel,-1,208,0,240,0,count:1
2340,stat_kill,Shroomer,-1,208,0,336,0,count:1
2340,stat_kill,Sectid,-1,208,0,336,0,count:1
2340,stat_starvation,Musk Ox,-1,240,0,16,0,count:1
2340,stat_starvation,Deer,-1,240,0,112,0,count:1
2340,stat_starvation,Deer,-1,240,0,144,0,count:1
2340,stat_starvation,Deer,-1,240,0,176,0,count:1
2340,stat_birth,Fish,-1,240,0,304,0,count:1
2340,stat_birth,Fish,-1,240,0,336,0,count:1
2340,stat_birth,Sectid,-1,240,0,368,0,count:1
2340,stat_starvation,Musk Ox,-1,272,0,16,0,count:1
2340,stat_starvation,Deer,-1,272,0,48,0,count:1
2340,stat_birth,Fish,-1,272,0,304,0,count:24
2340,stat_age_death,Fish,-1,272,0,304,0,count:2
2340,stat_birth,Fish,-1,272,0,336,0,count:1
2340,stat_starvation,Deer,-1,304,0,80,0,count:1
2340,stat_starvation,Musk Ox,-1,304,0,80,0,count:1
2340,stat_birth,Lizard,-1,304,0,144,0,count:1
2340,stat_birth,Fish,-1,304,0,272,0,count:1
2340,stat_birth,Fish,-1,304,0,304,0,count:1
2340,stat_birth,Fish,-1,304,0,336,0,count:1
2340,stat_starvation,Musk Ox,-1,336,0,80,0,count:1
2340,stat_starvation,Deer,-1,336,0,112,0,count:1
2340,stat_birth,Fish,-1,336,0,176,0,count:1
2340,stat_birth,Fish,-1,336,0,208,0,count:32
2340,stat_age_death,Fish,-1,336,0,208,0,count:1
2340,stat_starvation,Deer,-1,336,0,208,0,count:1
2340,stat_birth,Fish,-1,336,0,240,0,count:1
2340,stat_birth,Arctic Fox,-1,368,0,112,0,count:1
2340,stat_starvation,Deer,-1,368,0,112,0,count:1
2340,stat_birth,Fish,-1,368,0,112,0,count:1
2340,stat_birth,Fish,-1,368,0,144,0,count:1
2340,stat_birth,Fish,-1,368,0,176,0,count:2
2340,stat_birth,Fish,-1,368,0,208,0,count:1
2340,stat_birth,Fish,-1,400,0,112,0,count:1
2340,stat_age_death,Fish,-1,400,0,144,0,count:2
2340,stat_starvation,Elk,-1,400,0,144,0,count:1
2340,stat_birth,Fish,-1,400,0,176,0,count:1
2340,stat_birth,Fish,-1,432,0,112,0,count:1
2340,stat_birth,Fish,-1,432,0,144,0,count:1
2340,stat_birth,Fish,-1,432,0,176,0,count:1
2340,stat_starvation,Elk,-1,464,0,496,0,count:1
2340,stat_birth,Fish,-1,496,0,304,0,count:2
2340,stat_starvation,Elk,-1,496,0,464,0,count:1
2370,stat_starvation,Elk,-1,16,0,48,0,count:1
2370,stat_starvation,Sectid,-1,16,0,144,0,count:1
2370,stat_starvation,Elk,-1,16,0,336,0,count:1
2370,stat_kill,Turtle,-1,48,0,16,0,count:1
2370,stat_starvation,Elk,-1,48,0,48,0,count:1
2370,stat_starvation,Deer,-1,48,0,112,0,count:1
2370,stat_kill,Deer,-1,48,0,144,0,count:1
2370,stat_birth,Fish,-1,48,0,272,0,count:5
2370,stat_starvation,Elk,-1,48,0,272,0,count:1
2370,stat_starvation,Elk,-1,48,0,304,0,count:1
2370,stat_starvation,Elk,-1,48,0,336,0,count:1
2370,stat_starvation,Elk,-1,48,0,368,0,count:1
2370,stat_starvation,Camel,-1,48,0,368,0,count:1
2370,stat_starvation,Elk,-1,80,0,48,0,count:2
2370,stat_starvation,Deer,-1,80,0,144,0,count:1
2370,stat_starvation,Elk,-1,80,0,304,0,count:1
2370,stat_starvation,Elk,-1,80,0,336,0,count:1
2370,stat_kill,Musk Ox,-1,112,0,16,0,count:1
2370,stat_birth,Sectid,-1,112,0,80,0,count:1
2370,stat_starvation,Sectid,-1,112,0,80,0,count:1
2370,stat_starvation,Camel,-1,112,0,336,0,count:1
2370,stat_starvation,Camel,-1,112,0,368,0,count:1
2370,stat_starvation,Deer,-1,144,0,144,0,count:1
2370,stat_starvation,Camel,-1,144,0,304,0,count:1
2370,stat_starvation,Camel,-1,144,0,368,0,count:2
2370,stat_starvation,Elk,-1,176,0,112,0,count:1
2370,stat_starvation,Deer,-1,176,0,144,0,count:1
2370,stat_starvation,Sectid,-1,176,0,176,0,count:1
2370,stat_birth,Sectid,-1,176,0,368,0,count:1
2370,stat_kill,Monkey,-1,176,0,368,0,count:1
2370,stat_birth,Hawk,-1,240,0,16,0,count:1
2370,stat_starvation,Musk Ox,-1,240,0,16,0,count:1
2370,stat_starvation,Deer,-1,240,0,48,0,count:1
2370,stat_kill,Fish,-1,240,0,304,0,count:1
2370,stat_birth,Sectid,-1,240,0,336,0,count:1
2370,stat_starvation,Musk Ox,-1,272,0,16,0,count:1
2370,stat_starvation,Deer,-1,272,0,48,0,count:1
2370,stat_starvation,Musk Ox,-1,272,0,48,0,count:1
2370,stat_birth,Lizard,-1,272,0,176,0,count:1
2370,stat_birth,Fish,-1,272,0,304,0,count:26
2370,stat_age_death,Fish,-1,272,0,304,0,count:1
2370,stat_starvation,Deer,-1,304,0,16,0,count:1
2370,stat_starvation,Deer,-1,304,0,48,0,count:1
2370,stat_starvation,Musk Ox,-1,304,0,48,0,count:1
2370,stat_starvation,Musk Ox,-1,304,0,80,0,count:1
2370,stat_kill,Lizard,-1,304,0,144,0,count:1
2370,stat_birth,Scorpion,-1,304,0,144,0,count:1
2370,stat_birth,Fish,-1,304,0,176,0,count:1
2370,stat_birth,Fish,-1,304,0,208,0,count:1
2370,stat_starvation,Musk Ox,-1,336,0,80,0,count:1
2370,stat_starvation,Deer,-1,336,0,176,0,count:1
2370,stat_age_death,Fish,-1,336,0,208,0,count:2
2370,stat_starvation,Deer,-1,336,0,240,0,count:1
2370,stat_starvation,Elk,-1,336,0,304,0,count:1
2370,stat_starvation,Deer,-1,368,0,80,0,count:1
2370,stat_birth,Fish,-1,368,0,176,0,count:2
2370,stat_birth,Fish,-1,368,0,240,0,count:1
2370,stat_starvation,Deer,-1,368,0,432,0,count:1
2370,stat_starvation,Deer,-1,400,0,48,0,count:1
2370,stat_age_death,Fish,-1,400,0,144,0,count:1
2370,stat_starvation,Elk,-1,432,0,432,0,count:2
2370,stat_birth,Fish,-1,464,0,272,0,count:1
2370,stat_birth,Fish,-1,464,0,336,0,count:1
2370,stat_starvation,Elk,-1,464,0,432,0,count:1
2370,stat_starvation,Elk,-1,464,0,464,0,count:1
2370,stat_kill,Fish,-1,496,0,304,0,count:1
2370,stat_birth,Fish,-1,496,0,336,0,count:1
2370,stat_starvation,Elk,-1,496,0,432,0,count:1
2370,stat_starvation,Lizard,-1,496,0,464,0,count:1
2379,hunt_start,Snake,948,284,8,266,2,target:Rabbit:26
2400,stat_starvation,Sectid,-1,16,0,144,0,count:1
2400,stat_starvation,Sectid,-1,16,0,176,0,count:1
2400,stat_starvation,Elk,-1,16,0,304,0,count:1
2400,stat_starvation,Sectid,-1,48,0,80,0,count:1
2400,stat_starvation,Elk,-1,48,0,80,0,count:1
2400,stat_starvation,Deer,-1,48,0,112,0,count:1
2400,stat_starvation,Elk,-1,48,0,112,0,count:1
2400,stat_birth,Fish,-1,48,0,272,0,count:4
2400,stat_kill,Fish,-1,48,0,272,0,count:1
2400,stat_birth,Arctic Fox,-1,48,0,304,0,count:1
2400,stat_starvation,Elk,-1,80,0,16,0,count:1
2400,stat_starvation,Camel,-1,80,0,336,0,count:1
2400,stat_starvation,Elk,-1,112,0,48,0,count:1
2400,stat_starvation,Sectid,-1,112,0,80,0,count:1
2400,stat_starvation,Elk,-1,112,0,112,0,count:1
2400,stat_starvation,Deer,-1,112,0,144,0,count:1
2400,stat_starvation,Deer,-1,112,0,176,0,count:1
2400,stat_starvation,Sectid,-1,112,0,208,0,count:1
2400,stat_starvation,Camel,-1,112,0,304,0,count:1
2400,stat_starvation,Camel,-1,112,0,336,0,count:1
2400,stat_starvation,Camel,-1,112,0,368,0,count:1
2400,stat_starvation,Deer,-1,144,0,112,0,count:1
2400,stat_starvation,Elk,-1,144,0,112,0,count:1
2400,stat_starvation,Elk,-1,144,0,144,0,count:1
2400,stat_starvation,Camel,-1,144,0,304,0,count:1
2400,stat_starvation,Camel,-1,144,0,368,0,count:1
2400,stat_starvation,Deer,-1,176,0,176,0,count:1
2400,stat_starvation,Sectid,-1,176,0,176,0,count:2
2400,stat_starvation,Sectid,-1,176,0,208,0,count:1
2400,stat_kill,Camel,-1,176,0,336,0,count:1
2400,stat_starvation,Deer,-1,208,0,48,0,count:1
2400,stat_kill,Elk,-1,208,0,144,0,count:1
2400,stat_starvation,Deer,-1,240,0,16,0,count:1
2400,stat_starvation,Musk Ox,-1,240,0,16,0,count:1
2400,stat_starvation,Deer,-1,240,0,48,0,count:1
2400,stat_birth,Sectid,-1,240,0,304,0,count:1
2400,stat_starvation,Musk Ox,-1,272,0,16,0,count:1
2400,stat_starvation,Deer,-1,272,0,80,0,count:1
2400,stat_starvation,Deer,-1,272,0,112,0,count:1
2400,stat_starvation,Deer,-1,272,0,176,0,count:1
2400,stat_birth,Fish,-1,272,0,304,0,count:27
2400,stat_age_death,Fish,-1,272,0,304,0,count:2
2400,stat_starvation,Deer,-1,304,0,16,0,count:1
2400,stat_starvation,Musk Ox,-1,304,0,16,0,count:1
2400,stat_starvation,Deer,-1,304,0,48,0,count:1
2400,stat_birth,Snake,-1,304,0,80,0,count:1
2400,stat_starvation,Musk Ox,-1,304,0,80,0,count:1
2400,stat_starvation,Musk Ox,-1,336,0,16,0,count:1
2400,stat_birth,Bear,-1,336,0,16,0,count:1
2400,stat_starvation,Deer,-1,336,0,16,0,count:1
2400,stat_starvation,Musk Ox,-1,336,0,48,0,count:1
2400,stat_starvation,Deer,-1,336,0,80,0,count:1
2400,stat_age_death,Fish,-1,336,0,208,0,count:2
2400,stat_starvation,Elk,-1,336,0,272,0,count:1
2400,stat_starvation,Musk Ox,-1,368,0,48,0,count:1
2400,stat_birth,Fish,-1,368,0,176,0,count:3
2400,stat_kill,Shroomer,-1,368,0,208,0,count:1
2400,stat_age_death,Fish,-1,400,0,144,0,count:2
2400,stat_age_death,Fish,-1,464,0,304,0,count:1
2400,stat_birth,Scorpion,-1,496,0,304,0,count:1
2400,stat_starvation,Elk,-1,496,0,400,0,count:1
2400,stat_starvation,Elk,-1,496,0,432,0,count:1
2400,stat_starvation,Elk,-1,496,0,496,0,count:1
2430,stat_starvation,Elk,-1,48,0,48,0,count:1
2430,stat_starvation,Sectid,-1,48,0,80,0,count:2
2430,stat_starvation,Elk,-1,48,0,112,0,count:1
2430,stat_starvation,Sectid,-1,48,0,208,0,count:1
2430,stat_birth,Fish,-1,48,0,272,0,count:5
2430,stat_birth,Frog,-1,48,0,304,0,count:1
2430,stat_starvation,Elk,-1,48,0,304,0,count:1
2430,stat_starvation,Elk,-1,48,0,336,0,count:1
2430,stat_starvation,Elk,-1,80,0,16,0,count:1
2430,stat_starvation,Elk,-1,80,0,48,0,count:1
2430,stat_starvation,Elk,-1,80,0,80,0,count:1
2430,stat_starvation,Deer,-1,80,0,112,0,count:1
2430,stat_starvation,Elk,-1,80,0,112,0,count:1
2430,stat_starvation,Elk,-1,80,0,304,0,count:1
2430,stat_starvation,Camel,-1,80,0,304,0,count:1
2430,stat_starvation,Camel,-1,80,0,336,0,count:2
2430,stat_starvation,Elk,-1,80,0,336,0,count:1
2430,stat_starvation,Elk,-1,112,0,80,0,count:1
2430,stat_starvation,Sectid,-1,112,0,80,0,count:1
2430,stat_starvation,Elk,-1,112,0,112,0,count:1
2430,stat_starvation,Elk,-1,112,0,144,0,count:1
2430,stat_starvation,Elk,-1,112,0,304,0,count:1
2430,stat_starvation,Camel,-1,112,0,368,0,count:1
2430,stat_starvation,Elk,-1,144,0,48,0,count:1
2430,stat_kill,Deer,-1,144,0,80,0,count:1
2430,stat_starvation,Deer,-1,144,0,144,0,count:1
2430,stat_kill,Deer,-1,144,0,176,0,count:1
2430,stat_starvation,Camel,-1,144,0,304,0,count:1
2430,stat_starvation,Camel,-1,144,0,336,0,count:1
2430,stat_starvation,Camel,-1,144,0,368,0,count:1
2430,stat_starvation,Sectid,-1,176,0,144,0,count:1
2430,stat_kill,Monkey,-1,176,0,336,0,count:1
2430,stat_starvation,Sectid,-1,208,0,272,0,count:1
2430,stat_starvation,Musk Ox,-1,240,0,16,0,count:1
2430,stat_starvation,Deer,-1,240,0,48,0,count:1
2430,stat_starvation,Deer,-1,240,0,112,0,count:1
2430,stat_age_death,Fish,-1,272,0,304,0,count:1
2430,stat_starvation,Elk,-1,272,0,304,0,count:1
2430,stat_birth,Fish,-1,272,0,336,0,count:1
2430,stat_starvation,Deer,-1,304,0,48,0,count:1
2430,stat_starvation,Musk Ox,-1,304,0,48,0,count:1
2430,stat_birth,Fish,-1,304,0,176,0,count:1
2430,stat_birth,Fish,-1,304,0,208,0,count:1
2430,stat_birth,Fish,-1,304,0,272,0,count:1
2430,stat_starvation,Elk,-1,304,0,304,0,count:1
2430,stat_birth,Fish,-1,304,0,304,0,count:1
2430,stat_birth,Fish,-1,304,0,336,0,count:1
2430,stat_starvation,Deer,-1,336,0,16,0,count:1
2430,stat_starvation,Deer,-1,336,0,48,0,count:1
2430,stat_starvation,Deer,-1,336,0,80,0,count:1
2430,stat_starvation,Deer,-1,336,0,112,0,count:1
2430,stat_birth,Fish,-1,336,0,176,0,count:1
2430,stat_starvation,Deer,-1,336,0,176,0,count:1
2430,stat_age_death,Fish,-1,336,0,208,0,count:1
2430,stat_birth,Fish,-1,336,0,240,0,count:1
2430,stat_starvation,Deer,-1,368,0,112,0,count:1
2430,stat_birth,Fish,-1,368,0,176,0,count:3
2430,stat_birth,Fish,-1,368,0,208,0,count:1
2430,stat_birth,Fish,-1,368,0,240,0,count:1
2430,stat_kill,Fish,-1,400,0,112,0,count:1
2430,stat_age_death,Fish,-1,400,0,144,0,count:1
2430,stat_starvation,Elk,-1,432,0,432,0,count:2
2430,stat_birth,Fish,-1,464,0,272,0,count:1
2430,stat_kill,Fish,-1,464,0,272,0,count:1
2430,stat_birth,Fish,-1,464,0,336,0,count:1
2430,stat_starvation,Elk,-1,464,0,400,0,count:1
2430,stat_starvation,Elk,-1,464,0,432,0,count:1
2430,stat_kill,Fish,-1,496,0,304,0,count:1
2430,stat_birth,Fish,-1,496,0,336,0,count:1
2460,stat_starvation,Sectid,-1,16,0,144,0,count:1
2460,stat_starvation,Elk,-1,16,0,272,0,count:1
2460,stat_starvation,Elk,-1,16,0,368,0,count:1
2460,stat_starvation,Sectid,-1,48,0,80,0,count:2
2460,stat_starvation,Elk,-1,48,0,80,0,count:1
2460,stat_starvation,Deer,-1,48,0,80,0,count:1
2460,stat_kill,Musk Ox,-1,48,0,112,0,count:1
2460,stat_starvation,Elk,-1,48,0,112,0,count:1
2460,stat_birth,Fish,-1,48,0,272,0,count:5
2460,stat_kill,Fish,-1,48,0,272,0,count:1
2460,stat_starvation,Camel,-1,48,0,368,0,count:1
2460,stat_starvation,Elk,-1,48,0,400,0,count:1
2460,stat_birth,Frog,-1,48,0,496,0,count:1
2460,stat_starvation,Elk,-1,80,0,112,0,count:2
2460,stat_starvation,Deer,-1,80,0,144,0,count:1
2460,stat_kill,Deer,-1,80,0,208,0,count:1
2460,stat_starvation,Camel,-1,80,0,304,0,count:1
2460,stat_starvation,Camel,-1,80,0,336,0,count:1
2460,stat_birth,Musk Ox,-1,80,0,336,0,count:1
2460,stat_starvation,Deer,-1,112,0,80,0,count:1
2460,stat_starvation,Elk,-1,112,0,144,0,count:2
2460,stat_kill,Elk,-1,112,0,176,0,count:1
2460,stat_starvation,Sectid,-1,112,0,208,0,count:1
2460,stat_starvation,Camel,-1,112,0,304,0,count:1
2460,stat_starvation,Camel,-1,112,0,336,0,count:1
2460,stat_starvation,Camel,-1,144,0,304,0,count:1
2460,stat_starvation,Camel,-1,144,0,336,0,count:1
2460,stat_kill,Shroomer,-1,144,0,400,0,count:1
2460,stat_starvation,Deer,-1,176,0,112,0,count:1
2460,stat_starvation,Sectid,-1,176,0,144,0,count:1
2460,stat_starvation,Sectid,-1,176,0,176,0,count:1
2460,stat_starvation,Sectid,-1,176,0,240,0,count:1
2460,stat_kill,Shroomer,-1,176,0,368,0,count:1
2460,stat_starvation,Deer,-1,208,0,80,0,count:1
2460,stat_birth,Elk,-1,208,0,176,0,count:1
2460,stat_starvation,Deer,-1,240,0,16,0,count:1
2460,stat_starvation,Deer,-1,240,0,80,0,count:1
2460,stat_birth,Sectid,-1,240,0,112,0,count:1
2460,stat_birth,Fish,-1,240,0,304,0,count:1
2460,stat_birth,Fish,-1,240,0,336,0,count:1
2460,stat_kill,Fish,-1,240,0,336,0,count:1
2460,stat_starvation,Deer,-1,272,0,48,0,count:1
2460,stat_starvation,Musk Ox,-1,272,0,48,0,count:1
2460,stat_age_death,Fish,-1,272,0,304,0,count:2
2460,stat_starvation,Musk Ox,-1,304,0,16,0,count:1
2460,stat_starvation,Musk Ox,-1,304,0,80,0,count:1
2460,stat_starvation,Deer,-1,304,0,144,0,count:1
2460,stat_birth,Fish,-1,304,0,176,0,count:1
2460,stat_birth,Fish,-1,304,0,208,0,count:1
2460,stat_starvation,Deer,-1,336,0,16,0,count:1
2460,stat_starvation,Musk Ox,-1,336,0,80,0,count:1
2460,stat_starvation,Deer,-1,336,0,144,0,count:1
2460,stat_birth,Fish,-1,336,0,176,0,count:1
2460,stat_age_death,Fish,-1,336,0,208,0,count:2
2460,stat_birth,Fish,-1,336,0,240,0,count:1
2460,stat_starvation,Deer,-1,336,0,240,0,count:1
2460,stat_starvation,Musk Ox,-1,368,0,16,0,count:1
2460,stat_starvation,Deer,-1,368,0,48,0,count:1
2460,stat_birth,Fish,-1,368,0,112,0,count:1
2460,stat_kill,Fish,-1,368,0,112,0,count:1
2460,stat_birth,Fish,-1,368,0,144,0,count:1
2460,stat_birth,Fish,-1,368,0,176,0,count:3
2460,stat_birth,Fish,-1,368,0,208,0,count:1
2460,stat_birth,Fish,-1,368,0,240,0,count:1
2460,stat_birth,Fish,-1,400,0,112,0,count:1
2460,stat_age_death,Fish,-1,400,0,144,0,count:2
2460,stat_birth,Fish,-1,400,0,176,0,count:1
2460,stat_birth,Fish,-1,432,0,112,0,count:1
2460,stat_birth,Fish,-1,432,0,144,0,count:1
2460,stat_birth,Fish,-1,432,0,176,0,count:1
2460,stat_starvation,Elk,-1,432,0,464,0,count:1
2460,stat_birth,Fish,-1,464,0,272,0,count:1
2460,stat_birth,Fish,-1,464,0,336,0,count:1
2460,stat_age_death,Fish,-1,464,0,336,0,count:1
2460,stat_starvation,Elk,-1,464,0,400,0,count:1
2460,stat_kill,Fish,-1,496,0,304,0,count:1
2460,stat_birth,Fish,-1,496,0,336,0,count:1
2460,stat_age_death,Fish,-1,496,0,336,0,count:1
2490,stat_starvation,Elk,-1,48,0,48,0,count:1
2490,stat_starvation,Sectid,-1,48,0,80,0,count:1
2490,stat_starvation,Elk,-1,48,0,80,0,count:1
2490,stat_starvation,Elk,-1,48,0,112,0,count:1
2490,stat_starvation,Wolf,-1,48,0,208,0,count:1
2490,stat_birth,Fish,-1,48,0,272,0,count:6
2490,stat_starvation,Elk,-1,48,0,272,0,count:1
2490,stat_starvation,Elk,-1,48,0,368,0,count:1
2490,stat_starvation,Elk,-1,80,0,16,0,count:1
2490,stat_kill,Deer,-1,80,0,80,0,count:1
2490,stat_starvation,Deer,-1,80,0,112,0,count:1
2490,stat_starvation,Elk,-1,80,0,112,0,count:1
2490,stat_starvation,Sectid,-1,80,0,208,0,count:1
2490,stat_starvation,Camel,-1,80,0,304,0,count:1
2490,stat_starvation,Elk,-1,112,0,48,0,count:1
2490,stat_starvation,Sectid,-1,112,0,80,0,count:1
2490,stat_starvation,Deer,-1,112,0,112,0,count:1
2490,stat_starvation,Elk,-1,112,0,112,0,count:1
2490,stat_starvation,Elk,-1,112,0,144,0,count:1
2490,stat_starvation,Sectid,-1,112,0,208,0,count:1
2490,stat_starvation,Camel,-1,112,0,304,0,count:1
2490,stat_starvation,Elk,-1,112,0,304,0,count:1
2490,stat_starvation,Camel,-1,112,0,336,0,count:2
2490,stat_birth,Sectid,-1,112,0,336,0,count:1
2490,stat_starvation,Camel,-1,112,0,368,0,count:1
2490,stat_birth,Sectid,-1,112,0,400,0,count:1
2490,stat_starvation,Elk,-1,144,0,112,0,count:1
2490,stat_kill,Shroomer,-1,144,0,176,0,count:1
2490,stat_kill,Elk,-1,144,0,176,0,count:1
2490,stat_starvation,Camel,-1,144,0,304,0,count:1
2490,stat_starvation,Camel,-1,144,0,368,0,count:1
2490,stat_kill,Camel,-1,144,0,400,0,count:1
2490,stat_kill,Deer,-1,176,0,80,0,count:1
2490,stat_starvation,Sectid,-1,176,0,144,0,count:1
2490,stat_starvation,Elk,-1,176,0,144,0,count:1
2490,stat_starvation,Sectid,-1,176,0,176,0,count:1
2490,stat_starvation,Camel,-1,176,0,304,0,count:1
2490,stat_starvation,Deer,-1,208,0,16,0,count:1
2490,stat_starvation,Deer,-1,208,0,48,0,count:1
2490,stat_birth,Sectid,-1,208,0,48,0,count:1
2490,stat_kill,Camel,-1,208,0,336,0,count:1
2490,stat_starvation,Deer,-1,240,0,16,0,count:1
2490,stat_starvation,Deer,-1,240,0,48,0,count:1
2490,stat_birth,Sectid,-1,240,0,304,0,count:1
2490,stat_birth,Sectid,-1,240,0,336,0,count:1
2490,stat_starvation,Deer,-1,272,0,16,0,count:1
2490,stat_starvation,Musk Ox,-1,272,0,16,0,count:1
2490,stat_age_death,Fish,-1,272,0,304,0,count:2
2490,stat_kill,Fish,-1,272,0,336,0,count:1
2490,stat_starvation,Deer,-1,304,0,16,0,count:1
2490,stat_starvation,Deer,-1,304,0,48,0,count:1
2490,stat_birth,Fish,-1,304,0,176,0,count:1
2490,stat_birth,Fish,-1,304,0,208,0,count:1
2490,stat_starvation,Deer,-1,336,0,16,0,count:1
2490,stat_starvation,Deer,-1,336,0,48,0,count:2
2490,stat_birth,Fish,-1,336,0,176,0,count:2
2490,stat_age_death,Fish,-1,336,0,208,0,count:1
2490,stat_starvation,Deer,-1,336,0,208,0,count:1
2490,stat_birth,Fish,-1,336,0,240,0,count:1
2490,stat_starvation,Musk Ox,-1,368,0,80,0,count:1
2490,stat_birth,Fish,-1,368,0,176,0,count:3
2490,stat_age_death,Fish,-1,368,0,176,0,count:1
2490,stat_birth,Fish,-1,368,0,208,0,count:2
2490,stat_age_death,Fish,-1,368,0,208,0,count:1
2490,stat_birth,Fish,-1,368,0,240,0,count:1
2490,stat_age_death,Fish,-1,368,0,240,0,count:1
2490,stat_starvation,Sectid,-1,368,0,336,0,count:1
2490,stat_age_death,Fish,-1,400,0,144,0,count:1
2490,stat_kill,Fish,-1,400,0,176,0,count:1
2490,stat_birth,Deer,-1,400,0,400,0,count:1
2490,stat_birth,Deer,-1,432,0,400,0,count:1
2490,stat_starvation,Elk,-1,432,0,432,0,count:1
2490,stat_birth,Fish,-1,464,0,272,0,count:1
2490,stat_birth,Fish,-1,464,0,336,0,count:1
2490,stat_starvation,Elk,-1,464,0,400,0,count:2
2490,stat_starvation,Elk,-1,464,0,432,0,count:1
2490,stat_age_death,Fish,-1,496,0,272,0,count:1
2490,stat_birth,Fish,-1,496,0,336,0,count:1
2520,stat_starvation,Elk,-1,16,0,48,0,count:1
2520,stat_starvation,Sectid,-1,16,0,144,0,count:1
2520,stat_starvation,Sectid,-1,16,0,176,0,count:1
2520,stat_starvation,Elk,-1,16,0,272,0,count:1
2520,stat_starvation,Elk,-1,48,0,16,0,count:1
2520,stat_starvation,Elk,-1,48,0,48,0,count:1
2520,stat_starvation,Sectid,-1,48,0,80,0,count:1
2520,stat_starvation,Deer,-1,48,0,112,0,count:1
2520,stat_starvation,Elk,-1,48,0,112,0,count:1
2520,stat_birth,Fish,-1,48,0,272,0,count:5
2520,stat_kill,Fish,-1,48,0,272,0,count:1
2520,stat_starvation,Elk,-1,80,0,16,0,count:1
2520,stat_kill,Shroomer,-1,80,0,48,0,count:1
2520,stat_starvation,Elk,-1,80,0,48,0,count:1
2520,stat_kill,Sectid,-1,80,0,48,0,count:1
2520,stat_starvation,Elk,-1,80,0,80,0,count:1
2520,stat_starvation,Deer,-1,80,0,112,0,count:1
2520,stat_kill,Elk,-1,80,0,144,0,count:1
2520,stat_birth,Sectid,-1,80,0,208,0,count:1
2520,stat_starvation,Camel,-1,80,0,304,0,count:1
2520,stat_starvation,Camel,-1,80,0,336,0,count:1
2520,stat_starvation,Camel,-1,80,0,368,0,count:1
2520,stat_starvation,Elk,-1,112,0,80,0,count:1
2520,stat_starvation,Sectid,-1,112,0,80,0,count:1
2520,stat_starvation,Deer,-1,112,0,112,0,count:1
2520,stat_starvation,Deer,-1,112,0,144,0,count:1
2520,stat_starvation,Deer,-1,112,0,208,0,count:1
2520,stat_starvation,Camel,-1,112,0,368,0,count:1
2520,stat_starvation,Camel,-1,144,0,304,0,count:1
2520,stat_birth,Sectid,-1,144,0,304,0,count:1
2520,stat_starvation,Camel,-1,144,0,336,0,count:1
2520,stat_starvation,Camel,-1,144,0,368,0,count:1
2520,stat_starvation,Deer,-1,176,0,144,0,count:1
2520,stat_starvation,Sectid,-1,176,0,144,0,count:1
2520,stat_starvation,Elk,-1,176,0,176,0,count:1
2520,stat_starvation,Sectid,-1,176,0,272,0,count:1
2520,stat_starvation,Camel,-1,176,0,304,0,count:1
2520,stat_kill,Sectid,-1,176,0,368,0,count:1
2520,stat_birth,Shroomer,-1,176,0,368,0,count:1
2520,stat_kill,Camel,-1,176,0,400,0,count:1
2520,stat_starvation,Deer,-1,208,0,16,0,count:2
2520,stat_starvation,Deer,-1,208,0,112,0,count:1
2520,stat_kill,Elk,-1,208,0,176,0,count:1
2520,stat_starvation,Sectid,-1,208,0,208,0,count:1
2520,stat_kill,Camel,-1,208,0,368,0,count:1
2520,stat_starvation,Deer,-1,240,0,16,0,count:1
2520,stat_birth,Sectid,-1,240,0,144,0,count:1
2520,stat_birth,Fish,-1,240,0,304,0,count:1
2520,stat_birth,Fish,-1,240,0,336,0,count:1
2520,stat_starvation,Deer,-1,272,0,16,0,count:1
2520,stat_age_death,Fish,-1,272,0,304,0,count:1
2520,stat_birth,Fish,-1,272,0,336,0,count:1
2520,stat_birth,Tapir,-1,272,0,432,0,count:1
2520,stat_starvation,Musk Ox,-1,304,0,48,0,count:1
2520,stat_birth,Fish,-1,304,0,176,0,count:2
2520,stat_birth,Fish,-1,304,0,208,0,count:2
2520,stat_age_death,Fish,-1,304,0,208,0,count:1
2520,stat_birth,Fish,-1,304,0,272,0,count:1
2520,stat_age_death,Fish,-1,304,0,272,0,count:1
2520,stat_birth,Fish,-1,304,0,304,0,count:1
2520,stat_birth,Fish,-1,304,0,336,0,count:1
2520,stat_starvation,Deer,-1,336,0,16,0,count:1
2520,stat_birth,Fish,-1,336,0,176,0,count:1
2520,stat_age_death,Fish,-1,336,0,208,0,count:2
2520,stat_birth,Fish,-1,336,0,240,0,count:2
2520,stat_age_death,Fish,-1,336,0,240,0,count:1
2520,stat_starvation,Musk Ox,-1,368,0,48,0,count:1
2520,stat_starvation,Deer,-1,368,0,48,0,count:1
2520,stat_starvation,Musk Ox,-1,368,0,80,0,count:1
2520,stat_birth,Fish,-1,368,0,176,0,count:4
2520,stat_birth,Fish,-1,368,0,208,0,count:1
2520,stat_birth,Fish,-1,368,0,240,0,count:2
2520,stat_age_death,Fish,-1,400,0,144,0,count:1
2520,stat_birth,Fish,-1,464,0,272,0,count:1
2520,stat_birth,Fish,-1,464,0,336,0,count:1
2520,stat_starvation,Elk,-1,464,0,432,0,count:1
2520,stat_starvation,Elk,-1,464,0,496,0,count:1
2520,stat_kill,Fish,-1,496,0,304,0,count:1
2520,stat_birth,Fish,-1,496,0,336,0,count:1
2520,stat_starvation,Elk,-1,496,0,400,0,count:1
2520,stat_starvation,Elk,-1,496,0,432,0,count:1
2550,stat_starvation,Elk,-1,16,0,16,0,count:1
2550,stat_starvation,Elk,-1,16,0,48,0,count:1
2550,stat_starvation,Elk,-1,48,0,48,0,count:1
2550,stat_starvation,Sectid,-1,48,0,80,0,count:2
2550,stat_starvation,Sectid,-1,48,0,208,0,count:1
2550,stat_birth,Snake,-1,48,0,240,0,count:1
2550,stat_birth,Fish,-1,48,0,272,0,count:7
2550,stat_starvation,Elk,-1,48,0,272,0,count:1
2550,stat_starvation,Camel,-1,48,0,368,0,count:1
2550,stat_starvation,Elk,-1,80,0,16,0,count:1
2550,stat_starvation,Elk,-1,80,0,48,0,count:1
2550,stat_starvation,Deer,-1,80,0,112,0,count:1
2550,stat_starvation,Elk,-1,80,0,112,0,count:1
2550,stat_birth,Sectid,-1,80,0,240,0,count:1
2550,stat_starvation,Elk,-1,80,0,304,0,count:1
2550,stat_starvation,Camel,-1,80,0,304,0,count:1
2550,stat_starvation,Elk,-1,112,0,16,0,count:1
2550,stat_starvation,Elk,-1,112,0,48,0,count:1
2550,stat_starvation,Sectid,-1,112,0,80,0,count:1
2550,stat_starvation,Deer,-1,112,0,112,0,count:1
2550,stat_starvation,Elk,-1,112,0,144,0,count:1
2550,stat_starvation,Sectid,-1,112,0,208,0,count:1
2550,stat_starvation,Camel,-1,112,0,304,0,count:1
2550,stat_starvation,Camel,-1,112,0,336,0,count:1
2550,stat_starvation,Camel,-1,112,0,368,0,count:1
2550,stat_starvation,Camel,-1,144,0,336,0,count:1
2550,stat_kill,Sectid,-1,144,0,400,0,count:1
2550,stat_kill,Elk,-1,176,0,80,0,count:1
2550,stat_starvation,Sectid,-1,176,0,144,0,count:2
2550,stat_birth,Sectid,-1,176,0,176,0,count:1
2550,stat_starvation,Sectid,-1,176,0,176,0,count:1
2550,stat_starvation,Sectid,-1,176,0,208,0,count:1
2550,stat_starvation,Camel,-1,176,0,304,0,count:1
2550,stat_starvation,Deer,-1,208,0,16,0,count:1
2550,stat_kill,Deer,-1,208,0,144,0,count:1
2550,stat_starvation,Musk Ox,-1,240,0,16,0,count:1
2550,stat_birth,Fish,-1,240,0,304,0,count:1
2550,stat_kill,Fish,-1,240,0,304,0,count:1
2550,stat_birth,Fish,-1,240,0,336,0,count:1
2550,stat_birth,Sectid,-1,240,0,336,0,count:1
2550,stat_starvation,Deer,-1,272,0,16,0,count:1
2550,stat_starvation,Deer,-1,272,0,48,0,count:1
2550,stat_starvation,Deer,-1,272,0,144,0,count:1
2550,stat_age_death,Fish,-1,272,0,304,0,count:1
2550,stat_kill,Fish,-1,272,0,304,0,count:1
2550,stat_birth,Fish,-1,272,0,336,0,count:1
2550,stat_birth,Fish,-1,304,0,176,0,count:1
2550,stat_age_death,Fish,-1,304,0,176,0,count:1
2550,stat_birth,Fish,-1,304,0,208,0,count:1
2550,stat_birth,Fish,-1,304,0,272,0,count:1
2550,stat_birth,Fish,-1,304,0,304,0,count:1
2550,stat_age_death,Fish,-1,304,0,304,0,count:1
2550,stat_birth,Fish,-1,304,0,336,0,count:1
2550,stat_starvation,Deer,-1,336,0,48,0,count:1
2550,stat_birth,Fish,-1,336,0,176,0,count:2
2550,stat_age_death,Fish,-1,336,0,176,0,count:1
2550,stat_starvation,Deer,-1,336,0,176,0,count:1
2550,stat_age_death,Fish,-1,336,0,208,0,count:1
2550,stat_birth,Fish,-1,336,0,240,0,count:2
2550,stat_starvation,Deer,-1,368,0,16,0,count:1
2550,stat_starvation,Musk Ox,-1,368,0,80,0,count:1
2550,stat_birth,Fish,-1,368,0,144,0,count:1
2550,stat_birth,Fish,-1,368,0,176,0,count:4
2550,stat_birth,Fish,-1,368,0,208,0,count:2
2550,stat_birth,Fish,-1,368,0,240,0,count:1
2550,stat_birth,Fish,-1,400,0,144,0,count:9
2550,stat_age_death,Fish,-1,400,0,144,0,count:2
2550,stat_birth,Fish,-1,400,0,176,0,count:1
2550,stat_starvation,Elk,-1,432,0,432,0,count:1
2550,stat_birth,Fish,-1,464,0,272,0,count:1
2550,stat_age_death,Fish,-1,464,0,304,0,count:1
2550,stat_birth,Fish,-1,464,0,336,0,count:1
2550,stat_starvation,Elk,-1,464,0,400,0,count:1
2550,stat_starvation,Elk,-1,464,0,464,0,count:1
2550,stat_kill,Fish,-1,496,0,304,0,count:1
2550,stat_birth,Fish,-1,496,0,336,0,count:1
2580,stat_starvation,Elk,-1,16,0,48,0,count:1
2580,stat_kill,Musk Ox,-1,16,0,80,0,count:1
2580,stat_starvation,Elk,-1,48,0,16,0,count:2
2580,stat_starvation,Sectid,-1,48,0,80,0,count:1
2580,stat_starvation,Elk,-1,48,0,80,0,count:1
2580,stat_starvation,Elk,-1,48,0,112,0,count:1
2580,stat_birth,Deer,-1,48,0,208,0,count:1
2580,stat_starvation,Wolf,-1,48,0,208,0,count:1
2580,stat_starvation,Elk,-1,48,0,240,0,count:1
2580,stat_birth,Fish,-1,48,0,272,0,count:6
2580,stat_kill,Fish,-1,48,0,272,0,count:1
2580,stat_starvation,Camel,-1,80,0,304,0,count:1
2580,stat_starvation,Camel,-1,80,0,336,0,count:1
2580,stat_starvation,Camel,-1,80,0,368,0,count:2
2580,stat_starvation,Elk,-1,112,0,16,0,count:1
2580,stat_starvation,Deer,-1,112,0,48,0,count:1
2580,stat_starvation,Sectid,-1,112,0,80,0,count:1
2580,stat_starvation,Elk,-1,112,0,144,0,count:1
2580,stat_starvation,Elk,-1,112,0,304,0,count:1
2580,stat_starvation,Camel,-1,112,0,336,0,count:1
2580,stat_starvation,Elk,-1,144,0,48,0,count:1
2580,stat_starvation,Camel,-1,144,0,304,0,count:1
2580,stat_starvation,Camel,-1,144,0,368,0,count:1
2580,stat_birth,Sectid,-1,144,0,432,0,count:1
2580,stat_starvation,Camel,-1,176,0,304,0,count:1
2580,stat_birth,Sectid,-1,240,0,80,0,count:1
2580,stat_kill,Elk,-1,240,0,112,0,count:1
2580,stat_birth,Fish,-1,240,0,304,0,count:1
2580,stat_birth,Fish,-1,240,0,336,0,count:1
2580,stat_kill,Fish,-1,240,0,336,0,count:1
2580,stat_birth,Sectid,-1,240,0,336,0,count:1
2580,stat_birth,Shroomer,-1,240,0,464,0,count:1
2580,stat_age_death,Fish,-1,272,0,304,0,count:1
2580,stat_kill,Fish,-1,272,0,304,0,count:1
2580,stat_birth,Fish,-1,272,0,336,0,count:1
2580,stat_starvation,Deer,-1,304,0,48,0,count:1
2580,stat_starvation,Musk Ox,-1,304,0,80,0,count:1
2580,stat_starvation,Deer,-1,304,0,176,0,count:1
2580,stat_birth,Fish,-1,304,0,176,0,count:2
2580,stat_starvation,Deer,-1,304,0,208,0,count:1
2580,stat_birth,Fish,-1,304,0,208,0,count:2
2580,stat_birth,Shroomer,-1,304,0,272,0,count:1
2580,stat_birth,Fish,-1,304,0,272,0,count:1
2580,stat_birth,Fish,-1,304,0,304,0,count:1
2580,stat_birth,Fish,-1,304,0,336,0,count:1
2580,stat_age_death,Fish,-1,304,0,336,0,count:1
2580,stat_starvation,Deer,-1,336,0,48,0,count:1
2580,stat_birth,Fish,-1,336,0,176,0,count:2
2580,stat_age_death,Fish,-1,336,0,208,0,count:2
2580,stat_birth,Fish,-1,336,0,240,0,count:1
2580,stat_starvation,Musk Ox,-1,368,0,80,0,count:1
2580,stat_birth,Fish,-1,368,0,112,0,count:1
2580,stat_age_death,Fish,-1,368,0,144,0,count:1
2580,stat_birth,Fish,-1,368,0,176,0,count:4
2580,stat_birth,Fish,-1,368,0,208,0,count:2
2580,stat_birth,Fish,-1,368,0,240,0,count:2
2580,stat_birth,Fish,-1,400,0,112,0,count:1
2580,stat_birth,Fish,-1,400,0,144,0,count:9
2580,stat_age_death,Fish,-1,400,0,144,0,count:1
2580,stat_birth,Snake,-1,400,0,176,0,count:1
2580,stat_birth,Fish,-1,432,0,112,0,count:1
2580,stat_birth,Fish,-1,432,0,144,0,count:1
2580,stat_birth,Fish,-1,432,0,176,0,count:1
2580,stat_birth,Fish,-1,464,0,272,0,count:1
2580,stat_birth,Fish,-1,464,0,336,0,count:1
2580,stat_starvation,Elk,-1,464,0,400,0,count:1
2580,stat_starvation,Elk,-1,464,0,432,0,count:1
2580,stat_birth,Fish,-1,496,0,304,0,count:2
2580,stat_birth,Scorpion,-1,496,0,304,0,count:1
2580,stat_birth,Fish,-1,496,0,336,0,count:1
2580,stat_starvation,Elk,-1,496,0,496,0,count:1
2610,stat_kill,Elk,-1,16,0,80,0,count:1
2610,stat_starvation,Sectid,-1,16,0,144,0,count:1
2610,stat_starvation,Elk,-1,48,0,48,0,count:1
2610,stat_birth,Sectid,-1,48,0,80,0,count:1
2610,stat_birth,Fish,-1,48,0,272,0,count:7
2610,stat_kill,Fish,-1,48,0,272,0,count:1
2610,stat_starvation,Elk,-1,80,0,336,0,count:1
2610,stat_starvation,Deer,-1,112,0,80,0,count:1
2610,stat_starvation,Elk,-1,112,0,176,0,count:1
2610,stat_birth,Sectid,-1,112,0,208,0,count:1
2610,stat_starvation,Camel,-1,112,0,368,0,count:1
2610,stat_starvation,Elk,-1,144,0,112,0,count:1
2610,stat_starvation,Elk,-1,144,0,144,0,count:1
2610,stat_starvation,Camel,-1,144,0,336,0,count:1
2610,stat_starvation,Camel,-1,144,0,368,0,count:1
2610,stat_kill,Deer,-1,176,0,48,0,count:1
2610,stat_starvation,Sectid,-1,176,0,144,0,count:1
2610,stat_starvation,Deer,-1,176,0,176,0,count:1
2610,stat_starvation,Sectid,-1,176,0,176,0,count:1
2610,stat_starvation,Camel,-1,176,0,336,0,count:1
2610,stat_starvation,Deer,-1,208,0,48,0,count:1
2610,stat_kill,Deer,-1,208,0,176,0,count:1
2610,stat_starvation,Sectid,-1,208,0,272,0,count:1
2610,stat_kill,Deer,-1,240,0,144,0,count:1
2610,stat_birth,Fish,-1,240,0,304,0,count:1
2610,stat_birth,Sectid,-1,240,0,304,0,count:1
2610,stat_birth,Fish,-1,240,0,336,0,count:1
2610,stat_starvation,Deer,-1,272,0,16,0,count:1
2610,stat_starvation,Deer,-1,272,0,48,0,count:1
2610,stat_starvation,Deer,-1,272,0,144,0,count:1
2610,stat_age_death,Fish,-1,272,0,304,0,count:1
2610,stat_kill,Fish,-1,272,0,304,0,count:1
2610,stat_birth,Fish,-1,272,0,336,0,count:2
2610,stat_starvation,Deer,-1,304,0,144,0,count:1
2610,stat_starvation,Deer,-1,304,0,176,0,count:1
2610,stat_birth,Fish,-1,304,0,176,0,count:2
2610,stat_starvation,Deer,-1,304,0,208,0,count:1
2610,stat_birth,Fish,-1,304,0,208,0,count:2
2610,stat_birth,Snake,-1,304,0,272,0,count:1
2610,stat_birth,Fish,-1,304,0,272,0,count:2
2610,stat_birth,Fish,-1,304,0,304,0,count:2
2610,stat_birth,Fish,-1,304,0,336,0,count:2
2610,stat_starvation,Deer,-1,336,0,16,0,count:1
2610,stat_birth,Fish,-1,336,0,176,0,count:2
2610,stat_age_death,Fish,-1,336,0,208,0,count:1
2610,stat_starvation,Deer,-1,336,0,208,0,count:1
2610,stat_birth,Fish,-1,336,0,240,0,count:2
2610,stat_starvation,Deer,-1,336,0,240,0,count:1
2610,stat_starvation,Musk Ox,-1,368,0,80,0,count:1
2610,stat_birth,Fish,-1,368,0,176,0,count:4
2610,stat_birth,Fish,-1,368,0,208,0,count:2
2610,stat_birth,Fish,-1,368,0,240,0,count:2
2610,stat_birth,Fish,-1,400,0,144,0,count:9
2610,stat_age_death,Fish,-1,400,0,144,0,count:2
2610,stat_birth,Fish,-1,464,0,272,0,count:1
2610,stat_birth,Fish,-1,464,0,336,0,count:1
2610,stat_birth,Fish,-1,496,0,304,0,count:1
2610,stat_kill,Fish,-1,496,0,304,0,count:1
2610,stat_birth,Fish,-1,496,0,336,0,count:1
2640,stat_starvation,Sectid,-1,16,0,176,0,count:1
2640,stat_starvation,Elk,-1,48,0,16,0,count:1
2640,stat_starvation,Elk,-1,48,0,48,0,count:1
2640,stat_starvation,Sectid,-1,48,0,80,0,count:2
2640,stat_starvation,Elk,-1,48,0,80,0,count:1
2640,stat_kill,Elk,-1,48,0,144,0,count:1
2640,stat_age_death,Sectid,-1,48,0,176,0,count:1
2640,stat_starvation,Sectid,-1,48,0,208,0,count:1
2640,stat_birth,Fish,-1,48,0,272,0,count:7
2640,stat_birth,Arctic Fox,-1,48,0,304,0,count:1
2640,stat_starvation,Elk,-1,48,0,368,0,count:1
2640,stat_starvation,Camel,-1,48,0,368,0,count:1
2640,stat_starvation,Elk,-1,80,0,48,0,count:1
2640,stat_starvation,Elk,-1,80,0,112,0,count:1
2640,stat_starvation,Elk,-1,80,0,144,0,count:1
2640,stat_starvation,Deer,-1,80,0,176,0,count:1
2640,stat_starvation,Sectid,-1,80,0,208,0,count:1
2640,stat_starvation,Elk,-1,80,0,304,0,count:1
2640,stat_starvation,Camel,-1,80,0,304,0,count:1
2640,stat_starvation,Camel,-1,80,0,368,0,count:1
2640,stat_starvation,Elk,-1,112,0,16,0,count:1
2640,stat_starvation,Elk,-1,112,0,48,0,count:1
2640,stat_starvation,Sectid,-1,112,0,48,0,count:1
2640,stat_starvation,Elk,-1,112,0,80,0,count:1
2640,stat_starvation,Sectid,-1,112,0,80,0,count:1
2640,stat_starvation,Elk,-1,112,0,112,0,count:1
2640,stat_starvation,Deer,-1,112,0,144,0,count:1
2640,stat_starvation,Elk,-1,112,0,176,0,count:1
2640,stat_starvation,Sectid,-1,112,0,208,0,count:1
2640,stat_starvation,Camel,-1,112,0,304,0,count:1
2640,stat_starvation,Elk,-1,112,0,304,0,count:1
2640,stat_starvation,Camel,-1,112,0,336,0,count:1
2640,stat_starvation,Elk,-1,112,0,336,0,count:1
2640,stat_starvation,Camel,-1,112,0,368,0,count:1
2640,stat_starvation,Deer,-1,144,0,48,0,count:1
2640,stat_starvation,Elk,-1,144,0,48,0,count:1
2640,stat_starvation,Elk,-1,144,0,80,0,count:1
2640,stat_starvation,Camel,-1,144,0,368,0,count:1
2640,stat_starvation,Sectid,-1,176,0,144,0,count:1
2640,stat_starvation,Elk,-1,176,0,144,0,count:1
2640,stat_starvation,Camel,-1,176,0,304,0,count:1
2640,stat_kill,Camel,-1,176,0,368,0,count:1
2640,stat_starvation,Deer,-1,208,0,16,0,count:1
2640,stat_starvation,Deer,-1,240,0,16,0,count:1
2640,stat_starvation,Deer,-1,240,0,48,0,count:1
2640,stat_birth,Fish,-1,240,0,304,0,count:2
2640,stat_kill,Fish,-1,240,0,304,0,count:1
2640,stat_birth,Fish,-1,240,0,336,0,count:2
2640,stat_kill,Fish,-1,240,0,336,0,count:1
2640,stat_birth,Sectid,-1,240,0,336,0,count:1
2640,stat_starvation,Musk Ox,-1,272,0,48,0,count:1
2640,stat_starvation,Deer,-1,272,0,112,0,count:1
2640,stat_age_death,Fish,-1,272,0,304,0,count:1
2640,stat_birth,Fish,-1,272,0,336,0,count:1
2640,stat_starvation,Deer,-1,304,0,176,0,count:1
2640,stat_birth,Fish,-1,304,0,176,0,count:2
2640,stat_starvation,Deer,-1,304,0,208,0,count:2
2640,stat_birth,Fish,-1,304,0,208,0,count:2
2640,stat_birth,Fish,-1,304,0,272,0,count:1
2640,stat_birth,Fish,-1,304,0,304,0,count:1
2640,stat_birth,Fish,-1,304,0,336,0,count:1
2640,stat_birth,Fish,-1,336,0,176,0,count:2
2640,stat_starvation,Deer,-1,336,0,176,0,count:1
2640,stat_birth,Fish,-1,336,0,208,0,count:11
2640,stat_age_death,Fish,-1,336,0,208,0,count:2
2640,stat_birth,Fish,-1,336,0,240,0,count:2
2640,stat_starvation,Deer,-1,368,0,16,0,count:1
2640,stat_birth,Fish,-1,368,0,144,0,count:1
2640,stat_starvation,Deer,-1,368,0,144,0,count:1
2640,stat_birth,Fish,-1,368,0,176,0,count:5
2640,stat_age_death,Fish,-1,368,0,176,0,count:1
2640,stat_birth,Fish,-1,368,0,208,0,count:2
2640,stat_birth,Fish,-1,368,0,240,0,count:2
2640,stat_starvation,Musk Ox,-1,400,0,48,0,count:1
2640,stat_birth,Fish,-1,400,0,144,0,count:10
2640,stat_age_death,Fish,-1,400,0,144,0,count:1
2640,stat_birth,Fish,-1,400,0,176,0,count:1
2640,stat_birth,Fish,-1,432,0,112,0,count:1
2640,stat_birth,Fish,-1,432,0,144,0,count:1
2640,stat_age_death,Fish,-1,432,0,144,0,count:1
2640,stat_birth,Fish,-1,432,0,176,0,count:1
2640,stat_birth,Fish,-1,464,0,272,0,count:1
2640,stat_birth,Shroomer,-1,464,0,304,0,count:1
2640,stat_birth,Fish,-1,464,0,336,0,count:1
2640,stat_starvation,Elk,-1,464,0,400,0,count:1
2640,stat_birth,Fish,-1,496,0,304,0,count:2
2640,stat_kill,Fish,-1,496,0,304,0,count:1
2640,stat_birth,Fish,-1,496,0,336,0,count:1
2640,stat_starvation,Elk,-1,496,0,400,0,count:1
2670,stat_starvation,Elk,-1,16,0,16,0,count:1
2670,stat_starvation,Elk,-1,16,0,48,0,count:1
2670,stat_starvation,Sectid,-1,16,0,144,0,count:1
2670,stat_starvation,Sectid,-1,16,0,208,0,count:1
2670,stat_starvation,Sectid,-1,48,0,80,0,count:1
2670,stat_kill,Shroomer,-1,48,0,80,0,count:1
2670,stat_birth,Fish,-1,48,0,272,0,count:7
2670,stat_kill,Fish,-1,48,0,272,0,count:1
2670,stat_starvation,Elk,-1,48,0,272,0,count:1
2670,stat_starvation,Elk,-1,48,0,304,0,count:1
2670,stat_kill,Deer,-1,80,0,112,0,count:1
2670,stat_starvation,Deer,-1,80,0,144,0,count:1
2670,stat_starvation,Elk,-1,80,0,144,0,count:1
2670,stat_starvation,Elk,-1,80,0,304,0,count:1
2670,stat_starvation,Camel,-1,80,0,368,0,count:1
2670,stat_starvation,Elk,-1,112,0,16,0,count:1
2670,stat_starvation,Sectid,-1,112,0,48,0,count:1
2670,stat_starvation,Sectid,-1,112,0,80,0,count:1
2670,stat_kill,Deer,-1,112,0,112,0,count:1
2670,stat_starvation,Elk,-1,112,0,144,0,count:1
2670,stat_starvation,Deer,-1,112,0,176,0,count:1
2670,stat_starvation,Elk,-1,112,0,176,0,count:1
2670,stat_starvation,Sectid,-1,112,0,208,0,count:1
2670,stat_starvation,Elk,-1,112,0,336,0,count:1
2670,stat_starvation,Camel,-1,112,0,368,0,count:1
2670,stat_starvation,Deer,-1,144,0,112,0,count:1
2670,stat_starvation,Elk,-1,144,0,144,0,count:1
2670,stat_starvation,Camel,-1,144,0,304,0,count:1
2670,stat_starvation,Camel,-1,144,0,368,0,count:2
2670,stat_starvation,Elk,-1,176,0,112,0,count:1
2670,stat_starvation,Deer,-1,176,0,144,0,count:1
2670,stat_starvation,Sectid,-1,176,0,144,0,count:1
2670,stat_starvation,Sectid,-1,176,0,176,0,count:1
2670,stat_starvation,Sectid,-1,176,0,272,0,count:1
2670,stat_starvation,Deer,-1,208,0,80,0,count:1
2670,stat_kill,Camel,-1,208,0,400,0,count:1
2670,stat_starvation,Deer,-1,240,0,48,0,count:1
2670,stat_birth,Sectid,-1,240,0,80,0,count:1
2670,stat_birth,Fish,-1,240,0,304,0,count:1
2670,stat_birth,Sectid,-1,240,0,304,0,count:1
2670,stat_birth,Fish,-1,240,0,336,0,count:1
2670,stat_starvation,Musk Ox,-1,272,0,48,0,count:1
2670,stat_starvation,Deer,-1,272,0,112,0,count:1
2670,stat_starvation,Deer,-1,272,0,176,0,count:1
2670,stat_age_death,Fish,-1,272,0,304,0,count:1
2670,stat_kill,Fish,-1,272,0,304,0,count:1
2670,stat_birth,Fish,-1,272,0,336,0,count:2
2670,stat_kill,Fish,-1,272,0,336,0,count:1
2670,stat_birth,Sectid,-1,272,0,336,0,count:1
2670,stat_starvation,Deer,-1,304,0,112,0,count:1
2670,stat_starvation,Deer,-1,304,0,176,0,count:1
2670,stat_birth,Fish,-1,304,0,176,0,count:2
2670,stat_starvation,Deer,-1,304,0,208,0,count:1
2670,stat_birth,Fish,-1,304,0,208,0,count:2
2670,stat_birth,Fish,-1,304,0,272,0,count:2
2670,stat_birth,Fish,-1,304,0,304,0,count:2
2670,stat_birth,Fish,-1,304,0,336,0,count:2
2670,stat_birth,Fish,-1,336,0,176,0,count:3
2670,stat_birth,Fish,-1,336,0,208,0,count:12
2670,stat_age_death,Fish,-1,336,0,208,0,count:1
2670,stat_birth,Fish,-1,336,0,240,0,count:3
2670,stat_starvation,Musk Ox,-1,368,0,48,0,count:1
2670,stat_starvation,Musk Ox,-1,368,0,80,0,count:1
2670,stat_birth,Arctic Fox,-1,368,0,112,0,count:1
2670,stat_birth,Fish,-1,368,0,112,0,count:1
2670,stat_birth,Fish,-1,368,0,144,0,count:1
2670,stat_starvation,Deer,-1,368,0,144,0,count:2
2670,stat_birth,Fish,-1,368,0,176,0,count:6
2670,stat_starvation,Deer,-1,368,0,176,0,count:1
2670,stat_birth,Fish,-1,368,0,208,0,count:2
2670,stat_birth,Fish,-1,368,0,240,0,count:2
2670,stat_birth,Fish,-1,400,0,144,0,count:9
2670,stat_age_death,Fish,-1,400,0,144,0,count:2
2670,stat_birth,Fish,-1,400,0,176,0,count:1
2670,stat_birth,Fish,-1,432,0,112,0,count:1
2670,stat_birth,Fish,-1,432,0,144,0,count:1
2670,stat_birth,Fish,-1,432,0,176,0,count:1
2670,stat_starvation,Elk,-1,432,0,464,0,count:1
2670,stat_birth,Fish,-1,464,0,272,0,count:1
2670,stat_age_death,Fish,-1,464,0,304,0,count:1
2670,stat_birth,Fish,-1,464,0,336,0,count:1
2670,stat_birth,Fish,-1,496,0,304,0,count:2
2670,stat_birth,Fish,-1,496,0,336,0,count:1
2700,stat_starvation,Elk,-1,16,0,80,0,count:1
2700,stat_starvation,Elk,-1,48,0,16,0,count:1
2700,stat_starvation,Elk,-1,48,0,48,0,count:1
2700,stat_starvation,Sectid,-1,48,0,80,0,count:1
2700,stat_starvation,Elk,-1,48,0,112,0,count:1
2700,stat_kill,Deer,-1,48,0,144,0,count:1
2700,stat_birth,Sectid,-1,48,0,208,0,count:1
2700,stat_starvation,Elk,-1,48,0,240,0,count:1
2700,stat_birth,Fish,-1,48,0,272,0,count:8
2700,stat_age_death,Fish,-1,48,0,272,0,count:1
2700,stat_starvation,Elk,-1,48,0,304,0,count:1
2700,stat_starvation,Elk,-1,48,0,336,0,count:1
2700,stat_starvation,Camel,-1,48,0,368,0,count:1
2700,stat_starvation,Shark,-1,80,0,48,0,count:1
2700,stat_starvation,Deer,-1,80,0,144,0,count:1
2700,stat_birth,Turtle,-1,80,0,144,0,count:1
2700,stat_starvation,Elk,-1,80,0,144,0,count:2
2700,stat_starvation,Deer,-1,80,0,176,0,count:1
2700,stat_kill,Elk,-1,80,0,176,0,count:1
2700,stat_birth,Sectid,-1,80,0,240,0,count:1
2700,stat_starvation,Elk,-1,80,0,272,0,count:1
2700,stat_starvation,Elk,-1,80,0,336,0,count:1
2700,stat_starvation,Elk,-1,112,0,16,0,count:1
2700,stat_starvation,Sectid,-1,112,0,48,0,count:1
2700,stat_starvation,Elk,-1,112,0,112,0,count:1
2700,stat_starvation,Deer,-1,112,0,144,0,count:1
2700,stat_starvation,Elk,-1,112,0,176,0,count:1
2700,stat_starvation,Elk,-1,112,0,336,0,count:1
2700,stat_kill,Camel,-1,112,0,400,0,count:1
2700,stat_starvation,Elk,-1,144,0,112,0,count:1
2700,stat_starvation,Camel,-1,144,0,368,0,count:1
2700,stat_birth,Sectid,-1,176,0,144,0,count:1
2700,stat_starvation,Sectid,-1,176,0,208,0,count:1
2700,stat_starvation,Camel,-1,176,0,304,0,count:1
2700,stat_starvation,Camel,-1,176,0,400,0,count:1
2700,stat_starvation,Deer,-1,208,0,144,0,count:1
2700,stat_birth,Sectid,-1,208,0,272,0,count:1
2700,stat_starvation,Sectid,-1,208,0,272,0,count:1
2700,stat_starvation,Deer,-1,240,0,80,0,count:1
2700,stat_kill,Deer,-1,240,0,176,0,count:1
2700,stat_birth,Fish,-1,240,0,304,0,count:2
2700,stat_kill,Fish,-1,240,0,304,0,count:1
2700,stat_birth,Fish,-1,240,0,336,0,count:2
2700,stat_kill,Fish,-1,240,0,336,0,count:1
2700,stat_birth,Sectid,-1,240,0,336,0,count:1
2700,stat_starvation,Musk Ox,-1,272,0,48,0,count:1
2700,stat_starvation,Deer,-1,272,0,144,0,count:1
2700,stat_starvation,Deer,-1,272,0,176,0,count:1
2700,stat_birth,Fish,-1,272,0,304,0,count:10
2700,stat_age_death,Fish,-1,272,0,304,0,count:1
2700,stat_kill,Fish,-1,272,0,304,0,count:1
2700,stat_birth,Fish,-1,272,0,336,0,count:2
2700,stat_birth,Sectid,-1,272,0,368,0,count:1
2700,stat_starvation,Musk Ox,-1,304,0,48,0,count:1
2700,stat_starvation,Deer,-1,304,0,80,0,count:1
2700,stat_starvation,Deer,-1,304,0,112,0,count:1
2700,stat_starvation,Deer,-1,304,0,144,0,count:1
2700,stat_birth,Fish,-1,304,0,176,0,count:3
2700,stat_birth,Fish,-1,304,0,208,0,count:3
2700,stat_birth,Fish,-1,304,0,272,0,count:2
2700,stat_birth,Fish,-1,304,0,304,0,count:2
2700,stat_birth,Fish,-1,304,0,336,0,count:2
2700,stat_birth,Fish,-1,336,0,176,0,count:2
2700,stat_starvation,Deer,-1,336,0,176,0,count:1
2700,stat_birth,Fish,-1,336,0,208,0,count:11
2700,stat_age_death,Fish,-1,336,0,208,0,count:2
2700,stat_birth,Fish,-1,336,0,240,0,count:2
2700,stat_kill,Deer,-1,368,0,80,0,count:1
2700,stat_birth,Fish,-1,368,0,112,0,count:1
2700,stat_kill,Fish,-1,368,0,112,0,count:1
2700,stat_birth,Fish,-1,368,0,144,0,count:1
2700,stat_birth,Fish,-1,368,0,176,0,count:5
2700,stat_birth,Fish,-1,368,0,208,0,count:3
2700,stat_birth,Fish,-1,368,0,240,0,count:2
2700,stat_birth,Arctic Fox,-1,400,0,112,0,count:1
2700,stat_kill,Fish,-1,400,0,112,0,count:1
2700,stat_birth,Fish,-1,400,0,144,0,count:9
2700,stat_age_death,Fish,-1,400,0,144,0,count:1
2700,stat_starvation,Deer,-1,400,0,144,0,count:1
2700,stat_birth,Fish,-1,400,0,176,0,count:1
2700,stat_birth,Fish,-1,432,0,112,0,count:1
2700,stat_age_death,Fish,-1,432,0,112,0,count:1
2700,stat_birth,Fish,-1,432,0,144,0,count:1
2700,stat_birth,Fish,-1,432,0,176,0,count:1
2700,stat_age_death,Fish,-1,432,0,176,0,count:1
2700,stat_birth,Fish,-1,464,0,272,0,count:2
2700,stat_birth,Fish,-1,464,0,336,0,count:2
2700,stat_kill,Fish,-1,496,0,304,0,count:1
2700,stat_birth,Fish,-1,496,0,336,0,count:2
2730,stat_starvation,Elk,-1,16,0,80,0,count:1
2730,stat_starvation,Sectid,-1,16,0,176,0,count:1
2730,stat_starvation,Sectid,-1,48,0,80,0,count:1
2730,stat_starvation,Elk,-1,48,0,80,0,count:1
2730,stat_starvation,Sectid,-1,48,0,208,0,count:1
2730,stat_birth,Fish,-1,48,0,272,0,count:8
2730,stat_starvation,Elk,-1,48,0,336,0,count:1
2730,stat_starvation,Elk,-1,48,0,400,0,count:1
2730,stat_starvation,Camel,-1,48,0,400,0,count:1
2730,stat_kill,Elk,-1,80,0,16,0,count:1
2730,stat_starvation,Deer,-1,80,0,80,0,count:1
2730,stat_starvation,Deer,-1,80,0,144,0,count:1
2730,stat_starvation,Elk,-1,80,0,144,0,count:1
2730,stat_starvation,Deer,-1,80,0,176,0,count:1
2730,stat_starvation,Elk,-1,80,0,272,0,count:1
2730,stat_birth,Shroomer,-1,80,0,368,0,count:1
2730,stat_starvation,Camel,-1,80,0,368,0,count:1
2730,stat_starvation,Elk,-1,112,0,48,0,count:1
2730,stat_starvation,Sectid,-1,112,0,48,0,count:1
2730,stat_starvation,Elk,-1,112,0,80,0,count:1
2730,stat_starvation,Sectid,-1,112,0,80,0,count:1
2730,stat_starvation,Elk,-1,112,0,112,0,count:1
2730,stat_starvation,Deer,-1,112,0,144,0,count:1
2730,stat_starvation,Elk,-1,112,0,144,0,count:1
2730,stat_starvation,Elk,-1,112,0,176,0,count:1
2730,stat_starvation,Deer,-1,112,0,208,0,count:1
2730,stat_starvation,Sectid,-1,112,0,208,0,count:1
2730,stat_birth,Sectid,-1,112,0,304,0,count:1
2730,stat_starvation,Camel,-1,112,0,336,0,count:1
2730,stat_starvation,Elk,-1,112,0,336,0,count:1
2730,stat_starvation,Camel,-1,112,0,368,0,count:1
2730,stat_kill,Turtle,-1,144,0,16,0,count:1
2730,stat_starvation,Sectid,-1,144,0,80,0,count:1
2730,stat_starvation,Deer,-1,144,0,112,0,count:1
2730,stat_starvation,Elk,-1,144,0,144,0,count:1
2730,stat_starvation,Camel,-1,144,0,336,0,count:1
2730,stat_starvation,Camel,-1,144,0,368,0,count:1
2730,stat_kill,Deer,-1,176,0,80,0,count:1
2730,stat_starvation,Deer,-1,176,0,112,0,count:1
2730,stat_starvation,Sectid,-1,176,0,144,0,count:1
2730,stat_starvation,Elk,-1,176,0,176,0,count:1
2730,stat_birth,Sectid,-1,176,0,176,0,count:1
2730,stat_starvation,Sectid,-1,176,0,176,0,count:1
2730,stat_birth,Sectid,-1,176,0,272,0,count:1
2730,stat_starvation,Camel,-1,176,0,336,0,count:1
2730,stat_kill,Shroomer,-1,176,0,368,0,count:1
2730,stat_starvation,Camel,-1,176,0,400,0,count:1
2730,stat_starvation,Deer,-1,208,0,144,0,count:2
2730,stat_birth,Fish,-1,240,0,304,0,count:2
2730,stat_birth,Sectid,-1,240,0,304,0,count:1
2730,stat_birth,Fish,-1,240,0,336,0,count:2
2730,stat_kill,Fish,-1,240,0,336,0,count:1
2730,stat_birth,Sectid,-1,240,0,336,0,count:1
2730,stat_starvation,Deer,-1,272,0,112,0,count:1
2730,stat_birth,Fish,-1,272,0,304,0,count:9
2730,stat_age_death,Fish,-1,272,0,304,0,count:1
2730,stat_kill,Fish,-1,272,0,304,0,count:1
2730,stat_birth,Fish,-1,272,0,336,0,count:2
2730,stat_kill,Fish,-1,272,0,336,0,count:1
2730,stat_starvation,Musk Ox,-1,304,0,16,0,count:1
2730,stat_starvation,Musk Ox,-1,304,0,48,0,count:1
2730,stat_starvation,Deer,-1,304,0,80,0,count:2
2730,stat_starvation,Deer,-1,304,0,112,0,count:1
2730,stat_birth,Fish,-1,304,0,176,0,count:2
2730,stat_birth,Fish,-1,304,0,208,0,count:2
2730,stat_birth,Fish,-1,304,0,272,0,count:2
2730,stat_birth,Fish,-1,304,0,304,0,count:2
2730,stat_birth,Fish,-1,304,0,336,0,count:2
2730,stat_starvation,Musk Ox,-1,336,0,16,0,count:1
2730,stat_kill,Deer,-1,336,0,80,0,count:1
2730,stat_birth,Fish,-1,336,0,176,0,count:3
2730,stat_birth,Fish,-1,336,0,208,0,count:12
2730,stat_age_death,Fish,-1,336,0,208,0,count:1
2730,stat_birth,Fish,-1,336,0,240,0,count:3
2730,stat_birth,Sectid,-1,336,0,304,0,count:1
2730,stat_birth,Fish,-1,368,0,112,0,count:2
2730,stat_birth,Fish,-1,368,0,144,0,count:2
2730,stat_starvation,Deer,-1,368,0,144,0,count:1
2730,stat_starvation,Elk,-1,368,0,176,0,count:1
2730,stat_birth,Fish,-1,368,0,176,0,count:7
2730,stat_age_death,Fish,-1,368,0,176,0,count:1
2730,stat_birth,Fish,-1,368,0,208,0,count:3
2730,stat_age_death,Fish,-1,368,0,208,0,count:1
2730,stat_birth,Fish,-1,368,0,240,0,count:3
2730,stat_birth,Fish,-1,400,0,144,0,count:10
2730,stat_age_death,Fish,-1,400,0,144,0,count:2
2730,stat_birth,Fish,-1,400,0,176,0,count:2
2730,stat_kill,Deer,-1,400,0,464,0,count:1
2730,stat_birth,Fish,-1,432,0,112,0,count:1
2730,stat_birth,Fish,-1,432,0,144,0,count:1
2730,stat_birth,Fish,-1,432,0,176,0,count:1
2730,stat_birth,Fish,-1,464,0,272,0,count:1
2730,stat_age_death,Fish,-1,464,0,272,0,count:1
2730,stat_birth,Fish,-1,464,0,336,0,count:1
2730,stat_kill,Fish,-1,496,0,304,0,count:1
2730,stat_birth,Scorpion,-1,496,0,304,0,count:1
2730,stat_birth,Fish,-1,496,0,336,0,count:1
2760,stat_starvation,Elk,-1,16,0,16,0,count:1
2760,stat_starvation,Elk,-1,16,0,48,0,count:1
2760,stat_starvation,Elk,-1,16,0,80,0,count:1
2760,stat_starvation,Elk,-1,48,0,48,0,count:1
2760,stat_starvation,Sectid,-1,48,0,80,0,count:1
2760,stat_starvation,Elk,-1,48,0,112,0,count:1
2760,stat_kill,Deer,-1,48,0,176,0,count:1
2760,stat_birth,Fish,-1,48,0,272,0,count:9
2760,stat_kill,Fish,-1,48,0,272,0,count:1
2760,stat_starvation,Elk,-1,48,0,272,0,count:1
2760,stat_starvation,Elk,-1,48,0,304,0,count:1
2760,stat_starvation,Elk,-1,48,0,368,0,count:1
2760,stat_starvation,Camel,-1,48,0,368,0,count:1
2760,stat_starvation,Elk,-1,80,0,80,0,count:1
2760,stat_kill,Fish,-1,80,0,272,0,count:1
2760,stat_starvation,Elk,-1,80,0,272,0,count:1
2760,stat_starvation,Elk,-1,80,0,304,0,count:1
2760,stat_starvation,Camel,-1,80,0,304,0,count:1
2760,stat_starvation,Elk,-1,80,0,336,0,count:1
2760,stat_starvation,Elk,-1,80,0,368,0,count:1
2760,stat_birth,Sectid,-1,80,0,368,0,count:1
2760,stat_starvation,Sectid,-1,112,0,48,0,count:1
2760,stat_birth,Sectid,-1,112,0,80,0,count:1
2760,stat_starvation,Sectid,-1,112,0,80,0,count:1
2760,stat_starvation,Elk,-1,112,0,144,0,count:1
2760,stat_starvation,Elk,-1,112,0,176,0,count:1
2760,stat_starvation,Elk,-1,112,0,208,0,count:1
2760,stat_starvation,Camel,-1,112,0,304,0,count:1
2760,stat_starvation,Elk,-1,112,0,368,0,count:1
2760,stat_starvation,Elk,-1,144,0,80,0,count:1
2760,stat_starvation,Sectid,-1,144,0,80,0,count:1
2760,stat_starvation,Deer,-1,144,0,144,0,count:1
2760,stat_kill,Deer,-1,144,0,176,0,count:1
2760,stat_age_death,Sectid,-1,144,0,176,0,count:1
2760,stat_starvation,Camel,-1,144,0,368,0,count:1
2760,stat_starvation,Deer,-1,176,0,112,0,count:1
2760,stat_starvation,Sectid,-1,176,0,144,0,count:1
2760,stat_starvation,Elk,-1,176,0,144,0,count:1
2760,stat_starvation,Deer,-1,176,0,176,0,count:1
2760,stat_starvation,Sectid,-1,176,0,176,0,count:1
2760,stat_starvation,Camel,-1,176,0,304,0,count:1
2760,stat_starvation,Camel,-1,176,0,336,0,count:1
2760,stat_starvation,Camel,-1,176,0,400,0,count:2
2760,stat_starvation,Deer,-1,208,0,48,0,count:1
2760,stat_starvation,Deer,-1,208,0,144,0,count:1
2760,stat_starvation,Sectid,-1,208,0,272,0,count:1
2760,stat_starvation,Deer,-1,240,0,80,0,count:1
2760,stat_starvation,Deer,-1,240,0,144,0,count:1
2760,stat_birth,Fish,-1,240,0,304,0,count:2
2760,stat_kill,Fish,-1,240,0,304,0,count:1
2760,stat_birth,Fish,-1,240,0,336,0,count:1
2760,stat_starvation,Musk Ox,-1,272,0,16,0,count:1
2760,stat_starvation,Musk Ox,-1,272,0,48,0,count:1
2760,stat_starvation,Deer,-1,272,0,176,0,count:1
2760,stat_birth,Fish,-1,272,0,304,0,count:10
2760,stat_age_death,Fish,-1,272,0,304,0,count:2
2760,stat_kill,Fish,-1,272,0,304,0,count:1
2760,stat_birth,Sectid,-1,272,0,304,0,count:1
2760,stat_birth,Fish,-1,272,0,336,0,count:2
2760,stat_birth,Sectid,-1,272,0,336,0,count:1
2760,stat_starvation,Musk Ox,-1,304,0,16,0,count:1
2760,stat_starvation,Musk Ox,-1,304,0,48,0,count:1
2760,stat_starvation,Deer,-1,304,0,144,0,count:1
2760,stat_birth,Fish,-1,304,0,176,0,count:3
2760,stat_starvation,Deer,-1,304,0,208,0,count:1
2760,stat_birth,Fish,-1,304,0,208,0,count:3
2760,stat_age_death,Fish,-1,304,0,208,0,count:1
2760,stat_birth,Fish,-1,304,0,272,0,count:2
2760,stat_age_death,Fish,-1,304,0,272,0,count:1
2760,stat_birth,Fish,-1,304,0,304,0,count:3
2760,stat_birth,Fish,-1,304,0,336,0,count:2
2760,stat_birth,Fish,-1,336,0,176,0,count:3
2760,stat_birth,Fish,-1,336,0,208,0,count:12
2760,stat_age_death,Fish,-1,336,0,208,0,count:2
2760,stat_birth,Fish,-1,336,0,240,0,count:3
2760,stat_birth,Fish,-1,368,0,112,0,count:1
2760,stat_birth,Fish,-1,368,0,144,0,count:1
2760,stat_birth,Fish,-1,368,0,176,0,count:6
2760,stat_starvation,Deer,-1,368,0,176,0,count:1
2760,stat_birth,Fish,-1,368,0,208,0,count:3
2760,stat_birth,Fish,-1,368,0,240,0,count:3
2760,stat_age_death,Fish,-1,368,0,240,0,count:1
2760,stat_age_death,Fish,-1,400,0,144,0,count:1
2760,stat_birth,Fish,-1,400,0,176,0,count:1
2760,stat_kill,Fish,-1,400,0,176,0,count:1
2760,stat_birth,Fish,-1,432,0,112,0,count:1
2760,stat_birth,Fish,-1,432,0,144,0,count:2
2760,stat_birth,Fish,-1,432,0,176,0,count:1
2760,stat_birth,Fish,-1,464,0,272,0,count:2
2760,stat_birth,Fish,-1,464,0,336,0,count:2
2760,stat_age_death,Fish,-1,464,0,336,0,count:1
2760,stat_birth,Fish,-1,496,0,336,0,count:2
2760,stat_age_death,Fish,-1,496,0,336,0,count:1
2760,stat_starvation,Elk,-1,496,0,368,0,count:1
2790,stat_birth,Musk Ox,-1,16,0,112,0,count:1
2790,stat_starvation,Elk,-1,48,0,80,0,count:1
2790,stat_starvation,Elk,-1,48,0,112,0,count:1
2790,stat_starvation,Sectid,-1,48,0,208,0,count:1
2790,stat_starvation,Elk,-1,48,0,240,0,count:1
2790,stat_birth,Fish,-1,48,0,272,0,count:9
2790,stat_kill,Fish,-1,48,0,272,0,count:1
2790,stat_birth,Arctic Fox,-1,48,0,304,0,count:1
2790,stat_starvation,Elk,-1,48,0,336,0,count:1
2790,stat_starvation,Camel,-1,48,0,400,0,count:1
2790,stat_kill,Monkey,-1,80,0,16,0,count:1
2790,stat_starvation,Elk,-1,80,0,48,0,count:1
2790,stat_starvation,Deer,-1,80,0,80,0,count:1
2790,stat_starvation,Deer,-1,80,0,144,0,count:1
2790,stat_starvation,Elk,-1,80,0,144,0,count:1
2790,stat_starvation,Deer,-1,80,0,176,0,count:1
2790,stat_starvation,Elk,-1,80,0,272,0,count:1
2790,stat_starvation,Camel,-1,80,0,336,0,count:1
2790,stat_starvation,Elk,-1,80,0,336,0,count:1
2790,stat_birth,Sectid,-1,80,0,336,0,count:1
2790,stat_starvation,Elk,-1,80,0,368,0,count:1
2790,stat_birth,Sectid,-1,80,0,400,0,count:1
2790,stat_starvation,Sectid,-1,112,0,48,0,count:1
2790,stat_starvation,Sectid,-1,112,0,80,0,count:1
2790,stat_starvation,Elk,-1,112,0,112,0,count:1
2790,stat_starvation,Deer,-1,112,0,144,0,count:1
2790,stat_starvation,Deer,-1,112,0,176,0,count:1
2790,stat_starvation,Sectid,-1,112,0,208,0,count:2
2790,stat_starvation,Elk,-1,112,0,208,0,count:1
2790,stat_starvation,Elk,-1,112,0,304,0,count:1
2790,stat_starvation,Elk,-1,112,0,336,0,count:1
2790,stat_starvation,Camel,-1,112,0,368,0,count:1
2790,stat_birth,Sectid,-1,112,0,432,0,count:1
2790,stat_starvation,Musk Ox,-1,144,0,16,0,count:1
2790,stat_starvation,Elk,-1,144,0,48,0,count:1
2790,stat_starvation,Sectid,-1,144,0,80,0,count:1
2790,stat_starvation,Deer,-1,144,0,112,0,count:1
2790,stat_starvation,Elk,-1,144,0,112,0,count:1
2790,stat_starvation,Camel,-1,144,0,368,0,count:1
2790,stat_starvation,Elk,-1,176,0,112,0,count:1
2790,stat_starvation,Deer,-1,176,0,144,0,count:1
2790,stat_starvation,Sectid,-1,176,0,144,0,count:1
2790,stat_starvation,Sectid,-1,176,0,272,0,count:1
2790,stat_starvation,Camel,-1,176,0,336,0,count:1
2790,stat_starvation,Camel,-1,176,0,400,0,count:1
2790,stat_birth,Sectid,-1,208,0,16,0,count:1
2790,stat_starvation,Deer,-1,208,0,80,0,count:1
2790,stat_birth,Turtle,-1,208,0,176,0,count:1
2790,stat_kill,Shroomer,-1,208,0,336,0,count:1
2790,stat_starvation,Musk Ox,-1,240,0,48,0,count:1
2790,stat_birth,Sectid,-1,240,0,48,0,count:1
2790,stat_starvation,Deer,-1,240,0,80,0,count:1
2790,stat_birth,Fish,-1,240,0,304,0,count:2
2790,stat_kill,Fish,-1,240,0,304,0,count:1
2790,stat_birth,Sectid,-1,240,0,304,0,count:1
2790,stat_birth,Fish,-1,240,0,336,0,count:2
2790,stat_kill,Fish,-1,240,0,336,0,count:1
2790,stat_birth,Sectid,-1,240,0,336,0,count:1
2790,stat_birth,Polar Bear,-1,272,0,16,0,count:1
2790,stat_starvation,Deer,-1,272,0,80,0,count:1
2790,stat_starvation,Deer,-1,272,0,144,0,count:1
2790,stat_starvation,Deer,-1,272,0,176,0,count:1
2790,stat_birth,Fish,-1,272,0,304,0,count:10
2790,stat_age_death,Fish,-1,272,0,304,0,count:1
2790,stat_kill,Fish,-1,272,0,304,0,count:1
2790,stat_starvation,Elk,-1,272,0,304,0,count:1
2790,stat_kill,Frog,-1,272,0,336,0,count:1
2790,stat_birth,Fish,-1,272,0,336,0,count:3
2790,stat_kill,Fish,-1,272,0,336,0,count:1
2790,stat_birth,Arctic Fox,-1,304,0,48,0,count:1
2790,stat_starvation,Deer,-1,304,0,80,0,count:1
2790,stat_starvation,Deer,-1,304,0,112,0,count:1
2790,stat_birth,Fish,-1,304,0,176,0,count:3
2790,stat_age_death,Fish,-1,304,0,176,0,count:1
2790,stat_birth,Fish,-1,304,0,208,0,count:3
2790,stat_birth,Fish,-1,304,0,272,0,count:3
2790,stat_birth,Fish,-1,304,0,304,0,count:2
2790,stat_age_death,Fish,-1,304,0,304,0,count:1
2790,stat_birth,Fish,-1,304,0,336,0,count:3
2790,stat_kill,Fish,-1,304,0,336,0,count:1
2790,stat_starvation,Deer,-1,336,0,112,0,count:1
2790,stat_starvation,Elk,-1,336,0,176,0,count:1
2790,stat_birth,Fish,-1,336,0,176,0,count:4
2790,stat_age_death,Fish,-1,336,0,176,0,count:1
2790,stat_birth,Fish,-1,336,0,208,0,count:12
2790,stat_age_death,Fish,-1,336,0,208,0,count:1
2790,stat_birth,Fish,-1,336,0,240,0,count:3
2790,stat_age_death,Fish,-1,336,0,240,0,count:1
2790,stat_starvation,Deer,-1,368,0,48,0,count:1
2790,stat_birth,Crocodile,-1,368,0,112,0,count:1
2790,stat_birth,Fish,-1,368,0,112,0,count:1
2790,stat_birth,Fish,-1,368,0,144,0,count:2
2790,stat_birth,Fish,-1,368,0,176,0,count:7
2790,stat_birth,Fish,-1,368,0,208,0,count:3
2790,stat_birth,Fish,-1,368,0,240,0,count:3
2790,stat_age_death,Fish,-1,400,0,144,0,count:2
2790,stat_birth,Snake,-1,400,0,176,0,count:1
2790,stat_birth,Fish,-1,400,0,176,0,count:2
2790,stat_birth,Fish,-1,432,0,112,0,count:2
2790,stat_birth,Fish,-1,432,0,144,0,count:1
2790,stat_birth,Fish,-1,432,0,176,0,count:2
2790,stat_birth,Fish,-1,464,0,272,0,count:1
2790,stat_birth,Fish,-1,464,0,336,0,count:1
2790,stat_starvation,Elk,-1,464,0,464,0,count:1
2790,stat_starvation,Elk,-1,464,0,496,0,count:1
2790,stat_kill,Fish,-1,496,0,304,0,count:1
2790,stat_birth,Fish,-1,496,0,336,0,count:1
2790,stat_starvation,Elk,-1,496,0,432,0,count:1
2820,stat_starvation,Elk,-1,16,0,80,0,count:1
2820,stat_kill,Musk Ox,-1,16,0,112,0,count:1
2820,stat_starvation,Sectid,-1,16,0,176,0,count:1
2820,stat_starvation,Elk,-1,16,0,304,0,count:1
2820,stat_starvation,Sectid,-1,48,0,80,0,count:1
2820,stat_starvation,Elk,-1,48,0,80,0,count:1
2820,stat_birth,Fish,-1,48,0,272,0,count:9
2820,stat_kill,Fish,-1,48,0,272,0,count:1
2820,stat_starvation,Elk,-1,48,0,336,0,count:1
2820,stat_starvation,Elk,-1,80,0,80,0,count:1
2820,stat_starvation,Elk,-1,80,0,144,0,count:1
2820,stat_starvation,Elk,-1,80,0,176,0,count:1
2820,stat_starvation,Elk,-1,80,0,336,0,count:1
2820,stat_starvation,Elk,-1,112,0,48,0,count:1
2820,stat_starvation,Deer,-1,112,0,80,0,count:1
2820,stat_starvation,Sectid,-1,112,0,80,0,count:1
2820,stat_starvation,Elk,-1,112,0,144,0,count:1
2820,stat_starvation,Elk,-1,112,0,176,0,count:1
2820,stat_starvation,Camel,-1,112,0,304,0,count:1
2820,stat_starvation,Camel,-1,112,0,368,0,count:1
2820,stat_starvation,Deer,-1,144,0,80,0,count:1
2820,stat_starvation,Elk,-1,144,0,80,0,count:1
2820,stat_starvation,Sectid,-1,144,0,80,0,count:1
2820,stat_starvation,Sectid,-1,144,0,112,0,count:1
2820,stat_kill,Shroomer,-1,144,0,208,0,count:1
2820,stat_kill,Deer,-1,144,0,208,0,count:1
2820,stat_starvation,Camel,-1,144,0,336,0,count:1
2820,stat_kill,Camel,-1,144,0,400,0,count:1
2820,stat_starvation,Sectid,-1,176,0,144,0,count:1
2820,stat_starvation,Elk,-1,176,0,144,0,count:1
2820,stat_starvation,Sectid,-1,176,0,176,0,count:1
2820,stat_starvation,Sectid,-1,176,0,208,0,count:1
2820,stat_starvation,Camel,-1,176,0,304,0,count:1
2820,stat_starvation,Camel,-1,176,0,400,0,count:1
2820,stat_starvation,Deer,-1,208,0,112,0,count:1
2820,stat_starvation,Deer,-1,208,0,144,0,count:1
2820,stat_birth,Sectid,-1,208,0,272,0,count:1
2820,stat_kill,Camel,-1,208,0,304,0,count:1
2820,stat_starvation,Musk Ox,-1,240,0,48,0,count:1
2820,stat_kill,Sectid,-1,240,0,80,0,count:1
2820,stat_starvation,Deer,-1,240,0,144,0,count:2
2820,stat_birth,Fish,-1,240,0,304,0,count:2
2820,stat_birth,Sectid,-1,240,0,304,0,count:1
2820,stat_birth,Fish,-1,240,0,336,0,count:2
2820,stat_kill,Fish,-1,240,0,336,0,count:1
2820,stat_birth,Sectid,-1,240,0,336,0,count:1
2820,stat_starvation,Deer,-1,272,0,48,0,count:1
2820,stat_starvation,Deer,-1,272,0,80,0,count:1
2820,stat_starvation,Deer,-1,272,0,112,0,count:1
2820,stat_birth,Fish,-1,272,0,304,0,count:10
2820,stat_age_death,Fish,-1,272,0,304,0,count:1
2820,stat_kill,Fish,-1,272,0,304,0,count:2
2820,stat_birth,Fish,-1,272,0,336,0,count:2
2820,stat_birth,Sectid,-1,272,0,368,0,count:1
2820,stat_starvation,Musk Ox,-1,304,0,16,0,count:1
2820,stat_starvation,Musk Ox,-1,304,0,48,0,count:1
2820,stat_starvation,Deer,-1,304,0,176,0,count:1
2820,stat_birth,Fish,-1,304,0,176,0,count:4
2820,stat_birth,Fish,-1,304,0,208,0,count:4
2820,stat_birth,Fish,-1,304,0,272,0,count:2
2820,stat_birth,Fish,-1,304,0,304,0,count:3
2820,stat_birth,Fish,-1,304,0,336,0,count:2
2820,stat_starvation,Musk Ox,-1,336,0,48,0,count:1
2820,stat_birth,Fish,-1,336,0,176,0,count:3
2820,stat_age_death,Fish,-1,336,0,208,0,count:2
2820,stat_birth,Fish,-1,336,0,240,0,count:4
2820,stat_birth,Fish,-1,368,0,112,0,count:2
2820,stat_birth,Fish,-1,368,0,144,0,count:2
2820,stat_birth,Fish,-1,368,0,176,0,count:8
2820,stat_age_death,Fish,-1,368,0,176,0,count:1
2820,stat_birth,Fish,-1,368,0,208,0,count:4
2820,stat_birth,Fish,-1,368,0,240,0,count:3
2820,stat_birth,Musk Ox,-1,400,0,80,0,count:1
2820,stat_age_death,Fish,-1,400,0,144,0,count:1
2820,stat_kill,Fish,-1,400,0,144,0,count:1
2820,stat_starvation,Deer,-1,400,0,144,0,count:1
2820,stat_birth,Fish,-1,400,0,176,0,count:2
2820,stat_birth,Fish,-1,432,0,112,0,count:2
2820,stat_birth,Fish,-1,432,0,144,0,count:2
2820,stat_birth,Fish,-1,432,0,176,0,count:2
2820,stat_birth,Fish,-1,464,0,272,0,count:2
2820,stat_age_death,Fish,-1,464,0,304,0,count:1
2820,stat_birth,Fish,-1,464,0,336,0,count:2
2820,stat_kill,Fish,-1,496,0,304,0,count:1
2820,stat_birth,Fish,-1,496,0,336,0,count:2
2820,stat_starvation,Elk,-1,496,0,400,0,count:1
2850,stat_starvation,Elk,-1,16,0,80,0,count:1
2850,stat_starvation,Sectid,-1,16,0,208,0,count:1
2850,stat_starvation,Sectid,-1,48,0,80,0,count:1
2850,stat_starvation,Sectid,-1,48,0,208,0,count:1
2850,stat_birth,Fish,-1,48,0,272,0,count:10
2850,stat_kill,Fish,-1,48,0,272,0,count:1
2850,stat_starvation,Elk,-1,48,0,272,0,count:1
2850,stat_starvation,Elk,-1,48,0,304,0,count:1
2850,stat_starvation,Elk,-1,48,0,336,0,count:1
2850,stat_starvation,Elk,-1,48,0,368,0,count:1
2850,stat_starvation,Camel,-1,48,0,368,0,count:1
2850,stat_starvation,Elk,-1,80,0,176,0,count:1
2850,stat_starvation,Elk,-1,80,0,368,0,count:1
2850,stat_kill,Elk,-1,112,0,16,0,count:1
2850,stat_starvation,Sectid,-1,112,0,48,0,count:1
2850,stat_starvation,Elk,-1,112,0,80,0,count:1
2850,stat_starvation,Deer,-1,112,0,176,0,count:1
2850,stat_starvation,Sectid,-1,112,0,208,0,count:1
2850,stat_starvation,Camel,-1,112,0,368,0,count:1
2850,stat_starvation,Deer,-1,144,0,48,0,count:1
2850,stat_starvation,Sectid,-1,144,0,80,0,count:2
2850,stat_starvation,Sectid,-1,144,0,112,0,count:1
2850,stat_birth,Sectid,-1,144,0,272,0,count:1
2850,stat_kill,Deer,-1,144,0,304,0,count:1
2850,stat_starvation,Camel,-1,144,0,336,0,count:1
2850,stat_starvation,Camel,-1,144,0,368,0,count:1
2850,stat_kill,Shroomer,-1,144,0,400,0,count:1
2850,stat_starvation,Deer,-1,176,0,112,0,count:1
2850,stat_starvation,Elk,-1,176,0,112,0,count:1
2850,stat_starvation,Sectid,-1,176,0,144,0,count:1
2850,stat_starvation,Sectid,-1,176,0,176,0,count:1
2850,stat_starvation,Sectid,-1,176,0,272,0,count:1
2850,stat_starvation,Camel,-1,176,0,304,0,count:1
2850,stat_starvation,Camel,-1,176,0,368,0,count:1
2850,stat_starvation,Elk,-1,208,0,80,0,count:1
2850,stat_starvation,Deer,-1,208,0,80,0,count:1
2850,stat_starvation,Deer,-1,208,0,112,0,count:1
2850,stat_starvation,Sectid,-1,208,0,208,0,count:1
2850,stat_starvation,Sectid,-1,208,0,272,0,count:1
2850,stat_kill,Camel,-1,208,0,336,0,count:1
2850,stat_starvation,Musk Ox,-1,240,0,48,0,count:1
2850,stat_kill,Shroomer,-1,240,0,80,0,count:1
2850,stat_starvation,Deer,-1,240,0,80,0,count:1
2850,stat_starvation,Deer,-1,240,0,112,0,count:1
2850,stat_birth,Fish,-1,240,0,304,0,count:3
2850,stat_kill,Fish,-1,240,0,304,0,count:1
2850,stat_birth,Sectid,-1,240,0,304,0,count:1
2850,stat_birth,Fish,-1,240,0,336,0,count:3
2850,stat_kill,Fish,-1,240,0,336,0,count:1
2850,stat_birth,Sectid,-1,240,0,336,0,count:1
2850,stat_starvation,Musk Ox,-1,272,0,16,0,count:1
2850,stat_starvation,Deer,-1,272,0,48,0,count:1
2850,stat_starvation,Musk Ox,-1,272,0,48,0,count:1
2850,stat_starvation,Deer,-1,272,0,80,0,count:1
2850,stat_birth,Sectid,-1,272,0,112,0,count:1
2850,stat_starvation,Deer,-1,272,0,144,0,count:1
2850,stat_birth,Fish,-1,272,0,304,0,count:10
2850,stat_age_death,Fish,-1,272,0,304,0,count:1
2850,stat_kill,Fish,-1,272,0,304,0,count:1
2850,stat_birth,Sectid,-1,272,0,304,0,count:1
2850,stat_birth,Fish,-1,272,0,336,0,count:3
2850,stat_kill,Fish,-1,272,0,336,0,count:1
2850,stat_birth,Sectid,-1,272,0,336,0,count:1
2850,stat_starvation,Deer,-1,304,0,48,0,count:1
2850,stat_starvation,Deer,-1,304,0,80,0,count:1
2850,stat_birth,Fish,-1,304,0,176,0,count:3
2850,stat_birth,Fish,-1,304,0,208,0,count:3
2850,stat_birth,Fish,-1,304,0,272,0,count:3
2850,stat_birth,Fish,-1,304,0,304,0,count:3
2850,stat_birth,Fish,-1,304,0,336,0,count:3
2850,stat_starvation,Deer,-1,336,0,112,0,count:1
2850,stat_birth,Fish,-1,336,0,176,0,count:4
2850,stat_age_death,Fish,-1,336,0,208,0,count:1
2850,stat_starvation,Deer,-1,336,0,208,0,count:1
2850,stat_birth,Fish,-1,336,0,240,0,count:4
2850,stat_starvation,Musk Ox,-1,368,0,48,0,count:1
2850,stat_birth,Fish,-1,368,0,112,0,count:1
2850,stat_kill,Fish,-1,368,0,112,0,count:1
2850,stat_birth,Fish,-1,368,0,144,0,count:2
2850,stat_age_death,Fish,-1,368,0,144,0,count:1
2850,stat_birth,Fish,-1,368,0,176,0,count:8
2850,stat_birth,Fish,-1,368,0,208,0,count:3
2850,stat_birth,Fish,-1,368,0,240,0,count:4
2850,stat_starvation,Musk Ox,-1,400,0,16,0,count:1
2850,stat_age_death,Fish,-1,400,0,144,0,count:1
2850,stat_birth,Fish,-1,400,0,176,0,count:2
2850,stat_birth,Fish,-1,432,0,112,0,count:1
2850,stat_birth,Fish,-1,432,0,144,0,count:2
2850,stat_birth,Fish,-1,432,0,176,0,count:1
2850,stat_birth,Fish,-1,464,0,272,0,count:2
2850,stat_birth,Fish,-1,464,0,336,0,count:2
2850,stat_starvation,Elk,-1,464,0,432,0,count:1
2850,stat_starvation,Elk,-1,464,0,464,0,count:1
2850,stat_birth,Scorpion,-1,496,0,304,0,count:1
2850,stat_birth,Fish,-1,496,0,336,0,count:2
2850,stat_starvation,Elk,-1,496,0,432,0,count:1
2880,stat_kill,Elk,-1,16,0,112,0,count:1
2880,stat_birth,Sectid,-1,16,0,176,0,count:1
2880,stat_starvation,Elk,-1,16,0,272,0,count:1
2880,stat_starvation,Elk,-1,16,0,304,0,count:1
2880,stat_starvation,Elk,-1,48,0,48,0,count:1
2880,stat_starvation,Deer,-1,48,0,80,0,count:1
2880,stat_starvation,Elk,-1,48,0,112,0,count:1
2880,stat_birth,Sectid,-1,48,0,208,0,count:1
2880,stat_birth,Fish,-1,48,0,272,0,count:10
2880,stat_kill,Fish,-1,48,0,272,0,count:1
2880,stat_starvation,Elk,-1,80,0,80,0,count:1
2880,stat_starvation,Elk,-1,80,0,112,0,count:1
2880,stat_kill,Deer,-1,80,0,144,0,count:1
2880,stat_starvation,Elk,-1,80,0,144,0,count:1
2880,stat_birth,Turtle,-1,80,0,176,0,count:1
2880,stat_kill,Turtle,-1,80,0,176,0,count:1
2880,stat_starvation,Deer,-1,80,0,176,0,count:1
2880,stat_starvation,Elk,-1,80,0,176,0,count:1
2880,stat_birth,Sectid,-1,80,0,240,0,count:1
2880,stat_kill,Lizard,-1,80,0,272,0,count:1
2880,stat_starvation,Elk,-1,80,0,272,0,count:1
2880,stat_starvation,Camel,-1,80,0,336,0,count:1
2880,stat_starvation,Camel,-1,80,0,368,0,count:1
2880,stat_starvation,Camel,-1,80,0,400,0,count:1
2880,stat_starvation,Sectid,-1,112,0,80,0,count:1
2880,stat_starvation,Deer,-1,112,0,112,0,count:1
2880,stat_birth,Sectid,-1,112,0,208,0,count:1
2880,stat_starvation,Sectid,-1,112,0,208,0,count:1
2880,stat_starvation,Elk,-1,112,0,208,0,count:1
2880,stat_birth,Sectid,-1,112,0,272,0,count:1
2880,stat_starvation,Camel,-1,112,0,304,0,count:1
2880,stat_starvation,Elk,-1,112,0,336,0,count:1
2880,stat_starvation,Camel,-1,112,0,368,0,count:1
2880,stat_starvation,Elk,-1,112,0,368,0,count:1
2880,stat_starvation,Musk Ox,-1,144,0,16,0,count:1
2880,stat_starvation,Deer,-1,144,0,80,0,count:1
2880,stat_starvation,Sectid,-1,144,0,80,0,count:1
2880,stat_starvation,Sectid,-1,144,0,112,0,count:2
2880,stat_starvation,Deer,-1,144,0,144,0,count:1
2880,stat_starvation,Elk,-1,144,0,144,0,count:1
2880,stat_kill,Elk,-1,144,0,176,0,count:1
2880,stat_starvation,Camel,-1,144,0,304,0,count:1
2880,stat_kill,Deer,-1,176,0,16,0,count:1
2880,stat_starvation,Elk,-1,176,0,112,0,count:1
2880,stat_starvation,Sectid,-1,176,0,144,0,count:1
2880,stat_starvation,Elk,-1,176,0,176,0,count:1
2880,stat_starvation,Sectid,-1,176,0,240,0,count:1
2880,stat_starvation,Camel,-1,176,0,304,0,count:1
2880,stat_starvation,Camel,-1,176,0,400,0,count:1
2880,stat_starvation,Deer,-1,208,0,48,0,count:1
2880,stat_starvation,Deer,-1,208,0,112,0,count:1
2880,stat_starvation,Sectid,-1,208,0,272,0,count:1
2880,stat_kill,Sectid,-1,208,0,336,0,count:1
2880,stat_kill,Camel,-1,208,0,368,0,count:1
2880,stat_kill,Deer,-1,240,0,48,0,count:1
2880,stat_starvation,Musk Ox,-1,240,0,48,0,count:1
2880,stat_starvation,Deer,-1,240,0,144,0,count:1
2880,stat_birth,Fish,-1,240,0,304,0,count:2
2880,stat_kill,Fish,-1,240,0,304,0,count:1
2880,stat_birth,Sectid,-1,240,0,304,0,count:1
2880,stat_birth,Fish,-1,240,0,336,0,count:2
2880,stat_kill,Fish,-1,240,0,336,0,count:1
2880,stat_birth,Sectid,-1,240,0,336,0,count:1
2880,stat_starvation,Deer,-1,272,0,80,0,count:1
2880,stat_birth,Sectid,-1,272,0,144,0,count:1
2880,stat_birth,Fish,-1,272,0,304,0,count:10
2880,stat_age_death,Fish,-1,272,0,304,0,count:2
2880,stat_kill,Fish,-1,272,0,304,0,count:2
2880,stat_birth,Fish,-1,272,0,336,0,count:3
2880,stat_kill,Fish,-1,272,0,336,0,count:1
2880,stat_starvation,Musk Ox,-1,304,0,48,0,count:1
2880,stat_birth,Fish,-1,304,0,176,0,count:4
2880,stat_birth,Fish,-1,304,0,272,0,count:3
2880,stat_birth,Fish,-1,304,0,304,0,count:3
2880,stat_kill,Fish,-1,304,0,304,0,count:1
2880,stat_birth,Fish,-1,304,0,336,0,count:3
2880,stat_kill,Fish,-1,304,0,336,0,count:1
2880,stat_starvation,Musk Ox,-1,336,0,16,0,count:1
2880,stat_starvation,Musk Ox,-1,336,0,48,0,count:1
2880,stat_birth,Fish,-1,336,0,176,0,count:5
2880,stat_starvation,Deer,-1,336,0,176,0,count:1
2880,stat_age_death,Fish,-1,336,0,208,0,count:2
2880,stat_birth,Fish,-1,336,0,240,0,count:4
2880,stat_birth,Sectid,-1,336,0,304,0,count:1
2880,stat_birth,Fish,-1,368,0,112,0,count:2
2880,stat_birth,Fish,-1,368,0,144,0,count:2
2880,stat_starvation,Deer,-1,368,0,144,0,count:1
2880,stat_birth,Fish,-1,368,0,176,0,count:8
2880,stat_age_death,Fish,-1,368,0,176,0,count:1
2880,stat_birth,Fish,-1,368,0,208,0,count:5
2880,stat_age_death,Fish,-1,368,0,208,0,count:1
2880,stat_birth,Fish,-1,368,0,240,0,count:4
2880,stat_birth,Elk,-1,400,0,112,0,count:1
2880,stat_age_death,Fish,-1,400,0,144,0,count:1
2880,stat_kill,Fish,-1,400,0,144,0,count:1
2880,stat_starvation,Elk,-1,400,0,144,0,count:1
2880,stat_birth,Fish,-1,400,0,176,0,count:2
2880,stat_birth,Fish,-1,432,0,112,0,count:2
2880,stat_birth,Fish,-1,432,0,144,0,count:2
2880,stat_birth,Fish,-1,432,0,176,0,count:2
2880,stat_birth,Fish,-1,464,0,272,0,count:2
2880,stat_birth,Fish,-1,464,0,336,0,count:2
2880,stat_starvation,Elk,-1,464,0,432,0,count:1
2880,stat_kill,Fish,-1,496,0,304,0,count:1
2880,stat_birth,Fish,-1,496,0,336,0,count:2
2880,stat_starvation,Elk,-1,496,0,464,0,count:1
2910,stat_starvation,Sectid,-1,16,0,176,0,count:1
2910,stat_starvation,Sectid,-1,48,0,80,0,count:1
2910,stat_starvation,Elk,-1,48,0,80,0,count:1
2910,stat_starvation,Elk,-1,48,0,112,0,count:1
2910,stat_starvation,Deer,-1,48,0,144,0,count:1
2910,stat_kill,Deer,-1,48,0,208,0,count:1
2910,stat_starvation,Sectid,-1,48,0,208,0,count:1
2910,stat_birth,Sectid,-1,48,0,240,0,count:1
2910,stat_birth,Fish,-1,48,0,272,0,count:11
2910,stat_kill,Fish,-1,48,0,272,0,count:1
2910,stat_kill,Frog,-1,48,0,304,0,count:1
2910,stat_birth,Arctic Fox,-1,48,0,304,0,count:1
2910,stat_starvation,Camel,-1,48,0,368,0,count:1
2910,stat_starvation,Camel,-1,48,0,400,0,count:1
2910,stat_starvation,Elk,-1,80,0,48,0,count:1
2910,stat_kill,Shroomer,-1,80,0,80,0,count:1
2910,stat_starvation,Elk,-1,80,0,112,0,count:1
2910,stat_kill,Turtle,-1,80,0,144,0,count:1
2910,stat_starvation,Elk,-1,80,0,176,0,count:1
2910,stat_starvation,Camel,-1,80,0,336,0,count:2
2910,stat_starvation,Elk,-1,80,0,336,0,count:1
2910,stat_starvation,Camel,-1,80,0,368,0,count:1
2910,stat_starvation,Elk,-1,112,0,48,0,count:1
2910,stat_starvation,Sectid,-1,112,0,48,0,count:1
2910,stat_starvation,Sectid,-1,112,0,80,0,count:1
2910,stat_starvation,Sectid,-1,112,0,208,0,count:1
2910,stat_starvation,Deer,-1,144,0,80,0,count:1
2910,stat_starvation,Sectid,-1,144,0,80,0,count:1
2910,stat_starvation,Elk,-1,144,0,112,0,count:1
2910,stat_starvation,Sectid,-1,144,0,112,0,count:1
2910,stat_starvation,Camel,-1,144,0,304,0,count:1
2910,stat_starvation,Camel,-1,144,0,336,0,count:1
2910,stat_starvation,Camel,-1,144,0,368,0,count:1
2910,stat_starvation,Sectid,-1,176,0,144,0,count:1
2910,stat_starvation,Deer,-1,176,0,176,0,count:1
2910,stat_starvation,Sectid,-1,176,0,176,0,count:1
2910,stat_starvation,Sectid,-1,176,0,208,0,count:1
2910,stat_starvation,Camel,-1,176,0,304,0,count:1
2910,stat_starvation,Camel,-1,176,0,336,0,count:1
2910,stat_kill,Sectid,-1,176,0,368,0,count:1
2910,stat_starvation,Camel,-1,176,0,368,0,count:1
2910,stat_birth,Monkey,-1,176,0,368,0,count:1
2910,stat_kill,Monkey,-1,176,0,368,0,count:1
2910,stat_starvation,Camel,-1,176,0,400,0,count:1
2910,stat_kill,Deer,-1,208,0,16,0,count:1
2910,stat_starvation,Deer,-1,208,0,48,0,count:1
2910,stat_starvation,Elk,-1,208,0,80,0,count:1
2910,stat_starvation,Deer,-1,208,0,144,0,count:1
2910,stat_starvation,Musk Ox,-1,240,0,48,0,count:1
2910,stat_starvation,Deer,-1,240,0,112,0,count:1
2910,stat_starvation,Deer,-1,240,0,176,0,count:1
2910,stat_birth,Fish,-1,240,0,304,0,count:3
2910,stat_kill,Fish,-1,240,0,304,0,count:1
2910,stat_birth,Sectid,-1,240,0,304,0,count:1
2910,stat_birth,Fish,-1,240,0,336,0,count:3
2910,stat_kill,Fish,-1,240,0,336,0,count:1
2910,stat_birth,Sectid,-1,240,0,336,0,count:1
2910,stat_starvation,Deer,-1,272,0,48,0,count:1
2910,stat_starvation,Musk Ox,-1,272,0,48,0,count:1
2910,stat_birth,Fish,-1,272,0,304,0,count:10
2910,stat_age_death,Fish,-1,272,0,304,0,count:1
2910,stat_kill,Fish,-1,272,0,304,0,count:2
2910,stat_kill,Lizard,-1,272,0,336,0,count:1
2910,stat_birth,Fish,-1,272,0,336,0,count:3
2910,stat_birth,Sectid,-1,272,0,336,0,count:1
2910,stat_starvation,Deer,-1,304,0,48,0,count:1
2910,stat_birth,Fish,-1,304,0,176,0,count:4
2910,stat_age_death,Fish,-1,304,0,176,0,count:1
2910,stat_age_death,Fish,-1,304,0,208,0,count:1
2910,stat_birth,Fish,-1,304,0,272,0,count:3
2910,stat_age_death,Fish,-1,304,0,272,0,count:1
2910,stat_starvation,Elk,-1,304,0,304,0,count:1
2910,stat_birth,Fish,-1,304,0,304,0,count:3
2910,stat_birth,Fish,-1,304,0,336,0,count:3
2910,stat_starvation,Musk Ox,-1,336,0,16,0,count:1
2910,stat_starvation,Musk Ox,-1,336,0,48,0,count:1
2910,stat_birth,Fish,-1,336,0,176,0,count:4
2910,stat_age_death,Fish,-1,336,0,208,0,count:1
2910,stat_birth,Fish,-1,336,0,240,0,count:4
2910,stat_birth,Arctic Fox,-1,368,0,112,0,count:1
2910,stat_birth,Fish,-1,368,0,112,0,count:2
2910,stat_birth,Fish,-1,368,0,144,0,count:2
2910,stat_birth,Fish,-1,368,0,176,0,count:9
2910,stat_birth,Fish,-1,368,0,208,0,count:4
2910,stat_birth,Fish,-1,368,0,240,0,count:4
2910,stat_age_death,Fish,-1,368,0,240,0,count:1
2910,stat_kill,Fish,-1,400,0,112,0,count:1
2910,stat_age_death,Fish,-1,400,0,144,0,count:1
2910,stat_birth,Fish,-1,400,0,176,0,count:2
2910,stat_kill,Fish,-1,400,0,176,0,count:1
2910,stat_birth,Fish,-1,432,0,144,0,count:2
2910,stat_age_death,Fish,-1,432,0,144,0,count:1
2910,stat_birth,Fish,-1,432,0,176,0,count:2
2910,stat_birth,Deer,-1,432,0,400,0,count:1
2910,stat_birth,Fish,-1,464,0,272,0,count:2
2910,stat_age_death,Fish,-1,464,0,272,0,count:1
2910,stat_birth,Fish,-1,464,0,336,0,count:2
2910,stat_starvation,Elk,-1,464,0,432,0,count:1
2910,stat_starvation,Elk,-1,464,0,464,0,count:1
2910,stat_kill,Fish,-1,496,0,272,0,count:1
2910,stat_kill,Fish,-1,496,0,304,0,count:1
2910,stat_birth,Fish,-1,496,0,336,0,count:2
2910,stat_starvation,Elk,-1,496,0,432,0,count:1
2940,stat_starvation,Elk,-1,16,0,272,0,count:1
2940,stat_starvation,Sectid,-1,48,0,80,0,count:1
2940,stat_starvation,Deer,-1,48,0,144,0,count:1
2940,stat_birth,Fish,-1,48,0,272,0,count:12
2940,stat_kill,Fish,-1,48,0,272,0,count:1
2940,stat_starvation,Elk,-1,80,0,112,0,count:1
2940,stat_starvation,Elk,-1,80,0,176,0,count:1
2940,stat_starvation,Camel,-1,80,0,336,0,count:1
2940,stat_starvation,Elk,-1,80,0,368,0,count:1
2940,stat_starvation,Camel,-1,80,0,368,0,count:1
2940,stat_starvation,Camel,-1,80,0,400,0,count:1
2940,stat_birth,Sectid,-1,112,0,48,0,count:1
2940,stat_starvation,Sectid,-1,112,0,48,0,count:1
2940,stat_starvation,Sectid,-1,112,0,80,0,count:1
2940,stat_starvation,Elk,-1,112,0,144,0,count:1
2940,stat_starvation,Elk,-1,112,0,176,0,count:1
2940,stat_starvation,Deer,-1,112,0,208,0,count:1
2940,stat_starvation,Sectid,-1,112,0,208,0,count:1
2940,stat_starvation,Camel,-1,112,0,336,0,count:1
2940,stat_starvation,Camel,-1,112,0,368,0,count:1
2940,stat_starvation,Elk,-1,144,0,48,0,count:1
2940,stat_starvation,Sectid,-1,144,0,80,0,count:1
2940,stat_starvation,Sectid,-1,144,0,112,0,count:2
2940,stat_starvation,Elk,-1,144,0,144,0,count:1
2940,stat_starvation,Camel,-1,144,0,304,0,count:1
2940,stat_kill,Deer,-1,176,0,48,0,count:1
2940,stat_starvation,Deer,-1,176,0,144,0,count:1
2940,stat_starvation,Sectid,-1,176,0,144,0,count:1
2940,stat_starvation,Elk,-1,176,0,144,0,count:1
2940,stat_starvation,Camel,-1,176,0,304,0,count:1
2940,stat_starvation,Deer,-1,208,0,80,0,count:1
2940,stat_kill,Elk,-1,208,0,112,0,count:1
2940,stat_birth,Elk,-1,208,0,208,0,count:1
2940,stat_starvation,Musk Ox,-1,240,0,16,0,count:1
2940,stat_starvation,Musk Ox,-1,240,0,48,0,count:1
2940,stat_starvation,Deer,-1,240,0,144,0,count:1
2940,stat_birth,Fish,-1,240,0,304,0,count:3
2940,stat_kill,Fish,-1,240,0,304,0,count:1
2940,stat_birth,Sectid,-1,240,0,304,0,count:1
2940,stat_birth,Fish,-1,240,0,336,0,count:2
2940,stat_kill,Fish,-1,240,0,336,0,count:1
2940,stat_birth,Sectid,-1,240,0,336,0,count:1
2940,stat_starvation,Musk Ox,-1,272,0,16,0,count:1
2940,stat_birth,Sectid,-1,272,0,80,0,count:1
2940,stat_birth,Fish,-1,272,0,304,0,count:10
2940,stat_age_death,Fish,-1,272,0,304,0,count:1
2940,stat_kill,Fish,-1,272,0,304,0,count:2
2940,stat_birth,Fish,-1,272,0,336,0,count:3
2940,stat_kill,Fish,-1,272,0,336,0,count:1
2940,stat_birth,Sectid,-1,272,0,336,0,count:1
2940,stat_starvation,Musk Ox,-1,304,0,48,0,count:1
2940,stat_kill,Frog,-1,304,0,112,0,count:1
2940,stat_birth,Fish,-1,304,0,176,0,count:5
2940,stat_birth,Fish,-1,304,0,272,0,count:4
2940,stat_birth,Fish,-1,304,0,304,0,count:4
2940,stat_birth,Fish,-1,304,0,336,0,count:4
2940,stat_starvation,Musk Ox,-1,336,0,48,0,count:1
2940,stat_birth,Fish,-1,336,0,176,0,count:5
2940,stat_age_death,Fish,-1,336,0,176,0,count:1
2940,stat_age_death,Fish,-1,336,0,208,0,count:2
2940,stat_birth,Fish,-1,336,0,240,0,count:5
2940,stat_age_death,Fish,-1,336,0,240,0,count:1
2940,stat_birth,Fish,-1,368,0,112,0,count:2
2940,stat_kill,Fish,-1,368,0,112,0,count:1
2940,stat_birth,Fish,-1,368,0,144,0,count:3
2940,stat_birth,Fish,-1,368,0,176,0,count:10
2940,stat_age_death,Fish,-1,368,0,176,0,count:1
2940,stat_birth,Fish,-1,368,0,208,0,count:5
2940,stat_birth,Fish,-1,368,0,240,0,count:4
2940,stat_age_death,Fish,-1,400,0,144,0,count:1
2940,stat_kill,Fish,-1,400,0,144,0,count:1
2940,stat_birth,Fish,-1,400,0,176,0,count:3
2940,stat_birth,Fish,-1,432,0,144,0,count:2
2940,stat_birth,Fish,-1,432,0,176,0,count:2
2940,stat_starvation,Elk,-1,432,0,432,0,count:1
2940,stat_starvation,Elk,-1,432,0,464,0,count:1
2940,stat_starvation,Elk,-1,432,0,496,0,count:1
2940,stat_birth,Fish,-1,464,0,272,0,count:2
2940,stat_age_death,Fish,-1,464,0,304,0,count:1
2940,stat_birth,Fish,-1,464,0,336,0,count:3
2940,stat_age_death,Fish,-1,464,0,336,0,count:1
2940,stat_starvation,Elk,-1,464,0,432,0,count:1
2940,stat_kill,Fish,-1,496,0,304,0,count:1
2940,stat_birth,Fish,-1,496,0,336,0,count:3
2940,stat_age_death,Fish,-1,496,0,336,0,count:1
2940,stat_starvation,Elk,-1,496,0,400,0,count:1
2940,stat_starvation,Elk,-1,496,0,464,0,count:1
2970,stat_starvation,Elk,-1,16,0,48,0,count:1
2970,stat_starvation,Elk,-1,16,0,80,0,count:1
2970,stat_starvation,Sectid,-1,16,0,176,0,count:1
2970,stat_starvation,Elk,-1,16,0,304,0,count:1
2970,stat_starvation,Deer,-1,48,0,112,0,count:1
2970,stat_starvation,Elk,-1,48,0,112,0,count:1
2970,stat_starvation,Deer,-1,48,0,144,0,count:1
2970,stat_starvation,Elk,-1,48,0,144,0,count:1
2970,stat_starvation,Sectid,-1,48,0,208,0,count:1
2970,stat_birth,Fish,-1,48,0,272,0,count:12
2970,stat_age_death,Fish,-1,48,0,272,0,count:1
2970,stat_kill,Fish,-1,48,0,272,0,count:1
2970,stat_starvation,Elk,-1,48,0,272,0,count:1
2970,stat_starvation,Elk,-1,48,0,336,0,count:1
2970,stat_starvation,Camel,-1,48,0,336,0,count:1
2970,stat_starvation,Musk Ox,-1,48,0,368,0,count:1
2970,stat_starvation,Elk,-1,48,0,400,0,count:1
2970,stat_starvation,Elk,-1,80,0,176,0,count:1
2970,stat_kill,Deer,-1,80,0,208,0,count:1
2970,stat_birth,Sectid,-1,80,0,272,0,count:1
2970,stat_starvation,Camel,-1,80,0,304,0,count:1
2970,stat_starvation,Camel,-1,80,0,368,0,count:1
2970,stat_starvation,Camel,-1,80,0,400,0,count:1
2970,stat_starvation,Elk,-1,112,0,80,0,count:1
2970,stat_starvation,Elk,-1,112,0,112,0,count:1
2970,stat_starvation,Elk,-1,112,0,144,0,count:1
2970,stat_starvation,Sectid,-1,112,0,208,0,count:1
2970,stat_starvation,Elk,-1,112,0,208,0,count:1
2970,stat_starvation,Camel,-1,112,0,304,0,count:1
2970,stat_starvation,Camel,-1,112,0,336,0,count:1
2970,stat_starvation,Camel,-1,112,0,368,0,count:1
2970,stat_starvation,Elk,-1,112,0,368,0,count:1
2970,stat_starvation,Musk Ox,-1,144,0,16,0,count:1
2970,stat_starvation,Deer,-1,144,0,80,0,count:1
2970,stat_starvation,Sectid,-1,144,0,112,0,count:1
2970,stat_starvation,Deer,-1,144,0,144,0,count:1
2970,stat_starvation,Elk,-1,144,0,144,0,count:1
2970,stat_starvation,Deer,-1,144,0,176,0,count:1
2970,stat_starvation,Camel,-1,144,0,304,0,count:1
2970,stat_starvation,Camel,-1,144,0,400,0,count:1
2970,stat_kill,Camel,-1,144,0,432,0,count:1
2970,stat_kill,Elk,-1,176,0,80,0,count:1
2970,stat_starvation,Elk,-1,176,0,112,0,count:1
2970,stat_birth,Sectid,-1,176,0,144,0,count:1
2970,stat_starvation,Sectid,-1,176,0,176,0,count:1
2970,stat_starvation,Sectid,-1,176,0,272,0,count:1
2970,stat_starvation,Camel,-1,176,0,368,0,count:1
2970,stat_starvation,Camel,-1,176,0,400,0,count:1
2970,stat_starvation,Camel,-1,176,0,432,0,count:1
2970,stat_kill,Elk,-1,208,0,144,0,count:1
2970,stat_kill,Camel,-1,208,0,240,0,count:1
2970,stat_starvation,Sectid,-1,208,0,272,0,count:1
2970,stat_starvation,Deer,-1,240,0,112,0,count:1
2970,stat_birth,Fish,-1,240,0,304,0,count:3
2970,stat_kill,Fish,-1,240,0,304,0,count:1
2970,stat_birth,Fish,-1,240,0,336,0,count:3
2970,stat_kill,Fish,-1,240,0,336,0,count:1
2970,stat_starvation,Deer,-1,272,0,48,0,count:1
2970,stat_starvation,Musk Ox,-1,272,0,48,0,count:1
2970,stat_starvation,Deer,-1,272,0,80,0,count:1
2970,stat_birth,Fish,-1,272,0,304,0,count:10
2970,stat_age_death,Fish,-1,272,0,304,0,count:1
2970,stat_kill,Fish,-1,272,0,304,0,count:2
2970,stat_birth,Sectid,-1,272,0,304,0,count:1
2970,stat_birth,Fish,-1,272,0,336,0,count:4
2970,stat_kill,Fish,-1,272,0,336,0,count:1
2970,stat_starvation,Musk Ox,-1,304,0,48,0,count:1
2970,stat_birth,Scorpion,-1,304,0,144,0,count:1
2970,stat_birth,Fish,-1,304,0,176,0,count:5
2970,stat_birth,Fox,-1,304,0,208,0,count:1
2970,stat_birth,Fish,-1,304,0,272,0,count:4
2970,stat_birth,Fish,-1,304,0,304,0,count:4
2970,stat_kill,Fish,-1,304,0,304,0,count:1
2970,stat_birth,Fish,-1,304,0,336,0,count:4
2970,stat_kill,Fish,-1,304,0,336,0,count:1
2970,stat_kill,Deer,-1,336,0,48,0,count:1
2970,stat_starvation,Deer,-1,336,0,112,0,count:1
2970,stat_birth,Fish,-1,336,0,176,0,count:6
2970,stat_age_death,Fish,-1,336,0,208,0,count:1
2970,stat_birth,Fish,-1,336,0,240,0,count:5
2970,stat_birth,Fish,-1,368,0,112,0,count:2
2970,stat_birth,Fish,-1,368,0,144,0,count:3
2970,stat_birth,Fish,-1,368,0,176,0,count:10
2970,stat_birth,Fish,-1,368,0,208,0,count:5
2970,stat_birth,Fish,-1,368,0,240,0,count:5
2970,stat_birth,Fish,-1,400,0,144,0,count:9
2970,stat_age_death,Fish,-1,400,0,144,0,count:1
2970,stat_birth,Snake,-1,400,0,176,0,count:1
2970,stat_birth,Fish,-1,400,0,176,0,count:2
2970,stat_age_death,Fish,-1,432,0,112,0,count:1
2970,stat_birth,Fish,-1,432,0,144,0,count:2
2970,stat_birth,Fish,-1,432,0,176,0,count:3
2970,stat_age_death,Fish,-1,432,0,176,0,count:1
2970,stat_birth,Fish,-1,464,0,272,0,count:3
2970,stat_birth,Fish,-1,464,0,336,0,count:2
2970,stat_starvation,Elk,-1,464,0,432,0,count:1
2970,stat_starvation,Elk,-1,464,0,496,0,count:1
2970,stat_birth,Scorpion,-1,496,0,304,0,count:1
2970,stat_birth,Fish,-1,496,0,336,0,count:2
2970,stat_starvation,Elk,-1,496,0,368,0,count:1
2970,stat_starvation,Elk,-1,496,0,432,0,count:1
2970,stat_starvation,Elk,-1,496,0,464,0,count:1
3000,stat_birth,Musk Ox,-1,16,0,48,0,count:1
3000,stat_kill,Shroomer,-1,16,0,80,0,count:1
3000,stat_starvation,Elk,-1,16,0,336,0,count:1
3000,stat_starvation,Elk,-1,48,0,48,0,count:1
3000,stat_birth,Musk Ox,-1,48,0,48,0,count:1
3000,stat_starvation,Sectid,-1,48,0,80,0,count:1
3000,stat_starvation,Elk,-1,48,0,80,0,count:1
3000,stat_starvation,Elk,-1,48,0,112,0,count:1
3000,stat_starvation,Deer,-1,48,0,144,0,count:1
3000,stat_starvation,Elk,-1,48,0,144,0,count:1
3000,stat_birth,Sectid,-1,48,0,240,0,count:1
3000,stat_birth,Fish,-1,48,0,272,0,count:13
3000,stat_kill,Fish,-1,48,0,272,0,count:1
3000,stat_starvation,Camel,-1,48,0,336,0,count:1
3000,stat_starvation,Elk,-1,48,0,368,0,count:1
3000,stat_starvation,Camel,-1,48,0,368,0,count:1
3000,stat_starvation,Elk,-1,80,0,112,0,count:1
3000,stat_starvation,Elk,-1,80,0,144,0,count:1
3000,stat_starvation,Elk,-1,80,0,176,0,count:1
3000,stat_birth,Sectid,-1,80,0,240,0,count:1
3000,stat_kill,Fish,-1,80,0,272,0,count:1
3000,stat_starvation,Elk,-1,80,0,304,0,count:1
3000,stat_starvation,Camel,-1,80,0,304,0,count:1
3000,stat_birth,Sectid,-1,80,0,304,0,count:1
3000,stat_starvation,Camel,-1,80,0,336,0,count:1
3000,stat_kill,Shroomer,-1,80,0,368,0,count:1
3000,stat_starvation,Camel,-1,80,0,368,0,count:1
3000,stat_kill,Shroomer,-1,80,0,400,0,count:1
3000,stat_starvation,Camel,-1,80,0,400,0,count:1
3000,stat_starvation,Sectid,-1,112,0,48,0,count:1
3000,stat_starvation,Sectid,-1,112,0,80,0,count:1
3000,stat_starvation,Deer,-1,112,0,112,0,count:1
3000,stat_starvation,Elk,-1,112,0,144,0,count:1
3000,stat_starvation,Sectid,-1,112,0,208,0,count:1
3000,stat_starvation,Camel,-1,112,0,304,0,count:1
3000,stat_starvation,Camel,-1,112,0,336,0,count:1
3000,stat_starvation,Deer,-1,144,0,48,0,count:1
3000,stat_starvation,Sectid,-1,144,0,80,0,count:1
3000,stat_starvation,Sectid,-1,144,0,112,0,count:1
3000,stat_starvation,Deer,-1,144,0,176,0,count:1
3000,stat_starvation,Camel,-1,144,0,304,0,count:1
3000,stat_starvation,Camel,-1,144,0,336,0,count:1
3000,stat_starvation,Camel,-1,144,0,368,0,count:1
3000,stat_kill,Deer,-1,176,0,80,0,count:1
3000,stat_starvation,Deer,-1,176,0,112,0,count:1
3000,stat_starvation,Sectid,-1,176,0,144,0,count:1
3000,stat_starvation,Elk,-1,176,0,176,0,count:1
3000,stat_starvation,Camel,-1,176,0,304,0,count:1
3000,stat_kill,Shroomer,-1,176,0,368,0,count:1
3000,stat_starvation,Elk,-1,208,0,80,0,count:1
3000,stat_starvation,Deer,-1,208,0,112,0,count:1
3000,stat_kill,Deer,-1,208,0,176,0,count:1
3000,stat_starvation,Sectid,-1,208,0,208,0,count:1
3000,stat_birth,Camel,-1,208,0,240,0,count:1
3000,stat_birth,Sectid,-1,208,0,336,0,count:1
3000,stat_starvation,Camel,-1,208,0,400,0,count:1
3000,stat_starvation,Musk Ox,-1,240,0,48,0,count:1
3000,stat_birth,Fish,-1,240,0,304,0,count:3
3000,stat_kill,Fish,-1,240,0,304,0,count:2
3000,stat_birth,Sectid,-1,240,0,304,0,count:1
3000,stat_birth,Fish,-1,240,0,336,0,count:3
3000,stat_kill,Fish,-1,240,0,336,0,count:2
3000,stat_birth,Sectid,-1,240,0,336,0,count:2
3000,stat_starvation,Musk Ox,-1,272,0,48,0,count:1
3000,stat_birth,Sectid,-1,272,0,176,0,count:1
3000,stat_age_death,Fish,-1,272,0,304,0,count:1
3000,stat_kill,Fish,-1,272,0,304,0,count:3
3000,stat_birth,Sectid,-1,272,0,304,0,count:1
3000,stat_birth,Fish,-1,272,0,336,0,count:4
3000,stat_kill,Fish,-1,272,0,336,0,count:2
3000,stat_birth,Sectid,-1,272,0,336,0,count:1
3000,stat_starvation,Musk Ox,-1,304,0,80,0,count:1
3000,stat_birth,Fish,-1,304,0,176,0,count:5
3000,stat_birth,Fish,-1,304,0,272,0,count:4
3000,stat_age_death,Fish,-1,304,0,272,0,count:1
3000,stat_birth,Fish,-1,304,0,304,0,count:4
3000,stat_birth,Fish,-1,304,0,336,0,count:4
3000,stat_starvation,Musk Ox,-1,336,0,16,0,count:1
3000,stat_starvation,Deer,-1,336,0,80,0,count:1
3000,stat_starvation,Deer,-1,336,0,144,0,count:1
3000,stat_birth,Fish,-1,336,0,176,0,count:5
3000,stat_age_death,Fish,-1,336,0,208,0,count:2
3000,stat_birth,Fish,-1,336,0,240,0,count:6
3000,stat_birth,Sectid,-1,336,0,304,0,count:1
3000,stat_starvation,Musk Ox,-1,368,0,16,0,count:1
3000,stat_starvation,Musk Ox,-1,368,0,48,0,count:1
3000,stat_birth,Fish,-1,368,0,112,0,count:2
3000,stat_age_death,Fish,-1,368,0,144,0,count:1
3000,stat_birth,Fish,-1,368,0,176,0,count:11
3000,stat_age_death,Fish,-1,368,0,176,0,count:1
3000,stat_birth,Fish,-1,368,0,208,0,count:6
3000,stat_age_death,Fish,-1,368,0,208,0,count:1
3000,stat_birth,Fish,-1,368,0,240,0,count:5
3000,stat_starvation,Sectid,-1,368,0,336,0,count:1
3000,stat_birth,Arctic Fox,-1,400,0,112,0,count:1
3000,stat_birth,Fish,-1,400,0,144,0,count:9
3000,stat_age_death,Fish,-1,400,0,144,0,count:1
3000,stat_kill,Fish,-1,400,0,144,0,count:1
3000,stat_birth,Fish,-1,400,0,176,0,count:3
3000,stat_birth,Fish,-1,432,0,144,0,count:3
3000,stat_birth,Fish,-1,432,0,176,0,count:2
3000,stat_starvation,Elk,-1,432,0,432,0,count:1
3000,stat_birth,Fish,-1,464,0,336,0,count:3
3000,stat_birth,Fish,-1,496,0,304,0,count:2
3000,stat_kill,Fish,-1,496,0,304,0,count:1
3000,stat_birth,Fish,-1,496,0,336,0,count:3
3000,stat_starvation,Elk,-1,496,0,464,0,count:1
3030,stat_starvation,Elk,-1,16,0,48,0,count:1
3030,stat_starvation,Sectid,-1,16,0,176,0,count:1
3030,stat_starvation,Elk,-1,16,0,368,0,count:1
3030,stat_starvation,Elk,-1,48,0,16,0,count:1
3030,stat_starvation,Elk,-1,48,0,48,0,count:1
3030,stat_starvation,Sectid,-1,48,0,80,0,count:1
3030,stat_starvation,Elk,-1,48,0,112,0,count:1
3030,stat_starvation,Deer,-1,48,0,144,0,count:1
3030,stat_starvation,Elk,-1,48,0,144,0,count:1
3030,stat_starvation,Sectid,-1,48,0,208,0,count:1
3030,stat_birth,Fish,-1,48,0,272,0,count:13
3030,stat_age_death,Fish,-1,48,0,272,0,count:1
3030,stat_kill,Fish,-1,48,0,272,0,count:1
3030,stat_starvation,Elk,-1,48,0,304,0,count:1
3030,stat_starvation,Camel,-1,48,0,400,0,count:1
3030,stat_starvation,Elk,-1,80,0,48,0,count:1
3030,stat_starvation,Deer,-1,80,0,112,0,count:1
3030,stat_starvation,Camel,-1,80,0,304,0,count:1
3030,stat_starvation,Camel,-1,80,0,336,0,count:1
3030,stat_starvation,Camel,-1,80,0,368,0,count:1
3030,stat_birth,Sectid,-1,80,0,432,0,count:1
3030,stat_starvation,Elk,-1,112,0,48,0,count:1
3030,stat_starvation,Deer,-1,112,0,80,0,count:1
3030,stat_starvation,Elk,-1,112,0,144,0,count:1
3030,stat_starvation,Sectid,-1,112,0,208,0,count:1
3030,stat_starvation,Camel,-1,112,0,336,0,count:1
3030,stat_starvation,Camel,-1,112,0,368,0,count:1
3030,stat_kill,Camel,-1,112,0,400,0,count:1
3030,stat_starvation,Deer,-1,144,0,80,0,count:1
3030,stat_starvation,Elk,-1,144,0,112,0,count:1
3030,stat_starvation,Camel,-1,144,0,304,0,count:1
3030,stat_starvation,Camel,-1,144,0,368,0,count:1
3030,stat_starvation,Camel,-1,144,0,400,0,count:1
3030,stat_starvation,Sectid,-1,176,0,144,0,count:1
3030,stat_starvation,Elk,-1,176,0,144,0,count:1
3030,stat_starvation,Sectid,-1,176,0,240,0,count:1
3030,stat_starvation,Camel,-1,176,0,336,0,count:1
3030,stat_starvation,Camel,-1,176,0,432,0,count:1
3030,stat_starvation,Camel,-1,208,0,400,0,count:1
3030,stat_starvation,Musk Ox,-1,240,0,16,0,count:1
3030,stat_birth,Sectid,-1,240,0,16,0,count:1
3030,stat_birth,Fish,-1,240,0,304,0,count:3
3030,stat_kill,Fish,-1,240,0,304,0,count:1
3030,stat_birth,Sectid,-1,240,0,304,0,count:1
3030,stat_birth,Fish,-1,240,0,336,0,count:3
3030,stat_kill,Fish,-1,240,0,336,0,count:1
3030,stat_birth,Sectid,-1,240,0,336,0,count:1
3030,stat_starvation,Musk Ox,-1,272,0,16,0,count:1
3030,stat_starvation,Musk Ox,-1,272,0,48,0,count:1
3030,stat_birth,Sectid,-1,272,0,144,0,count:1
3030,stat_age_death,Fish,-1,272,0,304,0,count:1
3030,stat_kill,Fish,-1,272,0,304,0,count:3
3030,stat_birth,Fish,-1,272,0,336,0,count:4
3030,stat_kill,Fish,-1,272,0,336,0,count:1
3030,stat_birth,Sectid,-1,272,0,336,0,count:1
3030,stat_birth,Sectid,-1,272,0,368,0,count:1
3030,stat_starvation,Musk Ox,-1,304,0,16,0,count:1
3030,stat_starvation,Deer,-1,304,0,48,0,count:1
3030,stat_starvation,Musk Ox,-1,304,0,48,0,count:1
3030,stat_starvation,Musk Ox,-1,304,0,80,0,count:1
3030,stat_birth,Fish,-1,304,0,176,0,count:5
3030,stat_age_death,Fish,-1,304,0,176,0,count:1
3030,stat_birth,Fish,-1,304,0,272,0,count:4
3030,stat_birth,Fish,-1,304,0,304,0,count:4
3030,stat_kill,Fish,-1,304,0,304,0,count:1
3030,stat_birth,Fish,-1,304,0,336,0,count:4
3030,stat_kill,Fish,-1,304,0,336,0,count:1
3030,stat_starvation,Musk Ox,-1,336,0,48,0,count:1
3030,stat_starvation,Deer,-1,336,0,80,0,count:1
3030,stat_starvation,Musk Ox,-1,336,0,80,0,count:1
3030,stat_birth,Fish,-1,336,0,176,0,count:7
3030,stat_age_death,Fish,-1,336,0,176,0,count:1
3030,stat_birth,Fish,-1,336,0,208,0,count:11
3030,stat_age_death,Fish,-1,336,0,208,0,count:1
3030,stat_birth,Fish,-1,336,0,240,0,count:6
3030,stat_age_death,Fish,-1,336,0,240,0,count:1
3030,stat_birth,Fish,-1,368,0,112,0,count:3
3030,stat_kill,Fish,-1,368,0,112,0,count:1
3030,stat_birth,Fish,-1,368,0,176,0,count:11
3030,stat_birth,Fish,-1,368,0,208,0,count:6
3030,stat_birth,Fish,-1,368,0,240,0,count:5
3030,stat_age_death,Fish,-1,368,0,240,0,count:1
3030,stat_birth,Fish,-1,400,0,144,0,count:9
3030,stat_age_death,Fish,-1,400,0,144,0,count:1
3030,stat_kill,Fish,-1,400,0,144,0,count:1
3030,stat_birth,Fish,-1,400,0,176,0,count:3
3030,stat_age_death,Fish,-1,400,0,176,0,count:1
3030,stat_birth,Fish,-1,432,0,144,0,count:3
3030,stat_birth,Fish,-1,432,0,176,0,count:3
3030,stat_birth,Fish,-1,464,0,336,0,count:3
3030,stat_starvation,Elk,-1,464,0,400,0,count:1
3030,stat_starvation,Elk,-1,464,0,432,0,count:1
3030,stat_starvation,Elk,-1,464,0,464,0,count:1
3030,stat_birth,Fish,-1,496,0,304,0,count:2
3030,stat_kill,Fish,-1,496,0,304,0,count:1
3030,stat_birth,Fish,-1,496,0,336,0,count:2
3030,stat_starvation,Elk,-1,496,0,496,0,count:1
3060,stat_starvation,Elk,-1,16,0,48,0,count:1
3060,stat_starvation,Sectid,-1,16,0,208,0,count:1
3060,stat_birth,Turtle,-1,48,0,16,0,count:1
3060,stat_starvation,Elk,-1,48,0,80,0,count:1
3060,stat_starvation,Deer,-1,48,0,112,0,count:1
3060,stat_starvation,Elk,-1,48,0,112,0,count:1
3060,stat_starvation,Deer,-1,48,0,144,0,count:1
3060,stat_starvation,Elk,-1,48,0,144,0,count:1
3060,stat_starvation,Elk,-1,48,0,240,0,count:1
3060,stat_birth,Fish,-1,48,0,272,0,count:14
3060,stat_kill,Fish,-1,48,0,272,0,count:1
3060,stat_starvation,Elk,-1,48,0,272,0,count:1
3060,stat_starvation,Camel,-1,48,0,272,0,count:1
3060,stat_birth,Arctic Fox,-1,48,0,304,0,count:1
3060,stat_starvation,Camel,-1,48,0,336,0,count:1
3060,stat_starvation,Elk,-1,48,0,368,0,count:1
3060,stat_starvation,Camel,-1,48,0,368,0,count:1
3060,stat_birth,Sectid,-1,80,0,272,0,count:1
3060,stat_starvation,Camel,-1,80,0,304,0,count:1
3060,stat_kill,Sectid,-1,80,0,368,0,count:1
3060,stat_starvation,Elk,-1,80,0,400,0,count:1
3060,stat_starvation,Sectid,-1,112,0,48,0,count:1
3060,stat_birth,Sectid,-1,112,0,80,0,count:1
3060,stat_starvation,Sectid,-1,112,0,80,0,count:1
3060,stat_starvation,Elk,-1,112,0,112,0,count:1
3060,stat_starvation,Deer,-1,112,0,176,0,count:1
3060,stat_starvation,Sectid,-1,112,0,208,0,count:1
3060,stat_starvation,Elk,-1,112,0,208,0,count:1
3060,stat_starvation,Camel,-1,112,0,304,0,count:1
3060,stat_starvation,Camel,-1,112,0,368,0,count:1
3060,stat_starvation,Elk,-1,144,0,48,0,count:1
3060,stat_starvation,Sectid,-1,144,0,80,0,count:1
3060,stat_starvation,Deer,-1,144,0,112,0,count:1
3060,stat_starvation,Elk,-1,144,0,144,0,count:1
3060,stat_kill,Camel,-1,144,0,272,0,count:1
3060,stat_starvation,Camel,-1,144,0,304,0,count:1
3060,stat_starvation,Camel,-1,144,0,336,0,count:1
3060,stat_starvation,Camel,-1,144,0,368,0,count:1
3060,stat_starvation,Camel,-1,144,0,400,0,count:1
3060,stat_starvation,Sectid,-1,176,0,144,0,count:1
3060,stat_starvation,Sectid,-1,176,0,176,0,count:1
3060,stat_starvation,Sectid,-1,176,0,208,0,count:1
3060,stat_starvation,Camel,-1,176,0,304,0,count:1
3060,stat_starvation,Camel,-1,176,0,336,0,count:1
3060,stat_starvation,Camel,-1,176,0,400,0,count:2
3060,stat_starvation,Camel,-1,176,0,432,0,count:1
3060,stat_starvation,Deer,-1,208,0,48,0,count:1
3060,stat_starvation,Sectid,-1,208,0,272,0,count:1
3060,stat_starvation,Camel,-1,208,0,400,0,count:1
3060,stat_starvation,Musk Ox,-1,240,0,48,0,count:1
3060,stat_birth,Fish,-1,240,0,304,0,count:4
3060,stat_kill,Fish,-1,240,0,304,0,count:1
3060,stat_birth,Sectid,-1,240,0,304,0,count:1
3060,stat_birth,Fish,-1,240,0,336,0,count:3
3060,stat_kill,Fish,-1,240,0,336,0,count:2
3060,stat_birth,Sectid,-1,240,0,336,0,count:1
3060,stat_starvation,Deer,-1,272,0,16,0,count:1
3060,stat_birth,Sectid,-1,272,0,80,0,count:1
3060,stat_kill,Lizard,-1,272,0,176,0,count:1
3060,stat_age_death,Fish,-1,272,0,304,0,count:1
3060,stat_kill,Fish,-1,272,0,304,0,count:3
3060,stat_birth,Sectid,-1,272,0,304,0,count:1
3060,stat_birth,Fish,-1,272,0,336,0,count:4
3060,stat_kill,Fish,-1,272,0,336,0,count:1
3060,stat_birth,Sectid,-1,272,0,336,0,count:1
3060,stat_starvation,Musk Ox,-1,304,0,80,0,count:2
3060,stat_starvation,Deer,-1,304,0,112,0,count:1
3060,stat_birth,Fish,-1,304,0,176,0,count:6
3060,stat_age_death,Fish,-1,304,0,208,0,count:1
3060,stat_birth,Fish,-1,304,0,272,0,count:5
3060,stat_kill,Fish,-1,304,0,272,0,count:1
3060,stat_birth,Fish,-1,304,0,304,0,count:5
3060,stat_birth,Camel,-1,304,0,336,0,count:1
3060,stat_birth,Fish,-1,304,0,336,0,count:5
3060,stat_kill,Fish,-1,304,0,336,0,count:1
3060,stat_starvation,Musk Ox,-1,336,0,112,0,count:1
3060,stat_starvation,Deer,-1,336,0,144,0,count:1
3060,stat_birth,Fish,-1,336,0,176,0,count:6
3060,stat_birth,Fish,-1,336,0,208,0,count:12
3060,stat_age_death,Fish,-1,336,0,208,0,count:2
3060,stat_birth,Fish,-1,336,0,240,0,count:6
3060,stat_starvation,Deer,-1,368,0,112,0,count:1
3060,stat_birth,Fish,-1,368,0,112,0,count:2
3060,stat_birth,Fish,-1,368,0,176,0,count:13
3060,stat_age_death,Fish,-1,368,0,176,0,count:1
3060,stat_birth,Fish,-1,368,0,208,0,count:6
3060,stat_birth,Fish,-1,368,0,240,0,count:6
3060,stat_starvation,Deer,-1,400,0,48,0,count:1
3060,stat_kill,Fish,-1,400,0,112,0,count:1
3060,stat_birth,Fish,-1,400,0,144,0,count:10
3060,stat_age_death,Fish,-1,400,0,144,0,count:1
3060,stat_birth,Fish,-1,400,0,176,0,count:4
3060,stat_birth,Fish,-1,432,0,144,0,count:3
3060,stat_age_death,Fish,-1,432,0,144,0,count:1
3060,stat_birth,Fish,-1,432,0,176,0,count:3
3060,stat_starvation,Elk,-1,432,0,432,0,count:1
3060,stat_age_death,Fish,-1,464,0,272,0,count:1
3060,stat_birth,Fish,-1,464,0,336,0,count:3
3060,stat_age_death,Fish,-1,464,0,336,0,count:1
3060,stat_starvation,Elk,-1,464,0,400,0,count:1
3060,stat_starvation,Elk,-1,464,0,464,0,count:1
3060,stat_birth,Fish,-1,496,0,304,0,count:2
3060,stat_birth,Fish,-1,496,0,336,0,count:3
3060,stat_age_death,Fish,-1,496,0,336,0,count:1
3060,stat_starvation,Elk,-1,496,0,400,0,count:1
3060,stat_starvation,Elk,-1,496,0,496,0,count:1
3090,stat_starvation,Sectid,-1,16,0,176,0,count:1
3090,stat_birth,Sectid,-1,16,0,208,0,count:1
3090,stat_birth,Snake,-1,16,0,240,0,count:1
3090,stat_starvation,Elk,-1,16,0,336,0,count:1
3090,stat_starvation,Elk,-1,48,0,48,0,count:1
3090,stat_starvation,Sectid,-1,48,0,80,0,count:1
3090,stat_starvation,Deer,-1,48,0,144,0,count:1
3090,stat_starvation,Elk,-1,48,0,144,0,count:1
3090,stat_kill,Elk,-1,48,0,176,0,count:1
3090,stat_starvation,Sectid,-1,48,0,208,0,count:1
3090,stat_birth,Snake,-1,48,0,240,0,count:1
3090,stat_birth,Fish,-1,48,0,272,0,count:15
3090,stat_age_death,Fish,-1,48,0,272,0,count:1
3090,stat_kill,Fish,-1,48,0,272,0,count:1
3090,stat_starvation,Elk,-1,48,0,304,0,count:1
3090,stat_starvation,Elk,-1,80,0,80,0,count:1
3090,stat_starvation,Elk,-1,80,0,144,0,count:1
3090,stat_starvation,Elk,-1,80,0,176,0,count:1
3090,stat_birth,Sectid,-1,80,0,240,0,count:1
3090,stat_kill,Fish,-1,80,0,240,0,count:1
3090,stat_starvation,Camel,-1,80,0,304,0,count:2
3090,stat_birth,Sectid,-1,80,0,304,0,count:1
3090,stat_starvation,Camel,-1,80,0,400,0,count:1
3090,stat_starvation,Elk,-1,112,0,80,0,count:1
3090,stat_starvation,Sectid,-1,112,0,80,0,count:1
3090,stat_starvation,Elk,-1,112,0,112,0,count:1
3090,stat_starvation,Deer,-1,112,0,144,0,count:1
3090,stat_starvation,Camel,-1,112,0,336,0,count:1
3090,stat_starvation,Elk,-1,144,0,16,0,count:1
3090,stat_starvation,Elk,-1,144,0,80,0,count:1
3090,stat_starvation,Elk,-1,144,0,112,0,count:1
3090,stat_starvation,Sectid,-1,144,0,112,0,count:1
3090,stat_birth,Shroomer,-1,144,0,208,0,count:1
3090,stat_kill,Sectid,-1,144,0,400,0,count:1
3090,stat_starvation,Deer,-1,176,0,48,0,count:2
3090,stat_starvation,Deer,-1,176,0,80,0,count:1
3090,stat_starvation,Deer,-1,176,0,144,0,count:1
3090,stat_starvation,Sectid,-1,176,0,144,0,count:1
3090,stat_birth,Sectid,-1,176,0,208,0,count:1
3090,stat_kill,Camel,-1,176,0,272,0,count:1
3090,stat_starvation,Camel,-1,176,0,304,0,count:1
3090,stat_starvation,Camel,-1,176,0,368,0,count:1
3090,stat_starvation,Camel,-1,176,0,432,0,count:1
3090,stat_starvation,Elk,-1,208,0,112,0,count:1
3090,stat_starvation,Sectid,-1,208,0,240,0,count:1
3090,stat_birth,Sectid,-1,208,0,272,0,count:1
3090,stat_starvation,Camel,-1,208,0,400,0,count:1
3090,stat_kill,Camel,-1,208,0,432,0,count:1
3090,stat_starvation,Musk Ox,-1,240,0,16,0,count:1
3090,stat_starvation,Deer,-1,240,0,48,0,count:1
3090,stat_starvation,Deer,-1,240,0,176,0,count:1
3090,stat_birth,Fish,-1,240,0,304,0,count:4
3090,stat_kill,Fish,-1,240,0,304,0,count:2
3090,stat_birth,Sectid,-1,240,0,304,0,count:1
3090,stat_birth,Fish,-1,240,0,336,0,count:4
3090,stat_kill,Fish,-1,240,0,336,0,count:2
3090,stat_birth,Sectid,-1,240,0,336,0,count:1
3090,stat_kill,Camel,-1,240,0,400,0,count:1
3090,stat_starvation,Musk Ox,-1,272,0,16,0,count:1
3090,stat_starvation,Musk Ox,-1,272,0,48,0,count:1
3090,stat_birth,Sectid,-1,272,0,48,0,count:1
3090,stat_starvation,Musk Ox,-1,272,0,80,0,count:1
3090,stat_starvation,Deer,-1,272,0,112,0,count:1
3090,stat_birth,Sectid,-1,272,0,176,0,count:1
3090,stat_age_death,Fish,-1,272,0,304,0,count:1
3090,stat_kill,Fish,-1,272,0,304,0,count:3
3090,stat_birth,Fish,-1,272,0,336,0,count:4
3090,stat_kill,Fish,-1,272,0,336,0,count:2
3090,stat_birth,Sectid,-1,272,0,336,0,count:1
3090,stat_starvation,Musk Ox,-1,304,0,80,0,count:1
3090,stat_starvation,Deer,-1,304,0,112,0,count:1
3090,stat_birth,Fish,-1,304,0,176,0,count:6
3090,stat_age_death,Fish,-1,304,0,176,0,count:1
3090,stat_age_death,Elk,-1,304,0,272,0,count:1
3090,stat_birth,Fish,-1,304,0,304,0,count:5
3090,stat_kill,Fish,-1,304,0,304,0,count:1
3090,stat_birth,Fish,-1,304,0,336,0,count:5
3090,stat_kill,Fish,-1,304,0,336,0,count:1
3090,stat_starvation,Deer,-1,336,0,80,0,count:1
3090,stat_starvation,Musk Ox,-1,336,0,80,0,count:1
3090,stat_starvation,Musk Ox,-1,336,0,112,0,count:1
3090,stat_starvation,Deer,-1,336,0,144,0,count:1
3090,stat_birth,Fish,-1,336,0,176,0,count:7
3090,stat_birth,Fish,-1,336,0,208,0,count:12
3090,stat_age_death,Fish,-1,336,0,208,0,count:1
3090,stat_birth,Fish,-1,336,0,240,0,count:7
3090,stat_birth,Sectid,-1,336,0,304,0,count:1
3090,stat_starvation,Musk Ox,-1,368,0,16,0,count:1
3090,stat_kill,Musk Ox,-1,368,0,80,0,count:1
3090,stat_birth,Hawk,-1,368,0,80,0,count:1
3090,stat_birth,Arctic Fox,-1,368,0,112,0,count:1
3090,stat_starvation,Deer,-1,368,0,112,0,count:1
3090,stat_kill,Fish,-1,368,0,112,0,count:1
3090,stat_age_death,Fish,-1,368,0,144,0,count:1
3090,stat_birth,Fish,-1,368,0,176,0,count:13
3090,stat_age_death,Fish,-1,368,0,176,0,count:1
3090,stat_birth,Fish,-1,368,0,208,0,count:7
3090,stat_age_death,Fish,-1,368,0,208,0,count:1
3090,stat_birth,Fish,-1,368,0,240,0,count:6
3090,stat_birth,Fish,-1,400,0,144,0,count:9
3090,stat_age_death,Fish,-1,400,0,144,0,count:1
3090,stat_kill,Fish,-1,400,0,144,0,count:1
3090,stat_starvation,Elk,-1,400,0,144,0,count:1
3090,stat_birth,Jaguar,-1,400,0,176,0,count:1
3090,stat_birth,Fish,-1,400,0,176,0,count:3
3090,stat_birth,Fish,-1,432,0,144,0,count:3
3090,stat_birth,Fish,-1,432,0,176,0,count:3
3090,stat_age_death,Fish,-1,464,0,304,0,count:1
3090,stat_birth,Fish,-1,464,0,336,0,count:3
3090,stat_starvation,Elk,-1,464,0,400,0,count:1
3090,stat_starvation,Elk,-1,464,0,432,0,count:1
3090,stat_starvation,Elk,-1,464,0,496,0,count:1
3090,stat_kill,Fish,-1,496,0,304,0,count:1
3090,stat_birth,Scorpion,-1,496,0,304,0,count:1
3090,stat_birth,Fish,-1,496,0,336,0,count:4
3090,stat_starvation,Elk,-1,496,0,464,0,count:1
3120,stat_birth,Tapir,-1,16,0,144,0,count:1
3120,stat_starvation,Sectid,-1,16,0,208,0,count:1
3120,stat_starvation,Elk,-1,16,0,304,0,count:1
3120,stat_starvation,Elk,-1,48,0,16,0,count:1
3120,stat_starvation,Elk,-1,48,0,48,0,count:1
3120,stat_starvation,Sectid,-1,48,0,80,0,count:1
3120,stat_starvation,Elk,-1,48,0,80,0,count:1
3120,stat_starvation,Deer,-1,48,0,112,0,count:1
3120,stat_starvation,Elk,-1,48,0,112,0,count:1
3120,stat_age_death,Sectid,-1,48,0,144,0,count:1
3120,stat_kill,Deer,-1,48,0,176,0,count:1
3120,stat_birth,Sectid,-1,48,0,240,0,count:1
3120,stat_birth,Fish,-1,48,0,272,0,count:15
3120,stat_age_death,Fish,-1,48,0,272,0,count:1
3120,stat_kill,Fish,-1,48,0,272,0,count:2
3120,stat_starvation,Elk,-1,48,0,272,0,count:1
3120,stat_starvation,Elk,-1,48,0,304,0,count:1
3120,stat_starvation,Camel,-1,48,0,400,0,count:1
3120,stat_starvation,Deer,-1,80,0,112,0,count:1
3120,stat_starvation,Elk,-1,80,0,112,0,count:1
3120,stat_starvation,Deer,-1,80,0,144,0,count:1
3120,stat_starvation,Elk,-1,80,0,144,0,count:1
3120,stat_starvation,Deer,-1,80,0,176,0,count:1
3120,stat_kill,Fish,-1,80,0,272,0,count:1
3120,stat_starvation,Camel,-1,80,0,368,0,count:1
3120,stat_starvation,Elk,-1,80,0,400,0,count:1
3120,stat_starvation,Elk,-1,112,0,48,0,count:1
3120,stat_starvation,Sectid,-1,112,0,48,0,count:1
3120,stat_starvation,Elk,-1,112,0,112,0,count:1
3120,stat_starvation,Deer,-1,112,0,144,0,count:1
3120,stat_birth,Turtle,-1,112,0,176,0,count:1
3120,stat_starvation,Elk,-1,112,0,176,0,count:1
3120,stat_starvation,Sectid,-1,112,0,208,0,count:1
3120,stat_starvation,Camel,-1,112,0,304,0,count:1
3120,stat_starvation,Elk,-1,112,0,304,0,count:1
3120,stat_starvation,Camel,-1,112,0,368,0,count:1
3120,stat_birth,Sectid,-1,144,0,80,0,count:1
3120,stat_starvation,Sectid,-1,144,0,80,0,count:1
3120,stat_birth,Sectid,-1,144,0,112,0,count:1
3120,stat_starvation,Sectid,-1,144,0,112,0,count:1
3120,stat_kill,Deer,-1,144,0,176,0,count:1
3120,stat_starvation,Elk,-1,144,0,176,0,count:1
3120,stat_starvation,Camel,-1,144,0,336,0,count:1
3120,stat_starvation,Camel,-1,144,0,368,0,count:1
3120,stat_starvation,Camel,-1,144,0,400,0,count:1
3120,stat_starvation,Deer,-1,176,0,48,0,count:1
3120,stat_starvation,Deer,-1,176,0,80,0,count:1
3120,stat_starvation,Sectid,-1,176,0,144,0,count:1
3120,stat_starvation,Elk,-1,176,0,144,0,count:1
3120,stat_starvation,Elk,-1,176,0,176,0,count:1
3120,stat_starvation,Sectid,-1,176,0,176,0,count:1
3120,stat_starvation,Sectid,-1,176,0,208,0,count:1
3120,stat_starvation,Camel,-1,176,0,304,0,count:1
3120,stat_starvation,Camel,-1,176,0,336,0,count:1
3120,stat_starvation,Camel,-1,176,0,400,0,count:2
3120,stat_starvation,Camel,-1,176,0,432,0,count:1
3120,stat_starvation,Deer,-1,208,0,80,0,count:1
3120,stat_starvation,Camel,-1,208,0,400,0,count:1
3120,stat_birth,Fish,-1,240,0,304,0,count:4
3120,stat_kill,Fish,-1,240,0,304,0,count:2
3120,stat_birth,Sectid,-1,240,0,304,0,count:1
3120,stat_kill,Fish,-1,240,0,336,0,count:2
3120,stat_birth,Sectid,-1,240,0,336,0,count:1
3120,stat_starvation,Musk Ox,-1,272,0,80,0,count:1
3120,stat_starvation,Deer,-1,272,0,112,0,count:1
3120,stat_starvation,Deer,-1,272,0,144,0,count:1
3120,stat_age_death,Fish,-1,272,0,304,0,count:1
3120,stat_kill,Fish,-1,272,0,304,0,count:3
3120,stat_birth,Sectid,-1,272,0,304,0,count:1
3120,stat_birth,Fish,-1,272,0,336,0,count:5
3120,stat_kill,Fish,-1,272,0,336,0,count:2
3120,stat_birth,Sectid,-1,272,0,336,0,count:1
3120,stat_starvation,Deer,-1,304,0,48,0,count:1
3120,stat_starvation,Musk Ox,-1,304,0,48,0,count:1
3120,stat_starvation,Deer,-1,304,0,144,0,count:1
3120,stat_birth,Fish,-1,304,0,176,0,count:7
3120,stat_kill,Fish,-1,304,0,272,0,count:1
3120,stat_birth,Fish,-1,304,0,304,0,count:6
3120,stat_kill,Fish,-1,304,0,304,0,count:1
3120,stat_birth,Fish,-1,304,0,336,0,count:5
3120,stat_kill,Fish,-1,304,0,336,0,count:1
3120,stat_birth,Sectid,-1,304,0,336,0,count:1
3120,stat_starvation,Musk Ox,-1,336,0,80,0,count:1
3120,stat_starvation,Musk Ox,-1,336,0,112,0,count:2
3120,stat_starvation,Elk,-1,336,0,176,0,count:1
3120,stat_birth,Fish,-1,336,0,176,0,count:8
3120,stat_age_death,Fish,-1,336,0,176,0,count:1
3120,stat_birth,Fish,-1,336,0,208,0,count:12
3120,stat_age_death,Fish,-1,336,0,208,0,count:2
3120,stat_birth,Fish,-1,336,0,240,0,count:7
3120,stat_age_death,Fish,-1,336,0,240,0,count:1
3120,stat_starvation,Elk,-1,336,0,272,0,count:1
3120,stat_birth,Sectid,-1,336,0,304,0,count:1
3120,stat_starvation,Deer,-1,368,0,48,0,count:1
3120,stat_kill,Fish,-1,368,0,112,0,count:1
3120,stat_starvation,Elk,-1,368,0,176,0,count:1
3120,stat_birth,Fish,-1,368,0,176,0,count:13
3120,stat_birth,Fish,-1,368,0,208,0,count:8
3120,stat_birth,Fish,-1,368,0,240,0,count:7
3120,stat_age_death,Fish,-1,368,0,240,0,count:1
3120,stat_birth,Fish,-1,400,0,144,0,count:10
3120,stat_age_death,Fish,-1,400,0,144,0,count:1
3120,stat_kill,Fish,-1,400,0,144,0,count:1
3120,stat_birth,Snake,-1,400,0,176,0,count:1
3120,stat_birth,Fish,-1,400,0,176,0,count:4
3120,stat_age_death,Fish,-1,400,0,176,0,count:1
3120,stat_birth,Fish,-1,432,0,144,0,count:4
3120,stat_birth,Fish,-1,432,0,176,0,count:4
3120,stat_starvation,Elk,-1,432,0,400,0,count:1
3120,stat_starvation,Elk,-1,432,0,432,0,count:1
3120,stat_starvation,Elk,-1,432,0,464,0,count:1
3120,stat_birth,Fish,-1,464,0,336,0,count:3
3120,stat_starvation,Elk,-1,464,0,400,0,count:1
3120,stat_starvation,Elk,-1,464,0,464,0,count:1
3120,stat_kill,Fish,-1,496,0,304,0,count:1
3120,stat_birth,Fish,-1,496,0,336,0,count:3
3120,stat_starvation,Elk,-1,496,0,368,0,count:1
3120,stat_starvation,Elk,-1,496,0,400,0,count:1
3150,stat_starvation,Elk,-1,16,0,48,0,count:1
3150,stat_starvation,Elk,-1,16,0,272,0,count:1
3150,stat_starvation,Elk,-1,16,0,336,0,count:1
3150,stat_starvation,Elk,-1,16,0,368,0,count:1
3150,stat_starvation,Elk,-1,48,0,16,0,count:1
3150,stat_starvation,Sectid,-1,48,0,80,0,count:1
3150,stat_starvation,Musk Ox,-1,48,0,80,0,count:1
3150,stat_starvation,Elk,-1,48,0,80,0,count:1
3150,stat_starvation,Deer,-1,48,0,144,0,count:1
3150,stat_starvation,Elk,-1,48,0,144,0,count:1
3150,stat_starvation,Elk,-1,48,0,240,0,count:1
3150,stat_birth,Fish,-1,48,0,272,0,count:16
3150,stat_age_death,Fish,-1,48,0,272,0,count:1
3150,stat_kill,Fish,-1,48,0,272,0,count:1
3150,stat_starvation,Camel,-1,48,0,272,0,count:1
3150,stat_birth,Sectid,-1,48,0,272,0,count:1
3150,stat_starvation,Camel,-1,48,0,336,0,count:1
3150,stat_starvation,Camel,-1,48,0,368,0,count:1
3150,stat_birth,Sectid,-1,48,0,368,0,count:1
3150,stat_starvation,Elk,-1,80,0,48,0,count:1
3150,stat_starvation,Deer,-1,80,0,112,0,count:1
3150,stat_starvation,Deer,-1,80,0,144,0,count:1
3150,stat_starvation,Elk,-1,80,0,144,0,count:1
3150,stat_starvation,Deer,-1,80,0,176,0,count:1
3150,stat_birth,Sectid,-1,80,0,240,0,count:1
3150,stat_birth,Sectid,-1,80,0,272,0,count:1
3150,stat_starvation,Elk,-1,80,0,304,0,count:1
3150,stat_starvation,Camel,-1,80,0,304,0,count:1
3150,stat_starvation,Sectid,-1,112,0,48,0,count:1
3150,stat_starvation,Sectid,-1,112,0,80,0,count:1
3150,stat_starvation,Deer,-1,112,0,112,0,count:1
3150,stat_kill,Elk,-1,112,0,144,0,count:1
3150,stat_kill,Turtle,-1,112,0,176,0,count:1
3150,stat_starvation,Deer,-1,112,0,176,0,count:1
3150,stat_starvation,Elk,-1,112,0,176,0,count:1
3150,stat_starvation,Deer,-1,112,0,208,0,count:1
3150,stat_starvation,Sectid,-1,112,0,208,0,count:1
3150,stat_kill,Camel,-1,112,0,272,0,count:1
3150,stat_starvation,Camel,-1,112,0,368,0,count:1
3150,stat_kill,Shroomer,-1,112,0,432,0,count:1
3150,stat_starvation,Elk,-1,144,0,16,0,count:1
3150,stat_starvation,Elk,-1,144,0,48,0,count:1
3150,stat_starvation,Elk,-1,144,0,80,0,count:1
3150,stat_starvation,Elk,-1,144,0,112,0,count:1
3150,stat_starvation,Elk,-1,144,0,176,0,count:1
3150,stat_starvation,Camel,-1,144,0,304,0,count:1
3150,stat_starvation,Camel,-1,144,0,400,0,count:1
3150,stat_starvation,Deer,-1,176,0,80,0,count:1
3150,stat_starvation,Sectid,-1,176,0,144,0,count:1
3150,stat_starvation,Deer,-1,176,0,176,0,count:1
3150,stat_starvation,Sectid,-1,176,0,240,0,count:1
3150,stat_starvation,Camel,-1,176,0,304,0,count:2
3150,stat_starvation,Camel,-1,176,0,368,0,count:1
3150,stat_starvation,Camel,-1,176,0,432,0,count:1
3150,stat_starvation,Deer,-1,208,0,48,0,count:1
3150,stat_starvation,Elk,-1,208,0,112,0,count:1
3150,stat_starvation,Sectid,-1,208,0,208,0,count:1
3150,stat_starvation,Camel,-1,208,0,400,0,count:1
3150,stat_starvation,Deer,-1,240,0,48,0,count:1
3150,stat_kill,Shroomer,-1,240,0,80,0,count:1
3150,stat_birth,Fish,-1,240,0,304,0,count:4
3150,stat_kill,Fish,-1,240,0,304,0,count:2
3150,stat_birth,Sectid,-1,240,0,304,0,count:1
3150,stat_kill,Fish,-1,240,0,336,0,count:1
3150,stat_birth,Sectid,-1,240,0,336,0,count:2
3150,stat_birth,Sectid,-1,240,0,368,0,count:1
3150,stat_kill,Camel,-1,240,0,368,0,count:1
3150,stat_starvation,Deer,-1,272,0,16,0,count:1
3150,stat_starvation,Musk Ox,-1,272,0,48,0,count:1
3150,stat_starvation,Musk Ox,-1,272,0,80,0,count:2
3150,stat_starvation,Deer,-1,272,0,112,0,count:1
3150,stat_age_death,Fish,-1,272,0,304,0,count:1
3150,stat_kill,Fish,-1,272,0,304,0,count:3
3150,stat_starvation,Elk,-1,272,0,304,0,count:1
3150,stat_birth,Sectid,-1,272,0,304,0,count:1
3150,stat_birth,Fish,-1,272,0,336,0,count:5
3150,stat_kill,Fish,-1,272,0,336,0,count:2
3150,stat_birth,Sectid,-1,272,0,336,0,count:1
3150,stat_starvation,Musk Ox,-1,304,0,16,0,count:1
3150,stat_starvation,Musk Ox,-1,304,0,48,0,count:1
3150,stat_kill,Deer,-1,304,0,80,0,count:1
3150,stat_starvation,Musk Ox,-1,304,0,80,0,count:1
3150,stat_starvation,Deer,-1,304,0,112,0,count:1
3150,stat_starvation,Deer,-1,304,0,144,0,count:1
3150,stat_age_death,Fish,-1,304,0,176,0,count:1
3150,stat_age_death,Fish,-1,304,0,208,0,count:1
3150,stat_birth,Snake,-1,304,0,272,0,count:1
3150,stat_birth,Fish,-1,304,0,304,0,count:6
3150,stat_kill,Fish,-1,304,0,304,0,count:1
3150,stat_birth,Fish,-1,304,0,336,0,count:5
3150,stat_kill,Fish,-1,304,0,336,0,count:1
3150,stat_starvation,Musk Ox,-1,336,0,80,0,count:1
3150,stat_starvation,Deer,-1,336,0,144,0,count:1
3150,stat_birth,Fish,-1,336,0,176,0,count:8
3150,stat_birth,Fish,-1,336,0,208,0,count:12
3150,stat_age_death,Fish,-1,336,0,208,0,count:1
3150,stat_birth,Fish,-1,336,0,240,0,count:8
3150,stat_starvation,Musk Ox,-1,368,0,48,0,count:1
3150,stat_starvation,Deer,-1,368,0,112,0,count:1
3150,stat_birth,Fish,-1,368,0,176,0,count:15
3150,stat_age_death,Fish,-1,368,0,176,0,count:1
3150,stat_birth,Fish,-1,368,0,208,0,count:7
3150,stat_age_death,Fish,-1,368,0,208,0,count:1
3150,stat_birth,Fish,-1,368,0,240,0,count:7
3150,stat_age_death,Fish,-1,400,0,144,0,count:1
3150,stat_birth,Fish,-1,400,0,176,0,count:5
3150,stat_birth,Fish,-1,432,0,144,0,count:4
3150,stat_birth,Fish,-1,432,0,176,0,count:3
3150,stat_age_death,Fish,-1,432,0,176,0,count:1
3150,stat_starvation,Elk,-1,432,0,400,0,count:1
3150,stat_birth,Fish,-1,464,0,336,0,count:4
3150,stat_starvation,Elk,-1,464,0,400,0,count:1
3150,stat_kill,Fish,-1,496,0,304,0,count:1
3150,stat_birth,Fish,-1,496,0,336,0,count:4
3150,stat_starvation,Elk,-1,496,0,432,0,count:1
3180,stat_starvation,Elk,-1,16,0,16,0,count:1
3180,stat_starvation,Elk,-1,48,0,16,0,count:1
3180,stat_starvation,Elk,-1,48,0,48,0,count:1
3180,stat_starvation,Sectid,-1,48,0,80,0,count:2
3180,stat_kill,Fish,-1,48,0,240,0,count:1
3180,stat_birth,Sectid,-1,48,0,240,0,count:1
3180,stat_birth,Fish,-1,48,0,272,0,count:17
3180,stat_age_death,Fish,-1,48,0,272,0,count:1
3180,stat_kill,Fish,-1,48,0,272,0,count:2
3180,stat_birth,Arctic Fox,-1,48,0,304,0,count:1
3180,stat_birth,Sectid,-1,48,0,336,0,count:1
3180,stat_starvation,Elk,-1,80,0,80,0,count:1
3180,stat_starvation,Deer,-1,80,0,144,0,count:1
3180,stat_starvation,Elk,-1,80,0,144,0,count:1
3180,stat_kill,Elk,-1,80,0,208,0,count:1
3180,stat_birth,Sectid,-1,80,0,240,0,count:1
3180,stat_birth,Sectid,-1,80,0,272,0,count:1
3180,stat_birth,Sectid,-1,80,0,304,0,count:1
3180,stat_starvation,Camel,-1,80,0,336,0,count:1
3180,stat_kill,Musk Ox,-1,112,0,16,0,count:1
3180,stat_starvation,Elk,-1,112,0,48,0,count:1
3180,stat_starvation,Elk,-1,112,0,80,0,count:1
3180,stat_starvation,Elk,-1,112,0,176,0,count:1
3180,stat_birth,Sectid,-1,112,0,208,0,count:1
3180,stat_starvation,Sectid,-1,112,0,208,0,count:1
3180,stat_starvation,Elk,-1,112,0,208,0,count:1
3180,stat_starvation,Camel,-1,112,0,304,0,count:1
3180,stat_kill,Camel,-1,112,0,432,0,count:1
3180,stat_starvation,Elk,-1,144,0,16,0,count:1
3180,stat_starvation,Deer,-1,144,0,48,0,count:1
3180,stat_starvation,Sectid,-1,144,0,80,0,count:1
3180,stat_starvation,Deer,-1,144,0,112,0,count:1
3180,stat_starvation,Sectid,-1,144,0,112,0,count:1
3180,stat_starvation,Camel,-1,144,0,368,0,count:1
3180,stat_starvation,Deer,-1,176,0,48,0,count:1
3180,stat_kill,Elk,-1,176,0,48,0,count:1
3180,stat_starvation,Deer,-1,176,0,80,0,count:1
3180,stat_starvation,Elk,-1,176,0,112,0,count:1
3180,stat_birth,Sectid,-1,176,0,144,0,count:1
3180,stat_birth,Sectid,-1,176,0,240,0,count:1
3180,stat_starvation,Camel,-1,176,0,400,0,count:1
3180,stat_starvation,Elk,-1,208,0,80,0,count:1
3180,stat_starvation,Deer,-1,208,0,80,0,count:1
3180,stat_starvation,Elk,-1,208,0,112,0,count:1
3180,stat_starvation,Camel,-1,208,0,368,0,count:1
3180,stat_starvation,Deer,-1,240,0,48,0,count:1
3180,stat_kill,Musk Ox,-1,240,0,48,0,count:1
3180,stat_kill,Sectid,-1,240,0,80,0,count:1
3180,stat_birth,Fish,-1,240,0,304,0,count:4
3180,stat_kill,Fish,-1,240,0,304,0,count:2
3180,stat_birth,Sectid,-1,240,0,304,0,count:2
3180,stat_kill,Fish,-1,240,0,336,0,count:2
3180,stat_birth,Sectid,-1,240,0,336,0,count:1
3180,stat_kill,Sectid,-1,240,0,368,0,count:1
3180,stat_age_death,Fish,-1,272,0,304,0,count:1
3180,stat_kill,Fish,-1,272,0,304,0,count:4
3180,stat_birth,Sectid,-1,272,0,304,0,count:1
3180,stat_birth,Fish,-1,272,0,336,0,count:5
3180,stat_kill,Fish,-1,272,0,336,0,count:2
3180,stat_birth,Sectid,-1,272,0,336,0,count:1
3180,stat_birth,Sectid,-1,272,0,368,0,count:1
3180,stat_starvation,Deer,-1,304,0,48,0,count:1
3180,stat_starvation,Musk Ox,-1,304,0,80,0,count:1
3180,stat_starvation,Deer,-1,304,0,144,0,count:1
3180,stat_kill,Fish,-1,304,0,272,0,count:1
3180,stat_starvation,Elk,-1,304,0,304,0,count:1
3180,stat_birth,Fish,-1,304,0,304,0,count:6
3180,stat_kill,Fish,-1,304,0,304,0,count:1
3180,stat_birth,Sectid,-1,304,0,304,0,count:1
3180,stat_birth,Fish,-1,304,0,336,0,count:6
3180,stat_kill,Fish,-1,304,0,336,0,count:1
3180,stat_birth,Sectid,-1,304,0,368,0,count:1
3180,stat_starvation,Musk Ox,-1,336,0,80,0,count:1
3180,stat_starvation,Deer,-1,336,0,112,0,count:1
3180,stat_starvation,Musk Ox,-1,336,0,112,0,count:1
3180,stat_birth,Fish,-1,336,0,176,0,count:9
3180,stat_age_death,Fish,-1,336,0,176,0,count:1
3180,stat_birth,Fish,-1,336,0,208,0,count:12
3180,stat_age_death,Fish,-1,336,0,208,0,count:2
3180,stat_birth,Fish,-1,336,0,240,0,count:8
3180,stat_birth,Sectid,-1,336,0,304,0,count:1
3180,stat_kill,Fish,-1,368,0,112,0,count:1
3180,stat_kill,Fish,-1,368,0,144,0,count:1
3180,stat_birth,Fish,-1,368,0,176,0,count:16
3180,stat_age_death,Fish,-1,368,0,176,0,count:1
3180,stat_birth,Fish,-1,368,0,208,0,count:9
3180,stat_birth,Fish,-1,368,0,240,0,count:8
3180,stat_age_death,Fish,-1,400,0,144,0,count:1
3180,stat_kill,Fish,-1,400,0,144,0,count:1
3180,stat_starvation,Elk,-1,400,0,176,0,count:1
3180,stat_birth,Fish,-1,400,0,176,0,count:4
3180,stat_birth,Turtle,-1,400,0,336,0,count:1
3180,stat_age_death,Fish,-1,432,0,112,0,count:1
3180,stat_birth,Fish,-1,432,0,144,0,count:4
3180,stat_age_death,Fish,-1,432,0,144,0,count:1
3180,stat_birth,Fish,-1,432,0,176,0,count:4
3180,stat_starvation,Elk,-1,432,0,400,0,count:2
3180,stat_starvation,Elk,-1,432,0,432,0,count:1
3180,stat_kill,Fish,-1,464,0,272,0,count:1
3180,stat_birth,Fish,-1,464,0,336,0,count:4
3180,stat_age_death,Fish,-1,464,0,336,0,count:1
3180,stat_starvation,Elk,-1,464,0,400,0,count:1
3180,stat_birth,Scorpion,-1,496,0,304,0,count:1
3180,stat_birth,Fish,-1,496,0,336,0,count:3
3180,stat_age_death,Fish,-1,496,0,336,0,count:1
3180,stat_starvation,Elk,-1,496,0,400,0,count:1
3210,stat_starvation,Elk,-1,16,0,16,0,count:1
3210,stat_starvation,Sectid,-1,16,0,176,0,count:1
3210,stat_starvation,Elk,-1,48,0,16,0,count:1
3210,stat_starvation,Elk,-1,48,0,112,0,count:1
3210,stat_birth,Sectid,-1,48,0,240,0,count:1
3210,stat_birth,Fish,-1,48,0,272,0,count:18
3210,stat_age_death,Fish,-1,48,0,272,0,count:1
3210,stat_kill,Fish,-1,48,0,272,0,count:2
3210,stat_starvation,Camel,-1,48,0,272,0,count:1
3210,stat_starvation,Elk,-1,48,0,304,0,count:1
3210,stat_starvation,Elk,-1,48,0,336,0,count:1
3210,stat_starvation,Camel,-1,48,0,336,0,count:1
3210,stat_starvation,Elk,-1,48,0,368,0,count:1
3210,stat_starvation,Camel,-1,48,0,368,0,count:1
3210,stat_starvation,Elk,-1,80,0,16,0,count:1
3210,stat_starvation,Elk,-1,80,0,48,0,count:1
3210,stat_starvation,Deer,-1,80,0,176,0,count:1
3210,stat_starvation,Camel,-1,80,0,304,0,count:1
3210,stat_kill,Fish,-1,80,0,304,0,count:1
3210,stat_starvation,Elk,-1,80,0,400,0,count:1
3210,stat_birth,Musk Ox,-1,112,0,16,0,count:1
3210,stat_starvation,Sectid,-1,112,0,48,0,count:1
3210,stat_starvation,Deer,-1,112,0,80,0,count:1
3210,stat_starvation,Sectid,-1,112,0,80,0,count:1
3210,stat_starvation,Elk,-1,112,0,112,0,count:1
3210,stat_starvation,Deer,-1,112,0,144,0,count:1
3210,stat_starvation,Sectid,-1,112,0,208,0,count:2
3210,stat_starvation,Camel,-1,112,0,304,0,count:1
3210,stat_starvation,Camel,-1,112,0,336,0,count:1
3210,stat_starvation,Camel,-1,112,0,368,0,count:1
3210,stat_starvation,Sectid,-1,144,0,112,0,count:1
3210,stat_starvation,Elk,-1,144,0,176,0,count:1
3210,stat_starvation,Camel,-1,144,0,240,0,count:1
3210,stat_starvation,Camel,-1,144,0,368,0,count:2
3210,stat_kill,Shroomer,-1,144,0,400,0,count:1
3210,stat_starvation,Camel,-1,144,0,400,0,count:1
3210,stat_starvation,Sectid,-1,176,0,144,0,count:2
3210,stat_starvation,Elk,-1,176,0,144,0,count:1
3210,stat_starvation,Sectid,-1,176,0,208,0,count:1
3210,stat_starvation,Sectid,-1,176,0,240,0,count:1
3210,stat_starvation,Camel,-1,176,0,304,0,count:2
3210,stat_starvation,Camel,-1,176,0,336,0,count:1
3210,stat_starvation,Camel,-1,176,0,400,0,count:1
3210,stat_starvation,Camel,-1,176,0,432,0,count:1
3210,stat_starvation,Elk,-1,208,0,112,0,count:1
3210,stat_starvation,Sectid,-1,208,0,240,0,count:1
3210,stat_starvation,Camel,-1,208,0,336,0,count:1
3210,stat_starvation,Camel,-1,208,0,400,0,count:1
3210,stat_starvation,Deer,-1,240,0,16,0,count:1
3210,stat_starvation,Musk Ox,-1,240,0,16,0,count:1
3210,stat_starvation,Deer,-1,240,0,80,0,count:1
3210,stat_birth,Fish,-1,240,0,304,0,count:5
3210,stat_kill,Fish,-1,240,0,304,0,count:2
3210,stat_birth,Sectid,-1,240,0,304,0,count:1
3210,stat_kill,Fish,-1,240,0,336,0,count:2
3210,stat_birth,Sectid,-1,240,0,336,0,count:1
3210,stat_birth,Turtle,-1,272,0,16,0,count:1
3210,stat_starvation,Deer,-1,272,0,16,0,count:1
3210,stat_starvation,Deer,-1,272,0,48,0,count:1
3210,stat_starvation,Musk Ox,-1,272,0,80,0,count:1
3210,stat_starvation,Deer,-1,272,0,112,0,count:1
3210,stat_starvation,Deer,-1,272,0,144,0,count:1
3210,stat_birth,Sectid,-1,272,0,176,0,count:1
3210,stat_birth,Fish,-1,272,0,304,0,count:9
3210,stat_age_death,Fish,-1,272,0,304,0,count:1
3210,stat_kill,Fish,-1,272,0,304,0,count:4
3210,stat_birth,Sectid,-1,272,0,304,0,count:1
3210,stat_birth,Fish,-1,272,0,336,0,count:6
3210,stat_kill,Fish,-1,272,0,336,0,count:2
3210,stat_birth,Sectid,-1,272,0,336,0,count:2
3210,stat_kill,Fish,-1,272,0,368,0,count:1
3210,stat_kill,Deer,-1,304,0,16,0,count:1
3210,stat_birth,Sectid,-1,304,0,112,0,count:1
3210,stat_birth,Sectid,-1,304,0,144,0,count:1
3210,stat_age_death,Fish,-1,304,0,176,0,count:1
3210,stat_kill,Fish,-1,304,0,272,0,count:1
3210,stat_birth,Fish,-1,304,0,304,0,count:6
3210,stat_kill,Fish,-1,304,0,304,0,count:1
3210,stat_birth,Fish,-1,304,0,336,0,count:6
3210,stat_kill,Fish,-1,304,0,336,0,count:1
3210,stat_starvation,Elk,-1,304,0,336,0,count:1
3210,stat_birth,Sectid,-1,304,0,336,0,count:1
3210,stat_starvation,Musk Ox,-1,336,0,80,0,count:1
3210,stat_starvation,Musk Ox,-1,336,0,112,0,count:1
3210,stat_birth,Fish,-1,336,0,144,0,count:1
3210,stat_birth,Fish,-1,336,0,176,0,count:9
3210,stat_starvation,Deer,-1,336,0,176,0,count:1
3210,stat_age_death,Fish,-1,336,0,208,0,count:2
3210,stat_birth,Fish,-1,336,0,240,0,count:8
3210,stat_age_death,Fish,-1,336,0,240,0,count:1
3210,stat_birth,Fish,-1,368,0,176,0,count:16
3210,stat_age_death,Fish,-1,368,0,176,0,count:1
3210,stat_birth,Fish,-1,368,0,208,0,count:9
3210,stat_age_death,Fish,-1,368,0,208,0,count:1
3210,stat_birth,Fish,-1,368,0,240,0,count:8
3210,stat_age_death,Fish,-1,368,0,240,0,count:1
3210,stat_starvation,Musk Ox,-1,400,0,48,0,count:1
3210,stat_kill,Fish,-1,400,0,112,0,count:1
3210,stat_age_death,Fish,-1,400,0,144,0,count:1
3210,stat_kill,Fish,-1,400,0,144,0,count:1
3210,stat_starvation,Elk,-1,400,0,144,0,count:1
3210,stat_birth,Fish,-1,400,0,176,0,count:5
3210,stat_age_death,Fish,-1,400,0,176,0,count:1
3210,stat_birth,Fish,-1,432,0,144,0,count:4
3210,stat_birth,Fish,-1,432,0,176,0,count:4
3210,stat_starvation,Elk,-1,432,0,400,0,count:1
3210,stat_age_death,Fish,-1,464,0,304,0,count:1
3210,stat_birth,Fish,-1,464,0,336,0,count:4
3210,stat_kill,Fish,-1,496,0,304,0,count:1
3210,stat_birth,Fish,-1,496,0,336,0,count:4
3240,stat_kill,Elk,-1,16,0,144,0,count:1
3240,stat_starvation,Sectid,-1,16,0,208,0,count:1
3240,stat_starvation,Elk,-1,48,0,48,0,count:1
3240,stat_birth,Sectid,-1,48,0,80,0,count:1
3240,stat_starvation,Sectid,-1,48,0,80,0,count:2
3240,stat_starvation,Elk,-1,48,0,80,0,count:1
3240,stat_starvation,Elk,-1,48,0,112,0,count:1
3240,stat_starvation,Elk,-1,48,0,144,0,count:2
3240,stat_starvation,Elk,-1,48,0,240,0,count:1
3240,stat_birth,Fish,-1,48,0,272,0,count:18
3240,stat_age_death,Fish,-1,48,0,272,0,count:1
3240,stat_kill,Fish,-1,48,0,272,0,count:2
3240,stat_starvation,Elk,-1,48,0,272,0,count:1
3240,stat_birth,Sectid,-1,48,0,272,0,count:1
3240,stat_starvation,Camel,-1,48,0,336,0,count:1
3240,stat_kill,Deer,-1,80,0,80,0,count:1
3240,stat_starvation,Deer,-1,80,0,112,0,count:1
3240,stat_starvation,Elk,-1,80,0,112,0,count:1
3240,stat_starvation,Elk,-1,80,0,144,0,count:1
3240,stat_birth,Sectid,-1,80,0,240,0,count:1
3240,stat_kill,Fish,-1,80,0,272,0,count:1
3240,stat_birth,Sectid,-1,80,0,272,0,count:1
3240,stat_birth,Sectid,-1,80,0,304,0,count:1
3240,stat_starvation,Camel,-1,80,0,400,0,count:1
3240,stat_starvation,Sectid,-1,112,0,48,0,count:1
3240,stat_starvation,Sectid,-1,112,0,80,0,count:1
3240,stat_starvation,Deer,-1,112,0,112,0,count:1
3240,stat_starvation,Sectid,-1,112,0,208,0,count:1
3240,stat_starvation,Elk,-1,112,0,208,0,count:1
3240,stat_starvation,Camel,-1,112,0,368,0,count:1
3240,stat_starvation,Elk,-1,144,0,48,0,count:1
3240,stat_starvation,Sectid,-1,144,0,80,0,count:2
3240,stat_starvation,Deer,-1,144,0,112,0,count:1
3240,stat_starvation,Elk,-1,144,0,112,0,count:1
3240,stat_starvation,Sectid,-1,144,0,112,0,count:1
3240,stat_birth,Musk Ox,-1,144,0,144,0,count:1
3240,stat_kill,Musk Ox,-1,144,0,144,0,count:1
3240,stat_starvation,Deer,-1,144,0,144,0,count:1
3240,stat_kill,Sectid,-1,144,0,208,0,count:1
3240,stat_starvation,Camel,-1,144,0,304,0,count:1
3240,stat_starvation,Camel,-1,144,0,336,0,count:1
3240,stat_starvation,Camel,-1,144,0,368,0,count:1
3240,stat_starvation,Camel,-1,144,0,400,0,count:1
3240,stat_kill,Deer,-1,176,0,16,0,count:1
3240,stat_starvation,Deer,-1,176,0,48,0,count:1
3240,stat_starvation,Elk,-1,176,0,112,0,count:1
3240,stat_starvation,Sectid,-1,176,0,144,0,count:1
3240,stat_starvation,Sectid,-1,176,0,240,0,count:1
3240,stat_starvation,Camel,-1,176,0,304,0,count:1
3240,stat_starvation,Camel,-1,176,0,368,0,count:1
3240,stat_starvation,Camel,-1,176,0,400,0,count:1
3240,stat_starvation,Deer,-1,208,0,48,0,count:1
3240,stat_starvation,Deer,-1,208,0,80,0,count:1
3240,stat_birth,Sectid,-1,208,0,208,0,count:1
3240,stat_starvation,Camel,-1,208,0,272,0,count:1
3240,stat_birth,Sectid,-1,208,0,304,0,count:1
3240,stat_starvation,Camel,-1,208,0,336,0,count:1
3240,stat_starvation,Camel,-1,208,0,368,0,count:1
3240,stat_starvation,Camel,-1,208,0,400,0,count:1
3240,stat_starvation,Musk Ox,-1,240,0,80,0,count:1
3240,stat_birth,Fish,-1,240,0,304,0,count:4
3240,stat_kill,Fish,-1,240,0,304,0,count:2
3240,stat_birth,Sectid,-1,240,0,304,0,count:1
3240,stat_kill,Fish,-1,240,0,336,0,count:2
3240,stat_starvation,Deer,-1,272,0,48,0,count:1
3240,stat_starvation,Musk Ox,-1,272,0,48,0,count:1
3240,stat_starvation,Musk Ox,-1,272,0,80,0,count:1
3240,stat_starvation,Deer,-1,272,0,144,0,count:1
3240,stat_birth,Fish,-1,272,0,304,0,count:10
3240,stat_age_death,Fish,-1,272,0,304,0,count:1
3240,stat_kill,Fish,-1,272,0,304,0,count:5
3240,stat_birth,Sectid,-1,272,0,304,0,count:1
3240,stat_birth,Fish,-1,272,0,336,0,count:6
3240,stat_kill,Fish,-1,272,0,336,0,count:2
3240,stat_birth,Sectid,-1,272,0,336,0,count:1
3240,stat_starvation,Musk Ox,-1,304,0,48,0,count:1
3240,stat_starvation,Musk Ox,-1,304,0,80,0,count:1
3240,stat_starvation,Deer,-1,304,0,112,0,count:1
3240,stat_starvation,Deer,-1,304,0,144,0,count:1
3240,stat_kill,Fish,-1,304,0,176,0,count:1
3240,stat_age_death,Fish,-1,304,0,208,0,count:1
3240,stat_birth,Fish,-1,304,0,304,0,count:7
3240,stat_kill,Fish,-1,304,0,304,0,count:1
3240,stat_birth,Fish,-1,304,0,336,0,count:7
3240,stat_kill,Fish,-1,304,0,336,0,count:2
3240,stat_starvation,Elk,-1,304,0,336,0,count:1
3240,stat_starvation,Deer,-1,336,0,112,0,count:1
3240,stat_starvation,Deer,-1,336,0,144,0,count:1
3240,stat_birth,Fish,-1,336,0,176,0,count:9
3240,stat_age_death,Fish,-1,336,0,176,0,count:1
3240,stat_age_death,Fish,-1,336,0,208,0,count:1
3240,stat_birth,Fish,-1,336,0,240,0,count:10
3240,stat_birth,Sectid,-1,336,0,304,0,count:1
3240,stat_starvation,Musk Ox,-1,368,0,16,0,count:1
3240,stat_birth,Arctic Fox,-1,368,0,112,0,count:1
3240,stat_kill,Fish,-1,368,0,112,0,count:1
3240,stat_birth,Fish,-1,368,0,176,0,count:17
3240,stat_age_death,Fish,-1,368,0,176,0,count:1
3240,stat_birth,Fish,-1,368,0,208,0,count:9
3240,stat_birth,Arctic Fox,-1,400,0,112,0,count:1
3240,stat_age_death,Fish,-1,400,0,144,0,count:1
3240,stat_kill,Fish,-1,400,0,144,0,count:1
3240,stat_birth,Fish,-1,400,0,176,0,count:6
3240,stat_birth,Fish,-1,432,0,144,0,count:5
3240,stat_birth,Fish,-1,432,0,176,0,count:5
3240,stat_age_death,Fish,-1,432,0,176,0,count:1
3240,stat_starvation,Elk,-1,432,0,400,0,count:1
3240,stat_birth,Fish,-1,464,0,336,0,count:5
3240,stat_starvation,Elk,-1,464,0,400,0,count:1
3240,stat_kill,Fish,-1,496,0,272,0,count:1
3240,stat_kill,Fish,-1,496,0,304,0,count:1
3240,stat_birth,Fish,-1,496,0,336,0,count:5
3240,stat_starvation,Elk,-1,496,0,496,0,count:1
3270,stat_starvation,Elk,-1,16,0,80,0,count:1
3270,stat_kill,Sectid,-1,16,0,80,0,count:1
3270,stat_kill,Deer,-1,16,0,144,0,count:1
3270,stat_starvation,Sectid,-1,48,0,80,0,count:1
3270,stat_starvation,Elk,-1,48,0,80,0,count:1
3270,stat_starvation,Deer,-1,48,0,80,0,count:1
3270,stat_starvation,Elk,-1,48,0,112,0,count:1
3270,stat_starvation,Deer,-1,48,0,176,0,count:1
3270,stat_starvation,Elk,-1,48,0,176,0,count:1
3270,stat_birth,Sectid,-1,48,0,240,0,count:1
3270,stat_birth,Fish,-1,48,0,272,0,count:19
3270,stat_age_death,Fish,-1,48,0,272,0,count:1
3270,stat_kill,Fish,-1,48,0,272,0,count:2
3270,stat_starvation,Camel,-1,48,0,272,0,count:1
3270,stat_birth,Frog,-1,48,0,304,0,count:1
3270,stat_kill,Fish,-1,48,0,304,0,count:1
3270,stat_birth,Sectid,-1,48,0,304,0,count:1
3270,stat_starvation,Camel,-1,48,0,336,0,count:1
3270,stat_starvation,Camel,-1,48,0,368,0,count:1
3270,stat_starvation,Camel,-1,48,0,400,0,count:1
3270,stat_starvation,Elk,-1,80,0,16,0,count:1
3270,stat_starvation,Elk,-1,80,0,48,0,count:1
3270,stat_starvation,Elk,-1,80,0,80,0,count:1
3270,stat_starvation,Elk,-1,80,0,112,0,count:1
3270,stat_starvation,Deer,-1,80,0,144,0,count:1
3270,stat_starvation,Deer,-1,80,0,176,0,count:1
3270,stat_starvation,Elk,-1,80,0,176,0,count:1
3270,stat_birth,Sectid,-1,80,0,304,0,count:1
3270,stat_starvation,Camel,-1,80,0,336,0,count:1
3270,stat_kill,Shroomer,-1,80,0,368,0,count:1
3270,stat_starvation,Elk,-1,112,0,48,0,count:1
3270,stat_starvation,Sectid,-1,112,0,48,0,count:1
3270,stat_starvation,Musk Ox,-1,112,0,48,0,count:1
3270,stat_starvation,Sectid,-1,112,0,80,0,count:1
3270,stat_starvation,Deer,-1,112,0,144,0,count:1
3270,stat_starvation,Deer,-1,112,0,176,0,count:1
3270,stat_starvation,Elk,-1,112,0,176,0,count:1
3270,stat_starvation,Sectid,-1,112,0,208,0,count:1
3270,stat_starvation,Camel,-1,112,0,304,0,count:1
3270,stat_starvation,Camel,-1,112,0,336,0,count:1
3270,stat_starvation,Elk,-1,144,0,16,0,count:1
3270,stat_starvation,Elk,-1,144,0,80,0,count:1
3270,stat_kill,Elk,-1,144,0,208,0,count:1
3270,stat_starvation,Camel,-1,144,0,240,0,count:1
3270,stat_starvation,Camel,-1,144,0,368,0,count:1
3270,stat_kill,Camel,-1,144,0,432,0,count:1
3270,stat_starvation,Deer,-1,176,0,80,0,count:1
3270,stat_starvation,Deer,-1,176,0,144,0,count:1
3270,stat_starvation,Sectid,-1,176,0,144,0,count:1
3270,stat_starvation,Elk,-1,176,0,176,0,count:1
3270,stat_kill,Shroomer,-1,176,0,368,0,count:1
3270,stat_starvation,Camel,-1,176,0,432,0,count:1
3270,stat_starvation,Elk,-1,208,0,112,0,count:1
3270,stat_starvation,Camel,-1,208,0,304,0,count:1
3270,stat_starvation,Deer,-1,240,0,16,0,count:1
3270,stat_kill,Tapir,-1,240,0,80,0,count:1
3270,stat_kill,Deer,-1,240,0,112,0,count:1
3270,stat_kill,Deer,-1,240,0,144,0,count:1
3270,stat_birth,Fish,-1,240,0,304,0,count:5
3270,stat_kill,Fish,-1,240,0,304,0,count:3
3270,stat_birth,Sectid,-1,240,0,304,0,count:1
3270,stat_kill,Fish,-1,240,0,336,0,count:2
3270,stat_birth,Sectid,-1,240,0,336,0,count:2
3270,stat_birth,Sectid,-1,272,0,16,0,count:1
3270,stat_starvation,Musk Ox,-1,272,0,80,0,count:1
3270,stat_kill,Fish,-1,272,0,176,0,count:1
3270,stat_birth,Fish,-1,272,0,304,0,count:9
3270,stat_age_death,Fish,-1,272,0,304,0,count:1
3270,stat_kill,Fish,-1,272,0,304,0,count:4
3270,stat_birth,Sectid,-1,272,0,304,0,count:1
3270,stat_birth,Fish,-1,272,0,336,0,count:6
3270,stat_kill,Fish,-1,272,0,336,0,count:3
3270,stat_birth,Sectid,-1,272,0,336,0,count:1
3270,stat_birth,Sectid,-1,272,0,368,0,count:1
3270,stat_birth,Sectid,-1,304,0,80,0,count:1
3270,stat_kill,Fish,-1,304,0,272,0,count:1
3270,stat_starvation,Elk,-1,304,0,304,0,count:1
3270,stat_birth,Fish,-1,304,0,304,0,count:8
3270,stat_kill,Fish,-1,304,0,304,0,count:2
3270,stat_birth,Sectid,-1,304,0,304,0,count:1
3270,stat_birth,Fish,-1,304,0,336,0,count:7
3270,stat_kill,Fish,-1,304,0,336,0,count:1
3270,stat_starvation,Elk,-1,304,0,336,0,count:1
3270,stat_birth,Sectid,-1,304,0,368,0,count:1
3270,stat_starvation,Musk Ox,-1,336,0,48,0,count:1
3270,stat_starvation,Elk,-1,336,0,176,0,count:1
3270,stat_birth,Fish,-1,336,0,176,0,count:11
3270,stat_age_death,Fish,-1,336,0,208,0,count:2
3270,stat_birth,Fish,-1,336,0,240,0,count:9
3270,stat_age_death,Fish,-1,336,0,240,0,count:1
3270,stat_birth,Sectid,-1,336,0,304,0,count:1
3270,stat_starvation,Musk Ox,-1,368,0,48,0,count:1
3270,stat_kill,Fish,-1,368,0,112,0,count:1
3270,stat_starvation,Elk,-1,368,0,176,0,count:1
3270,stat_birth,Fish,-1,368,0,176,0,count:19
3270,stat_age_death,Fish,-1,368,0,176,0,count:1
3270,stat_birth,Fish,-1,368,0,208,0,count:10
3270,stat_age_death,Fish,-1,368,0,208,0,count:1
3270,stat_age_death,Fish,-1,368,0,240,0,count:1
3270,stat_age_death,Fish,-1,400,0,144,0,count:1
3270,stat_birth,Snake,-1,400,0,176,0,count:1
3270,stat_birth,Fish,-1,400,0,176,0,count:5
3270,stat_age_death,Fish,-1,400,0,176,0,count:1
3270,stat_birth,Fish,-1,432,0,144,0,count:5
3270,stat_age_death,Fish,-1,432,0,144,0,count:1
3270,stat_birth,Fish,-1,432,0,176,0,count:5
3270,stat_starvation,Elk,-1,432,0,400,0,count:1
3270,stat_birth,Shroomer,-1,464,0,48,0,count:1
3270,stat_birth,Shroomer,-1,464,0,304,0,count:1
3270,stat_birth,Fish,-1,464,0,336,0,count:4
3270,stat_age_death,Fish,-1,464,0,336,0,count:1
3270,stat_kill,Fish,-1,496,0,304,0,count:1
3270,stat_birth,Scorpion,-1,496,0,304,0,count:1
3270,stat_birth,Fish,-1,496,0,336,0,count:4
3270,stat_age_death,Fish,-1,496,0,336,0,count:1
3300,stat_starvation,Elk,-1,16,0,48,0,count:1
3300,stat_starvation,Elk,-1,16,0,80,0,count:1
3300,stat_starvation,Elk,-1,16,0,112,0,count:1
3300,stat_birth,Sectid,-1,16,0,240,0,count:1
3300,stat_starvation,Elk,-1,16,0,272,0,count:1
3300,stat_starvation,Elk,-1,16,0,304,0,count:1
3300,stat_starvation,Camel,-1,16,0,368,0,count:1
3300,stat_starvation,Elk,-1,48,0,16,0,count:1
3300,stat_starvation,Elk,-1,48,0,48,0,count:1
3300,stat_starvation,Sectid,-1,48,0,80,0,count:1
3300,stat_starvation,Elk,-1,48,0,112,0,count:1
3300,stat_starvation,Elk,-1,48,0,144,0,count:2
3300,stat_starvation,Deer,-1,48,0,176,0,count:1
3300,stat_starvation,Elk,-1,48,0,176,0,count:2
3300,stat_starvation,Elk,-1,48,0,240,0,count:1
3300,stat_birth,Fish,-1,48,0,272,0,count:21
3300,stat_age_death,Fish,-1,48,0,272,0,count:1
3300,stat_kill,Fish,-1,48,0,272,0,count:3
3300,stat_birth,Sectid,-1,48,0,336,0,count:1
3300,stat_starvation,Elk,-1,80,0,176,0,count:1
3300,stat_birth,Sectid,-1,80,0,240,0,count:1
3300,stat_kill,Fish,-1,80,0,240,0,count:1
3300,stat_birth,Sectid,-1,80,0,272,0,count:1
3300,stat_starvation,Camel,-1,80,0,304,0,count:1
3300,stat_starvation,Camel,-1,80,0,336,0,count:2
3300,stat_starvation,Camel,-1,80,0,400,0,count:1
3300,stat_kill,Sectid,-1,80,0,400,0,count:1
3300,stat_starvation,Elk,-1,112,0,80,0,count:1
3300,stat_starvation,Deer,-1,112,0,112,0,count:1
3300,stat_starvation,Elk,-1,112,0,144,0,count:1
3300,stat_starvation,Sectid,-1,112,0,208,0,count:1
3300,stat_starvation,Camel,-1,112,0,304,0,count:1
3300,stat_starvation,Camel,-1,112,0,368,0,count:1
3300,stat_kill,Camel,-1,112,0,400,0,count:1
3300,stat_starvation,Sectid,-1,144,0,80,0,count:1
3300,stat_starvation,Sectid,-1,144,0,112,0,count:1
3300,stat_starvation,Elk,-1,144,0,144,0,count:1
3300,stat_kill,Deer,-1,144,0,208,0,count:1
3300,stat_starvation,Camel,-1,144,0,304,0,count:1
3300,stat_starvation,Camel,-1,144,0,336,0,count:1
3300,stat_starvation,Elk,-1,176,0,112,0,count:1
3300,stat_starvation,Sectid,-1,176,0,112,0,count:2
3300,stat_starvation,Elk,-1,176,0,144,0,count:1
3300,stat_starvation,Sectid,-1,176,0,240,0,count:1
3300,stat_starvation,Camel,-1,176,0,304,0,count:2
3300,stat_starvation,Camel,-1,176,0,400,0,count:1
3300,stat_starvation,Deer,-1,208,0,48,0,count:1
3300,stat_starvation,Elk,-1,208,0,80,0,count:1
3300,stat_kill,Deer,-1,208,0,144,0,count:1
3300,stat_kill,Elk,-1,208,0,176,0,count:1
3300,stat_starvation,Sectid,-1,208,0,208,0,count:1
3300,stat_birth,Sectid,-1,208,0,240,0,count:1
3300,stat_starvation,Camel,-1,208,0,272,0,count:2
3300,stat_kill,Fish,-1,208,0,304,0,count:1
3300,stat_starvation,Camel,-1,208,0,336,0,count:1
3300,stat_kill,Fish,-1,208,0,336,0,count:1
3300,stat_starvation,Camel,-1,208,0,368,0,count:1
3300,stat_starvation,Deer,-1,240,0,16,0,count:1
3300,stat_starvation,Deer,-1,240,0,48,0,count:1
3300,stat_starvation,Deer,-1,240,0,80,0,count:1
3300,stat_starvation,Musk Ox,-1,240,0,80,0,count:2
3300,stat_birth,Fish,-1,240,0,304,0,count:5
3300,stat_kill,Fish,-1,240,0,304,0,count:3
3300,stat_birth,Sectid,-1,240,0,304,0,count:1
3300,stat_kill,Fish,-1,240,0,336,0,count:2
3300,stat_birth,Sectid,-1,240,0,336,0,count:1
3300,stat_starvation,Deer,-1,272,0,48,0,count:1
3300,stat_starvation,Deer,-1,272,0,80,0,count:1
3300,stat_birth,Sectid,-1,272,0,144,0,count:1
3300,stat_birth,Lizard,-1,272,0,176,0,count:1
3300,stat_birth,Fish,-1,272,0,304,0,count:9
3300,stat_age_death,Fish,-1,272,0,304,0,count:1
3300,stat_kill,Fish,-1,272,0,304,0,count:5
3300,stat_birth,Sectid,-1,272,0,304,0,count:2
3300,stat_birth,Fish,-1,272,0,336,0,count:7
3300,stat_kill,Fish,-1,272,0,336,0,count:3
3300,stat_birth,Sectid,-1,272,0,336,0,count:2
3300,stat_starvation,Musk Ox,-1,304,0,16,0,count:1
3300,stat_starvation,Musk Ox,-1,304,0,48,0,count:1
3300,stat_birth,Sectid,-1,304,0,144,0,count:1
3300,stat_kill,Fish,-1,304,0,176,0,count:1
3300,stat_birth,Sectid,-1,304,0,176,0,count:1
3300,stat_kill,Fish,-1,304,0,272,0,count:1
3300,stat_birth,Fish,-1,304,0,304,0,count:7
3300,stat_kill,Fish,-1,304,0,304,0,count:1
3300,stat_birth,Fish,-1,304,0,336,0,count:7
3300,stat_kill,Fish,-1,304,0,336,0,count:2
3300,stat_starvation,Elk,-1,304,0,336,0,count:1
3300,stat_birth,Sectid,-1,304,0,336,0,count:1
3300,stat_starvation,Musk Ox,-1,336,0,48,0,count:1
3300,stat_starvation,Musk Ox,-1,336,0,80,0,count:1
3300,stat_starvation,Deer,-1,336,0,112,0,count:1
3300,stat_starvation,Musk Ox,-1,336,0,112,0,count:1
3300,stat_birth,Fish,-1,336,0,176,0,count:11
3300,stat_age_death,Fish,-1,336,0,176,0,count:1
3300,stat_age_death,Fish,-1,336,0,208,0,count:1
3300,stat_birth,Fish,-1,336,0,240,0,count:11
3300,stat_age_death,Fish,-1,336,0,240,0,count:1
3300,stat_birth,Fish,-1,336,0,272,0,count:1
3300,stat_starvation,Deer,-1,368,0,80,0,count:1
3300,stat_kill,Fish,-1,368,0,112,0,count:1
3300,stat_kill,Fish,-1,368,0,144,0,count:1
3300,stat_birth,Fish,-1,368,0,176,0,count:19
3300,stat_age_death,Fish,-1,368,0,176,0,count:1
3300,stat_birth,Fish,-1,368,0,208,0,count:11
3300,stat_starvation,Sectid,-1,368,0,336,0,count:1
3300,stat_kill,Fish,-1,400,0,112,0,count:1
3300,stat_age_death,Fish,-1,400,0,144,0,count:1
3300,stat_kill,Fish,-1,400,0,144,0,count:1
3300,stat_starvation,Elk,-1,400,0,144,0,count:1
3300,stat_birth,Fish,-1,400,0,176,0,count:6
3300,stat_birth,Fish,-1,432,0,144,0,count:5
3300,stat_birth,Fish,-1,432,0,176,0,count:5
3300,stat_kill,Fish,-1,464,0,272,0,count:1
3300,stat_birth,Fish,-1,464,0,336,0,count:5
3300,stat_kill,Fish,-1,496,0,304,0,count:1
3330,stat_starvation,Elk,-1,16,0,16,0,count:1
3330,stat_starvation,Elk,-1,16,0,80,0,count:1
3330,stat_starvation,Elk,-1,16,0,144,0,count:1
3330,stat_starvation,Sectid,-1,48,0,80,0,count:1
3330,stat_starvation,Elk,-1,48,0,80,0,count:1
3330,stat_kill,Deer,-1,48,0,112,0,count:1
3330,stat_starvation,Elk,-1,48,0,112,0,count:1
3330,stat_starvation,Elk,-1,48,0,144,0,count:1
3330,stat_starvation,Deer,-1,48,0,176,0,count:1
3330,stat_starvation,Elk,-1,48,0,176,0,count:1
3330,stat_birth,Sectid,-1,48,0,240,0,count:1
3330,stat_birth,Fish,-1,48,0,272,0,count:20
3330,stat_age_death,Fish,-1,48,0,272,0,count:1
3330,stat_kill,Fish,-1,48,0,272,0,count:3
3330,stat_starvation,Elk,-1,48,0,272,0,count:1
3330,stat_birth,Sectid,-1,48,0,272,0,count:1
3330,stat_birth,Arctic Fox,-1,48,0,304,0,count:1
3330,stat_starvation,Elk,-1,48,0,336,0,count:1
3330,stat_starvation,Camel,-1,48,0,336,0,count:2
3330,stat_starvation,Camel,-1,48,0,368,0,count:1
3330,stat_starvation,Elk,-1,80,0,16,0,count:1
3330,stat_starvation,Elk,-1,80,0,112,0,count:1
3330,stat_starvation,Elk,-1,80,0,144,0,count:1
3330,stat_starvation,Elk,-1,80,0,176,0,count:1
3330,stat_birth,Sectid,-1,80,0,240,0,count:1
3330,stat_kill,Fish,-1,80,0,272,0,count:1
3330,stat_birth,Sectid,-1,80,0,272,0,count:1
3330,stat_birth,Sectid,-1,80,0,304,0,count:1
3330,stat_starvation,Camel,-1,80,0,336,0,count:1
3330,stat_starvation,Deer,-1,112,0,48,0,count:1
3330,stat_starvation,Sectid,-1,112,0,48,0,count:1
3330,stat_starvation,Sectid,-1,112,0,80,0,count:1
3330,stat_starvation,Elk,-1,112,0,144,0,count:1
3330,stat_starvation,Deer,-1,112,0,208,0,count:1
3330,stat_starvation,Camel,-1,112,0,336,0,count:1
3330,stat_starvation,Camel,-1,112,0,368,0,count:1
3330,stat_starvation,Elk,-1,144,0,48,0,count:1
3330,stat_starvation,Sectid,-1,144,0,80,0,count:1
3330,stat_starvation,Sectid,-1,144,0,112,0,count:1
3330,stat_starvation,Elk,-1,144,0,144,0,count:1
3330,stat_starvation,Camel,-1,144,0,240,0,count:1
3330,stat_kill,Camel,-1,144,0,272,0,count:1
3330,stat_kill,Turtle,-1,144,0,304,0,count:1
3330,stat_starvation,Camel,-1,144,0,304,0,count:1
3330,stat_starvation,Camel,-1,144,0,336,0,count:1
3330,stat_starvation,Camel,-1,144,0,368,0,count:1
3330,stat_starvation,Camel,-1,144,0,400,0,count:1
3330,stat_kill,Elk,-1,176,0,80,0,count:1
3330,stat_starvation,Deer,-1,176,0,112,0,count:1
3330,stat_starvation,Sectid,-1,176,0,112,0,count:1
3330,stat_starvation,Sectid,-1,176,0,144,0,count:1
3330,stat_starvation,Sectid,-1,176,0,240,0,count:1
3330,stat_starvation,Camel,-1,176,0,336,0,count:1
3330,stat_starvation,Camel,-1,176,0,368,0,count:1
3330,stat_kill,Deer,-1,208,0,16,0,count:1
3330,stat_starvation,Deer,-1,208,0,48,0,count:1
3330,stat_kill,Turtle,-1,208,0,176,0,count:1
3330,stat_starvation,Sectid,-1,208,0,240,0,count:1
3330,stat_starvation,Camel,-1,208,0,304,0,count:2
3330,stat_starvation,Camel,-1,208,0,368,0,count:1
3330,stat_starvation,Camel,-1,208,0,400,0,count:1
3330,stat_starvation,Deer,-1,240,0,80,0,count:1
3330,stat_starvation,Musk Ox,-1,240,0,80,0,count:1
3330,stat_kill,Elk,-1,240,0,112,0,count:1
3330,stat_starvation,Deer,-1,240,0,176,0,count:1
3330,stat_birth,Fish,-1,240,0,304,0,count:6
3330,stat_kill,Fish,-1,240,0,304,0,count:3
3330,stat_birth,Sectid,-1,240,0,304,0,count:1
3330,stat_birth,Fish,-1,240,0,336,0,count:1
3330,stat_kill,Fish,-1,240,0,336,0,count:2
3330,stat_birth,Sectid,-1,240,0,368,0,count:1
3330,stat_kill,Shroomer,-1,240,0,464,0,count:1
3330,stat_starvation,Deer,-1,272,0,48,0,count:1
3330,stat_starvation,Musk Ox,-1,272,0,48,0,count:1
3330,stat_starvation,Deer,-1,272,0,80,0,count:1
3330,stat_birth,Sectid,-1,272,0,176,0,count:1
3330,stat_birth,Fish,-1,272,0,304,0,count:9
3330,stat_age_death,Fish,-1,272,0,304,0,count:1
3330,stat_kill,Fish,-1,272,0,304,0,count:5
3330,stat_birth,Sectid,-1,272,0,304,0,count:1
3330,stat_starvation,Camel,-1,272,0,304,0,count:1
3330,stat_birth,Fish,-1,272,0,336,0,count:6
3330,stat_kill,Fish,-1,272,0,336,0,count:3
3330,stat_birth,Sectid,-1,272,0,336,0,count:1
3330,stat_starvation,Musk Ox,-1,304,0,112,0,count:1
3330,stat_birth,Sectid,-1,304,0,112,0,count:1
3330,stat_kill,Lizard,-1,304,0,144,0,count:1
3330,stat_kill,Fish,-1,304,0,176,0,count:1
3330,stat_age_death,Fish,-1,304,0,208,0,count:1
3330,stat_kill,Fish,-1,304,0,272,0,count:1
3330,stat_birth,Sectid,-1,304,0,272,0,count:1
3330,stat_birth,Fish,-1,304,0,304,0,count:8
3330,stat_kill,Fish,-1,304,0,304,0,count:2
3330,stat_birth,Fish,-1,304,0,336,0,count:8
3330,stat_kill,Fish,-1,304,0,336,0,count:2
3330,stat_starvation,Elk,-1,304,0,336,0,count:1
3330,stat_birth,Sectid,-1,304,0,336,0,count:1
3330,stat_birth,Fish,-1,336,0,144,0,count:1
3330,stat_kill,Fish,-1,336,0,144,0,count:1
3330,stat_birth,Fish,-1,336,0,176,0,count:12
3330,stat_age_death,Fish,-1,336,0,176,0,count:1
3330,stat_age_death,Fish,-1,336,0,208,0,count:2
3330,stat_birth,Fish,-1,336,0,240,0,count:11
3330,stat_birth,Sectid,-1,336,0,304,0,count:1
3330,stat_kill,Fish,-1,336,0,304,0,count:1
3330,stat_starvation,Deer,-1,368,0,48,0,count:1
3330,stat_age_death,Fish,-1,368,0,176,0,count:1
3330,stat_age_death,Fish,-1,368,0,208,0,count:1
3330,stat_age_death,Fish,-1,400,0,144,0,count:1
3330,stat_kill,Fish,-1,400,0,144,0,count:1
3330,stat_birth,Fish,-1,400,0,176,0,count:7
3330,stat_age_death,Fish,-1,400,0,176,0,count:1
3330,stat_age_death,Fish,-1,432,0,112,0,count:1
3330,stat_birth,Fish,-1,432,0,144,0,count:6
3330,stat_age_death,Fish,-1,432,0,144,0,count:1
3330,stat_birth,Fish,-1,432,0,176,0,count:6
3330,stat_age_death,Fish,-1,432,0,176,0,count:1
3330,stat_starvation,Elk,-1,432,0,400,0,count:1
3330,stat_starvation,Elk,-1,432,0,464,0,count:1
3330,stat_age_death,Fish,-1,464,0,304,0,count:1
3330,stat_birth,Fish,-1,464,0,336,0,count:6
3330,stat_starvation,Elk,-1,464,0,432,0,count:1
3330,stat_starvation,Elk,-1,464,0,496,0,count:1
3330,stat_starvation,Elk,-1,496,0,368,0,count:1
3330,stat_starvation,Elk,-1,496,0,432,0,count:1
3360,stat_starvation,Elk,-1,16,0,80,0,count:1
3360,stat_starvation,Elk,-1,16,0,112,0,count:1
3360,stat_starvation,Elk,-1,16,0,144,0,count:1
3360,stat_birth,Sectid,-1,16,0,208,0,count:1
3360,stat_kill,Fish,-1,16,0,240,0,count:1
3360,stat_starvation,Elk,-1,16,0,272,0,count:1
3360,stat_starvation,Elk,-1,16,0,304,0,count:1
3360,stat_starvation,Elk,-1,16,0,368,0,count:1
3360,stat_starvation,Camel,-1,16,0,368,0,count:1
3360,stat_starvation,Sectid,-1,48,0,80,0,count:2
3360,stat_kill,Deer,-1,48,0,144,0,count:1
3360,stat_starvation,Deer,-1,48,0,176,0,count:1
3360,stat_starvation,Elk,-1,48,0,176,0,count:2
3360,stat_starvation,Elk,-1,48,0,240,0,count:1
3360,stat_kill,Fish,-1,48,0,240,0,count:1
3360,stat_birth,Sectid,-1,48,0,240,0,count:1
3360,stat_birth,Fish,-1,48,0,272,0,count:22
3360,stat_age_death,Fish,-1,48,0,272,0,count:1
3360,stat_kill,Fish,-1,48,0,272,0,count:4
3360,stat_starvation,Camel,-1,48,0,272,0,count:1
3360,stat_birth,Sectid,-1,48,0,272,0,count:1
3360,stat_birth,Sectid,-1,48,0,304,0,count:1
3360,stat_starvation,Camel,-1,48,0,336,0,count:1
3360,stat_starvation,Elk,-1,48,0,400,0,count:1
3360,stat_starvation,Camel,-1,48,0,400,0,count:1
3360,stat_starvation,Elk,-1,80,0,48,0,count:1
3360,stat_starvation,Sectid,-1,80,0,80,0,count:1
3360,stat_starvation,Elk,-1,80,0,176,0,count:1
3360,stat_kill,Deer,-1,80,0,208,0,count:1
3360,stat_kill,Fish,-1,80,0,304,0,count:1
3360,stat_starvation,Camel,-1,80,0,368,0,count:1
3360,stat_kill,Shroomer,-1,80,0,400,0,count:1
3360,stat_starvation,Sectid,-1,112,0,48,0,count:1
3360,stat_starvation,Elk,-1,112,0,144,0,count:1
3360,stat_starvation,Elk,-1,112,0,176,0,count:1
3360,stat_starvation,Sectid,-1,112,0,208,0,count:1
3360,stat_starvation,Elk,-1,112,0,208,0,count:1
3360,stat_starvation,Camel,-1,112,0,304,0,count:1
3360,stat_starvation,Camel,-1,112,0,336,0,count:1
3360,stat_starvation,Elk,-1,144,0,80,0,count:1
3360,stat_starvation,Elk,-1,144,0,144,0,count:1
3360,stat_birth,Deer,-1,144,0,208,0,count:1
3360,stat_starvation,Camel,-1,144,0,304,0,count:1
3360,stat_starvation,Camel,-1,144,0,400,0,count:1
3360,stat_starvation,Sectid,-1,176,0,112,0,count:1
3360,stat_starvation,Sectid,-1,176,0,144,0,count:1
3360,stat_starvation,Elk,-1,176,0,144,0,count:1
3360,stat_starvation,Camel,-1,176,0,304,0,count:2
3360,stat_starvation,Camel,-1,176,0,336,0,count:1
3360,stat_kill,Monkey,-1,176,0,368,0,count:1
3360,stat_starvation,Camel,-1,176,0,400,0,count:2
3360,stat_starvation,Camel,-1,176,0,432,0,count:1
3360,stat_kill,Musk Ox,-1,208,0,48,0,count:1
3360,stat_kill,Elk,-1,208,0,144,0,count:1
3360,stat_kill,Deer,-1,208,0,176,0,count:1
3360,stat_starvation,Camel,-1,208,0,272,0,count:1
3360,stat_kill,Shroomer,-1,208,0,336,0,count:1
3360,stat_starvation,Camel,-1,208,0,336,0,count:1
3360,stat_starvation,Deer,-1,240,0,16,0,count:1
3360,stat_starvation,Deer,-1,240,0,48,0,count:1
3360,stat_starvation,Musk Ox,-1,240,0,48,0,count:1
3360,stat_starvation,Musk Ox,-1,240,0,80,0,count:1
3360,stat_birth,Fish,-1,240,0,304,0,count:5
3360,stat_kill,Fish,-1,240,0,304,0,count:3
3360,stat_birth,Fish,-1,240,0,336,0,count:1
3360,stat_kill,Fish,-1,240,0,336,0,count:2
3360,stat_birth,Sectid,-1,240,0,336,0,count:1
3360,stat_kill,Fish,-1,240,0,368,0,count:1
3360,stat_birth,Sectid,-1,240,0,464,0,count:1
3360,stat_kill,Turtle,-1,272,0,16,0,count:1
3360,stat_starvation,Musk Ox,-1,272,0,80,0,count:1
3360,stat_starvation,Deer,-1,272,0,144,0,count:1
3360,stat_starvation,Deer,-1,272,0,176,0,count:1
3360,stat_birth,Fish,-1,272,0,304,0,count:10
3360,stat_age_death,Fish,-1,272,0,304,0,count:1
3360,stat_kill,Fish,-1,272,0,304,0,count:6
3360,stat_starvation,Elk,-1,272,0,304,0,count:1
3360,stat_birth,Sectid,-1,272,0,304,0,count:2
3360,stat_kill,Fish,-1,272,0,336,0,count:3
3360,stat_birth,Sectid,-1,272,0,336,0,count:2
3360,stat_birth,Sectid,-1,272,0,368,0,count:1
3360,stat_birth,Turtle,-1,304,0,48,0,count:1
3360,stat_starvation,Deer,-1,304,0,48,0,count:1
3360,stat_birth,Sectid,-1,304,0,48,0,count:1
3360,stat_starvation,Musk Ox,-1,304,0,112,0,count:2
3360,stat_birth,Scorpion,-1,304,0,144,0,count:1
3360,stat_kill,Fish,-1,304,0,176,0,count:1
3360,stat_birth,Shroomer,-1,304,0,272,0,count:1
3360,stat_kill,Fish,-1,304,0,304,0,count:2
3360,stat_birth,Fish,-1,304,0,336,0,count:7
3360,stat_kill,Fish,-1,304,0,336,0,count:3
3360,stat_starvation,Musk Ox,-1,336,0,16,0,count:1
3360,stat_starvation,Musk Ox,-1,336,0,48,0,count:1
3360,stat_starvation,Deer,-1,336,0,80,0,count:1
3360,stat_birth,Fish,-1,336,0,176,0,count:12
3360,stat_age_death,Fish,-1,336,0,208,0,count:2
3360,stat_birth,Fish,-1,336,0,240,0,count:12
3360,stat_age_death,Fish,-1,336,0,240,0,count:1
3360,stat_starvation,Deer,-1,368,0,80,0,count:2
3360,stat_starvation,Deer,-1,368,0,112,0,count:1
3360,stat_kill,Fish,-1,368,0,112,0,count:1
3360,stat_starvation,Elk,-1,368,0,144,0,count:1
3360,stat_kill,Fish,-1,368,0,144,0,count:1
3360,stat_age_death,Fish,-1,368,0,176,0,count:1
3360,stat_age_death,Fish,-1,368,0,208,0,count:1
3360,stat_age_death,Fish,-1,368,0,240,0,count:1
3360,stat_birth,Fish,-1,400,0,144,0,count:9
3360,stat_age_death,Fish,-1,400,0,144,0,count:1
3360,stat_kill,Fish,-1,400,0,144,0,count:1
3360,stat_birth,Fish,-1,400,0,176,0,count:7
3360,stat_age_death,Fish,-1,400,0,176,0,count:1
3360,stat_birth,Fish,-1,432,0,144,0,count:6
3360,stat_birth,Fish,-1,432,0,176,0,count:5
3360,stat_starvation,Fish,-1,432,0,304,0,count:1
3360,stat_age_death,Fish,-1,464,0,336,0,count:1
3360,stat_starvation,Elk,-1,464,0,368,0,count:1
3360,stat_kill,Fish,-1,496,0,304,0,count:1
3360,stat_birth,Scorpion,-1,496,0,304,0,count:1
3360,stat_age_death,Fish,-1,496,0,336,0,count:1
3360,stat_starvation,Elk,-1,496,0,400,0,count:1
3390,stat_starvation,Elk,-1,16,0,112,0,count:1
3390,stat_starvation,Elk,-1,16,0,144,0,count:1
3390,stat_birth,Sectid,-1,16,0,240,0,count:1
3390,stat_kill,Fish,-1,16,0,272,0,count:1
3390,stat_starvation,Camel,-1,16,0,368,0,count:1
3390,stat_starvation,Camel,-1,16,0,400,0,count:1
3390,stat_kill,Parrot,-1,16,0,464,0,count:1
3390,stat_starvation,Elk,-1,48,0,48,0,count:1
3390,stat_starvation,Sectid,-1,48,0,80,0,count:1
3390,stat_starvation,Elk,-1,48,0,80,0,count:1
3390,stat_starvation,Elk,-1,48,0,112,0,count:1
3390,stat_starvation,Elk,-1,48,0,144,0,count:1
3390,stat_starvation,Deer,-1,48,0,176,0,count:1
3390,stat_starvation,Elk,-1,48,0,176,0,count:1
3390,stat_kill,Deer,-1,48,0,208,0,count:1
3390,stat_kill,Camel,-1,48,0,240,0,count:1
3390,stat_starvation,Elk,-1,48,0,240,0,count:1
3390,stat_birth,Fish,-1,48,0,272,0,count:23
3390,stat_age_death,Fish,-1,48,0,272,0,count:1
3390,stat_kill,Fish,-1,48,0,272,0,count:4
3390,stat_starvation,Elk,-1,48,0,272,0,count:1
3390,stat_starvation,Camel,-1,48,0,272,0,count:1
3390,stat_starvation,Elk,-1,48,0,336,0,count:1
3390,stat_starvation,Elk,-1,48,0,368,0,count:1
3390,stat_starvation,Camel,-1,48,0,368,0,count:1
3390,stat_age_death,Sectid,-1,80,0,144,0,count:1
3390,stat_starvation,Elk,-1,80,0,208,0,count:2
3390,stat_birth,Sectid,-1,80,0,240,0,count:1
3390,stat_birth,Sectid,-1,80,0,272,0,count:1
3390,stat_starvation,Elk,-1,80,0,304,0,count:1
3390,stat_starvation,Camel,-1,80,0,304,0,count:1
3390,stat_birth,Sectid,-1,80,0,304,0,count:1
3390,stat_starvation,Camel,-1,80,0,336,0,count:1
3390,stat_starvation,Camel,-1,80,0,368,0,count:1
3390,stat_starvation,Camel,-1,80,0,400,0,count:1
3390,stat_starvation,Elk,-1,112,0,48,0,count:1
3390,stat_starvation,Sectid,-1,112,0,80,0,count:1
3390,stat_starvation,Elk,-1,112,0,144,0,count:1
3390,stat_starvation,Deer,-1,112,0,176,0,count:1
3390,stat_starvation,Sectid,-1,112,0,208,0,count:1
3390,stat_kill,Elk,-1,112,0,272,0,count:1
3390,stat_starvation,Camel,-1,112,0,304,0,count:1
3390,stat_starvation,Camel,-1,112,0,368,0,count:1
3390,stat_starvation,Sectid,-1,144,0,80,0,count:1
3390,stat_starvation,Sectid,-1,144,0,112,0,count:1
3390,stat_starvation,Deer,-1,144,0,144,0,count:1
3390,stat_starvation,Camel,-1,144,0,240,0,count:1
3390,stat_starvation,Camel,-1,144,0,304,0,count:1
3390,stat_starvation,Camel,-1,144,0,368,0,count:1
3390,stat_starvation,Camel,-1,144,0,400,0,count:1
3390,stat_starvation,Elk,-1,176,0,80,0,count:1
3390,stat_starvation,Sectid,-1,176,0,112,0,count:2
3390,stat_starvation,Sectid,-1,176,0,144,0,count:1
3390,stat_starvation,Elk,-1,176,0,176,0,count:1
3390,stat_starvation,Deer,-1,176,0,176,0,count:1
3390,stat_starvation,Sectid,-1,176,0,176,0,count:1
3390,stat_starvation,Sectid,-1,176,0,208,0,count:1
3390,stat_starvation,Deer,-1,208,0,16,0,count:1
3390,stat_starvation,Elk,-1,208,0,80,0,count:1
3390,stat_starvation,Elk,-1,208,0,112,0,count:1
3390,stat_starvation,Sectid,-1,208,0,208,0,count:1
3390,stat_starvation,Sectid,-1,208,0,240,0,count:1
3390,stat_starvation,Camel,-1,208,0,272,0,count:1
3390,stat_starvation,Camel,-1,208,0,304,0,count:2
3390,stat_starvation,Camel,-1,208,0,336,0,count:1
3390,stat_starvation,Camel,-1,208,0,368,0,count:1
3390,stat_starvation,Camel,-1,208,0,400,0,count:2
3390,stat_kill,Shroomer,-1,240,0,80,0,count:1
3390,stat_starvation,Musk Ox,-1,240,0,80,0,count:1
3390,stat_kill,Elk,-1,240,0,144,0,count:1
3390,stat_birth,Fish,-1,240,0,304,0,count:6
3390,stat_kill,Fish,-1,240,0,304,0,count:3
3390,stat_birth,Sectid,-1,240,0,304,0,count:1
3390,stat_birth,Fish,-1,240,0,336,0,count:1
3390,stat_kill,Fish,-1,240,0,336,0,count:3
3390,stat_birth,Sectid,-1,240,0,336,0,count:2
3390,stat_kill,Camel,-1,240,0,400,0,count:1
3390,stat_starvation,Deer,-1,272,0,16,0,count:1
3390,stat_starvation,Musk Ox,-1,272,0,16,0,count:1
3390,stat_birth,Turtle,-1,272,0,48,0,count:1
3390,stat_starvation,Deer,-1,272,0,48,0,count:1
3390,stat_starvation,Musk Ox,-1,272,0,48,0,count:1
3390,stat_starvation,Deer,-1,272,0,80,0,count:1
3390,stat_birth,Fish,-1,272,0,304,0,count:9
3390,stat_age_death,Fish,-1,272,0,304,0,count:1
3390,stat_kill,Fish,-1,272,0,304,0,count:6
3390,stat_birth,Sectid,-1,272,0,304,0,count:1
3390,stat_birth,Shark,-1,272,0,336,0,count:1
3390,stat_kill,Fish,-1,272,0,336,0,count:3
3390,stat_birth,Sectid,-1,272,0,336,0,count:2
3390,stat_kill,Fish,-1,272,0,368,0,count:1
3390,stat_kill,Tapir,-1,272,0,432,0,count:1
3390,stat_starvation,Musk Ox,-1,304,0,16,0,count:1
3390,stat_starvation,Deer,-1,304,0,80,0,count:1
3390,stat_starvation,Musk Ox,-1,304,0,80,0,count:1
3390,stat_birth,Sectid,-1,304,0,80,0,count:1
3390,stat_kill,Fish,-1,304,0,144,0,count:1
3390,stat_birth,Sectid,-1,304,0,144,0,count:1
3390,stat_kill,Fish,-1,304,0,176,0,count:1
3390,stat_birth,Sectid,-1,304,0,176,0,count:1
3390,stat_kill,Fish,-1,304,0,272,0,count:1
3390,stat_starvation,Elk,-1,304,0,304,0,count:1
3390,stat_kill,Fish,-1,304,0,304,0,count:2
3390,stat_birth,Sectid,-1,304,0,304,0,count:1
3390,stat_birth,Fish,-1,304,0,336,0,count:9
3390,stat_kill,Fish,-1,304,0,336,0,count:2
3390,stat_birth,Sectid,-1,304,0,336,0,count:1
3390,stat_birth,Sectid,-1,304,0,368,0,count:1
3390,stat_kill,Deer,-1,336,0,16,0,count:1
3390,stat_starvation,Deer,-1,336,0,48,0,count:1
3390,stat_starvation,Deer,-1,336,0,112,0,count:1
3390,stat_birth,Fish,-1,336,0,144,0,count:1
3390,stat_starvation,Elk,-1,336,0,176,0,count:1
3390,stat_birth,Fish,-1,336,0,176,0,count:13
3390,stat_age_death,Fish,-1,336,0,176,0,count:1
3390,stat_age_death,Fish,-1,336,0,208,0,count:1
3390,stat_birth,Fish,-1,336,0,240,0,count:12
3390,stat_age_death,Fish,-1,336,0,240,0,count:1
3390,stat_birth,Sectid,-1,336,0,304,0,count:1
3390,stat_birth,Sectid,-1,336,0,336,0,count:1
3390,stat_birth,Arctic Fox,-1,368,0,112,0,count:1
3390,stat_kill,Fish,-1,368,0,112,0,count:1
3390,stat_starvation,Elk,-1,368,0,144,0,count:1
3390,stat_starvation,Elk,-1,368,0,176,0,count:1
3390,stat_age_death,Fish,-1,368,0,176,0,count:1
3390,stat_starvation,Deer,-1,368,0,176,0,count:1
3390,stat_birth,Fish,-1,400,0,144,0,count:9
3390,stat_age_death,Fish,-1,400,0,144,0,count:1
3390,stat_starvation,Elk,-1,400,0,144,0,count:1
3390,stat_starvation,Deer,-1,400,0,144,0,count:1
3390,stat_birth,Snake,-1,400,0,176,0,count:1
3390,stat_birth,Fish,-1,400,0,176,0,count:7
3390,stat_birth,Fish,-1,432,0,144,0,count:6
3390,stat_age_death,Fish,-1,432,0,144,0,count:1
3390,stat_birth,Fish,-1,432,0,176,0,count:7
3390,stat_starvation,Fish,-1,432,0,304,0,count:1
3390,stat_starvation,Elk,-1,432,0,432,0,count:1
3390,stat_kill,Fish,-1,464,0,272,0,count:1
3390,stat_starvation,Elk,-1,464,0,368,0,count:1
3390,stat_starvation,Elk,-1,464,0,432,0,count:1
3390,stat_kill,Fish,-1,496,0,304,0,count:1
3390,stat_starvation,Elk,-1,496,0,368,0,count:1
3390,stat_starvation,Elk,-1,496,0,400,0,count:1
3410,reproduce,Rabbit,27,302,2,242,9,offspring:2
3410,reproduce,Rabbit,333,297,2,250,1,offspring:2
3420,stat_starvation,Elk,-1,16,0,80,0,count:1
3420,stat_starvation,Elk,-1,16,0,112,0,count:1
3420,stat_starvation,Elk,-1,16,0,144,0,count:1
3420,stat_birth,Fish,-1,16,0,240,0,count:1
3420,stat_starvation,Elk,-1,16,0,272,0,count:1
3420,stat_birth,Fish,-1,16,0,272,0,count:1
3420,stat_birth,Sectid,-1,16,0,272,0,count:1
3420,stat_birth,Fish,-1,16,0,304,0,count:1
3420,stat_starvation,Elk,-1,16,0,336,0,count:1
3420,stat_starvation,Sectid,-1,48,0,80,0,count:1
3420,stat_starvation,Elk,-1,48,0,144,0,count:1
3420,stat_starvation,Deer,-1,48,0,176,0,count:1
3420,stat_starvation,Elk,-1,48,0,176,0,count:1
3420,stat_starvation,Elk,-1,48,0,240,0,count:1
3420,stat_birth,Sectid,-1,48,0,240,0,count:1
3420,stat_age_death,Fish,-1,48,0,272,0,count:1
3420,stat_kill,Fish,-1,48,0,272,0,count:4
3420,stat_starvation,Elk,-1,48,0,272,0,count:1
3420,stat_birth,Sectid,-1,48,0,272,0,count:1
3420,stat_birth,Fish,-1,48,0,304,0,count:1
3420,stat_starvation,Camel,-1,48,0,336,0,count:1
3420,stat_starvation,Camel,-1,48,0,400,0,count:1
3420,stat_kill,Elk,-1,80,0,16,0,count:1
3420,stat_starvation,Sectid,-1,80,0,80,0,count:1
3420,stat_starvation,Elk,-1,80,0,144,0,count:1
3420,stat_starvation,Elk,-1,80,0,176,0,count:1
3420,stat_starvation,Elk,-1,80,0,208,0,count:1
3420,stat_birth,Sectid,-1,80,0,240,0,count:1
3420,stat_kill,Fish,-1,80,0,272,0,count:1
3420,stat_birth,Sectid,-1,80,0,272,0,count:1
3420,stat_starvation,Camel,-1,80,0,304,0,count:1
3420,stat_birth,Sectid,-1,80,0,304,0,count:1
3420,stat_birth,Shroomer,-1,80,0,368,0,count:1
3420,stat_starvation,Camel,-1,80,0,368,0,count:1
3420,stat_starvation,Camel,-1,80,0,400,0,count:1
3420,stat_kill,Camel,-1,80,0,432,0,count:1
3420,stat_birth,Sectid,-1,112,0,48,0,count:1
3420,stat_starvation,Sectid,-1,112,0,80,0,count:1
3420,stat_starvation,Elk,-1,112,0,144,0,count:1
3420,stat_starvation,Elk,-1,112,0,176,0,count:1
3420,stat_birth,Sectid,-1,112,0,208,0,count:1
3420,stat_starvation,Sectid,-1,112,0,208,0,count:1
3420,stat_starvation,Elk,-1,112,0,208,0,count:1
3420,stat_starvation,Camel,-1,112,0,336,0,count:1
3420,stat_starvation,Camel,-1,112,0,368,0,count:1
3420,stat_starvation,Elk,-1,144,0,112,0,count:1
3420,stat_kill,Elk,-1,144,0,176,0,count:1
3420,stat_kill,Camel,-1,144,0,336,0,count:1
3420,stat_kill,Deer,-1,176,0,80,0,count:1
3420,stat_starvation,Elk,-1,176,0,80,0,count:1
3420,stat_starvation,Deer,-1,176,0,112,0,count:1
3420,stat_starvation,Elk,-1,176,0,112,0,count:1
3420,stat_starvation,Sectid,-1,176,0,112,0,count:2
3420,stat_birth,Sectid,-1,176,0,144,0,count:1
3420,stat_starvation,Sectid,-1,176,0,144,0,count:1
3420,stat_starvation,Sectid,-1,176,0,208,0,count:1
3420,stat_starvation,Sectid,-1,176,0,240,0,count:1
3420,stat_starvation,Sectid,-1,176,0,272,0,count:1
3420,stat_kill,Camel,-1,176,0,272,0,count:1
3420,stat_starvation,Camel,-1,176,0,304,0,count:1
3420,stat_kill,Sectid,-1,176,0,368,0,count:1
3420,stat_starvation,Camel,-1,176,0,368,0,count:1
3420,stat_starvation,Camel,-1,176,0,400,0,count:2
3420,stat_starvation,Camel,-1,176,0,432,0,count:2
3420,stat_starvation,Deer,-1,208,0,80,0,count:1
3420,stat_starvation,Deer,-1,208,0,112,0,count:1
3420,stat_kill,Deer,-1,208,0,208,0,count:1
3420,stat_starvation,Camel,-1,208,0,272,0,count:1
3420,stat_starvation,Camel,-1,208,0,304,0,count:1
3420,stat_starvation,Camel,-1,208,0,368,0,count:1
3420,stat_starvation,Camel,-1,208,0,400,0,count:1
3420,stat_kill,Camel,-1,208,0,432,0,count:1
3420,stat_starvation,Sectid,-1,208,0,496,0,count:1
3420,stat_starvation,Musk Ox,-1,240,0,48,0,count:2
3420,stat_starvation,Deer,-1,240,0,80,0,count:1
3420,stat_starvation,Musk Ox,-1,240,0,80,0,count:1
3420,stat_birth,Fish,-1,240,0,304,0,count:6
3420,stat_kill,Fish,-1,240,0,304,0,count:4
3420,stat_birth,Sectid,-1,240,0,304,0,count:1
3420,stat_birth,Fish,-1,240,0,336,0,count:2
3420,stat_kill,Fish,-1,240,0,336,0,count:2
3420,stat_starvation,Musk Ox,-1,272,0,16,0,count:1
3420,stat_birth,Fish,-1,272,0,304,0,count:10
3420,stat_age_death,Fish,-1,272,0,304,0,count:1
3420,stat_kill,Fish,-1,272,0,304,0,count:6
3420,stat_birth,Sectid,-1,272,0,304,0,count:2
3420,stat_starvation,Camel,-1,272,0,304,0,count:1
3420,stat_kill,Fish,-1,272,0,336,0,count:3
3420,stat_birth,Sectid,-1,272,0,336,0,count:2
3420,stat_birth,Sectid,-1,272,0,368,0,count:1
3420,stat_starvation,Deer,-1,304,0,48,0,count:1
3420,stat_starvation,Musk Ox,-1,304,0,48,0,count:1
3420,stat_birth,Snake,-1,304,0,80,0,count:1
3420,stat_starvation,Musk Ox,-1,304,0,112,0,count:2
3420,stat_birth,Lizard,-1,304,0,144,0,count:1
3420,stat_kill,Fish,-1,304,0,176,0,count:1
3420,stat_birth,Frog,-1,304,0,208,0,count:1
3420,stat_age_death,Fish,-1,304,0,208,0,count:1
3420,stat_kill,Fish,-1,304,0,272,0,count:1
3420,stat_birth,Sectid,-1,304,0,272,0,count:1
3420,stat_kill,Fish,-1,304,0,304,0,count:2
3420,stat_birth,Sectid,-1,304,0,304,0,count:1
3420,stat_birth,Fish,-1,304,0,336,0,count:8
3420,stat_kill,Fish,-1,304,0,336,0,count:3
3420,stat_birth,Sectid,-1,304,0,336,0,count:1
3420,stat_kill,Fish,-1,304,0,368,0,count:1
3420,stat_starvation,Musk Ox,-1,336,0,16,0,count:1
3420,stat_starvation,Deer,-1,336,0,80,0,count:1
3420,stat_birth,Fish,-1,336,0,176,0,count:14
3420,stat_age_death,Fish,-1,336,0,176,0,count:1
3420,stat_age_death,Fish,-1,336,0,208,0,count:2
3420,stat_birth,Fish,-1,336,0,240,0,count:13
3420,stat_birth,Fish,-1,336,0,272,0,count:1
3420,stat_kill,Fish,-1,336,0,272,0,count:1
3420,stat_birth,Sectid,-1,336,0,304,0,count:1
3420,stat_starvation,Musk Ox,-1,368,0,48,0,count:1
3420,stat_starvation,Deer,-1,368,0,80,0,count:1
3420,stat_starvation,Elk,-1,368,0,112,0,count:1
3420,stat_kill,Fish,-1,368,0,112,0,count:1
3420,stat_starvation,Elk,-1,368,0,144,0,count:1
3420,stat_age_death,Fish,-1,368,0,176,0,count:1
3420,stat_age_death,Fish,-1,368,0,208,0,count:1
3420,stat_age_death,Fish,-1,368,0,240,0,count:1
3420,stat_birth,Arctic Fox,-1,400,0,112,0,count:1
3420,stat_kill,Fish,-1,400,0,112,0,count:1
3420,stat_birth,Fish,-1,400,0,144,0,count:9
3420,stat_age_death,Fish,-1,400,0,144,0,count:1
3420,stat_kill,Fish,-1,400,0,144,0,count:1
3420,stat_birth,Fish,-1,400,0,176,0,count:8
3420,stat_age_death,Fish,-1,400,0,176,0,count:1
3420,stat_birth,Fish,-1,432,0,144,0,count:7
3420,stat_birth,Fish,-1,432,0,176,0,count:6
3420,stat_age_death,Fish,-1,432,0,176,0,count:1
3420,stat_starvation,Elk,-1,432,0,400,0,count:1
3420,stat_starvation,Elk,-1,432,0,432,0,count:1
3420,stat_age_death,Fish,-1,464,0,336,0,count:1
3420,stat_starvation,Elk,-1,464,0,368,0,count:1
3420,stat_starvation,Elk,-1,464,0,400,0,count:1
3420,stat_starvation,Elk,-1,464,0,432,0,count:1
3420,stat_birth,Fish,-1,496,0,304,0,count:2
3420,stat_kill,Fish,-1,496,0,304,0,count:1
3420,stat_age_death,Fish,-1,496,0,336,0,count:1
3420,stat_starvation,Elk,-1,496,0,432,0,count:1
3450,stat_starvation,Elk,-1,16,0,48,0,count:1
3450,stat_starvation,Elk,-1,16,0,112,0,count:1
3450,stat_starvation,Elk,-1,16,0,144,0,count:1
3450,stat_starvation,Elk,-1,16,0,304,0,count:1
3450,stat_kill,Fish,-1,16,0,304,0,count:1
3450,stat_starvation,Camel,-1,16,0,368,0,count:1
3450,stat_starvation,Camel,-1,16,0,400,0,count:1
3450,stat_starvation,Elk,-1,48,0,48,0,count:1
3450,stat_starvation,Sectid,-1,48,0,80,0,count:1
3450,stat_starvation,Elk,-1,48,0,80,0,count:1
3450,stat_starvation,Deer,-1,48,0,176,0,count:1
3450,stat_starvation,Elk,-1,48,0,176,0,count:1
3450,stat_kill,Elk,-1,48,0,208,0,count:1
3450,stat_birth,Snake,-1,48,0,240,0,count:1
3450,stat_birth,Fish,-1,48,0,240,0,count:1
3450,stat_age_death,Fish,-1,48,0,272,0,count:1
3450,stat_kill,Fish,-1,48,0,272,0,count:5
3450,stat_starvation,Camel,-1,48,0,272,0,count:1
3450,stat_birth,Sectid,-1,48,0,272,0,count:1
3450,stat_birth,Arctic Fox,-1,48,0,304,0,count:1
3450,stat_starvation,Elk,-1,48,0,304,0,count:1
3450,stat_kill,Fish,-1,48,0,304,0,count:1
3450,stat_birth,Sectid,-1,48,0,304,0,count:1
3450,stat_starvation,Camel,-1,48,0,336,0,count:1
3450,stat_starvation,Camel,-1,48,0,368,0,count:1
3450,stat_starvation,Deer,-1,80,0,144,0,count:1
3450,stat_starvation,Deer,-1,80,0,176,0,count:1
3450,stat_starvation,Elk,-1,80,0,208,0,count:1
3450,stat_birth,Fish,-1,80,0,240,0,count:1
3450,stat_kill,Fish,-1,80,0,240,0,count:1
3450,stat_birth,Sectid,-1,80,0,272,0,count:1
3450,stat_starvation,Elk,-1,80,0,304,0,count:1
3450,stat_starvation,Camel,-1,80,0,304,0,count:1
3450,stat_birth,Fish,-1,80,0,304,0,count:1
3450,stat_starvation,Camel,-1,80,0,336,0,count:1
3450,stat_starvation,Camel,-1,80,0,368,0,count:1
3450,stat_starvation,Camel,-1,80,0,400,0,count:1
3450,stat_starvation,Elk,-1,112,0,48,0,count:1
3450,stat_starvation,Sectid,-1,112,0,48,0,count:1
3450,stat_starvation,Musk Ox,-1,112,0,48,0,count:1
3450,stat_starvation,Elk,-1,112,0,80,0,count:1
3450,stat_birth,Sectid,-1,112,0,80,0,count:1
3450,stat_starvation,Sectid,-1,112,0,208,0,count:2
3450,stat_starvation,Camel,-1,112,0,304,0,count:1
3450,stat_kill,Camel,-1,112,0,432,0,count:1
3450,stat_kill,Sectid,-1,112,0,432,0,count:1
3450,stat_starvation,Elk,-1,144,0,48,0,count:1
3450,stat_starvation,Sectid,-1,144,0,80,0,count:1
3450,stat_starvation,Elk,-1,144,0,112,0,count:1
3450,stat_starvation,Deer,-1,144,0,144,0,count:1
3450,stat_starvation,Elk,-1,144,0,144,0,count:1
3450,stat_starvation,Camel,-1,144,0,240,0,count:1
3450,stat_starvation,Camel,-1,144,0,304,0,count:1
3450,stat_starvation,Camel,-1,144,0,368,0,count:1
3450,stat_starvation,Camel,-1,144,0,400,0,count:1
3450,stat_starvation,Elk,-1,176,0,80,0,count:1
3450,stat_starvation,Scorpion,-1,176,0,144,0,count:1
3450,stat_starvation,Deer,-1,176,0,144,0,count:1
3450,stat_starvation,Sectid,-1,176,0,144,0,count:1
3450,stat_starvation,Sectid,-1,176,0,176,0,count:1
3450,stat_starvation,Sectid,-1,176,0,272,0,count:1
3450,stat_starvation,Camel,-1,176,0,304,0,count:1
3450,stat_starvation,Deer,-1,208,0,16,0,count:1
3450,stat_starvation,Deer,-1,208,0,48,0,count:1
3450,stat_starvation,Sectid,-1,208,0,240,0,count:1
3450,stat_starvation,Camel,-1,208,0,272,0,count:1
3450,stat_starvation,Camel,-1,208,0,336,0,count:1
3450,stat_kill,Fish,-1,208,0,336,0,count:1
3450,stat_starvation,Camel,-1,208,0,400,0,count:1
3450,stat_birth,Fish,-1,240,0,304,0,count:6
3450,stat_kill,Fish,-1,240,0,304,0,count:3
3450,stat_birth,Sectid,-1,240,0,304,0,count:1
3450,stat_birth,Fish,-1,240,0,336,0,count:1
3450,stat_kill,Fish,-1,240,0,336,0,count:2
3450,stat_birth,Sectid,-1,240,0,336,0,count:1
3450,stat_kill,Turtle,-1,272,0,48,0,count:1
3450,stat_starvation,Deer,-1,272,0,48,0,count:1
3450,stat_starvation,Musk Ox,-1,272,0,48,0,count:1
3450,stat_kill,Deer,-1,272,0,112,0,count:1
3450,stat_kill,Fish,-1,272,0,144,0,count:1
3450,stat_starvation,Deer,-1,272,0,176,0,count:1
3450,stat_kill,Fish,-1,272,0,176,0,count:1
3450,stat_birth,Sectid,-1,272,0,176,0,count:1
3450,stat_birth,Fish,-1,272,0,304,0,count:9
3450,stat_age_death,Fish,-1,272,0,304,0,count:1
3450,stat_kill,Fish,-1,272,0,304,0,count:7
3450,stat_birth,Sectid,-1,272,0,304,0,count:2
3450,stat_starvation,Camel,-1,272,0,304,0,count:1
3450,stat_kill,Fish,-1,272,0,336,0,count:4
3450,stat_birth,Sectid,-1,272,0,336,0,count:1
3450,stat_starvation,Sectid,-1,272,0,400,0,count:1
3450,stat_starvation,Musk Ox,-1,304,0,16,0,count:1
3450,stat_starvation,Deer,-1,304,0,48,0,count:1
3450,stat_starvation,Musk Ox,-1,304,0,48,0,count:1
3450,stat_starvation,Deer,-1,304,0,80,0,count:2
3450,stat_birth,Sectid,-1,304,0,144,0,count:1
3450,stat_kill,Fish,-1,304,0,176,0,count:1
3450,stat_kill,Fish,-1,304,0,272,0,count:1
3450,stat_kill,Fish,-1,304,0,304,0,count:3
3450,stat_birth,Fish,-1,304,0,336,0,count:9
3450,stat_kill,Fish,-1,304,0,336,0,count:3
3450,stat_birth,Sectid,-1,304,0,336,0,count:1
3450,stat_birth,Sectid,-1,304,0,368,0,count:1
3450,stat_starvation,Deer,-1,336,0,48,0,count:1
3450,stat_starvation,Musk Ox,-1,336,0,48,0,count:1
3450,stat_starvation,Deer,-1,336,0,80,0,count:1
3450,stat_starvation,Musk Ox,-1,336,0,112,0,count:1
3450,stat_birth,Fish,-1,336,0,144,0,count:1
3450,stat_birth,Fish,-1,336,0,176,0,count:15
3450,stat_age_death,Fish,-1,336,0,176,0,count:1
3450,stat_birth,Fish,-1,336,0,208,0,count:12
3450,stat_age_death,Fish,-1,336,0,208,0,count:2
3450,stat_birth,Fish,-1,336,0,240,0,count:14
3450,stat_age_death,Fish,-1,336,0,240,0,count:1
3450,stat_birth,Sectid,-1,336,0,272,0,count:1
3450,stat_starvation,Elk,-1,336,0,304,0,count:1
3450,stat_kill,Deer,-1,368,0,16,0,count:1
3450,stat_starvation,Deer,-1,368,0,48,0,count:1
3450,stat_starvation,Elk,-1,368,0,112,0,count:1
3450,stat_birth,Fish,-1,368,0,112,0,count:1
3450,stat_kill,Fish,-1,368,0,112,0,count:1
3450,stat_starvation,Elk,-1,368,0,144,0,count:1
3450,stat_kill,Fish,-1,368,0,144,0,count:1
3450,stat_age_death,Fish,-1,368,0,176,0,count:1
3450,stat_birth,Sectid,-1,368,0,272,0,count:1
3450,stat_birth,Sectid,-1,368,0,304,0,count:1
3450,stat_birth,Fish,-1,400,0,144,0,count:10
3450,stat_age_death,Fish,-1,400,0,144,0,count:1
3450,stat_kill,Fish,-1,400,0,144,0,count:1
3450,stat_starvation,Elk,-1,400,0,176,0,count:1
3450,stat_birth,Fish,-1,400,0,176,0,count:8
3450,stat_age_death,Fish,-1,400,0,176,0,count:1
3450,stat_age_death,Fish,-1,400,0,208,0,count:1
3450,stat_birth,Fish,-1,432,0,144,0,count:7
3450,stat_age_death,Fish,-1,432,0,144,0,count:1
3450,stat_birth,Fish,-1,432,0,176,0,count:7
3450,stat_starvation,Fish,-1,432,0,304,0,count:1
3450,stat_age_death,Fish,-1,464,0,304,0,count:1
3450,stat_starvation,Elk,-1,464,0,368,0,count:1
3450,stat_starvation,Elk,-1,464,0,400,0,count:1
3450,stat_birth,Fish,-1,496,0,304,0,count:1
3450,stat_kill,Fish,-1,496,0,304,0,count:1
3480,stat_starvation,Elk,-1,16,0,112,0,count:1
3480,stat_age_death,Sectid,-1,16,0,144,0,count:1
3480,stat_starvation,Elk,-1,16,0,144,0,count:1
3480,stat_starvation,Elk,-1,16,0,176,0,count:1
3480,stat_starvation,Elk,-1,16,0,240,0,count:1
3480,stat_birth,Sectid,-1,16,0,240,0,count:1
3480,stat_starvation,Elk,-1,48,0,112,0,count:1
3480,stat_starvation,Elk,-1,48,0,240,0,count:1
3480,stat_kill,Fish,-1,48,0,240,0,count:1
3480,stat_birth,Sectid,-1,48,0,240,0,count:1
3480,stat_age_death,Fish,-1,48,0,272,0,count:1
3480,stat_kill,Fish,-1,48,0,272,0,count:6
3480,stat_starvation,Camel,-1,48,0,272,0,count:1
3480,stat_birth,Sectid,-1,48,0,272,0,count:1
3480,stat_kill,Frog,-1,48,0,304,0,count:1
3480,stat_birth,Sectid,-1,48,0,304,0,count:1
3480,stat_starvation,Elk,-1,48,0,336,0,count:1
3480,stat_starvation,Camel,-1,48,0,336,0,count:1
3480,stat_starvation,Elk,-1,80,0,80,0,count:1
3480,stat_starvation,Sectid,-1,80,0,80,0,count:1
3480,stat_starvation,Elk,-1,80,0,112,0,count:1
3480,stat_starvation,Elk,-1,80,0,144,0,count:1
3480,stat_starvation,Elk,-1,80,0,176,0,count:1
3480,stat_starvation,Elk,-1,80,0,208,0,count:1
3480,stat_birth,Sectid,-1,80,0,240,0,count:1
3480,stat_starvation,Camel,-1,80,0,304,0,count:1
3480,stat_kill,Fish,-1,80,0,304,0,count:1
3480,stat_birth,Sectid,-1,80,0,304,0,count:1
3480,stat_starvation,Camel,-1,80,0,368,0,count:1
3480,stat_starvation,Elk,-1,112,0,16,0,count:1
3480,stat_starvation,Sectid,-1,112,0,48,0,count:1
3480,stat_starvation,Sectid,-1,112,0,80,0,count:1
3480,stat_starvation,Elk,-1,112,0,112,0,count:1
3480,stat_starvation,Deer,-1,112,0,144,0,count:1
3480,stat_starvation,Sectid,-1,112,0,208,0,count:1
3480,stat_kill,Camel,-1,112,0,272,0,count:1
3480,stat_starvation,Camel,-1,112,0,304,0,count:1
3480,stat_starvation,Camel,-1,112,0,368,0,count:1
3480,stat_starvation,Deer,-1,144,0,48,0,count:1
3480,stat_starvation,Musk Ox,-1,144,0,48,0,count:1
3480,stat_starvation,Sectid,-1,144,0,112,0,count:1
3480,stat_starvation,Camel,-1,144,0,368,0,count:1
3480,stat_starvation,Elk,-1,176,0,80,0,count:1
3480,stat_starvation,Sectid,-1,176,0,112,0,count:1
3480,stat_starvation,Sectid,-1,176,0,144,0,count:1
3480,stat_starvation,Sectid,-1,176,0,176,0,count:2
3480,stat_starvation,Sectid,-1,176,0,208,0,count:1
3480,stat_starvation,Sectid,-1,176,0,240,0,count:1
3480,stat_starvation,Sectid,-1,176,0,272,0,count:1
3480,stat_starvation,Camel,-1,176,0,336,0,count:1
3480,stat_starvation,Camel,-1,176,0,400,0,count:1
3480,stat_starvation,Camel,-1,176,0,432,0,count:1
3480,stat_kill,Musk Ox,-1,208,0,16,0,count:1
3480,stat_starvation,Musk Ox,-1,208,0,48,0,count:1
3480,stat_starvation,Elk,-1,208,0,80,0,count:1
3480,stat_starvation,Musk Ox,-1,208,0,80,0,count:1
3480,stat_starvation,Camel,-1,208,0,304,0,count:1
3480,stat_kill,Fish,-1,208,0,304,0,count:1
3480,stat_starvation,Camel,-1,208,0,368,0,count:1
3480,stat_starvation,Musk Ox,-1,240,0,16,0,count:1
3480,stat_starvation,Musk Ox,-1,240,0,48,0,count:1
3480,stat_starvation,Musk Ox,-1,240,0,80,0,count:1
3480,stat_starvation,Deer,-1,240,0,112,0,count:1
3480,stat_birth,Fish,-1,240,0,304,0,count:6
3480,stat_kill,Fish,-1,240,0,304,0,count:4
3480,stat_birth,Fish,-1,240,0,336,0,count:1
3480,stat_kill,Fish,-1,240,0,336,0,count:2
3480,stat_birth,Sectid,-1,240,0,336,0,count:1
3480,stat_starvation,Musk Ox,-1,272,0,16,0,count:1
3480,stat_starvation,Musk Ox,-1,272,0,48,0,count:1
3480,stat_kill,Deer,-1,272,0,80,0,count:1
3480,stat_kill,Musk Ox,-1,272,0,112,0,count:1
3480,stat_kill,Lizard,-1,272,0,176,0,count:1
3480,stat_birth,Fish,-1,272,0,304,0,count:9
3480,stat_age_death,Fish,-1,272,0,304,0,count:1
3480,stat_kill,Fish,-1,272,0,304,0,count:7
3480,stat_birth,Sectid,-1,272,0,304,0,count:2
3480,stat_kill,Fish,-1,272,0,336,0,count:3
3480,stat_birth,Sectid,-1,272,0,336,0,count:3
3480,stat_starvation,Sectid,-1,272,0,400,0,count:1
3480,stat_starvation,Deer,-1,304,0,48,0,count:1
3480,stat_starvation,Musk Ox,-1,304,0,48,0,count:1
3480,stat_starvation,Deer,-1,304,0,80,0,count:1
3480,stat_starvation,Musk Ox,-1,304,0,80,0,count:1
3480,stat_starvation,Musk Ox,-1,304,0,112,0,count:1
3480,stat_birth,Sectid,-1,304,0,144,0,count:1
3480,stat_kill,Fish,-1,304,0,176,0,count:1
3480,stat_birth,Sectid,-1,304,0,176,0,count:1
3480,stat_age_death,Fish,-1,304,0,208,0,count:1
3480,stat_birth,Sectid,-1,304,0,208,0,count:1
3480,stat_kill,Fish,-1,304,0,272,0,count:2
3480,stat_kill,Fish,-1,304,0,304,0,count:2
3480,stat_birth,Sectid,-1,304,0,304,0,count:1
3480,stat_birth,Fish,-1,304,0,336,0,count:10
3480,stat_age_death,Fish,-1,304,0,336,0,count:1
3480,stat_kill,Fish,-1,304,0,336,0,count:3
3480,stat_birth,Sectid,-1,304,0,336,0,count:1
3480,stat_starvation,Deer,-1,336,0,48,0,count:2
3480,stat_kill,Fish,-1,336,0,144,0,count:1
3480,stat_birth,Fish,-1,336,0,176,0,count:16
3480,stat_age_death,Fish,-1,336,0,176,0,count:1
3480,stat_birth,Fish,-1,336,0,208,0,count:11
3480,stat_age_death,Fish,-1,336,0,208,0,count:1
3480,stat_birth,Fish,-1,336,0,240,0,count:15
3480,stat_age_death,Fish,-1,336,0,240,0,count:1
3480,stat_starvation,Elk,-1,336,0,272,0,count:1
3480,stat_birth,Fish,-1,336,0,272,0,count:1
3480,stat_birth,Sectid,-1,336,0,304,0,count:1
3480,stat_birth,Fish,-1,336,0,304,0,count:1
3480,stat_birth,Sectid,-1,336,0,336,0,count:1
3480,stat_starvation,Deer,-1,368,0,80,0,count:1
3480,stat_starvation,Elk,-1,368,0,112,0,count:1
3480,stat_birth,Fish,-1,368,0,112,0,count:1
3480,stat_starvation,Elk,-1,368,0,144,0,count:1
3480,stat_age_death,Fish,-1,368,0,176,0,count:1
3480,stat_age_death,Fish,-1,368,0,208,0,count:1
3480,stat_age_death,Fish,-1,368,0,240,0,count:1
3480,stat_starvation,Deer,-1,400,0,48,0,count:1
3480,stat_kill,Fish,-1,400,0,112,0,count:1
3480,stat_birth,Fish,-1,400,0,144,0,count:9
3480,stat_age_death,Fish,-1,400,0,144,0,count:1
3480,stat_kill,Fish,-1,400,0,144,0,count:1
3480,stat_starvation,Elk,-1,400,0,144,0,count:1
3480,stat_birth,Snake,-1,400,0,176,0,count:1
3480,stat_birth,Fish,-1,400,0,176,0,count:9
3480,stat_kill,Fish,-1,432,0,112,0,count:1
3480,stat_birth,Fish,-1,432,0,144,0,count:8
3480,stat_birth,Fish,-1,432,0,176,0,count:8
3480,stat_age_death,Fish,-1,432,0,176,0,count:1
3480,stat_starvation,Elk,-1,432,0,432,0,count:1
3480,stat_starvation,Elk,-1,432,0,464,0,count:1
3480,stat_age_death,Fish,-1,464,0,336,0,count:1
3480,stat_birth,Jaguar,-1,464,0,400,0,count:1
3480,stat_starvation,Elk,-1,464,0,432,0,count:1
3480,stat_starvation,Elk,-1,464,0,464,0,count:1
3480,stat_birth,Fish,-1,496,0,304,0,count:2
3510,stat_starvation,Elk,-1,16,0,48,0,count:1
3510,stat_kill,Deer,-1,16,0,112,0,count:1
3510,stat_kill,Tapir,-1,16,0,144,0,count:1
3510,stat_starvation,Elk,-1,16,0,176,0,count:1
3510,stat_kill,Deer,-1,16,0,176,0,count:1
3510,stat_starvation,Elk,-1,16,0,240,0,count:1
3510,stat_kill,Fish,-1,16,0,240,0,count:1
3510,stat_birth,Sectid,-1,16,0,240,0,count:1
3510,stat_starvation,Elk,-1,16,0,272,0,count:1
3510,stat_birth,Sectid,-1,16,0,272,0,count:1
3510,stat_birth,Sectid,-1,16,0,336,0,count:1
3510,stat_kill,Turtle,-1,48,0,16,0,count:1
3510,stat_starvation,Elk,-1,48,0,48,0,count:1
3510,stat_starvation,Sectid,-1,48,0,80,0,count:1
3510,stat_starvation,Elk,-1,48,0,80,0,count:1
3510,stat_starvation,Elk,-1,48,0,112,0,count:1
3510,stat_starvation,Elk,-1,48,0,144,0,count:1
3510,stat_starvation,Deer,-1,48,0,176,0,count:1
3510,stat_starvation,Elk,-1,48,0,176,0,count:1
3510,stat_starvation,Elk,-1,48,0,240,0,count:1
3510,stat_birth,Sectid,-1,48,0,240,0,count:1
3510,stat_age_death,Fish,-1,48,0,272,0,count:1
3510,stat_kill,Fish,-1,48,0,272,0,count:5
3510,stat_starvation,Elk,-1,48,0,272,0,count:1
3510,stat_birth,Sectid,-1,48,0,272,0,count:1
3510,stat_starvation,Elk,-1,48,0,304,0,count:2
3510,stat_starvation,Camel,-1,48,0,336,0,count:1
3510,stat_starvation,Camel,-1,48,0,368,0,count:1
3510,stat_starvation,Camel,-1,48,0,400,0,count:1
3510,stat_starvation,Deer,-1,80,0,144,0,count:1
3510,stat_starvation,Deer,-1,80,0,176,0,count:1
3510,stat_starvation,Elk,-1,80,0,208,0,count:1
3510,stat_kill,Fish,-1,80,0,272,0,count:1
3510,stat_birth,Sectid,-1,80,0,272,0,count:1
3510,stat_starvation,Camel,-1,80,0,304,0,count:2
3510,stat_birth,Sectid,-1,80,0,304,0,count:1
3510,stat_kill,Musk Ox,-1,80,0,336,0,count:1
3510,stat_kill,Sectid,-1,80,0,368,0,count:1
3510,stat_starvation,Camel,-1,80,0,400,0,count:1
3510,stat_kill,Shroomer,-1,80,0,432,0,count:1
3510,stat_starvation,Sectid,-1,112,0,48,0,count:2
3510,stat_starvation,Deer,-1,112,0,80,0,count:1
3510,stat_starvation,Elk,-1,112,0,80,0,count:1
3510,stat_starvation,Sectid,-1,112,0,80,0,count:1
3510,stat_starvation,Elk,-1,112,0,112,0,count:2
3510,stat_starvation,Elk,-1,112,0,176,0,count:1
3510,stat_starvation,Sectid,-1,112,0,208,0,count:2
3510,stat_starvation,Elk,-1,112,0,208,0,count:1
3510,stat_starvation,Camel,-1,112,0,304,0,count:1
3510,stat_starvation,Camel,-1,112,0,336,0,count:1
3510,stat_kill,Deer,-1,144,0,80,0,count:1
3510,stat_starvation,Sectid,-1,144,0,80,0,count:1
3510,stat_starvation,Elk,-1,144,0,112,0,count:1
3510,stat_kill,Deer,-1,144,0,176,0,count:1
3510,stat_kill,Shroomer,-1,144,0,208,0,count:1
3510,stat_starvation,Camel,-1,144,0,240,0,count:1
3510,stat_starvation,Camel,-1,144,0,304,0,count:1
3510,stat_starvation,Camel,-1,144,0,400,0,count:1
3510,stat_kill,Camel,-1,144,0,464,0,count:1
3510,stat_starvation,Elk,-1,176,0,80,0,count:1
3510,stat_starvation,Elk,-1,176,0,112,0,count:1
3510,stat_starvation,Sectid,-1,176,0,112,0,count:1
3510,stat_starvation,Sectid,-1,176,0,144,0,count:1
3510,stat_starvation,Elk,-1,176,0,144,0,count:1
3510,stat_starvation,Elk,-1,176,0,176,0,count:1
3510,stat_starvation,Sectid,-1,176,0,176,0,count:1
3510,stat_starvation,Sectid,-1,176,0,272,0,count:3
3510,stat_starvation,Camel,-1,176,0,272,0,count:1
3510,stat_starvation,Camel,-1,176,0,304,0,count:2
3510,stat_starvation,Camel,-1,176,0,368,0,count:1
3510,stat_starvation,Camel,-1,176,0,400,0,count:1
3510,stat_starvation,Camel,-1,176,0,432,0,count:1
3510,stat_starvation,Camel,-1,176,0,464,0,count:1
3510,stat_starvation,Musk Ox,-1,208,0,48,0,count:1
3510,stat_birth,Elk,-1,208,0,208,0,count:1
3510,stat_birth,Camel,-1,208,0,240,0,count:1
3510,stat_starvation,Camel,-1,208,0,304,0,count:1
3510,stat_starvation,Camel,-1,208,0,336,0,count:1
3510,stat_kill,Sectid,-1,208,0,336,0,count:1
3510,stat_starvation,Camel,-1,208,0,400,0,count:1
3510,stat_kill,Deer,-1,240,0,16,0,count:1
3510,stat_starvation,Musk Ox,-1,240,0,48,0,count:1
3510,stat_birth,Fish,-1,240,0,304,0,count:7
3510,stat_kill,Fish,-1,240,0,304,0,count:4
3510,stat_birth,Sectid,-1,240,0,304,0,count:1
3510,stat_birth,Fish,-1,240,0,336,0,count:1
3510,stat_kill,Fish,-1,240,0,336,0,count:3
3510,stat_kill,Camel,-1,240,0,432,0,count:1
3510,stat_starvation,Deer,-1,272,0,16,0,count:1
3510,stat_birth,Scorpion,-1,272,0,144,0,count:1
3510,stat_birth,Fish,-1,272,0,304,0,count:10
3510,stat_age_death,Fish,-1,272,0,304,0,count:1
3510,stat_kill,Fish,-1,272,0,304,0,count:8
3510,stat_birth,Sectid,-1,272,0,304,0,count:3
3510,stat_kill,Fish,-1,272,0,336,0,count:4
3510,stat_birth,Sectid,-1,272,0,336,0,count:1
3510,stat_birth,Sectid,-1,272,0,368,0,count:1
3510,stat_kill,Fish,-1,272,0,368,0,count:1
3510,stat_starvation,Sectid,-1,272,0,400,0,count:2
3510,stat_starvation,Deer,-1,304,0,16,0,count:1
3510,stat_starvation,Deer,-1,304,0,48,0,count:1
3510,stat_starvation,Musk Ox,-1,304,0,112,0,count:1
3510,stat_kill,Fish,-1,304,0,176,0,count:1
3510,stat_birth,Snake,-1,304,0,272,0,count:1
3510,stat_kill,Fish,-1,304,0,272,0,count:1
3510,stat_kill,Fish,-1,304,0,304,0,count:3
3510,stat_birth,Fish,-1,304,0,336,0,count:9
3510,stat_kill,Fish,-1,304,0,336,0,count:3
3510,stat_starvation,Elk,-1,304,0,336,0,count:1
3510,stat_birth,Sectid,-1,304,0,336,0,count:1
3510,stat_birth,Sectid,-1,304,0,368,0,count:1
3510,stat_starvation,Musk Ox,-1,336,0,16,0,count:1
3510,stat_starvation,Deer,-1,336,0,48,0,count:1
3510,stat_birth,Fish,-1,336,0,144,0,count:1
3510,stat_birth,Fish,-1,336,0,176,0,count:17
3510,stat_age_death,Fish,-1,336,0,176,0,count:1
3510,stat_kill,Fish,-1,336,0,176,0,count:1
3510,stat_birth,Fish,-1,336,0,208,0,count:12
3510,stat_age_death,Fish,-1,336,0,208,0,count:2
3510,stat_birth,Fish,-1,336,0,240,0,count:16
3510,stat_age_death,Fish,-1,336,0,240,0,count:1
3510,stat_starvation,Elk,-1,336,0,304,0,count:1
3510,stat_kill,Fish,-1,336,0,304,0,count:1
3510,stat_birth,Arctic Fox,-1,368,0,112,0,count:1
3510,stat_starvation,Elk,-1,368,0,112,0,count:1
3510,stat_kill,Fish,-1,368,0,112,0,count:1
3510,stat_kill,Fish,-1,368,0,144,0,count:1
3510,stat_starvation,Elk,-1,368,0,176,0,count:1
3510,stat_age_death,Fish,-1,368,0,176,0,count:1
3510,stat_age_death,Fish,-1,368,0,208,0,count:1
3510,stat_starvation,Deer,-1,368,0,432,0,count:1
3510,stat_age_death,Fish,-1,400,0,144,0,count:1
3510,stat_kill,Fish,-1,400,0,144,0,count:1
3510,stat_birth,Fish,-1,400,0,176,0,count:10
3510,stat_age_death,Fish,-1,400,0,176,0,count:1
3510,stat_birth,Fish,-1,432,0,144,0,count:8
3510,stat_age_death,Fish,-1,432,0,144,0,count:1
3510,stat_birth,Fish,-1,432,0,176,0,count:8
3510,stat_starvation,Fish,-1,432,0,304,0,count:1
3510,stat_birth,Tapir,-1,432,0,400,0,count:1
3510,stat_starvation,Elk,-1,432,0,432,0,count:1
3510,stat_kill,Fish,-1,464,0,272,0,count:1
3510,stat_starvation,Elk,-1,464,0,368,0,count:1
3510,stat_starvation,Elk,-1,464,0,400,0,count:1
3510,stat_starvation,Elk,-1,464,0,464,0,count:1
3510,stat_kill,Fish,-1,496,0,272,0,count:1
3510,stat_kill,Fish,-1,496,0,304,0,count:1
3510,stat_age_death,Fish,-1,496,0,336,0,count:1
3510,stat_starvation,Elk,-1,496,0,400,0,count:1
3510,stat_starvation,Elk,-1,496,0,432,0,count:1
3540,stat_starvation,Deer,-1,16,0,144,0,count:1
3540,stat_starvation,Elk,-1,16,0,176,0,count:1
3540,stat_starvation,Elk,-1,16,0,240,0,count:1
3540,stat_birth,Fish,-1,16,0,272,0,count:1
3540,stat_kill,Fish,-1,16,0,272,0,count:1
3540,stat_birth,Fish,-1,16,0,304,0,count:1
3540,stat_starvation,Camel,-1,16,0,368,0,count:1
3540,stat_kill,Musk Ox,-1,48,0,48,0,count:1
3540,stat_starvation,Sectid,-1,48,0,80,0,count:1
3540,stat_age_death,Fish,-1,48,0,272,0,count:1
3540,stat_kill,Fish,-1,48,0,272,0,count:7
3540,stat_starvation,Elk,-1,48,0,272,0,count:1
3540,stat_starvation,Camel,-1,48,0,272,0,count:1
3540,stat_birth,Sectid,-1,48,0,272,0,count:1
3540,stat_starvation,Elk,-1,48,0,304,0,count:1
3540,stat_kill,Camel,-1,48,0,304,0,count:1
3540,stat_kill,Fish,-1,48,0,304,0,count:1
3540,stat_birth,Sectid,-1,48,0,304,0,count:1
3540,stat_starvation,Camel,-1,48,0,336,0,count:1
3540,stat_starvation,Camel,-1,48,0,368,0,count:1
3540,stat_starvation,Elk,-1,80,0,48,0,count:1
3540,stat_starvation,Elk,-1,80,0,80,0,count:1
3540,stat_starvation,Elk,-1,80,0,112,0,count:1
3540,stat_starvation,Elk,-1,80,0,144,0,count:1
3540,stat_starvation,Deer,-1,80,0,176,0,count:1
3540,stat_starvation,Elk,-1,80,0,208,0,count:1
3540,stat_birth,Sectid,-1,80,0,240,0,count:1
3540,stat_kill,Fish,-1,80,0,240,0,count:1
3540,stat_starvation,Elk,-1,80,0,304,0,count:1
3540,stat_kill,Shroomer,-1,80,0,368,0,count:1
3540,stat_starvation,Camel,-1,80,0,368,0,count:1
3540,stat_starvation,Elk,-1,112,0,48,0,count:1
3540,stat_starvation,Sectid,-1,112,0,80,0,count:1
3540,stat_starvation,Deer,-1,112,0,176,0,count:1
3540,stat_starvation,Deer,-1,112,0,208,0,count:1
3540,stat_starvation,Sectid,-1,112,0,208,0,count:1
3540,stat_kill,Elk,-1,112,0,240,0,count:1
3540,stat_starvation,Elk,-1,112,0,304,0,count:1
3540,stat_starvation,Camel,-1,112,0,368,0,count:1
3540,stat_starvation,Elk,-1,144,0,48,0,count:1
3540,stat_starvation,Elk,-1,144,0,80,0,count:1
3540,stat_starvation,Camel,-1,144,0,336,0,count:1
3540,stat_starvation,Camel,-1,144,0,368,0,count:2
3540,stat_starvation,Elk,-1,176,0,80,0,count:1
3540,stat_starvation,Sectid,-1,176,0,112,0,count:1
3540,stat_starvation,Sectid,-1,176,0,176,0,count:1
3540,stat_starvation,Sectid,-1,176,0,208,0,count:1
3540,stat_starvation,Sectid,-1,176,0,272,0,count:1
3540,stat_starvation,Camel,-1,176,0,272,0,count:1
3540,stat_starvation,Camel,-1,176,0,432,0,count:1
3540,stat_starvation,Camel,-1,176,0,464,0,count:1
3540,stat_starvation,Musk Ox,-1,208,0,48,0,count:1
3540,stat_starvation,Musk Ox,-1,208,0,80,0,count:1
3540,stat_starvation,Sectid,-1,208,0,240,0,count:1
3540,stat_starvation,Camel,-1,208,0,272,0,count:1
3540,stat_starvation,Camel,-1,208,0,336,0,count:1
3540,stat_starvation,Camel,-1,208,0,400,0,count:1
3540,stat_starvation,Musk Ox,-1,240,0,16,0,count:1
3540,stat_starvation,Musk Ox,-1,240,0,80,0,count:1
3540,stat_starvation,Deer,-1,240,0,112,0,count:1
3540,stat_birth,Fish,-1,240,0,304,0,count:7
3540,stat_kill,Fish,-1,240,0,304,0,count:4
3540,stat_birth,Sectid,-1,240,0,304,0,count:1
3540,stat_birth,Fish,-1,240,0,336,0,count:1
3540,stat_kill,Fish,-1,240,0,336,0,count:2
3540,stat_birth,Sectid,-1,240,0,336,0,count:1
3540,stat_kill,Camel,-1,240,0,368,0,count:1
3540,stat_kill,Fish,-1,240,0,368,0,count:1
3540,stat_starvation,Deer,-1,272,0,16,0,count:1
3540,stat_starvation,Musk Ox,-1,272,0,16,0,count:1
3540,stat_starvation,Musk Ox,-1,272,0,80,0,count:1
3540,stat_birth,Sectid,-1,272,0,144,0,count:1
3540,stat_birth,Fish,-1,272,0,304,0,count:9
3540,stat_age_death,Fish,-1,272,0,304,0,count:1
3540,stat_kill,Fish,-1,272,0,304,0,count:8
3540,stat_birth,Sectid,-1,272,0,304,0,count:3
3540,stat_starvation,Camel,-1,272,0,304,0,count:1
3540,stat_kill,Fish,-1,272,0,336,0,count:3
3540,stat_birth,Sectid,-1,272,0,336,0,count:1
3540,stat_starvation,Sectid,-1,272,0,400,0,count:2
3540,stat_starvation,Deer,-1,304,0,16,0,count:1
3540,stat_birth,Sectid,-1,304,0,16,0,count:1
3540,stat_starvation,Musk Ox,-1,304,0,48,0,count:1
3540,stat_starvation,Musk Ox,-1,304,0,80,0,count:1
3540,stat_starvation,Deer,-1,304,0,112,0,count:1
3540,stat_kill,Fish,-1,304,0,144,0,count:1
3540,stat_birth,Sectid,-1,304,0,144,0,count:1
3540,stat_kill,Fish,-1,304,0,176,0,count:1
3540,stat_birth,Sectid,-1,304,0,176,0,count:1
3540,stat_kill,Fish,-1,304,0,208,0,count:1
3540,stat_kill,Fish,-1,304,0,272,0,count:1
3540,stat_birth,Sectid,-1,304,0,272,0,count:1
3540,stat_kill,Fish,-1,304,0,304,0,count:2
3540,stat_birth,Sectid,-1,304,0,304,0,count:1
3540,stat_age_death,Fish,-1,304,0,336,0,count:1
3540,stat_kill,Fish,-1,304,0,336,0,count:4
3540,stat_birth,Sectid,-1,304,0,336,0,count:1
3540,stat_birth,Sectid,-1,336,0,112,0,count:1
3540,stat_starvation,Elk,-1,336,0,176,0,count:1
3540,stat_birth,Fish,-1,336,0,176,0,count:17
3540,stat_age_death,Fish,-1,336,0,176,0,count:1
3540,stat_starvation,Deer,-1,336,0,176,0,count:1
3540,stat_birth,Fish,-1,336,0,208,0,count:12
3540,stat_age_death,Fish,-1,336,0,208,0,count:2
3540,stat_birth,Fish,-1,336,0,240,0,count:16
3540,stat_age_death,Fish,-1,336,0,240,0,count:1
3540,stat_birth,Sectid,-1,336,0,272,0,count:1
3540,stat_birth,Sectid,-1,336,0,304,0,count:1
3540,stat_starvation,Elk,-1,336,0,304,0,count:1
3540,stat_kill,Fish,-1,336,0,336,0,count:1
3540,stat_starvation,Elk,-1,368,0,112,0,count:1
3540,stat_kill,Fish,-1,368,0,112,0,count:1
3540,stat_starvation,Elk,-1,368,0,144,0,count:1
3540,stat_age_death,Fish,-1,368,0,176,0,count:2
3540,stat_age_death,Fish,-1,368,0,240,0,count:1
3540,stat_birth,Sectid,-1,368,0,272,0,count:1
3540,stat_starvation,Sectid,-1,368,0,336,0,count:1
3540,stat_starvation,Elk,-1,368,0,432,0,count:1
3540,stat_age_death,Fish,-1,400,0,144,0,count:1
3540,stat_kill,Fish,-1,400,0,144,0,count:1
3540,stat_birth,Fish,-1,400,0,176,0,count:10
3540,stat_age_death,Fish,-1,400,0,176,0,count:1
3540,stat_birth,Fish,-1,432,0,144,0,count:9
3540,stat_age_death,Fish,-1,432,0,144,0,count:1
3540,stat_birth,Fish,-1,432,0,176,0,count:8
3540,stat_age_death,Fish,-1,432,0,176,0,count:1
3540,stat_starvation,Elk,-1,432,0,400,0,count:1
3540,stat_age_death,Fish,-1,464,0,336,0,count:1
3540,stat_starvation,Elk,-1,464,0,400,0,count:1
3540,stat_kill,Fish,-1,496,0,304,0,count:1
3540,stat_birth,Scorpion,-1,496,0,304,0,count:1
3570,stat_starvation,Elk,-1,16,0,144,0,count:1
3570,stat_starvation,Deer,-1,16,0,144,0,count:1
3570,stat_starvation,Elk,-1,16,0,240,0,count:1
3570,stat_birth,Fish,-1,16,0,240,0,count:1
3570,stat_birth,Sectid,-1,16,0,240,0,count:1
3570,stat_birth,Sectid,-1,16,0,304,0,count:1
3570,stat_starvation,Camel,-1,16,0,400,0,count:1
3570,stat_starvation,Sectid,-1,48,0,80,0,count:1
3570,stat_starvation,Deer,-1,48,0,112,0,count:1
3570,stat_starvation,Elk,-1,48,0,144,0,count:1
3570,stat_starvation,Elk,-1,48,0,176,0,count:1
3570,stat_starvation,Elk,-1,48,0,240,0,count:1
3570,stat_kill,Fish,-1,48,0,240,0,count:1
3570,stat_birth,Sectid,-1,48,0,240,0,count:1
3570,stat_age_death,Fish,-1,48,0,272,0,count:1
3570,stat_kill,Fish,-1,48,0,272,0,count:6
3570,stat_starvation,Camel,-1,48,0,272,0,count:1
3570,stat_birth,Sectid,-1,48,0,272,0,count:2
3570,stat_birth,Arctic Fox,-1,48,0,304,0,count:1
3570,stat_birth,Fish,-1,48,0,304,0,count:1
3570,stat_starvation,Elk,-1,48,0,368,0,count:1
3570,stat_starvation,Camel,-1,48,0,432,0,count:1
3570,stat_kill,Parrot,-1,48,0,496,0,count:1
3570,stat_starvation,Elk,-1,80,0,48,0,count:1
3570,stat_starvation,Elk,-1,80,0,80,0,count:1
3570,stat_starvation,Elk,-1,80,0,112,0,count:1
3570,stat_starvation,Deer,-1,80,0,144,0,count:1
3570,stat_starvation,Elk,-1,80,0,144,0,count:1
3570,stat_starvation,Elk,-1,80,0,176,0,count:1
3570,stat_kill,Fish,-1,80,0,272,0,count:1
3570,stat_starvation,Elk,-1,80,0,272,0,count:1
3570,stat_birth,Sectid,-1,80,0,272,0,count:1
3570,stat_starvation,Camel,-1,80,0,304,0,count:1
3570,stat_kill,Fish,-1,80,0,304,0,count:1
3570,stat_birth,Sectid,-1,80,0,304,0,count:1
3570,stat_kill,Elk,-1,80,0,368,0,count:1
3570,stat_starvation,Elk,-1,112,0,16,0,count:1
3570,stat_starvation,Sectid,-1,112,0,48,0,count:1
3570,stat_starvation,Sectid,-1,112,0,80,0,count:1
3570,stat_starvation,Elk,-1,112,0,112,0,count:1
3570,stat_starvation,Deer,-1,112,0,144,0,count:1
3570,stat_starvation,Deer,-1,112,0,176,0,count:1
3570,stat_starvation,Elk,-1,112,0,176,0,count:1
3570,stat_starvation,Camel,-1,112,0,304,0,count:1
3570,stat_starvation,Elk,-1,112,0,304,0,count:1
3570,stat_starvation,Camel,-1,112,0,336,0,count:1
3570,stat_starvation,Camel,-1,112,0,368,0,count:1
3570,stat_starvation,Elk,-1,144,0,80,0,count:1
3570,stat_starvation,Camel,-1,144,0,240,0,count:1
3570,stat_starvation,Camel,-1,144,0,304,0,count:2
3570,stat_starvation,Camel,-1,144,0,400,0,count:1
3570,stat_starvation,Camel,-1,144,0,432,0,count:1
3570,stat_kill,Deer,-1,176,0,48,0,count:1
3570,stat_kill,Elk,-1,176,0,48,0,count:1
3570,stat_starvation,Fox,-1,176,0,112,0,count:1
3570,stat_birth,Sectid,-1,176,0,112,0,count:1
3570,stat_starvation,Sectid,-1,176,0,144,0,count:1
3570,stat_starvation,Sectid,-1,176,0,176,0,count:1
3570,stat_starvation,Sectid,-1,176,0,272,0,count:1
3570,stat_starvation,Camel,-1,176,0,272,0,count:1
3570,stat_starvation,Camel,-1,176,0,304,0,count:1
3570,stat_starvation,Camel,-1,176,0,336,0,count:1
3570,stat_kill,Shroomer,-1,176,0,368,0,count:1
3570,stat_starvation,Camel,-1,176,0,400,0,count:2
3570,stat_starvation,Camel,-1,176,0,432,0,count:1
3570,stat_starvation,Camel,-1,176,0,464,0,count:1
3570,stat_starvation,Musk Ox,-1,208,0,48,0,count:1
3570,stat_starvation,Elk,-1,208,0,80,0,count:1
3570,stat_birth,Deer,-1,208,0,208,0,count:1
3570,stat_starvation,Camel,-1,208,0,272,0,count:1
3570,stat_starvation,Camel,-1,208,0,304,0,count:1
3570,stat_starvation,Camel,-1,208,0,336,0,count:1
3570,stat_starvation,Camel,-1,208,0,368,0,count:1
3570,stat_starvation,Camel,-1,208,0,400,0,count:1
3570,stat_starvation,Sectid,-1,208,0,496,0,count:1
3570,stat_starvation,Musk Ox,-1,240,0,16,0,count:1
3570,stat_kill,Deer,-1,240,0,48,0,count:1
3570,stat_starvation,Musk Ox,-1,240,0,48,0,count:1
3570,stat_starvation,Deer,-1,240,0,176,0,count:1
3570,stat_birth,Fish,-1,240,0,304,0,count:7
3570,stat_kill,Fish,-1,240,0,304,0,count:5
3570,stat_birth,Sectid,-1,240,0,304,0,count:1
3570,stat_birth,Fish,-1,240,0,336,0,count:1
3570,stat_kill,Fish,-1,240,0,336,0,count:3
3570,stat_birth,Sectid,-1,240,0,336,0,count:1
3570,stat_starvation,Musk Ox,-1,272,0,48,0,count:1
3570,stat_kill,Fish,-1,272,0,176,0,count:1
3570,stat_birth,Sectid,-1,272,0,176,0,count:1
3570,stat_birth,Fish,-1,272,0,304,0,count:9
3570,stat_age_death,Fish,-1,272,0,304,0,count:1
3570,stat_kill,Fish,-1,272,0,304,0,count:9
3570,stat_birth,Sectid,-1,272,0,304,0,count:3
3570,stat_birth,Fish,-1,272,0,336,0,count:2
3570,stat_kill,Fish,-1,272,0,336,0,count:4
3570,stat_birth,Sectid,-1,272,0,336,0,count:2
3570,stat_starvation,Sectid,-1,272,0,400,0,count:1
3570,stat_starvation,Deer,-1,304,0,80,0,count:1
3570,stat_starvation,Musk Ox,-1,304,0,80,0,count:1
3570,stat_birth,Fish,-1,304,0,176,0,count:3
3570,stat_kill,Fish,-1,304,0,176,0,count:1
3570,stat_birth,Sectid,-1,304,0,176,0,count:1
3570,stat_birth,Sectid,-1,304,0,208,0,count:1
3570,stat_kill,Fish,-1,304,0,272,0,count:1
3570,stat_kill,Sectid,-1,304,0,272,0,count:1
3570,stat_kill,Fish,-1,304,0,304,0,count:3
3570,stat_birth,Sectid,-1,304,0,304,0,count:1
3570,stat_kill,Fish,-1,304,0,336,0,count:4
3570,stat_birth,Sectid,-1,304,0,336,0,count:1
3570,stat_starvation,Deer,-1,336,0,48,0,count:1
3570,stat_starvation,Musk Ox,-1,336,0,80,0,count:1
3570,stat_birth,Sectid,-1,336,0,80,0,count:1
3570,stat_starvation,Elk,-1,336,0,112,0,count:1
3570,stat_birth,Fish,-1,336,0,144,0,count:1
3570,stat_kill,Fish,-1,336,0,144,0,count:1
3570,stat_birth,Sectid,-1,336,0,144,0,count:1
3570,stat_birth,Fish,-1,336,0,176,0,count:19
3570,stat_age_death,Fish,-1,336,0,176,0,count:1
3570,stat_birth,Fish,-1,336,0,208,0,count:13
3570,stat_age_death,Fish,-1,336,0,208,0,count:2
3570,stat_birth,Fish,-1,336,0,240,0,count:18
3570,stat_age_death,Fish,-1,336,0,240,0,count:1
3570,stat_birth,Fish,-1,336,0,272,0,count:1
3570,stat_kill,Fish,-1,336,0,272,0,count:1
3570,stat_birth,Sectid,-1,336,0,304,0,count:1
3570,stat_starvation,Elk,-1,336,0,304,0,count:1
3570,stat_starvation,Musk Ox,-1,368,0,48,0,count:1
3570,stat_kill,Fish,-1,368,0,112,0,count:1
3570,stat_kill,Fish,-1,368,0,144,0,count:1
3570,stat_age_death,Fish,-1,368,0,176,0,count:1
3570,stat_age_death,Fish,-1,368,0,208,0,count:1
3570,stat_birth,Fish,-1,368,0,272,0,count:1
3570,stat_birth,Arctic Fox,-1,400,0,112,0,count:1
3570,stat_kill,Fish,-1,400,0,112,0,count:1
3570,stat_age_death,Fish,-1,400,0,144,0,count:1
3570,stat_kill,Fish,-1,400,0,144,0,count:1
3570,stat_birth,Fish,-1,400,0,176,0,count:11
3570,stat_age_death,Fish,-1,400,0,176,0,count:1
3570,stat_birth,Fish,-1,432,0,144,0,count:9
3570,stat_birth,Fish,-1,432,0,176,0,count:9
3570,stat_starvation,Fish,-1,432,0,304,0,count:1
3570,stat_starvation,Elk,-1,432,0,400,0,count:1
3570,stat_starvation,Elk,-1,432,0,432,0,count:1
3570,stat_age_death,Fish,-1,464,0,304,0,count:1
3570,stat_starvation,Elk,-1,464,0,368,0,count:1
3570,stat_starvation,Elk,-1,464,0,400,0,count:1
3570,stat_starvation,Elk,-1,464,0,464,0,count:1
3570,stat_kill,Fish,-1,496,0,304,0,count:1
3600,stat_starvation,Deer,-1,16,0,144,0,count:1
3600,stat_starvation,Elk,-1,16,0,176,0,count:1
3600,stat_starvation,Elk,-1,16,0,240,0,count:1
3600,stat_kill,Fish,-1,16,0,240,0,count:1
3600,stat_starvation,Elk,-1,16,0,272,0,count:1
3600,stat_birth,Sectid,-1,16,0,272,0,count:1
3600,stat_kill,Fish,-1,16,0,304,0,count:1
3600,stat_starvation,Camel,-1,16,0,368,0,count:1
3600,stat_starvation,Elk,-1,48,0,80,0,count:1
3600,stat_starvation,Deer,-1,48,0,112,0,count:1
3600,stat_starvation,Elk,-1,48,0,112,0,count:1
3600,stat_starvation,Deer,-1,48,0,144,0,count:2
3600,stat_starvation,Elk,-1,48,0,144,0,count:1
3600,stat_starvation,Deer,-1,48,0,176,0,count:1
3600,stat_birth,Fish,-1,48,0,240,0,count:1
3600,stat_age_death,Fish,-1,48,0,272,0,count:1
3600,stat_kill,Fish,-1,48,0,272,0,count:7
3600,stat_starvation,Elk,-1,48,0,272,0,count:1
3600,stat_birth,Sectid,-1,48,0,272,0,count:1
3600,stat_starvation,Elk,-1,48,0,304,0,count:1
3600,stat_kill,Fish,-1,48,0,304,0,count:1
3600,stat_birth,Sectid,-1,48,0,304,0,count:1
3600,stat_starvation,Camel,-1,48,0,336,0,count:1
3600,stat_starvation,Camel,-1,48,0,368,0,count:1
3600,stat_starvation,Camel,-1,48,0,400,0,count:1
3600,stat_kill,Frog,-1,48,0,496,0,count:1
3600,stat_kill,Deer,-1,80,0,112,0,count:1
3600,stat_starvation,Elk,-1,80,0,208,0,count:1
3600,stat_starvation,Elk,-1,80,0,272,0,count:1
3600,stat_starvation,Elk,-1,80,0,304,0,count:1
3600,stat_birth,Fish,-1,80,0,304,0,count:1
3600,stat_starvation,Camel,-1,80,0,336,0,count:1
3600,stat_starvation,Elk,-1,80,0,336,0,count:1
3600,stat_starvation,Camel,-1,80,0,400,0,count:1
3600,stat_starvation,Elk,-1,112,0,16,0,count:1
3600,stat_starvation,Sectid,-1,112,0,48,0,count:1
3600,stat_starvation,Elk,-1,112,0,112,0,count:1
3600,stat_starvation,Deer,-1,112,0,144,0,count:1
3600,stat_starvation,Sectid,-1,112,0,208,0,count:2
3600,stat_starvation,Elk,-1,112,0,208,0,count:1
3600,stat_starvation,Camel,-1,112,0,304,0,count:1
3600,stat_starvation,Camel,-1,112,0,336,0,count:1
3600,stat_kill,Camel,-1,112,0,400,0,count:1
3600,stat_starvation,Musk Ox,-1,144,0,48,0,count:1
3600,stat_starvation,Elk,-1,144,0,112,0,count:1
3600,stat_kill,Camel,-1,144,0,272,0,count:1
3600,stat_starvation,Camel,-1,144,0,304,0,count:1
3600,stat_starvation,Camel,-1,144,0,336,0,count:1
3600,stat_starvation,Camel,-1,144,0,368,0,count:2
3600,stat_starvation,Camel,-1,144,0,400,0,count:1
3600,stat_kill,Deer,-1,176,0,16,0,count:1
3600,stat_starvation,Sectid,-1,176,0,112,0,count:2
3600,stat_starvation,Sectid,-1,176,0,144,0,count:1
3600,stat_starvation,Deer,-1,176,0,176,0,count:1
3600,stat_starvation,Sectid,-1,176,0,176,0,count:1
3600,stat_starvation,Sectid,-1,176,0,272,0,count:2
3600,stat_starvation,Camel,-1,176,0,272,0,count:1
3600,stat_starvation,Camel,-1,176,0,304,0,count:1
3600,stat_starvation,Camel,-1,176,0,368,0,count:1
3600,stat_kill,Deer,-1,208,0,16,0,count:1
3600,stat_starvation,Musk Ox,-1,208,0,48,0,count:1
3600,stat_starvation,Camel,-1,208,0,272,0,count:1
3600,stat_kill,Fish,-1,208,0,272,0,count:1
3600,stat_starvation,Camel,-1,208,0,304,0,count:1
3600,stat_starvation,Camel,-1,208,0,368,0,count:1
3600,stat_starvation,Camel,-1,208,0,400,0,count:1
3600,stat_starvation,Camel,-1,208,0,432,0,count:1
3600,stat_starvation,Musk Ox,-1,240,0,16,0,count:1
3600,stat_kill,Sectid,-1,240,0,80,0,count:1
3600,stat_starvation,Deer,-1,240,0,144,0,count:1
3600,stat_birth,Fish,-1,240,0,304,0,count:7
3600,stat_kill,Fish,-1,240,0,304,0,count:5
3600,stat_birth,Sectid,-1,240,0,304,0,count:1
3600,stat_birth,Fish,-1,240,0,336,0,count:2
3600,stat_kill,Fish,-1,240,0,336,0,count:2
3600,stat_birth,Sectid,-1,240,0,336,0,count:1
3600,stat_birth,Shroomer,-1,240,0,464,0,count:1
3600,stat_kill,Shroomer,-1,240,0,464,0,count:1
3600,stat_starvation,Deer,-1,272,0,176,0,count:1
3600,stat_birth,Fish,-1,272,0,304,0,count:9
3600,stat_age_death,Fish,-1,272,0,304,0,count:1
3600,stat_kill,Fish,-1,272,0,304,0,count:9
3600,stat_birth,Sectid,-1,272,0,304,0,count:3
3600,stat_starvation,Camel,-1,272,0,304,0,count:1
3600,stat_birth,Fish,-1,272,0,336,0,count:3
3600,stat_kill,Fish,-1,272,0,336,0,count:4
3600,stat_birth,Sectid,-1,272,0,336,0,count:1
3600,stat_starvation,Sectid,-1,272,0,400,0,count:1
3600,stat_starvation,Deer,-1,304,0,16,0,count:1
3600,stat_starvation,Deer,-1,304,0,112,0,count:1
3600,stat_birth,Fish,-1,304,0,144,0,count:1
3600,stat_birth,Sectid,-1,304,0,144,0,count:1
3600,stat_starvation,Deer,-1,304,0,176,0,count:1
3600,stat_birth,Fish,-1,304,0,176,0,count:2
3600,stat_kill,Fish,-1,304,0,176,0,count:1
3600,stat_kill,Fish,-1,304,0,208,0,count:1
3600,stat_kill,Fish,-1,304,0,272,0,count:2
3600,stat_birth,Sectid,-1,304,0,272,0,count:1
3600,stat_kill,Fish,-1,304,0,304,0,count:3
3600,stat_birth,Sectid,-1,304,0,304,0,count:1
3600,stat_kill,Camel,-1,304,0,336,0,count:1
3600,stat_kill,Fish,-1,304,0,336,0,count:5
3600,stat_birth,Sectid,-1,304,0,336,0,count:2
3600,stat_kill,Fish,-1,304,0,368,0,count:1
3600,stat_kill,Deer,-1,336,0,80,0,count:1
3600,stat_starvation,Elk,-1,336,0,112,0,count:1
3600,stat_kill,Fish,-1,336,0,112,0,count:1
3600,stat_starvation,Elk,-1,336,0,144,0,count:1
3600,stat_birth,Fish,-1,336,0,144,0,count:1
3600,stat_birth,Fish,-1,336,0,176,0,count:20
3600,stat_age_death,Fish,-1,336,0,176,0,count:1
3600,stat_kill,Fish,-1,336,0,176,0,count:1
3600,stat_age_death,Fish,-1,336,0,208,0,count:1
3600,stat_birth,Fish,-1,336,0,240,0,count:19
3600,stat_age_death,Fish,-1,336,0,240,0,count:1
3600,stat_kill,Fish,-1,336,0,240,0,count:1
3600,stat_kill,Fish,-1,336,0,304,0,count:1
3600,stat_birth,Sectid,-1,336,0,336,0,count:1
3600,stat_starvation,Deer,-1,368,0,48,0,count:1
3600,stat_birth,Arctic Fox,-1,368,0,112,0,count:1
3600,stat_starvation,Deer,-1,368,0,112,0,count:1
3600,stat_kill,Fish,-1,368,0,112,0,count:2
3600,stat_starvation,Elk,-1,368,0,144,0,count:1
3600,stat_age_death,Fish,-1,368,0,176,0,count:1
3600,stat_age_death,Fish,-1,368,0,208,0,count:1
3600,stat_age_death,Fish,-1,368,0,240,0,count:1
3600,stat_age_death,Fish,-1,400,0,144,0,count:1
3600,stat_kill,Fish,-1,400,0,144,0,count:1
3600,stat_starvation,Elk,-1,400,0,144,0,count:1
3600,stat_birth,Snake,-1,400,0,176,0,count:1
3600,stat_birth,Fish,-1,400,0,176,0,count:11
3600,stat_age_death,Fish,-1,400,0,176,0,count:1
3600,stat_birth,Fish,-1,400,0,240,0,count:1
3600,stat_starvation,Elk,-1,400,0,400,0,count:1
3600,stat_kill,Fish,-1,432,0,112,0,count:1
3600,stat_birth,Fish,-1,432,0,144,0,count:9
3600,stat_age_death,Fish,-1,432,0,144,0,count:1
3600,stat_birth,Fish,-1,432,0,176,0,count:10
3600,stat_age_death,Fish,-1,432,0,176,0,count:1
3600,stat_starvation,Elk,-1,464,0,496,0,count:1
3600,stat_kill,Fish,-1,496,0,304,0,count:1
3600,stat_age_death,Fish,-1,496,0,336,0,count:1
3600,stat_starvation,Elk,-1,496,0,368,0,count:1
3630,stat_starvation,Deer,-1,16,0,144,0,count:1
3630,stat_starvation,Elk,-1,16,0,176,0,count:1
3630,stat_starvation,Deer,-1,16,0,176,0,count:1
3630,stat_age_death,Sectid,-1,16,0,208,0,count:1
3630,stat_birth,Snake,-1,16,0,240,0,count:1
3630,stat_birth,Sectid,-1,16,0,240,0,count:1
3630,stat_kill,Fish,-1,16,0,272,0,count:1
3630,stat_birth,Sectid,-1,16,0,272,0,count:1
3630,stat_starvation,Elk,-1,16,0,336,0,count:1
3630,stat_starvation,Elk,-1,48,0,48,0,count:1
3630,stat_starvation,Sectid,-1,48,0,80,0,count:1
3630,stat_starvation,Deer,-1,48,0,80,0,count:1
3630,stat_starvation,Deer,-1,48,0,112,0,count:1
3630,stat_starvation,Deer,-1,48,0,144,0,count:1
3630,stat_starvation,Elk,-1,48,0,176,0,count:1
3630,stat_starvation,Elk,-1,48,0,240,0,count:1
3630,stat_kill,Fish,-1,48,0,240,0,count:1
3630,stat_birth,Fish,-1,48,0,272,0,count:7
3630,stat_age_death,Fish,-1,48,0,272,0,count:1
3630,stat_kill,Fish,-1,48,0,272,0,count:8
3630,stat_starvation,Camel,-1,48,0,272,0,count:1
3630,stat_birth,Sectid,-1,48,0,272,0,count:2
3630,stat_starvation,Elk,-1,48,0,304,0,count:1
3630,stat_birth,Sectid,-1,48,0,304,0,count:1
3630,stat_starvation,Camel,-1,48,0,336,0,count:1
3630,stat_birth,Frog,-1,48,0,496,0,count:1
3630,stat_starvation,Elk,-1,80,0,48,0,count:1
3630,stat_starvation,Deer,-1,80,0,176,0,count:1
3630,stat_starvation,Elk,-1,80,0,176,0,count:1
3630,stat_kill,Deer,-1,80,0,208,0,count:1
3630,stat_birth,Sectid,-1,80,0,240,0,count:1
3630,stat_starvation,Elk,-1,80,0,240,0,count:1
3630,stat_birth,Fish,-1,80,0,240,0,count:1
3630,stat_kill,Fish,-1,80,0,240,0,count:1
3630,stat_kill,Fish,-1,80,0,272,0,count:1
3630,stat_starvation,Elk,-1,80,0,272,0,count:1
3630,stat_birth,Sectid,-1,80,0,272,0,count:1
3630,stat_starvation,Camel,-1,80,0,304,0,count:1
3630,stat_kill,Fish,-1,80,0,304,0,count:1
3630,stat_starvation,Camel,-1,80,0,336,0,count:1
3630,stat_starvation,Camel,-1,80,0,368,0,count:1
3630,stat_starvation,Camel,-1,80,0,400,0,count:1
3630,stat_starvation,Elk,-1,112,0,48,0,count:1
3630,stat_starvation,Elk,-1,112,0,80,0,count:1
3630,stat_starvation,Sectid,-1,112,0,80,0,count:1
3630,stat_kill,Deer,-1,112,0,112,0,count:1
3630,stat_kill,Elk,-1,112,0,144,0,count:1
3630,stat_starvation,Deer,-1,112,0,208,0,count:1
3630,stat_starvation,Sectid,-1,112,0,208,0,count:1
3630,stat_starvation,Camel,-1,112,0,304,0,count:1
3630,stat_kill,Elk,-1,112,0,336,0,count:1
3630,stat_starvation,Camel,-1,112,0,368,0,count:1
3630,stat_starvation,Camel,-1,112,0,464,0,count:1
3630,stat_starvation,Elk,-1,144,0,16,0,count:1
3630,stat_starvation,Elk,-1,144,0,48,0,count:1
3630,stat_starvation,Elk,-1,144,0,80,0,count:1
3630,stat_starvation,Sectid,-1,144,0,80,0,count:1
3630,stat_starvation,Deer,-1,144,0,112,0,count:1
3630,stat_starvation,Jaguar,-1,144,0,176,0,count:1
3630,stat_starvation,Camel,-1,144,0,240,0,count:1
3630,stat_birth,Turtle,-1,144,0,304,0,count:1
3630,stat_starvation,Camel,-1,144,0,304,0,count:1
3630,stat_starvation,Camel,-1,144,0,336,0,count:1
3630,stat_starvation,Sectid,-1,144,0,336,0,count:1
3630,stat_starvation,Camel,-1,144,0,368,0,count:1
3630,stat_starvation,Elk,-1,176,0,80,0,count:1
3630,stat_starvation,Sectid,-1,176,0,112,0,count:1
3630,stat_starvation,Sectid,-1,176,0,144,0,count:1
3630,stat_starvation,Elk,-1,176,0,144,0,count:1
3630,stat_starvation,Elk,-1,176,0,176,0,count:1
3630,stat_starvation,Sectid,-1,176,0,176,0,count:1
3630,stat_kill,Camel,-1,176,0,240,0,count:1
3630,stat_starvation,Sectid,-1,176,0,272,0,count:2
3630,stat_starvation,Camel,-1,176,0,272,0,count:1
3630,stat_starvation,Camel,-1,176,0,304,0,count:1
3630,stat_starvation,Camel,-1,176,0,336,0,count:1
3630,stat_starvation,Camel,-1,176,0,400,0,count:1
3630,stat_starvation,Camel,-1,176,0,432,0,count:1
3630,stat_starvation,Camel,-1,176,0,464,0,count:1
3630,stat_starvation,Camel,-1,208,0,304,0,count:1
3630,stat_kill,Fish,-1,208,0,304,0,count:1
3630,stat_kill,Fish,-1,208,0,336,0,count:1
3630,stat_starvation,Camel,-1,208,0,368,0,count:1
3630,stat_starvation,Camel,-1,208,0,432,0,count:1
3630,stat_kill,Camel,-1,208,0,464,0,count:1
3630,stat_kill,Shroomer,-1,240,0,80,0,count:1
3630,stat_starvation,Deer,-1,240,0,144,0,count:1
3630,stat_birth,Fish,-1,240,0,304,0,count:7
3630,stat_kill,Fish,-1,240,0,304,0,count:4
3630,stat_birth,Fish,-1,240,0,336,0,count:1
3630,stat_kill,Fish,-1,240,0,336,0,count:3
3630,stat_starvation,Camel,-1,240,0,336,0,count:1
3630,stat_kill,Camel,-1,240,0,400,0,count:1
3630,stat_kill,Sectid,-1,240,0,464,0,count:1
3630,stat_starvation,Musk Ox,-1,272,0,80,0,count:1
3630,stat_starvation,Musk Ox,-1,272,0,112,0,count:1
3630,stat_starvation,Deer,-1,272,0,144,0,count:1
3630,stat_birth,Fish,-1,272,0,304,0,count:9
3630,stat_age_death,Fish,-1,272,0,304,0,count:1
3630,stat_kill,Fish,-1,272,0,304,0,count:10
3630,stat_birth,Sectid,-1,272,0,304,0,count:1
3630,stat_starvation,Camel,-1,272,0,304,0,count:1
3630,stat_birth,Fish,-1,272,0,336,0,count:2
3630,stat_kill,Fish,-1,272,0,336,0,count:4
3630,stat_birth,Sectid,-1,272,0,336,0,count:1
3630,stat_kill,Fish,-1,272,0,368,0,count:1
3630,stat_starvation,Sectid,-1,272,0,400,0,count:1
3630,stat_starvation,Deer,-1,304,0,48,0,count:1
3630,stat_starvation,Musk Ox,-1,304,0,48,0,count:1
3630,stat_starvation,Musk Ox,-1,304,0,80,0,count:1
3630,stat_starvation,Musk Ox,-1,304,0,112,0,count:1
3630,stat_kill,Fish,-1,304,0,144,0,count:1
3630,stat_birth,Sectid,-1,304,0,144,0,count:1
3630,stat_starvation,Deer,-1,304,0,176,0,count:1
3630,stat_birth,Fish,-1,304,0,176,0,count:3
3630,stat_kill,Fish,-1,304,0,176,0,count:2
3630,stat_birth,Sectid,-1,304,0,176,0,count:1
3630,stat_kill,Fish,-1,304,0,272,0,count:1
3630,stat_birth,Fish,-1,304,0,304,0,count:3
3630,stat_kill,Fish,-1,304,0,304,0,count:4
3630,stat_birth,Sectid,-1,304,0,304,0,count:1
3630,stat_kill,Fish,-1,304,0,336,0,count:4
3630,stat_birth,Sectid,-1,304,0,336,0,count:1
3630,stat_birth,Sectid,-1,304,0,368,0,count:1
3630,stat_starvation,Elk,-1,336,0,112,0,count:1
3630,stat_birth,Sectid,-1,336,0,112,0,count:1
3630,stat_starvation,Elk,-1,336,0,144,0,count:1
3630,stat_birth,Fish,-1,336,0,144,0,count:2
3630,stat_kill,Fish,-1,336,0,144,0,count:1
3630,stat_birth,Fish,-1,336,0,176,0,count:20
3630,stat_age_death,Fish,-1,336,0,176,0,count:1
3630,stat_kill,Fish,-1,336,0,176,0,count:1
3630,stat_age_death,Fish,-1,336,0,208,0,count:2
3630,stat_birth,Fish,-1,336,0,240,0,count:19
3630,stat_age_death,Fish,-1,336,0,240,0,count:1
3630,stat_birth,Fish,-1,336,0,272,0,count:1
3630,stat_birth,Sectid,-1,336,0,304,0,count:1
3630,stat_starvation,Elk,-1,336,0,304,0,count:1
3630,stat_birth,Fish,-1,336,0,304,0,count:1
3630,stat_birth,Sectid,-1,336,0,368,0,count:1
3630,stat_starvation,Musk Ox,-1,368,0,80,0,count:1
3630,stat_starvation,Elk,-1,368,0,112,0,count:1
3630,stat_starvation,Deer,-1,368,0,112,0,count:1
3630,stat_kill,Fish,-1,368,0,112,0,count:1
3630,stat_kill,Fish,-1,368,0,144,0,count:1
3630,stat_age_death,Fish,-1,368,0,176,0,count:1
3630,stat_kill,Fish,-1,368,0,272,0,count:1
3630,stat_birth,Sectid,-1,368,0,336,0,count:1
3630,stat_starvation,Elk,-1,368,0,432,0,count:1
3630,stat_birth,Arctic Fox,-1,400,0,80,0,count:1
3630,stat_kill,Fish,-1,400,0,80,0,count:1
3630,stat_kill,Fish,-1,400,0,112,0,count:1
3630,stat_age_death,Fish,-1,400,0,144,0,count:1
3630,stat_kill,Fish,-1,400,0,144,0,count:1
3630,stat_birth,Jaguar,-1,400,0,176,0,count:1
3630,stat_birth,Fish,-1,400,0,176,0,count:12
3630,stat_age_death,Fish,-1,400,0,176,0,count:1
3630,stat_starvation,Elk,-1,400,0,400,0,count:1
3630,stat_birth,Fish,-1,432,0,144,0,count:11
3630,stat_age_death,Fish,-1,432,0,144,0,count:1
3630,stat_birth,Fish,-1,432,0,176,0,count:10
3630,stat_starvation,Elk,-1,432,0,368,0,count:1
3630,stat_starvation,Elk,-1,432,0,400,0,count:1
3630,stat_starvation,Deer,-1,432,0,464,0,count:1
3630,stat_starvation,Elk,-1,432,0,464,0,count:1
3630,stat_starvation,Elk,-1,432,0,496,0,count:1
3630,stat_kill,Fish,-1,464,0,272,0,count:1
3630,stat_age_death,Fish,-1,464,0,336,0,count:1
3630,stat_starvation,Elk,-1,464,0,432,0,count:1
3630,stat_starvation,Elk,-1,464,0,464,0,count:1
3630,stat_kill,Fish,-1,496,0,304,0,count:1
3630,stat_starvation,Elk,-1,496,0,400,0,count:1
3660,stat_kill,Elk,-1,16,0,80,0,count:1
3660,stat_starvation,Deer,-1,16,0,144,0,count:1
3660,stat_starvation,Elk,-1,16,0,176,0,count:1
3660,stat_starvation,Deer,-1,16,0,176,0,count:2
3660,stat_starvation,Elk,-1,16,0,240,0,count:1
3660,stat_kill,Fish,-1,16,0,240,0,count:1
3660,stat_birth,Sectid,-1,16,0,240,0,count:1
3660,stat_birth,Fish,-1,16,0,272,0,count:1
3660,stat_starvation,Elk,-1,16,0,304,0,count:1
3660,stat_birth,Fish,-1,16,0,304,0,count:1
3660,stat_kill,Fish,-1,16,0,304,0,count:1
3660,stat_birth,Sectid,-1,16,0,304,0,count:1
3660,stat_starvation,Sectid,-1,48,0,80,0,count:1
3660,stat_starvation,Elk,-1,48,0,112,0,count:1
3660,stat_starvation,Deer,-1,48,0,144,0,count:1
3660,stat_starvation,Elk,-1,48,0,144,0,count:1
3660,stat_kill,Deer,-1,48,0,208,0,count:1
3660,stat_birth,Sectid,-1,48,0,240,0,count:1
3660,stat_birth,Fish,-1,48,0,272,0,count:7
3660,stat_age_death,Fish,-1,48,0,272,0,count:1
3660,stat_kill,Fish,-1,48,0,272,0,count:9
3660,stat_starvation,Elk,-1,48,0,272,0,count:1
3660,stat_birth,Sectid,-1,48,0,272,0,count:2
3660,stat_birth,Arctic Fox,-1,48,0,304,0,count:1
3660,stat_kill,Fish,-1,48,0,304,0,count:1
3660,stat_birth,Sectid,-1,48,0,304,0,count:1
3660,stat_starvation,Elk,-1,48,0,336,0,count:1
3660,stat_starvation,Camel,-1,48,0,336,0,count:1
3660,stat_starvation,Camel,-1,48,0,368,0,count:1
3660,stat_starvation,Elk,-1,80,0,48,0,count:1
3660,stat_starvation,Sectid,-1,80,0,80,0,count:1
3660,stat_starvation,Elk,-1,80,0,144,0,count:1
3660,stat_starvation,Elk,-1,80,0,304,0,count:1
3660,stat_starvation,Camel,-1,80,0,304,0,count:1
3660,stat_birth,Sectid,-1,80,0,304,0,count:1
3660,stat_starvation,Camel,-1,80,0,336,0,count:1
3660,stat_starvation,Sectid,-1,112,0,48,0,count:1
3660,stat_starvation,Sectid,-1,112,0,80,0,count:1
3660,stat_birth,Sectid,-1,112,0,208,0,count:1
3660,stat_starvation,Sectid,-1,112,0,208,0,count:1
3660,stat_starvation,Elk,-1,112,0,304,0,count:1
3660,stat_starvation,Camel,-1,112,0,336,0,count:1
3660,stat_starvation,Camel,-1,112,0,368,0,count:1
3660,stat_starvation,Sectid,-1,144,0,112,0,count:1
3660,stat_starvation,Elk,-1,144,0,176,0,count:1
3660,stat_starvation,Sectid,-1,144,0,336,0,count:2
3660,stat_kill,Elk,-1,144,0,336,0,count:1
3660,stat_starvation,Camel,-1,144,0,368,0,count:1
3660,stat_starvation,Sectid,-1,144,0,368,0,count:2
3660,stat_starvation,Camel,-1,144,0,400,0,count:1
3660,stat_starvation,Camel,-1,144,0,432,0,count:1
3660,stat_birth,Sectid,-1,176,0,144,0,count:1
3660,stat_starvation,Sectid,-1,176,0,176,0,count:1
3660,stat_starvation,Sectid,-1,176,0,272,0,count:1
3660,stat_starvation,Camel,-1,176,0,304,0,count:1
3660,stat_kill,Camel,-1,176,0,368,0,count:1
3660,stat_starvation,Camel,-1,176,0,400,0,count:2
3660,stat_starvation,Camel,-1,176,0,464,0,count:1
3660,stat_starvation,Musk Ox,-1,208,0,48,0,count:1
3660,stat_starvation,Musk Ox,-1,208,0,80,0,count:1
3660,stat_starvation,Deer,-1,208,0,112,0,count:1
3660,stat_kill,Deer,-1,208,0,144,0,count:1
3660,stat_starvation,Camel,-1,208,0,272,0,count:1
3660,stat_starvation,Camel,-1,208,0,336,0,count:1
3660,stat_starvation,Camel,-1,208,0,400,0,count:1
3660,stat_starvation,Musk Ox,-1,240,0,16,0,count:1
3660,stat_starvation,Musk Ox,-1,240,0,80,0,count:1
3660,stat_starvation,Deer,-1,240,0,144,0,count:1
3660,stat_starvation,Deer,-1,240,0,176,0,count:1
3660,stat_starvation,Sectid,-1,240,0,176,0,count:2
3660,stat_birth,Fish,-1,240,0,304,0,count:7
3660,stat_kill,Fish,-1,240,0,304,0,count:5
3660,stat_birth,Sectid,-1,240,0,304,0,count:1
3660,stat_birth,Fish,-1,240,0,336,0,count:1
3660,stat_kill,Fish,-1,240,0,336,0,count:2
3660,stat_birth,Sectid,-1,240,0,336,0,count:1
3660,stat_kill,Deer,-1,272,0,16,0,count:1
3660,stat_starvation,Deer,-1,272,0,48,0,count:1
3660,stat_starvation,Musk Ox,-1,272,0,80,0,count:1
3660,stat_starvation,Musk Ox,-1,272,0,112,0,count:1
3660,stat_starvation,Deer,-1,272,0,144,0,count:1
3660,stat_kill,Fish,-1,272,0,144,0,count:1
3660,stat_birth,Sectid,-1,272,0,176,0,count:1
3660,stat_birth,Fish,-1,272,0,304,0,count:9
3660,stat_age_death,Fish,-1,272,0,304,0,count:1
3660,stat_kill,Fish,-1,272,0,304,0,count:10
3660,stat_birth,Sectid,-1,272,0,304,0,count:2
3660,stat_birth,Fish,-1,272,0,336,0,count:2
3660,stat_kill,Fish,-1,272,0,336,0,count:4
3660,stat_birth,Sectid,-1,272,0,336,0,count:1
3660,stat_birth,Sectid,-1,272,0,368,0,count:1
3660,stat_starvation,Sectid,-1,272,0,400,0,count:1
3660,stat_starvation,Deer,-1,304,0,112,0,count:1
3660,stat_birth,Scorpion,-1,304,0,144,0,count:1
3660,stat_starvation,Deer,-1,304,0,176,0,count:1
3660,stat_birth,Fish,-1,304,0,176,0,count:2
3660,stat_kill,Fish,-1,304,0,176,0,count:1
3660,stat_birth,Sectid,-1,304,0,176,0,count:1
3660,stat_kill,Fish,-1,304,0,208,0,count:1
3660,stat_kill,Fish,-1,304,0,272,0,count:2
3660,stat_birth,Sectid,-1,304,0,272,0,count:1
3660,stat_birth,Fish,-1,304,0,304,0,count:3
3660,stat_kill,Fish,-1,304,0,304,0,count:3
3660,stat_birth,Sectid,-1,304,0,304,0,count:2
3660,stat_kill,Fish,-1,304,0,336,0,count:5
3660,stat_birth,Sectid,-1,304,0,336,0,count:2
3660,stat_kill,Shroomer,-1,336,0,16,0,count:1
3660,stat_starvation,Musk Ox,-1,336,0,48,0,count:1
3660,stat_birth,Sectid,-1,336,0,48,0,count:1
3660,stat_starvation,Musk Ox,-1,336,0,80,0,count:1
3660,stat_birth,Sectid,-1,336,0,80,0,count:1
3660,stat_starvation,Elk,-1,336,0,112,0,count:1
3660,stat_starvation,Elk,-1,336,0,144,0,count:1
3660,stat_birth,Fish,-1,336,0,144,0,count:2
3660,stat_birth,Sectid,-1,336,0,144,0,count:1
3660,stat_birth,Fish,-1,336,0,176,0,count:22
3660,stat_age_death,Fish,-1,336,0,176,0,count:1
3660,stat_kill,Fish,-1,336,0,176,0,count:1
3660,stat_age_death,Fish,-1,336,0,208,0,count:2
3660,stat_birth,Fish,-1,336,0,240,0,count:21
3660,stat_age_death,Fish,-1,336,0,240,0,count:1
3660,stat_kill,Fish,-1,336,0,272,0,count:1
3660,stat_birth,Sectid,-1,336,0,272,0,count:1
3660,stat_kill,Fish,-1,336,0,336,0,count:1
3660,stat_birth,Sectid,-1,336,0,336,0,count:1
3660,stat_starvation,Musk Ox,-1,368,0,80,0,count:2
3660,stat_kill,Fish,-1,368,0,112,0,count:1
3660,stat_kill,Fish,-1,368,0,144,0,count:1
3660,stat_birth,Fish,-1,368,0,176,0,count:8
3660,stat_age_death,Fish,-1,368,0,176,0,count:1
3660,stat_age_death,Fish,-1,368,0,208,0,count:1
3660,stat_age_death,Fish,-1,368,0,240,0,count:1
3660,stat_birth,Sectid,-1,368,0,272,0,count:1
3660,stat_age_death,Fish,-1,400,0,144,0,count:2
3660,stat_kill,Fish,-1,400,0,144,0,count:1
3660,stat_birth,Fish,-1,400,0,176,0,count:13
3660,stat_age_death,Fish,-1,400,0,176,0,count:1
3660,stat_starvation,Elk,-1,400,0,400,0,count:1
3660,stat_starvation,Elk,-1,400,0,432,0,count:1
3660,stat_age_death,Fish,-1,432,0,144,0,count:1
3660,stat_birth,Fish,-1,432,0,176,0,count:11
3660,stat_age_death,Fish,-1,432,0,176,0,count:1
3660,stat_starvation,Elk,-1,432,0,368,0,count:2
3660,stat_starvation,Elk,-1,432,0,400,0,count:1
3660,stat_starvation,Elk,-1,432,0,432,0,count:1
3660,stat_age_death,Fish,-1,464,0,304,0,count:1
3660,stat_kill,Fish,-1,496,0,304,0,count:1
3660,stat_age_death,Fish,-1,496,0,336,0,count:1
3690,stat_starvation,Elk,-1,16,0,48,0,count:1
3690,stat_kill,Elk,-1,16,0,112,0,count:1
3690,stat_starvation,Elk,-1,16,0,144,0,count:1
3690,stat_starvation,Elk,-1,16,0,176,0,count:1
3690,stat_starvation,Deer,-1,16,0,176,0,count:1
3690,stat_starvation,Elk,-1,16,0,208,0,count:1
3690,stat_birth,Fish,-1,16,0,240,0,count:1
3690,stat_starvation,Elk,-1,16,0,272,0,count:1
3690,stat_kill,Fish,-1,16,0,272,0,count:1
3690,stat_birth,Sectid,-1,16,0,272,0,count:1
3690,stat_starvation,Elk,-1,16,0,304,0,count:1
3690,stat_starvation,Elk,-1,16,0,336,0,count:1
3690,stat_starvation,Camel,-1,16,0,368,0,count:1
3690,stat_starvation,Elk,-1,48,0,16,0,count:1
3690,stat_starvation,Sectid,-1,48,0,80,0,count:1
3690,stat_starvation,Elk,-1,48,0,80,0,count:1
3690,stat_starvation,Deer,-1,48,0,112,0,count:1
3690,stat_starvation,Deer,-1,48,0,176,0,count:1
3690,stat_starvation,Elk,-1,48,0,176,0,count:1
3690,stat_starvation,Camel,-1,48,0,240,0,count:1
3690,stat_starvation,Elk,-1,48,0,240,0,count:1
3690,stat_kill,Fish,-1,48,0,240,0,count:1
3690,stat_birth,Fish,-1,48,0,272,0,count:7
3690,stat_age_death,Fish,-1,48,0,272,0,count:1
3690,stat_kill,Fish,-1,48,0,272,0,count:9
3690,stat_starvation,Camel,-1,48,0,272,0,count:1
3690,stat_birth,Sectid,-1,48,0,272,0,count:1
3690,stat_birth,Sectid,-1,48,0,304,0,count:1
3690,stat_starvation,Elk,-1,48,0,336,0,count:1
3690,stat_starvation,Camel,-1,48,0,336,0,count:1
3690,stat_starvation,Elk,-1,48,0,368,0,count:1
3690,stat_starvation,Elk,-1,80,0,80,0,count:1
3690,stat_starvation,Deer,-1,80,0,176,0,count:1
3690,stat_starvation,Elk,-1,80,0,208,0,count:1
3690,stat_starvation,Elk,-1,80,0,240,0,count:1
3690,stat_kill,Fish,-1,80,0,240,0,count:1
3690,stat_kill,Fish,-1,80,0,272,0,count:1
3690,stat_starvation,Elk,-1,80,0,272,0,count:1
3690,stat_kill,Fish,-1,80,0,304,0,count:1
3690,stat_starvation,Camel,-1,80,0,336,0,count:1
3690,stat_starvation,Elk,-1,80,0,336,0,count:1
3690,stat_starvation,Camel,-1,80,0,400,0,count:1
3690,stat_starvation,Elk,-1,112,0,16,0,count:1
3690,stat_starvation,Sectid,-1,112,0,48,0,count:1
3690,stat_starvation,Deer,-1,112,0,80,0,count:1
3690,stat_starvation,Elk,-1,112,0,112,0,count:1
3690,stat_starvation,Sectid,-1,112,0,208,0,count:1
3690,stat_starvation,Elk,-1,112,0,208,0,count:1
3690,stat_starvation,Camel,-1,112,0,304,0,count:1
3690,stat_starvation,Camel,-1,112,0,336,0,count:1
3690,stat_starvation,Camel,-1,112,0,368,0,count:1
3690,stat_starvation,Camel,-1,112,0,432,0,count:1
3690,stat_starvation,Camel,-1,112,0,464,0,count:1
3690,stat_starvation,Sectid,-1,144,0,48,0,count:1
3690,stat_starvation,Sectid,-1,144,0,80,0,count:1
3690,stat_starvation,Elk,-1,144,0,176,0,count:1
3690,stat_starvation,Camel,-1,144,0,240,0,count:1
3690,stat_starvation,Camel,-1,144,0,304,0,count:1
3690,stat_starvation,Sectid,-1,144,0,336,0,count:2
3690,stat_starvation,Sectid,-1,144,0,368,0,count:1
3690,stat_starvation,Camel,-1,144,0,400,0,count:1
3690,stat_starvation,Sectid,-1,176,0,80,0,count:1
3690,stat_starvation,Sectid,-1,176,0,112,0,count:1
3690,stat_starvation,Deer,-1,176,0,144,0,count:1
3690,stat_starvation,Sectid,-1,176,0,144,0,count:2
3690,stat_starvation,Elk,-1,176,0,176,0,count:1
3690,stat_starvation,Sectid,-1,176,0,176,0,count:1
3690,stat_starvation,Sectid,-1,176,0,272,0,count:1
3690,stat_starvation,Camel,-1,176,0,400,0,count:1
3690,stat_starvation,Musk Ox,-1,208,0,16,0,count:1
3690,stat_starvation,Elk,-1,208,0,112,0,count:1
3690,stat_kill,Camel,-1,208,0,240,0,count:1
3690,stat_starvation,Camel,-1,208,0,272,0,count:1
3690,stat_starvation,Camel,-1,208,0,304,0,count:2
3690,stat_starvation,Camel,-1,208,0,368,0,count:1
3690,stat_starvation,Camel,-1,208,0,432,0,count:1
3690,stat_starvation,Sectid,-1,208,0,496,0,count:1
3690,stat_kill,Musk Ox,-1,240,0,48,0,count:1
3690,stat_kill,Elk,-1,240,0,80,0,count:1
3690,stat_starvation,Sectid,-1,240,0,176,0,count:1
3690,stat_birth,Fish,-1,240,0,304,0,count:7
3690,stat_kill,Fish,-1,240,0,304,0,count:5
3690,stat_birth,Sectid,-1,240,0,304,0,count:1
3690,stat_birth,Fish,-1,240,0,336,0,count:1
3690,stat_kill,Fish,-1,240,0,336,0,count:3
3690,stat_birth,Sectid,-1,240,0,336,0,count:1
3690,stat_starvation,Camel,-1,240,0,336,0,count:1
3690,stat_starvation,Musk Ox,-1,272,0,112,0,count:1
3690,stat_starvation,Deer,-1,272,0,144,0,count:1
3690,stat_kill,Fish,-1,272,0,176,0,count:1
3690,stat_birth,Fish,-1,272,0,304,0,count:9
3690,stat_age_death,Fish,-1,272,0,304,0,count:1
3690,stat_kill,Fish,-1,272,0,304,0,count:10
3690,stat_birth,Sectid,-1,272,0,304,0,count:1
3690,stat_starvation,Camel,-1,272,0,304,0,count:1
3690,stat_birth,Fish,-1,272,0,336,0,count:2
3690,stat_kill,Fish,-1,272,0,336,0,count:4
3690,stat_birth,Sectid,-1,272,0,336,0,count:1
3690,stat_starvation,Sectid,-1,272,0,400,0,count:1
3690,stat_kill,Deer,-1,304,0,16,0,count:1
3690,stat_birth,Sectid,-1,304,0,144,0,count:1
3690,stat_kill,Fish,-1,304,0,176,0,count:2
3690,stat_birth,Sectid,-1,304,0,176,0,count:1
3690,stat_kill,Fish,-1,304,0,208,0,count:1
3690,stat_birth,Sectid,-1,304,0,208,0,count:1
3690,stat_kill,Fish,-1,304,0,272,0,count:1
3690,stat_birth,Fish,-1,304,0,304,0,count:2
3690,stat_kill,Fish,-1,304,0,304,0,count:4
3690,stat_birth,Sectid,-1,304,0,304,0,count:1
3690,stat_kill,Fish,-1,304,0,336,0,count:6
3690,stat_birth,Sectid,-1,304,0,336,0,count:1
3690,stat_kill,Fish,-1,304,0,368,0,count:1
3690,stat_kill,Deer,-1,336,0,48,0,count:1
3690,stat_starvation,Musk Ox,-1,336,0,48,0,count:1
3690,stat_starvation,Deer,-1,336,0,112,0,count:1
3690,stat_starvation,Musk Ox,-1,336,0,112,0,count:1
3690,stat_birth,Fish,-1,336,0,144,0,count:2
3690,stat_kill,Fish,-1,336,0,144,0,count:1
3690,stat_starvation,Elk,-1,336,0,176,0,count:1
3690,stat_birth,Fish,-1,336,0,176,0,count:23
3690,stat_age_death,Fish,-1,336,0,176,0,count:1
3690,stat_kill,Fish,-1,336,0,176,0,count:1
3690,stat_birth,Sectid,-1,336,0,176,0,count:1
3690,stat_age_death,Fish,-1,336,0,208,0,count:2
3690,stat_birth,Fish,-1,336,0,240,0,count:22
3690,stat_age_death,Fish,-1,336,0,240,0,count:1
3690,stat_kill,Fish,-1,336,0,240,0,count:1
3690,stat_birth,Fish,-1,336,0,272,0,count:2
3690,stat_birth,Sectid,-1,336,0,304,0,count:1
3690,stat_starvation,Elk,-1,336,0,304,0,count:1
3690,stat_kill,Fish,-1,336,0,304,0,count:1
3690,stat_starvation,Musk Ox,-1,368,0,48,0,count:1
3690,stat_birth,Arctic Fox,-1,368,0,112,0,count:1
3690,stat_starvation,Elk,-1,368,0,112,0,count:1
3690,stat_starvation,Deer,-1,368,0,112,0,count:1
3690,stat_kill,Fish,-1,368,0,112,0,count:1
3690,stat_starvation,Musk Ox,-1,368,0,112,0,count:1
3690,stat_starvation,Elk,-1,368,0,144,0,count:1
3690,stat_starvation,Deer,-1,368,0,144,0,count:1
3690,stat_starvation,Elk,-1,368,0,176,0,count:1
3690,stat_birth,Fish,-1,368,0,176,0,count:7
3690,stat_age_death,Fish,-1,368,0,176,0,count:1
3690,stat_age_death,Fish,-1,368,0,208,0,count:1
3690,stat_birth,Fox,-1,368,0,240,0,count:1
3690,stat_birth,Fish,-1,368,0,272,0,count:1
3690,stat_starvation,Sectid,-1,368,0,336,0,count:1
3690,stat_birth,Arctic Fox,-1,400,0,112,0,count:1
3690,stat_kill,Fish,-1,400,0,112,0,count:1
3690,stat_age_death,Fish,-1,400,0,144,0,count:1
3690,stat_kill,Fish,-1,400,0,144,0,count:1
3690,stat_birth,Snake,-1,400,0,176,0,count:1
3690,stat_birth,Fish,-1,400,0,176,0,count:14
3690,stat_age_death,Fish,-1,400,0,176,0,count:1
3690,stat_starvation,Sectid,-1,400,0,336,0,count:1
3690,stat_starvation,Elk,-1,400,0,400,0,count:1
3690,stat_starvation,Elk,-1,400,0,432,0,count:1
3690,stat_kill,Fish,-1,432,0,112,0,count:1
3690,stat_age_death,Fish,-1,432,0,144,0,count:1
3690,stat_birth,Fish,-1,432,0,176,0,count:11
3690,stat_age_death,Fish,-1,432,0,176,0,count:1
3690,stat_starvation,Elk,-1,432,0,400,0,count:1
3690,stat_age_death,Fish,-1,464,0,336,0,count:1
3690,stat_starvation,Elk,-1,464,0,400,0,count:1
3690,stat_starvation,Elk,-1,464,0,432,0,count:1
3690,stat_birth,Scorpion,-1,496,0,304,0,count:1
3707,starvation,Hawk,710,258,9,249,3,
3720,stat_kill,Musk Ox,-1,16,0,80,0,count:1
3720,stat_starvation,Deer,-1,16,0,144,0,count:1
3720,stat_starvation,Elk,-1,16,0,208,0,count:1
3720,stat_kill,Fish,-1,16,0,240,0,count:1
3720,stat_birth,Sectid,-1,16,0,240,0,count:1
3720,stat_birth,Fish,-1,16,0,272,0,count:1
3720,stat_kill,Fish,-1,16,0,272,0,count:1
3720,stat_birth,Fish,-1,16,0,304,0,count:1
3720,stat_kill,Fish,-1,16,0,304,0,count:1
3720,stat_starvation,Elk,-1,48,0,16,0,count:1
3720,stat_starvation,Elk,-1,48,0,48,0,count:1
3720,stat_starvation,Sectid,-1,48,0,80,0,count:2
3720,stat_starvation,Deer,-1,48,0,144,0,count:1
3720,stat_starvation,Deer,-1,48,0,176,0,count:1
3720,stat_starvation,Elk,-1,48,0,176,0,count:1
3720,stat_starvation,Elk,-1,48,0,208,0,count:1
3720,stat_starvation,Elk,-1,48,0,240,0,count:1
3720,stat_birth,Fish,-1,48,0,240,0,count:1
3720,stat_birth,Fish,-1,48,0,272,0,count:7
3720,stat_age_death,Fish,-1,48,0,272,0,count:1
3720,stat_kill,Fish,-1,48,0,272,0,count:9
3720,stat_starvation,Camel,-1,48,0,272,0,count:1
3720,stat_birth,Sectid,-1,48,0,272,0,count:1
3720,stat_birth,Fish,-1,48,0,304,0,count:1
3720,stat_kill,Fish,-1,48,0,304,0,count:1
3720,stat_starvation,Elk,-1,48,0,336,0,count:1
3720,stat_starvation,Camel,-1,48,0,336,0,count:1
3720,stat_starvation,Camel,-1,48,0,368,0,count:1
3720,stat_starvation,Camel,-1,48,0,400,0,count:1
3720,stat_starvation,Elk,-1,80,0,16,0,count:1
3720,stat_starvation,Elk,-1,80,0,48,0,count:1
3720,stat_starvation,Sectid,-1,80,0,80,0,count:1
3720,stat_starvation,Deer,-1,80,0,112,0,count:1
3720,stat_starvation,Deer,-1,80,0,144,0,count:1
3720,stat_starvation,Deer,-1,80,0,208,0,count:1
3720,stat_birth,Sectid,-1,80,0,240,0,count:1
3720,stat_starvation,Elk,-1,80,0,240,0,count:1
3720,stat_birth,Fish,-1,80,0,240,0,count:1
3720,stat_kill,Camel,-1,80,0,272,0,count:1
3720,stat_birth,Sectid,-1,80,0,272,0,count:1
3720,stat_birth,Fish,-1,80,0,304,0,count:1
3720,stat_kill,Fish,-1,80,0,304,0,count:1
3720,stat_starvation,Elk,-1,80,0,336,0,count:1
3720,stat_starvation,Camel,-1,80,0,400,0,count:1
3720,stat_kill,Camel,-1,80,0,432,0,count:1
3720,stat_starvation,Elk,-1,112,0,48,0,count:1
3720,stat_starvation,Sectid,-1,112,0,48,0,count:1
3720,stat_starvation,Sectid,-1,112,0,80,0,count:1
3720,stat_starvation,Deer,-1,112,0,112,0,count:1
3720,stat_kill,Deer,-1,112,0,144,0,count:1
3720,stat_starvation,Deer,-1,112,0,176,0,count:1
3720,stat_starvation,Elk,-1,112,0,176,0,count:1
3720,stat_starvation,Sectid,-1,112,0,208,0,count:2
3720,stat_starvation,Elk,-1,112,0,208,0,count:1
3720,stat_starvation,Camel,-1,112,0,304,0,count:1
3720,stat_starvation,Camel,-1,112,0,336,0,count:1
3720,stat_starvation,Camel,-1,112,0,432,0,count:1
3720,stat_starvation,Camel,-1,112,0,464,0,count:1
3720,stat_starvation,Elk,-1,144,0,16,0,count:1
3720,stat_starvation,Sectid,-1,144,0,48,0,count:1
3720,stat_starvation,Elk,-1,144,0,48,0,count:1
3720,stat_starvation,Sectid,-1,144,0,80,0,count:1
3720,stat_starvation,Sectid,-1,144,0,112,0,count:2
3720,stat_starvation,Elk,-1,144,0,144,0,count:1
3720,stat_starvation,Elk,-1,144,0,176,0,count:1
3720,stat_kill,Deer,-1,144,0,208,0,count:1
3720,stat_kill,Elk,-1,144,0,208,0,count:1
3720,stat_starvation,Elk,-1,144,0,240,0,count:1
3720,stat_starvation,Sectid,-1,144,0,336,0,count:3
3720,stat_starvation,Camel,-1,144,0,368,0,count:1
3720,stat_starvation,Sectid,-1,144,0,368,0,count:2
3720,stat_kill,Shroomer,-1,144,0,400,0,count:1
3720,stat_starvation,Sectid,-1,176,0,80,0,count:1
3720,stat_starvation,Deer,-1,176,0,112,0,count:1
3720,stat_starvation,Elk,-1,176,0,112,0,count:1
3720,stat_starvation,Sectid,-1,176,0,112,0,count:1
3720,stat_starvation,Elk,-1,176,0,144,0,count:1
3720,stat_birth,Sectid,-1,176,0,176,0,count:1
3720,stat_starvation,Sectid,-1,176,0,176,0,count:1
3720,stat_starvation,Sectid,-1,176,0,272,0,count:2
3720,stat_starvation,Camel,-1,176,0,272,0,count:1
3720,stat_starvation,Camel,-1,176,0,304,0,count:1
3720,stat_kill,Camel,-1,176,0,336,0,count:1
3720,stat_starvation,Camel,-1,176,0,400,0,count:1
3720,stat_starvation,Camel,-1,176,0,432,0,count:1
3720,stat_starvation,Sectid,-1,176,0,432,0,count:1
3720,stat_starvation,Camel,-1,176,0,464,0,count:1
3720,stat_starvation,Musk Ox,-1,208,0,16,0,count:1
3720,stat_starvation,Elk,-1,208,0,80,0,count:1
3720,stat_starvation,Deer,-1,208,0,80,0,count:1
3720,stat_starvation,Elk,-1,208,0,112,0,count:1
3720,stat_starvation,Deer,-1,208,0,112,0,count:1
3720,stat_kill,Deer,-1,208,0,176,0,count:1
3720,stat_starvation,Camel,-1,208,0,336,0,count:1
3720,stat_starvation,Camel,-1,208,0,368,0,count:1
3720,stat_starvation,Camel,-1,208,0,400,0,count:1
3720,stat_starvation,Deer,-1,240,0,48,0,count:1
3720,stat_starvation,Deer,-1,240,0,112,0,count:1
3720,stat_kill,Musk Ox,-1,240,0,112,0,count:1
3720,stat_starvation,Deer,-1,240,0,144,0,count:1
3720,stat_starvation,Deer,-1,240,0,176,0,count:1
3720,stat_starvation,Sectid,-1,240,0,176,0,count:2
3720,stat_birth,Fish,-1,240,0,304,0,count:8
3720,stat_kill,Fish,-1,240,0,304,0,count:5
3720,stat_birth,Sectid,-1,240,0,304,0,count:1
3720,stat_birth,Fish,-1,240,0,336,0,count:1
3720,stat_kill,Fish,-1,240,0,336,0,count:2
3720,stat_starvation,Camel,-1,240,0,336,0,count:1
3720,stat_kill,Fish,-1,240,0,368,0,count:1
3720,stat_starvation,Musk Ox,-1,272,0,48,0,count:1
3720,stat_starvation,Musk Ox,-1,272,0,80,0,count:1
3720,stat_starvation,Deer,-1,272,0,112,0,count:1
3720,stat_starvation,Musk Ox,-1,272,0,112,0,count:1
3720,stat_birth,Fish,-1,272,0,304,0,count:24
3720,stat_age_death,Fish,-1,272,0,304,0,count:1
3720,stat_kill,Fish,-1,272,0,304,0,count:11
3720,stat_birth,Sectid,-1,272,0,304,0,count:2
3720,stat_birth,Fish,-1,272,0,336,0,count:2
3720,stat_kill,Fish,-1,272,0,336,0,count:4
3720,stat_birth,Sectid,-1,272,0,336,0,count:1
3720,stat_birth,Fish,-1,272,0,368,0,count:1
3720,stat_kill,Fish,-1,272,0,368,0,count:1
3720,stat_starvation,Sectid,-1,272,0,400,0,count:1
3720,stat_starvation,Musk Ox,-1,304,0,16,0,count:1
3720,stat_kill,Deer,-1,304,0,80,0,count:1
3720,stat_kill,Lizard,-1,304,0,144,0,count:1
3720,stat_starvation,Deer,-1,304,0,144,0,count:1
3720,stat_kill,Fish,-1,304,0,144,0,count:1
3720,stat_starvation,Deer,-1,304,0,176,0,count:1
3720,stat_kill,Fish,-1,304,0,176,0,count:1
3720,stat_birth,Sectid,-1,304,0,176,0,count:1
3720,stat_kill,Tapir,-1,304,0,272,0,count:1
3720,stat_kill,Fish,-1,304,0,272,0,count:2
3720,stat_birth,Sectid,-1,304,0,272,0,count:1
3720,stat_starvation,Elk,-1,304,0,304,0,count:1
3720,stat_birth,Fish,-1,304,0,304,0,count:3
3720,stat_kill,Fish,-1,304,0,304,0,count:4
3720,stat_birth,Sectid,-1,304,0,304,0,count:1
3720,stat_kill,Fish,-1,304,0,336,0,count:5
3720,stat_birth,Sectid,-1,304,0,336,0,count:1
3720,stat_starvation,Musk Ox,-1,336,0,80,0,count:1
3720,stat_starvation,Deer,-1,336,0,112,0,count:1
3720,stat_starvation,Elk,-1,336,0,112,0,count:1
3720,stat_birth,Sectid,-1,336,0,112,0,count:1
3720,stat_starvation,Elk,-1,336,0,144,0,count:1
3720,stat_birth,Fish,-1,336,0,144,0,count:2
3720,stat_birth,Fish,-1,336,0,176,0,count:25
3720,stat_age_death,Fish,-1,336,0,176,0,count:1
3720,stat_kill,Fish,-1,336,0,176,0,count:1
3720,stat_age_death,Fish,-1,336,0,208,0,count:1
3720,stat_kill,Fish,-1,336,0,208,0,count:1
3720,stat_starvation,Deer,-1,336,0,208,0,count:1
3720,stat_birth,Fish,-1,336,0,240,0,count:23
3720,stat_age_death,Fish,-1,336,0,240,0,count:1
3720,stat_kill,Fish,-1,336,0,240,0,count:1
3720,stat_birth,Fish,-1,336,0,272,0,count:2
3720,stat_birth,Sectid,-1,336,0,272,0,count:1
3720,stat_birth,Sectid,-1,336,0,304,0,count:1
3720,stat_kill,Fish,-1,336,0,304,0,count:1
3720,stat_birth,Fish,-1,336,0,336,0,count:1
3720,stat_birth,Sectid,-1,336,0,336,0,count:1
3720,stat_birth,Sectid,-1,336,0,368,0,count:1
3720,stat_starvation,Musk Ox,-1,368,0,80,0,count:1
3720,stat_kill,Fish,-1,368,0,112,0,count:1
3720,stat_starvation,Musk Ox,-1,368,0,112,0,count:1
3720,stat_kill,Fish,-1,368,0,144,0,count:1
3720,stat_age_death,Fish,-1,368,0,176,0,count:1
3720,stat_kill,Fish,-1,368,0,176,0,count:1
3720,stat_age_death,Fish,-1,368,0,240,0,count:1
3720,stat_birth,Sectid,-1,368,0,272,0,count:1
3720,stat_starvation,Elk,-1,368,0,400,0,count:1
3720,stat_starvation,Elk,-1,368,0,432,0,count:1
3720,stat_starvation,Musk Ox,-1,400,0,48,0,count:1
3720,stat_birth,Fish,-1,400,0,144,0,count:9
3720,stat_age_death,Fish,-1,400,0,144,0,count:1
3720,stat_kill,Fish,-1,400,0,144,0,count:1
3720,stat_starvation,Deer,-1,400,0,144,0,count:1
3720,stat_birth,Fish,-1,400,0,176,0,count:14
3720,stat_age_death,Fish,-1,400,0,176,0,count:1
3720,stat_kill,Fish,-1,400,0,176,0,count:1
3720,stat_birth,Fish,-1,400,0,240,0,count:1
3720,stat_starvation,Elk,-1,400,0,400,0,count:1
3720,stat_starvation,Elk,-1,400,0,432,0,count:1
3720,stat_birth,Fish,-1,432,0,176,0,count:12
3720,stat_starvation,Elk,-1,432,0,368,0,count:1
3720,stat_starvation,Elk,-1,432,0,400,0,count:1
3720,stat_starvation,Elk,-1,432,0,432,0,count:1
3720,stat_starvation,Elk,-1,432,0,464,0,count:1
3720,stat_kill,Fish,-1,464,0,272,0,count:1
3720,stat_kill,Fish,-1,496,0,272,0,count:1
3720,stat_kill,Fish,-1,496,0,304,0,count:1
3720,stat_starvation,Elk,-1,496,0,432,0,count:1
3720,stat_starvation,Elk,-1,496,0,464,0,count:1
3750,stat_starvation,Deer,-1,16,0,176,0,count:1
3750,stat_starvation,Elk,-1,16,0,240,0,count:1
3750,stat_birth,Fish,-1,16,0,240,0,count:1
3750,stat_birth,Sectid,-1,16,0,272,0,count:1
3750,stat_starvation,Elk,-1,16,0,304,0,count:1
3750,stat_birth,Sectid,-1,16,0,304,0,count:1
3750,stat_starvation,Elk,-1,16,0,368,0,count:1
3750,stat_starvation,Camel,-1,16,0,368,0,count:1
3750,stat_starvation,Elk,-1,48,0,48,0,count:1
3750,stat_birth,Sectid,-1,48,0,80,0,count:1
3750,stat_starvation,Deer,-1,48,0,176,0,count:1
3750,stat_starvation,Elk,-1,48,0,208,0,count:1
3750,stat_starvation,Camel,-1,48,0,240,0,count:1
3750,stat_kill,Fish,-1,48,0,240,0,count:1
3750,stat_birth,Sectid,-1,48,0,240,0,count:1
3750,stat_birth,Fish,-1,48,0,272,0,count:7
3750,stat_age_death,Fish,-1,48,0,272,0,count:1
3750,stat_kill,Fish,-1,48,0,272,0,count:10
3750,stat_starvation,Elk,-1,48,0,272,0,count:1
3750,stat_starvation,Camel,-1,48,0,272,0,count:1
3750,stat_birth,Sectid,-1,48,0,272,0,count:1
3750,stat_birth,Fish,-1,48,0,304,0,count:1
3750,stat_kill,Fish,-1,48,0,304,0,count:1
3750,stat_starvation,Camel,-1,48,0,432,0,count:1
3750,stat_starvation,Sectid,-1,80,0,80,0,count:1
3750,stat_starvation,Deer,-1,80,0,112,0,count:1
3750,stat_starvation,Elk,-1,80,0,112,0,count:1
3750,stat_starvation,Elk,-1,80,0,176,0,count:1
3750,stat_starvation,Deer,-1,80,0,208,0,count:1
3750,stat_starvation,Elk,-1,80,0,240,0,count:1
3750,stat_kill,Fish,-1,80,0,240,0,count:1
3750,stat_kill,Fish,-1,80,0,272,0,count:1
3750,stat_starvation,Elk,-1,80,0,272,0,count:1
3750,stat_starvation,Camel,-1,80,0,304,0,count:1
3750,stat_birth,Sectid,-1,80,0,304,0,count:1
3750,stat_starvation,Elk,-1,80,0,336,0,count:1
3750,stat_birth,Sectid,-1,112,0,48,0,count:1
3750,stat_starvation,Elk,-1,112,0,80,0,count:1
3750,stat_starvation,Sectid,-1,112,0,80,0,count:1
3750,stat_starvation,Sectid,-1,112,0,208,0,count:1
3750,stat_kill,Camel,-1,112,0,240,0,count:1
3750,stat_kill,Camel,-1,112,0,272,0,count:1
3750,stat_starvation,Elk,-1,112,0,304,0,count:1
3750,stat_starvation,Camel,-1,112,0,368,0,count:1
3750,stat_kill,Elk,-1,112,0,400,0,count:1
3750,stat_birth,Turtle,-1,144,0,16,0,count:1
3750,stat_starvation,Sectid,-1,144,0,48,0,count:2
3750,stat_starvation,Sectid,-1,144,0,80,0,count:1
3750,stat_starvation,Sectid,-1,144,0,112,0,count:1
3750,stat_starvation,Elk,-1,144,0,176,0,count:1
3750,stat_starvation,Camel,-1,144,0,240,0,count:1
3750,stat_starvation,Elk,-1,144,0,240,0,count:1
3750,stat_starvation,Camel,-1,144,0,304,0,count:1
3750,stat_starvation,Camel,-1,144,0,336,0,count:1
3750,stat_starvation,Sectid,-1,144,0,336,0,count:2
3750,stat_starvation,Sectid,-1,144,0,368,0,count:2
3750,stat_starvation,Camel,-1,144,0,400,0,count:1
3750,stat_starvation,Camel,-1,144,0,432,0,count:1
3750,stat_starvation,Sectid,-1,176,0,80,0,count:2
3750,stat_starvation,Elk,-1,176,0,112,0,count:1
3750,stat_starvation,Sectid,-1,176,0,112,0,count:1
3750,stat_starvation,Sectid,-1,176,0,144,0,count:2
3750,stat_starvation,Elk,-1,176,0,176,0,count:1
3750,stat_starvation,Camel,-1,176,0,240,0,count:1
3750,stat_starvation,Sectid,-1,176,0,272,0,count:2
3750,stat_starvation,Camel,-1,176,0,272,0,count:1
3750,stat_starvation,Sectid,-1,176,0,304,0,count:2
3750,stat_starvation,Sectid,-1,176,0,400,0,count:1
3750,stat_starvation,Camel,-1,176,0,432,0,count:1
3750,stat_starvation,Sectid,-1,176,0,432,0,count:1
3750,stat_starvation,Musk Ox,-1,208,0,16,0,count:1
3750,stat_kill,Elk,-1,208,0,144,0,count:1
3750,stat_starvation,Camel,-1,208,0,272,0,count:1
3750,stat_starvation,Camel,-1,208,0,304,0,count:1
3750,stat_kill,Fish,-1,208,0,336,0,count:1
3750,stat_starvation,Camel,-1,208,0,400,0,count:2
3750,stat_starvation,Deer,-1,240,0,80,0,count:1
3750,stat_starvation,Musk Ox,-1,240,0,80,0,count:1
3750,stat_starvation,Deer,-1,240,0,144,0,count:1
3750,stat_starvation,Sectid,-1,240,0,176,0,count:1
3750,stat_birth,Fish,-1,240,0,304,0,count:8
3750,stat_kill,Fish,-1,240,0,304,0,count:6
3750,stat_birth,Sectid,-1,240,0,304,0,count:1
3750,stat_starvation,Camel,-1,240,0,304,0,count:1
3750,stat_birth,Fish,-1,240,0,336,0,count:1
3750,stat_kill,Fish,-1,240,0,336,0,count:3
3750,stat_birth,Sectid,-1,240,0,336,0,count:1
3750,stat_starvation,Camel,-1,240,0,336,0,count:1
3750,stat_kill,Deer,-1,272,0,80,0,count:1
3750,stat_starvation,Deer,-1,272,0,112,0,count:1
3750,stat_starvation,Musk Ox,-1,272,0,112,0,count:1
3750,stat_birth,Sectid,-1,272,0,144,0,count:1
3750,stat_birth,Sectid,-1,272,0,176,0,count:1
3750,stat_birth,Fish,-1,272,0,304,0,count:24
3750,stat_age_death,Fish,-1,272,0,304,0,count:1
3750,stat_kill,Fish,-1,272,0,304,0,count:11
3750,stat_birth,Sectid,-1,272,0,304,0,count:1
3750,stat_age_death,Sectid,-1,272,0,304,0,count:1
3750,stat_starvation,Camel,-1,272,0,304,0,count:1
3750,stat_birth,Fish,-1,272,0,336,0,count:2
3750,stat_kill,Fish,-1,272,0,336,0,count:4
3750,stat_birth,Sectid,-1,272,0,336,0,count:1
3750,stat_starvation,Sectid,-1,272,0,400,0,count:1
3750,stat_starvation,Musk Ox,-1,304,0,48,0,count:1
3750,stat_birth,Fish,-1,304,0,144,0,count:1
3750,stat_birth,Sectid,-1,304,0,144,0,count:1
3750,stat_kill,Fish,-1,304,0,176,0,count:2
3750,stat_birth,Sectid,-1,304,0,176,0,count:1
3750,stat_kill,Fish,-1,304,0,208,0,count:1
3750,stat_birth,Sectid,-1,304,0,208,0,count:1
3750,stat_kill,Fish,-1,304,0,272,0,count:2
3750,stat_birth,Sectid,-1,304,0,272,0,count:1
3750,stat_starvation,Elk,-1,304,0,304,0,count:1
3750,stat_birth,Fish,-1,304,0,304,0,count:3
3750,stat_kill,Fish,-1,304,0,304,0,count:4
3750,stat_birth,Sectid,-1,304,0,304,0,count:2
3750,stat_birth,Fish,-1,304,0,336,0,count:3
3750,stat_kill,Fish,-1,304,0,336,0,count:5
3750,stat_birth,Sectid,-1,304,0,336,0,count:1
3750,stat_kill,Deer,-1,336,0,16,0,count:1
3750,stat_starvation,Musk Ox,-1,336,0,48,0,count:1
3750,stat_starvation,Deer,-1,336,0,112,0,count:1
3750,stat_starvation,Elk,-1,336,0,112,0,count:1
3750,stat_starvation,Musk Ox,-1,336,0,112,0,count:1
3750,stat_birth,Fish,-1,336,0,144,0,count:3
3750,stat_kill,Fish,-1,336,0,144,0,count:1
3750,stat_birth,Fish,-1,336,0,176,0,count:25
3750,stat_age_death,Fish,-1,336,0,176,0,count:1
3750,stat_kill,Fish,-1,336,0,176,0,count:2
3750,stat_age_death,Fish,-1,336,0,208,0,count:1
3750,stat_kill,Fish,-1,336,0,208,0,count:1
3750,stat_birth,Fish,-1,336,0,240,0,count:24
3750,stat_age_death,Fish,-1,336,0,240,0,count:1
3750,stat_kill,Fish,-1,336,0,240,0,count:1
3750,stat_birth,Fish,-1,336,0,272,0,count:1
3750,stat_kill,Fish,-1,336,0,272,0,count:1
3750,stat_kill,Fish,-1,336,0,336,0,count:1
3750,stat_kill,Fish,-1,336,0,368,0,count:1
3750,stat_starvation,Musk Ox,-1,368,0,80,0,count:1
3750,stat_starvation,Deer,-1,368,0,112,0,count:1
3750,stat_birth,Fish,-1,368,0,112,0,count:1
3750,stat_kill,Fish,-1,368,0,112,0,count:2
3750,stat_starvation,Musk Ox,-1,368,0,112,0,count:1
3750,stat_kill,Fish,-1,368,0,144,0,count:1
3750,stat_starvation,Deer,-1,368,0,144,0,count:1
3750,stat_age_death,Fish,-1,368,0,176,0,count:1
3750,stat_age_death,Fish,-1,368,0,208,0,count:1
3750,stat_age_death,Fish,-1,368,0,240,0,count:1
3750,stat_kill,Fish,-1,400,0,112,0,count:1
3750,stat_birth,Fish,-1,400,0,144,0,count:9
3750,stat_age_death,Fish,-1,400,0,144,0,count:1
3750,stat_kill,Fish,-1,400,0,144,0,count:1
3750,stat_starvation,Elk,-1,400,0,144,0,count:1
3750,stat_birth,Snake,-1,400,0,176,0,count:1
3750,stat_birth,Fish,-1,400,0,176,0,count:15
3750,stat_age_death,Fish,-1,400,0,176,0,count:1
3750,stat_starvation,Elk,-1,400,0,432,0,count:1
3750,stat_age_death,Fish,-1,432,0,144,0,count:1
3750,stat_birth,Fish,-1,432,0,176,0,count:13
3750,stat_age_death,Fish,-1,432,0,176,0,count:1
3750,stat_starvation,Fish,-1,432,0,304,0,count:1
3750,stat_starvation,Elk,-1,432,0,368,0,count:1
3750,stat_birth,Fish,-1,464,0,144,0,count:1
3750,stat_age_death,Fish,-1,464,0,336,0,count:1
3750,stat_starvation,Elk,-1,464,0,432,0,count:1
3750,stat_birth,Fish,-1,496,0,304,0,count:2
3750,stat_kill,Fish,-1,496,0,304,0,count:1
3750,stat_age_death,Fish,-1,496,0,336,0,count:1
3750,stat_starvation,Elk,-1,496,0,464,0,count:1
3750,stat_starvation,Elk,-1,496,0,496,0,count:1
3780,stat_kill,Musk Ox,-1,16,0,48,0,count:1
3780,stat_starvation,Elk,-1,16,0,176,0,count:1
3780,stat_starvation,Elk,-1,16,0,208,0,count:1
3780,stat_birth,Fish,-1,16,0,240,0,count:1
3780,stat_kill,Fish,-1,16,0,240,0,count:1
3780,stat_birth,Sectid,-1,16,0,240,0,count:1
3780,stat_birth,Fish,-1,16,0,272,0,count:1
3780,stat_kill,Fish,-1,16,0,272,0,count:1
3780,stat_birth,Sectid,-1,16,0,272,0,count:1
3780,stat_birth,Fish,-1,16,0,304,0,count:1
3780,stat_kill,Fish,-1,16,0,304,0,count:1
3780,stat_birth,Sectid,-1,16,0,304,0,count:1
3780,stat_kill,Camel,-1,16,0,336,0,count:1
3780,stat_starvation,Camel,-1,16,0,400,0,count:1
3780,stat_starvation,Elk,-1,48,0,16,0,count:1
3780,stat_starvation,Elk,-1,48,0,48,0,count:1
3780,stat_starvation,Sectid,-1,48,0,80,0,count:2
3780,stat_starvation,Musk Ox,-1,48,0,80,0,count:1
3780,stat_starvation,Elk,-1,48,0,80,0,count:1
3780,stat_starvation,Deer,-1,48,0,144,0,count:1
3780,stat_starvation,Deer,-1,48,0,176,0,count:1
3780,stat_starvation,Camel,-1,48,0,240,0,count:1
3780,stat_birth,Fish,-1,48,0,240,0,count:1
3780,stat_kill,Fish,-1,48,0,240,0,count:1
3780,stat_starvation,Deer,-1,48,0,240,0,count:1
3780,stat_birth,Fish,-1,48,0,272,0,count:7
3780,stat_age_death,Fish,-1,48,0,272,0,count:1
3780,stat_kill,Fish,-1,48,0,272,0,count:10
3780,stat_kill,Frog,-1,48,0,304,0,count:1
3780,stat_birth,Sectid,-1,48,0,304,0,count:1
3780,stat_starvation,Elk,-1,48,0,336,0,count:1
3780,stat_starvation,Camel,-1,48,0,336,0,count:1
3780,stat_starvation,Camel,-1,48,0,368,0,count:1
3780,stat_kill,Frog,-1,48,0,496,0,count:1
3780,stat_starvation,Elk,-1,80,0,16,0,count:2
3780,stat_starvation,Deer,-1,80,0,80,0,count:1
3780,stat_starvation,Sectid,-1,80,0,80,0,count:1
3780,stat_starvation,Deer,-1,80,0,144,0,count:1
3780,stat_starvation,Deer,-1,80,0,176,0,count:1
3780,stat_starvation,Deer,-1,80,0,208,0,count:1
3780,stat_starvation,Elk,-1,80,0,240,0,count:1
3780,stat_birth,Fish,-1,80,0,240,0,count:1
3780,stat_kill,Fish,-1,80,0,240,0,count:1
3780,stat_birth,Sectid,-1,80,0,272,0,count:1
3780,stat_starvation,Elk,-1,80,0,304,0,count:1
3780,stat_starvation,Camel,-1,80,0,304,0,count:1
3780,stat_birth,Fish,-1,80,0,304,0,count:1
3780,stat_kill,Fish,-1,80,0,304,0,count:1
3780,stat_starvation,Camel,-1,80,0,368,0,count:1
3780,stat_starvation,Camel,-1,80,0,400,0,count:1
3780,stat_starvation,Sectid,-1,112,0,48,0,count:2
3780,stat_starvation,Musk Ox,-1,112,0,48,0,count:1
3780,stat_starvation,Elk,-1,112,0,144,0,count:1
3780,stat_starvation,Elk,-1,112,0,176,0,count:1
3780,stat_starvation,Deer,-1,112,0,208,0,count:1
3780,stat_starvation,Sectid,-1,112,0,208,0,count:1
3780,stat_starvation,Camel,-1,112,0,304,0,count:1
3780,stat_starvation,Camel,-1,112,0,336,0,count:1
3780,stat_starvation,Elk,-1,112,0,368,0,count:1
3780,stat_kill,Shroomer,-1,112,0,432,0,count:1
3780,stat_starvation,Camel,-1,112,0,432,0,count:1
3780,stat_starvation,Camel,-1,112,0,464,0,count:1
3780,stat_starvation,Sectid,-1,144,0,48,0,count:2
3780,stat_starvation,Musk Ox,-1,144,0,48,0,count:1
3780,stat_starvation,Sectid,-1,144,0,80,0,count:1
3780,stat_starvation,Deer,-1,144,0,112,0,count:1
3780,stat_starvation,Elk,-1,144,0,144,0,count:1
3780,stat_starvation,Camel,-1,144,0,304,0,count:1
3780,stat_starvation,Sectid,-1,144,0,336,0,count:1
3780,stat_starvation,Camel,-1,144,0,368,0,count:1
3780,stat_starvation,Sectid,-1,144,0,368,0,count:2
3780,stat_starvation,Elk,-1,176,0,48,0,count:1
3780,stat_starvation,Sectid,-1,176,0,80,0,count:2
3780,stat_birth,Sectid,-1,176,0,112,0,count:1
3780,stat_starvation,Deer,-1,176,0,144,0,count:1
3780,stat_starvation,Elk,-1,176,0,144,0,count:1
3780,stat_starvation,Deer,-1,176,0,176,0,count:1
3780,stat_starvation,Sectid,-1,176,0,176,0,count:1
3780,stat_starvation,Camel,-1,176,0,240,0,count:1
3780,stat_birth,Sectid,-1,176,0,272,0,count:1
3780,stat_starvation,Camel,-1,176,0,304,0,count:1
3780,stat_starvation,Sectid,-1,176,0,304,0,count:1
3780,stat_starvation,Camel,-1,176,0,368,0,count:1
3780,stat_starvation,Camel,-1,176,0,400,0,count:1
3780,stat_starvation,Sectid,-1,176,0,400,0,count:1
3780,stat_starvation,Sectid,-1,176,0,432,0,count:2
3780,stat_starvation,Musk Ox,-1,208,0,16,0,count:1
3780,stat_starvation,Musk Ox,-1,208,0,48,0,count:1
3780,stat_kill,Elk,-1,208,0,48,0,count:1
3780,stat_starvation,Elk,-1,208,0,112,0,count:1
3780,stat_kill,Elk,-1,208,0,208,0,count:1
3780,stat_birth,Sectid,-1,208,0,272,0,count:1
3780,stat_starvation,Camel,-1,208,0,272,0,count:1
3780,stat_kill,Fish,-1,208,0,304,0,count:1
3780,stat_starvation,Camel,-1,208,0,336,0,count:2
3780,stat_starvation,Camel,-1,208,0,368,0,count:1
3780,stat_starvation,Sectid,-1,208,0,400,0,count:1
3780,stat_starvation,Camel,-1,208,0,400,0,count:1
3780,stat_starvation,Musk Ox,-1,240,0,16,0,count:1
3780,stat_kill,Elk,-1,240,0,112,0,count:1
3780,stat_starvation,Sectid,-1,240,0,176,0,count:2
3780,stat_birth,Fish,-1,240,0,304,0,count:7
3780,stat_kill,Fish,-1,240,0,304,0,count:5
3780,stat_starvation,Camel,-1,240,0,304,0,count:1
3780,stat_birth,Fish,-1,240,0,336,0,count:1
3780,stat_kill,Fish,-1,240,0,336,0,count:2
3780,stat_birth,Sectid,-1,240,0,336,0,count:1
3780,stat_starvation,Deer,-1,272,0,48,0,count:1
3780,stat_starvation,Deer,-1,272,0,112,0,count:1
3780,stat_starvation,Deer,-1,272,0,144,0,count:1
3780,stat_kill,Fish,-1,272,0,144,0,count:1
3780,stat_starvation,Deer,-1,272,0,176,0,count:1
3780,stat_kill,Fish,-1,272,0,176,0,count:1
3780,stat_birth,Fish,-1,272,0,304,0,count:24
3780,stat_age_death,Fish,-1,272,0,304,0,count:1
3780,stat_kill,Fish,-1,272,0,304,0,count:11
3780,stat_starvation,Elk,-1,272,0,304,0,count:1
3780,stat_birth,Sectid,-1,272,0,304,0,count:2
3780,stat_birth,Fish,-1,272,0,336,0,count:2
3780,stat_kill,Fish,-1,272,0,336,0,count:4
3780,stat_birth,Sectid,-1,272,0,336,0,count:1
3780,stat_birth,Sectid,-1,272,0,368,0,count:1
3780,stat_kill,Fish,-1,272,0,368,0,count:1
3780,stat_starvation,Sectid,-1,272,0,400,0,count:1
3780,stat_starvation,Musk Ox,-1,304,0,16,0,count:1
3780,stat_starvation,Musk Ox,-1,304,0,48,0,count:1
3780,stat_starvation,Musk Ox,-1,304,0,80,0,count:1
3780,stat_starvation,Deer,-1,304,0,144,0,count:2
3780,stat_birth,Sectid,-1,304,0,144,0,count:1
3780,stat_kill,Fish,-1,304,0,176,0,count:2
3780,stat_birth,Sectid,-1,304,0,176,0,count:1
3780,stat_birth,Lizard,-1,304,0,208,0,count:1
3780,stat_kill,Fish,-1,304,0,208,0,count:1
3780,stat_birth,Snake,-1,304,0,272,0,count:1
3780,stat_kill,Fish,-1,304,0,272,0,count:2
3780,stat_birth,Sectid,-1,304,0,272,0,count:1
3780,stat_starvation,Elk,-1,304,0,304,0,count:1
3780,stat_birth,Fish,-1,304,0,304,0,count:2
3780,stat_kill,Fish,-1,304,0,304,0,count:4
3780,stat_birth,Sectid,-1,304,0,304,0,count:2
3780,stat_birth,Fish,-1,304,0,336,0,count:3
3780,stat_kill,Fish,-1,304,0,336,0,count:5
3780,stat_birth,Sectid,-1,304,0,336,0,count:1
3780,stat_birth,Sectid,-1,304,0,368,0,count:1
3780,stat_starvation,Musk Ox,-1,336,0,48,0,count:1
3780,stat_starvation,Musk Ox,-1,336,0,80,0,count:1
3780,stat_starvation,Deer,-1,336,0,112,0,count:1
3780,stat_starvation,Musk Ox,-1,336,0,112,0,count:1
3780,stat_birth,Sectid,-1,336,0,112,0,count:1
3780,stat_birth,Fish,-1,336,0,144,0,count:2
3780,stat_kill,Fish,-1,336,0,144,0,count:1
3780,stat_birth,Sectid,-1,336,0,144,0,count:1
3780,stat_birth,Fish,-1,336,0,176,0,count:27
3780,stat_age_death,Fish,-1,336,0,176,0,count:1
3780,stat_kill,Fish,-1,336,0,176,0,count:2
3780,stat_starvation,Deer,-1,336,0,176,0,count:1
3780,stat_birth,Sectid,-1,336,0,176,0,count:1
3780,stat_age_death,Fish,-1,336,0,208,0,count:2
3780,stat_kill,Fish,-1,336,0,208,0,count:1
3780,stat_birth,Fish,-1,336,0,240,0,count:26
3780,stat_age_death,Fish,-1,336,0,240,0,count:1
3780,stat_kill,Fish,-1,336,0,240,0,count:1
3780,stat_starvation,Elk,-1,336,0,272,0,count:1
3780,stat_birth,Fish,-1,336,0,272,0,count:2
3780,stat_kill,Fish,-1,336,0,272,0,count:1
3780,stat_birth,Sectid,-1,336,0,272,0,count:1
3780,stat_birth,Sectid,-1,336,0,304,0,count:1
3780,stat_kill,Fish,-1,336,0,304,0,count:1
3780,stat_starvation,Musk Ox,-1,368,0,16,0,count:1
3780,stat_birth,Arctic Fox,-1,368,0,112,0,count:1
3780,stat_birth,Fish,-1,368,0,112,0,count:1
3780,stat_kill,Fish,-1,368,0,112,0,count:1
3780,stat_birth,Hawk,-1,368,0,112,0,count:1
3780,stat_starvation,Deer,-1,368,0,144,0,count:1
3780,stat_age_death,Fish,-1,368,0,176,0,count:1
3780,stat_kill,Fish,-1,368,0,176,0,count:1
3780,stat_age_death,Fish,-1,368,0,208,0,count:1
3780,stat_birth,Fish,-1,368,0,272,0,count:1
3780,stat_kill,Fish,-1,368,0,272,0,count:1
3780,stat_birth,Sectid,-1,368,0,272,0,count:1
3780,stat_starvation,Sectid,-1,368,0,336,0,count:1
3780,stat_kill,Fish,-1,400,0,112,0,count:1
3780,stat_birth,Fish,-1,400,0,144,0,count:10
3780,stat_age_death,Fish,-1,400,0,144,0,count:1
3780,stat_kill,Fish,-1,400,0,144,0,count:1
3780,stat_birth,Fish,-1,400,0,176,0,count:16
3780,stat_age_death,Fish,-1,400,0,176,0,count:1
3780,stat_starvation,Elk,-1,400,0,400,0,count:1
3780,stat_kill,Fish,-1,432,0,112,0,count:1
3780,stat_age_death,Fish,-1,432,0,144,0,count:1
3780,stat_birth,Fish,-1,432,0,176,0,count:13
3780,stat_age_death,Fish,-1,432,0,176,0,count:1
3780,stat_age_death,Fish,-1,464,0,304,0,count:1
3780,stat_starvation,Elk,-1,464,0,496,0,count:1
3780,stat_birth,Fish,-1,496,0,304,0,count:2
3780,stat_kill,Fish,-1,496,0,304,0,count:1
3780,stat_starvation,Elk,-1,496,0,432,0,count:1
3810,stat_starvation,Elk,-1,16,0,48,0,count:1
3810,stat_starvation,Deer,-1,16,0,176,0,count:1
3810,stat_kill,Deer,-1,16,0,208,0,count:1
3810,stat_birth,Fish,-1,16,0,240,0,count:1
3810,stat_kill,Fish,-1,16,0,240,0,count:1
3810,stat_birth,Fish,-1,16,0,272,0,count:1
3810,stat_kill,Fish,-1,16,0,272,0,count:1
3810,stat_birth,Fish,-1,16,0,304,0,count:1
3810,stat_kill,Fish,-1,16,0,304,0,count:1
3810,stat_starvation,Elk,-1,16,0,368,0,count:1
3810,stat_starvation,Elk,-1,48,0,112,0,count:1
3810,stat_starvation,Elk,-1,48,0,176,0,count:1
3810,stat_starvation,Elk,-1,48,0,208,0,count:2
3810,stat_starvation,Camel,-1,48,0,240,0,count:1
3810,stat_starvation,Elk,-1,48,0,240,0,count:1
3810,stat_birth,Fish,-1,48,0,240,0,count:1
3810,stat_kill,Fish,-1,48,0,240,0,count:1
3810,stat_birth,Fish,-1,48,0,272,0,count:6
3810,stat_age_death,Fish,-1,48,0,272,0,count:1
3810,stat_kill,Fish,-1,48,0,272,0,count:10
3810,stat_starvation,Camel,-1,48,0,272,0,count:1
3810,stat_birth,Sectid,-1,48,0,272,0,count:1
3810,stat_starvation,Camel,-1,48,0,304,0,count:1
3810,stat_birth,Fish,-1,48,0,304,0,count:1
3810,stat_kill,Fish,-1,48,0,304,0,count:1
3810,stat_starvation,Camel,-1,48,0,336,0,count:2
3810,stat_starvation,Elk,-1,48,0,368,0,count:1
3810,stat_starvation,Camel,-1,48,0,400,0,count:1
3810,stat_starvation,Sectid,-1,80,0,48,0,count:1
3810,stat_starvation,Sectid,-1,80,0,80,0,count:2
3810,stat_starvation,Deer,-1,80,0,144,0,count:1
3810,stat_starvation,Elk,-1,80,0,176,0,count:2
3810,stat_starvation,Deer,-1,80,0,208,0,count:1
3810,stat_birth,Sectid,-1,80,0,240,0,count:1
3810,stat_kill,Fish,-1,80,0,272,0,count:1
3810,stat_starvation,Camel,-1,80,0,304,0,count:1
3810,stat_kill,Fish,-1,80,0,304,0,count:1
3810,stat_birth,Sectid,-1,80,0,304,0,count:1
3810,stat_starvation,Camel,-1,80,0,336,0,count:1
3810,stat_starvation,Elk,-1,80,0,336,0,count:1
3810,stat_kill,Shroomer,-1,80,0,368,0,count:1
3810,stat_starvation,Camel,-1,80,0,368,0,count:1
3810,stat_kill,Shroomer,-1,80,0,400,0,count:1
3810,stat_birth,Sectid,-1,112,0,80,0,count:1
3810,stat_starvation,Sectid,-1,112,0,80,0,count:1
3810,stat_starvation,Deer,-1,112,0,112,0,count:1
3810,stat_starvation,Elk,-1,112,0,144,0,count:1
3810,stat_starvation,Deer,-1,112,0,176,0,count:1
3810,stat_starvation,Sectid,-1,112,0,208,0,count:2
3810,stat_starvation,Elk,-1,112,0,208,0,count:1
3810,stat_kill,Elk,-1,112,0,272,0,count:1
3810,stat_starvation,Camel,-1,112,0,304,0,count:1
3810,stat_starvation,Camel,-1,112,0,368,0,count:1
3810,stat_starvation,Camel,-1,112,0,432,0,count:1
3810,stat_starvation,Sectid,-1,144,0,48,0,count:1
3810,stat_starvation,Elk,-1,144,0,48,0,count:1
3810,stat_starvation,Sectid,-1,144,0,112,0,count:1
3810,stat_starvation,Deer,-1,144,0,144,0,count:1
3810,stat_starvation,Elk,-1,144,0,144,0,count:1
3810,stat_starvation,Camel,-1,144,0,240,0,count:1
3810,stat_starvation,Camel,-1,144,0,336,0,count:1
3810,stat_starvation,Sectid,-1,144,0,336,0,count:1
3810,stat_birth,Sectid,-1,144,0,368,0,count:1
3810,stat_starvation,Sectid,-1,144,0,368,0,count:1
3810,stat_starvation,Camel,-1,144,0,432,0,count:1
3810,stat_kill,Camel,-1,144,0,464,0,count:1
3810,stat_starvation,Elk,-1,176,0,48,0,count:1
3810,stat_starvation,Sectid,-1,176,0,80,0,count:1
3810,stat_starvation,Sectid,-1,176,0,112,0,count:2
3810,stat_starvation,Sectid,-1,176,0,144,0,count:1
3810,stat_starvation,Sectid,-1,176,0,176,0,count:1
3810,stat_age_death,Sectid,-1,176,0,208,0,count:1
3810,stat_starvation,Camel,-1,176,0,240,0,count:1
3810,stat_starvation,Sectid,-1,176,0,272,0,count:3
3810,stat_starvation,Camel,-1,176,0,272,0,count:1
3810,stat_starvation,Camel,-1,176,0,304,0,count:1
3810,stat_starvation,Sectid,-1,176,0,304,0,count:3
3810,stat_starvation,Camel,-1,176,0,336,0,count:1
3810,stat_starvation,Camel,-1,176,0,400,0,count:1
3810,stat_starvation,Sectid,-1,176,0,400,0,count:1
3810,stat_starvation,Camel,-1,176,0,432,0,count:1
3810,stat_starvation,Sectid,-1,176,0,432,0,count:2
3810,stat_starvation,Musk Ox,-1,208,0,16,0,count:1
3810,stat_kill,Deer,-1,208,0,48,0,count:1
3810,stat_starvation,Deer,-1,208,0,80,0,count:1
3810,stat_kill,Fish,-1,208,0,272,0,count:1
3810,stat_starvation,Camel,-1,208,0,304,0,count:1
3810,stat_starvation,Camel,-1,208,0,368,0,count:1
3810,stat_starvation,Sectid,-1,208,0,400,0,count:1
3810,stat_starvation,Camel,-1,208,0,432,0,count:1
3810,stat_starvation,Deer,-1,240,0,48,0,count:1
3810,stat_starvation,Deer,-1,240,0,80,0,count:1
3810,stat_starvation,Deer,-1,240,0,112,0,count:1
3810,stat_starvation,Sectid,-1,240,0,176,0,count:1
3810,stat_birth,Fish,-1,240,0,304,0,count:8
3810,stat_kill,Fish,-1,240,0,304,0,count:6
3810,stat_birth,Sectid,-1,240,0,304,0,count:1
3810,stat_age_death,Sectid,-1,240,0,304,0,count:1
3810,stat_birth,Fish,-1,240,0,336,0,count:1
3810,stat_kill,Fish,-1,240,0,336,0,count:3
3810,stat_starvation,Camel,-1,240,0,336,0,count:1
3810,stat_starvation,Musk Ox,-1,272,0,48,0,count:1
3810,stat_starvation,Deer,-1,272,0,112,0,count:1
3810,stat_birth,Fish,-1,272,0,304,0,count:26
3810,stat_age_death,Fish,-1,272,0,304,0,count:1
3810,stat_kill,Fish,-1,272,0,304,0,count:12
3810,stat_birth,Sectid,-1,272,0,304,0,count:2
3810,stat_birth,Fish,-1,272,0,336,0,count:2
3810,stat_kill,Fish,-1,272,0,336,0,count:4
3810,stat_birth,Sectid,-1,272,0,336,0,count:1
3810,stat_birth,Sectid,-1,272,0,400,0,count:1
3810,stat_starvation,Sectid,-1,272,0,400,0,count:1
3810,stat_kill,Turtle,-1,304,0,48,0,count:1
3810,stat_starvation,Deer,-1,304,0,112,0,count:1
3810,stat_birth,Sectid,-1,304,0,112,0,count:1
3810,stat_kill,Fish,-1,304,0,144,0,count:1
3810,stat_kill,Fish,-1,304,0,176,0,count:1
3810,stat_birth,Sectid,-1,304,0,176,0,count:1
3810,stat_kill,Fish,-1,304,0,208,0,count:1
3810,stat_birth,Sectid,-1,304,0,208,0,count:1
3810,stat_kill,Fish,-1,304,0,272,0,count:2
3810,stat_birth,Fish,-1,304,0,304,0,count:3
3810,stat_kill,Fish,-1,304,0,304,0,count:4
3810,stat_birth,Sectid,-1,304,0,304,0,count:1
3810,stat_birth,Fish,-1,304,0,336,0,count:3
3810,stat_kill,Fish,-1,304,0,336,0,count:5
3810,stat_kill,Fish,-1,304,0,368,0,count:1
3810,stat_kill,Fish,-1,336,0,112,0,count:1
3810,stat_birth,Fish,-1,336,0,144,0,count:3
3810,stat_kill,Fish,-1,336,0,144,0,count:1
3810,stat_birth,Sectid,-1,336,0,144,0,count:1
3810,stat_birth,Fish,-1,336,0,176,0,count:29
3810,stat_age_death,Fish,-1,336,0,176,0,count:1
3810,stat_kill,Fish,-1,336,0,176,0,count:2
3810,stat_age_death,Fish,-1,336,0,208,0,count:1
3810,stat_kill,Fish,-1,336,0,208,0,count:1
3810,stat_birth,Fish,-1,336,0,240,0,count:27
3810,stat_age_death,Fish,-1,336,0,240,0,count:1
3810,stat_kill,Fish,-1,336,0,240,0,count:1
3810,stat_birth,Fish,-1,336,0,272,0,count:3
3810,stat_kill,Fish,-1,336,0,336,0,count:1
3810,stat_starvation,Musk Ox,-1,368,0,48,0,count:1
3810,stat_starvation,Deer,-1,368,0,48,0,count:1
3810,stat_birth,Crocodile,-1,368,0,112,0,count:1
3810,stat_birth,Fish,-1,368,0,112,0,count:1
3810,stat_kill,Fish,-1,368,0,112,0,count:1
3810,stat_starvation,Musk Ox,-1,368,0,112,0,count:1
3810,stat_kill,Fish,-1,368,0,144,0,count:1
3810,stat_age_death,Fish,-1,368,0,176,0,count:1
3810,stat_age_death,Fish,-1,368,0,208,0,count:1
3810,stat_age_death,Fish,-1,368,0,240,0,count:1
3810,stat_starvation,Elk,-1,368,0,400,0,count:1
3810,stat_starvation,Elk,-1,368,0,432,0,count:1
3810,stat_kill,Deer,-1,400,0,80,0,count:1
3810,stat_birth,Boar,-1,400,0,112,0,count:1
3810,stat_birth,Arctic Fox,-1,400,0,112,0,count:1
3810,stat_birth,Fish,-1,400,0,144,0,count:9
3810,stat_age_death,Fish,-1,400,0,144,0,count:1
3810,stat_kill,Fish,-1,400,0,144,0,count:2
3810,stat_birth,Fish,-1,400,0,176,0,count:17
3810,stat_age_death,Fish,-1,400,0,176,0,count:1
3810,stat_kill,Fish,-1,400,0,176,0,count:1
3810,stat_age_death,Fish,-1,400,0,208,0,count:1
3810,stat_birth,Fish,-1,400,0,240,0,count:1
3810,stat_age_death,Fish,-1,432,0,144,0,count:1
3810,stat_birth,Fish,-1,432,0,176,0,count:15
3810,stat_age_death,Fish,-1,432,0,176,0,count:1
3810,stat_age_death,Fish,-1,464,0,336,0,count:1
3810,stat_birth,Fish,-1,464,0,368,0,count:1
3810,stat_starvation,Elk,-1,464,0,464,0,count:1
3810,stat_kill,Fish,-1,496,0,304,0,count:1
3810,stat_age_death,Fish,-1,496,0,336,0,count:1
3810,stat_birth,Fish,-1,496,0,368,0,count:1
3810,stat_starvation,Elk,-1,496,0,464,0,count:1
3810,stat_starvation,Elk,-1,496,0,496,0,count:1
3840,stat_starvation,Elk,-1,16,0,208,0,count:1
3840,stat_kill,Tapir,-1,16,0,272,0,count:1
3840,stat_birth,Fish,-1,16,0,272,0,count:1
3840,stat_kill,Fish,-1,16,0,272,0,count:1
3840,stat_birth,Fish,-1,16,0,304,0,count:1
3840,stat_kill,Fish,-1,16,0,304,0,count:1
3840,stat_birth,Sectid,-1,16,0,304,0,count:1
3840,stat_starvation,Elk,-1,48,0,16,0,count:1
3840,stat_starvation,Elk,-1,48,0,48,0,count:1
3840,stat_starvation,Sectid,-1,48,0,80,0,count:2
3840,stat_starvation,Deer,-1,48,0,80,0,count:1
3840,stat_starvation,Elk,-1,48,0,144,0,count:1
3840,stat_starvation,Deer,-1,48,0,176,0,count:1
3840,stat_starvation,Elk,-1,48,0,176,0,count:1
3840,stat_kill,Deer,-1,48,0,208,0,count:1
3840,stat_starvation,Deer,-1,48,0,240,0,count:1
3840,stat_birth,Fish,-1,48,0,272,0,count:7
3840,stat_age_death,Fish,-1,48,0,272,0,count:1
3840,stat_kill,Fish,-1,48,0,272,0,count:11
3840,stat_starvation,Elk,-1,48,0,272,0,count:1
3840,stat_starvation,Camel,-1,48,0,272,0,count:1
3840,stat_birth,Sectid,-1,48,0,272,0,count:1
3840,stat_starvation,Camel,-1,48,0,304,0,count:1
3840,stat_birth,Fish,-1,48,0,304,0,count:1
3840,stat_kill,Fish,-1,48,0,304,0,count:1
3840,stat_birth,Sectid,-1,48,0,304,0,count:1
3840,stat_starvation,Camel,-1,48,0,336,0,count:1
3840,stat_starvation,Camel,-1,48,0,368,0,count:1
3840,stat_starvation,Camel,-1,48,0,432,0,count:1
3840,stat_starvation,Elk,-1,80,0,16,0,count:1
3840,stat_starvation,Deer,-1,80,0,80,0,count:1
3840,stat_age_death,Sectid,-1,80,0,112,0,count:1
3840,stat_starvation,Elk,-1,80,0,144,0,count:1
3840,stat_starvation,Deer,-1,80,0,208,0,count:1
3840,stat_starvation,Elk,-1,80,0,208,0,count:1
3840,stat_birth,Fish,-1,80,0,240,0,count:1
3840,stat_kill,Fish,-1,80,0,240,0,count:1
3840,stat_kill,Fish,-1,80,0,272,0,count:1
3840,stat_starvation,Elk,-1,80,0,272,0,count:1
3840,stat_starvation,Camel,-1,80,0,304,0,count:1
3840,stat_birth,Fish,-1,80,0,304,0,count:1
3840,stat_starvation,Camel,-1,80,0,336,0,count:1
3840,stat_starvation,Camel,-1,80,0,368,0,count:1
3840,stat_starvation,Elk,-1,112,0,48,0,count:1
3840,stat_starvation,Sectid,-1,112,0,48,0,count:1
3840,stat_starvation,Sectid,-1,112,0,80,0,count:1
3840,stat_starvation,Elk,-1,112,0,144,0,count:1
3840,stat_starvation,Elk,-1,112,0,176,0,count:1
3840,stat_starvation,Camel,-1,112,0,304,0,count:1
3840,stat_starvation,Camel,-1,112,0,336,0,count:1
3840,stat_starvation,Camel,-1,112,0,368,0,count:1
3840,stat_birth,Elk,-1,112,0,400,0,count:1
3840,stat_starvation,Camel,-1,112,0,432,0,count:1
3840,stat_starvation,Camel,-1,112,0,464,0,count:1
3840,stat_starvation,Sectid,-1,144,0,48,0,count:1
3840,stat_kill,Elk,-1,144,0,80,0,count:1
3840,stat_starvation,Sectid,-1,144,0,80,0,count:1
3840,stat_starvation,Elk,-1,144,0,112,0,count:1
3840,stat_starvation,Elk,-1,144,0,176,0,count:1
3840,stat_starvation,Camel,-1,144,0,240,0,count:1
3840,stat_starvation,Elk,-1,144,0,240,0,count:1
3840,stat_starvation,Camel,-1,144,0,304,0,count:1
3840,stat_starvation,Scorpion,-1,144,0,336,0,count:1
3840,stat_starvation,Camel,-1,144,0,336,0,count:1
3840,stat_starvation,Sectid,-1,144,0,336,0,count:2
3840,stat_starvation,Camel,-1,144,0,368,0,count:1
3840,stat_starvation,Sectid,-1,144,0,368,0,count:2
3840,stat_starvation,Elk,-1,176,0,48,0,count:1
3840,stat_starvation,Sectid,-1,176,0,80,0,count:2
3840,stat_starvation,Sectid,-1,176,0,112,0,count:1
3840,stat_starvation,Sectid,-1,176,0,144,0,count:1
3840,stat_starvation,Elk,-1,176,0,176,0,count:1
3840,stat_starvation,Sectid,-1,176,0,176,0,count:1
3840,stat_starvation,Camel,-1,176,0,240,0,count:1
3840,stat_starvation,Sectid,-1,176,0,272,0,count:1
3840,stat_starvation,Camel,-1,176,0,272,0,count:1
3840,stat_starvation,Camel,-1,176,0,304,0,count:1
3840,stat_starvation,Sectid,-1,176,0,304,0,count:2
3840,stat_starvation,Sectid,-1,176,0,400,0,count:2
3840,stat_starvation,Camel,-1,176,0,432,0,count:1
3840,stat_starvation,Sectid,-1,176,0,432,0,count:1
3840,stat_starvation,Camel,-1,176,0,464,0,count:1
3840,stat_starvation,Hawk,-1,208,0,16,0,count:1
3840,stat_starvation,Elk,-1,208,0,80,0,count:1
3840,stat_starvation,Elk,-1,208,0,112,0,count:1
3840,stat_kill,Elk,-1,208,0,176,0,count:1
3840,stat_starvation,Camel,-1,208,0,272,0,count:1
3840,stat_starvation,Camel,-1,208,0,304,0,count:2
3840,stat_starvation,Camel,-1,208,0,336,0,count:1
3840,stat_starvation,Sectid,-1,208,0,400,0,count:1
3840,stat_starvation,Camel,-1,208,0,400,0,count:1
3840,stat_starvation,Sectid,-1,208,0,496,0,count:1
3840,stat_kill,Deer,-1,240,0,16,0,count:1
3840,stat_starvation,Deer,-1,240,0,112,0,count:1
3840,stat_starvation,Sectid,-1,240,0,176,0,count:2
3840,stat_birth,Fish,-1,240,0,304,0,count:8
3840,stat_kill,Fish,-1,240,0,304,0,count:5
3840,stat_birth,Sectid,-1,240,0,304,0,count:1
3840,stat_birth,Fish,-1,240,0,336,0,count:3
3840,stat_kill,Fish,-1,240,0,336,0,count:2
3840,stat_birth,Sectid,-1,240,0,336,0,count:1
3840,stat_age_death,Sectid,-1,240,0,336,0,count:1
3840,stat_starvation,Camel,-1,240,0,336,0,count:1
3840,stat_kill,Shroomer,-1,240,0,464,0,count:1
3840,stat_kill,Turtle,-1,272,0,16,0,count:1
3840,stat_starvation,Musk Ox,-1,272,0,16,0,count:1
3840,stat_starvation,Musk Ox,-1,272,0,48,0,count:1
3840,stat_starvation,Deer,-1,272,0,80,0,count:1
3840,stat_starvation,Deer,-1,272,0,112,0,count:1
3840,stat_starvation,Musk Ox,-1,272,0,112,0,count:1
3840,stat_starvation,Deer,-1,272,0,176,0,count:1
3840,stat_birth,Sectid,-1,272,0,176,0,count:1
3840,stat_birth,Fish,-1,272,0,304,0,count:26
3840,stat_age_death,Fish,-1,272,0,304,0,count:1
3840,stat_kill,Fish,-1,272,0,304,0,count:13
3840,stat_birth,Sectid,-1,272,0,304,0,count:1
3840,stat_starvation,Camel,-1,272,0,304,0,count:1
3840,stat_birth,Fish,-1,272,0,336,0,count:3
3840,stat_kill,Fish,-1,272,0,336,0,count:4
3840,stat_birth,Sectid,-1,272,0,336,0,count:1
3840,stat_age_death,Sectid,-1,272,0,336,0,count:1
3840,stat_starvation,Sectid,-1,272,0,400,0,count:1
3840,stat_starvation,Deer,-1,304,0,144,0,count:1
3840,stat_birth,Fish,-1,304,0,144,0,count:1
3840,stat_birth,Sectid,-1,304,0,144,0,count:1
3840,stat_starvation,Deer,-1,304,0,176,0,count:1
3840,stat_kill,Fish,-1,304,0,176,0,count:2
3840,stat_birth,Sectid,-1,304,0,176,0,count:2
3840,stat_kill,Fish,-1,304,0,272,0,count:2
3840,stat_birth,Sectid,-1,304,0,272,0,count:1
3840,stat_birth,Fish,-1,304,0,304,0,count:2
3840,stat_kill,Fish,-1,304,0,304,0,count:4
3840,stat_birth,Sectid,-1,304,0,304,0,count:2
3840,stat_birth,Fish,-1,304,0,336,0,count:3
3840,stat_kill,Fish,-1,304,0,336,0,count:6
3840,stat_birth,Sectid,-1,304,0,336,0,count:1
3840,stat_starvation,Musk Ox,-1,336,0,16,0,count:1
3840,stat_birth,Sectid,-1,336,0,16,0,count:1
3840,stat_starvation,Elk,-1,336,0,112,0,count:1
3840,stat_birth,Fish,-1,336,0,144,0,count:3
3840,stat_kill,Fish,-1,336,0,144,0,count:1
3840,stat_birth,Fish,-1,336,0,176,0,count:30
3840,stat_age_death,Fish,-1,336,0,176,0,count:1
3840,stat_kill,Fish,-1,336,0,176,0,count:2
3840,stat_birth,Fish,-1,336,0,208,0,count:11
3840,stat_age_death,Fish,-1,336,0,208,0,count:1
3840,stat_kill,Fish,-1,336,0,208,0,count:1
3840,stat_birth,Fish,-1,336,0,240,0,count:28
3840,stat_age_death,Fish,-1,336,0,240,0,count:2
3840,stat_kill,Fish,-1,336,0,240,0,count:1
3840,stat_birth,Fish,-1,336,0,272,0,count:2
3840,stat_kill,Fish,-1,336,0,272,0,count:1
3840,stat_birth,Sectid,-1,336,0,272,0,count:1
3840,stat_birth,Sectid,-1,336,0,304,0,count:1
3840,stat_kill,Fish,-1,336,0,304,0,count:1
3840,stat_starvation,Elk,-1,368,0,112,0,count:1
3840,stat_birth,Fish,-1,368,0,112,0,count:1
3840,stat_kill,Fish,-1,368,0,112,0,count:2
3840,stat_starvation,Musk Ox,-1,368,0,112,0,count:1
3840,stat_kill,Fish,-1,368,0,144,0,count:1
3840,stat_age_death,Fish,-1,368,0,176,0,count:1
3840,stat_age_death,Fish,-1,368,0,240,0,count:1
3840,stat_birth,Sectid,-1,368,0,272,0,count:1
3840,stat_kill,Fish,-1,400,0,80,0,count:1
3840,stat_starvation,Elk,-1,400,0,112,0,count:1
3840,stat_kill,Fish,-1,400,0,112,0,count:1
3840,stat_birth,Fish,-1,400,0,144,0,count:10
3840,stat_age_death,Fish,-1,400,0,144,0,count:1
3840,stat_kill,Fish,-1,400,0,144,0,count:1
3840,stat_birth,Snake,-1,400,0,176,0,count:1
3840,stat_age_death,Fish,-1,400,0,176,0,count:1
3840,stat_kill,Fish,-1,400,0,240,0,count:1
3840,stat_starvation,Elk,-1,400,0,400,0,count:1
3840,stat_starvation,Elk,-1,400,0,432,0,count:1
3840,stat_age_death,Fish,-1,432,0,144,0,count:1
3840,stat_birth,Fish,-1,432,0,176,0,count:15
3840,stat_age_death,Fish,-1,432,0,176,0,count:1
3840,stat_birth,Fish,-1,432,0,208,0,count:1
3840,stat_starvation,Musk Ox,-1,432,0,240,0,count:1
3840,stat_starvation,Fish,-1,432,0,304,0,count:1
3840,stat_starvation,Elk,-1,432,0,368,0,count:1
3840,stat_starvation,Elk,-1,432,0,464,0,count:1
3840,stat_kill,Fish,-1,464,0,272,0,count:1
3840,stat_birth,Shroomer,-1,464,0,304,0,count:1
3840,stat_starvation,Elk,-1,464,0,368,0,count:1
3840,stat_starvation,Elk,-1,464,0,432,0,count:1
3840,stat_kill,Fish,-1,496,0,304,0,count:1
3840,stat_starvation,Elk,-1,496,0,432,0,count:1
3840,stat_starvation,Elk,-1,496,0,464,0,count:1
3870,stat_starvation,Elk,-1,16,0,16,0,count:1
3870,stat_starvation,Elk,-1,16,0,48,0,count:1
3870,stat_kill,Musk Ox,-1,16,0,112,0,count:1
3870,stat_starvation,Sectid,-1,16,0,176,0,count:1
3870,stat_starvation,Deer,-1,16,0,176,0,count:1
3870,stat_birth,Fish,-1,16,0,240,0,count:1
3870,stat_kill,Fish,-1,16,0,240,0,count:1
3870,stat_birth,Fish,-1,16,0,272,0,count:1
3870,stat_birth,Sectid,-1,16,0,272,0,count:1
3870,stat_starvation,Elk,-1,16,0,304,0,count:1
3870,stat_birth,Fish,-1,16,0,304,0,count:1
3870,stat_starvation,Elk,-1,16,0,336,0,count:1
3870,stat_starvation,Camel,-1,16,0,368,0,count:1
3870,stat_starvation,Elk,-1,16,0,400,0,count:1
3870,stat_starvation,Elk,-1,48,0,80,0,count:1
3870,stat_starvation,Elk,-1,48,0,208,0,count:1
3870,stat_starvation,Camel,-1,48,0,240,0,count:1
3870,stat_birth,Fish,-1,48,0,240,0,count:1
3870,stat_kill,Fish,-1,48,0,240,0,count:1
3870,stat_birth,Sectid,-1,48,0,240,0,count:1
3870,stat_birth,Fish,-1,48,0,272,0,count:6
3870,stat_age_death,Fish,-1,48,0,272,0,count:1
3870,stat_kill,Fish,-1,48,0,272,0,count:11
3870,stat_starvation,Camel,-1,48,0,272,0,count:1
3870,stat_starvation,Elk,-1,48,0,304,0,count:1
3870,stat_starvation,Camel,-1,48,0,304,0,count:1
3870,stat_kill,Fish,-1,48,0,304,0,count:1
3870,stat_starvation,Elk,-1,48,0,336,0,count:1
3870,stat_starvation,Camel,-1,48,0,336,0,count:1
3870,stat_starvation,Elk,-1,80,0,48,0,count:1
3870,stat_starvation,Sectid,-1,80,0,48,0,count:1
3870,stat_starvation,Sectid,-1,80,0,80,0,count:1
3870,stat_kill,Deer,-1,80,0,112,0,count:1
3870,stat_starvation,Elk,-1,80,0,144,0,count:1
3870,stat_starvation,Deer,-1,80,0,176,0,count:1
3870,stat_starvation,Elk,-1,80,0,176,0,count:1
3870,stat_birth,Sectid,-1,80,0,240,0,count:1
3870,stat_starvation,Elk,-1,80,0,240,0,count:1
3870,stat_birth,Fish,-1,80,0,240,0,count:1
3870,stat_kill,Fish,-1,80,0,240,0,count:1
3870,stat_birth,Sectid,-1,80,0,272,0,count:1
3870,stat_starvation,Elk,-1,80,0,304,0,count:1
3870,stat_birth,Fish,-1,80,0,304,0,count:1
3870,stat_kill,Fish,-1,80,0,304,0,count:1
3870,stat_starvation,Camel,-1,80,0,336,0,count:1
3870,stat_starvation,Camel,-1,80,0,368,0,count:1
3870,stat_starvation,Camel,-1,80,0,400,0,count:1
3870,stat_kill,Camel,-1,80,0,464,0,count:1
3870,stat_starvation,Sectid,-1,112,0,48,0,count:1
3870,stat_starvation,Deer,-1,112,0,80,0,count:1
3870,stat_starvation,Deer,-1,112,0,112,0,count:1
3870,stat_starvation,Elk,-1,112,0,144,0,count:1
3870,stat_starvation,Elk,-1,112,0,176,0,count:1
3870,stat_starvation,Sectid,-1,112,0,208,0,count:2
3870,stat_starvation,Camel,-1,112,0,304,0,count:1
3870,stat_starvation,Sectid,-1,112,0,368,0,count:1
3870,stat_kill,Camel,-1,112,0,400,0,count:1
3870,stat_starvation,Camel,-1,112,0,432,0,count:1
3870,stat_starvation,Musk Ox,-1,144,0,16,0,count:1
3870,stat_starvation,Sectid,-1,144,0,48,0,count:1
3870,stat_starvation,Deer,-1,144,0,80,0,count:1
3870,stat_starvation,Sectid,-1,144,0,112,0,count:1
3870,stat_starvation,Deer,-1,144,0,144,0,count:1
3870,stat_starvation,Camel,-1,144,0,304,0,count:2
3870,stat_starvation,Sectid,-1,144,0,336,0,count:1
3870,stat_starvation,Sectid,-1,144,0,368,0,count:1
3870,stat_starvation,Camel,-1,144,0,400,0,count:1
3870,stat_starvation,Deer,-1,176,0,112,0,count:1
3870,stat_starvation,Elk,-1,176,0,112,0,count:1
3870,stat_starvation,Sectid,-1,176,0,144,0,count:1
3870,stat_starvation,Elk,-1,176,0,144,0,count:1
3870,stat_starvation,Sectid,-1,176,0,272,0,count:2
3870,stat_starvation,Camel,-1,176,0,272,0,count:1
3870,stat_starvation,Camel,-1,176,0,304,0,count:1
3870,stat_starvation,Sectid,-1,176,0,304,0,count:1
3870,stat_starvation,Camel,-1,176,0,336,0,count:1
3870,stat_starvation,Camel,-1,176,0,368,0,count:1
3870,stat_starvation,Sectid,-1,176,0,400,0,count:3
3870,stat_starvation,Camel,-1,176,0,432,0,count:1
3870,stat_starvation,Sectid,-1,176,0,432,0,count:1
3870,stat_starvation,Hawk,-1,208,0,16,0,count:1
3870,stat_birth,Turtle,-1,208,0,176,0,count:1
3870,stat_starvation,Camel,-1,208,0,272,0,count:1
3870,stat_starvation,Camel,-1,208,0,304,0,count:1
3870,stat_starvation,Sectid,-1,208,0,400,0,count:2
3870,stat_starvation,Camel,-1,208,0,400,0,count:1
3870,stat_starvation,Camel,-1,208,0,432,0,count:1
3870,stat_kill,Deer,-1,240,0,48,0,count:1
3870,stat_kill,Elk,-1,240,0,144,0,count:1
3870,stat_starvation,Sectid,-1,240,0,176,0,count:1
3870,stat_birth,Fish,-1,240,0,304,0,count:9
3870,stat_kill,Fish,-1,240,0,304,0,count:6
3870,stat_birth,Sectid,-1,240,0,304,0,count:1
3870,stat_starvation,Camel,-1,240,0,304,0,count:1
3870,stat_birth,Fish,-1,240,0,336,0,count:3
3870,stat_kill,Fish,-1,240,0,336,0,count:2
3870,stat_birth,Sectid,-1,240,0,336,0,count:1
3870,stat_kill,Fish,-1,240,0,368,0,count:1
3870,stat_kill,Camel,-1,240,0,400,0,count:1
3870,stat_kill,Camel,-1,240,0,432,0,count:1
3870,stat_starvation,Deer,-1,272,0,48,0,count:1
3870,stat_starvation,Musk Ox,-1,272,0,48,0,count:1
3870,stat_kill,Fish,-1,272,0,176,0,count:1
3870,stat_birth,Fish,-1,272,0,304,0,count:26
3870,stat_age_death,Fish,-1,272,0,304,0,count:1
3870,stat_kill,Fish,-1,272,0,304,0,count:12
3870,stat_birth,Sectid,-1,272,0,304,0,count:2
3870,stat_starvation,Camel,-1,272,0,304,0,count:1
3870,stat_birth,Fish,-1,272,0,336,0,count:2
3870,stat_kill,Fish,-1,272,0,336,0,count:4
3870,stat_birth,Sectid,-1,272,0,336,0,count:1
3870,stat_kill,Fish,-1,272,0,368,0,count:1
3870,stat_starvation,Sectid,-1,272,0,400,0,count:1
3870,stat_starvation,Deer,-1,304,0,48,0,count:1
3870,stat_starvation,Musk Ox,-1,304,0,48,0,count:1
3870,stat_kill,Fish,-1,304,0,144,0,count:1
3870,stat_birth,Sectid,-1,304,0,144,0,count:1
3870,stat_kill,Fish,-1,304,0,176,0,count:2
3870,stat_birth,Sectid,-1,304,0,176,0,count:1
3870,stat_kill,Fish,-1,304,0,208,0,count:1
3870,stat_birth,Sectid,-1,304,0,208,0,count:1
3870,stat_kill,Shroomer,-1,304,0,272,0,count:1
3870,stat_kill,Fish,-1,304,0,272,0,count:2
3870,stat_birth,Sectid,-1,304,0,272,0,count:2
3870,stat_kill,Sectid,-1,304,0,272,0,count:1
3870,stat_birth,Fish,-1,304,0,304,0,count:3
3870,stat_kill,Fish,-1,304,0,304,0,count:5
3870,stat_birth,Sectid,-1,304,0,304,0,count:1
3870,stat_birth,Fish,-1,304,0,336,0,count:3
3870,stat_kill,Fish,-1,304,0,336,0,count:5
3870,stat_birth,Sectid,-1,304,0,336,0,count:1
3870,stat_starvation,Sectid,-1,304,0,400,0,count:1
3870,stat_starvation,Deer,-1,336,0,112,0,count:1
3870,stat_starvation,Musk Ox,-1,336,0,112,0,count:1
3870,stat_birth,Sectid,-1,336,0,112,0,count:1
3870,stat_kill,Elk,-1,336,0,144,0,count:1
3870,stat_birth,Fish,-1,336,0,144,0,count:3
3870,stat_kill,Fish,-1,336,0,144,0,count:1
3870,stat_birth,Sectid,-1,336,0,144,0,count:1
3870,stat_birth,Fish,-1,336,0,176,0,count:31
3870,stat_age_death,Fish,-1,336,0,176,0,count:2
3870,stat_kill,Fish,-1,336,0,176,0,count:2
3870,stat_birth,Fish,-1,336,0,208,0,count:12
3870,stat_age_death,Fish,-1,336,0,208,0,count:1
3870,stat_kill,Fish,-1,336,0,208,0,count:1
3870,stat_birth,Fish,-1,336,0,240,0,count:30
3870,stat_age_death,Fish,-1,336,0,240,0,count:1
3870,stat_kill,Fish,-1,336,0,240,0,count:2
3870,stat_birth,Fish,-1,336,0,272,0,count:2
3870,stat_kill,Fish,-1,336,0,272,0,count:1
3870,stat_birth,Sectid,-1,336,0,272,0,count:1
3870,stat_birth,Sectid,-1,336,0,304,0,count:1
3870,stat_kill,Fish,-1,336,0,304,0,count:1
3870,stat_starvation,Elk,-1,336,0,336,0,count:1
3870,stat_kill,Fish,-1,336,0,336,0,count:1
3870,stat_birth,Sectid,-1,336,0,336,0,count:1
3870,stat_starvation,Musk Ox,-1,368,0,16,0,count:1
3870,stat_kill,Shroomer,-1,368,0,80,0,count:1
3870,stat_starvation,Deer,-1,368,0,80,0,count:1
3870,stat_birth,Arctic Fox,-1,368,0,112,0,count:1
3870,stat_birth,Fish,-1,368,0,112,0,count:1
3870,stat_kill,Fish,-1,368,0,112,0,count:1
3870,stat_kill,Fish,-1,368,0,144,0,count:1
3870,stat_starvation,Deer,-1,368,0,144,0,count:1
3870,stat_age_death,Fish,-1,368,0,176,0,count:1
3870,stat_kill,Fish,-1,368,0,176,0,count:1
3870,stat_age_death,Fish,-1,368,0,208,0,count:1
3870,stat_age_death,Fish,-1,368,0,240,0,count:1
3870,stat_birth,Fish,-1,368,0,272,0,count:1
3870,stat_birth,Sectid,-1,368,0,272,0,count:1
3870,stat_birth,Sectid,-1,368,0,368,0,count:1
3870,stat_starvation,Deer,-1,400,0,48,0,count:1
3870,stat_starvation,Elk,-1,400,0,112,0,count:1
3870,stat_kill,Fish,-1,400,0,112,0,count:1
3870,stat_birth,Fish,-1,400,0,144,0,count:9
3870,stat_age_death,Fish,-1,400,0,144,0,count:1
3870,stat_kill,Fish,-1,400,0,144,0,count:2
3870,stat_age_death,Fish,-1,400,0,176,0,count:1
3870,stat_kill,Fish,-1,400,0,176,0,count:1
3870,stat_birth,Fish,-1,400,0,240,0,count:1
3870,stat_birth,Sectid,-1,400,0,272,0,count:1
3870,stat_birth,Sectid,-1,400,0,304,0,count:1
3870,stat_kill,Fish,-1,432,0,112,0,count:1
3870,stat_age_death,Fish,-1,432,0,144,0,count:1
3870,stat_birth,Fish,-1,432,0,176,0,count:16
3870,stat_age_death,Fish,-1,432,0,176,0,count:1
3870,stat_starvation,Elk,-1,432,0,432,0,count:1
3870,stat_age_death,Fish,-1,464,0,304,0,count:1
3870,stat_starvation,Elk,-1,464,0,368,0,count:1
3870,stat_kill,Fish,-1,496,0,304,0,count:1
3870,stat_birth,Scorpion,-1,496,0,304,0,count:1
3870,stat_age_death,Scorpion,-1,496,0,304,0,count:1
3870,stat_starvation,Elk,-1,496,0,368,0,count:1
3870,stat_starvation,Elk,-1,496,0,400,0,count:1
3900,stat_starvation,Elk,-1,16,0,16,0,count:1
3900,stat_starvation,Sectid,-1,16,0,176,0,count:1
3900,stat_birth,Fish,-1,16,0,240,0,count:1
3900,stat_kill,Fish,-1,16,0,240,0,count:1
3900,stat_birth,Sectid,-1,16,0,240,0,count:1
3900,stat_kill,Fish,-1,16,0,272,0,count:2
3900,stat_starvation,Camel,-1,16,0,304,0,count:1
3900,stat_birth,Fish,-1,16,0,304,0,count:1
3900,stat_kill,Fish,-1,16,0,304,0,count:1
3900,stat_birth,Sectid,-1,16,0,304,0,count:1
3900,stat_starvation,Elk,-1,16,0,368,0,count:1
3900,stat_starvation,Elk,-1,48,0,16,0,count:1
3900,stat_starvation,Elk,-1,48,0,48,0,count:1
3900,stat_starvation,Sectid,-1,48,0,80,0,count:1
3900,stat_starvation,Elk,-1,48,0,144,0,count:1
3900,stat_age_death,Sectid,-1,48,0,208,0,count:1
3900,stat_starvation,Camel,-1,48,0,240,0,count:1
3900,stat_starvation,Elk,-1,48,0,240,0,count:1
3900,stat_birth,Fish,-1,48,0,240,0,count:1
3900,stat_kill,Fish,-1,48,0,240,0,count:1
3900,stat_starvation,Deer,-1,48,0,240,0,count:1
3900,stat_birth,Fish,-1,48,0,272,0,count:6
3900,stat_age_death,Fish,-1,48,0,272,0,count:1
3900,stat_kill,Fish,-1,48,0,272,0,count:11
3900,stat_birth,Sectid,-1,48,0,272,0,count:1
3900,stat_starvation,Camel,-1,48,0,304,0,count:1
3900,stat_birth,Fish,-1,48,0,304,0,count:1
3900,stat_kill,Fish,-1,48,0,304,0,count:1
3900,stat_starvation,Camel,-1,48,0,368,0,count:1
3900,stat_starvation,Camel,-1,48,0,400,0,count:1
3900,stat_starvation,Elk,-1,80,0,112,0,count:1
3900,stat_starvation,Deer,-1,80,0,144,0,count:1
3900,stat_starvation,Elk,-1,80,0,144,0,count:2
3900,stat_starvation,Deer,-1,80,0,208,0,count:1
3900,stat_starvation,Elk,-1,80,0,208,0,count:1
3900,stat_kill,Fish,-1,80,0,240,0,count:1
3900,stat_kill,Fish,-1,80,0,272,0,count:1
3900,stat_starvation,Camel,-1,80,0,304,0,count:2
3900,stat_kill,Fish,-1,80,0,304,0,count:1
3900,stat_starvation,Camel,-1,80,0,368,0,count:1
3900,stat_starvation,Elk,-1,112,0,48,0,count:1
3900,stat_starvation,Sectid,-1,112,0,80,0,count:1
3900,stat_starvation,Deer,-1,112,0,144,0,count:1
3900,stat_starvation,Elk,-1,112,0,144,0,count:1
3900,stat_starvation,Deer,-1,112,0,208,0,count:1
3900,stat_starvation,Sectid,-1,112,0,208,0,count:1
3900,stat_starvation,Elk,-1,112,0,208,0,count:1
3900,stat_starvation,Elk,-1,112,0,304,0,count:1
3900,stat_starvation,Sectid,-1,112,0,336,0,count:1
3900,stat_starvation,Sectid,-1,112,0,368,0,count:1
3900,stat_starvation,Camel,-1,112,0,368,0,count:1
3900,stat_starvation,Camel,-1,112,0,464,0,count:1
3900,stat_starvation,Deer,-1,144,0,48,0,count:1
3900,stat_starvation,Sectid,-1,144,0,48,0,count:1
3900,stat_starvation,Elk,-1,144,0,48,0,count:1
3900,stat_starvation,Elk,-1,144,0,112,0,count:1
3900,stat_kill,Deer,-1,144,0,176,0,count:1
3900,stat_starvation,Elk,-1,144,0,240,0,count:1
3900,stat_kill,Camel,-1,144,0,272,0,count:1
3900,stat_starvation,Camel,-1,144,0,336,0,count:1
3900,stat_starvation,Sectid,-1,144,0,336,0,count:1
3900,stat_starvation,Camel,-1,144,0,368,0,count:2
3900,stat_starvation,Sectid,-1,144,0,368,0,count:1
3900,stat_starvation,Camel,-1,144,0,400,0,count:1
3900,stat_starvation,Sectid,-1,176,0,80,0,count:1
3900,stat_starvation,Sectid,-1,176,0,112,0,count:1
3900,stat_starvation,Sectid,-1,176,0,144,0,count:1
3900,stat_starvation,Deer,-1,176,0,176,0,count:1
3900,stat_starvation,Sectid,-1,176,0,176,0,count:1
3900,stat_starvation,Camel,-1,176,0,240,0,count:1
3900,stat_starvation,Sectid,-1,176,0,272,0,count:1
3900,stat_starvation,Camel,-1,176,0,304,0,count:1
3900,stat_starvation,Sectid,-1,176,0,304,0,count:2
3900,stat_starvation,Camel,-1,176,0,368,0,count:1
3900,stat_starvation,Camel,-1,176,0,400,0,count:1
3900,stat_birth,Sectid,-1,176,0,400,0,count:1
3900,stat_starvation,Sectid,-1,176,0,400,0,count:1
3900,stat_starvation,Sectid,-1,176,0,432,0,count:1
3900,stat_starvation,Camel,-1,176,0,464,0,count:1
3900,stat_starvation,Musk Ox,-1,208,0,16,0,count:1
3900,stat_starvation,Hawk,-1,208,0,16,0,count:1
3900,stat_starvation,Deer,-1,208,0,144,0,count:1
3900,stat_kill,Fish,-1,208,0,304,0,count:1
3900,stat_starvation,Camel,-1,208,0,336,0,count:1
3900,stat_kill,Fish,-1,208,0,336,0,count:1
3900,stat_starvation,Camel,-1,208,0,368,0,count:1
3900,stat_starvation,Sectid,-1,208,0,400,0,count:2
3900,stat_starvation,Camel,-1,208,0,432,0,count:1
3900,stat_kill,Shroomer,-1,240,0,80,0,count:1
3900,stat_kill,Deer,-1,240,0,144,0,count:1
3900,stat_birth,Sectid,-1,240,0,176,0,count:1
3900,stat_starvation,Sectid,-1,240,0,176,0,count:1
3900,stat_birth,Fish,-1,240,0,304,0,count:8
3900,stat_kill,Fish,-1,240,0,304,0,count:6
3900,stat_birth,Sectid,-1,240,0,304,0,count:1
3900,stat_starvation,Camel,-1,240,0,304,0,count:1
3900,stat_birth,Fish,-1,240,0,336,0,count:3
3900,stat_kill,Fish,-1,240,0,336,0,count:3
3900,stat_starvation,Camel,-1,240,0,336,0,count:1
3900,stat_kill,Sectid,-1,240,0,368,0,count:1
3900,stat_starvation,Camel,-1,240,0,368,0,count:1
3900,stat_starvation,Musk Ox,-1,272,0,48,0,count:1
3900,stat_starvation,Deer,-1,272,0,80,0,count:1
3900,stat_kill,Lizard,-1,272,0,176,0,count:1
3900,stat_birth,Fish,-1,272,0,304,0,count:27
3900,stat_age_death,Fish,-1,272,0,304,0,count:1
3900,stat_kill,Fish,-1,272,0,304,0,count:13
3900,stat_birth,Sectid,-1,272,0,304,0,count:2
3900,stat_birth,Fish,-1,272,0,336,0,count:2
3900,stat_kill,Fish,-1,272,0,336,0,count:4
3900,stat_birth,Sectid,-1,272,0,336,0,count:1
3900,stat_kill,Camel,-1,272,0,368,0,count:1
3900,stat_starvation,Sectid,-1,272,0,400,0,count:1
3900,stat_starvation,Musk Ox,-1,304,0,16,0,count:1
3900,stat_starvation,Musk Ox,-1,304,0,80,0,count:1
3900,stat_starvation,Deer,-1,304,0,112,0,count:1
3900,stat_starvation,Musk Ox,-1,304,0,112,0,count:1
3900,stat_birth,Scorpion,-1,304,0,144,0,count:1
3900,stat_kill,Fish,-1,304,0,144,0,count:1
3900,stat_birth,Sectid,-1,304,0,144,0,count:1
3900,stat_birth,Fish,-1,304,0,176,0,count:3
3900,stat_kill,Fish,-1,304,0,176,0,count:2
3900,stat_birth,Sectid,-1,304,0,176,0,count:2
3900,stat_kill,Frog,-1,304,0,208,0,count:1
3900,stat_kill,Fish,-1,304,0,208,0,count:1
3900,stat_birth,Sectid,-1,304,0,208,0,count:1
3900,stat_kill,Fish,-1,304,0,272,0,count:2
3900,stat_birth,Sectid,-1,304,0,272,0,count:1
3900,stat_starvation,Elk,-1,304,0,304,0,count:1
3900,stat_birth,Fish,-1,304,0,304,0,count:2
3900,stat_kill,Fish,-1,304,0,304,0,count:4
3900,stat_birth,Sectid,-1,304,0,304,0,count:1
3900,stat_birth,Fish,-1,304,0,336,0,count:2
3900,stat_kill,Fish,-1,304,0,336,0,count:5
3900,stat_birth,Sectid,-1,304,0,336,0,count:1
3900,stat_kill,Fish,-1,304,0,368,0,count:1
3900,stat_starvation,Musk Ox,-1,336,0,16,0,count:1
3900,stat_kill,Musk Ox,-1,336,0,80,0,count:1
3900,stat_starvation,Deer,-1,336,0,144,0,count:1
3900,stat_kill,Fish,-1,336,0,144,0,count:2
3900,stat_age_death,Fish,-1,336,0,176,0,count:1
3900,stat_kill,Fish,-1,336,0,176,0,count:3
3900,stat_birth,Sectid,-1,336,0,176,0,count:1
3900,stat_birth,Fish,-1,336,0,208,0,count:12
3900,stat_age_death,Fish,-1,336,0,208,0,count:2
3900,stat_kill,Fish,-1,336,0,208,0,count:1
3900,stat_birth,Fish,-1,336,0,240,0,count:32
3900,stat_age_death,Fish,-1,336,0,240,0,count:1
3900,stat_kill,Fish,-1,336,0,240,0,count:2
3900,stat_birth,Sectid,-1,336,0,240,0,count:1
3900,stat_birth,Fish,-1,336,0,272,0,count:3
3900,stat_kill,Fish,-1,336,0,272,0,count:1
3900,stat_birth,Sectid,-1,336,0,272,0,count:1
3900,stat_kill,Fish,-1,336,0,304,0,count:1
3900,stat_starvation,Elk,-1,336,0,336,0,count:1
3900,stat_birth,Fish,-1,336,0,336,0,count:1
3900,stat_kill,Fish,-1,336,0,368,0,count:1
3900,stat_starvation,Musk Ox,-1,368,0,48,0,count:1
3900,stat_starvation,Musk Ox,-1,368,0,80,0,count:1
3900,stat_starvation,Deer,-1,368,0,80,0,count:1
3900,stat_birth,Sectid,-1,368,0,80,0,count:1
3900,stat_starvation,Elk,-1,368,0,112,0,count:1
3900,stat_birth,Fish,-1,368,0,112,0,count:1
3900,stat_kill,Fish,-1,368,0,112,0,count:2
3900,stat_birth,Sectid,-1,368,0,112,0,count:1
3900,stat_kill,Fish,-1,368,0,144,0,count:1
3900,stat_age_death,Fish,-1,368,0,176,0,count:1
3900,stat_kill,Fish,-1,368,0,176,0,count:1
3900,stat_kill,Faeling,-1,368,0,208,0,count:1
3900,stat_age_death,Fish,-1,368,0,208,0,count:1
3900,stat_kill,Fish,-1,368,0,272,0,count:1
3900,stat_starvation,Elk,-1,368,0,400,0,count:1
3900,stat_starvation,Hawk,-1,400,0,16,0,count:1
3900,stat_birth,Arctic Fox,-1,400,0,112,0,count:1
3900,stat_kill,Fish,-1,400,0,112,0,count:1
3900,stat_age_death,Fish,-1,400,0,144,0,count:1
3900,stat_kill,Fish,-1,400,0,144,0,count:2
3900,stat_starvation,Elk,-1,400,0,144,0,count:1
3900,stat_birth,Snake,-1,400,0,176,0,count:1
3900,stat_age_death,Fish,-1,400,0,176,0,count:1
3900,stat_kill,Fish,-1,400,0,176,0,count:1
3900,stat_birth,Sectid,-1,400,0,336,0,count:1
3900,stat_age_death,Fish,-1,432,0,144,0,count:1
3900,stat_birth,Fish,-1,432,0,176,0,count:17
3900,stat_age_death,Fish,-1,432,0,176,0,count:1
3900,stat_starvation,Elk,-1,432,0,400,0,count:1
3900,stat_birth,Fish,-1,464,0,176,0,count:1
3900,stat_age_death,Fish,-1,464,0,336,0,count:1
3900,stat_starvation,Elk,-1,464,0,464,0,count:1
3900,stat_starvation,Elk,-1,464,0,496,0,count:1
3900,stat_kill,Fish,-1,496,0,304,0,count:1
3900,stat_age_death,Fish,-1,496,0,336,0,count:1
3930,stat_starvation,Elk,-1,16,0,16,0,count:1
3930,stat_starvation,Elk,-1,16,0,48,0,count:1
3930,stat_birth,Musk Ox,-1,16,0,112,0,count:1
3930,stat_starvation,Sectid,-1,16,0,176,0,count:2
3930,stat_starvation,Elk,-1,16,0,208,0,count:1
3930,stat_birth,Fish,-1,16,0,240,0,count:1
3930,stat_kill,Fish,-1,16,0,240,0,count:1
3930,stat_birth,Fish,-1,16,0,272,0,count:1
3930,stat_kill,Fish,-1,16,0,272,0,count:1
3930,stat_starvation,Camel,-1,16,0,272,0,count:1
3930,stat_birth,Fish,-1,16,0,304,0,count:1
3930,stat_kill,Fish,-1,16,0,304,0,count:2
3930,stat_starvation,Camel,-1,16,0,336,0,count:1
3930,stat_starvation,Sectid,-1,48,0,80,0,count:1
3930,stat_starvation,Elk,-1,48,0,112,0,count:1
3930,stat_birth,Snake,-1,48,0,240,0,count:1
3930,stat_kill,Fish,-1,48,0,240,0,count:1
3930,stat_birth,Fish,-1,48,0,272,0,count:6
3930,stat_age_death,Fish,-1,48,0,272,0,count:1
3930,stat_kill,Fish,-1,48,0,272,0,count:12
3930,stat_starvation,Elk,-1,48,0,272,0,count:1
3930,stat_starvation,Camel,-1,48,0,272,0,count:1
3930,stat_birth,Fish,-1,48,0,304,0,count:1
3930,stat_kill,Fish,-1,48,0,304,0,count:1
3930,stat_birth,Sectid,-1,48,0,304,0,count:1
3930,stat_starvation,Camel,-1,48,0,336,0,count:1
3930,stat_starvation,Elk,-1,80,0,16,0,count:1
3930,stat_starvation,Sectid,-1,80,0,48,0,count:1
3930,stat_starvation,Sectid,-1,80,0,80,0,count:1
3930,stat_birth,Turtle,-1,80,0,144,0,count:1
3930,stat_starvation,Elk,-1,80,0,176,0,count:1
3930,stat_birth,Fish,-1,80,0,240,0,count:1
3930,stat_starvation,Camel,-1,80,0,272,0,count:1
3930,stat_birth,Fish,-1,80,0,304,0,count:1
3930,stat_kill,Fish,-1,80,0,304,0,count:1
3930,stat_birth,Sectid,-1,80,0,304,0,count:1
3930,stat_starvation,Camel,-1,80,0,336,0,count:1
3930,stat_starvation,Camel,-1,80,0,400,0,count:1
3930,stat_kill,Musk Ox,-1,112,0,16,0,count:1
3930,stat_starvation,Sectid,-1,112,0,48,0,count:1
3930,stat_starvation,Elk,-1,112,0,80,0,count:1
3930,stat_starvation,Sectid,-1,112,0,80,0,count:1
3930,stat_starvation,Deer,-1,112,0,176,0,count:1
3930,stat_starvation,Sectid,-1,112,0,208,0,count:1
3930,stat_starvation,Camel,-1,112,0,304,0,count:1
3930,stat_starvation,Sectid,-1,112,0,336,0,count:2
3930,stat_starvation,Sectid,-1,112,0,368,0,count:1
3930,stat_starvation,Snake,-1,112,0,368,0,count:1
3930,stat_starvation,Camel,-1,112,0,368,0,count:1
3930,stat_starvation,Camel,-1,112,0,432,0,count:1
3930,stat_starvation,Musk Ox,-1,144,0,16,0,count:1
3930,stat_starvation,Elk,-1,144,0,16,0,count:1
3930,stat_birth,Sectid,-1,144,0,48,0,count:1
3930,stat_starvation,Sectid,-1,144,0,80,0,count:1
3930,stat_starvation,Deer,-1,144,0,112,0,count:1
3930,stat_starvation,Deer,-1,144,0,144,0,count:1
3930,stat_starvation,Camel,-1,144,0,240,0,count:1
3930,stat_starvation,Camel,-1,144,0,304,0,count:1
3930,stat_kill,Elk,-1,144,0,304,0,count:1
3930,stat_starvation,Camel,-1,144,0,336,0,count:1
3930,stat_starvation,Sectid,-1,144,0,336,0,count:1
3930,stat_starvation,Camel,-1,144,0,368,0,count:1
3930,stat_starvation,Sectid,-1,144,0,368,0,count:1
3930,stat_starvation,Camel,-1,144,0,432,0,count:1
3930,stat_starvation,Sectid,-1,176,0,16,0,count:1
3930,stat_starvation,Elk,-1,176,0,48,0,count:1
3930,stat_starvation,Sectid,-1,176,0,80,0,count:1
3930,stat_starvation,Elk,-1,176,0,112,0,count:1
3930,stat_starvation,Sectid,-1,176,0,112,0,count:1
3930,stat_starvation,Deer,-1,176,0,144,0,count:1
3930,stat_starvation,Sectid,-1,176,0,144,0,count:1
3930,stat_starvation,Elk,-1,176,0,176,0,count:1
3930,stat_starvation,Sectid,-1,176,0,272,0,count:2
3930,stat_starvation,Camel,-1,176,0,272,0,count:1
3930,stat_starvation,Sectid,-1,176,0,304,0,count:1
3930,stat_starvation,Sectid,-1,176,0,400,0,count:1
3930,stat_starvation,Camel,-1,176,0,432,0,count:1
3930,stat_birth,Sectid,-1,176,0,432,0,count:1
3930,stat_starvation,Sectid,-1,176,0,432,0,count:1
3930,stat_starvation,Sectid,-1,208,0,16,0,count:1
3930,stat_starvation,Hawk,-1,208,0,16,0,count:1
3930,stat_starvation,Deer,-1,208,0,48,0,count:1
3930,stat_starvation,Elk,-1,208,0,80,0,count:1
3930,stat_starvation,Deer,-1,208,0,80,0,count:1
3930,stat_starvation,Deer,-1,208,0,144,0,count:1
3930,stat_kill,Deer,-1,208,0,208,0,count:1
3930,stat_starvation,Camel,-1,208,0,304,0,count:1
3930,stat_starvation,Camel,-1,208,0,336,0,count:1
3930,stat_starvation,Camel,-1,208,0,368,0,count:1
3930,stat_starvation,Sectid,-1,208,0,400,0,count:2
3930,stat_starvation,Camel,-1,208,0,400,0,count:1
3930,stat_starvation,Sectid,-1,208,0,496,0,count:1
3930,stat_starvation,Sectid,-1,240,0,16,0,count:1
3930,stat_starvation,Musk Ox,-1,240,0,48,0,count:1
3930,stat_starvation,Deer,-1,240,0,80,0,count:1
3930,stat_starvation,Deer,-1,240,0,112,0,count:1
3930,stat_starvation,Sectid,-1,240,0,176,0,count:1
3930,stat_birth,Fish,-1,240,0,304,0,count:9
3930,stat_kill,Fish,-1,240,0,304,0,count:6
3930,stat_starvation,Camel,-1,240,0,304,0,count:1
3930,stat_birth,Fish,-1,240,0,336,0,count:3
3930,stat_kill,Fish,-1,240,0,336,0,count:3
3930,stat_birth,Sectid,-1,240,0,336,0,count:1
3930,stat_starvation,Camel,-1,240,0,336,0,count:1
3930,stat_starvation,Camel,-1,240,0,368,0,count:1
3930,stat_starvation,Musk Ox,-1,272,0,16,0,count:1
3930,stat_kill,Turtle,-1,272,0,48,0,count:1
3930,stat_starvation,Musk Ox,-1,272,0,80,0,count:1
3930,stat_starvation,Deer,-1,272,0,112,0,count:1
3930,stat_starvation,Deer,-1,272,0,144,0,count:1
3930,stat_kill,Fish,-1,272,0,144,0,count:1
3930,stat_kill,Fish,-1,272,0,176,0,count:1
3930,stat_birth,Sectid,-1,272,0,176,0,count:1
3930,stat_age_death,Fish,-1,272,0,304,0,count:1
3930,stat_kill,Fish,-1,272,0,304,0,count:14
3930,stat_birth,Sectid,-1,272,0,304,0,count:1
3930,stat_starvation,Camel,-1,272,0,304,0,count:1
3930,stat_birth,Fish,-1,272,0,336,0,count:2
3930,stat_kill,Fish,-1,272,0,336,0,count:4
3930,stat_birth,Fish,-1,272,0,368,0,count:1
3930,stat_kill,Fish,-1,272,0,368,0,count:1
3930,stat_kill,Camel,-1,272,0,400,0,count:1
3930,stat_kill,Deer,-1,304,0,16,0,count:1
3930,stat_kill,Shroomer,-1,304,0,16,0,count:1
3930,stat_starvation,Deer,-1,304,0,48,0,count:1
3930,stat_starvation,Musk Ox,-1,304,0,48,0,count:1
3930,stat_kill,Elk,-1,304,0,112,0,count:1
3930,stat_starvation,Deer,-1,304,0,144,0,count:1
3930,stat_birth,Fish,-1,304,0,144,0,count:1
3930,stat_birth,Sectid,-1,304,0,144,0,count:1
3930,stat_birth,Fish,-1,304,0,176,0,count:2
3930,stat_kill,Fish,-1,304,0,176,0,count:3
3930,stat_birth,Sectid,-1,304,0,176,0,count:1
3930,stat_kill,Fish,-1,304,0,208,0,count:1
3930,stat_birth,Sectid,-1,304,0,208,0,count:1
3930,stat_kill,Fish,-1,304,0,272,0,count:2
3930,stat_birth,Sectid,-1,304,0,272,0,count:1
3930,stat_birth,Fish,-1,304,0,304,0,count:2
3930,stat_kill,Fish,-1,304,0,304,0,count:4
3930,stat_birth,Sectid,-1,304,0,304,0,count:1
3930,stat_birth,Fish,-1,304,0,336,0,count:3
3930,stat_kill,Fish,-1,304,0,336,0,count:5
3930,stat_birth,Sectid,-1,304,0,336,0,count:1
3930,stat_starvation,Sectid,-1,304,0,400,0,count:2
3930,stat_starvation,Musk Ox,-1,336,0,48,0,count:1
3930,stat_birth,Sectid,-1,336,0,80,0,count:1
3930,stat_kill,Fish,-1,336,0,112,0,count:1
3930,stat_birth,Sectid,-1,336,0,112,0,count:1
3930,stat_starvation,Deer,-1,336,0,144,0,count:1
3930,stat_kill,Fish,-1,336,0,144,0,count:1
3930,stat_birth,Sectid,-1,336,0,144,0,count:1
3930,stat_age_death,Fish,-1,336,0,176,0,count:2
3930,stat_kill,Fish,-1,336,0,176,0,count:3
3930,stat_starvation,Deer,-1,336,0,176,0,count:1
3930,stat_birth,Fish,-1,336,0,208,0,count:12
3930,stat_age_death,Fish,-1,336,0,208,0,count:1
3930,stat_kill,Fish,-1,336,0,208,0,count:1
3930,stat_age_death,Fish,-1,336,0,240,0,count:1
3930,stat_kill,Fish,-1,336,0,240,0,count:2
3930,stat_starvation,Deer,-1,336,0,240,0,count:1
3930,stat_birth,Fish,-1,336,0,272,0,count:3
3930,stat_kill,Fish,-1,336,0,272,0,count:1
3930,stat_birth,Sectid,-1,336,0,272,0,count:1
3930,stat_birth,Fish,-1,336,0,304,0,count:1
3930,stat_starvation,Elk,-1,336,0,336,0,count:1
3930,stat_kill,Fish,-1,336,0,336,0,count:1
3930,stat_starvation,Deer,-1,368,0,48,0,count:1
3930,stat_birth,Arctic Fox,-1,368,0,112,0,count:1
3930,stat_starvation,Elk,-1,368,0,112,0,count:1
3930,stat_birth,Fish,-1,368,0,112,0,count:1
3930,stat_kill,Fish,-1,368,0,112,0,count:1
3930,stat_starvation,Musk Ox,-1,368,0,112,0,count:1
3930,stat_kill,Fish,-1,368,0,144,0,count:1
3930,stat_birth,Fish,-1,368,0,176,0,count:7
3930,stat_age_death,Fish,-1,368,0,176,0,count:1
3930,stat_age_death,Fish,-1,368,0,208,0,count:1
3930,stat_kill,Fish,-1,368,0,240,0,count:1
3930,stat_birth,Sectid,-1,368,0,240,0,count:1
3930,stat_birth,Fish,-1,368,0,272,0,count:2
3930,stat_birth,Sectid,-1,368,0,272,0,count:1
3930,stat_starvation,Elk,-1,400,0,112,0,count:1
3930,stat_age_death,Fish,-1,400,0,144,0,count:1
3930,stat_kill,Fish,-1,400,0,144,0,count:1
3930,stat_kill,Fish,-1,400,0,176,0,count:1
3930,stat_starvation,Fish,-1,400,0,208,0,count:3
3930,stat_birth,Fish,-1,400,0,240,0,count:1
3930,stat_kill,Fish,-1,400,0,272,0,count:1
3930,stat_starvation,Sectid,-1,400,0,336,0,count:1
3930,stat_kill,Fish,-1,432,0,112,0,count:1
3930,stat_kill,Fish,-1,432,0,144,0,count:1
3930,stat_birth,Fish,-1,432,0,176,0,count:18
3930,stat_age_death,Fish,-1,432,0,176,0,count:1
3930,stat_birth,Fish,-1,432,0,208,0,count:1
3930,stat_kill,Fish,-1,464,0,272,0,count:1
3930,stat_starvation,Elk,-1,464,0,368,0,count:1
3930,stat_starvation,Elk,-1,464,0,400,0,count:1
3930,stat_starvation,Elk,-1,464,0,432,0,count:1
3930,stat_kill,Fish,-1,496,0,272,0,count:1
3930,stat_kill,Fish,-1,496,0,304,0,count:1
3930,stat_starvation,Elk,-1,496,0,400,0,count:1
3930,stat_starvation,Elk,-1,496,0,496,0,count:1
3960,stat_kill,Deer,-1,16,0,112,0,count:1
3960,stat_starvation,Sectid,-1,16,0,176,0,count:2
3960,stat_starvation,Sectid,-1,16,0,208,0,count:1
3960,stat_birth,Fish,-1,16,0,240,0,count:1
3960,stat_kill,Fish,-1,16,0,240,0,count:1
3960,stat_birth,Fish,-1,16,0,272,0,count:1
3960,stat_kill,Fish,-1,16,0,272,0,count:1
3960,stat_starvation,Camel,-1,16,0,272,0,count:1
3960,stat_birth,Sectid,-1,16,0,272,0,count:1
3960,stat_starvation,Camel,-1,16,0,304,0,count:1
3960,stat_birth,Fish,-1,16,0,304,0,count:1
3960,stat_kill,Fish,-1,16,0,304,0,count:1
3960,stat_starvation,Camel,-1,16,0,336,0,count:1
3960,stat_starvation,Sectid,-1,48,0,80,0,count:1
3960,stat_starvation,Elk,-1,48,0,80,0,count:1
3960,stat_kill,Musk Ox,-1,48,0,112,0,count:1
3960,stat_starvation,Elk,-1,48,0,112,0,count:1
3960,stat_starvation,Elk,-1,48,0,144,0,count:1
3960,stat_starvation,Elk,-1,48,0,176,0,count:1
3960,stat_starvation,Elk,-1,48,0,208,0,count:1
3960,stat_starvation,Camel,-1,48,0,240,0,count:1
3960,stat_birth,Fish,-1,48,0,240,0,count:1
3960,stat_kill,Fish,-1,48,0,240,0,count:1
3960,stat_starvation,Deer,-1,48,0,240,0,count:1
3960,stat_birth,Fish,-1,48,0,272,0,count:5
3960,stat_age_death,Fish,-1,48,0,272,0,count:1
3960,stat_kill,Fish,-1,48,0,272,0,count:11
3960,stat_birth,Sectid,-1,48,0,272,0,count:1
3960,stat_birth,Fish,-1,48,0,304,0,count:1
3960,stat_kill,Fish,-1,48,0,304,0,count:1
3960,stat_starvation,Camel,-1,48,0,336,0,count:1
3960,stat_starvation,Elk,-1,48,0,368,0,count:1
3960,stat_starvation,Camel,-1,48,0,368,0,count:1
3960,stat_starvation,Camel,-1,48,0,432,0,count:1
3960,stat_kill,Frog,-1,48,0,496,0,count:1
3960,stat_starvation,Elk,-1,80,0,112,0,count:1
3960,stat_starvation,Elk,-1,80,0,144,0,count:1
3960,stat_starvation,Deer,-1,80,0,176,0,count:1
3960,stat_starvation,Elk,-1,80,0,240,0,count:1
3960,stat_kill,Fish,-1,80,0,240,0,count:1
3960,stat_starvation,Camel,-1,80,0,240,0,count:1
3960,stat_kill,Fish,-1,80,0,272,0,count:1
3960,stat_starvation,Camel,-1,80,0,304,0,count:1
3960,stat_kill,Fish,-1,80,0,304,0,count:1
3960,stat_starvation,Elk,-1,80,0,336,0,count:1
3960,stat_starvation,Camel,-1,80,0,400,0,count:1
3960,stat_starvation,Deer,-1,112,0,144,0,count:1
3960,stat_starvation,Elk,-1,112,0,176,0,count:1
3960,stat_starvation,Sectid,-1,112,0,208,0,count:1
3960,stat_starvation,Elk,-1,112,0,208,0,count:1
3960,stat_starvation,Camel,-1,112,0,304,0,count:1
3960,stat_starvation,Camel,-1,112,0,336,0,count:1
3960,stat_starvation,Sectid,-1,112,0,336,0,count:3
3960,stat_starvation,Sectid,-1,112,0,368,0,count:1
3960,stat_starvation,Camel,-1,112,0,464,0,count:1
3960,stat_starvation,Sectid,-1,144,0,48,0,count:2
3960,stat_starvation,Sectid,-1,144,0,112,0,count:1
3960,stat_kill,Elk,-1,144,0,144,0,count:1
3960,stat_starvation,Camel,-1,144,0,240,0,count:1
3960,stat_starvation,Elk,-1,144,0,240,0,count:1
3960,stat_starvation,Camel,-1,144,0,304,0,count:1
3960,stat_starvation,Sectid,-1,144,0,336,0,count:2
3960,stat_starvation,Camel,-1,144,0,368,0,count:1
3960,stat_starvation,Sectid,-1,144,0,368,0,count:1
3960,stat_starvation,Camel,-1,144,0,400,0,count:1
3960,stat_kill,Deer,-1,176,0,16,0,count:1
3960,stat_starvation,Sectid,-1,176,0,16,0,count:2
3960,stat_kill,Musk Ox,-1,176,0,48,0,count:1
3960,stat_birth,Sectid,-1,176,0,80,0,count:1
3960,stat_starvation,Sectid,-1,176,0,80,0,count:1
3960,stat_birth,Sectid,-1,176,0,112,0,count:1
3960,stat_starvation,Sectid,-1,176,0,112,0,count:1
3960,stat_starvation,Sectid,-1,176,0,144,0,count:1
3960,stat_starvation,Elk,-1,176,0,144,0,count:1
3960,stat_kill,Deer,-1,176,0,208,0,count:1
3960,stat_kill,Elk,-1,176,0,208,0,count:1
3960,stat_starvation,Camel,-1,176,0,240,0,count:1
3960,stat_starvation,Sectid,-1,176,0,272,0,count:1
3960,stat_starvation,Camel,-1,176,0,272,0,count:1
3960,stat_starvation,Camel,-1,176,0,304,0,count:1
3960,stat_starvation,Sectid,-1,176,0,304,0,count:2
3960,stat_birth,Shroomer,-1,176,0,368,0,count:1
3960,stat_starvation,Sectid,-1,176,0,400,0,count:1
3960,stat_starvation,Sectid,-1,176,0,432,0,count:1
3960,stat_kill,Deer,-1,208,0,16,0,count:1
3960,stat_starvation,Sectid,-1,208,0,16,0,count:1
3960,stat_starvation,Hawk,-1,208,0,16,0,count:1
3960,stat_starvation,Hawk,-1,208,0,48,0,count:1
3960,stat_starvation,Sectid,-1,208,0,80,0,count:1
3960,stat_starvation,Musk Ox,-1,208,0,80,0,count:1
3960,stat_starvation,Deer,-1,208,0,112,0,count:1
3960,stat_starvation,Deer,-1,208,0,144,0,count:1
3960,stat_starvation,Camel,-1,208,0,272,0,count:1
3960,stat_birth,Sectid,-1,208,0,400,0,count:1
3960,stat_starvation,Sectid,-1,208,0,400,0,count:1
3960,stat_starvation,Camel,-1,208,0,432,0,count:1
3960,stat_starvation,Sectid,-1,240,0,16,0,count:2
3960,stat_starvation,Musk Ox,-1,240,0,48,0,count:1
3960,stat_kill,Tapir,-1,240,0,80,0,count:1
3960,stat_starvation,Deer,-1,240,0,176,0,count:1
3960,stat_starvation,Sectid,-1,240,0,176,0,count:1
3960,stat_kill,Elk,-1,240,0,176,0,count:1
3960,stat_birth,Fish,-1,240,0,304,0,count:8
3960,stat_kill,Fish,-1,240,0,304,0,count:6
3960,stat_birth,Sectid,-1,240,0,304,0,count:1
3960,stat_birth,Fish,-1,240,0,336,0,count:3
3960,stat_kill,Fish,-1,240,0,336,0,count:2
3960,stat_birth,Sectid,-1,240,0,336,0,count:1
3960,stat_kill,Deer,-1,272,0,16,0,count:1
3960,stat_starvation,Deer,-1,272,0,48,0,count:1
3960,stat_starvation,Deer,-1,272,0,80,0,count:1
3960,stat_age_death,Fish,-1,272,0,304,0,count:1
3960,stat_kill,Fish,-1,272,0,304,0,count:14
3960,stat_birth,Sectid,-1,272,0,304,0,count:2
3960,stat_birth,Fish,-1,272,0,336,0,count:2
3960,stat_kill,Fish,-1,272,0,336,0,count:4
3960,stat_birth,Sectid,-1,272,0,336,0,count:1
3960,stat_starvation,Sectid,-1,272,0,400,0,count:2
3960,stat_starvation,Musk Ox,-1,304,0,16,0,count:1
3960,stat_starvation,Deer,-1,304,0,112,0,count:1
3960,stat_birth,Fish,-1,304,0,144,0,count:1
3960,stat_kill,Fish,-1,304,0,144,0,count:1
3960,stat_birth,Sectid,-1,304,0,144,0,count:1
3960,stat_birth,Fish,-1,304,0,176,0,count:2
3960,stat_kill,Fish,-1,304,0,176,0,count:2
3960,stat_birth,Sectid,-1,304,0,176,0,count:2
3960,stat_kill,Fish,-1,304,0,208,0,count:1
3960,stat_kill,Fish,-1,304,0,272,0,count:2
3960,stat_birth,Sectid,-1,304,0,272,0,count:1
3960,stat_birth,Fish,-1,304,0,304,0,count:3
3960,stat_kill,Fish,-1,304,0,304,0,count:5
3960,stat_birth,Sectid,-1,304,0,304,0,count:1
3960,stat_birth,Fish,-1,304,0,336,0,count:2
3960,stat_kill,Fish,-1,304,0,336,0,count:6
3960,stat_birth,Sectid,-1,304,0,336,0,count:1
3960,stat_starvation,Sectid,-1,304,0,400,0,count:2
3960,stat_kill,Deer,-1,336,0,80,0,count:1
3960,stat_kill,Elk,-1,336,0,80,0,count:1
3960,stat_starvation,Deer,-1,336,0,144,0,count:1
3960,stat_kill,Fish,-1,336,0,144,0,count:2
3960,stat_birth,Sectid,-1,336,0,144,0,count:1
3960,stat_age_death,Fish,-1,336,0,176,0,count:1
3960,stat_kill,Fish,-1,336,0,176,0,count:3
3960,stat_birth,Sectid,-1,336,0,176,0,count:1
3960,stat_age_death,Fish,-1,336,0,208,0,count:2
3960,stat_kill,Fish,-1,336,0,208,0,count:1
3960,stat_age_death,Fish,-1,336,0,240,0,count:2
3960,stat_kill,Fish,-1,336,0,240,0,count:2
3960,stat_birth,Fish,-1,336,0,272,0,count:3
3960,stat_kill,Fish,-1,336,0,272,0,count:1
3960,stat_birth,Sectid,-1,336,0,272,0,count:1
3960,stat_birth,Sectid,-1,336,0,304,0,count:1
3960,stat_kill,Fish,-1,336,0,304,0,count:1
3960,stat_starvation,Elk,-1,336,0,336,0,count:1
3960,stat_starvation,Hawk,-1,368,0,16,0,count:1
3960,stat_birth,Sectid,-1,368,0,48,0,count:1
3960,stat_kill,Elk,-1,368,0,80,0,count:1
3960,stat_starvation,Elk,-1,368,0,112,0,count:1
3960,stat_starvation,Deer,-1,368,0,112,0,count:1
3960,stat_birth,Fish,-1,368,0,112,0,count:1
3960,stat_kill,Fish,-1,368,0,112,0,count:2
3960,stat_kill,Fish,-1,368,0,144,0,count:1
3960,stat_birth,Fish,-1,368,0,176,0,count:8
3960,stat_age_death,Fish,-1,368,0,176,0,count:1
3960,stat_kill,Fish,-1,368,0,176,0,count:1
3960,stat_age_death,Fish,-1,368,0,208,0,count:1
3960,stat_kill,Fish,-1,368,0,240,0,count:1
3960,stat_birth,Fish,-1,368,0,272,0,count:1
3960,stat_kill,Fish,-1,368,0,272,0,count:1
3960,stat_starvation,Elk,-1,368,0,336,0,count:1
3960,stat_starvation,Hawk,-1,400,0,16,0,count:1
3960,stat_starvation,Elk,-1,400,0,112,0,count:1
3960,stat_kill,Fish,-1,400,0,112,0,count:1
3960,stat_age_death,Fish,-1,400,0,144,0,count:1
3960,stat_kill,Fish,-1,400,0,144,0,count:2
3960,stat_starvation,Deer,-1,400,0,144,0,count:1
3960,stat_age_death,Fish,-1,400,0,176,0,count:1
3960,stat_kill,Fish,-1,400,0,176,0,count:1
3960,stat_starvation,Fish,-1,400,0,208,0,count:3
3960,stat_birth,Fish,-1,400,0,240,0,count:1
3960,stat_birth,Sectid,-1,400,0,272,0,count:1
3960,stat_starvation,Sectid,-1,400,0,368,0,count:1
3960,stat_kill,Fish,-1,432,0,144,0,count:1
3960,stat_birth,Fish,-1,432,0,176,0,count:19
3960,stat_age_death,Fish,-1,432,0,176,0,count:1
3960,stat_age_death,Fish,-1,432,0,208,0,count:1
3960,stat_birth,Fish,-1,432,0,336,0,count:1
3960,stat_starvation,Elk,-1,432,0,368,0,count:1
3960,stat_starvation,Elk,-1,432,0,432,0,count:1
3960,stat_age_death,Camel,-1,464,0,272,0,count:1
3960,stat_age_death,Fish,-1,464,0,336,0,count:1
3960,stat_starvation,Elk,-1,464,0,368,0,count:1
3960,stat_starvation,Elk,-1,464,0,400,0,count:1
3960,stat_age_death,Fish,-1,496,0,336,0,count:1
3960,stat_starvation,Elk,-1,496,0,368,0,count:1
3960,stat_birth,Fish,-1,496,0,368,0,count:1
3960,stat_starvation,Elk,-1,496,0,432,0,count:1
3990,stat_starvation,Elk,-1,16,0,16,0,count:1
3990,stat_starvation,Sectid,-1,16,0,144,0,count:1
3990,stat_starvation,Elk,-1,16,0,144,0,count:1
3990,stat_starvation,Sectid,-1,16,0,176,0,count:2
3990,stat_starvation,Sectid,-1,16,0,208,0,count:2
3990,stat_starvation,Deer,-1,16,0,208,0,count:1
3990,stat_birth,Fish,-1,16,0,240,0,count:1
3990,stat_kill,Fish,-1,16,0,240,0,count:1
3990,stat_birth,Fish,-1,16,0,272,0,count:1
3990,stat_kill,Fish,-1,16,0,272,0,count:1
3990,stat_starvation,Camel,-1,16,0,272,0,count:1
3990,stat_birth,Fish,-1,16,0,304,0,count:1
3990,stat_kill,Fish,-1,16,0,304,0,count:1
3990,stat_starvation,Elk,-1,48,0,48,0,count:1
3990,stat_birth,Musk Ox,-1,48,0,112,0,count:1
3990,stat_starvation,Deer,-1,48,0,112,0,count:1
3990,stat_starvation,Elk,-1,48,0,144,0,count:1
3990,stat_starvation,Deer,-1,48,0,208,0,count:1
3990,stat_starvation,Elk,-1,48,0,240,0,count:1
3990,stat_birth,Fish,-1,48,0,240,0,count:1
3990,stat_kill,Fish,-1,48,0,240,0,count:1
3990,stat_birth,Fish,-1,48,0,272,0,count:6
3990,stat_age_death,Fish,-1,48,0,272,0,count:1
3990,stat_kill,Fish,-1,48,0,272,0,count:12
3990,stat_starvation,Camel,-1,48,0,272,0,count:1
3990,stat_starvation,Elk,-1,48,0,304,0,count:1
3990,stat_kill,Fish,-1,48,0,304,0,count:1
3990,stat_starvation,Sectid,-1,80,0,48,0,count:1
3990,stat_starvation,Sectid,-1,80,0,80,0,count:1
3990,stat_starvation,Elk,-1,80,0,112,0,count:1
3990,stat_starvation,Elk,-1,80,0,144,0,count:1
3990,stat_starvation,Elk,-1,80,0,208,0,count:1
3990,stat_birth,Sectid,-1,80,0,240,0,count:1
3990,stat_birth,Fish,-1,80,0,240,0,count:1
3990,stat_kill,Fish,-1,80,0,240,0,count:1
3990,stat_starvation,Camel,-1,80,0,240,0,count:1
3990,stat_kill,Fish,-1,80,0,272,0,count:1
3990,stat_starvation,Camel,-1,80,0,272,0,count:1
3990,stat_starvation,Elk,-1,80,0,304,0,count:1
3990,stat_starvation,Camel,-1,80,0,304,0,count:1
3990,stat_birth,Fish,-1,80,0,304,0,count:1
3990,stat_kill,Fish,-1,80,0,304,0,count:1
3990,stat_starvation,Sectid,-1,112,0,80,0,count:1
3990,stat_starvation,Elk,-1,112,0,144,0,count:1
3990,stat_starvation,Sectid,-1,112,0,208,0,count:2
3990,stat_kill,Elk,-1,112,0,240,0,count:1
3990,stat_starvation,Camel,-1,112,0,304,0,count:1
3990,stat_starvation,Camel,-1,112,0,336,0,count:1
3990,stat_starvation,Elk,-1,112,0,336,0,count:1
3990,stat_starvation,Sectid,-1,112,0,336,0,count:2
3990,stat_starvation,Sectid,-1,112,0,368,0,count:2
3990,stat_starvation,Camel,-1,112,0,368,0,count:1
3990,stat_starvation,Camel,-1,112,0,464,0,count:1
3990,stat_starvation,Musk Ox,-1,144,0,48,0,count:1
3990,stat_starvation,Sectid,-1,144,0,80,0,count:1
3990,stat_birth,Sectid,-1,144,0,336,0,count:1
3990,stat_starvation,Sectid,-1,176,0,16,0,count:1
3990,stat_kill,Elk,-1,176,0,16,0,count:1
3990,stat_kill,Deer,-1,176,0,80,0,count:1
3990,stat_starvation,Sectid,-1,176,0,80,0,count:1
3990,stat_starvation,Deer,-1,176,0,112,0,count:1
3990,stat_starvation,Sectid,-1,176,0,112,0,count:1
3990,stat_birth,Sectid,-1,176,0,144,0,count:1
3990,stat_starvation,Sectid,-1,176,0,144,0,count:1
3990,stat_starvation,Elk,-1,176,0,176,0,count:1
3990,stat_starvation,Deer,-1,176,0,176,0,count:1
3990,stat_starvation,Sectid,-1,176,0,272,0,count:1
3990,stat_starvation,Camel,-1,176,0,272,0,count:1
3990,stat_starvation,Camel,-1,176,0,304,0,count:1
3990,stat_starvation,Sectid,-1,176,0,304,0,count:2
3990,stat_starvation,Sectid,-1,176,0,336,0,count:1
3990,stat_starvation,Camel,-1,176,0,400,0,count:1
3990,stat_starvation,Sectid,-1,176,0,400,0,count:1
3990,stat_starvation,Camel,-1,176,0,432,0,count:1
3990,stat_starvation,Sectid,-1,208,0,16,0,count:2
3990,stat_starvation,Hawk,-1,208,0,16,0,count:2
3990,stat_starvation,Hawk,-1,208,0,48,0,count:1
3990,stat_starvation,Elk,-1,208,0,80,0,count:1
3990,stat_starvation,Sectid,-1,208,0,80,0,count:1
3990,stat_starvation,Elk,-1,208,0,112,0,count:1
3990,stat_starvation,Camel,-1,208,0,272,0,count:1
3990,stat_kill,Fish,-1,208,0,272,0,count:1
3990,stat_starvation,Camel,-1,208,0,304,0,count:1
3990,stat_kill,Fish,-1,208,0,336,0,count:1
3990,stat_starvation,Camel,-1,208,0,368,0,count:1
3990,stat_starvation,Sectid,-1,208,0,400,0,count:1
3990,stat_starvation,Sectid,-1,240,0,16,0,count:2
3990,stat_starvation,Musk Ox,-1,240,0,48,0,count:1
3990,stat_starvation,Hawk,-1,240,0,48,0,count:1
3990,stat_starvation,Sectid,-1,240,0,176,0,count:1
3990,stat_birth,Fish,-1,240,0,304,0,count:9
3990,stat_kill,Fish,-1,240,0,304,0,count:6
3990,stat_birth,Sectid,-1,240,0,304,0,count:1
3990,stat_starvation,Camel,-1,240,0,304,0,count:1
3990,stat_birth,Fish,-1,240,0,336,0,count:3
3990,stat_kill,Fish,-1,240,0,336,0,count:3
3990,stat_starvation,Camel,-1,240,0,336,0,count:1
3990,stat_kill,Sectid,-1,240,0,464,0,count:1
3990,stat_starvation,Musk Ox,-1,272,0,16,0,count:1
3990,stat_starvation,Musk Ox,-1,272,0,48,0,count:1
3990,stat_starvation,Musk Ox,-1,272,0,80,0,count:1
3990,stat_age_death,Fish,-1,272,0,304,0,count:1
3990,stat_kill,Fish,-1,272,0,304,0,count:14
3990,stat_starvation,Elk,-1,272,0,304,0,count:1
3990,stat_birth,Sectid,-1,272,0,304,0,count:1
3990,stat_starvation,Camel,-1,272,0,304,0,count:1
3990,stat_birth,Fish,-1,272,0,336,0,count:2
3990,stat_kill,Fish,-1,272,0,336,0,count:5
3990,stat_birth,Sectid,-1,272,0,336,0,count:1
3990,stat_starvation,Camel,-1,272,0,336,0,count:1
3990,stat_kill,Fish,-1,272,0,368,0,count:1
3990,stat_starvation,Sectid,-1,272,0,400,0,count:1
3990,stat_starvation,Musk Ox,-1,304,0,48,0,count:1
3990,stat_kill,Deer,-1,304,0,80,0,count:1
3990,stat_starvation,Musk Ox,-1,304,0,80,0,count:1
3990,stat_starvation,Musk Ox,-1,304,0,112,0,count:1
3990,stat_birth,Fish,-1,304,0,144,0,count:1
3990,stat_kill,Fish,-1,304,0,144,0,count:1
3990,stat_birth,Sectid,-1,304,0,144,0,count:1
3990,stat_birth,Fish,-1,304,0,176,0,count:3
3990,stat_kill,Fish,-1,304,0,176,0,count:3
3990,stat_birth,Sectid,-1,304,0,176,0,count:1
3990,stat_age_death,Fish,-1,304,0,208,0,count:1
3990,stat_kill,Fish,-1,304,0,208,0,count:1
3990,stat_birth,Sectid,-1,304,0,208,0,count:1
3990,stat_birth,Snake,-1,304,0,272,0,count:1
3990,stat_kill,Fish,-1,304,0,272,0,count:3
3990,stat_birth,Sectid,-1,304,0,272,0,count:2
3990,stat_birth,Fish,-1,304,0,304,0,count:2
3990,stat_kill,Fish,-1,304,0,304,0,count:5
3990,stat_birth,Sectid,-1,304,0,304,0,count:1
3990,stat_birth,Fish,-1,304,0,336,0,count:3
3990,stat_kill,Fish,-1,304,0,336,0,count:5
3990,stat_starvation,Elk,-1,304,0,336,0,count:1
3990,stat_birth,Sectid,-1,304,0,336,0,count:1
3990,stat_kill,Fish,-1,304,0,368,0,count:1
3990,stat_starvation,Musk Ox,-1,336,0,16,0,count:1
3990,stat_kill,Deer,-1,336,0,16,0,count:1
3990,stat_kill,Deer,-1,336,0,48,0,count:1
3990,stat_kill,Fish,-1,336,0,144,0,count:1
3990,stat_birth,Sectid,-1,336,0,144,0,count:1
3990,stat_starvation,Elk,-1,336,0,176,0,count:1
3990,stat_age_death,Fish,-1,336,0,176,0,count:2
3990,stat_kill,Fish,-1,336,0,176,0,count:3
3990,stat_birth,Sectid,-1,336,0,176,0,count:1
3990,stat_age_death,Fish,-1,336,0,208,0,count:2
3990,stat_kill,Fish,-1,336,0,208,0,count:1
3990,stat_age_death,Fish,-1,336,0,240,0,count:2
3990,stat_kill,Fish,-1,336,0,240,0,count:2
3990,stat_birth,Sectid,-1,336,0,240,0,count:1
3990,stat_birth,Fish,-1,336,0,272,0,count:3
3990,stat_kill,Fish,-1,336,0,272,0,count:2
3990,stat_birth,Sectid,-1,336,0,272,0,count:1
3990,stat_kill,Fish,-1,336,0,304,0,count:1
3990,stat_kill,Fish,-1,336,0,336,0,count:1
3990,stat_starvation,Hawk,-1,368,0,16,0,count:1
3990,stat_starvation,Deer,-1,368,0,80,0,count:1
3990,stat_birth,Sectid,-1,368,0,80,0,count:1
3990,stat_birth,Fish,-1,368,0,112,0,count:1
3990,stat_kill,Fish,-1,368,0,112,0,count:2
3990,stat_birth,Hawk,-1,368,0,112,0,count:1
3990,stat_birth,Sectid,-1,368,0,112,0,count:1
3990,stat_starvation,Elk,-1,368,0,144,0,count:1
3990,stat_kill,Fish,-1,368,0,144,0,count:1
3990,stat_birth,Sectid,-1,368,0,144,0,count:1
3990,stat_birth,Fish,-1,368,0,176,0,count:7
3990,stat_age_death,Fish,-1,368,0,176,0,count:1
3990,stat_kill,Fish,-1,368,0,176,0,count:1
3990,stat_age_death,Fish,-1,368,0,208,0,count:1
3990,stat_kill,Fish,-1,368,0,240,0,count:1
3990,stat_birth,Fish,-1,368,0,272,0,count:2
3990,stat_birth,Sectid,-1,368,0,272,0,count:1
3990,stat_starvation,Sectid,-1,368,0,336,0,count:1
3990,stat_starvation,Elk,-1,368,0,400,0,count:1
3990,stat_starvation,Deer,-1,368,0,432,0,count:1
3990,stat_starvation,Hawk,-1,400,0,16,0,count:1
3990,stat_starvation,Musk Ox,-1,400,0,48,0,count:1
3990,stat_starvation,Elk,-1,400,0,48,0,count:1
3990,stat_birth,Arctic Fox,-1,400,0,112,0,count:1
3990,stat_kill,Fish,-1,400,0,112,0,count:1
3990,stat_age_death,Fish,-1,400,0,144,0,count:1
3990,stat_kill,Fish,-1,400,0,144,0,count:2
3990,stat_birth,Snake,-1,400,0,176,0,count:1
3990,stat_starvation,Elk,-1,400,0,176,0,count:1
3990,stat_age_death,Fish,-1,400,0,176,0,count:1
3990,stat_kill,Fish,-1,400,0,176,0,count:1
3990,stat_starvation,Fish,-1,400,0,208,0,count:3
3990,stat_birth,Fish,-1,400,0,240,0,count:1
3990,stat_kill,Tapir,-1,400,0,304,0,count:1
3990,stat_starvation,Sectid,-1,400,0,336,0,count:1
3990,stat_starvation,Elk,-1,400,0,400,0,count:1
3990,stat_kill,Fish,-1,432,0,112,0,count:1
3990,stat_kill,Fish,-1,432,0,144,0,count:1
3990,stat_birth,Fish,-1,432,0,176,0,count:20
3990,stat_age_death,Fish,-1,432,0,176,0,count:1
3990,stat_birth,Fish,-1,432,0,208,0,count:1
3990,stat_starvation,Fish,-1,432,0,304,0,count:1
3990,stat_starvation,Elk,-1,432,0,368,0,count:1
3990,stat_starvation,Elk,-1,432,0,400,0,count:1
3990,stat_starvation,Elk,-1,432,0,432,0,count:1
3990,stat_starvation,Elk,-1,432,0,464,0,count:1
3990,stat_age_death,Fish,-1,464,0,304,0,count:1
3990,stat_starvation,Elk,-1,464,0,400,0,count:2
3990,stat_starvation,Elk,-1,464,0,432,0,count:1
3990,stat_starvation,Elk,-1,464,0,464,0,count:1
3990,stat_kill,Fish,-1,496,0,304,0,count:1
3990,stat_starvation,Elk,-1,496,0,400,0,count:1
3991,starvation,Rabbit,866,250,9,263,2,
3991,hunt_fail,Hawk,928,258,7,249,1,target_died
3991,hunt_start,Hawk,928,258,7,249,1,target:Rabbit:334
4020,stat_starvation,Elk,-1,16,0,144,0,count:1
4020,stat_starvation,Sectid,-1,16,0,176,0,count:2
4020,stat_starvation,Sectid,-1,16,0,208,0,count:2
4020,stat_starvation,Deer,-1,16,0,208,0,count:2
4020,stat_birth,Fish,-1,16,0,240,0,count:1
4020,stat_kill,Fish,-1,16,0,240,0,count:1
4020,stat_birth,Sectid,-1,16,0,240,0,count:1
4020,stat_starvation,Elk,-1,16,0,272,0,count:1
4020,stat_birth,Fish,-1,16,0,272,0,count:1
4020,stat_kill,Fish,-1,16,0,272,0,count:1
4020,stat_starvation,Camel,-1,16,0,272,0,count:1
4020,stat_starvation,Camel,-1,16,0,304,0,count:2
4020,stat_birth,Fish,-1,16,0,304,0,count:1
4020,stat_kill,Fish,-1,16,0,304,0,count:1
4020,stat_birth,Sectid,-1,16,0,304,0,count:1
4020,stat_starvation,Camel,-1,16,0,336,0,count:1
4020,stat_starvation,Camel,-1,16,0,368,0,count:1
4020,stat_starvation,Sectid,-1,48,0,80,0,count:1
4020,stat_starvation,Elk,-1,48,0,80,0,count:1
4020,stat_starvation,Elk,-1,48,0,112,0,count:2
4020,stat_starvation,Elk,-1,48,0,144,0,count:1
4020,stat_starvation,Elk,-1,48,0,176,0,count:1
4020,stat_starvation,Deer,-1,48,0,208,0,count:1
4020,stat_starvation,Camel,-1,48,0,240,0,count:1
4020,stat_kill,Fish,-1,48,0,240,0,count:2
4020,stat_starvation,Deer,-1,48,0,240,0,count:1
4020,stat_birth,Fish,-1,48,0,272,0,count:5
4020,stat_age_death,Fish,-1,48,0,272,0,count:1
4020,stat_kill,Fish,-1,48,0,272,0,count:12
4020,stat_starvation,Elk,-1,48,0,272,0,count:1
4020,stat_starvation,Camel,-1,48,0,272,0,count:1
4020,stat_starvation,Elk,-1,48,0,304,0,count:1
4020,stat_starvation,Camel,-1,48,0,304,0,count:1
4020,stat_kill,Fish,-1,48,0,304,0,count:1
4020,stat_starvation,Camel,-1,48,0,368,0,count:1
4020,stat_starvation,Camel,-1,48,0,400,0,count:1
4020,stat_starvation,Elk,-1,80,0,112,0,count:1
4020,stat_kill,Turtle,-1,80,0,144,0,count:1
4020,stat_starvation,Deer,-1,80,0,208,0,count:1
4020,stat_birth,Fish,-1,80,0,240,0,count:1
4020,stat_kill,Fish,-1,80,0,240,0,count:1
4020,stat_starvation,Camel,-1,80,0,240,0,count:1
4020,stat_starvation,Camel,-1,80,0,272,0,count:1
4020,stat_birth,Fish,-1,80,0,304,0,count:1
4020,stat_kill,Fish,-1,80,0,304,0,count:1
4020,stat_kill,Sectid,-1,80,0,368,0,count:1
4020,stat_kill,Camel,-1,80,0,432,0,count:1
4020,stat_starvation,Deer,-1,112,0,48,0,count:1
4020,stat_starvation,Sectid,-1,112,0,48,0,count:1
4020,stat_starvation,Elk,-1,112,0,112,0,count:1
4020,stat_starvation,Deer,-1,112,0,144,0,count:1
4020,stat_age_death,Sectid,-1,112,0,144,0,count:1
4020,stat_starvation,Sectid,-1,112,0,208,0,count:1
4020,stat_starvation,Elk,-1,112,0,208,0,count:1
4020,stat_kill,Camel,-1,112,0,272,0,count:1
4020,stat_starvation,Camel,-1,112,0,336,0,count:1
4020,stat_starvation,Sectid,-1,112,0,336,0,count:1
4020,stat_starvation,Sectid,-1,112,0,368,0,count:1
4020,stat_starvation,Camel,-1,112,0,368,0,count:1
4020,stat_starvation,Sectid,-1,144,0,48,0,count:1
4020,stat_starvation,Sectid,-1,144,0,80,0,count:1
4020,stat_starvation,Elk,-1,144,0,112,0,count:1
4020,stat_starvation,Camel,-1,144,0,240,0,count:1
4020,stat_starvation,Camel,-1,144,0,304,0,count:1
4020,stat_starvation,Sectid,-1,144,0,336,0,count:1
4020,stat_birth,Elk,-1,144,0,336,0,count:1
4020,stat_starvation,Camel,-1,144,0,368,0,count:1
4020,stat_starvation,Sectid,-1,144,0,368,0,count:1
4020,stat_starvation,Camel,-1,144,0,400,0,count:1
4020,stat_kill,Sectid,-1,144,0,400,0,count:1
4020,stat_starvation,Camel,-1,144,0,432,0,count:1
4020,stat_kill,Deer,-1,176,0,48,0,count:1
4020,stat_starvation,Arctic Fox,-1,176,0,80,0,count:1
4020,stat_starvation,Sectid,-1,176,0,80,0,count:1
4020,stat_starvation,Sectid,-1,176,0,112,0,count:1
4020,stat_starvation,Deer,-1,176,0,144,0,count:1
4020,stat_starvation,Sectid,-1,176,0,144,0,count:1
4020,stat_starvation,Elk,-1,176,0,144,0,count:1
4020,stat_starvation,Elk,-1,176,0,176,0,count:1
4020,stat_starvation,Camel,-1,176,0,240,0,count:1
4020,stat_starvation,Sectid,-1,176,0,272,0,count:1
4020,stat_starvation,Camel,-1,176,0,304,0,count:1
4020,stat_starvation,Sectid,-1,176,0,304,0,count:1
4020,stat_starvation,Camel,-1,176,0,336,0,count:1
4020,stat_starvation,Camel,-1,176,0,400,0,count:1
4020,stat_starvation,Sectid,-1,176,0,400,0,count:1
4020,stat_starvation,Sectid,-1,176,0,432,0,count:1
4020,stat_starvation,Camel,-1,176,0,464,0,count:1
4020,stat_starvation,Sectid,-1,208,0,16,0,count:2
4020,stat_starvation,Hawk,-1,208,0,16,0,count:1
4020,stat_starvation,Deer,-1,208,0,48,0,count:1
4020,stat_starvation,Hawk,-1,208,0,48,0,count:2
4020,stat_starvation,Sectid,-1,208,0,80,0,count:1
4020,stat_starvation,Hawk,-1,208,0,80,0,count:1
4020,stat_starvation,Elk,-1,208,0,112,0,count:1
4020,stat_starvation,Deer,-1,208,0,144,0,count:1
4020,stat_starvation,Deer,-1,208,0,176,0,count:1
4020,stat_kill,Camel,-1,208,0,240,0,count:1
4020,stat_kill,Fish,-1,208,0,304,0,count:1
4020,stat_starvation,Sectid,-1,208,0,400,0,count:2
4020,stat_starvation,Camel,-1,208,0,400,0,count:1
4020,stat_starvation,Sectid,-1,240,0,16,0,count:2
4020,stat_starvation,Hawk,-1,240,0,48,0,count:2
4020,stat_starvation,Musk Ox,-1,240,0,80,0,count:1
4020,stat_starvation,Sectid,-1,240,0,176,0,count:1
4020,stat_birth,Fish,-1,240,0,304,0,count:9
4020,stat_kill,Fish,-1,240,0,304,0,count:7
4020,stat_birth,Sectid,-1,240,0,304,0,count:1
4020,stat_birth,Fish,-1,240,0,336,0,count:4
4020,stat_kill,Fish,-1,240,0,336,0,count:3
4020,stat_birth,Sectid,-1,240,0,336,0,count:1
4020,stat_starvation,Deer,-1,272,0,48,0,count:1
4020,stat_kill,Elk,-1,272,0,112,0,count:1
4020,stat_kill,Musk Ox,-1,272,0,112,0,count:1
4020,stat_kill,Fish,-1,272,0,176,0,count:1
4020,stat_age_death,Fish,-1,272,0,304,0,count:1
4020,stat_kill,Fish,-1,272,0,304,0,count:13
4020,stat_birth,Sectid,-1,272,0,304,0,count:1
4020,stat_birth,Fish,-1,272,0,336,0,count:2
4020,stat_kill,Fish,-1,272,0,336,0,count:4
4020,stat_birth,Sectid,-1,272,0,336,0,count:1
4020,stat_birth,Sectid,-1,272,0,368,0,count:1
4020,stat_birth,Fish,-1,272,0,368,0,count:1
4020,stat_starvation,Deer,-1,304,0,48,0,count:1
4020,stat_starvation,Musk Ox,-1,304,0,48,0,count:1
4020,stat_birth,Fish,-1,304,0,144,0,count:1
4020,stat_kill,Fish,-1,304,0,144,0,count:1
4020,stat_birth,Sectid,-1,304,0,144,0,count:1
4020,stat_birth,Fish,-1,304,0,176,0,count:2
4020,stat_kill,Fish,-1,304,0,176,0,count:2
4020,stat_birth,Sectid,-1,304,0,176,0,count:2
4020,stat_kill,Fish,-1,304,0,208,0,count:1
4020,stat_birth,Sectid,-1,304,0,208,0,count:1
4020,stat_birth,Shroomer,-1,304,0,272,0,count:1
4020,stat_kill,Fish,-1,304,0,272,0,count:2
4020,stat_birth,Sectid,-1,304,0,272,0,count:1
4020,stat_birth,Fish,-1,304,0,304,0,count:2
4020,stat_kill,Fish,-1,304,0,304,0,count:5
4020,stat_birth,Sectid,-1,304,0,304,0,count:1
4020,stat_birth,Fish,-1,304,0,336,0,count:2
4020,stat_kill,Fish,-1,304,0,336,0,count:5
4020,stat_starvation,Elk,-1,304,0,336,0,count:1
4020,stat_starvation,Sectid,-1,304,0,400,0,count:1
4020,stat_starvation,Elk,-1,336,0,112,0,count:1
4020,stat_birth,Sectid,-1,336,0,112,0,count:1
4020,stat_starvation,Deer,-1,336,0,144,0,count:1
4020,stat_kill,Fish,-1,336,0,144,0,count:2
4020,stat_birth,Sectid,-1,336,0,144,0,count:1
4020,stat_age_death,Fish,-1,336,0,176,0,count:1
4020,stat_kill,Fish,-1,336,0,176,0,count:4
4020,stat_age_death,Fish,-1,336,0,208,0,count:1
4020,stat_kill,Fish,-1,336,0,208,0,count:2
4020,stat_birth,Sectid,-1,336,0,208,0,count:1
4020,stat_age_death,Fish,-1,336,0,240,0,count:1
4020,stat_kill,Fish,-1,336,0,240,0,count:3
4020,stat_birth,Fish,-1,336,0,272,0,count:4
4020,stat_kill,Fish,-1,336,0,272,0,count:1
4020,stat_birth,Sectid,-1,336,0,272,0,count:1
4020,stat_kill,Fish,-1,336,0,304,0,count:1
4020,stat_starvation,Elk,-1,336,0,336,0,count:1
4020,stat_kill,Fish,-1,336,0,336,0,count:1
4020,stat_starvation,Hawk,-1,368,0,16,0,count:1
4020,stat_birth,Arctic Fox,-1,368,0,112,0,count:1
4020,stat_starvation,Elk,-1,368,0,112,0,count:1
4020,stat_birth,Fish,-1,368,0,112,0,count:1
4020,stat_kill,Fish,-1,368,0,112,0,count:1
4020,stat_kill,Fish,-1,368,0,144,0,count:1
4020,stat_age_death,Fish,-1,368,0,176,0,count:1
4020,stat_kill,Fish,-1,368,0,176,0,count:1
4020,stat_starvation,Deer,-1,368,0,176,0,count:1
4020,stat_age_death,Fish,-1,368,0,208,0,count:1
4020,stat_kill,Fish,-1,368,0,240,0,count:1
4020,stat_birth,Sectid,-1,368,0,240,0,count:1
4020,stat_birth,Fish,-1,368,0,272,0,count:1
4020,stat_kill,Fish,-1,368,0,272,0,count:1
4020,stat_birth,Sectid,-1,368,0,272,0,count:1
4020,stat_starvation,Sectid,-1,368,0,336,0,count:2
4020,stat_starvation,Elk,-1,368,0,336,0,count:1
4020,stat_kill,Fish,-1,400,0,112,0,count:1
4020,stat_age_death,Fish,-1,400,0,144,0,count:1
4020,stat_kill,Fish,-1,400,0,144,0,count:2
4020,stat_starvation,Elk,-1,400,0,144,0,count:1
4020,stat_age_death,Fish,-1,400,0,176,0,count:1
4020,stat_kill,Fish,-1,400,0,176,0,count:1
4020,stat_starvation,Fish,-1,400,0,208,0,count:3
4020,stat_birth,Fish,-1,400,0,240,0,count:2
4020,stat_kill,Fish,-1,400,0,240,0,count:1
4020,stat_birth,Fish,-1,400,0,272,0,count:1
4020,stat_birth,Sectid,-1,400,0,336,0,count:1
4020,stat_kill,Fish,-1,432,0,112,0,count:1
4020,stat_birth,Fish,-1,432,0,144,0,count:3
4020,stat_kill,Fish,-1,432,0,144,0,count:1
4020,stat_birth,Fish,-1,432,0,176,0,count:21
4020,stat_age_death,Fish,-1,432,0,176,0,count:1
4020,stat_kill,Fish,-1,432,0,176,0,count:1
4020,stat_starvation,Musk Ox,-1,432,0,240,0,count:1
4020,stat_starvation,Elk,-1,432,0,368,0,count:2
4020,stat_starvation,Elk,-1,432,0,400,0,count:1
4020,stat_birth,Fish,-1,464,0,112,0,count:1
4020,stat_birth,Fish,-1,464,0,176,0,count:1
4020,stat_age_death,Fish,-1,464,0,336,0,count:1
4020,stat_starvation,Elk,-1,464,0,368,0,count:1
4020,stat_starvation,Elk,-1,464,0,400,0,count:1
4020,stat_birth,Fish,-1,496,0,304,0,count:2
4020,stat_kill,Fish,-1,496,0,304,0,count:1
4020,stat_birth,Scorpion,-1,496,0,304,0,count:1
4020,stat_starvation,Elk,-1,496,0,368,0,count:1
4050,stat_starvation,Elk,-1,16,0,48,0,count:1
4050,stat_kill,Deer,-1,16,0,144,0,count:1
4050,stat_birth,Sectid,-1,16,0,176,0,count:1
4050,stat_starvation,Sectid,-1,16,0,176,0,count:1
4050,stat_starvation,Sectid,-1,16,0,208,0,count:2
4050,stat_starvation,Deer,-1,16,0,208,0,count:1
4050,stat_kill,Fish,-1,16,0,240,0,count:2
4050,stat_birth,Fish,-1,16,0,272,0,count:1
4050,stat_kill,Fish,-1,16,0,272,0,count:1
4050,stat_starvation,Camel,-1,16,0,304,0,count:1
4050,stat_birth,Fish,-1,16,0,304,0,count:1
4050,stat_kill,Fish,-1,16,0,304,0,count:2
4050,stat_starvation,Sectid,-1,48,0,80,0,count:1
4050,stat_starvation,Deer,-1,48,0,176,0,count:1
4050,stat_starvation,Sectid,-1,48,0,176,0,count:1
4050,stat_starvation,Deer,-1,48,0,208,0,count:2
4050,stat_starvation,Camel,-1,48,0,240,0,count:1
4050,stat_birth,Fish,-1,48,0,240,0,count:1
4050,stat_kill,Fish,-1,48,0,240,0,count:1
4050,stat_birth,Fish,-1,48,0,272,0,count:5
4050,stat_age_death,Fish,-1,48,0,272,0,count:1
4050,stat_kill,Fish,-1,48,0,272,0,count:12
4050,stat_starvation,Camel,-1,48,0,272,0,count:1
4050,stat_age_death,Sectid,-1,48,0,272,0,count:1
4050,stat_kill,Fish,-1,48,0,304,0,count:2
4050,stat_starvation,Camel,-1,48,0,336,0,count:1
4050,stat_starvation,Sectid,-1,48,0,400,0,count:1
4050,stat_starvation,Elk,-1,80,0,80,0,count:1
4050,stat_starvation,Elk,-1,80,0,112,0,count:1
4050,stat_kill,Turtle,-1,80,0,176,0,count:1
4050,stat_starvation,Elk,-1,80,0,208,0,count:1
4050,stat_kill,Fish,-1,80,0,240,0,count:1
4050,stat_starvation,Camel,-1,80,0,240,0,count:1
4050,stat_kill,Fish,-1,80,0,272,0,count:1
4050,stat_starvation,Elk,-1,80,0,272,0,count:1
4050,stat_starvation,Camel,-1,80,0,304,0,count:1
4050,stat_kill,Fish,-1,80,0,304,0,count:1
4050,stat_starvation,Camel,-1,80,0,336,0,count:1
4050,stat_starvation,Camel,-1,80,0,368,0,count:1
4050,stat_starvation,Camel,-1,80,0,400,0,count:1
4050,stat_starvation,Elk,-1,112,0,48,0,count:1
4050,stat_starvation,Musk Ox,-1,112,0,48,0,count:1
4050,stat_starvation,Elk,-1,112,0,80,0,count:1
4050,stat_starvation,Sectid,-1,112,0,80,0,count:1
4050,stat_starvation,Elk,-1,112,0,112,0,count:1
4050,stat_starvation,Deer,-1,112,0,208,0,count:1
4050,stat_starvation,Sectid,-1,112,0,208,0,count:2
4050,stat_starvation,Camel,-1,112,0,304,0,count:1
4050,stat_starvation,Elk,-1,112,0,304,0,count:1
4050,stat_starvation,Elk,-1,112,0,336,0,count:1
4050,stat_starvation,Sectid,-1,112,0,336,0,count:2
4050,stat_starvation,Sectid,-1,112,0,368,0,count:1
4050,stat_starvation,Camel,-1,112,0,432,0,count:1
4050,stat_starvation,Camel,-1,112,0,464,0,count:1
4050,stat_starvation,Musk Ox,-1,144,0,16,0,count:1
4050,stat_starvation,Sectid,-1,144,0,48,0,count:1
4050,stat_starvation,Elk,-1,144,0,48,0,count:1
4050,stat_starvation,Camel,-1,144,0,240,0,count:1
4050,stat_starvation,Elk,-1,144,0,240,0,count:1
4050,stat_starvation,Sectid,-1,144,0,336,0,count:1
4050,stat_starvation,Sectid,-1,144,0,368,0,count:1
4050,stat_starvation,Sectid,-1,176,0,16,0,count:2
4050,stat_kill,Musk Ox,-1,176,0,16,0,count:1
4050,stat_starvation,Sectid,-1,176,0,80,0,count:1
4050,stat_kill,Elk,-1,176,0,80,0,count:1
4050,stat_starvation,Sectid,-1,176,0,144,0,count:1
4050,stat_starvation,Elk,-1,176,0,208,0,count:1
4050,stat_starvation,Camel,-1,176,0,240,0,count:1
4050,stat_starvation,Sectid,-1,176,0,272,0,count:1
4050,stat_starvation,Camel,-1,176,0,272,0,count:1
4050,stat_starvation,Camel,-1,176,0,304,0,count:1
4050,stat_starvation,Sectid,-1,176,0,304,0,count:1
4050,stat_starvation,Sectid,-1,176,0,336,0,count:1
4050,stat_starvation,Camel,-1,176,0,368,0,count:1
4050,stat_kill,Shroomer,-1,176,0,368,0,count:1
4050,stat_starvation,Sectid,-1,176,0,400,0,count:1
4050,stat_starvation,Camel,-1,176,0,432,0,count:1
4050,stat_starvation,Sectid,-1,176,0,432,0,count:1
4050,stat_starvation,Camel,-1,176,0,464,0,count:1
4050,stat_starvation,Sectid,-1,208,0,16,0,count:2
4050,stat_starvation,Hawk,-1,208,0,16,0,count:1
4050,stat_starvation,Hawk,-1,208,0,48,0,count:1
4050,stat_starvation,Sectid,-1,208,0,80,0,count:2
4050,stat_starvation,Hawk,-1,208,0,80,0,count:1
4050,stat_kill,Elk,-1,208,0,144,0,count:1
4050,stat_starvation,Deer,-1,208,0,176,0,count:1
4050,stat_starvation,Camel,-1,208,0,272,0,count:1
4050,stat_starvation,Camel,-1,208,0,336,0,count:1
4050,stat_starvation,Camel,-1,208,0,368,0,count:1
4050,stat_starvation,Sectid,-1,208,0,400,0,count:2
4050,stat_starvation,Camel,-1,208,0,400,0,count:1
4050,stat_starvation,Camel,-1,208,0,432,0,count:1
4050,stat_kill,Camel,-1,208,0,464,0,count:1
4050,stat_starvation,Sectid,-1,208,0,496,0,count:1
4050,stat_starvation,Sectid,-1,240,0,16,0,count:1
4050,stat_kill,Deer,-1,240,0,48,0,count:1
4050,stat_starvation,Musk Ox,-1,240,0,48,0,count:1
4050,stat_starvation,Hawk,-1,240,0,48,0,count:1
4050,stat_kill,Elk,-1,240,0,112,0,count:1
4050,stat_starvation,Sectid,-1,240,0,176,0,count:2
4050,stat_birth,Fish,-1,240,0,304,0,count:9
4050,stat_kill,Fish,-1,240,0,304,0,count:7
4050,stat_birth,Fish,-1,240,0,336,0,count:3
4050,stat_kill,Fish,-1,240,0,336,0,count:4
4050,stat_birth,Sectid,-1,240,0,336,0,count:1
4050,stat_starvation,Camel,-1,240,0,368,0,count:1
4050,stat_kill,Fish,-1,240,0,368,0,count:1
4050,stat_starvation,Sectid,-1,272,0,48,0,count:1
4050,stat_birth,Sectid,-1,272,0,176,0,count:1
4050,stat_age_death,Fish,-1,272,0,304,0,count:1
4050,stat_kill,Fish,-1,272,0,304,0,count:14
4050,stat_birth,Sectid,-1,272,0,304,0,count:2
4050,stat_starvation,Camel,-1,272,0,304,0,count:1
4050,stat_birth,Fish,-1,272,0,336,0,count:1
4050,stat_kill,Fish,-1,272,0,336,0,count:4
4050,stat_birth,Sectid,-1,272,0,336,0,count:1
4050,stat_starvation,Camel,-1,272,0,336,0,count:1
4050,stat_kill,Fish,-1,272,0,368,0,count:1
4050,stat_starvation,Sectid,-1,272,0,400,0,count:1
4050,stat_starvation,Musk Ox,-1,304,0,80,0,count:1
4050,stat_starvation,Musk Ox,-1,304,0,112,0,count:1
4050,stat_birth,Fish,-1,304,0,144,0,count:1
4050,stat_kill,Fish,-1,304,0,144,0,count:1
4050,stat_birth,Sectid,-1,304,0,144,0,count:1
4050,stat_birth,Fish,-1,304,0,176,0,count:3
4050,stat_kill,Fish,-1,304,0,176,0,count:3
4050,stat_birth,Sectid,-1,304,0,176,0,count:2
4050,stat_kill,Fish,-1,304,0,208,0,count:1
4050,stat_birth,Sectid,-1,304,0,208,0,count:1
4050,stat_starvation,Rabbit,-1,304,0,272,0,count:1
4050,stat_kill,Fish,-1,304,0,272,0,count:3
4050,stat_birth,Sectid,-1,304,0,272,0,count:2
4050,stat_birth,Fish,-1,304,0,304,0,count:3
4050,stat_kill,Fish,-1,304,0,304,0,count:4
4050,stat_birth,Sectid,-1,304,0,304,0,count:1
4050,stat_birth,Fish,-1,304,0,336,0,count:3
4050,stat_kill,Fish,-1,304,0,336,0,count:6
4050,stat_starvation,Elk,-1,304,0,336,0,count:1
4050,stat_birth,Sectid,-1,304,0,336,0,count:1
4050,stat_starvation,Sectid,-1,304,0,400,0,count:1
4050,stat_starvation,Deer,-1,336,0,80,0,count:1
4050,stat_starvation,Elk,-1,336,0,112,0,count:1
4050,stat_kill,Musk Ox,-1,336,0,112,0,count:1
4050,stat_kill,Fish,-1,336,0,112,0,count:1
4050,stat_kill,Fish,-1,336,0,144,0,count:2
4050,stat_birth,Sectid,-1,336,0,144,0,count:2
4050,stat_age_death,Fish,-1,336,0,176,0,count:2
4050,stat_kill,Fish,-1,336,0,176,0,count:4
4050,stat_birth,Sectid,-1,336,0,176,0,count:1
4050,stat_age_death,Fish,-1,336,0,208,0,count:2
4050,stat_kill,Fish,-1,336,0,208,0,count:2
4050,stat_age_death,Fish,-1,336,0,240,0,count:2
4050,stat_kill,Fish,-1,336,0,240,0,count:3
4050,stat_birth,Sectid,-1,336,0,240,0,count:1
4050,stat_starvation,Elk,-1,336,0,272,0,count:1
4050,stat_birth,Fish,-1,336,0,272,0,count:3
4050,stat_kill,Fish,-1,336,0,272,0,count:2
4050,stat_birth,Sectid,-1,336,0,272,0,count:2
4050,stat_birth,Fish,-1,336,0,304,0,count:1
4050,stat_kill,Fish,-1,336,0,304,0,count:1
4050,stat_birth,Fish,-1,336,0,336,0,count:1
4050,stat_kill,Fish,-1,336,0,368,0,count:1
4050,stat_starvation,Hawk,-1,368,0,16,0,count:1
4050,stat_starvation,Musk Ox,-1,368,0,48,0,count:1
4050,stat_starvation,Deer,-1,368,0,48,0,count:1
4050,stat_starvation,Deer,-1,368,0,112,0,count:1
4050,stat_birth,Fish,-1,368,0,112,0,count:1
4050,stat_kill,Fish,-1,368,0,112,0,count:2
4050,stat_kill,Fish,-1,368,0,144,0,count:2
4050,stat_age_death,Fish,-1,368,0,176,0,count:1
4050,stat_kill,Fish,-1,368,0,176,0,count:1
4050,stat_age_death,Fish,-1,368,0,208,0,count:1
4050,stat_age_death,Fish,-1,368,0,240,0,count:1
4050,stat_kill,Fish,-1,368,0,240,0,count:1
4050,stat_birth,Fish,-1,368,0,272,0,count:2
4050,stat_starvation,Sectid,-1,368,0,336,0,count:2
4050,stat_starvation,Elk,-1,368,0,400,0,count:1
4050,stat_birth,Sectid,-1,368,0,400,0,count:1
4050,stat_starvation,Hawk,-1,400,0,16,0,count:1
4050,stat_kill,Fish,-1,400,0,80,0,count:1
4050,stat_birth,Arctic Fox,-1,400,0,112,0,count:1
4050,stat_starvation,Elk,-1,400,0,112,0,count:1
4050,stat_kill,Fish,-1,400,0,112,0,count:1
4050,stat_age_death,Fish,-1,400,0,144,0,count:1
4050,stat_kill,Fish,-1,400,0,144,0,count:2
4050,stat_birth,Snake,-1,400,0,176,0,count:1
4050,stat_birth,Jaguar,-1,400,0,176,0,count:1
4050,stat_kill,Fish,-1,400,0,176,0,count:1
4050,stat_starvation,Fish,-1,400,0,208,0,count:2
4050,stat_birth,Fish,-1,400,0,240,0,count:2
4050,stat_birth,Sectid,-1,400,0,240,0,count:1
4050,stat_starvation,Sectid,-1,400,0,336,0,count:1
4050,stat_starvation,Elk,-1,400,0,400,0,count:1
4050,stat_birth,Fish,-1,432,0,144,0,count:4
4050,stat_kill,Fish,-1,432,0,144,0,count:1
4050,stat_birth,Fish,-1,432,0,176,0,count:22
4050,stat_age_death,Fish,-1,432,0,176,0,count:1
4050,stat_birth,Fish,-1,432,0,208,0,count:1
4050,stat_birth,Fish,-1,432,0,272,0,count:1
4050,stat_starvation,Elk,-1,432,0,368,0,count:1
4050,stat_starvation,Elk,-1,432,0,400,0,count:1
4050,stat_starvation,Elk,-1,432,0,432,0,count:1
4050,stat_kill,Fish,-1,464,0,272,0,count:1
4050,stat_starvation,Elk,-1,464,0,368,0,count:1
4050,stat_starvation,Elk,-1,464,0,432,0,count:1
4050,stat_birth,Fish,-1,496,0,304,0,count:2
4050,stat_kill,Fish,-1,496,0,304,0,count:1
4050,stat_age_death,Fish,-1,496,0,336,0,count:1
4072,hunt_fail,Snake,948,285,8,225,3,target_died
4080,stat_starvation,Elk,-1,16,0,144,0,count:1
4080,stat_starvation,Sectid,-1,16,0,176,0,count:1
4080,stat_starvation,Elk,-1,16,0,176,0,count:1
4080,stat_starvation,Sectid,-1,16,0,208,0,count:1
4080,stat_birth,Fish,-1,16,0,240,0,count:1
4080,stat_kill,Fish,-1,16,0,240,0,count:1
4080,stat_birth,Fish,-1,16,0,272,0,count:1
4080,stat_kill,Fish,-1,16,0,272,0,count:2
4080,stat_starvation,Camel,-1,16,0,272,0,count:1
4080,stat_starvation,Camel,-1,16,0,304,0,count:1
4080,stat_birth,Fish,-1,16,0,304,0,count:1
4080,stat_kill,Fish,-1,16,0,304,0,count:1
4080,stat_starvation,Elk,-1,48,0,80,0,count:1
4080,stat_starvation,Deer,-1,48,0,80,0,count:1
4080,stat_starvation,Elk,-1,48,0,112,0,count:1
4080,stat_starvation,Sectid,-1,48,0,176,0,count:2
4080,stat_starvation,Elk,-1,48,0,176,0,count:1
4080,stat_starvation,Deer,-1,48,0,208,0,count:1
4080,stat_birth,Fish,-1,48,0,240,0,count:1
4080,stat_kill,Fish,-1,48,0,240,0,count:1
4080,stat_starvation,Deer,-1,48,0,240,0,count:1
4080,stat_birth,Fish,-1,48,0,272,0,count:4
4080,stat_age_death,Fish,-1,48,0,272,0,count:1
4080,stat_kill,Fish,-1,48,0,272,0,count:12
4080,stat_age_death,Arctic Fox,-1,48,0,304,0,count:1
4080,stat_kill,Fish,-1,48,0,304,0,count:1
4080,stat_starvation,Camel,-1,48,0,336,0,count:1
4080,stat_starvation,Camel,-1,48,0,368,0,count:1
4080,stat_starvation,Sectid,-1,48,0,400,0,count:1
4080,stat_starvation,Camel,-1,48,0,432,0,count:1
4080,stat_kill,Deer,-1,80,0,80,0,count:1
4080,stat_starvation,Elk,-1,80,0,144,0,count:1
4080,stat_birth,Fish,-1,80,0,240,0,count:1
4080,stat_kill,Fish,-1,80,0,240,0,count:1
4080,stat_starvation,Camel,-1,80,0,240,0,count:1
4080,stat_kill,Fish,-1,80,0,272,0,count:1
4080,stat_starvation,Elk,-1,80,0,272,0,count:1
4080,stat_starvation,Camel,-1,80,0,304,0,count:1
4080,stat_birth,Fish,-1,80,0,304,0,count:1
4080,stat_kill,Fish,-1,80,0,304,0,count:1
4080,stat_birth,Sectid,-1,80,0,304,0,count:1
4080,stat_starvation,Camel,-1,80,0,336,0,count:2
4080,stat_kill,Sectid,-1,80,0,432,0,count:1
4080,stat_starvation,Sectid,-1,112,0,48,0,count:1
4080,stat_starvation,Deer,-1,112,0,80,0,count:1
4080,stat_starvation,Elk,-1,112,0,112,0,count:1
4080,stat_age_death,Sectid,-1,112,0,112,0,count:1
4080,stat_birth,Sectid,-1,112,0,208,0,count:1
4080,stat_starvation,Sectid,-1,112,0,208,0,count:2
4080,stat_starvation,Elk,-1,112,0,240,0,count:1
4080,stat_kill,Camel,-1,112,0,240,0,count:1
4080,stat_starvation,Camel,-1,112,0,304,0,count:1
4080,stat_starvation,Camel,-1,112,0,336,0,count:1
4080,stat_birth,Sectid,-1,112,0,336,0,count:1
4080,stat_starvation,Sectid,-1,112,0,336,0,count:1
4080,stat_starvation,Sectid,-1,112,0,368,0,count:1
4080,stat_starvation,Camel,-1,112,0,368,0,count:1
4080,stat_starvation,Camel,-1,112,0,432,0,count:1
4080,stat_starvation,Elk,-1,144,0,16,0,count:1
4080,stat_birth,Sectid,-1,144,0,48,0,count:1
4080,stat_starvation,Deer,-1,144,0,80,0,count:1
4080,stat_birth,Sectid,-1,144,0,80,0,count:1
4080,stat_starvation,Sectid,-1,144,0,80,0,count:1
4080,stat_starvation,Elk,-1,144,0,112,0,count:1
4080,stat_starvation,Elk,-1,144,0,208,0,count:1
4080,stat_starvation,Camel,-1,144,0,272,0,count:1
4080,stat_starvation,Camel,-1,144,0,304,0,count:1
4080,stat_starvation,Camel,-1,144,0,336,0,count:1
4080,stat_starvation,Sectid,-1,144,0,336,0,count:1
4080,stat_starvation,Camel,-1,144,0,368,0,count:1
4080,stat_starvation,Sectid,-1,144,0,368,0,count:1
4080,stat_starvation,Camel,-1,144,0,400,0,count:1
4080,stat_kill,Camel,-1,144,0,464,0,count:1
4080,stat_starvation,Sectid,-1,176,0,16,0,count:1
4080,stat_birth,Sectid,-1,176,0,80,0,count:1
4080,stat_starvation,Sectid,-1,176,0,80,0,count:1
4080,stat_starvation,Sectid,-1,176,0,112,0,count:1
4080,stat_starvation,Sectid,-1,176,0,144,0,count:1
4080,stat_starvation,Elk,-1,176,0,176,0,count:1
4080,stat_starvation,Elk,-1,176,0,208,0,count:1
4080,stat_starvation,Sectid,-1,176,0,272,0,count:2
4080,stat_starvation,Sectid,-1,176,0,304,0,count:1
4080,stat_starvation,Camel,-1,176,0,336,0,count:1
4080,stat_starvation,Sectid,-1,176,0,336,0,count:1
4080,stat_starvation,Camel,-1,176,0,368,0,count:1
4080,stat_starvation,Camel,-1,176,0,400,0,count:1
4080,stat_starvation,Sectid,-1,176,0,400,0,count:1
4080,stat_starvation,Sectid,-1,176,0,432,0,count:1
4080,stat_starvation,Sectid,-1,208,0,16,0,count:1
4080,stat_starvation,Hawk,-1,208,0,16,0,count:1
4080,stat_starvation,Hawk,-1,208,0,48,0,count:1
4080,stat_starvation,Sectid,-1,208,0,80,0,count:3
4080,stat_starvation,Musk Ox,-1,208,0,80,0,count:1
4080,stat_starvation,Hawk,-1,208,0,80,0,count:1
4080,stat_starvation,Sectid,-1,208,0,112,0,count:1
4080,stat_starvation,Deer,-1,208,0,176,0,count:2
4080,stat_birth,Fish,-1,208,0,304,0,count:1
4080,stat_age_death,Sectid,-1,208,0,368,0,count:1
4080,stat_starvation,Camel,-1,208,0,368,0,count:1
4080,stat_starvation,Sectid,-1,208,0,400,0,count:2
4080,stat_starvation,Camel,-1,208,0,400,0,count:1
4080,stat_kill,Deer,-1,240,0,16,0,count:1
4080,stat_starvation,Sectid,-1,240,0,16,0,count:2
4080,stat_starvation,Hawk,-1,240,0,48,0,count:2
4080,stat_starvation,Deer,-1,240,0,80,0,count:1
4080,stat_kill,Elk,-1,240,0,80,0,count:1
4080,stat_starvation,Musk Ox,-1,240,0,80,0,count:1
4080,stat_starvation,Hawk,-1,240,0,80,0,count:1
4080,stat_starvation,Deer,-1,240,0,176,0,count:1
4080,stat_starvation,Sectid,-1,240,0,176,0,count:1
4080,stat_birth,Fish,-1,240,0,304,0,count:10
4080,stat_kill,Fish,-1,240,0,304,0,count:7
4080,stat_birth,Sectid,-1,240,0,304,0,count:1
4080,stat_starvation,Camel,-1,240,0,304,0,count:1
4080,stat_birth,Fish,-1,240,0,336,0,count:4
4080,stat_kill,Fish,-1,240,0,336,0,count:3
4080,stat_starvation,Camel,-1,240,0,336,0,count:1
4080,stat_kill,Camel,-1,240,0,464,0,count:1
4080,stat_starvation,Sectid,-1,272,0,16,0,count:1
4080,stat_starvation,Sectid,-1,272,0,48,0,count:3
4080,stat_starvation,Musk Ox,-1,272,0,80,0,count:1
4080,stat_kill,Fish,-1,272,0,144,0,count:1
4080,stat_kill,Fish,-1,272,0,176,0,count:1
4080,stat_age_death,Fish,-1,272,0,304,0,count:1
4080,stat_kill,Fish,-1,272,0,304,0,count:14
4080,stat_birth,Sectid,-1,272,0,304,0,count:1
4080,stat_starvation,Camel,-1,272,0,304,0,count:1
4080,stat_birth,Fish,-1,272,0,336,0,count:6
4080,stat_kill,Fish,-1,272,0,336,0,count:5
4080,stat_birth,Sectid,-1,272,0,336,0,count:1
4080,stat_starvation,Camel,-1,272,0,336,0,count:1
4080,stat_starvation,Sectid,-1,272,0,400,0,count:1
4080,stat_starvation,Musk Ox,-1,304,0,48,0,count:1
4080,stat_starvation,Sectid,-1,304,0,48,0,count:1
4080,stat_starvation,Musk Ox,-1,304,0,112,0,count:1
4080,stat_birth,Fish,-1,304,0,144,0,count:2
4080,stat_kill,Fish,-1,304,0,144,0,count:1
4080,stat_birth,Sectid,-1,304,0,144,0,count:1
4080,stat_birth,Fish,-1,304,0,176,0,count:2
4080,stat_kill,Fish,-1,304,0,176,0,count:3
4080,stat_birth,Sectid,-1,304,0,176,0,count:2
4080,stat_kill,Fish,-1,304,0,208,0,count:2
4080,stat_birth,Sectid,-1,304,0,208,0,count:2
4080,stat_kill,Fish,-1,304,0,272,0,count:2
4080,stat_birth,Sectid,-1,304,0,272,0,count:1
4080,stat_birth,Fish,-1,304,0,304,0,count:2
4080,stat_kill,Fish,-1,304,0,304,0,count:6
4080,stat_birth,Fish,-1,304,0,336,0,count:2
4080,stat_kill,Fish,-1,304,0,336,0,count:5
4080,stat_starvation,Elk,-1,304,0,336,0,count:1
4080,stat_birth,Sectid,-1,304,0,336,0,count:1
4080,stat_starvation,Sectid,-1,304,0,400,0,count:1
4080,stat_starvation,Musk Ox,-1,336,0,48,0,count:1
4080,stat_kill,Fish,-1,336,0,144,0,count:1
4080,stat_birth,Sectid,-1,336,0,144,0,count:1
4080,stat_age_death,Fish,-1,336,0,176,0,count:1
4080,stat_kill,Fish,-1,336,0,176,0,count:4
4080,stat_birth,Sectid,-1,336,0,176,0,count:1
4080,stat_age_death,Fish,-1,336,0,208,0,count:1
4080,stat_kill,Fish,-1,336,0,208,0,count:2
4080,stat_starvation,Elk,-1,336,0,240,0,count:1
4080,stat_age_death,Fish,-1,336,0,240,0,count:1
4080,stat_kill,Fish,-1,336,0,240,0,count:3
4080,stat_birth,Fish,-1,336,0,272,0,count:4
4080,stat_kill,Fish,-1,336,0,272,0,count:2
4080,stat_birth,Sectid,-1,336,0,272,0,count:1
4080,stat_birth,Sectid,-1,336,0,304,0,count:1
4080,stat_starvation,Elk,-1,336,0,304,0,count:1
4080,stat_kill,Fish,-1,336,0,304,0,count:1
4080,stat_starvation,Elk,-1,336,0,336,0,count:1
4080,stat_kill,Fish,-1,336,0,336,0,count:1
4080,stat_kill,Deer,-1,336,0,432,0,count:1
4080,stat_starvation,Hawk,-1,368,0,16,0,count:1
4080,stat_birth,Arctic Fox,-1,368,0,112,0,count:1
4080,stat_starvation,Deer,-1,368,0,112,0,count:1
4080,stat_birth,Fish,-1,368,0,112,0,count:1
4080,stat_kill,Fish,-1,368,0,112,0,count:2
4080,stat_birth,Sectid,-1,368,0,112,0,count:1
4080,stat_starvation,Elk,-1,368,0,144,0,count:1
4080,stat_kill,Fish,-1,368,0,144,0,count:1
4080,stat_birth,Sectid,-1,368,0,144,0,count:1
4080,stat_starvation,Elk,-1,368,0,176,0,count:1
4080,stat_age_death,Fish,-1,368,0,176,0,count:1
4080,stat_kill,Fish,-1,368,0,176,0,count:1
4080,stat_age_death,Fish,-1,368,0,208,0,count:1
4080,stat_kill,Fish,-1,368,0,240,0,count:1
4080,stat_birth,Fish,-1,368,0,272,0,count:2
4080,stat_kill,Fish,-1,368,0,272,0,count:1
4080,stat_birth,Sectid,-1,368,0,272,0,count:1
4080,stat_starvation,Sectid,-1,368,0,336,0,count:2
4080,stat_starvation,Elk,-1,368,0,336,0,count:1
4080,stat_starvation,Elk,-1,368,0,432,0,count:1
4080,stat_starvation,Hawk,-1,400,0,48,0,count:1
4080,stat_starvation,Elk,-1,400,0,48,0,count:1
4080,stat_kill,Musk Ox,-1,400,0,80,0,count:1
4080,stat_kill,Fish,-1,400,0,112,0,count:1
4080,stat_age_death,Fish,-1,400,0,144,0,count:1
4080,stat_kill,Fish,-1,400,0,144,0,count:3
4080,stat_age_death,Fish,-1,400,0,176,0,count:1
4080,stat_kill,Fish,-1,400,0,176,0,count:1
4080,stat_starvation,Fish,-1,400,0,208,0,count:1
4080,stat_birth,Fish,-1,400,0,240,0,count:1
4080,stat_birth,Sectid,-1,400,0,272,0,count:1
4080,stat_kill,Fish,-1,432,0,112,0,count:1
4080,stat_kill,Fish,-1,432,0,144,0,count:1
4080,stat_birth,Fish,-1,432,0,176,0,count:24
4080,stat_age_death,Fish,-1,432,0,176,0,count:1
4080,stat_kill,Fish,-1,432,0,176,0,count:1
4080,stat_starvation,Elk,-1,432,0,400,0,count:1
4080,stat_starvation,Elk,-1,432,0,496,0,count:1
4080,stat_age_death,Fish,-1,464,0,304,0,count:1
4080,stat_age_death,Fish,-1,464,0,336,0,count:1
4080,stat_starvation,Elk,-1,464,0,400,0,count:1
4080,stat_birth,Fish,-1,496,0,304,0,count:1
4080,stat_kill,Fish,-1,496,0,304,0,count:1
4080,stat_starvation,Elk,-1,496,0,368,0,count:1
4080,stat_birth,Fish,-1,496,0,368,0,count:1
4110,stat_starvation,Elk,-1,16,0,80,0,count:1
4110,stat_starvation,Elk,-1,16,0,144,0,count:1
4110,stat_starvation,Sectid,-1,16,0,176,0,count:1
4110,stat_starvation,Elk,-1,16,0,176,0,count:1
4110,stat_starvation,Sectid,-1,16,0,208,0,count:2
4110,stat_starvation,Deer,-1,16,0,208,0,count:1
4110,stat_birth,Fish,-1,16,0,240,0,count:1
4110,stat_kill,Fish,-1,16,0,240,0,count:1
4110,stat_starvation,Elk,-1,16,0,272,0,count:1
4110,stat_birth,Fish,-1,16,0,272,0,count:1
4110,stat_kill,Fish,-1,16,0,272,0,count:1
4110,stat_birth,Sectid,-1,16,0,272,0,count:1
4110,stat_birth,Fish,-1,16,0,304,0,count:1
4110,stat_kill,Fish,-1,16,0,304,0,count:2
4110,stat_starvation,Camel,-1,16,0,368,0,count:1
4110,stat_starvation,Elk,-1,48,0,48,0,count:1
4110,stat_starvation,Sectid,-1,48,0,80,0,count:1
4110,stat_starvation,Deer,-1,48,0,176,0,count:1
4110,stat_starvation,Sectid,-1,48,0,176,0,count:1
4110,stat_starvation,Deer,-1,48,0,208,0,count:1
4110,stat_starvation,Elk,-1,48,0,240,0,count:1
4110,stat_kill,Fish,-1,48,0,240,0,count:1
4110,stat_birth,Fish,-1,48,0,272,0,count:5
4110,stat_age_death,Fish,-1,48,0,272,0,count:1
4110,stat_kill,Fish,-1,48,0,272,0,count:11
4110,stat_starvation,Elk,-1,48,0,272,0,count:1
4110,stat_starvation,Camel,-1,48,0,272,0,count:1
4110,stat_kill,Fish,-1,48,0,304,0,count:1
4110,stat_starvation,Camel,-1,48,0,336,0,count:1
4110,stat_starvation,Camel,-1,48,0,400,0,count:1
4110,stat_starvation,Sectid,-1,48,0,400,0,count:1
4110,stat_starvation,Elk,-1,80,0,48,0,count:1
4110,stat_starvation,Elk,-1,80,0,80,0,count:1
4110,stat_starvation,Sectid,-1,80,0,80,0,count:1
4110,stat_starvation,Deer,-1,80,0,176,0,count:1
4110,stat_starvation,Elk,-1,80,0,176,0,count:1
4110,stat_starvation,Sectid,-1,80,0,208,0,count:1
4110,stat_starvation,Elk,-1,80,0,240,0,count:1
4110,stat_birth,Fish,-1,80,0,240,0,count:1
4110,stat_kill,Fish,-1,80,0,240,0,count:1
4110,stat_starvation,Camel,-1,80,0,240,0,count:1
4110,stat_starvation,Deer,-1,80,0,240,0,count:1
4110,stat_starvation,Camel,-1,80,0,272,0,count:1
4110,stat_starvation,Elk,-1,80,0,304,0,count:1
4110,stat_starvation,Camel,-1,80,0,304,0,count:1
4110,stat_kill,Fish,-1,80,0,304,0,count:1
4110,stat_starvation,Camel,-1,80,0,368,0,count:1
4110,stat_starvation,Camel,-1,80,0,400,0,count:1
4110,stat_starvation,Sectid,-1,80,0,400,0,count:1
4110,stat_birth,Sectid,-1,112,0,48,0,count:1
4110,stat_starvation,Sectid,-1,112,0,48,0,count:1
4110,stat_birth,Sectid,-1,112,0,80,0,count:1
4110,stat_starvation,Deer,-1,112,0,176,0,count:1
4110,stat_starvation,Elk,-1,112,0,176,0,count:1
4110,stat_starvation,Sectid,-1,112,0,208,0,count:2
4110,stat_starvation,Elk,-1,112,0,208,0,count:1
4110,stat_starvation,Elk,-1,112,0,240,0,count:1
4110,stat_kill,Elk,-1,112,0,272,0,count:1
4110,stat_starvation,Camel,-1,112,0,304,0,count:1
4110,stat_starvation,Elk,-1,112,0,304,0,count:1
4110,stat_starvation,Elk,-1,112,0,336,0,count:1
4110,stat_starvation,Sectid,-1,112,0,336,0,count:1
4110,stat_starvation,Sectid,-1,112,0,368,0,count:2
4110,stat_starvation,Camel,-1,112,0,368,0,count:1
4110,stat_starvation,Camel,-1,112,0,464,0,count:1
4110,stat_starvation,Sectid,-1,144,0,48,0,count:1
4110,stat_starvation,Sectid,-1,144,0,80,0,count:1
4110,stat_starvation,Sectid,-1,144,0,112,0,count:1
4110,stat_starvation,Elk,-1,144,0,176,0,count:1
4110,stat_starvation,Elk,-1,144,0,208,0,count:1
4110,stat_starvation,Camel,-1,144,0,240,0,count:1
4110,stat_starvation,Elk,-1,144,0,240,0,count:1
4110,stat_starvation,Camel,-1,144,0,304,0,count:1
4110,stat_starvation,Camel,-1,144,0,336,0,count:1
4110,stat_starvation,Sectid,-1,144,0,336,0,count:1
4110,stat_starvation,Camel,-1,144,0,368,0,count:1
4110,stat_birth,Sectid,-1,144,0,368,0,count:1
4110,stat_starvation,Camel,-1,144,0,432,0,count:1
4110,stat_starvation,Sectid,-1,176,0,16,0,count:1
4110,stat_starvation,Sectid,-1,176,0,80,0,count:1
4110,stat_starvation,Elk,-1,176,0,112,0,count:1
4110,stat_birth,Sectid,-1,176,0,112,0,count:1
4110,stat_starvation,Sectid,-1,176,0,112,0,count:1
4110,stat_starvation,Sectid,-1,176,0,144,0,count:1
4110,stat_starvation,Elk,-1,176,0,144,0,count:1
4110,stat_starvation,Elk,-1,176,0,176,0,count:1
4110,stat_starvation,Deer,-1,176,0,176,0,count:1
4110,stat_starvation,Elk,-1,176,0,208,0,count:1
4110,stat_starvation,Sectid,-1,176,0,272,0,count:2
4110,stat_starvation,Sectid,-1,176,0,304,0,count:2
4110,stat_starvation,Camel,-1,176,0,400,0,count:1
4110,stat_starvation,Sectid,-1,176,0,400,0,count:1
4110,stat_starvation,Camel,-1,176,0,432,0,count:2
4110,stat_starvation,Camel,-1,176,0,464,0,count:1
4110,stat_starvation,Sectid,-1,208,0,16,0,count:1
4110,stat_starvation,Hawk,-1,208,0,16,0,count:1
4110,stat_starvation,Deer,-1,208,0,48,0,count:1
4110,stat_starvation,Musk Ox,-1,208,0,48,0,count:1
4110,stat_starvation,Hawk,-1,208,0,48,0,count:2
4110,stat_starvation,Elk,-1,208,0,80,0,count:1
4110,stat_starvation,Sectid,-1,208,0,80,0,count:1
4110,stat_starvation,Hawk,-1,208,0,80,0,count:1
4110,stat_starvation,Elk,-1,208,0,112,0,count:2
4110,stat_starvation,Sectid,-1,208,0,112,0,count:2
4110,stat_starvation,Camel,-1,208,0,272,0,count:1
4110,stat_kill,Fish,-1,208,0,272,0,count:1
4110,stat_starvation,Camel,-1,208,0,304,0,count:1
4110,stat_kill,Shroomer,-1,208,0,336,0,count:1
4110,stat_starvation,Camel,-1,208,0,336,0,count:1
4110,stat_birth,Fish,-1,208,0,336,0,count:1
4110,stat_starvation,Sectid,-1,208,0,400,0,count:1
4110,stat_starvation,Camel,-1,208,0,432,0,count:2
4110,stat_starvation,Sectid,-1,240,0,16,0,count:1
4110,stat_starvation,Hawk,-1,240,0,48,0,count:2
4110,stat_starvation,Musk Ox,-1,240,0,80,0,count:1
4110,stat_starvation,Hawk,-1,240,0,80,0,count:2
4110,stat_kill,Musk Ox,-1,240,0,112,0,count:1
4110,stat_starvation,Sectid,-1,240,0,176,0,count:2
4110,stat_birth,Fish,-1,240,0,304,0,count:9
4110,stat_kill,Fish,-1,240,0,304,0,count:7
4110,stat_birth,Sectid,-1,240,0,304,0,count:1
4110,stat_starvation,Camel,-1,240,0,304,0,count:1
4110,stat_kill,Fish,-1,240,0,336,0,count:3
4110,stat_birth,Sectid,-1,240,0,336,0,count:1
4110,stat_starvation,Camel,-1,240,0,336,0,count:1
4110,stat_kill,Camel,-1,240,0,400,0,count:1
4110,stat_starvation,Sectid,-1,272,0,16,0,count:1
4110,stat_starvation,Sectid,-1,272,0,48,0,count:2
4110,stat_starvation,Hawk,-1,272,0,80,0,count:1
4110,stat_age_death,Fish,-1,272,0,304,0,count:1
4110,stat_kill,Fish,-1,272,0,304,0,count:13
4110,stat_birth,Sectid,-1,272,0,304,0,count:1
4110,stat_age_death,Sectid,-1,272,0,304,0,count:1
4110,stat_birth,Fish,-1,272,0,336,0,count:5
4110,stat_kill,Fish,-1,272,0,336,0,count:4
4110,stat_birth,Sectid,-1,272,0,336,0,count:1
4110,stat_starvation,Camel,-1,272,0,336,0,count:2
4110,stat_birth,Fish,-1,272,0,368,0,count:1
4110,stat_kill,Fish,-1,272,0,368,0,count:1
4110,stat_starvation,Sectid,-1,272,0,400,0,count:1
4110,stat_birth,Tapir,-1,272,0,432,0,count:1
4110,stat_starvation,Sectid,-1,304,0,48,0,count:1
4110,stat_birth,Lizard,-1,304,0,144,0,count:1
4110,stat_birth,Fish,-1,304,0,144,0,count:1
4110,stat_kill,Fish,-1,304,0,144,0,count:1
4110,stat_birth,Sectid,-1,304,0,144,0,count:1
4110,stat_birth,Fish,-1,304,0,176,0,count:3
4110,stat_kill,Fish,-1,304,0,176,0,count:3
4110,stat_birth,Sectid,-1,304,0,176,0,count:2
4110,stat_kill,Fish,-1,304,0,208,0,count:1
4110,stat_birth,Sectid,-1,304,0,208,0,count:1
4110,stat_starvation,Rabbit,-1,304,0,272,0,count:1
4110,stat_kill,Fish,-1,304,0,272,0,count:3
4110,stat_birth,Sectid,-1,304,0,272,0,count:2
4110,stat_birth,Fish,-1,304,0,304,0,count:2
4110,stat_kill,Fish,-1,304,0,304,0,count:5
4110,stat_birth,Sectid,-1,304,0,304,0,count:1
4110,stat_birth,Fish,-1,304,0,336,0,count:2
4110,stat_kill,Fish,-1,304,0,336,0,count:6
4110,stat_kill,Fish,-1,304,0,368,0,count:1
4110,stat_starvation,Sectid,-1,304,0,400,0,count:1
4110,stat_starvation,Deer,-1,336,0,80,0,count:1
4110,stat_starvation,Elk,-1,336,0,112,0,count:1
4110,stat_kill,Fish,-1,336,0,144,0,count:2
4110,stat_birth,Sectid,-1,336,0,144,0,count:1
4110,stat_age_death,Fish,-1,336,0,176,0,count:1
4110,stat_kill,Fish,-1,336,0,176,0,count:5
4110,stat_birth,Sectid,-1,336,0,176,0,count:1
4110,stat_age_death,Fish,-1,336,0,208,0,count:2
4110,stat_kill,Fish,-1,336,0,208,0,count:2
4110,stat_birth,Sectid,-1,336,0,208,0,count:1
4110,stat_age_death,Fish,-1,336,0,240,0,count:1
4110,stat_kill,Fish,-1,336,0,240,0,count:4
4110,stat_birth,Sectid,-1,336,0,240,0,count:1
4110,stat_birth,Fish,-1,336,0,272,0,count:4
4110,stat_kill,Fish,-1,336,0,272,0,count:2
4110,stat_birth,Sectid,-1,336,0,272,0,count:1
4110,stat_starvation,Elk,-1,336,0,304,0,count:1
4110,stat_kill,Fish,-1,336,0,304,0,count:1
4110,stat_birth,Fish,-1,336,0,336,0,count:1
4110,stat_kill,Deer,-1,368,0,16,0,count:1
4110,stat_birth,Sectid,-1,368,0,80,0,count:1
4110,stat_starvation,Elk,-1,368,0,112,0,count:1
4110,stat_birth,Fish,-1,368,0,112,0,count:1
4110,stat_kill,Fish,-1,368,0,112,0,count:3
4110,stat_birth,Hawk,-1,368,0,112,0,count:1
4110,stat_kill,Fish,-1,368,0,144,0,count:2
4110,stat_age_death,Fish,-1,368,0,176,0,count:1
4110,stat_kill,Fish,-1,368,0,176,0,count:1
4110,stat_age_death,Fish,-1,368,0,208,0,count:1
4110,stat_kill,Fish,-1,368,0,240,0,count:1
4110,stat_birth,Sectid,-1,368,0,240,0,count:1
4110,stat_birth,Fish,-1,368,0,272,0,count:2
4110,stat_kill,Fish,-1,368,0,272,0,count:1
4110,stat_birth,Sectid,-1,368,0,272,0,count:1
4110,stat_kill,Elk,-1,368,0,304,0,count:1
4110,stat_starvation,Sectid,-1,368,0,336,0,count:1
4110,stat_starvation,Elk,-1,368,0,336,0,count:1
4110,stat_starvation,Elk,-1,368,0,400,0,count:1
4110,stat_kill,Deer,-1,368,0,464,0,count:1
4110,stat_starvation,Hawk,-1,400,0,16,0,count:1
4110,stat_birth,Boar,-1,400,0,112,0,count:1
4110,stat_birth,Arctic Fox,-1,400,0,112,0,count:1
4110,stat_kill,Fish,-1,400,0,112,0,count:1
4110,stat_starvation,Deer,-1,400,0,112,0,count:1
4110,stat_birth,Fish,-1,400,0,144,0,count:9
4110,stat_age_death,Fish,-1,400,0,144,0,count:1
4110,stat_kill,Fish,-1,400,0,144,0,count:2
4110,stat_birth,Snake,-1,400,0,176,0,count:1
4110,stat_age_death,Fish,-1,400,0,176,0,count:1
4110,stat_kill,Fish,-1,400,0,176,0,count:1
4110,stat_starvation,Fish,-1,400,0,208,0,count:2
4110,stat_birth,Fish,-1,400,0,240,0,count:2
4110,stat_kill,Fish,-1,400,0,240,0,count:1
4110,stat_kill,Fish,-1,400,0,272,0,count:1
4110,stat_birth,Sectid,-1,400,0,368,0,count:1
4110,stat_kill,Fish,-1,432,0,112,0,count:1
4110,stat_kill,Fish,-1,432,0,144,0,count:1
4110,stat_birth,Fish,-1,432,0,176,0,count:24
4110,stat_age_death,Fish,-1,432,0,176,0,count:1
4110,stat_birth,Fish,-1,432,0,208,0,count:1
4110,stat_starvation,Fish,-1,432,0,304,0,count:1
4110,stat_starvation,Elk,-1,432,0,368,0,count:1
4110,stat_birth,Fish,-1,464,0,176,0,count:1
4110,stat_starvation,Elk,-1,464,0,368,0,count:1
4110,stat_starvation,Elk,-1,464,0,496,0,count:1
4110,stat_kill,Fish,-1,496,0,304,0,count:1
4110,stat_age_death,Fish,-1,496,0,336,0,count:1
4110,stat_starvation,Elk,-1,496,0,400,0,count:1
4140,stat_starvation,Elk,-1,16,0,80,0,count:1
4140,stat_starvation,Elk,-1,16,0,112,0,count:1
4140,stat_starvation,Elk,-1,16,0,144,0,count:1
4140,stat_starvation,Sectid,-1,16,0,176,0,count:1
4140,stat_starvation,Deer,-1,16,0,176,0,count:1
4140,stat_starvation,Sectid,-1,16,0,208,0,count:1
4140,stat_birth,Fish,-1,16,0,240,0,count:1
4140,stat_kill,Fish,-1,16,0,240,0,count:1
4140,stat_birth,Fish,-1,16,0,272,0,count:1
4140,stat_kill,Fish,-1,16,0,272,0,count:2
4140,stat_starvation,Camel,-1,16,0,304,0,count:1
4140,stat_birth,Fish,-1,16,0,304,0,count:1
4140,stat_kill,Fish,-1,16,0,304,0,count:1
4140,stat_kill,Parrot,-1,16,0,496,0,count:1
4140,stat_starvation,Elk,-1,48,0,16,0,count:1
4140,stat_starvation,Elk,-1,48,0,48,0,count:1
4140,stat_starvation,Elk,-1,48,0,80,0,count:1
4140,stat_starvation,Elk,-1,48,0,112,0,count:1
4140,stat_kill,Deer,-1,48,0,144,0,count:1
4140,stat_starvation,Elk,-1,48,0,144,0,count:1
4140,stat_starvation,Sectid,-1,48,0,176,0,count:1
4140,stat_starvation,Sectid,-1,48,0,208,0,count:1
4140,stat_starvation,Camel,-1,48,0,240,0,count:1
4140,stat_birth,Fish,-1,48,0,240,0,count:1
4140,stat_kill,Fish,-1,48,0,240,0,count:1
4140,stat_birth,Fish,-1,48,0,272,0,count:11
4140,stat_age_death,Fish,-1,48,0,272,0,count:1
4140,stat_kill,Fish,-1,48,0,272,0,count:12
4140,stat_starvation,Elk,-1,48,0,304,0,count:1
4140,stat_starvation,Camel,-1,48,0,304,0,count:1
4140,stat_kill,Fish,-1,48,0,304,0,count:1
4140,stat_starvation,Elk,-1,48,0,336,0,count:1
4140,stat_starvation,Elk,-1,48,0,368,0,count:1
4140,stat_starvation,Elk,-1,48,0,400,0,count:1
4140,stat_starvation,Elk,-1,80,0,48,0,count:1
4140,stat_starvation,Elk,-1,80,0,80,0,count:1
4140,stat_starvation,Sectid,-1,80,0,208,0,count:1
4140,stat_kill,Fish,-1,80,0,240,0,count:1
4140,stat_kill,Fish,-1,80,0,272,0,count:1
4140,stat_starvation,Elk,-1,80,0,272,0,count:1
4140,stat_starvation,Camel,-1,80,0,272,0,count:1
4140,stat_starvation,Elk,-1,80,0,304,0,count:1
4140,stat_birth,Fish,-1,80,0,304,0,count:1
4140,stat_kill,Fish,-1,80,0,304,0,count:1
4140,stat_starvation,Camel,-1,80,0,336,0,count:1
4140,stat_kill,Shroomer,-1,80,0,368,0,count:1
4140,stat_starvation,Camel,-1,80,0,400,0,count:1
4140,stat_starvation,Sectid,-1,80,0,400,0,count:1
4140,stat_starvation,Elk,-1,112,0,48,0,count:1
4140,stat_starvation,Sectid,-1,112,0,48,0,count:1
4140,stat_starvation,Elk,-1,112,0,80,0,count:1
4140,stat_starvation,Sectid,-1,112,0,80,0,count:1
4140,stat_starvation,Deer,-1,112,0,112,0,count:1
4140,stat_starvation,Elk,-1,112,0,176,0,count:1
4140,stat_starvation,Sectid,-1,112,0,208,0,count:1
4140,stat_starvation,Elk,-1,112,0,208,0,count:1
4140,stat_starvation,Camel,-1,112,0,304,0,count:1
4140,stat_starvation,Camel,-1,112,0,336,0,count:1
4140,stat_starvation,Sectid,-1,112,0,336,0,count:1
4140,stat_starvation,Elk,-1,112,0,368,0,count:1
4140,stat_starvation,Camel,-1,112,0,432,0,count:1
4140,stat_starvation,Sectid,-1,144,0,48,0,count:1
4140,stat_starvation,Elk,-1,144,0,48,0,count:1
4140,stat_starvation,Musk Ox,-1,144,0,48,0,count:1
4140,stat_starvation,Elk,-1,144,0,80,0,count:1
4140,stat_starvation,Sectid,-1,144,0,112,0,count:1
4140,stat_starvation,Elk,-1,144,0,144,0,count:1
4140,stat_starvation,Deer,-1,144,0,176,0,count:1
4140,stat_starvation,Elk,-1,144,0,176,0,count:1
4140,stat_starvation,Elk,-1,144,0,208,0,count:1
4140,stat_starvation,Camel,-1,144,0,304,0,count:1
4140,stat_starvation,Camel,-1,144,0,368,0,count:2
4140,stat_starvation,Sectid,-1,144,0,368,0,count:1
4140,stat_starvation,Camel,-1,144,0,400,0,count:1
4140,stat_starvation,Elk,-1,176,0,112,0,count:1
4140,stat_starvation,Sectid,-1,176,0,112,0,count:1
4140,stat_starvation,Sectid,-1,176,0,144,0,count:1
4140,stat_starvation,Elk,-1,176,0,144,0,count:1
4140,stat_starvation,Deer,-1,176,0,208,0,count:1
4140,stat_starvation,Elk,-1,176,0,208,0,count:1
4140,stat_starvation,Camel,-1,176,0,240,0,count:1
4140,stat_starvation,Sectid,-1,176,0,272,0,count:1
4140,stat_starvation,Camel,-1,176,0,272,0,count:1
4140,stat_starvation,Camel,-1,176,0,304,0,count:1
4140,stat_birth,Sectid,-1,176,0,304,0,count:1
4140,stat_starvation,Sectid,-1,176,0,304,0,count:1
4140,stat_starvation,Sectid,-1,176,0,336,0,count:1
4140,stat_kill,Sectid,-1,176,0,368,0,count:1
4140,stat_starvation,Camel,-1,176,0,400,0,count:2
4140,stat_birth,Sectid,-1,176,0,400,0,count:1
4140,stat_starvation,Camel,-1,176,0,432,0,count:1
4140,stat_starvation,Sectid,-1,176,0,432,0,count:1
4140,stat_starvation,Camel,-1,176,0,464,0,count:1
4140,stat_birth,Sectid,-1,208,0,16,0,count:1
4140,stat_starvation,Hawk,-1,208,0,16,0,count:2
4140,stat_starvation,Hawk,-1,208,0,48,0,count:1
4140,stat_starvation,Sectid,-1,208,0,80,0,count:2
4140,stat_starvation,Hawk,-1,208,0,80,0,count:1
4140,stat_starvation,Deer,-1,208,0,112,0,count:1
4140,stat_starvation,Sectid,-1,208,0,112,0,count:1
4140,stat_starvation,Elk,-1,208,0,144,0,count:1
4140,stat_starvation,Deer,-1,208,0,176,0,count:1
4140,stat_starvation,Camel,-1,208,0,304,0,count:1
4140,stat_kill,Fish,-1,208,0,304,0,count:1
4140,stat_kill,Fish,-1,208,0,336,0,count:1
4140,stat_starvation,Camel,-1,208,0,368,0,count:1
4140,stat_starvation,Sectid,-1,208,0,400,0,count:1
4140,stat_starvation,Camel,-1,208,0,400,0,count:1
4140,stat_starvation,Sectid,-1,208,0,496,0,count:1
4140,stat_starvation,Sectid,-1,240,0,48,0,count:2
4140,stat_starvation,Hawk,-1,240,0,48,0,count:2
4140,stat_birth,Tapir,-1,240,0,80,0,count:1
4140,stat_starvation,Hawk,-1,240,0,80,0,count:1
4140,stat_kill,Elk,-1,240,0,144,0,count:1
4140,stat_starvation,Deer,-1,240,0,176,0,count:1
4140,stat_birth,Sectid,-1,240,0,176,0,count:1
4140,stat_starvation,Sectid,-1,240,0,176,0,count:1
4140,stat_birth,Fish,-1,240,0,304,0,count:10
4140,stat_kill,Fish,-1,240,0,304,0,count:7
4140,stat_kill,Fish,-1,240,0,336,0,count:4
4140,stat_birth,Sectid,-1,240,0,336,0,count:1
4140,stat_starvation,Camel,-1,240,0,336,0,count:1
4140,stat_kill,Shroomer,-1,240,0,464,0,count:1
4140,stat_starvation,Sectid,-1,272,0,16,0,count:2
4140,stat_starvation,Sectid,-1,272,0,48,0,count:3
4140,stat_kill,Elk,-1,272,0,80,0,count:1
4140,stat_starvation,Musk Ox,-1,272,0,80,0,count:1
4140,stat_starvation,Hawk,-1,272,0,80,0,count:1
4140,stat_kill,Fish,-1,272,0,176,0,count:1
4140,stat_birth,Fish,-1,272,0,304,0,count:8
4140,stat_age_death,Fish,-1,272,0,304,0,count:1
4140,stat_kill,Fish,-1,272,0,304,0,count:13
4140,stat_starvation,Camel,-1,272,0,304,0,count:1
4140,stat_birth,Fish,-1,272,0,336,0,count:5
4140,stat_kill,Fish,-1,272,0,336,0,count:5
4140,stat_birth,Sectid,-1,272,0,336,0,count:1
4140,stat_starvation,Camel,-1,272,0,336,0,count:1
4140,stat_kill,Deer,-1,304,0,16,0,count:1
4140,stat_starvation,Deer,-1,304,0,48,0,count:1
4140,stat_starvation,Sectid,-1,304,0,48,0,count:3
4140,stat_starvation,Sectid,-1,304,0,80,0,count:1
4140,stat_kill,Elk,-1,304,0,80,0,count:1
4140,stat_starvation,Musk Ox,-1,304,0,112,0,count:1
4140,stat_birth,Scorpion,-1,304,0,144,0,count:1
4140,stat_birth,Fish,-1,304,0,144,0,count:1
4140,stat_kill,Fish,-1,304,0,144,0,count:1
4140,stat_birth,Sectid,-1,304,0,144,0,count:2
4140,stat_birth,Fish,-1,304,0,176,0,count:2
4140,stat_kill,Fish,-1,304,0,176,0,count:3
4140,stat_birth,Sectid,-1,304,0,176,0,count:1
4140,stat_kill,Lizard,-1,304,0,208,0,count:1
4140,stat_kill,Fish,-1,304,0,208,0,count:2
4140,stat_birth,Sectid,-1,304,0,208,0,count:1
4140,stat_kill,Fish,-1,304,0,272,0,count:3
4140,stat_birth,Sectid,-1,304,0,272,0,count:2
4140,stat_kill,Sectid,-1,304,0,272,0,count:1
4140,stat_starvation,Elk,-1,304,0,304,0,count:1
4140,stat_birth,Fish,-1,304,0,304,0,count:6
4140,stat_kill,Fish,-1,304,0,304,0,count:5
4140,stat_birth,Sectid,-1,304,0,304,0,count:1
4140,stat_birth,Fish,-1,304,0,336,0,count:2
4140,stat_kill,Fish,-1,304,0,336,0,count:6
4140,stat_birth,Sectid,-1,304,0,336,0,count:1
4140,stat_starvation,Sectid,-1,304,0,400,0,count:1
4140,stat_starvation,Musk Ox,-1,336,0,80,0,count:1
4140,stat_starvation,Elk,-1,336,0,112,0,count:1
4140,stat_birth,Sectid,-1,336,0,112,0,count:1
4140,stat_kill,Fish,-1,336,0,144,0,count:2
4140,stat_birth,Sectid,-1,336,0,144,0,count:1
4140,stat_age_death,Fish,-1,336,0,176,0,count:1
4140,stat_kill,Fish,-1,336,0,176,0,count:6
4140,stat_birth,Sectid,-1,336,0,176,0,count:1
4140,stat_age_death,Fish,-1,336,0,208,0,count:1
4140,stat_kill,Fish,-1,336,0,208,0,count:3
4140,stat_age_death,Fish,-1,336,0,240,0,count:2
4140,stat_kill,Fish,-1,336,0,240,0,count:4
4140,stat_birth,Sectid,-1,336,0,240,0,count:1
4140,stat_birth,Fish,-1,336,0,272,0,count:4
4140,stat_kill,Fish,-1,336,0,272,0,count:2
4140,stat_birth,Sectid,-1,336,0,272,0,count:2
4140,stat_kill,Fish,-1,336,0,336,0,count:1
4140,stat_starvation,Musk Ox,-1,368,0,16,0,count:1
4140,stat_starvation,Hawk,-1,368,0,16,0,count:1
4140,stat_starvation,Musk Ox,-1,368,0,48,0,count:1
4140,stat_starvation,Elk,-1,368,0,48,0,count:1
4140,stat_starvation,Deer,-1,368,0,80,0,count:1
4140,stat_birth,Fish,-1,368,0,112,0,count:1
4140,stat_kill,Fish,-1,368,0,112,0,count:2
4140,stat_birth,Sectid,-1,368,0,112,0,count:1
4140,stat_starvation,Elk,-1,368,0,144,0,count:1
4140,stat_kill,Fish,-1,368,0,144,0,count:2
4140,stat_age_death,Fish,-1,368,0,176,0,count:1
4140,stat_kill,Fish,-1,368,0,176,0,count:2
4140,stat_kill,Fish,-1,368,0,208,0,count:1
4140,stat_kill,Fish,-1,368,0,240,0,count:2
4140,stat_birth,Sectid,-1,368,0,240,0,count:1
4140,stat_birth,Fish,-1,368,0,272,0,count:3
4140,stat_kill,Fish,-1,368,0,272,0,count:1
4140,stat_birth,Sectid,-1,368,0,272,0,count:1
4140,stat_starvation,Sectid,-1,368,0,336,0,count:2
4140,stat_starvation,Hawk,-1,400,0,16,0,count:1
4140,stat_starvation,Deer,-1,400,0,48,0,count:1
4140,stat_starvation,Hawk,-1,400,0,48,0,count:2
4140,stat_starvation,Elk,-1,400,0,48,0,count:1
4140,stat_starvation,Deer,-1,400,0,80,0,count:1
4140,stat_kill,Fish,-1,400,0,112,0,count:1
4140,stat_starvation,Deer,-1,400,0,112,0,count:1
4140,stat_birth,Fish,-1,400,0,144,0,count:9
4140,stat_age_death,Fish,-1,400,0,144,0,count:1
4140,stat_kill,Fish,-1,400,0,144,0,count:2
4140,stat_age_death,Snake,-1,400,0,176,0,count:1
4140,stat_age_death,Fish,-1,400,0,176,0,count:1
4140,stat_kill,Fish,-1,400,0,176,0,count:1
4140,stat_starvation,Fish,-1,400,0,208,0,count:1
4140,stat_birth,Fish,-1,400,0,240,0,count:2
4140,stat_birth,Sectid,-1,400,0,240,0,count:1
4140,stat_birth,Tapir,-1,400,0,304,0,count:1
4140,stat_starvation,Sectid,-1,400,0,336,0,count:1
4140,stat_starvation,Elk,-1,400,0,336,0,count:1
4140,stat_starvation,Sectid,-1,400,0,368,0,count:1
4140,stat_starvation,Deer,-1,400,0,400,0,count:1
4140,stat_starvation,Elk,-1,400,0,400,0,count:1
4140,stat_birth,Wolf,-1,400,0,432,0,count:1
4140,stat_age_death,Fish,-1,432,0,144,0,count:1
4140,stat_kill,Fish,-1,432,0,144,0,count:1
4140,stat_birth,Fish,-1,432,0,176,0,count:26
4140,stat_age_death,Fish,-1,432,0,176,0,count:1
4140,stat_kill,Fish,-1,432,0,176,0,count:1
4140,stat_birth,Fish,-1,432,0,336,0,count:1
4140,stat_starvation,Elk,-1,432,0,368,0,count:1
4140,stat_starvation,Elk,-1,432,0,464,0,count:1
4140,stat_kill,Fish,-1,464,0,272,0,count:1
4140,stat_starvation,Elk,-1,464,0,400,0,count:1
4140,stat_kill,Fish,-1,496,0,272,0,count:1
4140,stat_kill,Fish,-1,496,0,304,0,count:1
4140,stat_birth,Fish,-1,496,0,368,0,count:1
4140,stat_starvation,Elk,-1,496,0,432,0,count:1
4164,hunt_start,Snake,948,290,2,230,3,target:Rabbit:167
4170,stat_starvation,Elk,-1,16,0,80,0,count:1
4170,stat_starvation,Elk,-1,16,0,112,0,count:1
4170,stat_starvation,Sectid,-1,16,0,176,0,count:1
4170,stat_starvation,Elk,-1,16,0,176,0,count:1
4170,stat_starvation,Deer,-1,16,0,208,0,count:1
4170,stat_birth,Fish,-1,16,0,240,0,count:1
4170,stat_kill,Fish,-1,16,0,240,0,count:1
4170,stat_birth,Fish,-1,16,0,272,0,count:1
4170,stat_kill,Fish,-1,16,0,272,0,count:1
4170,stat_birth,Fish,-1,16,0,304,0,count:1
4170,stat_kill,Fish,-1,16,0,304,0,count:2
4170,stat_starvation,Sectid,-1,16,0,400,0,count:1
4170,stat_starvation,Elk,-1,48,0,48,0,count:1
4170,stat_starvation,Sectid,-1,48,0,80,0,count:1
4170,stat_starvation,Sectid,-1,48,0,176,0,count:1
4170,stat_starvation,Deer,-1,48,0,208,0,count:1
4170,stat_starvation,Sectid,-1,48,0,208,0,count:2
4170,stat_birth,Fish,-1,48,0,240,0,count:1
4170,stat_kill,Fish,-1,48,0,240,0,count:1
4170,stat_birth,Fish,-1,48,0,272,0,count:11
4170,stat_age_death,Fish,-1,48,0,272,0,count:1
4170,stat_kill,Fish,-1,48,0,272,0,count:12
4170,stat_starvation,Elk,-1,48,0,272,0,count:1
4170,stat_starvation,Camel,-1,48,0,272,0,count:1
4170,stat_kill,Fish,-1,48,0,304,0,count:1
4170,stat_starvation,Camel,-1,48,0,336,0,count:1
4170,stat_starvation,Camel,-1,48,0,368,0,count:1
4170,stat_starvation,Sectid,-1,48,0,400,0,count:1
4170,stat_starvation,Elk,-1,80,0,80,0,count:1
4170,stat_starvation,Deer,-1,80,0,144,0,count:1
4170,stat_starvation,Sectid,-1,80,0,208,0,count:3
4170,stat_starvation,Elk,-1,80,0,240,0,count:1
4170,stat_birth,Fish,-1,80,0,240,0,count:1
4170,stat_kill,Fish,-1,80,0,240,0,count:2
4170,stat_starvation,Camel,-1,80,0,240,0,count:1
4170,stat_starvation,Deer,-1,80,0,240,0,count:1
4170,stat_starvation,Elk,-1,80,0,272,0,count:1
4170,stat_kill,Fish,-1,80,0,304,0,count:1
4170,stat_starvation,Camel,-1,80,0,336,0,count:1
4170,stat_kill,Elk,-1,80,0,368,0,count:1
4170,stat_starvation,Camel,-1,80,0,368,0,count:1
4170,stat_starvation,Sectid,-1,80,0,400,0,count:2
4170,stat_starvation,Sectid,-1,112,0,80,0,count:1
4170,stat_starvation,Elk,-1,112,0,112,0,count:1
4170,stat_starvation,Deer,-1,112,0,176,0,count:1
4170,stat_starvation,Sectid,-1,112,0,208,0,count:1
4170,stat_starvation,Elk,-1,112,0,240,0,count:1
4170,stat_starvation,Elk,-1,112,0,304,0,count:1
4170,stat_starvation,Sectid,-1,112,0,304,0,count:2
4170,stat_starvation,Sectid,-1,112,0,336,0,count:2
4170,stat_starvation,Sectid,-1,112,0,368,0,count:1
4170,stat_starvation,Camel,-1,112,0,368,0,count:1
4170,stat_kill,Camel,-1,112,0,400,0,count:1
4170,stat_starvation,Camel,-1,112,0,432,0,count:1
4170,stat_starvation,Camel,-1,112,0,464,0,count:1
4170,stat_starvation,Sectid,-1,144,0,48,0,count:1
4170,stat_starvation,Elk,-1,144,0,80,0,count:1
4170,stat_starvation,Sectid,-1,144,0,80,0,count:1
4170,stat_starvation,Sectid,-1,144,0,112,0,count:2
4170,stat_kill,Deer,-1,144,0,208,0,count:1
4170,stat_starvation,Elk,-1,144,0,208,0,count:1
4170,stat_starvation,Camel,-1,144,0,240,0,count:1
4170,stat_starvation,Elk,-1,144,0,240,0,count:1
4170,stat_starvation,Camel,-1,144,0,336,0,count:1
4170,stat_starvation,Sectid,-1,144,0,336,0,count:1
4170,stat_starvation,Camel,-1,144,0,368,0,count:1
4170,stat_starvation,Camel,-1,144,0,400,0,count:1
4170,stat_birth,Sectid,-1,176,0,16,0,count:1
4170,stat_starvation,Sectid,-1,176,0,16,0,count:1
4170,stat_starvation,Elk,-1,176,0,48,0,count:1
4170,stat_birth,Sectid,-1,176,0,80,0,count:1
4170,stat_starvation,Sectid,-1,176,0,80,0,count:1
4170,stat_starvation,Deer,-1,176,0,144,0,count:1
4170,stat_starvation,Sectid,-1,176,0,144,0,count:1
4170,stat_starvation,Elk,-1,176,0,176,0,count:1
4170,stat_starvation,Sectid,-1,176,0,272,0,count:2
4170,stat_starvation,Camel,-1,176,0,272,0,count:1
4170,stat_starvation,Camel,-1,176,0,304,0,count:1
4170,stat_starvation,Sectid,-1,176,0,304,0,count:1
4170,stat_starvation,Camel,-1,176,0,400,0,count:1
4170,stat_starvation,Sectid,-1,176,0,400,0,count:1
4170,stat_starvation,Sectid,-1,208,0,16,0,count:1
4170,stat_starvation,Musk Ox,-1,208,0,48,0,count:1
4170,stat_kill,Elk,-1,208,0,48,0,count:1
4170,stat_starvation,Hawk,-1,208,0,48,0,count:1
4170,stat_starvation,Elk,-1,208,0,80,0,count:1
4170,stat_birth,Sectid,-1,208,0,80,0,count:1
4170,stat_starvation,Sectid,-1,208,0,80,0,count:1
4170,stat_starvation,Hawk,-1,208,0,80,0,count:2
4170,stat_starvation,Elk,-1,208,0,112,0,count:1
4170,stat_starvation,Sectid,-1,208,0,112,0,count:2
4170,stat_starvation,Elk,-1,208,0,144,0,count:1
4170,stat_starvation,Camel,-1,208,0,272,0,count:1
4170,stat_age_death,Sectid,-1,208,0,304,0,count:1
4170,stat_starvation,Camel,-1,208,0,336,0,count:1
4170,stat_age_death,Sectid,-1,208,0,336,0,count:1
4170,stat_birth,Sectid,-1,208,0,400,0,count:1
4170,stat_starvation,Camel,-1,208,0,400,0,count:1
4170,stat_starvation,Camel,-1,208,0,432,0,count:2
4170,stat_starvation,Hawk,-1,240,0,16,0,count:1
4170,stat_starvation,Sectid,-1,240,0,16,0,count:1
4170,stat_starvation,Sectid,-1,240,0,48,0,count:2
4170,stat_starvation,Hawk,-1,240,0,48,0,count:1
4170,stat_starvation,Musk Ox,-1,240,0,80,0,count:1
4170,stat_starvation,Hawk,-1,240,0,80,0,count:2
4170,stat_starvation,Deer,-1,240,0,144,0,count:1
4170,stat_starvation,Sectid,-1,240,0,176,0,count:1
4170,stat_kill,Fish,-1,240,0,304,0,count:8
4170,stat_birth,Sectid,-1,240,0,304,0,count:1
4170,stat_starvation,Camel,-1,240,0,304,0,count:2
4170,stat_kill,Fish,-1,240,0,336,0,count:3
4170,stat_starvation,Camel,-1,240,0,368,0,count:1
4170,stat_kill,Camel,-1,240,0,432,0,count:1
4170,stat_kill,Deer,-1,272,0,16,0,count:1
4170,stat_starvation,Sectid,-1,272,0,16,0,count:1
4170,stat_starvation,Musk Ox,-1,272,0,48,0,count:1
4170,stat_birth,Sectid,-1,272,0,48,0,count:1
4170,stat_starvation,Sectid,-1,272,0,48,0,count:2
4170,stat_kill,Deer,-1,272,0,80,0,count:1
4170,stat_starvation,Sectid,-1,272,0,80,0,count:1
4170,stat_starvation,Hawk,-1,272,0,80,0,count:2
4170,stat_starvation,Hawk,-1,272,0,112,0,count:1
4170,stat_starvation,Deer,-1,272,0,144,0,count:1
4170,stat_birth,Sectid,-1,272,0,176,0,count:1
4170,stat_birth,Fish,-1,272,0,304,0,count:7
4170,stat_age_death,Fish,-1,272,0,304,0,count:1
4170,stat_kill,Fish,-1,272,0,304,0,count:13
4170,stat_starvation,Elk,-1,272,0,304,0,count:1
4170,stat_birth,Sectid,-1,272,0,304,0,count:1
4170,stat_birth,Fish,-1,272,0,336,0,count:5
4170,stat_kill,Fish,-1,272,0,336,0,count:5
4170,stat_starvation,Camel,-1,272,0,336,0,count:1
4170,stat_birth,Fish,-1,272,0,368,0,count:1
4170,stat_kill,Fish,-1,272,0,368,0,count:1
4170,stat_starvation,Sectid,-1,272,0,400,0,count:1
4170,stat_starvation,Sectid,-1,304,0,48,0,count:3
4170,stat_starvation,Sectid,-1,304,0,80,0,count:2
4170,stat_kill,Lizard,-1,304,0,144,0,count:1
4170,stat_birth,Fish,-1,304,0,144,0,count:2
4170,stat_kill,Fish,-1,304,0,144,0,count:1
4170,stat_birth,Sectid,-1,304,0,144,0,count:1
4170,stat_birth,Fish,-1,304,0,176,0,count:3
4170,stat_kill,Fish,-1,304,0,176,0,count:3
4170,stat_birth,Sectid,-1,304,0,176,0,count:2
4170,stat_kill,Fish,-1,304,0,208,0,count:2
4170,stat_birth,Sectid,-1,304,0,208,0,count:2
4170,stat_birth,Snake,-1,304,0,272,0,count:1
4170,stat_kill,Fish,-1,304,0,272,0,count:3
4170,stat_birth,Sectid,-1,304,0,272,0,count:2
4170,stat_birth,Fish,-1,304,0,304,0,count:6
4170,stat_kill,Fish,-1,304,0,304,0,count:5
4170,stat_birth,Sectid,-1,304,0,304,0,count:1
4170,stat_starvation,Camel,-1,304,0,336,0,count:1
4170,stat_birth,Fish,-1,304,0,336,0,count:3
4170,stat_kill,Fish,-1,304,0,336,0,count:5
4170,stat_starvation,Elk,-1,304,0,336,0,count:1
4170,stat_age_death,Sectid,-1,304,0,336,0,count:1
4170,stat_starvation,Sectid,-1,304,0,400,0,count:1
4170,stat_starvation,Musk Ox,-1,336,0,48,0,count:1
4170,stat_starvation,Musk Ox,-1,336,0,80,0,count:1
4170,stat_kill,Fish,-1,336,0,144,0,count:2
4170,stat_birth,Sectid,-1,336,0,144,0,count:2
4170,stat_starvation,Elk,-1,336,0,176,0,count:1
4170,stat_birth,Fish,-1,336,0,176,0,count:11
4170,stat_age_death,Fish,-1,336,0,176,0,count:1
4170,stat_kill,Fish,-1,336,0,176,0,count:5
4170,stat_birth,Sectid,-1,336,0,176,0,count:1
4170,stat_birth,Fish,-1,336,0,208,0,count:12
4170,stat_age_death,Fish,-1,336,0,208,0,count:1
4170,stat_kill,Fish,-1,336,0,208,0,count:3
4170,stat_age_death,Fish,-1,336,0,240,0,count:1
4170,stat_kill,Fish,-1,336,0,240,0,count:4
4170,stat_birth,Sectid,-1,336,0,240,0,count:1
4170,stat_birth,Fish,-1,336,0,272,0,count:5
4170,stat_kill,Fish,-1,336,0,272,0,count:3
4170,stat_birth,Sectid,-1,336,0,272,0,count:1
4170,stat_birth,Fish,-1,336,0,304,0,count:1
4170,stat_kill,Fish,-1,336,0,304,0,count:1
4170,stat_kill,Fish,-1,336,0,336,0,count:1
4170,stat_starvation,Hawk,-1,368,0,16,0,count:1
4170,stat_starvation,Deer,-1,368,0,48,0,count:1
4170,stat_starvation,Elk,-1,368,0,48,0,count:1
4170,stat_starvation,Elk,-1,368,0,80,0,count:1
4170,stat_birth,Fish,-1,368,0,112,0,count:1
4170,stat_kill,Fish,-1,368,0,112,0,count:2
4170,stat_birth,Sectid,-1,368,0,112,0,count:1
4170,stat_kill,Fish,-1,368,0,144,0,count:1
4170,stat_birth,Sectid,-1,368,0,144,0,count:1
4170,stat_age_death,Fish,-1,368,0,176,0,count:1
4170,stat_kill,Fish,-1,368,0,176,0,count:1
4170,stat_age_death,Fish,-1,368,0,208,0,count:1
4170,stat_kill,Fish,-1,368,0,208,0,count:1
4170,stat_kill,Fish,-1,368,0,240,0,count:2
4170,stat_birth,Fish,-1,368,0,272,0,count:2
4170,stat_kill,Fish,-1,368,0,272,0,count:1
4170,stat_birth,Sectid,-1,368,0,272,0,count:1
4170,stat_starvation,Sectid,-1,368,0,336,0,count:1
4170,stat_starvation,Elk,-1,368,0,336,0,count:1
4170,stat_starvation,Elk,-1,368,0,368,0,count:1
4170,stat_starvation,Elk,-1,400,0,112,0,count:1
4170,stat_kill,Fish,-1,400,0,112,0,count:1
4170,stat_starvation,Deer,-1,400,0,112,0,count:2
4170,stat_birth,Hawk,-1,400,0,112,0,count:1
4170,stat_birth,Fish,-1,400,0,144,0,count:9
4170,stat_age_death,Fish,-1,400,0,144,0,count:1
4170,stat_kill,Fish,-1,400,0,144,0,count:3
4170,stat_starvation,Elk,-1,400,0,144,0,count:1
4170,stat_starvation,Deer,-1,400,0,144,0,count:1
4170,stat_birth,Snake,-1,400,0,176,0,count:1
4170,stat_age_death,Fish,-1,400,0,176,0,count:1
4170,stat_kill,Fish,-1,400,0,176,0,count:1
4170,stat_starvation,Fish,-1,400,0,208,0,count:2
4170,stat_birth,Fish,-1,400,0,240,0,count:3
4170,stat_kill,Fish,-1,400,0,240,0,count:1
4170,stat_birth,Sectid,-1,400,0,272,0,count:1
4170,stat_starvation,Deer,-1,400,0,400,0,count:1
4170,stat_starvation,Elk,-1,432,0,80,0,count:1
4170,stat_kill,Fish,-1,432,0,112,0,count:1
4170,stat_kill,Fish,-1,432,0,144,0,count:1
4170,stat_birth,Fish,-1,432,0,176,0,count:28
4170,stat_age_death,Fish,-1,432,0,176,0,count:1
4170,stat_kill,Fish,-1,432,0,176,0,count:1
4170,stat_birth,Fish,-1,432,0,208,0,count:1
4170,stat_age_death,Tapir,-1,432,0,400,0,count:1
4170,stat_starvation,Elk,-1,432,0,400,0,count:1
4170,stat_birth,Fish,-1,464,0,112,0,count:1
4170,stat_birth,Fish,-1,464,0,176,0,count:1
4170,stat_age_death,Fish,-1,464,0,304,0,count:1
4170,stat_age_death,Fish,-1,464,0,336,0,count:1
4170,stat_starvation,Elk,-1,464,0,432,0,count:1
4170,stat_kill,Fish,-1,496,0,304,0,count:1
4170,stat_birth,Fish,-1,496,0,368,0,count:1
4170,starvation,Hawk,928,266,6,253,1,
4200,stat_starvation,Elk,-1,16,0,48,0,count:1
4200,stat_starvation,Elk,-1,16,0,80,0,count:1
4200,stat_starvation,Elk,-1,16,0,112,0,count:1
4200,stat_starvation,Elk,-1,16,0,144,0,count:1
4200,stat_starvation,Sectid,-1,16,0,176,0,count:1
4200,stat_starvation,Sectid,-1,16,0,208,0,count:1
4200,stat_starvation,Elk,-1,16,0,240,0,count:1
4200,stat_birth,Fish,-1,16,0,240,0,count:1
4200,stat_kill,Fish,-1,16,0,240,0,count:1
4200,stat_kill,Fish,-1,16,0,272,0,count:2
4200,stat_kill,Deer,-1,16,0,304,0,count:1
4200,stat_birth,Fish,-1,16,0,304,0,count:1
4200,stat_kill,Fish,-1,16,0,304,0,count:1
4200,stat_starvation,Elk,-1,16,0,336,0,count:1
4200,stat_starvation,Camel,-1,16,0,336,0,count:1
4200,stat_starvation,Sectid,-1,16,0,400,0,count:1
4200,stat_starvation,Elk,-1,48,0,80,0,count:1
4200,stat_starvation,Deer,-1,48,0,112,0,count:1
4200,stat_starvation,Elk,-1,48,0,112,0,count:1
4200,stat_starvation,Deer,-1,48,0,144,0,count:1
4200,stat_starvation,Elk,-1,48,0,144,0,count:1
4200,stat_starvation,Deer,-1,48,0,176,0,count:1
4200,stat_starvation,Elk,-1,48,0,176,0,count:1
4200,stat_starvation,Sectid,-1,48,0,208,0,count:2
4200,stat_starvation,Elk,-1,48,0,240,0,count:1
4200,stat_kill,Fish,-1,48,0,240,0,count:2
4200,stat_birth,Fish,-1,48,0,272,0,count:11
4200,stat_age_death,Fish,-1,48,0,272,0,count:1
4200,stat_kill,Fish,-1,48,0,272,0,count:12
4200,stat_starvation,Sectid,-1,48,0,400,0,count:1
4200,stat_starvation,Camel,-1,48,0,432,0,count:1
4200,stat_starvation,Elk,-1,80,0,48,0,count:1
4200,stat_starvation,Deer,-1,80,0,112,0,count:1
4200,stat_starvation,Deer,-1,80,0,144,0,count:1
4200,stat_starvation,Deer,-1,80,0,176,0,count:1
4200,stat_starvation,Sectid,-1,80,0,208,0,count:3
4200,stat_starvation,Elk,-1,80,0,208,0,count:1
4200,stat_starvation,Elk,-1,80,0,240,0,count:1
4200,stat_birth,Fish,-1,80,0,240,0,count:1
4200,stat_kill,Fish,-1,80,0,240,0,count:1
4200,stat_kill,Fish,-1,80,0,272,0,count:1
4200,stat_starvation,Elk,-1,80,0,272,0,count:1
4200,stat_starvation,Elk,-1,80,0,304,0,count:1
4200,stat_starvation,Camel,-1,80,0,304,0,count:1
4200,stat_birth,Fish,-1,80,0,304,0,count:1
4200,stat_kill,Fish,-1,80,0,304,0,count:1
4200,stat_starvation,Camel,-1,80,0,400,0,count:1
4200,stat_starvation,Sectid,-1,80,0,400,0,count:1
4200,stat_starvation,Camel,-1,80,0,432,0,count:1
4200,stat_starvation,Camel,-1,80,0,464,0,count:1
4200,stat_starvation,Sectid,-1,112,0,48,0,count:1
4200,stat_starvation,Deer,-1,112,0,112,0,count:1
4200,stat_starvation,Deer,-1,112,0,144,0,count:1
4200,stat_starvation,Deer,-1,112,0,176,0,count:1
4200,stat_starvation,Elk,-1,112,0,176,0,count:1
4200,stat_starvation,Sectid,-1,112,0,208,0,count:2
4200,stat_starvation,Elk,-1,112,0,240,0,count:1
4200,stat_starvation,Camel,-1,112,0,304,0,count:1
4200,stat_starvation,Sectid,-1,112,0,304,0,count:2
4200,stat_starvation,Camel,-1,112,0,336,0,count:1
4200,stat_starvation,Sectid,-1,112,0,336,0,count:1
4200,stat_starvation,Sectid,-1,112,0,368,0,count:1
4200,stat_starvation,Camel,-1,112,0,368,0,count:1
4200,stat_starvation,Camel,-1,112,0,464,0,count:1
4200,stat_starvation,Sectid,-1,144,0,112,0,count:1
4200,stat_kill,Deer,-1,144,0,144,0,count:1
4200,stat_starvation,Elk,-1,144,0,144,0,count:2
4200,stat_starvation,Deer,-1,144,0,176,0,count:2
4200,stat_starvation,Elk,-1,144,0,176,0,count:1
4200,stat_starvation,Elk,-1,144,0,208,0,count:1
4200,stat_starvation,Camel,-1,144,0,240,0,count:1
4200,stat_starvation,Camel,-1,144,0,304,0,count:2
4200,stat_starvation,Sectid,-1,144,0,336,0,count:1
4200,stat_starvation,Camel,-1,144,0,368,0,count:1
4200,stat_starvation,Camel,-1,144,0,432,0,count:1
4200,stat_kill,Camel,-1,144,0,496,0,count:1
4200,stat_starvation,Sectid,-1,176,0,80,0,count:1
4200,stat_starvation,Elk,-1,176,0,112,0,count:1
4200,stat_starvation,Sectid,-1,176,0,112,0,count:1
4200,stat_starvation,Sectid,-1,176,0,144,0,count:1
4200,stat_starvation,Elk,-1,176,0,144,0,count:1
4200,stat_starvation,Deer,-1,176,0,176,0,count:1
4200,stat_starvation,Deer,-1,176,0,208,0,count:1
4200,stat_starvation,Elk,-1,176,0,208,0,count:1
4200,stat_starvation,Camel,-1,176,0,240,0,count:1
4200,stat_starvation,Sectid,-1,176,0,272,0,count:1
4200,stat_starvation,Camel,-1,176,0,272,0,count:1
4200,stat_starvation,Camel,-1,176,0,304,0,count:2
4200,stat_starvation,Sectid,-1,176,0,304,0,count:2
4200,stat_starvation,Camel,-1,176,0,336,0,count:1
4200,stat_starvation,Camel,-1,176,0,368,0,count:1
4200,stat_starvation,Camel,-1,176,0,400,0,count:1
4200,stat_starvation,Sectid,-1,176,0,400,0,count:1
4200,stat_starvation,Camel,-1,176,0,432,0,count:1
4200,stat_starvation,Sectid,-1,176,0,432,0,count:1
4200,stat_starvation,Camel,-1,176,0,464,0,count:1
4200,stat_starvation,Sectid,-1,208,0,16,0,count:1
4200,stat_starvation,Hawk,-1,208,0,16,0,count:1
4200,stat_starvation,Musk Ox,-1,208,0,48,0,count:1
4200,stat_starvation,Hawk,-1,208,0,48,0,count:1
4200,stat_starvation,Deer,-1,208,0,80,0,count:1
4200,stat_starvation,Sectid,-1,208,0,80,0,count:1
4200,stat_starvation,Musk Ox,-1,208,0,80,0,count:1
4200,stat_starvation,Hawk,-1,208,0,80,0,count:1
4200,stat_starvation,Sectid,-1,208,0,112,0,count:2
4200,stat_starvation,Hawk,-1,208,0,112,0,count:1
4200,stat_starvation,Elk,-1,208,0,144,0,count:2
4200,stat_starvation,Camel,-1,208,0,272,0,count:1
4200,stat_starvation,Camel,-1,208,0,304,0,count:1
4200,stat_birth,Fish,-1,208,0,304,0,count:1
4200,stat_starvation,Camel,-1,208,0,336,0,count:1
4200,stat_kill,Fish,-1,208,0,336,0,count:1
4200,stat_starvation,Sectid,-1,208,0,400,0,count:2
4200,stat_starvation,Camel,-1,208,0,400,0,count:1
4200,stat_starvation,Camel,-1,208,0,432,0,count:1
4200,stat_starvation,Hawk,-1,240,0,16,0,count:1
4200,stat_birth,Sectid,-1,240,0,16,0,count:1
4200,stat_starvation,Sectid,-1,240,0,16,0,count:1
4200,stat_starvation,Sectid,-1,240,0,48,0,count:2
4200,stat_starvation,Hawk,-1,240,0,48,0,count:1
4200,stat_starvation,Hawk,-1,240,0,80,0,count:1
4200,stat_starvation,Sectid,-1,240,0,176,0,count:2
4200,stat_kill,Fish,-1,240,0,304,0,count:8
4200,stat_birth,Sectid,-1,240,0,304,0,count:1
4200,stat_kill,Fish,-1,240,0,336,0,count:4
4200,stat_birth,Sectid,-1,240,0,336,0,count:1
4200,stat_starvation,Camel,-1,240,0,336,0,count:1
4200,stat_kill,Fish,-1,240,0,368,0,count:1
4200,stat_kill,Musk Ox,-1,272,0,16,0,count:1
4200,stat_starvation,Sectid,-1,272,0,16,0,count:2
4200,stat_starvation,Deer,-1,272,0,48,0,count:1
4200,stat_starvation,Sectid,-1,272,0,48,0,count:2
4200,stat_starvation,Sectid,-1,272,0,80,0,count:2
4200,stat_starvation,Hawk,-1,272,0,80,0,count:1
4200,stat_starvation,Hawk,-1,272,0,112,0,count:1
4200,stat_kill,Elk,-1,272,0,144,0,count:1
4200,stat_birth,Fish,-1,272,0,304,0,count:7
4200,stat_age_death,Fish,-1,272,0,304,0,count:1
4200,stat_kill,Fish,-1,272,0,304,0,count:13
4200,stat_birth,Sectid,-1,272,0,304,0,count:1
4200,stat_starvation,Camel,-1,272,0,304,0,count:1
4200,stat_birth,Fish,-1,272,0,336,0,count:6
4200,stat_kill,Fish,-1,272,0,336,0,count:5
4200,stat_birth,Sectid,-1,272,0,336,0,count:1
4200,stat_starvation,Camel,-1,272,0,336,0,count:1
4200,stat_starvation,Sectid,-1,304,0,16,0,count:1
4200,stat_starvation,Musk Ox,-1,304,0,48,0,count:1
4200,stat_birth,Sectid,-1,304,0,48,0,count:1
4200,stat_starvation,Sectid,-1,304,0,48,0,count:2
4200,stat_kill,Deer,-1,304,0,80,0,count:1
4200,stat_starvation,Musk Ox,-1,304,0,80,0,count:1
4200,stat_starvation,Sectid,-1,304,0,80,0,count:2
4200,stat_birth,Fish,-1,304,0,144,0,count:1
4200,stat_kill,Fish,-1,304,0,144,0,count:2
4200,stat_birth,Sectid,-1,304,0,144,0,count:1
4200,stat_birth,Fish,-1,304,0,176,0,count:2
4200,stat_kill,Fish,-1,304,0,176,0,count:4
4200,stat_birth,Sectid,-1,304,0,176,0,count:3
4200,stat_kill,Fish,-1,304,0,208,0,count:2
4200,stat_birth,Sectid,-1,304,0,208,0,count:1
4200,stat_kill,Fish,-1,304,0,272,0,count:2
4200,stat_birth,Sectid,-1,304,0,272,0,count:2
4200,stat_birth,Fish,-1,304,0,304,0,count:5
4200,stat_kill,Fish,-1,304,0,304,0,count:6
4200,stat_starvation,Camel,-1,304,0,336,0,count:1
4200,stat_birth,Fish,-1,304,0,336,0,count:2
4200,stat_kill,Fish,-1,304,0,336,0,count:6
4200,stat_birth,Sectid,-1,304,0,336,0,count:1
4200,stat_kill,Fish,-1,304,0,368,0,count:1
4200,stat_birth,Sectid,-1,304,0,400,0,count:1
4200,stat_kill,Deer,-1,336,0,16,0,count:1
4200,stat_kill,Deer,-1,336,0,48,0,count:1
4200,stat_starvation,Musk Ox,-1,336,0,80,0,count:1
4200,stat_starvation,Elk,-1,336,0,112,0,count:1
4200,stat_kill,Fish,-1,336,0,112,0,count:1
4200,stat_kill,Fish,-1,336,0,144,0,count:3
4200,stat_birth,Sectid,-1,336,0,144,0,count:1
4200,stat_birth,Fish,-1,336,0,176,0,count:11
4200,stat_age_death,Fish,-1,336,0,176,0,count:1
4200,stat_kill,Fish,-1,336,0,176,0,count:7
4200,stat_birth,Sectid,-1,336,0,176,0,count:2
4200,stat_birth,Fish,-1,336,0,208,0,count:11
4200,stat_age_death,Fish,-1,336,0,208,0,count:2
4200,stat_kill,Fish,-1,336,0,208,0,count:3
4200,stat_birth,Sectid,-1,336,0,208,0,count:1
4200,stat_birth,Fish,-1,336,0,240,0,count:11
4200,stat_age_death,Fish,-1,336,0,240,0,count:2
4200,stat_kill,Fish,-1,336,0,240,0,count:5
4200,stat_birth,Sectid,-1,336,0,240,0,count:1
4200,stat_starvation,Elk,-1,336,0,272,0,count:1
4200,stat_birth,Fish,-1,336,0,272,0,count:5
4200,stat_kill,Fish,-1,336,0,272,0,count:3
4200,stat_birth,Sectid,-1,336,0,272,0,count:2
4200,stat_starvation,Elk,-1,336,0,304,0,count:1
4200,stat_kill,Fish,-1,336,0,304,0,count:1
4200,stat_birth,Fish,-1,336,0,336,0,count:1
4200,stat_kill,Fish,-1,336,0,368,0,count:1
4200,stat_starvation,Hawk,-1,368,0,16,0,count:1
4200,stat_starvation,Deer,-1,368,0,80,0,count:1
4200,stat_starvation,Deer,-1,368,0,112,0,count:1
4200,stat_birth,Fish,-1,368,0,112,0,count:1
4200,stat_kill,Fish,-1,368,0,112,0,count:2
4200,stat_kill,Fish,-1,368,0,144,0,count:2
4200,stat_age_death,Fish,-1,368,0,176,0,count:1
4200,stat_kill,Fish,-1,368,0,176,0,count:2
4200,stat_birth,Sectid,-1,368,0,176,0,count:1
4200,stat_kill,Fish,-1,368,0,208,0,count:1
4200,stat_kill,Fish,-1,368,0,240,0,count:1
4200,stat_birth,Sectid,-1,368,0,240,0,count:1
4200,stat_birth,Fish,-1,368,0,272,0,count:3
4200,stat_kill,Fish,-1,368,0,272,0,count:2
4200,stat_birth,Sectid,-1,368,0,272,0,count:1
4200,stat_starvation,Sectid,-1,368,0,336,0,count:1
4200,stat_starvation,Elk,-1,368,0,336,0,count:1
4200,stat_starvation,Elk,-1,368,0,368,0,count:1
4200,stat_starvation,Elk,-1,368,0,400,0,count:1
4200,stat_starvation,Hawk,-1,400,0,16,0,count:1
4200,stat_starvation,Hawk,-1,400,0,48,0,count:2
4200,stat_starvation,Deer,-1,400,0,80,0,count:2
4200,stat_birth,Fish,-1,400,0,80,0,count:1
4200,stat_kill,Fish,-1,400,0,80,0,count:1
4200,stat_birth,Arctic Fox,-1,400,0,112,0,count:1
4200,stat_starvation,Elk,-1,400,0,112,0,count:1
4200,stat_kill,Fish,-1,400,0,112,0,count:2
4200,stat_starvation,Deer,-1,400,0,112,0,count:1
4200,stat_birth,Fish,-1,400,0,144,0,count:10
4200,stat_age_death,Fish,-1,400,0,144,0,count:1
4200,stat_kill,Fish,-1,400,0,144,0,count:3
4200,stat_age_death,Fish,-1,400,0,176,0,count:1
4200,stat_kill,Fish,-1,400,0,176,0,count:1
4200,stat_starvation,Fish,-1,400,0,208,0,count:1
4200,stat_birth,Fish,-1,400,0,240,0,count:2
4200,stat_kill,Fish,-1,400,0,272,0,count:1
4200,stat_starvation,Elk,-1,400,0,336,0,count:2
4200,stat_birth,Sectid,-1,400,0,368,0,count:1
4200,stat_starvation,Elk,-1,400,0,368,0,count:1
4200,stat_starvation,Deer,-1,400,0,400,0,count:1
4200,stat_starvation,Elk,-1,400,0,400,0,count:1
4200,stat_kill,Elk,-1,400,0,432,0,count:1
4200,stat_kill,Fish,-1,432,0,112,0,count:1
4200,stat_kill,Fish,-1,432,0,144,0,count:1
4200,stat_age_death,Fish,-1,432,0,176,0,count:1
4200,stat_kill,Fish,-1,432,0,176,0,count:1
4200,stat_kill,Fish,-1,432,0,208,0,count:1
4200,stat_kill,Fish,-1,432,0,240,0,count:1
4200,stat_kill,Fish,-1,432,0,272,0,count:1
4200,stat_birth,Sectid,-1,432,0,304,0,count:1
4200,stat_starvation,Elk,-1,432,0,368,0,count:1
4200,stat_age_death,Fish,-1,464,0,144,0,count:1
4200,stat_birth,Fish,-1,464,0,208,0,count:1
4200,stat_kill,Shroomer,-1,464,0,304,0,count:1
4200,stat_starvation,Elk,-1,464,0,368,0,count:1
4200,stat_kill,Fish,-1,496,0,304,0,count:1
4200,stat_birth,Scorpion,-1,496,0,304,0,count:1
4200,stat_age_death,Fish,-1,496,0,336,0,count:1
4200,stat_birth,Fish,-1,496,0,368,0,count:1
4230,stat_kill,Shroomer,-1,16,0,80,0,count:1
4230,stat_starvation,Elk,-1,16,0,112,0,count:1
4230,stat_birth,Tapir,-1,16,0,144,0,count:1
4230,stat_starvation,Sectid,-1,16,0,176,0,count:1
4230,stat_starvation,Elk,-1,16,0,176,0,count:1
4230,stat_starvation,Deer,-1,16,0,176,0,count:1
4230,stat_starvation,Sectid,-1,16,0,208,0,count:1
4230,stat_birth,Fish,-1,16,0,240,0,count:1
4230,stat_kill,Fish,-1,16,0,240,0,count:2
4230,stat_birth,Fish,-1,16,0,272,0,count:1
4230,stat_kill,Fish,-1,16,0,272,0,count:1
4230,stat_starvation,Elk,-1,16,0,304,0,count:1
4230,stat_starvation,Camel,-1,16,0,304,0,count:1
4230,stat_kill,Fish,-1,16,0,304,0,count:2
4230,stat_birth,Sectid,-1,16,0,304,0,count:1
4230,stat_starvation,Camel,-1,16,0,368,0,count:1
4230,stat_starvation,Sectid,-1,16,0,400,0,count:1
4230,stat_starvation,Elk,-1,48,0,16,0,count:1
4230,stat_starvation,Elk,-1,48,0,48,0,count:1
4230,stat_starvation,Sectid,-1,48,0,80,0,count:1
4230,stat_starvation,Elk,-1,48,0,144,0,count:1
4230,stat_starvation,Sectid,-1,48,0,176,0,count:1
4230,stat_starvation,Elk,-1,48,0,176,0,count:1
4230,stat_starvation,Sectid,-1,48,0,208,0,count:1
4230,stat_starvation,Camel,-1,48,0,240,0,count:1
4230,stat_birth,Fish,-1,48,0,240,0,count:1
4230,stat_kill,Fish,-1,48,0,240,0,count:1
4230,stat_birth,Fish,-1,48,0,272,0,count:11
4230,stat_age_death,Fish,-1,48,0,272,0,count:1
4230,stat_kill,Fish,-1,48,0,272,0,count:12
4230,stat_starvation,Camel,-1,48,0,272,0,count:1
4230,stat_starvation,Elk,-1,48,0,304,0,count:1
4230,stat_kill,Fish,-1,48,0,304,0,count:1
4230,stat_starvation,Elk,-1,48,0,336,0,count:1
4230,stat_starvation,Camel,-1,48,0,336,0,count:1
4230,stat_starvation,Camel,-1,48,0,368,0,count:1
4230,stat_starvation,Sectid,-1,80,0,80,0,count:1
4230,stat_starvation,Deer,-1,80,0,112,0,count:1
4230,stat_kill,Elk,-1,80,0,112,0,count:1
4230,stat_starvation,Elk,-1,80,0,176,0,count:1
4230,stat_starvation,Sectid,-1,80,0,208,0,count:3
4230,stat_kill,Fish,-1,80,0,240,0,count:1
4230,stat_starvation,Camel,-1,80,0,304,0,count:1
4230,stat_kill,Fish,-1,80,0,304,0,count:1
4230,stat_starvation,Camel,-1,80,0,368,0,count:1
4230,stat_starvation,Sectid,-1,80,0,400,0,count:2
4230,stat_starvation,Sectid,-1,112,0,48,0,count:1
4230,stat_starvation,Sectid,-1,112,0,80,0,count:1
4230,stat_starvation,Deer,-1,112,0,144,0,count:1
4230,stat_starvation,Elk,-1,112,0,144,0,count:1
4230,stat_starvation,Deer,-1,112,0,208,0,count:1
4230,stat_starvation,Sectid,-1,112,0,208,0,count:2
4230,stat_starvation,Elk,-1,112,0,208,0,count:1
4230,stat_starvation,Camel,-1,112,0,208,0,count:1
4230,stat_starvation,Elk,-1,112,0,240,0,count:1
4230,stat_starvation,Camel,-1,112,0,304,0,count:1
4230,stat_starvation,Elk,-1,112,0,304,0,count:1
4230,stat_starvation,Sectid,-1,112,0,304,0,count:3
4230,stat_starvation,Camel,-1,112,0,336,0,count:1
4230,stat_starvation,Elk,-1,112,0,336,0,count:1
4230,stat_starvation,Sectid,-1,112,0,336,0,count:2
4230,stat_starvation,Camel,-1,112,0,432,0,count:1
4230,stat_starvation,Deer,-1,144,0,48,0,count:1
4230,stat_birth,Sectid,-1,144,0,48,0,count:1
4230,stat_starvation,Elk,-1,144,0,48,0,count:1
4230,stat_starvation,Elk,-1,144,0,80,0,count:1
4230,stat_birth,Sectid,-1,144,0,80,0,count:1
4230,stat_starvation,Sectid,-1,144,0,80,0,count:1
4230,stat_starvation,Deer,-1,144,0,112,0,count:1
4230,stat_starvation,Elk,-1,144,0,112,0,count:1
4230,stat_starvation,Sectid,-1,144,0,112,0,count:1
4230,stat_starvation,Elk,-1,144,0,176,0,count:1
4230,stat_starvation,Elk,-1,144,0,208,0,count:1
4230,stat_starvation,Sectid,-1,144,0,240,0,count:1
4230,stat_starvation,Camel,-1,144,0,240,0,count:1
4230,stat_starvation,Camel,-1,144,0,272,0,count:1
4230,stat_starvation,Camel,-1,144,0,336,0,count:1
4230,stat_starvation,Sectid,-1,144,0,368,0,count:1
4230,stat_starvation,Sectid,-1,176,0,16,0,count:1
4230,stat_starvation,Sectid,-1,176,0,80,0,count:1
4230,stat_starvation,Sectid,-1,176,0,112,0,count:1
4230,stat_birth,Sectid,-1,176,0,144,0,count:1
4230,stat_starvation,Elk,-1,176,0,176,0,count:1
4230,stat_starvation,Deer,-1,176,0,208,0,count:1
4230,stat_starvation,Camel,-1,176,0,240,0,count:1
4230,stat_starvation,Sectid,-1,176,0,272,0,count:2
4230,stat_starvation,Sectid,-1,176,0,304,0,count:2
4230,stat_starvation,Camel,-1,176,0,400,0,count:1
4230,stat_starvation,Sectid,-1,176,0,400,0,count:1
4230,stat_starvation,Camel,-1,176,0,432,0,count:1
4230,stat_birth,Sectid,-1,208,0,16,0,count:1
4230,stat_starvation,Hawk,-1,208,0,16,0,count:1
4230,stat_starvation,Hawk,-1,208,0,48,0,count:1
4230,stat_starvation,Elk,-1,208,0,80,0,count:1
4230,stat_starvation,Sectid,-1,208,0,80,0,count:2
4230,stat_starvation,Hawk,-1,208,0,80,0,count:1
4230,stat_starvation,Elk,-1,208,0,112,0,count:1
4230,stat_birth,Sectid,-1,208,0,112,0,count:1
4230,stat_starvation,Sectid,-1,208,0,112,0,count:1
4230,stat_starvation,Elk,-1,208,0,144,0,count:1
4230,stat_kill,Elk,-1,208,0,176,0,count:1
4230,stat_starvation,Deer,-1,208,0,176,0,count:1
4230,stat_starvation,Camel,-1,208,0,304,0,count:1
4230,stat_kill,Fish,-1,208,0,304,0,count:1
4230,stat_starvation,Camel,-1,208,0,336,0,count:1
4230,stat_birth,Fish,-1,208,0,336,0,count:1
4230,stat_starvation,Camel,-1,208,0,368,0,count:2
4230,stat_starvation,Sectid,-1,208,0,400,0,count:2
4230,stat_starvation,Camel,-1,208,0,400,0,count:2
4230,stat_starvation,Sectid,-1,208,0,496,0,count:1
4230,stat_starvation,Hawk,-1,240,0,16,0,count:1
4230,stat_starvation,Musk Ox,-1,240,0,16,0,count:1
4230,stat_starvation,Sectid,-1,240,0,16,0,count:1
4230,stat_starvation,Sectid,-1,240,0,48,0,count:2
4230,stat_starvation,Hawk,-1,240,0,48,0,count:1
4230,stat_starvation,Hawk,-1,240,0,80,0,count:1
4230,stat_kill,Deer,-1,240,0,112,0,count:1
4230,stat_starvation,Deer,-1,240,0,144,0,count:1
4230,stat_starvation,Sectid,-1,240,0,144,0,count:1
4230,stat_starvation,Sectid,-1,240,0,176,0,count:1
4230,stat_kill,Fish,-1,240,0,304,0,count:7
4230,stat_starvation,Camel,-1,240,0,304,0,count:1
4230,stat_kill,Fish,-1,240,0,336,0,count:3
4230,stat_starvation,Camel,-1,240,0,336,0,count:1
4230,stat_starvation,Camel,-1,240,0,368,0,count:1
4230,stat_birth,Fish,-1,240,0,368,0,count:1
4230,stat_birth,Sectid,-1,272,0,16,0,count:1
4230,stat_starvation,Sectid,-1,272,0,16,0,count:1
4230,stat_starvation,Sectid,-1,272,0,48,0,count:2
4230,stat_starvation,Sectid,-1,272,0,80,0,count:2
4230,stat_starvation,Hawk,-1,272,0,80,0,count:2
4230,stat_starvation,Hawk,-1,272,0,112,0,count:2
4230,stat_kill,Fish,-1,272,0,144,0,count:1
4230,stat_kill,Fish,-1,272,0,176,0,count:1
4230,stat_birth,Fish,-1,272,0,304,0,count:7
4230,stat_age_death,Fish,-1,272,0,304,0,count:1
4230,stat_kill,Fish,-1,272,0,304,0,count:13
4230,stat_birth,Sectid,-1,272,0,304,0,count:1
4230,stat_starvation,Camel,-1,272,0,304,0,count:1
4230,stat_birth,Fish,-1,272,0,336,0,count:5
4230,stat_kill,Fish,-1,272,0,336,0,count:6
4230,stat_birth,Sectid,-1,272,0,336,0,count:1
4230,stat_kill,Fish,-1,272,0,368,0,count:1
4230,stat_kill,Camel,-1,272,0,400,0,count:1
4230,stat_starvation,Musk Ox,-1,304,0,16,0,count:1
4230,stat_starvation,Sectid,-1,304,0,16,0,count:1
4230,stat_starvation,Deer,-1,304,0,48,0,count:1
4230,stat_starvation,Sectid,-1,304,0,48,0,count:3
4230,stat_starvation,Sectid,-1,304,0,80,0,count:3
4230,stat_birth,Fish,-1,304,0,144,0,count:2
4230,stat_kill,Fish,-1,304,0,144,0,count:2
4230,stat_birth,Sectid,-1,304,0,144,0,count:1
4230,stat_birth,Fish,-1,304,0,176,0,count:3
4230,stat_kill,Fish,-1,304,0,176,0,count:4
4230,stat_birth,Sectid,-1,304,0,176,0,count:2
4230,stat_kill,Fish,-1,304,0,208,0,count:2
4230,stat_birth,Sectid,-1,304,0,208,0,count:2
4230,stat_kill,Fish,-1,304,0,272,0,count:3
4230,stat_birth,Sectid,-1,304,0,272,0,count:1
4230,stat_birth,Fish,-1,304,0,304,0,count:6
4230,stat_kill,Fish,-1,304,0,304,0,count:5
4230,stat_birth,Sectid,-1,304,0,304,0,count:1
4230,stat_birth,Fish,-1,304,0,336,0,count:2
4230,stat_kill,Fish,-1,304,0,336,0,count:5
4230,stat_birth,Sectid,-1,304,0,336,0,count:1
4230,stat_starvation,Sectid,-1,304,0,400,0,count:2
4230,stat_starvation,Musk Ox,-1,336,0,48,0,count:1
4230,stat_starvation,Sectid,-1,336,0,48,0,count:2
4230,stat_kill,Elk,-1,336,0,80,0,count:1
4230,stat_starvation,Elk,-1,336,0,144,0,count:1
4230,stat_kill,Fish,-1,336,0,144,0,count:2
4230,stat_birth,Sectid,-1,336,0,144,0,count:2
4230,stat_birth,Fish,-1,336,0,176,0,count:11
4230,stat_age_death,Fish,-1,336,0,176,0,count:1
4230,stat_kill,Fish,-1,336,0,176,0,count:6
4230,stat_birth,Sectid,-1,336,0,176,0,count:1
4230,stat_birth,Fish,-1,336,0,208,0,count:12
4230,stat_age_death,Fish,-1,336,0,208,0,count:1
4230,stat_kill,Fish,-1,336,0,208,0,count:4
4230,stat_birth,Sectid,-1,336,0,208,0,count:1
4230,stat_birth,Fish,-1,336,0,240,0,count:11
4230,stat_age_death,Fish,-1,336,0,240,0,count:1
4230,stat_kill,Fish,-1,336,0,240,0,count:5
4230,stat_birth,Sectid,-1,336,0,240,0,count:1
4230,stat_birth,Fish,-1,336,0,272,0,count:4
4230,stat_kill,Fish,-1,336,0,272,0,count:3
4230,stat_birth,Sectid,-1,336,0,272,0,count:2
4230,stat_starvation,Elk,-1,336,0,304,0,count:1
4230,stat_kill,Fish,-1,336,0,304,0,count:1
4230,stat_starvation,Elk,-1,336,0,336,0,count:1
4230,stat_kill,Fish,-1,336,0,336,0,count:1
4230,stat_starvation,Hawk,-1,368,0,16,0,count:1
4230,stat_starvation,Elk,-1,368,0,48,0,count:1
4230,stat_starvation,Elk,-1,368,0,80,0,count:2
4230,stat_starvation,Elk,-1,368,0,112,0,count:1
4230,stat_birth,Fish,-1,368,0,112,0,count:1
4230,stat_kill,Fish,-1,368,0,112,0,count:2
4230,stat_birth,Sectid,-1,368,0,112,0,count:1
4230,stat_kill,Fish,-1,368,0,144,0,count:2
4230,stat_birth,Sectid,-1,368,0,144,0,count:1
4230,stat_age_death,Fish,-1,368,0,176,0,count:1
4230,stat_kill,Fish,-1,368,0,176,0,count:2
4230,stat_age_death,Fish,-1,368,0,208,0,count:1
4230,stat_kill,Fish,-1,368,0,208,0,count:1
4230,stat_kill,Fish,-1,368,0,240,0,count:2
4230,stat_birth,Sectid,-1,368,0,240,0,count:1
4230,stat_birth,Fish,-1,368,0,272,0,count:2
4230,stat_kill,Fish,-1,368,0,272,0,count:1
4230,stat_birth,Sectid,-1,368,0,272,0,count:1
4230,stat_starvation,Sectid,-1,368,0,336,0,count:2
4230,stat_starvation,Elk,-1,368,0,336,0,count:1
4230,stat_starvation,Elk,-1,368,0,368,0,count:1
4230,stat_starvation,Hawk,-1,400,0,48,0,count:1
4230,stat_starvation,Elk,-1,400,0,48,0,count:1
4230,stat_kill,Elk,-1,400,0,80,0,count:1
4230,stat_starvation,Elk,-1,400,0,112,0,count:1
4230,stat_kill,Fish,-1,400,0,112,0,count:1
4230,stat_starvation,Deer,-1,400,0,112,0,count:1
4230,stat_birth,Fish,-1,400,0,144,0,count:9
4230,stat_age_death,Fish,-1,400,0,144,0,count:1
4230,stat_kill,Fish,-1,400,0,144,0,count:3
4230,stat_birth,Snake,-1,400,0,176,0,count:1
4230,stat_birth,Fish,-1,400,0,176,0,count:7
4230,stat_age_death,Fish,-1,400,0,176,0,count:1
4230,stat_kill,Fish,-1,400,0,176,0,count:1
4230,stat_starvation,Fish,-1,400,0,208,0,count:1
4230,stat_birth,Fish,-1,400,0,240,0,count:2
4230,stat_kill,Fish,-1,400,0,240,0,count:1
4230,stat_birth,Fish,-1,400,0,272,0,count:1
4230,stat_kill,Turtle,-1,400,0,336,0,count:1
4230,stat_starvation,Elk,-1,400,0,336,0,count:1
4230,stat_starvation,Sectid,-1,400,0,368,0,count:1
4230,stat_starvation,Elk,-1,400,0,368,0,count:1
4230,stat_starvation,Elk,-1,400,0,400,0,count:1
4230,stat_starvation,Elk,-1,432,0,80,0,count:1
4230,stat_kill,Fish,-1,432,0,112,0,count:1
4230,stat_kill,Fish,-1,432,0,144,0,count:1
4230,stat_age_death,Fish,-1,432,0,176,0,count:1
4230,stat_kill,Fish,-1,432,0,176,0,count:1
4230,stat_birth,Fish,-1,432,0,240,0,count:1
4230,stat_birth,Fish,-1,432,0,272,0,count:1
4230,stat_birth,Sectid,-1,432,0,272,0,count:1
4230,stat_starvation,Fish,-1,432,0,304,0,count:1
4230,stat_starvation,Elk,-1,432,0,336,0,count:1
4230,stat_starvation,Deer,-1,432,0,464,0,count:1
4230,stat_birth,Fish,-1,464,0,176,0,count:1
4230,stat_kill,Fish,-1,464,0,272,0,count:1
4230,stat_kill,Fish,-1,464,0,336,0,count:1
4230,stat_starvation,Elk,-1,464,0,336,0,count:2
4230,stat_starvation,Elk,-1,464,0,464,0,count:1
4230,stat_kill,Fish,-1,496,0,304,0,count:1
4230,stat_starvation,Elk,-1,496,0,368,0,count:1
4230,stat_birth,Fish,-1,496,0,368,0,count:1
4230,stat_starvation,Elk,-1,496,0,432,0,count:1
4260,stat_starvation,Elk,-1,16,0,80,0,count:1
4260,stat_starvation,Sectid,-1,16,0,208,0,count:1
4260,stat_starvation,Elk,-1,16,0,208,0,count:1
4260,stat_birth,Fish,-1,16,0,240,0,count:1
4260,stat_kill,Fish,-1,16,0,240,0,count:1
4260,stat_starvation,Elk,-1,16,0,272,0,count:1
4260,stat_birth,Fish,-1,16,0,272,0,count:1
4260,stat_kill,Fish,-1,16,0,272,0,count:1
4260,stat_starvation,Elk,-1,16,0,304,0,count:1
4260,stat_birth,Fish,-1,16,0,304,0,count:1
4260,stat_kill,Fish,-1,16,0,304,0,count:1
4260,stat_starvation,Elk,-1,16,0,336,0,count:1
4260,stat_starvation,Camel,-1,16,0,336,0,count:1
4260,stat_starvation,Sectid,-1,16,0,400,0,count:1
4260,stat_starvation,Sectid,-1,48,0,80,0,count:2
4260,stat_starvation,Deer,-1,48,0,112,0,count:1
4260,stat_starvation,Deer,-1,48,0,144,0,count:1
4260,stat_starvation,Deer,-1,48,0,176,0,count:1
4260,stat_starvation,Elk,-1,48,0,176,0,count:1
4260,stat_starvation,Deer,-1,48,0,208,0,count:1
4260,stat_starvation,Sectid,-1,48,0,208,0,count:1
4260,stat_starvation,Elk,-1,48,0,208,0,count:1
4260,stat_starvation,Elk,-1,48,0,240,0,count:1
4260,stat_kill,Fish,-1,48,0,240,0,count:1
4260,stat_starvation,Deer,-1,48,0,240,0,count:1
4260,stat_birth,Fish,-1,48,0,272,0,count:11
4260,stat_kill,Fish,-1,48,0,272,0,count:13
4260,stat_starvation,Elk,-1,48,0,272,0,count:1
4260,stat_starvation,Camel,-1,48,0,272,0,count:1
4260,stat_starvation,Camel,-1,48,0,304,0,count:1
4260,stat_kill,Fish,-1,48,0,304,0,count:1
4260,stat_kill,Musk Ox,-1,48,0,336,0,count:1
4260,stat_starvation,Elk,-1,48,0,336,0,count:1
4260,stat_starvation,Camel,-1,48,0,400,0,count:1
4260,stat_starvation,Sectid,-1,48,0,400,0,count:1
4260,stat_starvation,Camel,-1,48,0,432,0,count:1
4260,stat_starvation,Sectid,-1,80,0,48,0,count:1
4260,stat_starvation,Elk,-1,80,0,80,0,count:1
4260,stat_starvation,Sectid,-1,80,0,80,0,count:1
4260,stat_starvation,Deer,-1,80,0,144,0,count:1
4260,stat_starvation,Sectid,-1,80,0,208,0,count:2
4260,stat_starvation,Elk,-1,80,0,208,0,count:1
4260,stat_birth,Fish,-1,80,0,240,0,count:1
4260,stat_kill,Fish,-1,80,0,240,0,count:1
4260,stat_starvation,Camel,-1,80,0,240,0,count:1
4260,stat_starvation,Deer,-1,80,0,240,0,count:1
4260,stat_kill,Fish,-1,80,0,272,0,count:1
4260,stat_starvation,Elk,-1,80,0,304,0,count:1
4260,stat_starvation,Camel,-1,80,0,304,0,count:1
4260,stat_birth,Fish,-1,80,0,304,0,count:1
4260,stat_kill,Fish,-1,80,0,304,0,count:1
4260,stat_kill,Camel,-1,80,0,336,0,count:1
4260,stat_starvation,Sectid,-1,80,0,400,0,count:1
4260,stat_starvation,Camel,-1,80,0,464,0,count:1
4260,stat_starvation,Musk Ox,-1,112,0,16,0,count:1
4260,stat_kill,Elk,-1,112,0,16,0,count:1
4260,stat_starvation,Elk,-1,112,0,48,0,count:1
4260,stat_starvation,Deer,-1,112,0,80,0,count:1
4260,stat_starvation,Elk,-1,112,0,80,0,count:1
4260,stat_starvation,Sectid,-1,112,0,80,0,count:1
4260,stat_starvation,Deer,-1,112,0,112,0,count:1
4260,stat_starvation,Elk,-1,112,0,144,0,count:1
4260,stat_starvation,Sectid,-1,112,0,208,0,count:2
4260,stat_starvation,Camel,-1,112,0,272,0,count:1
4260,stat_starvation,Sectid,-1,112,0,304,0,count:3
4260,stat_starvation,Camel,-1,112,0,336,0,count:1
4260,stat_starvation,Sectid,-1,112,0,336,0,count:2
4260,stat_starvation,Sectid,-1,112,0,368,0,count:1
4260,stat_starvation,Camel,-1,112,0,368,0,count:1
4260,stat_starvation,Camel,-1,112,0,464,0,count:1
4260,stat_starvation,Elk,-1,144,0,16,0,count:1
4260,stat_starvation,Sectid,-1,144,0,48,0,count:2
4260,stat_starvation,Elk,-1,144,0,144,0,count:1
4260,stat_starvation,Deer,-1,144,0,176,0,count:1
4260,stat_starvation,Elk,-1,144,0,176,0,count:1
4260,stat_starvation,Elk,-1,144,0,208,0,count:1
4260,stat_kill,Camel,-1,144,0,208,0,count:1
4260,stat_starvation,Sectid,-1,144,0,240,0,count:2
4260,stat_starvation,Elk,-1,144,0,240,0,count:1
4260,stat_kill,Elk,-1,144,0,272,0,count:1
4260,stat_starvation,Camel,-1,144,0,304,0,count:1
4260,stat_starvation,Sectid,-1,144,0,336,0,count:1
4260,stat_starvation,Camel,-1,144,0,368,0,count:1
4260,stat_starvation,Camel,-1,144,0,400,0,count:1
4260,stat_starvation,Elk,-1,176,0,48,0,count:1
4260,stat_birth,Sectid,-1,176,0,80,0,count:1
4260,stat_starvation,Elk,-1,176,0,80,0,count:1
4260,stat_starvation,Elk,-1,176,0,112,0,count:1
4260,stat_starvation,Sectid,-1,176,0,144,0,count:2
4260,stat_starvation,Elk,-1,176,0,144,0,count:1
4260,stat_starvation,Elk,-1,176,0,176,0,count:1
4260,stat_kill,Camel,-1,176,0,208,0,count:1
4260,stat_starvation,Camel,-1,176,0,240,0,count:1
4260,stat_starvation,Sectid,-1,176,0,272,0,count:2
4260,stat_starvation,Camel,-1,176,0,272,0,count:2
4260,stat_starvation,Camel,-1,176,0,304,0,count:1
4260,stat_starvation,Sectid,-1,176,0,304,0,count:1
4260,stat_starvation,Sectid,-1,176,0,400,0,count:1
4260,stat_starvation,Camel,-1,176,0,432,0,count:1
4260,stat_starvation,Sectid,-1,176,0,432,0,count:1
4260,stat_starvation,Camel,-1,176,0,464,0,count:1
4260,stat_starvation,Sectid,-1,208,0,16,0,count:1
4260,stat_starvation,Hawk,-1,208,0,16,0,count:1
4260,stat_starvation,Hawk,-1,208,0,48,0,count:1
4260,stat_starvation,Deer,-1,208,0,80,0,count:1
4260,stat_starvation,Hawk,-1,208,0,80,0,count:1
4260,stat_starvation,Sectid,-1,208,0,112,0,count:1
4260,stat_starvation,Hawk,-1,208,0,112,0,count:1
4260,stat_starvation,Elk,-1,208,0,144,0,count:1
4260,stat_starvation,Camel,-1,208,0,272,0,count:1
4260,stat_kill,Fish,-1,208,0,272,0,count:1
4260,stat_starvation,Camel,-1,208,0,304,0,count:1
4260,stat_starvation,Sectid,-1,208,0,400,0,count:1
4260,stat_starvation,Camel,-1,208,0,432,0,count:1
4260,stat_birth,Sectid,-1,240,0,48,0,count:1
4260,stat_starvation,Sectid,-1,240,0,48,0,count:1
4260,stat_starvation,Hawk,-1,240,0,48,0,count:2
4260,stat_starvation,Deer,-1,240,0,80,0,count:1
4260,stat_starvation,Hawk,-1,240,0,80,0,count:2
4260,stat_starvation,Sectid,-1,240,0,144,0,count:2
4260,stat_starvation,Sectid,-1,240,0,176,0,count:2
4260,stat_kill,Fish,-1,240,0,304,0,count:7
4260,stat_birth,Sectid,-1,240,0,304,0,count:1
4260,stat_starvation,Camel,-1,240,0,304,0,count:1
4260,stat_kill,Fish,-1,240,0,336,0,count:3
4260,stat_starvation,Camel,-1,240,0,336,0,count:1
4260,stat_starvation,Sectid,-1,272,0,16,0,count:1
4260,stat_starvation,Hawk,-1,272,0,48,0,count:1
4260,stat_birth,Sectid,-1,272,0,48,0,count:1
4260,stat_starvation,Sectid,-1,272,0,48,0,count:1
4260,stat_starvation,Sectid,-1,272,0,80,0,count:3
4260,stat_starvation,Hawk,-1,272,0,80,0,count:2
4260,stat_kill,Deer,-1,272,0,112,0,count:1
4260,stat_starvation,Musk Ox,-1,272,0,112,0,count:1
4260,stat_starvation,Hawk,-1,272,0,112,0,count:2
4260,stat_birth,Fish,-1,272,0,304,0,count:7
4260,stat_age_death,Fish,-1,272,0,304,0,count:1
4260,stat_kill,Fish,-1,272,0,304,0,count:13
4260,stat_birth,Fish,-1,272,0,336,0,count:6
4260,stat_kill,Fish,-1,272,0,336,0,count:5
4260,stat_birth,Sectid,-1,272,0,336,0,count:1
4260,stat_starvation,Camel,-1,272,0,336,0,count:1
4260,stat_birth,Fish,-1,272,0,368,0,count:1
4260,stat_kill,Fish,-1,272,0,368,0,count:1
4260,stat_age_death,Sectid,-1,272,0,400,0,count:1
4260,stat_starvation,Sectid,-1,272,0,464,0,count:1
4260,stat_starvation,Sectid,-1,304,0,16,0,count:2
4260,stat_starvation,Sectid,-1,304,0,48,0,count:2
4260,stat_starvation,Musk Ox,-1,304,0,80,0,count:1
4260,stat_starvation,Sectid,-1,304,0,80,0,count:3
4260,stat_kill,Elk,-1,304,0,112,0,count:1
4260,stat_birth,Fish,-1,304,0,144,0,count:2
4260,stat_kill,Fish,-1,304,0,144,0,count:1
4260,stat_birth,Fish,-1,304,0,176,0,count:2
4260,stat_kill,Fish,-1,304,0,176,0,count:3
4260,stat_birth,Sectid,-1,304,0,176,0,count:2
4260,stat_kill,Fish,-1,304,0,208,0,count:3
4260,stat_birth,Sectid,-1,304,0,208,0,count:1
4260,stat_birth,Fish,-1,304,0,272,0,count:2
4260,stat_kill,Fish,-1,304,0,272,0,count:3
4260,stat_birth,Sectid,-1,304,0,272,0,count:2
4260,stat_birth,Fish,-1,304,0,304,0,count:6
4260,stat_kill,Fish,-1,304,0,304,0,count:6
4260,stat_birth,Sectid,-1,304,0,304,0,count:1
4260,stat_starvation,Camel,-1,304,0,336,0,count:1
4260,stat_birth,Fish,-1,304,0,336,0,count:5
4260,stat_kill,Fish,-1,304,0,336,0,count:6
4260,stat_starvation,Sectid,-1,304,0,400,0,count:1
4260,stat_starvation,Sectid,-1,336,0,48,0,count:2
4260,stat_kill,Deer,-1,336,0,80,0,count:1
4260,stat_starvation,Musk Ox,-1,336,0,80,0,count:1
4260,stat_starvation,Elk,-1,336,0,112,0,count:1
4260,stat_starvation,Musk Ox,-1,336,0,112,0,count:1
4260,stat_birth,Fish,-1,336,0,112,0,count:1
4260,stat_birth,Sectid,-1,336,0,112,0,count:1
4260,stat_starvation,Elk,-1,336,0,144,0,count:1
4260,stat_birth,Fish,-1,336,0,144,0,count:2
4260,stat_kill,Fish,-1,336,0,144,0,count:2
4260,stat_birth,Hawk,-1,336,0,144,0,count:1
4260,stat_birth,Sectid,-1,336,0,144,0,count:1
4260,stat_birth,Fish,-1,336,0,176,0,count:10
4260,stat_age_death,Fish,-1,336,0,176,0,count:1
4260,stat_kill,Fish,-1,336,0,176,0,count:8
4260,stat_birth,Sectid,-1,336,0,176,0,count:2
4260,stat_birth,Fish,-1,336,0,208,0,count:12
4260,stat_age_death,Fish,-1,336,0,208,0,count:1
4260,stat_kill,Fish,-1,336,0,208,0,count:4
4260,stat_birth,Fish,-1,336,0,240,0,count:11
4260,stat_age_death,Fish,-1,336,0,240,0,count:1
4260,stat_kill,Fish,-1,336,0,240,0,count:6
4260,stat_birth,Sectid,-1,336,0,240,0,count:2
4260,stat_birth,Fish,-1,336,0,272,0,count:5
4260,stat_kill,Fish,-1,336,0,272,0,count:3
4260,stat_kill,Fish,-1,336,0,304,0,count:1
4260,stat_starvation,Elk,-1,336,0,336,0,count:1
4260,stat_birth,Fish,-1,336,0,336,0,count:1
4260,stat_kill,Fish,-1,336,0,336,0,count:1
4260,stat_starvation,Hawk,-1,368,0,16,0,count:1
4260,stat_starvation,Musk Ox,-1,368,0,48,0,count:1
4260,stat_starvation,Deer,-1,368,0,48,0,count:1
4260,stat_starvation,Deer,-1,368,0,80,0,count:1
4260,stat_starvation,Elk,-1,368,0,80,0,count:1
4260,stat_birth,Sectid,-1,368,0,80,0,count:1
4260,stat_starvation,Elk,-1,368,0,112,0,count:1
4260,stat_birth,Fish,-1,368,0,112,0,count:2
4260,stat_kill,Fish,-1,368,0,112,0,count:3
4260,stat_birth,Sectid,-1,368,0,112,0,count:1
4260,stat_kill,Fish,-1,368,0,144,0,count:2
4260,stat_birth,Sectid,-1,368,0,144,0,count:1
4260,stat_birth,Fish,-1,368,0,176,0,count:7
4260,stat_age_death,Fish,-1,368,0,176,0,count:1
4260,stat_kill,Fish,-1,368,0,176,0,count:2
4260,stat_age_death,Fish,-1,368,0,208,0,count:1
4260,stat_kill,Fish,-1,368,0,208,0,count:1
4260,stat_kill,Fish,-1,368,0,240,0,count:2
4260,stat_birth,Sectid,-1,368,0,240,0,count:1
4260,stat_birth,Fish,-1,368,0,272,0,count:3
4260,stat_kill,Fish,-1,368,0,272,0,count:1
4260,stat_birth,Sectid,-1,368,0,272,0,count:1
4260,stat_starvation,Sectid,-1,368,0,336,0,count:1
4260,stat_starvation,Elk,-1,368,0,368,0,count:2
4260,stat_starvation,Elk,-1,368,0,400,0,count:1
4260,stat_starvation,Deer,-1,368,0,432,0,count:1
4260,stat_starvation,Elk,-1,368,0,432,0,count:1
4260,stat_starvation,Deer,-1,400,0,80,0,count:1
4260,stat_birth,Sectid,-1,400,0,80,0,count:1
4260,stat_starvation,Elk,-1,400,0,112,0,count:1
4260,stat_kill,Fish,-1,400,0,112,0,count:1
4260,stat_birth,Fish,-1,400,0,144,0,count:10
4260,stat_age_death,Fish,-1,400,0,144,0,count:1
4260,stat_kill,Fish,-1,400,0,144,0,count:3
4260,stat_birth,Snake,-1,400,0,176,0,count:1
4260,stat_birth,Fish,-1,400,0,176,0,count:6
4260,stat_age_death,Fish,-1,400,0,176,0,count:1
4260,stat_kill,Fish,-1,400,0,176,0,count:2
4260,stat_starvation,Fish,-1,400,0,208,0,count:1
4260,stat_birth,Fish,-1,400,0,240,0,count:3
4260,stat_kill,Fish,-1,400,0,240,0,count:1
4260,stat_birth,Sectid,-1,400,0,240,0,count:1
4260,stat_starvation,Elk,-1,400,0,368,0,count:1
4260,stat_starvation,Deer,-1,400,0,400,0,count:1
4260,stat_starvation,Elk,-1,432,0,80,0,count:1
4260,stat_kill,Fish,-1,432,0,112,0,count:1
4260,stat_age_death,Fish,-1,432,0,144,0,count:1
4260,stat_kill,Fish,-1,432,0,144,0,count:1
4260,stat_age_death,Fish,-1,432,0,176,0,count:1
4260,stat_starvation,Elk,-1,432,0,336,0,count:1
4260,stat_kill,Fish,-1,432,0,336,0,count:1
4260,stat_starvation,Elk,-1,432,0,432,0,count:1
4260,stat_kill,Fish,-1,464,0,112,0,count:1
4260,stat_birth,Fish,-1,464,0,176,0,count:1
4260,stat_kill,Fish,-1,464,0,304,0,count:1
4260,stat_starvation,Elk,-1,464,0,336,0,count:1
4260,stat_starvation,Elk,-1,464,0,368,0,count:1
4260,stat_kill,Fish,-1,496,0,304,0,count:1
4260,stat_age_death,Fish,-1,496,0,336,0,count:1
4260,stat_birth,Fish,-1,496,0,368,0,count:1
4290,stat_kill,Elk,-1,16,0,16,0,count:1
4290,stat_starvation,Elk,-1,16,0,48,0,count:1
4290,stat_birth,Musk Ox,-1,16,0,80,0,count:1
4290,stat_starvation,Elk,-1,16,0,112,0,count:1
4290,stat_starvation,Sectid,-1,16,0,176,0,count:1
4290,stat_starvation,Sectid,-1,16,0,208,0,count:1
4290,stat_starvation,Elk,-1,16,0,208,0,count:1
4290,stat_birth,Snake,-1,16,0,240,0,count:1
4290,stat_starvation,Elk,-1,16,0,240,0,count:1
4290,stat_birth,Fish,-1,16,0,240,0,count:1
4290,stat_kill,Fish,-1,16,0,240,0,count:1
4290,stat_birth,Sectid,-1,16,0,240,0,count:1
4290,stat_birth,Fish,-1,16,0,272,0,count:1
4290,stat_kill,Fish,-1,16,0,272,0,count:2
4290,stat_starvation,Camel,-1,16,0,272,0,count:1
4290,stat_birth,Fish,-1,16,0,304,0,count:1
4290,stat_kill,Fish,-1,16,0,304,0,count:1
4290,stat_starvation,Elk,-1,16,0,368,0,count:1
4290,stat_starvation,Sectid,-1,16,0,400,0,count:1
4290,stat_starvation,Elk,-1,48,0,16,0,count:1
4290,stat_starvation,Sectid,-1,48,0,80,0,count:1
4290,stat_starvation,Elk,-1,48,0,80,0,count:1
4290,stat_starvation,Elk,-1,48,0,176,0,count:1
4290,stat_starvation,Sectid,-1,48,0,208,0,count:1
4290,stat_starvation,Elk,-1,48,0,208,0,count:1
4290,stat_starvation,Camel,-1,48,0,240,0,count:1
4290,stat_birth,Fish,-1,48,0,240,0,count:1
4290,stat_kill,Fish,-1,48,0,240,0,count:1
4290,stat_birth,Fish,-1,48,0,272,0,count:10
4290,stat_kill,Fish,-1,48,0,272,0,count:13
4290,stat_starvation,Elk,-1,48,0,304,0,count:1
4290,stat_starvation,Camel,-1,48,0,304,0,count:1
4290,stat_kill,Fish,-1,48,0,304,0,count:1
4290,stat_starvation,Camel,-1,48,0,336,0,count:1
4290,stat_starvation,Elk,-1,48,0,368,0,count:1
4290,stat_starvation,Camel,-1,48,0,368,0,count:1
4290,stat_starvation,Elk,-1,80,0,48,0,count:1
4290,stat_starvation,Sectid,-1,80,0,48,0,count:1
4290,stat_starvation,Sectid,-1,80,0,80,0,count:1
4290,stat_starvation,Elk,-1,80,0,144,0,count:1
4290,stat_starvation,Deer,-1,80,0,176,0,count:1
4290,stat_starvation,Elk,-1,80,0,176,0,count:1
4290,stat_starvation,Sectid,-1,80,0,208,0,count:2
4290,stat_kill,Camel,-1,80,0,208,0,count:1
4290,stat_starvation,Elk,-1,80,0,240,0,count:1
4290,stat_kill,Fish,-1,80,0,240,0,count:1
4290,stat_starvation,Elk,-1,80,0,272,0,count:1
4290,stat_starvation,Camel,-1,80,0,304,0,count:1
4290,stat_kill,Fish,-1,80,0,304,0,count:1
4290,stat_starvation,Elk,-1,80,0,368,0,count:1
4290,stat_starvation,Camel,-1,80,0,400,0,count:1
4290,stat_starvation,Sectid,-1,80,0,400,0,count:1
4290,stat_starvation,Camel,-1,80,0,464,0,count:2
4290,stat_birth,Sectid,-1,112,0,48,0,count:1
4290,stat_starvation,Sectid,-1,112,0,48,0,count:1
4290,stat_starvation,Deer,-1,112,0,144,0,count:1
4290,stat_age_death,Sectid,-1,112,0,176,0,count:1
4290,stat_starvation,Elk,-1,112,0,176,0,count:1
4290,stat_starvation,Sectid,-1,112,0,208,0,count:2
4290,stat_starvation,Camel,-1,112,0,208,0,count:1
4290,stat_starvation,Camel,-1,112,0,304,0,count:1
4290,stat_starvation,Sectid,-1,112,0,304,0,count:2
4290,stat_starvation,Sectid,-1,112,0,336,0,count:1
4290,stat_starvation,Sectid,-1,112,0,368,0,count:1
4290,stat_starvation,Camel,-1,112,0,368,0,count:1
4290,stat_starvation,Elk,-1,112,0,368,0,count:1
4290,stat_kill,Deer,-1,144,0,16,0,count:1
4290,stat_starvation,Elk,-1,144,0,48,0,count:1
4290,stat_starvation,Musk Ox,-1,144,0,48,0,count:1
4290,stat_starvation,Elk,-1,144,0,80,0,count:1
4290,stat_starvation,Sectid,-1,144,0,80,0,count:1
4290,stat_starvation,Elk,-1,144,0,112,0,count:1
4290,stat_birth,Sectid,-1,144,0,112,0,count:1
4290,stat_starvation,Sectid,-1,144,0,112,0,count:1
4290,stat_starvation,Sectid,-1,144,0,240,0,count:3
4290,stat_starvation,Camel,-1,144,0,240,0,count:1
4290,stat_starvation,Camel,-1,144,0,272,0,count:1
4290,stat_starvation,Camel,-1,144,0,304,0,count:1
4290,stat_starvation,Camel,-1,144,0,368,0,count:1
4290,stat_starvation,Camel,-1,144,0,400,0,count:1
4290,stat_starvation,Camel,-1,144,0,432,0,count:1
4290,stat_starvation,Sectid,-1,176,0,16,0,count:1
4290,stat_starvation,Elk,-1,176,0,48,0,count:1
4290,stat_starvation,Sectid,-1,176,0,80,0,count:1
4290,stat_starvation,Elk,-1,176,0,80,0,count:1
4290,stat_starvation,Deer,-1,176,0,112,0,count:1
4290,stat_birth,Sectid,-1,176,0,112,0,count:1
4290,stat_starvation,Sectid,-1,176,0,144,0,count:1
4290,stat_starvation,Elk,-1,176,0,208,0,count:1
4290,stat_starvation,Camel,-1,176,0,240,0,count:1
4290,stat_birth,Sectid,-1,176,0,272,0,count:1
4290,stat_starvation,Sectid,-1,176,0,272,0,count:1
4290,stat_starvation,Camel,-1,176,0,272,0,count:1
4290,stat_starvation,Camel,-1,176,0,304,0,count:1
4290,stat_starvation,Sectid,-1,176,0,304,0,count:2
4290,stat_kill,Camel,-1,176,0,336,0,count:1
4290,stat_starvation,Sectid,-1,176,0,336,0,count:1
4290,stat_starvation,Camel,-1,176,0,368,0,count:1
4290,stat_starvation,Camel,-1,176,0,400,0,count:1
4290,stat_starvation,Sectid,-1,176,0,400,0,count:1
4290,stat_starvation,Sectid,-1,176,0,432,0,count:1
4290,stat_starvation,Musk Ox,-1,208,0,16,0,count:1
4290,stat_starvation,Sectid,-1,208,0,16,0,count:1
4290,stat_starvation,Musk Ox,-1,208,0,48,0,count:1
4290,stat_starvation,Elk,-1,208,0,48,0,count:2
4290,stat_starvation,Hawk,-1,208,0,48,0,count:1
4290,stat_starvation,Elk,-1,208,0,80,0,count:1
4290,stat_starvation,Sectid,-1,208,0,80,0,count:1
4290,stat_starvation,Hawk,-1,208,0,80,0,count:2
4290,stat_starvation,Elk,-1,208,0,112,0,count:1
4290,stat_starvation,Sectid,-1,208,0,112,0,count:2
4290,stat_starvation,Hawk,-1,208,0,112,0,count:1
4290,stat_starvation,Elk,-1,208,0,144,0,count:1
4290,stat_kill,Fish,-1,208,0,304,0,count:1
4290,stat_kill,Fish,-1,208,0,336,0,count:1
4290,stat_starvation,Camel,-1,208,0,368,0,count:1
4290,stat_starvation,Sectid,-1,208,0,400,0,count:2
4290,stat_starvation,Camel,-1,208,0,400,0,count:1
4290,stat_starvation,Hawk,-1,240,0,16,0,count:1
4290,stat_starvation,Musk Ox,-1,240,0,16,0,count:1
4290,stat_starvation,Sectid,-1,240,0,16,0,count:1
4290,stat_starvation,Deer,-1,240,0,48,0,count:1
4290,stat_starvation,Sectid,-1,240,0,48,0,count:2
4290,stat_kill,Shroomer,-1,240,0,80,0,count:1
4290,stat_kill,Sectid,-1,240,0,80,0,count:1
4290,stat_starvation,Hawk,-1,240,0,80,0,count:1
4290,stat_kill,Elk,-1,240,0,112,0,count:1
4290,stat_starvation,Deer,-1,240,0,144,0,count:1
4290,stat_starvation,Sectid,-1,240,0,144,0,count:3
4290,stat_birth,Sectid,-1,240,0,176,0,count:1
4290,stat_starvation,Sectid,-1,240,0,176,0,count:1
4290,stat_kill,Fish,-1,240,0,304,0,count:7
4290,stat_kill,Fish,-1,240,0,336,0,count:3
4290,stat_birth,Sectid,-1,240,0,336,0,count:1
4290,stat_starvation,Sectid,-1,272,0,16,0,count:1
4290,stat_starvation,Deer,-1,272,0,48,0,count:1
4290,stat_starvation,Hawk,-1,272,0,48,0,count:1
4290,stat_starvation,Sectid,-1,272,0,48,0,count:1
4290,stat_starvation,Sectid,-1,272,0,80,0,count:2
4290,stat_starvation,Hawk,-1,272,0,80,0,count:2
4290,stat_starvation,Hawk,-1,272,0,112,0,count:1
4290,stat_starvation,Deer,-1,272,0,144,0,count:1
4290,stat_birth,Fish,-1,272,0,144,0,count:1
4290,stat_starvation,Deer,-1,272,0,176,0,count:1
4290,stat_kill,Fish,-1,272,0,176,0,count:1
4290,stat_birth,Fish,-1,272,0,304,0,count:6
4290,stat_age_death,Fish,-1,272,0,304,0,count:1
4290,stat_kill,Fish,-1,272,0,304,0,count:12
4290,stat_birth,Sectid,-1,272,0,304,0,count:1
4290,stat_starvation,Camel,-1,272,0,304,0,count:1
4290,stat_birth,Fish,-1,272,0,336,0,count:5
4290,stat_kill,Fish,-1,272,0,336,0,count:6
4290,stat_kill,Fish,-1,272,0,368,0,count:1
4290,stat_kill,Camel,-1,272,0,368,0,count:1
4290,stat_starvation,Sectid,-1,304,0,16,0,count:1
4290,stat_birth,Sectid,-1,304,0,48,0,count:1
4290,stat_starvation,Sectid,-1,304,0,48,0,count:1
4290,stat_birth,Sectid,-1,304,0,80,0,count:1
4290,stat_starvation,Sectid,-1,304,0,80,0,count:2
4290,stat_starvation,Deer,-1,304,0,112,0,count:1
4290,stat_starvation,Musk Ox,-1,304,0,112,0,count:1
4290,stat_birth,Fish,-1,304,0,144,0,count:1
4290,stat_kill,Fish,-1,304,0,144,0,count:2
4290,stat_birth,Sectid,-1,304,0,144,0,count:1
4290,stat_birth,Fish,-1,304,0,176,0,count:3
4290,stat_kill,Fish,-1,304,0,176,0,count:4
4290,stat_birth,Sectid,-1,304,0,176,0,count:2
4290,stat_kill,Fish,-1,304,0,208,0,count:2
4290,stat_birth,Sectid,-1,304,0,208,0,count:2
4290,stat_birth,Fish,-1,304,0,272,0,count:1
4290,stat_kill,Fish,-1,304,0,272,0,count:3
4290,stat_birth,Sectid,-1,304,0,272,0,count:2
4290,stat_starvation,Elk,-1,304,0,304,0,count:1
4290,stat_birth,Fish,-1,304,0,304,0,count:7
4290,stat_kill,Fish,-1,304,0,304,0,count:6
4290,stat_age_death,Sectid,-1,304,0,304,0,count:1
4290,stat_starvation,Camel,-1,304,0,336,0,count:1
4290,stat_birth,Fish,-1,304,0,336,0,count:5
4290,stat_kill,Fish,-1,304,0,336,0,count:5
4290,stat_kill,Fish,-1,304,0,368,0,count:1
4290,stat_starvation,Sectid,-1,304,0,400,0,count:1
4290,stat_starvation,Musk Ox,-1,336,0,16,0,count:1
4290,stat_starvation,Sectid,-1,336,0,48,0,count:2
4290,stat_starvation,Deer,-1,336,0,112,0,count:1
4290,stat_starvation,Elk,-1,336,0,112,0,count:1
4290,stat_kill,Fish,-1,336,0,112,0,count:1
4290,stat_starvation,Elk,-1,336,0,144,0,count:1
4290,stat_birth,Fish,-1,336,0,144,0,count:1
4290,stat_kill,Fish,-1,336,0,144,0,count:2
4290,stat_birth,Sectid,-1,336,0,144,0,count:2
4290,stat_starvation,Elk,-1,336,0,176,0,count:1
4290,stat_birth,Fish,-1,336,0,176,0,count:11
4290,stat_age_death,Fish,-1,336,0,176,0,count:1
4290,stat_kill,Fish,-1,336,0,176,0,count:8
4290,stat_birth,Sectid,-1,336,0,176,0,count:2
4290,stat_birth,Fish,-1,336,0,208,0,count:12
4290,stat_age_death,Fish,-1,336,0,208,0,count:2
4290,stat_kill,Fish,-1,336,0,208,0,count:4
4290,stat_birth,Sectid,-1,336,0,208,0,count:1
4290,stat_birth,Fish,-1,336,0,240,0,count:11
4290,stat_age_death,Fish,-1,336,0,240,0,count:1
4290,stat_kill,Fish,-1,336,0,240,0,count:6
4290,stat_birth,Sectid,-1,336,0,240,0,count:2
4290,stat_birth,Fish,-1,336,0,272,0,count:5
4290,stat_kill,Fish,-1,336,0,272,0,count:3
4290,stat_birth,Sectid,-1,336,0,272,0,count:2
4290,stat_birth,Fish,-1,336,0,304,0,count:1
4290,stat_kill,Fish,-1,336,0,304,0,count:1
4290,stat_starvation,Elk,-1,336,0,368,0,count:1
4290,stat_starvation,Scorpion,-1,368,0,16,0,count:1
4290,stat_starvation,Hawk,-1,368,0,16,0,count:1
4290,stat_starvation,Musk Ox,-1,368,0,80,0,count:1
4290,stat_starvation,Elk,-1,368,0,80,0,count:2
4290,stat_kill,Fish,-1,368,0,80,0,count:1
4290,stat_starvation,Elk,-1,368,0,112,0,count:1
4290,stat_starvation,Deer,-1,368,0,112,0,count:1
4290,stat_birth,Fish,-1,368,0,112,0,count:3
4290,stat_kill,Fish,-1,368,0,112,0,count:2
4290,stat_starvation,Musk Ox,-1,368,0,112,0,count:1
4290,stat_birth,Sectid,-1,368,0,112,0,count:1
4290,stat_kill,Fish,-1,368,0,144,0,count:3
4290,stat_birth,Fish,-1,368,0,176,0,count:7
4290,stat_age_death,Fish,-1,368,0,176,0,count:1
4290,stat_kill,Fish,-1,368,0,176,0,count:2
4290,stat_birth,Sectid,-1,368,0,176,0,count:1
4290,stat_age_death,Fish,-1,368,0,208,0,count:1
4290,stat_kill,Fish,-1,368,0,208,0,count:1
4290,stat_age_death,Fish,-1,368,0,240,0,count:1
4290,stat_kill,Fish,-1,368,0,240,0,count:2
4290,stat_birth,Sectid,-1,368,0,240,0,count:1
4290,stat_birth,Fish,-1,368,0,272,0,count:3
4290,stat_kill,Fish,-1,368,0,272,0,count:2
4290,stat_birth,Sectid,-1,368,0,272,0,count:1
4290,stat_starvation,Sectid,-1,368,0,336,0,count:1
4290,stat_starvation,Elk,-1,368,0,336,0,count:1
4290,stat_starvation,Hawk,-1,400,0,16,0,count:1
4290,stat_starvation,Deer,-1,400,0,48,0,count:1
4290,stat_starvation,Hawk,-1,400,0,48,0,count:2
4290,stat_birth,Sectid,-1,400,0,48,0,count:1
4290,stat_kill,Fish,-1,400,0,80,0,count:1
4290,stat_birth,Arctic Fox,-1,400,0,112,0,count:1
4290,stat_kill,Fish,-1,400,0,112,0,count:1
4290,stat_birth,Fish,-1,400,0,144,0,count:9
4290,stat_age_death,Fish,-1,400,0,144,0,count:1
4290,stat_kill,Fish,-1,400,0,144,0,count:4
4290,stat_starvation,Elk,-1,400,0,144,0,count:1
4290,stat_birth,Fish,-1,400,0,176,0,count:6
4290,stat_age_death,Fish,-1,400,0,176,0,count:1
4290,stat_kill,Fish,-1,400,0,176,0,count:1
4290,stat_birth,Fish,-1,400,0,240,0,count:3
4290,stat_kill,Fish,-1,400,0,240,0,count:1
4290,stat_kill,Fish,-1,400,0,272,0,count:1
4290,stat_birth,Sectid,-1,400,0,272,0,count:1
4290,stat_kill,Shroomer,-1,400,0,304,0,count:1
4290,stat_starvation,Elk,-1,400,0,336,0,count:1
4290,stat_starvation,Elk,-1,400,0,368,0,count:1
4290,stat_starvation,Deer,-1,400,0,432,0,count:1
4290,stat_kill,Fish,-1,432,0,112,0,count:1
4290,stat_kill,Fish,-1,432,0,144,0,count:1
4290,stat_age_death,Fish,-1,432,0,176,0,count:1
4290,stat_kill,Fish,-1,432,0,176,0,count:1
4290,stat_birth,Sectid,-1,432,0,304,0,count:1
4290,stat_starvation,Elk,-1,432,0,336,0,count:1
4290,stat_starvation,Elk,-1,432,0,368,0,count:1
4290,stat_starvation,Elk,-1,432,0,464,0,count:1
4290,stat_birth,Fish,-1,464,0,176,0,count:2
4290,stat_kill,Fish,-1,464,0,336,0,count:1
4290,stat_starvation,Elk,-1,464,0,336,0,count:1
4290,stat_starvation,Elk,-1,464,0,432,0,count:1
4290,stat_starvation,Elk,-1,464,0,464,0,count:1
4290,stat_kill,Fish,-1,496,0,304,0,count:1
4290,stat_birth,Fish,-1,496,0,368,0,count:1
4290,stat_age_death,Fish,-1,496,0,368,0,count:1
4290,stat_starvation,Elk,-1,496,0,400,0,count:1
4290,stat_starvation,Elk,-1,496,0,432,0,count:1
4320,stat_starvation,Sectid,-1,16,0,176,0,count:1
4320,stat_starvation,Elk,-1,16,0,240,0,count:1
4320,stat_kill,Fish,-1,16,0,240,0,count:1
4320,stat_birth,Fish,-1,16,0,272,0,count:1
4320,stat_kill,Fish,-1,16,0,272,0,count:1
4320,stat_starvation,Camel,-1,16,0,272,0,count:1
4320,stat_starvation,Elk,-1,16,0,304,0,count:1
4320,stat_birth,Fish,-1,16,0,304,0,count:1
4320,stat_kill,Fish,-1,16,0,304,0,count:2
4320,stat_starvation,Elk,-1,16,0,336,0,count:1
4320,stat_starvation,Elk,-1,48,0,48,0,count:1
4320,stat_starvation,Sectid,-1,48,0,80,0,count:2
4320,stat_starvation,Deer,-1,48,0,80,0,count:1
4320,stat_starvation,Elk,-1,48,0,144,0,count:1
4320,stat_starvation,Sectid,-1,48,0,208,0,count:1
4320,stat_starvation,Elk,-1,48,0,208,0,count:1
4320,stat_starvation,Elk,-1,48,0,240,0,count:1
4320,stat_kill,Fish,-1,48,0,240,0,count:1
4320,stat_birth,Fish,-1,48,0,272,0,count:11
4320,stat_kill,Fish,-1,48,0,272,0,count:13
4320,stat_starvation,Camel,-1,48,0,272,0,count:1
4320,stat_starvation,Elk,-1,48,0,336,0,count:1
4320,stat_starvation,Camel,-1,48,0,336,0,count:1
4320,stat_starvation,Camel,-1,48,0,400,0,count:1
4320,stat_starvation,Sectid,-1,48,0,400,0,count:1
4320,stat_starvation,Sectid,-1,80,0,48,0,count:2
4320,stat_starvation,Sectid,-1,80,0,80,0,count:2
4320,stat_starvation,Deer,-1,80,0,112,0,count:1
4320,stat_starvation,Elk,-1,80,0,176,0,count:1
4320,stat_starvation,Sectid,-1,80,0,208,0,count:2
4320,stat_starvation,Elk,-1,80,0,208,0,count:1
4320,stat_birth,Fish,-1,80,0,240,0,count:1
4320,stat_kill,Fish,-1,80,0,240,0,count:1
4320,stat_kill,Fish,-1,80,0,272,0,count:1
4320,stat_starvation,Camel,-1,80,0,272,0,count:1
4320,stat_birth,Fish,-1,80,0,304,0,count:1
4320,stat_kill,Fish,-1,80,0,304,0,count:1
4320,stat_starvation,Sectid,-1,80,0,400,0,count:1
4320,stat_starvation,Sectid,-1,112,0,48,0,count:1
4320,stat_starvation,Elk,-1,112,0,144,0,count:1
4320,stat_kill,Turtle,-1,112,0,176,0,count:1
4320,stat_starvation,Sectid,-1,112,0,208,0,count:1
4320,stat_starvation,Elk,-1,112,0,240,0,count:1
4320,stat_starvation,Camel,-1,112,0,304,0,count:1
4320,stat_starvation,Sectid,-1,112,0,304,0,count:2
4320,stat_birth,Sectid,-1,112,0,336,0,count:1
4320,stat_starvation,Sectid,-1,112,0,336,0,count:1
4320,stat_starvation,Sectid,-1,112,0,368,0,count:1
4320,stat_starvation,Camel,-1,112,0,432,0,count:1
4320,stat_starvation,Camel,-1,112,0,464,0,count:1
4320,stat_kill,Turtle,-1,144,0,16,0,count:1
4320,stat_starvation,Sectid,-1,144,0,48,0,count:1
4320,stat_starvation,Sectid,-1,144,0,80,0,count:1
4320,stat_starvation,Elk,-1,144,0,112,0,count:1
4320,stat_starvation,Sectid,-1,144,0,112,0,count:1
4320,stat_starvation,Elk,-1,144,0,144,0,count:1
4320,stat_starvation,Sectid,-1,144,0,240,0,count:2
4320,stat_starvation,Camel,-1,144,0,400,0,count:1
4320,stat_starvation,Elk,-1,176,0,80,0,count:2
4320,stat_starvation,Sectid,-1,176,0,112,0,count:1
4320,stat_starvation,Deer,-1,176,0,144,0,count:1
4320,stat_starvation,Elk,-1,176,0,144,0,count:1
4320,stat_starvation,Elk,-1,176,0,176,0,count:1
4320,stat_starvation,Deer,-1,176,0,176,0,count:1
4320,stat_starvation,Sectid,-1,176,0,176,0,count:1
4320,stat_starvation,Deer,-1,176,0,208,0,count:1
4320,stat_starvation,Elk,-1,176,0,208,0,count:1
4320,stat_starvation,Camel,-1,176,0,240,0,count:1
4320,stat_starvation,Sectid,-1,176,0,272,0,count:2
4320,stat_starvation,Sectid,-1,176,0,304,0,count:2
4320,stat_starvation,Camel,-1,176,0,400,0,count:1
4320,stat_starvation,Sectid,-1,176,0,400,0,count:1
4320,stat_starvation,Camel,-1,176,0,432,0,count:1
4320,stat_starvation,Sectid,-1,176,0,432,0,count:1
4320,stat_starvation,Camel,-1,176,0,464,0,count:1
4320,stat_starvation,Hawk,-1,208,0,16,0,count:1
4320,stat_starvation,Elk,-1,208,0,48,0,count:1
4320,stat_starvation,Hawk,-1,208,0,48,0,count:1
4320,stat_birth,Sectid,-1,208,0,80,0,count:1
4320,stat_starvation,Sectid,-1,208,0,80,0,count:1
4320,stat_starvation,Musk Ox,-1,208,0,80,0,count:1
4320,stat_starvation,Elk,-1,208,0,112,0,count:1
4320,stat_starvation,Hawk,-1,208,0,112,0,count:1
4320,stat_kill,Deer,-1,208,0,144,0,count:1
4320,stat_starvation,Camel,-1,208,0,272,0,count:1
4320,stat_starvation,Camel,-1,208,0,304,0,count:1
4320,stat_birth,Fish,-1,208,0,304,0,count:1
4320,stat_starvation,Sectid,-1,208,0,400,0,count:1
4320,stat_starvation,Camel,-1,208,0,400,0,count:1
4320,stat_starvation,Camel,-1,208,0,432,0,count:1
4320,stat_starvation,Sectid,-1,208,0,496,0,count:1
4320,stat_starvation,Hawk,-1,240,0,16,0,count:1
4320,stat_starvation,Musk Ox,-1,240,0,48,0,count:1
4320,stat_starvation,Sectid,-1,240,0,48,0,count:1
4320,stat_starvation,Hawk,-1,240,0,48,0,count:2
4320,stat_starvation,Musk Ox,-1,240,0,80,0,count:1
4320,stat_starvation,Hawk,-1,240,0,80,0,count:1
4320,stat_starvation,Sectid,-1,240,0,144,0,count:3
4320,stat_starvation,Sectid,-1,240,0,176,0,count:1
4320,stat_kill,Fish,-1,240,0,304,0,count:7
4320,stat_birth,Fish,-1,240,0,336,0,count:1
4320,stat_kill,Fish,-1,240,0,336,0,count:3
4320,stat_kill,Fish,-1,240,0,368,0,count:1
4320,stat_kill,Camel,-1,240,0,400,0,count:1
4320,stat_starvation,Musk Ox,-1,272,0,48,0,count:1
4320,stat_starvation,Hawk,-1,272,0,48,0,count:1
4320,stat_starvation,Sectid,-1,272,0,48,0,count:1
4320,stat_birth,Sectid,-1,272,0,80,0,count:1
4320,stat_starvation,Sectid,-1,272,0,80,0,count:2
4320,stat_starvation,Hawk,-1,272,0,80,0,count:1
4320,stat_kill,Elk,-1,272,0,112,0,count:1
4320,stat_starvation,Musk Ox,-1,272,0,112,0,count:1
4320,stat_starvation,Sectid,-1,272,0,112,0,count:1
4320,stat_starvation,Hawk,-1,272,0,112,0,count:2
4320,stat_starvation,Musk Ox,-1,272,0,144,0,count:1
4320,stat_birth,Fish,-1,272,0,304,0,count:7
4320,stat_age_death,Fish,-1,272,0,304,0,count:1
4320,stat_kill,Fish,-1,272,0,304,0,count:13
4320,stat_starvation,Elk,-1,272,0,304,0,count:1
4320,stat_birth,Fish,-1,272,0,336,0,count:6
4320,stat_kill,Fish,-1,272,0,336,0,count:6
4320,stat_birth,Sectid,-1,272,0,336,0,count:1
4320,stat_starvation,Camel,-1,272,0,336,0,count:1
4320,stat_birth,Fish,-1,272,0,368,0,count:1
4320,stat_starvation,Sectid,-1,272,0,464,0,count:1
4320,stat_starvation,Sectid,-1,304,0,16,0,count:2
4320,stat_starvation,Deer,-1,304,0,48,0,count:1
4320,stat_starvation,Musk Ox,-1,304,0,48,0,count:1
4320,stat_starvation,Sectid,-1,304,0,48,0,count:1
4320,stat_starvation,Hawk,-1,304,0,80,0,count:1
4320,stat_starvation,Sectid,-1,304,0,80,0,count:2
4320,stat_starvation,Deer,-1,304,0,112,0,count:1
4320,stat_starvation,Elk,-1,304,0,112,0,count:1
4320,stat_birth,Fish,-1,304,0,144,0,count:2
4320,stat_kill,Fish,-1,304,0,144,0,count:2
4320,stat_starvation,Elk,-1,304,0,144,0,count:1
4320,stat_birth,Sectid,-1,304,0,144,0,count:1
4320,stat_birth,Fish,-1,304,0,176,0,count:2
4320,stat_kill,Fish,-1,304,0,176,0,count:4
4320,stat_birth,Sectid,-1,304,0,176,0,count:2
4320,stat_kill,Fish,-1,304,0,208,0,count:2
4320,stat_birth,Sectid,-1,304,0,208,0,count:2
4320,stat_starvation,Elk,-1,304,0,272,0,count:1
4320,stat_birth,Snake,-1,304,0,272,0,count:1
4320,stat_birth,Fish,-1,304,0,272,0,count:2
4320,stat_kill,Fish,-1,304,0,272,0,count:3
4320,stat_birth,Sectid,-1,304,0,272,0,count:2
4320,stat_birth,Fish,-1,304,0,304,0,count:6
4320,stat_kill,Fish,-1,304,0,304,0,count:6
4320,stat_birth,Sectid,-1,304,0,304,0,count:1
4320,stat_starvation,Camel,-1,304,0,336,0,count:1
4320,stat_birth,Fish,-1,304,0,336,0,count:5
4320,stat_kill,Fish,-1,304,0,336,0,count:6
4320,stat_birth,Sectid,-1,304,0,336,0,count:1
4320,stat_starvation,Sectid,-1,304,0,400,0,count:1
4320,stat_starvation,Sectid,-1,336,0,48,0,count:2
4320,stat_starvation,Elk,-1,336,0,112,0,count:1
4320,stat_starvation,Musk Ox,-1,336,0,112,0,count:1
4320,stat_starvation,Elk,-1,336,0,144,0,count:1
4320,stat_birth,Fish,-1,336,0,144,0,count:1
4320,stat_kill,Fish,-1,336,0,144,0,count:2
4320,stat_birth,Sectid,-1,336,0,144,0,count:1
4320,stat_birth,Fish,-1,336,0,176,0,count:11
4320,stat_age_death,Fish,-1,336,0,176,0,count:1
4320,stat_kill,Fish,-1,336,0,176,0,count:8
4320,stat_birth,Sectid,-1,336,0,176,0,count:2
4320,stat_birth,Fish,-1,336,0,208,0,count:12
4320,stat_age_death,Fish,-1,336,0,208,0,count:1
4320,stat_kill,Fish,-1,336,0,208,0,count:5
4320,stat_birth,Sectid,-1,336,0,208,0,count:1
4320,stat_birth,Fish,-1,336,0,240,0,count:11
4320,stat_age_death,Fish,-1,336,0,240,0,count:1
4320,stat_kill,Fish,-1,336,0,240,0,count:7
4320,stat_birth,Sectid,-1,336,0,240,0,count:2
4320,stat_birth,Fish,-1,336,0,272,0,count:6
4320,stat_kill,Fish,-1,336,0,272,0,count:4
4320,stat_birth,Sectid,-1,336,0,272,0,count:1
4320,stat_kill,Fish,-1,336,0,304,0,count:1
4320,stat_starvation,Elk,-1,336,0,336,0,count:1
4320,stat_kill,Fish,-1,336,0,336,0,count:1
4320,stat_starvation,Sectid,-1,336,0,400,0,count:1
4320,stat_starvation,Hawk,-1,368,0,16,0,count:1
4320,stat_starvation,Elk,-1,368,0,48,0,count:1
4320,stat_starvation,Elk,-1,368,0,80,0,count:1
4320,stat_starvation,Elk,-1,368,0,112,0,count:1
4320,stat_birth,Fish,-1,368,0,112,0,count:3
4320,stat_kill,Fish,-1,368,0,112,0,count:3
4320,stat_birth,Sectid,-1,368,0,112,0,count:1
4320,stat_kill,Fish,-1,368,0,144,0,count:2
4320,stat_birth,Sectid,-1,368,0,144,0,count:1
4320,stat_birth,Fish,-1,368,0,176,0,count:8
4320,stat_age_death,Fish,-1,368,0,176,0,count:1
4320,stat_kill,Fish,-1,368,0,176,0,count:3
4320,stat_age_death,Fish,-1,368,0,208,0,count:1
4320,stat_kill,Fish,-1,368,0,208,0,count:1
4320,stat_kill,Fish,-1,368,0,240,0,count:2
4320,stat_birth,Sectid,-1,368,0,240,0,count:1
4320,stat_birth,Fish,-1,368,0,272,0,count:3
4320,stat_kill,Fish,-1,368,0,272,0,count:2
4320,stat_birth,Sectid,-1,368,0,272,0,count:2
4320,stat_kill,Fish,-1,368,0,304,0,count:1
4320,stat_starvation,Sectid,-1,368,0,336,0,count:2
4320,stat_starvation,Elk,-1,368,0,368,0,count:1
4320,stat_starvation,Elk,-1,368,0,400,0,count:1
4320,stat_starvation,Hawk,-1,400,0,16,0,count:1
4320,stat_starvation,Musk Ox,-1,400,0,48,0,count:1
4320,stat_starvation,Hawk,-1,400,0,48,0,count:1
4320,stat_starvation,Elk,-1,400,0,48,0,count:1
4320,stat_starvation,Elk,-1,400,0,80,0,count:1
4320,stat_kill,Fish,-1,400,0,112,0,count:1
4320,stat_starvation,Deer,-1,400,0,112,0,count:1
4320,stat_birth,Fish,-1,400,0,144,0,count:10
4320,stat_age_death,Fish,-1,400,0,144,0,count:1
4320,stat_kill,Fish,-1,400,0,144,0,count:3
4320,stat_birth,Snake,-1,400,0,176,0,count:1
4320,stat_starvation,Elk,-1,400,0,176,0,count:1
4320,stat_age_death,Fish,-1,400,0,176,0,count:1
4320,stat_kill,Fish,-1,400,0,176,0,count:1
4320,stat_starvation,Fish,-1,400,0,208,0,count:1
4320,stat_birth,Fish,-1,400,0,240,0,count:3
4320,stat_kill,Fish,-1,400,0,240,0,count:1
4320,stat_birth,Sectid,-1,400,0,240,0,count:1
4320,stat_birth,Fish,-1,400,0,272,0,count:1
4320,stat_starvation,Elk,-1,400,0,336,0,count:1
4320,stat_starvation,Elk,-1,400,0,368,0,count:1
4320,stat_starvation,Deer,-1,400,0,400,0,count:1
4320,stat_starvation,Elk,-1,400,0,400,0,count:1
4320,stat_starvation,Deer,-1,400,0,432,0,count:1
4320,stat_starvation,Elk,-1,432,0,80,0,count:1
4320,stat_kill,Fish,-1,432,0,144,0,count:1
4320,stat_age_death,Fish,-1,432,0,176,0,count:1
4320,stat_kill,Fish,-1,432,0,176,0,count:1
4320,stat_birth,Fish,-1,432,0,272,0,count:1
4320,stat_birth,Sectid,-1,432,0,272,0,count:1
4320,stat_starvation,Elk,-1,432,0,336,0,count:1
4320,stat_birth,Sectid,-1,432,0,336,0,count:1
4320,stat_starvation,Elk,-1,432,0,432,0,count:1
4320,stat_birth,Fish,-1,464,0,112,0,count:1
4320,stat_birth,Fish,-1,464,0,176,0,count:1
4320,stat_age_death,Fish,-1,464,0,176,0,count:1
4320,stat_birth,Fish,-1,464,0,208,0,count:1
4320,stat_kill,Fish,-1,464,0,272,0,count:1
4320,stat_kill,Fish,-1,464,0,336,0,count:1
4320,stat_starvation,Elk,-1,464,0,336,0,count:1
4320,stat_starvation,Elk,-1,464,0,368,0,count:1
4320,stat_starvation,Elk,-1,464,0,464,0,count:1
4320,stat_kill,Fish,-1,496,0,272,0,count:1
4320,stat_birth,Fish,-1,496,0,304,0,count:2
4320,stat_birth,Fish,-1,496,0,368,0,count:2
4320,stat_starvation,Elk,-1,496,0,464,0,count:1
4336,starvation,Snake,948,293,4,233,6,
4350,stat_starvation,Elk,-1,16,0,80,0,count:1
4350,stat_starvation,Elk,-1,16,0,112,0,count:1
4350,stat_starvation,Sectid,-1,16,0,208,0,count:2
4350,stat_starvation,Elk,-1,16,0,208,0,count:1
4350,stat_kill,Deer,-1,16,0,208,0,count:1
4350,stat_birth,Fish,-1,16,0,240,0,count:1
4350,stat_kill,Fish,-1,16,0,240,0,count:2
4350,stat_kill,Fish,-1,16,0,272,0,count:2
4350,stat_starvation,Elk,-1,16,0,304,0,count:1
4350,stat_birth,Fish,-1,16,0,304,0,count:1
4350,stat_kill,Fish,-1,16,0,304,0,count:1
4350,stat_starvation,Camel,-1,16,0,336,0,count:1
4350,stat_starvation,Camel,-1,16,0,400,0,count:1
4350,stat_starvation,Sectid,-1,16,0,400,0,count:1
4350,stat_starvation,Sectid,-1,48,0,80,0,count:1
4350,stat_starvation,Elk,-1,48,0,80,0,count:1
4350,stat_starvation,Deer,-1,48,0,112,0,count:1
4350,stat_starvation,Elk,-1,48,0,112,0,count:1
4350,stat_starvation,Elk,-1,48,0,208,0,count:1
4350,stat_starvation,Camel,-1,48,0,240,0,count:1
4350,stat_birth,Fish,-1,48,0,240,0,count:1
4350,stat_kill,Fish,-1,48,0,240,0,count:1
4350,stat_birth,Fish,-1,48,0,272,0,count:10
4350,stat_kill,Fish,-1,48,0,272,0,count:14
4350,stat_starvation,Elk,-1,48,0,272,0,count:1
4350,stat_starvation,Elk,-1,48,0,304,0,count:1
4350,stat_starvation,Camel,-1,48,0,304,0,count:1
4350,stat_kill,Fish,-1,48,0,304,0,count:1
4350,stat_starvation,Elk,-1,48,0,336,0,count:1
4350,stat_starvation,Camel,-1,48,0,336,0,count:1
4350,stat_starvation,Sectid,-1,48,0,368,0,count:1
4350,stat_starvation,Sectid,-1,48,0,400,0,count:1
4350,stat_starvation,Camel,-1,48,0,432,0,count:1
4350,stat_birth,Sectid,-1,80,0,80,0,count:1
4350,stat_starvation,Elk,-1,80,0,176,0,count:1
4350,stat_starvation,Sectid,-1,80,0,208,0,count:1
4350,stat_kill,Fish,-1,80,0,240,0,count:1
4350,stat_kill,Fish,-1,80,0,304,0,count:1
4350,stat_starvation,Camel,-1,80,0,368,0,count:1
4350,stat_kill,Elk,-1,80,0,400,0,count:1
4350,stat_starvation,Camel,-1,80,0,400,0,count:1
4350,stat_starvation,Sectid,-1,80,0,400,0,count:1
4350,stat_starvation,Camel,-1,80,0,432,0,count:1
4350,stat_starvation,Camel,-1,80,0,464,0,count:1
4350,stat_starvation,Elk,-1,112,0,48,0,count:1
4350,stat_starvation,Elk,-1,112,0,80,0,count:1
4350,stat_starvation,Sectid,-1,112,0,80,0,count:1
4350,stat_starvation,Elk,-1,112,0,112,0,count:1
4350,stat_kill,Deer,-1,112,0,176,0,count:1
4350,stat_starvation,Deer,-1,112,0,208,0,count:1
4350,stat_starvation,Sectid,-1,112,0,208,0,count:2
4350,stat_starvation,Elk,-1,112,0,208,0,count:1
4350,stat_starvation,Camel,-1,112,0,240,0,count:1
4350,stat_starvation,Camel,-1,112,0,304,0,count:1
4350,stat_starvation,Elk,-1,112,0,304,0,count:1
4350,stat_starvation,Sectid,-1,112,0,304,0,count:2
4350,stat_starvation,Camel,-1,112,0,336,0,count:1
4350,stat_starvation,Sectid,-1,112,0,336,0,count:1
4350,stat_starvation,Sectid,-1,112,0,368,0,count:1
4350,stat_starvation,Camel,-1,112,0,368,0,count:1
4350,stat_starvation,Camel,-1,112,0,432,0,count:1
4350,stat_starvation,Camel,-1,112,0,464,0,count:1
4350,stat_starvation,Musk Ox,-1,144,0,16,0,count:1
4350,stat_starvation,Sectid,-1,144,0,48,0,count:1
4350,stat_starvation,Deer,-1,144,0,112,0,count:1
4350,stat_starvation,Deer,-1,144,0,144,0,count:1
4350,stat_starvation,Deer,-1,144,0,176,0,count:1
4350,stat_starvation,Sectid,-1,144,0,240,0,count:2
4350,stat_starvation,Camel,-1,144,0,240,0,count:1
4350,stat_starvation,Elk,-1,144,0,240,0,count:1
4350,stat_kill,Camel,-1,144,0,464,0,count:1
4350,stat_starvation,Sectid,-1,176,0,80,0,count:1
4350,stat_starvation,Sectid,-1,176,0,112,0,count:1
4350,stat_starvation,Sectid,-1,176,0,144,0,count:1
4350,stat_starvation,Sectid,-1,176,0,176,0,count:1
4350,stat_starvation,Sectid,-1,176,0,272,0,count:1
4350,stat_starvation,Camel,-1,176,0,272,0,count:1
4350,stat_starvation,Camel,-1,176,0,304,0,count:1
4350,stat_starvation,Sectid,-1,176,0,304,0,count:1
4350,stat_starvation,Camel,-1,176,0,432,0,count:1
4350,stat_birth,Sectid,-1,176,0,432,0,count:1
4350,stat_starvation,Camel,-1,176,0,464,0,count:1
4350,stat_birth,Sectid,-1,208,0,16,0,count:1
4350,stat_starvation,Sectid,-1,208,0,16,0,count:1
4350,stat_starvation,Hawk,-1,208,0,48,0,count:1
4350,stat_starvation,Elk,-1,208,0,80,0,count:1
4350,stat_starvation,Sectid,-1,208,0,80,0,count:1
4350,stat_starvation,Hawk,-1,208,0,80,0,count:1
4350,stat_birth,Sectid,-1,208,0,112,0,count:1
4350,stat_starvation,Sectid,-1,208,0,112,0,count:1
4350,stat_starvation,Elk,-1,208,0,144,0,count:1
4350,stat_kill,Elk,-1,208,0,208,0,count:1
4350,stat_starvation,Camel,-1,208,0,272,0,count:1
4350,stat_kill,Fish,-1,208,0,304,0,count:1
4350,stat_birth,Fish,-1,208,0,336,0,count:1
4350,stat_kill,Fish,-1,208,0,336,0,count:1
4350,stat_starvation,Camel,-1,208,0,368,0,count:1
4350,stat_starvation,Sectid,-1,208,0,400,0,count:1
4350,stat_starvation,Camel,-1,208,0,400,0,count:1
4350,stat_kill,Camel,-1,208,0,464,0,count:1
4350,stat_birth,Sectid,-1,208,0,496,0,count:1
4350,stat_starvation,Hawk,-1,240,0,16,0,count:1
4350,stat_starvation,Musk Ox,-1,240,0,16,0,count:1
4350,stat_starvation,Deer,-1,240,0,48,0,count:1
4350,stat_birth,Sectid,-1,240,0,48,0,count:1
4350,stat_starvation,Hawk,-1,240,0,48,0,count:1
4350,stat_starvation,Hawk,-1,240,0,80,0,count:1
4350,stat_starvation,Elk,-1,240,0,144,0,count:1
4350,stat_starvation,Sectid,-1,240,0,144,0,count:3
4350,stat_starvation,Sectid,-1,240,0,176,0,count:2
4350,stat_kill,Fish,-1,240,0,304,0,count:7
4350,stat_birth,Sectid,-1,240,0,304,0,count:1
4350,stat_birth,Fish,-1,240,0,336,0,count:1
4350,stat_kill,Fish,-1,240,0,336,0,count:3
4350,stat_starvation,Camel,-1,240,0,336,0,count:1
4350,stat_starvation,Camel,-1,240,0,368,0,count:1
4350,stat_starvation,Deer,-1,272,0,16,0,count:1
4350,stat_starvation,Deer,-1,272,0,48,0,count:1
4350,stat_starvation,Musk Ox,-1,272,0,48,0,count:1
4350,stat_starvation,Hawk,-1,272,0,48,0,count:1
4350,stat_birth,Sectid,-1,272,0,48,0,count:1
4350,stat_starvation,Sectid,-1,272,0,48,0,count:1
4350,stat_starvation,Musk Ox,-1,272,0,80,0,count:1
4350,stat_starvation,Sectid,-1,272,0,80,0,count:2
4350,stat_starvation,Hawk,-1,272,0,80,0,count:1
4350,stat_starvation,Musk Ox,-1,272,0,112,0,count:1
4350,stat_starvation,Sectid,-1,272,0,112,0,count:3
4350,stat_starvation,Hawk,-1,272,0,112,0,count:1
4350,stat_starvation,Deer,-1,272,0,144,0,count:1
4350,stat_kill,Fish,-1,272,0,144,0,count:1
4350,stat_starvation,Musk Ox,-1,272,0,144,0,count:1
4350,stat_starvation,Deer,-1,272,0,176,0,count:1
4350,stat_kill,Fish,-1,272,0,176,0,count:1
4350,stat_birth,Sectid,-1,272,0,176,0,count:1
4350,stat_birth,Fish,-1,272,0,304,0,count:6
4350,stat_age_death,Fish,-1,272,0,304,0,count:1
4350,stat_kill,Fish,-1,272,0,304,0,count:12
4350,stat_birth,Fish,-1,272,0,336,0,count:6
4350,stat_kill,Fish,-1,272,0,336,0,count:5
4350,stat_kill,Fish,-1,272,0,368,0,count:1
4350,stat_starvation,Sectid,-1,272,0,464,0,count:1
4350,stat_kill,Deer,-1,304,0,16,0,count:1
4350,stat_starvation,Musk Ox,-1,304,0,16,0,count:1
4350,stat_starvation,Hawk,-1,304,0,48,0,count:1
4350,stat_starvation,Sectid,-1,304,0,48,0,count:1
4350,stat_starvation,Deer,-1,304,0,80,0,count:1
4350,stat_starvation,Musk Ox,-1,304,0,80,0,count:1
4350,stat_starvation,Hawk,-1,304,0,80,0,count:2
4350,stat_birth,Sectid,-1,304,0,80,0,count:1
4350,stat_starvation,Sectid,-1,304,0,80,0,count:1
4350,stat_starvation,Elk,-1,304,0,112,0,count:1
4350,stat_birth,Fish,-1,304,0,144,0,count:2
4350,stat_kill,Fish,-1,304,0,144,0,count:2
4350,stat_starvation,Elk,-1,304,0,144,0,count:1
4350,stat_birth,Sectid,-1,304,0,144,0,count:1
4350,stat_birth,Fish,-1,304,0,176,0,count:3
4350,stat_kill,Fish,-1,304,0,176,0,count:4
4350,stat_birth,Sectid,-1,304,0,176,0,count:2
4350,stat_kill,Fish,-1,304,0,208,0,count:3
4350,stat_birth,Sectid,-1,304,0,208,0,count:1
4350,stat_birth,Fish,-1,304,0,272,0,count:1
4350,stat_kill,Fish,-1,304,0,272,0,count:3
4350,stat_birth,Sectid,-1,304,0,272,0,count:2
4350,stat_kill,Sectid,-1,304,0,272,0,count:1
4350,stat_starvation,Elk,-1,304,0,304,0,count:1
4350,stat_birth,Fish,-1,304,0,304,0,count:6
4350,stat_kill,Fish,-1,304,0,304,0,count:6
4350,stat_birth,Fish,-1,304,0,336,0,count:5
4350,stat_kill,Fish,-1,304,0,336,0,count:6
4350,stat_starvation,Elk,-1,304,0,336,0,count:1
4350,stat_kill,Elk,-1,304,0,368,0,count:1
4350,stat_kill,Camel,-1,304,0,368,0,count:1
4350,stat_starvation,Sectid,-1,304,0,400,0,count:1
4350,stat_starvation,Hawk,-1,336,0,16,0,count:1
4350,stat_birth,Sectid,-1,336,0,48,0,count:1
4350,stat_starvation,Sectid,-1,336,0,48,0,count:1
4350,stat_starvation,Musk Ox,-1,336,0,112,0,count:1
4350,stat_kill,Fish,-1,336,0,112,0,count:1
4350,stat_starvation,Elk,-1,336,0,144,0,count:1
4350,stat_birth,Fish,-1,336,0,144,0,count:1
4350,stat_kill,Fish,-1,336,0,144,0,count:3
4350,stat_birth,Sectid,-1,336,0,144,0,count:2
4350,stat_birth,Fish,-1,336,0,176,0,count:11
4350,stat_age_death,Fish,-1,336,0,176,0,count:1
4350,stat_kill,Fish,-1,336,0,176,0,count:9
4350,stat_starvation,Deer,-1,336,0,176,0,count:1
4350,stat_birth,Sectid,-1,336,0,176,0,count:2
4350,stat_birth,Fish,-1,336,0,208,0,count:12
4350,stat_age_death,Fish,-1,336,0,208,0,count:2
4350,stat_kill,Fish,-1,336,0,208,0,count:5
4350,stat_birth,Sectid,-1,336,0,208,0,count:1
4350,stat_birth,Fish,-1,336,0,240,0,count:11
4350,stat_age_death,Fish,-1,336,0,240,0,count:1
4350,stat_kill,Fish,-1,336,0,240,0,count:8
4350,stat_birth,Sectid,-1,336,0,240,0,count:2
4350,stat_starvation,Elk,-1,336,0,272,0,count:1
4350,stat_birth,Fish,-1,336,0,272,0,count:5
4350,stat_kill,Fish,-1,336,0,272,0,count:3
4350,stat_birth,Sectid,-1,336,0,272,0,count:1
4350,stat_kill,Fish,-1,336,0,304,0,count:1
4350,stat_starvation,Elk,-1,336,0,336,0,count:1
4350,stat_birth,Fish,-1,336,0,336,0,count:1
4350,stat_kill,Fish,-1,336,0,336,0,count:1
4350,stat_starvation,Elk,-1,336,0,368,0,count:1
4350,stat_starvation,Sectid,-1,336,0,400,0,count:1
4350,stat_starvation,Musk Ox,-1,368,0,80,0,count:1
4350,stat_age_death,Arctic Fox,-1,368,0,112,0,count:1
4350,stat_starvation,Elk,-1,368,0,112,0,count:1
4350,stat_birth,Fish,-1,368,0,112,0,count:2
4350,stat_kill,Fish,-1,368,0,112,0,count:2
4350,stat_birth,Sectid,-1,368,0,112,0,count:1
4350,stat_kill,Fish,-1,368,0,144,0,count:2
4350,stat_birth,Hawk,-1,368,0,144,0,count:1
4350,stat_birth,Sectid,-1,368,0,144,0,count:1
4350,stat_birth,Fish,-1,368,0,176,0,count:7
4350,stat_age_death,Fish,-1,368,0,176,0,count:1
4350,stat_kill,Fish,-1,368,0,176,0,count:2
4350,stat_age_death,Fish,-1,368,0,208,0,count:1
4350,stat_kill,Fish,-1,368,0,208,0,count:1
4350,stat_kill,Fish,-1,368,0,240,0,count:3
4350,stat_birth,Sectid,-1,368,0,240,0,count:1
4350,stat_birth,Fish,-1,368,0,272,0,count:4
4350,stat_kill,Fish,-1,368,0,272,0,count:2
4350,stat_birth,Sectid,-1,368,0,272,0,count:1
4350,stat_starvation,Sectid,-1,368,0,336,0,count:1
4350,stat_starvation,Elk,-1,368,0,336,0,count:1
4350,stat_starvation,Elk,-1,368,0,368,0,count:1
4350,stat_starvation,Hawk,-1,400,0,48,0,count:1
4350,stat_starvation,Deer,-1,400,0,80,0,count:1
4350,stat_starvation,Elk,-1,400,0,80,0,count:1
4350,stat_birth,Sectid,-1,400,0,80,0,count:1
4350,stat_birth,Arctic Fox,-1,400,0,112,0,count:1
4350,stat_starvation,Elk,-1,400,0,112,0,count:1
4350,stat_kill,Fish,-1,400,0,112,0,count:2
4350,stat_birth,Hawk,-1,400,0,112,0,count:1
4350,stat_birth,Sectid,-1,400,0,112,0,count:1
4350,stat_age_death,Fish,-1,400,0,144,0,count:1
4350,stat_kill,Fish,-1,400,0,144,0,count:4
4350,stat_birth,Jaguar,-1,400,0,176,0,count:1
4350,stat_age_death,Fish,-1,400,0,176,0,count:1
4350,stat_kill,Fish,-1,400,0,176,0,count:2
4350,stat_birth,Fish,-1,400,0,240,0,count:3
4350,stat_kill,Fish,-1,400,0,240,0,count:1
4350,stat_birth,Sectid,-1,400,0,240,0,count:1
4350,stat_kill,Fish,-1,400,0,272,0,count:1
4350,stat_birth,Sectid,-1,400,0,400,0,count:1
4350,stat_starvation,Deer,-1,400,0,432,0,count:1
4350,stat_starvation,Elk,-1,432,0,48,0,count:1
4350,stat_kill,Fish,-1,432,0,112,0,count:1
4350,stat_birth,Fish,-1,432,0,144,0,count:4
4350,stat_age_death,Fish,-1,432,0,144,0,count:1
4350,stat_kill,Fish,-1,432,0,144,0,count:1
4350,stat_age_death,Fish,-1,432,0,176,0,count:1
4350,stat_kill,Fish,-1,432,0,176,0,count:1
4350,stat_kill,Fish,-1,432,0,208,0,count:1
4350,stat_kill,Fish,-1,432,0,272,0,count:1
4350,stat_starvation,Fish,-1,432,0,304,0,count:1
4350,stat_starvation,Elk,-1,432,0,336,0,count:1
4350,stat_starvation,Elk,-1,432,0,432,0,count:1
4350,stat_starvation,Elk,-1,432,0,496,0,count:1
4350,stat_birth,Fish,-1,464,0,112,0,count:1
4350,stat_birth,Fish,-1,464,0,176,0,count:2
4350,stat_kill,Fish,-1,464,0,304,0,count:1
4350,stat_age_death,Fish,-1,464,0,368,0,count:1
4350,stat_starvation,Elk,-1,464,0,432,0,count:1
4350,stat_starvation,Elk,-1,464,0,464,0,count:1
4350,stat_starvation,Elk,-1,464,0,496,0,count:1
4350,stat_birth,Fish,-1,496,0,304,0,count:2
4350,stat_kill,Fish,-1,496,0,304,0,count:1
4350,stat_age_death,Fish,-1,496,0,336,0,count:1
4350,stat_starvation,Elk,-1,496,0,368,0,count:1
4350,stat_birth,Fish,-1,496,0,368,0,count:1
4350,stat_starvation,Elk,-1,496,0,464,0,count:1
4380,stat_birth,Fish,-1,16,0,240,0,count:1
4380,stat_kill,Fish,-1,16,0,240,0,count:1
4380,stat_starvation,Elk,-1,16,0,272,0,count:1
4380,stat_birth,Fish,-1,16,0,272,0,count:1
4380,stat_kill,Fish,-1,16,0,272,0,count:1
4380,stat_starvation,Camel,-1,16,0,272,0,count:1
4380,stat_kill,Fish,-1,16,0,304,0,count:2
4380,stat_starvation,Sectid,-1,48,0,80,0,count:1
4380,stat_starvation,Deer,-1,48,0,144,0,count:1
4380,stat_starvation,Elk,-1,48,0,144,0,count:1
4380,stat_starvation,Elk,-1,48,0,176,0,count:1
4380,stat_kill,Fish,-1,48,0,240,0,count:1
4380,stat_birth,Fish,-1,48,0,272,0,count:9
4380,stat_kill,Fish,-1,48,0,272,0,count:13
4380,stat_starvation,Camel,-1,48,0,272,0,count:1
4380,stat_birth,Fish,-1,48,0,304,0,count:1
4380,stat_kill,Fish,-1,48,0,304,0,count:1
4380,stat_starvation,Camel,-1,48,0,368,0,count:1
4380,stat_starvation,Sectid,-1,48,0,368,0,count:1
4380,stat_kill,Elk,-1,80,0,16,0,count:1
4380,stat_starvation,Sectid,-1,80,0,48,0,count:1
4380,stat_starvation,Sectid,-1,80,0,80,0,count:2
4380,stat_starvation,Elk,-1,80,0,144,0,count:1
4380,stat_starvation,Deer,-1,80,0,176,0,count:1
4380,stat_age_death,Sectid,-1,80,0,176,0,count:1
4380,stat_starvation,Sectid,-1,80,0,208,0,count:1
4380,stat_starvation,Elk,-1,80,0,240,0,count:1
4380,stat_birth,Fish,-1,80,0,240,0,count:1
4380,stat_kill,Fish,-1,80,0,240,0,count:1
4380,stat_starvation,Camel,-1,80,0,240,0,count:1
4380,stat_starvation,Camel,-1,80,0,272,0,count:1
4380,stat_starvation,Camel,-1,80,0,304,0,count:1
4380,stat_birth,Fish,-1,80,0,304,0,count:1
4380,stat_kill,Fish,-1,80,0,304,0,count:1
4380,stat_starvation,Camel,-1,80,0,336,0,count:1
4380,stat_starvation,Elk,-1,80,0,336,0,count:1
4380,stat_starvation,Camel,-1,80,0,368,0,count:1
4380,stat_birth,Sectid,-1,80,0,400,0,count:1
4380,stat_starvation,Sectid,-1,80,0,400,0,count:1
4380,stat_starvation,Camel,-1,80,0,464,0,count:1
4380,stat_starvation,Sectid,-1,112,0,48,0,count:1
4380,stat_starvation,Musk Ox,-1,112,0,48,0,count:1
4380,stat_starvation,Sectid,-1,112,0,208,0,count:1
4380,stat_starvation,Camel,-1,112,0,208,0,count:1
4380,stat_starvation,Camel,-1,112,0,240,0,count:1
4380,stat_kill,Elk,-1,112,0,272,0,count:1
4380,stat_birth,Sectid,-1,112,0,304,0,count:1
4380,stat_starvation,Sectid,-1,112,0,304,0,count:2
4380,stat_starvation,Sectid,-1,112,0,336,0,count:2
4380,stat_starvation,Sectid,-1,112,0,368,0,count:1
4380,stat_starvation,Camel,-1,112,0,368,0,count:1
4380,stat_starvation,Elk,-1,144,0,16,0,count:1
4380,stat_birth,Sectid,-1,144,0,48,0,count:1
4380,stat_starvation,Elk,-1,144,0,48,0,count:1
4380,stat_starvation,Deer,-1,144,0,80,0,count:1
4380,stat_birth,Sectid,-1,144,0,80,0,count:1
4380,stat_starvation,Sectid,-1,144,0,112,0,count:1
4380,stat_starvation,Deer,-1,144,0,144,0,count:1
4380,stat_kill,Elk,-1,144,0,176,0,count:1
4380,stat_kill,Sectid,-1,144,0,208,0,count:1
4380,stat_starvation,Elk,-1,144,0,208,0,count:1
4380,stat_starvation,Sectid,-1,144,0,240,0,count:2
4380,stat_starvation,Camel,-1,144,0,304,0,count:1
4380,stat_starvation,Elk,-1,144,0,304,0,count:1
4380,stat_starvation,Camel,-1,144,0,336,0,count:1
4380,stat_starvation,Camel,-1,144,0,368,0,count:1
4380,stat_starvation,Camel,-1,144,0,400,0,count:1
4380,stat_starvation,Camel,-1,144,0,432,0,count:1
4380,stat_starvation,Elk,-1,176,0,48,0,count:1
4380,stat_birth,Sectid,-1,176,0,80,0,count:1
4380,stat_starvation,Elk,-1,176,0,80,0,count:1
4380,stat_starvation,Sectid,-1,176,0,144,0,count:1
4380,stat_starvation,Elk,-1,176,0,176,0,count:1
4380,stat_starvation,Sectid,-1,176,0,176,0,count:2
4380,stat_starvation,Camel,-1,176,0,240,0,count:1
4380,stat_starvation,Sectid,-1,176,0,272,0,count:2
4380,stat_starvation,Camel,-1,176,0,272,0,count:1
4380,stat_starvation,Sectid,-1,176,0,304,0,count:2
4380,stat_starvation,Sectid,-1,176,0,400,0,count:1
4380,stat_starvation,Sectid,-1,176,0,432,0,count:1
4380,stat_kill,Camel,-1,176,0,496,0,count:1
4380,stat_starvation,Sectid,-1,208,0,16,0,count:1
4380,stat_starvation,Hawk,-1,208,0,16,0,count:1
4380,stat_starvation,Deer,-1,208,0,48,0,count:1
4380,stat_starvation,Elk,-1,208,0,48,0,count:1
4380,stat_starvation,Sectid,-1,208,0,80,0,count:1
4380,stat_starvation,Hawk,-1,208,0,80,0,count:1
4380,stat_starvation,Elk,-1,208,0,112,0,count:1
4380,stat_starvation,Deer,-1,208,0,112,0,count:1
4380,stat_starvation,Sectid,-1,208,0,112,0,count:1
4380,stat_starvation,Hawk,-1,208,0,112,0,count:1
4380,stat_kill,Turtle,-1,208,0,176,0,count:1
4380,stat_kill,Camel,-1,208,0,240,0,count:1
4380,stat_birth,Fish,-1,208,0,272,0,count:1
4380,stat_kill,Fish,-1,208,0,272,0,count:1
4380,stat_starvation,Camel,-1,208,0,304,0,count:1
4380,stat_starvation,Camel,-1,208,0,336,0,count:1
4380,stat_starvation,Camel,-1,208,0,368,0,count:1
4380,stat_starvation,Sectid,-1,208,0,400,0,count:1
4380,stat_starvation,Sectid,-1,208,0,496,0,count:1
4380,stat_starvation,Deer,-1,240,0,48,0,count:1
4380,stat_starvation,Sectid,-1,240,0,48,0,count:1
4380,stat_starvation,Hawk,-1,240,0,48,0,count:1
4380,stat_starvation,Deer,-1,240,0,80,0,count:1
4380,stat_starvation,Hawk,-1,240,0,80,0,count:1
4380,stat_birth,Sectid,-1,240,0,144,0,count:1
4380,stat_starvation,Sectid,-1,240,0,144,0,count:2
4380,stat_starvation,Scorpion,-1,240,0,176,0,count:1
4380,stat_starvation,Deer,-1,240,0,176,0,count:1
4380,stat_starvation,Sectid,-1,240,0,176,0,count:1
4380,stat_birth,Fish,-1,240,0,304,0,count:2
4380,stat_kill,Fish,-1,240,0,304,0,count:6
4380,stat_starvation,Camel,-1,240,0,304,0,count:1
4380,stat_kill,Fish,-1,240,0,336,0,count:3
4380,stat_birth,Sectid,-1,240,0,336,0,count:1
4380,stat_starvation,Sectid,-1,240,0,400,0,count:1
4380,stat_starvation,Deer,-1,272,0,16,0,count:1
4380,stat_starvation,Deer,-1,272,0,48,0,count:1
4380,stat_starvation,Musk Ox,-1,272,0,48,0,count:1
4380,stat_starvation,Hawk,-1,272,0,48,0,count:1
4380,stat_starvation,Sectid,-1,272,0,48,0,count:1
4380,stat_starvation,Musk Ox,-1,272,0,80,0,count:1
4380,stat_birth,Sectid,-1,272,0,80,0,count:1
4380,stat_starvation,Sectid,-1,272,0,80,0,count:1
4380,stat_starvation,Hawk,-1,272,0,80,0,count:2
4380,stat_starvation,Musk Ox,-1,272,0,112,0,count:1
4380,stat_starvation,Sectid,-1,272,0,112,0,count:1
4380,stat_starvation,Hawk,-1,272,0,112,0,count:1
4380,stat_starvation,Musk Ox,-1,272,0,144,0,count:1
4380,stat_birth,Fish,-1,272,0,304,0,count:6
4380,stat_age_death,Fish,-1,272,0,304,0,count:1
4380,stat_kill,Fish,-1,272,0,304,0,count:12
4380,stat_birth,Sectid,-1,272,0,304,0,count:1
4380,stat_starvation,Camel,-1,272,0,304,0,count:1
4380,stat_birth,Fish,-1,272,0,336,0,count:6
4380,stat_kill,Fish,-1,272,0,336,0,count:6
4380,stat_birth,Sectid,-1,272,0,336,0,count:1
4380,stat_starvation,Camel,-1,272,0,336,0,count:1
4380,stat_kill,Fish,-1,272,0,368,0,count:1
4380,stat_kill,Camel,-1,272,0,432,0,count:1
4380,stat_birth,Sectid,-1,304,0,16,0,count:1
4380,stat_starvation,Sectid,-1,304,0,16,0,count:1
4380,stat_starvation,Hawk,-1,304,0,48,0,count:1
4380,stat_starvation,Arctic Fox,-1,304,0,48,0,count:1
4380,stat_starvation,Musk Ox,-1,304,0,48,0,count:1
4380,stat_starvation,Sectid,-1,304,0,48,0,count:1
4380,stat_starvation,Deer,-1,304,0,80,0,count:1
4380,stat_starvation,Hawk,-1,304,0,80,0,count:1
4380,stat_starvation,Sectid,-1,304,0,80,0,count:2
4380,stat_starvation,Deer,-1,304,0,112,0,count:1
4380,stat_starvation,Musk Ox,-1,304,0,112,0,count:1
4380,stat_starvation,Elk,-1,304,0,112,0,count:2
4380,stat_birth,Fish,-1,304,0,144,0,count:1
4380,stat_kill,Fish,-1,304,0,144,0,count:2
4380,stat_starvation,Elk,-1,304,0,144,0,count:1
4380,stat_birth,Fish,-1,304,0,176,0,count:2
4380,stat_kill,Fish,-1,304,0,176,0,count:4
4380,stat_birth,Sectid,-1,304,0,176,0,count:3
4380,stat_birth,Frog,-1,304,0,208,0,count:1
4380,stat_kill,Fish,-1,304,0,208,0,count:3
4380,stat_birth,Sectid,-1,304,0,208,0,count:2
4380,stat_starvation,Elk,-1,304,0,272,0,count:1
4380,stat_birth,Fish,-1,304,0,272,0,count:2
4380,stat_kill,Fish,-1,304,0,272,0,count:3
4380,stat_birth,Sectid,-1,304,0,272,0,count:1
4380,stat_birth,Fish,-1,304,0,304,0,count:7
4380,stat_kill,Fish,-1,304,0,304,0,count:6
4380,stat_birth,Sectid,-1,304,0,304,0,count:1
4380,stat_starvation,Camel,-1,304,0,304,0,count:1
4380,stat_starvation,Camel,-1,304,0,336,0,count:1
4380,stat_birth,Fish,-1,304,0,336,0,count:5
4380,stat_kill,Fish,-1,304,0,336,0,count:5
4380,stat_starvation,Sectid,-1,304,0,400,0,count:2
4380,stat_starvation,Hawk,-1,336,0,16,0,count:2
4380,stat_starvation,Sectid,-1,336,0,16,0,count:1
4380,stat_starvation,Deer,-1,336,0,48,0,count:1
4380,stat_starvation,Musk Ox,-1,336,0,48,0,count:1
4380,stat_starvation,Sectid,-1,336,0,48,0,count:2
4380,stat_starvation,Musk Ox,-1,336,0,80,0,count:1
4380,stat_starvation,Elk,-1,336,0,80,0,count:1
4380,stat_starvation,Deer,-1,336,0,112,0,count:1
4380,stat_starvation,Elk,-1,336,0,112,0,count:1
4380,stat_starvation,Musk Ox,-1,336,0,112,0,count:1
4380,stat_starvation,Elk,-1,336,0,144,0,count:1
4380,stat_birth,Fish,-1,336,0,144,0,count:1
4380,stat_kill,Fish,-1,336,0,144,0,count:2
4380,stat_birth,Sectid,-1,336,0,144,0,count:1
4380,stat_starvation,Elk,-1,336,0,176,0,count:1
4380,stat_birth,Fish,-1,336,0,176,0,count:11
4380,stat_age_death,Fish,-1,336,0,176,0,count:1
4380,stat_kill,Fish,-1,336,0,176,0,count:9
4380,stat_birth,Sectid,-1,336,0,176,0,count:3
4380,stat_birth,Fish,-1,336,0,208,0,count:12
4380,stat_age_death,Fish,-1,336,0,208,0,count:1
4380,stat_kill,Fish,-1,336,0,208,0,count:6
4380,stat_birth,Sectid,-1,336,0,208,0,count:1
4380,stat_birth,Fish,-1,336,0,240,0,count:11
4380,stat_age_death,Fish,-1,336,0,240,0,count:1
4380,stat_kill,Fish,-1,336,0,240,0,count:8
4380,stat_birth,Sectid,-1,336,0,240,0,count:2
4380,stat_birth,Fish,-1,336,0,272,0,count:6
4380,stat_kill,Fish,-1,336,0,272,0,count:4
4380,stat_birth,Sectid,-1,336,0,272,0,count:1
4380,stat_starvation,Elk,-1,336,0,304,0,count:1
4380,stat_kill,Fish,-1,336,0,304,0,count:1
4380,stat_starvation,Elk,-1,336,0,336,0,count:1
4380,stat_kill,Fish,-1,336,0,336,0,count:1
4380,stat_starvation,Sectid,-1,336,0,400,0,count:2
4380,stat_starvation,Hawk,-1,368,0,16,0,count:1
4380,stat_starvation,Musk Ox,-1,368,0,48,0,count:1
4380,stat_starvation,Elk,-1,368,0,48,0,count:1
4380,stat_starvation,Musk Ox,-1,368,0,80,0,count:1
4380,stat_starvation,Elk,-1,368,0,80,0,count:1
4380,stat_birth,Fish,-1,368,0,112,0,count:3
4380,stat_kill,Fish,-1,368,0,112,0,count:3
4380,stat_starvation,Musk Ox,-1,368,0,112,0,count:1
4380,stat_birth,Sectid,-1,368,0,112,0,count:1
4380,stat_kill,Fish,-1,368,0,144,0,count:3
4380,stat_starvation,Deer,-1,368,0,144,0,count:1
4380,stat_birth,Sectid,-1,368,0,144,0,count:1
4380,stat_starvation,Elk,-1,368,0,176,0,count:1
4380,stat_birth,Fish,-1,368,0,176,0,count:8
4380,stat_age_death,Fish,-1,368,0,176,0,count:1
4380,stat_kill,Fish,-1,368,0,176,0,count:3
4380,stat_birth,Sectid,-1,368,0,176,0,count:1
4380,stat_kill,Fish,-1,368,0,208,0,count:2
4380,stat_kill,Fish,-1,368,0,240,0,count:2
4380,stat_birth,Sectid,-1,368,0,240,0,count:1
4380,stat_birth,Fish,-1,368,0,272,0,count:3
4380,stat_kill,Fish,-1,368,0,272,0,count:2
4380,stat_birth,Sectid,-1,368,0,272,0,count:1
4380,stat_starvation,Sectid,-1,368,0,336,0,count:2
4380,stat_starvation,Elk,-1,368,0,432,0,count:1
4380,stat_starvation,Hawk,-1,400,0,16,0,count:1
4380,stat_kill,Shroomer,-1,400,0,80,0,count:1
4380,stat_starvation,Elk,-1,400,0,80,0,count:1
4380,stat_kill,Fish,-1,400,0,112,0,count:1
4380,stat_age_death,Fish,-1,400,0,144,0,count:1
4380,stat_kill,Fish,-1,400,0,144,0,count:5
4380,stat_starvation,Elk,-1,400,0,144,0,count:1
4380,stat_birth,Snake,-1,400,0,176,0,count:1
4380,stat_age_death,Fish,-1,400,0,176,0,count:1
4380,stat_kill,Fish,-1,400,0,176,0,count:1
4380,stat_kill,Fish,-1,400,0,208,0,count:1
4380,stat_birth,Fish,-1,400,0,240,0,count:3
4380,stat_kill,Fish,-1,400,0,240,0,count:1
4380,stat_birth,Fish,-1,400,0,272,0,count:1
4380,stat_starvation,Elk,-1,400,0,336,0,count:1
4380,stat_starvation,Elk,-1,400,0,368,0,count:1
4380,stat_starvation,Deer,-1,400,0,432,0,count:1
4380,stat_starvation,Elk,-1,432,0,80,0,count:1
4380,stat_kill,Fish,-1,432,0,80,0,count:1
4380,stat_kill,Fish,-1,432,0,112,0,count:2
4380,stat_birth,Fish,-1,432,0,144,0,count:4
4380,stat_kill,Fish,-1,432,0,144,0,count:1
4380,stat_age_death,Fish,-1,432,0,176,0,count:1
4380,stat_kill,Fish,-1,432,0,176,0,count:1
4380,stat_birth,Fish,-1,432,0,240,0,count:1
4380,stat_birth,Fish,-1,432,0,272,0,count:1
4380,stat_starvation,Elk,-1,432,0,336,0,count:1
4380,stat_starvation,Elk,-1,432,0,368,0,count:1
4380,stat_starvation,Elk,-1,432,0,400,0,count:1
4380,stat_starvation,Elk,-1,432,0,464,0,count:1
4380,stat_kill,Shroomer,-1,464,0,48,0,count:1
4380,stat_birth,Fish,-1,464,0,112,0,count:1
4380,stat_birth,Fish,-1,464,0,176,0,count:2
4380,stat_kill,Fish,-1,464,0,272,0,count:1
4380,stat_birth,Shroomer,-1,464,0,304,0,count:1
4380,stat_kill,Fish,-1,464,0,336,0,count:1
4380,stat_starvation,Elk,-1,464,0,336,0,count:1
4380,stat_starvation,Elk,-1,464,0,368,0,count:1
4380,stat_starvation,Elk,-1,464,0,432,0,count:1
4380,stat_birth,Fish,-1,496,0,304,0,count:2
4380,stat_kill,Fish,-1,496,0,304,0,count:1
4380,stat_birth,Scorpion,-1,496,0,304,0,count:1
4380,stat_birth,Fish,-1,496,0,368,0,count:1
4380,stat_starvation,Elk,-1,496,0,464,0,count:1
4380,stat_starvation,Elk,-1,496,0,496,0,count:1
4410,stat_kill,Deer,-1,16,0,112,0,count:1
4410,stat_starvation,Sectid,-1,16,0,176,0,count:1
4410,stat_starvation,Elk,-1,16,0,176,0,count:1
4410,stat_starvation,Sectid,-1,16,0,208,0,count:1
4410,stat_starvation,Elk,-1,16,0,208,0,count:1
4410,stat_starvation,Elk,-1,16,0,240,0,count:1
4410,stat_birth,Fish,-1,16,0,240,0,count:1
4410,stat_kill,Fish,-1,16,0,240,0,count:1
4410,stat_kill,Deer,-1,16,0,240,0,count:1
4410,stat_birth,Fish,-1,16,0,272,0,count:1
4410,stat_kill,Fish,-1,16,0,272,0,count:2
4410,stat_birth,Fish,-1,16,0,304,0,count:1
4410,stat_kill,Fish,-1,16,0,304,0,count:1
4410,stat_starvation,Camel,-1,16,0,336,0,count:1
4410,stat_starvation,Sectid,-1,48,0,80,0,count:1
4410,stat_starvation,Elk,-1,48,0,112,0,count:1
4410,stat_starvation,Elk,-1,48,0,208,0,count:1
4410,stat_starvation,Elk,-1,48,0,240,0,count:1
4410,stat_birth,Fish,-1,48,0,240,0,count:1
4410,stat_kill,Fish,-1,48,0,240,0,count:1
4410,stat_starvation,Deer,-1,48,0,240,0,count:1
4410,stat_birth,Fish,-1,48,0,272,0,count:10
4410,stat_kill,Fish,-1,48,0,272,0,count:13
4410,stat_starvation,Camel,-1,48,0,272,0,count:1
4410,stat_starvation,Deer,-1,48,0,272,0,count:1
4410,stat_starvation,Camel,-1,48,0,336,0,count:1
4410,stat_starvation,Elk,-1,48,0,368,0,count:1
4410,stat_starvation,Sectid,-1,48,0,368,0,count:2
4410,stat_starvation,Elk,-1,80,0,48,0,count:1
4410,stat_starvation,Sectid,-1,80,0,48,0,count:1
4410,stat_starvation,Deer,-1,80,0,144,0,count:1
4410,stat_starvation,Elk,-1,80,0,144,0,count:1
4410,stat_birth,Sectid,-1,80,0,208,0,count:1
4410,stat_starvation,Sectid,-1,80,0,208,0,count:2
4410,stat_kill,Fish,-1,80,0,240,0,count:1
4410,stat_starvation,Camel,-1,80,0,240,0,count:1
4410,stat_birth,Fish,-1,80,0,272,0,count:1
4410,stat_kill,Fish,-1,80,0,272,0,count:1
4410,stat_starvation,Camel,-1,80,0,304,0,count:1
4410,stat_kill,Fish,-1,80,0,304,0,count:1
4410,stat_starvation,Camel,-1,80,0,336,0,count:1
4410,stat_kill,Musk Ox,-1,80,0,336,0,count:1
4410,stat_starvation,Elk,-1,80,0,368,0,count:1
4410,stat_starvation,Camel,-1,80,0,368,0,count:1
4410,stat_starvation,Camel,-1,80,0,400,0,count:1
4410,stat_starvation,Sectid,-1,80,0,400,0,count:1
4410,stat_starvation,Elk,-1,112,0,16,0,count:1
4410,stat_starvation,Elk,-1,112,0,48,0,count:1
4410,stat_starvation,Sectid,-1,112,0,48,0,count:1
4410,stat_kill,Deer,-1,112,0,144,0,count:1
4410,stat_starvation,Elk,-1,112,0,176,0,count:1
4410,stat_starvation,Sectid,-1,112,0,208,0,count:2
4410,stat_starvation,Camel,-1,112,0,272,0,count:1
4410,stat_starvation,Camel,-1,112,0,304,0,count:1
4410,stat_starvation,Elk,-1,112,0,304,0,count:1
4410,stat_starvation,Sectid,-1,112,0,304,0,count:2
4410,stat_starvation,Sectid,-1,112,0,336,0,count:1
4410,stat_starvation,Sectid,-1,112,0,368,0,count:1
4410,stat_starvation,Camel,-1,112,0,432,0,count:1
4410,stat_starvation,Camel,-1,112,0,464,0,count:1
4410,stat_starvation,Sectid,-1,144,0,48,0,count:1
4410,stat_starvation,Musk Ox,-1,144,0,48,0,count:1
4410,stat_starvation,Fox,-1,144,0,80,0,count:1
4410,stat_starvation,Sectid,-1,144,0,80,0,count:1
4410,stat_starvation,Elk,-1,144,0,112,0,count:1
4410,stat_starvation,Sectid,-1,144,0,112,0,count:1
4410,stat_kill,Musk Ox,-1,144,0,144,0,count:1
4410,stat_starvation,Elk,-1,144,0,144,0,count:1
4410,stat_starvation,Sectid,-1,144,0,240,0,count:2
4410,stat_starvation,Camel,-1,144,0,240,0,count:1
4410,stat_starvation,Camel,-1,144,0,304,0,count:1
4410,stat_starvation,Camel,-1,144,0,336,0,count:1
4410,stat_starvation,Camel,-1,144,0,368,0,count:1
4410,stat_kill,Elk,-1,144,0,368,0,count:1
4410,stat_kill,Deer,-1,176,0,16,0,count:1
4410,stat_kill,Deer,-1,176,0,48,0,count:1
4410,stat_starvation,Musk Ox,-1,176,0,48,0,count:1
4410,stat_starvation,Sectid,-1,176,0,80,0,count:1
4410,stat_starvation,Deer,-1,176,0,112,0,count:1
4410,stat_birth,Sectid,-1,176,0,144,0,count:1
4410,stat_starvation,Sectid,-1,176,0,144,0,count:1
4410,stat_starvation,Elk,-1,176,0,144,0,count:1
4410,stat_starvation,Sectid,-1,176,0,176,0,count:2
4410,stat_starvation,Camel,-1,176,0,240,0,count:1
4410,stat_starvation,Sectid,-1,176,0,272,0,count:2
4410,stat_starvation,Camel,-1,176,0,304,0,count:1
4410,stat_starvation,Sectid,-1,176,0,304,0,count:1
4410,stat_starvation,Sectid,-1,176,0,400,0,count:1
4410,stat_starvation,Sectid,-1,176,0,432,0,count:1
4410,stat_starvation,Camel,-1,176,0,464,0,count:1
4410,stat_starvation,Deer,-1,208,0,16,0,count:1
4410,stat_starvation,Musk Ox,-1,208,0,16,0,count:1
4410,stat_starvation,Hawk,-1,208,0,16,0,count:1
4410,stat_starvation,Deer,-1,208,0,48,0,count:1
4410,stat_starvation,Elk,-1,208,0,48,0,count:1
4410,stat_starvation,Hawk,-1,208,0,48,0,count:1
4410,stat_starvation,Elk,-1,208,0,80,0,count:1
4410,stat_starvation,Deer,-1,208,0,80,0,count:1
4410,stat_birth,Sectid,-1,208,0,80,0,count:1
4410,stat_starvation,Musk Ox,-1,208,0,80,0,count:1
4410,stat_starvation,Hawk,-1,208,0,80,0,count:1
4410,stat_starvation,Sectid,-1,208,0,112,0,count:1
4410,stat_starvation,Hawk,-1,208,0,112,0,count:1
4410,stat_kill,Deer,-1,208,0,208,0,count:1
4410,stat_kill,Camel,-1,208,0,208,0,count:1
4410,stat_starvation,Camel,-1,208,0,272,0,count:1
4410,stat_starvation,Camel,-1,208,0,304,0,count:1
4410,stat_kill,Fish,-1,208,0,304,0,count:1
4410,stat_starvation,Camel,-1,208,0,336,0,count:1
4410,stat_kill,Fish,-1,208,0,336,0,count:1
4410,stat_starvation,Sectid,-1,208,0,400,0,count:2
4410,stat_starvation,Camel,-1,208,0,400,0,count:1
4410,stat_starvation,Camel,-1,208,0,432,0,count:1
4410,stat_starvation,Hawk,-1,240,0,16,0,count:1
4410,stat_birth,Sectid,-1,240,0,16,0,count:1
4410,stat_starvation,Deer,-1,240,0,48,0,count:2
4410,stat_starvation,Musk Ox,-1,240,0,48,0,count:1
4410,stat_starvation,Deer,-1,240,0,80,0,count:1
4410,stat_starvation,Hawk,-1,240,0,80,0,count:1
4410,stat_starvation,Musk Ox,-1,240,0,112,0,count:1
4410,stat_starvation,Elk,-1,240,0,144,0,count:2
4410,stat_birth,Sectid,-1,240,0,144,0,count:1
4410,stat_starvation,Sectid,-1,240,0,144,0,count:2
4410,stat_birth,Sectid,-1,240,0,176,0,count:1
4410,stat_starvation,Sectid,-1,240,0,176,0,count:2
4410,stat_starvation,Elk,-1,240,0,176,0,count:1
4410,stat_birth,Fish,-1,240,0,304,0,count:2
4410,stat_kill,Fish,-1,240,0,304,0,count:6
4410,stat_birth,Fish,-1,240,0,336,0,count:1
4410,stat_kill,Fish,-1,240,0,336,0,count:3
4410,stat_starvation,Camel,-1,240,0,336,0,count:1
4410,stat_starvation,Sectid,-1,240,0,400,0,count:2
4410,stat_starvation,Musk Ox,-1,272,0,16,0,count:1
4410,stat_starvation,Musk Ox,-1,272,0,48,0,count:1
4410,stat_starvation,Deer,-1,272,0,80,0,count:1
4410,stat_starvation,Musk Ox,-1,272,0,80,0,count:1
4410,stat_starvation,Sectid,-1,272,0,80,0,count:1
4410,stat_starvation,Hawk,-1,272,0,80,0,count:1
4410,stat_starvation,Musk Ox,-1,272,0,112,0,count:1
4410,stat_birth,Sectid,-1,272,0,112,0,count:1
4410,stat_starvation,Sectid,-1,272,0,112,0,count:1
4410,stat_starvation,Hawk,-1,272,0,112,0,count:1
4410,stat_starvation,Musk Ox,-1,272,0,144,0,count:1
4410,stat_kill,Fish,-1,272,0,176,0,count:1
4410,stat_birth,Fish,-1,272,0,304,0,count:6
4410,stat_age_death,Fish,-1,272,0,304,0,count:1
4410,stat_kill,Fish,-1,272,0,304,0,count:12
4410,stat_starvation,Camel,-1,272,0,304,0,count:1
4410,stat_birth,Fish,-1,272,0,336,0,count:6
4410,stat_kill,Fish,-1,272,0,336,0,count:7
4410,stat_birth,Sectid,-1,272,0,336,0,count:1
4410,stat_starvation,Camel,-1,272,0,336,0,count:1
4410,stat_birth,Fish,-1,272,0,368,0,count:1
4410,stat_starvation,Sectid,-1,272,0,464,0,count:1
4410,stat_starvation,Musk Ox,-1,304,0,16,0,count:1
4410,stat_starvation,Hawk,-1,304,0,48,0,count:1
4410,stat_starvation,Deer,-1,304,0,48,0,count:1
4410,stat_starvation,Musk Ox,-1,304,0,48,0,count:1
4410,stat_birth,Sectid,-1,304,0,48,0,count:1
4410,stat_starvation,Sectid,-1,304,0,48,0,count:1
4410,stat_starvation,Deer,-1,304,0,80,0,count:1
4410,stat_starvation,Musk Ox,-1,304,0,80,0,count:1
4410,stat_starvation,Hawk,-1,304,0,80,0,count:1
4410,stat_birth,Sectid,-1,304,0,80,0,count:1
4410,stat_starvation,Sectid,-1,304,0,80,0,count:2
4410,stat_starvation,Musk Ox,-1,304,0,112,0,count:1
4410,stat_starvation,Elk,-1,304,0,112,0,count:1
4410,stat_birth,Fish,-1,304,0,144,0,count:2
4410,stat_kill,Fish,-1,304,0,144,0,count:2
4410,stat_starvation,Elk,-1,304,0,144,0,count:2
4410,stat_birth,Sectid,-1,304,0,144,0,count:1
4410,stat_birth,Fish,-1,304,0,176,0,count:6
4410,stat_kill,Fish,-1,304,0,176,0,count:5
4410,stat_birth,Sectid,-1,304,0,176,0,count:2
4410,stat_birth,Fox,-1,304,0,208,0,count:1
4410,stat_kill,Fish,-1,304,0,208,0,count:2
4410,stat_birth,Sectid,-1,304,0,208,0,count:2
4410,stat_starvation,Elk,-1,304,0,272,0,count:1
4410,stat_birth,Fish,-1,304,0,272,0,count:2
4410,stat_kill,Fish,-1,304,0,272,0,count:3
4410,stat_birth,Sectid,-1,304,0,272,0,count:1
4410,stat_birth,Fish,-1,304,0,304,0,count:6
4410,stat_kill,Fish,-1,304,0,304,0,count:7
4410,stat_starvation,Camel,-1,304,0,304,0,count:1
4410,stat_birth,Fish,-1,304,0,336,0,count:6
4410,stat_kill,Fish,-1,304,0,336,0,count:6
4410,stat_birth,Sectid,-1,304,0,336,0,count:1
4410,stat_kill,Fish,-1,304,0,368,0,count:1
4410,stat_starvation,Sectid,-1,304,0,400,0,count:2
4410,stat_starvation,Sectid,-1,304,0,432,0,count:1
4410,stat_starvation,Hawk,-1,336,0,16,0,count:1
4410,stat_starvation,Sectid,-1,336,0,16,0,count:2
4410,stat_starvation,Deer,-1,336,0,48,0,count:1
4410,stat_birth,Sectid,-1,336,0,48,0,count:1
4410,stat_starvation,Sectid,-1,336,0,48,0,count:1
4410,stat_starvation,Elk,-1,336,0,80,0,count:1
4410,stat_starvation,Elk,-1,336,0,144,0,count:1
4410,stat_birth,Fish,-1,336,0,144,0,count:1
4410,stat_kill,Fish,-1,336,0,144,0,count:3
4410,stat_birth,Sectid,-1,336,0,144,0,count:2
4410,stat_birth,Fish,-1,336,0,176,0,count:11
4410,stat_age_death,Fish,-1,336,0,176,0,count:1
4410,stat_kill,Fish,-1,336,0,176,0,count:10
4410,stat_birth,Sectid,-1,336,0,176,0,count:3
4410,stat_birth,Fish,-1,336,0,208,0,count:12
4410,stat_age_death,Fish,-1,336,0,208,0,count:2
4410,stat_kill,Fish,-1,336,0,208,0,count:6
4410,stat_birth,Sectid,-1,336,0,208,0,count:1
4410,stat_birth,Fish,-1,336,0,240,0,count:11
4410,stat_age_death,Fish,-1,336,0,240,0,count:1
4410,stat_kill,Fish,-1,336,0,240,0,count:9
4410,stat_birth,Sectid,-1,336,0,240,0,count:3
4410,stat_birth,Fish,-1,336,0,272,0,count:6
4410,stat_kill,Fish,-1,336,0,272,0,count:5
4410,stat_birth,Sectid,-1,336,0,272,0,count:1
4410,stat_starvation,Camel,-1,336,0,272,0,count:1
4410,stat_age_death,Sectid,-1,336,0,304,0,count:1
4410,stat_birth,Fish,-1,336,0,304,0,count:1
4410,stat_kill,Fish,-1,336,0,304,0,count:1
4410,stat_starvation,Elk,-1,336,0,368,0,count:1
4410,stat_kill,Fish,-1,336,0,368,0,count:1
4410,stat_starvation,Sectid,-1,336,0,400,0,count:1
4410,stat_starvation,Hawk,-1,368,0,16,0,count:1
4410,stat_starvation,Deer,-1,368,0,48,0,count:1
4410,stat_starvation,Elk,-1,368,0,112,0,count:1
4410,stat_birth,Fish,-1,368,0,112,0,count:3
4410,stat_kill,Fish,-1,368,0,112,0,count:3
4410,stat_starvation,Musk Ox,-1,368,0,112,0,count:1
4410,stat_birth,Sectid,-1,368,0,112,0,count:2
4410,stat_starvation,Elk,-1,368,0,144,0,count:1
4410,stat_kill,Fish,-1,368,0,144,0,count:3
4410,stat_birth,Sectid,-1,368,0,144,0,count:1
4410,stat_age_death,Fish,-1,368,0,176,0,count:1
4410,stat_kill,Fish,-1,368,0,176,0,count:4
4410,stat_birth,Sectid,-1,368,0,176,0,count:1
4410,stat_age_death,Fish,-1,368,0,208,0,count:1
4410,stat_kill,Fish,-1,368,0,208,0,count:2
4410,stat_kill,Fish,-1,368,0,240,0,count:3
4410,stat_birth,Sectid,-1,368,0,240,0,count:2
4410,stat_birth,Fish,-1,368,0,272,0,count:4
4410,stat_kill,Fish,-1,368,0,272,0,count:2
4410,stat_birth,Sectid,-1,368,0,272,0,count:1
4410,stat_starvation,Sectid,-1,368,0,336,0,count:1
4410,stat_starvation,Hawk,-1,400,0,48,0,count:2
4410,stat_starvation,Elk,-1,400,0,48,0,count:1
4410,stat_starvation,Elk,-1,400,0,80,0,count:1
4410,stat_birth,Fish,-1,400,0,80,0,count:1
4410,stat_kill,Fish,-1,400,0,80,0,count:1
4410,stat_kill,Fish,-1,400,0,112,0,count:1
4410,stat_age_death,Fish,-1,400,0,144,0,count:1
4410,stat_kill,Fish,-1,400,0,144,0,count:4
4410,stat_birth,Snake,-1,400,0,176,0,count:1
4410,stat_age_death,Fish,-1,400,0,176,0,count:1
4410,stat_kill,Fish,-1,400,0,176,0,count:2
4410,stat_birth,Fish,-1,400,0,240,0,count:4
4410,stat_kill,Fish,-1,400,0,240,0,count:2
4410,stat_birth,Sectid,-1,400,0,240,0,count:1
4410,stat_kill,Fish,-1,400,0,272,0,count:1
4410,stat_birth,Sectid,-1,400,0,272,0,count:1
4410,stat_starvation,Deer,-1,400,0,432,0,count:1
4410,stat_kill,Fish,-1,432,0,112,0,count:1
4410,stat_age_death,Fish,-1,432,0,144,0,count:1
4410,stat_kill,Fish,-1,432,0,144,0,count:1
4410,stat_age_death,Fish,-1,432,0,176,0,count:1
4410,stat_kill,Fish,-1,432,0,176,0,count:1
4410,stat_kill,Fish,-1,432,0,240,0,count:1
4410,stat_birth,Sectid,-1,432,0,240,0,count:1
4410,stat_birth,Sectid,-1,432,0,304,0,count:1
4410,stat_kill,Fish,-1,432,0,336,0,count:1
4410,stat_birth,Sectid,-1,432,0,336,0,count:1
4410,stat_starvation,Elk,-1,432,0,400,0,count:1
4410,stat_starvation,Deer,-1,432,0,464,0,count:1
4410,stat_birth,Fish,-1,464,0,112,0,count:1
4410,stat_kill,Fish,-1,464,0,112,0,count:1
4410,stat_birth,Fish,-1,464,0,176,0,count:2
4410,stat_birth,Fish,-1,464,0,208,0,count:1
4410,stat_kill,Fish,-1,464,0,304,0,count:1
4410,stat_kill,Fish,-1,496,0,304,0,count:1
4410,stat_age_death,Fish,-1,496,0,336,0,count:1
4410,stat_starvation,Elk,-1,496,0,368,0,count:1
4410,stat_birth,Fish,-1,496,0,368,0,count:2
4440,stat_starvation,Elk,-1,16,0,48,0,count:1
4440,stat_starvation,Sectid,-1,16,0,176,0,count:1
4440,stat_starvation,Sectid,-1,16,0,208,0,count:2
4440,stat_birth,Fish,-1,16,0,240,0,count:1
4440,stat_kill,Fish,-1,16,0,240,0,count:2
4440,stat_starvation,Elk,-1,16,0,272,0,count:1
4440,stat_birth,Fish,-1,16,0,272,0,count:1
4440,stat_kill,Fish,-1,16,0,272,0,count:1
4440,stat_starvation,Camel,-1,16,0,272,0,count:1
4440,stat_starvation,Elk,-1,16,0,304,0,count:1
4440,stat_starvation,Camel,-1,16,0,304,0,count:1
4440,stat_birth,Fish,-1,16,0,304,0,count:1
4440,stat_kill,Fish,-1,16,0,304,0,count:1
4440,stat_starvation,Camel,-1,16,0,336,0,count:1
4440,stat_starvation,Camel,-1,16,0,368,0,count:1
4440,stat_starvation,Sectid,-1,16,0,368,0,count:1
4440,stat_birth,Sectid,-1,48,0,80,0,count:1
4440,stat_starvation,Musk Ox,-1,48,0,80,0,count:1
4440,stat_starvation,Elk,-1,48,0,80,0,count:1
4440,stat_starvation,Camel,-1,48,0,240,0,count:1
4440,stat_kill,Fish,-1,48,0,240,0,count:1
4440,stat_birth,Fish,-1,48,0,272,0,count:9
4440,stat_kill,Fish,-1,48,0,272,0,count:13
4440,stat_starvation,Elk,-1,48,0,272,0,count:1
4440,stat_kill,Fish,-1,48,0,304,0,count:1
4440,stat_starvation,Camel,-1,48,0,368,0,count:1
4440,stat_starvation,Sectid,-1,48,0,368,0,count:1
4440,stat_starvation,Sectid,-1,48,0,400,0,count:1
4440,stat_kill,Camel,-1,48,0,464,0,count:1
4440,stat_starvation,Sectid,-1,80,0,80,0,count:1
4440,stat_starvation,Elk,-1,80,0,144,0,count:1
4440,stat_birth,Turtle,-1,80,0,176,0,count:1
4440,stat_starvation,Elk,-1,80,0,176,0,count:1
4440,stat_starvation,Sectid,-1,80,0,208,0,count:1
4440,stat_birth,Fish,-1,80,0,240,0,count:1
4440,stat_kill,Fish,-1,80,0,240,0,count:1
4440,stat_starvation,Elk,-1,80,0,304,0,count:1
4440,stat_starvation,Camel,-1,80,0,304,0,count:1
4440,stat_kill,Fish,-1,80,0,304,0,count:1
4440,stat_starvation,Elk,-1,80,0,336,0,count:1
4440,stat_starvation,Arctic Fox,-1,80,0,336,0,count:1
4440,stat_starvation,Camel,-1,80,0,368,0,count:1
4440,stat_starvation,Sectid,-1,80,0,400,0,count:1
4440,stat_starvation,Camel,-1,80,0,464,0,count:1
4440,stat_starvation,Sectid,-1,112,0,80,0,count:1
4440,stat_starvation,Elk,-1,112,0,144,0,count:1
4440,stat_starvation,Sectid,-1,112,0,208,0,count:1
4440,stat_starvation,Elk,-1,112,0,208,0,count:1
4440,stat_starvation,Camel,-1,112,0,208,0,count:1
4440,stat_starvation,Camel,-1,112,0,240,0,count:1
4440,stat_starvation,Elk,-1,112,0,272,0,count:1
4440,stat_starvation,Camel,-1,112,0,304,0,count:1
4440,stat_starvation,Sectid,-1,112,0,304,0,count:1
4440,stat_starvation,Camel,-1,112,0,336,0,count:1
4440,stat_starvation,Sectid,-1,112,0,336,0,count:1
4440,stat_birth,Sectid,-1,112,0,368,0,count:1
4440,stat_starvation,Sectid,-1,112,0,368,0,count:1
4440,stat_starvation,Camel,-1,112,0,368,0,count:1
4440,stat_starvation,Camel,-1,112,0,432,0,count:1
4440,stat_starvation,Sectid,-1,112,0,464,0,count:1
4440,stat_starvation,Camel,-1,112,0,464,0,count:1
4440,stat_kill,Camel,-1,112,0,496,0,count:1
4440,stat_starvation,Musk Ox,-1,144,0,16,0,count:1
4440,stat_starvation,Elk,-1,144,0,16,0,count:1
4440,stat_starvation,Sectid,-1,144,0,48,0,count:1
4440,stat_starvation,Elk,-1,144,0,48,0,count:1
4440,stat_starvation,Sectid,-1,144,0,80,0,count:1
4440,stat_starvation,Sectid,-1,144,0,240,0,count:1
4440,stat_starvation,Camel,-1,144,0,240,0,count:1
4440,stat_starvation,Elk,-1,144,0,240,0,count:1
4440,stat_starvation,Camel,-1,144,0,272,0,count:1
4440,stat_starvation,Camel,-1,144,0,304,0,count:1
4440,stat_starvation,Elk,-1,144,0,304,0,count:1
4440,stat_starvation,Camel,-1,144,0,432,0,count:1
4440,stat_starvation,Elk,-1,176,0,48,0,count:1
4440,stat_starvation,Musk Ox,-1,176,0,48,0,count:1
4440,stat_starvation,Elk,-1,176,0,80,0,count:1
4440,stat_starvation,Elk,-1,176,0,112,0,count:1
4440,stat_birth,Sectid,-1,176,0,112,0,count:1
4440,stat_starvation,Sectid,-1,176,0,112,0,count:1
4440,stat_starvation,Sectid,-1,176,0,144,0,count:1
4440,stat_starvation,Elk,-1,176,0,176,0,count:1
4440,stat_starvation,Sectid,-1,176,0,176,0,count:3
4440,stat_starvation,Deer,-1,176,0,208,0,count:1
4440,stat_starvation,Elk,-1,176,0,208,0,count:1
4440,stat_starvation,Camel,-1,176,0,240,0,count:1
4440,stat_starvation,Sectid,-1,176,0,272,0,count:2
4440,stat_starvation,Camel,-1,176,0,304,0,count:1
4440,stat_starvation,Sectid,-1,176,0,304,0,count:2
4440,stat_starvation,Camel,-1,176,0,336,0,count:2
4440,stat_starvation,Camel,-1,176,0,368,0,count:1
4440,stat_starvation,Camel,-1,176,0,400,0,count:1
4440,stat_starvation,Sectid,-1,176,0,400,0,count:1
4440,stat_starvation,Camel,-1,176,0,432,0,count:1
4440,stat_starvation,Sectid,-1,176,0,432,0,count:1
4440,stat_starvation,Camel,-1,176,0,464,0,count:1
4440,stat_starvation,Deer,-1,208,0,16,0,count:1
4440,stat_starvation,Musk Ox,-1,208,0,16,0,count:1
4440,stat_birth,Sectid,-1,208,0,16,0,count:1
4440,stat_starvation,Deer,-1,208,0,48,0,count:1
4440,stat_starvation,Musk Ox,-1,208,0,48,0,count:1
4440,stat_starvation,Hawk,-1,208,0,48,0,count:1
4440,stat_starvation,Sectid,-1,208,0,80,0,count:2
4440,stat_starvation,Hawk,-1,208,0,80,0,count:1
4440,stat_starvation,Elk,-1,208,0,112,0,count:1
4440,stat_starvation,Sectid,-1,208,0,112,0,count:1
4440,stat_starvation,Hawk,-1,208,0,112,0,count:1
4440,stat_starvation,Elk,-1,208,0,144,0,count:1
4440,stat_starvation,Camel,-1,208,0,272,0,count:1
4440,stat_kill,Fish,-1,208,0,272,0,count:1
4440,stat_birth,Fish,-1,208,0,304,0,count:1
4440,stat_kill,Fish,-1,208,0,336,0,count:1
4440,stat_birth,Sectid,-1,208,0,400,0,count:1
4440,stat_starvation,Sectid,-1,208,0,400,0,count:1
4440,stat_starvation,Sectid,-1,208,0,496,0,count:1
4440,stat_starvation,Deer,-1,240,0,16,0,count:1
4440,stat_starvation,Sectid,-1,240,0,16,0,count:1
4440,stat_birth,Sectid,-1,240,0,48,0,count:1
4440,stat_starvation,Sectid,-1,240,0,48,0,count:1
4440,stat_starvation,Hawk,-1,240,0,48,0,count:1
4440,stat_starvation,Hawk,-1,240,0,80,0,count:1
4440,stat_starvation,Elk,-1,240,0,144,0,count:1
4440,stat_starvation,Sectid,-1,240,0,144,0,count:3
4440,stat_starvation,Hawk,-1,240,0,144,0,count:1
4440,stat_starvation,Sectid,-1,240,0,176,0,count:1
4440,stat_starvation,Elk,-1,240,0,176,0,count:1
4440,stat_birth,Fish,-1,240,0,304,0,count:3
4440,stat_kill,Fish,-1,240,0,304,0,count:7
4440,stat_age_death,Sectid,-1,240,0,304,0,count:1
4440,stat_starvation,Camel,-1,240,0,304,0,count:1
4440,stat_birth,Fish,-1,240,0,336,0,count:1
4440,stat_kill,Fish,-1,240,0,336,0,count:3
4440,stat_starvation,Camel,-1,240,0,336,0,count:1
4440,stat_kill,Fish,-1,240,0,368,0,count:1
4440,stat_starvation,Sectid,-1,240,0,400,0,count:3
4440,stat_kill,Camel,-1,240,0,432,0,count:1
4440,stat_kill,Sectid,-1,240,0,464,0,count:1
4440,stat_starvation,Deer,-1,272,0,16,0,count:1
4440,stat_starvation,Deer,-1,272,0,48,0,count:1
4440,stat_starvation,Hawk,-1,272,0,48,0,count:1
4440,stat_starvation,Deer,-1,272,0,80,0,count:1
4440,stat_starvation,Musk Ox,-1,272,0,80,0,count:1
4440,stat_birth,Sectid,-1,272,0,80,0,count:1
4440,stat_starvation,Sectid,-1,272,0,80,0,count:1
4440,stat_starvation,Hawk,-1,272,0,80,0,count:1
4440,stat_starvation,Sectid,-1,272,0,112,0,count:1
4440,stat_starvation,Hawk,-1,272,0,112,0,count:1
4440,stat_starvation,Elk,-1,272,0,144,0,count:1
4440,stat_kill,Fish,-1,272,0,144,0,count:1
4440,stat_starvation,Musk Ox,-1,272,0,144,0,count:1
4440,stat_starvation,Deer,-1,272,0,176,0,count:1
4440,stat_birth,Fish,-1,272,0,304,0,count:5
4440,stat_age_death,Fish,-1,272,0,304,0,count:1
4440,stat_kill,Fish,-1,272,0,304,0,count:11
4440,stat_starvation,Elk,-1,272,0,304,0,count:1
4440,stat_birth,Sectid,-1,272,0,304,0,count:1
4440,stat_age_death,Sectid,-1,272,0,304,0,count:1
4440,stat_birth,Fish,-1,272,0,336,0,count:5
4440,stat_kill,Fish,-1,272,0,336,0,count:6
4440,stat_starvation,Camel,-1,272,0,336,0,count:1
4440,stat_kill,Fish,-1,272,0,368,0,count:1
4440,stat_starvation,Sectid,-1,272,0,400,0,count:1
4440,stat_starvation,Musk Ox,-1,304,0,16,0,count:1
4440,stat_starvation,Hawk,-1,304,0,48,0,count:1
4440,stat_starvation,Arctic Fox,-1,304,0,48,0,count:1
4440,stat_starvation,Deer,-1,304,0,48,0,count:1
4440,stat_starvation,Musk Ox,-1,304,0,48,0,count:1
4440,stat_starvation,Hawk,-1,304,0,80,0,count:1
4440,stat_starvation,Sectid,-1,304,0,80,0,count:1
4440,stat_starvation,Elk,-1,304,0,112,0,count:1
4440,stat_kill,Fish,-1,304,0,144,0,count:2
4440,stat_starvation,Elk,-1,304,0,144,0,count:1
4440,stat_birth,Sectid,-1,304,0,144,0,count:1
4440,stat_birth,Fish,-1,304,0,176,0,count:7
4440,stat_kill,Fish,-1,304,0,176,0,count:4
4440,stat_birth,Sectid,-1,304,0,176,0,count:3
4440,stat_kill,Fish,-1,304,0,208,0,count:3
4440,stat_birth,Sectid,-1,304,0,208,0,count:2
4440,stat_kill,Shroomer,-1,304,0,272,0,count:1
4440,stat_birth,Fish,-1,304,0,272,0,count:1
4440,stat_kill,Fish,-1,304,0,272,0,count:4
4440,stat_birth,Sectid,-1,304,0,272,0,count:1
4440,stat_starvation,Elk,-1,304,0,304,0,count:1
4440,stat_birth,Fish,-1,304,0,304,0,count:6
4440,stat_kill,Fish,-1,304,0,304,0,count:6
4440,stat_birth,Sectid,-1,304,0,304,0,count:1
4440,stat_starvation,Camel,-1,304,0,304,0,count:1
4440,stat_birth,Fish,-1,304,0,336,0,count:5
4440,stat_kill,Fish,-1,304,0,336,0,count:6
4440,stat_starvation,Elk,-1,304,0,336,0,count:1
4440,stat_starvation,Sectid,-1,304,0,432,0,count:1
4440,stat_starvation,Musk Ox,-1,336,0,16,0,count:1
4440,stat_starvation,Hawk,-1,336,0,16,0,count:1
4440,stat_starvation,Sectid,-1,336,0,16,0,count:1
4440,stat_starvation,Musk Ox,-1,336,0,48,0,count:1
4440,stat_starvation,Sectid,-1,336,0,48,0,count:2
4440,stat_starvation,Elk,-1,336,0,80,0,count:1
4440,stat_starvation,Deer,-1,336,0,112,0,count:1
4440,stat_starvation,Elk,-1,336,0,112,0,count:1
4440,stat_starvation,Musk Ox,-1,336,0,112,0,count:1
4440,stat_birth,Fish,-1,336,0,112,0,count:1
4440,stat_kill,Fish,-1,336,0,112,0,count:1
4440,stat_birth,Fish,-1,336,0,144,0,count:2
4440,stat_kill,Fish,-1,336,0,144,0,count:3
4440,stat_birth,Sectid,-1,336,0,144,0,count:1
4440,stat_birth,Fish,-1,336,0,176,0,count:10
4440,stat_age_death,Fish,-1,336,0,176,0,count:1
4440,stat_kill,Fish,-1,336,0,176,0,count:11
4440,stat_birth,Sectid,-1,336,0,176,0,count:3
4440,stat_birth,Fish,-1,336,0,208,0,count:13
4440,stat_age_death,Fish,-1,336,0,208,0,count:2
4440,stat_kill,Fish,-1,336,0,208,0,count:7
4440,stat_birth,Sectid,-1,336,0,208,0,count:2
4440,stat_birth,Fish,-1,336,0,240,0,count:11
4440,stat_age_death,Fish,-1,336,0,240,0,count:1
4440,stat_kill,Fish,-1,336,0,240,0,count:9
4440,stat_birth,Sectid,-1,336,0,240,0,count:3
4440,stat_starvation,Elk,-1,336,0,272,0,count:1
4440,stat_birth,Fish,-1,336,0,272,0,count:6
4440,stat_kill,Fish,-1,336,0,272,0,count:4
4440,stat_birth,Sectid,-1,336,0,272,0,count:1
4440,stat_kill,Fish,-1,336,0,304,0,count:1
4440,stat_starvation,Elk,-1,336,0,336,0,count:1
4440,stat_birth,Fish,-1,336,0,336,0,count:1
4440,stat_kill,Fish,-1,336,0,336,0,count:1
4440,stat_starvation,Elk,-1,336,0,368,0,count:1
4440,stat_starvation,Sectid,-1,336,0,400,0,count:2
4440,stat_starvation,Elk,-1,336,0,400,0,count:1
4440,stat_starvation,Hawk,-1,368,0,16,0,count:1
4440,stat_starvation,Musk Ox,-1,368,0,80,0,count:1
4440,stat_starvation,Elk,-1,368,0,80,0,count:1
4440,stat_birth,Fish,-1,368,0,112,0,count:2
4440,stat_kill,Fish,-1,368,0,112,0,count:4
4440,stat_birth,Sectid,-1,368,0,112,0,count:1
4440,stat_kill,Fish,-1,368,0,144,0,count:2
4440,stat_birth,Sectid,-1,368,0,144,0,count:1
4440,stat_age_death,Fish,-1,368,0,176,0,count:1
4440,stat_kill,Fish,-1,368,0,176,0,count:4
4440,stat_age_death,Fish,-1,368,0,208,0,count:1
4440,stat_kill,Fish,-1,368,0,208,0,count:2
4440,stat_kill,Fish,-1,368,0,240,0,count:3
4440,stat_birth,Sectid,-1,368,0,240,0,count:1
4440,stat_birth,Fish,-1,368,0,272,0,count:3
4440,stat_kill,Fish,-1,368,0,272,0,count:3
4440,stat_birth,Sectid,-1,368,0,272,0,count:2
4440,stat_birth,Sectid,-1,368,0,336,0,count:1
4440,stat_starvation,Sectid,-1,368,0,336,0,count:2
4440,stat_starvation,Elk,-1,368,0,336,0,count:1
4440,stat_starvation,Elk,-1,368,0,400,0,count:1
4440,stat_starvation,Hawk,-1,400,0,48,0,count:1
4440,stat_birth,Arctic Fox,-1,400,0,112,0,count:1
4440,stat_kill,Fish,-1,400,0,112,0,count:2
4440,stat_birth,Sectid,-1,400,0,112,0,count:1
4440,stat_age_death,Fish,-1,400,0,144,0,count:1
4440,stat_kill,Fish,-1,400,0,144,0,count:5
4440,stat_birth,Sectid,-1,400,0,144,0,count:1
4440,stat_age_death,Fish,-1,400,0,176,0,count:1
4440,stat_kill,Fish,-1,400,0,176,0,count:2
4440,stat_birth,Fish,-1,400,0,240,0,count:3
4440,stat_kill,Fish,-1,400,0,240,0,count:2
4440,stat_birth,Sectid,-1,400,0,240,0,count:1
4440,stat_birth,Fish,-1,400,0,272,0,count:1
4440,stat_kill,Sectid,-1,400,0,304,0,count:1
4440,stat_starvation,Elk,-1,400,0,432,0,count:1
4440,stat_starvation,Elk,-1,400,0,464,0,count:1
4440,stat_starvation,Hawk,-1,432,0,48,0,count:1
4440,stat_kill,Fish,-1,432,0,112,0,count:1
4440,stat_age_death,Fish,-1,432,0,144,0,count:1
4440,stat_kill,Fish,-1,432,0,144,0,count:1
4440,stat_age_death,Fish,-1,432,0,176,0,count:2
4440,stat_kill,Fish,-1,432,0,176,0,count:1
4440,stat_birth,Fish,-1,432,0,272,0,count:1
4440,stat_kill,Fish,-1,432,0,272,0,count:1
4440,stat_birth,Sectid,-1,432,0,272,0,count:1
4440,stat_starvation,Elk,-1,432,0,336,0,count:1
4440,stat_starvation,Elk,-1,432,0,368,0,count:1
4440,stat_starvation,Elk,-1,432,0,400,0,count:1
4440,stat_starvation,Elk,-1,432,0,432,0,count:1
4440,stat_kill,Fish,-1,464,0,144,0,count:1
4440,stat_birth,Fish,-1,464,0,176,0,count:3
4440,stat_kill,Fish,-1,464,0,272,0,count:1
4440,stat_kill,Fish,-1,464,0,304,0,count:1
4440,stat_kill,Fish,-1,464,0,336,0,count:1
4440,stat_starvation,Elk,-1,464,0,464,0,count:1
4440,stat_kill,Fish,-1,496,0,304,0,count:1
4440,stat_birth,Fish,-1,496,0,368,0,count:2
4440,stat_starvation,Elk,-1,496,0,400,0,count:1
4470,stat_starvation,Elk,-1,16,0,144,0,count:1
4470,stat_starvation,Sectid,-1,16,0,208,0,count:2
4470,stat_birth,Fish,-1,16,0,240,0,count:1
4470,stat_kill,Fish,-1,16,0,240,0,count:1
4470,stat_kill,Fish,-1,16,0,272,0,count:1
4470,stat_birth,Fish,-1,16,0,304,0,count:1
4470,stat_kill,Fish,-1,16,0,304,0,count:2
4470,stat_starvation,Sectid,-1,16,0,368,0,count:1
4470,stat_starvation,Sectid,-1,16,0,400,0,count:1
4470,stat_birth,Turtle,-1,16,0,496,0,count:1
4470,stat_starvation,Elk,-1,48,0,48,0,count:1
4470,stat_starvation,Sectid,-1,48,0,80,0,count:1
4470,stat_starvation,Elk,-1,48,0,112,0,count:1
4470,stat_starvation,Sectid,-1,48,0,208,0,count:1
4470,stat_starvation,Elk,-1,48,0,208,0,count:1
4470,stat_starvation,Camel,-1,48,0,240,0,count:1
4470,stat_birth,Fish,-1,48,0,240,0,count:1
4470,stat_kill,Fish,-1,48,0,240,0,count:1
4470,stat_birth,Fish,-1,48,0,272,0,count:9
4470,stat_kill,Fish,-1,48,0,272,0,count:13
4470,stat_starvation,Camel,-1,48,0,272,0,count:1
4470,stat_starvation,Camel,-1,48,0,304,0,count:1
4470,stat_starvation,Elk,-1,48,0,336,0,count:1
4470,stat_starvation,Sectid,-1,48,0,368,0,count:2
4470,stat_starvation,Sectid,-1,80,0,48,0,count:1
4470,stat_starvation,Sectid,-1,80,0,80,0,count:1
4470,stat_starvation,Sectid,-1,80,0,208,0,count:2
4470,stat_starvation,Elk,-1,80,0,208,0,count:1
4470,stat_age_death,Sectid,-1,80,0,240,0,count:1
4470,stat_kill,Fish,-1,80,0,240,0,count:1
4470,stat_starvation,Camel,-1,80,0,240,0,count:1
4470,stat_kill,Fish,-1,80,0,272,0,count:1
4470,stat_starvation,Camel,-1,80,0,304,0,count:1
4470,stat_birth,Fish,-1,80,0,304,0,count:1
4470,stat_kill,Fish,-1,80,0,304,0,count:1
4470,stat_starvation,Camel,-1,80,0,336,0,count:2
4470,stat_starvation,Elk,-1,80,0,336,0,count:1
4470,stat_starvation,Arctic Fox,-1,80,0,336,0,count:1
4470,stat_starvation,Camel,-1,80,0,400,0,count:1
4470,stat_starvation,Sectid,-1,112,0,48,0,count:1
4470,stat_starvation,Deer,-1,112,0,80,0,count:1
4470,stat_starvation,Elk,-1,112,0,112,0,count:1
4470,stat_birth,Sectid,-1,112,0,208,0,count:1
4470,stat_starvation,Sectid,-1,112,0,208,0,count:1
4470,stat_starvation,Elk,-1,112,0,272,0,count:1
4470,stat_starvation,Elk,-1,112,0,304,0,count:1
4470,stat_starvation,Sectid,-1,112,0,304,0,count:2
4470,stat_starvation,Camel,-1,112,0,336,0,count:1
4470,stat_starvation,Elk,-1,112,0,336,0,count:1
4470,stat_birth,Sectid,-1,112,0,336,0,count:1
4470,stat_starvation,Sectid,-1,112,0,336,0,count:1
4470,stat_starvation,Sectid,-1,112,0,368,0,count:2
4470,stat_starvation,Camel,-1,112,0,368,0,count:1
4470,stat_starvation,Elk,-1,112,0,368,0,count:1
4470,stat_starvation,Camel,-1,112,0,432,0,count:1
4470,stat_starvation,Sectid,-1,112,0,464,0,count:2
4470,stat_starvation,Deer,-1,144,0,48,0,count:1
4470,stat_starvation,Sectid,-1,144,0,48,0,count:1
4470,stat_birth,Sectid,-1,144,0,112,0,count:1
4470,stat_birth,Sectid,-1,144,0,240,0,count:1
4470,stat_starvation,Sectid,-1,144,0,240,0,count:1
4470,stat_starvation,Elk,-1,144,0,304,0,count:1
4470,stat_starvation,Camel,-1,144,0,336,0,count:1
4470,stat_starvation,Camel,-1,144,0,368,0,count:1
4470,stat_starvation,Camel,-1,144,0,400,0,count:1
4470,stat_birth,Sectid,-1,176,0,16,0,count:1
4470,stat_starvation,Musk Ox,-1,176,0,48,0,count:1
4470,stat_kill,Deer,-1,176,0,80,0,count:1
4470,stat_birth,Sectid,-1,176,0,80,0,count:1
4470,stat_starvation,Sectid,-1,176,0,80,0,count:1
4470,stat_starvation,Sectid,-1,176,0,176,0,count:1
4470,stat_starvation,Elk,-1,176,0,240,0,count:1
4470,stat_starvation,Camel,-1,176,0,272,0,count:1
4470,stat_starvation,Camel,-1,176,0,304,0,count:1
4470,stat_starvation,Sectid,-1,176,0,304,0,count:1
4470,stat_starvation,Camel,-1,176,0,368,0,count:1
4470,stat_starvation,Sectid,-1,176,0,400,0,count:1
4470,stat_starvation,Camel,-1,176,0,432,0,count:1
4470,stat_starvation,Sectid,-1,176,0,432,0,count:1
4470,stat_starvation,Deer,-1,208,0,16,0,count:1
4470,stat_starvation,Sectid,-1,208,0,16,0,count:1
4470,stat_starvation,Deer,-1,208,0,48,0,count:1
4470,stat_starvation,Elk,-1,208,0,48,0,count:1
4470,stat_starvation,Elk,-1,208,0,80,0,count:1
4470,stat_starvation,Hawk,-1,208,0,80,0,count:1
4470,stat_birth,Sectid,-1,208,0,112,0,count:1
4470,stat_starvation,Camel,-1,208,0,304,0,count:1
4470,stat_kill,Fish,-1,208,0,304,0,count:1
4470,stat_starvation,Camel,-1,208,0,336,0,count:1
4470,stat_birth,Fish,-1,208,0,336,0,count:1
4470,stat_starvation,Camel,-1,208,0,368,0,count:1
4470,stat_starvation,Sectid,-1,208,0,400,0,count:1
4470,stat_starvation,Camel,-1,208,0,432,0,count:1
4470,stat_starvation,Hawk,-1,240,0,16,0,count:1
4470,stat_starvation,Deer,-1,240,0,16,0,count:1
4470,stat_starvation,Deer,-1,240,0,48,0,count:1
4470,stat_starvation,Musk Ox,-1,240,0,48,0,count:1
4470,stat_starvation,Sectid,-1,240,0,48,0,count:1
4470,stat_starvation,Hawk,-1,240,0,48,0,count:1
4470,stat_kill,Elk,-1,240,0,80,0,count:1
4470,stat_starvation,Musk Ox,-1,240,0,80,0,count:1
4470,stat_starvation,Hawk,-1,240,0,80,0,count:1
4470,stat_starvation,Elk,-1,240,0,112,0,count:2
4470,stat_starvation,Deer,-1,240,0,112,0,count:1
4470,stat_starvation,Musk Ox,-1,240,0,112,0,count:2
4470,stat_starvation,Elk,-1,240,0,144,0,count:2
4470,stat_starvation,Sectid,-1,240,0,144,0,count:1
4470,stat_starvation,Polar Bear,-1,240,0,176,0,count:1
4470,stat_starvation,Sectid,-1,240,0,176,0,count:2
4470,stat_starvation,Elk,-1,240,0,176,0,count:1
4470,stat_birth,Fish,-1,240,0,304,0,count:2
4470,stat_kill,Fish,-1,240,0,304,0,count:6
4470,stat_birth,Fish,-1,240,0,336,0,count:1
4470,stat_kill,Fish,-1,240,0,336,0,count:3
4470,stat_starvation,Camel,-1,240,0,368,0,count:1
4470,stat_birth,Fish,-1,240,0,368,0,count:1
4470,stat_starvation,Sectid,-1,240,0,400,0,count:3
4470,stat_kill,Shroomer,-1,240,0,464,0,count:1
4470,stat_kill,Camel,-1,240,0,464,0,count:1
4470,stat_starvation,Musk Ox,-1,272,0,16,0,count:1
4470,stat_birth,Sectid,-1,272,0,16,0,count:1
4470,stat_starvation,Sectid,-1,272,0,16,0,count:1
4470,stat_starvation,Musk Ox,-1,272,0,48,0,count:1
4470,stat_birth,Sectid,-1,272,0,48,0,count:1
4470,stat_starvation,Sectid,-1,272,0,48,0,count:1
4470,stat_starvation,Deer,-1,272,0,80,0,count:1
4470,stat_starvation,Sectid,-1,272,0,80,0,count:1
4470,stat_starvation,Hawk,-1,272,0,80,0,count:1
4470,stat_starvation,Musk Ox,-1,272,0,112,0,count:1
4470,stat_starvation,Sectid,-1,272,0,112,0,count:1
4470,stat_starvation,Hawk,-1,272,0,112,0,count:2
4470,stat_starvation,Elk,-1,272,0,144,0,count:1
4470,stat_birth,Fish,-1,272,0,304,0,count:5
4470,stat_age_death,Fish,-1,272,0,304,0,count:1
4470,stat_kill,Fish,-1,272,0,304,0,count:12
4470,stat_starvation,Camel,-1,272,0,304,0,count:1
4470,stat_birth,Fish,-1,272,0,336,0,count:6
4470,stat_kill,Fish,-1,272,0,336,0,count:6
4470,stat_starvation,Elk,-1,272,0,336,0,count:1
4470,stat_starvation,Camel,-1,272,0,336,0,count:1
4470,stat_birth,Fish,-1,272,0,368,0,count:1
4470,stat_kill,Fish,-1,272,0,368,0,count:1
4470,stat_starvation,Sectid,-1,272,0,400,0,count:1
4470,stat_kill,Camel,-1,272,0,400,0,count:1
4470,stat_starvation,Sectid,-1,272,0,464,0,count:1
4470,stat_birth,Sectid,-1,304,0,16,0,count:1
4470,stat_starvation,Sectid,-1,304,0,16,0,count:1
4470,stat_starvation,Hawk,-1,304,0,48,0,count:1
4470,stat_starvation,Deer,-1,304,0,48,0,count:1
4470,stat_starvation,Sectid,-1,304,0,48,0,count:1
4470,stat_starvation,Musk Ox,-1,304,0,80,0,count:1
4470,stat_starvation,Hawk,-1,304,0,80,0,count:1
4470,stat_starvation,Sectid,-1,304,0,80,0,count:2
4470,stat_starvation,Musk Ox,-1,304,0,112,0,count:1
4470,stat_kill,Fish,-1,304,0,144,0,count:2
4470,stat_starvation,Elk,-1,304,0,144,0,count:2
4470,stat_birth,Fish,-1,304,0,176,0,count:7
4470,stat_kill,Fish,-1,304,0,176,0,count:5
4470,stat_birth,Sectid,-1,304,0,176,0,count:2
4470,stat_age_death,Sectid,-1,304,0,176,0,count:1
4470,stat_kill,Fish,-1,304,0,208,0,count:3
4470,stat_birth,Sectid,-1,304,0,208,0,count:2
4470,stat_birth,Snake,-1,304,0,272,0,count:1
4470,stat_birth,Fish,-1,304,0,272,0,count:2
4470,stat_kill,Fish,-1,304,0,272,0,count:3
4470,stat_birth,Sectid,-1,304,0,272,0,count:2
4470,stat_birth,Fish,-1,304,0,304,0,count:7
4470,stat_kill,Fish,-1,304,0,304,0,count:7
4470,stat_birth,Sectid,-1,304,0,304,0,count:1
4470,stat_birth,Fish,-1,304,0,336,0,count:5
4470,stat_kill,Fish,-1,304,0,336,0,count:6
4470,stat_starvation,Sectid,-1,304,0,400,0,count:2
4470,stat_starvation,Deer,-1,336,0,16,0,count:1
4470,stat_starvation,Hawk,-1,336,0,16,0,count:1
4470,stat_starvation,Sectid,-1,336,0,16,0,count:1
4470,stat_starvation,Deer,-1,336,0,48,0,count:1
4470,stat_starvation,Sectid,-1,336,0,48,0,count:1
4470,stat_kill,Deer,-1,336,0,80,0,count:1
4470,stat_starvation,Elk,-1,336,0,80,0,count:1
4470,stat_starvation,Elk,-1,336,0,144,0,count:1
4470,stat_birth,Fish,-1,336,0,144,0,count:1
4470,stat_kill,Fish,-1,336,0,144,0,count:2
4470,stat_birth,Sectid,-1,336,0,144,0,count:2
4470,stat_starvation,Elk,-1,336,0,176,0,count:1
4470,stat_birth,Fish,-1,336,0,176,0,count:11
4470,stat_age_death,Fish,-1,336,0,176,0,count:1
4470,stat_kill,Fish,-1,336,0,176,0,count:11
4470,stat_birth,Sectid,-1,336,0,176,0,count:3
4470,stat_starvation,Musk Ox,-1,336,0,176,0,count:1
4470,stat_age_death,Fish,-1,336,0,208,0,count:2
4470,stat_kill,Fish,-1,336,0,208,0,count:7
4470,stat_starvation,Deer,-1,336,0,208,0,count:1
4470,stat_birth,Sectid,-1,336,0,208,0,count:1
4470,stat_starvation,Elk,-1,336,0,240,0,count:1
4470,stat_birth,Fish,-1,336,0,240,0,count:11
4470,stat_age_death,Fish,-1,336,0,240,0,count:1
4470,stat_kill,Fish,-1,336,0,240,0,count:10
4470,stat_birth,Sectid,-1,336,0,240,0,count:3
4470,stat_birth,Fish,-1,336,0,272,0,count:7
4470,stat_kill,Fish,-1,336,0,272,0,count:5
4470,stat_birth,Sectid,-1,336,0,272,0,count:1
4470,stat_starvation,Elk,-1,336,0,304,0,count:1
4470,stat_birth,Fish,-1,336,0,304,0,count:1
4470,stat_kill,Fish,-1,336,0,304,0,count:1
4470,stat_kill,Fish,-1,336,0,336,0,count:1
4470,stat_starvation,Elk,-1,336,0,368,0,count:1
4470,stat_birth,Fish,-1,336,0,368,0,count:1
4470,stat_starvation,Sectid,-1,336,0,400,0,count:1
4470,stat_starvation,Hawk,-1,368,0,16,0,count:1
4470,stat_starvation,Musk Ox,-1,368,0,48,0,count:1
4470,stat_birth,Fish,-1,368,0,112,0,count:3
4470,stat_kill,Fish,-1,368,0,112,0,count:3
4470,stat_birth,Sectid,-1,368,0,112,0,count:1
4470,stat_starvation,Elk,-1,368,0,144,0,count:1
4470,stat_kill,Fish,-1,368,0,144,0,count:3
4470,stat_birth,Sectid,-1,368,0,144,0,count:1
4470,stat_age_death,Fish,-1,368,0,176,0,count:1
4470,stat_kill,Fish,-1,368,0,176,0,count:4
4470,stat_birth,Sectid,-1,368,0,176,0,count:1
4470,stat_age_death,Fish,-1,368,0,208,0,count:1
4470,stat_kill,Fish,-1,368,0,208,0,count:2
4470,stat_birth,Sectid,-1,368,0,208,0,count:1
4470,stat_kill,Fish,-1,368,0,240,0,count:3
4470,stat_birth,Sectid,-1,368,0,240,0,count:2
4470,stat_birth,Fish,-1,368,0,272,0,count:4
4470,stat_kill,Fish,-1,368,0,272,0,count:3
4470,stat_birth,Sectid,-1,368,0,272,0,count:1
4470,stat_starvation,Sectid,-1,368,0,336,0,count:2
4470,stat_starvation,Elk,-1,368,0,368,0,count:1
4470,stat_starvation,Deer,-1,368,0,432,0,count:1
4470,stat_starvation,Hawk,-1,400,0,16,0,count:1
4470,stat_starvation,Shark,-1,400,0,48,0,count:1
4470,stat_kill,Fish,-1,400,0,80,0,count:1
4470,stat_kill,Fish,-1,400,0,112,0,count:1
4470,stat_birth,Hawk,-1,400,0,112,0,count:1
4470,stat_age_death,Fish,-1,400,0,144,0,count:1
4470,stat_kill,Fish,-1,400,0,144,0,count:5
4470,stat_starvation,Elk,-1,400,0,144,0,count:1
4470,stat_birth,Snake,-1,400,0,176,0,count:1
4470,stat_age_death,Fish,-1,400,0,176,0,count:1
4470,stat_kill,Fish,-1,400,0,176,0,count:2
4470,stat_starvation,Fish,-1,400,0,208,0,count:1
4470,stat_birth,Fish,-1,400,0,240,0,count:4
4470,stat_kill,Fish,-1,400,0,240,0,count:1
4470,stat_birth,Sectid,-1,400,0,240,0,count:1
4470,stat_kill,Fish,-1,400,0,272,0,count:1
4470,stat_starvation,Sectid,-1,400,0,336,0,count:1
4470,stat_starvation,Elk,-1,400,0,336,0,count:1
4470,stat_starvation,Deer,-1,400,0,432,0,count:1
4470,stat_starvation,Elk,-1,400,0,432,0,count:1
4470,stat_starvation,Elk,-1,400,0,464,0,count:1
4470,stat_starvation,Elk,-1,432,0,48,0,count:1
4470,stat_starvation,Elk,-1,432,0,80,0,count:1
4470,stat_kill,Fish,-1,432,0,112,0,count:1
4470,stat_age_death,Fish,-1,432,0,144,0,count:1
4470,stat_kill,Fish,-1,432,0,144,0,count:1
4470,stat_age_death,Fish,-1,432,0,176,0,count:1
4470,stat_kill,Fish,-1,432,0,176,0,count:1
4470,stat_kill,Fish,-1,432,0,208,0,count:1
4470,stat_starvation,Fish,-1,432,0,304,0,count:1
4470,stat_birth,Sectid,-1,432,0,304,0,count:1
4470,stat_birth,Fish,-1,432,0,368,0,count:1
4470,stat_starvation,Elk,-1,432,0,400,0,count:1
4470,stat_starvation,Elk,-1,432,0,432,0,count:1
4470,stat_birth,Fish,-1,464,0,112,0,count:1
4470,stat_birth,Fish,-1,464,0,176,0,count:2
4470,stat_kill,Fish,-1,464,0,336,0,count:1
4470,stat_starvation,Elk,-1,464,0,368,0,count:1
4470,stat_starvation,Elk,-1,464,0,400,0,count:1
4470,stat_starvation,Elk,-1,464,0,432,0,count:1
4470,stat_starvation,Elk,-1,464,0,496,0,count:1
4470,stat_kill,Fish,-1,496,0,304,0,count:1
4470,stat_birth,Fish,-1,496,0,368,0,count:1
4470,stat_starvation,Elk,-1,496,0,464,0,count:1
4470,stat_starvation,Elk,-1,496,0,496,0,count:1
4500,stat_starvation,Deer,-1,16,0,144,0,count:1
4500,stat_starvation,Elk,-1,16,0,176,0,count:1
4500,stat_starvation,Sectid,-1,16,0,208,0,count:2
4500,stat_kill,Fish,-1,16,0,240,0,count:1
4500,stat_kill,Camel,-1,16,0,240,0,count:1
4500,stat_birth,Fish,-1,16,0,272,0,count:1
4500,stat_kill,Fish,-1,16,0,272,0,count:2
4500,stat_starvation,Camel,-1,16,0,304,0,count:1
4500,stat_kill,Fish,-1,16,0,304,0,count:1
4500,stat_starvation,Sectid,-1,48,0,80,0,count:1
4500,stat_starvation,Elk,-1,48,0,144,0,count:1
4500,stat_starvation,Sectid,-1,48,0,208,0,count:2
4500,stat_kill,Fish,-1,48,0,240,0,count:1
4500,stat_birth,Fish,-1,48,0,272,0,count:8
4500,stat_kill,Fish,-1,48,0,272,0,count:13
4500,stat_starvation,Camel,-1,48,0,272,0,count:1
4500,stat_starvation,Deer,-1,48,0,272,0,count:1
4500,stat_starvation,Elk,-1,48,0,304,0,count:1
4500,stat_kill,Fish,-1,48,0,304,0,count:1
4500,stat_starvation,Camel,-1,48,0,336,0,count:1
4500,stat_starvation,Camel,-1,48,0,368,0,count:1
4500,stat_starvation,Sectid,-1,48,0,368,0,count:1
4500,stat_starvation,Arctic Fox,-1,48,0,368,0,count:1
4500,stat_starvation,Camel,-1,48,0,400,0,count:1
4500,stat_starvation,Sectid,-1,48,0,400,0,count:1
4500,stat_starvation,Camel,-1,48,0,432,0,count:1
4500,stat_starvation,Elk,-1,80,0,16,0,count:1
4500,stat_birth,Sectid,-1,80,0,80,0,count:1
4500,stat_starvation,Elk,-1,80,0,112,0,count:1
4500,stat_starvation,Elk,-1,80,0,144,0,count:1
4500,stat_starvation,Sectid,-1,80,0,208,0,count:1
4500,stat_kill,Deer,-1,80,0,208,0,count:1
4500,stat_starvation,Camel,-1,80,0,240,0,count:1
4500,stat_starvation,Elk,-1,80,0,304,0,count:1
4500,stat_kill,Fish,-1,80,0,304,0,count:1
4500,stat_starvation,Arctic Fox,-1,80,0,336,0,count:2
4500,stat_starvation,Elk,-1,80,0,368,0,count:1
4500,stat_starvation,Sectid,-1,80,0,400,0,count:1
4500,stat_starvation,Camel,-1,80,0,432,0,count:1
4500,stat_starvation,Elk,-1,112,0,16,0,count:1
4500,stat_starvation,Elk,-1,112,0,48,0,count:1
4500,stat_starvation,Elk,-1,112,0,112,0,count:1
4500,stat_starvation,Sectid,-1,112,0,208,0,count:2
4500,stat_starvation,Elk,-1,112,0,272,0,count:1
4500,stat_starvation,Camel,-1,112,0,304,0,count:1
4500,stat_birth,Sectid,-1,112,0,304,0,count:1
4500,stat_starvation,Sectid,-1,112,0,304,0,count:2
4500,stat_starvation,Camel,-1,112,0,336,0,count:1
4500,stat_starvation,Elk,-1,112,0,336,0,count:1
4500,stat_starvation,Sectid,-1,112,0,336,0,count:2
4500,stat_starvation,Sectid,-1,112,0,368,0,count:1
4500,stat_kill,Camel,-1,112,0,400,0,count:1
4500,stat_birth,Elk,-1,112,0,400,0,count:1
4500,stat_starvation,Sectid,-1,112,0,464,0,count:1
4500,stat_starvation,Camel,-1,112,0,464,0,count:1
4500,stat_birth,Sectid,-1,144,0,48,0,count:1
4500,stat_starvation,Musk Ox,-1,144,0,48,0,count:1
4500,stat_starvation,Sectid,-1,144,0,112,0,count:1
4500,stat_birth,Musk Ox,-1,144,0,144,0,count:1
4500,stat_kill,Deer,-1,144,0,144,0,count:1
4500,stat_age_death,Sectid,-1,144,0,144,0,count:1
4500,stat_starvation,Sectid,-1,144,0,240,0,count:2
4500,stat_starvation,Camel,-1,144,0,240,0,count:1
4500,stat_starvation,Camel,-1,144,0,304,0,count:1
4500,stat_starvation,Elk,-1,144,0,304,0,count:1
4500,stat_starvation,Camel,-1,144,0,368,0,count:1
4500,stat_starvation,Camel,-1,144,0,400,0,count:1
4500,stat_starvation,Deer,-1,176,0,48,0,count:1
4500,stat_starvation,Musk Ox,-1,176,0,48,0,count:1
4500,stat_starvation,Sectid,-1,176,0,112,0,count:1
4500,stat_starvation,Deer,-1,176,0,144,0,count:1
4500,stat_starvation,Sectid,-1,176,0,144,0,count:1
4500,stat_starvation,Elk,-1,176,0,144,0,count:1
4500,stat_starvation,Deer,-1,176,0,176,0,count:1
4500,stat_starvation,Sectid,-1,176,0,176,0,count:2
4500,stat_starvation,Elk,-1,176,0,208,0,count:1
4500,stat_starvation,Camel,-1,176,0,208,0,count:1
4500,stat_starvation,Camel,-1,176,0,240,0,count:1
4500,stat_starvation,Sectid,-1,176,0,272,0,count:2
4500,stat_starvation,Camel,-1,176,0,272,0,count:1
4500,stat_starvation,Camel,-1,176,0,304,0,count:1
4500,stat_birth,Sectid,-1,176,0,304,0,count:1
4500,stat_starvation,Sectid,-1,176,0,304,0,count:2
4500,stat_starvation,Camel,-1,176,0,336,0,count:1
4500,stat_starvation,Sectid,-1,176,0,336,0,count:1
4500,stat_starvation,Camel,-1,176,0,400,0,count:1
4500,stat_starvation,Sectid,-1,176,0,400,0,count:1
4500,stat_starvation,Camel,-1,176,0,432,0,count:1
4500,stat_starvation,Sectid,-1,176,0,432,0,count:1
4500,stat_starvation,Camel,-1,176,0,464,0,count:1
4500,stat_starvation,Deer,-1,208,0,16,0,count:1
4500,stat_starvation,Musk Ox,-1,208,0,16,0,count:1
4500,stat_starvation,Hawk,-1,208,0,16,0,count:1
4500,stat_starvation,Deer,-1,208,0,48,0,count:1
4500,stat_starvation,Hawk,-1,208,0,48,0,count:1
4500,stat_starvation,Sectid,-1,208,0,80,0,count:1
4500,stat_starvation,Musk Ox,-1,208,0,80,0,count:1
4500,stat_starvation,Deer,-1,208,0,112,0,count:1
4500,stat_starvation,Sectid,-1,208,0,112,0,count:1
4500,stat_starvation,Hawk,-1,208,0,112,0,count:1
4500,stat_starvation,Camel,-1,208,0,272,0,count:1
4500,stat_starvation,Camel,-1,208,0,304,0,count:1
4500,stat_kill,Fish,-1,208,0,304,0,count:1
4500,stat_kill,Fish,-1,208,0,336,0,count:1
4500,stat_starvation,Camel,-1,208,0,368,0,count:1
4500,stat_starvation,Sectid,-1,208,0,400,0,count:1
4500,stat_starvation,Camel,-1,208,0,400,0,count:1
4500,stat_starvation,Camel,-1,208,0,432,0,count:1
4500,stat_starvation,Musk Ox,-1,240,0,16,0,count:1
4500,stat_birth,Sectid,-1,240,0,16,0,count:1
4500,stat_starvation,Sectid,-1,240,0,16,0,count:1
4500,stat_starvation,Hawk,-1,240,0,48,0,count:1
4500,stat_starvation,Deer,-1,240,0,80,0,count:1
4500,stat_starvation,Elk,-1,240,0,112,0,count:1
4500,stat_starvation,Musk Ox,-1,240,0,112,0,count:1
4500,stat_starvation,Deer,-1,240,0,144,0,count:1
4500,stat_starvation,Elk,-1,240,0,144,0,count:1
4500,stat_birth,Sectid,-1,240,0,144,0,count:1
4500,stat_starvation,Sectid,-1,240,0,144,0,count:1
4500,stat_starvation,Sectid,-1,240,0,176,0,count:1
4500,stat_starvation,Elk,-1,240,0,176,0,count:1
4500,stat_birth,Fish,-1,240,0,304,0,count:2
4500,stat_kill,Fish,-1,240,0,304,0,count:5
4500,stat_birth,Sectid,-1,240,0,304,0,count:1
4500,stat_starvation,Camel,-1,240,0,304,0,count:1
4500,stat_kill,Fish,-1,240,0,336,0,count:3
4500,stat_starvation,Camel,-1,240,0,336,0,count:1
4500,stat_starvation,Sectid,-1,240,0,400,0,count:2
4500,stat_starvation,Musk Ox,-1,272,0,16,0,count:1
4500,stat_starvation,Deer,-1,272,0,80,0,count:1
4500,stat_kill,Elk,-1,272,0,80,0,count:1
4500,stat_starvation,Hawk,-1,272,0,80,0,count:1
4500,stat_starvation,Sectid,-1,272,0,112,0,count:1
4500,stat_starvation,Elk,-1,272,0,144,0,count:2
4500,stat_birth,Fish,-1,272,0,144,0,count:1
4500,stat_starvation,Musk Ox,-1,272,0,144,0,count:1
4500,stat_kill,Fish,-1,272,0,176,0,count:1
4500,stat_birth,Sectid,-1,272,0,176,0,count:1
4500,stat_birth,Fish,-1,272,0,304,0,count:6
4500,stat_age_death,Fish,-1,272,0,304,0,count:1
4500,stat_kill,Fish,-1,272,0,304,0,count:11
4500,stat_starvation,Camel,-1,272,0,304,0,count:1
4500,stat_birth,Fish,-1,272,0,336,0,count:6
4500,stat_kill,Fish,-1,272,0,336,0,count:7
4500,stat_birth,Sectid,-1,272,0,336,0,count:1
4500,stat_age_death,Sectid,-1,272,0,336,0,count:1
4500,stat_starvation,Camel,-1,272,0,336,0,count:1
4500,stat_age_death,Sectid,-1,272,0,368,0,count:1
4500,stat_starvation,Camel,-1,272,0,368,0,count:1
4500,stat_starvation,Hawk,-1,304,0,48,0,count:1
4500,stat_starvation,Arctic Fox,-1,304,0,48,0,count:1
4500,stat_starvation,Musk Ox,-1,304,0,48,0,count:1
4500,stat_birth,Sectid,-1,304,0,48,0,count:1
4500,stat_starvation,Sectid,-1,304,0,48,0,count:1
4500,stat_starvation,Deer,-1,304,0,80,0,count:1
4500,stat_starvation,Snake,-1,304,0,80,0,count:1
4500,stat_starvation,Hawk,-1,304,0,80,0,count:2
4500,stat_birth,Sectid,-1,304,0,80,0,count:1
4500,stat_starvation,Sectid,-1,304,0,80,0,count:1
4500,stat_kill,Elk,-1,304,0,80,0,count:1
4500,stat_starvation,Deer,-1,304,0,112,0,count:1
4500,stat_starvation,Elk,-1,304,0,112,0,count:1
4500,stat_kill,Lizard,-1,304,0,144,0,count:1
4500,stat_kill,Fish,-1,304,0,144,0,count:2
4500,stat_birth,Sectid,-1,304,0,144,0,count:1
4500,stat_kill,Fish,-1,304,0,176,0,count:5
4500,stat_birth,Sectid,-1,304,0,176,0,count:2
4500,stat_kill,Fish,-1,304,0,208,0,count:4
4500,stat_birth,Sectid,-1,304,0,208,0,count:2
4500,stat_birth,Fish,-1,304,0,272,0,count:1
4500,stat_kill,Fish,-1,304,0,272,0,count:3
4500,stat_birth,Sectid,-1,304,0,272,0,count:1
4500,stat_starvation,Elk,-1,304,0,304,0,count:1
4500,stat_birth,Fish,-1,304,0,304,0,count:6
4500,stat_kill,Fish,-1,304,0,304,0,count:6
4500,stat_starvation,Camel,-1,304,0,304,0,count:1
4500,stat_starvation,Camel,-1,304,0,336,0,count:1
4500,stat_birth,Fish,-1,304,0,336,0,count:5
4500,stat_kill,Fish,-1,304,0,336,0,count:6
4500,stat_starvation,Elk,-1,304,0,336,0,count:1
4500,stat_birth,Sectid,-1,304,0,336,0,count:1
4500,stat_kill,Fish,-1,304,0,368,0,count:1
4500,stat_starvation,Sectid,-1,304,0,400,0,count:1
4500,stat_starvation,Sectid,-1,304,0,432,0,count:1
4500,stat_starvation,Hawk,-1,336,0,16,0,count:1
4500,stat_starvation,Sectid,-1,336,0,16,0,count:1
4500,stat_starvation,Deer,-1,336,0,48,0,count:1
4500,stat_starvation,Musk Ox,-1,336,0,48,0,count:1
4500,stat_starvation,Hawk,-1,336,0,48,0,count:1
4500,stat_starvation,Elk,-1,336,0,80,0,count:1
4500,stat_starvation,Elk,-1,336,0,112,0,count:1
4500,stat_kill,Fish,-1,336,0,112,0,count:1
4500,stat_birth,Fish,-1,336,0,144,0,count:1
4500,stat_kill,Fish,-1,336,0,144,0,count:3
4500,stat_birth,Sectid,-1,336,0,144,0,count:2
4500,stat_birth,Fish,-1,336,0,176,0,count:11
4500,stat_age_death,Fish,-1,336,0,176,0,count:1
4500,stat_kill,Fish,-1,336,0,176,0,count:12
4500,stat_birth,Sectid,-1,336,0,176,0,count:4
4500,stat_age_death,Fish,-1,336,0,208,0,count:1
4500,stat_kill,Fish,-1,336,0,208,0,count:8
4500,stat_birth,Sectid,-1,336,0,208,0,count:2
4500,stat_birth,Fish,-1,336,0,240,0,count:11
4500,stat_age_death,Fish,-1,336,0,240,0,count:1
4500,stat_kill,Fish,-1,336,0,240,0,count:11
4500,stat_birth,Sectid,-1,336,0,240,0,count:4
4500,stat_birth,Fish,-1,336,0,272,0,count:6
4500,stat_kill,Fish,-1,336,0,272,0,count:4
4500,stat_birth,Sectid,-1,336,0,272,0,count:1
4500,stat_birth,Fish,-1,336,0,304,0,count:1
4500,stat_kill,Fish,-1,336,0,304,0,count:1
4500,stat_starvation,Musk Ox,-1,368,0,16,0,count:1
4500,stat_starvation,Deer,-1,368,0,16,0,count:1
4500,stat_starvation,Elk,-1,368,0,48,0,count:1
4500,stat_birth,Fish,-1,368,0,112,0,count:3
4500,stat_kill,Fish,-1,368,0,112,0,count:3
4500,stat_birth,Sectid,-1,368,0,112,0,count:1
4500,stat_kill,Fish,-1,368,0,144,0,count:3
4500,stat_birth,Sectid,-1,368,0,144,0,count:2
4500,stat_age_death,Fish,-1,368,0,176,0,count:1
4500,stat_kill,Fish,-1,368,0,176,0,count:4
4500,stat_birth,Sectid,-1,368,0,176,0,count:1
4500,stat_age_death,Fish,-1,368,0,208,0,count:1
4500,stat_kill,Fish,-1,368,0,208,0,count:2
4500,stat_birth,Fish,-1,368,0,240,0,count:2
4500,stat_kill,Fish,-1,368,0,240,0,count:3
4500,stat_birth,Sectid,-1,368,0,240,0,count:2
4500,stat_birth,Fish,-1,368,0,272,0,count:4
4500,stat_kill,Fish,-1,368,0,272,0,count:3
4500,stat_birth,Sectid,-1,368,0,272,0,count:2
4500,stat_kill,Fish,-1,368,0,304,0,count:1
4500,stat_starvation,Sectid,-1,368,0,336,0,count:2
4500,stat_starvation,Elk,-1,368,0,336,0,count:1
4500,stat_starvation,Elk,-1,368,0,400,0,count:1
4500,stat_starvation,Elk,-1,368,0,432,0,count:1
4500,stat_starvation,Hawk,-1,400,0,16,0,count:1
4500,stat_starvation,Hawk,-1,400,0,48,0,count:2
4500,stat_starvation,Musk Ox,-1,400,0,80,0,count:1
4500,stat_starvation,Elk,-1,400,0,80,0,count:1
4500,stat_birth,Sectid,-1,400,0,80,0,count:1
4500,stat_starvation,Elk,-1,400,0,112,0,count:1
4500,stat_kill,Fish,-1,400,0,112,0,count:2
4500,stat_age_death,Fish,-1,400,0,144,0,count:1
4500,stat_kill,Fish,-1,400,0,144,0,count:5
4500,stat_birth,Snake,-1,400,0,176,0,count:1
4500,stat_age_death,Fish,-1,400,0,176,0,count:1
4500,stat_kill,Fish,-1,400,0,176,0,count:2
4500,stat_starvation,Fish,-1,400,0,208,0,count:3
4500,stat_birth,Fish,-1,400,0,240,0,count:4
4500,stat_kill,Fish,-1,400,0,240,0,count:3
4500,stat_birth,Sectid,-1,400,0,240,0,count:1
4500,stat_birth,Fish,-1,400,0,272,0,count:1
4500,stat_starvation,Sectid,-1,400,0,336,0,count:1
4500,stat_starvation,Elk,-1,400,0,400,0,count:1
4500,stat_starvation,Elk,-1,400,0,432,0,count:1
4500,stat_starvation,Hawk,-1,432,0,48,0,count:1
4500,stat_kill,Fish,-1,432,0,112,0,count:2
4500,stat_kill,Fish,-1,432,0,144,0,count:1
4500,stat_age_death,Fish,-1,432,0,176,0,count:1
4500,stat_kill,Fish,-1,432,0,176,0,count:1
4500,stat_kill,Fish,-1,432,0,240,0,count:1
4500,stat_birth,Sectid,-1,432,0,240,0,count:1
4500,stat_birth,Fish,-1,432,0,272,0,count:1
4500,stat_kill,Fish,-1,432,0,272,0,count:1
4500,stat_starvation,Elk,-1,432,0,464,0,count:1
4500,stat_birth,Fish,-1,464,0,112,0,count:1
4500,stat_birth,Fish,-1,464,0,176,0,count:3
4500,stat_birth,Fish,-1,464,0,208,0,count:1
4500,stat_birth,Camel,-1,464,0,272,0,count:1
4500,stat_kill,Fish,-1,464,0,272,0,count:1
4500,stat_kill,Fish,-1,464,0,304,0,count:1
4500,stat_kill,Fish,-1,464,0,336,0,count:1
4500,stat_starvation,Elk,-1,464,0,336,0,count:1
4500,stat_kill,Fish,-1,496,0,272,0,count:1
4500,stat_kill,Fish,-1,496,0,304,0,count:1
4500,stat_kill,Fish,-1,496,0,336,0,count:1
4500,stat_starvation,Elk,-1,496,0,368,0,count:1
4500,stat_birth,Fish,-1,496,0,368,0,count:2
4500,stat_starvation,Elk,-1,496,0,400,0,count:1
4500,stat_starvation,Elk,-1,496,0,432,0,count:1
4530,stat_starvation,Elk,-1,16,0,144,0,count:1
4530,stat_starvation,Sectid,-1,16,0,176,0,count:1
4530,stat_starvation,Sectid,-1,16,0,208,0,count:2
4530,stat_birth,Fish,-1,16,0,240,0,count:1
4530,stat_kill,Fish,-1,16,0,240,0,count:1
4530,stat_kill,Fish,-1,16,0,272,0,count:1
4530,stat_starvation,Camel,-1,16,0,272,0,count:1
4530,stat_starvation,Camel,-1,16,0,304,0,count:1
4530,stat_birth,Fish,-1,16,0,304,0,count:1
4530,stat_kill,Fish,-1,16,0,304,0,count:1
4530,stat_starvation,Camel,-1,16,0,368,0,count:1
4530,stat_starvation,Sectid,-1,16,0,368,0,count:1
4530,stat_birth,Turtle,-1,48,0,16,0,count:1
4530,stat_starvation,Elk,-1,48,0,16,0,count:1
4530,stat_starvation,Elk,-1,48,0,48,0,count:1
4530,stat_starvation,Sectid,-1,48,0,80,0,count:1
4530,stat_starvation,Elk,-1,48,0,80,0,count:1
4530,stat_starvation,Elk,-1,48,0,112,0,count:1
4530,stat_starvation,Deer,-1,48,0,144,0,count:1
4530,stat_starvation,Elk,-1,48,0,144,0,count:1
4530,stat_starvation,Deer,-1,48,0,176,0,count:1
4530,stat_starvation,Elk,-1,48,0,176,0,count:1
4530,stat_starvation,Sectid,-1,48,0,208,0,count:2
4530,stat_kill,Camel,-1,48,0,208,0,count:1
4530,stat_starvation,Camel,-1,48,0,240,0,count:1
4530,stat_starvation,Elk,-1,48,0,240,0,count:1
4530,stat_kill,Fish,-1,48,0,240,0,count:1
4530,stat_age_death,Sectid,-1,48,0,240,0,count:1
4530,stat_birth,Fish,-1,48,0,272,0,count:8
4530,stat_kill,Fish,-1,48,0,272,0,count:13
4530,stat_starvation,Elk,-1,48,0,272,0,count:1
4530,stat_starvation,Camel,-1,48,0,304,0,count:1
4530,stat_starvation,Camel,-1,48,0,336,0,count:1
4530,stat_starvation,Shark,-1,48,0,368,0,count:1
4530,stat_starvation,Elk,-1,48,0,368,0,count:1
4530,stat_starvation,Sectid,-1,48,0,368,0,count:1
4530,stat_starvation,Arctic Fox,-1,48,0,368,0,count:1
4530,stat_starvation,Elk,-1,80,0,16,0,count:1
4530,stat_starvation,Elk,-1,80,0,48,0,count:1
4530,stat_birth,Sectid,-1,80,0,48,0,count:1
4530,stat_starvation,Sectid,-1,80,0,48,0,count:1
4530,stat_starvation,Deer,-1,80,0,80,0,count:1
4530,stat_starvation,Sectid,-1,80,0,80,0,count:1
4530,stat_starvation,Sectid,-1,80,0,208,0,count:2
4530,stat_birth,Fish,-1,80,0,240,0,count:1
4530,stat_kill,Fish,-1,80,0,240,0,count:1
4530,stat_kill,Fish,-1,80,0,272,0,count:1
4530,stat_starvation,Camel,-1,80,0,272,0,count:1
4530,stat_starvation,Camel,-1,80,0,304,0,count:1
4530,stat_starvation,Camel,-1,80,0,336,0,count:1
4530,stat_starvation,Arctic Fox,-1,80,0,336,0,count:1
4530,stat_kill,Shroomer,-1,80,0,368,0,count:1
4530,stat_starvation,Camel,-1,80,0,368,0,count:1
4530,stat_starvation,Camel,-1,80,0,400,0,count:1
4530,stat_birth,Sectid,-1,80,0,400,0,count:1
4530,stat_starvation,Sectid,-1,80,0,400,0,count:1
4530,stat_kill,Musk Ox,-1,112,0,16,0,count:1
4530,stat_birth,Sectid,-1,112,0,48,0,count:1
4530,stat_starvation,Sectid,-1,112,0,48,0,count:1
4530,stat_starvation,Elk,-1,112,0,80,0,count:1
4530,stat_birth,Sectid,-1,112,0,80,0,count:1
4530,stat_starvation,Deer,-1,112,0,112,0,count:1
4530,stat_starvation,Elk,-1,112,0,176,0,count:1
4530,stat_starvation,Sectid,-1,112,0,208,0,count:1
4530,stat_starvation,Camel,-1,112,0,240,0,count:1
4530,stat_kill,Deer,-1,112,0,240,0,count:1
4530,stat_starvation,Elk,-1,112,0,272,0,count:1
4530,stat_starvation,Camel,-1,112,0,272,0,count:1
4530,stat_starvation,Camel,-1,112,0,304,0,count:1
4530,stat_starvation,Elk,-1,112,0,304,0,count:1
4530,stat_starvation,Sectid,-1,112,0,304,0,count:2
4530,stat_starvation,Sectid,-1,112,0,336,0,count:2
4530,stat_starvation,Sectid,-1,112,0,368,0,count:2
4530,stat_starvation,Camel,-1,112,0,368,0,count:1
4530,stat_kill,Elk,-1,112,0,400,0,count:1
4530,stat_starvation,Sectid,-1,112,0,464,0,count:2
4530,stat_starvation,Camel,-1,112,0,464,0,count:1
4530,stat_starvation,Musk Ox,-1,144,0,16,0,count:1
4530,stat_starvation,Elk,-1,144,0,16,0,count:1
4530,stat_starvation,Sectid,-1,144,0,48,0,count:2
4530,stat_starvation,Elk,-1,144,0,48,0,count:1
4530,stat_birth,Sectid,-1,144,0,80,0,count:1
4530,stat_starvation,Sectid,-1,144,0,80,0,count:1
4530,stat_starvation,Sectid,-1,144,0,112,0,count:1
4530,stat_starvation,Jaguar,-1,144,0,176,0,count:1
4530,stat_kill,Deer,-1,144,0,208,0,count:1
4530,stat_starvation,Sectid,-1,144,0,240,0,count:2
4530,stat_starvation,Camel,-1,144,0,240,0,count:1
4530,stat_starvation,Elk,-1,144,0,240,0,count:1
4530,stat_starvation,Camel,-1,144,0,304,0,count:2
4530,stat_starvation,Elk,-1,144,0,304,0,count:1
4530,stat_kill,Elk,-1,144,0,336,0,count:1
4530,stat_starvation,Camel,-1,144,0,368,0,count:1
4530,stat_starvation,Camel,-1,144,0,432,0,count:1
4530,stat_starvation,Deer,-1,176,0,48,0,count:1
4530,stat_starvation,Musk Ox,-1,176,0,48,0,count:1
4530,stat_starvation,Sectid,-1,176,0,112,0,count:1
4530,stat_starvation,Sectid,-1,176,0,144,0,count:1
4530,stat_starvation,Elk,-1,176,0,176,0,count:1
4530,stat_starvation,Sectid,-1,176,0,176,0,count:1
4530,stat_starvation,Camel,-1,176,0,208,0,count:1
4530,stat_age_death,Sectid,-1,176,0,240,0,count:1
4530,stat_starvation,Camel,-1,176,0,240,0,count:1
4530,stat_starvation,Elk,-1,176,0,240,0,count:1
4530,stat_starvation,Sectid,-1,176,0,272,0,count:1
4530,stat_starvation,Camel,-1,176,0,304,0,count:1
4530,stat_starvation,Sectid,-1,176,0,304,0,count:2
4530,stat_starvation,Sectid,-1,176,0,336,0,count:3
4530,stat_starvation,Camel,-1,176,0,400,0,count:1
4530,stat_starvation,Sectid,-1,176,0,400,0,count:1
4530,stat_starvation,Camel,-1,176,0,432,0,count:1
4530,stat_starvation,Sectid,-1,176,0,432,0,count:1
4530,stat_starvation,Camel,-1,176,0,464,0,count:1
4530,stat_starvation,Sectid,-1,208,0,16,0,count:1
4530,stat_starvation,Deer,-1,208,0,48,0,count:1
4530,stat_starvation,Musk Ox,-1,208,0,48,0,count:1
4530,stat_starvation,Elk,-1,208,0,80,0,count:1
4530,stat_starvation,Deer,-1,208,0,80,0,count:1
4530,stat_starvation,Sectid,-1,208,0,80,0,count:1
4530,stat_starvation,Hawk,-1,208,0,80,0,count:1
4530,stat_starvation,Elk,-1,208,0,112,0,count:1
4530,stat_starvation,Sectid,-1,208,0,112,0,count:1
4530,stat_kill,Elk,-1,208,0,176,0,count:1
4530,stat_starvation,Camel,-1,208,0,336,0,count:2
4530,stat_starvation,Sectid,-1,208,0,400,0,count:2
4530,stat_starvation,Camel,-1,208,0,400,0,count:2
4530,stat_starvation,Camel,-1,208,0,432,0,count:2
4530,stat_starvation,Deer,-1,240,0,16,0,count:1
4530,stat_starvation,Deer,-1,240,0,48,0,count:1
4530,stat_starvation,Musk Ox,-1,240,0,48,0,count:1
4530,stat_starvation,Sectid,-1,240,0,48,0,count:1
4530,stat_starvation,Musk Ox,-1,240,0,80,0,count:1
4530,stat_starvation,Hawk,-1,240,0,80,0,count:1
4530,stat_starvation,Elk,-1,240,0,112,0,count:1
4530,stat_starvation,Deer,-1,240,0,112,0,count:1
4530,stat_starvation,Musk Ox,-1,240,0,112,0,count:1
4530,stat_starvation,Elk,-1,240,0,144,0,count:1
4530,stat_starvation,Sectid,-1,240,0,144,0,count:2
4530,stat_kill,Musk Ox,-1,240,0,144,0,count:1
4530,stat_starvation,Deer,-1,240,0,176,0,count:1
4530,stat_birth,Sectid,-1,240,0,176,0,count:1
4530,stat_starvation,Elk,-1,240,0,176,0,count:2
4530,stat_birth,Fish,-1,240,0,304,0,count:2
4530,stat_kill,Fish,-1,240,0,304,0,count:6
4530,stat_starvation,Camel,-1,240,0,304,0,count:1
4530,stat_birth,Fish,-1,240,0,336,0,count:1
4530,stat_kill,Fish,-1,240,0,336,0,count:2
4530,stat_starvation,Camel,-1,240,0,336,0,count:1
4530,stat_age_death,Sectid,-1,240,0,368,0,count:1
4530,stat_starvation,Camel,-1,240,0,368,0,count:1
4530,stat_starvation,Sectid,-1,240,0,400,0,count:2
4530,stat_starvation,Camel,-1,240,0,400,0,count:1
4530,stat_starvation,Deer,-1,272,0,16,0,count:1
4530,stat_starvation,Musk Ox,-1,272,0,16,0,count:1
4530,stat_starvation,Sectid,-1,272,0,16,0,count:1
4530,stat_starvation,Musk Ox,-1,272,0,48,0,count:1
4530,stat_starvation,Sectid,-1,272,0,48,0,count:1
4530,stat_starvation,Musk Ox,-1,272,0,80,0,count:1
4530,stat_birth,Sectid,-1,272,0,80,0,count:1
4530,stat_starvation,Sectid,-1,272,0,80,0,count:1
4530,stat_starvation,Hawk,-1,272,0,80,0,count:1
4530,stat_starvation,Deer,-1,272,0,112,0,count:1
4530,stat_birth,Sectid,-1,272,0,112,0,count:1
4530,stat_starvation,Hawk,-1,272,0,112,0,count:2
4530,stat_starvation,Deer,-1,272,0,144,0,count:1
4530,stat_starvation,Elk,-1,272,0,144,0,count:1
4530,stat_kill,Fish,-1,272,0,144,0,count:1
4530,stat_starvation,Musk Ox,-1,272,0,144,0,count:1
4530,stat_kill,Elk,-1,272,0,176,0,count:1
4530,stat_birth,Fish,-1,272,0,304,0,count:5
4530,stat_age_death,Fish,-1,272,0,304,0,count:1
4530,stat_kill,Fish,-1,272,0,304,0,count:10
4530,stat_birth,Fish,-1,272,0,336,0,count:6
4530,stat_kill,Fish,-1,272,0,336,0,count:6
4530,stat_starvation,Elk,-1,272,0,336,0,count:1
4530,stat_kill,Fish,-1,272,0,368,0,count:1
4530,stat_kill,Tapir,-1,272,0,432,0,count:1
4530,stat_starvation,Sectid,-1,272,0,464,0,count:1
4530,stat_starvation,Musk Ox,-1,304,0,16,0,count:1
4530,stat_starvation,Sectid,-1,304,0,16,0,count:1
4530,stat_starvation,Hawk,-1,304,0,48,0,count:2
4530,stat_starvation,Deer,-1,304,0,48,0,count:1
4530,stat_starvation,Snake,-1,304,0,80,0,count:1
4530,stat_starvation,Hawk,-1,304,0,80,0,count:2
4530,stat_starvation,Sectid,-1,304,0,80,0,count:1
4530,stat_starvation,Musk Ox,-1,304,0,112,0,count:1
4530,stat_starvation,Elk,-1,304,0,112,0,count:1
4530,stat_kill,Fish,-1,304,0,144,0,count:2
4530,stat_starvation,Elk,-1,304,0,144,0,count:1
4530,stat_birth,Sectid,-1,304,0,144,0,count:1
4530,stat_kill,Fish,-1,304,0,176,0,count:5
4530,stat_birth,Sectid,-1,304,0,176,0,count:3
4530,stat_kill,Deer,-1,304,0,208,0,count:1
4530,stat_kill,Fish,-1,304,0,208,0,count:3
4530,stat_birth,Sectid,-1,304,0,208,0,count:2
4530,stat_birth,Fish,-1,304,0,272,0,count:2
4530,stat_kill,Fish,-1,304,0,272,0,count:3
4530,stat_birth,Sectid,-1,304,0,272,0,count:1
4530,stat_birth,Fish,-1,304,0,304,0,count:7
4530,stat_kill,Fish,-1,304,0,304,0,count:7
4530,stat_birth,Sectid,-1,304,0,304,0,count:1
4530,stat_starvation,Camel,-1,304,0,304,0,count:1
4530,stat_starvation,Camel,-1,304,0,336,0,count:1
4530,stat_birth,Fish,-1,304,0,336,0,count:5
4530,stat_kill,Fish,-1,304,0,336,0,count:6
4530,stat_starvation,Sectid,-1,304,0,400,0,count:1
4530,stat_starvation,Musk Ox,-1,336,0,16,0,count:1
4530,stat_starvation,Hawk,-1,336,0,16,0,count:2
4530,stat_starvation,Sectid,-1,336,0,16,0,count:1
4530,stat_starvation,Musk Ox,-1,336,0,48,0,count:1
4530,stat_starvation,Hawk,-1,336,0,48,0,count:1
4530,stat_birth,Sectid,-1,336,0,48,0,count:1
4530,stat_starvation,Sectid,-1,336,0,48,0,count:1
4530,stat_kill,Elk,-1,336,0,48,0,count:1
4530,stat_starvation,Sectid,-1,336,0,80,0,count:1
4530,stat_starvation,Arctic Fox,-1,336,0,80,0,count:1
4530,stat_starvation,Musk Ox,-1,336,0,112,0,count:1
4530,stat_birth,Sectid,-1,336,0,112,0,count:1
4530,stat_birth,Fish,-1,336,0,144,0,count:1
4530,stat_kill,Fish,-1,336,0,144,0,count:3
4530,stat_birth,Sectid,-1,336,0,144,0,count:2
4530,stat_birth,Fish,-1,336,0,176,0,count:10
4530,stat_age_death,Fish,-1,336,0,176,0,count:1
4530,stat_kill,Fish,-1,336,0,176,0,count:13
4530,stat_starvation,Deer,-1,336,0,176,0,count:1
4530,stat_birth,Sectid,-1,336,0,176,0,count:4
4530,stat_age_death,Fish,-1,336,0,208,0,count:2
4530,stat_kill,Fish,-1,336,0,208,0,count:9
4530,stat_birth,Sectid,-1,336,0,208,0,count:2
4530,stat_birth,Fish,-1,336,0,240,0,count:11
4530,stat_age_death,Fish,-1,336,0,240,0,count:1
4530,stat_kill,Fish,-1,336,0,240,0,count:11
4530,stat_birth,Sectid,-1,336,0,240,0,count:4
4530,stat_birth,Fish,-1,336,0,272,0,count:7
4530,stat_kill,Fish,-1,336,0,272,0,count:6
4530,stat_birth,Sectid,-1,336,0,272,0,count:1
4530,stat_starvation,Camel,-1,336,0,272,0,count:1
4530,stat_kill,Fish,-1,336,0,304,0,count:1
4530,stat_birth,Fish,-1,336,0,336,0,count:1
4530,stat_kill,Fish,-1,336,0,336,0,count:1
4530,stat_starvation,Elk,-1,336,0,368,0,count:1
4530,stat_kill,Fish,-1,336,0,368,0,count:1
4530,stat_starvation,Sectid,-1,336,0,400,0,count:1
4530,stat_starvation,Hawk,-1,368,0,16,0,count:1
4530,stat_starvation,Deer,-1,368,0,48,0,count:1
4530,stat_starvation,Sectid,-1,368,0,48,0,count:2
4530,stat_kill,Deer,-1,368,0,80,0,count:1
4530,stat_birth,Sectid,-1,368,0,80,0,count:1
4530,stat_starvation,Elk,-1,368,0,112,0,count:1
4530,stat_birth,Fish,-1,368,0,112,0,count:2
4530,stat_kill,Fish,-1,368,0,112,0,count:4
4530,stat_starvation,Musk Ox,-1,368,0,112,0,count:1
4530,stat_birth,Sectid,-1,368,0,112,0,count:1
4530,stat_kill,Fish,-1,368,0,144,0,count:4
4530,stat_birth,Sectid,-1,368,0,144,0,count:1
4530,stat_age_death,Fish,-1,368,0,176,0,count:1
4530,stat_kill,Fish,-1,368,0,176,0,count:4
4530,stat_birth,Sectid,-1,368,0,176,0,count:1
4530,stat_kill,Fish,-1,368,0,208,0,count:3
4530,stat_birth,Fish,-1,368,0,240,0,count:3
4530,stat_kill,Fish,-1,368,0,240,0,count:3
4530,stat_birth,Sectid,-1,368,0,240,0,count:2
4530,stat_birth,Fish,-1,368,0,272,0,count:4
4530,stat_kill,Fish,-1,368,0,272,0,count:3
4530,stat_birth,Sectid,-1,368,0,272,0,count:1
4530,stat_kill,Elk,-1,368,0,304,0,count:1
4530,stat_starvation,Sectid,-1,368,0,336,0,count:1
4530,stat_starvation,Hawk,-1,400,0,48,0,count:1
4530,stat_kill,Fish,-1,400,0,112,0,count:1
4530,stat_birth,Sectid,-1,400,0,112,0,count:1
4530,stat_age_death,Fish,-1,400,0,144,0,count:1
4530,stat_kill,Fish,-1,400,0,144,0,count:5
4530,stat_birth,Sectid,-1,400,0,144,0,count:1
4530,stat_birth,Fish,-1,400,0,176,0,count:6
4530,stat_age_death,Fish,-1,400,0,176,0,count:1
4530,stat_kill,Fish,-1,400,0,176,0,count:3
4530,stat_starvation,Fish,-1,400,0,208,0,count:2
4530,stat_kill,Musk Ox,-1,400,0,240,0,count:1
4530,stat_birth,Fish,-1,400,0,240,0,count:4
4530,stat_kill,Fish,-1,400,0,240,0,count:2
4530,stat_birth,Sectid,-1,400,0,240,0,count:1
4530,stat_kill,Fish,-1,400,0,272,0,count:1
4530,stat_birth,Sectid,-1,400,0,272,0,count:1
4530,stat_starvation,Sectid,-1,400,0,336,0,count:2
4530,stat_starvation,Elk,-1,400,0,432,0,count:1
4530,stat_starvation,Elk,-1,400,0,464,0,count:1
4530,stat_starvation,Hawk,-1,432,0,16,0,count:1
4530,stat_starvation,Hawk,-1,432,0,48,0,count:1
4530,stat_starvation,Deer,-1,432,0,80,0,count:1
4530,stat_kill,Fish,-1,432,0,112,0,count:1
4530,stat_kill,Fish,-1,432,0,144,0,count:2
4530,stat_birth,Fish,-1,432,0,176,0,count:9
4530,stat_age_death,Fish,-1,432,0,176,0,count:1
4530,stat_kill,Fish,-1,432,0,176,0,count:1
4530,stat_birth,Fish,-1,432,0,240,0,count:1
4530,stat_birth,Fish,-1,432,0,272,0,count:1
4530,stat_kill,Fish,-1,432,0,336,0,count:1
4530,stat_birth,Sectid,-1,432,0,336,0,count:1
4530,stat_starvation,Elk,-1,432,0,368,0,count:1
4530,stat_birth,Sectid,-1,432,0,368,0,count:1
4530,stat_starvation,Elk,-1,432,0,400,0,count:1
4530,stat_birth,Fish,-1,464,0,112,0,count:2
4530,stat_kill,Fish,-1,464,0,112,0,count:1
4530,stat_birth,Fish,-1,464,0,176,0,count:3
4530,stat_age_death,Fish,-1,464,0,176,0,count:1
4530,stat_kill,Fish,-1,464,0,272,0,count:1
4530,stat_kill,Fish,-1,464,0,304,0,count:1
4530,stat_kill,Fish,-1,464,0,336,0,count:1
4530,stat_starvation,Elk,-1,464,0,368,0,count:1
4530,stat_starvation,Elk,-1,464,0,400,0,count:1
4530,stat_kill,Fish,-1,496,0,304,0,count:2
4530,stat_birth,Scorpion,-1,496,0,304,0,count:1
4530,stat_birth,Fish,-1,496,0,368,0,count:2
4560,stat_starvation,Deer,-1,16,0,144,0,count:1
4560,stat_starvation,Elk,-1,16,0,176,0,count:1
4560,stat_starvation,Sectid,-1,16,0,208,0,count:2
4560,stat_birth,Fish,-1,16,0,240,0,count:1
4560,stat_kill,Fish,-1,16,0,240,0,count:2
4560,stat_starvation,Deer,-1,16,0,240,0,count:1
4560,stat_birth,Fish,-1,16,0,272,0,count:1
4560,stat_kill,Fish,-1,16,0,272,0,count:1
4560,stat_starvation,Camel,-1,16,0,272,0,count:1
4560,stat_kill,Fish,-1,16,0,304,0,count:2
4560,stat_starvation,Camel,-1,16,0,336,0,count:1
4560,stat_starvation,Sectid,-1,16,0,368,0,count:1
4560,stat_starvation,Sectid,-1,48,0,80,0,count:1
4560,stat_starvation,Deer,-1,48,0,112,0,count:1
4560,stat_starvation,Deer,-1,48,0,144,0,count:1
4560,stat_starvation,Elk,-1,48,0,144,0,count:1
4560,stat_starvation,Deer,-1,48,0,176,0,count:1
4560,stat_starvation,Elk,-1,48,0,176,0,count:1
4560,stat_starvation,Sectid,-1,48,0,208,0,count:2
4560,stat_birth,Fish,-1,48,0,240,0,count:1
4560,stat_kill,Fish,-1,48,0,240,0,count:1
4560,stat_birth,Fish,-1,48,0,272,0,count:8
4560,stat_kill,Fish,-1,48,0,272,0,count:13
4560,stat_starvation,Camel,-1,48,0,272,0,count:1
4560,stat_kill,Fish,-1,48,0,304,0,count:1
4560,stat_starvation,Camel,-1,48,0,336,0,count:1
4560,stat_starvation,Camel,-1,48,0,368,0,count:1
4560,stat_starvation,Sectid,-1,48,0,368,0,count:1
4560,stat_starvation,Arctic Fox,-1,48,0,368,0,count:1
4560,stat_starvation,Camel,-1,48,0,400,0,count:1
4560,stat_starvation,Sectid,-1,48,0,432,0,count:1
4560,stat_starvation,Sectid,-1,80,0,80,0,count:1
4560,stat_starvation,Deer,-1,80,0,112,0,count:1
4560,stat_starvation,Elk,-1,80,0,112,0,count:2
4560,stat_starvation,Deer,-1,80,0,144,0,count:1
4560,stat_starvation,Elk,-1,80,0,144,0,count:1
4560,stat_starvation,Sectid,-1,80,0,208,0,count:1
4560,stat_kill,Fish,-1,80,0,240,0,count:1
4560,stat_starvation,Camel,-1,80,0,240,0,count:1
4560,stat_starvation,Elk,-1,80,0,272,0,count:1
4560,stat_age_death,Sectid,-1,80,0,272,0,count:1
4560,stat_birth,Fish,-1,80,0,304,0,count:1
4560,stat_kill,Fish,-1,80,0,304,0,count:1
4560,stat_starvation,Camel,-1,80,0,336,0,count:1
4560,stat_starvation,Elk,-1,80,0,336,0,count:1
4560,stat_starvation,Arctic Fox,-1,80,0,336,0,count:2
4560,stat_starvation,Sectid,-1,80,0,400,0,count:1
4560,stat_kill,Camel,-1,80,0,464,0,count:1
4560,stat_starvation,Sectid,-1,112,0,80,0,count:1
4560,stat_starvation,Elk,-1,112,0,144,0,count:1
4560,stat_starvation,Sectid,-1,112,0,208,0,count:2
4560,stat_starvation,Sectid,-1,112,0,304,0,count:2
4560,stat_starvation,Camel,-1,112,0,336,0,count:1
4560,stat_starvation,Sectid,-1,112,0,336,0,count:1
4560,stat_starvation,Camel,-1,112,0,368,0,count:1
4560,stat_starvation,Elk,-1,112,0,368,0,count:1
4560,stat_starvation,Sectid,-1,112,0,464,0,count:1
4560,stat_starvation,Deer,-1,144,0,112,0,count:1
4560,stat_starvation,Sectid,-1,144,0,112,0,count:1
4560,stat_starvation,Sectid,-1,144,0,240,0,count:1
4560,stat_starvation,Camel,-1,144,0,272,0,count:1
4560,stat_starvation,Camel,-1,144,0,304,0,count:1
4560,stat_starvation,Elk,-1,144,0,304,0,count:1
4560,stat_starvation,Camel,-1,144,0,336,0,count:1
4560,stat_starvation,Camel,-1,144,0,368,0,count:1
4560,stat_starvation,Camel,-1,144,0,400,0,count:1
4560,stat_kill,Elk,-1,176,0,16,0,count:1
4560,stat_starvation,Elk,-1,176,0,48,0,count:1
4560,stat_starvation,Musk Ox,-1,176,0,48,0,count:1
4560,stat_starvation,Sectid,-1,176,0,80,0,count:1
4560,stat_starvation,Elk,-1,176,0,80,0,count:1
4560,stat_birth,Sectid,-1,176,0,144,0,count:1
4560,stat_starvation,Sectid,-1,176,0,144,0,count:1
4560,stat_birth,Sectid,-1,176,0,176,0,count:1
4560,stat_starvation,Sectid,-1,176,0,176,0,count:1
4560,stat_starvation,Elk,-1,176,0,208,0,count:1
4560,stat_starvation,Camel,-1,176,0,208,0,count:1
4560,stat_starvation,Elk,-1,176,0,240,0,count:1
4560,stat_starvation,Sectid,-1,176,0,272,0,count:2
4560,stat_starvation,Sectid,-1,176,0,304,0,count:2
4560,stat_starvation,Sectid,-1,176,0,336,0,count:2
4560,stat_starvation,Camel,-1,176,0,400,0,count:2
4560,stat_starvation,Camel,-1,176,0,432,0,count:1
4560,stat_starvation,Sectid,-1,176,0,432,0,count:1
4560,stat_starvation,Camel,-1,176,0,464,0,count:1
4560,stat_starvation,Deer,-1,208,0,16,0,count:1
4560,stat_starvation,Hawk,-1,208,0,16,0,count:1
4560,stat_starvation,Hawk,-1,208,0,48,0,count:1
4560,stat_birth,Sectid,-1,208,0,80,0,count:1
4560,stat_starvation,Sectid,-1,208,0,80,0,count:1
4560,stat_starvation,Musk Ox,-1,208,0,80,0,count:1
4560,stat_starvation,Hawk,-1,208,0,80,0,count:1
4560,stat_starvation,Hawk,-1,208,0,112,0,count:1
4560,stat_starvation,Elk,-1,208,0,144,0,count:1
4560,stat_kill,Deer,-1,208,0,176,0,count:1
4560,stat_kill,Fish,-1,208,0,272,0,count:1
4560,stat_starvation,Camel,-1,208,0,304,0,count:1
4560,stat_birth,Fish,-1,208,0,304,0,count:1
4560,stat_kill,Fish,-1,208,0,304,0,count:1
4560,stat_kill,Fish,-1,208,0,336,0,count:1
4560,stat_starvation,Camel,-1,208,0,368,0,count:1
4560,stat_starvation,Sectid,-1,208,0,400,0,count:1
4560,stat_starvation,Camel,-1,208,0,400,0,count:1
4560,stat_starvation,Camel,-1,208,0,432,0,count:1
4560,stat_starvation,Sectid,-1,208,0,496,0,count:1
4560,stat_birth,Sectid,-1,240,0,48,0,count:1
4560,stat_starvation,Hawk,-1,240,0,48,0,count:1
4560,stat_starvation,Musk Ox,-1,240,0,80,0,count:1
4560,stat_starvation,Hawk,-1,240,0,80,0,count:1
4560,stat_starvation,Elk,-1,240,0,112,0,count:1
4560,stat_starvation,Deer,-1,240,0,112,0,count:1
4560,stat_starvation,Musk Ox,-1,240,0,112,0,count:1
4560,stat_starvation,Elk,-1,240,0,144,0,count:1
4560,stat_starvation,Sectid,-1,240,0,144,0,count:2
4560,stat_starvation,Sectid,-1,240,0,176,0,count:2
4560,stat_starvation,Elk,-1,240,0,176,0,count:1
4560,stat_birth,Fish,-1,240,0,304,0,count:2
4560,stat_kill,Fish,-1,240,0,304,0,count:6
4560,stat_birth,Fish,-1,240,0,336,0,count:1
4560,stat_kill,Fish,-1,240,0,336,0,count:3
4560,stat_kill,Fish,-1,240,0,368,0,count:1
4560,stat_starvation,Sectid,-1,240,0,400,0,count:1
4560,stat_starvation,Deer,-1,272,0,48,0,count:1
4560,stat_birth,Sectid,-1,272,0,48,0,count:1
4560,stat_starvation,Deer,-1,272,0,80,0,count:1
4560,stat_starvation,Sectid,-1,272,0,80,0,count:1
4560,stat_starvation,Hawk,-1,272,0,80,0,count:1
4560,stat_starvation,Deer,-1,272,0,112,0,count:1
4560,stat_starvation,Elk,-1,272,0,112,0,count:1
4560,stat_starvation,Musk Ox,-1,272,0,112,0,count:1
4560,stat_starvation,Hawk,-1,272,0,112,0,count:1
4560,stat_birth,Scorpion,-1,272,0,144,0,count:1
4560,stat_starvation,Deer,-1,272,0,144,0,count:1
4560,stat_starvation,Elk,-1,272,0,144,0,count:2
4560,stat_kill,Fish,-1,272,0,176,0,count:1
4560,stat_birth,Fish,-1,272,0,304,0,count:4
4560,stat_age_death,Fish,-1,272,0,304,0,count:1
4560,stat_kill,Fish,-1,272,0,304,0,count:11
4560,stat_starvation,Elk,-1,272,0,304,0,count:1
4560,stat_birth,Sectid,-1,272,0,304,0,count:1
4560,stat_birth,Fish,-1,272,0,336,0,count:6
4560,stat_kill,Fish,-1,272,0,336,0,count:7
4560,stat_starvation,Elk,-1,272,0,336,0,count:1
4560,stat_birth,Sectid,-1,272,0,336,0,count:1
4560,stat_starvation,Camel,-1,272,0,336,0,count:1
4560,stat_birth,Fish,-1,272,0,368,0,count:1
4560,stat_kill,Fish,-1,272,0,368,0,count:1
4560,stat_starvation,Hawk,-1,304,0,48,0,count:1
4560,stat_starvation,Sectid,-1,304,0,48,0,count:1
4560,stat_starvation,Musk Ox,-1,304,0,80,0,count:1
4560,stat_starvation,Hawk,-1,304,0,80,0,count:1
4560,stat_starvation,Sectid,-1,304,0,80,0,count:2
4560,stat_starvation,Deer,-1,304,0,144,0,count:1
4560,stat_kill,Fish,-1,304,0,144,0,count:2
4560,stat_starvation,Elk,-1,304,0,144,0,count:1
4560,stat_kill,Fish,-1,304,0,176,0,count:6
4560,stat_birth,Sectid,-1,304,0,176,0,count:1
4560,stat_kill,Frog,-1,304,0,208,0,count:1
4560,stat_kill,Fish,-1,304,0,208,0,count:3
4560,stat_birth,Sectid,-1,304,0,208,0,count:3
4560,stat_birth,Fish,-1,304,0,272,0,count:2
4560,stat_kill,Fish,-1,304,0,272,0,count:4
4560,stat_birth,Sectid,-1,304,0,272,0,count:1
4560,stat_birth,Fish,-1,304,0,304,0,count:6
4560,stat_kill,Fish,-1,304,0,304,0,count:7
4560,stat_starvation,Camel,-1,304,0,304,0,count:1
4560,stat_starvation,Camel,-1,304,0,336,0,count:1
4560,stat_birth,Fish,-1,304,0,336,0,count:6
4560,stat_kill,Fish,-1,304,0,336,0,count:6
4560,stat_starvation,Elk,-1,304,0,336,0,count:1
4560,stat_starvation,Sectid,-1,304,0,400,0,count:1
4560,stat_kill,Camel,-1,304,0,400,0,count:1
4560,stat_starvation,Sectid,-1,304,0,432,0,count:1
4560,stat_starvation,Bear,-1,336,0,16,0,count:1
4560,stat_starvation,Deer,-1,336,0,16,0,count:1
4560,stat_starvation,Hawk,-1,336,0,16,0,count:1
4560,stat_starvation,Deer,-1,336,0,48,0,count:1
4560,stat_starvation,Hawk,-1,336,0,48,0,count:1
4560,stat_starvation,Sectid,-1,336,0,48,0,count:2
4560,stat_starvation,Deer,-1,336,0,80,0,count:1
4560,stat_starvation,Elk,-1,336,0,80,0,count:1
4560,stat_starvation,Sectid,-1,336,0,80,0,count:3
4560,stat_starvation,Arctic Fox,-1,336,0,80,0,count:2
4560,stat_starvation,Deer,-1,336,0,112,0,count:1
4560,stat_kill,Fish,-1,336,0,112,0,count:1
4560,stat_birth,Fish,-1,336,0,144,0,count:1
4560,stat_kill,Fish,-1,336,0,144,0,count:3
4560,stat_starvation,Musk Ox,-1,336,0,144,0,count:1
4560,stat_birth,Sectid,-1,336,0,144,0,count:2
4560,stat_birth,Fish,-1,336,0,176,0,count:10
4560,stat_age_death,Fish,-1,336,0,176,0,count:1
4560,stat_kill,Fish,-1,336,0,176,0,count:13
4560,stat_birth,Sectid,-1,336,0,176,0,count:4
4560,stat_age_death,Fish,-1,336,0,208,0,count:1
4560,stat_kill,Fish,-1,336,0,208,0,count:9
4560,stat_birth,Sectid,-1,336,0,208,0,count:2
4560,stat_birth,Fish,-1,336,0,240,0,count:10
4560,stat_age_death,Fish,-1,336,0,240,0,count:1
4560,stat_kill,Fish,-1,336,0,240,0,count:12
4560,stat_birth,Sectid,-1,336,0,240,0,count:4
4560,stat_starvation,Elk,-1,336,0,272,0,count:1
4560,stat_birth,Fish,-1,336,0,272,0,count:6
4560,stat_kill,Fish,-1,336,0,272,0,count:5
4560,stat_birth,Sectid,-1,336,0,272,0,count:1
4560,stat_birth,Fish,-1,336,0,304,0,count:1
4560,stat_kill,Fish,-1,336,0,336,0,count:1
4560,stat_starvation,Sectid,-1,336,0,400,0,count:1
4560,stat_starvation,Hawk,-1,368,0,16,0,count:1
4560,stat_starvation,Sectid,-1,368,0,48,0,count:1
4560,stat_kill,Fish,-1,368,0,80,0,count:1
4560,stat_birth,Fish,-1,368,0,112,0,count:3
4560,stat_kill,Fish,-1,368,0,112,0,count:3
4560,stat_birth,Sectid,-1,368,0,112,0,count:1
4560,stat_kill,Fish,-1,368,0,144,0,count:3
4560,stat_birth,Hawk,-1,368,0,144,0,count:1
4560,stat_birth,Sectid,-1,368,0,144,0,count:2
4560,stat_age_death,Fish,-1,368,0,176,0,count:1
4560,stat_kill,Fish,-1,368,0,176,0,count:5
4560,stat_birth,Sectid,-1,368,0,176,0,count:1
4560,stat_age_death,Fish,-1,368,0,208,0,count:1
4560,stat_kill,Fish,-1,368,0,208,0,count:3
4560,stat_birth,Sectid,-1,368,0,208,0,count:1
4560,stat_birth,Fish,-1,368,0,240,0,count:3
4560,stat_kill,Fish,-1,368,0,240,0,count:4
4560,stat_birth,Sectid,-1,368,0,240,0,count:2
4560,stat_birth,Fish,-1,368,0,272,0,count:5
4560,stat_kill,Fish,-1,368,0,272,0,count:3
4560,stat_birth,Sectid,-1,368,0,272,0,count:2
4560,stat_starvation,Sectid,-1,368,0,336,0,count:2
4560,stat_starvation,Elk,-1,368,0,336,0,count:1
4560,stat_starvation,Hawk,-1,400,0,16,0,count:1
4560,stat_starvation,Musk Ox,-1,400,0,48,0,count:1
4560,stat_starvation,Deer,-1,400,0,48,0,count:1
4560,stat_starvation,Musk Ox,-1,400,0,80,0,count:1
4560,stat_kill,Fish,-1,400,0,80,0,count:1
4560,stat_starvation,Elk,-1,400,0,112,0,count:1
4560,stat_kill,Fish,-1,400,0,112,0,count:2
4560,stat_birth,Sectid,-1,400,0,112,0,count:1
4560,stat_birth,Fish,-1,400,0,144,0,count:8
4560,stat_age_death,Fish,-1,400,0,144,0,count:1
4560,stat_kill,Fish,-1,400,0,144,0,count:6
4560,stat_starvation,Elk,-1,400,0,144,0,count:1
4560,stat_starvation,Deer,-1,400,0,144,0,count:1
4560,stat_birth,Snake,-1,400,0,176,0,count:1
4560,stat_starvation,Elk,-1,400,0,176,0,count:1
4560,stat_birth,Fish,-1,400,0,176,0,count:6
4560,stat_age_death,Fish,-1,400,0,176,0,count:1
4560,stat_kill,Fish,-1,400,0,176,0,count:2
4560,stat_starvation,Fish,-1,400,0,208,0,count:2
4560,stat_birth,Sectid,-1,400,0,208,0,count:1
4560,stat_birth,Fish,-1,400,0,240,0,count:5
4560,stat_kill,Fish,-1,400,0,240,0,count:2
4560,stat_birth,Sectid,-1,400,0,240,0,count:1
4560,stat_birth,Fish,-1,400,0,272,0,count:1
4560,stat_kill,Fish,-1,400,0,272,0,count:1
4560,stat_starvation,Sectid,-1,400,0,336,0,count:1
4560,stat_starvation,Elk,-1,400,0,400,0,count:1
4560,stat_starvation,Hawk,-1,432,0,48,0,count:1
4560,stat_kill,Fish,-1,432,0,112,0,count:1
4560,stat_age_death,Fish,-1,432,0,144,0,count:1
4560,stat_kill,Fish,-1,432,0,144,0,count:2
4560,stat_birth,Fish,-1,432,0,176,0,count:10
4560,stat_age_death,Fish,-1,432,0,176,0,count:1
4560,stat_kill,Fish,-1,432,0,176,0,count:2
4560,stat_kill,Fish,-1,432,0,208,0,count:1
4560,stat_birth,Fish,-1,432,0,240,0,count:1
4560,stat_kill,Fish,-1,432,0,272,0,count:1
4560,stat_birth,Sectid,-1,432,0,272,0,count:1
4560,stat_birth,Sectid,-1,432,0,304,0,count:1
4560,stat_kill,Fish,-1,432,0,368,0,count:1
4560,stat_birth,Fish,-1,464,0,112,0,count:1
4560,stat_birth,Fish,-1,464,0,176,0,count:3
4560,stat_birth,Fish,-1,464,0,208,0,count:2
4560,stat_kill,Fish,-1,464,0,272,0,count:1
4560,stat_birth,Sectid,-1,464,0,272,0,count:1
4560,stat_kill,Fish,-1,464,0,304,0,count:1
4560,stat_birth,Sectid,-1,464,0,304,0,count:1
4560,stat_kill,Fish,-1,464,0,336,0,count:1
4560,stat_starvation,Elk,-1,464,0,336,0,count:1
4560,stat_birth,Jaguar,-1,464,0,400,0,count:1
4560,stat_starvation,Elk,-1,464,0,400,0,count:2
4560,stat_kill,Fish,-1,496,0,304,0,count:1
4560,stat_kill,Fish,-1,496,0,336,0,count:1
4560,stat_starvation,Elk,-1,496,0,368,0,count:1
4560,stat_birth,Fish,-1,496,0,368,0,count:3
4560,stat_starvation,Elk,-1,496,0,432,0,count:1
4590,stat_starvation,Deer,-1,16,0,176,0,count:1
4590,stat_starvation,Sectid,-1,16,0,208,0,count:1
4590,stat_kill,Fish,-1,16,0,240,0,count:1
4590,stat_starvation,Deer,-1,16,0,240,0,count:1
4590,stat_kill,Fish,-1,16,0,272,0,count:1
4590,stat_starvation,Camel,-1,16,0,272,0,count:1
4590,stat_starvation,Camel,-1,16,0,304,0,count:1
4590,stat_birth,Fish,-1,16,0,304,0,count:1
4590,stat_kill,Fish,-1,16,0,304,0,count:1
4590,stat_kill,Elk,-1,16,0,336,0,count:1
4590,stat_starvation,Camel,-1,16,0,368,0,count:1
4590,stat_starvation,Sectid,-1,16,0,368,0,count:1
4590,stat_starvation,Elk,-1,48,0,16,0,count:1
4590,stat_starvation,Elk,-1,48,0,48,0,count:1
4590,stat_starvation,Sectid,-1,48,0,80,0,count:1
4590,stat_starvation,Deer,-1,48,0,80,0,count:1
4590,stat_starvation,Elk,-1,48,0,144,0,count:1
4590,stat_starvation,Sectid,-1,48,0,208,0,count:1
4590,stat_starvation,Camel,-1,48,0,240,0,count:1
4590,stat_kill,Fish,-1,48,0,240,0,count:1
4590,stat_starvation,Deer,-1,48,0,240,0,count:1
4590,stat_birth,Fish,-1,48,0,272,0,count:8
4590,stat_kill,Fish,-1,48,0,272,0,count:13
4590,stat_starvation,Camel,-1,48,0,272,0,count:1
4590,stat_age_death,Sectid,-1,48,0,272,0,count:1
4590,stat_starvation,Elk,-1,48,0,304,0,count:1
4590,stat_starvation,Arctic Fox,-1,48,0,368,0,count:1
4590,stat_starvation,Sectid,-1,48,0,400,0,count:1
4590,stat_starvation,Sectid,-1,48,0,432,0,count:1
4590,stat_starvation,Elk,-1,80,0,48,0,count:1
4590,stat_starvation,Sectid,-1,80,0,48,0,count:1
4590,stat_starvation,Sectid,-1,80,0,80,0,count:1
4590,stat_starvation,Elk,-1,80,0,112,0,count:1
4590,stat_starvation,Sectid,-1,80,0,208,0,count:2
4590,stat_starvation,Elk,-1,80,0,240,0,count:1
4590,stat_kill,Fish,-1,80,0,240,0,count:1
4590,stat_starvation,Camel,-1,80,0,272,0,count:1
4590,stat_starvation,Elk,-1,80,0,304,0,count:1
4590,stat_starvation,Camel,-1,80,0,304,0,count:1
4590,stat_kill,Fish,-1,80,0,304,0,count:1
4590,stat_starvation,Sectid,-1,80,0,336,0,count:1
4590,stat_starvation,Arctic Fox,-1,80,0,336,0,count:1
4590,stat_starvation,Arctic Fox,-1,80,0,368,0,count:1
4590,stat_starvation,Camel,-1,80,0,400,0,count:1
4590,stat_kill,Elk,-1,112,0,16,0,count:1
4590,stat_starvation,Deer,-1,112,0,48,0,count:1
4590,stat_starvation,Elk,-1,112,0,48,0,count:1
4590,stat_starvation,Sectid,-1,112,0,48,0,count:1
4590,stat_starvation,Sectid,-1,112,0,80,0,count:1
4590,stat_starvation,Deer,-1,112,0,112,0,count:1
4590,stat_starvation,Elk,-1,112,0,112,0,count:1
4590,stat_starvation,Elk,-1,112,0,144,0,count:1
4590,stat_starvation,Deer,-1,112,0,208,0,count:1
4590,stat_starvation,Sectid,-1,112,0,208,0,count:1
4590,stat_starvation,Elk,-1,112,0,208,0,count:1
4590,stat_starvation,Camel,-1,112,0,208,0,count:1
4590,stat_starvation,Camel,-1,112,0,240,0,count:1
4590,stat_starvation,Camel,-1,112,0,304,0,count:1
4590,stat_starvation,Elk,-1,112,0,304,0,count:1
4590,stat_starvation,Sectid,-1,112,0,304,0,count:2
4590,stat_starvation,Camel,-1,112,0,336,0,count:1
4590,stat_starvation,Elk,-1,112,0,336,0,count:1
4590,stat_starvation,Sectid,-1,112,0,336,0,count:1
4590,stat_starvation,Sectid,-1,112,0,368,0,count:1
4590,stat_starvation,Camel,-1,112,0,432,0,count:1
4590,stat_kill,Sectid,-1,112,0,432,0,count:1
4590,stat_starvation,Sectid,-1,112,0,464,0,count:1
4590,stat_starvation,Camel,-1,112,0,464,0,count:1
4590,stat_starvation,Musk Ox,-1,144,0,16,0,count:1
4590,stat_starvation,Hawk,-1,144,0,16,0,count:1
4590,stat_starvation,Sectid,-1,144,0,48,0,count:1
4590,stat_starvation,Deer,-1,144,0,80,0,count:1
4590,stat_starvation,Elk,-1,144,0,80,0,count:1
4590,stat_starvation,Sectid,-1,144,0,80,0,count:1
4590,stat_starvation,Sectid,-1,144,0,240,0,count:1
4590,stat_starvation,Camel,-1,144,0,240,0,count:1
4590,stat_starvation,Elk,-1,144,0,240,0,count:1
4590,stat_starvation,Deer,-1,176,0,48,0,count:1
4590,stat_starvation,Sectid,-1,176,0,80,0,count:1
4590,stat_birth,Sectid,-1,176,0,112,0,count:1
4590,stat_starvation,Sectid,-1,176,0,144,0,count:1
4590,stat_starvation,Elk,-1,176,0,144,0,count:1
4590,stat_starvation,Elk,-1,176,0,176,0,count:1
4590,stat_starvation,Sectid,-1,176,0,176,0,count:1
4590,stat_starvation,Elk,-1,176,0,208,0,count:1
4590,stat_starvation,Camel,-1,176,0,208,0,count:1
4590,stat_starvation,Camel,-1,176,0,240,0,count:1
4590,stat_birth,Sectid,-1,176,0,272,0,count:1
4590,stat_starvation,Sectid,-1,176,0,272,0,count:1
4590,stat_starvation,Camel,-1,176,0,272,0,count:2
4590,stat_starvation,Camel,-1,176,0,304,0,count:1
4590,stat_starvation,Sectid,-1,176,0,304,0,count:1
4590,stat_starvation,Camel,-1,176,0,336,0,count:1
4590,stat_starvation,Sectid,-1,176,0,336,0,count:2
4590,stat_starvation,Camel,-1,176,0,368,0,count:1
4590,stat_starvation,Camel,-1,176,0,400,0,count:1
4590,stat_starvation,Sectid,-1,176,0,400,0,count:1
4590,stat_starvation,Camel,-1,176,0,432,0,count:1
4590,stat_starvation,Sectid,-1,176,0,432,0,count:2
4590,stat_starvation,Camel,-1,176,0,464,0,count:1
4590,stat_starvation,Musk Ox,-1,208,0,16,0,count:1
4590,stat_birth,Sectid,-1,208,0,16,0,count:1
4590,stat_starvation,Musk Ox,-1,208,0,48,0,count:1
4590,stat_starvation,Elk,-1,208,0,48,0,count:1
4590,stat_starvation,Elk,-1,208,0,80,0,count:1
4590,stat_starvation,Deer,-1,208,0,80,0,count:1
4590,stat_starvation,Sectid,-1,208,0,80,0,count:1
4590,stat_starvation,Hawk,-1,208,0,80,0,count:1
4590,stat_starvation,Sectid,-1,208,0,112,0,count:1
4590,stat_kill,Musk Ox,-1,208,0,112,0,count:1
4590,stat_starvation,Elk,-1,208,0,144,0,count:1
4590,stat_starvation,Camel,-1,208,0,272,0,count:1
4590,stat_birth,Fish,-1,208,0,272,0,count:1
4590,stat_starvation,Camel,-1,208,0,336,0,count:1
4590,stat_starvation,Sectid,-1,208,0,400,0,count:1
4590,stat_starvation,Camel,-1,208,0,400,0,count:1
4590,stat_starvation,Camel,-1,208,0,432,0,count:1
4590,stat_starvation,Hawk,-1,240,0,16,0,count:1
4590,stat_starvation,Sectid,-1,240,0,16,0,count:1
4590,stat_starvation,Musk Ox,-1,240,0,48,0,count:1
4590,stat_starvation,Sectid,-1,240,0,48,0,count:1
4590,stat_starvation,Hawk,-1,240,0,48,0,count:1
4590,stat_starvation,Elk,-1,240,0,80,0,count:1
4590,stat_starvation,Elk,-1,240,0,112,0,count:2
4590,stat_starvation,Elk,-1,240,0,144,0,count:1
4590,stat_starvation,Sectid,-1,240,0,144,0,count:2
4590,stat_starvation,Hawk,-1,240,0,144,0,count:1
4590,stat_starvation,Sectid,-1,240,0,176,0,count:2
4590,stat_starvation,Elk,-1,240,0,176,0,count:1
4590,stat_birth,Fish,-1,240,0,304,0,count:1
4590,stat_kill,Fish,-1,240,0,304,0,count:6
4590,stat_starvation,Camel,-1,240,0,304,0,count:1
4590,stat_kill,Fish,-1,240,0,336,0,count:2
4590,stat_kill,Faeling,-1,240,0,368,0,count:1
4590,stat_starvation,Sectid,-1,240,0,400,0,count:2
4590,stat_kill,Camel,-1,240,0,400,0,count:1
4590,stat_starvation,Deer,-1,272,0,48,0,count:1
4590,stat_starvation,Sectid,-1,272,0,48,0,count:1
4590,stat_starvation,Sectid,-1,272,0,80,0,count:1
4590,stat_starvation,Deer,-1,272,0,112,0,count:1
4590,stat_starvation,Elk,-1,272,0,112,0,count:2
4590,stat_starvation,Sectid,-1,272,0,112,0,count:2
4590,stat_starvation,Hawk,-1,272,0,112,0,count:1
4590,stat_starvation,Musk Ox,-1,272,0,144,0,count:1
4590,stat_birth,Fish,-1,272,0,304,0,count:5
4590,stat_age_death,Fish,-1,272,0,304,0,count:1
4590,stat_kill,Fish,-1,272,0,304,0,count:10
4590,stat_starvation,Camel,-1,272,0,304,0,count:1
4590,stat_birth,Fish,-1,272,0,336,0,count:6
4590,stat_kill,Fish,-1,272,0,336,0,count:6
4590,stat_starvation,Elk,-1,272,0,336,0,count:1
4590,stat_starvation,Sectid,-1,272,0,464,0,count:1
4590,stat_starvation,Hawk,-1,304,0,48,0,count:1
4590,stat_starvation,Arctic Fox,-1,304,0,48,0,count:1
4590,stat_starvation,Musk Ox,-1,304,0,48,0,count:1
4590,stat_birth,Sectid,-1,304,0,48,0,count:1
4590,stat_starvation,Hawk,-1,304,0,80,0,count:2
4590,stat_starvation,Sectid,-1,304,0,80,0,count:1
4590,stat_starvation,Elk,-1,304,0,112,0,count:1
4590,stat_birth,Scorpion,-1,304,0,144,0,count:1
4590,stat_starvation,Deer,-1,304,0,144,0,count:1
4590,stat_kill,Fish,-1,304,0,144,0,count:2
4590,stat_starvation,Musk Ox,-1,304,0,144,0,count:1
4590,stat_birth,Sectid,-1,304,0,144,0,count:1
4590,stat_kill,Fish,-1,304,0,176,0,count:5
4590,stat_birth,Sectid,-1,304,0,176,0,count:1
4590,stat_kill,Lizard,-1,304,0,208,0,count:1
4590,stat_kill,Fish,-1,304,0,208,0,count:4
4590,stat_birth,Sectid,-1,304,0,208,0,count:2
4590,stat_birth,Fish,-1,304,0,272,0,count:1
4590,stat_kill,Fish,-1,304,0,272,0,count:4
4590,stat_birth,Sectid,-1,304,0,272,0,count:1
4590,stat_kill,Sectid,-1,304,0,272,0,count:1
4590,stat_birth,Fish,-1,304,0,304,0,count:7
4590,stat_kill,Fish,-1,304,0,304,0,count:6
4590,stat_birth,Sectid,-1,304,0,304,0,count:1
4590,stat_starvation,Camel,-1,304,0,336,0,count:1
4590,stat_birth,Fish,-1,304,0,336,0,count:5
4590,stat_kill,Fish,-1,304,0,336,0,count:7
4590,stat_starvation,Elk,-1,304,0,336,0,count:1
4590,stat_starvation,Sectid,-1,304,0,400,0,count:1
4590,stat_starvation,Musk Ox,-1,336,0,48,0,count:1
4590,stat_starvation,Hawk,-1,336,0,48,0,count:1
4590,stat_starvation,Sectid,-1,336,0,80,0,count:2
4590,stat_starvation,Arctic Fox,-1,336,0,80,0,count:1
4590,stat_starvation,Elk,-1,336,0,112,0,count:1
4590,stat_birth,Fish,-1,336,0,144,0,count:1
4590,stat_kill,Fish,-1,336,0,144,0,count:3
4590,stat_starvation,Musk Ox,-1,336,0,144,0,count:1
4590,stat_birth,Sectid,-1,336,0,144,0,count:1
4590,stat_starvation,Elk,-1,336,0,176,0,count:1
4590,stat_birth,Fish,-1,336,0,176,0,count:11
4590,stat_age_death,Fish,-1,336,0,176,0,count:1
4590,stat_kill,Fish,-1,336,0,176,0,count:14
4590,stat_birth,Sectid,-1,336,0,176,0,count:2
4590,stat_starvation,Musk Ox,-1,336,0,176,0,count:1
4590,stat_age_death,Fish,-1,336,0,208,0,count:1
4590,stat_kill,Fish,-1,336,0,208,0,count:11
4590,stat_birth,Sectid,-1,336,0,208,0,count:3
4590,stat_birth,Fish,-1,336,0,240,0,count:11
4590,stat_age_death,Fish,-1,336,0,240,0,count:1
4590,stat_kill,Fish,-1,336,0,240,0,count:13
4590,stat_birth,Sectid,-1,336,0,240,0,count:2
4590,stat_birth,Fish,-1,336,0,272,0,count:7
4590,stat_kill,Fish,-1,336,0,272,0,count:6
4590,stat_birth,Sectid,-1,336,0,272,0,count:1
4590,stat_starvation,Elk,-1,336,0,304,0,count:1
4590,stat_birth,Fish,-1,336,0,304,0,count:1
4590,stat_kill,Fish,-1,336,0,304,0,count:2
4590,stat_starvation,Elk,-1,336,0,336,0,count:1
4590,stat_starvation,Sectid,-1,336,0,400,0,count:1
4590,stat_starvation,Hawk,-1,368,0,16,0,count:1
4590,stat_starvation,Musk Ox,-1,368,0,48,0,count:1
4590,stat_starvation,Hawk,-1,368,0,48,0,count:1
4590,stat_starvation,Sectid,-1,368,0,48,0,count:2
4590,stat_kill,Musk Ox,-1,368,0,80,0,count:1
4590,stat_starvation,Deer,-1,368,0,112,0,count:1
4590,stat_birth,Fish,-1,368,0,112,0,count:3
4590,stat_kill,Fish,-1,368,0,112,0,count:4
4590,stat_starvation,Musk Ox,-1,368,0,112,0,count:1
4590,stat_birth,Sectid,-1,368,0,112,0,count:1
4590,stat_kill,Fish,-1,368,0,144,0,count:3
4590,stat_birth,Sectid,-1,368,0,144,0,count:1
4590,stat_age_death,Fish,-1,368,0,176,0,count:1
4590,stat_kill,Fish,-1,368,0,176,0,count:6
4590,stat_birth,Sectid,-1,368,0,176,0,count:1
4590,stat_age_death,Fish,-1,368,0,208,0,count:1
4590,stat_kill,Fish,-1,368,0,208,0,count:3
4590,stat_birth,Fish,-1,368,0,240,0,count:3
4590,stat_kill,Fish,-1,368,0,240,0,count:4
4590,stat_birth,Sectid,-1,368,0,240,0,count:2
4590,stat_birth,Fish,-1,368,0,272,0,count:4
4590,stat_kill,Fish,-1,368,0,272,0,count:4
4590,stat_birth,Sectid,-1,368,0,272,0,count:1
4590,stat_starvation,Sectid,-1,368,0,336,0,count:2
4590,stat_starvation,Musk Ox,-1,400,0,16,0,count:1
4590,stat_starvation,Hawk,-1,400,0,48,0,count:1
4590,stat_starvation,Musk Ox,-1,400,0,80,0,count:1
4590,stat_age_death,Arctic Fox,-1,400,0,112,0,count:1
4590,stat_kill,Fish,-1,400,0,112,0,count:1
4590,stat_birth,Fish,-1,400,0,144,0,count:9
4590,stat_age_death,Fish,-1,400,0,144,0,count:1
4590,stat_kill,Fish,-1,400,0,144,0,count:6
4590,stat_starvation,Musk Ox,-1,400,0,144,0,count:1
4590,stat_birth,Snake,-1,400,0,176,0,count:1
4590,stat_birth,Fish,-1,400,0,176,0,count:7
4590,stat_age_death,Fish,-1,400,0,176,0,count:1
4590,stat_kill,Fish,-1,400,0,176,0,count:3
4590,stat_kill,Shroomer,-1,400,0,208,0,count:1
4590,stat_starvation,Fish,-1,400,0,208,0,count:2
4590,stat_birth,Fish,-1,400,0,240,0,count:4
4590,stat_kill,Fish,-1,400,0,240,0,count:3
4590,stat_birth,Sectid,-1,400,0,240,0,count:1
4590,stat_birth,Fish,-1,400,0,272,0,count:1
4590,stat_starvation,Sectid,-1,400,0,336,0,count:2
4590,stat_starvation,Elk,-1,400,0,336,0,count:1
4590,stat_starvation,Elk,-1,400,0,432,0,count:1
4590,stat_starvation,Hawk,-1,432,0,16,0,count:1
4590,stat_starvation,Deer,-1,432,0,80,0,count:1
4590,stat_kill,Fish,-1,432,0,112,0,count:2
4590,stat_starvation,Elk,-1,432,0,144,0,count:1
4590,stat_kill,Fish,-1,432,0,144,0,count:2
4590,stat_birth,Fish,-1,432,0,176,0,count:10
4590,stat_age_death,Fish,-1,432,0,176,0,count:1
4590,stat_kill,Fish,-1,432,0,176,0,count:2
4590,stat_kill,Fish,-1,432,0,240,0,count:1
4590,stat_birth,Sectid,-1,432,0,240,0,count:1
4590,stat_birth,Fish,-1,432,0,272,0,count:1
4590,stat_starvation,Fish,-1,432,0,304,0,count:1
4590,stat_birth,Sectid,-1,432,0,336,0,count:1
4590,stat_birth,Fish,-1,464,0,112,0,count:1
4590,stat_kill,Fish,-1,464,0,112,0,count:1
4590,stat_kill,Fish,-1,464,0,144,0,count:1
4590,stat_birth,Fish,-1,464,0,176,0,count:4
4590,stat_birth,Fish,-1,464,0,208,0,count:1
4590,stat_age_death,Fish,-1,464,0,208,0,count:1
4590,stat_kill,Fish,-1,464,0,272,0,count:1
4590,stat_kill,Fish,-1,464,0,336,0,count:1
4590,stat_starvation,Elk,-1,464,0,336,0,count:1
4590,stat_starvation,Elk,-1,464,0,368,0,count:1
4590,stat_kill,Fish,-1,496,0,304,0,count:1
4590,stat_kill,Fish,-1,496,0,336,0,count:1
4590,stat_birth,Fish,-1,496,0,368,0,count:2
4590,stat_age_death,Fish,-1,496,0,368,0,count:1
4620,stat_starvation,Elk,-1,16,0,144,0,count:1
4620,stat_starvation,Deer,-1,16,0,144,0,count:1
4620,stat_starvation,Sectid,-1,16,0,208,0,count:1
4620,stat_birth,Fish,-1,16,0,240,0,count:1
4620,stat_kill,Fish,-1,16,0,240,0,count:1
4620,stat_birth,Fish,-1,16,0,272,0,count:1
4620,stat_kill,Fish,-1,16,0,272,0,count:2
4620,stat_starvation,Camel,-1,16,0,272,0,count:1
4620,stat_kill,Fish,-1,16,0,304,0,count:1
4620,stat_starvation,Elk,-1,48,0,16,0,count:1
4620,stat_starvation,Elk,-1,48,0,80,0,count:1
4620,stat_starvation,Deer,-1,48,0,112,0,count:1
4620,stat_starvation,Elk,-1,48,0,176,0,count:1
4620,stat_starvation,Sectid,-1,48,0,208,0,count:2
4620,stat_kill,Fish,-1,48,0,240,0,count:1
4620,stat_birth,Fish,-1,48,0,272,0,count:7
4620,stat_kill,Fish,-1,48,0,272,0,count:12
4620,stat_starvation,Deer,-1,48,0,272,0,count:1
4620,stat_kill,Fish,-1,48,0,304,0,count:1
4620,stat_birth,Musk Ox,-1,48,0,336,0,count:1
4620,stat_starvation,Camel,-1,48,0,336,0,count:1
4620,stat_starvation,Sectid,-1,48,0,368,0,count:1
4620,stat_starvation,Arctic Fox,-1,48,0,368,0,count:1
4620,stat_starvation,Elk,-1,80,0,48,0,count:1
4620,stat_starvation,Sectid,-1,80,0,48,0,count:1
4620,stat_starvation,Deer,-1,80,0,112,0,count:1
4620,stat_starvation,Deer,-1,80,0,144,0,count:1
4620,stat_starvation,Deer,-1,80,0,176,0,count:1
4620,stat_starvation,Elk,-1,80,0,176,0,count:1
4620,stat_starvation,Sectid,-1,80,0,208,0,count:1
4620,stat_starvation,Elk,-1,80,0,240,0,count:1
4620,stat_birth,Fish,-1,80,0,240,0,count:1
4620,stat_kill,Fish,-1,80,0,240,0,count:1
4620,stat_starvation,Camel,-1,80,0,240,0,count:1
4620,stat_kill,Fish,-1,80,0,272,0,count:1
4620,stat_starvation,Sectid,-1,80,0,336,0,count:1
4620,stat_starvation,Arctic Fox,-1,80,0,336,0,count:1
4620,stat_birth,Shroomer,-1,80,0,368,0,count:1
4620,stat_starvation,Sectid,-1,80,0,400,0,count:1
4620,stat_starvation,Sectid,-1,112,0,48,0,count:1
4620,stat_starvation,Elk,-1,112,0,144,0,count:1
4620,stat_birth,Sectid,-1,112,0,208,0,count:1
4620,stat_starvation,Sectid,-1,112,0,208,0,count:1
4620,stat_starvation,Camel,-1,112,0,208,0,count:1
4620,stat_starvation,Elk,-1,112,0,240,0,count:1
4620,stat_starvation,Camel,-1,112,0,240,0,count:1
4620,stat_starvation,Elk,-1,112,0,272,0,count:1
4620,stat_starvation,Camel,-1,112,0,304,0,count:1
4620,stat_starvation,Sectid,-1,112,0,304,0,count:1
4620,stat_starvation,Arctic Fox,-1,112,0,304,0,count:1
4620,stat_birth,Sectid,-1,112,0,336,0,count:1
4620,stat_starvation,Sectid,-1,112,0,336,0,count:1
4620,stat_starvation,Sectid,-1,112,0,368,0,count:1
4620,stat_starvation,Camel,-1,112,0,368,0,count:1
4620,stat_starvation,Sectid,-1,112,0,464,0,count:1
4620,stat_starvation,Camel,-1,112,0,464,0,count:1
4620,stat_starvation,Deer,-1,144,0,48,0,count:1
4620,stat_starvation,Sectid,-1,144,0,48,0,count:1
4620,stat_starvation,Elk,-1,144,0,48,0,count:1
4620,stat_starvation,Sectid,-1,144,0,80,0,count:1
4620,stat_starvation,Elk,-1,144,0,112,0,count:1
4620,stat_kill,Camel,-1,144,0,208,0,count:1
4620,stat_starvation,Sectid,-1,144,0,240,0,count:2
4620,stat_starvation,Camel,-1,144,0,240,0,count:1
4620,stat_kill,Elk,-1,144,0,272,0,count:1
4620,stat_starvation,Camel,-1,144,0,304,0,count:1
4620,stat_starvation,Elk,-1,144,0,304,0,count:1
4620,stat_starvation,Camel,-1,144,0,368,0,count:1
4620,stat_starvation,Camel,-1,144,0,400,0,count:1
4620,stat_starvation,Camel,-1,144,0,432,0,count:1
4620,stat_kill,Camel,-1,144,0,464,0,count:1
4620,stat_kill,Camel,-1,144,0,496,0,count:1
4620,stat_birth,Sectid,-1,176,0,80,0,count:1
4620,stat_starvation,Deer,-1,176,0,112,0,count:1
4620,stat_starvation,Elk,-1,176,0,112,0,count:1
4620,stat_starvation,Sectid,-1,176,0,112,0,count:1
4620,stat_starvation,Hawk,-1,176,0,112,0,count:1
4620,stat_starvation,Elk,-1,176,0,176,0,count:1
4620,stat_starvation,Sectid,-1,176,0,176,0,count:2
4620,stat_starvation,Camel,-1,176,0,208,0,count:1
4620,stat_starvation,Camel,-1,176,0,240,0,count:2
4620,stat_starvation,Elk,-1,176,0,240,0,count:1
4620,stat_starvation,Sectid,-1,176,0,272,0,count:2
4620,stat_starvation,Camel,-1,176,0,304,0,count:1
4620,stat_starvation,Sectid,-1,176,0,304,0,count:2
4620,stat_starvation,Camel,-1,176,0,336,0,count:1
4620,stat_starvation,Sectid,-1,176,0,336,0,count:3
4620,stat_kill,Shroomer,-1,176,0,368,0,count:1
4620,stat_starvation,Camel,-1,176,0,400,0,count:1
4620,stat_starvation,Camel,-1,176,0,464,0,count:1
4620,stat_starvation,Sectid,-1,208,0,16,0,count:1
4620,stat_starvation,Sectid,-1,208,0,80,0,count:1
4620,stat_starvation,Hawk,-1,208,0,80,0,count:1
4620,stat_starvation,Elk,-1,208,0,112,0,count:1
4620,stat_birth,Sectid,-1,208,0,112,0,count:1
4620,stat_starvation,Sectid,-1,208,0,112,0,count:1
4620,stat_kill,Deer,-1,208,0,144,0,count:1
4620,stat_starvation,Camel,-1,208,0,272,0,count:1
4620,stat_starvation,Camel,-1,208,0,304,0,count:1
4620,stat_kill,Fish,-1,208,0,304,0,count:1
4620,stat_birth,Fish,-1,208,0,336,0,count:1
4620,stat_starvation,Camel,-1,208,0,368,0,count:1
4620,stat_starvation,Sectid,-1,208,0,400,0,count:1
4620,stat_kill,Camel,-1,208,0,496,0,count:1
4620,stat_birth,Sectid,-1,240,0,16,0,count:1
4620,stat_starvation,Elk,-1,240,0,80,0,count:1
4620,stat_starvation,Hawk,-1,240,0,80,0,count:1
4620,stat_starvation,Deer,-1,240,0,112,0,count:1
4620,stat_starvation,Musk Ox,-1,240,0,112,0,count:1
4620,stat_starvation,Deer,-1,240,0,144,0,count:1
4620,stat_birth,Sectid,-1,240,0,144,0,count:1
4620,stat_starvation,Sectid,-1,240,0,144,0,count:1
4620,stat_starvation,Hawk,-1,240,0,144,0,count:1
4620,stat_starvation,Sectid,-1,240,0,176,0,count:1
4620,stat_birth,Fish,-1,240,0,304,0,count:2
4620,stat_kill,Fish,-1,240,0,304,0,count:5
4620,stat_birth,Fish,-1,240,0,336,0,count:1
4620,stat_kill,Fish,-1,240,0,336,0,count:3
4620,stat_starvation,Camel,-1,240,0,336,0,count:1
4620,stat_starvation,Sectid,-1,240,0,400,0,count:1
4620,stat_starvation,Musk Ox,-1,272,0,16,0,count:1
4620,stat_starvation,Hawk,-1,272,0,80,0,count:1
4620,stat_starvation,Deer,-1,272,0,112,0,count:1
4620,stat_starvation,Elk,-1,272,0,112,0,count:1
4620,stat_starvation,Sectid,-1,272,0,112,0,count:2
4620,stat_starvation,Hawk,-1,272,0,112,0,count:1
4620,stat_starvation,Elk,-1,272,0,144,0,count:1
4620,stat_kill,Fish,-1,272,0,144,0,count:1
4620,stat_kill,Fish,-1,272,0,176,0,count:1
4620,stat_birth,Fish,-1,272,0,304,0,count:4
4620,stat_age_death,Fish,-1,272,0,304,0,count:1
4620,stat_kill,Fish,-1,272,0,304,0,count:10
4620,stat_starvation,Camel,-1,272,0,304,0,count:1
4620,stat_birth,Fish,-1,272,0,336,0,count:6
4620,stat_kill,Fish,-1,272,0,336,0,count:7
4620,stat_starvation,Elk,-1,272,0,336,0,count:1
4620,stat_birth,Sectid,-1,272,0,336,0,count:1
4620,stat_starvation,Camel,-1,272,0,336,0,count:1
4620,stat_kill,Fish,-1,272,0,368,0,count:1
4620,stat_starvation,Hawk,-1,304,0,48,0,count:1
4620,stat_starvation,Deer,-1,304,0,48,0,count:1
4620,stat_starvation,Sectid,-1,304,0,48,0,count:1
4620,stat_starvation,Snake,-1,304,0,80,0,count:1
4620,stat_starvation,Hawk,-1,304,0,80,0,count:1
4620,stat_birth,Sectid,-1,304,0,80,0,count:1
4620,stat_starvation,Sectid,-1,304,0,80,0,count:1
4620,stat_starvation,Deer,-1,304,0,112,0,count:1
4620,stat_kill,Fish,-1,304,0,144,0,count:2
4620,stat_starvation,Elk,-1,304,0,144,0,count:1
4620,stat_kill,Fish,-1,304,0,176,0,count:5
4620,stat_birth,Sectid,-1,304,0,176,0,count:2
4620,stat_kill,Fish,-1,304,0,208,0,count:4
4620,stat_birth,Sectid,-1,304,0,208,0,count:2
4620,stat_birth,Fish,-1,304,0,272,0,count:2
4620,stat_kill,Fish,-1,304,0,272,0,count:3
4620,stat_birth,Sectid,-1,304,0,272,0,count:1
4620,stat_birth,Fish,-1,304,0,304,0,count:6
4620,stat_kill,Fish,-1,304,0,304,0,count:7
4620,stat_birth,Fish,-1,304,0,336,0,count:5
4620,stat_kill,Fish,-1,304,0,336,0,count:6
4620,stat_starvation,Sectid,-1,304,0,432,0,count:1
4620,stat_starvation,Deer,-1,336,0,16,0,count:1
4620,stat_starvation,Hawk,-1,336,0,16,0,count:2
4620,stat_birth,Sectid,-1,336,0,16,0,count:1
4620,stat_starvation,Hawk,-1,336,0,48,0,count:2
4620,stat_birth,Sectid,-1,336,0,48,0,count:1
4620,stat_starvation,Sectid,-1,336,0,48,0,count:1
4620,stat_starvation,Deer,-1,336,0,80,0,count:1
4620,stat_starvation,Sectid,-1,336,0,80,0,count:3
4620,stat_starvation,Arctic Fox,-1,336,0,80,0,count:1
4620,stat_birth,Fish,-1,336,0,112,0,count:1
4620,stat_birth,Fish,-1,336,0,144,0,count:1
4620,stat_kill,Fish,-1,336,0,144,0,count:4
4620,stat_starvation,Musk Ox,-1,336,0,144,0,count:1
4620,stat_birth,Sectid,-1,336,0,144,0,count:2
4620,stat_birth,Fish,-1,336,0,176,0,count:10
4620,stat_age_death,Fish,-1,336,0,176,0,count:1
4620,stat_kill,Fish,-1,336,0,176,0,count:15
4620,stat_birth,Sectid,-1,336,0,176,0,count:2
4620,stat_age_death,Sectid,-1,336,0,176,0,count:1
4620,stat_age_death,Fish,-1,336,0,208,0,count:1
4620,stat_kill,Fish,-1,336,0,208,0,count:11
4620,stat_birth,Sectid,-1,336,0,208,0,count:2
4620,stat_birth,Fish,-1,336,0,240,0,count:11
4620,stat_age_death,Fish,-1,336,0,240,0,count:1
4620,stat_kill,Fish,-1,336,0,240,0,count:13
4620,stat_birth,Sectid,-1,336,0,240,0,count:2
4620,stat_birth,Fish,-1,336,0,272,0,count:7
4620,stat_kill,Fish,-1,336,0,272,0,count:5
4620,stat_birth,Sectid,-1,336,0,272,0,count:1
4620,stat_kill,Fish,-1,336,0,304,0,count:1
4620,stat_birth,Fish,-1,336,0,336,0,count:1
4620,stat_kill,Fish,-1,336,0,336,0,count:1
4620,stat_starvation,Sectid,-1,336,0,400,0,count:1
4620,stat_starvation,Elk,-1,336,0,400,0,count:1
4620,stat_starvation,Musk Ox,-1,368,0,16,0,count:1
4620,stat_starvation,Deer,-1,368,0,16,0,count:1
4620,stat_starvation,Sectid,-1,368,0,48,0,count:2
4620,stat_birth,Fish,-1,368,0,112,0,count:2
4620,stat_kill,Fish,-1,368,0,112,0,count:3
4620,stat_kill,Fish,-1,368,0,144,0,count:4
4620,stat_starvation,Deer,-1,368,0,144,0,count:1
4620,stat_birth,Hawk,-1,368,0,144,0,count:1
4620,stat_birth,Sectid,-1,368,0,144,0,count:2
4620,stat_birth,Fish,-1,368,0,176,0,count:6
4620,stat_age_death,Fish,-1,368,0,176,0,count:1
4620,stat_kill,Fish,-1,368,0,176,0,count:6
4620,stat_birth,Sectid,-1,368,0,176,0,count:1
4620,stat_age_death,Fish,-1,368,0,208,0,count:1
4620,stat_kill,Fish,-1,368,0,208,0,count:4
4620,stat_birth,Sectid,-1,368,0,208,0,count:1
4620,stat_birth,Fish,-1,368,0,240,0,count:2
4620,stat_kill,Fish,-1,368,0,240,0,count:4
4620,stat_birth,Sectid,-1,368,0,240,0,count:2
4620,stat_birth,Fish,-1,368,0,272,0,count:5
4620,stat_kill,Fish,-1,368,0,272,0,count:3
4620,stat_birth,Sectid,-1,368,0,272,0,count:1
4620,stat_kill,Fish,-1,368,0,304,0,count:1
4620,stat_starvation,Sectid,-1,368,0,336,0,count:2
4620,stat_starvation,Elk,-1,368,0,432,0,count:1
4620,stat_starvation,Hawk,-1,400,0,48,0,count:1
4620,stat_starvation,Musk Ox,-1,400,0,80,0,count:1
4620,stat_birth,Fish,-1,400,0,80,0,count:1
4620,stat_starvation,Elk,-1,400,0,112,0,count:1
4620,stat_kill,Fish,-1,400,0,112,0,count:2
4620,stat_birth,Sectid,-1,400,0,112,0,count:1
4620,stat_birth,Fish,-1,400,0,144,0,count:8
4620,stat_age_death,Fish,-1,400,0,144,0,count:1
4620,stat_kill,Fish,-1,400,0,144,0,count:6
4620,stat_birth,Sectid,-1,400,0,144,0,count:1
4620,stat_birth,Snake,-1,400,0,176,0,count:1
4620,stat_birth,Jaguar,-1,400,0,176,0,count:1
4620,stat_birth,Fish,-1,400,0,176,0,count:6
4620,stat_age_death,Fish,-1,400,0,176,0,count:1
4620,stat_kill,Fish,-1,400,0,176,0,count:3
4620,stat_starvation,Fish,-1,400,0,208,0,count:1
4620,stat_birth,Fish,-1,400,0,240,0,count:5
4620,stat_kill,Fish,-1,400,0,240,0,count:3
4620,stat_kill,Fish,-1,400,0,272,0,count:1
4620,stat_kill,Elk,-1,400,0,304,0,count:1
4620,stat_starvation,Sectid,-1,400,0,336,0,count:2
4620,stat_kill,Elk,-1,400,0,368,0,count:1
4620,stat_starvation,Deer,-1,400,0,432,0,count:1
4620,stat_starvation,Hawk,-1,432,0,48,0,count:1
4620,stat_starvation,Elk,-1,432,0,48,0,count:1
4620,stat_starvation,Elk,-1,432,0,80,0,count:1
4620,stat_kill,Fish,-1,432,0,80,0,count:1
4620,stat_birth,Sectid,-1,432,0,80,0,count:1
4620,stat_kill,Fish,-1,432,0,112,0,count:1
4620,stat_birth,Fish,-1,432,0,144,0,count:4
4620,stat_kill,Fish,-1,432,0,144,0,count:2
4620,stat_birth,Fish,-1,432,0,176,0,count:10
4620,stat_age_death,Fish,-1,432,0,176,0,count:1
4620,stat_kill,Fish,-1,432,0,176,0,count:1
4620,stat_kill,Fish,-1,432,0,208,0,count:1
4620,stat_birth,Fish,-1,432,0,240,0,count:1
4620,stat_kill,Fish,-1,432,0,240,0,count:1
4620,stat_birth,Fish,-1,432,0,272,0,count:1
4620,stat_kill,Fish,-1,432,0,272,0,count:1
4620,stat_starvation,Elk,-1,432,0,336,0,count:1
4620,stat_kill,Fish,-1,432,0,336,0,count:1
4620,stat_birth,Sectid,-1,432,0,368,0,count:1
4620,stat_starvation,Elk,-1,432,0,432,0,count:1
4620,stat_starvation,Deer,-1,432,0,464,0,count:1
4620,stat_starvation,Elk,-1,432,0,464,0,count:1
4620,stat_starvation,Elk,-1,432,0,496,0,count:1
4620,stat_kill,Shroomer,-1,464,0,48,0,count:1
4620,stat_birth,Fish,-1,464,0,112,0,count:1
4620,stat_birth,Fish,-1,464,0,176,0,count:3
4620,stat_birth,Fish,-1,464,0,208,0,count:2
4620,stat_kill,Fish,-1,464,0,304,0,count:1
4620,stat_kill,Fish,-1,464,0,336,0,count:1
4620,stat_birth,Sectid,-1,464,0,336,0,count:1
4620,stat_starvation,Elk,-1,464,0,400,0,count:1
4620,stat_starvation,Elk,-1,464,0,432,0,count:1
4620,stat_kill,Fish,-1,496,0,272,0,count:1
4620,stat_kill,Fish,-1,496,0,304,0,count:1
4620,stat_birth,Fish,-1,496,0,368,0,count:3
4620,stat_starvation,Elk,-1,496,0,400,0,count:1
4650,stat_starvation,Elk,-1,16,0,48,0,count:1
4650,stat_birth,Sectid,-1,16,0,208,0,count:1
4650,stat_starvation,Sectid,-1,16,0,208,0,count:1
4650,stat_birth,Fish,-1,16,0,240,0,count:1
4650,stat_kill,Fish,-1,16,0,240,0,count:2
4650,stat_kill,Fish,-1,16,0,272,0,count:1
4650,stat_birth,Fish,-1,16,0,304,0,count:1
4650,stat_kill,Fish,-1,16,0,304,0,count:1
4650,stat_starvation,Camel,-1,16,0,336,0,count:1
4650,stat_starvation,Sectid,-1,16,0,336,0,count:1
4650,stat_starvation,Elk,-1,16,0,368,0,count:1
4650,stat_starvation,Arctic Fox,-1,16,0,368,0,count:1
4650,stat_starvation,Elk,-1,48,0,16,0,count:1
4650,stat_starvation,Elk,-1,48,0,48,0,count:1
4650,stat_starvation,Sectid,-1,48,0,80,0,count:1
4650,stat_starvation,Deer,-1,48,0,144,0,count:1
4650,stat_starvation,Elk,-1,48,0,144,0,count:1
4650,stat_starvation,Deer,-1,48,0,176,0,count:1
4650,stat_age_death,Sectid,-1,48,0,176,0,count:1
4650,stat_birth,Sectid,-1,48,0,208,0,count:1
4650,stat_starvation,Sectid,-1,48,0,208,0,count:1
4650,stat_starvation,Camel,-1,48,0,240,0,count:1
4650,stat_starvation,Elk,-1,48,0,240,0,count:1
4650,stat_birth,Fish,-1,48,0,240,0,count:1
4650,stat_birth,Fish,-1,48,0,272,0,count:6
4650,stat_kill,Fish,-1,48,0,272,0,count:13
4650,stat_starvation,Elk,-1,48,0,272,0,count:1
4650,stat_starvation,Camel,-1,48,0,272,0,count:1
4650,stat_starvation,Elk,-1,48,0,304,0,count:1
4650,stat_starvation,Arctic Fox,-1,48,0,336,0,count:1
4650,stat_starvation,Camel,-1,48,0,368,0,count:1
4650,stat_starvation,Sectid,-1,48,0,368,0,count:1
4650,stat_starvation,Arctic Fox,-1,48,0,368,0,count:1
4650,stat_starvation,Camel,-1,48,0,432,0,count:1
4650,stat_starvation,Sectid,-1,48,0,432,0,count:1
4650,stat_birth,Sectid,-1,80,0,48,0,count:1
4650,stat_birth,Sectid,-1,80,0,80,0,count:1
4650,stat_starvation,Sectid,-1,80,0,80,0,count:1
4650,stat_starvation,Deer,-1,80,0,112,0,count:1
4650,stat_starvation,Elk,-1,80,0,112,0,count:1
4650,stat_starvation,Sectid,-1,80,0,208,0,count:1
4650,stat_starvation,Elk,-1,80,0,208,0,count:1
4650,stat_starvation,Camel,-1,80,0,304,0,count:1
4650,stat_kill,Fish,-1,80,0,304,0,count:1
4650,stat_birth,Musk Ox,-1,80,0,336,0,count:1
4650,stat_starvation,Sectid,-1,80,0,336,0,count:2
4650,stat_starvation,Arctic Fox,-1,80,0,336,0,count:1
4650,stat_starvation,Arctic Fox,-1,80,0,368,0,count:2
4650,stat_starvation,Sectid,-1,80,0,400,0,count:1
4650,stat_starvation,Musk Ox,-1,112,0,48,0,count:1
4650,stat_starvation,Deer,-1,112,0,80,0,count:1
4650,stat_starvation,Elk,-1,112,0,80,0,count:1
4650,stat_starvation,Sectid,-1,112,0,80,0,count:1
4650,stat_starvation,Deer,-1,112,0,112,0,count:1
4650,stat_starvation,Elk,-1,112,0,144,0,count:1
4650,stat_starvation,Deer,-1,112,0,176,0,count:1
4650,stat_starvation,Elk,-1,112,0,176,0,count:1
4650,stat_starvation,Sectid,-1,112,0,208,0,count:1
4650,stat_kill,Camel,-1,112,0,272,0,count:1
4650,stat_starvation,Camel,-1,112,0,304,0,count:1
4650,stat_starvation,Sectid,-1,112,0,304,0,count:2
4650,stat_starvation,Arctic Fox,-1,112,0,304,0,count:1
4650,stat_starvation,Sectid,-1,112,0,336,0,count:1
4650,stat_birth,Sectid,-1,112,0,368,0,count:1
4650,stat_starvation,Sectid,-1,112,0,368,0,count:1
4650,stat_starvation,Sectid,-1,112,0,464,0,count:2
4650,stat_starvation,Camel,-1,112,0,464,0,count:1
4650,stat_starvation,Sectid,-1,144,0,16,0,count:1
4650,stat_starvation,Hawk,-1,144,0,16,0,count:1
4650,stat_starvation,Sectid,-1,144,0,48,0,count:1
4650,stat_starvation,Musk Ox,-1,144,0,48,0,count:1
4650,stat_birth,Sectid,-1,144,0,112,0,count:1
4650,stat_starvation,Sectid,-1,144,0,112,0,count:1
4650,stat_starvation,Sectid,-1,144,0,240,0,count:1
4650,stat_kill,Turtle,-1,144,0,304,0,count:1
4650,stat_starvation,Camel,-1,144,0,304,0,count:1
4650,stat_starvation,Camel,-1,144,0,336,0,count:1
4650,stat_starvation,Camel,-1,144,0,368,0,count:1
4650,stat_starvation,Camel,-1,144,0,400,0,count:1
4650,stat_starvation,Deer,-1,176,0,48,0,count:1
4650,stat_starvation,Elk,-1,176,0,48,0,count:1
4650,stat_starvation,Musk Ox,-1,176,0,48,0,count:1
4650,stat_starvation,Sectid,-1,176,0,80,0,count:1
4650,stat_starvation,Sectid,-1,176,0,112,0,count:1
4650,stat_starvation,Hawk,-1,176,0,112,0,count:1
4650,stat_starvation,Sectid,-1,176,0,144,0,count:1
4650,stat_starvation,Elk,-1,176,0,144,0,count:1
4650,stat_starvation,Sectid,-1,176,0,176,0,count:1
4650,stat_starvation,Elk,-1,176,0,208,0,count:1
4650,stat_starvation,Camel,-1,176,0,240,0,count:1
4650,stat_starvation,Sectid,-1,176,0,272,0,count:1
4650,stat_starvation,Camel,-1,176,0,272,0,count:2
4650,stat_starvation,Camel,-1,176,0,304,0,count:1
4650,stat_starvation,Sectid,-1,176,0,304,0,count:2
4650,stat_starvation,Sectid,-1,176,0,336,0,count:1
4650,stat_starvation,Camel,-1,176,0,400,0,count:1
4650,stat_starvation,Sectid,-1,176,0,400,0,count:1
4650,stat_starvation,Camel,-1,176,0,432,0,count:2
4650,stat_starvation,Sectid,-1,176,0,432,0,count:1
4650,stat_starvation,Camel,-1,176,0,464,0,count:1
4650,stat_kill,Elk,-1,208,0,16,0,count:1
4650,stat_starvation,Musk Ox,-1,208,0,48,0,count:1
4650,stat_starvation,Elk,-1,208,0,48,0,count:1
4650,stat_starvation,Hawk,-1,208,0,48,0,count:1
4650,stat_starvation,Sectid,-1,208,0,80,0,count:1
4650,stat_starvation,Hawk,-1,208,0,80,0,count:1
4650,stat_starvation,Elk,-1,208,0,112,0,count:1
4650,stat_starvation,Deer,-1,208,0,112,0,count:1
4650,stat_starvation,Elk,-1,208,0,144,0,count:1
4650,stat_starvation,Elk,-1,208,0,176,0,count:1
4650,stat_kill,Fish,-1,208,0,272,0,count:1
4650,stat_starvation,Camel,-1,208,0,304,0,count:2
4650,stat_kill,Fish,-1,208,0,336,0,count:1
4650,stat_starvation,Camel,-1,208,0,368,0,count:1
4650,stat_starvation,Sectid,-1,208,0,400,0,count:1
4650,stat_starvation,Camel,-1,208,0,400,0,count:1
4650,stat_starvation,Camel,-1,208,0,432,0,count:1
4650,stat_starvation,Camel,-1,208,0,464,0,count:1
4650,stat_kill,Deer,-1,240,0,16,0,count:1
4650,stat_starvation,Sectid,-1,240,0,16,0,count:1
4650,stat_starvation,Sectid,-1,240,0,48,0,count:1
4650,stat_starvation,Hawk,-1,240,0,48,0,count:1
4650,stat_starvation,Elk,-1,240,0,80,0,count:1
4650,stat_starvation,Musk Ox,-1,240,0,80,0,count:1
4650,stat_starvation,Elk,-1,240,0,112,0,count:1
4650,stat_starvation,Deer,-1,240,0,144,0,count:1
4650,stat_starvation,Elk,-1,240,0,144,0,count:1
4650,stat_starvation,Sectid,-1,240,0,144,0,count:2
4650,stat_starvation,Hawk,-1,240,0,144,0,count:2
4650,stat_starvation,Sectid,-1,240,0,176,0,count:1
4650,stat_starvation,Elk,-1,240,0,176,0,count:1
4650,stat_birth,Fish,-1,240,0,304,0,count:2
4650,stat_kill,Fish,-1,240,0,304,0,count:5
4650,stat_starvation,Camel,-1,240,0,304,0,count:1
4650,stat_birth,Fish,-1,240,0,336,0,count:1
4650,stat_kill,Fish,-1,240,0,336,0,count:2
4650,stat_starvation,Camel,-1,240,0,336,0,count:1
4650,stat_starvation,Camel,-1,240,0,368,0,count:1
4650,stat_kill,Fish,-1,240,0,368,0,count:1
4650,stat_starvation,Sectid,-1,240,0,400,0,count:1
4650,stat_birth,Sectid,-1,272,0,48,0,count:1
4650,stat_starvation,Sectid,-1,272,0,48,0,count:1
4650,stat_starvation,Sectid,-1,272,0,80,0,count:1
4650,stat_starvation,Hawk,-1,272,0,80,0,count:1
4650,stat_starvation,Deer,-1,272,0,112,0,count:1
4650,stat_starvation,Elk,-1,272,0,112,0,count:1
4650,stat_starvation,Sectid,-1,272,0,112,0,count:2
4650,stat_starvation,Hawk,-1,272,0,112,0,count:2
4650,stat_starvation,Deer,-1,272,0,144,0,count:1
4650,stat_starvation,Elk,-1,272,0,144,0,count:1
4650,stat_birth,Fish,-1,272,0,304,0,count:12
4650,stat_age_death,Fish,-1,272,0,304,0,count:1
4650,stat_kill,Fish,-1,272,0,304,0,count:10
4650,stat_birth,Fish,-1,272,0,336,0,count:6
4650,stat_kill,Fish,-1,272,0,336,0,count:7
4650,stat_starvation,Elk,-1,272,0,336,0,count:1
4650,stat_birth,Fish,-1,272,0,368,0,count:1
4650,stat_kill,Fish,-1,272,0,368,0,count:1
4650,stat_starvation,Camel,-1,272,0,368,0,count:1
4650,stat_age_death,Sectid,-1,272,0,400,0,count:1
4650,stat_birth,Sectid,-1,304,0,16,0,count:1
4650,stat_starvation,Sectid,-1,304,0,48,0,count:1
4650,stat_starvation,Hawk,-1,304,0,80,0,count:1
4650,stat_starvation,Sectid,-1,304,0,80,0,count:1
4650,stat_starvation,Deer,-1,304,0,112,0,count:1
4650,stat_starvation,Musk Ox,-1,304,0,112,0,count:1
4650,stat_starvation,Deer,-1,304,0,144,0,count:1
4650,stat_birth,Fish,-1,304,0,144,0,count:1
4650,stat_kill,Fish,-1,304,0,144,0,count:2
4650,stat_starvation,Musk Ox,-1,304,0,144,0,count:1
4650,stat_birth,Sectid,-1,304,0,144,0,count:1
4650,stat_kill,Fish,-1,304,0,176,0,count:5
4650,stat_birth,Sectid,-1,304,0,176,0,count:1
4650,stat_kill,Fish,-1,304,0,208,0,count:4
4650,stat_birth,Sectid,-1,304,0,208,0,count:2
4650,stat_birth,Snake,-1,304,0,272,0,count:1
4650,stat_birth,Fish,-1,304,0,272,0,count:1
4650,stat_kill,Fish,-1,304,0,272,0,count:4
4650,stat_birth,Sectid,-1,304,0,272,0,count:1
4650,stat_birth,Fish,-1,304,0,304,0,count:6
4650,stat_kill,Fish,-1,304,0,304,0,count:7
4650,stat_birth,Sectid,-1,304,0,304,0,count:1
4650,stat_starvation,Camel,-1,304,0,304,0,count:1
4650,stat_starvation,Camel,-1,304,0,336,0,count:1
4650,stat_birth,Fish,-1,304,0,336,0,count:5
4650,stat_kill,Fish,-1,304,0,336,0,count:6
4650,stat_starvation,Elk,-1,304,0,336,0,count:1
4650,stat_birth,Sectid,-1,304,0,336,0,count:1
4650,stat_kill,Fish,-1,304,0,368,0,count:1
4650,stat_starvation,Sectid,-1,304,0,400,0,count:1
4650,stat_starvation,Sectid,-1,336,0,16,0,count:1
4650,stat_starvation,Hawk,-1,336,0,48,0,count:1
4650,stat_starvation,Sectid,-1,336,0,48,0,count:1
4650,stat_birth,Sectid,-1,336,0,80,0,count:1
4650,stat_starvation,Sectid,-1,336,0,80,0,count:3
4650,stat_starvation,Arctic Fox,-1,336,0,80,0,count:1
4650,stat_starvation,Musk Ox,-1,336,0,112,0,count:1
4650,stat_kill,Fish,-1,336,0,112,0,count:1
4650,stat_birth,Fish,-1,336,0,144,0,count:1
4650,stat_kill,Fish,-1,336,0,144,0,count:3
4650,stat_starvation,Musk Ox,-1,336,0,144,0,count:1
4650,stat_birth,Sectid,-1,336,0,144,0,count:1
4650,stat_birth,Fish,-1,336,0,176,0,count:9
4650,stat_age_death,Fish,-1,336,0,176,0,count:1
4650,stat_kill,Fish,-1,336,0,176,0,count:15
4650,stat_birth,Sectid,-1,336,0,176,0,count:2
4650,stat_age_death,Fish,-1,336,0,208,0,count:1
4650,stat_kill,Fish,-1,336,0,208,0,count:12
4650,stat_birth,Sectid,-1,336,0,208,0,count:3
4650,stat_birth,Fish,-1,336,0,240,0,count:10
4650,stat_age_death,Fish,-1,336,0,240,0,count:1
4650,stat_kill,Fish,-1,336,0,240,0,count:13
4650,stat_birth,Sectid,-1,336,0,240,0,count:2
4650,stat_age_death,Sectid,-1,336,0,240,0,count:1
4650,stat_birth,Fish,-1,336,0,272,0,count:7
4650,stat_kill,Fish,-1,336,0,272,0,count:6
4650,stat_starvation,Elk,-1,336,0,304,0,count:1
4650,stat_birth,Fish,-1,336,0,304,0,count:1
4650,stat_kill,Fish,-1,336,0,304,0,count:1
4650,stat_kill,Fish,-1,336,0,336,0,count:1
4650,stat_starvation,Sectid,-1,336,0,464,0,count:1
4650,stat_starvation,Deer,-1,368,0,48,0,count:1
4650,stat_starvation,Hawk,-1,368,0,48,0,count:1
4650,stat_starvation,Sectid,-1,368,0,48,0,count:1
4650,stat_starvation,Deer,-1,368,0,112,0,count:1
4650,stat_birth,Fish,-1,368,0,112,0,count:3
4650,stat_kill,Fish,-1,368,0,112,0,count:4
4650,stat_starvation,Musk Ox,-1,368,0,112,0,count:1
4650,stat_birth,Sectid,-1,368,0,112,0,count:1
4650,stat_kill,Fish,-1,368,0,144,0,count:3
4650,stat_birth,Sectid,-1,368,0,144,0,count:2
4650,stat_birth,Fish,-1,368,0,176,0,count:7
4650,stat_age_death,Fish,-1,368,0,176,0,count:1
4650,stat_kill,Fish,-1,368,0,176,0,count:6
4650,stat_birth,Sectid,-1,368,0,176,0,count:1
4650,stat_age_death,Fish,-1,368,0,208,0,count:1
4650,stat_kill,Fish,-1,368,0,208,0,count:4
4650,stat_birth,Sectid,-1,368,0,208,0,count:1
4650,stat_birth,Fish,-1,368,0,240,0,count:3
4650,stat_kill,Fish,-1,368,0,240,0,count:4
4650,stat_birth,Sectid,-1,368,0,240,0,count:2
4650,stat_birth,Fish,-1,368,0,272,0,count:4
4650,stat_kill,Fish,-1,368,0,272,0,count:4
4650,stat_birth,Sectid,-1,368,0,272,0,count:1
4650,stat_starvation,Sectid,-1,368,0,336,0,count:2
4650,stat_starvation,Elk,-1,368,0,336,0,count:1
4650,stat_starvation,Hawk,-1,400,0,48,0,count:1
4650,stat_starvation,Musk Ox,-1,400,0,80,0,count:1
4650,stat_kill,Fish,-1,400,0,80,0,count:1
4650,stat_kill,Fish,-1,400,0,112,0,count:2
4650,stat_birth,Sectid,-1,400,0,112,0,count:1
4650,stat_birth,Fish,-1,400,0,144,0,count:9
4650,stat_age_death,Fish,-1,400,0,144,0,count:1
4650,stat_kill,Fish,-1,400,0,144,0,count:7
4650,stat_starvation,Elk,-1,400,0,144,0,count:1
4650,stat_birth,Sectid,-1,400,0,144,0,count:1
4650,stat_birth,Snake,-1,400,0,176,0,count:1
4650,stat_birth,Fish,-1,400,0,176,0,count:6
4650,stat_age_death,Fish,-1,400,0,176,0,count:1
4650,stat_kill,Fish,-1,400,0,176,0,count:4
4650,stat_birth,Sectid,-1,400,0,176,0,count:1
4650,stat_starvation,Fish,-1,400,0,208,0,count:2
4650,stat_birth,Sectid,-1,400,0,208,0,count:1
4650,stat_birth,Fish,-1,400,0,240,0,count:5
4650,stat_kill,Fish,-1,400,0,240,0,count:3
4650,stat_birth,Sectid,-1,400,0,240,0,count:1
4650,stat_birth,Fish,-1,400,0,272,0,count:1
4650,stat_kill,Fish,-1,400,0,272,0,count:1
4650,stat_starvation,Sectid,-1,400,0,336,0,count:1
4650,stat_starvation,Elk,-1,400,0,336,0,count:1
4650,stat_starvation,Deer,-1,400,0,400,0,count:1
4650,stat_starvation,Elk,-1,400,0,464,0,count:1
4650,stat_starvation,Deer,-1,432,0,48,0,count:1
4650,stat_kill,Fish,-1,432,0,112,0,count:2
4650,stat_starvation,Elk,-1,432,0,144,0,count:2
4650,stat_birth,Fish,-1,432,0,144,0,count:4
4650,stat_kill,Fish,-1,432,0,144,0,count:2
4650,stat_birth,Fish,-1,432,0,176,0,count:10
4650,stat_age_death,Fish,-1,432,0,176,0,count:1
4650,stat_kill,Fish,-1,432,0,176,0,count:2
4650,stat_birth,Fish,-1,432,0,240,0,count:1
4650,stat_kill,Fish,-1,432,0,272,0,count:1
4650,stat_birth,Sectid,-1,432,0,272,0,count:1
4650,stat_birth,Sectid,-1,432,0,304,0,count:1
4650,stat_starvation,Elk,-1,432,0,368,0,count:1
4650,stat_birth,Fish,-1,432,0,368,0,count:1
4650,stat_birth,Fish,-1,464,0,112,0,count:2
4650,stat_kill,Fish,-1,464,0,112,0,count:1
4650,stat_birth,Fish,-1,464,0,176,0,count:5
4650,stat_age_death,Fish,-1,464,0,176,0,count:1
4650,stat_birth,Fish,-1,464,0,208,0,count:1
4650,stat_birth,Fish,-1,464,0,272,0,count:1
4650,stat_kill,Fish,-1,464,0,272,0,count:1
4650,stat_birth,Sectid,-1,464,0,272,0,count:1
4650,stat_kill,Fish,-1,464,0,304,0,count:1
4650,stat_birth,Sectid,-1,464,0,304,0,count:1
4650,stat_kill,Fish,-1,464,0,336,0,count:1
4650,stat_starvation,Elk,-1,464,0,336,0,count:1
4650,stat_starvation,Elk,-1,464,0,368,0,count:1
4650,stat_kill,Fish,-1,464,0,368,0,count:1
4650,stat_starvation,Elk,-1,464,0,400,0,count:1
4650,stat_kill,Fish,-1,496,0,304,0,count:1
4650,stat_kill,Fish,-1,496,0,336,0,count:1
4650,stat_birth,Fish,-1,496,0,368,0,count:2
4680,stat_kill,Musk Ox,-1,16,0,80,0,count:1
4680,stat_starvation,Deer,-1,16,0,176,0,count:1
4680,stat_starvation,Sectid,-1,16,0,208,0,count:2
4680,stat_kill,Fish,-1,16,0,240,0,count:1
4680,stat_birth,Fish,-1,16,0,272,0,count:1
4680,stat_kill,Fish,-1,16,0,272,0,count:1
4680,stat_starvation,Camel,-1,16,0,272,0,count:1
4680,stat_kill,Fish,-1,16,0,304,0,count:1
4680,stat_starvation,Sectid,-1,16,0,336,0,count:1
4680,stat_starvation,Sectid,-1,16,0,368,0,count:1
4680,stat_starvation,Arctic Fox,-1,16,0,368,0,count:1
4680,stat_starvation,Sectid,-1,16,0,400,0,count:1
4680,stat_starvation,Elk,-1,48,0,48,0,count:1
4680,stat_starvation,Sectid,-1,48,0,80,0,count:1
4680,stat_starvation,Musk Ox,-1,48,0,80,0,count:1
4680,stat_starvation,Deer,-1,48,0,112,0,count:1
4680,stat_starvation,Elk,-1,48,0,112,0,count:1
4680,stat_starvation,Deer,-1,48,0,176,0,count:1
4680,stat_starvation,Elk,-1,48,0,176,0,count:1
4680,stat_starvation,Sectid,-1,48,0,208,0,count:1
4680,stat_kill,Fish,-1,48,0,240,0,count:1
4680,stat_birth,Fish,-1,48,0,272,0,count:6
4680,stat_kill,Fish,-1,48,0,272,0,count:12
4680,stat_starvation,Camel,-1,48,0,304,0,count:1
4680,stat_starvation,Arctic Fox,-1,48,0,336,0,count:1
4680,stat_starvation,Sectid,-1,48,0,336,0,count:1
4680,stat_starvation,Sectid,-1,48,0,368,0,count:1
4680,stat_starvation,Elk,-1,48,0,400,0,count:1
4680,stat_starvation,Sectid,-1,48,0,400,0,count:1
4680,stat_starvation,Sectid,-1,48,0,432,0,count:1
4680,stat_starvation,Elk,-1,80,0,16,0,count:1
4680,stat_starvation,Elk,-1,80,0,48,0,count:1
4680,stat_starvation,Sectid,-1,80,0,48,0,count:1
4680,stat_starvation,Elk,-1,80,0,80,0,count:1
4680,stat_starvation,Sectid,-1,80,0,80,0,count:1
4680,stat_starvation,Deer,-1,80,0,144,0,count:1
4680,stat_starvation,Deer,-1,80,0,176,0,count:1
4680,stat_starvation,Elk,-1,80,0,176,0,count:1
4680,stat_starvation,Sectid,-1,80,0,208,0,count:2
4680,stat_kill,Fish,-1,80,0,240,0,count:1
4680,stat_starvation,Camel,-1,80,0,304,0,count:1
4680,stat_starvation,Sectid,-1,80,0,336,0,count:2
4680,stat_starvation,Arctic Fox,-1,80,0,336,0,count:1
4680,stat_starvation,Camel,-1,80,0,368,0,count:1
4680,stat_starvation,Arctic Fox,-1,80,0,368,0,count:1
4680,stat_starvation,Camel,-1,80,0,400,0,count:1
4680,stat_birth,Sectid,-1,80,0,400,0,count:1
4680,stat_kill,Shroomer,-1,80,0,432,0,count:1
4680,stat_starvation,Elk,-1,112,0,48,0,count:1
4680,stat_starvation,Sectid,-1,112,0,48,0,count:1
4680,stat_starvation,Deer,-1,112,0,144,0,count:1
4680,stat_birth,Turtle,-1,112,0,176,0,count:1
4680,stat_starvation,Sectid,-1,112,0,208,0,count:1
4680,stat_starvation,Camel,-1,112,0,208,0,count:1
4680,stat_starvation,Elk,-1,112,0,240,0,count:1
4680,stat_starvation,Elk,-1,112,0,304,0,count:1
4680,stat_starvation,Sectid,-1,112,0,304,0,count:1
4680,stat_starvation,Arctic Fox,-1,112,0,304,0,count:1
4680,stat_starvation,Sectid,-1,112,0,336,0,count:2
4680,stat_starvation,Sectid,-1,112,0,368,0,count:2
4680,stat_starvation,Camel,-1,112,0,368,0,count:1
4680,stat_starvation,Camel,-1,112,0,432,0,count:2
4680,stat_starvation,Sectid,-1,144,0,16,0,count:1
4680,stat_starvation,Hawk,-1,144,0,16,0,count:2
4680,stat_birth,Sectid,-1,144,0,48,0,count:1
4680,stat_starvation,Sectid,-1,144,0,48,0,count:1
4680,stat_starvation,Elk,-1,144,0,48,0,count:1
4680,stat_starvation,Sectid,-1,144,0,112,0,count:1
4680,stat_kill,Shroomer,-1,144,0,208,0,count:1
4680,stat_birth,Sectid,-1,144,0,240,0,count:1
4680,stat_starvation,Sectid,-1,144,0,240,0,count:1
4680,stat_starvation,Camel,-1,144,0,240,0,count:1
4680,stat_starvation,Elk,-1,144,0,240,0,count:1
4680,stat_starvation,Camel,-1,144,0,272,0,count:1
4680,stat_kill,Musk Ox,-1,176,0,16,0,count:1
4680,stat_starvation,Elk,-1,176,0,48,0,count:2
4680,stat_starvation,Hawk,-1,176,0,112,0,count:1
4680,stat_starvation,Sectid,-1,176,0,144,0,count:1
4680,stat_starvation,Hawk,-1,176,0,144,0,count:1
4680,stat_starvation,Deer,-1,176,0,176,0,count:1
4680,stat_starvation,Camel,-1,176,0,208,0,count:1
4680,stat_starvation,Elk,-1,176,0,240,0,count:1
4680,stat_starvation,Sectid,-1,176,0,272,0,count:1
4680,stat_starvation,Camel,-1,176,0,304,0,count:1
4680,stat_starvation,Sectid,-1,176,0,304,0,count:1
4680,stat_starvation,Sectid,-1,176,0,336,0,count:2
4680,stat_starvation,Camel,-1,176,0,368,0,count:1
4680,stat_starvation,Sectid,-1,176,0,400,0,count:1
4680,stat_starvation,Sectid,-1,176,0,432,0,count:1
4680,stat_starvation,Camel,-1,176,0,464,0,count:1
4680,stat_starvation,Deer,-1,208,0,48,0,count:1
4680,stat_starvation,Elk,-1,208,0,80,0,count:1
4680,stat_starvation,Deer,-1,208,0,80,0,count:1
4680,stat_starvation,Sectid,-1,208,0,80,0,count:1
4680,stat_starvation,Hawk,-1,208,0,80,0,count:2
4680,stat_starvation,Sectid,-1,208,0,112,0,count:1
4680,stat_starvation,Elk,-1,208,0,176,0,count:1
4680,stat_starvation,Camel,-1,208,0,272,0,count:1
4680,stat_starvation,Camel,-1,208,0,304,0,count:1
4680,stat_birth,Fish,-1,208,0,304,0,count:1
4680,stat_kill,Fish,-1,208,0,304,0,count:1
4680,stat_starvation,Camel,-1,208,0,336,0,count:1
4680,stat_kill,Fish,-1,208,0,336,0,count:1
4680,stat_starvation,Sectid,-1,208,0,400,0,count:1
4680,stat_starvation,Camel,-1,208,0,432,0,count:1
4680,stat_starvation,Camel,-1,208,0,464,0,count:1
4680,stat_birth,Sectid,-1,240,0,48,0,count:1
4680,stat_starvation,Elk,-1,240,0,80,0,count:1
4680,stat_starvation,Hawk,-1,240,0,80,0,count:1
4680,stat_starvation,Musk Ox,-1,240,0,112,0,count:1
4680,stat_starvation,Sectid,-1,240,0,144,0,count:2
4680,stat_starvation,Hawk,-1,240,0,144,0,count:1
4680,stat_starvation,Sectid,-1,240,0,176,0,count:2
4680,stat_starvation,Elk,-1,240,0,176,0,count:1
4680,stat_birth,Fish,-1,240,0,304,0,count:1
4680,stat_kill,Fish,-1,240,0,304,0,count:5
4680,stat_kill,Fish,-1,240,0,336,0,count:2
4680,stat_age_death,Sectid,-1,240,0,336,0,count:1
4680,stat_starvation,Camel,-1,240,0,368,0,count:1
4680,stat_starvation,Sectid,-1,240,0,400,0,count:2
4680,stat_kill,Deer,-1,272,0,80,0,count:1
4680,stat_starvation,Elk,-1,272,0,112,0,count:1
4680,stat_starvation,Sectid,-1,272,0,112,0,count:2
4680,stat_starvation,Hawk,-1,272,0,112,0,count:1
4680,stat_starvation,Musk Ox,-1,272,0,144,0,count:1
4680,stat_kill,Fish,-1,272,0,176,0,count:1
4680,stat_starvation,Elk,-1,272,0,176,0,count:1
4680,stat_birth,Fish,-1,272,0,304,0,count:11
4680,stat_kill,Fish,-1,272,0,304,0,count:10
4680,stat_birth,Fish,-1,272,0,336,0,count:6
4680,stat_kill,Fish,-1,272,0,336,0,count:7
4680,stat_starvation,Camel,-1,272,0,368,0,count:1
4680,stat_kill,Deer,-1,304,0,16,0,count:1
4680,stat_starvation,Hawk,-1,304,0,48,0,count:1
4680,stat_starvation,Deer,-1,304,0,80,0,count:1
4680,stat_starvation,Hawk,-1,304,0,80,0,count:2
4680,stat_starvation,Sectid,-1,304,0,80,0,count:2
4680,stat_starvation,Musk Ox,-1,304,0,112,0,count:1
4680,stat_starvation,Deer,-1,304,0,144,0,count:1
4680,stat_kill,Fish,-1,304,0,144,0,count:2
4680,stat_starvation,Musk Ox,-1,304,0,144,0,count:1
4680,stat_starvation,Deer,-1,304,0,176,0,count:1
4680,stat_kill,Fish,-1,304,0,176,0,count:6
4680,stat_birth,Sectid,-1,304,0,176,0,count:1
4680,stat_kill,Fish,-1,304,0,208,0,count:4
4680,stat_birth,Sectid,-1,304,0,208,0,count:2
4680,stat_birth,Fish,-1,304,0,272,0,count:2
4680,stat_kill,Fish,-1,304,0,272,0,count:3
4680,stat_birth,Sectid,-1,304,0,272,0,count:1
4680,stat_birth,Fish,-1,304,0,304,0,count:7
4680,stat_kill,Fish,-1,304,0,304,0,count:7
4680,stat_birth,Fish,-1,304,0,336,0,count:5
4680,stat_kill,Fish,-1,304,0,336,0,count:6
4680,stat_kill,Camel,-1,304,0,368,0,count:1
4680,stat_starvation,Sectid,-1,304,0,400,0,count:1
4680,stat_starvation,Hawk,-1,336,0,16,0,count:1
4680,stat_starvation,Sectid,-1,336,0,16,0,count:1
4680,stat_starvation,Hawk,-1,336,0,48,0,count:2
4680,stat_starvation,Sectid,-1,336,0,48,0,count:1
4680,stat_starvation,Musk Ox,-1,336,0,80,0,count:1
4680,stat_starvation,Sectid,-1,336,0,80,0,count:2
4680,stat_starvation,Deer,-1,336,0,112,0,count:1
4680,stat_starvation,Musk Ox,-1,336,0,112,0,count:1
4680,stat_starvation,Deer,-1,336,0,144,0,count:1
4680,stat_birth,Fish,-1,336,0,144,0,count:1
4680,stat_kill,Fish,-1,336,0,144,0,count:3
4680,stat_starvation,Musk Ox,-1,336,0,144,0,count:1
4680,stat_birth,Sectid,-1,336,0,144,0,count:1
4680,stat_birth,Fish,-1,336,0,176,0,count:26
4680,stat_age_death,Fish,-1,336,0,176,0,count:1
4680,stat_kill,Fish,-1,336,0,176,0,count:16
4680,stat_starvation,Deer,-1,336,0,176,0,count:1
4680,stat_birth,Sectid,-1,336,0,176,0,count:3
4680,stat_starvation,Musk Ox,-1,336,0,176,0,count:1
4680,stat_birth,Fish,-1,336,0,208,0,count:10
4680,stat_age_death,Fish,-1,336,0,208,0,count:1
4680,stat_kill,Fish,-1,336,0,208,0,count:12
4680,stat_birth,Sectid,-1,336,0,208,0,count:4
4680,stat_birth,Fish,-1,336,0,240,0,count:10
4680,stat_age_death,Fish,-1,336,0,240,0,count:1
4680,stat_kill,Fish,-1,336,0,240,0,count:14
4680,stat_birth,Sectid,-1,336,0,240,0,count:2
4680,stat_starvation,Elk,-1,336,0,272,0,count:1
4680,stat_birth,Fish,-1,336,0,272,0,count:7
4680,stat_kill,Fish,-1,336,0,272,0,count:6
4680,stat_birth,Sectid,-1,336,0,272,0,count:1
4680,stat_age_death,Sectid,-1,336,0,272,0,count:1
4680,stat_birth,Fish,-1,336,0,304,0,count:1
4680,stat_kill,Fish,-1,336,0,304,0,count:1
4680,stat_starvation,Sectid,-1,336,0,400,0,count:1
4680,stat_starvation,Hawk,-1,368,0,16,0,count:1
4680,stat_starvation,Sectid,-1,368,0,16,0,count:1
4680,stat_starvation,Hawk,-1,368,0,48,0,count:1
4680,stat_birth,Fish,-1,368,0,112,0,count:3
4680,stat_kill,Fish,-1,368,0,112,0,count:4
4680,stat_birth,Sectid,-1,368,0,112,0,count:1
4680,stat_kill,Fish,-1,368,0,144,0,count:4
4680,stat_birth,Sectid,-1,368,0,144,0,count:2
4680,stat_birth,Fish,-1,368,0,176,0,count:7
4680,stat_age_death,Fish,-1,368,0,176,0,count:1
4680,stat_kill,Fish,-1,368,0,176,0,count:7
4680,stat_birth,Sectid,-1,368,0,176,0,count:2
4680,stat_age_death,Fish,-1,368,0,208,0,count:1
4680,stat_kill,Fish,-1,368,0,208,0,count:4
4680,stat_birth,Sectid,-1,368,0,208,0,count:1
4680,stat_birth,Fish,-1,368,0,240,0,count:3
4680,stat_kill,Fish,-1,368,0,240,0,count:5
4680,stat_birth,Sectid,-1,368,0,240,0,count:3
4680,stat_birth,Fish,-1,368,0,272,0,count:5
4680,stat_kill,Fish,-1,368,0,272,0,count:4
4680,stat_birth,Sectid,-1,368,0,272,0,count:1
4680,stat_starvation,Elk,-1,368,0,304,0,count:1
4680,stat_starvation,Sectid,-1,368,0,336,0,count:2
4680,stat_starvation,Hawk,-1,400,0,16,0,count:1
4680,stat_starvation,Hawk,-1,400,0,48,0,count:1
4680,stat_starvation,Musk Ox,-1,400,0,80,0,count:1
4680,stat_kill,Fish,-1,400,0,112,0,count:1
4680,stat_birth,Sectid,-1,400,0,112,0,count:1
4680,stat_birth,Fish,-1,400,0,144,0,count:9
4680,stat_age_death,Fish,-1,400,0,144,0,count:1
4680,stat_kill,Fish,-1,400,0,144,0,count:7
4680,stat_kill,Shroomer,-1,400,0,144,0,count:1
4680,stat_birth,Hawk,-1,400,0,144,0,count:1
4680,stat_birth,Fish,-1,400,0,176,0,count:7
4680,stat_age_death,Fish,-1,400,0,176,0,count:1
4680,stat_kill,Fish,-1,400,0,176,0,count:3
4680,stat_starvation,Fish,-1,400,0,208,0,count:1
4680,stat_birth,Fish,-1,400,0,240,0,count:4
4680,stat_kill,Fish,-1,400,0,240,0,count:4
4680,stat_birth,Sectid,-1,400,0,240,0,count:1
4680,stat_birth,Fish,-1,400,0,272,0,count:1
4680,stat_kill,Fish,-1,400,0,272,0,count:1
4680,stat_birth,Sectid,-1,400,0,272,0,count:1
4680,stat_starvation,Sectid,-1,400,0,336,0,count:1
4680,stat_starvation,Elk,-1,400,0,336,0,count:1
4680,stat_starvation,Hawk,-1,432,0,16,0,count:1
4680,stat_starvation,Hawk,-1,432,0,48,0,count:1
4680,stat_starvation,Deer,-1,432,0,80,0,count:1
4680,stat_kill,Fish,-1,432,0,112,0,count:1
4680,stat_birth,Hawk,-1,432,0,112,0,count:1
4680,stat_birth,Sectid,-1,432,0,112,0,count:1
4680,stat_birth,Fish,-1,432,0,144,0,count:4
4680,stat_age_death,Fish,-1,432,0,144,0,count:1
4680,stat_kill,Fish,-1,432,0,144,0,count:2
4680,stat_birth,Fish,-1,432,0,176,0,count:10
4680,stat_age_death,Fish,-1,432,0,176,0,count:2
4680,stat_kill,Fish,-1,432,0,176,0,count:2
4680,stat_kill,Fish,-1,432,0,208,0,count:1
4680,stat_birth,Sectid,-1,432,0,208,0,count:1
4680,stat_birth,Fish,-1,432,0,240,0,count:1
4680,stat_kill,Fish,-1,432,0,240,0,count:1
4680,stat_birth,Sectid,-1,432,0,240,0,count:1
4680,stat_birth,Fish,-1,432,0,272,0,count:1
4680,stat_starvation,Elk,-1,432,0,336,0,count:1
4680,stat_starvation,Elk,-1,432,0,368,0,count:1
4680,stat_birth,Fish,-1,464,0,112,0,count:1
4680,stat_kill,Fish,-1,464,0,112,0,count:1
4680,stat_birth,Fish,-1,464,0,176,0,count:4
4680,stat_birth,Fish,-1,464,0,208,0,count:2
4680,stat_birth,Fish,-1,464,0,272,0,count:1
4680,stat_kill,Fish,-1,464,0,272,0,count:1
4680,stat_kill,Fish,-1,464,0,304,0,count:2
4680,stat_kill,Sectid,-1,464,0,304,0,count:1
4680,stat_kill,Fish,-1,464,0,336,0,count:1
4680,stat_starvation,Elk,-1,464,0,336,0,count:1
4680,stat_starvation,Elk,-1,464,0,368,0,count:2
4680,stat_birth,Fish,-1,496,0,304,0,count:2
4680,stat_kill,Fish,-1,496,0,304,0,count:2
4680,stat_starvation,Elk,-1,496,0,368,0,count:1
4680,stat_birth,Fish,-1,496,0,368,0,count:3
4680,stat_starvation,Elk,-1,496,0,496,0,count:1
4691,reproduce,Rabbit,27,300,9,224,0,offspring:2
4693,reproduce,Rabbit,167,296,6,235,9,offspring:2
4693,reproduce,Rabbit,333,297,2,239,8,offspring:2
4693,reproduce,Rabbit,334,282,5,239,3,offspring:2
4693,reproduce,Rabbit,398,300,3,255,6,offspring:2
4693,reproduce,Rabbit,715,293,1,252,9,offspring:2
4693,reproduce,Rabbit,805,285,0,234,1,offspring:2
4693,reproduce,Rabbit,809,291,5,252,3,offspring:2
4710,stat_starvation,Elk,-1,16,0,48,0,count:1
4710,stat_starvation,Deer,-1,16,0,144,0,count:1
4710,stat_starvation,Elk,-1,16,0,176,0,count:1
4710,stat_starvation,Sectid,-1,16,0,208,0,count:1
4710,stat_starvation,Elk,-1,16,0,208,0,count:1
4710,stat_birth,Fish,-1,16,0,240,0,count:1
4710,stat_kill,Fish,-1,16,0,240,0,count:1
4710,stat_starvation,Deer,-1,16,0,240,0,count:1
4710,stat_kill,Fish,-1,16,0,272,0,count:1
4710,stat_birth,Deer,-1,16,0,304,0,count:1
4710,stat_starvation,Camel,-1,16,0,304,0,count:1
4710,stat_birth,Fish,-1,16,0,304,0,count:1
4710,stat_kill,Fish,-1,16,0,304,0,count:1
4710,stat_starvation,Camel,-1,16,0,336,0,count:1
4710,stat_starvation,Sectid,-1,16,0,336,0,count:2
4710,stat_birth,Sectid,-1,16,0,368,0,count:1
4710,stat_starvation,Elk,-1,48,0,16,0,count:1
4710,stat_starvation,Sectid,-1,48,0,80,0,count:1
4710,stat_starvation,Elk,-1,48,0,80,0,count:1
4710,stat_kill,Deer,-1,48,0,208,0,count:1
4710,stat_starvation,Sectid,-1,48,0,208,0,count:1
4710,stat_starvation,Camel,-1,48,0,240,0,count:1
4710,stat_kill,Fish,-1,48,0,240,0,count:1
4710,stat_birth,Fish,-1,48,0,272,0,count:6
4710,stat_kill,Fish,-1,48,0,272,0,count:12
4710,stat_starvation,Camel,-1,48,0,272,0,count:1
4710,stat_birth,Musk Ox,-1,48,0,304,0,count:1
4710,stat_kill,Fish,-1,48,0,304,0,count:1
4710,stat_age_death,Sectid,-1,48,0,304,0,count:1
4710,stat_starvation,Camel,-1,48,0,336,0,count:1
4710,stat_starvation,Arctic Fox,-1,48,0,336,0,count:2
4710,stat_starvation,Sectid,-1,48,0,336,0,count:2
4710,stat_starvation,Elk,-1,48,0,368,0,count:1
4710,stat_starvation,Sectid,-1,48,0,368,0,count:1
4710,stat_starvation,Arctic Fox,-1,48,0,368,0,count:1
4710,stat_starvation,Sectid,-1,80,0,48,0,count:1
4710,stat_starvation,Deer,-1,80,0,80,0,count:1
4710,stat_starvation,Elk,-1,80,0,112,0,count:1
4710,stat_starvation,Deer,-1,80,0,144,0,count:1
4710,stat_starvation,Elk,-1,80,0,144,0,count:1
4710,stat_starvation,Deer,-1,80,0,176,0,count:1
4710,stat_birth,Sectid,-1,80,0,208,0,count:1
4710,stat_starvation,Elk,-1,80,0,208,0,count:1
4710,stat_kill,Camel,-1,80,0,208,0,count:1
4710,stat_birth,Fish,-1,80,0,240,0,count:1
4710,stat_kill,Fish,-1,80,0,240,0,count:1
4710,stat_starvation,Camel,-1,80,0,240,0,count:1
4710,stat_starvation,Elk,-1,80,0,272,0,count:1
4710,stat_birth,Musk Ox,-1,80,0,304,0,count:1
4710,stat_birth,Fish,-1,80,0,304,0,count:1
4710,stat_kill,Fish,-1,80,0,304,0,count:1
4710,stat_starvation,Camel,-1,80,0,336,0,count:1
4710,stat_starvation,Sectid,-1,80,0,336,0,count:2
4710,stat_starvation,Arctic Fox,-1,80,0,336,0,count:2
4710,stat_birth,Musk Ox,-1,80,0,368,0,count:1
4710,stat_starvation,Arctic Fox,-1,80,0,368,0,count:1
4710,stat_kill,Shroomer,-1,80,0,400,0,count:1
4710,stat_starvation,Sectid,-1,80,0,400,0,count:1
4710,stat_starvation,Camel,-1,80,0,432,0,count:1
4710,stat_starvation,Camel,-1,80,0,464,0,count:1
4710,stat_starvation,Deer,-1,112,0,144,0,count:1
4710,stat_starvation,Deer,-1,112,0,176,0,count:1
4710,stat_starvation,Elk,-1,112,0,176,0,count:1
4710,stat_starvation,Sectid,-1,112,0,208,0,count:1
4710,stat_starvation,Elk,-1,112,0,208,0,count:1
4710,stat_starvation,Elk,-1,112,0,240,0,count:1
4710,stat_starvation,Camel,-1,112,0,240,0,count:1
4710,stat_starvation,Camel,-1,112,0,304,0,count:1
4710,stat_starvation,Sectid,-1,112,0,304,0,count:2
4710,stat_starvation,Arctic Fox,-1,112,0,304,0,count:1
4710,stat_starvation,Camel,-1,112,0,336,0,count:1
4710,stat_starvation,Sectid,-1,112,0,336,0,count:1
4710,stat_starvation,Camel,-1,112,0,368,0,count:1
4710,stat_starvation,Camel,-1,112,0,432,0,count:1
4710,stat_starvation,Sectid,-1,112,0,464,0,count:1
4710,stat_starvation,Camel,-1,112,0,464,0,count:1
4710,stat_starvation,Sectid,-1,144,0,16,0,count:1
4710,stat_starvation,Elk,-1,144,0,16,0,count:1
4710,stat_starvation,Sectid,-1,144,0,48,0,count:1
4710,stat_starvation,Elk,-1,144,0,80,0,count:1
4710,stat_birth,Sectid,-1,144,0,80,0,count:1
4710,stat_starvation,Deer,-1,144,0,112,0,count:1
4710,stat_starvation,Elk,-1,144,0,144,0,count:1
4710,stat_starvation,Sectid,-1,144,0,240,0,count:2
4710,stat_starvation,Camel,-1,144,0,336,0,count:1
4710,stat_starvation,Camel,-1,144,0,368,0,count:2
4710,stat_starvation,Camel,-1,144,0,400,0,count:1
4710,stat_starvation,Camel,-1,144,0,432,0,count:1
4710,stat_starvation,Elk,-1,176,0,112,0,count:1
4710,stat_birth,Sectid,-1,176,0,112,0,count:1
4710,stat_starvation,Sectid,-1,176,0,112,0,count:1
4710,stat_starvation,Hawk,-1,176,0,112,0,count:1
4710,stat_starvation,Deer,-1,176,0,144,0,count:1
4710,stat_birth,Sectid,-1,176,0,144,0,count:1
4710,stat_starvation,Hawk,-1,176,0,144,0,count:1
4710,stat_starvation,Elk,-1,176,0,176,0,count:1
4710,stat_birth,Sectid,-1,176,0,176,0,count:1
4710,stat_starvation,Sectid,-1,176,0,176,0,count:2
4710,stat_starvation,Camel,-1,176,0,240,0,count:1
4710,stat_starvation,Sectid,-1,176,0,272,0,count:1
4710,stat_starvation,Camel,-1,176,0,272,0,count:1
4710,stat_starvation,Sectid,-1,176,0,304,0,count:1
4710,stat_starvation,Sectid,-1,176,0,336,0,count:1
4710,stat_starvation,Camel,-1,176,0,368,0,count:1
4710,stat_starvation,Camel,-1,176,0,400,0,count:1
4710,stat_starvation,Sectid,-1,176,0,400,0,count:1
4710,stat_starvation,Camel,-1,176,0,432,0,count:1
4710,stat_starvation,Camel,-1,176,0,464,0,count:1
4710,stat_starvation,Elk,-1,208,0,48,0,count:1
4710,stat_starvation,Hawk,-1,208,0,48,0,count:1
4710,stat_birth,Sectid,-1,208,0,80,0,count:1
4710,stat_starvation,Sectid,-1,208,0,80,0,count:1
4710,stat_starvation,Musk Ox,-1,208,0,80,0,count:1
4710,stat_starvation,Hawk,-1,208,0,80,0,count:1
4710,stat_starvation,Elk,-1,208,0,112,0,count:1
4710,stat_starvation,Hawk,-1,208,0,112,0,count:1
4710,stat_starvation,Elk,-1,208,0,176,0,count:1
4710,stat_kill,Camel,-1,208,0,240,0,count:1
4710,stat_starvation,Camel,-1,208,0,272,0,count:1
4710,stat_starvation,Camel,-1,208,0,368,0,count:1
4710,stat_starvation,Sectid,-1,208,0,400,0,count:2
4710,stat_starvation,Camel,-1,208,0,400,0,count:1
4710,stat_starvation,Camel,-1,208,0,464,0,count:1
4710,stat_starvation,Musk Ox,-1,240,0,16,0,count:1
4710,stat_starvation,Elk,-1,240,0,80,0,count:1
4710,stat_starvation,Elk,-1,240,0,112,0,count:1
4710,stat_starvation,Elk,-1,240,0,144,0,count:1
4710,stat_starvation,Sectid,-1,240,0,144,0,count:1
4710,stat_starvation,Hawk,-1,240,0,144,0,count:2
4710,stat_birth,Sectid,-1,240,0,176,0,count:1
4710,stat_starvation,Sectid,-1,240,0,176,0,count:1
4710,stat_birth,Fish,-1,240,0,304,0,count:2
4710,stat_kill,Fish,-1,240,0,304,0,count:5
4710,stat_starvation,Camel,-1,240,0,304,0,count:1
4710,stat_birth,Fish,-1,240,0,336,0,count:1
4710,stat_kill,Fish,-1,240,0,336,0,count:3
4710,stat_starvation,Camel,-1,240,0,336,0,count:1
4710,stat_starvation,Sectid,-1,240,0,400,0,count:2
4710,stat_starvation,Musk Ox,-1,272,0,48,0,count:1
4710,stat_starvation,Hawk,-1,272,0,80,0,count:1
4710,stat_starvation,Deer,-1,272,0,112,0,count:1
4710,stat_starvation,Musk Ox,-1,272,0,112,0,count:1
4710,stat_starvation,Sectid,-1,272,0,112,0,count:3
4710,stat_starvation,Hawk,-1,272,0,112,0,count:1
4710,stat_starvation,Deer,-1,272,0,144,0,count:1
4710,stat_starvation,Elk,-1,272,0,144,0,count:1
4710,stat_kill,Fish,-1,272,0,144,0,count:1
4710,stat_starvation,Deer,-1,272,0,176,0,count:1
4710,stat_starvation,Elk,-1,272,0,176,0,count:1
4710,stat_birth,Fish,-1,272,0,304,0,count:11
4710,stat_age_death,Fish,-1,272,0,304,0,count:1
4710,stat_kill,Fish,-1,272,0,304,0,count:10
4710,stat_starvation,Camel,-1,272,0,304,0,count:1
4710,stat_birth,Fish,-1,272,0,336,0,count:6
4710,stat_kill,Fish,-1,272,0,336,0,count:7
4710,stat_starvation,Camel,-1,272,0,336,0,count:2
4710,stat_kill,Fish,-1,272,0,368,0,count:1
4710,stat_kill,Camel,-1,272,0,400,0,count:1
4710,stat_starvation,Sectid,-1,304,0,16,0,count:1
4710,stat_starvation,Arctic Fox,-1,304,0,48,0,count:1
4710,stat_birth,Sectid,-1,304,0,48,0,count:1
4710,stat_starvation,Snake,-1,304,0,80,0,count:1
4710,stat_starvation,Hawk,-1,304,0,80,0,count:2
4710,stat_birth,Sectid,-1,304,0,80,0,count:1
4710,stat_starvation,Sectid,-1,304,0,112,0,count:1
4710,stat_birth,Fish,-1,304,0,144,0,count:1
4710,stat_kill,Fish,-1,304,0,144,0,count:2
4710,stat_starvation,Musk Ox,-1,304,0,144,0,count:1
4710,stat_birth,Sectid,-1,304,0,144,0,count:1
4710,stat_starvation,Deer,-1,304,0,176,0,count:1
4710,stat_birth,Fish,-1,304,0,176,0,count:2
4710,stat_kill,Fish,-1,304,0,176,0,count:5
4710,stat_birth,Sectid,-1,304,0,176,0,count:1
4710,stat_kill,Fish,-1,304,0,208,0,count:3
4710,stat_birth,Sectid,-1,304,0,208,0,count:2
4710,stat_birth,Fish,-1,304,0,272,0,count:1
4710,stat_kill,Fish,-1,304,0,272,0,count:4
4710,stat_birth,Sectid,-1,304,0,272,0,count:1
4710,stat_birth,Fish,-1,304,0,304,0,count:6
4710,stat_kill,Fish,-1,304,0,304,0,count:7
4710,stat_birth,Fish,-1,304,0,336,0,count:5
4710,stat_kill,Fish,-1,304,0,336,0,count:6
4710,stat_starvation,Sectid,-1,304,0,400,0,count:1
4710,stat_starvation,Sectid,-1,304,0,432,0,count:1
4710,stat_starvation,Hawk,-1,336,0,16,0,count:1
4710,stat_kill,Deer,-1,336,0,48,0,count:1
4710,stat_starvation,Hawk,-1,336,0,48,0,count:1
4710,stat_birth,Sectid,-1,336,0,48,0,count:1
4710,stat_starvation,Musk Ox,-1,336,0,80,0,count:1
4710,stat_birth,Sectid,-1,336,0,80,0,count:1
4710,stat_starvation,Sectid,-1,336,0,80,0,count:1
4710,stat_starvation,Arctic Fox,-1,336,0,80,0,count:1
4710,stat_starvation,Deer,-1,336,0,112,0,count:1
4710,stat_kill,Fish,-1,336,0,112,0,count:1
4710,stat_birth,Fish,-1,336,0,144,0,count:1
4710,stat_kill,Fish,-1,336,0,144,0,count:3
4710,stat_starvation,Musk Ox,-1,336,0,144,0,count:1
4710,stat_birth,Sectid,-1,336,0,144,0,count:1
4710,stat_birth,Fish,-1,336,0,176,0,count:26
4710,stat_age_death,Fish,-1,336,0,176,0,count:1
4710,stat_kill,Fish,-1,336,0,176,0,count:17
4710,stat_birth,Sectid,-1,336,0,176,0,count:2
4710,stat_birth,Fish,-1,336,0,208,0,count:10
4710,stat_age_death,Fish,-1,336,0,208,0,count:1
4710,stat_kill,Fish,-1,336,0,208,0,count:12
4710,stat_birth,Sectid,-1,336,0,208,0,count:3
4710,stat_birth,Fish,-1,336,0,240,0,count:27
4710,stat_age_death,Fish,-1,336,0,240,0,count:1
4710,stat_kill,Fish,-1,336,0,240,0,count:15
4710,stat_birth,Sectid,-1,336,0,240,0,count:2
4710,stat_birth,Fish,-1,336,0,272,0,count:7
4710,stat_kill,Fish,-1,336,0,272,0,count:7
4710,stat_birth,Sectid,-1,336,0,272,0,count:1
4710,stat_birth,Fish,-1,336,0,304,0,count:1
4710,stat_kill,Fish,-1,336,0,304,0,count:1
4710,stat_starvation,Elk,-1,336,0,336,0,count:1
4710,stat_birth,Fish,-1,336,0,336,0,count:1
4710,stat_kill,Fish,-1,336,0,336,0,count:1
4710,stat_kill,Camel,-1,336,0,336,0,count:1
4710,stat_kill,Fish,-1,336,0,368,0,count:1
4710,stat_birth,Sectid,-1,336,0,400,0,count:1
4710,stat_starvation,Sectid,-1,336,0,400,0,count:1
4710,stat_starvation,Musk Ox,-1,368,0,48,0,count:1
4710,stat_starvation,Hawk,-1,368,0,48,0,count:1
4710,stat_birth,Sectid,-1,368,0,48,0,count:1
4710,stat_starvation,Sectid,-1,368,0,48,0,count:1
4710,stat_birth,Fish,-1,368,0,112,0,count:2
4710,stat_kill,Fish,-1,368,0,112,0,count:4
4710,stat_starvation,Musk Ox,-1,368,0,112,0,count:1
4710,stat_kill,Fish,-1,368,0,144,0,count:3
4710,stat_birth,Sectid,-1,368,0,144,0,count:2
4710,stat_birth,Fish,-1,368,0,176,0,count:7
4710,stat_age_death,Fish,-1,368,0,176,0,count:1
4710,stat_kill,Fish,-1,368,0,176,0,count:7
4710,stat_birth,Sectid,-1,368,0,176,0,count:2
4710,stat_age_death,Fish,-1,368,0,208,0,count:1
4710,stat_kill,Fish,-1,368,0,208,0,count:4
4710,stat_birth,Sectid,-1,368,0,208,0,count:1
4710,stat_birth,Fish,-1,368,0,240,0,count:3
4710,stat_kill,Fish,-1,368,0,240,0,count:5
4710,stat_birth,Sectid,-1,368,0,240,0,count:2
4710,stat_birth,Fish,-1,368,0,272,0,count:5
4710,stat_kill,Fish,-1,368,0,272,0,count:5
4710,stat_birth,Sectid,-1,368,0,272,0,count:1
4710,stat_starvation,Elk,-1,368,0,304,0,count:1
4710,stat_starvation,Sectid,-1,368,0,336,0,count:1
4710,stat_starvation,Elk,-1,368,0,400,0,count:1
4710,stat_starvation,Deer,-1,368,0,400,0,count:1
4710,stat_starvation,Hawk,-1,400,0,48,0,count:1
4710,stat_birth,Sectid,-1,400,0,80,0,count:1
4710,stat_kill,Fish,-1,400,0,112,0,count:2
4710,stat_kill,Deer,-1,400,0,112,0,count:1
4710,stat_birth,Sectid,-1,400,0,112,0,count:1
4710,stat_birth,Fish,-1,400,0,144,0,count:8
4710,stat_age_death,Fish,-1,400,0,144,0,count:1
4710,stat_kill,Fish,-1,400,0,144,0,count:7
4710,stat_birth,Sectid,-1,400,0,144,0,count:1
4710,stat_birth,Snake,-1,400,0,176,0,count:1
4710,stat_birth,Fish,-1,400,0,176,0,count:6
4710,stat_age_death,Fish,-1,400,0,176,0,count:1
4710,stat_kill,Fish,-1,400,0,176,0,count:5
4710,stat_starvation,Fish,-1,400,0,208,0,count:1
4710,stat_birth,Sectid,-1,400,0,208,0,count:1
4710,stat_birth,Fish,-1,400,0,240,0,count:5
4710,stat_kill,Fish,-1,400,0,240,0,count:3
4710,stat_kill,Fish,-1,400,0,272,0,count:1
4710,stat_birth,Sectid,-1,400,0,336,0,count:1
4710,stat_starvation,Sectid,-1,400,0,336,0,count:1
4710,stat_starvation,Elk,-1,400,0,336,0,count:1
4710,stat_starvation,Hawk,-1,432,0,48,0,count:1
4710,stat_birth,Sectid,-1,432,0,80,0,count:1
4710,stat_kill,Fish,-1,432,0,112,0,count:2
4710,stat_starvation,Elk,-1,432,0,112,0,count:1
4710,stat_starvation,Elk,-1,432,0,144,0,count:1
4710,stat_birth,Fish,-1,432,0,144,0,count:3
4710,stat_kill,Fish,-1,432,0,144,0,count:2
4710,stat_starvation,Elk,-1,432,0,176,0,count:1
4710,stat_birth,Fish,-1,432,0,176,0,count:10
4710,stat_age_death,Fish,-1,432,0,176,0,count:1
4710,stat_kill,Fish,-1,432,0,176,0,count:2
4710,stat_kill,Fish,-1,432,0,240,0,count:1
4710,stat_birth,Fish,-1,432,0,272,0,count:1
4710,stat_kill,Fish,-1,432,0,272,0,count:1
4710,stat_starvation,Fish,-1,432,0,304,0,count:1
4710,stat_starvation,Elk,-1,432,0,336,0,count:2
4710,stat_kill,Fish,-1,432,0,336,0,count:1
4710,stat_birth,Sectid,-1,432,0,336,0,count:1
4710,stat_birth,Fish,-1,432,0,368,0,count:1
4710,stat_kill,Fish,-1,432,0,368,0,count:1
4710,stat_birth,Fish,-1,464,0,112,0,count:2
4710,stat_kill,Fish,-1,464,0,144,0,count:1
4710,stat_birth,Fish,-1,464,0,176,0,count:5
4710,stat_birth,Fish,-1,464,0,208,0,count:2
4710,stat_birth,Sectid,-1,464,0,240,0,count:1
4710,stat_kill,Fish,-1,464,0,272,0,count:2
4710,stat_kill,Fish,-1,464,0,304,0,count:1
4710,stat_starvation,Elk,-1,464,0,304,0,count:1
4710,stat_kill,Fish,-1,464,0,336,0,count:1
4710,stat_starvation,Elk,-1,464,0,336,0,count:1
4710,stat_birth,Sectid,-1,464,0,336,0,count:1
4710,stat_starvation,Elk,-1,464,0,432,0,count:1
4710,stat_starvation,Elk,-1,464,0,496,0,count:1
4710,stat_kill,Fish,-1,496,0,272,0,count:1
4710,stat_birth,Fish,-1,496,0,304,0,count:1
4710,stat_kill,Fish,-1,496,0,304,0,count:1
4710,stat_birth,Scorpion,-1,496,0,304,0,count:1
4710,stat_kill,Fish,-1,496,0,336,0,count:1
4710,stat_birth,Fish,-1,496,0,368,0,count:3
4710,stat_kill,Fish,-1,496,0,368,0,count:1
4740,stat_starvation,Elk,-1,16,0,48,0,count:1
4740,stat_starvation,Elk,-1,16,0,144,0,count:1
4740,stat_starvation,Deer,-1,16,0,176,0,count:1
4740,stat_starvation,Sectid,-1,16,0,208,0,count:1
4740,stat_kill,Fish,-1,16,0,240,0,count:1
4740,stat_kill,Fish,-1,16,0,272,0,count:1
4740,stat_starvation,Camel,-1,16,0,304,0,count:1
4740,stat_kill,Fish,-1,16,0,304,0,count:1
4740,stat_starvation,Sectid,-1,16,0,336,0,count:2
4740,stat_starvation,Elk,-1,16,0,368,0,count:1
4740,stat_starvation,Camel,-1,16,0,368,0,count:1
4740,stat_starvation,Sectid,-1,16,0,368,0,count:1
4740,stat_starvation,Arctic Fox,-1,16,0,368,0,count:1
4740,stat_starvation,Sectid,-1,16,0,432,0,count:1
4740,stat_kill,Turtle,-1,48,0,16,0,count:1
4740,stat_starvation,Sectid,-1,48,0,80,0,count:1
4740,stat_starvation,Deer,-1,48,0,80,0,count:1
4740,stat_starvation,Elk,-1,48,0,112,0,count:1
4740,stat_starvation,Sectid,-1,48,0,208,0,count:1
4740,stat_starvation,Elk,-1,48,0,208,0,count:1
4740,stat_starvation,Camel,-1,48,0,240,0,count:1
4740,stat_kill,Fish,-1,48,0,240,0,count:1
4740,stat_birth,Fish,-1,48,0,272,0,count:5
4740,stat_kill,Fish,-1,48,0,272,0,count:11
4740,stat_kill,Camel,-1,48,0,304,0,count:1
4740,stat_starvation,Elk,-1,48,0,336,0,count:1
4740,stat_starvation,Camel,-1,48,0,336,0,count:1
4740,stat_starvation,Arctic Fox,-1,48,0,336,0,count:1
4740,stat_starvation,Sectid,-1,48,0,336,0,count:3
4740,stat_starvation,Camel,-1,48,0,368,0,count:1
4740,stat_birth,Sectid,-1,48,0,368,0,count:1
4740,stat_starvation,Arctic Fox,-1,48,0,368,0,count:1
4740,stat_starvation,Camel,-1,48,0,400,0,count:1
4740,stat_starvation,Camel,-1,48,0,432,0,count:1
4740,stat_starvation,Sectid,-1,80,0,48,0,count:1
4740,stat_starvation,Elk,-1,80,0,80,0,count:1
4740,stat_starvation,Sectid,-1,80,0,80,0,count:1
4740,stat_starvation,Elk,-1,80,0,176,0,count:1
4740,stat_starvation,Sectid,-1,80,0,208,0,count:2
4740,stat_starvation,Elk,-1,80,0,208,0,count:1
4740,stat_kill,Fish,-1,80,0,240,0,count:1
4740,stat_starvation,Elk,-1,80,0,272,0,count:1
4740,stat_starvation,Camel,-1,80,0,272,0,count:1
4740,stat_starvation,Camel,-1,80,0,304,0,count:1
4740,stat_kill,Fish,-1,80,0,304,0,count:1
4740,stat_birth,Sectid,-1,80,0,336,0,count:1
4740,stat_starvation,Sectid,-1,80,0,336,0,count:2
4740,stat_starvation,Camel,-1,80,0,368,0,count:1
4740,stat_starvation,Arctic Fox,-1,80,0,368,0,count:1
4740,stat_starvation,Camel,-1,80,0,400,0,count:1
4740,stat_starvation,Sectid,-1,80,0,400,0,count:1
4740,stat_starvation,Camel,-1,80,0,432,0,count:1
4740,stat_starvation,Camel,-1,80,0,464,0,count:2
4740,stat_kill,Camel,-1,80,0,496,0,count:1
4740,stat_starvation,Sectid,-1,112,0,48,0,count:1
4740,stat_starvation,Elk,-1,112,0,80,0,count:1
4740,stat_starvation,Deer,-1,112,0,144,0,count:1
4740,stat_starvation,Elk,-1,112,0,144,0,count:1
4740,stat_starvation,Deer,-1,112,0,176,0,count:1
4740,stat_starvation,Elk,-1,112,0,176,0,count:1
4740,stat_starvation,Sectid,-1,112,0,208,0,count:2
4740,stat_starvation,Elk,-1,112,0,240,0,count:1
4740,stat_starvation,Camel,-1,112,0,304,0,count:1
4740,stat_starvation,Elk,-1,112,0,304,0,count:1
4740,stat_birth,Sectid,-1,112,0,304,0,count:1
4740,stat_starvation,Sectid,-1,112,0,304,0,count:1
4740,stat_starvation,Arctic Fox,-1,112,0,304,0,count:1
4740,stat_starvation,Sectid,-1,112,0,336,0,count:1
4740,stat_starvation,Sectid,-1,112,0,368,0,count:1
4740,stat_starvation,Camel,-1,112,0,368,0,count:1
4740,stat_starvation,Sectid,-1,112,0,464,0,count:1
4740,stat_starvation,Camel,-1,112,0,464,0,count:1
4740,stat_starvation,Sectid,-1,144,0,16,0,count:2
4740,stat_starvation,Elk,-1,144,0,16,0,count:1
4740,stat_starvation,Hawk,-1,144,0,16,0,count:2
4740,stat_starvation,Elk,-1,144,0,48,0,count:1
4740,stat_starvation,Deer,-1,144,0,80,0,count:1
4740,stat_starvation,Sectid,-1,144,0,80,0,count:1
4740,stat_starvation,Sectid,-1,144,0,112,0,count:1
4740,stat_starvation,Sectid,-1,144,0,240,0,count:2
4740,stat_starvation,Camel,-1,144,0,240,0,count:1
4740,stat_starvation,Camel,-1,144,0,304,0,count:1
4740,stat_starvation,Camel,-1,144,0,400,0,count:1
4740,stat_starvation,Camel,-1,144,0,432,0,count:1
4740,stat_starvation,Elk,-1,176,0,48,0,count:1
4740,stat_starvation,Deer,-1,176,0,80,0,count:1
4740,stat_birth,Sectid,-1,176,0,80,0,count:1
4740,stat_kill,Musk Ox,-1,176,0,80,0,count:1
4740,stat_starvation,Sectid,-1,176,0,112,0,count:1
4740,stat_starvation,Hawk,-1,176,0,112,0,count:1
4740,stat_starvation,Sectid,-1,176,0,144,0,count:2
4740,stat_starvation,Elk,-1,176,0,144,0,count:1
4740,stat_starvation,Hawk,-1,176,0,144,0,count:1
4740,stat_starvation,Sectid,-1,176,0,176,0,count:1
4740,stat_starvation,Camel,-1,176,0,240,0,count:1
4740,stat_starvation,Sectid,-1,176,0,272,0,count:1
4740,stat_starvation,Camel,-1,176,0,272,0,count:1
4740,stat_starvation,Camel,-1,176,0,304,0,count:1
4740,stat_starvation,Sectid,-1,176,0,304,0,count:2
4740,stat_starvation,Camel,-1,176,0,336,0,count:1
4740,stat_birth,Sectid,-1,176,0,336,0,count:1
4740,stat_starvation,Sectid,-1,176,0,336,0,count:1
4740,stat_starvation,Camel,-1,176,0,368,0,count:1
4740,stat_starvation,Sectid,-1,176,0,400,0,count:1
4740,stat_starvation,Camel,-1,176,0,432,0,count:1
4740,stat_starvation,Sectid,-1,176,0,432,0,count:1
4740,stat_starvation,Camel,-1,176,0,464,0,count:1
4740,stat_kill,Deer,-1,208,0,16,0,count:1
4740,stat_starvation,Sectid,-1,208,0,80,0,count:1
4740,stat_starvation,Hawk,-1,208,0,80,0,count:1
4740,stat_starvation,Sectid,-1,208,0,112,0,count:1
4740,stat_starvation,Hawk,-1,208,0,144,0,count:1
4740,stat_starvation,Elk,-1,208,0,176,0,count:1
4740,stat_kill,Elk,-1,208,0,208,0,count:1
4740,stat_kill,Camel,-1,208,0,208,0,count:1
4740,stat_starvation,Camel,-1,208,0,272,0,count:1
4740,stat_kill,Fish,-1,208,0,272,0,count:1
4740,stat_starvation,Camel,-1,208,0,304,0,count:1
4740,stat_starvation,Camel,-1,208,0,336,0,count:1
4740,stat_starvation,Camel,-1,208,0,368,0,count:1
4740,stat_starvation,Sectid,-1,208,0,400,0,count:1
4740,stat_starvation,Camel,-1,208,0,400,0,count:2
4740,stat_starvation,Camel,-1,208,0,432,0,count:1
4740,stat_starvation,Camel,-1,208,0,464,0,count:2
4740,stat_birth,Sectid,-1,240,0,16,0,count:1
4740,stat_starvation,Sectid,-1,240,0,16,0,count:1
4740,stat_starvation,Hawk,-1,240,0,48,0,count:1
4740,stat_starvation,Elk,-1,240,0,80,0,count:1
4740,stat_birth,Sectid,-1,240,0,144,0,count:1
4740,stat_starvation,Sectid,-1,240,0,144,0,count:2
4740,stat_starvation,Hawk,-1,240,0,144,0,count:1
4740,stat_starvation,Deer,-1,240,0,176,0,count:1
4740,stat_starvation,Sectid,-1,240,0,176,0,count:1
4740,stat_starvation,Elk,-1,240,0,176,0,count:1
4740,stat_birth,Fish,-1,240,0,304,0,count:1
4740,stat_kill,Fish,-1,240,0,304,0,count:5
4740,stat_starvation,Camel,-1,240,0,304,0,count:1
4740,stat_kill,Fish,-1,240,0,336,0,count:2
4740,stat_starvation,Camel,-1,240,0,336,0,count:1
4740,stat_birth,Fish,-1,240,0,368,0,count:1
4740,stat_starvation,Sectid,-1,240,0,400,0,count:2
4740,stat_kill,Camel,-1,240,0,432,0,count:1
4740,stat_kill,Turtle,-1,272,0,16,0,count:1
4740,stat_starvation,Deer,-1,272,0,48,0,count:1
4740,stat_starvation,Sectid,-1,272,0,48,0,count:1
4740,stat_birth,Sectid,-1,272,0,80,0,count:1
4740,stat_starvation,Elk,-1,272,0,112,0,count:1
4740,stat_birth,Sectid,-1,272,0,112,0,count:1
4740,stat_starvation,Sectid,-1,272,0,112,0,count:2
4740,stat_starvation,Hawk,-1,272,0,112,0,count:2
4740,stat_birth,Fish,-1,272,0,144,0,count:1
4740,stat_starvation,Deer,-1,272,0,176,0,count:1
4740,stat_starvation,Elk,-1,272,0,176,0,count:1
4740,stat_birth,Fish,-1,272,0,304,0,count:12
4740,stat_age_death,Fish,-1,272,0,304,0,count:1
4740,stat_kill,Fish,-1,272,0,304,0,count:9
4740,stat_birth,Sectid,-1,272,0,304,0,count:1
4740,stat_birth,Fish,-1,272,0,336,0,count:6
4740,stat_kill,Fish,-1,272,0,336,0,count:7
4740,stat_birth,Sectid,-1,272,0,336,0,count:1
4740,stat_birth,Fish,-1,272,0,368,0,count:1
4740,stat_kill,Fish,-1,272,0,368,0,count:1
4740,stat_starvation,Sectid,-1,272,0,400,0,count:1
4740,stat_starvation,Camel,-1,272,0,432,0,count:1
4740,stat_starvation,Sectid,-1,272,0,464,0,count:1
4740,stat_starvation,Hawk,-1,304,0,48,0,count:1
4740,stat_starvation,Musk Ox,-1,304,0,48,0,count:1
4740,stat_starvation,Sectid,-1,304,0,48,0,count:1
4740,stat_starvation,Hawk,-1,304,0,80,0,count:1
4740,stat_starvation,Sectid,-1,304,0,80,0,count:2
4740,stat_starvation,Elk,-1,304,0,112,0,count:1
4740,stat_starvation,Sectid,-1,304,0,112,0,count:1
4740,stat_starvation,Deer,-1,304,0,144,0,count:1
4740,stat_kill,Fish,-1,304,0,144,0,count:2
4740,stat_starvation,Musk Ox,-1,304,0,144,0,count:1
4740,stat_birth,Fish,-1,304,0,176,0,count:2
4740,stat_kill,Fish,-1,304,0,176,0,count:5
4740,stat_birth,Sectid,-1,304,0,176,0,count:2
4740,stat_kill,Fish,-1,304,0,208,0,count:4
4740,stat_birth,Sectid,-1,304,0,208,0,count:2
4740,stat_birth,Shroomer,-1,304,0,272,0,count:1
4740,stat_kill,Elk,-1,304,0,272,0,count:1
4740,stat_birth,Fish,-1,304,0,272,0,count:1
4740,stat_kill,Fish,-1,304,0,272,0,count:3
4740,stat_birth,Fish,-1,304,0,304,0,count:7
4740,stat_kill,Fish,-1,304,0,304,0,count:7
4740,stat_birth,Sectid,-1,304,0,304,0,count:1
4740,stat_starvation,Camel,-1,304,0,336,0,count:1
4740,stat_birth,Fish,-1,304,0,336,0,count:5
4740,stat_kill,Fish,-1,304,0,336,0,count:6
4740,stat_kill,Elk,-1,304,0,368,0,count:1
4740,stat_starvation,Hawk,-1,336,0,16,0,count:1
4740,stat_starvation,Hawk,-1,336,0,48,0,count:1
4740,stat_starvation,Sectid,-1,336,0,48,0,count:1
4740,stat_kill,Deer,-1,336,0,80,0,count:1
4740,stat_starvation,Hawk,-1,336,0,80,0,count:1
4740,stat_kill,Elk,-1,336,0,80,0,count:1
4740,stat_starvation,Sectid,-1,336,0,80,0,count:2
4740,stat_starvation,Arctic Fox,-1,336,0,80,0,count:1
4740,stat_starvation,Musk Ox,-1,336,0,112,0,count:1
4740,stat_starvation,Deer,-1,336,0,144,0,count:1
4740,stat_birth,Fish,-1,336,0,144,0,count:1
4740,stat_kill,Fish,-1,336,0,144,0,count:3
4740,stat_starvation,Musk Ox,-1,336,0,144,0,count:1
4740,stat_birth,Sectid,-1,336,0,144,0,count:1
4740,stat_starvation,Elk,-1,336,0,176,0,count:1
4740,stat_birth,Fish,-1,336,0,176,0,count:26
4740,stat_age_death,Fish,-1,336,0,176,0,count:1
4740,stat_kill,Fish,-1,336,0,176,0,count:17
4740,stat_birth,Sectid,-1,336,0,176,0,count:2
4740,stat_birth,Fish,-1,336,0,208,0,count:10
4740,stat_age_death,Fish,-1,336,0,208,0,count:1
4740,stat_kill,Fish,-1,336,0,208,0,count:14
4740,stat_birth,Sectid,-1,336,0,208,0,count:4
4740,stat_birth,Fish,-1,336,0,240,0,count:27
4740,stat_age_death,Fish,-1,336,0,240,0,count:1
4740,stat_kill,Fish,-1,336,0,240,0,count:15
4740,stat_birth,Sectid,-1,336,0,240,0,count:2
4740,stat_birth,Fish,-1,336,0,272,0,count:7
4740,stat_kill,Fish,-1,336,0,272,0,count:6
4740,stat_birth,Sectid,-1,336,0,272,0,count:1
4740,stat_kill,Fish,-1,336,0,304,0,count:1
4740,stat_starvation,Sectid,-1,336,0,400,0,count:2
4740,stat_starvation,Elk,-1,336,0,400,0,count:1
4740,stat_starvation,Deer,-1,368,0,16,0,count:1
4740,stat_starvation,Hawk,-1,368,0,16,0,count:1
4740,stat_starvation,Sectid,-1,368,0,16,0,count:1
4740,stat_starvation,Hawk,-1,368,0,48,0,count:2
4740,stat_starvation,Sectid,-1,368,0,48,0,count:1
4740,stat_kill,Shroomer,-1,368,0,80,0,count:1
4740,stat_starvation,Deer,-1,368,0,80,0,count:1
4740,stat_birth,Fish,-1,368,0,112,0,count:3
4740,stat_kill,Fish,-1,368,0,112,0,count:3
4740,stat_birth,Sectid,-1,368,0,112,0,count:1
4740,stat_kill,Fish,-1,368,0,144,0,count:4
4740,stat_birth,Sectid,-1,368,0,144,0,count:1
4740,stat_birth,Fish,-1,368,0,176,0,count:6
4740,stat_age_death,Fish,-1,368,0,176,0,count:1
4740,stat_kill,Fish,-1,368,0,176,0,count:8
4740,stat_birth,Sectid,-1,368,0,176,0,count:2
4740,stat_kill,Fish,-1,368,0,208,0,count:5
4740,stat_birth,Sectid,-1,368,0,208,0,count:1
4740,stat_birth,Fish,-1,368,0,240,0,count:3
4740,stat_kill,Fish,-1,368,0,240,0,count:5
4740,stat_birth,Sectid,-1,368,0,240,0,count:2
4740,stat_birth,Fish,-1,368,0,272,0,count:5
4740,stat_kill,Fish,-1,368,0,272,0,count:4
4740,stat_birth,Sectid,-1,368,0,272,0,count:1
4740,stat_starvation,Elk,-1,368,0,304,0,count:2
4740,stat_starvation,Sectid,-1,368,0,336,0,count:2
4740,stat_starvation,Elk,-1,368,0,336,0,count:1
4740,stat_starvation,Hawk,-1,400,0,16,0,count:1
4740,stat_kill,Fish,-1,400,0,80,0,count:1
4740,stat_kill,Fish,-1,400,0,112,0,count:1
4740,stat_birth,Sectid,-1,400,0,112,0,count:1
4740,stat_birth,Fish,-1,400,0,144,0,count:9
4740,stat_age_death,Fish,-1,400,0,144,0,count:1
4740,stat_kill,Fish,-1,400,0,144,0,count:8
4740,stat_starvation,Elk,-1,400,0,144,0,count:1
4740,stat_starvation,Musk Ox,-1,400,0,144,0,count:1
4740,stat_birth,Sectid,-1,400,0,144,0,count:1
4740,stat_kill,Sectid,-1,400,0,144,0,count:1
4740,stat_birth,Snake,-1,400,0,176,0,count:1
4740,stat_birth,Fish,-1,400,0,176,0,count:6
4740,stat_age_death,Fish,-1,400,0,176,0,count:1
4740,stat_kill,Fish,-1,400,0,176,0,count:4
4740,stat_starvation,Deer,-1,400,0,176,0,count:1
4740,stat_birth,Sectid,-1,400,0,176,0,count:1
4740,stat_starvation,Fish,-1,400,0,208,0,count:1
4740,stat_birth,Fish,-1,400,0,240,0,count:6
4740,stat_kill,Fish,-1,400,0,240,0,count:4
4740,stat_birth,Sectid,-1,400,0,240,0,count:1
4740,stat_birth,Fish,-1,400,0,272,0,count:1
4740,stat_kill,Fish,-1,400,0,272,0,count:1
4740,stat_starvation,Sectid,-1,400,0,336,0,count:1
4740,stat_kill,Fish,-1,432,0,112,0,count:2
4740,stat_starvation,Elk,-1,432,0,112,0,count:1
4740,stat_starvation,Elk,-1,432,0,144,0,count:1
4740,stat_birth,Fish,-1,432,0,144,0,count:4
4740,stat_age_death,Fish,-1,432,0,144,0,count:1
4740,stat_kill,Fish,-1,432,0,144,0,count:2
4740,stat_age_death,Fish,-1,432,0,176,0,count:1
4740,stat_kill,Fish,-1,432,0,176,0,count:3
4740,stat_kill,Fish,-1,432,0,208,0,count:1
4740,stat_birth,Fish,-1,432,0,240,0,count:1
4740,stat_birth,Fish,-1,432,0,272,0,count:1
4740,stat_kill,Fish,-1,432,0,272,0,count:1
4740,stat_birth,Sectid,-1,432,0,304,0,count:1
4740,stat_starvation,Elk,-1,432,0,368,0,count:1
4740,stat_birth,Sectid,-1,432,0,368,0,count:1
4740,stat_birth,Sectid,-1,432,0,400,0,count:1
4740,stat_birth,Fish,-1,464,0,112,0,count:1
4740,stat_kill,Fish,-1,464,0,112,0,count:1
4740,stat_birth,Fish,-1,464,0,176,0,count:5
4740,stat_age_death,Fish,-1,464,0,176,0,count:1
4740,stat_birth,Fish,-1,464,0,208,0,count:2
4740,stat_kill,Fish,-1,464,0,240,0,count:1
4740,stat_birth,Fish,-1,464,0,272,0,count:1
4740,stat_kill,Fish,-1,464,0,272,0,count:1
4740,stat_kill,Fish,-1,464,0,304,0,count:1
4740,stat_starvation,Elk,-1,464,0,304,0,count:1
4740,stat_kill,Fish,-1,464,0,336,0,count:2
4740,stat_starvation,Elk,-1,464,0,336,0,count:1
4740,stat_starvation,Elk,-1,464,0,368,0,count:1
4740,stat_starvation,Elk,-1,464,0,432,0,count:1
4740,stat_birth,Fish,-1,496,0,304,0,count:2
4740,stat_kill,Fish,-1,496,0,304,0,count:1
4740,stat_kill,Fish,-1,496,0,336,0,count:1
4740,stat_starvation,Elk,-1,496,0,336,0,count:1
4740,stat_starvation,Elk,-1,496,0,368,0,count:1
4740,stat_birth,Fish,-1,496,0,368,0,count:3
4770,stat_kill,Musk Ox,-1,16,0,112,0,count:1
4770,stat_starvation,Sectid,-1,16,0,208,0,count:2
4770,stat_starvation,Elk,-1,16,0,208,0,count:1
4770,stat_birth,Fish,-1,16,0,240,0,count:1
4770,stat_kill,Fish,-1,16,0,240,0,count:1
4770,stat_birth,Fish,-1,16,0,272,0,count:1
4770,stat_kill,Fish,-1,16,0,272,0,count:1
4770,stat_starvation,Camel,-1,16,0,272,0,count:1
4770,stat_starvation,Camel,-1,16,0,304,0,count:1
4770,stat_kill,Fish,-1,16,0,304,0,count:1
4770,stat_birth,Sectid,-1,16,0,336,0,count:1
4770,stat_starvation,Sectid,-1,16,0,336,0,count:2
4770,stat_starvation,Sectid,-1,16,0,368,0,count:1
4770,stat_starvation,Arctic Fox,-1,16,0,368,0,count:1
4770,stat_kill,Camel,-1,16,0,432,0,count:1
4770,stat_starvation,Elk,-1,48,0,48,0,count:1
4770,stat_starvation,Sectid,-1,48,0,48,0,count:1
4770,stat_starvation,Elk,-1,48,0,80,0,count:1
4770,stat_starvation,Elk,-1,48,0,112,0,count:1
4770,stat_starvation,Deer,-1,48,0,144,0,count:1
4770,stat_starvation,Elk,-1,48,0,208,0,count:1
4770,stat_starvation,Elk,-1,48,0,240,0,count:1
4770,stat_starvation,Deer,-1,48,0,240,0,count:1
4770,stat_birth,Fish,-1,48,0,272,0,count:5
4770,stat_kill,Fish,-1,48,0,272,0,count:11
4770,stat_starvation,Elk,-1,48,0,272,0,count:1
4770,stat_starvation,Camel,-1,48,0,272,0,count:1
4770,stat_starvation,Camel,-1,48,0,336,0,count:1
4770,stat_starvation,Arctic Fox,-1,48,0,336,0,count:2
4770,stat_starvation,Sectid,-1,48,0,336,0,count:2
4770,stat_starvation,Sectid,-1,48,0,368,0,count:1
4770,stat_starvation,Arctic Fox,-1,48,0,368,0,count:1
4770,stat_starvation,Sectid,-1,48,0,400,0,count:1
4770,stat_starvation,Elk,-1,80,0,48,0,count:1
4770,stat_starvation,Deer,-1,80,0,80,0,count:1
4770,stat_birth,Sectid,-1,80,0,80,0,count:1
4770,stat_starvation,Sectid,-1,80,0,80,0,count:1
4770,stat_starvation,Deer,-1,80,0,144,0,count:1
4770,stat_starvation,Elk,-1,80,0,144,0,count:1
4770,stat_starvation,Elk,-1,80,0,240,0,count:1
4770,stat_starvation,Camel,-1,80,0,240,0,count:1
4770,stat_kill,Fish,-1,80,0,272,0,count:1
4770,stat_starvation,Elk,-1,80,0,304,0,count:1
4770,stat_starvation,Camel,-1,80,0,304,0,count:1
4770,stat_age_death,Sectid,-1,80,0,304,0,count:1
4770,stat_starvation,Sectid,-1,80,0,336,0,count:2
4770,stat_starvation,Arctic Fox,-1,80,0,336,0,count:2
4770,stat_starvation,Arctic Fox,-1,80,0,368,0,count:1
4770,stat_starvation,Sectid,-1,80,0,400,0,count:1
4770,stat_starvation,Elk,-1,112,0,48,0,count:1
4770,stat_starvation,Sectid,-1,112,0,80,0,count:1
4770,stat_starvation,Elk,-1,112,0,112,0,count:1
4770,stat_starvation,Deer,-1,112,0,208,0,count:1
4770,stat_starvation,Sectid,-1,112,0,208,0,count:1
4770,stat_starvation,Elk,-1,112,0,208,0,count:1
4770,stat_starvation,Camel,-1,112,0,208,0,count:1
4770,stat_starvation,Camel,-1,112,0,240,0,count:1
4770,stat_starvation,Camel,-1,112,0,272,0,count:1
4770,stat_starvation,Sectid,-1,112,0,304,0,count:2
4770,stat_starvation,Arctic Fox,-1,112,0,304,0,count:1
4770,stat_starvation,Camel,-1,112,0,336,0,count:1
4770,stat_starvation,Elk,-1,112,0,336,0,count:1
4770,stat_birth,Sectid,-1,112,0,336,0,count:1
4770,stat_birth,Sectid,-1,112,0,368,0,count:1
4770,stat_starvation,Sectid,-1,112,0,368,0,count:1
4770,stat_starvation,Camel,-1,112,0,432,0,count:1
4770,stat_starvation,Sectid,-1,112,0,464,0,count:2
4770,stat_starvation,Sectid,-1,144,0,16,0,count:1
4770,stat_starvation,Sectid,-1,144,0,48,0,count:1
4770,stat_starvation,Musk Ox,-1,144,0,48,0,count:1
4770,stat_starvation,Hawk,-1,144,0,48,0,count:1
4770,stat_starvation,Elk,-1,144,0,80,0,count:1
4770,stat_starvation,Sectid,-1,144,0,80,0,count:1
4770,stat_starvation,Elk,-1,144,0,112,0,count:1
4770,stat_birth,Sectid,-1,144,0,112,0,count:1
4770,stat_starvation,Sectid,-1,144,0,112,0,count:1
4770,stat_kill,Deer,-1,144,0,176,0,count:1
4770,stat_starvation,Sectid,-1,144,0,240,0,count:1
4770,stat_starvation,Elk,-1,144,0,240,0,count:1
4770,stat_starvation,Elk,-1,144,0,304,0,count:1
4770,stat_starvation,Camel,-1,144,0,368,0,count:1
4770,stat_starvation,Camel,-1,144,0,400,0,count:1
4770,stat_starvation,Camel,-1,144,0,432,0,count:1
4770,stat_kill,Deer,-1,176,0,16,0,count:1
4770,stat_starvation,Elk,-1,176,0,48,0,count:1
4770,stat_starvation,Hawk,-1,176,0,48,0,count:1
4770,stat_starvation,Deer,-1,176,0,80,0,count:1
4770,stat_starvation,Sectid,-1,176,0,80,0,count:1
4770,stat_starvation,Deer,-1,176,0,112,0,count:1
4770,stat_starvation,Hawk,-1,176,0,112,0,count:2
4770,stat_starvation,Hawk,-1,176,0,144,0,count:1
4770,stat_starvation,Elk,-1,176,0,176,0,count:1
4770,stat_starvation,Sectid,-1,176,0,176,0,count:2
4770,stat_starvation,Camel,-1,176,0,176,0,count:1
4770,stat_starvation,Elk,-1,176,0,208,0,count:1
4770,stat_starvation,Camel,-1,176,0,208,0,count:1
4770,stat_starvation,Camel,-1,176,0,240,0,count:1
4770,stat_starvation,Elk,-1,176,0,240,0,count:1
4770,stat_starvation,Sectid,-1,176,0,272,0,count:2
4770,stat_starvation,Sectid,-1,176,0,304,0,count:1
4770,stat_starvation,Sectid,-1,176,0,336,0,count:2
4770,stat_starvation,Camel,-1,176,0,400,0,count:1
4770,stat_starvation,Sectid,-1,176,0,400,0,count:2
4770,stat_starvation,Sectid,-1,176,0,432,0,count:1
4770,stat_starvation,Camel,-1,176,0,464,0,count:2
4770,stat_starvation,Musk Ox,-1,208,0,48,0,count:1
4770,stat_starvation,Elk,-1,208,0,48,0,count:2
4770,stat_starvation,Elk,-1,208,0,80,0,count:1
4770,stat_starvation,Sectid,-1,208,0,80,0,count:1
4770,stat_starvation,Hawk,-1,208,0,80,0,count:1
4770,stat_starvation,Sectid,-1,208,0,112,0,count:1
4770,stat_starvation,Musk Ox,-1,208,0,112,0,count:1
4770,stat_kill,Elk,-1,208,0,144,0,count:1
4770,stat_starvation,Hawk,-1,208,0,144,0,count:1
4770,stat_kill,Elk,-1,208,0,240,0,count:1
4770,stat_starvation,Camel,-1,208,0,304,0,count:1
4770,stat_kill,Fish,-1,208,0,304,0,count:1
4770,stat_starvation,Camel,-1,208,0,336,0,count:1
4770,stat_kill,Fish,-1,208,0,336,0,count:1
4770,stat_starvation,Sectid,-1,208,0,368,0,count:1
4770,stat_starvation,Camel,-1,208,0,368,0,count:1
4770,stat_starvation,Sectid,-1,208,0,400,0,count:1
4770,stat_starvation,Camel,-1,208,0,400,0,count:1
4770,stat_starvation,Camel,-1,208,0,432,0,count:1
4770,stat_starvation,Camel,-1,208,0,464,0,count:1
4770,stat_starvation,Deer,-1,240,0,80,0,count:1
4770,stat_starvation,Sectid,-1,240,0,144,0,count:1
4770,stat_starvation,Hawk,-1,240,0,144,0,count:1
4770,stat_starvation,Scorpion,-1,240,0,176,0,count:1
4770,stat_starvation,Sectid,-1,240,0,176,0,count:2
4770,stat_birth,Fish,-1,240,0,304,0,count:2
4770,stat_kill,Fish,-1,240,0,304,0,count:4
4770,stat_kill,Fish,-1,240,0,336,0,count:1
4770,stat_kill,Fish,-1,240,0,368,0,count:1
4770,stat_starvation,Sectid,-1,240,0,400,0,count:2
4770,stat_kill,Camel,-1,240,0,464,0,count:1
4770,stat_birth,Turtle,-1,272,0,16,0,count:1
4770,stat_birth,Sectid,-1,272,0,16,0,count:1
4770,stat_birth,Sectid,-1,272,0,48,0,count:1
4770,stat_starvation,Elk,-1,272,0,112,0,count:1
4770,stat_starvation,Musk Ox,-1,272,0,112,0,count:1
4770,stat_starvation,Sectid,-1,272,0,112,0,count:3
4770,stat_starvation,Hawk,-1,272,0,112,0,count:1
4770,stat_kill,Fish,-1,272,0,176,0,count:1
4770,stat_birth,Fish,-1,272,0,304,0,count:11
4770,stat_age_death,Fish,-1,272,0,304,0,count:1
4770,stat_kill,Fish,-1,272,0,304,0,count:10
4770,stat_starvation,Camel,-1,272,0,304,0,count:1
4770,stat_birth,Fish,-1,272,0,336,0,count:5
4770,stat_kill,Fish,-1,272,0,336,0,count:6
4770,stat_starvation,Elk,-1,272,0,336,0,count:1
4770,stat_starvation,Camel,-1,272,0,336,0,count:1
4770,stat_starvation,Camel,-1,272,0,368,0,count:1
4770,stat_starvation,Sectid,-1,272,0,400,0,count:2
4770,stat_birth,Sectid,-1,304,0,16,0,count:1
4770,stat_starvation,Sectid,-1,304,0,16,0,count:1
4770,stat_starvation,Musk Ox,-1,304,0,48,0,count:1
4770,stat_starvation,Hawk,-1,304,0,80,0,count:1
4770,stat_starvation,Sectid,-1,304,0,80,0,count:1
4770,stat_starvation,Musk Ox,-1,304,0,112,0,count:1
4770,stat_starvation,Elk,-1,304,0,112,0,count:1
4770,stat_starvation,Sectid,-1,304,0,112,0,count:3
4770,stat_kill,Fish,-1,304,0,144,0,count:1
4770,stat_starvation,Elk,-1,304,0,144,0,count:1
4770,stat_age_death,Sectid,-1,304,0,144,0,count:1
4770,stat_starvation,Deer,-1,304,0,176,0,count:2
4770,stat_birth,Fish,-1,304,0,176,0,count:1
4770,stat_kill,Fish,-1,304,0,176,0,count:5
4770,stat_birth,Sectid,-1,304,0,176,0,count:1
4770,stat_kill,Fish,-1,304,0,208,0,count:4
4770,stat_birth,Sectid,-1,304,0,208,0,count:3
4770,stat_age_death,Sectid,-1,304,0,208,0,count:1
4770,stat_birth,Fish,-1,304,0,272,0,count:4
4770,stat_kill,Fish,-1,304,0,272,0,count:4
4770,stat_birth,Sectid,-1,304,0,272,0,count:1
4770,stat_starvation,Elk,-1,304,0,304,0,count:1
4770,stat_birth,Fish,-1,304,0,304,0,count:6
4770,stat_kill,Fish,-1,304,0,304,0,count:7
4770,stat_birth,Fish,-1,304,0,336,0,count:5
4770,stat_kill,Fish,-1,304,0,336,0,count:7
4770,stat_starvation,Elk,-1,304,0,336,0,count:1
4770,stat_kill,Fish,-1,304,0,368,0,count:1
4770,stat_starvation,Musk Ox,-1,336,0,16,0,count:1
4770,stat_starvation,Bear,-1,336,0,16,0,count:1
4770,stat_starvation,Hawk,-1,336,0,48,0,count:1
4770,stat_starvation,Sectid,-1,336,0,48,0,count:1
4770,stat_starvation,Musk Ox,-1,336,0,80,0,count:1
4770,stat_starvation,Sectid,-1,336,0,80,0,count:2
4770,stat_starvation,Arctic Fox,-1,336,0,80,0,count:1
4770,stat_starvation,Deer,-1,336,0,112,0,count:1
4770,stat_starvation,Deer,-1,336,0,144,0,count:1
4770,stat_birth,Fish,-1,336,0,144,0,count:3
4770,stat_kill,Fish,-1,336,0,144,0,count:4
4770,stat_birth,Sectid,-1,336,0,144,0,count:1
4770,stat_birth,Fish,-1,336,0,176,0,count:27
4770,stat_age_death,Fish,-1,336,0,176,0,count:1
4770,stat_kill,Fish,-1,336,0,176,0,count:18
4770,stat_birth,Sectid,-1,336,0,176,0,count:2
4770,stat_birth,Hawk,-1,336,0,176,0,count:1
4770,stat_birth,Fish,-1,336,0,208,0,count:10
4770,stat_age_death,Fish,-1,336,0,208,0,count:1
4770,stat_kill,Fish,-1,336,0,208,0,count:13
4770,stat_birth,Sectid,-1,336,0,208,0,count:4
4770,stat_starvation,Elk,-1,336,0,208,0,count:1
4770,stat_birth,Fish,-1,336,0,240,0,count:28
4770,stat_age_death,Fish,-1,336,0,240,0,count:1
4770,stat_kill,Fish,-1,336,0,240,0,count:16
4770,stat_birth,Sectid,-1,336,0,240,0,count:2
4770,stat_birth,Fish,-1,336,0,272,0,count:7
4770,stat_kill,Fish,-1,336,0,272,0,count:6
4770,stat_birth,Sectid,-1,336,0,272,0,count:1
4770,stat_starvation,Elk,-1,336,0,304,0,count:1
4770,stat_kill,Fish,-1,336,0,304,0,count:2
4770,stat_starvation,Elk,-1,336,0,336,0,count:1
4770,stat_kill,Fish,-1,336,0,336,0,count:1
4770,stat_starvation,Sectid,-1,336,0,400,0,count:1
4770,stat_starvation,Hawk,-1,368,0,48,0,count:1
4770,stat_kill,Elk,-1,368,0,80,0,count:1
4770,stat_starvation,Deer,-1,368,0,112,0,count:1
4770,stat_birth,Fish,-1,368,0,112,0,count:2
4770,stat_kill,Fish,-1,368,0,112,0,count:4
4770,stat_kill,Fish,-1,368,0,144,0,count:3
4770,stat_birth,Sectid,-1,368,0,144,0,count:2
4770,stat_birth,Fish,-1,368,0,176,0,count:7
4770,stat_age_death,Fish,-1,368,0,176,0,count:1
4770,stat_kill,Fish,-1,368,0,176,0,count:9
4770,stat_starvation,Deer,-1,368,0,176,0,count:1
4770,stat_birth,Sectid,-1,368,0,176,0,count:2
4770,stat_age_death,Fish,-1,368,0,208,0,count:1
4770,stat_kill,Fish,-1,368,0,208,0,count:5
4770,stat_birth,Sectid,-1,368,0,208,0,count:1
4770,stat_birth,Fish,-1,368,0,240,0,count:2
4770,stat_kill,Fish,-1,368,0,240,0,count:5
4770,stat_birth,Sectid,-1,368,0,240,0,count:3
4770,stat_birth,Fish,-1,368,0,272,0,count:5
4770,stat_kill,Fish,-1,368,0,272,0,count:5
4770,stat_birth,Sectid,-1,368,0,272,0,count:1
4770,stat_kill,Fish,-1,368,0,304,0,count:1
4770,stat_starvation,Sectid,-1,368,0,336,0,count:2
4770,stat_starvation,Elk,-1,368,0,336,0,count:1
4770,stat_starvation,Hawk,-1,400,0,48,0,count:1
4770,stat_kill,Deer,-1,400,0,80,0,count:1
4770,stat_starvation,Elk,-1,400,0,112,0,count:1
4770,stat_kill,Fish,-1,400,0,112,0,count:2
4770,stat_birth,Sectid,-1,400,0,112,0,count:1
4770,stat_birth,Fish,-1,400,0,144,0,count:8
4770,stat_age_death,Fish,-1,400,0,144,0,count:1
4770,stat_kill,Fish,-1,400,0,144,0,count:9
4770,stat_birth,Arctic Fox,-1,400,0,144,0,count:1
4770,stat_birth,Sectid,-1,400,0,144,0,count:1
4770,stat_birth,Snake,-1,400,0,176,0,count:1
4770,stat_birth,Fish,-1,400,0,176,0,count:7
4770,stat_age_death,Fish,-1,400,0,176,0,count:1
4770,stat_kill,Fish,-1,400,0,176,0,count:5
4770,stat_birth,Sectid,-1,400,0,208,0,count:1
4770,stat_birth,Fish,-1,400,0,240,0,count:5
4770,stat_kill,Fish,-1,400,0,240,0,count:4
4770,stat_birth,Fish,-1,400,0,272,0,count:1
4770,stat_kill,Fish,-1,400,0,272,0,count:1
4770,stat_starvation,Sectid,-1,400,0,336,0,count:1
4770,stat_starvation,Elk,-1,400,0,336,0,count:1
4770,stat_starvation,Hawk,-1,432,0,16,0,count:1
4770,stat_starvation,Hawk,-1,432,0,48,0,count:1
4770,stat_starvation,Elk,-1,432,0,80,0,count:1
4770,stat_kill,Fish,-1,432,0,80,0,count:1
4770,stat_kill,Fish,-1,432,0,112,0,count:1
4770,stat_starvation,Elk,-1,432,0,112,0,count:1
4770,stat_birth,Sectid,-1,432,0,112,0,count:1
4770,stat_kill,Fish,-1,432,0,144,0,count:3
4770,stat_age_death,Fish,-1,432,0,176,0,count:1
4770,stat_kill,Fish,-1,432,0,176,0,count:2
4770,stat_kill,Fish,-1,432,0,208,0,count:1
4770,stat_birth,Sectid,-1,432,0,208,0,count:1
4770,stat_birth,Fish,-1,432,0,240,0,count:1
4770,stat_kill,Fish,-1,432,0,240,0,count:1
4770,stat_kill,Fish,-1,432,0,272,0,count:1
4770,stat_starvation,Elk,-1,432,0,336,0,count:1
4770,stat_birth,Fish,-1,432,0,336,0,count:1
4770,stat_kill,Fish,-1,432,0,336,0,count:1
4770,stat_starvation,Deer,-1,432,0,400,0,count:1
4770,stat_starvation,Elk,-1,432,0,400,0,count:1
4770,stat_starvation,Elk,-1,432,0,432,0,count:1
4770,stat_starvation,Deer,-1,432,0,464,0,count:1
4770,stat_birth,Fish,-1,464,0,112,0,count:2
4770,stat_kill,Fish,-1,464,0,112,0,count:1
4770,stat_birth,Fish,-1,464,0,176,0,count:5
4770,stat_birth,Fish,-1,464,0,208,0,count:2
4770,stat_kill,Fish,-1,464,0,208,0,count:1
4770,stat_birth,Fish,-1,464,0,272,0,count:1
4770,stat_kill,Fish,-1,464,0,272,0,count:1
4770,stat_birth,Sectid,-1,464,0,272,0,count:1
4770,stat_kill,Fish,-1,464,0,304,0,count:1
4770,stat_starvation,Elk,-1,464,0,304,0,count:1
4770,stat_birth,Sectid,-1,464,0,304,0,count:1
4770,stat_kill,Fish,-1,464,0,336,0,count:1
4770,stat_starvation,Elk,-1,464,0,336,0,count:1
4770,stat_starvation,Elk,-1,464,0,368,0,count:1
4770,stat_kill,Fish,-1,464,0,368,0,count:1
4770,stat_starvation,Elk,-1,464,0,400,0,count:1
4770,stat_starvation,Elk,-1,464,0,432,0,count:1
4770,stat_starvation,Elk,-1,464,0,464,0,count:1
4770,stat_starvation,Hawk,-1,496,0,112,0,count:1
4770,stat_birth,Fish,-1,496,0,304,0,count:2
4770,stat_kill,Fish,-1,496,0,304,0,count:2
4770,stat_birth,Fish,-1,496,0,336,0,count:2
4770,stat_starvation,Elk,-1,496,0,336,0,count:1
4770,stat_birth,Fish,-1,496,0,368,0,count:4
4770,stat_starvation,Elk,-1,496,0,400,0,count:1
4770,stat_starvation,Elk,-1,496,0,432,0,count:1
4800,stat_starvation,Elk,-1,16,0,16,0,count:1
4800,stat_starvation,Sectid,-1,16,0,208,0,count:1
4800,stat_starvation,Deer,-1,16,0,208,0,count:1
4800,stat_kill,Fish,-1,16,0,240,0,count:2
4800,stat_kill,Fish,-1,16,0,272,0,count:1
4800,stat_starvation,Camel,-1,16,0,304,0,count:1
4800,stat_birth,Fish,-1,16,0,304,0,count:1
4800,stat_kill,Fish,-1,16,0,304,0,count:1
4800,stat_starvation,Camel,-1,16,0,336,0,count:1
4800,stat_starvation,Sectid,-1,16,0,336,0,count:2
4800,stat_starvation,Elk,-1,48,0,48,0,count:1
4800,stat_starvation,Sectid,-1,48,0,80,0,count:2
4800,stat_starvation,Elk,-1,48,0,112,0,count:1
4800,stat_starvation,Elk,-1,48,0,144,0,count:1
4800,stat_kill,Deer,-1,48,0,176,0,count:1
4800,stat_starvation,Elk,-1,48,0,176,0,count:1
4800,stat_starvation,Deer,-1,48,0,208,0,count:1
4800,stat_starvation,Sectid,-1,48,0,208,0,count:1
4800,stat_starvation,Elk,-1,48,0,208,0,count:1
4800,stat_starvation,Camel,-1,48,0,240,0,count:1
4800,stat_starvation,Elk,-1,48,0,240,0,count:1
4800,stat_birth,Fish,-1,48,0,240,0,count:1
4800,stat_birth,Fish,-1,48,0,272,0,count:5
4800,stat_kill,Fish,-1,48,0,272,0,count:11
4800,stat_starvation,Camel,-1,48,0,272,0,count:1
4800,stat_birth,Fish,-1,48,0,304,0,count:1
4800,stat_starvation,Elk,-1,48,0,336,0,count:1
4800,stat_starvation,Camel,-1,48,0,336,0,count:1
4800,stat_starvation,Arctic Fox,-1,48,0,336,0,count:1
4800,stat_starvation,Sectid,-1,48,0,336,0,count:3
4800,stat_starvation,Camel,-1,48,0,368,0,count:1
4800,stat_starvation,Sectid,-1,48,0,368,0,count:1
4800,stat_starvation,Arctic Fox,-1,48,0,368,0,count:1
4800,stat_starvation,Camel,-1,48,0,432,0,count:1
4800,stat_starvation,Sectid,-1,48,0,432,0,count:1
4800,stat_starvation,Elk,-1,80,0,80,0,count:1
4800,stat_starvation,Sectid,-1,80,0,80,0,count:1
4800,stat_starvation,Elk,-1,80,0,144,0,count:1
4800,stat_starvation,Elk,-1,80,0,176,0,count:1
4800,stat_starvation,Sectid,-1,80,0,208,0,count:1
4800,stat_kill,Fish,-1,80,0,240,0,count:1
4800,stat_starvation,Camel,-1,80,0,240,0,count:1
4800,stat_starvation,Elk,-1,80,0,272,0,count:1
4800,stat_starvation,Camel,-1,80,0,304,0,count:1
4800,stat_starvation,Camel,-1,80,0,336,0,count:1
4800,stat_starvation,Sectid,-1,80,0,336,0,count:1
4800,stat_starvation,Arctic Fox,-1,80,0,336,0,count:1
4800,stat_starvation,Camel,-1,80,0,368,0,count:1
4800,stat_starvation,Camel,-1,80,0,400,0,count:1
4800,stat_starvation,Camel,-1,80,0,464,0,count:1
4800,stat_starvation,Hawk,-1,112,0,48,0,count:1
4800,stat_starvation,Hawk,-1,112,0,80,0,count:1
4800,stat_starvation,Elk,-1,112,0,112,0,count:1
4800,stat_starvation,Sectid,-1,112,0,208,0,count:1
4800,stat_starvation,Bear,-1,112,0,240,0,count:1
4800,stat_starvation,Camel,-1,112,0,240,0,count:1
4800,stat_starvation,Camel,-1,112,0,304,0,count:1
4800,stat_starvation,Sectid,-1,112,0,304,0,count:1
4800,stat_starvation,Arctic Fox,-1,112,0,304,0,count:2
4800,stat_starvation,Sectid,-1,112,0,336,0,count:2
4800,stat_starvation,Sectid,-1,112,0,368,0,count:1
4800,stat_starvation,Camel,-1,112,0,368,0,count:1
4800,stat_starvation,Elk,-1,112,0,368,0,count:1
4800,stat_kill,Camel,-1,112,0,400,0,count:1
4800,stat_starvation,Camel,-1,112,0,432,0,count:1
4800,stat_starvation,Camel,-1,112,0,464,0,count:1
4800,stat_kill,Musk Ox,-1,144,0,16,0,count:1
4800,stat_starvation,Sectid,-1,144,0,16,0,count:1
4800,stat_starvation,Hawk,-1,144,0,16,0,count:1
4800,stat_starvation,Deer,-1,144,0,48,0,count:1
4800,stat_birth,Sectid,-1,144,0,48,0,count:1
4800,stat_starvation,Sectid,-1,144,0,48,0,count:1
4800,stat_starvation,Hawk,-1,144,0,48,0,count:1
4800,stat_starvation,Elk,-1,144,0,144,0,count:1
4800,stat_starvation,Sectid,-1,144,0,240,0,count:2
4800,stat_starvation,Camel,-1,144,0,240,0,count:1
4800,stat_starvation,Elk,-1,144,0,272,0,count:1
4800,stat_starvation,Camel,-1,144,0,304,0,count:1
4800,stat_starvation,Camel,-1,144,0,336,0,count:1
4800,stat_starvation,Camel,-1,144,0,400,0,count:1
4800,stat_starvation,Camel,-1,144,0,464,0,count:1
4800,stat_starvation,Sectid,-1,176,0,48,0,count:1
4800,stat_starvation,Hawk,-1,176,0,48,0,count:1
4800,stat_starvation,Sectid,-1,176,0,112,0,count:1
4800,stat_starvation,Hawk,-1,176,0,112,0,count:1
4800,stat_starvation,Sectid,-1,176,0,144,0,count:1
4800,stat_starvation,Hawk,-1,176,0,144,0,count:2
4800,stat_starvation,Sectid,-1,176,0,176,0,count:2
4800,stat_starvation,Camel,-1,176,0,240,0,count:1
4800,stat_starvation,Sectid,-1,176,0,272,0,count:1
4800,stat_starvation,Camel,-1,176,0,272,0,count:1
4800,stat_starvation,Camel,-1,176,0,304,0,count:1
4800,stat_birth,Sectid,-1,176,0,304,0,count:1
4800,stat_starvation,Sectid,-1,176,0,304,0,count:2
4800,stat_starvation,Sectid,-1,176,0,336,0,count:1
4800,stat_starvation,Sectid,-1,176,0,400,0,count:1
4800,stat_starvation,Camel,-1,176,0,432,0,count:1
4800,stat_starvation,Sectid,-1,176,0,432,0,count:1
4800,stat_kill,Camel,-1,176,0,496,0,count:1
4800,stat_starvation,Hawk,-1,208,0,48,0,count:1
4800,stat_birth,Sectid,-1,208,0,80,0,count:1
4800,stat_starvation,Sectid,-1,208,0,80,0,count:1
4800,stat_starvation,Hawk,-1,208,0,80,0,count:2
4800,stat_starvation,Deer,-1,208,0,112,0,count:1
4800,stat_birth,Sectid,-1,208,0,112,0,count:1
4800,stat_starvation,Musk Ox,-1,208,0,112,0,count:1
4800,stat_starvation,Hawk,-1,208,0,112,0,count:1
4800,stat_starvation,Hawk,-1,208,0,144,0,count:1
4800,stat_kill,Deer,-1,208,0,208,0,count:1
4800,stat_starvation,Camel,-1,208,0,272,0,count:1
4800,stat_starvation,Camel,-1,208,0,336,0,count:1
4800,stat_starvation,Sectid,-1,208,0,368,0,count:2
4800,stat_starvation,Sectid,-1,208,0,400,0,count:1
4800,stat_starvation,Camel,-1,208,0,464,0,count:2
4800,stat_kill,Elk,-1,240,0,48,0,count:1
4800,stat_starvation,Musk Ox,-1,240,0,80,0,count:1
4800,stat_kill,Deer,-1,240,0,112,0,count:1
4800,stat_starvation,Hawk,-1,240,0,112,0,count:1
4800,stat_starvation,Sectid,-1,240,0,144,0,count:2
4800,stat_starvation,Hawk,-1,240,0,144,0,count:2
4800,stat_starvation,Deer,-1,240,0,176,0,count:1
4800,stat_starvation,Sectid,-1,240,0,176,0,count:1
4800,stat_birth,Fish,-1,240,0,304,0,count:1
4800,stat_kill,Fish,-1,240,0,304,0,count:4
4800,stat_starvation,Camel,-1,240,0,304,0,count:1
4800,stat_birth,Fish,-1,240,0,336,0,count:1
4800,stat_kill,Fish,-1,240,0,336,0,count:2
4800,stat_starvation,Camel,-1,240,0,336,0,count:1
4800,stat_starvation,Camel,-1,240,0,368,0,count:1
4800,stat_starvation,Sectid,-1,240,0,400,0,count:3
4800,stat_starvation,Sectid,-1,272,0,16,0,count:1
4800,stat_starvation,Musk Ox,-1,272,0,80,0,count:1
4800,stat_birth,Sectid,-1,272,0,112,0,count:1
4800,stat_starvation,Sectid,-1,272,0,112,0,count:1
4800,stat_starvation,Hawk,-1,272,0,112,0,count:1
4800,stat_kill,Fish,-1,272,0,144,0,count:1
4800,stat_starvation,Deer,-1,272,0,176,0,count:1
4800,stat_starvation,Elk,-1,272,0,176,0,count:1
4800,stat_birth,Fish,-1,272,0,304,0,count:12
4800,stat_age_death,Fish,-1,272,0,304,0,count:1
4800,stat_kill,Fish,-1,272,0,304,0,count:10
4800,stat_birth,Fish,-1,272,0,336,0,count:6
4800,stat_kill,Fish,-1,272,0,336,0,count:7
4800,stat_kill,Fish,-1,272,0,368,0,count:1
4800,stat_kill,Elk,-1,272,0,368,0,count:1
4800,stat_starvation,Sectid,-1,272,0,400,0,count:3
4800,stat_starvation,Camel,-1,272,0,432,0,count:2
4800,stat_starvation,Hawk,-1,304,0,48,0,count:1
4800,stat_birth,Sectid,-1,304,0,48,0,count:1
4800,stat_starvation,Sectid,-1,304,0,48,0,count:1
4800,stat_starvation,Musk Ox,-1,304,0,80,0,count:1
4800,stat_starvation,Hawk,-1,304,0,80,0,count:1
4800,stat_birth,Sectid,-1,304,0,80,0,count:1
4800,stat_starvation,Sectid,-1,304,0,80,0,count:1
4800,stat_starvation,Deer,-1,304,0,112,0,count:1
4800,stat_starvation,Hawk,-1,304,0,112,0,count:1
4800,stat_starvation,Elk,-1,304,0,112,0,count:1
4800,stat_starvation,Sectid,-1,304,0,112,0,count:3
4800,stat_birth,Fish,-1,304,0,144,0,count:1
4800,stat_kill,Fish,-1,304,0,144,0,count:2
4800,stat_birth,Sectid,-1,304,0,144,0,count:1
4800,stat_birth,Fish,-1,304,0,176,0,count:2
4800,stat_kill,Fish,-1,304,0,176,0,count:5
4800,stat_birth,Sectid,-1,304,0,176,0,count:1
4800,stat_kill,Fish,-1,304,0,208,0,count:5
4800,stat_birth,Sectid,-1,304,0,208,0,count:2
4800,stat_birth,Fish,-1,304,0,272,0,count:4
4800,stat_kill,Fish,-1,304,0,272,0,count:3
4800,stat_birth,Sectid,-1,304,0,272,0,count:1
4800,stat_birth,Fish,-1,304,0,304,0,count:7
4800,stat_kill,Fish,-1,304,0,304,0,count:7
4800,stat_birth,Sectid,-1,304,0,304,0,count:1
4800,stat_starvation,Camel,-1,304,0,336,0,count:1
4800,stat_birth,Fish,-1,304,0,336,0,count:5
4800,stat_kill,Fish,-1,304,0,336,0,count:6
4800,stat_starvation,Hawk,-1,336,0,16,0,count:1
4800,stat_starvation,Hawk,-1,336,0,48,0,count:1
4800,stat_starvation,Hawk,-1,336,0,80,0,count:1
4800,stat_birth,Sectid,-1,336,0,80,0,count:1
4800,stat_starvation,Sectid,-1,336,0,80,0,count:1
4800,stat_starvation,Arctic Fox,-1,336,0,80,0,count:1
4800,stat_starvation,Elk,-1,336,0,112,0,count:1
4800,stat_kill,Fish,-1,336,0,112,0,count:1
4800,stat_birth,Fish,-1,336,0,144,0,count:2
4800,stat_kill,Fish,-1,336,0,144,0,count:3
4800,stat_starvation,Musk Ox,-1,336,0,144,0,count:1
4800,stat_birth,Sectid,-1,336,0,144,0,count:1
4800,stat_birth,Fish,-1,336,0,176,0,count:27
4800,stat_age_death,Fish,-1,336,0,176,0,count:1
4800,stat_kill,Fish,-1,336,0,176,0,count:19
4800,stat_birth,Sectid,-1,336,0,176,0,count:2
4800,stat_birth,Fish,-1,336,0,208,0,count:9
4800,stat_age_death,Fish,-1,336,0,208,0,count:1
4800,stat_kill,Fish,-1,336,0,208,0,count:15
4800,stat_birth,Sectid,-1,336,0,208,0,count:3
4800,stat_birth,Fish,-1,336,0,240,0,count:29
4800,stat_age_death,Fish,-1,336,0,240,0,count:1
4800,stat_kill,Fish,-1,336,0,240,0,count:16
4800,stat_starvation,Deer,-1,336,0,240,0,count:1
4800,stat_birth,Sectid,-1,336,0,240,0,count:2
4800,stat_starvation,Elk,-1,336,0,272,0,count:1
4800,stat_birth,Fish,-1,336,0,272,0,count:8
4800,stat_kill,Fish,-1,336,0,272,0,count:7
4800,stat_birth,Sectid,-1,336,0,272,0,count:1
4800,stat_starvation,Camel,-1,336,0,272,0,count:1
4800,stat_kill,Fish,-1,336,0,304,0,count:1
4800,stat_starvation,Elk,-1,336,0,336,0,count:1
4800,stat_birth,Fish,-1,336,0,336,0,count:1
4800,stat_kill,Fish,-1,336,0,336,0,count:1
4800,stat_starvation,Sectid,-1,336,0,400,0,count:1
4800,stat_starvation,Hawk,-1,368,0,16,0,count:1
4800,stat_starvation,Elk,-1,368,0,48,0,count:1
4800,stat_starvation,Sectid,-1,368,0,48,0,count:1
4800,stat_birth,Fish,-1,368,0,112,0,count:3
4800,stat_kill,Fish,-1,368,0,112,0,count:4
4800,stat_starvation,Musk Ox,-1,368,0,112,0,count:1
4800,stat_birth,Sectid,-1,368,0,112,0,count:1
4800,stat_starvation,Elk,-1,368,0,144,0,count:1
4800,stat_kill,Fish,-1,368,0,144,0,count:4
4800,stat_birth,Sectid,-1,368,0,144,0,count:2
4800,stat_starvation,Elk,-1,368,0,176,0,count:1
4800,stat_birth,Fish,-1,368,0,176,0,count:6
4800,stat_age_death,Fish,-1,368,0,176,0,count:1
4800,stat_kill,Fish,-1,368,0,176,0,count:8
4800,stat_birth,Sectid,-1,368,0,176,0,count:3
4800,stat_kill,Shroomer,-1,368,0,208,0,count:1
4800,stat_age_death,Fish,-1,368,0,208,0,count:1
4800,stat_kill,Fish,-1,368,0,208,0,count:5
4800,stat_birth,Sectid,-1,368,0,208,0,count:2
4800,stat_birth,Fish,-1,368,0,240,0,count:3
4800,stat_kill,Fish,-1,368,0,240,0,count:5
4800,stat_birth,Sectid,-1,368,0,240,0,count:3
4800,stat_birth,Fish,-1,368,0,272,0,count:5
4800,stat_kill,Fish,-1,368,0,272,0,count:4
4800,stat_birth,Sectid,-1,368,0,272,0,count:1
4800,stat_starvation,Elk,-1,368,0,304,0,count:1
4800,stat_starvation,Sectid,-1,368,0,336,0,count:2
4800,stat_starvation,Deer,-1,368,0,432,0,count:1
4800,stat_starvation,Hawk,-1,400,0,48,0,count:1
4800,stat_starvation,Musk Ox,-1,400,0,80,0,count:1
4800,stat_starvation,Elk,-1,400,0,112,0,count:1
4800,stat_kill,Fish,-1,400,0,112,0,count:1
4800,stat_birth,Sectid,-1,400,0,112,0,count:1
4800,stat_birth,Fish,-1,400,0,144,0,count:8
4800,stat_age_death,Fish,-1,400,0,144,0,count:1
4800,stat_kill,Fish,-1,400,0,144,0,count:9
4800,stat_birth,Sectid,-1,400,0,144,0,count:1
4800,stat_birth,Snake,-1,400,0,176,0,count:1
4800,stat_starvation,Elk,-1,400,0,176,0,count:1
4800,stat_birth,Fish,-1,400,0,176,0,count:6
4800,stat_age_death,Fish,-1,400,0,176,0,count:1
4800,stat_kill,Fish,-1,400,0,176,0,count:5
4800,stat_kill,Fish,-1,400,0,208,0,count:1
4800,stat_birth,Sectid,-1,400,0,208,0,count:1
4800,stat_birth,Fish,-1,400,0,240,0,count:6
4800,stat_kill,Fish,-1,400,0,240,0,count:5
4800,stat_birth,Sectid,-1,400,0,240,0,count:1
4800,stat_kill,Fish,-1,400,0,272,0,count:1
4800,stat_starvation,Sectid,-1,400,0,336,0,count:2
4800,stat_starvation,Elk,-1,400,0,400,0,count:1
4800,stat_kill,Fish,-1,432,0,112,0,count:2
4800,stat_starvation,Elk,-1,432,0,112,0,count:1
4800,stat_kill,Fish,-1,432,0,144,0,count:3
4800,stat_age_death,Fish,-1,432,0,176,0,count:1
4800,stat_kill,Fish,-1,432,0,176,0,count:3
4800,stat_kill,Fish,-1,432,0,208,0,count:1
4800,stat_birth,Fish,-1,432,0,240,0,count:1
4800,stat_kill,Fish,-1,432,0,240,0,count:1
4800,stat_birth,Sectid,-1,432,0,240,0,count:1
4800,stat_birth,Fish,-1,432,0,272,0,count:1
4800,stat_birth,Sectid,-1,432,0,272,0,count:1
4800,stat_starvation,Elk,-1,432,0,336,0,count:1
4800,stat_birth,Fish,-1,432,0,368,0,count:1
4800,stat_kill,Fish,-1,432,0,368,0,count:1
4800,stat_starvation,Deer,-1,432,0,400,0,count:1
4800,stat_starvation,Elk,-1,432,0,400,0,count:1
4800,stat_starvation,Elk,-1,432,0,464,0,count:1
4800,stat_kill,Shroomer,-1,464,0,48,0,count:1
4800,stat_birth,Fish,-1,464,0,112,0,count:2
4800,stat_kill,Fish,-1,464,0,112,0,count:1
4800,stat_starvation,Elk,-1,464,0,112,0,count:1
4800,stat_kill,Fish,-1,464,0,144,0,count:1
4800,stat_birth,Fish,-1,464,0,176,0,count:6
4800,stat_kill,Fish,-1,464,0,176,0,count:1
4800,stat_birth,Fish,-1,464,0,208,0,count:3
4800,stat_birth,Sectid,-1,464,0,240,0,count:1
4800,stat_birth,Fish,-1,464,0,272,0,count:1
4800,stat_kill,Fish,-1,464,0,272,0,count:1
4800,stat_birth,Sectid,-1,464,0,272,0,count:1
4800,stat_kill,Fish,-1,464,0,304,0,count:1
4800,stat_starvation,Elk,-1,464,0,304,0,count:2
4800,stat_kill,Fish,-1,464,0,336,0,count:2
4800,stat_birth,Sectid,-1,464,0,368,0,count:1
4800,stat_kill,Fish,-1,496,0,272,0,count:1
4800,stat_birth,Fish,-1,496,0,304,0,count:2
4800,stat_kill,Fish,-1,496,0,304,0,count:1
4800,stat_kill,Fish,-1,496,0,336,0,count:1
4800,stat_starvation,Elk,-1,496,0,336,0,count:1
4800,stat_starvation,Elk,-1,496,0,368,0,count:1
4800,stat_birth,Fish,-1,496,0,368,0,count:3
4800,stat_kill,Fish,-1,496,0,368,0,count:1
4830,stat_starvation,Elk,-1,16,0,16,0,count:1
4830,stat_starvation,Elk,-1,16,0,48,0,count:1
4830,stat_kill,Elk,-1,16,0,112,0,count:1
4830,stat_kill,Deer,-1,16,0,112,0,count:1
4830,stat_starvation,Elk,-1,16,0,144,0,count:1
4830,stat_starvation,Elk,-1,16,0,176,0,count:1
4830,stat_starvation,Deer,-1,16,0,176,0,count:1
4830,stat_starvation,Elk,-1,16,0,208,0,count:1
4830,stat_birth,Fish,-1,16,0,240,0,count:1
4830,stat_kill,Fish,-1,16,0,240,0,count:1
4830,stat_kill,Elk,-1,16,0,272,0,count:1
4830,stat_kill,Elk,-1,16,0,304,0,count:1
4830,stat_kill,Fish,-1,16,0,304,0,count:1
4830,stat_starvation,Arctic Fox,-1,16,0,336,0,count:1
4830,stat_starvation,Sectid,-1,16,0,336,0,count:1
4830,stat_starvation,Sectid,-1,16,0,368,0,count:1
4830,stat_starvation,Sectid,-1,48,0,48,0,count:2
4830,stat_starvation,Sectid,-1,48,0,80,0,count:1
4830,stat_starvation,Elk,-1,48,0,80,0,count:1
4830,stat_starvation,Elk,-1,48,0,176,0,count:1
4830,stat_starvation,Sectid,-1,48,0,208,0,count:1
4830,stat_starvation,Camel,-1,48,0,240,0,count:1
4830,stat_kill,Fish,-1,48,0,240,0,count:1
4830,stat_birth,Fish,-1,48,0,272,0,count:4
4830,stat_kill,Fish,-1,48,0,272,0,count:11
4830,stat_starvation,Elk,-1,48,0,272,0,count:1
4830,stat_starvation,Camel,-1,48,0,272,0,count:1
4830,stat_kill,Fish,-1,48,0,304,0,count:1
4830,stat_starvation,Arctic Fox,-1,48,0,336,0,count:1
4830,stat_starvation,Sectid,-1,48,0,336,0,count:2
4830,stat_starvation,Elk,-1,48,0,368,0,count:1
4830,stat_starvation,Camel,-1,48,0,400,0,count:1
4830,stat_starvation,Sectid,-1,80,0,48,0,count:1
4830,stat_kill,Deer,-1,80,0,112,0,count:1
4830,stat_starvation,Elk,-1,80,0,144,0,count:1
4830,stat_starvation,Deer,-1,80,0,176,0,count:1
4830,stat_starvation,Sectid,-1,80,0,208,0,count:1
4830,stat_starvation,Camel,-1,80,0,240,0,count:1
4830,stat_starvation,Camel,-1,80,0,272,0,count:1
4830,stat_starvation,Camel,-1,80,0,304,0,count:1
4830,stat_kill,Fish,-1,80,0,304,0,count:1
4830,stat_starvation,Camel,-1,80,0,336,0,count:1
4830,stat_birth,Sectid,-1,80,0,336,0,count:1
4830,stat_starvation,Sectid,-1,80,0,336,0,count:2
4830,stat_kill,Sectid,-1,80,0,368,0,count:1
4830,stat_starvation,Arctic Fox,-1,80,0,368,0,count:1
4830,stat_starvation,Camel,-1,80,0,400,0,count:1
4830,stat_birth,Sectid,-1,80,0,400,0,count:1
4830,stat_starvation,Sectid,-1,80,0,400,0,count:1
4830,stat_starvation,Camel,-1,80,0,464,0,count:1
4830,stat_starvation,Elk,-1,112,0,80,0,count:1
4830,stat_starvation,Hawk,-1,112,0,80,0,count:1
4830,stat_starvation,Elk,-1,112,0,112,0,count:1
4830,stat_starvation,Deer,-1,112,0,144,0,count:1
4830,stat_starvation,Elk,-1,112,0,176,0,count:1
4830,stat_starvation,Sectid,-1,112,0,208,0,count:2
4830,stat_starvation,Camel,-1,112,0,208,0,count:1
4830,stat_starvation,Elk,-1,112,0,240,0,count:1
4830,stat_starvation,Camel,-1,112,0,304,0,count:1
4830,stat_starvation,Elk,-1,112,0,304,0,count:1
4830,stat_starvation,Sectid,-1,112,0,304,0,count:2
4830,stat_starvation,Arctic Fox,-1,112,0,304,0,count:1
4830,stat_starvation,Camel,-1,112,0,336,0,count:1
4830,stat_starvation,Sectid,-1,112,0,336,0,count:1
4830,stat_starvation,Sectid,-1,112,0,368,0,count:1
4830,stat_starvation,Camel,-1,112,0,432,0,count:1
4830,stat_starvation,Sectid,-1,112,0,464,0,count:1
4830,stat_starvation,Camel,-1,112,0,464,0,count:1
4830,stat_birth,Sectid,-1,144,0,16,0,count:1
4830,stat_starvation,Elk,-1,144,0,16,0,count:1
4830,stat_starvation,Hawk,-1,144,0,16,0,count:1
4830,stat_starvation,Sectid,-1,144,0,48,0,count:1
4830,stat_starvation,Elk,-1,144,0,48,0,count:1
4830,stat_starvation,Hawk,-1,144,0,48,0,count:1
4830,stat_starvation,Deer,-1,144,0,80,0,count:1
4830,stat_birth,Sectid,-1,144,0,80,0,count:1
4830,stat_starvation,Sectid,-1,144,0,80,0,count:1
4830,stat_starvation,Hawk,-1,144,0,80,0,count:1
4830,stat_starvation,Elk,-1,144,0,112,0,count:1
4830,stat_starvation,Sectid,-1,144,0,112,0,count:1
4830,stat_starvation,Elk,-1,144,0,144,0,count:1
4830,stat_starvation,Elk,-1,144,0,176,0,count:1
4830,stat_starvation,Sectid,-1,144,0,240,0,count:1
4830,stat_starvation,Camel,-1,144,0,240,0,count:1
4830,stat_starvation,Elk,-1,144,0,240,0,count:1
4830,stat_starvation,Camel,-1,144,0,272,0,count:1
4830,stat_starvation,Elk,-1,144,0,272,0,count:1
4830,stat_starvation,Camel,-1,144,0,304,0,count:1
4830,stat_starvation,Camel,-1,144,0,368,0,count:1
4830,stat_kill,Shroomer,-1,144,0,400,0,count:1
4830,stat_starvation,Camel,-1,144,0,464,0,count:2
4830,stat_starvation,Sectid,-1,176,0,48,0,count:1
4830,stat_starvation,Elk,-1,176,0,48,0,count:1
4830,stat_starvation,Hawk,-1,176,0,48,0,count:1
4830,stat_starvation,Sectid,-1,176,0,80,0,count:1
4830,stat_starvation,Elk,-1,176,0,112,0,count:1
4830,stat_birth,Sectid,-1,176,0,112,0,count:1
4830,stat_starvation,Hawk,-1,176,0,112,0,count:1
4830,stat_birth,Sectid,-1,176,0,144,0,count:1
4830,stat_starvation,Sectid,-1,176,0,144,0,count:1
4830,stat_starvation,Elk,-1,176,0,144,0,count:1
4830,stat_starvation,Hawk,-1,176,0,144,0,count:1
4830,stat_starvation,Elk,-1,176,0,176,0,count:1
4830,stat_starvation,Sectid,-1,176,0,176,0,count:1
4830,stat_starvation,Camel,-1,176,0,176,0,count:1
4830,stat_starvation,Elk,-1,176,0,208,0,count:1
4830,stat_starvation,Camel,-1,176,0,208,0,count:1
4830,stat_starvation,Elk,-1,176,0,240,0,count:1
4830,stat_starvation,Camel,-1,176,0,304,0,count:1
4830,stat_starvation,Sectid,-1,176,0,304,0,count:2
4830,stat_starvation,Camel,-1,176,0,336,0,count:1
4830,stat_starvation,Sectid,-1,176,0,336,0,count:1
4830,stat_starvation,Camel,-1,176,0,368,0,count:1
4830,stat_starvation,Camel,-1,176,0,400,0,count:1
4830,stat_starvation,Sectid,-1,176,0,400,0,count:2
4830,stat_starvation,Camel,-1,176,0,432,0,count:1
4830,stat_starvation,Sectid,-1,176,0,432,0,count:1
4830,stat_starvation,Camel,-1,176,0,464,0,count:2
4830,stat_starvation,Musk Ox,-1,208,0,16,0,count:1
4830,stat_starvation,Elk,-1,208,0,48,0,count:1
4830,stat_starvation,Sectid,-1,208,0,80,0,count:2
4830,stat_starvation,Musk Ox,-1,208,0,80,0,count:1
4830,stat_starvation,Hawk,-1,208,0,80,0,count:1
4830,stat_starvation,Sectid,-1,208,0,112,0,count:1
4830,stat_starvation,Hawk,-1,208,0,144,0,count:1
4830,stat_starvation,Elk,-1,208,0,176,0,count:1
4830,stat_kill,Fish,-1,208,0,304,0,count:1
4830,stat_birth,Fish,-1,208,0,336,0,count:1
4830,stat_starvation,Sectid,-1,208,0,368,0,count:3
4830,stat_starvation,Camel,-1,208,0,368,0,count:1
4830,stat_starvation,Sectid,-1,208,0,400,0,count:1
4830,stat_starvation,Camel,-1,208,0,400,0,count:1
4830,stat_starvation,Camel,-1,208,0,432,0,count:1
4830,stat_starvation,Camel,-1,208,0,464,0,count:1
4830,stat_starvation,Sectid,-1,240,0,16,0,count:1
4830,stat_starvation,Elk,-1,240,0,80,0,count:1
4830,stat_starvation,Hawk,-1,240,0,112,0,count:1
4830,stat_starvation,Deer,-1,240,0,144,0,count:1
4830,stat_starvation,Sectid,-1,240,0,144,0,count:2
4830,stat_starvation,Hawk,-1,240,0,144,0,count:1
4830,stat_starvation,Sectid,-1,240,0,176,0,count:2
4830,stat_starvation,Elk,-1,240,0,176,0,count:1
4830,stat_starvation,Hawk,-1,240,0,176,0,count:1
4830,stat_birth,Fish,-1,240,0,304,0,count:1
4830,stat_kill,Fish,-1,240,0,304,0,count:5
4830,stat_birth,Fish,-1,240,0,336,0,count:1
4830,stat_kill,Fish,-1,240,0,336,0,count:2
4830,stat_birth,Sectid,-1,240,0,400,0,count:1
4830,stat_starvation,Sectid,-1,240,0,400,0,count:1
4830,stat_starvation,Camel,-1,240,0,400,0,count:1
4830,stat_starvation,Sectid,-1,272,0,48,0,count:1
4830,stat_kill,Elk,-1,272,0,80,0,count:1
4830,stat_starvation,Musk Ox,-1,272,0,112,0,count:1
4830,stat_starvation,Sectid,-1,272,0,112,0,count:3
4830,stat_starvation,Hawk,-1,272,0,112,0,count:1
4830,stat_starvation,Elk,-1,272,0,144,0,count:1
4830,stat_kill,Fish,-1,272,0,176,0,count:1
4830,stat_starvation,Elk,-1,272,0,176,0,count:1
4830,stat_birth,Fish,-1,272,0,304,0,count:11
4830,stat_age_death,Fish,-1,272,0,304,0,count:1
4830,stat_kill,Fish,-1,272,0,304,0,count:9
4830,stat_birth,Sectid,-1,272,0,304,0,count:1
4830,stat_starvation,Camel,-1,272,0,304,0,count:1
4830,stat_birth,Fish,-1,272,0,336,0,count:6
4830,stat_kill,Fish,-1,272,0,336,0,count:7
4830,stat_starvation,Camel,-1,272,0,336,0,count:1
4830,stat_birth,Fish,-1,272,0,368,0,count:1
4830,stat_starvation,Camel,-1,272,0,368,0,count:1
4830,stat_starvation,Sectid,-1,272,0,400,0,count:2
4830,stat_starvation,Camel,-1,272,0,432,0,count:1
4830,stat_starvation,Deer,-1,304,0,48,0,count:1
4830,stat_starvation,Musk Ox,-1,304,0,48,0,count:1
4830,stat_starvation,Deer,-1,304,0,80,0,count:1
4830,stat_starvation,Musk Ox,-1,304,0,80,0,count:1
4830,stat_starvation,Hawk,-1,304,0,80,0,count:1
4830,stat_starvation,Sectid,-1,304,0,80,0,count:1
4830,stat_kill,Elk,-1,304,0,80,0,count:1
4830,stat_starvation,Hawk,-1,304,0,112,0,count:1
4830,stat_starvation,Sectid,-1,304,0,112,0,count:4
4830,stat_kill,Fish,-1,304,0,144,0,count:2
4830,stat_starvation,Musk Ox,-1,304,0,144,0,count:1
4830,stat_starvation,Deer,-1,304,0,176,0,count:1
4830,stat_birth,Fish,-1,304,0,176,0,count:2
4830,stat_kill,Fish,-1,304,0,176,0,count:5
4830,stat_birth,Sectid,-1,304,0,176,0,count:1
4830,stat_kill,Fish,-1,304,0,208,0,count:3
4830,stat_birth,Sectid,-1,304,0,208,0,count:3
4830,stat_birth,Fish,-1,304,0,272,0,count:4
4830,stat_kill,Fish,-1,304,0,272,0,count:4
4830,stat_birth,Sectid,-1,304,0,272,0,count:1
4830,stat_kill,Sectid,-1,304,0,272,0,count:1
4830,stat_birth,Fish,-1,304,0,304,0,count:6
4830,stat_kill,Fish,-1,304,0,304,0,count:7
4830,stat_starvation,Camel,-1,304,0,336,0,count:1
4830,stat_birth,Fish,-1,304,0,336,0,count:5
4830,stat_kill,Fish,-1,304,0,336,0,count:6
4830,stat_age_death,Sectid,-1,304,0,336,0,count:1
4830,stat_starvation,Hawk,-1,336,0,16,0,count:1
4830,stat_starvation,Hawk,-1,336,0,48,0,count:1
4830,stat_starvation,Hawk,-1,336,0,80,0,count:2
4830,stat_starvation,Sectid,-1,336,0,80,0,count:2
4830,stat_starvation,Elk,-1,336,0,112,0,count:1
4830,stat_birth,Fish,-1,336,0,112,0,count:1
4830,stat_starvation,Elk,-1,336,0,144,0,count:1
4830,stat_starvation,Deer,-1,336,0,144,0,count:1
4830,stat_birth,Fish,-1,336,0,144,0,count:3
4830,stat_kill,Fish,-1,336,0,144,0,count:3
4830,stat_birth,Sectid,-1,336,0,144,0,count:1
4830,stat_age_death,Sectid,-1,336,0,144,0,count:1
4830,stat_starvation,Elk,-1,336,0,176,0,count:1
4830,stat_birth,Fish,-1,336,0,176,0,count:28
4830,stat_age_death,Fish,-1,336,0,176,0,count:1
4830,stat_kill,Fish,-1,336,0,176,0,count:20
4830,stat_starvation,Deer,-1,336,0,176,0,count:1
4830,stat_birth,Sectid,-1,336,0,176,0,count:2
4830,stat_starvation,Musk Ox,-1,336,0,176,0,count:1
4830,stat_birth,Fish,-1,336,0,208,0,count:10
4830,stat_age_death,Fish,-1,336,0,208,0,count:1
4830,stat_kill,Fish,-1,336,0,208,0,count:15
4830,stat_starvation,Deer,-1,336,0,208,0,count:1
4830,stat_birth,Sectid,-1,336,0,208,0,count:2
4830,stat_age_death,Sectid,-1,336,0,208,0,count:1
4830,stat_starvation,Elk,-1,336,0,240,0,count:1
4830,stat_birth,Fish,-1,336,0,240,0,count:29
4830,stat_age_death,Fish,-1,336,0,240,0,count:1
4830,stat_kill,Fish,-1,336,0,240,0,count:17
4830,stat_birth,Sectid,-1,336,0,240,0,count:2
4830,stat_birth,Fish,-1,336,0,272,0,count:7
4830,stat_kill,Fish,-1,336,0,272,0,count:7
4830,stat_birth,Sectid,-1,336,0,272,0,count:1
4830,stat_kill,Fish,-1,336,0,304,0,count:1
4830,stat_kill,Camel,-1,336,0,368,0,count:1
4830,stat_starvation,Sectid,-1,336,0,400,0,count:1
4830,stat_starvation,Musk Ox,-1,368,0,48,0,count:1
4830,stat_starvation,Deer,-1,368,0,48,0,count:1
4830,stat_starvation,Hawk,-1,368,0,48,0,count:1
4830,stat_starvation,Sectid,-1,368,0,48,0,count:1
4830,stat_starvation,Musk Ox,-1,368,0,80,0,count:1
4830,stat_birth,Fish,-1,368,0,112,0,count:2
4830,stat_kill,Fish,-1,368,0,112,0,count:4
4830,stat_birth,Sectid,-1,368,0,112,0,count:1
4830,stat_starvation,Elk,-1,368,0,144,0,count:1
4830,stat_kill,Fish,-1,368,0,144,0,count:3
4830,stat_birth,Sectid,-1,368,0,144,0,count:2
4830,stat_birth,Fish,-1,368,0,176,0,count:7
4830,stat_age_death,Fish,-1,368,0,176,0,count:1
4830,stat_kill,Fish,-1,368,0,176,0,count:10
4830,stat_birth,Sectid,-1,368,0,176,0,count:2
4830,stat_kill,Fish,-1,368,0,208,0,count:6
4830,stat_birth,Sectid,-1,368,0,208,0,count:2
4830,stat_birth,Fish,-1,368,0,240,0,count:2
4830,stat_kill,Fish,-1,368,0,240,0,count:5
4830,stat_birth,Sectid,-1,368,0,240,0,count:2
4830,stat_birth,Fish,-1,368,0,272,0,count:5
4830,stat_kill,Fish,-1,368,0,272,0,count:5
4830,stat_starvation,Elk,-1,368,0,304,0,count:1
4830,stat_starvation,Sectid,-1,368,0,336,0,count:2
4830,stat_starvation,Musk Ox,-1,400,0,48,0,count:1
4830,stat_starvation,Elk,-1,400,0,48,0,count:1
4830,stat_kill,Elk,-1,400,0,80,0,count:1
4830,stat_kill,Fish,-1,400,0,112,0,count:2
4830,stat_birth,Sectid,-1,400,0,112,0,count:1
4830,stat_birth,Fish,-1,400,0,144,0,count:9
4830,stat_age_death,Fish,-1,400,0,144,0,count:1
4830,stat_kill,Fish,-1,400,0,144,0,count:9
4830,stat_starvation,Elk,-1,400,0,144,0,count:1
4830,stat_birth,Sectid,-1,400,0,144,0,count:2
4830,stat_birth,Snake,-1,400,0,176,0,count:1
4830,stat_birth,Fish,-1,400,0,176,0,count:7
4830,stat_age_death,Fish,-1,400,0,176,0,count:1
4830,stat_kill,Fish,-1,400,0,176,0,count:6
4830,stat_birth,Sectid,-1,400,0,176,0,count:1
4830,stat_birth,Fish,-1,400,0,240,0,count:5
4830,stat_kill,Fish,-1,400,0,240,0,count:4
4830,stat_birth,Sectid,-1,400,0,240,0,count:1
4830,stat_birth,Fish,-1,400,0,272,0,count:1
4830,stat_kill,Fish,-1,400,0,272,0,count:1
4830,stat_starvation,Sectid,-1,400,0,336,0,count:2
4830,stat_starvation,Elk,-1,400,0,336,0,count:1
4830,stat_starvation,Deer,-1,400,0,400,0,count:1
4830,stat_starvation,Elk,-1,400,0,400,0,count:1
4830,stat_kill,Fish,-1,432,0,112,0,count:2
4830,stat_starvation,Elk,-1,432,0,112,0,count:1
4830,stat_starvation,Elk,-1,432,0,144,0,count:1
4830,stat_kill,Fish,-1,432,0,144,0,count:3
4830,stat_birth,Sectid,-1,432,0,144,0,count:1
4830,stat_starvation,Elk,-1,432,0,176,0,count:1
4830,stat_age_death,Fish,-1,432,0,176,0,count:1
4830,stat_kill,Fish,-1,432,0,176,0,count:3
4830,stat_birth,Fish,-1,432,0,240,0,count:1
4830,stat_kill,Fish,-1,432,0,240,0,count:1
4830,stat_birth,Fish,-1,432,0,272,0,count:1
4830,stat_kill,Fish,-1,432,0,272,0,count:1
4830,stat_starvation,Fish,-1,432,0,304,0,count:1
4830,stat_starvation,Elk,-1,432,0,336,0,count:1
4830,stat_birth,Sectid,-1,432,0,336,0,count:1
4830,stat_starvation,Elk,-1,432,0,368,0,count:1
4830,stat_starvation,Deer,-1,432,0,400,0,count:2
4830,stat_starvation,Elk,-1,432,0,400,0,count:1
4830,stat_birth,Sectid,-1,432,0,400,0,count:1
4830,stat_starvation,Deer,-1,432,0,432,0,count:1
4830,stat_starvation,Elk,-1,432,0,432,0,count:1
4830,stat_birth,Fish,-1,464,0,112,0,count:2
4830,stat_kill,Fish,-1,464,0,112,0,count:2
4830,stat_birth,Fish,-1,464,0,176,0,count:6
4830,stat_birth,Fish,-1,464,0,208,0,count:3
4830,stat_birth,Fish,-1,464,0,272,0,count:1
4830,stat_kill,Fish,-1,464,0,272,0,count:2
4830,stat_kill,Fish,-1,464,0,304,0,count:2
4830,stat_starvation,Elk,-1,464,0,304,0,count:1
4830,stat_birth,Sectid,-1,464,0,304,0,count:1
4830,stat_birth,Fish,-1,464,0,336,0,count:2
4830,stat_kill,Fish,-1,464,0,336,0,count:1
4830,stat_starvation,Elk,-1,464,0,336,0,count:1
4830,stat_birth,Sectid,-1,464,0,336,0,count:1
4830,stat_birth,Fish,-1,496,0,304,0,count:2
4830,stat_kill,Fish,-1,496,0,304,0,count:2
4830,stat_kill,Fish,-1,496,0,336,0,count:1
4830,stat_starvation,Elk,-1,496,0,336,0,count:1
4830,stat_birth,Fish,-1,496,0,368,0,count:4
4860,stat_kill,Tapir,-1,16,0,144,0,count:1
4860,stat_starvation,Elk,-1,16,0,176,0,count:1
4860,stat_starvation,Sectid,-1,16,0,208,0,count:2
4860,stat_starvation,Deer,-1,16,0,208,0,count:1
4860,stat_kill,Fish,-1,16,0,240,0,count:1
4860,stat_kill,Fish,-1,16,0,272,0,count:1
4860,stat_starvation,Camel,-1,16,0,304,0,count:1
4860,stat_kill,Fish,-1,16,0,304,0,count:1
4860,stat_starvation,Camel,-1,16,0,336,0,count:1
4860,stat_starvation,Sectid,-1,16,0,336,0,count:2
4860,stat_starvation,Arctic Fox,-1,16,0,368,0,count:1
4860,stat_starvation,Sectid,-1,16,0,432,0,count:1
4860,stat_kill,Elk,-1,48,0,16,0,count:1
4860,stat_starvation,Elk,-1,48,0,48,0,count:1
4860,stat_starvation,Sectid,-1,48,0,48,0,count:1
4860,stat_starvation,Sectid,-1,48,0,80,0,count:1
4860,stat_starvation,Musk Ox,-1,48,0,80,0,count:1
4860,stat_starvation,Elk,-1,48,0,112,0,count:1
4860,stat_starvation,Elk,-1,48,0,176,0,count:1
4860,stat_starvation,Sectid,-1,48,0,208,0,count:2
4860,stat_starvation,Elk,-1,48,0,208,0,count:1
4860,stat_starvation,Camel,-1,48,0,240,0,count:1
4860,stat_kill,Fish,-1,48,0,240,0,count:1
4860,stat_birth,Fish,-1,48,0,272,0,count:4
4860,stat_kill,Fish,-1,48,0,272,0,count:9
4860,stat_starvation,Elk,-1,48,0,304,0,count:1
4860,stat_starvation,Camel,-1,48,0,304,0,count:1
4860,stat_starvation,Camel,-1,48,0,336,0,count:2
4860,stat_starvation,Arctic Fox,-1,48,0,336,0,count:1
4860,stat_birth,Sectid,-1,48,0,336,0,count:1
4860,stat_starvation,Sectid,-1,48,0,336,0,count:1
4860,stat_starvation,Camel,-1,48,0,368,0,count:1
4860,stat_birth,Sectid,-1,48,0,368,0,count:1
4860,stat_starvation,Sectid,-1,48,0,368,0,count:1
4860,stat_starvation,Arctic Fox,-1,48,0,368,0,count:1
4860,stat_starvation,Sectid,-1,80,0,80,0,count:1
4860,stat_starvation,Sectid,-1,80,0,208,0,count:2
4860,stat_starvation,Deer,-1,80,0,208,0,count:1
4860,stat_starvation,Elk,-1,80,0,208,0,count:1
4860,stat_starvation,Elk,-1,80,0,240,0,count:1
4860,stat_kill,Fish,-1,80,0,240,0,count:1
4860,stat_starvation,Camel,-1,80,0,240,0,count:1
4860,stat_starvation,Elk,-1,80,0,304,0,count:1
4860,stat_starvation,Camel,-1,80,0,336,0,count:1
4860,stat_starvation,Elk,-1,80,0,336,0,count:1
4860,stat_starvation,Sectid,-1,80,0,336,0,count:1
4860,stat_starvation,Arctic Fox,-1,80,0,336,0,count:2
4860,stat_starvation,Camel,-1,80,0,368,0,count:1
4860,stat_birth,Sectid,-1,80,0,368,0,count:1
4860,stat_starvation,Arctic Fox,-1,80,0,368,0,count:1
4860,stat_starvation,Sectid,-1,80,0,400,0,count:1
4860,stat_starvation,Camel,-1,80,0,432,0,count:1
4860,stat_starvation,Elk,-1,112,0,48,0,count:1
4860,stat_birth,Sectid,-1,112,0,48,0,count:1
4860,stat_starvation,Hawk,-1,112,0,48,0,count:1
4860,stat_starvation,Elk,-1,112,0,112,0,count:1
4860,stat_starvation,Sectid,-1,112,0,208,0,count:1
4860,stat_starvation,Camel,-1,112,0,240,0,count:1
4860,stat_kill,Elk,-1,112,0,272,0,count:1
4860,stat_starvation,Camel,-1,112,0,272,0,count:1
4860,stat_starvation,Camel,-1,112,0,304,0,count:1
4860,stat_starvation,Sectid,-1,112,0,304,0,count:1
4860,stat_starvation,Camel,-1,112,0,336,0,count:1
4860,stat_starvation,Sectid,-1,112,0,336,0,count:1
4860,stat_birth,Sectid,-1,112,0,368,0,count:1
4860,stat_starvation,Sectid,-1,112,0,368,0,count:1
4860,stat_starvation,Camel,-1,112,0,368,0,count:1
4860,stat_kill,Shroomer,-1,112,0,432,0,count:1
4860,stat_starvation,Sectid,-1,112,0,464,0,count:1
4860,stat_starvation,Camel,-1,112,0,464,0,count:1
4860,stat_starvation,Sectid,-1,144,0,16,0,count:2
4860,stat_starvation,Hawk,-1,144,0,16,0,count:1
4860,stat_starvation,Hawk,-1,144,0,48,0,count:1
4860,stat_starvation,Hawk,-1,144,0,80,0,count:1
4860,stat_starvation,Sectid,-1,144,0,112,0,count:1
4860,stat_starvation,Hawk,-1,144,0,112,0,count:1
4860,stat_starvation,Elk,-1,144,0,176,0,count:1
4860,stat_kill,Camel,-1,144,0,176,0,count:1
4860,stat_starvation,Sectid,-1,144,0,240,0,count:2
4860,stat_starvation,Elk,-1,144,0,272,0,count:1
4860,stat_starvation,Camel,-1,144,0,336,0,count:1
4860,stat_starvation,Camel,-1,144,0,368,0,count:2
4860,stat_starvation,Camel,-1,144,0,464,0,count:1
4860,stat_starvation,Hawk,-1,176,0,48,0,count:1
4860,stat_starvation,Deer,-1,176,0,80,0,count:1
4860,stat_starvation,Sectid,-1,176,0,80,0,count:1
4860,stat_starvation,Sectid,-1,176,0,112,0,count:1
4860,stat_starvation,Hawk,-1,176,0,112,0,count:1
4860,stat_starvation,Sectid,-1,176,0,144,0,count:1
4860,stat_starvation,Hawk,-1,176,0,144,0,count:1
4860,stat_birth,Sectid,-1,176,0,176,0,count:1
4860,stat_starvation,Sectid,-1,176,0,176,0,count:1
4860,stat_starvation,Sectid,-1,176,0,208,0,count:2
4860,stat_starvation,Camel,-1,176,0,208,0,count:1
4860,stat_starvation,Camel,-1,176,0,240,0,count:1
4860,stat_starvation,Sectid,-1,176,0,272,0,count:2
4860,stat_starvation,Sectid,-1,176,0,304,0,count:2
4860,stat_starvation,Camel,-1,176,0,336,0,count:1
4860,stat_starvation,Sectid,-1,176,0,336,0,count:2
4860,stat_starvation,Camel,-1,176,0,432,0,count:1
4860,stat_starvation,Sectid,-1,176,0,432,0,count:1
4860,stat_starvation,Camel,-1,176,0,464,0,count:1
4860,stat_starvation,Hawk,-1,208,0,48,0,count:1
4860,stat_starvation,Elk,-1,208,0,80,0,count:1
4860,stat_starvation,Sectid,-1,208,0,80,0,count:1
4860,stat_starvation,Hawk,-1,208,0,80,0,count:1
4860,stat_starvation,Sectid,-1,208,0,112,0,count:1
4860,stat_starvation,Musk Ox,-1,208,0,112,0,count:1
4860,stat_starvation,Hawk,-1,208,0,144,0,count:2
4860,stat_birth,Fish,-1,208,0,272,0,count:1
4860,stat_starvation,Camel,-1,208,0,304,0,count:1
4860,stat_starvation,Sectid,-1,208,0,368,0,count:2
4860,stat_starvation,Camel,-1,208,0,368,0,count:1
4860,stat_birth,Sectid,-1,208,0,400,0,count:1
4860,stat_starvation,Sectid,-1,208,0,400,0,count:1
4860,stat_starvation,Camel,-1,208,0,432,0,count:1
4860,stat_starvation,Musk Ox,-1,240,0,48,0,count:1
4860,stat_starvation,Hawk,-1,240,0,80,0,count:1
4860,stat_starvation,Hawk,-1,240,0,112,0,count:2
4860,stat_birth,Sectid,-1,240,0,144,0,count:1
4860,stat_starvation,Sectid,-1,240,0,144,0,count:1
4860,stat_starvation,Hawk,-1,240,0,144,0,count:1
4860,stat_birth,Sectid,-1,240,0,176,0,count:1
4860,stat_starvation,Sectid,-1,240,0,176,0,count:1
4860,stat_starvation,Hawk,-1,240,0,176,0,count:1
4860,stat_birth,Fish,-1,240,0,304,0,count:1
4860,stat_kill,Fish,-1,240,0,304,0,count:4
4860,stat_birth,Fish,-1,240,0,336,0,count:1
4860,stat_kill,Fish,-1,240,0,336,0,count:2
4860,stat_starvation,Camel,-1,240,0,336,0,count:1
4860,stat_kill,Fish,-1,240,0,368,0,count:1
4860,stat_starvation,Sectid,-1,240,0,400,0,count:2
4860,stat_birth,Sectid,-1,272,0,16,0,count:1
4860,stat_starvation,Deer,-1,272,0,48,0,count:1
4860,stat_starvation,Musk Ox,-1,272,0,48,0,count:1
4860,stat_birth,Sectid,-1,272,0,48,0,count:1
4860,stat_starvation,Musk Ox,-1,272,0,80,0,count:1
4860,stat_starvation,Sectid,-1,272,0,112,0,count:1
4860,stat_starvation,Hawk,-1,272,0,112,0,count:1
4860,stat_kill,Deer,-1,272,0,144,0,count:1
4860,stat_birth,Fish,-1,272,0,304,0,count:12
4860,stat_age_death,Fish,-1,272,0,304,0,count:1
4860,stat_kill,Fish,-1,272,0,304,0,count:10
4860,stat_starvation,Elk,-1,272,0,304,0,count:1
4860,stat_birth,Fish,-1,272,0,336,0,count:6
4860,stat_kill,Fish,-1,272,0,336,0,count:7
4860,stat_birth,Sectid,-1,272,0,336,0,count:1
4860,stat_starvation,Camel,-1,272,0,336,0,count:1
4860,stat_kill,Fish,-1,272,0,368,0,count:1
4860,stat_starvation,Sectid,-1,272,0,400,0,count:2
4860,stat_starvation,Camel,-1,272,0,432,0,count:1
4860,stat_kill,Camel,-1,272,0,464,0,count:1
4860,stat_starvation,Deer,-1,304,0,16,0,count:1
4860,stat_birth,Sectid,-1,304,0,16,0,count:1
4860,stat_starvation,Musk Ox,-1,304,0,80,0,count:1
4860,stat_starvation,Hawk,-1,304,0,80,0,count:1
4860,stat_starvation,Musk Ox,-1,304,0,112,0,count:1
4860,stat_starvation,Hawk,-1,304,0,112,0,count:2
4860,stat_starvation,Elk,-1,304,0,112,0,count:1
4860,stat_birth,Sectid,-1,304,0,112,0,count:2
4860,stat_starvation,Sectid,-1,304,0,112,0,count:2
4860,stat_birth,Fish,-1,304,0,144,0,count:1
4860,stat_kill,Fish,-1,304,0,144,0,count:1
4860,stat_starvation,Elk,-1,304,0,144,0,count:1
4860,stat_birth,Fish,-1,304,0,176,0,count:2
4860,stat_kill,Fish,-1,304,0,176,0,count:6
4860,stat_birth,Sectid,-1,304,0,176,0,count:1
4860,stat_starvation,Elk,-1,304,0,176,0,count:1
4860,stat_kill,Fish,-1,304,0,208,0,count:4
4860,stat_birth,Sectid,-1,304,0,208,0,count:2
4860,stat_kill,Shroomer,-1,304,0,272,0,count:1
4860,stat_birth,Fish,-1,304,0,272,0,count:4
4860,stat_kill,Fish,-1,304,0,272,0,count:3
4860,stat_birth,Sectid,-1,304,0,272,0,count:1
4860,stat_birth,Fish,-1,304,0,304,0,count:6
4860,stat_kill,Fish,-1,304,0,304,0,count:6
4860,stat_birth,Sectid,-1,304,0,304,0,count:1
4860,stat_starvation,Camel,-1,304,0,304,0,count:1
4860,stat_starvation,Camel,-1,304,0,336,0,count:1
4860,stat_birth,Fish,-1,304,0,336,0,count:4
4860,stat_kill,Fish,-1,304,0,336,0,count:5
4860,stat_birth,Sectid,-1,304,0,336,0,count:1
4860,stat_kill,Camel,-1,304,0,400,0,count:1
4860,stat_starvation,Musk Ox,-1,336,0,48,0,count:1
4860,stat_birth,Sectid,-1,336,0,48,0,count:1
4860,stat_starvation,Hawk,-1,336,0,80,0,count:1
4860,stat_starvation,Sectid,-1,336,0,80,0,count:2
4860,stat_starvation,Arctic Fox,-1,336,0,80,0,count:1
4860,stat_starvation,Elk,-1,336,0,112,0,count:1
4860,stat_starvation,Musk Ox,-1,336,0,112,0,count:1
4860,stat_kill,Fish,-1,336,0,112,0,count:1
4860,stat_starvation,Elk,-1,336,0,144,0,count:1
4860,stat_birth,Fish,-1,336,0,144,0,count:3
4860,stat_kill,Fish,-1,336,0,144,0,count:4
4860,stat_birth,Sectid,-1,336,0,144,0,count:1
4860,stat_birth,Fish,-1,336,0,176,0,count:27
4860,stat_age_death,Fish,-1,336,0,176,0,count:1
4860,stat_kill,Fish,-1,336,0,176,0,count:21
4860,stat_birth,Sectid,-1,336,0,176,0,count:2
4860,stat_birth,Fish,-1,336,0,208,0,count:9
4860,stat_age_death,Fish,-1,336,0,208,0,count:1
4860,stat_kill,Fish,-1,336,0,208,0,count:15
4860,stat_birth,Sectid,-1,336,0,208,0,count:2
4860,stat_birth,Fish,-1,336,0,240,0,count:29
4860,stat_age_death,Fish,-1,336,0,240,0,count:1
4860,stat_kill,Fish,-1,336,0,240,0,count:18
4860,stat_birth,Sectid,-1,336,0,240,0,count:2
4860,stat_birth,Fish,-1,336,0,272,0,count:7
4860,stat_kill,Fish,-1,336,0,272,0,count:6
4860,stat_birth,Sectid,-1,336,0,272,0,count:1
4860,stat_kill,Fish,-1,336,0,304,0,count:1
4860,stat_kill,Fish,-1,336,0,336,0,count:1
4860,stat_birth,Fish,-1,336,0,368,0,count:1
4860,stat_starvation,Hawk,-1,368,0,48,0,count:1
4860,stat_birth,Sectid,-1,368,0,48,0,count:1
4860,stat_starvation,Elk,-1,368,0,112,0,count:1
4860,stat_starvation,Deer,-1,368,0,112,0,count:1
4860,stat_birth,Fish,-1,368,0,112,0,count:3
4860,stat_kill,Fish,-1,368,0,112,0,count:3
4860,stat_kill,Fish,-1,368,0,144,0,count:4
4860,stat_starvation,Deer,-1,368,0,144,0,count:1
4860,stat_birth,Sectid,-1,368,0,144,0,count:2
4860,stat_birth,Fish,-1,368,0,176,0,count:6
4860,stat_age_death,Fish,-1,368,0,176,0,count:1
4860,stat_kill,Fish,-1,368,0,176,0,count:10
4860,stat_birth,Sectid,-1,368,0,176,0,count:3
4860,stat_age_death,Fish,-1,368,0,208,0,count:1
4860,stat_kill,Fish,-1,368,0,208,0,count:6
4860,stat_birth,Sectid,-1,368,0,208,0,count:2
4860,stat_birth,Fish,-1,368,0,240,0,count:3
4860,stat_kill,Fish,-1,368,0,240,0,count:5
4860,stat_birth,Sectid,-1,368,0,240,0,count:2
4860,stat_birth,Fish,-1,368,0,272,0,count:6
4860,stat_kill,Fish,-1,368,0,272,0,count:5
4860,stat_birth,Sectid,-1,368,0,272,0,count:1
4860,stat_kill,Fish,-1,368,0,304,0,count:1
4860,stat_starvation,Sectid,-1,368,0,336,0,count:2
4860,stat_starvation,Elk,-1,368,0,336,0,count:1
4860,stat_kill,Elk,-1,368,0,368,0,count:1
4860,stat_starvation,Elk,-1,368,0,432,0,count:1
4860,stat_starvation,Hawk,-1,400,0,48,0,count:1
4860,stat_starvation,Sectid,-1,400,0,48,0,count:1
4860,stat_kill,Fish,-1,400,0,80,0,count:1
4860,stat_kill,Fish,-1,400,0,112,0,count:1
4860,stat_birth,Sectid,-1,400,0,112,0,count:1
4860,stat_birth,Fish,-1,400,0,144,0,count:8
4860,stat_age_death,Fish,-1,400,0,144,0,count:1
4860,stat_kill,Fish,-1,400,0,144,0,count:10
4860,stat_starvation,Deer,-1,400,0,144,0,count:1
4860,stat_birth,Hawk,-1,400,0,144,0,count:1
4860,stat_starvation,Musk Ox,-1,400,0,144,0,count:1
4860,stat_birth,Sectid,-1,400,0,144,0,count:1
4860,stat_birth,Snake,-1,400,0,176,0,count:1
4860,stat_birth,Jaguar,-1,400,0,176,0,count:1
4860,stat_birth,Fish,-1,400,0,176,0,count:6
4860,stat_age_death,Fish,-1,400,0,176,0,count:1
4860,stat_kill,Fish,-1,400,0,176,0,count:6
4860,stat_birth,Sectid,-1,400,0,176,0,count:1
4860,stat_kill,Fish,-1,400,0,208,0,count:1
4860,stat_birth,Sectid,-1,400,0,208,0,count:1
4860,stat_birth,Fish,-1,400,0,240,0,count:6
4860,stat_kill,Fish,-1,400,0,240,0,count:5
4860,stat_birth,Fish,-1,400,0,272,0,count:1
4860,stat_kill,Fish,-1,400,0,272,0,count:1
4860,stat_kill,Tapir,-1,400,0,304,0,count:1
4860,stat_starvation,Sectid,-1,400,0,336,0,count:1
4860,stat_starvation,Elk,-1,400,0,400,0,count:1
4860,stat_starvation,Hawk,-1,432,0,48,0,count:1
4860,stat_starvation,Elk,-1,432,0,80,0,count:1
4860,stat_kill,Fish,-1,432,0,112,0,count:2
4860,stat_birth,Sectid,-1,432,0,112,0,count:1
4860,stat_age_death,Fish,-1,432,0,144,0,count:1
4860,stat_kill,Fish,-1,432,0,144,0,count:3
4860,stat_age_death,Fish,-1,432,0,176,0,count:1
4860,stat_kill,Fish,-1,432,0,176,0,count:4
4860,stat_kill,Fish,-1,432,0,208,0,count:1
4860,stat_birth,Sectid,-1,432,0,208,0,count:1
4860,stat_birth,Fish,-1,432,0,240,0,count:1
4860,stat_kill,Fish,-1,432,0,240,0,count:1
4860,stat_birth,Fish,-1,432,0,272,0,count:1
4860,stat_kill,Fish,-1,432,0,272,0,count:1
4860,stat_birth,Sectid,-1,432,0,304,0,count:1
4860,stat_kill,Fish,-1,432,0,336,0,count:1
4860,stat_birth,Fish,-1,432,0,368,0,count:1
4860,stat_starvation,Deer,-1,432,0,400,0,count:1
4860,stat_starvation,Elk,-1,432,0,400,0,count:1
4860,stat_birth,Fish,-1,464,0,112,0,count:2
4860,stat_kill,Fish,-1,464,0,112,0,count:1
4860,stat_starvation,Elk,-1,464,0,112,0,count:1
4860,stat_kill,Fish,-1,464,0,144,0,count:1
4860,stat_birth,Fish,-1,464,0,176,0,count:6
4860,stat_kill,Fish,-1,464,0,176,0,count:1
4860,stat_birth,Fish,-1,464,0,208,0,count:2
4860,stat_kill,Fish,-1,464,0,208,0,count:1
4860,stat_birth,Fish,-1,464,0,272,0,count:1
4860,stat_kill,Fish,-1,464,0,272,0,count:1
4860,stat_birth,Sectid,-1,464,0,272,0,count:1
4860,stat_kill,Fish,-1,464,0,304,0,count:1
4860,stat_birth,Sectid,-1,464,0,304,0,count:1
4860,stat_birth,Fish,-1,464,0,336,0,count:2
4860,stat_kill,Fish,-1,464,0,336,0,count:2
4860,stat_starvation,Elk,-1,464,0,336,0,count:1
4860,stat_birth,Sectid,-1,464,0,336,0,count:1
4860,stat_starvation,Elk,-1,464,0,432,0,count:1
4860,stat_starvation,Elk,-1,464,0,464,0,count:1
4860,stat_kill,Fish,-1,496,0,272,0,count:1
4860,stat_birth,Fish,-1,496,0,304,0,count:2
4860,stat_kill,Fish,-1,496,0,304,0,count:1
4860,stat_kill,Fish,-1,496,0,336,0,count:1
4860,stat_starvation,Elk,-1,496,0,336,0,count:1
4860,stat_birth,Fish,-1,496,0,368,0,count:4
4860,stat_kill,Fish,-1,496,0,368,0,count:1
4860,stat_starvation,Elk,-1,496,0,432,0,count:1
4890,stat_starvation,Elk,-1,16,0,16,0,count:1
4890,stat_starvation,Elk,-1,16,0,80,0,count:1
4890,stat_starvation,Elk,-1,16,0,112,0,count:1
4890,stat_starvation,Elk,-1,16,0,144,0,count:1
4890,stat_starvation,Sectid,-1,16,0,208,0,count:1
4890,stat_starvation,Elk,-1,16,0,240,0,count:1
4890,stat_kill,Fish,-1,16,0,240,0,count:1
4890,stat_kill,Camel,-1,16,0,240,0,count:1
4890,stat_starvation,Camel,-1,16,0,272,0,count:1
4890,stat_birth,Fish,-1,16,0,304,0,count:1
4890,stat_starvation,Camel,-1,16,0,336,0,count:1
4890,stat_starvation,Arctic Fox,-1,16,0,336,0,count:1
4890,stat_starvation,Camel,-1,16,0,368,0,count:1
4890,stat_kill,Musk Ox,-1,48,0,48,0,count:1
4890,stat_starvation,Sectid,-1,48,0,48,0,count:2
4890,stat_birth,Sectid,-1,48,0,80,0,count:1
4890,stat_starvation,Sectid,-1,48,0,80,0,count:1
4890,stat_kill,Faeling,-1,48,0,80,0,count:1
4890,stat_kill,Musk Ox,-1,48,0,112,0,count:1
4890,stat_starvation,Deer,-1,48,0,112,0,count:1
4890,stat_starvation,Deer,-1,48,0,144,0,count:1
4890,stat_starvation,Elk,-1,48,0,144,0,count:1
4890,stat_starvation,Deer,-1,48,0,208,0,count:1
4890,stat_starvation,Sectid,-1,48,0,208,0,count:1
4890,stat_kill,Camel,-1,48,0,208,0,count:1
4890,stat_starvation,Elk,-1,48,0,240,0,count:1
4890,stat_birth,Fish,-1,48,0,272,0,count:4
4890,stat_kill,Fish,-1,48,0,272,0,count:10
4890,stat_starvation,Camel,-1,48,0,272,0,count:1
4890,stat_starvation,Elk,-1,48,0,304,0,count:1
4890,stat_starvation,Elk,-1,48,0,336,0,count:1
4890,stat_starvation,Arctic Fox,-1,48,0,336,0,count:1
4890,stat_starvation,Sectid,-1,48,0,336,0,count:2
4890,stat_starvation,Sectid,-1,48,0,400,0,count:1
4890,stat_starvation,Camel,-1,48,0,432,0,count:1
4890,stat_starvation,Sectid,-1,48,0,432,0,count:1
4890,stat_starvation,Elk,-1,80,0,16,0,count:1
4890,stat_starvation,Sectid,-1,80,0,48,0,count:1
4890,stat_starvation,Sectid,-1,80,0,80,0,count:1
4890,stat_starvation,Sectid,-1,80,0,208,0,count:2
4890,stat_birth,Fish,-1,80,0,240,0,count:1
4890,stat_starvation,Camel,-1,80,0,304,0,count:1
4890,stat_starvation,Camel,-1,80,0,336,0,count:1
4890,stat_starvation,Sectid,-1,80,0,336,0,count:2
4890,stat_starvation,Camel,-1,80,0,368,0,count:1
4890,stat_starvation,Camel,-1,80,0,464,0,count:1
4890,stat_starvation,Sectid,-1,112,0,48,0,count:1
4890,stat_starvation,Deer,-1,112,0,80,0,count:1
4890,stat_birth,Sectid,-1,112,0,80,0,count:1
4890,stat_starvation,Sectid,-1,112,0,80,0,count:1
4890,stat_starvation,Hawk,-1,112,0,80,0,count:1
4890,stat_kill,Deer,-1,112,0,112,0,count:1
4890,stat_birth,Sectid,-1,112,0,208,0,count:1
4890,stat_starvation,Sectid,-1,112,0,208,0,count:2
4890,stat_starvation,Elk,-1,112,0,208,0,count:1
4890,stat_starvation,Camel,-1,112,0,208,0,count:1
4890,stat_starvation,Sectid,-1,112,0,272,0,count:1
4890,stat_starvation,Sectid,-1,112,0,304,0,count:2
4890,stat_starvation,Arctic Fox,-1,112,0,304,0,count:2
4890,stat_starvation,Camel,-1,112,0,336,0,count:1
4890,stat_birth,Sectid,-1,112,0,336,0,count:1
4890,stat_starvation,Sectid,-1,112,0,336,0,count:1
4890,stat_starvation,Arctic Fox,-1,112,0,336,0,count:1
4890,stat_starvation,Sectid,-1,112,0,368,0,count:1
4890,stat_starvation,Camel,-1,112,0,368,0,count:1
4890,stat_starvation,Elk,-1,112,0,368,0,count:1
4890,stat_starvation,Sectid,-1,112,0,464,0,count:1
4890,stat_starvation,Camel,-1,112,0,464,0,count:1
4890,stat_kill,Camel,-1,112,0,496,0,count:1
4890,stat_starvation,Sectid,-1,144,0,48,0,count:1
4890,stat_starvation,Elk,-1,144,0,48,0,count:1
4890,stat_starvation,Hawk,-1,144,0,48,0,count:1
4890,stat_starvation,Sectid,-1,144,0,80,0,count:1
4890,stat_starvation,Hawk,-1,144,0,80,0,count:1
4890,stat_starvation,Deer,-1,144,0,112,0,count:1
4890,stat_birth,Sectid,-1,144,0,112,0,count:1
4890,stat_starvation,Hawk,-1,144,0,112,0,count:1
4890,stat_kill,Deer,-1,144,0,208,0,count:1
4890,stat_starvation,Sectid,-1,144,0,240,0,count:1
4890,stat_starvation,Camel,-1,144,0,240,0,count:1
4890,stat_starvation,Camel,-1,144,0,304,0,count:1
4890,stat_starvation,Camel,-1,144,0,368,0,count:1
4890,stat_starvation,Camel,-1,144,0,400,0,count:1
4890,stat_starvation,Camel,-1,144,0,432,0,count:1
4890,stat_starvation,Camel,-1,144,0,464,0,count:1
4890,stat_starvation,Sectid,-1,176,0,48,0,count:1
4890,stat_starvation,Hawk,-1,176,0,48,0,count:1
4890,stat_starvation,Sectid,-1,176,0,80,0,count:1
4890,stat_starvation,Sectid,-1,176,0,112,0,count:1
4890,stat_starvation,Hawk,-1,176,0,112,0,count:2
4890,stat_starvation,Sectid,-1,176,0,144,0,count:1
4890,stat_starvation,Hawk,-1,176,0,144,0,count:1
4890,stat_starvation,Elk,-1,176,0,176,0,count:1
4890,stat_starvation,Deer,-1,176,0,176,0,count:1
4890,stat_starvation,Sectid,-1,176,0,176,0,count:1
4890,stat_starvation,Camel,-1,176,0,176,0,count:1
4890,stat_starvation,Sectid,-1,176,0,208,0,count:2
4890,stat_starvation,Elk,-1,176,0,208,0,count:1
4890,stat_starvation,Camel,-1,176,0,208,0,count:1
4890,stat_starvation,Sectid,-1,176,0,240,0,count:2
4890,stat_starvation,Camel,-1,176,0,240,0,count:1
4890,stat_starvation,Elk,-1,176,0,240,0,count:1
4890,stat_starvation,Sectid,-1,176,0,272,0,count:1
4890,stat_starvation,Camel,-1,176,0,304,0,count:2
4890,stat_starvation,Sectid,-1,176,0,304,0,count:2
4890,stat_starvation,Sectid,-1,176,0,336,0,count:1
4890,stat_starvation,Camel,-1,176,0,368,0,count:1
4890,stat_starvation,Camel,-1,176,0,400,0,count:2
4890,stat_starvation,Sectid,-1,176,0,400,0,count:1
4890,stat_starvation,Camel,-1,176,0,432,0,count:1
4890,stat_starvation,Camel,-1,176,0,464,0,count:1
4890,stat_starvation,Elk,-1,208,0,16,0,count:1
4890,stat_starvation,Elk,-1,208,0,48,0,count:1
4890,stat_starvation,Hawk,-1,208,0,48,0,count:1
4890,stat_starvation,Hawk,-1,208,0,80,0,count:2
4890,stat_starvation,Sectid,-1,208,0,112,0,count:1
4890,stat_starvation,Hawk,-1,208,0,112,0,count:1
4890,stat_kill,Deer,-1,208,0,144,0,count:1
4890,stat_starvation,Camel,-1,208,0,272,0,count:1
4890,stat_kill,Fish,-1,208,0,272,0,count:1
4890,stat_birth,Fish,-1,208,0,304,0,count:1
4890,stat_kill,Fish,-1,208,0,336,0,count:1
4890,stat_starvation,Sectid,-1,208,0,368,0,count:3
4890,stat_starvation,Sectid,-1,208,0,400,0,count:1
4890,stat_starvation,Camel,-1,208,0,400,0,count:1
4890,stat_starvation,Camel,-1,208,0,432,0,count:2
4890,stat_starvation,Camel,-1,208,0,464,0,count:1
4890,stat_age_death,Sectid,-1,240,0,48,0,count:1
4890,stat_starvation,Hawk,-1,240,0,112,0,count:1
4890,stat_starvation,Sectid,-1,240,0,144,0,count:2
4890,stat_starvation,Hawk,-1,240,0,144,0,count:1
4890,stat_starvation,Sectid,-1,240,0,176,0,count:2
4890,stat_starvation,Hawk,-1,240,0,176,0,count:1
4890,stat_birth,Fish,-1,240,0,304,0,count:3
4890,stat_kill,Fish,-1,240,0,304,0,count:3
4890,stat_birth,Fish,-1,240,0,336,0,count:1
4890,stat_kill,Fish,-1,240,0,336,0,count:1
4890,stat_starvation,Camel,-1,240,0,368,0,count:1
4890,stat_starvation,Sectid,-1,240,0,400,0,count:2
4890,stat_starvation,Sectid,-1,272,0,16,0,count:1
4890,stat_starvation,Musk Ox,-1,272,0,48,0,count:1
4890,stat_starvation,Musk Ox,-1,272,0,80,0,count:1
4890,stat_age_death,Hawk,-1,272,0,80,0,count:1
4890,stat_starvation,Sectid,-1,272,0,112,0,count:2
4890,stat_starvation,Hawk,-1,272,0,112,0,count:2
4890,stat_starvation,Elk,-1,272,0,144,0,count:1
4890,stat_kill,Fish,-1,272,0,144,0,count:1
4890,stat_starvation,Deer,-1,272,0,176,0,count:1
4890,stat_kill,Fish,-1,272,0,176,0,count:1
4890,stat_starvation,Elk,-1,272,0,176,0,count:1
4890,stat_birth,Fish,-1,272,0,304,0,count:11
4890,stat_age_death,Fish,-1,272,0,304,0,count:1
4890,stat_kill,Fish,-1,272,0,304,0,count:10
4890,stat_age_death,Sectid,-1,272,0,304,0,count:1
4890,stat_starvation,Camel,-1,272,0,304,0,count:1
4890,stat_birth,Fish,-1,272,0,336,0,count:6
4890,stat_kill,Fish,-1,272,0,336,0,count:7
4890,stat_starvation,Camel,-1,272,0,336,0,count:1
4890,stat_kill,Fish,-1,272,0,368,0,count:1
4890,stat_birth,Sectid,-1,272,0,400,0,count:1
4890,stat_starvation,Sectid,-1,272,0,400,0,count:1
4890,stat_starvation,Camel,-1,272,0,432,0,count:2
4890,stat_starvation,Deer,-1,304,0,16,0,count:2
4890,stat_birth,Sectid,-1,304,0,48,0,count:1
4890,stat_starvation,Sectid,-1,304,0,48,0,count:1
4890,stat_starvation,Musk Ox,-1,304,0,80,0,count:1
4890,stat_starvation,Hawk,-1,304,0,80,0,count:1
4890,stat_starvation,Sectid,-1,304,0,80,0,count:1
4890,stat_starvation,Hawk,-1,304,0,112,0,count:1
4890,stat_starvation,Elk,-1,304,0,112,0,count:1
4890,stat_starvation,Sectid,-1,304,0,112,0,count:4
4890,stat_kill,Fish,-1,304,0,144,0,count:2
4890,stat_starvation,Elk,-1,304,0,144,0,count:1
4890,stat_birth,Sectid,-1,304,0,144,0,count:1
4890,stat_birth,Fish,-1,304,0,176,0,count:1
4890,stat_kill,Fish,-1,304,0,176,0,count:5
4890,stat_birth,Sectid,-1,304,0,176,0,count:1
4890,stat_starvation,Elk,-1,304,0,176,0,count:1
4890,stat_kill,Fish,-1,304,0,208,0,count:4
4890,stat_birth,Sectid,-1,304,0,208,0,count:2
4890,stat_birth,Fish,-1,304,0,272,0,count:4
4890,stat_kill,Fish,-1,304,0,272,0,count:4
4890,stat_birth,Sectid,-1,304,0,272,0,count:1
4890,stat_birth,Fish,-1,304,0,304,0,count:7
4890,stat_kill,Fish,-1,304,0,304,0,count:7
4890,stat_age_death,Sectid,-1,304,0,304,0,count:1
4890,stat_starvation,Camel,-1,304,0,336,0,count:1
4890,stat_birth,Fish,-1,304,0,336,0,count:5
4890,stat_kill,Fish,-1,304,0,336,0,count:6
4890,stat_kill,Fish,-1,304,0,368,0,count:1
4890,stat_age_death,Sectid,-1,304,0,368,0,count:1
4890,stat_starvation,Elk,-1,304,0,368,0,count:1
4890,stat_starvation,Hawk,-1,336,0,16,0,count:1
4890,stat_starvation,Hawk,-1,336,0,48,0,count:2
4890,stat_starvation,Sectid,-1,336,0,48,0,count:1
4890,stat_starvation,Hawk,-1,336,0,80,0,count:2
4890,stat_birth,Sectid,-1,336,0,80,0,count:1
4890,stat_starvation,Sectid,-1,336,0,80,0,count:1
4890,stat_starvation,Arctic Fox,-1,336,0,80,0,count:1
4890,stat_starvation,Elk,-1,336,0,112,0,count:1
4890,stat_starvation,Elk,-1,336,0,144,0,count:1
4890,stat_birth,Fish,-1,336,0,144,0,count:2
4890,stat_kill,Fish,-1,336,0,144,0,count:3
4890,stat_birth,Sectid,-1,336,0,144,0,count:1
4890,stat_birth,Fish,-1,336,0,176,0,count:28
4890,stat_age_death,Fish,-1,336,0,176,0,count:1
4890,stat_kill,Fish,-1,336,0,176,0,count:21
4890,stat_birth,Sectid,-1,336,0,176,0,count:2
4890,stat_age_death,Sectid,-1,336,0,176,0,count:1
4890,stat_birth,Fish,-1,336,0,208,0,count:9
4890,stat_age_death,Fish,-1,336,0,208,0,count:1
4890,stat_kill,Fish,-1,336,0,208,0,count:15
4890,stat_birth,Sectid,-1,336,0,208,0,count:3
4890,stat_starvation,Elk,-1,336,0,208,0,count:1
4890,stat_birth,Fish,-1,336,0,240,0,count:30
4890,stat_age_death,Fish,-1,336,0,240,0,count:1
4890,stat_kill,Fish,-1,336,0,240,0,count:19
4890,stat_birth,Sectid,-1,336,0,240,0,count:1
4890,stat_birth,Fish,-1,336,0,272,0,count:8
4890,stat_kill,Fish,-1,336,0,272,0,count:7
4890,stat_birth,Sectid,-1,336,0,272,0,count:1
4890,stat_starvation,Elk,-1,336,0,304,0,count:1
4890,stat_kill,Fish,-1,336,0,304,0,count:1
4890,stat_starvation,Elk,-1,336,0,336,0,count:1
4890,stat_kill,Fish,-1,336,0,336,0,count:1
4890,stat_starvation,Elk,-1,336,0,368,0,count:1
4890,stat_kill,Fish,-1,336,0,368,0,count:1
4890,stat_starvation,Sectid,-1,336,0,400,0,count:2
4890,stat_starvation,Hawk,-1,368,0,48,0,count:1
4890,stat_starvation,Sectid,-1,368,0,48,0,count:1
4890,stat_starvation,Musk Ox,-1,368,0,80,0,count:1
4890,stat_starvation,Deer,-1,368,0,80,0,count:1
4890,stat_starvation,Elk,-1,368,0,112,0,count:1
4890,stat_birth,Fish,-1,368,0,112,0,count:2
4890,stat_kill,Fish,-1,368,0,112,0,count:4
4890,stat_birth,Sectid,-1,368,0,112,0,count:1
4890,stat_kill,Fish,-1,368,0,144,0,count:3
4890,stat_birth,Sectid,-1,368,0,144,0,count:1
4890,stat_birth,Fish,-1,368,0,176,0,count:7
4890,stat_age_death,Fish,-1,368,0,176,0,count:1
4890,stat_kill,Fish,-1,368,0,176,0,count:10
4890,stat_birth,Sectid,-1,368,0,176,0,count:4
4890,stat_kill,Fish,-1,368,0,208,0,count:6
4890,stat_birth,Sectid,-1,368,0,208,0,count:3
4890,stat_age_death,Sectid,-1,368,0,208,0,count:1
4890,stat_birth,Fish,-1,368,0,240,0,count:3
4890,stat_kill,Fish,-1,368,0,240,0,count:6
4890,stat_birth,Sectid,-1,368,0,240,0,count:1
4890,stat_birth,Fish,-1,368,0,272,0,count:5
4890,stat_kill,Fish,-1,368,0,272,0,count:5
4890,stat_birth,Sectid,-1,368,0,272,0,count:1
4890,stat_starvation,Elk,-1,368,0,304,0,count:1
4890,stat_starvation,Sectid,-1,368,0,336,0,count:2
4890,stat_starvation,Elk,-1,368,0,400,0,count:1
4890,stat_starvation,Hawk,-1,400,0,48,0,count:1
4890,stat_starvation,Sectid,-1,400,0,48,0,count:1
4890,stat_kill,Fish,-1,400,0,112,0,count:2
4890,stat_birth,Sectid,-1,400,0,112,0,count:1
4890,stat_birth,Fish,-1,400,0,144,0,count:8
4890,stat_age_death,Fish,-1,400,0,144,0,count:1
4890,stat_kill,Fish,-1,400,0,144,0,count:11
4890,stat_birth,Sectid,-1,400,0,144,0,count:2
4890,stat_birth,Snake,-1,400,0,176,0,count:1
4890,stat_age_death,Snake,-1,400,0,176,0,count:1
4890,stat_birth,Fish,-1,400,0,176,0,count:7
4890,stat_age_death,Fish,-1,400,0,176,0,count:1
4890,stat_kill,Fish,-1,400,0,176,0,count:7
4890,stat_birth,Sectid,-1,400,0,176,0,count:1
4890,stat_birth,Sectid,-1,400,0,208,0,count:1
4890,stat_birth,Fish,-1,400,0,240,0,count:6
4890,stat_kill,Fish,-1,400,0,240,0,count:5
4890,stat_birth,Sectid,-1,400,0,240,0,count:1
4890,stat_kill,Fish,-1,400,0,272,0,count:1
4890,stat_kill,Fish,-1,400,0,304,0,count:1
4890,stat_starvation,Sectid,-1,400,0,336,0,count:1
4890,stat_starvation,Elk,-1,400,0,336,0,count:1
4890,stat_starvation,Elk,-1,400,0,368,0,count:1
4890,stat_starvation,Deer,-1,400,0,400,0,count:1
4890,stat_starvation,Deer,-1,400,0,432,0,count:1
4890,stat_starvation,Hawk,-1,432,0,48,0,count:1
4890,stat_kill,Fish,-1,432,0,112,0,count:2
4890,stat_starvation,Elk,-1,432,0,112,0,count:1
4890,stat_age_death,Fish,-1,432,0,144,0,count:1
4890,stat_kill,Fish,-1,432,0,144,0,count:3
4890,stat_age_death,Fish,-1,432,0,176,0,count:1
4890,stat_kill,Fish,-1,432,0,176,0,count:4
4890,stat_kill,Fish,-1,432,0,208,0,count:1
4890,stat_birth,Sectid,-1,432,0,208,0,count:1
4890,stat_birth,Fish,-1,432,0,240,0,count:1
4890,stat_kill,Fish,-1,432,0,240,0,count:1
4890,stat_birth,Fish,-1,432,0,272,0,count:1
4890,stat_kill,Fish,-1,432,0,272,0,count:1
4890,stat_kill,Fish,-1,432,0,368,0,count:1
4890,stat_birth,Sectid,-1,432,0,368,0,count:1
4890,stat_starvation,Deer,-1,432,0,432,0,count:2
4890,stat_starvation,Deer,-1,432,0,464,0,count:1
4890,stat_birth,Fish,-1,464,0,112,0,count:2
4890,stat_kill,Fish,-1,464,0,112,0,count:1
4890,stat_birth,Fish,-1,464,0,176,0,count:7
4890,stat_kill,Fish,-1,464,0,176,0,count:1
4890,stat_birth,Fish,-1,464,0,208,0,count:3
4890,stat_birth,Sectid,-1,464,0,208,0,count:1
4890,stat_birth,Fish,-1,464,0,272,0,count:1
4890,stat_kill,Fish,-1,464,0,272,0,count:2
4890,stat_kill,Fish,-1,464,0,304,0,count:2
4890,stat_birth,Shroomer,-1,464,0,304,0,count:1
4890,stat_starvation,Elk,-1,464,0,304,0,count:1
4890,stat_kill,Sectid,-1,464,0,304,0,count:1
4890,stat_birth,Fish,-1,464,0,336,0,count:1
4890,stat_kill,Fish,-1,464,0,336,0,count:2
4890,stat_starvation,Elk,-1,464,0,336,0,count:1
4890,stat_starvation,Elk,-1,464,0,368,0,count:1
4890,stat_kill,Fish,-1,464,0,368,0,count:1
4890,stat_birth,Sectid,-1,464,0,368,0,count:1
4890,stat_starvation,Elk,-1,464,0,464,0,count:1
4890,stat_kill,Fish,-1,496,0,304,0,count:2
4890,stat_kill,Fish,-1,496,0,336,0,count:1
4890,stat_starvation,Elk,-1,496,0,336,0,count:1
4890,stat_birth,Fish,-1,496,0,368,0,count:5
4904,reproduce,Elk,391,234,7,207,9,offspring:1
4904,reproduce,Elk,392,231,9,209,3,offspring:1
4904,reproduce,Elk,394,235,4,209,8,offspring:1
4904,reproduce,Elk,396,235,8,212,3,offspring:1
4904,reproduce,Elk,397,233,8,209,7,offspring:1
4904,reproduce,Elk,584,234,1,220,0,offspring:1
4904,reproduce,Elk,587,234,2,212,1,offspring:1
4904,reproduce,Elk,675,239,9,205,3,offspring:1
4904,reproduce,Elk,711,235,6,213,0,offspring:1
4904,reproduce,Elk,712,238,3,214,1,offspring:1
4904,reproduce,Elk,720,243,7,207,0,offspring:1
4904,reproduce,Elk,721,239,4,206,2,offspring:1
4904,reproduce,Elk,806,231,2,249,9,offspring:1
4904,reproduce,Elk,865,229,3,233,1,offspring:1
4904,reproduce,Elk,1023,234,9,226,0,offspring:1
4920,stat_starvation,Elk,-1,16,0,48,0,count:1
4920,stat_starvation,Elk,-1,16,0,176,0,count:1
4920,stat_starvation,Sectid,-1,16,0,208,0,count:2
4920,stat_starvation,Elk,-1,16,0,240,0,count:1
4920,stat_birth,Fish,-1,16,0,240,0,count:1
4920,stat_kill,Fish,-1,16,0,272,0,count:1
4920,stat_starvation,Camel,-1,16,0,272,0,count:1
4920,stat_kill,Deer,-1,16,0,304,0,count:1
4920,stat_kill,Fish,-1,16,0,304,0,count:1
4920,stat_starvation,Arctic Fox,-1,16,0,336,0,count:1
4920,stat_birth,Sectid,-1,16,0,336,0,count:1
4920,stat_starvation,Sectid,-1,16,0,336,0,count:1
4920,stat_starvation,Arctic Fox,-1,16,0,368,0,count:1
4920,stat_starvation,Sectid,-1,48,0,48,0,count:1
4920,stat_starvation,Sectid,-1,48,0,80,0,count:1
4920,stat_starvation,Elk,-1,48,0,80,0,count:1
4920,stat_starvation,Elk,-1,48,0,112,0,count:1
4920,stat_starvation,Elk,-1,48,0,144,0,count:2
4920,stat_starvation,Elk,-1,48,0,176,0,count:1
4920,stat_starvation,Sectid,-1,48,0,208,0,count:3
4920,stat_starvation,Camel,-1,48,0,240,0,count:1
4920,stat_starvation,Deer,-1,48,0,240,0,count:1
4920,stat_birth,Fish,-1,48,0,272,0,count:3
4920,stat_kill,Fish,-1,48,0,272,0,count:9
4920,stat_starvation,Elk,-1,48,0,272,0,count:1
4920,stat_starvation,Elk,-1,48,0,304,0,count:1
4920,stat_starvation,Camel,-1,48,0,304,0,count:1
4920,stat_starvation,Camel,-1,48,0,336,0,count:1
4920,stat_starvation,Arctic Fox,-1,48,0,336,0,count:2
4920,stat_starvation,Sectid,-1,48,0,336,0,count:2
4920,stat_starvation,Camel,-1,48,0,368,0,count:1
4920,stat_starvation,Arctic Fox,-1,48,0,368,0,count:1
4920,stat_starvation,Camel,-1,48,0,400,0,count:1
4920,stat_kill,Camel,-1,48,0,464,0,count:1
4920,stat_starvation,Elk,-1,80,0,144,0,count:1
4920,stat_starvation,Elk,-1,80,0,176,0,count:1
4920,stat_starvation,Sectid,-1,80,0,208,0,count:2
4920,stat_starvation,Deer,-1,80,0,208,0,count:1
4920,stat_starvation,Camel,-1,80,0,240,0,count:1
4920,stat_starvation,Elk,-1,80,0,304,0,count:1
4920,stat_starvation,Camel,-1,80,0,336,0,count:1
4920,stat_birth,Sectid,-1,80,0,336,0,count:1
4920,stat_starvation,Arctic Fox,-1,80,0,336,0,count:1
4920,stat_starvation,Arctic Fox,-1,80,0,368,0,count:1
4920,stat_starvation,Camel,-1,80,0,400,0,count:1
4920,stat_starvation,Sectid,-1,80,0,400,0,count:1
4920,stat_starvation,Sectid,-1,112,0,48,0,count:1
4920,stat_starvation,Hawk,-1,112,0,48,0,count:1
4920,stat_starvation,Hawk,-1,112,0,80,0,count:1
4920,stat_kill,Deer,-1,112,0,176,0,count:1
4920,stat_starvation,Sectid,-1,112,0,208,0,count:1
4920,stat_starvation,Camel,-1,112,0,240,0,count:1
4920,stat_starvation,Arctic Fox,-1,112,0,272,0,count:1
4920,stat_starvation,Sectid,-1,112,0,272,0,count:2
4920,stat_starvation,Camel,-1,112,0,304,0,count:1
4920,stat_starvation,Elk,-1,112,0,304,0,count:1
4920,stat_starvation,Sectid,-1,112,0,304,0,count:1
4920,stat_starvation,Arctic Fox,-1,112,0,304,0,count:1
4920,stat_starvation,Sectid,-1,112,0,336,0,count:1
4920,stat_starvation,Arctic Fox,-1,112,0,336,0,count:1
4920,stat_starvation,Sectid,-1,112,0,368,0,count:1
4920,stat_starvation,Camel,-1,112,0,368,0,count:1
4920,stat_starvation,Sectid,-1,144,0,16,0,count:1
4920,stat_starvation,Elk,-1,144,0,16,0,count:1
4920,stat_starvation,Deer,-1,144,0,16,0,count:1
4920,stat_starvation,Hawk,-1,144,0,16,0,count:1
4920,stat_starvation,Deer,-1,144,0,48,0,count:1
4920,stat_starvation,Sectid,-1,144,0,48,0,count:1
4920,stat_starvation,Musk Ox,-1,144,0,48,0,count:1
4920,stat_starvation,Hawk,-1,144,0,48,0,count:1
4920,stat_birth,Sectid,-1,144,0,80,0,count:1
4920,stat_starvation,Hawk,-1,144,0,80,0,count:2
4920,stat_starvation,Elk,-1,144,0,112,0,count:1
4920,stat_starvation,Sectid,-1,144,0,112,0,count:1
4920,stat_starvation,Hawk,-1,144,0,112,0,count:1
4920,stat_starvation,Elk,-1,144,0,144,0,count:1
4920,stat_starvation,Hawk,-1,144,0,144,0,count:1
4920,stat_starvation,Elk,-1,144,0,208,0,count:1
4920,stat_kill,Camel,-1,144,0,208,0,count:1
4920,stat_starvation,Sectid,-1,144,0,240,0,count:2
4920,stat_starvation,Camel,-1,144,0,240,0,count:1
4920,stat_starvation,Elk,-1,144,0,240,0,count:1
4920,stat_starvation,Elk,-1,144,0,272,0,count:1
4920,stat_starvation,Camel,-1,144,0,304,0,count:2
4920,stat_starvation,Elk,-1,144,0,304,0,count:1
4920,stat_starvation,Camel,-1,144,0,336,0,count:1
4920,stat_kill,Camel,-1,144,0,496,0,count:1
4920,stat_starvation,Elk,-1,176,0,16,0,count:1
4920,stat_birth,Sectid,-1,176,0,48,0,count:1
4920,stat_starvation,Sectid,-1,176,0,48,0,count:1
4920,stat_starvation,Hawk,-1,176,0,48,0,count:1
4920,stat_starvation,Sectid,-1,176,0,80,0,count:1
4920,stat_starvation,Deer,-1,176,0,112,0,count:1
4920,stat_starvation,Elk,-1,176,0,112,0,count:1
4920,stat_starvation,Deer,-1,176,0,144,0,count:1
4920,stat_starvation,Elk,-1,176,0,144,0,count:1
4920,stat_starvation,Hawk,-1,176,0,144,0,count:1
4920,stat_starvation,Elk,-1,176,0,176,0,count:1
4920,stat_starvation,Sectid,-1,176,0,176,0,count:2
4920,stat_starvation,Sectid,-1,176,0,208,0,count:1
4920,stat_starvation,Sectid,-1,176,0,240,0,count:3
4920,stat_starvation,Elk,-1,176,0,240,0,count:1
4920,stat_starvation,Sectid,-1,176,0,272,0,count:1
4920,stat_starvation,Camel,-1,176,0,272,0,count:1
4920,stat_kill,Elk,-1,176,0,272,0,count:1
4920,stat_starvation,Sectid,-1,176,0,304,0,count:1
4920,stat_starvation,Elk,-1,176,0,304,0,count:1
4920,stat_starvation,Camel,-1,176,0,336,0,count:1
4920,stat_starvation,Camel,-1,176,0,400,0,count:1
4920,stat_starvation,Sectid,-1,176,0,400,0,count:1
4920,stat_starvation,Sectid,-1,176,0,432,0,count:1
4920,stat_starvation,Camel,-1,176,0,464,0,count:1
4920,stat_starvation,Elk,-1,208,0,16,0,count:1
4920,stat_starvation,Elk,-1,208,0,48,0,count:1
4920,stat_starvation,Hawk,-1,208,0,48,0,count:1
4920,stat_starvation,Elk,-1,208,0,80,0,count:1
4920,stat_birth,Sectid,-1,208,0,80,0,count:1
4920,stat_starvation,Sectid,-1,208,0,80,0,count:1
4920,stat_starvation,Hawk,-1,208,0,80,0,count:1
4920,stat_starvation,Sectid,-1,208,0,112,0,count:2
4920,stat_starvation,Musk Ox,-1,208,0,112,0,count:1
4920,stat_starvation,Hawk,-1,208,0,144,0,count:1
4920,stat_starvation,Camel,-1,208,0,272,0,count:1
4920,stat_starvation,Camel,-1,208,0,304,0,count:1
4920,stat_kill,Fish,-1,208,0,304,0,count:1
4920,stat_starvation,Camel,-1,208,0,336,0,count:1
4920,stat_starvation,Sectid,-1,208,0,368,0,count:2
4920,stat_starvation,Sectid,-1,208,0,400,0,count:1
4920,stat_starvation,Camel,-1,208,0,400,0,count:2
4920,stat_starvation,Camel,-1,208,0,432,0,count:1
4920,stat_starvation,Camel,-1,208,0,464,0,count:1
4920,stat_starvation,Musk Ox,-1,240,0,16,0,count:1
4920,stat_kill,Deer,-1,240,0,48,0,count:1
4920,stat_starvation,Musk Ox,-1,240,0,48,0,count:1
4920,stat_starvation,Deer,-1,240,0,80,0,count:1
4920,stat_starvation,Musk Ox,-1,240,0,80,0,count:1
4920,stat_starvation,Hawk,-1,240,0,112,0,count:1
4920,stat_starvation,Elk,-1,240,0,144,0,count:1
4920,stat_starvation,Sectid,-1,240,0,144,0,count:1
4920,stat_starvation,Hawk,-1,240,0,144,0,count:2
4920,stat_starvation,Sectid,-1,240,0,176,0,count:1
4920,stat_starvation,Elk,-1,240,0,176,0,count:1
4920,stat_starvation,Hawk,-1,240,0,176,0,count:1
4920,stat_birth,Fish,-1,240,0,304,0,count:3
4920,stat_kill,Fish,-1,240,0,304,0,count:4
4920,stat_starvation,Camel,-1,240,0,304,0,count:1
4920,stat_birth,Fish,-1,240,0,336,0,count:1
4920,stat_kill,Fish,-1,240,0,336,0,count:2
4920,stat_starvation,Camel,-1,240,0,336,0,count:1
4920,stat_starvation,Sectid,-1,240,0,400,0,count:1
4920,stat_kill,Shroomer,-1,240,0,464,0,count:1
4920,stat_starvation,Deer,-1,272,0,16,0,count:1
4920,stat_starvation,Sectid,-1,272,0,16,0,count:1
4920,stat_birth,Turtle,-1,272,0,48,0,count:1
4920,stat_kill,Turtle,-1,272,0,48,0,count:1
4920,stat_starvation,Deer,-1,272,0,48,0,count:1
4920,stat_starvation,Musk Ox,-1,272,0,48,0,count:1
4920,stat_starvation,Musk Ox,-1,272,0,80,0,count:1
4920,stat_birth,Sectid,-1,272,0,80,0,count:1
4920,stat_starvation,Elk,-1,272,0,112,0,count:1
4920,stat_birth,Sectid,-1,272,0,112,0,count:1
4920,stat_starvation,Sectid,-1,272,0,112,0,count:2
4920,stat_starvation,Hawk,-1,272,0,112,0,count:1
4920,stat_birth,Fish,-1,272,0,304,0,count:12
4920,stat_age_death,Fish,-1,272,0,304,0,count:1
4920,stat_kill,Fish,-1,272,0,304,0,count:9
4920,stat_birth,Sectid,-1,272,0,304,0,count:1
4920,stat_starvation,Camel,-1,272,0,304,0,count:1
4920,stat_birth,Fish,-1,272,0,336,0,count:5
4920,stat_kill,Fish,-1,272,0,336,0,count:6
4920,stat_starvation,Camel,-1,272,0,336,0,count:1
4920,stat_birth,Fish,-1,272,0,368,0,count:1
4920,stat_starvation,Camel,-1,272,0,368,0,count:1
4920,stat_starvation,Sectid,-1,272,0,400,0,count:2
4920,stat_starvation,Deer,-1,304,0,16,0,count:1
4920,stat_starvation,Deer,-1,304,0,48,0,count:1
4920,stat_starvation,Musk Ox,-1,304,0,48,0,count:1
4920,stat_starvation,Deer,-1,304,0,80,0,count:1
4920,stat_starvation,Hawk,-1,304,0,80,0,count:1
4920,stat_birth,Sectid,-1,304,0,80,0,count:1
4920,stat_starvation,Sectid,-1,304,0,80,0,count:1
4920,stat_starvation,Hawk,-1,304,0,112,0,count:2
4920,stat_birth,Sectid,-1,304,0,112,0,count:1
4920,stat_starvation,Sectid,-1,304,0,112,0,count:2
4920,stat_kill,Fish,-1,304,0,144,0,count:2
4920,stat_starvation,Elk,-1,304,0,144,0,count:1
4920,stat_birth,Fish,-1,304,0,176,0,count:2
4920,stat_kill,Fish,-1,304,0,176,0,count:5
4920,stat_birth,Sectid,-1,304,0,176,0,count:1
4920,stat_starvation,Elk,-1,304,0,176,0,count:1
4920,stat_kill,Frog,-1,304,0,208,0,count:1
4920,stat_kill,Fish,-1,304,0,208,0,count:4
4920,stat_birth,Sectid,-1,304,0,208,0,count:3
4920,stat_birth,Snake,-1,304,0,272,0,count:1
4920,stat_birth,Fish,-1,304,0,272,0,count:5
4920,stat_kill,Fish,-1,304,0,272,0,count:4
4920,stat_birth,Sectid,-1,304,0,272,0,count:1
4920,stat_birth,Fish,-1,304,0,304,0,count:6
4920,stat_kill,Fish,-1,304,0,304,0,count:7
4920,stat_birth,Sectid,-1,304,0,304,0,count:1
4920,stat_starvation,Camel,-1,304,0,304,0,count:1
4920,stat_birth,Fish,-1,304,0,336,0,count:5
4920,stat_kill,Fish,-1,304,0,336,0,count:6
4920,stat_starvation,Elk,-1,304,0,368,0,count:2
4920,stat_starvation,Hawk,-1,336,0,48,0,count:1
4920,stat_starvation,Sectid,-1,336,0,48,0,count:1
4920,stat_starvation,Musk Ox,-1,336,0,80,0,count:1
4920,stat_starvation,Hawk,-1,336,0,80,0,count:1
4920,stat_starvation,Elk,-1,336,0,80,0,count:1
4920,stat_starvation,Sectid,-1,336,0,80,0,count:1
4920,stat_starvation,Arctic Fox,-1,336,0,80,0,count:1
4920,stat_starvation,Musk Ox,-1,336,0,112,0,count:1
4920,stat_kill,Fish,-1,336,0,112,0,count:1
4920,stat_birth,Fish,-1,336,0,144,0,count:3
4920,stat_kill,Fish,-1,336,0,144,0,count:4
4920,stat_birth,Sectid,-1,336,0,144,0,count:1
4920,stat_starvation,Elk,-1,336,0,176,0,count:1
4920,stat_birth,Fish,-1,336,0,176,0,count:28
4920,stat_age_death,Fish,-1,336,0,176,0,count:1
4920,stat_kill,Fish,-1,336,0,176,0,count:23
4920,stat_birth,Sectid,-1,336,0,176,0,count:2
4920,stat_birth,Hawk,-1,336,0,176,0,count:1
4920,stat_birth,Fish,-1,336,0,208,0,count:9
4920,stat_age_death,Fish,-1,336,0,208,0,count:1
4920,stat_kill,Fish,-1,336,0,208,0,count:16
4920,stat_birth,Sectid,-1,336,0,208,0,count:2
4920,stat_birth,Fish,-1,336,0,240,0,count:31
4920,stat_age_death,Fish,-1,336,0,240,0,count:1
4920,stat_kill,Fish,-1,336,0,240,0,count:19
4920,stat_birth,Sectid,-1,336,0,240,0,count:2
4920,stat_age_death,Sectid,-1,336,0,240,0,count:1
4920,stat_starvation,Elk,-1,336,0,272,0,count:1
4920,stat_birth,Fish,-1,336,0,272,0,count:7
4920,stat_kill,Fish,-1,336,0,272,0,count:7
4920,stat_birth,Sectid,-1,336,0,272,0,count:1
4920,stat_kill,Fish,-1,336,0,304,0,count:1
4920,stat_kill,Camel,-1,336,0,304,0,count:1
4920,stat_birth,Fish,-1,336,0,336,0,count:1
4920,stat_starvation,Sectid,-1,336,0,400,0,count:1
4920,stat_starvation,Musk Ox,-1,368,0,16,0,count:1
4920,stat_starvation,Hawk,-1,368,0,16,0,count:1
4920,stat_starvation,Hawk,-1,368,0,48,0,count:1
4920,stat_starvation,Sectid,-1,368,0,48,0,count:1
4920,stat_starvation,Arctic Fox,-1,368,0,48,0,count:1
4920,stat_starvation,Musk Ox,-1,368,0,80,0,count:1
4920,stat_starvation,Elk,-1,368,0,112,0,count:1
4920,stat_birth,Fish,-1,368,0,112,0,count:2
4920,stat_kill,Fish,-1,368,0,112,0,count:4
4920,stat_kill,Fish,-1,368,0,144,0,count:4
4920,stat_birth,Sectid,-1,368,0,144,0,count:3
4920,stat_birth,Fish,-1,368,0,176,0,count:6
4920,stat_age_death,Fish,-1,368,0,176,0,count:1
4920,stat_kill,Fish,-1,368,0,176,0,count:11
4920,stat_birth,Sectid,-1,368,0,176,0,count:3
4920,stat_kill,Fish,-1,368,0,208,0,count:7
4920,stat_birth,Sectid,-1,368,0,208,0,count:3
4920,stat_birth,Fish,-1,368,0,240,0,count:2
4920,stat_kill,Fish,-1,368,0,240,0,count:5
4920,stat_birth,Sectid,-1,368,0,240,0,count:1
4920,stat_birth,Fish,-1,368,0,272,0,count:6
4920,stat_kill,Fish,-1,368,0,272,0,count:5
4920,stat_birth,Sectid,-1,368,0,272,0,count:1
4920,stat_age_death,Sectid,-1,368,0,272,0,count:1
4920,stat_starvation,Sectid,-1,368,0,336,0,count:2
4920,stat_starvation,Elk,-1,368,0,336,0,count:1
4920,stat_starvation,Deer,-1,368,0,400,0,count:1
4920,stat_starvation,Sectid,-1,400,0,48,0,count:1
4920,stat_kill,Fish,-1,400,0,112,0,count:2
4920,stat_birth,Sectid,-1,400,0,112,0,count:1
4920,stat_birth,Fish,-1,400,0,144,0,count:8
4920,stat_age_death,Fish,-1,400,0,144,0,count:1
4920,stat_kill,Fish,-1,400,0,144,0,count:11
4920,stat_starvation,Elk,-1,400,0,144,0,count:1
4920,stat_birth,Hawk,-1,400,0,144,0,count:1
4920,stat_birth,Sectid,-1,400,0,144,0,count:1
4920,stat_birth,Snake,-1,400,0,176,0,count:1
4920,stat_birth,Fish,-1,400,0,176,0,count:6
4920,stat_age_death,Fish,-1,400,0,176,0,count:1
4920,stat_kill,Fish,-1,400,0,176,0,count:8
4920,stat_starvation,Fish,-1,400,0,208,0,count:1
4920,stat_kill,Fish,-1,400,0,208,0,count:1
4920,stat_birth,Sectid,-1,400,0,208,0,count:1
4920,stat_birth,Fish,-1,400,0,240,0,count:6
4920,stat_kill,Fish,-1,400,0,240,0,count:6
4920,stat_birth,Fish,-1,400,0,272,0,count:1
4920,stat_kill,Fish,-1,400,0,272,0,count:1
4920,stat_starvation,Elk,-1,400,0,304,0,count:1
4920,stat_starvation,Sectid,-1,400,0,336,0,count:1
4920,stat_starvation,Elk,-1,400,0,336,0,count:1
4920,stat_starvation,Elk,-1,400,0,368,0,count:1
4920,stat_starvation,Elk,-1,400,0,400,0,count:1
4920,stat_starvation,Deer,-1,400,0,432,0,count:1
4920,stat_kill,Fish,-1,432,0,112,0,count:2
4920,stat_birth,Sectid,-1,432,0,112,0,count:1
4920,stat_kill,Fish,-1,432,0,144,0,count:3
4920,stat_birth,Sectid,-1,432,0,144,0,count:1
4920,stat_age_death,Fish,-1,432,0,176,0,count:1
4920,stat_kill,Fish,-1,432,0,176,0,count:4
4920,stat_birth,Sectid,-1,432,0,176,0,count:1
4920,stat_kill,Fish,-1,432,0,208,0,count:1
4920,stat_birth,Fish,-1,432,0,240,0,count:1
4920,stat_kill,Fish,-1,432,0,240,0,count:1
4920,stat_birth,Sectid,-1,432,0,240,0,count:1
4920,stat_kill,Fish,-1,432,0,272,0,count:1
4920,stat_birth,Sectid,-1,432,0,272,0,count:1
4920,stat_birth,Fish,-1,432,0,336,0,count:1
4920,stat_kill,Fish,-1,432,0,336,0,count:1
4920,stat_birth,Fish,-1,432,0,368,0,count:1
4920,stat_starvation,Deer,-1,432,0,400,0,count:1
4920,stat_starvation,Elk,-1,432,0,400,0,count:1
4920,stat_starvation,Deer,-1,432,0,432,0,count:2
4920,stat_starvation,Elk,-1,432,0,432,0,count:1
4920,stat_starvation,Hawk,-1,464,0,48,0,count:1
4920,stat_birth,Fish,-1,464,0,112,0,count:2
4920,stat_kill,Fish,-1,464,0,112,0,count:2
4920,stat_birth,Fish,-1,464,0,176,0,count:7
4920,stat_kill,Fish,-1,464,0,176,0,count:1
4920,stat_birth,Fish,-1,464,0,208,0,count:4
4920,stat_kill,Fish,-1,464,0,208,0,count:1
4920,stat_kill,Fish,-1,464,0,240,0,count:1
4920,stat_birth,Sectid,-1,464,0,240,0,count:1
4920,stat_kill,Fish,-1,464,0,272,0,count:1
4920,stat_kill,Fish,-1,464,0,304,0,count:1
4920,stat_starvation,Elk,-1,464,0,304,0,count:1
4920,stat_birth,Sectid,-1,464,0,304,0,count:1
4920,stat_birth,Fish,-1,464,0,336,0,count:2
4920,stat_kill,Fish,-1,464,0,336,0,count:2
4920,stat_birth,Sectid,-1,464,0,336,0,count:1
4920,stat_kill,Fish,-1,496,0,272,0,count:1
4920,stat_kill,Fish,-1,496,0,304,0,count:2
4920,stat_birth,Scorpion,-1,496,0,304,0,count:1
4920,stat_kill,Fish,-1,496,0,336,0,count:1
4920,stat_birth,Fish,-1,496,0,368,0,count:4
4920,stat_kill,Fish,-1,496,0,368,0,count:1
4950,stat_starvation,Elk,-1,16,0,80,0,count:2
4950,stat_starvation,Elk,-1,16,0,112,0,count:1
4950,stat_starvation,Elk,-1,16,0,144,0,count:1
4950,stat_starvation,Sectid,-1,16,0,208,0,count:2
4950,stat_starvation,Elk,-1,16,0,208,0,count:1
4950,stat_kill,Fish,-1,16,0,240,0,count:1
4950,stat_birth,Fish,-1,16,0,272,0,count:1
4950,stat_starvation,Elk,-1,16,0,304,0,count:1
4950,stat_starvation,Elk,-1,16,0,336,0,count:1
4950,stat_starvation,Arctic Fox,-1,16,0,336,0,count:1
4950,stat_starvation,Sectid,-1,16,0,336,0,count:2
4950,stat_starvation,Arctic Fox,-1,16,0,400,0,count:1
4950,stat_starvation,Elk,-1,48,0,48,0,count:1
4950,stat_starvation,Sectid,-1,48,0,80,0,count:1
4950,stat_age_death,Sectid,-1,48,0,112,0,count:1
4950,stat_starvation,Sectid,-1,48,0,208,0,count:2
4950,stat_starvation,Camel,-1,48,0,240,0,count:1
4950,stat_starvation,Elk,-1,48,0,240,0,count:1
4950,stat_birth,Fish,-1,48,0,272,0,count:2
4950,stat_kill,Fish,-1,48,0,272,0,count:9
4950,stat_starvation,Camel,-1,48,0,272,0,count:1
4950,stat_starvation,Elk,-1,48,0,304,0,count:1
4950,stat_kill,Fish,-1,48,0,304,0,count:1
4950,stat_starvation,Elk,-1,48,0,336,0,count:1
4950,stat_starvation,Camel,-1,48,0,336,0,count:1
4950,stat_starvation,Arctic Fox,-1,48,0,336,0,count:1
4950,stat_birth,Sectid,-1,48,0,336,0,count:1
4950,stat_starvation,Sectid,-1,48,0,336,0,count:1
4950,stat_starvation,Musk Ox,-1,48,0,368,0,count:1
4950,stat_birth,Sectid,-1,48,0,368,0,count:1
4950,stat_starvation,Sectid,-1,48,0,368,0,count:1
4950,stat_kill,Elk,-1,80,0,80,0,count:1
4950,stat_birth,Sectid,-1,80,0,80,0,count:1
4950,stat_starvation,Sectid,-1,80,0,80,0,count:1
4950,stat_kill,Deer,-1,80,0,144,0,count:1
4950,stat_starvation,Sectid,-1,80,0,208,0,count:2
4950,stat_starvation,Deer,-1,80,0,208,0,count:1
4950,stat_starvation,Elk,-1,80,0,240,0,count:1
4950,stat_kill,Fish,-1,80,0,240,0,count:1
4950,stat_kill,Deer,-1,80,0,240,0,count:1
4950,stat_kill,Fish,-1,80,0,272,0,count:1
4950,stat_starvation,Camel,-1,80,0,272,0,count:1
4950,stat_starvation,Elk,-1,80,0,304,0,count:1
4950,stat_starvation,Camel,-1,80,0,304,0,count:1
4950,stat_starvation,Elk,-1,80,0,336,0,count:1
4950,stat_starvation,Sectid,-1,80,0,336,0,count:1
4950,stat_starvation,Elk,-1,80,0,368,0,count:1
4950,stat_starvation,Camel,-1,80,0,368,0,count:1
4950,stat_starvation,Sectid,-1,80,0,400,0,count:1
4950,stat_starvation,Camel,-1,80,0,464,0,count:1
4950,stat_starvation,Elk,-1,112,0,16,0,count:1
4950,stat_starvation,Deer,-1,112,0,48,0,count:1
4950,stat_starvation,Elk,-1,112,0,48,0,count:1
4950,stat_starvation,Hawk,-1,112,0,48,0,count:1
4950,stat_starvation,Sectid,-1,112,0,80,0,count:1
4950,stat_starvation,Hawk,-1,112,0,80,0,count:1
4950,stat_starvation,Elk,-1,112,0,112,0,count:1
4950,stat_starvation,Sectid,-1,112,0,208,0,count:2
4950,stat_starvation,Camel,-1,112,0,240,0,count:1
4950,stat_starvation,Arctic Fox,-1,112,0,272,0,count:1
4950,stat_starvation,Sectid,-1,112,0,272,0,count:3
4950,stat_starvation,Camel,-1,112,0,304,0,count:1
4950,stat_birth,Sectid,-1,112,0,304,0,count:1
4950,stat_starvation,Sectid,-1,112,0,304,0,count:1
4950,stat_starvation,Camel,-1,112,0,336,0,count:1
4950,stat_starvation,Elk,-1,112,0,336,0,count:1
4950,stat_starvation,Sectid,-1,112,0,336,0,count:1
4950,stat_starvation,Arctic Fox,-1,112,0,336,0,count:1
4950,stat_birth,Sectid,-1,112,0,368,0,count:1
4950,stat_starvation,Sectid,-1,112,0,368,0,count:1
4950,stat_starvation,Camel,-1,112,0,432,0,count:1
4950,stat_starvation,Sectid,-1,112,0,464,0,count:1
4950,stat_starvation,Camel,-1,112,0,464,0,count:1
4950,stat_birth,Sectid,-1,144,0,16,0,count:1
4950,stat_starvation,Hawk,-1,144,0,16,0,count:1
4950,stat_birth,Sectid,-1,144,0,48,0,count:1
4950,stat_starvation,Elk,-1,144,0,48,0,count:1
4950,stat_starvation,Hawk,-1,144,0,48,0,count:1
4950,stat_starvation,Sectid,-1,144,0,80,0,count:1
4950,stat_starvation,Sectid,-1,144,0,112,0,count:1
4950,stat_starvation,Hawk,-1,144,0,112,0,count:1
4950,stat_kill,Deer,-1,144,0,144,0,count:1
4950,stat_starvation,Elk,-1,144,0,176,0,count:1
4950,stat_starvation,Elk,-1,144,0,208,0,count:1
4950,stat_birth,Sectid,-1,144,0,240,0,count:1
4950,stat_starvation,Sectid,-1,144,0,240,0,count:1
4950,stat_starvation,Deer,-1,144,0,240,0,count:1
4950,stat_starvation,Camel,-1,144,0,272,0,count:1
4950,stat_starvation,Elk,-1,144,0,304,0,count:1
4950,stat_kill,Elk,-1,144,0,336,0,count:1
4950,stat_starvation,Camel,-1,144,0,368,0,count:1
4950,stat_starvation,Camel,-1,144,0,464,0,count:1
4950,stat_starvation,Musk Ox,-1,176,0,16,0,count:1
4950,stat_starvation,Elk,-1,176,0,16,0,count:1
4950,stat_starvation,Deer,-1,176,0,48,0,count:1
4950,stat_starvation,Elk,-1,176,0,48,0,count:1
4950,stat_kill,Musk Ox,-1,176,0,48,0,count:1
4950,stat_starvation,Hawk,-1,176,0,48,0,count:1
4950,stat_birth,Sectid,-1,176,0,80,0,count:1
4950,stat_starvation,Sectid,-1,176,0,80,0,count:1
4950,stat_birth,Sectid,-1,176,0,112,0,count:1
4950,stat_starvation,Sectid,-1,176,0,112,0,count:1
4950,stat_starvation,Hawk,-1,176,0,112,0,count:1
4950,stat_starvation,Sectid,-1,176,0,144,0,count:1
4950,stat_starvation,Hawk,-1,176,0,144,0,count:1
4950,stat_starvation,Camel,-1,176,0,176,0,count:1
4950,stat_starvation,Sectid,-1,176,0,208,0,count:1
4950,stat_starvation,Elk,-1,176,0,208,0,count:2
4950,stat_starvation,Camel,-1,176,0,208,0,count:1
4950,stat_starvation,Sectid,-1,176,0,240,0,count:1
4950,stat_starvation,Camel,-1,176,0,240,0,count:1
4950,stat_starvation,Elk,-1,176,0,240,0,count:1
4950,stat_starvation,Sectid,-1,176,0,272,0,count:1
4950,stat_starvation,Camel,-1,176,0,272,0,count:1
4950,stat_starvation,Camel,-1,176,0,304,0,count:1
4950,stat_starvation,Sectid,-1,176,0,304,0,count:2
4950,stat_starvation,Elk,-1,176,0,304,0,count:1
4950,stat_starvation,Sectid,-1,176,0,336,0,count:1
4950,stat_starvation,Camel,-1,176,0,400,0,count:1
4950,stat_starvation,Sectid,-1,176,0,400,0,count:1
4950,stat_starvation,Camel,-1,176,0,432,0,count:1
4950,stat_starvation,Sectid,-1,176,0,432,0,count:2
4950,stat_starvation,Camel,-1,176,0,464,0,count:1
4950,stat_starvation,Camel,-1,176,0,496,0,count:1
4950,stat_starvation,Musk Ox,-1,208,0,16,0,count:1
4950,stat_starvation,Elk,-1,208,0,16,0,count:1
4950,stat_starvation,Musk Ox,-1,208,0,48,0,count:1
4950,stat_starvation,Elk,-1,208,0,48,0,count:1
4950,stat_starvation,Sectid,-1,208,0,80,0,count:2
4950,stat_starvation,Hawk,-1,208,0,80,0,count:1
4950,stat_starvation,Hawk,-1,208,0,112,0,count:1
4950,stat_starvation,Hawk,-1,208,0,144,0,count:1
4950,stat_starvation,Camel,-1,208,0,272,0,count:1
4950,stat_starvation,Camel,-1,208,0,304,0,count:1
4950,stat_starvation,Camel,-1,208,0,336,0,count:1
4950,stat_starvation,Sectid,-1,208,0,368,0,count:2
4950,stat_starvation,Camel,-1,208,0,368,0,count:1
4950,stat_starvation,Sectid,-1,208,0,400,0,count:1
4950,stat_starvation,Camel,-1,208,0,400,0,count:1
4950,stat_kill,Camel,-1,208,0,496,0,count:1
4950,stat_starvation,Musk Ox,-1,240,0,48,0,count:1
4950,stat_birth,Sectid,-1,240,0,48,0,count:1
4950,stat_starvation,Elk,-1,240,0,80,0,count:1
4950,stat_starvation,Hawk,-1,240,0,80,0,count:1
4950,stat_starvation,Hawk,-1,240,0,112,0,count:1
4950,stat_starvation,Elk,-1,240,0,144,0,count:1
4950,stat_starvation,Sectid,-1,240,0,144,0,count:2
4950,stat_starvation,Hawk,-1,240,0,144,0,count:1
4950,stat_starvation,Sectid,-1,240,0,176,0,count:2
4950,stat_starvation,Hawk,-1,240,0,176,0,count:1
4950,stat_birth,Fish,-1,240,0,304,0,count:3
4950,stat_kill,Fish,-1,240,0,304,0,count:4
4950,stat_starvation,Camel,-1,240,0,304,0,count:1
4950,stat_birth,Fish,-1,240,0,336,0,count:1
4950,stat_kill,Fish,-1,240,0,336,0,count:1
4950,stat_starvation,Sectid,-1,240,0,400,0,count:1
4950,stat_starvation,Deer,-1,272,0,16,0,count:1
4950,stat_kill,Deer,-1,272,0,112,0,count:1
4950,stat_starvation,Sectid,-1,272,0,112,0,count:1
4950,stat_starvation,Hawk,-1,272,0,112,0,count:1
4950,stat_starvation,Elk,-1,272,0,144,0,count:1
4950,stat_age_death,Sectid,-1,272,0,144,0,count:1
4950,stat_birth,Fish,-1,272,0,304,0,count:11
4950,stat_age_death,Fish,-1,272,0,304,0,count:1
4950,stat_kill,Fish,-1,272,0,304,0,count:10
4950,stat_birth,Fish,-1,272,0,336,0,count:6
4950,stat_kill,Fish,-1,272,0,336,0,count:7
4950,stat_starvation,Camel,-1,272,0,336,0,count:1
4950,stat_kill,Fish,-1,272,0,368,0,count:1
4950,stat_starvation,Camel,-1,272,0,368,0,count:1
4950,stat_starvation,Sectid,-1,272,0,400,0,count:1
4950,stat_starvation,Camel,-1,272,0,400,0,count:1
4950,stat_starvation,Camel,-1,272,0,432,0,count:1
4950,stat_starvation,Musk Ox,-1,304,0,16,0,count:1
4950,stat_birth,Sectid,-1,304,0,16,0,count:1
4950,stat_starvation,Sectid,-1,304,0,16,0,count:1
4950,stat_starvation,Deer,-1,304,0,48,0,count:1
4950,stat_starvation,Sectid,-1,304,0,48,0,count:1
4950,stat_starvation,Hawk,-1,304,0,80,0,count:1
4950,stat_starvation,Sectid,-1,304,0,80,0,count:1
4950,stat_starvation,Hawk,-1,304,0,112,0,count:1
4950,stat_starvation,Elk,-1,304,0,112,0,count:1
4950,stat_starvation,Sectid,-1,304,0,112,0,count:3
4950,stat_birth,Scorpion,-1,304,0,144,0,count:1
4950,stat_birth,Fish,-1,304,0,144,0,count:1
4950,stat_kill,Fish,-1,304,0,144,0,count:1
4950,stat_birth,Fish,-1,304,0,176,0,count:1
4950,stat_kill,Fish,-1,304,0,176,0,count:5
4950,stat_birth,Sectid,-1,304,0,176,0,count:1
4950,stat_starvation,Elk,-1,304,0,176,0,count:1
4950,stat_kill,Rabbit,-1,304,0,208,0,count:1
4950,stat_kill,Fish,-1,304,0,208,0,count:4
4950,stat_birth,Sectid,-1,304,0,208,0,count:2
4950,stat_birth,Fish,-1,304,0,272,0,count:4
4950,stat_kill,Fish,-1,304,0,272,0,count:4
4950,stat_birth,Sectid,-1,304,0,272,0,count:1
4950,stat_birth,Fish,-1,304,0,304,0,count:7
4950,stat_kill,Fish,-1,304,0,304,0,count:7
4950,stat_starvation,Camel,-1,304,0,304,0,count:1
4950,stat_starvation,Camel,-1,304,0,336,0,count:1
4950,stat_birth,Fish,-1,304,0,336,0,count:5
4950,stat_kill,Fish,-1,304,0,336,0,count:6
4950,stat_starvation,Elk,-1,304,0,368,0,count:1
4950,stat_starvation,Hawk,-1,336,0,16,0,count:1
4950,stat_starvation,Deer,-1,336,0,48,0,count:1
4950,stat_starvation,Musk Ox,-1,336,0,48,0,count:1
4950,stat_birth,Sectid,-1,336,0,48,0,count:1
4950,stat_starvation,Hawk,-1,336,0,80,0,count:1
4950,stat_starvation,Elk,-1,336,0,80,0,count:2
4950,stat_starvation,Sectid,-1,336,0,80,0,count:1
4950,stat_starvation,Arctic Fox,-1,336,0,80,0,count:1
4950,stat_starvation,Elk,-1,336,0,112,0,count:1
4950,stat_starvation,Elk,-1,336,0,144,0,count:1
4950,stat_birth,Fish,-1,336,0,144,0,count:3
4950,stat_kill,Fish,-1,336,0,144,0,count:4
4950,stat_starvation,Musk Ox,-1,336,0,144,0,count:1
4950,stat_birth,Fish,-1,336,0,176,0,count:29
4950,stat_age_death,Fish,-1,336,0,176,0,count:1
4950,stat_kill,Fish,-1,336,0,176,0,count:23
4950,stat_birth,Sectid,-1,336,0,176,0,count:1
4950,stat_birth,Fish,-1,336,0,208,0,count:8
4950,stat_age_death,Fish,-1,336,0,208,0,count:1
4950,stat_kill,Fish,-1,336,0,208,0,count:16
4950,stat_birth,Sectid,-1,336,0,208,0,count:2
4950,stat_birth,Fish,-1,336,0,240,0,count:31
4950,stat_age_death,Fish,-1,336,0,240,0,count:1
4950,stat_kill,Fish,-1,336,0,240,0,count:20
4950,stat_birth,Sectid,-1,336,0,240,0,count:2
4950,stat_birth,Fish,-1,336,0,272,0,count:8
4950,stat_kill,Fish,-1,336,0,272,0,count:7
4950,stat_kill,Fish,-1,336,0,304,0,count:1
4950,stat_kill,Fish,-1,336,0,336,0,count:1
4950,stat_age_death,Sectid,-1,336,0,336,0,count:1
4950,stat_starvation,Sectid,-1,336,0,400,0,count:1
4950,stat_starvation,Elk,-1,336,0,400,0,count:1
4950,stat_starvation,Sectid,-1,336,0,464,0,count:1
4950,stat_starvation,Musk Ox,-1,368,0,48,0,count:1
4950,stat_starvation,Elk,-1,368,0,48,0,count:1
4950,stat_starvation,Arctic Fox,-1,368,0,48,0,count:1
4950,stat_starvation,Deer,-1,368,0,80,0,count:1
4950,stat_starvation,Sectid,-1,368,0,80,0,count:1
4950,stat_kill,Fish,-1,368,0,80,0,count:1
4950,stat_starvation,Elk,-1,368,0,112,0,count:1
4950,stat_birth,Fish,-1,368,0,112,0,count:2
4950,stat_kill,Fish,-1,368,0,112,0,count:4
4950,stat_starvation,Musk Ox,-1,368,0,112,0,count:1
4950,stat_age_death,Hawk,-1,368,0,112,0,count:1
4950,stat_birth,Sectid,-1,368,0,112,0,count:1
4950,stat_starvation,Elk,-1,368,0,144,0,count:1
4950,stat_kill,Fish,-1,368,0,144,0,count:3
4950,stat_birth,Sectid,-1,368,0,144,0,count:2
4950,stat_birth,Fish,-1,368,0,176,0,count:6
4950,stat_age_death,Fish,-1,368,0,176,0,count:1
4950,stat_kill,Fish,-1,368,0,176,0,count:12
4950,stat_birth,Sectid,-1,368,0,176,0,count:4
4950,stat_kill,Fish,-1,368,0,208,0,count:7
4950,stat_birth,Sectid,-1,368,0,208,0,count:2
4950,stat_birth,Fish,-1,368,0,240,0,count:3
4950,stat_kill,Fish,-1,368,0,240,0,count:5
4950,stat_birth,Sectid,-1,368,0,240,0,count:2
4950,stat_age_death,Sectid,-1,368,0,240,0,count:1
4950,stat_birth,Fish,-1,368,0,272,0,count:6
4950,stat_kill,Fish,-1,368,0,272,0,count:6
4950,stat_birth,Sectid,-1,368,0,272,0,count:1
4950,stat_kill,Fish,-1,368,0,304,0,count:1
4950,stat_starvation,Sectid,-1,368,0,336,0,count:2
4950,stat_starvation,Elk,-1,368,0,368,0,count:1
4950,stat_starvation,Deer,-1,368,0,432,0,count:1
4950,stat_starvation,Sectid,-1,400,0,16,0,count:1
4950,stat_starvation,Deer,-1,400,0,48,0,count:1
4950,stat_starvation,Hawk,-1,400,0,48,0,count:1
4950,stat_starvation,Sectid,-1,400,0,48,0,count:1
4950,stat_birth,Fish,-1,400,0,80,0,count:1
4950,stat_starvation,Elk,-1,400,0,112,0,count:1
4950,stat_kill,Fish,-1,400,0,112,0,count:1
4950,stat_birth,Sectid,-1,400,0,112,0,count:2
4950,stat_birth,Fish,-1,400,0,144,0,count:8
4950,stat_age_death,Fish,-1,400,0,144,0,count:1
4950,stat_kill,Fish,-1,400,0,144,0,count:12
4950,stat_birth,Sectid,-1,400,0,144,0,count:3
4950,stat_birth,Snake,-1,400,0,176,0,count:1
4950,stat_birth,Fish,-1,400,0,176,0,count:6
4950,stat_age_death,Fish,-1,400,0,176,0,count:1
4950,stat_kill,Fish,-1,400,0,176,0,count:8
4950,stat_birth,Sectid,-1,400,0,176,0,count:2
4950,stat_kill,Fish,-1,400,0,208,0,count:1
4950,stat_birth,Sectid,-1,400,0,208,0,count:1
4950,stat_birth,Fish,-1,400,0,240,0,count:5
4950,stat_kill,Fish,-1,400,0,240,0,count:6
4950,stat_birth,Sectid,-1,400,0,240,0,count:1
4950,stat_birth,Fish,-1,400,0,272,0,count:1
4950,stat_kill,Fish,-1,400,0,272,0,count:1
4950,stat_starvation,Elk,-1,400,0,304,0,count:2
4950,stat_starvation,Sectid,-1,400,0,336,0,count:2
4950,stat_starvation,Elk,-1,400,0,368,0,count:1
4950,stat_starvation,Deer,-1,400,0,400,0,count:1
4950,stat_starvation,Deer,-1,400,0,432,0,count:1
4950,stat_starvation,Hawk,-1,432,0,48,0,count:1
4950,stat_starvation,Elk,-1,432,0,80,0,count:1
4950,stat_kill,Fish,-1,432,0,112,0,count:2
4950,stat_birth,Sectid,-1,432,0,112,0,count:1
4950,stat_kill,Fish,-1,432,0,144,0,count:4
4950,stat_birth,Fish,-1,432,0,176,0,count:9
4950,stat_age_death,Fish,-1,432,0,176,0,count:1
4950,stat_kill,Fish,-1,432,0,176,0,count:4
4950,stat_kill,Fish,-1,432,0,208,0,count:2
4950,stat_birth,Sectid,-1,432,0,208,0,count:1
4950,stat_birth,Fish,-1,432,0,240,0,count:1
4950,stat_kill,Fish,-1,432,0,240,0,count:1
4950,stat_birth,Fish,-1,432,0,272,0,count:1
4950,stat_kill,Fish,-1,432,0,272,0,count:2
4950,stat_starvation,Fish,-1,432,0,304,0,count:1
4950,stat_starvation,Elk,-1,432,0,304,0,count:1
4950,stat_starvation,Elk,-1,432,0,336,0,count:1
4950,stat_starvation,Elk,-1,432,0,368,0,count:1
4950,stat_kill,Fish,-1,432,0,368,0,count:1
4950,stat_kill,Shroomer,-1,464,0,48,0,count:1
4950,stat_starvation,Hawk,-1,464,0,48,0,count:1
4950,stat_birth,Fish,-1,464,0,112,0,count:2
4950,stat_kill,Fish,-1,464,0,112,0,count:1
4950,stat_starvation,Elk,-1,464,0,112,0,count:1
4950,stat_kill,Fish,-1,464,0,144,0,count:1
4950,stat_birth,Fish,-1,464,0,176,0,count:8
4950,stat_kill,Fish,-1,464,0,176,0,count:1
4950,stat_birth,Fish,-1,464,0,208,0,count:3
4950,stat_birth,Fish,-1,464,0,240,0,count:1
4950,stat_birth,Fish,-1,464,0,272,0,count:1
4950,stat_kill,Fish,-1,464,0,272,0,count:2
4950,stat_birth,Sectid,-1,464,0,272,0,count:1
4950,stat_kill,Fish,-1,464,0,304,0,count:2
4950,stat_starvation,Elk,-1,464,0,304,0,count:1
4950,stat_birth,Sectid,-1,464,0,304,0,count:1
4950,stat_birth,Fish,-1,464,0,336,0,count:2
4950,stat_kill,Fish,-1,464,0,336,0,count:2
4950,stat_kill,Fish,-1,464,0,368,0,count:1
4950,stat_starvation,Elk,-1,464,0,496,0,count:1
4950,stat_kill,Fish,-1,496,0,304,0,count:2
4950,stat_kill,Fish,-1,496,0,336,0,count:1
4950,stat_birth,Fish,-1,496,0,368,0,count:5
4950,stat_kill,Fish,-1,496,0,368,0,count:1
4950,stat_starvation,Elk,-1,496,0,400,0,count:1
4980,stat_starvation,Elk,-1,16,0,112,0,count:1
4980,stat_starvation,Elk,-1,16,0,176,0,count:1
4980,stat_birth,Sectid,-1,16,0,208,0,count:1
4980,stat_starvation,Sectid,-1,16,0,208,0,count:1
4980,stat_starvation,Deer,-1,16,0,208,0,count:1
4980,stat_kill,Fish,-1,16,0,240,0,count:1
4980,stat_kill,Fish,-1,16,0,272,0,count:1
4980,stat_starvation,Camel,-1,16,0,272,0,count:1
4980,stat_kill,Deer,-1,16,0,272,0,count:1
4980,stat_starvation,Elk,-1,16,0,304,0,count:1
4980,stat_starvation,Camel,-1,16,0,304,0,count:1
4980,stat_kill,Fish,-1,16,0,304,0,count:1
4980,stat_starvation,Elk,-1,16,0,336,0,count:1
4980,stat_starvation,Camel,-1,16,0,336,0,count:1
4980,stat_starvation,Arctic Fox,-1,16,0,336,0,count:1
4980,stat_starvation,Sectid,-1,16,0,336,0,count:1
4980,stat_starvation,Camel,-1,16,0,400,0,count:1
4980,stat_starvation,Sectid,-1,48,0,48,0,count:1
4980,stat_starvation,Sectid,-1,48,0,80,0,count:1
4980,stat_starvation,Elk,-1,48,0,80,0,count:1
4980,stat_starvation,Elk,-1,48,0,144,0,count:1
4980,stat_starvation,Elk,-1,48,0,176,0,count:1
4980,stat_birth,Sectid,-1,48,0,208,0,count:1
4980,stat_starvation,Sectid,-1,48,0,208,0,count:3
4980,stat_starvation,Elk,-1,48,0,208,0,count:1
4980,stat_kill,Fish,-1,48,0,240,0,count:1
4980,stat_birth,Fish,-1,48,0,272,0,count:3
4980,stat_kill,Fish,-1,48,0,272,0,count:7
4980,stat_starvation,Camel,-1,48,0,272,0,count:1
4980,stat_age_death,Arctic Fox,-1,48,0,272,0,count:1
4980,stat_starvation,Elk,-1,48,0,336,0,count:1
4980,stat_starvation,Sectid,-1,48,0,336,0,count:1
4980,stat_starvation,Elk,-1,48,0,368,0,count:1
4980,stat_starvation,Sectid,-1,48,0,432,0,count:1
4980,stat_starvation,Elk,-1,80,0,48,0,count:1
4980,stat_birth,Sectid,-1,80,0,208,0,count:1
4980,stat_starvation,Sectid,-1,80,0,208,0,count:1
4980,stat_starvation,Camel,-1,80,0,240,0,count:1
4980,stat_starvation,Camel,-1,80,0,304,0,count:1
4980,stat_kill,Fish,-1,80,0,304,0,count:1
4980,stat_starvation,Sectid,-1,80,0,336,0,count:2
4980,stat_starvation,Arctic Fox,-1,80,0,336,0,count:1
4980,stat_starvation,Arctic Fox,-1,80,0,368,0,count:1
4980,stat_birth,Sectid,-1,80,0,400,0,count:1
4980,stat_starvation,Camel,-1,80,0,464,0,count:1
4980,stat_starvation,Hawk,-1,112,0,48,0,count:1
4980,stat_starvation,Hawk,-1,112,0,80,0,count:1
4980,stat_starvation,Elk,-1,112,0,144,0,count:1
4980,stat_starvation,Deer,-1,112,0,208,0,count:1
4980,stat_starvation,Sectid,-1,112,0,208,0,count:1
4980,stat_starvation,Elk,-1,112,0,208,0,count:1
4980,stat_starvation,Camel,-1,112,0,208,0,count:1
4980,stat_age_death,Sectid,-1,112,0,240,0,count:1
4980,stat_starvation,Camel,-1,112,0,240,0,count:1
4980,stat_starvation,Arctic Fox,-1,112,0,272,0,count:1
4980,stat_starvation,Camel,-1,112,0,272,0,count:1
4980,stat_starvation,Sectid,-1,112,0,272,0,count:3
4980,stat_starvation,Camel,-1,112,0,304,0,count:1
4980,stat_starvation,Elk,-1,112,0,304,0,count:1
4980,stat_starvation,Sectid,-1,112,0,304,0,count:2
4980,stat_starvation,Arctic Fox,-1,112,0,304,0,count:2
4980,stat_starvation,Elk,-1,112,0,336,0,count:1
4980,stat_starvation,Sectid,-1,112,0,336,0,count:1
4980,stat_starvation,Arctic Fox,-1,112,0,336,0,count:2
4980,stat_starvation,Sectid,-1,112,0,368,0,count:1
4980,stat_starvation,Camel,-1,112,0,368,0,count:1
4980,stat_starvation,Elk,-1,112,0,368,0,count:1
4980,stat_starvation,Camel,-1,112,0,432,0,count:1
4980,stat_starvation,Camel,-1,112,0,464,0,count:1
4980,stat_starvation,Camel,-1,112,0,496,0,count:1
4980,stat_starvation,Sectid,-1,144,0,16,0,count:1
4980,stat_starvation,Elk,-1,144,0,16,0,count:1
4980,stat_starvation,Deer,-1,144,0,16,0,count:1
4980,stat_starvation,Sectid,-1,144,0,48,0,count:1
4980,stat_starvation,Hawk,-1,144,0,48,0,count:1
4980,stat_starvation,Sectid,-1,144,0,80,0,count:1
4980,stat_starvation,Hawk,-1,144,0,80,0,count:2
4980,stat_starvation,Sectid,-1,144,0,112,0,count:1
4980,stat_starvation,Hawk,-1,144,0,112,0,count:1
4980,stat_starvation,Hawk,-1,144,0,144,0,count:1
4980,stat_starvation,Elk,-1,144,0,176,0,count:1
4980,stat_starvation,Sectid,-1,144,0,240,0,count:1
4980,stat_starvation,Camel,-1,144,0,240,0,count:1
4980,stat_starvation,Elk,-1,144,0,272,0,count:1
4980,stat_starvation,Camel,-1,144,0,304,0,count:1
4980,stat_starvation,Camel,-1,144,0,368,0,count:1
4980,stat_starvation,Camel,-1,144,0,400,0,count:1
4980,stat_starvation,Camel,-1,144,0,432,0,count:1
4980,stat_starvation,Musk Ox,-1,176,0,16,0,count:1
4980,stat_starvation,Elk,-1,176,0,16,0,count:1
4980,stat_starvation,Hawk,-1,176,0,112,0,count:1
4980,stat_birth,Sectid,-1,176,0,144,0,count:1
4980,stat_starvation,Sectid,-1,176,0,144,0,count:1
4980,stat_starvation,Elk,-1,176,0,144,0,count:1
4980,stat_starvation,Hawk,-1,176,0,144,0,count:1
4980,stat_starvation,Sectid,-1,176,0,176,0,count:1
4980,stat_starvation,Sectid,-1,176,0,208,0,count:1
4980,stat_starvation,Camel,-1,176,0,208,0,count:1
4980,stat_starvation,Sectid,-1,176,0,240,0,count:2
4980,stat_starvation,Camel,-1,176,0,240,0,count:2
4980,stat_starvation,Elk,-1,176,0,240,0,count:1
4980,stat_starvation,Sectid,-1,176,0,272,0,count:1
4980,stat_starvation,Camel,-1,176,0,272,0,count:1
4980,stat_starvation,Camel,-1,176,0,304,0,count:1
4980,stat_starvation,Sectid,-1,176,0,304,0,count:1
4980,stat_starvation,Sectid,-1,176,0,336,0,count:2
4980,stat_starvation,Sectid,-1,176,0,400,0,count:1
4980,stat_starvation,Camel,-1,176,0,432,0,count:1
4980,stat_starvation,Sectid,-1,176,0,432,0,count:1
4980,stat_starvation,Camel,-1,176,0,464,0,count:1
4980,stat_starvation,Camel,-1,176,0,496,0,count:1
4980,stat_starvation,Musk Ox,-1,208,0,16,0,count:1
4980,stat_starvation,Elk,-1,208,0,16,0,count:2
4980,stat_starvation,Musk Ox,-1,208,0,48,0,count:1
4980,stat_starvation,Elk,-1,208,0,48,0,count:1
4980,stat_starvation,Hawk,-1,208,0,48,0,count:1
4980,stat_starvation,Musk Ox,-1,208,0,80,0,count:1
4980,stat_starvation,Hawk,-1,208,0,80,0,count:1
4980,stat_starvation,Elk,-1,208,0,112,0,count:1
4980,stat_birth,Sectid,-1,208,0,112,0,count:1
4980,stat_starvation,Sectid,-1,208,0,112,0,count:1
4980,stat_starvation,Musk Ox,-1,208,0,112,0,count:1
4980,stat_starvation,Hawk,-1,208,0,112,0,count:1
4980,stat_starvation,Hawk,-1,208,0,144,0,count:1
4980,stat_birth,Turtle,-1,208,0,176,0,count:1
4980,stat_starvation,Elk,-1,208,0,208,0,count:1
4980,stat_starvation,Camel,-1,208,0,304,0,count:1
4980,stat_kill,Fish,-1,208,0,336,0,count:1
4980,stat_starvation,Sectid,-1,208,0,368,0,count:2
4980,stat_starvation,Camel,-1,208,0,400,0,count:1
4980,stat_starvation,Camel,-1,208,0,432,0,count:1
4980,stat_starvation,Camel,-1,208,0,464,0,count:1
4980,stat_starvation,Musk Ox,-1,240,0,48,0,count:1
4980,stat_kill,Tapir,-1,240,0,80,0,count:1
4980,stat_kill,Elk,-1,240,0,112,0,count:1
4980,stat_kill,Musk Ox,-1,240,0,112,0,count:1
4980,stat_starvation,Hawk,-1,240,0,112,0,count:1
4980,stat_starvation,Elk,-1,240,0,144,0,count:1
4980,stat_birth,Sectid,-1,240,0,144,0,count:1
4980,stat_starvation,Sectid,-1,240,0,144,0,count:1
4980,stat_starvation,Hawk,-1,240,0,144,0,count:1
4980,stat_birth,Sectid,-1,240,0,176,0,count:1
4980,stat_starvation,Sectid,-1,240,0,176,0,count:1
4980,stat_starvation,Hawk,-1,240,0,176,0,count:1
4980,stat_birth,Fish,-1,240,0,304,0,count:3
4980,stat_kill,Fish,-1,240,0,304,0,count:4
4980,stat_starvation,Camel,-1,240,0,304,0,count:1
4980,stat_birth,Fish,-1,240,0,336,0,count:1
4980,stat_kill,Fish,-1,240,0,336,0,count:2
4980,stat_starvation,Camel,-1,240,0,336,0,count:1
4980,stat_starvation,Sectid,-1,240,0,400,0,count:2
4980,stat_kill,Camel,-1,240,0,400,0,count:1
4980,stat_starvation,Camel,-1,240,0,432,0,count:1
4980,stat_starvation,Musk Ox,-1,272,0,16,0,count:1
4980,stat_birth,Sectid,-1,272,0,16,0,count:1
4980,stat_starvation,Deer,-1,272,0,48,0,count:1
4980,stat_starvation,Musk Ox,-1,272,0,48,0,count:1
4980,stat_starvation,Elk,-1,272,0,112,0,count:1
4980,stat_starvation,Musk Ox,-1,272,0,112,0,count:1
4980,stat_starvation,Sectid,-1,272,0,112,0,count:2
4980,stat_starvation,Hawk,-1,272,0,112,0,count:1
4980,stat_starvation,Elk,-1,272,0,144,0,count:1
4980,stat_starvation,Musk Ox,-1,272,0,144,0,count:1
4980,stat_kill,Fish,-1,272,0,176,0,count:1
4980,stat_birth,Fish,-1,272,0,304,0,count:12
4980,stat_age_death,Fish,-1,272,0,304,0,count:1
4980,stat_kill,Fish,-1,272,0,304,0,count:10
4980,stat_starvation,Camel,-1,272,0,304,0,count:1
4980,stat_birth,Fish,-1,272,0,336,0,count:6
4980,stat_kill,Fish,-1,272,0,336,0,count:7
4980,stat_birth,Sectid,-1,272,0,336,0,count:1
4980,stat_kill,Fish,-1,272,0,368,0,count:1
4980,stat_starvation,Sectid,-1,272,0,400,0,count:1
4980,stat_starvation,Camel,-1,272,0,400,0,count:1
4980,stat_starvation,Camel,-1,272,0,432,0,count:1
4980,stat_starvation,Deer,-1,304,0,16,0,count:1
4980,stat_starvation,Musk Ox,-1,304,0,16,0,count:1
4980,stat_starvation,Deer,-1,304,0,48,0,count:1
4980,stat_starvation,Musk Ox,-1,304,0,48,0,count:1
4980,stat_starvation,Deer,-1,304,0,80,0,count:1
4980,stat_starvation,Musk Ox,-1,304,0,80,0,count:1
4980,stat_starvation,Hawk,-1,304,0,80,0,count:1
4980,stat_starvation,Sectid,-1,304,0,80,0,count:1
4980,stat_starvation,Elk,-1,304,0,80,0,count:1
4980,stat_starvation,Deer,-1,304,0,112,0,count:1
4980,stat_starvation,Hawk,-1,304,0,112,0,count:2
4980,stat_starvation,Sectid,-1,304,0,112,0,count:3
4980,stat_kill,Fish,-1,304,0,144,0,count:1
4980,stat_starvation,Elk,-1,304,0,144,0,count:1
4980,stat_birth,Sectid,-1,304,0,144,0,count:1
4980,stat_starvation,Deer,-1,304,0,176,0,count:1
4980,stat_birth,Fish,-1,304,0,176,0,count:2
4980,stat_kill,Fish,-1,304,0,176,0,count:5
4980,stat_birth,Sectid,-1,304,0,176,0,count:1
4980,stat_kill,Fish,-1,304,0,208,0,count:4
4980,stat_birth,Sectid,-1,304,0,208,0,count:2
4980,stat_birth,Fish,-1,304,0,272,0,count:5
4980,stat_kill,Fish,-1,304,0,272,0,count:4
4980,stat_birth,Sectid,-1,304,0,272,0,count:1
4980,stat_birth,Fish,-1,304,0,304,0,count:6
4980,stat_kill,Fish,-1,304,0,304,0,count:7
4980,stat_starvation,Camel,-1,304,0,304,0,count:1
4980,stat_starvation,Camel,-1,304,0,336,0,count:1
4980,stat_birth,Fish,-1,304,0,336,0,count:4
4980,stat_kill,Fish,-1,304,0,336,0,count:6
4980,stat_kill,Elk,-1,304,0,400,0,count:1
4980,stat_kill,Camel,-1,304,0,432,0,count:1
4980,stat_starvation,Musk Ox,-1,336,0,16,0,count:1
4980,stat_starvation,Musk Ox,-1,336,0,48,0,count:1
4980,stat_starvation,Hawk,-1,336,0,48,0,count:1
4980,stat_starvation,Sectid,-1,336,0,48,0,count:1
4980,stat_kill,Elk,-1,336,0,48,0,count:1
4980,stat_starvation,Hawk,-1,336,0,80,0,count:1
4980,stat_starvation,Sectid,-1,336,0,80,0,count:2
4980,stat_birth,Fish,-1,336,0,144,0,count:2
4980,stat_kill,Fish,-1,336,0,144,0,count:4
4980,stat_birth,Sectid,-1,336,0,144,0,count:1
4980,stat_birth,Fish,-1,336,0,176,0,count:28
4980,stat_age_death,Fish,-1,336,0,176,0,count:1
4980,stat_kill,Fish,-1,336,0,176,0,count:24
4980,stat_birth,Sectid,-1,336,0,176,0,count:2
4980,stat_starvation,Musk Ox,-1,336,0,176,0,count:1
4980,stat_birth,Fish,-1,336,0,208,0,count:9
4980,stat_age_death,Fish,-1,336,0,208,0,count:1
4980,stat_kill,Fish,-1,336,0,208,0,count:16
4980,stat_birth,Sectid,-1,336,0,208,0,count:2
4980,stat_birth,Fish,-1,336,0,240,0,count:31
4980,stat_age_death,Fish,-1,336,0,240,0,count:1
4980,stat_kill,Fish,-1,336,0,240,0,count:20
4980,stat_birth,Sectid,-1,336,0,240,0,count:2
4980,stat_birth,Fish,-1,336,0,272,0,count:7
4980,stat_kill,Fish,-1,336,0,272,0,count:7
4980,stat_birth,Sectid,-1,336,0,272,0,count:1
4980,stat_starvation,Camel,-1,336,0,272,0,count:1
4980,stat_starvation,Elk,-1,336,0,304,0,count:1
4980,stat_kill,Fish,-1,336,0,304,0,count:1
4980,stat_starvation,Sectid,-1,336,0,400,0,count:1
4980,stat_starvation,Hawk,-1,368,0,48,0,count:1
4980,stat_birth,Sectid,-1,368,0,48,0,count:1
4980,stat_starvation,Sectid,-1,368,0,48,0,count:1
4980,stat_starvation,Arctic Fox,-1,368,0,48,0,count:1
4980,stat_starvation,Musk Ox,-1,368,0,80,0,count:1
4980,stat_starvation,Arctic Fox,-1,368,0,80,0,count:1
4980,stat_starvation,Sectid,-1,368,0,80,0,count:2
4980,stat_starvation,Elk,-1,368,0,112,0,count:1
4980,stat_birth,Fish,-1,368,0,112,0,count:2
4980,stat_kill,Fish,-1,368,0,112,0,count:3
4980,stat_kill,Fish,-1,368,0,144,0,count:4
4980,stat_starvation,Musk Ox,-1,368,0,144,0,count:1
4980,stat_birth,Sectid,-1,368,0,144,0,count:2
4980,stat_birth,Fish,-1,368,0,176,0,count:6
4980,stat_age_death,Fish,-1,368,0,176,0,count:1
4980,stat_kill,Fish,-1,368,0,176,0,count:11
4980,stat_birth,Sectid,-1,368,0,176,0,count:3
4980,stat_birth,Fish,-1,368,0,208,0,count:4
4980,stat_kill,Fish,-1,368,0,208,0,count:7
4980,stat_birth,Sectid,-1,368,0,208,0,count:3
4980,stat_birth,Fish,-1,368,0,240,0,count:2
4980,stat_kill,Fish,-1,368,0,240,0,count:6
4980,stat_birth,Sectid,-1,368,0,240,0,count:1
4980,stat_birth,Fish,-1,368,0,272,0,count:5
4980,stat_kill,Fish,-1,368,0,272,0,count:5
4980,stat_birth,Sectid,-1,368,0,272,0,count:1
4980,stat_starvation,Sectid,-1,368,0,336,0,count:2
4980,stat_starvation,Elk,-1,368,0,336,0,count:1
4980,stat_starvation,Arctic Fox,-1,400,0,48,0,count:1
4980,stat_kill,Fish,-1,400,0,80,0,count:1
4980,stat_kill,Fish,-1,400,0,112,0,count:2
4980,stat_birth,Fish,-1,400,0,144,0,count:8
4980,stat_age_death,Fish,-1,400,0,144,0,count:1
4980,stat_kill,Fish,-1,400,0,144,0,count:12
4980,stat_birth,Hawk,-1,400,0,144,0,count:1
4980,stat_starvation,Musk Ox,-1,400,0,144,0,count:1
4980,stat_birth,Arctic Fox,-1,400,0,144,0,count:1
4980,stat_birth,Sectid,-1,400,0,144,0,count:2
4980,stat_birth,Snake,-1,400,0,176,0,count:1
4980,stat_birth,Fish,-1,400,0,176,0,count:7
4980,stat_age_death,Fish,-1,400,0,176,0,count:1
4980,stat_kill,Fish,-1,400,0,176,0,count:8
4980,stat_birth,Sectid,-1,400,0,176,0,count:1
4980,stat_kill,Fish,-1,400,0,208,0,count:1
4980,stat_birth,Sectid,-1,400,0,208,0,count:2
4980,stat_birth,Fish,-1,400,0,240,0,count:6
4980,stat_kill,Fish,-1,400,0,240,0,count:6
4980,stat_kill,Fish,-1,400,0,272,0,count:1
4980,stat_kill,Shroomer,-1,400,0,304,0,count:1
4980,stat_starvation,Sectid,-1,400,0,336,0,count:1
4980,stat_starvation,Elk,-1,400,0,336,0,count:1
4980,stat_starvation,Elk,-1,400,0,368,0,count:1
4980,stat_starvation,Deer,-1,400,0,432,0,count:1
4980,stat_kill,Fish,-1,432,0,112,0,count:2
4980,stat_starvation,Elk,-1,432,0,112,0,count:1
4980,stat_birth,Fish,-1,432,0,144,0,count:4
4980,stat_age_death,Fish,-1,432,0,144,0,count:1
4980,stat_kill,Fish,-1,432,0,144,0,count:4
4980,stat_birth,Fish,-1,432,0,176,0,count:10
4980,stat_age_death,Fish,-1,432,0,176,0,count:1
4980,stat_kill,Fish,-1,432,0,176,0,count:5
4980,stat_kill,Fish,-1,432,0,208,0,count:1
4980,stat_birth,Sectid,-1,432,0,208,0,count:1
4980,stat_birth,Fish,-1,432,0,240,0,count:1
4980,stat_kill,Fish,-1,432,0,240,0,count:1
4980,stat_birth,Fish,-1,432,0,272,0,count:1
4980,stat_kill,Fish,-1,432,0,272,0,count:1
4980,stat_starvation,Elk,-1,432,0,304,0,count:1
4980,stat_starvation,Elk,-1,432,0,336,0,count:1
4980,stat_kill,Fish,-1,432,0,336,0,count:1
4980,stat_birth,Sectid,-1,432,0,336,0,count:1
4980,stat_starvation,Elk,-1,432,0,368,0,count:1
4980,stat_birth,Fish,-1,432,0,368,0,count:1
4980,stat_starvation,Deer,-1,432,0,400,0,count:1
4980,stat_starvation,Deer,-1,432,0,432,0,count:1
4980,stat_starvation,Deer,-1,432,0,464,0,count:1
4980,stat_starvation,Elk,-1,432,0,464,0,count:1
4980,stat_birth,Fish,-1,464,0,112,0,count:2
4980,stat_kill,Fish,-1,464,0,112,0,count:2
4980,stat_birth,Fish,-1,464,0,176,0,count:8
4980,stat_kill,Fish,-1,464,0,176,0,count:1
4980,stat_birth,Fish,-1,464,0,208,0,count:4
4980,stat_kill,Fish,-1,464,0,208,0,count:1
4980,stat_birth,Sectid,-1,464,0,208,0,count:1
4980,stat_birth,Fish,-1,464,0,272,0,count:1
4980,stat_kill,Fish,-1,464,0,272,0,count:2
4980,stat_kill,Fish,-1,464,0,304,0,count:2
4980,stat_kill,Shroomer,-1,464,0,304,0,count:1
4980,stat_starvation,Elk,-1,464,0,304,0,count:1
4980,stat_birth,Sectid,-1,464,0,304,0,count:1
4980,stat_birth,Fish,-1,464,0,336,0,count:2
4980,stat_kill,Fish,-1,464,0,336,0,count:2
4980,stat_birth,Sectid,-1,464,0,336,0,count:1
4980,stat_starvation,Elk,-1,464,0,464,0,count:1
4980,stat_kill,Fish,-1,496,0,272,0,count:1
4980,stat_kill,Fish,-1,496,0,304,0,count:2
4980,stat_kill,Fish,-1,496,0,336,0,count:1
4980,stat_starvation,Elk,-1,496,0,336,0,count:1
4980,stat_starvation,Elk,-1,496,0,368,0,count:1
4980,stat_birth,Fish,-1,496,0,368,0,count:5
4980,stat_starvation,Elk,-1,496,0,432,0,count:1
